INSERT OR REPLACE INTO songs (id,title,subtitle,lang,country,period,year,source,notes,lyrics,tags_json,lang_locked,status,created_at,updated_at) VALUES ('pisniua_410481','Високий брежок','Українська народна пісня. Виконує: Дует "Червоне та чорне"','uk','ukraine_before_1917',NULL,NULL,NULL,'Дует "ЧЕРВОНЕ ТА ЧОРНЕ", аудіоальбом "ЛЕМКІВСЬКЕ ВЕСІЛЛЯ-1" www.lemky.iatp.org.ua','Високий брежок, бистра водичка,
Напій ми, мила, мого коничка,
Вера не напою, бо я ся го бою,
Бо я малючка.

Бо твій коничок остро кований.
Покопав би мя підковечками:
Я би не виросла, замуж би не пошла,
Ганьба би била.

Ганьба би била мойому личку,
Же остала старом дівечком:
Бо я не богата, не било би свата,
Ганьба би била','["pisni.org.ua", "cat:lemkivski", "Лемківські пісні"]',1,'published',COALESCE((SELECT created_at FROM songs WHERE id='pisniua_410481'), datetime('now')),datetime('now'));
INSERT OR REPLACE INTO songs_fts(song_id,title,lyrics) VALUES ('pisniua_410481','Високий брежок','Високий брежок, бистра водичка,
Напій ми, мила, мого коничка,
Вера не напою, бо я ся го бою,
Бо я малючка.

Бо твій коничок остро кований.
Покопав би мя підковечками:
Я би не виросла, замуж би не пошла,
Ганьба би била.

Ганьба би била мойому личку,
Же остала старом дівечком:
Бо я не богата, не било би свата,
Ганьба би била');
INSERT OR REPLACE INTO songs (id,title,subtitle,lang,country,period,year,source,notes,lyrics,tags_json,lang_locked,status,created_at,updated_at) VALUES ('pisniua_4104083','Ми за дружбом','Українська народна пісня. Виконує: Софія Практика','uk','ukraine_before_1917',NULL,NULL,'Практика Софія Михайлівна; село Деревні, Жовківський район, Львівська область.','Транскрипція тексту: Катерина Практика Весілля у селі Деревні Жовківського району Львівської області','Ми за дружбом, ми за дружбом, де сі обертає,
А наш дружба поза п''єц баби обнімає.

Де наш дружба дівся,
А наш дружба у коморі тай сиром заївся.','["pisni.org.ua", "cat:halycki", "cat:vesilni", "Пісні з Галичини", "Весільні пісні"]',1,'published',COALESCE((SELECT created_at FROM songs WHERE id='pisniua_4104083'), datetime('now')),datetime('now'));
INSERT OR REPLACE INTO songs_fts(song_id,title,lyrics) VALUES ('pisniua_4104083','Ми за дружбом','Ми за дружбом, ми за дружбом, де сі обертає,
А наш дружба поза п''єц баби обнімає.

Де наш дружба дівся,
А наш дружба у коморі тай сиром заївся.');
INSERT OR REPLACE INTO songs (id,title,subtitle,lang,country,period,year,source,notes,lyrics,tags_json,lang_locked,status,created_at,updated_at) VALUES ('pisniua_410535','Мам я гарду заградечку','Українська народна пісня. Виконує: Дует "Червоне та чорне"','uk','ukraine_before_1917',NULL,NULL,NULL,'Дует "ЧЕРВОНЕ ТА ЧОРНЕ", аудіоальбом "ЛЕМКІВСЬКЕ ВЕСІЛЛЯ-3" www.lemky.iatp.org.ua','Мам я гарду заградечку,
Папада, парада,
Посію в ній фіалечку,
Цір-цір-цірада.

Фіалечка дрібно сходит,
Папада, парада,
Моя мила гарді ходит,
Цір-цір-цірада.

Моя мила лежит хвора,
Папада, парада,
Треба піти по дохтора,
Цір-цір-цірада.

По дохтора і по бабу,
Папада, парада,
Жеби дала даку раду,
Цір-цір-цірада.

Баба пришла,раду дала,
Папада, парада,
Будеш, мила, колисала,
Цір-цір-цірада.','["pisni.org.ua", "cat:lemkivski", "Лемківські пісні"]',1,'published',COALESCE((SELECT created_at FROM songs WHERE id='pisniua_410535'), datetime('now')),datetime('now'));
INSERT OR REPLACE INTO songs_fts(song_id,title,lyrics) VALUES ('pisniua_410535','Мам я гарду заградечку','Мам я гарду заградечку,
Папада, парада,
Посію в ній фіалечку,
Цір-цір-цірада.

Фіалечка дрібно сходит,
Папада, парада,
Моя мила гарді ходит,
Цір-цір-цірада.

Моя мила лежит хвора,
Папада, парада,
Треба піти по дохтора,
Цір-цір-цірада.

По дохтора і по бабу,
Папада, парада,
Жеби дала даку раду,
Цір-цір-цірада.

Баба пришла,раду дала,
Папада, парада,
Будеш, мила, колисала,
Цір-цір-цірада.');
INSERT OR REPLACE INTO songs (id,title,subtitle,lang,country,period,year,source,notes,lyrics,tags_json,lang_locked,status,created_at,updated_at) VALUES ('pisniua_4105939','Дорога до матері','Музика: Олександр Злотник Слова: Вадим Крищенко. Виконує: Раїса Кириченко','uk','ukraine_1991',NULL,NULL,'аудіозапис',NULL,'Вилетіли з дому, ніби птиці діти,
Залишили мамі смуток і тривогу.
Мамине віконце цілу нічку світить,
Дивиться до ранку на пусту дорогу:
Чи дорога довга, чи дорога гнеться?
Чи причарувала діток чарівниця?
Хто ж забуде матір, тому не минеться,
Тому не минеться, тому не проститься.

Приспів:
Дорога до матері, довга дорога,
Нас грішних веде, як молитва до Бога.
Дорога до матері - вічне чекання,
Як заповідь перша й надія остання.

Під очима в мами павутинь чекання,
Час спливає швидко, в двері стука грізно.
Не баріться, діти, матінка чекає,
Приїжджайте, діти, поки ще не пізно.

Приспів. (3)','["pisni.org.ua", "cat:pro-batkiv", "Пісні про любов до батьків"]',1,'published',COALESCE((SELECT created_at FROM songs WHERE id='pisniua_4105939'), datetime('now')),datetime('now'));
INSERT OR REPLACE INTO songs_fts(song_id,title,lyrics) VALUES ('pisniua_4105939','Дорога до матері','Вилетіли з дому, ніби птиці діти,
Залишили мамі смуток і тривогу.
Мамине віконце цілу нічку світить,
Дивиться до ранку на пусту дорогу:
Чи дорога довга, чи дорога гнеться?
Чи причарувала діток чарівниця?
Хто ж забуде матір, тому не минеться,
Тому не минеться, тому не проститься.

Приспів:
Дорога до матері, довга дорога,
Нас грішних веде, як молитва до Бога.
Дорога до матері - вічне чекання,
Як заповідь перша й надія остання.

Під очима в мами павутинь чекання,
Час спливає швидко, в двері стука грізно.
Не баріться, діти, матінка чекає,
Приїжджайте, діти, поки ще не пізно.

Приспів. (3)');
INSERT OR REPLACE INTO song_links (id,song_id,title,url,kind,version_id,sort_order) VALUES ('pisniua_4105939_l1','pisniua_4105939','YouTube','https://www.youtube.com/watch?v=pZmDuTvZrME','video',NULL,1);
INSERT OR REPLACE INTO song_links (id,song_id,title,url,kind,version_id,sort_order) VALUES ('pisniua_4105939_l2','pisniua_4105939','YouTube','https://www.youtube.com/watch?v=28aQPfkFyqo','video',NULL,2);
INSERT OR REPLACE INTO songs (id,title,subtitle,lang,country,period,year,source,notes,lyrics,tags_json,lang_locked,status,created_at,updated_at) VALUES ('pisniua_410787','Вона','(Завтра прийде до кімнати). Музика: Кость Москалець Слова: Кость Москалець. Виконує: Віктор Морозов, Четвертий кут','uk','ukraine_before_1917',NULL,NULL,'текст- www.mo-productions.com; Аудіо- Віктор Морозов і Четвертий Кут. ЧЕТВЕРТИЙ КУТ. 1993','* F-5/6* [1 x 0 2 0 x] F6* [1 3 0 2 3 x] F7M [1 x 3 2 1 0] Esus4 [0 2 0 2 0 0] Текст та акорди перевірив і виправив Віктор Морозов (http://www.victormorozov.com).','Вступ:  Am F-5/6* (2)
Am F6 Esus4 E7
Am                F-5/6*
Завтра прийде до кімнати
Am              F-5/6*
Твоїх друзів   небагато,
Am        F6        Esus4 E7
Вип''ємо холодного вина.
Am               F-5/6*
Хтось принесе   білі айстри,
Am              F-5/6*
Скаже хтось:   "Життя прекрасне",
Am                 F6*       Esus4 E7
Так, життя прекрасне, а вона...
Приспів 1:
А вона, а вона
Сидітиме сумна,
Буде пити, не п''яніти
Від дешевого вина.
Я співатиму для неї,
Аж бринітиме кришталь,
Та хіба зуміє голос
E7        F7M
Подолати цю печаль?
Esus4 E7
...цю печаль?
Так вже в світі повелося,
Я люблю її волосся,
Am       F6          Esus4 E7
Я люблю її тонкі вуста.
Та невдовзі прийде осінь,
Ми усі розбіжимося
Am       F6         Esus4 E7
По русифікованих містах.
Приспів 2:
Лиш вона, лиш вона
Сидітиме сумна,
Буде пити, не п''яніти
Від дешевого вина.
Моя дівчинко печальна,
Моя доле золота.
Я продовжую кричати,
Ніч безмежна і пуста...
Я продовжую кричати,
Ніч безмежна і пуста...
Я продовжую кричати,
Ніч безмежна і пуста...','["pisni.org.ua", "cat:bardivski", "cat:lirychni", "cat:nostalgia", "cat:philosophic", "Бардівські пісні", "Пісні про кохання, ліричні", "Пісні з ностальгічними мотивами", "Філософські пісні"]',1,'published',COALESCE((SELECT created_at FROM songs WHERE id='pisniua_410787'), datetime('now')),datetime('now'));
INSERT OR REPLACE INTO songs_fts(song_id,title,lyrics) VALUES ('pisniua_410787','Вона','Вступ:  Am F-5/6* (2)
Am F6 Esus4 E7
Am                F-5/6*
Завтра прийде до кімнати
Am              F-5/6*
Твоїх друзів   небагато,
Am        F6        Esus4 E7
Вип''ємо холодного вина.
Am               F-5/6*
Хтось принесе   білі айстри,
Am              F-5/6*
Скаже хтось:   "Життя прекрасне",
Am                 F6*       Esus4 E7
Так, життя прекрасне, а вона...
Приспів 1:
А вона, а вона
Сидітиме сумна,
Буде пити, не п''яніти
Від дешевого вина.
Я співатиму для неї,
Аж бринітиме кришталь,
Та хіба зуміє голос
E7        F7M
Подолати цю печаль?
Esus4 E7
...цю печаль?
Так вже в світі повелося,
Я люблю її волосся,
Am       F6          Esus4 E7
Я люблю її тонкі вуста.
Та невдовзі прийде осінь,
Ми усі розбіжимося
Am       F6         Esus4 E7
По русифікованих містах.
Приспів 2:
Лиш вона, лиш вона
Сидітиме сумна,
Буде пити, не п''яніти
Від дешевого вина.
Моя дівчинко печальна,
Моя доле золота.
Я продовжую кричати,
Ніч безмежна і пуста...
Я продовжую кричати,
Ніч безмежна і пуста...
Я продовжую кричати,
Ніч безмежна і пуста...');
INSERT OR REPLACE INTO song_links (id,song_id,title,url,kind,version_id,sort_order) VALUES ('pisniua_410787_l1','pisniua_410787','YouTube','https://www.youtube.com/watch?v=zgvTfhHdvUs','video',NULL,1);
INSERT OR REPLACE INTO song_links (id,song_id,title,url,kind,version_id,sort_order) VALUES ('pisniua_410787_l2','pisniua_410787','Переглянути варіанти >>','https://www.pisni.org.ua/#variants','external',NULL,2);
INSERT OR REPLACE INTO songs (id,title,subtitle,lang,country,period,year,source,notes,lyrics,tags_json,lang_locked,status,created_at,updated_at) VALUES ('pisniua_4110389','А в поли метінь мете, мій милий додому йде','Українська народна пісня','uk','ukraine_before_1917',NULL,NULL,'http://www.karpaty.lviv.ua/, джерело матеріалу: Малова-Малкович П. М. "З карпатських джерел": фольклорно-етнографічний нарис. - Чернівці: Місто, 2004. - 176 с.',NULL,'А в поли метіль мете,
Мій милий додому йде.

Мій милий додому йде,
Фустинку мені несе.

За фустинку шовкову
Не дам личко нікому.

Я фустинку не беру,
Бо я тебе не люблю.

Ой, з-за гори вітер дув,
В мене сночи любко був.

В мене любко ночував,
Черевички пуцував.

Черевички пуцував,
Біле личко цілював.','["pisni.org.ua", "cat:vesnyanky-hayivky", "Веснянки та гаївки"]',1,'published',COALESCE((SELECT created_at FROM songs WHERE id='pisniua_4110389'), datetime('now')),datetime('now'));
INSERT OR REPLACE INTO songs_fts(song_id,title,lyrics) VALUES ('pisniua_4110389','А в поли метінь мете, мій милий додому йде','А в поли метіль мете,
Мій милий додому йде.

Мій милий додому йде,
Фустинку мені несе.

За фустинку шовкову
Не дам личко нікому.

Я фустинку не беру,
Бо я тебе не люблю.

Ой, з-за гори вітер дув,
В мене сночи любко був.

В мене любко ночував,
Черевички пуцував.

Черевички пуцував,
Біле личко цілював.');
INSERT OR REPLACE INTO songs (id,title,subtitle,lang,country,period,year,source,notes,lyrics,tags_json,lang_locked,status,created_at,updated_at) VALUES ('pisniua_4105583','Сивий коню','Українська народна пісня. Виконує: Марія Миколайчук','uk','ukraine_before_1917',NULL,NULL,'аудіозапис',NULL,'Сивий коню, сивий коню,
Сива твоя грива,
Занеси мя, сивий коню, |
Де дівчина мила.       | (2)

Понеси мя, сивий коню,
Від брами до брами:
Чи не вийде дівчинонька
З чорними бровами?

Ой, не вийшла дівчинонька,
Але вийшла мати -
Коли хочеш дівчиноньки,
То прошу до хати.

Я не хочу зятем бути,
Хочу води пити,
Я чув, що є в вас дівчина,
Хочу подивитись.

В мене вода не під замком,
Можна ся напити,
Моя доненька на гулянню,
Можна подивитись.

Годі, годі, музиканти,
Годі вигравати!
Підійшов він до дівчини,
Хотів щось сказати.

Дівчинонька засміялась,
Дівчинонька стала,
Щире серце козаченька, |
Як у руки взяла.       | (2)','["pisni.org.ua", "cat:dances", "cat:polky", "Пісні до танцю", "Польки"]',1,'published',COALESCE((SELECT created_at FROM songs WHERE id='pisniua_4105583'), datetime('now')),datetime('now'));
INSERT OR REPLACE INTO songs_fts(song_id,title,lyrics) VALUES ('pisniua_4105583','Сивий коню','Сивий коню, сивий коню,
Сива твоя грива,
Занеси мя, сивий коню, |
Де дівчина мила.       | (2)

Понеси мя, сивий коню,
Від брами до брами:
Чи не вийде дівчинонька
З чорними бровами?

Ой, не вийшла дівчинонька,
Але вийшла мати -
Коли хочеш дівчиноньки,
То прошу до хати.

Я не хочу зятем бути,
Хочу води пити,
Я чув, що є в вас дівчина,
Хочу подивитись.

В мене вода не під замком,
Можна ся напити,
Моя доненька на гулянню,
Можна подивитись.

Годі, годі, музиканти,
Годі вигравати!
Підійшов він до дівчини,
Хотів щось сказати.

Дівчинонька засміялась,
Дівчинонька стала,
Щире серце козаченька, |
Як у руки взяла.       | (2)');
INSERT OR REPLACE INTO song_links (id,song_id,title,url,kind,version_id,sort_order) VALUES ('pisniua_4105583_l1','pisniua_4105583','YouTube','https://www.youtube.com/watch?v=7Yo5cF7zNqc','video',NULL,1);
INSERT OR REPLACE INTO songs (id,title,subtitle,lang,country,period,year,source,notes,lyrics,tags_json,lang_locked,status,created_at,updated_at) VALUES ('pisniua_4106838','Щедрий вечір, добрий вечір','Українська народна пісня','uk','ukraine_before_1917',NULL,NULL,'1. http://www.karpaty.lviv.ua, 2. джерело матеріалу: Малова-Малкович П. М. "З карпатських джерел": фольклорно-етнографічний нарис. - Чернівці: Місто, 2004. - 176 с.',NULL,'Щедрий вечір, добрий вечір,
Добрим людям на ввесь вечір.
Ой, ще вчора ізвечора
Пасла Меланка два качури.

Потий вона їх та й напасла,
Вечірна зоря та й ізгасла.
Потий вона їх напоїла,
Сім пар чобіт зопроїла.

Наша Меланка з Дністра була,
З Дністра воду та й носила.
З Дністра воду тай носила,
На камени ноги мила.

На камени ноги мила,
Тонкий фартух замочила.
Повій, вітре, по долині,
Висуши фартух на дівчині.

Повій, вітре, ой по лавці,
Висуши фартух на Меланці.
Повій, вітре, хоть сяк, хоть так,
Висуши фартух тонкий, як мак.

Меланочка походила,
Васильчика полюбила:
- Васильчику, ой чирчику,
Посію тебе в городчику.

Буду тебе шанувати,
По тричі на день поливати,
По тричі на день поливати,
Щосуботоньки підскубати.

Щосуботоньки підскубати,
За русу косу затикати.
За русу косу затикати,
Хлопцям-молодцям дарувати.

Наша Меланка неробоча,
На ній сорочка парубоча.','["pisni.org.ua", "cat:narodni", "Народні пісні"]',1,'published',COALESCE((SELECT created_at FROM songs WHERE id='pisniua_4106838'), datetime('now')),datetime('now'));
INSERT OR REPLACE INTO songs_fts(song_id,title,lyrics) VALUES ('pisniua_4106838','Щедрий вечір, добрий вечір','Щедрий вечір, добрий вечір,
Добрим людям на ввесь вечір.
Ой, ще вчора ізвечора
Пасла Меланка два качури.

Потий вона їх та й напасла,
Вечірна зоря та й ізгасла.
Потий вона їх напоїла,
Сім пар чобіт зопроїла.

Наша Меланка з Дністра була,
З Дністра воду та й носила.
З Дністра воду тай носила,
На камени ноги мила.

На камени ноги мила,
Тонкий фартух замочила.
Повій, вітре, по долині,
Висуши фартух на дівчині.

Повій, вітре, ой по лавці,
Висуши фартух на Меланці.
Повій, вітре, хоть сяк, хоть так,
Висуши фартух тонкий, як мак.

Меланочка походила,
Васильчика полюбила:
- Васильчику, ой чирчику,
Посію тебе в городчику.

Буду тебе шанувати,
По тричі на день поливати,
По тричі на день поливати,
Щосуботоньки підскубати.

Щосуботоньки підскубати,
За русу косу затикати.
За русу косу затикати,
Хлопцям-молодцям дарувати.

Наша Меланка неробоча,
На ній сорочка парубоча.');
INSERT OR REPLACE INTO songs (id,title,subtitle,lang,country,period,year,source,notes,lyrics,tags_json,lang_locked,status,created_at,updated_at) VALUES ('pisniua_4105636','Зажурилися гори й долини','Українська народна пісня. Виконує: Марія Миколайчук','uk','ukraine_before_1917',NULL,NULL,'аудіозапис',NULL,'Зажурилися гори й долини.
Ой, дай, Боже! Гори й долини.

Що не зродили жита й пшениці.
Ой, дай, Боже! Жита й пшениці.

Але зродили зелене вино.
Ой, дай, Боже! Зелене вино.

Зелене вино рясно вродило.
Ой, дай, Боже! Рясно вродило.

Хто ж його стеріг? - Гречная панна!
Ой, дай, Боже! Гречная панна!

Гречная панна - дівка Марійка.
Ой, дай, Боже! Дівка Марійка.

Як його стерегла, шитячко шила.
Ой, дай, Боже! Шитячко шила.

Шитячко шила, твердо заснула.
Ой, дай, Боже! Твердо заснула.

Ой, налетіли три райські пташки.
Ой, дай, Боже! Три райські пташки.

Вона на той раз пробудилася.
Ой, дай, Боже! Пробудилася.

Ой, гілля-гілля, три райські пташки.
Ой, дай, Боже! Три райські пташки.

Зелене вино не спивайте ми.
Ой, дай, Боже! Не спивайте ми.

Бо я в неділю гостей чекаю.
Ой, дай, Боже! Гостей чекаю.

Свого милого ще й бояр його.
Ой, дай, Боже! Ще й бояр його.

Сам пан молодий, а в сріблі ходить,
А в сріблі ходить, коника водить.
Ой, дай, Боже! Коника водить.

Ой, за цим словом бувайте здорові,
Та бувай дорова, гречная панно,
Гречная панно, дівко Марійко!
Ой, дай, Боже! Дівко Марійко!','["pisni.org.ua", "cat:shchedrivky", "Щедрівки"]',1,'published',COALESCE((SELECT created_at FROM songs WHERE id='pisniua_4105636'), datetime('now')),datetime('now'));
INSERT OR REPLACE INTO songs_fts(song_id,title,lyrics) VALUES ('pisniua_4105636','Зажурилися гори й долини','Зажурилися гори й долини.
Ой, дай, Боже! Гори й долини.

Що не зродили жита й пшениці.
Ой, дай, Боже! Жита й пшениці.

Але зродили зелене вино.
Ой, дай, Боже! Зелене вино.

Зелене вино рясно вродило.
Ой, дай, Боже! Рясно вродило.

Хто ж його стеріг? - Гречная панна!
Ой, дай, Боже! Гречная панна!

Гречная панна - дівка Марійка.
Ой, дай, Боже! Дівка Марійка.

Як його стерегла, шитячко шила.
Ой, дай, Боже! Шитячко шила.

Шитячко шила, твердо заснула.
Ой, дай, Боже! Твердо заснула.

Ой, налетіли три райські пташки.
Ой, дай, Боже! Три райські пташки.

Вона на той раз пробудилася.
Ой, дай, Боже! Пробудилася.

Ой, гілля-гілля, три райські пташки.
Ой, дай, Боже! Три райські пташки.

Зелене вино не спивайте ми.
Ой, дай, Боже! Не спивайте ми.

Бо я в неділю гостей чекаю.
Ой, дай, Боже! Гостей чекаю.

Свого милого ще й бояр його.
Ой, дай, Боже! Ще й бояр його.

Сам пан молодий, а в сріблі ходить,
А в сріблі ходить, коника водить.
Ой, дай, Боже! Коника водить.

Ой, за цим словом бувайте здорові,
Та бувай дорова, гречная панно,
Гречная панно, дівко Марійко!
Ой, дай, Боже! Дівко Марійко!');
INSERT OR REPLACE INTO songs (id,title,subtitle,lang,country,period,year,source,notes,lyrics,tags_json,lang_locked,status,created_at,updated_at) VALUES ('pisniua_4110434','Ой, на горі жито, жито','Українська народна пісня','uk','ukraine_before_1917',NULL,NULL,'http://www.karpaty.lviv.ua/, джерело матеріалу: Малова-Малкович П. М. "З карпатських джерел": фольклорно-етнографічний нарис. - Чернівці: Місто, 2004. - 176 с.',NULL,'Ой, на горі жито, жито, на долині овес,
Як задзвонять в усі дзвони,
Скажуть "Христос воскрес!"

Як задзвонять в усі дзвони, чути аж на гору,
Збирайтеся, люди добрі, до Божого Дому.

Збирайтеся, люди добрі, слухайте науки,
Бо Йсус Христос за нас грішних терпів тяжкі муки.

Бо Йсус Xpucmoc за нас грішних мученьки приймає,
Ми не годні відмолити, що нам Господь дає.

Ми не годні відмолити, ані відпросити,
Лишень треба щонеділі до церкви ходити.','["pisni.org.ua", "cat:vesnyanky-hayivky", "Веснянки та гаївки"]',1,'published',COALESCE((SELECT created_at FROM songs WHERE id='pisniua_4110434'), datetime('now')),datetime('now'));
INSERT OR REPLACE INTO songs_fts(song_id,title,lyrics) VALUES ('pisniua_4110434','Ой, на горі жито, жито','Ой, на горі жито, жито, на долині овес,
Як задзвонять в усі дзвони,
Скажуть "Христос воскрес!"

Як задзвонять в усі дзвони, чути аж на гору,
Збирайтеся, люди добрі, до Божого Дому.

Збирайтеся, люди добрі, слухайте науки,
Бо Йсус Христос за нас грішних терпів тяжкі муки.

Бо Йсус Xpucmoc за нас грішних мученьки приймає,
Ми не годні відмолити, що нам Господь дає.

Ми не годні відмолити, ані відпросити,
Лишень треба щонеділі до церкви ходити.');
INSERT OR REPLACE INTO songs (id,title,subtitle,lang,country,period,year,source,notes,lyrics,tags_json,lang_locked,status,created_at,updated_at) VALUES ('pisniua_4112838','А в неділю рано','Українська народна пісня. Виконує: Берегиня','uk','ukraine_before_1917',NULL,NULL,'http://www.franko.lviv.ua/',NULL,'А в неділю рано,
Ще сонце не сходить,
Козак молоденький,
По казармі ходить.

Козак молоденький
По казармі ходить,
В свого командира
Додому ся просить:

"Пусти, командире,
Та пусти додому,
Бо лишив дівчину
Сам не знаю кому.

Дуже скучилась,
Дуже змучилась,
Дівчина за мною."

Як буду пускати
Не тебе одного,
Скажу осідлати
Коня вороного.

Коня вороного,
Ще й нове сідельце
Та й поїдь додому,
Розвесели серце."

Їде він додому,
Став біля криниці,
Вийшла дівчинонька
Набрати водиці..

"Дай мені, дівчино,
Води ся напити,
Може перестану
За тебе журитись."

"Не журись, козаче,
Я ся не віддала,
Глянула на тебе,
Кам''яною стала."','["pisni.org.ua", "cat:rekrutski", "Рекрутські пісні"]',1,'published',COALESCE((SELECT created_at FROM songs WHERE id='pisniua_4112838'), datetime('now')),datetime('now'));
INSERT OR REPLACE INTO songs_fts(song_id,title,lyrics) VALUES ('pisniua_4112838','А в неділю рано','А в неділю рано,
Ще сонце не сходить,
Козак молоденький,
По казармі ходить.

Козак молоденький
По казармі ходить,
В свого командира
Додому ся просить:

"Пусти, командире,
Та пусти додому,
Бо лишив дівчину
Сам не знаю кому.

Дуже скучилась,
Дуже змучилась,
Дівчина за мною."

Як буду пускати
Не тебе одного,
Скажу осідлати
Коня вороного.

Коня вороного,
Ще й нове сідельце
Та й поїдь додому,
Розвесели серце."

Їде він додому,
Став біля криниці,
Вийшла дівчинонька
Набрати водиці..

"Дай мені, дівчино,
Води ся напити,
Може перестану
За тебе журитись."

"Не журись, козаче,
Я ся не віддала,
Глянула на тебе,
Кам''яною стала."');
INSERT OR REPLACE INTO songs (id,title,subtitle,lang,country,period,year,source,notes,lyrics,tags_json,lang_locked,status,created_at,updated_at) VALUES ('pisniua_4113131','Як приїхав бригадир','Українська народна пісня. Виконує: Берегиня','uk','ukraine_before_1917',NULL,NULL,'http://www.franko.lviv.ua/',NULL,'Як приїхав бригадир
Та й на сивому коні,
Іди, іди в поле жати,
Будеш мати трудодні.

Як приїхав він у поле,
Коло мене собі став,
Я ще копи не нажала,
Він чотири записав.

Покидай сю роботу
Та й іди додому,
Вари з сиром пироги,
Я приїду потому.

Як прийшов же він до неї
Ще й не роздягнувся,
Поглядається в вікно -
Чоловік вернувся.

Бригадир, бригадир,
Що будем робити,
На подвір''ї чоловік,
Буде обох бити.

Бригадир, бригадир,
Сідай у куточку,
А я скажу чоловіку -
Посадила квочку.

Добрий вечір, моя мила,
А що тут чувати?
А що в тебе під лавкою
Таке пелехате?

Чоловіче ти мій,
Їж цибулю та й мовчи,
Посадила рябу квочку,
А ти її не дрочи.

Ой, жінко моя,
А що то за квочка?
Що у неї попід шию
Вишита сорочка?

Ой, жінко моя,
Та цибуля - не обід,
По твоєму - ряба квочка,
По моєму - бригадир.

Як узяв чоловік
Дубове поліно,
Дісталося бригадиру,
Дісталося жінці.

Не виходить бригадир
На свою бригаду,
Бо розбита голова
Спереду і ззаду.','["pisni.org.ua", "cat:socialno-pobutovi", "Соціально-побутові пісні"]',1,'published',COALESCE((SELECT created_at FROM songs WHERE id='pisniua_4113131'), datetime('now')),datetime('now'));
INSERT OR REPLACE INTO songs_fts(song_id,title,lyrics) VALUES ('pisniua_4113131','Як приїхав бригадир','Як приїхав бригадир
Та й на сивому коні,
Іди, іди в поле жати,
Будеш мати трудодні.

Як приїхав він у поле,
Коло мене собі став,
Я ще копи не нажала,
Він чотири записав.

Покидай сю роботу
Та й іди додому,
Вари з сиром пироги,
Я приїду потому.

Як прийшов же він до неї
Ще й не роздягнувся,
Поглядається в вікно -
Чоловік вернувся.

Бригадир, бригадир,
Що будем робити,
На подвір''ї чоловік,
Буде обох бити.

Бригадир, бригадир,
Сідай у куточку,
А я скажу чоловіку -
Посадила квочку.

Добрий вечір, моя мила,
А що тут чувати?
А що в тебе під лавкою
Таке пелехате?

Чоловіче ти мій,
Їж цибулю та й мовчи,
Посадила рябу квочку,
А ти її не дрочи.

Ой, жінко моя,
А що то за квочка?
Що у неї попід шию
Вишита сорочка?

Ой, жінко моя,
Та цибуля - не обід,
По твоєму - ряба квочка,
По моєму - бригадир.

Як узяв чоловік
Дубове поліно,
Дісталося бригадиру,
Дісталося жінці.

Не виходить бригадир
На свою бригаду,
Бо розбита голова
Спереду і ззаду.');
INSERT OR REPLACE INTO songs (id,title,subtitle,lang,country,period,year,source,notes,lyrics,tags_json,lang_locked,status,created_at,updated_at) VALUES ('pisniua_4109930','Козаченьки','Музика: Анатолій Сердюк Слова: Володимир Чубенко. Виконує: Анатолій Сердюк, Народний чоловічий ансамбль "Бунчук"','uk','ukraine_before_1917',NULL,NULL,'http://serduk.com.ua',NULL,'Годі нам голубить люльки і кресала,
Годі "оселедці" ніжити в теплі!
Тож, сідлайте, хлопці, вороних і чалих...
Коні - наші крила, подруги - шаблі!

Приспів:
Козаченьки-соколи ви мої!
Шаблі ваші цокають про бої.
Вас голубить травонька-ковила.
Не померкне славонька, що була!

Жаль, що вас на Січі не було, дівчата!
Без дівчат, ой, сумно козакам було!..
Та з''являлись в селах звідкись козачата
І просили зразу шаблю і сідло.

Приспів.

Подвиги козацькі - пісня, а не казка,
Не зміліє пам''ять у Дніпра-ріки.
Є у нас козацька бойова закваска:
Там, де україна - там і козаки!

Приспів','["pisni.org.ua", "cat:kozacki", "Козацькі пісні"]',1,'published',COALESCE((SELECT created_at FROM songs WHERE id='pisniua_4109930'), datetime('now')),datetime('now'));
INSERT OR REPLACE INTO songs_fts(song_id,title,lyrics) VALUES ('pisniua_4109930','Козаченьки','Годі нам голубить люльки і кресала,
Годі "оселедці" ніжити в теплі!
Тож, сідлайте, хлопці, вороних і чалих...
Коні - наші крила, подруги - шаблі!

Приспів:
Козаченьки-соколи ви мої!
Шаблі ваші цокають про бої.
Вас голубить травонька-ковила.
Не померкне славонька, що була!

Жаль, що вас на Січі не було, дівчата!
Без дівчат, ой, сумно козакам було!..
Та з''являлись в селах звідкись козачата
І просили зразу шаблю і сідло.

Приспів.

Подвиги козацькі - пісня, а не казка,
Не зміліє пам''ять у Дніпра-ріки.
Є у нас козацька бойова закваска:
Там, де україна - там і козаки!

Приспів');
INSERT OR REPLACE INTO song_links (id,song_id,title,url,kind,version_id,sort_order) VALUES ('pisniua_4109930_l1','pisniua_4109930','YouTube','https://www.youtube.com/watch?v=lvWQo_DNnpw','video',NULL,1);
INSERT OR REPLACE INTO songs (id,title,subtitle,lang,country,period,year,source,notes,lyrics,tags_json,lang_locked,status,created_at,updated_at) VALUES ('pisniua_4112930','Ой, горою вітер віє','Українська народна пісня. Виконує: Берегиня','uk','ukraine_before_1917',NULL,NULL,'http://www.franko.lviv.ua/',NULL,'Ой, горою вітер віє,    | (2)
Під горою Василько йде.

Заїжджає на подвір''я,   | (2)
До Ганнусі на весілля.

А Ганнуся його встріла, | (2)
За тесовий столик сіла.

Та й на стіл ся похилила, | (2)
Сльозоньками личко вмила.

На нього ся похилила,   | (2)
Руса коса плечі вкрила.','["pisni.org.ua", "cat:vesilni", "Весільні пісні"]',1,'published',COALESCE((SELECT created_at FROM songs WHERE id='pisniua_4112930'), datetime('now')),datetime('now'));
INSERT OR REPLACE INTO songs_fts(song_id,title,lyrics) VALUES ('pisniua_4112930','Ой, горою вітер віє','Ой, горою вітер віє,    | (2)
Під горою Василько йде.

Заїжджає на подвір''я,   | (2)
До Ганнусі на весілля.

А Ганнуся його встріла, | (2)
За тесовий столик сіла.

Та й на стіл ся похилила, | (2)
Сльозоньками личко вмила.

На нього ся похилила,   | (2)
Руса коса плечі вкрила.');
INSERT OR REPLACE INTO songs (id,title,subtitle,lang,country,period,year,source,notes,lyrics,tags_json,lang_locked,status,created_at,updated_at) VALUES ('pisniua_4113981','Стогне сизий голубочок','Українська народна пісня','uk','ukraine_before_1917',NULL,NULL,'Українські пісні з нотами. Збірник перший / упорядник П.Ф. Бунт, В. Шаравський. Київ. Видавниче товариство "Час", 1929.',NULL,'Стогне сизий голубочок,
Сидя на тичині,
Плаче козак молоденький
По своїй дівчині.

Плаче бідний, сльози ллються,
Не хоче вмірати,
Не слухає річей добрих,
Що говорить мати.

Іди, сину, на вулицю,
Там дівчат побачиш,
Там товариство гуляє,
Там ти не заплачеш.

Не пустити мене, мати,
На тую вулицю,
Де дівчина мене ждала,
Звала - серце Грицю.','["pisni.org.ua", "cat:rekrutski", "Рекрутські пісні"]',1,'published',COALESCE((SELECT created_at FROM songs WHERE id='pisniua_4113981'), datetime('now')),datetime('now'));
INSERT OR REPLACE INTO songs_fts(song_id,title,lyrics) VALUES ('pisniua_4113981','Стогне сизий голубочок','Стогне сизий голубочок,
Сидя на тичині,
Плаче козак молоденький
По своїй дівчині.

Плаче бідний, сльози ллються,
Не хоче вмірати,
Не слухає річей добрих,
Що говорить мати.

Іди, сину, на вулицю,
Там дівчат побачиш,
Там товариство гуляє,
Там ти не заплачеш.

Не пустити мене, мати,
На тую вулицю,
Де дівчина мене ждала,
Звала - серце Грицю.');
INSERT OR REPLACE INTO songs (id,title,subtitle,lang,country,period,year,source,notes,lyrics,tags_json,lang_locked,status,created_at,updated_at) VALUES ('pisniua_4113083','У неділю п''ю, п''ю','Українська народна пісня. Виконує: Берегиня','uk','ukraine_before_1917',NULL,NULL,'http://www.franko.lviv.ua/',NULL,'У неділю п''ю, п''ю,
В понеділок сплю, сплю,
А в вівторок снопів сорок
Пшениченьки жну, жну.

В середу возила,
В четвер молотила,
В п''ятницю віяла,
А в суботу міряла.

А в неділю продала,
З хлопцями пропила,
Слава тобі, господи,
Що до діла довела.

І до діла не я,
До роботи не я,
З хлопцями погуляти -
Вся охота моя.','["pisni.org.ua", "cat:socialno-pobutovi", "Соціально-побутові пісні"]',1,'published',COALESCE((SELECT created_at FROM songs WHERE id='pisniua_4113083'), datetime('now')),datetime('now'));
INSERT OR REPLACE INTO songs_fts(song_id,title,lyrics) VALUES ('pisniua_4113083','У неділю п''ю, п''ю','У неділю п''ю, п''ю,
В понеділок сплю, сплю,
А в вівторок снопів сорок
Пшениченьки жну, жну.

В середу возила,
В четвер молотила,
В п''ятницю віяла,
А в суботу міряла.

А в неділю продала,
З хлопцями пропила,
Слава тобі, господи,
Що до діла довела.

І до діла не я,
До роботи не я,
З хлопцями погуляти -
Вся охота моя.');
INSERT OR REPLACE INTO song_links (id,song_id,title,url,kind,version_id,sort_order) VALUES ('pisniua_4113083_l1','pisniua_4113083','YouTube','https://www.youtube.com/watch?v=qdTCEJFMhAU','video',NULL,1);
INSERT OR REPLACE INTO song_links (id,song_id,title,url,kind,version_id,sort_order) VALUES ('pisniua_4113083_l2','pisniua_4113083','YouTube','https://www.youtube.com/watch?v=FRAQkVjQN_U','video',NULL,2);
INSERT OR REPLACE INTO song_links (id,song_id,title,url,kind,version_id,sort_order) VALUES ('pisniua_4113083_l3','pisniua_4113083','YouTube','https://www.youtube.com/watch?v=M6fNCmDkfVE','video',NULL,3);
INSERT OR REPLACE INTO song_links (id,song_id,title,url,kind,version_id,sort_order) VALUES ('pisniua_4113083_l4','pisniua_4113083','YouTube','https://www.youtube.com/watch?v=VKlywJW1qm8','video',NULL,4);
INSERT OR REPLACE INTO songs (id,title,subtitle,lang,country,period,year,source,notes,lyrics,tags_json,lang_locked,status,created_at,updated_at) VALUES ('pisniua_4113034','Кажуть люди, що я лиха','Українська народна пісня. Виконує: Берегиня','uk','ukraine_before_1917',NULL,NULL,'http://www.franko.lviv.ua/',NULL,'Кажуть люди, що я лиха,
А я Василиха,
Я ся в полю наробила,
Іду додому стиха.

Я ся в полю наробила
Новими серпами,
Повертаю додомоньку,
П''є Василь з кумами.

Годі, годі, Василечку,
З кумоньками пити,
Іди, іди, Василечку,
Снопи поносити.

А я снопи не жав, не жав,
Носити не буду,
Одступися задрипана,
Бо тя бити буду.

Ой, нехай я задрипана,
Зате господиня,
Штири копи сміття маю,
На п''яту згортаю.

Приїхали купці з Бару
Сміття купувати,
Дають мені три червонці,
Я не хочу брати.

Ой, виведу та й запряжу
Рябую кобилу,
Та й вивезу теє сміття,
Та й на свою ниву.

Там виросте пшениченька
В долину колоссям,
А я люблю того хлопця,
Що на бік волосся.','["pisni.org.ua", "cat:socialno-pobutovi", "Соціально-побутові пісні"]',1,'published',COALESCE((SELECT created_at FROM songs WHERE id='pisniua_4113034'), datetime('now')),datetime('now'));
INSERT OR REPLACE INTO songs_fts(song_id,title,lyrics) VALUES ('pisniua_4113034','Кажуть люди, що я лиха','Кажуть люди, що я лиха,
А я Василиха,
Я ся в полю наробила,
Іду додому стиха.

Я ся в полю наробила
Новими серпами,
Повертаю додомоньку,
П''є Василь з кумами.

Годі, годі, Василечку,
З кумоньками пити,
Іди, іди, Василечку,
Снопи поносити.

А я снопи не жав, не жав,
Носити не буду,
Одступися задрипана,
Бо тя бити буду.

Ой, нехай я задрипана,
Зате господиня,
Штири копи сміття маю,
На п''яту згортаю.

Приїхали купці з Бару
Сміття купувати,
Дають мені три червонці,
Я не хочу брати.

Ой, виведу та й запряжу
Рябую кобилу,
Та й вивезу теє сміття,
Та й на свою ниву.

Там виросте пшениченька
В долину колоссям,
А я люблю того хлопця,
Що на бік волосся.');
INSERT OR REPLACE INTO songs (id,title,subtitle,lang,country,period,year,source,notes,lyrics,tags_json,lang_locked,status,created_at,updated_at) VALUES ('pisniua_411131','Осінній день','Музика: Віктор Морозов Слова: Ліна Костенко. Виконує: Віктор Морозов, Четвертий кут, Віталій Свирид','uk','ukraine_1991',NULL,NULL,'текст- www.mo-productions.com; Аудіо- Віктор Морозов і Четвертий Кут. ЧЕТВЕРТИЙ КУТ. 1993','Акорди: Dsus2 [x x 0 2 3 0] G6* [3 2 0 0 3 0] C9 [x 3 2 0 3 0] F7M/6 [1 3 0 2 3 0] Hm7/-5 [x 2 3 2 3 0] Asus2 [0 0 2 2 0 0] Dm9/7 [x 5 0 5 6 0] E-9/7 [0 7 6 7 6 0] Am9 [x 0 7 5 0 0] Am6 [x 0 4 5 5 0] G6** [3 5 x 4 5 3] C7M [x 3 5 4 5 0] C#dim [x 4 5 3 5 0] Замість Gdim можна використати C#m/5- [x 4 2 0 2 0] Текст та акорди перевірив і виправив Віктор Морозов (http://www.victormorozov.com). Підбір акордів: bohdanko@epost.com.ua','Вступ:  Dsus2 G6* C9 F7M/6 Hm7/-5 E7 Asus2 Am
Dsus2 G6* C9 F7M/6 Hm7/-5 E7 Asus2
Осінній день березами почавсь,
Dm9/7  G6**     C7M  C#dіm
Різьбить печаль свої дереворити.
Dsus2  E7             Am Am/G F7M
Я думаю про тебе весь свій час,
Hm7/-5        E7       Asus2 C#dіm
Але про це не треба говорити.
Dsus2  E7             Am Am/G F7M
Я думаю про тебе весь свій час,
Hm7/-5        E7       Asus2
Але про це не треба говорити.
Ти прийдеш знов, ми будемо на "ви",
Чи ж неповторне можна повторити?
В моїх очах свій сум перепливи,   | (2)
Але про це не треба говорити.     |
Хай буде так, як я собі велю,
Свій будень серця будемо творити.
Я вас люблю, о, як я вас люблю,   | (2)
Але про це не треба говорити...   |
Програш (на тему Вступу).','["pisni.org.ua", "cat:bardivski", "cat:romansy", "Бардівські пісні", "Романси"]',1,'published',COALESCE((SELECT created_at FROM songs WHERE id='pisniua_411131'), datetime('now')),datetime('now'));
INSERT OR REPLACE INTO songs_fts(song_id,title,lyrics) VALUES ('pisniua_411131','Осінній день','Вступ:  Dsus2 G6* C9 F7M/6 Hm7/-5 E7 Asus2 Am
Dsus2 G6* C9 F7M/6 Hm7/-5 E7 Asus2
Осінній день березами почавсь,
Dm9/7  G6**     C7M  C#dіm
Різьбить печаль свої дереворити.
Dsus2  E7             Am Am/G F7M
Я думаю про тебе весь свій час,
Hm7/-5        E7       Asus2 C#dіm
Але про це не треба говорити.
Dsus2  E7             Am Am/G F7M
Я думаю про тебе весь свій час,
Hm7/-5        E7       Asus2
Але про це не треба говорити.
Ти прийдеш знов, ми будемо на "ви",
Чи ж неповторне можна повторити?
В моїх очах свій сум перепливи,   | (2)
Але про це не треба говорити.     |
Хай буде так, як я собі велю,
Свій будень серця будемо творити.
Я вас люблю, о, як я вас люблю,   | (2)
Але про це не треба говорити...   |
Програш (на тему Вступу).');
INSERT OR REPLACE INTO song_links (id,song_id,title,url,kind,version_id,sort_order) VALUES ('pisniua_411131_l1','pisniua_411131','YouTube','https://www.youtube.com/watch?v=XJHkz9b61XE','video',NULL,1);
INSERT OR REPLACE INTO songs (id,title,subtitle,lang,country,period,year,source,notes,lyrics,tags_json,lang_locked,status,created_at,updated_at) VALUES ('pisniua_4113838','Терном, терном там доріжка іде','Українська народна пісня','uk','ukraine_before_1917',NULL,NULL,'http://www.karpaty.lviv.ua, джерело матеріалу: Малова-Малкович П. М. "З карпатських джерел": фольклорно-етнографічеий нарис. - Чернівці: Місто, 2004. - 176 с.',NULL,'Терном, терном там доріжка іде,
Тов доріжков офіцири ідуть.

Тов доріжков офіцири ідуть
Та й за собов много войська ведуть.

Білим пір''ям позатикувані,
Чорні вуса попідкручувані.

Чорні вуса попідкручувані,
Сиві очи позаплакувані.

А за ними отець, мати ідуть.
Свому сину подарунки несуть.

- Ой, ти сину, ти дитино моя,
А де твоя вся військова дружина?

Ой, там в полі високая могила,
В тій могилі вся військова дружина.

В тій могилі ні їди, ані пиття,
В тій могилі зложив я своє життя.','["pisni.org.ua", "cat:rekrutski", "Рекрутські пісні"]',1,'published',COALESCE((SELECT created_at FROM songs WHERE id='pisniua_4113838'), datetime('now')),datetime('now'));
INSERT OR REPLACE INTO songs_fts(song_id,title,lyrics) VALUES ('pisniua_4113838','Терном, терном там доріжка іде','Терном, терном там доріжка іде,
Тов доріжков офіцири ідуть.

Тов доріжков офіцири ідуть
Та й за собов много войська ведуть.

Білим пір''ям позатикувані,
Чорні вуса попідкручувані.

Чорні вуса попідкручувані,
Сиві очи позаплакувані.

А за ними отець, мати ідуть.
Свому сину подарунки несуть.

- Ой, ти сину, ти дитино моя,
А де твоя вся військова дружина?

Ой, там в полі високая могила,
В тій могилі вся військова дружина.

В тій могилі ні їди, ані пиття,
В тій могилі зложив я своє життя.');
INSERT OR REPLACE INTO songs (id,title,subtitle,lang,country,period,year,source,notes,lyrics,tags_json,lang_locked,status,created_at,updated_at) VALUES ('pisniua_4115735','Ой, давно, давно я в батька була','Українська народна пісня','uk','ukraine_before_1917',NULL,NULL,'Українські пісні з нотами. Збірник перший / упорядник П.Ф. Бунт, В. Шаравський. Київ. Видавниче товариство "Час", 1929.',NULL,'Ой, давно, давно я в батька була,
Вже й тая стежечка терном заросла.

Ой, терном, терном, ще й шипшиною...
Була я в батенька ще й дівчиною.

Я в батька була, так як цвіт цвіла,
Тепер я стала, як трава, в''яла.

Ой, де летіла - трава шуміла,
А де ж я впала - річка там стала.

Текла річенька через батьків двір,
Через батьків двір та на поговір.

Через батьків двір та на поговір, —
Ой, побив, побив та й пішов на мир.

Та ще й хвалиться, вихваляється:
Ой, добре, добре, чуже дитя бить.

Не пручається і не лається —
До білих ніжок приклоняється!','["pisni.org.ua", "cat:socialno-pobutovi", "Соціально-побутові пісні"]',1,'published',COALESCE((SELECT created_at FROM songs WHERE id='pisniua_4115735'), datetime('now')),datetime('now'));
INSERT OR REPLACE INTO songs_fts(song_id,title,lyrics) VALUES ('pisniua_4115735','Ой, давно, давно я в батька була','Ой, давно, давно я в батька була,
Вже й тая стежечка терном заросла.

Ой, терном, терном, ще й шипшиною...
Була я в батенька ще й дівчиною.

Я в батька була, так як цвіт цвіла,
Тепер я стала, як трава, в''яла.

Ой, де летіла - трава шуміла,
А де ж я впала - річка там стала.

Текла річенька через батьків двір,
Через батьків двір та на поговір.

Через батьків двір та на поговір, —
Ой, побив, побив та й пішов на мир.

Та ще й хвалиться, вихваляється:
Ой, добре, добре, чуже дитя бить.

Не пручається і не лається —
До білих ніжок приклоняється!');
INSERT OR REPLACE INTO song_links (id,song_id,title,url,kind,version_id,sort_order) VALUES ('pisniua_4115735_l1','pisniua_4115735','Переглянути варіанти >>','https://www.pisni.org.ua/#variants','external',NULL,1);
INSERT OR REPLACE INTO songs (id,title,subtitle,lang,country,period,year,source,notes,lyrics,tags_json,lang_locked,status,created_at,updated_at) VALUES ('pisniua_4115436','Ой, на горі жито','(... сидить зайчик). Українська народна пісня','uk','ukraine_before_1917',NULL,NULL,'Українські пісні з нотами. Збірник перший / упорядник П.Ф. Бунт, В. Шаравський. Київ. Видавниче товариство "Час", 1929.',NULL,'Ой, на горі жито, сидить зайчик,
Він ніжками чеберяє.

Коли б такі ніжки мала,
То я б ними чеберяла,
Як той зайчик, як той зайчик.

Ой, на горі гречка, сидить зайчик,
Він ніжками чеберяє.

Коли б такі ніжки мала,
То я б ними чеберяла,
Як той зайчик, як той зайчик.

Ой, на горі просо, сидить зайчик,
Він ніжками чеберяє.

Коли б такі ніжки мала,
То я б ними чеберяла,
Як той зайчик, як той зайчик.    фонограма-мінус (mp3)','["pisni.org.ua", "cat:dytyachi", "cat:narodni", "Дитячі пісні", "Народні пісні"]',1,'published',COALESCE((SELECT created_at FROM songs WHERE id='pisniua_4115436'), datetime('now')),datetime('now'));
INSERT OR REPLACE INTO songs_fts(song_id,title,lyrics) VALUES ('pisniua_4115436','Ой, на горі жито','Ой, на горі жито, сидить зайчик,
Він ніжками чеберяє.

Коли б такі ніжки мала,
То я б ними чеберяла,
Як той зайчик, як той зайчик.

Ой, на горі гречка, сидить зайчик,
Він ніжками чеберяє.

Коли б такі ніжки мала,
То я б ними чеберяла,
Як той зайчик, як той зайчик.

Ой, на горі просо, сидить зайчик,
Він ніжками чеберяє.

Коли б такі ніжки мала,
То я б ними чеберяла,
Як той зайчик, як той зайчик.    фонограма-мінус (mp3)');
INSERT OR REPLACE INTO song_links (id,song_id,title,url,kind,version_id,sort_order) VALUES ('pisniua_4115436_l1','pisniua_4115436','YouTube','https://www.youtube.com/watch?v=Knmf87qFqhg','video',NULL,1);
INSERT OR REPLACE INTO song_links (id,song_id,title,url,kind,version_id,sort_order) VALUES ('pisniua_4115436_l2','pisniua_4115436','YouTube','https://www.youtube.com/watch?v=Ar4KI4PBjCE','video',NULL,2);
INSERT OR REPLACE INTO songs (id,title,subtitle,lang,country,period,year,source,notes,lyrics,tags_json,lang_locked,status,created_at,updated_at) VALUES ('pisniua_4116034','ОЙ, гаю мій, гаю','Українська народна пісня. Виконує: Ніна Матвієнко','uk','ukraine_before_1917',NULL,NULL,'Українські пісні з нотами. Збірник перший / упорядник П.Ф. Бунт, В. Шаравський. Київ. Видавниче товариство "Час", 1929.',NULL,'ОЙ, гаю мій, гаю,
Густий, не прогляну, (2)
Що по тобі, гаю,
І вітер не віє (2),
І вітер не віє,
Гилля не колише, (2)
Тільки брат до сестри
Часті листи пише: (2)
"Сестро, моя сестро,
Та сестро українко, (2)
Чи привикла, сестро,
Ти на чужині жити. (2)
Ой, хоч не привикла,
Та треба привикати, (2)
Коли породила
Та нещасною мати. (2)
Мати наша, мати,
Де нам тебе взяти? (2)
Малярів наняти,
Матір змалювати, (2)
Поставити матір
На божничок в хаті: (2)
На божничок гляну,
Та матір спом''яну. (2)
Назад обернуся,
Та сльозами заллюся. (2)
На бік оглянуся,
Рукавом утруся, (2)
Вийду за ворота,
Стану, як сирота — (2)
Ніхто не займає,
Бо долі немає. (2)','["pisni.org.ua", "cat:socialno-pobutovi", "Соціально-побутові пісні"]',1,'published',COALESCE((SELECT created_at FROM songs WHERE id='pisniua_4116034'), datetime('now')),datetime('now'));
INSERT OR REPLACE INTO songs_fts(song_id,title,lyrics) VALUES ('pisniua_4116034','ОЙ, гаю мій, гаю','ОЙ, гаю мій, гаю,
Густий, не прогляну, (2)
Що по тобі, гаю,
І вітер не віє (2),
І вітер не віє,
Гилля не колише, (2)
Тільки брат до сестри
Часті листи пише: (2)
"Сестро, моя сестро,
Та сестро українко, (2)
Чи привикла, сестро,
Ти на чужині жити. (2)
Ой, хоч не привикла,
Та треба привикати, (2)
Коли породила
Та нещасною мати. (2)
Мати наша, мати,
Де нам тебе взяти? (2)
Малярів наняти,
Матір змалювати, (2)
Поставити матір
На божничок в хаті: (2)
На божничок гляну,
Та матір спом''яну. (2)
Назад обернуся,
Та сльозами заллюся. (2)
На бік оглянуся,
Рукавом утруся, (2)
Вийду за ворота,
Стану, як сирота — (2)
Ніхто не займає,
Бо долі немає. (2)');
INSERT OR REPLACE INTO song_links (id,song_id,title,url,kind,version_id,sort_order) VALUES ('pisniua_4116034_l1','pisniua_4116034','YouTube','https://www.youtube.com/watch?v=hwv1bL3G9b4','video',NULL,1);
INSERT OR REPLACE INTO songs (id,title,subtitle,lang,country,period,year,source,notes,lyrics,tags_json,lang_locked,status,created_at,updated_at) VALUES ('pisniua_4115787','Добре було жити','Українська народна пісня','uk','ukraine_before_1917',NULL,NULL,'Українські пісні з нотами. Збірник перший / упорядник П.Ф. Бунт, В. Шаравський. Київ. Видавниче товариство "Час", 1929.',NULL,'Добре було жити,
Першу жінку мавши,
А з другою молодою
Горе в світі жити.

Сама встає рано,
Чоловіка будить:
Вставай, вставай, чоловіче,
Товару давати.

Вставай, чоловіче,
Товару давати,
А я піду на базар
Соли купувати.

Соли не купила
Та в шинок заблудила:
Не сама ж я винувата,
Що так согрішила.

Свині в вікна скачуть,
Малі діти плачуть:
Ой, тату наш, любий тату,
Затопи нам хату.

Затопи нам хату,
Навари нам їсти:
Пішла мати на базар —
Чорт-ма її вісти.','["pisni.org.ua", "cat:socialno-pobutovi", "Соціально-побутові пісні"]',1,'published',COALESCE((SELECT created_at FROM songs WHERE id='pisniua_4115787'), datetime('now')),datetime('now'));
INSERT OR REPLACE INTO songs_fts(song_id,title,lyrics) VALUES ('pisniua_4115787','Добре було жити','Добре було жити,
Першу жінку мавши,
А з другою молодою
Горе в світі жити.

Сама встає рано,
Чоловіка будить:
Вставай, вставай, чоловіче,
Товару давати.

Вставай, чоловіче,
Товару давати,
А я піду на базар
Соли купувати.

Соли не купила
Та в шинок заблудила:
Не сама ж я винувата,
Що так согрішила.

Свині в вікна скачуть,
Малі діти плачуть:
Ой, тату наш, любий тату,
Затопи нам хату.

Затопи нам хату,
Навари нам їсти:
Пішла мати на базар —
Чорт-ма її вісти.');
INSERT OR REPLACE INTO songs (id,title,subtitle,lang,country,period,year,source,notes,lyrics,tags_json,lang_locked,status,created_at,updated_at) VALUES ('pisniua_4116532','Гей, по синьому морі','Українська народна пісня','uk','ukraine_before_1917',NULL,NULL,'Українські пісні з нотами. Збірник перший / упорядник П.Ф. Бунт, В. Шаравський. Київ. Видавниче товариство "Час", 1929.',NULL,'Гей, по синьому морі
Хвиля грає.
Гей, турецький корабличок
Розбиває.

Гей, турецький корабличок
Розбиває.
Гей, сорок тисяч війська
Витопляє.

Гей, сорок тисяч війська
Ще й чотирі.
Гей, тож виїхали козаченьки
Та із України.

Гей, вони посідали на могилі,
Гей, викресали вогнику
З оружини,
Гей, та пустили пожар
По долині.','["pisni.org.ua", "cat:istorychni", "Історичні пісні"]',1,'published',COALESCE((SELECT created_at FROM songs WHERE id='pisniua_4116532'), datetime('now')),datetime('now'));
INSERT OR REPLACE INTO songs_fts(song_id,title,lyrics) VALUES ('pisniua_4116532','Гей, по синьому морі','Гей, по синьому морі
Хвиля грає.
Гей, турецький корабличок
Розбиває.

Гей, турецький корабличок
Розбиває.
Гей, сорок тисяч війська
Витопляє.

Гей, сорок тисяч війська
Ще й чотирі.
Гей, тож виїхали козаченьки
Та із України.

Гей, вони посідали на могилі,
Гей, викресали вогнику
З оружини,
Гей, та пустили пожар
По долині.');
INSERT OR REPLACE INTO song_links (id,song_id,title,url,kind,version_id,sort_order) VALUES ('pisniua_4116532_l1','pisniua_4116532','YouTube','https://www.youtube.com/watch?v=aRPdGvo7epA','video',NULL,1);
INSERT OR REPLACE INTO songs (id,title,subtitle,lang,country,period,year,source,notes,lyrics,tags_json,lang_locked,status,created_at,updated_at) VALUES ('pisniua_411632','Хрещатик','Музика: Павло Зібров Слова: Юрій Рибчинський. Виконує: Павло Зібров, Василь Білоцерківський','uk','ukraine_1991',NULL,NULL,'http://www.zibrov.com.ua/',NULL,'Каштани, каштани, каштани,
Софії і Лаври хрести.
Кияни, кияни, кияни,
Ви сестри мої і брати

Я з Вами в дощі й снігопади
У черзі за шастям стою,
І лаю по-київськи владу
Й горілку по-київськи п''ю.

Приспів:
Я і друзів розумів
І ворогів умів прощати,
Бо хрещений батько мій-
То Хрещатик, то Хрещатик

Спасибі кажу своїй долі,
Що в чорній пустелі ночей
Я сотні разів божеволів
Від Ваших, киянки, очей

Киянки, киянки, киянки,
Веселі, сумні, гомінки,
Найкращі у світі коханки,
Найкращі у світі жінки

Приспів.

Вам скажуть, що я в Амстердамі,
Що Київ зміняв на Москву,
Не вірте, панове, я з Вами
За київським часом живу.

І де б я не був за кордоном,
Я знав, що завжди повернусь
Додому, додому, додому
В святу мою Київську Русь

Приспів','["pisni.org.ua", "cat:patriotic", "Патріотичні пісні"]',1,'published',COALESCE((SELECT created_at FROM songs WHERE id='pisniua_411632'), datetime('now')),datetime('now'));
INSERT OR REPLACE INTO songs_fts(song_id,title,lyrics) VALUES ('pisniua_411632','Хрещатик','Каштани, каштани, каштани,
Софії і Лаври хрести.
Кияни, кияни, кияни,
Ви сестри мої і брати

Я з Вами в дощі й снігопади
У черзі за шастям стою,
І лаю по-київськи владу
Й горілку по-київськи п''ю.

Приспів:
Я і друзів розумів
І ворогів умів прощати,
Бо хрещений батько мій-
То Хрещатик, то Хрещатик

Спасибі кажу своїй долі,
Що в чорній пустелі ночей
Я сотні разів божеволів
Від Ваших, киянки, очей

Киянки, киянки, киянки,
Веселі, сумні, гомінки,
Найкращі у світі коханки,
Найкращі у світі жінки

Приспів.

Вам скажуть, що я в Амстердамі,
Що Київ зміняв на Москву,
Не вірте, панове, я з Вами
За київським часом живу.

І де б я не був за кордоном,
Я знав, що завжди повернусь
Додому, додому, додому
В святу мою Київську Русь

Приспів');
INSERT OR REPLACE INTO song_links (id,song_id,title,url,kind,version_id,sort_order) VALUES ('pisniua_411632_l1','pisniua_411632','YouTube','https://www.youtube.com/watch?v=fMy-xhVe5Yw','video',NULL,1);
INSERT OR REPLACE INTO song_links (id,song_id,title,url,kind,version_id,sort_order) VALUES ('pisniua_411632_l2','pisniua_411632','YouTube','https://www.youtube.com/watch?v=nEz_PrnH9ZU','video',NULL,2);
INSERT OR REPLACE INTO songs (id,title,subtitle,lang,country,period,year,source,notes,lyrics,tags_json,lang_locked,status,created_at,updated_at) VALUES ('pisniua_4114030','Та зеленая горішина','Українська народна пісня','uk','ukraine_before_1917',NULL,NULL,'Українські пісні з нотами. Збірник перший / упорядник П.Ф. Бунт, В. Шаравський. Київ. Видавниче товариство "Час", 1929.',NULL,'Та зеленая горішина
Від сонечка ізов''яла,
Гей, від сонечка ізов''яла.

Там молодая дівчинонька
Козаку світ зав''язала,
Гей, козаку світ зав''язала.

Та не так вона зав''язала,
Як гуляти заказала,
Гей, як гуляти заказала.

Та через сіни у кімнаті
Лежить козак на кроваті,
Гей, лежить козак на кроваті.

Та лежить козак на кроваті,
Мила ходить по кімнаті,
Гей, мила ходить по кімнаті.

Та вона ж ходить, не говорить,
За сльозами не промовить,
Гей, за сльозами не промовить.

Та не плач, мила, не журися:
Я ще молод, не женився,
Гей, я ще молод, не женився.','["pisni.org.ua", "cat:rekrutski", "Рекрутські пісні"]',1,'published',COALESCE((SELECT created_at FROM songs WHERE id='pisniua_4114030'), datetime('now')),datetime('now'));
INSERT OR REPLACE INTO songs_fts(song_id,title,lyrics) VALUES ('pisniua_4114030','Та зеленая горішина','Та зеленая горішина
Від сонечка ізов''яла,
Гей, від сонечка ізов''яла.

Там молодая дівчинонька
Козаку світ зав''язала,
Гей, козаку світ зав''язала.

Та не так вона зав''язала,
Як гуляти заказала,
Гей, як гуляти заказала.

Та через сіни у кімнаті
Лежить козак на кроваті,
Гей, лежить козак на кроваті.

Та лежить козак на кроваті,
Мила ходить по кімнаті,
Гей, мила ходить по кімнаті.

Та вона ж ходить, не говорить,
За сльозами не промовить,
Гей, за сльозами не промовить.

Та не плач, мила, не журися:
Я ще молод, не женився,
Гей, я ще молод, не женився.');
INSERT OR REPLACE INTO songs (id,title,subtitle,lang,country,period,year,source,notes,lyrics,tags_json,lang_locked,status,created_at,updated_at) VALUES ('pisniua_4117838','Ой, у лісі при дорозі','Українська народна пісня','uk','ukraine_before_1917',NULL,NULL,'http://leontovych.narod.ru/notes_e.html',NULL,'Ой, у лісі при дорозі
Там калина стояла,
А на тій калиноньці
Там зозуля кувала.

Ой, зозуля не кувала,
А всю правду казала,
Ой, як мати свого сина
У солдати проводжала.

Іди, іди, мій синочку,
Та за батька старого,
Дадуть тобі, мій синочку,
Та коня вороного.

Іди, іди, мій синочку,
Та за неньку стареньку,
Дадуть тобі, мій синочку,
Та шабельку гостреньку.

Іди, іди, мій синочку,
Та за рідну сестрицю,
Дадуть тобі, мій синочку,
Та казенну рушницю.

Чим я маю, моя мати,
На коню розєжджати,
Лучче буду, моя мати,
Та пшениченьку жати.

Лучче буду, моя мати,
Та в сирій землі гнити,
Чим я маю, моя мати,
Оці речі носити.','["pisni.org.ua", "cat:rekrutski", "Рекрутські пісні"]',1,'published',COALESCE((SELECT created_at FROM songs WHERE id='pisniua_4117838'), datetime('now')),datetime('now'));
INSERT OR REPLACE INTO songs_fts(song_id,title,lyrics) VALUES ('pisniua_4117838','Ой, у лісі при дорозі','Ой, у лісі при дорозі
Там калина стояла,
А на тій калиноньці
Там зозуля кувала.

Ой, зозуля не кувала,
А всю правду казала,
Ой, як мати свого сина
У солдати проводжала.

Іди, іди, мій синочку,
Та за батька старого,
Дадуть тобі, мій синочку,
Та коня вороного.

Іди, іди, мій синочку,
Та за неньку стареньку,
Дадуть тобі, мій синочку,
Та шабельку гостреньку.

Іди, іди, мій синочку,
Та за рідну сестрицю,
Дадуть тобі, мій синочку,
Та казенну рушницю.

Чим я маю, моя мати,
На коню розєжджати,
Лучче буду, моя мати,
Та пшениченьку жати.

Лучче буду, моя мати,
Та в сирій землі гнити,
Чим я маю, моя мати,
Оці речі носити.');
INSERT OR REPLACE INTO songs (id,title,subtitle,lang,country,period,year,source,notes,lyrics,tags_json,lang_locked,status,created_at,updated_at) VALUES ('pisniua_4114134','Ой, уже сонце над вербами','Українська народна пісня','uk','ukraine_before_1917',NULL,NULL,'Українські пісні з нотами. Збірник перший / упорядник П.Ф. Бунт, В. Шаравський. Київ. Видавниче товариство "Час", 1929.',NULL,'Ой, уже сонце над вербами,
Пусти нас, пане, хоч з ребрами.

Ой, уже сонце над грушами,
Пусти нас, пане, хоч з душами.

Ой, уже сонце в очереті,
Пусти нас, пане, вечеряти.

Ой, уже сонце в овсі, в овсі,
Полічи, пане, чи ми усі.','["pisni.org.ua", "cat:rekrutski", "Рекрутські пісні"]',1,'published',COALESCE((SELECT created_at FROM songs WHERE id='pisniua_4114134'), datetime('now')),datetime('now'));
INSERT OR REPLACE INTO songs_fts(song_id,title,lyrics) VALUES ('pisniua_4114134','Ой, уже сонце над вербами','Ой, уже сонце над вербами,
Пусти нас, пане, хоч з ребрами.

Ой, уже сонце над грушами,
Пусти нас, пане, хоч з душами.

Ой, уже сонце в очереті,
Пусти нас, пане, вечеряти.

Ой, уже сонце в овсі, в овсі,
Полічи, пане, чи ми усі.');
INSERT OR REPLACE INTO songs (id,title,subtitle,lang,country,period,year,source,notes,lyrics,tags_json,lang_locked,status,created_at,updated_at) VALUES ('pisniua_4118137','Збудись могутня Україно','Українська народна пісня','uk','ukr_ssr_1919_1991',NULL,NULL,'Співаник УПА. Борці за волю України. упор. О.Бобикевич, Ю.Лаврівський, О.Плешкевич та ін. Львів: Меморіал. 1992. - 190 с.',NULL,'Збудись могутня Україно,
Козацьке плем''я, стань на змаг,
Туди, де сонце, де вершини,
До перемоги йде Твій шлях.

Приспів:
Готуйся у бойові лави
Козацьке плем''я молоде.
До перемоги і до слави
Тебе Бандера поведе.

Вже степ Твій знову вкрився кров''ю,
В пожарах світ увесь горить,
Наїзники в смертельнім бою
Рішають, хто з них має жить.

Приспів.

Нехай кровавляться прокляті,
Тіла їх прийме чорнозем.
Бо нам на Сході володіти,
І володіти ми будем!

Приспів.

Повстане Київ заповітний,
Шапки козацькі зацвітуть.
Залопотить блакитно-жовтий,
В Софії дзвони загудуть.

Приспів.','["pisni.org.ua", "cat:himny-marshi", "cat:povstanski", "cat:viyskovi", "Гимни та марші", "Повстанські пісні", "Пісні на військову тематику"]',1,'published',COALESCE((SELECT created_at FROM songs WHERE id='pisniua_4118137'), datetime('now')),datetime('now'));
INSERT OR REPLACE INTO songs_fts(song_id,title,lyrics) VALUES ('pisniua_4118137','Збудись могутня Україно','Збудись могутня Україно,
Козацьке плем''я, стань на змаг,
Туди, де сонце, де вершини,
До перемоги йде Твій шлях.

Приспів:
Готуйся у бойові лави
Козацьке плем''я молоде.
До перемоги і до слави
Тебе Бандера поведе.

Вже степ Твій знову вкрився кров''ю,
В пожарах світ увесь горить,
Наїзники в смертельнім бою
Рішають, хто з них має жить.

Приспів.

Нехай кровавляться прокляті,
Тіла їх прийме чорнозем.
Бо нам на Сході володіти,
І володіти ми будем!

Приспів.

Повстане Київ заповітний,
Шапки козацькі зацвітуть.
Залопотить блакитно-жовтий,
В Софії дзвони загудуть.

Приспів.');
INSERT OR REPLACE INTO songs (id,title,subtitle,lang,country,period,year,source,notes,lyrics,tags_json,lang_locked,status,created_at,updated_at) VALUES ('pisniua_4116737','Пора, мати, жито жати','Українська народна пісня','uk','ukraine_before_1917',NULL,NULL,'Українські пісні з нотами. Збірник перший / упорядник П.Ф. Бунт, В. Шаравський. Київ. Видавниче товариство "Час", 1929.',NULL,'Пора, мати, жито жати, колос похилився,
Пора дочку заміж дати: голос одмінився.

Хоч колосок похилився, стебло зелененьке,
Хоч голосок одмінився, личко молоденьке.

Посилає мене мати у степ жито жати,
Аж там чумак воли пасе, став зо мною жартувати.

Жартуй, жартуй, чумаченьку,
Жартуй, коли любиш, а як підеш у дорогу,
То мене забудеш.

Не забуду, моя мила, буду поспішати,
А як прийду до домоньку, сватів буду слати.

Весна красна наступає, із стріх вода капле,
Молодому чумакові шлях-дорога пахне.

У неділю ранесенько саме на схід сонця,
Заплакала дівчинонька, глядаючи в віконце.

Чому мене, моя нене, рано не збудила,
А як тая чумачина з села виїздила?

Тим я тебе, моя доню, рано не збудила,
Попереду твій миленький, щоб ти не тужила.

Ти думаєш, моя нене, що я й так не плачу,
З дрібними слізоньками вже й світа не бачу.

Ой, я б була, моя нене, зовсім не тужила,
Коли б тільки миленькому доленька служила.

Ти думаєш, моя нене, що й так не журюся,
Ой, як вийду за ворота, од вітру валюся.','["pisni.org.ua", "cat:chumacki", "cat:socialno-pobutovi", "Чумацькі пісні", "Соціально-побутові пісні"]',1,'published',COALESCE((SELECT created_at FROM songs WHERE id='pisniua_4116737'), datetime('now')),datetime('now'));
INSERT OR REPLACE INTO songs_fts(song_id,title,lyrics) VALUES ('pisniua_4116737','Пора, мати, жито жати','Пора, мати, жито жати, колос похилився,
Пора дочку заміж дати: голос одмінився.

Хоч колосок похилився, стебло зелененьке,
Хоч голосок одмінився, личко молоденьке.

Посилає мене мати у степ жито жати,
Аж там чумак воли пасе, став зо мною жартувати.

Жартуй, жартуй, чумаченьку,
Жартуй, коли любиш, а як підеш у дорогу,
То мене забудеш.

Не забуду, моя мила, буду поспішати,
А як прийду до домоньку, сватів буду слати.

Весна красна наступає, із стріх вода капле,
Молодому чумакові шлях-дорога пахне.

У неділю ранесенько саме на схід сонця,
Заплакала дівчинонька, глядаючи в віконце.

Чому мене, моя нене, рано не збудила,
А як тая чумачина з села виїздила?

Тим я тебе, моя доню, рано не збудила,
Попереду твій миленький, щоб ти не тужила.

Ти думаєш, моя нене, що я й так не плачу,
З дрібними слізоньками вже й світа не бачу.

Ой, я б була, моя нене, зовсім не тужила,
Коли б тільки миленькому доленька служила.

Ти думаєш, моя нене, що й так не журюся,
Ой, як вийду за ворота, од вітру валюся.');
INSERT OR REPLACE INTO songs (id,title,subtitle,lang,country,period,year,source,notes,lyrics,tags_json,lang_locked,status,created_at,updated_at) VALUES ('pisniua_4117939','На городі білі маки','Українська народна пісня','uk','ukraine_before_1917',NULL,NULL,'http://leontovych.narod.ru/notes_e.html',NULL,'На городі та все білі маки,
Тужать в війську молоді козаки.

Не так козаки, як ті новобранці,
Що забрали в неділеньку вранці.

Не так рано, як до сходу сонця,
Сидить мати, плаче край віконця.

"Вернись, сину, з війська додомоньку,
Змию тобі слізьми головоньку."

"Помий, мати, та й найменшій сестрі:
Змиють мені та й буйнесенькі дощі.

А пригладить їх та густа ліщина,
А пригорне молода дівчина."','["pisni.org.ua", "cat:rekrutski", "Рекрутські пісні"]',1,'published',COALESCE((SELECT created_at FROM songs WHERE id='pisniua_4117939'), datetime('now')),datetime('now'));
INSERT OR REPLACE INTO songs_fts(song_id,title,lyrics) VALUES ('pisniua_4117939','На городі білі маки','На городі та все білі маки,
Тужать в війську молоді козаки.

Не так козаки, як ті новобранці,
Що забрали в неділеньку вранці.

Не так рано, як до сходу сонця,
Сидить мати, плаче край віконця.

"Вернись, сину, з війська додомоньку,
Змию тобі слізьми головоньку."

"Помий, мати, та й найменшій сестрі:
Змиють мені та й буйнесенькі дощі.

А пригладить їх та густа ліщина,
А пригорне молода дівчина."');
INSERT OR REPLACE INTO songs (id,title,subtitle,lang,country,period,year,source,notes,lyrics,tags_json,lang_locked,status,created_at,updated_at) VALUES ('pisniua_4118481','Владико, отче','Слова: о. Й. Кишакевич','uk','ukraine_1991',NULL,NULL,'http://www.bazylianie.pl/mlolytownyk/pisni.htm',NULL,'Владико, отче, Ти за віру
Життя своє віддав
I кров''ю переміг зневіру,
Щоб засів не пропав. (2)

I зерно зріє, дозріває,
Хоч люта буря йде,
Хоч хмара сонце закриває
I грім лячний гуде.  (2)

А люд твій вірний рве кайдани,
Молитву шле Тобі.
Владико отче, грім хай гряне,
По громі ясні дні.   (2)

Владико, отче,
Твій засів хорони,
I волю церкві і Україні
Ти, отче, приверни!  (2)','["pisni.org.ua", "cat:cerkovni", "Церковні пісні"]',1,'published',COALESCE((SELECT created_at FROM songs WHERE id='pisniua_4118481'), datetime('now')),datetime('now'));
INSERT OR REPLACE INTO songs_fts(song_id,title,lyrics) VALUES ('pisniua_4118481','Владико, отче','Владико, отче, Ти за віру
Життя своє віддав
I кров''ю переміг зневіру,
Щоб засів не пропав. (2)

I зерно зріє, дозріває,
Хоч люта буря йде,
Хоч хмара сонце закриває
I грім лячний гуде.  (2)

А люд твій вірний рве кайдани,
Молитву шле Тобі.
Владико отче, грім хай гряне,
По громі ясні дні.   (2)

Владико, отче,
Твій засів хорони,
I волю церкві і Україні
Ти, отче, приверни!  (2)');
INSERT OR REPLACE INTO songs (id,title,subtitle,lang,country,period,year,source,notes,lyrics,tags_json,lang_locked,status,created_at,updated_at) VALUES ('pisniua_4118185','Чи чуєш, мій друже юначе?','Українська народна пісня','uk','ukr_ssr_1919_1991',NULL,NULL,'Співаник УПА. Борці за волю України. упор. О.Бобикевич, Ю.Лаврівський, О.Плешкевич та ін. Львів: Меморіал. 1992. - 190 с.',NULL,'Чи чуєш, мій друже юначе,
Чи чуєш той брязкіт кайдан,
Як мати Україна плаче,
За стільки терпіння і ран?

Чи бачиш, Дніпро висихає,
Пороги шуміти стають,
Зозулі по деревах сідають,
Про долю Вкраїни кують?

Чи бачиш, жита похилились,
Ти сіяв — воно не твоє,
Ти мучивсь по днях і по ночах,
А ворог лиш з того жиє?

Чи бачиш, Карпати сумують,
Дивлячись на ярмо синів,
А вітер тихенько по полі
Розносить жалібний їх спів?

Вдень ворог до тебе сміється,
А ввечір в кайдани кує,
За твою цю працю гіркую,
Гармати на тебе кує.

Ми чули ці болі ще змалку
І в серці сказали собі:
Для Тебе живем Україно,
Щоб волю здобути Тобі.','["pisni.org.ua", "cat:povstanski", "Повстанські пісні"]',1,'published',COALESCE((SELECT created_at FROM songs WHERE id='pisniua_4118185'), datetime('now')),datetime('now'));
INSERT OR REPLACE INTO songs_fts(song_id,title,lyrics) VALUES ('pisniua_4118185','Чи чуєш, мій друже юначе?','Чи чуєш, мій друже юначе,
Чи чуєш той брязкіт кайдан,
Як мати Україна плаче,
За стільки терпіння і ран?

Чи бачиш, Дніпро висихає,
Пороги шуміти стають,
Зозулі по деревах сідають,
Про долю Вкраїни кують?

Чи бачиш, жита похилились,
Ти сіяв — воно не твоє,
Ти мучивсь по днях і по ночах,
А ворог лиш з того жиє?

Чи бачиш, Карпати сумують,
Дивлячись на ярмо синів,
А вітер тихенько по полі
Розносить жалібний їх спів?

Вдень ворог до тебе сміється,
А ввечір в кайдани кує,
За твою цю працю гіркую,
Гармати на тебе кує.

Ми чули ці болі ще змалку
І в серці сказали собі:
Для Тебе живем Україно,
Щоб волю здобути Тобі.');
INSERT OR REPLACE INTO song_links (id,song_id,title,url,kind,version_id,sort_order) VALUES ('pisniua_4118185_l1','pisniua_4118185','Переглянути варіанти >>','https://www.pisni.org.ua/#variants','external',NULL,1);
INSERT OR REPLACE INTO songs (id,title,subtitle,lang,country,period,year,source,notes,lyrics,tags_json,lang_locked,status,created_at,updated_at) VALUES ('pisniua_4118338','Ми - українські партизани','Українська народна пісня. Виконує: Буття','uk','ukr_ssr_1919_1991',NULL,NULL,'Співаник УПА. Борці за волю України. упор. О.Бобикевич, Ю.Лаврівський, О.Плешкевич та ін. Львів: Меморіал. 1992. - 190 с.',NULL,'Ми — українські партизани
Рушаєм лавами у бій,
За нашим прикладом повстане
Народ пробуджений якстій!

Вже грають сурми, близько воля,
Вже рветься серце, кличе кров,
В вогні кується наша доля,
Встають заковані з оков','["pisni.org.ua", "cat:povstanski", "Повстанські пісні"]',1,'published',COALESCE((SELECT created_at FROM songs WHERE id='pisniua_4118338'), datetime('now')),datetime('now'));
INSERT OR REPLACE INTO songs_fts(song_id,title,lyrics) VALUES ('pisniua_4118338','Ми - українські партизани','Ми — українські партизани
Рушаєм лавами у бій,
За нашим прикладом повстане
Народ пробуджений якстій!

Вже грають сурми, близько воля,
Вже рветься серце, кличе кров,
В вогні кується наша доля,
Встають заковані з оков');
INSERT OR REPLACE INTO songs (id,title,subtitle,lang,country,period,year,source,notes,lyrics,tags_json,lang_locked,status,created_at,updated_at) VALUES ('pisniua_4118232','Довкола ліс','Українська народна пісня','uk','ukr_ssr_1919_1991',NULL,NULL,'Співаник УПА. Борці за волю України. упор. О.Бобикевич, Ю.Лаврівський, О.Плешкевич та ін. Львів: Меморіал. 1992. - 190 с.',NULL,'Довкола ліс шумить
І ватра догоряє,
Морози потиснули
Сніжок вже політає.

Ми сидимо у лісі,
Зима нам не страшна,
Поборемо комуну,
Проклятого врага.

Хоч вороги лютують,
Ми свищемо на них,
У "кадрах ми зелених",
Гущавах лісових.

Як ввечері із лісу
На засідку ідем,
Бояться вороги нас,
Бо смерть ми їм несем.','["pisni.org.ua", "cat:povstanski", "Повстанські пісні"]',1,'published',COALESCE((SELECT created_at FROM songs WHERE id='pisniua_4118232'), datetime('now')),datetime('now'));
INSERT OR REPLACE INTO songs_fts(song_id,title,lyrics) VALUES ('pisniua_4118232','Довкола ліс','Довкола ліс шумить
І ватра догоряє,
Морози потиснули
Сніжок вже політає.

Ми сидимо у лісі,
Зима нам не страшна,
Поборемо комуну,
Проклятого врага.

Хоч вороги лютують,
Ми свищемо на них,
У "кадрах ми зелених",
Гущавах лісових.

Як ввечері із лісу
На засідку ідем,
Бояться вороги нас,
Бо смерть ми їм несем.');
INSERT OR REPLACE INTO songs (id,title,subtitle,lang,country,period,year,source,notes,lyrics,tags_json,lang_locked,status,created_at,updated_at) VALUES ('pisniua_4117636','Ой на городі під гречкою','Українська народна пісня','uk','ukraine_before_1917',NULL,NULL,'Пісні Шевченкового краю. Записи, впорядкування і примітки Олекси Ошуркевича. Луцьк: Волинська обласна друкарня, 2006. - 484 с.',NULL,'Ой на городі під гречкою
Там стояв коник з гнуздечкою.

- Ой постій, коню, загнуздаю
Та й поїдемо до Дунаю.','["pisni.org.ua", "cat:kupalski", "Купальські пісні"]',1,'published',COALESCE((SELECT created_at FROM songs WHERE id='pisniua_4117636'), datetime('now')),datetime('now'));
INSERT OR REPLACE INTO songs_fts(song_id,title,lyrics) VALUES ('pisniua_4117636','Ой на городі під гречкою','Ой на городі під гречкою
Там стояв коник з гнуздечкою.

- Ой постій, коню, загнуздаю
Та й поїдемо до Дунаю.');
INSERT OR REPLACE INTO songs (id,title,subtitle,lang,country,period,year,source,notes,lyrics,tags_json,lang_locked,status,created_at,updated_at) VALUES ('pisniua_4118634','Ген до неба',NULL,'uk','ukraine_1991',NULL,NULL,'http://www.bazylianie.pl/mlolytownyk/pisni.htm',NULL,'Ген до неба наші очі,
Серця й руки піднесім.
I Марії радо, щиро
Вірну службу присвятім

Бо Марія - Божа Мати,     |
Не дасть дітям погибати   |
Поведе до щастя всіх.     | (2)

Під прапор Марії Діви
Всі гуртуймось мужньо враз,
Журби земські й земські мрії
Киньмо далеко від нас.

До борби за правду Божу,  |
За чеснот красу преможну  |
Днесь ставаймо разом всі. | (2)

Вселаскава в кожну хвилю
Вислухать готова нас,
Всемогутня лиху долю
Відвернути може в час,

Тож з Тобою, Божа Мати,   |
Ми готові і вмирати,      |
Не боїмось ада тьми.      | (2)

Наш марійський сей кружочок
Для Марії лиш цвіте,
I вінок з живих цвіточок
Любви в дарі їх несе.

Бо Марія - добра Мати,    |
Не дасть дітям погибати,  |
Поведе до щастя всіх.     | (2)    комп''ютерне відтворення  (
Фонограма-мінус (mp3, 128 kbps)  (','["pisni.org.ua", "cat:cerkovni", "cat:do-bohorodyci", "Церковні пісні", "Пісні до Богородиці"]',1,'published',COALESCE((SELECT created_at FROM songs WHERE id='pisniua_4118634'), datetime('now')),datetime('now'));
INSERT OR REPLACE INTO songs_fts(song_id,title,lyrics) VALUES ('pisniua_4118634','Ген до неба','Ген до неба наші очі,
Серця й руки піднесім.
I Марії радо, щиро
Вірну службу присвятім

Бо Марія - Божа Мати,     |
Не дасть дітям погибати   |
Поведе до щастя всіх.     | (2)

Під прапор Марії Діви
Всі гуртуймось мужньо враз,
Журби земські й земські мрії
Киньмо далеко від нас.

До борби за правду Божу,  |
За чеснот красу преможну  |
Днесь ставаймо разом всі. | (2)

Вселаскава в кожну хвилю
Вислухать готова нас,
Всемогутня лиху долю
Відвернути може в час,

Тож з Тобою, Божа Мати,   |
Ми готові і вмирати,      |
Не боїмось ада тьми.      | (2)

Наш марійський сей кружочок
Для Марії лиш цвіте,
I вінок з живих цвіточок
Любви в дарі їх несе.

Бо Марія - добра Мати,    |
Не дасть дітям погибати,  |
Поведе до щастя всіх.     | (2)    комп''ютерне відтворення  (
Фонограма-мінус (mp3, 128 kbps)  (');
INSERT OR REPLACE INTO songs (id,title,subtitle,lang,country,period,year,source,notes,lyrics,tags_json,lang_locked,status,created_at,updated_at) VALUES ('pisniua_4119389','А я Хрещатиком пройдусь','Музика: Остап Гавриш Слова: Зоя Кучерява. Виконує: Маріанна Гавриш','uk','ukraine_1991',NULL,NULL,NULL,NULL,'Третій тиждень спекотна погода,
Сонце з неба пече знов і знов,
В місті тихо немає народу,
Рідний Київ втомився немов.

У квартирі моїй прохолода,
Та я в сукню нову приберусь,
І тоді, що мені до погоди -
Я піду на Хрещатик пройдусь.

Приспів:
А я Хрещатиком пройдусь
У затінку каштанів.
А я Хрещатиком пройдусь
Під музику фонтанів.
А я Хрещатиком пройдусь,
Загляну до кав''ярні.
А я Хрещатиком пройдусь,
Який наш Київ гарний!

Я зібрати компанію хочу,
Давніх друзів, що вірні були.
Вип''єм кави, подивимось в очі,
А то все нам немає коли.

Почекають турботи житейські,
Бо зустрітися нам саме час.
Ви на площу прийдіть Європейську -
Стане ближча Європа для нас.

Приспів.

А я Хрещатиком пройдусь
У затінку каштанів.
А я Хрещатиком пройдусь
Під музику фонтанів.
А я Хрещатиком пройдусь,
Загляну до кав''ярні.
А я Хрещатиком пройдусь,
Який наш Київ гарний!','["pisni.org.ua", "cat:kyyiv", "Пісні про Київ"]',1,'published',COALESCE((SELECT created_at FROM songs WHERE id='pisniua_4119389'), datetime('now')),datetime('now'));
INSERT OR REPLACE INTO songs_fts(song_id,title,lyrics) VALUES ('pisniua_4119389','А я Хрещатиком пройдусь','Третій тиждень спекотна погода,
Сонце з неба пече знов і знов,
В місті тихо немає народу,
Рідний Київ втомився немов.

У квартирі моїй прохолода,
Та я в сукню нову приберусь,
І тоді, що мені до погоди -
Я піду на Хрещатик пройдусь.

Приспів:
А я Хрещатиком пройдусь
У затінку каштанів.
А я Хрещатиком пройдусь
Під музику фонтанів.
А я Хрещатиком пройдусь,
Загляну до кав''ярні.
А я Хрещатиком пройдусь,
Який наш Київ гарний!

Я зібрати компанію хочу,
Давніх друзів, що вірні були.
Вип''єм кави, подивимось в очі,
А то все нам немає коли.

Почекають турботи житейські,
Бо зустрітися нам саме час.
Ви на площу прийдіть Європейську -
Стане ближча Європа для нас.

Приспів.

А я Хрещатиком пройдусь
У затінку каштанів.
А я Хрещатиком пройдусь
Під музику фонтанів.
А я Хрещатиком пройдусь,
Загляну до кав''ярні.
А я Хрещатиком пройдусь,
Який наш Київ гарний!');
INSERT OR REPLACE INTO songs (id,title,subtitle,lang,country,period,year,source,notes,lyrics,tags_json,lang_locked,status,created_at,updated_at) VALUES ('pisniua_411737','Блудний син','Музика: Павло Зібров Слова: Юрій Рибчинський. Виконує: Павло Зібров','uk','ukraine_1991',NULL,NULL,'http://www.zibrov.com.ua',NULL,'Не сказавши ні слова нікому,
Щоб багатство і славу знайти,
Рано-вранці із рідного дома,
Я пішов, я пішов у світи.

Я пішов крізь тумани і вітер,
Крізь омани шляхів і стежин,
І блукав, і блукав я по світу
Та хіба, та хіба я один ?

Приспів:
Блудний син, блудний син,
Скільки міст і країн
Поміняв я у пошуках долі
Блудний син, блудний син,
Знаю де б я не жив,
Був я завжди чужим мимоволі,
Блудний син, блудний син,
Свою душу сповив,
Свою душу сповив, чужиною
Блудний син, блудний син,
Два крила самоти,
Два крила самоти, за спиною

Я пройшовши дороги тернові,
Знав сто мов, та в години сумні,
Тільки рідною мовою розмовляв у вісні.
Я знайшов і багатство і славу,
Мав коханих, мінливих як дим,
Але справжнього щастя не знав я
Та хіба, та хіба я один ?

Приспів.

Наче птах, повернувсь я додому,
Та ніхто мене там не зустрів,
І упав я додолу, на могилі батьків
І клянуся, щоб їх воскресити,
Щоб на мить, хоч на кілька хвилин,
Я б віддав і багатство і славу,
Та хіба, та хіба я один ?

Приспів.','["pisni.org.ua", "cat:manrivni", "Пісні на мандрівну тематику"]',1,'published',COALESCE((SELECT created_at FROM songs WHERE id='pisniua_411737'), datetime('now')),datetime('now'));
INSERT OR REPLACE INTO songs_fts(song_id,title,lyrics) VALUES ('pisniua_411737','Блудний син','Не сказавши ні слова нікому,
Щоб багатство і славу знайти,
Рано-вранці із рідного дома,
Я пішов, я пішов у світи.

Я пішов крізь тумани і вітер,
Крізь омани шляхів і стежин,
І блукав, і блукав я по світу
Та хіба, та хіба я один ?

Приспів:
Блудний син, блудний син,
Скільки міст і країн
Поміняв я у пошуках долі
Блудний син, блудний син,
Знаю де б я не жив,
Був я завжди чужим мимоволі,
Блудний син, блудний син,
Свою душу сповив,
Свою душу сповив, чужиною
Блудний син, блудний син,
Два крила самоти,
Два крила самоти, за спиною

Я пройшовши дороги тернові,
Знав сто мов, та в години сумні,
Тільки рідною мовою розмовляв у вісні.
Я знайшов і багатство і славу,
Мав коханих, мінливих як дим,
Але справжнього щастя не знав я
Та хіба, та хіба я один ?

Приспів.

Наче птах, повернувсь я додому,
Та ніхто мене там не зустрів,
І упав я додолу, на могилі батьків
І клянуся, щоб їх воскресити,
Щоб на мить, хоч на кілька хвилин,
Я б віддав і багатство і славу,
Та хіба, та хіба я один ?

Приспів.');
INSERT OR REPLACE INTO songs (id,title,subtitle,lang,country,period,year,source,notes,lyrics,tags_json,lang_locked,status,created_at,updated_at) VALUES ('pisniua_4118436','Розпрощались стрільці','Українська народна пісня','uk','ukr_ssr_1919_1991',NULL,NULL,'Співаник УПА. Борці за волю України. упор. О.Бобикевич, Ю.Лаврівський, О.Плешкевич та ін. Львів: Меморіал. 1992. - 190 с.',NULL,'Розпрощались стрільці вже з ріднями,
У далекий похід відійшли,
Там, де грали побідно гармати,
Сталеві полки їх пішли.

Ми підемо ясними шляхами,
До сонця, до щастя весни,
І прапори замають в просторах
І сповняться мрії і сни.

Перейдуть залізні колони,
По рідних степах і лісах,
І стануть на рідного краю кордонах
У гору піднесуть свій стяг.

Заквітчайте дівчата могили,
Тих стрільців, що впали в бою,
Заспівайте їм пісню весною,
Як цвіти заквітнуть в маю.

Заквітчайте їх кріси у цвіти,
Кулемети в стрічки прикрасіть,
Бо вільної Вкраїни ви діти,
І за щастя її в бій ідіть.','["pisni.org.ua", "cat:povstanski", "Повстанські пісні"]',1,'published',COALESCE((SELECT created_at FROM songs WHERE id='pisniua_4118436'), datetime('now')),datetime('now'));
INSERT OR REPLACE INTO songs_fts(song_id,title,lyrics) VALUES ('pisniua_4118436','Розпрощались стрільці','Розпрощались стрільці вже з ріднями,
У далекий похід відійшли,
Там, де грали побідно гармати,
Сталеві полки їх пішли.

Ми підемо ясними шляхами,
До сонця, до щастя весни,
І прапори замають в просторах
І сповняться мрії і сни.

Перейдуть залізні колони,
По рідних степах і лісах,
І стануть на рідного краю кордонах
У гору піднесуть свій стяг.

Заквітчайте дівчата могили,
Тих стрільців, що впали в бою,
Заспівайте їм пісню весною,
Як цвіти заквітнуть в маю.

Заквітчайте їх кріси у цвіти,
Кулемети в стрічки прикрасіть,
Бо вільної Вкраїни ви діти,
І за щастя її в бій ідіть.');
INSERT OR REPLACE INTO songs (id,title,subtitle,lang,country,period,year,source,notes,lyrics,tags_json,lang_locked,status,created_at,updated_at) VALUES ('pisniua_4118535','О, Пречиста',NULL,'uk','ukraine_1991',NULL,NULL,'http://www.bazylianie.pl/mlolytownyk/pisni.htm',NULL,'О, Пречиста, благодати повна,
Наче сонце сяє одяг Твій!
Біля скраней зоряна корона,
Під стопами в''ється пекла змій.

Райська Діво, небесна царице, |
Наша Ненько, пречиста Дівице, |
Від дітей прийми, Маріє, дар, |
Прийми мольби і любови жар.   | (2)

Вже невіра Бога відкидає,
До борні завзятий ворог став,
Хай покров Твій всіх нас покриває,
Щоб у бою з нас ніхто не впав.
Райська Діво... Райська Діво...','["pisni.org.ua", "cat:cerkovni", "cat:do-bohorodyci", "Церковні пісні", "Пісні до Богородиці"]',1,'published',COALESCE((SELECT created_at FROM songs WHERE id='pisniua_4118535'), datetime('now')),datetime('now'));
INSERT OR REPLACE INTO songs_fts(song_id,title,lyrics) VALUES ('pisniua_4118535','О, Пречиста','О, Пречиста, благодати повна,
Наче сонце сяє одяг Твій!
Біля скраней зоряна корона,
Під стопами в''ється пекла змій.

Райська Діво, небесна царице, |
Наша Ненько, пречиста Дівице, |
Від дітей прийми, Маріє, дар, |
Прийми мольби і любови жар.   | (2)

Вже невіра Бога відкидає,
До борні завзятий ворог став,
Хай покров Твій всіх нас покриває,
Щоб у бою з нас ніхто не впав.
Райська Діво... Райська Діво...');
INSERT OR REPLACE INTO songs (id,title,subtitle,lang,country,period,year,source,notes,lyrics,tags_json,lang_locked,status,created_at,updated_at) VALUES ('pisniua_41185','Коли до губ твоїх','Музика: Тарас Чубай Слова: Григорій Чубай. Виконує: Плач Єремії, Тарас Чубай','uk','ukraine_before_1917',NULL,NULL,'Пісневир. Молодіжний співаник. Львів 2001',NULL,'Коли до губ твоїх лишається півподиху,
Коли до губ твоїх лишається півкроку -
Зіниці твої виткані із подиву,
В очах у тебе синьо і широко.

Щось шепчеш зачаровано і тихо ти,
Той шепіт мою тишу синьо крає,
І забуваю я, що вмію дихати,
І що ходити вмію, забуваю.

А чорний птах повік твоїх здіймається
І впевненість мою кудись відмає.
Неступленим півкроку залишається,
Півподиху у горлі застрягає.

Зіниці твої виткані із подиву,
В очах у тебе синьо і широко,
Але до губ твоїх лишається півподиху,
До губ твоїх лишається півкроку.

Але до губ твоїх лишається півподиху,
До губ твоїх лишається півкроку.','["pisni.org.ua", "cat:lirychni", "Пісні про кохання, ліричні"]',1,'published',COALESCE((SELECT created_at FROM songs WHERE id='pisniua_41185'), datetime('now')),datetime('now'));
INSERT OR REPLACE INTO songs_fts(song_id,title,lyrics) VALUES ('pisniua_41185','Коли до губ твоїх','Коли до губ твоїх лишається півподиху,
Коли до губ твоїх лишається півкроку -
Зіниці твої виткані із подиву,
В очах у тебе синьо і широко.

Щось шепчеш зачаровано і тихо ти,
Той шепіт мою тишу синьо крає,
І забуваю я, що вмію дихати,
І що ходити вмію, забуваю.

А чорний птах повік твоїх здіймається
І впевненість мою кудись відмає.
Неступленим півкроку залишається,
Півподиху у горлі застрягає.

Зіниці твої виткані із подиву,
В очах у тебе синьо і широко,
Але до губ твоїх лишається півподиху,
До губ твоїх лишається півкроку.

Але до губ твоїх лишається півподиху,
До губ твоїх лишається півкроку.');
INSERT OR REPLACE INTO song_links (id,song_id,title,url,kind,version_id,sort_order) VALUES ('pisniua_41185_l1','pisniua_41185','YouTube','https://www.youtube.com/watch?v=3KQHg7o_NQA','video',NULL,1);
INSERT OR REPLACE INTO song_links (id,song_id,title,url,kind,version_id,sort_order) VALUES ('pisniua_41185_l2','pisniua_41185','YouTube','https://www.youtube.com/watch?v=8JQ66l2LNIo','video',NULL,2);
INSERT OR REPLACE INTO song_links (id,song_id,title,url,kind,version_id,sort_order) VALUES ('pisniua_41185_l3','pisniua_41185','YouTube','https://www.youtube.com/watch?v=PgsNJoj6BQg','video',NULL,3);
INSERT OR REPLACE INTO song_links (id,song_id,title,url,kind,version_id,sort_order) VALUES ('pisniua_41185_l4','pisniua_41185','Переглянути варіанти >>','https://www.pisni.org.ua/#variants','external',NULL,4);
INSERT OR REPLACE INTO songs (id,title,subtitle,lang,country,period,year,source,notes,lyrics,tags_json,lang_locked,status,created_at,updated_at) VALUES ('pisniua_4119981','Шинкарочко, потанцюй!','Музика: народ Слова: народ','uk','ukraine_1991',NULL,NULL,'З пам''яті','Текст можна імпровізувати, наскільки вистачить фантазії, багаторазово повторюваний приспів підхоплюється всіма. Рубрикація: жартівливі, танцювальні мелодії.','По вулиці, по газонам
Бігла баба з макогоном.
Приспів.
Шинкарочко, потанцюй!
Підборцями подрібцюй! | (2)

Од Ковеля до Кишінок
Козак знає кожен шинок.
Приспів.

Від Кишінок до Жмеринки
Я тікав від злої жінки.
Приспів.

Від Жмеринки в Кременчук
Я від жінки утечу.
Приспів.

А у вас в Мелитополі
Шинкарочки мов тополі!
Приспів.

А під Стриєм у діброві
Шинкарочки чорноброві.
Приспів.

А від Стрию до Опішні
У дівчат вуста як вишні.
Приспів.

Од Опішні по Карпати
Вже нема куди тікати.
Приспів.

А в Поліссі та Волині
У шинкарок очі сині.
Приспів.

Від Волині до Мукачу
Відкоштую спотикачу.
Приспів.    фонограма-мінус(midi)','["pisni.org.ua", "cat:dances", "Пісні до танцю"]',1,'published',COALESCE((SELECT created_at FROM songs WHERE id='pisniua_4119981'), datetime('now')),datetime('now'));
INSERT OR REPLACE INTO songs_fts(song_id,title,lyrics) VALUES ('pisniua_4119981','Шинкарочко, потанцюй!','По вулиці, по газонам
Бігла баба з макогоном.
Приспів.
Шинкарочко, потанцюй!
Підборцями подрібцюй! | (2)

Од Ковеля до Кишінок
Козак знає кожен шинок.
Приспів.

Від Кишінок до Жмеринки
Я тікав від злої жінки.
Приспів.

Від Жмеринки в Кременчук
Я від жінки утечу.
Приспів.

А у вас в Мелитополі
Шинкарочки мов тополі!
Приспів.

А під Стриєм у діброві
Шинкарочки чорноброві.
Приспів.

А від Стрию до Опішні
У дівчат вуста як вишні.
Приспів.

Од Опішні по Карпати
Вже нема куди тікати.
Приспів.

А в Поліссі та Волині
У шинкарок очі сині.
Приспів.

Від Волині до Мукачу
Відкоштую спотикачу.
Приспів.    фонограма-мінус(midi)');
INSERT OR REPLACE INTO songs (id,title,subtitle,lang,country,period,year,source,notes,lyrics,tags_json,lang_locked,status,created_at,updated_at) VALUES ('pisniua_4120636','Глибокий синiй вечiр','(Эрев кахоль амок). Музика: Меір Аріель Слова: Михайло Рох','uk','ukraine_1991',NULL,'2009','http://www.youtube.com/watch?v=P83HK2tb5vQ','Переклад з івриту Про автора: http://www.shirim2006.narod.ru/Biografy/Meir_Ariel.htm © Copyright: Михаэль Рох, 2009 Свидетельство о публикации №1904095423 Виконує: Чекає на свого виконавця','В багряно-синім весь
Покрасуватися вечір вийшов.
Цівкою феміаму
Куриться дим кальяну.
Й шепче спокусник в тиші:
"Твій час все ближче,
Твій час все ближче..."

Який цей вечір синій
Який глибокий - Бог тільки знає!
Трапитись щось повинно ...
Мусить з''явитись дивно
Звідник й шукач невпинний
Хоча б ще раз,
Хоча б ще раз.

Все синєє - до смутку,
Глибоке - нескінченне.
В цей раз я хочу вмерти
Й шукаю смерті заради тебе.
Вмерти за тебе, вмерти...
На вічну згадку про вечір цей.

Глибокий синій вечір
Сережку Місяця поправляє.
Затаїсь біля входу
(варіант: Затаїсь на порозі),
Ніби на полюванні,
Щоби схопити здобич.
Вгамуй бажання, вгамуй бажання.

Все синєє - до смутку,
Глибоке - нескінченне.
В цей раз я хочу вмерти
Й шукаю смерті заради тебе.
Вмерти за тебе, вмерти...
На вічну згадку про вечір цей.','["pisni.org.ua", "cat:translations", "Переклади іноземних пісень"]',1,'published',COALESCE((SELECT created_at FROM songs WHERE id='pisniua_4120636'), datetime('now')),datetime('now'));
INSERT OR REPLACE INTO songs_fts(song_id,title,lyrics) VALUES ('pisniua_4120636','Глибокий синiй вечiр','В багряно-синім весь
Покрасуватися вечір вийшов.
Цівкою феміаму
Куриться дим кальяну.
Й шепче спокусник в тиші:
"Твій час все ближче,
Твій час все ближче..."

Який цей вечір синій
Який глибокий - Бог тільки знає!
Трапитись щось повинно ...
Мусить з''явитись дивно
Звідник й шукач невпинний
Хоча б ще раз,
Хоча б ще раз.

Все синєє - до смутку,
Глибоке - нескінченне.
В цей раз я хочу вмерти
Й шукаю смерті заради тебе.
Вмерти за тебе, вмерти...
На вічну згадку про вечір цей.

Глибокий синій вечір
Сережку Місяця поправляє.
Затаїсь біля входу
(варіант: Затаїсь на порозі),
Ніби на полюванні,
Щоби схопити здобич.
Вгамуй бажання, вгамуй бажання.

Все синєє - до смутку,
Глибоке - нескінченне.
В цей раз я хочу вмерти
Й шукаю смерті заради тебе.
Вмерти за тебе, вмерти...
На вічну згадку про вечір цей.');
INSERT OR REPLACE INTO song_links (id,song_id,title,url,kind,version_id,sort_order) VALUES ('pisniua_4120636_l1','pisniua_4120636','YouTube','https://www.youtube.com/watch?v=P83HK2tb5vQ','video',NULL,1);
INSERT OR REPLACE INTO songs (id,title,subtitle,lang,country,period,year,source,notes,lyrics,tags_json,lang_locked,status,created_at,updated_at) VALUES ('pisniua_4118735','Согласно заспіваймо',NULL,'uk','ukraine_1991',NULL,NULL,'http://www.bazylianie.pl/mlolytownyk/pisni.htm',NULL,'Согласно заспіваймо,
Веселімся разом днесь,
Ісуса прославляймо,
Він бо із мертвих воскрес!

Приспів:
Христос воскрес із мертвих,               |
Воскрес, воскрес, воскрес із мертвих,     |
Смертю, смертю смерть подолав             |
I тим, що в гробах, життя, життя дарував. | (2)

Мироносиці жени
Ранком до гроба ідуть,
Мира на святі рани,
Плачучи з собою несуть.

Приспів.

По дорозі питають:
"Хто ж нам камінь відвалить?"
I сумують, ридають:
"Хто ж нам в поміч поспішить?"

Приспів.

Ангел Божий наперед
Камінь з гроба відвалив
I невістам возвістив,
Що Ісус смерть побідив.

Приспів.

Жінки до гробу ввійшли,
Де лежав безсмертний цар,
Його в гробі не знайшли,
Тільки ризи і судар.

Приспів.

Согласно заспіваймо,
Воскреслого вітаймо,
Радуймося нині всі,
Як ангели в небесіх.

Приспів','["pisni.org.ua", "cat:cerkovni", "cat:christian", "cat:voskresni", "Церковні пісні", "Пісні на християнську тематику", "Воскресні пісні"]',1,'published',COALESCE((SELECT created_at FROM songs WHERE id='pisniua_4118735'), datetime('now')),datetime('now'));
INSERT OR REPLACE INTO songs_fts(song_id,title,lyrics) VALUES ('pisniua_4118735','Согласно заспіваймо','Согласно заспіваймо,
Веселімся разом днесь,
Ісуса прославляймо,
Він бо із мертвих воскрес!

Приспів:
Христос воскрес із мертвих,               |
Воскрес, воскрес, воскрес із мертвих,     |
Смертю, смертю смерть подолав             |
I тим, що в гробах, життя, життя дарував. | (2)

Мироносиці жени
Ранком до гроба ідуть,
Мира на святі рани,
Плачучи з собою несуть.

Приспів.

По дорозі питають:
"Хто ж нам камінь відвалить?"
I сумують, ридають:
"Хто ж нам в поміч поспішить?"

Приспів.

Ангел Божий наперед
Камінь з гроба відвалив
I невістам возвістив,
Що Ісус смерть побідив.

Приспів.

Жінки до гробу ввійшли,
Де лежав безсмертний цар,
Його в гробі не знайшли,
Тільки ризи і судар.

Приспів.

Согласно заспіваймо,
Воскреслого вітаймо,
Радуймося нині всі,
Як ангели в небесіх.

Приспів');
INSERT OR REPLACE INTO songs (id,title,subtitle,lang,country,period,year,source,notes,lyrics,tags_json,lang_locked,status,created_at,updated_at) VALUES ('pisniua_411981','Через поле широкоє','Українська народна пісня','uk','ukraine_before_1917',NULL,NULL,'Закарпатські народні пісні / упор. З.І.Василенко.- К.: Вид. АН УРСР, 1962','Anrzej (член клубу) Мені відомий ще такий варіант куплета: Чому-сь до ня не приходив, Коли-м ти веліла - Усю нічку на припічку Свічечка горіла.','Через поле широкоє
Натягнена нитка;
Чому-сь до ня не приходив —   |
Нічка була видка?             | (2)

Чому-сь до ня не приходив,
Коли-м тя чекала?
Від вечора до півночі         |
Лампа не вгасала.             | (2)

Чому-сь до ня не приходив,
Коли-м тя чекала?
Ти повернув лиш на зорі,      |
А я уже спала.                | (2)

Не ходи ми попід вікна,
Не топчи ми грядку,
Я вже до тя більш не вийду,   |
Хоч чекай до ранку.           | (2)

Ой летіла ластівочка,
Загубила перце.
Я за милим не баную,          |
Лем-ня болить серце.          | (2)    Через поле широкоє (із Закарпаття)','["pisni.org.ua", "cat:zakarpatski", "Закарпатські пісні"]',1,'published',COALESCE((SELECT created_at FROM songs WHERE id='pisniua_411981'), datetime('now')),datetime('now'));
INSERT OR REPLACE INTO songs_fts(song_id,title,lyrics) VALUES ('pisniua_411981','Через поле широкоє','Через поле широкоє
Натягнена нитка;
Чому-сь до ня не приходив —   |
Нічка була видка?             | (2)

Чому-сь до ня не приходив,
Коли-м тя чекала?
Від вечора до півночі         |
Лампа не вгасала.             | (2)

Чому-сь до ня не приходив,
Коли-м тя чекала?
Ти повернув лиш на зорі,      |
А я уже спала.                | (2)

Не ходи ми попід вікна,
Не топчи ми грядку,
Я вже до тя більш не вийду,   |
Хоч чекай до ранку.           | (2)

Ой летіла ластівочка,
Загубила перце.
Я за милим не баную,          |
Лем-ня болить серце.          | (2)    Через поле широкоє (із Закарпаття)');
INSERT OR REPLACE INTO song_links (id,song_id,title,url,kind,version_id,sort_order) VALUES ('pisniua_411981_l1','pisniua_411981','YouTube','https://www.youtube.com/watch?v=TFHQ89HaLpA','video',NULL,1);
INSERT OR REPLACE INTO song_links (id,song_id,title,url,kind,version_id,sort_order) VALUES ('pisniua_411981_l2','pisniua_411981','YouTube','https://www.youtube.com/watch?v=vh3_ShAvMCU','video',NULL,2);
INSERT OR REPLACE INTO song_links (id,song_id,title,url,kind,version_id,sort_order) VALUES ('pisniua_411981_l3','pisniua_411981','YouTube','https://www.youtube.com/watch?v=-SYkeA-Nvz0','video',NULL,3);
INSERT OR REPLACE INTO songs (id,title,subtitle,lang,country,period,year,source,notes,lyrics,tags_json,lang_locked,status,created_at,updated_at) VALUES ('pisniua_41232','Б''ютіфул Карпати','Музика: Мертвий півень Слова: Мертвий півень. Виконує: Мертвий півень','uk','ukraine_before_1917',NULL,NULL,'Пісневир. Молодіжний співаник. Львів 2001',NULL,'Іду я плаєм в синю даль -
Висить Марічка на смерічці.
Парує сивий дим проваль,
Цвіте червлена ружа-чічка.

Пр.:
Б''ютіфул Карпати!
Верховина, рідна мати,
Dm
Не дай же нам погибати!
Б''ютіфул Карпати!

За небокраєм небокрай,
Трембіти голос чути в лісі.
А он ялинок ген розмай
І синьо-жовта фана в стрісі.

Пр.

Залазить п''яне сонце в річку,
Останній промінь свій кидає.
Іде Іванко до Марічки
І пісеньку співає.

Пр.

* В оригіналі виконується з акорда H#m.
Мені ж пасує з Hm.','["pisni.org.ua", "cat:krasa-pryrody", "cat:zhartivlyvi", "Пісні про красу природи", "Жартівливі пісні"]',1,'published',COALESCE((SELECT created_at FROM songs WHERE id='pisniua_41232'), datetime('now')),datetime('now'));
INSERT OR REPLACE INTO songs_fts(song_id,title,lyrics) VALUES ('pisniua_41232','Б''ютіфул Карпати','Іду я плаєм в синю даль -
Висить Марічка на смерічці.
Парує сивий дим проваль,
Цвіте червлена ружа-чічка.

Пр.:
Б''ютіфул Карпати!
Верховина, рідна мати,
Dm
Не дай же нам погибати!
Б''ютіфул Карпати!

За небокраєм небокрай,
Трембіти голос чути в лісі.
А он ялинок ген розмай
І синьо-жовта фана в стрісі.

Пр.

Залазить п''яне сонце в річку,
Останній промінь свій кидає.
Іде Іванко до Марічки
І пісеньку співає.

Пр.

* В оригіналі виконується з акорда H#m.
Мені ж пасує з Hm.');
INSERT OR REPLACE INTO song_links (id,song_id,title,url,kind,version_id,sort_order) VALUES ('pisniua_41232_l1','pisniua_41232','Переглянути варіанти >>','https://www.pisni.org.ua/#variants','external',NULL,1);
INSERT OR REPLACE INTO songs (id,title,subtitle,lang,country,period,year,source,notes,lyrics,tags_json,lang_locked,status,created_at,updated_at) VALUES ('pisniua_4118787','Люди мої, люди','Слова: о. І. Дуцько','uk','ukraine_1991',NULL,NULL,'http://www.bazylianie.pl/mlolytownyk/pisni.htm','"Церковні пісні", Вид. підприємст. "Стрім", Львів-2007, с. 25. Підбір акордів, комп''ютерне відтворення.','Люди Мої, люди! Що ж Я вам вчинив?
Або чим же Я вас коли оскорбив?
Я сліпцям лиш вашим очі відкривав,
Многих прокажених ваших очищав
Та й недужих з ложа болізні зводив,
Но нічим Я досі вам не догодив.

Люди Мої, люди! Що ж Я вам зділав?
Та й яку відплату Я від вас дістав?
Жовч гірку за манну, а за воду - квас;
Місто м''я любити, ви Мене сейчас
На хресті розп''яли, серед страшних мук,
Кров Мою пролляли з серця, ніг і рук.

Люди Мої, люди! Доки вам терплю?
Я до себе всякі народи призву,
I вони прославлять ще Моє ім''я,
I з Отцем і Духом звеличають м''я.
Я себе жертвую днесь за Мій народ,
Вірним всім дарую на віки живот.','["pisni.org.ua", "cat:cerkovni", "cat:strasni", "Церковні пісні", "Страсні пісні"]',1,'published',COALESCE((SELECT created_at FROM songs WHERE id='pisniua_4118787'), datetime('now')),datetime('now'));
INSERT OR REPLACE INTO songs_fts(song_id,title,lyrics) VALUES ('pisniua_4118787','Люди мої, люди','Люди Мої, люди! Що ж Я вам вчинив?
Або чим же Я вас коли оскорбив?
Я сліпцям лиш вашим очі відкривав,
Многих прокажених ваших очищав
Та й недужих з ложа болізні зводив,
Но нічим Я досі вам не догодив.

Люди Мої, люди! Що ж Я вам зділав?
Та й яку відплату Я від вас дістав?
Жовч гірку за манну, а за воду - квас;
Місто м''я любити, ви Мене сейчас
На хресті розп''яли, серед страшних мук,
Кров Мою пролляли з серця, ніг і рук.

Люди Мої, люди! Доки вам терплю?
Я до себе всякі народи призву,
I вони прославлять ще Моє ім''я,
I з Отцем і Духом звеличають м''я.
Я себе жертвую днесь за Мій народ,
Вірним всім дарую на віки живот.');
INSERT OR REPLACE INTO song_links (id,song_id,title,url,kind,version_id,sort_order) VALUES ('pisniua_4118787_l1','pisniua_4118787','YouTube','https://www.youtube.com/watch?v=WRr9Sn-ukPg','video',NULL,1);
INSERT OR REPLACE INTO songs (id,title,subtitle,lang,country,period,year,source,notes,lyrics,tags_json,lang_locked,status,created_at,updated_at) VALUES ('pisniua_4120889','Все мине','(Всё пройдет). Музика: Максим Дунаєвський Слова: Михайло Рох','uk','ukraine_1991',NULL,NULL,'http://www.poetryclub.com.ua/upload/poem_all/00123591.mp3','Виконує: Чекає на свого виконавця','Знов про те, що день іде із Землі
Соловей спiває
Цей день мабуть десь в майбутті
Ми ще пригадаєм.
Пригадаємо як Місяць пливе
По нічному небу
Лиш про те, що все мине
Згадувать не треба
Лиш про те, що все мине
Згадувать не треба

Все мине i журба, і радiсть
Все мине так влаштован світ
Все мине тільки варто знати
Що любов не проходить, ні

Заспівай, як кораблі в далечiнь
Йдуть на зустріч долі
І про те, що створено світ
Заради любові.
Як закохані навічно серця
Шепчуть поміж себе.
Лиш про те що все мине
Згадувать не треба
Лиш про те що все мине
Згадувать не треба

Все мине i журба, і радiсть
Все мине так влаштован світ
Все мине тільки варто знати
Що любов не проходить, ні

Знов про те що день іде із Землі
Соловей спiває
Цей день мабуть десь в майбутті
Ми ще пригадаєм.
Пригадаємо як зірки всю ніч
Мерехтять у небі
Лиш про те що все мине
Згадувать не треба
Лиш про те що все мине
Згадувать не треба','["pisni.org.ua", "cat:translations", "Переклади іноземних пісень"]',1,'published',COALESCE((SELECT created_at FROM songs WHERE id='pisniua_4120889'), datetime('now')),datetime('now'));
INSERT OR REPLACE INTO songs_fts(song_id,title,lyrics) VALUES ('pisniua_4120889','Все мине','Знов про те, що день іде із Землі
Соловей спiває
Цей день мабуть десь в майбутті
Ми ще пригадаєм.
Пригадаємо як Місяць пливе
По нічному небу
Лиш про те, що все мине
Згадувать не треба
Лиш про те, що все мине
Згадувать не треба

Все мине i журба, і радiсть
Все мине так влаштован світ
Все мине тільки варто знати
Що любов не проходить, ні

Заспівай, як кораблі в далечiнь
Йдуть на зустріч долі
І про те, що створено світ
Заради любові.
Як закохані навічно серця
Шепчуть поміж себе.
Лиш про те що все мине
Згадувать не треба
Лиш про те що все мине
Згадувать не треба

Все мине i журба, і радiсть
Все мине так влаштован світ
Все мине тільки варто знати
Що любов не проходить, ні

Знов про те що день іде із Землі
Соловей спiває
Цей день мабуть десь в майбутті
Ми ще пригадаєм.
Пригадаємо як зірки всю ніч
Мерехтять у небі
Лиш про те що все мине
Згадувать не треба
Лиш про те що все мине
Згадувать не треба');
INSERT OR REPLACE INTO songs (id,title,subtitle,lang,country,period,year,source,notes,lyrics,tags_json,lang_locked,status,created_at,updated_at) VALUES ('pisniua_4120736','Колискова','Українська народна пісня. Виконує: Кобза','uk','ukraine_before_1917',NULL,NULL,'аудіозапис',NULL,'Тихим став за вікнами вечір,
Зорями він лагідно світить,
Наче дивляться з небес чарівні очі,   |
Зустрічають мрії ночі.                | (2)

Засинай, побачиш сон-казку
Про далекий край за тим морем,
Де добро і ласка ніжно обіймають      |
Перші почуття любові.                 | (2)

В тім краю чекають нас друзі,
Щоб зустріти разом схід Сонця,
Що засяє, наче вежа, вежа кришталева  |
У твоє віконце.                       | (2)

Там за гаєм заспівав вітер
І птахи з країв казкових
Принесуть на крилах щастя барвінкове, |
Сподівання і надію.                   | (2)','["pisni.org.ua", "cat:kolyskovi", "Колискові"]',1,'published',COALESCE((SELECT created_at FROM songs WHERE id='pisniua_4120736'), datetime('now')),datetime('now'));
INSERT OR REPLACE INTO songs_fts(song_id,title,lyrics) VALUES ('pisniua_4120736','Колискова','Тихим став за вікнами вечір,
Зорями він лагідно світить,
Наче дивляться з небес чарівні очі,   |
Зустрічають мрії ночі.                | (2)

Засинай, побачиш сон-казку
Про далекий край за тим морем,
Де добро і ласка ніжно обіймають      |
Перші почуття любові.                 | (2)

В тім краю чекають нас друзі,
Щоб зустріти разом схід Сонця,
Що засяє, наче вежа, вежа кришталева  |
У твоє віконце.                       | (2)

Там за гаєм заспівав вітер
І птахи з країв казкових
Принесуть на крилах щастя барвінкове, |
Сподівання і надію.                   | (2)');
INSERT OR REPLACE INTO song_links (id,song_id,title,url,kind,version_id,sort_order) VALUES ('pisniua_4120736_l1','pisniua_4120736','YouTube','https://www.youtube.com/watch?v=3Ich1iv9Rrg','video',NULL,1);
INSERT OR REPLACE INTO songs (id,title,subtitle,lang,country,period,year,source,notes,lyrics,tags_json,lang_locked,status,created_at,updated_at) VALUES ('pisniua_412333','А в Горобейка Жінка Маленька','Українська народна пісня','uk','ukraine_before_1917',NULL,NULL,'1. Котилася Торба. Українські народні дитячі ігри. Київ "Веселка" 1990. 32с.','Пісня-гра. Гаївки-Великдень: Українське свято Відродження Світа. Еротика, жарти, забави: Катерини – Калета – Андрія... Гаївки-Великдень... Зелені Свята... Івана Купала... Весілля... – Щедровечірнє й Новорічне: Маланки-Василь. Коза. Кіт... А в Горобейка Жінка Маленька. Стежки до листків про Українські традиції.','А в Горобейка Жінка Маленька

Дівчата беруться за руки і співають.
Під час співу дві крайні Дівчини підіймають руки
і пропускають попід ними всіх інших:

А в Горобейка Жінка Маленька
Сидить на Кілочку пряде на Сорочку
Що виведе нитку Гороб''ю на Свитку
Остануться кінці Гороб''ю на Штанці
Остануться торочки Гороб''ю на Сорочки','["pisni.org.ua", "cat:dytyachi", "cat:lirychni", "cat:narodni", "cat:vesnyanky-hayivky", "Дитячі пісні", "Пісні про кохання, ліричні", "Народні пісні", "Веснянки та гаївки"]',1,'published',COALESCE((SELECT created_at FROM songs WHERE id='pisniua_412333'), datetime('now')),datetime('now'));
INSERT OR REPLACE INTO songs_fts(song_id,title,lyrics) VALUES ('pisniua_412333','А в Горобейка Жінка Маленька','А в Горобейка Жінка Маленька

Дівчата беруться за руки і співають.
Під час співу дві крайні Дівчини підіймають руки
і пропускають попід ними всіх інших:

А в Горобейка Жінка Маленька
Сидить на Кілочку пряде на Сорочку
Що виведе нитку Гороб''ю на Свитку
Остануться кінці Гороб''ю на Штанці
Остануться торочки Гороб''ю на Сорочки');
INSERT OR REPLACE INTO songs (id,title,subtitle,lang,country,period,year,source,notes,lyrics,tags_json,lang_locked,status,created_at,updated_at) VALUES ('pisniua_412230','Коли не було з Нащада Світа','Українська народна пісня. Виконує: Ніна Матвієнко','uk','ukraine_before_1917',NULL,NULL,'Староукраїнські релігійні роздуми про Бога © Видавництво "Павутинонька", Нью Йорк – Львів – Київ – Харків – Москва, 2004','Колядка стародавня: Українське Різдво Світа (Коляда). Тогди не було Неба ні Землі. Різдво Сьвіта. Сотворення Неба і Землі. А йак то було с Почітку Сьвіта А що нам було з Нащаду Світа Гей як там було на Початку Світа Є Сьвіт Великий є ще й Сине Море Коли не било з Нащада Світа Коли не було з Нащада Світа Колись то було з Початку Світа Ой грало Море в Неділю рано Ой як се було на Початку Світа Ой як то ще було із Нащада Світа Сїдїв Голубок в Тихім Дунаю Стояла Сосна серед Дунаю Щож нам було з Світа почитку Боже Наш Як ще не було Початку Світа Ой но на Морі Павутиноньки. Радуйся Земле Коляда іде! Листки з приводу цієї Пісні: Українські релігійні роздуми про Бога. Колядки про Почин Світа. Первовічне Дерево і ідеал духового Творця Світа. Українське Свято Воведення 4.12 - Передріздвяний Святочний час. Первовічна Павутинка: Ой як то було з Початку Світа Стежки до листків про Українські традиції.','Коли не було з Нащада Світа Святий Вечір!
Тоді не було Неба ні Землі Добрий Вечір!
А но лем було Синєє Море Святий Вечір!
А серед Моря Зелений Явір Добрий Вечір!

На Явороньку Три Голубоньки Святий Вечір!
Три Голубоньки Радоньку радять Добрий Вечір!
Радоньку радять як Сьвіт сновати Святий Вечір!

Та спустимося на Дно до Моря Добрий Вечір!
Та дістанемо Дрібного Піску Святий Вечір!
Дрібний Пісочок посіємо Ми Добрий Вечір!

Там Нам ся стане Чорна Землиця Святий Вечір!
Та спустимося на Дно до Моря  Добрий Вечір!
Там дістанемо Золотий Камінь Святий Вечір!
Золотий Камінь посіємо Ми Добрий Вечір!
Там Нам ся стане Ясне Небонько Святий Вечір!

Ясне Небонько Світле Сонінько Добрий Вечір!
Світле Сонінько Ясен Місячик Святий Вечір!
Ясен Місячик Ясна Зірниця Добрий Вечір!
Ясна Зірниця Дрібні Звіздочки Святий Вечір!','["pisni.org.ua", "cat:kolyadky", "cat:philosophic", "cat:shchedrivky", "Колядки", "Філософські пісні", "Щедрівки"]',1,'published',COALESCE((SELECT created_at FROM songs WHERE id='pisniua_412230'), datetime('now')),datetime('now'));
INSERT OR REPLACE INTO songs_fts(song_id,title,lyrics) VALUES ('pisniua_412230','Коли не було з Нащада Світа','Коли не було з Нащада Світа Святий Вечір!
Тоді не було Неба ні Землі Добрий Вечір!
А но лем було Синєє Море Святий Вечір!
А серед Моря Зелений Явір Добрий Вечір!

На Явороньку Три Голубоньки Святий Вечір!
Три Голубоньки Радоньку радять Добрий Вечір!
Радоньку радять як Сьвіт сновати Святий Вечір!

Та спустимося на Дно до Моря Добрий Вечір!
Та дістанемо Дрібного Піску Святий Вечір!
Дрібний Пісочок посіємо Ми Добрий Вечір!

Там Нам ся стане Чорна Землиця Святий Вечір!
Та спустимося на Дно до Моря  Добрий Вечір!
Там дістанемо Золотий Камінь Святий Вечір!
Золотий Камінь посіємо Ми Добрий Вечір!
Там Нам ся стане Ясне Небонько Святий Вечір!

Ясне Небонько Світле Сонінько Добрий Вечір!
Світле Сонінько Ясен Місячик Святий Вечір!
Ясен Місячик Ясна Зірниця Добрий Вечір!
Ясна Зірниця Дрібні Звіздочки Святий Вечір!');
INSERT OR REPLACE INTO song_links (id,song_id,title,url,kind,version_id,sort_order) VALUES ('pisniua_412230_l1','pisniua_412230','YouTube','https://www.youtube.com/watch?v=NuWe7WZXFdI','video',NULL,1);
INSERT OR REPLACE INTO songs (id,title,subtitle,lang,country,period,year,source,notes,lyrics,tags_json,lang_locked,status,created_at,updated_at) VALUES ('pisniua_4125131','Чогось мені та й дрімається','Українська народна пісня. Виконує: Муравський шлях','uk','ukraine_before_1917',NULL,NULL,'аудіозапис, http://www.murshliakh.kharkov.ua',NULL,'Чогось мені та й дрімається,
Ой, да конь вороной спотикається.

Конь вороной спотикається,
Ой, да як спущу я коня у долину.

Як спущу я коня й у долину,
Ой, да я сам ляжу спати на часину.

Я й сам ляжу спати на часину,
Ой, да я спав й не спав не час, не годину.

Я спав й не спав не час, не годину,
Ой, да прийшла к йому молода дівчина.

Прийшла ж к йому молода дівчина,
Ой, да встань, козаче, годі тобі спати!

Встань, козаче, годі тобі спати!
Ой, да прийшли турки, турки воювати.

Прийшли же турки, турки воювати,
Ой, да хотять коня, коня твого взяти.

Хотять коня, коня твого взяти,
А твою головку хотять зарубати.','["pisni.org.ua", "cat:kozacki", "Козацькі пісні"]',1,'published',COALESCE((SELECT created_at FROM songs WHERE id='pisniua_4125131'), datetime('now')),datetime('now'));
INSERT OR REPLACE INTO songs_fts(song_id,title,lyrics) VALUES ('pisniua_4125131','Чогось мені та й дрімається','Чогось мені та й дрімається,
Ой, да конь вороной спотикається.

Конь вороной спотикається,
Ой, да як спущу я коня у долину.

Як спущу я коня й у долину,
Ой, да я сам ляжу спати на часину.

Я й сам ляжу спати на часину,
Ой, да я спав й не спав не час, не годину.

Я спав й не спав не час, не годину,
Ой, да прийшла к йому молода дівчина.

Прийшла ж к йому молода дівчина,
Ой, да встань, козаче, годі тобі спати!

Встань, козаче, годі тобі спати!
Ой, да прийшли турки, турки воювати.

Прийшли же турки, турки воювати,
Ой, да хотять коня, коня твого взяти.

Хотять коня, коня твого взяти,
А твою головку хотять зарубати.');
INSERT OR REPLACE INTO songs (id,title,subtitle,lang,country,period,year,source,notes,lyrics,tags_json,lang_locked,status,created_at,updated_at) VALUES ('pisniua_412287','Пливе кача','Українська народна пісня. Виконує: Тарас Чубай, Скрябін, Плач Єремії, Піккардійська Терція, Черемшина, Ансамбль Львівського Університету "Черемош", Маріанна Гавриш, Дарина Степанюк, Ансамбль пісні і танцю "Писанка", Гурт Friends in Kharkiv','uk','ukraine_before_1917',NULL,NULL,'CD- Тарас Чубай і Скрябін. "Наші партизани". 2000','Виконавці - "Піккардійська терція". Аранжування - "Піккардійська терція", В.Якимець. Соло - І. Павлюк. Факти та легенди про пісню: https://yedyni.org/plyve-kacha-fakty-ta-legendy-pro-czyu-pisnyu/ Підбір акордів: bohdanko','Вступ: Am (bass: A G F# F C H)  (x2)
Am
Пливе кача по Тисині,
Ой, пливе кача по Тисині.
G
Мамко моя, не лай мені.
Мамко моя, не лай мені.
Залаєш ми в злу годину,
Ой, залаєш ми в злу годину.
Сам не знаю, де погину.   (x2)
Погину я в чужім краю,
Погину я в чужім краю.
Хто ж ми буде брати яму?  (x2)
Виберут ми чужі люде,
Ой виберут ми чужі люде,
Ци не жаль ти, мамко, буде?
Ой, ци не жаль ти, мамко, буде?
Ой як мені, синку, не жаль?
Як же мені, синку, не жаль?
Ти на моїм серцю лежав.   (x2)
Пливе кача по Тисині,
Ой, пливе кача по Тисині.
Мамко моя, не лай мені.   (x2)','["pisni.org.ua", "cat:narodni", "cat:patriotic", "cat:rekrutski", "Народні пісні", "Патріотичні пісні", "Рекрутські пісні"]',1,'published',COALESCE((SELECT created_at FROM songs WHERE id='pisniua_412287'), datetime('now')),datetime('now'));
INSERT OR REPLACE INTO songs_fts(song_id,title,lyrics) VALUES ('pisniua_412287','Пливе кача','Вступ: Am (bass: A G F# F C H)  (x2)
Am
Пливе кача по Тисині,
Ой, пливе кача по Тисині.
G
Мамко моя, не лай мені.
Мамко моя, не лай мені.
Залаєш ми в злу годину,
Ой, залаєш ми в злу годину.
Сам не знаю, де погину.   (x2)
Погину я в чужім краю,
Погину я в чужім краю.
Хто ж ми буде брати яму?  (x2)
Виберут ми чужі люде,
Ой виберут ми чужі люде,
Ци не жаль ти, мамко, буде?
Ой, ци не жаль ти, мамко, буде?
Ой як мені, синку, не жаль?
Як же мені, синку, не жаль?
Ти на моїм серцю лежав.   (x2)
Пливе кача по Тисині,
Ой, пливе кача по Тисині.
Мамко моя, не лай мені.   (x2)');
INSERT OR REPLACE INTO song_links (id,song_id,title,url,kind,version_id,sort_order) VALUES ('pisniua_412287_l1','pisniua_412287','YouTube','https://www.youtube.com/watch?v=niqtejDFhCM','video',NULL,1);
INSERT OR REPLACE INTO song_links (id,song_id,title,url,kind,version_id,sort_order) VALUES ('pisniua_412287_l2','pisniua_412287','YouTube','https://www.youtube.com/watch?v=q9KlM-nDjCQ','video',NULL,2);
INSERT OR REPLACE INTO songs (id,title,subtitle,lang,country,period,year,source,notes,lyrics,tags_json,lang_locked,status,created_at,updated_at) VALUES ('pisniua_4121634','Випускний','Музика: Скрябін Слова: Андрій Кузьменко. Виконує: Скрябін','uk','ukraine_1991',NULL,NULL,'аудіозапис',NULL,'В спортзалі тихо - не бігають діти,
На стінах шарики і на столах квіти,
І не насварять за помаду вчителі,
Сьогодні можна, сьогодні - випускний!

Приспів:
Останній раз одягнеш форму і поплачеш,
Останній вальс танцює зі сльозами строгий завуч,
Тільки раз в каптьорці ти покуриш з фізруком
І перший раз до ранку не повернешся до дому...

Ти по дорослому сьогодні виглядаєш,
Закінчив школу, але дечого не знаєш.
Вдивись уважно в обличчя цих людей,
Бо будеш бачити багато з них в цей день.

Приспів.

Останній раз...   |
Останній вальс... | (2)

Ранкове сонце не спішиться підійматись,
Комусь вставати, а комусь лягати спати,
А ти гуляєш з друзями по місту,
Прийшов твій час прощатися з дитинством.

Приспів.

Останній раз...   |
Останній вальс... | (2)','["pisni.org.ua", "cat:nostalgia", "Пісні з ностальгічними мотивами"]',1,'published',COALESCE((SELECT created_at FROM songs WHERE id='pisniua_4121634'), datetime('now')),datetime('now'));
INSERT OR REPLACE INTO songs_fts(song_id,title,lyrics) VALUES ('pisniua_4121634','Випускний','В спортзалі тихо - не бігають діти,
На стінах шарики і на столах квіти,
І не насварять за помаду вчителі,
Сьогодні можна, сьогодні - випускний!

Приспів:
Останній раз одягнеш форму і поплачеш,
Останній вальс танцює зі сльозами строгий завуч,
Тільки раз в каптьорці ти покуриш з фізруком
І перший раз до ранку не повернешся до дому...

Ти по дорослому сьогодні виглядаєш,
Закінчив школу, але дечого не знаєш.
Вдивись уважно в обличчя цих людей,
Бо будеш бачити багато з них в цей день.

Приспів.

Останній раз...   |
Останній вальс... | (2)

Ранкове сонце не спішиться підійматись,
Комусь вставати, а комусь лягати спати,
А ти гуляєш з друзями по місту,
Прийшов твій час прощатися з дитинством.

Приспів.

Останній раз...   |
Останній вальс... | (2)');
INSERT OR REPLACE INTO song_links (id,song_id,title,url,kind,version_id,sort_order) VALUES ('pisniua_4121634_l1','pisniua_4121634','YouTube','https://www.youtube.com/watch?v=TM_uB0pYuE0','video',NULL,1);
INSERT OR REPLACE INTO songs (id,title,subtitle,lang,country,period,year,source,notes,lyrics,tags_json,lang_locked,status,created_at,updated_at) VALUES ('pisniua_4125931','Святий Петро','(жнивна). Українська народна пісня. Виконує: Веснянка','uk','ukraine_before_1917',NULL,NULL,'http://ukrmusic.com.ua',NULL,'Святий Петро й Іллю кличе:
"Ходи й Ілльо й погуляєм".

"Гуляй, святий Петро, сам же
Бо мнє, Гєллє, нема коли.

Вже косарі на болотє,
А женчики на роботє.

До косарєв обєд нестє,
До женчиков самим пойтє."','["pisni.org.ua", "cat:obzhynkovi", "Обжинкові пісні"]',1,'published',COALESCE((SELECT created_at FROM songs WHERE id='pisniua_4125931'), datetime('now')),datetime('now'));
INSERT OR REPLACE INTO songs_fts(song_id,title,lyrics) VALUES ('pisniua_4125931','Святий Петро','Святий Петро й Іллю кличе:
"Ходи й Ілльо й погуляєм".

"Гуляй, святий Петро, сам же
Бо мнє, Гєллє, нема коли.

Вже косарі на болотє,
А женчики на роботє.

До косарєв обєд нестє,
До женчиков самим пойтє."');
INSERT OR REPLACE INTO songs (id,title,subtitle,lang,country,period,year,source,notes,lyrics,tags_json,lang_locked,status,created_at,updated_at) VALUES ('pisniua_4125981','А сосонка літом і зимой','Українська народна пісня. Виконує: Веснянка, Ніна Матвієнко','uk','ukraine_before_1917',NULL,NULL,'http://ukrmusic.com.ua',NULL,'А сосонка       |
Літом і зимой   |
Зелена.         | (2)

Наша Ґаночка    |
В п''ятницю була |
Й весела.       | (2)

А в суботу      |
Русою косу      |
Чесала.         | (2)

А в неділю      |
Йшла до шлюбу   |
Та й плакала.   | (2)

"Ой жаль мені,  |
Моя матінко,    |
Й на тебе.      | (2)

Остається       |
Рутая м''ята     |
Вся в тебе."    | (2)

Відміна:
А сосонка літо і зиму зелена,
Сосонко, літо і зиму зелена.

А в п''ятницю була дівка весела,
А в п''ятницю була дівка весела.

А в суботу русую косу чесала,
В суботу русую косу чесала.

А в неділю ішла до шлюбу, плакала,
В неділю ішла до шлюбу, плакала.

Устань, устань, моя матінко, раненько,
Устань, устань, моя матінко, раненько.

Да поливай рутую м''яту частенько,
Да поливай рутую м''яту частенько.

Устань, устань, моя донечко, раніше,
Устань, устань, моя донечко, раніше.

Да поливай рутую м''яту частіше,
Да поливай рутую м''яту частіше.','["pisni.org.ua", "cat:vesilni", "Весільні пісні"]',1,'published',COALESCE((SELECT created_at FROM songs WHERE id='pisniua_4125981'), datetime('now')),datetime('now'));
INSERT OR REPLACE INTO songs_fts(song_id,title,lyrics) VALUES ('pisniua_4125981','А сосонка літом і зимой','А сосонка       |
Літом і зимой   |
Зелена.         | (2)

Наша Ґаночка    |
В п''ятницю була |
Й весела.       | (2)

А в суботу      |
Русою косу      |
Чесала.         | (2)

А в неділю      |
Йшла до шлюбу   |
Та й плакала.   | (2)

"Ой жаль мені,  |
Моя матінко,    |
Й на тебе.      | (2)

Остається       |
Рутая м''ята     |
Вся в тебе."    | (2)

Відміна:
А сосонка літо і зиму зелена,
Сосонко, літо і зиму зелена.

А в п''ятницю була дівка весела,
А в п''ятницю була дівка весела.

А в суботу русую косу чесала,
В суботу русую косу чесала.

А в неділю ішла до шлюбу, плакала,
В неділю ішла до шлюбу, плакала.

Устань, устань, моя матінко, раненько,
Устань, устань, моя матінко, раненько.

Да поливай рутую м''яту частенько,
Да поливай рутую м''яту частенько.

Устань, устань, моя донечко, раніше,
Устань, устань, моя донечко, раніше.

Да поливай рутую м''яту частіше,
Да поливай рутую м''яту частіше.');
INSERT OR REPLACE INTO songs (id,title,subtitle,lang,country,period,year,source,notes,lyrics,tags_json,lang_locked,status,created_at,updated_at) VALUES ('pisniua_4125838','Да село, наше село','Українська народна пісня. Виконує: Веснянка','uk','ukraine_before_1917',NULL,NULL,'http://ukrmusic.com.ua',NULL,'Да село, наше село,
Ой, чого й не весело?

Бо дівоньки заміж вийшли -
Нема кому на село вийти.

Нема кому на село вийти
Да село звеселити.

Да виходьте, селянки,
Заспіваємо веснянки.

Зимували, на печі спали -
Сорочок не напрали.

Да село, наше село,
Ой, чого й не весело?','["pisni.org.ua", "cat:vesnyanky-hayivky", "Веснянки та гаївки"]',1,'published',COALESCE((SELECT created_at FROM songs WHERE id='pisniua_4125838'), datetime('now')),datetime('now'));
INSERT OR REPLACE INTO songs_fts(song_id,title,lyrics) VALUES ('pisniua_4125838','Да село, наше село','Да село, наше село,
Ой, чого й не весело?

Бо дівоньки заміж вийшли -
Нема кому на село вийти.

Нема кому на село вийти
Да село звеселити.

Да виходьте, селянки,
Заспіваємо веснянки.

Зимували, на печі спали -
Сорочок не напрали.

Да село, наше село,
Ой, чого й не весело?');
INSERT OR REPLACE INTO songs (id,title,subtitle,lang,country,period,year,source,notes,lyrics,tags_json,lang_locked,status,created_at,updated_at) VALUES ('pisniua_4125236','Тихий гай','Музика: Віталій Калініченко Слова: Віталій Калініченко. Виконує: Веремій','uk','ukraine_1991',NULL,NULL,'http://vkontakte.ru/topic-1738091_12844044','Пісня присвячена темі еміграції','Там, де спить тихий гай снами...
Де в криницях - мав''ячих зіницях блиску ночей -
Поросли давно травою храми...
Вже й цимбали у похід не кличуть: Хей на хей!

В чужім краю долю шукаючи,
Останні крихти і сили втрачаючи,
Понад зорею небесною -
Понад Бугом!..понад Нарвою!..

Він дорогу додому шукав вічність минаючи...
Болотами, ярами в долонях віру стискаючи...
Вітер сльози витирав із його очей...
Хей на хей! Хей на хей!

Буйним квітом пахне земля...
Вільним плаєм спів журавля...
Твій шлях насвітанку веде додому ген за обрій...

Там, де сонце встає
Там, де спить тихий гай
Ти у колиску вітрів повертай...повертай...

Поза шляхами широкими,
Поза горами високими -
Ми шукаємо долю в чужім краю,
Забувши свій рідний....

А в нім буйним квітом пахне земля...
Вільним плаєм спів журавля...
Твій шлях насвітанку веде додому ген за обрій...

Там, де сонце встає
Там, де спить тихий гай
Ти у колиску вітрів повертай...повертай...','["pisni.org.ua", "cat:emigration", "Пісні про еміґрацію"]',1,'published',COALESCE((SELECT created_at FROM songs WHERE id='pisniua_4125236'), datetime('now')),datetime('now'));
INSERT OR REPLACE INTO songs_fts(song_id,title,lyrics) VALUES ('pisniua_4125236','Тихий гай','Там, де спить тихий гай снами...
Де в криницях - мав''ячих зіницях блиску ночей -
Поросли давно травою храми...
Вже й цимбали у похід не кличуть: Хей на хей!

В чужім краю долю шукаючи,
Останні крихти і сили втрачаючи,
Понад зорею небесною -
Понад Бугом!..понад Нарвою!..

Він дорогу додому шукав вічність минаючи...
Болотами, ярами в долонях віру стискаючи...
Вітер сльози витирав із його очей...
Хей на хей! Хей на хей!

Буйним квітом пахне земля...
Вільним плаєм спів журавля...
Твій шлях насвітанку веде додому ген за обрій...

Там, де сонце встає
Там, де спить тихий гай
Ти у колиску вітрів повертай...повертай...

Поза шляхами широкими,
Поза горами високими -
Ми шукаємо долю в чужім краю,
Забувши свій рідний....

А в нім буйним квітом пахне земля...
Вільним плаєм спів журавля...
Твій шлях насвітанку веде додому ген за обрій...

Там, де сонце встає
Там, де спить тихий гай
Ти у колиску вітрів повертай...повертай...');
INSERT OR REPLACE INTO song_links (id,song_id,title,url,kind,version_id,sort_order) VALUES ('pisniua_4125236_l1','pisniua_4125236','YouTube','https://www.youtube.com/watch?v=Z_zUjRbHCJk','video',NULL,1);
INSERT OR REPLACE INTO songs (id,title,subtitle,lang,country,period,year,source,notes,lyrics,tags_json,lang_locked,status,created_at,updated_at) VALUES ('pisniua_4128083','Колискова','Музика: Леся Тельнюк Слова: Дмитро Чередниченко. Виконує: Сестри Тельнюк','uk','ukraine_before_1917',NULL,NULL,'http://www.telnyuk.info',NULL,'Зелену колиску
Вітер гойдає в саду.
Птахи блакитні
На бильцях сидять.
В колисці постілонька
Луговая,
Подушечка
Пуховая.
Там сонячні зайчики
Сплять.
А птахи блакитні
На бильцях
Гойдаються.
Вітер яблуню
Потермосив,
У колиску яблук
Натрусив.
- А де ж тії зайчики? -
Діти питаються.
...Зелена колиска
Гойдається.','["pisni.org.ua", "cat:kolyskovi", "Колискові"]',1,'published',COALESCE((SELECT created_at FROM songs WHERE id='pisniua_4128083'), datetime('now')),datetime('now'));
INSERT OR REPLACE INTO songs_fts(song_id,title,lyrics) VALUES ('pisniua_4128083','Колискова','Зелену колиску
Вітер гойдає в саду.
Птахи блакитні
На бильцях сидять.
В колисці постілонька
Луговая,
Подушечка
Пуховая.
Там сонячні зайчики
Сплять.
А птахи блакитні
На бильцях
Гойдаються.
Вітер яблуню
Потермосив,
У колиску яблук
Натрусив.
- А де ж тії зайчики? -
Діти питаються.
...Зелена колиска
Гойдається.');
INSERT OR REPLACE INTO song_links (id,song_id,title,url,kind,version_id,sort_order) VALUES ('pisniua_4128083_l1','pisniua_4128083','YouTube','https://www.youtube.com/watch?v=JyuK_-g46ho','video',NULL,1);
INSERT OR REPLACE INTO songs (id,title,subtitle,lang,country,period,year,source,notes,lyrics,tags_json,lang_locked,status,created_at,updated_at) VALUES ('pisniua_4128131','Колискова','(Заходить за хмари зоря-зоряниця...). Музика: Оскар Сандлер Слова: Микола Сом. Виконує: невідомий виконавець, Олександр Таранець, Микола Кондратюк','uk','ukr_ssr_1919_1991',NULL,'1972','З пам''яті, 1972 рік','Альбом УТБ, "На добраніч, діти!"','Заходить за хмари зоря-зоряниця,
І гомін стихає кругом,
А місяць злітає, неначе жар-птиця,
Над сонним і тихим вікном.

Приспів:
Рученьки-ніженьки, лагідні очі,
Спокійної ночі, скінчилася гра.
Рученьки-ніженьки, лагідні очі,
Спокійної ночі, спати пора!

Хай сниться вам, діти, дідусева казка,
В якої щасливий кінець.
Хай татова сила і мамина ласка
Іде до маленьких сердець.

Приспів','["pisni.org.ua", "cat:dytyachi", "cat:kolyskovi", "Дитячі пісні", "Колискові"]',1,'published',COALESCE((SELECT created_at FROM songs WHERE id='pisniua_4128131'), datetime('now')),datetime('now'));
INSERT OR REPLACE INTO songs_fts(song_id,title,lyrics) VALUES ('pisniua_4128131','Колискова','Заходить за хмари зоря-зоряниця,
І гомін стихає кругом,
А місяць злітає, неначе жар-птиця,
Над сонним і тихим вікном.

Приспів:
Рученьки-ніженьки, лагідні очі,
Спокійної ночі, скінчилася гра.
Рученьки-ніженьки, лагідні очі,
Спокійної ночі, спати пора!

Хай сниться вам, діти, дідусева казка,
В якої щасливий кінець.
Хай татова сила і мамина ласка
Іде до маленьких сердець.

Приспів');
INSERT OR REPLACE INTO song_links (id,song_id,title,url,kind,version_id,sort_order) VALUES ('pisniua_4128131_l1','pisniua_4128131','YouTube','https://www.youtube.com/watch?v=0CAnblZ3YOk','video',NULL,1);
INSERT OR REPLACE INTO song_links (id,song_id,title,url,kind,version_id,sort_order) VALUES ('pisniua_4128131_l2','pisniua_4128131','YouTube','https://www.youtube.com/watch?v=1EBd5WnTLHI','video',NULL,2);
INSERT OR REPLACE INTO songs (id,title,subtitle,lang,country,period,year,source,notes,lyrics,tags_json,lang_locked,status,created_at,updated_at) VALUES ('pisniua_412583','Хата моя *','Музика: Тарас Чубай Слова: Тарас Чубай. Виконує: Плач Єремії','uk','ukraine_1991',NULL,NULL,'текст- http://vitaly.rivne.com/plach_jeremii/','Підбір акордів: bohdanko','Вступ:
A(V) A7M G(III) Dadd9 F       (2)
A(V) C#m(IV) F G#(IV) G(III)  (2)

A(V)      A7M            G(III)
Хата моя стоїть на горі
Десь високо під небом
A(V)        A7M          G(III)
Люди внизу ходять сумні
Але мені до них не треба

Приспів:
A(V)      C#m(IV)
Хата моя високо
F            G#(IV) G(III)
Люди від неї  далеко
A(V)            C#m(IV)
Так добре самому під небом
F           G#(IV)   G(III)
Навколо тільки дерева

Тут де вода спадає з камінь
Так коло мене близько
Гуркіт її будить в мені
Щось таке справжне й чисте

Навколо нема нікого
Тільки орел пролітає
Він має добре око
Бачив багато і знає

Приспів.

Хата моя стоїть на горі
Десь високо під небом
Люди внизу ходять сумні
Але мені до них не треба

Хата моя високо... (4)

Програш (на тему Вступу).

Хата моя високо       |
Люди від неї  далеко  | (2)

Програш (на тему Вступу).

* Тут використано акорди:
A7M    [4 0 6 6 5 0]
Dadd9  [2 0 0 2 3 0]

Для спрощення
замісьть A7M всюди можна брати C#m(IV),
замість Dadd9 - D.','["pisni.org.ua", "cat:krasa-pryrody", "Пісні про красу природи"]',1,'published',COALESCE((SELECT created_at FROM songs WHERE id='pisniua_412583'), datetime('now')),datetime('now'));
INSERT OR REPLACE INTO songs_fts(song_id,title,lyrics) VALUES ('pisniua_412583','Хата моя *','Вступ:
A(V) A7M G(III) Dadd9 F       (2)
A(V) C#m(IV) F G#(IV) G(III)  (2)

A(V)      A7M            G(III)
Хата моя стоїть на горі
Десь високо під небом
A(V)        A7M          G(III)
Люди внизу ходять сумні
Але мені до них не треба

Приспів:
A(V)      C#m(IV)
Хата моя високо
F            G#(IV) G(III)
Люди від неї  далеко
A(V)            C#m(IV)
Так добре самому під небом
F           G#(IV)   G(III)
Навколо тільки дерева

Тут де вода спадає з камінь
Так коло мене близько
Гуркіт її будить в мені
Щось таке справжне й чисте

Навколо нема нікого
Тільки орел пролітає
Він має добре око
Бачив багато і знає

Приспів.

Хата моя стоїть на горі
Десь високо під небом
Люди внизу ходять сумні
Але мені до них не треба

Хата моя високо... (4)

Програш (на тему Вступу).

Хата моя високо       |
Люди від неї  далеко  | (2)

Програш (на тему Вступу).

* Тут використано акорди:
A7M    [4 0 6 6 5 0]
Dadd9  [2 0 0 2 3 0]

Для спрощення
замісьть A7M всюди можна брати C#m(IV),
замість Dadd9 - D.');
INSERT OR REPLACE INTO songs (id,title,subtitle,lang,country,period,year,source,notes,lyrics,tags_json,lang_locked,status,created_at,updated_at) VALUES ('pisniua_4125685','А люди сапають...','Музика: Тризубий Стас Слова: Тризубий Стас. Виконує: Тризубий Стас','uk','ukraine_1991',NULL,NULL,'http://ukrmusic.com.ua',NULL,'В нас тепер ринковий рай, все для народу.
Хочеш: живи, чи вмирай — дали свободу.
Але, як завжди, народ не панікує:
В кожного власний город — він порятує!

І люди сапають, сапають, сапають, сапають,
Сапають — а сльози капають, капають,
Капають, капають, капають...
Зранку до ночі в землі, і піт не всиха на чолі,
І мозолі, і мозолі, і мозолі.

Ти копай, Іван, копай! Бо робота — то є свято.
Восени буде врожай (як не вломиться лопата).
Ти тепер не інженер, не доцент і не професор,
В тебе інші інтереси, бо аграрій ти тепер!

Всі ми в душі співаки або артисти.
Але тримаєм сапки — бо треба їсти.
Маєм картоплю й часник, моркву й цибулю.
А хто робити не звик — той має дулю...

І люди сапають, сапають, сапають —
А сльози капають, капають, капають...
І молоді, і старі — тут від зорі до зорі —
І слюсарі; і шахтарі, і лікарі.

В мене також є земля, я дістав її без грошей.
І тепер на куркуля чи на дурня дуже схожий.
А онде, бачу, від ріки тягне відра моя мила —
Помідори вже підлила, підливає огірки!

Ти вже навік полюбив свої шість соток.
Ти через них збагатів, як Полуботок.
І вже ніде не втечеш від власної долі,
Бо народився і вмреш в себе на полі...
Де люди сапають, сапають, сапають,
І кайфа лапають, лапають, лапають','["pisni.org.ua", "cat:bardivski", "cat:suspilno-politychni", "Бардівські пісні", "Суспільно-політичні пісні"]',1,'published',COALESCE((SELECT created_at FROM songs WHERE id='pisniua_4125685'), datetime('now')),datetime('now'));
INSERT OR REPLACE INTO songs_fts(song_id,title,lyrics) VALUES ('pisniua_4125685','А люди сапають...','В нас тепер ринковий рай, все для народу.
Хочеш: живи, чи вмирай — дали свободу.
Але, як завжди, народ не панікує:
В кожного власний город — він порятує!

І люди сапають, сапають, сапають, сапають,
Сапають — а сльози капають, капають,
Капають, капають, капають...
Зранку до ночі в землі, і піт не всиха на чолі,
І мозолі, і мозолі, і мозолі.

Ти копай, Іван, копай! Бо робота — то є свято.
Восени буде врожай (як не вломиться лопата).
Ти тепер не інженер, не доцент і не професор,
В тебе інші інтереси, бо аграрій ти тепер!

Всі ми в душі співаки або артисти.
Але тримаєм сапки — бо треба їсти.
Маєм картоплю й часник, моркву й цибулю.
А хто робити не звик — той має дулю...

І люди сапають, сапають, сапають —
А сльози капають, капають, капають...
І молоді, і старі — тут від зорі до зорі —
І слюсарі; і шахтарі, і лікарі.

В мене також є земля, я дістав її без грошей.
І тепер на куркуля чи на дурня дуже схожий.
А онде, бачу, від ріки тягне відра моя мила —
Помідори вже підлила, підливає огірки!

Ти вже навік полюбив свої шість соток.
Ти через них збагатів, як Полуботок.
І вже ніде не втечеш від власної долі,
Бо народився і вмреш в себе на полі...
Де люди сапають, сапають, сапають,
І кайфа лапають, лапають, лапають');
INSERT OR REPLACE INTO songs (id,title,subtitle,lang,country,period,year,source,notes,lyrics,tags_json,lang_locked,status,created_at,updated_at) VALUES ('pisniua_4128236','Вербовая дощечка','Українська народна пісня. Виконує: Русичі, Резонанс, Раїса Осипенко','uk','ukraine_before_1917',NULL,NULL,'rusychi.org','Альбом Щебетала пташечка','Вербовая дощечка, дощечка, дощечка
По ній ходить Насточка...

Де ти, Насте, бувала, бувала, бувала,
Як діброва палала...

Решетом воду носила, носила, носила
Та й діброву гасила...

Вербовая дощечка, дощечка, дощечка
По ній ходить Насточка','["pisni.org.ua", "cat:vesnyanky-hayivky", "Веснянки та гаївки"]',1,'published',COALESCE((SELECT created_at FROM songs WHERE id='pisniua_4128236'), datetime('now')),datetime('now'));
INSERT OR REPLACE INTO songs_fts(song_id,title,lyrics) VALUES ('pisniua_4128236','Вербовая дощечка','Вербовая дощечка, дощечка, дощечка
По ній ходить Насточка...

Де ти, Насте, бувала, бувала, бувала,
Як діброва палала...

Решетом воду носила, носила, носила
Та й діброву гасила...

Вербовая дощечка, дощечка, дощечка
По ній ходить Насточка');
INSERT OR REPLACE INTO song_links (id,song_id,title,url,kind,version_id,sort_order) VALUES ('pisniua_4128236_l1','pisniua_4128236','YouTube','https://www.youtube.com/watch?v=Sczg8Ka1jpg','video',NULL,1);
INSERT OR REPLACE INTO song_links (id,song_id,title,url,kind,version_id,sort_order) VALUES ('pisniua_4128236_l2','pisniua_4128236','YouTube','https://www.youtube.com/watch?v=y_wJ3FAUFA0','video',NULL,2);
INSERT OR REPLACE INTO song_links (id,song_id,title,url,kind,version_id,sort_order) VALUES ('pisniua_4128236_l3','pisniua_4128236','Переглянути варіанти >>','https://www.pisni.org.ua/#variants','external',NULL,3);
INSERT OR REPLACE INTO songs (id,title,subtitle,lang,country,period,year,source,notes,lyrics,tags_json,lang_locked,status,created_at,updated_at) VALUES ('pisniua_4126636','Із сиром пироги','Українська народна пісня. Виконує: Дует Два кольори, Квартет Явір, Дмитро Гнатюк, Театр пісні Джерела','uk','ukraine_before_1917',NULL,NULL,NULL,NULL,'Ішов козак по стежці помежи терени
І здибав дівчиноньку,що несла пироги.

Ой чули, чули, чули, ой чули, чули ви -
І здибав дівчиноньку, що несла пироги.

- Дівча моє хороше, чи знаєш мої сни,
Що я тебе кохаю, і з сиром пироги?

Ой чули, чули, чули, ой чули, чули ви -
Що він її кохає, і з сиром пироги.

Дівчина як зачула козацькі мрії-сни -
Відразу запросила на свіжі пироги.

Ой чули, чули, чули, ой чули, чули ви -
Відразу запросила на свіжі пироги.

І любо як діждати щасливої пори -
Дівча його цілує, а він їсть пироги!

Ой чули, чули, чули, ой чули, чули ви -
Дівча його цілує, а він їсть пироги!

Та десь там із-за лісу взялися вороги -
Козак із переляку сховався в бур''яни.

Ой чули, чули, чули, ой чули, чули ви -
Козак із переляку сховався в бур''яни.

А то були мисливці, ніякі вороги -
Взяли собі дівчину і з сиром пироги.

Ой чули, чули, чули, ой чули, чули ви -
Взяли собі дівчину і з сиром пироги.

Козак гірко заплакав:
- Ви, тяжкі вороги,
Беріть собі дівчину, віддайте пироги!

Ой чули, чули, чули, ой чули, чули ви -
"Беріть собі дівчину, віддайте пироги!".

Ой хлопці, пам"ятайте ви, друзі дорогі -
Ніколи не міняйте любов на пироги!

Ой чули, чули, чули, ой чули, чули ви -
Ніколи не міняйте любов на пироги!','["pisni.org.ua", "cat:narodni", "cat:zhartivlyvi", "Народні пісні", "Жартівливі пісні"]',1,'published',COALESCE((SELECT created_at FROM songs WHERE id='pisniua_4126636'), datetime('now')),datetime('now'));
INSERT OR REPLACE INTO songs_fts(song_id,title,lyrics) VALUES ('pisniua_4126636','Із сиром пироги','Ішов козак по стежці помежи терени
І здибав дівчиноньку,що несла пироги.

Ой чули, чули, чули, ой чули, чули ви -
І здибав дівчиноньку, що несла пироги.

- Дівча моє хороше, чи знаєш мої сни,
Що я тебе кохаю, і з сиром пироги?

Ой чули, чули, чули, ой чули, чули ви -
Що він її кохає, і з сиром пироги.

Дівчина як зачула козацькі мрії-сни -
Відразу запросила на свіжі пироги.

Ой чули, чули, чули, ой чули, чули ви -
Відразу запросила на свіжі пироги.

І любо як діждати щасливої пори -
Дівча його цілує, а він їсть пироги!

Ой чули, чули, чули, ой чули, чули ви -
Дівча його цілує, а він їсть пироги!

Та десь там із-за лісу взялися вороги -
Козак із переляку сховався в бур''яни.

Ой чули, чули, чули, ой чули, чули ви -
Козак із переляку сховався в бур''яни.

А то були мисливці, ніякі вороги -
Взяли собі дівчину і з сиром пироги.

Ой чули, чули, чули, ой чули, чули ви -
Взяли собі дівчину і з сиром пироги.

Козак гірко заплакав:
- Ви, тяжкі вороги,
Беріть собі дівчину, віддайте пироги!

Ой чули, чули, чули, ой чули, чули ви -
"Беріть собі дівчину, віддайте пироги!".

Ой хлопці, пам"ятайте ви, друзі дорогі -
Ніколи не міняйте любов на пироги!

Ой чули, чули, чули, ой чули, чули ви -
Ніколи не міняйте любов на пироги!');
INSERT OR REPLACE INTO song_links (id,song_id,title,url,kind,version_id,sort_order) VALUES ('pisniua_4126636_l1','pisniua_4126636','YouTube','https://www.youtube.com/watch?v=zKFv7C2rmEc','video',NULL,1);
INSERT OR REPLACE INTO song_links (id,song_id,title,url,kind,version_id,sort_order) VALUES ('pisniua_4126636_l2','pisniua_4126636','YouTube','https://www.youtube.com/watch?v=_cd7UdYrD5U','video',NULL,2);
INSERT OR REPLACE INTO song_links (id,song_id,title,url,kind,version_id,sort_order) VALUES ('pisniua_4126636_l3','pisniua_4126636','YouTube','https://www.youtube.com/watch?v=-9K7MTnPF2M','video',NULL,3);
INSERT OR REPLACE INTO song_links (id,song_id,title,url,kind,version_id,sort_order) VALUES ('pisniua_4126636_l4','pisniua_4126636','Переглянути варіанти >>','https://www.pisni.org.ua/#variants','external',NULL,4);
INSERT OR REPLACE INTO songs (id,title,subtitle,lang,country,period,year,source,notes,lyrics,tags_json,lang_locked,status,created_at,updated_at) VALUES ('pisniua_4129838','Як посію рожу да й над водою','Українська народна пісня','uk','ukraine_before_1917',NULL,NULL,'аудіозапис','село Гречана Гребля Згурівського району','Як посію рожу да й над водою,
Чи не пройде да стороною?

Стороною дощик, да стороною
На мою рожу да червоную.

А на ній любисток да коренистий,
А на ній конопель да широколистий.

То сьодні Івана, а завтра Купала,
Треба рано встати да й на ярмарок.

Треба рано встати да й на ярмарок,
Да й свекоронька да й продати.

Да й свекоронька да й продавати,
А рідного батька да й купувати.','["pisni.org.ua", "cat:kupalski", "Купальські пісні"]',1,'published',COALESCE((SELECT created_at FROM songs WHERE id='pisniua_4129838'), datetime('now')),datetime('now'));
INSERT OR REPLACE INTO songs_fts(song_id,title,lyrics) VALUES ('pisniua_4129838','Як посію рожу да й над водою','Як посію рожу да й над водою,
Чи не пройде да стороною?

Стороною дощик, да стороною
На мою рожу да червоную.

А на ній любисток да коренистий,
А на ній конопель да широколистий.

То сьодні Івана, а завтра Купала,
Треба рано встати да й на ярмарок.

Треба рано встати да й на ярмарок,
Да й свекоронька да й продати.

Да й свекоронька да й продавати,
А рідного батька да й купувати.');
INSERT OR REPLACE INTO songs (id,title,subtitle,lang,country,period,year,source,notes,lyrics,tags_json,lang_locked,status,created_at,updated_at) VALUES ('pisniua_412889','Новий день','Музика: Друга ріка Слова: Валерій Харчишин. Виконує: Друга ріка','uk','ukraine_1991',NULL,'2003','CD- Друга ріка. "Два". 2003; текст- http://www.wz.lviv.ua/pages.php?ac=archatid=23863','Підбір акордів: bohdanko','Вступ:   G Em C D   (2)

G                  Em           C  D ...
Цей новий день гвалтує весною людей.
Цей новий день цілує весняним дощем.
День, новий день облизує сонцем лице.
День, новий день він любить, він любить тебе.

Приспів 1:
G
І тебе, і мене.                         |
Сонце моє, ти в мене є, як я в тебе є.  |

І тебе, і мене.        (2)

Цей новий день пожене всіх на світі на день.
Цей новий день, ти маєш багато дітей.
День, новий день, сьогодні ти є, завтра, де?
Гей новий день, скажи, що ти любиш мене.

Приспів.

Він любить тебе.
І тебе, і мене.
C
Він любить тебе.

Програш:    G Em C D   (2)

І тебе, і мене.        (2)

Приспів.

G
І тебе, і мене.

Оригінальна тональність: Gb','["pisni.org.ua", "cat:krasa-pryrody", "Пісні про красу природи"]',1,'published',COALESCE((SELECT created_at FROM songs WHERE id='pisniua_412889'), datetime('now')),datetime('now'));
INSERT OR REPLACE INTO songs_fts(song_id,title,lyrics) VALUES ('pisniua_412889','Новий день','Вступ:   G Em C D   (2)

G                  Em           C  D ...
Цей новий день гвалтує весною людей.
Цей новий день цілує весняним дощем.
День, новий день облизує сонцем лице.
День, новий день він любить, він любить тебе.

Приспів 1:
G
І тебе, і мене.                         |
Сонце моє, ти в мене є, як я в тебе є.  |

І тебе, і мене.        (2)

Цей новий день пожене всіх на світі на день.
Цей новий день, ти маєш багато дітей.
День, новий день, сьогодні ти є, завтра, де?
Гей новий день, скажи, що ти любиш мене.

Приспів.

Він любить тебе.
І тебе, і мене.
C
Він любить тебе.

Програш:    G Em C D   (2)

І тебе, і мене.        (2)

Приспів.

G
І тебе, і мене.

Оригінальна тональність: Gb');
INSERT OR REPLACE INTO songs (id,title,subtitle,lang,country,period,year,source,notes,lyrics,tags_json,lang_locked,status,created_at,updated_at) VALUES ('pisniua_4129333','Ах, Одеса','Музика: Олександр Шевченко Слова: Олександр Шевченко. Виконує: Олександр Шевченко','uk','ukraine_1991',NULL,NULL,'аудіозапис',NULL,'Співають всі про молдаванку і переси,
Нема такого, хто пісень таких б не знав,
Бо дуже легко скласти пісню про Одесу,
Хоча ніколи ти в Одесі не бував.
Ах, Одеса-мама, перлина біля моря, -
Так тебе з любов''ю народ весь називав.
Ти пісень співала і не знала горя,
Бо його ніхто тоді не знав.

Приспів:
Так посміхнись до мене, одеситочко смаглява,
Хоч баксів я не маю і зовсім я не негр,
Не думай, я не хочу на халяву,
Я добре знаю, що халява скінчилася тепер.
Ми тачку візьмемо й поїдемо до моря,
Роздусим пляшку на холодному піску,
І потанцюємо під тихий шум прибою,
І поговоримо за жизнь таку-сяку.

А у розмовах вони люблять фігуральність,
Жартують навіть про імунно дефіцит,
І у анкетах, де графа "національність",
Гордо пишуть слово "одессит".
Я вам, чесне слово, не скажу за всю Одесу,
Бо тепер Одеса вже зовсім не така,
Але точно знає молдаванка і переси,
Досі поважають Костю-моряка.

Приспів.

Хай синій вечір нас зустріне ліхтарями,
Старенький Дюк нехай подивиться на нас,
Арівідерчі і прощай, Одеса-мама,
Я буду згадувати цей чарівний час.
Арівідерчі і прощай, Одеса-мама,
Я буду згадувати цей чарівний час.','["pisni.org.ua", "cat:bardivski", "Бардівські пісні"]',1,'published',COALESCE((SELECT created_at FROM songs WHERE id='pisniua_4129333'), datetime('now')),datetime('now'));
INSERT OR REPLACE INTO songs_fts(song_id,title,lyrics) VALUES ('pisniua_4129333','Ах, Одеса','Співають всі про молдаванку і переси,
Нема такого, хто пісень таких б не знав,
Бо дуже легко скласти пісню про Одесу,
Хоча ніколи ти в Одесі не бував.
Ах, Одеса-мама, перлина біля моря, -
Так тебе з любов''ю народ весь називав.
Ти пісень співала і не знала горя,
Бо його ніхто тоді не знав.

Приспів:
Так посміхнись до мене, одеситочко смаглява,
Хоч баксів я не маю і зовсім я не негр,
Не думай, я не хочу на халяву,
Я добре знаю, що халява скінчилася тепер.
Ми тачку візьмемо й поїдемо до моря,
Роздусим пляшку на холодному піску,
І потанцюємо під тихий шум прибою,
І поговоримо за жизнь таку-сяку.

А у розмовах вони люблять фігуральність,
Жартують навіть про імунно дефіцит,
І у анкетах, де графа "національність",
Гордо пишуть слово "одессит".
Я вам, чесне слово, не скажу за всю Одесу,
Бо тепер Одеса вже зовсім не така,
Але точно знає молдаванка і переси,
Досі поважають Костю-моряка.

Приспів.

Хай синій вечір нас зустріне ліхтарями,
Старенький Дюк нехай подивиться на нас,
Арівідерчі і прощай, Одеса-мама,
Я буду згадувати цей чарівний час.
Арівідерчі і прощай, Одеса-мама,
Я буду згадувати цей чарівний час.');
INSERT OR REPLACE INTO songs (id,title,subtitle,lang,country,period,year,source,notes,lyrics,tags_json,lang_locked,status,created_at,updated_at) VALUES ('pisniua_4127634','Камінний хрест','Музика: Тарас Мазур Слова: Тарас Мазур. Виконує: Тарас Мазур','uk','ukraine_1991',NULL,NULL,'аудіозапис',NULL,'Зібрався батько до Канади,
Про себе згадку залишив:
камінний хрест коло хати,         |
Що він тут жив, що він тут жив... | (2)

Проходить рік, другий минає,
Та про село все ж не забув,
Як лиш про нього пригадає,        |
Вже стільки літ у нім не був...   | (2)

Не тужіть, батьку, не страждайте,
Не плачте, сестри, в чужині,
Бо тільки Бог єдиний знає,        |
Що й нас чекає у житті...         | (2)','["pisni.org.ua", "cat:emigration", "Пісні про еміґрацію"]',1,'published',COALESCE((SELECT created_at FROM songs WHERE id='pisniua_4127634'), datetime('now')),datetime('now'));
INSERT OR REPLACE INTO songs_fts(song_id,title,lyrics) VALUES ('pisniua_4127634','Камінний хрест','Зібрався батько до Канади,
Про себе згадку залишив:
камінний хрест коло хати,         |
Що він тут жив, що він тут жив... | (2)

Проходить рік, другий минає,
Та про село все ж не забув,
Як лиш про нього пригадає,        |
Вже стільки літ у нім не був...   | (2)

Не тужіть, батьку, не страждайте,
Не плачте, сестри, в чужині,
Бо тільки Бог єдиний знає,        |
Що й нас чекає у житті...         | (2)');
INSERT OR REPLACE INTO songs (id,title,subtitle,lang,country,period,year,source,notes,lyrics,tags_json,lang_locked,status,created_at,updated_at) VALUES ('pisniua_412939','Питається вітер в смерти','Музика: Михайло Гайворонський Слова: Юрій Шкрумеляк. Виконує: Не журись!, Веремій','uk','ukr_ssr_1919_1991',NULL,'1990','1. Повік не зів''яне. Стрілецькі пісні Михайла Гайворонського. Упор. В. Подуфалий. Тернопіль, 1990.',NULL,'Питається вітер в смерти
Кому треба нині вмерти?
Гей, гей, гей, гей,        |
Кому треба нині вмерти?    | (2)

Треба вмерти молодцеві,
Та й січовому стрільцеві,
Гей, гей, гей, гей,        |
Та й січовому стрільцеві.  | (2)

А найкраща смерть у бою,
За край рідний і за волю.
Гей, гей, гей, гей,        |
За край рідний і за волю.  | (2)

Треба вмерти, спочивати,
Воскресіння Волі ждати,
Гей, гей, гей, гей,        |
Воскресіння Волі ждати.    | (2)','["pisni.org.ua", "cat:strilecki", "Стрілецькі пісні"]',1,'published',COALESCE((SELECT created_at FROM songs WHERE id='pisniua_412939'), datetime('now')),datetime('now'));
INSERT OR REPLACE INTO songs_fts(song_id,title,lyrics) VALUES ('pisniua_412939','Питається вітер в смерти','Питається вітер в смерти
Кому треба нині вмерти?
Гей, гей, гей, гей,        |
Кому треба нині вмерти?    | (2)

Треба вмерти молодцеві,
Та й січовому стрільцеві,
Гей, гей, гей, гей,        |
Та й січовому стрільцеві.  | (2)

А найкраща смерть у бою,
За край рідний і за волю.
Гей, гей, гей, гей,        |
За край рідний і за волю.  | (2)

Треба вмерти, спочивати,
Воскресіння Волі ждати,
Гей, гей, гей, гей,        |
Воскресіння Волі ждати.    | (2)');
INSERT OR REPLACE INTO songs (id,title,subtitle,lang,country,period,year,source,notes,lyrics,tags_json,lang_locked,status,created_at,updated_at) VALUES ('pisniua_4131838','Що вам сниться, Олено?','Музика: Ліля Кобільник Слова: В. Слапчук. Виконує: Ліля Кобільник','uk','ukraine_1991',NULL,NULL,'аудіозапис',NULL,'Що вам сниться, Олено?
Я сьогодні з вами на Ви,
Розстеляю кохання знаменно
У підніжжі сухої трави,
У підніжжі сухої трави.

Може викроїте собі блузку,
А, як ні, то хоча б носовик,
Я сьогодні літав до вас бузьком,
Щоб торкнутись крилом голови.
Що вам сниться, що вам сниться,
Що вам сниться, Олено?

Я сьогодні літав, але марно,
Так літай криницю з корчма.
Як спите, моя панно,
Коли сонця нема?
Коли сонця нема?

Як живете, шляхетна дівице?
Як без мене вам час тече?
Як спите - що вам сниться?
Кому дихаєте в плече?
Що вам сниться? Що вам сниться?
Кому дихаєте в плече?

Що вам сниться, що вам сниться,
Що вам сниться, Олено?','["pisni.org.ua", "cat:romansy", "Романси"]',1,'published',COALESCE((SELECT created_at FROM songs WHERE id='pisniua_4131838'), datetime('now')),datetime('now'));
INSERT OR REPLACE INTO songs_fts(song_id,title,lyrics) VALUES ('pisniua_4131838','Що вам сниться, Олено?','Що вам сниться, Олено?
Я сьогодні з вами на Ви,
Розстеляю кохання знаменно
У підніжжі сухої трави,
У підніжжі сухої трави.

Може викроїте собі блузку,
А, як ні, то хоча б носовик,
Я сьогодні літав до вас бузьком,
Щоб торкнутись крилом голови.
Що вам сниться, що вам сниться,
Що вам сниться, Олено?

Я сьогодні літав, але марно,
Так літай криницю з корчма.
Як спите, моя панно,
Коли сонця нема?
Коли сонця нема?

Як живете, шляхетна дівице?
Як без мене вам час тече?
Як спите - що вам сниться?
Кому дихаєте в плече?
Що вам сниться? Що вам сниться?
Кому дихаєте в плече?

Що вам сниться, що вам сниться,
Що вам сниться, Олено?');
INSERT OR REPLACE INTO songs (id,title,subtitle,lang,country,period,year,source,notes,lyrics,tags_json,lang_locked,status,created_at,updated_at) VALUES ('pisniua_4130232','Замість романсу','Музика: Мар''ян Гаденко Слова: Олександр Мороз. Виконує: Ігор Мигородський','uk','ukraine_1991',NULL,NULL,'аудіозапис',NULL,'Ти не ревнуй мене, не треба,
Не варто це, душевний рай.
Горить моя любов до тебе
На зло усім лихим вітрам.

Якби у церкві до ікони
Припасти з вірою я міг,
То й там на образі знайомі
Знайшов би риси дорогі.

І я б молився, щоб в скорботі
Не замикалися вуста,
Бо ти моя, як плоть від плоті,
Що із любові пророста.

Бо ти моя, чи маю право
Сказати так і думать так.
Помилуй і подай, ласкавий,
Обом нам зрозумілий знак.

Я запалю легенько свічку
Під сумовитий благовіст,
Горить любов до тебе вічна,
Душа спливає ніби віск.

Якби у церкві до ікони
Припасти з вірою я міг,
То й там на образі знайомі
Знайшов би риси дорогі.

Довкола нас усе під небом
Для нас єдиний світлий храм!
Ти не ревнуй мене, не треба,
Не варто це, душевний рай...','["pisni.org.ua", "cat:romansy", "Романси"]',1,'published',COALESCE((SELECT created_at FROM songs WHERE id='pisniua_4130232'), datetime('now')),datetime('now'));
INSERT OR REPLACE INTO songs_fts(song_id,title,lyrics) VALUES ('pisniua_4130232','Замість романсу','Ти не ревнуй мене, не треба,
Не варто це, душевний рай.
Горить моя любов до тебе
На зло усім лихим вітрам.

Якби у церкві до ікони
Припасти з вірою я міг,
То й там на образі знайомі
Знайшов би риси дорогі.

І я б молився, щоб в скорботі
Не замикалися вуста,
Бо ти моя, як плоть від плоті,
Що із любові пророста.

Бо ти моя, чи маю право
Сказати так і думать так.
Помилуй і подай, ласкавий,
Обом нам зрозумілий знак.

Я запалю легенько свічку
Під сумовитий благовіст,
Горить любов до тебе вічна,
Душа спливає ніби віск.

Якби у церкві до ікони
Припасти з вірою я міг,
То й там на образі знайомі
Знайшов би риси дорогі.

Довкола нас усе під небом
Для нас єдиний світлий храм!
Ти не ревнуй мене, не треба,
Не варто це, душевний рай...');
INSERT OR REPLACE INTO songs (id,title,subtitle,lang,country,period,year,source,notes,lyrics,tags_json,lang_locked,status,created_at,updated_at) VALUES ('pisniua_413232','Ми йдемо в бій','Музика: Михайло Гайворонський Слова: Роман Купчинський','uk','ukrainian_peoples_republic_1917_1921',NULL,NULL,'"Молоде життя", Ауґсбурґ, 1949',NULL,'Ми йдемо в бій, ми йдемо в бій
По згарищах руїни,
За рідний край, за нарід свій,
За волю України!

Ми йдемо в бій, земля дуднить,
Радіють гори, степи,
Бо нас у бій благословить
Могутній дух Мазепи!','["pisni.org.ua", "cat:strilecki", "Стрілецькі пісні"]',1,'published',COALESCE((SELECT created_at FROM songs WHERE id='pisniua_413232'), datetime('now')),datetime('now'));
INSERT OR REPLACE INTO songs_fts(song_id,title,lyrics) VALUES ('pisniua_413232','Ми йдемо в бій','Ми йдемо в бій, ми йдемо в бій
По згарищах руїни,
За рідний край, за нарід свій,
За волю України!

Ми йдемо в бій, земля дуднить,
Радіють гори, степи,
Бо нас у бій благословить
Могутній дух Мазепи!');
INSERT OR REPLACE INTO song_links (id,song_id,title,url,kind,version_id,sort_order) VALUES ('pisniua_413232_l1','pisniua_413232','YouTube','https://www.youtube.com/watch?v=S6vJ3TiYfos','video',NULL,1);
INSERT OR REPLACE INTO song_links (id,song_id,title,url,kind,version_id,sort_order) VALUES ('pisniua_413232_l2','pisniua_413232','Переглянути варіанти >>','https://www.pisni.org.ua/#variants','external',NULL,2);
INSERT OR REPLACE INTO songs (id,title,subtitle,lang,country,period,year,source,notes,lyrics,tags_json,lang_locked,status,created_at,updated_at) VALUES ('pisniua_4131737','Спомин','Музика: Ліля Кобільник Слова: С. Реп''ях. Виконує: Ліля Кобільник','uk','ukraine_1991',NULL,NULL,'аудіозапис',NULL,'Цілував черешню вітер легкокрилий,
Цілував, голубив кучерявий милий,
Заплітав їй косу, обіймав чудову,
А лишив на спомин, а лишив на спомин,
А лишив на спомин про любов розмову.

А лишив на спомин пелюстки оббиті,
Не одна черешня у широкім світі
Хилиться красуня журно сумовито,
Нащо їй так рано, нащо їй так рано,
Нащо їй так рано пелюстки оббито?

Цілував черешню вітер легкокрилий,
Цілував, голубив кучерявий милий,
Заплітав їй косу, обіймав чудову,
А лишив на спомин, а лишив на спомин,
А лишив на спомин про любов розмову...','["pisni.org.ua", "cat:romansy", "Романси"]',1,'published',COALESCE((SELECT created_at FROM songs WHERE id='pisniua_4131737'), datetime('now')),datetime('now'));
INSERT OR REPLACE INTO songs_fts(song_id,title,lyrics) VALUES ('pisniua_4131737','Спомин','Цілував черешню вітер легкокрилий,
Цілував, голубив кучерявий милий,
Заплітав їй косу, обіймав чудову,
А лишив на спомин, а лишив на спомин,
А лишив на спомин про любов розмову.

А лишив на спомин пелюстки оббиті,
Не одна черешня у широкім світі
Хилиться красуня журно сумовито,
Нащо їй так рано, нащо їй так рано,
Нащо їй так рано пелюстки оббито?

Цілував черешню вітер легкокрилий,
Цілував, голубив кучерявий милий,
Заплітав їй косу, обіймав чудову,
А лишив на спомин, а лишив на спомин,
А лишив на спомин про любов розмову...');
INSERT OR REPLACE INTO songs (id,title,subtitle,lang,country,period,year,source,notes,lyrics,tags_json,lang_locked,status,created_at,updated_at) VALUES ('pisniua_4130185','Ти мій неспокій','Музика: Мар''ян Гаденко Слова: Василь Іваницький. Виконує: Ліна Скачко, Алла Загинайко','uk','ukraine_1991',NULL,NULL,'аудіозапис',NULL,'Літнім снігом замело акації,
Літнім снігом білосніжним цвітом,
У коханні думала зізнатися
Я серед акацій теплим літом.
Серед всього раю неземного
Я душі відкрию таємницю,
Що бентежить серце знов і знову,
І чому вночі мені не спиться.

Приспів:
Ти мій неспокій, ти моя доля,
Став світ без тебе немов неволя.
Мені без тебе життя не має,   |
Любов у небі між нас кружляє. | (2)

Загляну в твої озера - очі,
А на дні їх відповідь - признання,
Що приходить в сни мої дівочі,
Як акацій цвіт п''янке кохання.
Я візьму твоє лице в долоні,
Зацілую ніжно твої очі,
Дві душі у радості в полоні,
А навкруг - акацій білі ночі.

Приспів.

Ти мій неспокій, ти моя доля,
Став світ без тебе немов неволя.
Мені без тебе життя не має,
Любов у небі між нас...

Приспів','["pisni.org.ua", "cat:romansy", "Романси"]',1,'published',COALESCE((SELECT created_at FROM songs WHERE id='pisniua_4130185'), datetime('now')),datetime('now'));
INSERT OR REPLACE INTO songs_fts(song_id,title,lyrics) VALUES ('pisniua_4130185','Ти мій неспокій','Літнім снігом замело акації,
Літнім снігом білосніжним цвітом,
У коханні думала зізнатися
Я серед акацій теплим літом.
Серед всього раю неземного
Я душі відкрию таємницю,
Що бентежить серце знов і знову,
І чому вночі мені не спиться.

Приспів:
Ти мій неспокій, ти моя доля,
Став світ без тебе немов неволя.
Мені без тебе життя не має,   |
Любов у небі між нас кружляє. | (2)

Загляну в твої озера - очі,
А на дні їх відповідь - признання,
Що приходить в сни мої дівочі,
Як акацій цвіт п''янке кохання.
Я візьму твоє лице в долоні,
Зацілую ніжно твої очі,
Дві душі у радості в полоні,
А навкруг - акацій білі ночі.

Приспів.

Ти мій неспокій, ти моя доля,
Став світ без тебе немов неволя.
Мені без тебе життя не має,
Любов у небі між нас...

Приспів');
INSERT OR REPLACE INTO song_links (id,song_id,title,url,kind,version_id,sort_order) VALUES ('pisniua_4130185_l1','pisniua_4130185','YouTube','https://www.youtube.com/watch?v=_gX564Xv6wo','video',NULL,1);
INSERT OR REPLACE INTO songs (id,title,subtitle,lang,country,period,year,source,notes,lyrics,tags_json,lang_locked,status,created_at,updated_at) VALUES ('pisniua_4133930','Мама і тато','Музика: Назарій Яремчук (молодший) Слова: Л. Загоровська. Виконує: Ірина Зінковська','uk','ukraine_1991',NULL,NULL,NULL,NULL,'Найважливіше, знай, у кожному житті -
Це слово батька й ніжна пісня мами
На вишитому хрестиками білім полотні
Влетять у твою долю рушниками

У даль летять роки і гасить день зоря
А ти батькам приводиш вже онуків
І диво-казка знов веде мале життя
У світ, де тільки щастя без розлуки

Приспів:
Мама і тато - дитинства далекого лагідний звук,
Мама і тато - завжди бережуть твою долю
Ти пам''ятай все тепло їхніх рук,
тільки тепло ніжних лагідних рук
Мама і тато навіки в житті із тобою

І знов летять роки і знов минають дні
Вже ти мережиш рушники хрещато,
А десь там у полях співають солов''ї,
Та їх вже слухають твої внучата

У даль летять роки і гасить день зоря
А ти батькам приводиш вже онуків
І диво-казка знов веде мале життя
У світ, де тільки щастя без розлуки','["pisni.org.ua", "cat:pro-batkiv", "Пісні про любов до батьків"]',1,'published',COALESCE((SELECT created_at FROM songs WHERE id='pisniua_4133930'), datetime('now')),datetime('now'));
INSERT OR REPLACE INTO songs_fts(song_id,title,lyrics) VALUES ('pisniua_4133930','Мама і тато','Найважливіше, знай, у кожному житті -
Це слово батька й ніжна пісня мами
На вишитому хрестиками білім полотні
Влетять у твою долю рушниками

У даль летять роки і гасить день зоря
А ти батькам приводиш вже онуків
І диво-казка знов веде мале життя
У світ, де тільки щастя без розлуки

Приспів:
Мама і тато - дитинства далекого лагідний звук,
Мама і тато - завжди бережуть твою долю
Ти пам''ятай все тепло їхніх рук,
тільки тепло ніжних лагідних рук
Мама і тато навіки в житті із тобою

І знов летять роки і знов минають дні
Вже ти мережиш рушники хрещато,
А десь там у полях співають солов''ї,
Та їх вже слухають твої внучата

У даль летять роки і гасить день зоря
А ти батькам приводиш вже онуків
І диво-казка знов веде мале життя
У світ, де тільки щастя без розлуки');
INSERT OR REPLACE INTO song_links (id,song_id,title,url,kind,version_id,sort_order) VALUES ('pisniua_4133930_l1','pisniua_4133930','YouTube','https://www.youtube.com/watch?v=oFLetxlTWFA','video',NULL,1);
INSERT OR REPLACE INTO songs (id,title,subtitle,lang,country,period,year,source,notes,lyrics,tags_json,lang_locked,status,created_at,updated_at) VALUES ('pisniua_4136338','Київське Динамо','Музика: Олександр Злотник Слова: Назарій Яремчук. Виконує: Назарій Яремчук','uk','ukraine_1991',NULL,NULL,'аудіозапис',NULL,'Точний пас і все в порядку -
Чисто м''яч летить в дев''ятку.
Гріє серце нам футбол,
Як захочем скажем прямо:
Наше Київське Динамо,
Значить буде, буде гол!

Приспів:
Київське Динамо!
Київське Динамо!
Київське Динамо!
Динамо! Динамо! Динамо!
Ти повсюди з нами!
Ти повсюди з нами!
Ти повсюди з нами!
Ти з нами, Динамо!

Не стелився вам під ноги
Шлях легкий до перемоги,
Є у тому свій резон.
В день погожий і в негоду
Лава котиться народу
На зелений стадіон.

Приспів.

Знали, вірили вам хлопці -
Буде свято в цьому році!
Нам долонь своїх не жаль.
Хай вам, друзі, і надалі
Сяють золотом медалі
Й дзвонить кубковий кришталь.

Приспів. (2)

Київське Динамо! (10)','["pisni.org.ua", "cat:himny-marshi", "Гимни та марші"]',1,'published',COALESCE((SELECT created_at FROM songs WHERE id='pisniua_4136338'), datetime('now')),datetime('now'));
INSERT OR REPLACE INTO songs_fts(song_id,title,lyrics) VALUES ('pisniua_4136338','Київське Динамо','Точний пас і все в порядку -
Чисто м''яч летить в дев''ятку.
Гріє серце нам футбол,
Як захочем скажем прямо:
Наше Київське Динамо,
Значить буде, буде гол!

Приспів:
Київське Динамо!
Київське Динамо!
Київське Динамо!
Динамо! Динамо! Динамо!
Ти повсюди з нами!
Ти повсюди з нами!
Ти повсюди з нами!
Ти з нами, Динамо!

Не стелився вам під ноги
Шлях легкий до перемоги,
Є у тому свій резон.
В день погожий і в негоду
Лава котиться народу
На зелений стадіон.

Приспів.

Знали, вірили вам хлопці -
Буде свято в цьому році!
Нам долонь своїх не жаль.
Хай вам, друзі, і надалі
Сяють золотом медалі
Й дзвонить кубковий кришталь.

Приспів. (2)

Київське Динамо! (10)');
INSERT OR REPLACE INTO song_links (id,song_id,title,url,kind,version_id,sort_order) VALUES ('pisniua_4136338_l1','pisniua_4136338','YouTube','https://www.youtube.com/watch?v=61tb-T1Eq-g','video',NULL,1);
INSERT OR REPLACE INTO songs (id,title,subtitle,lang,country,period,year,source,notes,lyrics,tags_json,lang_locked,status,created_at,updated_at) VALUES ('pisniua_4139735','Золоте весілля','Музика: Геннадій Татарченко Слова: Юрій Рибчинський. Виконує: Лілія Сандулеса','uk','ukraine_1991',NULL,NULL,NULL,NULL,'Як упали з неба золоті колосся,
Золоті колосся перших блискавиць,
Випускала осінь, випускала осінь
Сім дощів веселих із семи криниць.

Ті дощі їй грали, грали, били у цимбали,
І вінок сплітали з квітів і пісень,
А вона уранці починала танці -           |
З вітром танцювала сім разів на день.    | (2)

Вишиту сорочку одягла неділя,
І в садах гуляє у ранковій млі.
Осені і сонця золоте весілля -
Споконвічне свято неба і землі!

І співає ранок, ранок, молодий світанок
Про земний дожинок, неземну любов,
І танцює нічка в диво-черевичках         |
З молодим туманом в золоті дібров.       | (2)

З молодим туманом в золоті дібров.       | (2)','["pisni.org.ua", "cat:krasa-pryrody", "Пісні про красу природи"]',1,'published',COALESCE((SELECT created_at FROM songs WHERE id='pisniua_4139735'), datetime('now')),datetime('now'));
INSERT OR REPLACE INTO songs_fts(song_id,title,lyrics) VALUES ('pisniua_4139735','Золоте весілля','Як упали з неба золоті колосся,
Золоті колосся перших блискавиць,
Випускала осінь, випускала осінь
Сім дощів веселих із семи криниць.

Ті дощі їй грали, грали, били у цимбали,
І вінок сплітали з квітів і пісень,
А вона уранці починала танці -           |
З вітром танцювала сім разів на день.    | (2)

Вишиту сорочку одягла неділя,
І в садах гуляє у ранковій млі.
Осені і сонця золоте весілля -
Споконвічне свято неба і землі!

І співає ранок, ранок, молодий світанок
Про земний дожинок, неземну любов,
І танцює нічка в диво-черевичках         |
З молодим туманом в золоті дібров.       | (2)

З молодим туманом в золоті дібров.       | (2)');
INSERT OR REPLACE INTO song_links (id,song_id,title,url,kind,version_id,sort_order) VALUES ('pisniua_4139735_l1','pisniua_4139735','YouTube','https://www.youtube.com/watch?v=JgPZJe0rnVM','video',NULL,1);
INSERT OR REPLACE INTO songs (id,title,subtitle,lang,country,period,year,source,notes,lyrics,tags_json,lang_locked,status,created_at,updated_at) VALUES ('pisniua_4134034','Вчительки вальс','Музика: Анатолій Сердюк Слова: Григорій Лютий. Виконує: Анатолій Сердюк, Гурт "Зоряна ніч"','uk','ukraine_1991',NULL,NULL,'аудіозапис',NULL,'Ти ще юна, немов старшокласниця,
Тільки бал проміняла на вуз,
Як поясниш і небо проясниться,
Клен старий пригада, що забувсь.
Ти здаєшся іще безтурботною,
Звідки ж туга хлюпоче в очах?
Сум підкреслено сукнею модною
І спиня чимось порух в плечах.

Приспів:
Я на вальс, я на вальс вас запрошую,
Я помчу вас кудись до зірок!
Закружляю хмільною порошою,
Наші руки сплету у вінок.

Я тобою, як дивом, милуюся,
Ти жертовно себе віддала.
Навіть той хто з тобою цілується,
Не пригубить весь безмір тепла.
Я клянуся і клятву порушую,
Я люблю і не смію любить.
Ніби чашу з дитячими душами
Ти несеш і боїшся розбить.

Приспів.

Лине в школі просвітлена музика,
Вчителькам дарять вальс юнаки.
Їх долоні так солодко мучаться,
Мов пташки, що клюють із руки.
Ну, а ти ще, немов старшокласниця,
Тільки бант проміняла на вуз.
Ох, і вчителька, вчителька класна ця,
А у хлопців не висіявся вус.

Приспів.

Закружляю хмільною порошою,
Наші руки сплету у вінок','["pisni.org.ua", "cat:shkilni", "Пісні про школу"]',1,'published',COALESCE((SELECT created_at FROM songs WHERE id='pisniua_4134034'), datetime('now')),datetime('now'));
INSERT OR REPLACE INTO songs_fts(song_id,title,lyrics) VALUES ('pisniua_4134034','Вчительки вальс','Ти ще юна, немов старшокласниця,
Тільки бал проміняла на вуз,
Як поясниш і небо проясниться,
Клен старий пригада, що забувсь.
Ти здаєшся іще безтурботною,
Звідки ж туга хлюпоче в очах?
Сум підкреслено сукнею модною
І спиня чимось порух в плечах.

Приспів:
Я на вальс, я на вальс вас запрошую,
Я помчу вас кудись до зірок!
Закружляю хмільною порошою,
Наші руки сплету у вінок.

Я тобою, як дивом, милуюся,
Ти жертовно себе віддала.
Навіть той хто з тобою цілується,
Не пригубить весь безмір тепла.
Я клянуся і клятву порушую,
Я люблю і не смію любить.
Ніби чашу з дитячими душами
Ти несеш і боїшся розбить.

Приспів.

Лине в школі просвітлена музика,
Вчителькам дарять вальс юнаки.
Їх долоні так солодко мучаться,
Мов пташки, що клюють із руки.
Ну, а ти ще, немов старшокласниця,
Тільки бант проміняла на вуз.
Ох, і вчителька, вчителька класна ця,
А у хлопців не висіявся вус.

Приспів.

Закружляю хмільною порошою,
Наші руки сплету у вінок');
INSERT OR REPLACE INTO song_links (id,song_id,title,url,kind,version_id,sort_order) VALUES ('pisniua_4134034_l1','pisniua_4134034','YouTube','https://www.youtube.com/watch?v=WY3EIg8SXUg','video',NULL,1);
INSERT OR REPLACE INTO songs (id,title,subtitle,lang,country,period,year,source,notes,lyrics,tags_json,lang_locked,status,created_at,updated_at) VALUES ('pisniua_413032','Не сміє бути в нас страху *','Музика: Роман Купчинський Слова: Роман Купчинський. Виконує: Дударик','uk','ukrainian_peoples_republic_1917_1921',NULL,NULL,NULL,'Ця жартівлива переробка утворена об''єднанням двох пісень: "Не сміє бути в нас страху" і "Кладочка". Оригінальний (первісний) варіант пісні "Не сміє бути в нас страху" є тут','Не сміє бути в нас страху
і жадної тривоги. - Чому?
Бо ми є лицарі грізні
Залізної Остроги!

Кладочка, кладочка узесенькая.
Дівчино, рибчино молоденькая.
До дівчини мені близько, мені близько,
Но через стависько.
Вчора дощ, нині дощ,
Завтра буде слизько.

Не страшать нас ні в цісарів
Високії пороги,
Бо ми є лицарі грізні
Залізної Остроги!

Кладочка, кладочка узесенькая.
Дівчино, рибчино молоденькая.
До дівчини мені близько, мені близько,
Но через стависько.
Вчора дощ, нині дощ,
Завтра буде слизько.

А до дівочих ніжних серць
Ми знаєм всі дороги,
Бо ми є лицарі грізні
Залізної Остроги!

Кладочка, кладочка узесенькая.
Дівчино, рибчино молоденькая.
До дівчини мені близько, мені близько,
Но через стависько.
Вчора дощ, нині дощ,
Завтра буде слизько.

Не святкуватиме ніхто
над нами перемоги,
Бо ми є лицарі грізні
Залізної Остроги!

Кладочка, кладочка узесенькая.
Дівчино, рибчино молоденькая.
До дівчини мені близько, мені близько,
Но через стависько.
Вчора дощ, нині дощ,
Завтра буде слизько','["pisni.org.ua", "cat:strilecki", "cat:zhartivlyvi", "Стрілецькі пісні", "Жартівливі пісні"]',1,'published',COALESCE((SELECT created_at FROM songs WHERE id='pisniua_413032'), datetime('now')),datetime('now'));
INSERT OR REPLACE INTO songs_fts(song_id,title,lyrics) VALUES ('pisniua_413032','Не сміє бути в нас страху *','Не сміє бути в нас страху
і жадної тривоги. - Чому?
Бо ми є лицарі грізні
Залізної Остроги!

Кладочка, кладочка узесенькая.
Дівчино, рибчино молоденькая.
До дівчини мені близько, мені близько,
Но через стависько.
Вчора дощ, нині дощ,
Завтра буде слизько.

Не страшать нас ні в цісарів
Високії пороги,
Бо ми є лицарі грізні
Залізної Остроги!

Кладочка, кладочка узесенькая.
Дівчино, рибчино молоденькая.
До дівчини мені близько, мені близько,
Но через стависько.
Вчора дощ, нині дощ,
Завтра буде слизько.

А до дівочих ніжних серць
Ми знаєм всі дороги,
Бо ми є лицарі грізні
Залізної Остроги!

Кладочка, кладочка узесенькая.
Дівчино, рибчино молоденькая.
До дівчини мені близько, мені близько,
Но через стависько.
Вчора дощ, нині дощ,
Завтра буде слизько.

Не святкуватиме ніхто
над нами перемоги,
Бо ми є лицарі грізні
Залізної Остроги!

Кладочка, кладочка узесенькая.
Дівчино, рибчино молоденькая.
До дівчини мені близько, мені близько,
Но через стависько.
Вчора дощ, нині дощ,
Завтра буде слизько');
INSERT OR REPLACE INTO song_links (id,song_id,title,url,kind,version_id,sort_order) VALUES ('pisniua_413032_l1','pisniua_413032','YouTube','https://www.youtube.com/watch?v=5-C2XDbVINo','video',NULL,1);
INSERT OR REPLACE INTO song_links (id,song_id,title,url,kind,version_id,sort_order) VALUES ('pisniua_413032_l2','pisniua_413032','YouTube','https://www.youtube.com/watch?v=RFlg2vrLTj0','video',NULL,2);
INSERT OR REPLACE INTO song_links (id,song_id,title,url,kind,version_id,sort_order) VALUES ('pisniua_413032_l3','pisniua_413032','Переглянути варіанти >>','https://www.pisni.org.ua/#variants','external',NULL,3);
INSERT OR REPLACE INTO songs (id,title,subtitle,lang,country,period,year,source,notes,lyrics,tags_json,lang_locked,status,created_at,updated_at) VALUES ('pisniua_41338','Пісня про вампіра','Музика: Тарас Чубай Слова: Андрій Панчишин. Виконує: Тарас Чубай, Не журись!','uk','ukraine_before_1917',NULL,NULL,'Пісневир. Молодіжний співаник. Львів 2001.','У пісенниках "Збірник пісень Студентського братства Львівської політехніки" та "Пісневир" ця пісня була опублікована з неправильною назвою: "Пісня про вампіра". Насправді пісня називається просто "Вампір" (музика Тараса Чубая, слова Андрія Панчишина). Її виконував не "Четвертий кут", а Тарас Чубай у виставі театру "Не журись!" "Картотека пана Базя" (пісня є на касеті "Не журись!", яка так і називається: "Картотека пана Базя"). (Інформацію надав Віктор Морозов, http://www.mo-productions.com)','Я гуляю по темних ночах,
Я ховаюся в мокрих корчах.
Я не лютий небачений звір,
Я простий український вампір.

Приспів:
Я шукаю тебе, в мене очі незрячі.
Я шукаю тебе, в мене зуби собачі.
Я шукаю тебе, в мене пальці холодні.
Я живу у безодні.

Ти сьогодні підеш у кіно,
Я залізу в відкрите вікно.
Заховаюся в темнім кутку.
Ти прийдеш, а я скажу:  "Ку-ку!"

Приспів:
Я чекаю тебе, в мене очі незрячі.
Я чекаю тебе, в мене зуби собачі.
Я чекаю тебе, в мене пальці холодні.
Я живу у безодні.

Ти дівчисько дурне та зелене,
Ти далеко не перша у мене.
Але моє жагуче кохання,
Мабуть, буде для тебе останнє.

Приспів:
Я цілую тебе, в мене очі незрячі.
Я цілую тебе, в мене зуби собачі.
Я цiлую тебе, в мене пальці холодні.
Я живу у безодні.
Я кохаю тебе, в мене очі незрячі.
Я кохаю тебе, в мене зуби собачі.
Я кохаю тебе, в мене пальці холодні.
Я живу у безодні.','["pisni.org.ua", "cat:bardivski", "cat:zhartivlyvi", "Бардівські пісні", "Жартівливі пісні"]',1,'published',COALESCE((SELECT created_at FROM songs WHERE id='pisniua_41338'), datetime('now')),datetime('now'));
INSERT OR REPLACE INTO songs_fts(song_id,title,lyrics) VALUES ('pisniua_41338','Пісня про вампіра','Я гуляю по темних ночах,
Я ховаюся в мокрих корчах.
Я не лютий небачений звір,
Я простий український вампір.

Приспів:
Я шукаю тебе, в мене очі незрячі.
Я шукаю тебе, в мене зуби собачі.
Я шукаю тебе, в мене пальці холодні.
Я живу у безодні.

Ти сьогодні підеш у кіно,
Я залізу в відкрите вікно.
Заховаюся в темнім кутку.
Ти прийдеш, а я скажу:  "Ку-ку!"

Приспів:
Я чекаю тебе, в мене очі незрячі.
Я чекаю тебе, в мене зуби собачі.
Я чекаю тебе, в мене пальці холодні.
Я живу у безодні.

Ти дівчисько дурне та зелене,
Ти далеко не перша у мене.
Але моє жагуче кохання,
Мабуть, буде для тебе останнє.

Приспів:
Я цілую тебе, в мене очі незрячі.
Я цілую тебе, в мене зуби собачі.
Я цiлую тебе, в мене пальці холодні.
Я живу у безодні.
Я кохаю тебе, в мене очі незрячі.
Я кохаю тебе, в мене зуби собачі.
Я кохаю тебе, в мене пальці холодні.
Я живу у безодні.');
INSERT OR REPLACE INTO song_links (id,song_id,title,url,kind,version_id,sort_order) VALUES ('pisniua_41338_l1','pisniua_41338','YouTube','https://www.youtube.com/watch?v=hBxzUwdj1fY','video',NULL,1);
INSERT OR REPLACE INTO songs (id,title,subtitle,lang,country,period,year,source,notes,lyrics,tags_json,lang_locked,status,created_at,updated_at) VALUES ('pisniua_413838','Коломийки',NULL,'uk','ukr_ssr_1919_1991',NULL,NULL,NULL,NULL,'Сидить Сталiн в комиші,
Гітлер у болоті.
Що робили куркулям -
То роблять бідноті
Хор: Правильно, правильно,

Сталін грає на гармошку
Гітлер садить ріпака.
Дожилася Україна -
По сто грам на їдака.
Хор: Правильно...

Десь скуча Верховна Рада
За вкраїнськими маком,
За стахановським приміром
Тікай, Гітлер, раком!
Хор: Правильно...

Сидить Гітлер на горшку,
Сопе, бідний, дметься,
Україна вже в мішку,
Та мішок той рветься.
Хор: Правильно...

Б''ються німці й комуністи
За вкраїнське жито.
Тікав Сталін без штанів,
А Гітлер без литок.
Хор: Правильно... Совершенно вєрно.

Мало німцям молока,
Захотіли меду;
Будеш битий, сучий Гітлер,
Ззаду і спереду.
Хор: Правильно...

До Німеччини вже нас
Годі, Гітлер, брати,
Буде тобі через рік Нікуди тікати.
Хор: Правильно...

Українці - добрі люди,
Хочуть мир так скласти:
Собі взяти Україну,
Вождям - свині пасти.
Хор: Правильно...','["pisni.org.ua", "cat:povstanski", "Повстанські пісні"]',1,'published',COALESCE((SELECT created_at FROM songs WHERE id='pisniua_413838'), datetime('now')),datetime('now'));
INSERT OR REPLACE INTO songs_fts(song_id,title,lyrics) VALUES ('pisniua_413838','Коломийки','Сидить Сталiн в комиші,
Гітлер у болоті.
Що робили куркулям -
То роблять бідноті
Хор: Правильно, правильно,

Сталін грає на гармошку
Гітлер садить ріпака.
Дожилася Україна -
По сто грам на їдака.
Хор: Правильно...

Десь скуча Верховна Рада
За вкраїнськими маком,
За стахановським приміром
Тікай, Гітлер, раком!
Хор: Правильно...

Сидить Гітлер на горшку,
Сопе, бідний, дметься,
Україна вже в мішку,
Та мішок той рветься.
Хор: Правильно...

Б''ються німці й комуністи
За вкраїнське жито.
Тікав Сталін без штанів,
А Гітлер без литок.
Хор: Правильно... Совершенно вєрно.

Мало німцям молока,
Захотіли меду;
Будеш битий, сучий Гітлер,
Ззаду і спереду.
Хор: Правильно...

До Німеччини вже нас
Годі, Гітлер, брати,
Буде тобі через рік Нікуди тікати.
Хор: Правильно...

Українці - добрі люди,
Хочуть мир так скласти:
Собі взяти Україну,
Вождям - свині пасти.
Хор: Правильно...');
INSERT OR REPLACE INTO songs (id,title,subtitle,lang,country,period,year,source,notes,lyrics,tags_json,lang_locked,status,created_at,updated_at) VALUES ('pisniua_4138333','Я нiколи нiкому тебе не вiддам!..','Музика: Ніколо Петраш Слова: Людмила Пономаренко. Виконує: Олександр Пономарьов','uk','ukraine_before_1917',NULL,NULL,'аудіозапис',NULL,'Я так чекав тебе, чекав, що сни здійснилися...
Мені вуста, твої вуста ночами снилися.
Щоб ми зустрілися в житті під цими зорями,
Назвавши їх на самоті своїми долями...
Сама любов для нас обох той час зазначила,
Ти на долонях рук своїх мене побачила,
Зійшлись дві лінії в одну дорогу зоряну,
Як два струмки в одну ріку, дощами сховану.
Приспів:
Я ніколи, нікому Тебе не віддам!
Хочу бачити, чути, любити щодня.
Я нікого, ніколи ще так не кохав,
Я так довго, так довго на тебе чекав!
Я завжди сердцем відчував що ми зустрінемось
І вже нікуди від надій та мрій не дінемось.
Нам мало Всесвіту з тобою, мало вічності,
Для наших чистих почуттів, для їх чарівності!
Я ніколи нікому тебе не віддам!
Хочу бачити, чути, любити щодня.
Я ніколи нікого ще так не кохав,
Я так довго, так дoвго на тебе...
Приспів.','["pisni.org.ua", "cat:lirychni", "Пісні про кохання, ліричні"]',1,'published',COALESCE((SELECT created_at FROM songs WHERE id='pisniua_4138333'), datetime('now')),datetime('now'));
INSERT OR REPLACE INTO songs_fts(song_id,title,lyrics) VALUES ('pisniua_4138333','Я нiколи нiкому тебе не вiддам!..','Я так чекав тебе, чекав, що сни здійснилися...
Мені вуста, твої вуста ночами снилися.
Щоб ми зустрілися в житті під цими зорями,
Назвавши їх на самоті своїми долями...
Сама любов для нас обох той час зазначила,
Ти на долонях рук своїх мене побачила,
Зійшлись дві лінії в одну дорогу зоряну,
Як два струмки в одну ріку, дощами сховану.
Приспів:
Я ніколи, нікому Тебе не віддам!
Хочу бачити, чути, любити щодня.
Я нікого, ніколи ще так не кохав,
Я так довго, так довго на тебе чекав!
Я завжди сердцем відчував що ми зустрінемось
І вже нікуди від надій та мрій не дінемось.
Нам мало Всесвіту з тобою, мало вічності,
Для наших чистих почуттів, для їх чарівності!
Я ніколи нікому тебе не віддам!
Хочу бачити, чути, любити щодня.
Я ніколи нікого ще так не кохав,
Я так довго, так дoвго на тебе...
Приспів.');
INSERT OR REPLACE INTO song_links (id,song_id,title,url,kind,version_id,sort_order) VALUES ('pisniua_4138333_l1','pisniua_4138333','YouTube','https://www.youtube.com/watch?v=Pcya4bTkuJs','video',NULL,1);
INSERT OR REPLACE INTO song_links (id,song_id,title,url,kind,version_id,sort_order) VALUES ('pisniua_4138333_l2','pisniua_4138333','YouTube','https://www.youtube.com/watch?v=vCNpm9b8vWA','video',NULL,2);
INSERT OR REPLACE INTO song_links (id,song_id,title,url,kind,version_id,sort_order) VALUES ('pisniua_4138333_l3','pisniua_4138333','YouTube','https://www.youtube.com/watch?v=iBLM2ceyyG8','video',NULL,3);
INSERT OR REPLACE INTO song_links (id,song_id,title,url,kind,version_id,sort_order) VALUES ('pisniua_4138333_l4','pisniua_4138333','YouTube','https://www.youtube.com/watch?v=9Bm88ds-FVs','video',NULL,4);
INSERT OR REPLACE INTO songs (id,title,subtitle,lang,country,period,year,source,notes,lyrics,tags_json,lang_locked,status,created_at,updated_at) VALUES ('pisniua_413338','Най буде дощ','Музика: Андрій Кузьменко, Ростислав Домішевський Слова: Ростислав Домішевський. Виконує: Скрябін','uk','ukraine_1991',NULL,NULL,'текст- http://skryabin.ru; аудіо- Скрябін. "Мова риб". 1997','Підбір акордів: bohdanko','Вступ: Am F* Dm Em
Той вітер то страшний дивак
I зовсім робить всьо не так
Якби я силу його мав
До купи хмари би збирав
Приспів:
Най буде дощ
Най миє нас
Най змиє бруд
За весь той час
Зимні краплі моїх сліз
Вкрили землю як роса
Хто не спав не бачив снів
А я завжди тільки спав
Через то коли відкрив
Очі сльози потекли
Не спинити вже тих сліз
Такі файні були сни
Приспів.
Втікає дим крізь пальці
Не втримати його в руках
I скільки не старайся
Він собі як вільний птах
А я так хтів тримати дим
Затиснув пальці аж до крові
Та залишились пусті
Мої скривавлені долоні
Приспів:
Най буде дощ
Най миє нас
Най змиє бруд
Am
За весь той час
* Замість F можна брати F7M [1 x 3 2 1 0]','["pisni.org.ua", "cat:nostalgia", "cat:philosophic", "Пісні з ностальгічними мотивами", "Філософські пісні"]',1,'published',COALESCE((SELECT created_at FROM songs WHERE id='pisniua_413338'), datetime('now')),datetime('now'));
INSERT OR REPLACE INTO songs_fts(song_id,title,lyrics) VALUES ('pisniua_413338','Най буде дощ','Вступ: Am F* Dm Em
Той вітер то страшний дивак
I зовсім робить всьо не так
Якби я силу його мав
До купи хмари би збирав
Приспів:
Най буде дощ
Най миє нас
Най змиє бруд
За весь той час
Зимні краплі моїх сліз
Вкрили землю як роса
Хто не спав не бачив снів
А я завжди тільки спав
Через то коли відкрив
Очі сльози потекли
Не спинити вже тих сліз
Такі файні були сни
Приспів.
Втікає дим крізь пальці
Не втримати його в руках
I скільки не старайся
Він собі як вільний птах
А я так хтів тримати дим
Затиснув пальці аж до крові
Та залишились пусті
Мої скривавлені долоні
Приспів:
Най буде дощ
Най миє нас
Най змиє бруд
Am
За весь той час
* Замість F можна брати F7M [1 x 3 2 1 0]');
INSERT OR REPLACE INTO song_links (id,song_id,title,url,kind,version_id,sort_order) VALUES ('pisniua_413338_l1','pisniua_413338','YouTube','https://www.youtube.com/watch?v=3uzaiCiSaCE','video',NULL,1);
INSERT OR REPLACE INTO song_links (id,song_id,title,url,kind,version_id,sort_order) VALUES ('pisniua_413338_l2','pisniua_413338','YouTube','https://www.youtube.com/watch?v=UgrYbxlPFYo','video',NULL,2);
INSERT OR REPLACE INTO song_links (id,song_id,title,url,kind,version_id,sort_order) VALUES ('pisniua_413338_l3','pisniua_413338','YouTube','https://www.youtube.com/watch?v=7hFUdq4Sw24','video',NULL,3);
INSERT OR REPLACE INTO songs (id,title,subtitle,lang,country,period,year,source,notes,lyrics,tags_json,lang_locked,status,created_at,updated_at) VALUES ('pisniua_413930','Українське місто','Музика: Олександр Зелінський Слова: Олександр Зелінський','uk','ukraine_1991',NULL,NULL,NULL,NULL,'В передгір''ї Карпат, на полтв''янських горбах
Ти віками стоїш в череп''яних дахах.
У борні серед бурі та грому
Не забув ти свою рідну мову.
Ти в майбутнє ідеш - я з тобою іду,
Коли сумно тобі - я твій сум перейму,
А як радість здолає печалі,
Заспіваємо пісню таку:

Приспів:
Львів, Львів, Львів, Львів -
Зоряне намисто.
Львів, Львів, Львів, Львів -
Українське місто.
Львів, Львів, Львів, Львів -
Кожен теє знає -
Міста в світі кращого немає.

Тут замало води, забагато дощу,
Рідко сонячні дні, часом небо в пилу,
Та недоліки я зневажаю,
Бо тебе, рідний Львове, кохаю! -
За весняну красу, за бруківку стару,
За вечірню зорю і за вежу стрімку.
Ти забрав мою волю і долю,
Своє серце тобі віддаю.

Приспів.

А на Замок Високий коли піднімусь,
То із замку побачу всю Галицьку Русь,
Стольний Київ, Париж і Варшаву,
Персенківку, і Сихів, і Раву.
Заспіваю і пісня у небо злетить,
Обкружляє планету, повернеться вмить,
Добрим словом нащадків Данила
Над дахами, мов дзвін, задзвенить.

Приспів.','["pisni.org.ua", "cat:lviv", "Пісні про Львів"]',1,'published',COALESCE((SELECT created_at FROM songs WHERE id='pisniua_413930'), datetime('now')),datetime('now'));
INSERT OR REPLACE INTO songs_fts(song_id,title,lyrics) VALUES ('pisniua_413930','Українське місто','В передгір''ї Карпат, на полтв''янських горбах
Ти віками стоїш в череп''яних дахах.
У борні серед бурі та грому
Не забув ти свою рідну мову.
Ти в майбутнє ідеш - я з тобою іду,
Коли сумно тобі - я твій сум перейму,
А як радість здолає печалі,
Заспіваємо пісню таку:

Приспів:
Львів, Львів, Львів, Львів -
Зоряне намисто.
Львів, Львів, Львів, Львів -
Українське місто.
Львів, Львів, Львів, Львів -
Кожен теє знає -
Міста в світі кращого немає.

Тут замало води, забагато дощу,
Рідко сонячні дні, часом небо в пилу,
Та недоліки я зневажаю,
Бо тебе, рідний Львове, кохаю! -
За весняну красу, за бруківку стару,
За вечірню зорю і за вежу стрімку.
Ти забрав мою волю і долю,
Своє серце тобі віддаю.

Приспів.

А на Замок Високий коли піднімусь,
То із замку побачу всю Галицьку Русь,
Стольний Київ, Париж і Варшаву,
Персенківку, і Сихів, і Раву.
Заспіваю і пісня у небо злетить,
Обкружляє планету, повернеться вмить,
Добрим словом нащадків Данила
Над дахами, мов дзвін, задзвенить.

Приспів.');
INSERT OR REPLACE INTO songs (id,title,subtitle,lang,country,period,year,source,notes,lyrics,tags_json,lang_locked,status,created_at,updated_at) VALUES ('pisniua_414389','Україна *','Музика: Тарас Петриненко Слова: Тарас Петриненко. Виконує: Тарас Петриненко, Гроно','uk','ukraine_1991',NULL,NULL,'Пісневир: Молодіжний співаник.- Львів, 2001','* Тут, можливо, текст інший: Бо ми кохаєм до нестями, І ще не скоро наш кінець. Акорди подано спрощені. В оригіналі пісня виконується в тональності "ля-мінор" (з акорда A).','Дороги іншої не треба,
Поки зорить Чумацький Шлях.
Я йду від тебе і до тебе
По золотих твоїх стежках.

Мені не можна не любити,
Тобі не можна не цвісти.
Лиш доти варто в світі жити,
Поки живеш і квітнеш ти!

Приспів 1:
Україно, Україно, після далечі доріг
Вірне серце твого сина я кладу тобі до ніг!

Поки кохаєм до нестями, *
Іще не скоро наш кінець.
Ще, може, нашими серцями
Розпалим тисячі сердець.

Ще свічка наша не згоріла,
Ще наша молодість при нас,
А те, чи варте наше діло —
То скажуть люди й скаже час.

Приспів 2:
Україно, Україно, після далечі доріг
Вірне серце твого сина я кладу тобі до ніг!

Приспів 3:
Україно, Україно, після далечі доріг         |
Вірне серце твого сина я кладу тобі до ніг!  |
Україно, Україно, після далечі доріг
Вірне серце твого сина я кладу тобі до ніг!
G
Тобі до ніг!','["pisni.org.ua", "cat:patriotic", "Патріотичні пісні"]',1,'published',COALESCE((SELECT created_at FROM songs WHERE id='pisniua_414389'), datetime('now')),datetime('now'));
INSERT OR REPLACE INTO songs_fts(song_id,title,lyrics) VALUES ('pisniua_414389','Україна *','Дороги іншої не треба,
Поки зорить Чумацький Шлях.
Я йду від тебе і до тебе
По золотих твоїх стежках.

Мені не можна не любити,
Тобі не можна не цвісти.
Лиш доти варто в світі жити,
Поки живеш і квітнеш ти!

Приспів 1:
Україно, Україно, після далечі доріг
Вірне серце твого сина я кладу тобі до ніг!

Поки кохаєм до нестями, *
Іще не скоро наш кінець.
Ще, може, нашими серцями
Розпалим тисячі сердець.

Ще свічка наша не згоріла,
Ще наша молодість при нас,
А те, чи варте наше діло —
То скажуть люди й скаже час.

Приспів 2:
Україно, Україно, після далечі доріг
Вірне серце твого сина я кладу тобі до ніг!

Приспів 3:
Україно, Україно, після далечі доріг         |
Вірне серце твого сина я кладу тобі до ніг!  |
Україно, Україно, після далечі доріг
Вірне серце твого сина я кладу тобі до ніг!
G
Тобі до ніг!');
INSERT OR REPLACE INTO song_links (id,song_id,title,url,kind,version_id,sort_order) VALUES ('pisniua_414389_l1','pisniua_414389','YouTube','https://www.youtube.com/watch?v=Lu3gbBVmA2k','video',NULL,1);
INSERT OR REPLACE INTO song_links (id,song_id,title,url,kind,version_id,sort_order) VALUES ('pisniua_414389_l2','pisniua_414389','YouTube','https://www.youtube.com/watch?v=fQcS2En_DR8','video',NULL,2);
INSERT OR REPLACE INTO song_links (id,song_id,title,url,kind,version_id,sort_order) VALUES ('pisniua_414389_l3','pisniua_414389','Переглянути варіанти >>','https://www.pisni.org.ua/#variants','external',NULL,3);
INSERT OR REPLACE INTO songs (id,title,subtitle,lang,country,period,year,source,notes,lyrics,tags_json,lang_locked,status,created_at,updated_at) VALUES ('pisniua_4140632','Коровай','Музика: Олександр Осадчий Слова: Леонід Татаренко. Виконує: Тося Федунова, Краяни','uk','ukraine_1991',NULL,NULL,NULL,NULL,'Зернятко до зернятка -
З короваєм днина.
Не роняй на землю ти
Хліб святий,зернину,
В ній же як у серденьку -
Все про хліб турбота,
Про кожнеє зернятко -
До сьомого поту...

Приспів:
А без короваю -
Щастя не буває!
В сонці короваю -
Слава трудовая!
В рушники загорнем
Білий хліб і чорний,-
Зернятко до зернятка,
Зернятко до зернятка -
Коровай!

В полі - як потрудишся -
Так і веселитись...
В полі - кожній грудочці
Треба поклонитись.
То вологи мало їй,
То плакуче небо...
Мерзлу і обпалену
Землю ніжить треба.

Приспів.

Вчасно треба сіяти,
Й берегти зернята -
Наша доля й сила в них,
Молодість крилата.
Зернятко розтопчеш ти -
Гнів землі накличеш!
Шана хлібу отчому
Вічна і велична.

Приспів','["pisni.org.ua", "cat:zahalni-cinnosti", "Пісні про загальнолюдські цінності"]',1,'published',COALESCE((SELECT created_at FROM songs WHERE id='pisniua_4140632'), datetime('now')),datetime('now'));
INSERT OR REPLACE INTO songs_fts(song_id,title,lyrics) VALUES ('pisniua_4140632','Коровай','Зернятко до зернятка -
З короваєм днина.
Не роняй на землю ти
Хліб святий,зернину,
В ній же як у серденьку -
Все про хліб турбота,
Про кожнеє зернятко -
До сьомого поту...

Приспів:
А без короваю -
Щастя не буває!
В сонці короваю -
Слава трудовая!
В рушники загорнем
Білий хліб і чорний,-
Зернятко до зернятка,
Зернятко до зернятка -
Коровай!

В полі - як потрудишся -
Так і веселитись...
В полі - кожній грудочці
Треба поклонитись.
То вологи мало їй,
То плакуче небо...
Мерзлу і обпалену
Землю ніжить треба.

Приспів.

Вчасно треба сіяти,
Й берегти зернята -
Наша доля й сила в них,
Молодість крилата.
Зернятко розтопчеш ти -
Гнів землі накличеш!
Шана хлібу отчому
Вічна і велична.

Приспів');
INSERT OR REPLACE INTO song_links (id,song_id,title,url,kind,version_id,sort_order) VALUES ('pisniua_4140632_l1','pisniua_4140632','YouTube','https://www.youtube.com/watch?v=-oKcdViE3DA','video',NULL,1);
INSERT OR REPLACE INTO songs (id,title,subtitle,lang,country,period,year,source,notes,lyrics,tags_json,lang_locked,status,created_at,updated_at) VALUES ('pisniua_4140034','Вальс','Українська народна пісня. Виконує: ДахаБраха','uk','ukraine_before_1917',NULL,NULL,'аудіозапис',NULL,'Хто не вийде на Купайло,
Щоб воно лягло та й не встало!
Щоб воно лягло та й не встало!

Щоб воно лягло та й не встало,
Святого Петра не дождало!
Святого Петра не дождало!

Щоб воно лягло колодою,
А завтра встало з хворобою!
А завтра встало з хворобою!

Наше Купайло проти ночі,
Повипєкає вєдьмам очи!
Повипєкає вєдьмам очи!

Щоб по ночам не ходили,
Чужих коровок не доїли!
Чужих коровок не доїли!

Ой, на горі крокос порос,
Забрав чорт хлопцов та й в лєс поньос!
Забрав чорт хлопцов та й в лєс поньос!

Забрав чорт хлопцов та й носиться,
Дурнії хлопци не просяться!
Дурнії хлопци не просяться!

Ой, на горі вогонь горить,
Кричить дівчина: живот болить!
Кричить дівчина: живот болить!

Нехай кричить, нехай знає,
Нехай з хлопцями не гуляє!
Нехай з хлопцями не гуляє!

Хто не вийде на Купайло,
Щоб воно лягло та й не встало!
Щоб воно лягло та й не встало!','["pisni.org.ua", "cat:kupalski", "Купальські пісні"]',1,'published',COALESCE((SELECT created_at FROM songs WHERE id='pisniua_4140034'), datetime('now')),datetime('now'));
INSERT OR REPLACE INTO songs_fts(song_id,title,lyrics) VALUES ('pisniua_4140034','Вальс','Хто не вийде на Купайло,
Щоб воно лягло та й не встало!
Щоб воно лягло та й не встало!

Щоб воно лягло та й не встало,
Святого Петра не дождало!
Святого Петра не дождало!

Щоб воно лягло колодою,
А завтра встало з хворобою!
А завтра встало з хворобою!

Наше Купайло проти ночі,
Повипєкає вєдьмам очи!
Повипєкає вєдьмам очи!

Щоб по ночам не ходили,
Чужих коровок не доїли!
Чужих коровок не доїли!

Ой, на горі крокос порос,
Забрав чорт хлопцов та й в лєс поньос!
Забрав чорт хлопцов та й в лєс поньос!

Забрав чорт хлопцов та й носиться,
Дурнії хлопци не просяться!
Дурнії хлопци не просяться!

Ой, на горі вогонь горить,
Кричить дівчина: живот болить!
Кричить дівчина: живот болить!

Нехай кричить, нехай знає,
Нехай з хлопцями не гуляє!
Нехай з хлопцями не гуляє!

Хто не вийде на Купайло,
Щоб воно лягло та й не встало!
Щоб воно лягло та й не встало!');
INSERT OR REPLACE INTO song_links (id,song_id,title,url,kind,version_id,sort_order) VALUES ('pisniua_4140034_l1','pisniua_4140034','YouTube','https://www.youtube.com/watch?v=m-CKUdrpHiU','video',NULL,1);
INSERT OR REPLACE INTO songs (id,title,subtitle,lang,country,period,year,source,notes,lyrics,tags_json,lang_locked,status,created_at,updated_at) VALUES ('pisniua_4143083','Посміхайтеся','Музика: Олександр Осадчий Слова: Андрій Дмитрук. Виконує: Валентина Михайлова, Віталій Білоножко','uk','ukraine_1991',NULL,NULL,NULL,NULL,'Рано на зорі прокидайтеся,
Сонячній порі посміхайтеся.
Щоб вінком пісень               |
Линув кожний день -             |
З ранку неодмінно посміхайтеся! |(2)

Приспів:
Посміхнись!
Посміхнись!
Знай - щастить в житті веселим людям.
Хай твій сміх,
Добрий сміх -
Наче сонце гріє всіх!

Хай гуркоче грім - не лякайтеся,
Хмарам дощовим - посміхайтеся.
Морок відлетить,                  |
Вернеться блакить -               |
Тільки, дуже прошу, посміхайтеся! |(2)

Приспів.

Прийде сто турбот - ви тримайтеся!
Серед всіх негод - посміхайтеся!
Швидко плине час,               |
Щастя стріне вас,               |
Тільки ви частіше посміхайтеся  |(2)

Приспів','["pisni.org.ua", "cat:zahalni-cinnosti", "Пісні про загальнолюдські цінності"]',1,'published',COALESCE((SELECT created_at FROM songs WHERE id='pisniua_4143083'), datetime('now')),datetime('now'));
INSERT OR REPLACE INTO songs_fts(song_id,title,lyrics) VALUES ('pisniua_4143083','Посміхайтеся','Рано на зорі прокидайтеся,
Сонячній порі посміхайтеся.
Щоб вінком пісень               |
Линув кожний день -             |
З ранку неодмінно посміхайтеся! |(2)

Приспів:
Посміхнись!
Посміхнись!
Знай - щастить в житті веселим людям.
Хай твій сміх,
Добрий сміх -
Наче сонце гріє всіх!

Хай гуркоче грім - не лякайтеся,
Хмарам дощовим - посміхайтеся.
Морок відлетить,                  |
Вернеться блакить -               |
Тільки, дуже прошу, посміхайтеся! |(2)

Приспів.

Прийде сто турбот - ви тримайтеся!
Серед всіх негод - посміхайтеся!
Швидко плине час,               |
Щастя стріне вас,               |
Тільки ви частіше посміхайтеся  |(2)

Приспів');
INSERT OR REPLACE INTO song_links (id,song_id,title,url,kind,version_id,sort_order) VALUES ('pisniua_4143083_l1','pisniua_4143083','YouTube','https://www.youtube.com/watch?v=QIOjAbnbisM','video',NULL,1);
INSERT OR REPLACE INTO songs (id,title,subtitle,lang,country,period,year,source,notes,lyrics,tags_json,lang_locked,status,created_at,updated_at) VALUES ('pisniua_41436','Корида','Музика: Тарас Чубай Слова: Григорій Чубай. Виконує: Плач Єремії','uk','ukraine_1991',NULL,NULL,'Збірник пісень Студентського братства Львівської політехніки. Львів, 2000',NULL,'Моя задихана коридо,
Мій колізейний чорний дню,
Dm
Твої дива ридають ридма,
Бо з них злагоджують меню.

Їх на руках навчать ходити
Dm
І танцювати на шнурку -
G
В догоду хтивим ерудитам,
Am
Юрбі цинічній до смаку.
Am
Яка хвилюється у норму:
Dm
То драматично позіха,
G
То грима в стелю бутафорно
F
Своїм премудрим: "Ха-ха-ха!".

Мій чорний дню, мій Колізею,
На грані тьми і пустоти...
Чи, може, совість до музею
Поки не пізно, віднести?!
Am
Бо то таке вже архидревнє,
Dm
Як і пергамент, і соха,
G
Тоді б і я зумів, напевне,
F
Зректи премудре: "Ха-ха-ха!"

Рядочком кожним і абзацом,
І кожним всміхненим кліше
Кричать газети про ерзаци -
Ерзаци душ з пап''є-маше.
З трибуни хтось волає "браво!" -
По всіх усюдах загуло:
Минуле вб''єм ерзацом слави,
Якщо там слави не було!
Замість часу - ерзац-годину,
Замість людей - ерзац-людину,
А всім крикливим на догоду
Ми подамо ерзац-свободу!
І, для годиться, вже посієм
Із власних уст ерзац-месію!...

Хвала творцям ерзаців, браво! -
Це ж підійме на висоту
І синтезовану державу,
І синтетичну пустоту.
Чого ж іще тоді шукати?
Чого ж іще запрагне люд -
Кібернетичного Пілата?
Чи синтезованих Іуд?
Синтезованих Іуд?

Моя задихана Корридо...','["pisni.org.ua", "cat:bardivski", "Бардівські пісні"]',1,'published',COALESCE((SELECT created_at FROM songs WHERE id='pisniua_41436'), datetime('now')),datetime('now'));
INSERT OR REPLACE INTO songs_fts(song_id,title,lyrics) VALUES ('pisniua_41436','Корида','Моя задихана коридо,
Мій колізейний чорний дню,
Dm
Твої дива ридають ридма,
Бо з них злагоджують меню.

Їх на руках навчать ходити
Dm
І танцювати на шнурку -
G
В догоду хтивим ерудитам,
Am
Юрбі цинічній до смаку.
Am
Яка хвилюється у норму:
Dm
То драматично позіха,
G
То грима в стелю бутафорно
F
Своїм премудрим: "Ха-ха-ха!".

Мій чорний дню, мій Колізею,
На грані тьми і пустоти...
Чи, може, совість до музею
Поки не пізно, віднести?!
Am
Бо то таке вже архидревнє,
Dm
Як і пергамент, і соха,
G
Тоді б і я зумів, напевне,
F
Зректи премудре: "Ха-ха-ха!"

Рядочком кожним і абзацом,
І кожним всміхненим кліше
Кричать газети про ерзаци -
Ерзаци душ з пап''є-маше.
З трибуни хтось волає "браво!" -
По всіх усюдах загуло:
Минуле вб''єм ерзацом слави,
Якщо там слави не було!
Замість часу - ерзац-годину,
Замість людей - ерзац-людину,
А всім крикливим на догоду
Ми подамо ерзац-свободу!
І, для годиться, вже посієм
Із власних уст ерзац-месію!...

Хвала творцям ерзаців, браво! -
Це ж підійме на висоту
І синтезовану державу,
І синтетичну пустоту.
Чого ж іще тоді шукати?
Чого ж іще запрагне люд -
Кібернетичного Пілата?
Чи синтезованих Іуд?
Синтезованих Іуд?

Моя задихана Корридо...');
INSERT OR REPLACE INTO song_links (id,song_id,title,url,kind,version_id,sort_order) VALUES ('pisniua_41436_l1','pisniua_41436','YouTube','https://www.youtube.com/watch?v=BjAqzCV3sTQ','video',NULL,1);
INSERT OR REPLACE INTO songs (id,title,subtitle,lang,country,period,year,source,notes,lyrics,tags_json,lang_locked,status,created_at,updated_at) VALUES ('pisniua_414333','Марш "Звитяги"','Музика: Ярослав Юрчишин Слова: Ярослав Юрчишин. Виконує: Ярослав Юрчишин','uk','ukraine_1991',NULL,'2002','1. http://plast-scouting.org/music/ 2. Співаник Українського Лицаря. Видання Куреня УСП ч.15 “Орден Залізної Остроги” ім. Святослава Завойовника Пласту – НСОУ.– Київ: Українська Видавнича Спілка, 2006.– 104 с.','Акорди виправив і доповнив Ярослав Юрчишин. "Пісня написана влітку 2002 року спеціально для підтабору "Звитяга" Ювілейної Міжкрайової Пластової Зустрічі (ЮМПЗ). Автор слів та музики старший пластун Ярослав Юрчишин з Ордену Залізної Остроги. Один із куплетів було написано безпосередньо на таборі поблизу Крехівського монастиря майже всім проводом табору юнаків (найбільше долучився пластун сеньйор Павло Білоус, ОЗО)." (Джерело: Співаник Українського Лицаря, 2006)','Ти чуєш: крок карбує ряд,
У ньому всім нам місце стати.
Бо кожен з нас тепер вояк
Народжений перемагати.

Нехай тремтять всі вороги,
Неначе псів брудних ватага.
Навік замовкнуть вже вони:
На їх шляху встає "Звитяга"!

Приспів:
"Звитяга", вперед, вперед!
На труднощі не зважай!
"Звитяга", вперед, вперед!
"Звитяга", перемагай!

Лише вперед! Нових висот
Кров Святослава вимагає.
Бо хто тремтить, немов осот,
Той не живе і не вмирає.

Нас кличе Русь, її кордон
Для нас дороговказом буде.
І не існує перепон,
Які "Звитяга" не здобуде!

Приспів.

Під нами землі прадідів,
Над нами Сонце - лик Сварога.
І нас до лицарських чинів
Веде Залізная Острога.

Клич "Перемога або смерть!"
Луна над нами в цю хвилину.
І ми плекаємо в собі
Звитяжні риси для Вкраїни.

Приспів.','["pisni.org.ua", "cat:bardivski", "cat:himny-marshi", "cat:plastovi", "Бардівські пісні", "Гимни та марші", "Пластові пісні"]',1,'published',COALESCE((SELECT created_at FROM songs WHERE id='pisniua_414333'), datetime('now')),datetime('now'));
INSERT OR REPLACE INTO songs_fts(song_id,title,lyrics) VALUES ('pisniua_414333','Марш "Звитяги"','Ти чуєш: крок карбує ряд,
У ньому всім нам місце стати.
Бо кожен з нас тепер вояк
Народжений перемагати.

Нехай тремтять всі вороги,
Неначе псів брудних ватага.
Навік замовкнуть вже вони:
На їх шляху встає "Звитяга"!

Приспів:
"Звитяга", вперед, вперед!
На труднощі не зважай!
"Звитяга", вперед, вперед!
"Звитяга", перемагай!

Лише вперед! Нових висот
Кров Святослава вимагає.
Бо хто тремтить, немов осот,
Той не живе і не вмирає.

Нас кличе Русь, її кордон
Для нас дороговказом буде.
І не існує перепон,
Які "Звитяга" не здобуде!

Приспів.

Під нами землі прадідів,
Над нами Сонце - лик Сварога.
І нас до лицарських чинів
Веде Залізная Острога.

Клич "Перемога або смерть!"
Луна над нами в цю хвилину.
І ми плекаємо в собі
Звитяжні риси для Вкраїни.

Приспів.');
INSERT OR REPLACE INTO songs (id,title,subtitle,lang,country,period,year,source,notes,lyrics,tags_json,lang_locked,status,created_at,updated_at) VALUES ('pisniua_414737','Від Синього Дону до Сивиx Карпат','Музика: Михайло Гайворонський Слова: Олекса Кобець','uk','ukrainian_peoples_republic_1917_1921',NULL,'1917','1. У мандри. Збірник українських пісень для пластової молоді. - Мельбурн - Аделаїда, 1981. 2. http://www.vesna.org.ua/txt/bodnaruki/mds/13.html','*Варіанти в''язок подані за джерелом 1. У ньому відсутня третя в''язка. Наша пластова молодь залюбки співає чудову бадьору маршову пісню "Від синього Дону до сивих Карпат...", не знаючи здебільшого, що автором її є письменник Олекса Кобець, а музику до неї склав Михайло Гайворонський, композитор УСС. Своїм змістом і своєю мелодією вона дуже припала до серця української молоді і стала вже на свій лад майже ародною. Її понесла наша молодь з собою на чужі континенти, в широкий світ, і в ній оспівує найсвятіші ідеали народу, як оспівав їх поет Кобець у 1917 році, перебуваючи у Фрайштадському таборі полонених. Напевно не знав автор, живучи пізніше в умовах підсовєтської дійсности, що за Збручем його пісня стала неначе другим нашим національним гімном. http://www.vesna.org.ua/txt/bodnaruki/mds/13.html Акорди підібрано за джерелом 1. Іще живі та здорові Всі Родичі Гарбузові. Тримаймось Звичаю рідного. Як мислиш порами року — сій, як мислиш роками — сади дерева, а як мислиш віками — рости дітей співаючи. Народна мудрість Підбір акордів: bohdanko (pisni.org.ua)','Від Синього Дону до Сивиx Карпат
Одна нероздільна Родина
Без панства, без рабства, насильства і зрад, |
Вільна, незалежна Вкраїна.                   | (2)

Ми діти Народу широкиx степів,
Ми все є готові до бою
За Правду, за Волю, за Віру батьків          |
Прапор наш леліє Горою.*                     | (2)

В нас крила орлині і бистрий наш літ,
І бистре соколине око,
До бою зірвемось, як буря, у мить,           |
І стяг піднесемо високо.                     | (2)

Дочки/Сини України ставаймо сильні
Тримаймось Звичаю рідного
Зберем з поля чистого квіти-пісні            |
В вінок України вільної.**                   | (2)

Від Синього Дону до Сивиx Карпат
Одна нероздільна родина
Без панства, без рабства, насильства і зрад, |
Вільна, незалежна Вкраїна.                   | (2)
*Варіант в''язки:
Ми діти Вкраїни, широкиx степів,
Ми завжди готові до бою.
За Правду, за Волю, за Славу батьків         |
Прапор наш леліє Горою.                      | (2)

**Варіант в''язки:
Сини України! Ставаймо вільні
Під Прапор Ідеї одної
Зберем з поля рідного квіти рясні            |
В вінок України вільної.                     | (2)

Акорди:
Gm
Від Синього Дону до Сивиx Карпат
Одна нероздільна Родина
Без панства, без рабства, насильства і зрад, |
Вільна, незалежна Вкраїна.                   | (2)','["pisni.org.ua", "cat:himny-marshi", "cat:plastovi", "Гимни та марші", "Пластові пісні"]',1,'published',COALESCE((SELECT created_at FROM songs WHERE id='pisniua_414737'), datetime('now')),datetime('now'));
INSERT OR REPLACE INTO songs_fts(song_id,title,lyrics) VALUES ('pisniua_414737','Від Синього Дону до Сивиx Карпат','Від Синього Дону до Сивиx Карпат
Одна нероздільна Родина
Без панства, без рабства, насильства і зрад, |
Вільна, незалежна Вкраїна.                   | (2)

Ми діти Народу широкиx степів,
Ми все є готові до бою
За Правду, за Волю, за Віру батьків          |
Прапор наш леліє Горою.*                     | (2)

В нас крила орлині і бистрий наш літ,
І бистре соколине око,
До бою зірвемось, як буря, у мить,           |
І стяг піднесемо високо.                     | (2)

Дочки/Сини України ставаймо сильні
Тримаймось Звичаю рідного
Зберем з поля чистого квіти-пісні            |
В вінок України вільної.**                   | (2)

Від Синього Дону до Сивиx Карпат
Одна нероздільна родина
Без панства, без рабства, насильства і зрад, |
Вільна, незалежна Вкраїна.                   | (2)
*Варіант в''язки:
Ми діти Вкраїни, широкиx степів,
Ми завжди готові до бою.
За Правду, за Волю, за Славу батьків         |
Прапор наш леліє Горою.                      | (2)

**Варіант в''язки:
Сини України! Ставаймо вільні
Під Прапор Ідеї одної
Зберем з поля рідного квіти рясні            |
В вінок України вільної.                     | (2)

Акорди:
Gm
Від Синього Дону до Сивиx Карпат
Одна нероздільна Родина
Без панства, без рабства, насильства і зрад, |
Вільна, незалежна Вкраїна.                   | (2)');
INSERT OR REPLACE INTO song_links (id,song_id,title,url,kind,version_id,sort_order) VALUES ('pisniua_414737_l1','pisniua_414737','YouTube','https://www.youtube.com/watch?v=jIUnLxJHmfU','video',NULL,1);
INSERT OR REPLACE INTO song_links (id,song_id,title,url,kind,version_id,sort_order) VALUES ('pisniua_414737_l2','pisniua_414737','YouTube','https://www.youtube.com/watch?v=vSUfxBAyyPY','video',NULL,2);
INSERT OR REPLACE INTO song_links (id,song_id,title,url,kind,version_id,sort_order) VALUES ('pisniua_414737_l3','pisniua_414737','YouTube','https://www.youtube.com/watch?v=8fcAHSY97t0','video',NULL,3);
INSERT OR REPLACE INTO song_links (id,song_id,title,url,kind,version_id,sort_order) VALUES ('pisniua_414737_l4','pisniua_414737','Переглянути варіанти >>','https://www.pisni.org.ua/#variants','external',NULL,4);
INSERT OR REPLACE INTO songs (id,title,subtitle,lang,country,period,year,source,notes,lyrics,tags_json,lang_locked,status,created_at,updated_at) VALUES ('pisniua_4146931','Перелаз','Українська народна пісня. Виконує: Тріо бандуристок Українського Радіо','uk','ukraine_before_1917',NULL,NULL,'http://kolyba.org.ua',NULL,'Перелаз, перелаз
Від сусіди до нас.
Сусідський легіню,
Сусідський легіню,
Чом не ходиш до нас?

До вас би ходити,
Тебе би любити —
Я хлопець молодий,
Я хлопець молодий,
Знаю ся ганьбити.

Моя хата при дорозі,
Соломою крита,
Ходи до ня, милий,
Ходи до ня, милий,
Хоч я буду бита.

Верхом, милий, верхом
Прийди до ня смерком,
Прокладу ти значок,
Прокладу ти значок
На верхній облачок.

Дівка м була, дівка,
Не було ми пари.
Так за мною хлопці йшли,
Так за мною хлопці йшли,
Як дождяні хмари!','["pisni.org.ua", "cat:zakarpatski", "Закарпатські пісні"]',1,'published',COALESCE((SELECT created_at FROM songs WHERE id='pisniua_4146931'), datetime('now')),datetime('now'));
INSERT OR REPLACE INTO songs_fts(song_id,title,lyrics) VALUES ('pisniua_4146931','Перелаз','Перелаз, перелаз
Від сусіди до нас.
Сусідський легіню,
Сусідський легіню,
Чом не ходиш до нас?

До вас би ходити,
Тебе би любити —
Я хлопець молодий,
Я хлопець молодий,
Знаю ся ганьбити.

Моя хата при дорозі,
Соломою крита,
Ходи до ня, милий,
Ходи до ня, милий,
Хоч я буду бита.

Верхом, милий, верхом
Прийди до ня смерком,
Прокладу ти значок,
Прокладу ти значок
На верхній облачок.

Дівка м була, дівка,
Не було ми пари.
Так за мною хлопці йшли,
Так за мною хлопці йшли,
Як дождяні хмари!');
INSERT OR REPLACE INTO song_links (id,song_id,title,url,kind,version_id,sort_order) VALUES ('pisniua_4146931_l1','pisniua_4146931','YouTube','https://www.youtube.com/watch?v=sH5H2EQJK_A','video',NULL,1);
INSERT OR REPLACE INTO song_links (id,song_id,title,url,kind,version_id,sort_order) VALUES ('pisniua_4146931_l2','pisniua_4146931','YouTube','https://www.youtube.com/watch?v=T4-rtYDgQnk','video',NULL,2);
INSERT OR REPLACE INTO songs (id,title,subtitle,lang,country,period,year,source,notes,lyrics,tags_json,lang_locked,status,created_at,updated_at) VALUES ('pisniua_4141230','Ой підемо, жінко','Українська народна пісня. Виконує: Ансамбль Льонок','uk','ukraine_before_1917',NULL,NULL,NULL,NULL,'- Ой підемо, жінко, підемо, підемо,
Ой підемо в поле пшеницю в''язати!

-Ой хоч піду - в''язати не буду,           |
Бо пшениця ярова, болить мені голова!     | (2)

- Ой підемо, жінко, підемо, підемо,
Ой підемо в поле та ячмінь в''язати!

- Ой хоч піду - в''язати не буду,            |
Бо в ячменя остючки, болять мені кісточки!  | (2)

- Ой підемо, жінко, підемо, підемо,
Ой підемо в поле та овес в''язати!

- Ой хоч піду - в''язати не буду,          |
Бо овес шелестить, мене серденько болить! | (2)

- Ой підемо, жінко, підемо, підемо,
Ой підемо в поле та гречку в''язати!

- Ой хоч піду - в''язати не буду,          |
Бо у гречки полова, а я нездорова!        | (2)

- Ой підемо, жінко, підемо, підемо,
Ой підемо в поле буряки копати!

- Ой хоч піду - копати не буду,           |
Бо велика гичка, а я невеличка!           | (2)

- Ой підемо, жінко, підемо, підемо,
Ой підем до кума весілля гуляти!

- Ой дай Боже сто років прожити,          |
Через день, через два до кума ходити!     | (3)','["pisni.org.ua", "cat:zhartivlyvi", "Жартівливі пісні"]',1,'published',COALESCE((SELECT created_at FROM songs WHERE id='pisniua_4141230'), datetime('now')),datetime('now'));
INSERT OR REPLACE INTO songs_fts(song_id,title,lyrics) VALUES ('pisniua_4141230','Ой підемо, жінко','- Ой підемо, жінко, підемо, підемо,
Ой підемо в поле пшеницю в''язати!

-Ой хоч піду - в''язати не буду,           |
Бо пшениця ярова, болить мені голова!     | (2)

- Ой підемо, жінко, підемо, підемо,
Ой підемо в поле та ячмінь в''язати!

- Ой хоч піду - в''язати не буду,            |
Бо в ячменя остючки, болять мені кісточки!  | (2)

- Ой підемо, жінко, підемо, підемо,
Ой підемо в поле та овес в''язати!

- Ой хоч піду - в''язати не буду,          |
Бо овес шелестить, мене серденько болить! | (2)

- Ой підемо, жінко, підемо, підемо,
Ой підемо в поле та гречку в''язати!

- Ой хоч піду - в''язати не буду,          |
Бо у гречки полова, а я нездорова!        | (2)

- Ой підемо, жінко, підемо, підемо,
Ой підемо в поле буряки копати!

- Ой хоч піду - копати не буду,           |
Бо велика гичка, а я невеличка!           | (2)

- Ой підемо, жінко, підемо, підемо,
Ой підем до кума весілля гуляти!

- Ой дай Боже сто років прожити,          |
Через день, через два до кума ходити!     | (3)');
INSERT OR REPLACE INTO song_links (id,song_id,title,url,kind,version_id,sort_order) VALUES ('pisniua_4141230_l1','pisniua_4141230','YouTube','https://www.youtube.com/watch?v=fQ4uCybDfuo','video',NULL,1);
INSERT OR REPLACE INTO songs (id,title,subtitle,lang,country,period,year,source,notes,lyrics,tags_json,lang_locked,status,created_at,updated_at) VALUES ('pisniua_4145137','Українська врода','Музика: Надія Косяк Слова: Надія Косяк. Виконує: Надія Косяк','uk','ukraine_1991',NULL,NULL,'авторське подання',NULL,'Українська врода, то джерельна вода,
Хто її нап''ється - закохається.
Є у тої вроди вся краса природи,
Але найцінніше, то її душа!       | (2)

Приспів:
Україно-дівчино, Україно-мати,
Низько тобі вклонимось, будем величати.
Тільки збережи ти свою чисту вроду
Для майбутніх поколінь, для свого народу,
Для свого народу!

Українська врода - гордість всього роду.
Як же тую гордість та й не розплескать?
Українок милих, гарних і щасливих
У піснях красивих треба величать! | (2)

Приспів','["pisni.org.ua", "cat:bardivski", "Бардівські пісні"]',1,'published',COALESCE((SELECT created_at FROM songs WHERE id='pisniua_4145137'), datetime('now')),datetime('now'));
INSERT OR REPLACE INTO songs_fts(song_id,title,lyrics) VALUES ('pisniua_4145137','Українська врода','Українська врода, то джерельна вода,
Хто її нап''ється - закохається.
Є у тої вроди вся краса природи,
Але найцінніше, то її душа!       | (2)

Приспів:
Україно-дівчино, Україно-мати,
Низько тобі вклонимось, будем величати.
Тільки збережи ти свою чисту вроду
Для майбутніх поколінь, для свого народу,
Для свого народу!

Українська врода - гордість всього роду.
Як же тую гордість та й не розплескать?
Українок милих, гарних і щасливих
У піснях красивих треба величать! | (2)

Приспів');
INSERT OR REPLACE INTO songs (id,title,subtitle,lang,country,period,year,source,notes,lyrics,tags_json,lang_locked,status,created_at,updated_at) VALUES ('pisniua_414131','Були на селі','Музика: Олег Скрипка Слова: Олег Скрипка. Виконує: Воплі Відоплясова','uk','ukraine_before_1917',NULL,NULL,NULL,'"ВВ" альбом "Хвилі Амура"','Гей, були, були на селі,
Гей, були, були у Вороньках.

Гей, були, були на селі.
Гей були, були у Вороньках,
Правили храм.

Гей, були, були на селі,
Гей, були, були у Вороньках,
Правили храм, гуляли в дворі.

їхали підводой
До дядька Івана,
У дворі сідали
Довгими рядками.

Сідали у мотоцикли,
Ганяли за горілкой,
Пили на сіновалі,
Травили анекдоти.

Були-ли на ставку,
Ловили коропів,
Зозуля кувала,
Лікувала тричі
Раз-два-три.

Клали гілля в хаті,
Різали утята,
Рвали поросяті.
Гей, були, були на селі.','["pisni.org.ua", "cat:philosophic", "cat:zhartivlyvi", "Філософські пісні", "Жартівливі пісні"]',1,'published',COALESCE((SELECT created_at FROM songs WHERE id='pisniua_414131'), datetime('now')),datetime('now'));
INSERT OR REPLACE INTO songs_fts(song_id,title,lyrics) VALUES ('pisniua_414131','Були на селі','Гей, були, були на селі,
Гей, були, були у Вороньках.

Гей, були, були на селі.
Гей були, були у Вороньках,
Правили храм.

Гей, були, були на селі,
Гей, були, були у Вороньках,
Правили храм, гуляли в дворі.

їхали підводой
До дядька Івана,
У дворі сідали
Довгими рядками.

Сідали у мотоцикли,
Ганяли за горілкой,
Пили на сіновалі,
Травили анекдоти.

Були-ли на ставку,
Ловили коропів,
Зозуля кувала,
Лікувала тричі
Раз-два-три.

Клали гілля в хаті,
Різали утята,
Рвали поросяті.
Гей, були, були на селі.');
INSERT OR REPLACE INTO song_links (id,song_id,title,url,kind,version_id,sort_order) VALUES ('pisniua_414131_l1','pisniua_414131','YouTube','https://www.youtube.com/watch?v=gRDHDU_vRbM','video',NULL,1);
INSERT OR REPLACE INTO songs (id,title,subtitle,lang,country,period,year,source,notes,lyrics,tags_json,lang_locked,status,created_at,updated_at) VALUES ('pisniua_4145185','Родина','Музика: Надія Косяк Слова: Надія Косяк. Виконує: Надія Косяк','uk','ukraine_1991',NULL,NULL,'авторське подання',NULL,'Родина - це святе, найбільше в світі щастя,
Коли родина є, тоді життя прекрасне.
Якщо ж її немає, то що тут говорить? -
Без роду дуже важко на білім світі жить.

Приспів:
Батько і мамо, мої ви рідненькі,       |
Збирайте родину, поки ще живенькі!     |
Батько, і мамо, і ми, ваші діти -      |
Це те, чим так треба в житті дорожити. | (2)

Родина наша там, де промайнули роки,
Де на святій землі зробили перші кроки,
Де з нами і печаль, і радість розділяють,
Де друзі й земляки на нас завжди чекають.

Приспів.

Гей, сестри і брати, нам нічого ділити!
Тож краще у любові та в мирі в світі жити,
Єднаймося усі, брат брату допоможем,
І буде весь наш рід щасливий і заможний!

Приспів','["pisni.org.ua", "cat:bardivski", "cat:zahalni-cinnosti", "Бардівські пісні", "Пісні про загальнолюдські цінності"]',1,'published',COALESCE((SELECT created_at FROM songs WHERE id='pisniua_4145185'), datetime('now')),datetime('now'));
INSERT OR REPLACE INTO songs_fts(song_id,title,lyrics) VALUES ('pisniua_4145185','Родина','Родина - це святе, найбільше в світі щастя,
Коли родина є, тоді життя прекрасне.
Якщо ж її немає, то що тут говорить? -
Без роду дуже важко на білім світі жить.

Приспів:
Батько і мамо, мої ви рідненькі,       |
Збирайте родину, поки ще живенькі!     |
Батько, і мамо, і ми, ваші діти -      |
Це те, чим так треба в житті дорожити. | (2)

Родина наша там, де промайнули роки,
Де на святій землі зробили перші кроки,
Де з нами і печаль, і радість розділяють,
Де друзі й земляки на нас завжди чекають.

Приспів.

Гей, сестри і брати, нам нічого ділити!
Тож краще у любові та в мирі в світі жити,
Єднаймося усі, брат брату допоможем,
І буде весь наш рід щасливий і заможний!

Приспів');
INSERT OR REPLACE INTO songs (id,title,subtitle,lang,country,period,year,source,notes,lyrics,tags_json,lang_locked,status,created_at,updated_at) VALUES ('pisniua_4147889','Всякому городу нрав і права','Музика: Тарас Компаніченко Слова: Григорій Сковорода. Виконує: Тарас Компаніченко','uk','ukraine_1991',NULL,NULL,NULL,NULL,'Всякому городу нрав і права,
Всяка імієт свой ум голова,
Всякому серцю своя єсть любов,
Всякому горлу свой єсть вкус каков.
А мні одна только в світі дума,
А мні одно только не йдет с ума.

Петр для чинов угли панскії трет,
Федька купец при аршині все лжет.
Тот строїт дом свой на новий манір,
Тот все в процентах: пожалуй, повір!
А мні одна только в світі дума,
А мні одно только не йдет с ума.

Тот непрестанно стягаєт грунта,
Сей іностранни заводит скота.
Ті форміруют на ловлю собак,
Сих шумить дом од гостей, как кабак,
А мні одна только в світі дума,
А мні одно только не йдет с ума.

Строіт на свой тон юриста права,
С диспут студента тріщить голова,
Тих безпокоїт Венерин амур,
Всякому голову мучит свой дур.
А мні одна только в світі дума,
Как би умерти мні не без ума.

Тот панегірик сплітаєт со лжей,
Лікар в подряд ставит мертвих людей,
Сей образи жирових чтет тузов,
Степка біжит, как на свадьбу, в позов.
А мні одна только в світі дума,
Как би не вижить мені із ума.

Смерте страшна! замашная косо!
Ти не щадиш і царських волосов,
Ти не глядиш, гді мужик, а гді цар —
Все жереш так, как солому пожар.
Кто ж на єя плюєт острую сталь?
Тот, чия совість, как чистий хрусталь','["pisni.org.ua", "cat:zahalni-cinnosti", "Пісні про загальнолюдські цінності"]',1,'published',COALESCE((SELECT created_at FROM songs WHERE id='pisniua_4147889'), datetime('now')),datetime('now'));
INSERT OR REPLACE INTO songs_fts(song_id,title,lyrics) VALUES ('pisniua_4147889','Всякому городу нрав і права','Всякому городу нрав і права,
Всяка імієт свой ум голова,
Всякому серцю своя єсть любов,
Всякому горлу свой єсть вкус каков.
А мні одна только в світі дума,
А мні одно только не йдет с ума.

Петр для чинов угли панскії трет,
Федька купец при аршині все лжет.
Тот строїт дом свой на новий манір,
Тот все в процентах: пожалуй, повір!
А мні одна только в світі дума,
А мні одно только не йдет с ума.

Тот непрестанно стягаєт грунта,
Сей іностранни заводит скота.
Ті форміруют на ловлю собак,
Сих шумить дом од гостей, как кабак,
А мні одна только в світі дума,
А мні одно только не йдет с ума.

Строіт на свой тон юриста права,
С диспут студента тріщить голова,
Тих безпокоїт Венерин амур,
Всякому голову мучит свой дур.
А мні одна только в світі дума,
Как би умерти мні не без ума.

Тот панегірик сплітаєт со лжей,
Лікар в подряд ставит мертвих людей,
Сей образи жирових чтет тузов,
Степка біжит, как на свадьбу, в позов.
А мні одна только в світі дума,
Как би не вижить мені із ума.

Смерте страшна! замашная косо!
Ти не щадиш і царських волосов,
Ти не глядиш, гді мужик, а гді цар —
Все жереш так, как солому пожар.
Кто ж на єя плюєт острую сталь?
Тот, чия совість, как чистий хрусталь');
INSERT OR REPLACE INTO song_links (id,song_id,title,url,kind,version_id,sort_order) VALUES ('pisniua_4147889_l1','pisniua_4147889','YouTube','https://www.youtube.com/watch?v=AkD5U3opyN8','video',NULL,1);
INSERT OR REPLACE INTO song_links (id,song_id,title,url,kind,version_id,sort_order) VALUES ('pisniua_4147889_l2','pisniua_4147889','Переглянути варіанти >>','https://www.pisni.org.ua/#variants','external',NULL,2);
INSERT OR REPLACE INTO songs (id,title,subtitle,lang,country,period,year,source,notes,lyrics,tags_json,lang_locked,status,created_at,updated_at) VALUES ('pisniua_4139481','Дим-димок','Музика: Анатолій Матвійчук Слова: Анатолій Матвійчук. Виконує: Анатолій Матвійчук','uk','ukraine_before_1917',NULL,NULL,NULL,NULL,'В третій хаті від майдану
Міста Бородянка
Проживає баба Ганна,
Вільна громадянка.
Бабу Ганю знає кожен -
Є на то причина,
Бо без неї жить не може
Ні один мужчина.

Приспів:
Дим-димок над хатою,
Як зелений змій,
Не журися, брате мій,
Чарочку налий.
Завтра будем думати,
Віддавать борги,
А тепер хай журяться
Наші вороги.

А коли заборонили
Гнати кляте зілля,
Баба Ганя не згубилась -
Перейшла в підпілля:
Конспірацію тримає,
Не дратує долю,
Оковиту відпускає
Тільки по паролю.
Приспів.

Баба Ганя б''є поклони
За перебудову -
Може, зм''якшаться закони,
Все почнеться знову.
І здійсниться давня мрія,
Прийде день чарівний,
І вона шинок відкриє
Кооперативний.
Приспів. (2)','["pisni.org.ua", "cat:socialno-pobutovi", "Соціально-побутові пісні"]',1,'published',COALESCE((SELECT created_at FROM songs WHERE id='pisniua_4139481'), datetime('now')),datetime('now'));
INSERT OR REPLACE INTO songs_fts(song_id,title,lyrics) VALUES ('pisniua_4139481','Дим-димок','В третій хаті від майдану
Міста Бородянка
Проживає баба Ганна,
Вільна громадянка.
Бабу Ганю знає кожен -
Є на то причина,
Бо без неї жить не може
Ні один мужчина.

Приспів:
Дим-димок над хатою,
Як зелений змій,
Не журися, брате мій,
Чарочку налий.
Завтра будем думати,
Віддавать борги,
А тепер хай журяться
Наші вороги.

А коли заборонили
Гнати кляте зілля,
Баба Ганя не згубилась -
Перейшла в підпілля:
Конспірацію тримає,
Не дратує долю,
Оковиту відпускає
Тільки по паролю.
Приспів.

Баба Ганя б''є поклони
За перебудову -
Може, зм''якшаться закони,
Все почнеться знову.
І здійсниться давня мрія,
Прийде день чарівний,
І вона шинок відкриє
Кооперативний.
Приспів. (2)');
INSERT OR REPLACE INTO songs (id,title,subtitle,lang,country,period,year,source,notes,lyrics,tags_json,lang_locked,status,created_at,updated_at) VALUES ('pisniua_414434','Гей, пластуни! Гей, юнаки!','Музика: Ярослав Ярославенко Слова: Спиридон Черкасенко','uk','ukraine_1991',NULL,NULL,'текст (частково) - В дорогу. Пластовий співаник.- 2-е вид.- Торонто, 1987',NULL,'Гей, пластуни! Гей, юнаки!
Ми діти сонця і весни,
Ми діти матері-природи!
До нас шумить зелений бір,
В ліси, поля, до вольних гір,
На ясні зорі, тихі води! (4)

Гей, пластуни! Гей, юнаки!
Життя — не жарти, не казки,
А праця, бурі і негоди!
Гартуймо ж наш юнацький дух.
Юнацьке гасло: воля й рух!
Ніщо нам лихо, ні пригоди! (4)

Гей! Пластуни! Гей, юнаки!
Народу вольного сини,
Сини краси, сини природи,
Не зломимо своїх присяг,
Веде нас гордо вольний стяг
До щастя, слави і свободи! (4)','["pisni.org.ua", "cat:himny-marshi", "cat:plastovi", "Гимни та марші", "Пластові пісні"]',1,'published',COALESCE((SELECT created_at FROM songs WHERE id='pisniua_414434'), datetime('now')),datetime('now'));
INSERT OR REPLACE INTO songs_fts(song_id,title,lyrics) VALUES ('pisniua_414434','Гей, пластуни! Гей, юнаки!','Гей, пластуни! Гей, юнаки!
Ми діти сонця і весни,
Ми діти матері-природи!
До нас шумить зелений бір,
В ліси, поля, до вольних гір,
На ясні зорі, тихі води! (4)

Гей, пластуни! Гей, юнаки!
Життя — не жарти, не казки,
А праця, бурі і негоди!
Гартуймо ж наш юнацький дух.
Юнацьке гасло: воля й рух!
Ніщо нам лихо, ні пригоди! (4)

Гей! Пластуни! Гей, юнаки!
Народу вольного сини,
Сини краси, сини природи,
Не зломимо своїх присяг,
Веде нас гордо вольний стяг
До щастя, слави і свободи! (4)');
INSERT OR REPLACE INTO songs (id,title,subtitle,lang,country,period,year,source,notes,lyrics,tags_json,lang_locked,status,created_at,updated_at) VALUES ('pisniua_414532','Сніжинка','Музика: Наталя Криничанка Слова: Наталя Криничанка. Виконує: Наталя Криничанка','uk','ukraine_1991',NULL,NULL,'текст - Пісневир: Молодіжний співаник.- Львів, 2001; аудіо - Наталка Криничанка. "Я кохаю цього чоловіка". 1997','Деякі акорди: F7M [1 0 3 2 1 0] A#7M [1 1 3 2 3 1] Ця пісня увійшла в аудіо-альбом (CD) "Я кохаю цього чоловіка". З питаннями щодо придбання альбому та з пропозиціями щодо музичної співпраці звертайтесь за адресою etra@ukr.net або залишайте повідомлення на сторінці "Українські пісні: Наталя Криничанка". Підбір акордів: bohdanko','Вступ:
F7M A#7M

Я заховаю її в кулачку,
Зроблю хатинку для не- ї в руці.
Котиться казка в нічному візку,
У ліхтарів золотому вінку.
Сніг роздаровує всім гардероб жупанців.

Приспів:
Біла сніжинко, про все розкажи,
Як ти жила у чудес заметілі,
Як опинилась на людському тілі,
Біла сніжинко небес, не мовчи - розкажи.

Програш: Dm Gm A7

Ти пригадай його теплі долоні.
Інеєм вії прибрались давно.
Я цілувала засніжені скроні
І не боялась нікого з сторонніх,
Бо я люблю, я люблю - і мені все одно.

Програш: Dm Gm A7

І не остудить зима мого серця,
Бо крижані розтопилися шкельця.
Може, осудить мене покоління,
Може, настане хвилина прозріння.
Але сліпа ця любов, бо на вулиці сніг.
Біла сніжинко...

Приспів.

Біла сніжинко! Сніг...   (2)
Біла... Біла сніжинко!

Програш:  Dm Gm A7  (2)
Dm','["pisni.org.ua", "cat:bardivski", "Бардівські пісні"]',1,'published',COALESCE((SELECT created_at FROM songs WHERE id='pisniua_414532'), datetime('now')),datetime('now'));
INSERT OR REPLACE INTO songs_fts(song_id,title,lyrics) VALUES ('pisniua_414532','Сніжинка','Вступ:
F7M A#7M

Я заховаю її в кулачку,
Зроблю хатинку для не- ї в руці.
Котиться казка в нічному візку,
У ліхтарів золотому вінку.
Сніг роздаровує всім гардероб жупанців.

Приспів:
Біла сніжинко, про все розкажи,
Як ти жила у чудес заметілі,
Як опинилась на людському тілі,
Біла сніжинко небес, не мовчи - розкажи.

Програш: Dm Gm A7

Ти пригадай його теплі долоні.
Інеєм вії прибрались давно.
Я цілувала засніжені скроні
І не боялась нікого з сторонніх,
Бо я люблю, я люблю - і мені все одно.

Програш: Dm Gm A7

І не остудить зима мого серця,
Бо крижані розтопилися шкельця.
Може, осудить мене покоління,
Може, настане хвилина прозріння.
Але сліпа ця любов, бо на вулиці сніг.
Біла сніжинко...

Приспів.

Біла сніжинко! Сніг...   (2)
Біла... Біла сніжинко!

Програш:  Dm Gm A7  (2)
Dm');
INSERT OR REPLACE INTO songs (id,title,subtitle,lang,country,period,year,source,notes,lyrics,tags_json,lang_locked,status,created_at,updated_at) VALUES ('pisniua_4145735','Ви наша молитва, мамо','Музика: Олександр Осадчий Слова: Леонід Татаренко. Виконує: Народний хор (дир. С.Павлюченко)','uk','ukr_ssr_1919_1991',NULL,NULL,NULL,'Тема Голодомору.','О, мамо! У нашому полі
Ще вибухи чулись...а Ви
Копали вже там...і пололи
Бо ми були - "нижче трави".

У всіх нелегка була доля
Сусід рятувався пайком,
А Ви - із колгоспного поля
Несли колосочки тайком.

Бо ж нас було - шестеро, мамо.
Хлібину ділили - на грами...
В хліб падали сльози святі.
Ви наша молитва, мамо.
Ви наша молитва, мамо.
За гіркість образ простіть.

Любисток і цвіт дев''ясилу
В купіль підкладали нам Ви,
Щоб виросли дужими всі ми.
Не гнулись, мов стебла трави.

Бо ж нас було - шестеро, мамо.
Хлібину ділили - на грами...
В хліб падали сльози святі.
Ви наша молитва, мамо.
Ви наша молитва, мамо.
За гіркість образ простіть.

Травневий в полях грім гуркоче
Дощ сіється й жито росте.
А Ви з повоєнної ночі
До нас з колосками йдете.

Ви наша молитва, мамо.     |
Ви наша молитва, мамо.     |(2)
За гіркість образ простіть.|','["pisni.org.ua", "cat:holodomor", "cat:zahalni-cinnosti", "Пісні про голодомор", "Пісні про загальнолюдські цінності"]',1,'published',COALESCE((SELECT created_at FROM songs WHERE id='pisniua_4145735'), datetime('now')),datetime('now'));
INSERT OR REPLACE INTO songs_fts(song_id,title,lyrics) VALUES ('pisniua_4145735','Ви наша молитва, мамо','О, мамо! У нашому полі
Ще вибухи чулись...а Ви
Копали вже там...і пололи
Бо ми були - "нижче трави".

У всіх нелегка була доля
Сусід рятувався пайком,
А Ви - із колгоспного поля
Несли колосочки тайком.

Бо ж нас було - шестеро, мамо.
Хлібину ділили - на грами...
В хліб падали сльози святі.
Ви наша молитва, мамо.
Ви наша молитва, мамо.
За гіркість образ простіть.

Любисток і цвіт дев''ясилу
В купіль підкладали нам Ви,
Щоб виросли дужими всі ми.
Не гнулись, мов стебла трави.

Бо ж нас було - шестеро, мамо.
Хлібину ділили - на грами...
В хліб падали сльози святі.
Ви наша молитва, мамо.
Ви наша молитва, мамо.
За гіркість образ простіть.

Травневий в полях грім гуркоче
Дощ сіється й жито росте.
А Ви з повоєнної ночі
До нас з колосками йдете.

Ви наша молитва, мамо.     |
Ви наша молитва, мамо.     |(2)
За гіркість образ простіть.|');
INSERT OR REPLACE INTO song_links (id,song_id,title,url,kind,version_id,sort_order) VALUES ('pisniua_4145735_l1','pisniua_4145735','YouTube','https://www.youtube.com/watch?v=qGlbLmBxsqw','video',NULL,1);
INSERT OR REPLACE INTO songs (id,title,subtitle,lang,country,period,year,source,notes,lyrics,tags_json,lang_locked,status,created_at,updated_at) VALUES ('pisniua_4149389','Веснянка','Музика: Олександр Тяптін Слова: Олександр Тяптін','uk','ukraine_before_1917',NULL,NULL,'авторська',NULL,'1.Знов прийшла весна,знов прийшла красна-
Всюди сміх.
Сміхом день дзвенить,вітерець шумить-
Раді всі.

Приспів:
Радіє кожна гілонька,пташиная родинонька,
Співає знову дітвора із кожного двора.

2.Впаде дощичок на зелен садок-
Буде цвіт.
Тепле сонянько щедрій земленьці
Шле привіт.','["pisni.org.ua", "cat:vesnyanky-hayivky", "Веснянки та гаївки"]',1,'published',COALESCE((SELECT created_at FROM songs WHERE id='pisniua_4149389'), datetime('now')),datetime('now'));
INSERT OR REPLACE INTO songs_fts(song_id,title,lyrics) VALUES ('pisniua_4149389','Веснянка','1.Знов прийшла весна,знов прийшла красна-
Всюди сміх.
Сміхом день дзвенить,вітерець шумить-
Раді всі.

Приспів:
Радіє кожна гілонька,пташиная родинонька,
Співає знову дітвора із кожного двора.

2.Впаде дощичок на зелен садок-
Буде цвіт.
Тепле сонянько щедрій земленьці
Шле привіт.');
INSERT OR REPLACE INTO songs (id,title,subtitle,lang,country,period,year,source,notes,lyrics,tags_json,lang_locked,status,created_at,updated_at) VALUES ('pisniua_4149981','Пасли вівці пастирі','Українська народна пісня','uk','ukraine_before_1917',NULL,NULL,'аудіозапис',NULL,'Пасли вівці пастирі,    | (2)
При зеленій дуброві.    | (2)

Ангел їм ся показав,    | (2)
Де Віфлеєм їм сказав.   | (2)

Вони ''го ся й налякли,  | (2)
На коліна приклякли.    | (2)

Ви мене ся не бойте,    | (2)
На колінах не стойте.   | (2)

Станьте, в двор гайте,  | (2)
Пана Христа найдете.    | (2)

Найшли єго в ясельках,  | (2)
Повитого в пеленах.     | (2)

Марія ''го родила,       | (2)
І в пелени повила.      | (2)

Йосип дитя колише,      | (2)
Співать йому - "Ісусе". | (2)

Ой, Ісусе, білий квіт,  | (2)
Радується цілий світ.   | (2)

Радуються й ангели      | (2)
І ми, грішні, на землі. | (2)

Пасли вівці пастирі,    | (2)
При зеленій дуброві.    | (2)','["pisni.org.ua", "cat:christian", "cat:kolyadky", "Пісні на християнську тематику", "Колядки"]',1,'published',COALESCE((SELECT created_at FROM songs WHERE id='pisniua_4149981'), datetime('now')),datetime('now'));
INSERT OR REPLACE INTO songs_fts(song_id,title,lyrics) VALUES ('pisniua_4149981','Пасли вівці пастирі','Пасли вівці пастирі,    | (2)
При зеленій дуброві.    | (2)

Ангел їм ся показав,    | (2)
Де Віфлеєм їм сказав.   | (2)

Вони ''го ся й налякли,  | (2)
На коліна приклякли.    | (2)

Ви мене ся не бойте,    | (2)
На колінах не стойте.   | (2)

Станьте, в двор гайте,  | (2)
Пана Христа найдете.    | (2)

Найшли єго в ясельках,  | (2)
Повитого в пеленах.     | (2)

Марія ''го родила,       | (2)
І в пелени повила.      | (2)

Йосип дитя колише,      | (2)
Співать йому - "Ісусе". | (2)

Ой, Ісусе, білий квіт,  | (2)
Радується цілий світ.   | (2)

Радуються й ангели      | (2)
І ми, грішні, на землі. | (2)

Пасли вівці пастирі,    | (2)
При зеленій дуброві.    | (2)');
INSERT OR REPLACE INTO song_links (id,song_id,title,url,kind,version_id,sort_order) VALUES ('pisniua_4149981_l1','pisniua_4149981','YouTube','https://www.youtube.com/watch?v=a_o_o0DaKN8','video',NULL,1);
INSERT OR REPLACE INTO song_links (id,song_id,title,url,kind,version_id,sort_order) VALUES ('pisniua_4149981_l2','pisniua_4149981','YouTube','https://www.youtube.com/watch?v=AFw4T0VnVPs','video',NULL,2);
INSERT OR REPLACE INTO song_links (id,song_id,title,url,kind,version_id,sort_order) VALUES ('pisniua_4149981_l3','pisniua_4149981','YouTube','https://www.youtube.com/watch?v=WB7528pZmX8','video',NULL,3);
INSERT OR REPLACE INTO songs (id,title,subtitle,lang,country,period,year,source,notes,lyrics,tags_json,lang_locked,status,created_at,updated_at) VALUES ('pisniua_414838','Сірі мури xолодні непривітні брудні','Українська народна пісня','uk','ukr_ssr_1919_1991',NULL,NULL,NULL,'ХХст. Пісню записано за совітськиx часів у Львові Висловлювання – Народна мудрість: А десь ми поверх всякої міри гріха набрали Ой же ж сповідайтеся ви Панове Козаки Господові Милосердному і Чорному Морю. (Дума про Олексія Поповича)','Сірі мури xолодні, непривітні брудні,
ржаві ґрати чорніють угорі.
Вітру і сонця нема, монотонність німа,
замість волі гнітючая тюрма.

З цього радіє кат,                               |
що у нас стільки втрат, що вся                   |
молодь конає у  тюрмі.           | (2)
Він лютує день-у-день, тужним ритмом стрілень,   |
він купається в нашій крові                      |

Простіть нас, наші друзі, котрі з вас ще живі,
що марнуємо час ми у тюрмі.
Замість діла, боротьби до святої мети
ми закуті катами в кайдани.

Що ж ми винні тому,                              |
що попали в тюрму, і не бачимо вас наші друзі.   |
Ми душею біля вас, чуєм голос-стогін ваш,        | (2)
ваші рани ми бачимо вві сні                      |

Xоч голодні ми в тюрмі, але дуxом ми сильні,
ждем наказу ми вашого друзі.
Ані голод ані суд, не розвіють тиx дум,
що зродило на серці ОУН.

Бо настав такий час,                             |
Україна кличе нас у боротьбу ставати всі враз.   |
І піднести догори синьо-жовті прапори,           | (2)
і з Братів зняти кайдани в Москві                |','["pisni.org.ua", "cat:povstanski", "Повстанські пісні"]',1,'published',COALESCE((SELECT created_at FROM songs WHERE id='pisniua_414838'), datetime('now')),datetime('now'));
INSERT OR REPLACE INTO songs_fts(song_id,title,lyrics) VALUES ('pisniua_414838','Сірі мури xолодні непривітні брудні','Сірі мури xолодні, непривітні брудні,
ржаві ґрати чорніють угорі.
Вітру і сонця нема, монотонність німа,
замість волі гнітючая тюрма.

З цього радіє кат,                               |
що у нас стільки втрат, що вся                   |
молодь конає у  тюрмі.           | (2)
Він лютує день-у-день, тужним ритмом стрілень,   |
він купається в нашій крові                      |

Простіть нас, наші друзі, котрі з вас ще живі,
що марнуємо час ми у тюрмі.
Замість діла, боротьби до святої мети
ми закуті катами в кайдани.

Що ж ми винні тому,                              |
що попали в тюрму, і не бачимо вас наші друзі.   |
Ми душею біля вас, чуєм голос-стогін ваш,        | (2)
ваші рани ми бачимо вві сні                      |

Xоч голодні ми в тюрмі, але дуxом ми сильні,
ждем наказу ми вашого друзі.
Ані голод ані суд, не розвіють тиx дум,
що зродило на серці ОУН.

Бо настав такий час,                             |
Україна кличе нас у боротьбу ставати всі враз.   |
І піднести догори синьо-жовті прапори,           | (2)
і з Братів зняти кайдани в Москві                |');
INSERT OR REPLACE INTO songs (id,title,subtitle,lang,country,period,year,source,notes,lyrics,tags_json,lang_locked,status,created_at,updated_at) VALUES ('pisniua_41481','Ходи жучок по долині','Українська народна пісня','uk','ukraine_before_1917',NULL,NULL,'А вже весна скресла. Збірник гаївок. Львів, 2003.','* Приспів повторюється після кожної строфи. Гаївка-гра: Молодь стоїть в два ряди, обличчям до себе, тримаючись попарно за руки навхрест. По руках водять дитину. Пари, по чиїх руках дитина вже пройшла, переходять наперед і так продовжується, поки не обійдуть довкола церкви. Гаїлки-Великдень: Українське свято Відродження Світа. Еротика, жарти, забави: Катерини – Калета – Андрія... Гаїлки-Великдень... Зелені Свята... Івана Купала... Весілля... – Щедровечірнє й Новорічне: Маланки-Василь. Коза. Кіт... - Мед і Ябка... Листки з приводу цієї Пісні: Коляда і Великдень: Різдво і Відродження Світа. Стежки до листків про Українські традиції.','Ходи жучок по долині,
А Жучиха по дервині.

Приспів:
Грай, жучку, грай, небоже,*
Най ти Господь допоможе.

А у того Жученяти
Та сонечко в рученяті.

А наш Жучок — як пан, як пан,
Купив собі жупан, жупан.

А наш Жучок невеличкий,
Купив собі черевички.

На Жукові жупанина,
Бо наш Жучок, як дитина.

А хто хоче Жучка грати,
Мусить йому паски дати.

Хто хоче Жучка грати,
Той ся хоче віддавати.    Основна мелодія','["pisni.org.ua", "cat:vesnyanky-hayivky", "Веснянки та гаївки"]',1,'published',COALESCE((SELECT created_at FROM songs WHERE id='pisniua_41481'), datetime('now')),datetime('now'));
INSERT OR REPLACE INTO songs_fts(song_id,title,lyrics) VALUES ('pisniua_41481','Ходи жучок по долині','Ходи жучок по долині,
А Жучиха по дервині.

Приспів:
Грай, жучку, грай, небоже,*
Най ти Господь допоможе.

А у того Жученяти
Та сонечко в рученяті.

А наш Жучок — як пан, як пан,
Купив собі жупан, жупан.

А наш Жучок невеличкий,
Купив собі черевички.

На Жукові жупанина,
Бо наш Жучок, як дитина.

А хто хоче Жучка грати,
Мусить йому паски дати.

Хто хоче Жучка грати,
Той ся хоче віддавати.    Основна мелодія');
INSERT OR REPLACE INTO song_links (id,song_id,title,url,kind,version_id,sort_order) VALUES ('pisniua_41481_l1','pisniua_41481','Переглянути варіанти >>','https://www.pisni.org.ua/#variants','external',NULL,1);
INSERT OR REPLACE INTO songs (id,title,subtitle,lang,country,period,year,source,notes,lyrics,tags_json,lang_locked,status,created_at,updated_at) VALUES ('pisniua_4149434','Стоить явор над горою','Слова: Григорій Сковорода','uk','ukraine_1991',NULL,NULL,NULL,NULL,'Стоїть явор над горою,
Все хитає головою.
Буйні вітри повівають,
Руки явору ламають.

А вербочки шумят низько,
Волокуть мене до сна.
Тут тече поточок блізько;
Видно воду аж до дна.

Нащо ж мені нарікати,
Що в селі родила мати,
Нехай у тих мозок рветься,
Що високо в гори дметься.

А я буду собі тихо
Коротати малий вік,
Так минеть мене все лихо,
Буду щаслив чоловік','["pisni.org.ua", "cat:zahalni-cinnosti", "Пісні про загальнолюдські цінності"]',1,'published',COALESCE((SELECT created_at FROM songs WHERE id='pisniua_4149434'), datetime('now')),datetime('now'));
INSERT OR REPLACE INTO songs_fts(song_id,title,lyrics) VALUES ('pisniua_4149434','Стоить явор над горою','Стоїть явор над горою,
Все хитає головою.
Буйні вітри повівають,
Руки явору ламають.

А вербочки шумят низько,
Волокуть мене до сна.
Тут тече поточок блізько;
Видно воду аж до дна.

Нащо ж мені нарікати,
Що в селі родила мати,
Нехай у тих мозок рветься,
Що високо в гори дметься.

А я буду собі тихо
Коротати малий вік,
Так минеть мене все лихо,
Буду щаслив чоловік');
INSERT OR REPLACE INTO song_links (id,song_id,title,url,kind,version_id,sort_order) VALUES ('pisniua_4149434_l1','pisniua_4149434','YouTube','https://www.youtube.com/watch?v=gNuot1Y6Smc','video',NULL,1);
INSERT OR REPLACE INTO songs (id,title,subtitle,lang,country,period,year,source,notes,lyrics,tags_json,lang_locked,status,created_at,updated_at) VALUES ('pisniua_4150333','А ми люди подорожні','Українська народна пісня. Виконує: о.Орест Демко','uk','ukraine_before_1917',NULL,NULL,NULL,'Пісня підходить як завершальна після вертепу, коляди, або взагалі гарна як для прощання чи завершення свята!','А ми люди подорожні,
З дороги зблудили,
І до Вашої хатини
В гості загостили.

Приспів:
Хай Ісус мале дитя
Благословить Вам життя,
А Пречиста Діва Мати
Дасть Вам благодати.
Хай Ісус, Спаситель наш,
Благословить усіх Вас,
А Пречиста Діва Мати
Дасть Вам благодати.

Ми не хочем їсти-пити,
Хочем відпочити.
Хочем Вашую хатину
Та й розвеселити.

Приспів.

Жийте жийте, поживайте
І горя не знайте.
Жийте жийте, поживайте
І про нас не забувайте,
А ми про Вас не забудем
Знов до Вас прибудем.

Приспів','["pisni.org.ua", "cat:narodni", "Народні пісні"]',1,'published',COALESCE((SELECT created_at FROM songs WHERE id='pisniua_4150333'), datetime('now')),datetime('now'));
INSERT OR REPLACE INTO songs_fts(song_id,title,lyrics) VALUES ('pisniua_4150333','А ми люди подорожні','А ми люди подорожні,
З дороги зблудили,
І до Вашої хатини
В гості загостили.

Приспів:
Хай Ісус мале дитя
Благословить Вам життя,
А Пречиста Діва Мати
Дасть Вам благодати.
Хай Ісус, Спаситель наш,
Благословить усіх Вас,
А Пречиста Діва Мати
Дасть Вам благодати.

Ми не хочем їсти-пити,
Хочем відпочити.
Хочем Вашую хатину
Та й розвеселити.

Приспів.

Жийте жийте, поживайте
І горя не знайте.
Жийте жийте, поживайте
І про нас не забувайте,
А ми про Вас не забудем
Знов до Вас прибудем.

Приспів');
INSERT OR REPLACE INTO song_links (id,song_id,title,url,kind,version_id,sort_order) VALUES ('pisniua_4150333_l1','pisniua_4150333','YouTube','https://www.youtube.com/watch?v=UeuyQQjXGq8','video',NULL,1);
INSERT OR REPLACE INTO songs (id,title,subtitle,lang,country,period,year,source,notes,lyrics,tags_json,lang_locked,status,created_at,updated_at) VALUES ('pisniua_4150030','Що тото за звізда, що рано сходила?','Українська народна пісня','uk','ukraine_before_1917',NULL,NULL,'аудіозапис',NULL,'Що тото за звізда,
Що рано сходила?
То-то, то-то Чиста Діва     |
Сина породила.              | (2)

Як його зродила,
В пелени вповила,
Люляй, люляй, мій синочку,  |
Бо я би-м спочила.          | (2)

Спочивай, матінко,
Хоч одну годину,
Поки піду та й принесу      |
Із раю пелену.              | (2)

А за тим ярочком
Зелена ліщина,
Паслись вівці з пастушками, |
Прийшла їм новина.          | (2)

Бери, Петре, трубу,
Затруби та й Богу,
Бо Йсус Христос ся народив, |
Слава пану Богу!            | (2)','["pisni.org.ua", "cat:kolyadky", "Колядки"]',1,'published',COALESCE((SELECT created_at FROM songs WHERE id='pisniua_4150030'), datetime('now')),datetime('now'));
INSERT OR REPLACE INTO songs_fts(song_id,title,lyrics) VALUES ('pisniua_4150030','Що тото за звізда, що рано сходила?','Що тото за звізда,
Що рано сходила?
То-то, то-то Чиста Діва     |
Сина породила.              | (2)

Як його зродила,
В пелени вповила,
Люляй, люляй, мій синочку,  |
Бо я би-м спочила.          | (2)

Спочивай, матінко,
Хоч одну годину,
Поки піду та й принесу      |
Із раю пелену.              | (2)

А за тим ярочком
Зелена ліщина,
Паслись вівці з пастушками, |
Прийшла їм новина.          | (2)

Бери, Петре, трубу,
Затруби та й Богу,
Бо Йсус Христос ся народив, |
Слава пану Богу!            | (2)');
INSERT OR REPLACE INTO songs (id,title,subtitle,lang,country,period,year,source,notes,lyrics,tags_json,lang_locked,status,created_at,updated_at) VALUES ('pisniua_4150230','Зацвіла в долині','Музика: Яків Степовий Слова: Тарас Шевченко. Виконує: Борис Гмиря','uk','ukraine_1991',NULL,NULL,'аудіозапис',NULL,'Зацвіла в долині
Червона калина,
Ніби засміялась
Дівчина-дитина.

Любо, любо стало,
Пташечка зраділа
І защебетала.

Почула дівчина
І в білій свитині
З біленької хати
Вийшла погуляти
У гай на долину.

І вийшов до неї
З зеленого гаю
Козак молоденький,
Цілує, вітає.

І йдуть по долині,
І, йдучи, співають.

Як діточок двоє,
Під тую калину
Прийшли, посідали
І поцілувались.

Якого ж ми раю
У Бога благаєм?','["pisni.org.ua", "cat:krasa-pryrody", "Пісні про красу природи"]',1,'published',COALESCE((SELECT created_at FROM songs WHERE id='pisniua_4150230'), datetime('now')),datetime('now'));
INSERT OR REPLACE INTO songs_fts(song_id,title,lyrics) VALUES ('pisniua_4150230','Зацвіла в долині','Зацвіла в долині
Червона калина,
Ніби засміялась
Дівчина-дитина.

Любо, любо стало,
Пташечка зраділа
І защебетала.

Почула дівчина
І в білій свитині
З біленької хати
Вийшла погуляти
У гай на долину.

І вийшов до неї
З зеленого гаю
Козак молоденький,
Цілує, вітає.

І йдуть по долині,
І, йдучи, співають.

Як діточок двоє,
Під тую калину
Прийшли, посідали
І поцілувались.

Якого ж ми раю
У Бога благаєм?');
INSERT OR REPLACE INTO songs (id,title,subtitle,lang,country,period,year,source,notes,lyrics,tags_json,lang_locked,status,created_at,updated_at) VALUES ('pisniua_415134','Між нами спалено мости','Музика: Олександр Білаш Слова: Т. Голобородько. Виконує: Світлана Клочкова-Коваленко','uk','ukraine_1991',NULL,NULL,'Видання "Любіть Україну" Олександр Білаш. 2001р.',NULL,'За літом осінь поспіша,
Вже землю позолота вкрила.
У мене зболена душа,
У тебе - обпалило крила.
Мені до тебе не дійти,
Тобі до мене не летіти.
Між нами спалено мости,        | (2)
Нам наш світанок не зустріти.

Приспів:

А серце рветься од жалю,
Бо ти не мій, не прийдеш скоро.
А той, кого я не люблю,        | (2)
Той - поруч.

Гірка і чиста, мов сльоза,
Оця любов, ця квітка пізня.
Усе, що ти мені сказав,
В моїй душі неначе пісня.
А я твій день благословлю,
За тебе помолюсь побожно.
Тобі сказати, що люблю,
Навіть подумати "люблю"        | (2)
Мені, коханий мій, не можна.

Приспів.

Нащо мені по смерті рай,
В якому серця не зігрію?
О, Боже мій, не забирай
Останню крихітку надії.
Між нами спалено мости.
Серед зими не бути літу.
Мені до тебе не дійти,         | (2)
Тобі до мене не летіти.

Приспів.','["pisni.org.ua", "cat:romansy", "Романси"]',1,'published',COALESCE((SELECT created_at FROM songs WHERE id='pisniua_415134'), datetime('now')),datetime('now'));
INSERT OR REPLACE INTO songs_fts(song_id,title,lyrics) VALUES ('pisniua_415134','Між нами спалено мости','За літом осінь поспіша,
Вже землю позолота вкрила.
У мене зболена душа,
У тебе - обпалило крила.
Мені до тебе не дійти,
Тобі до мене не летіти.
Між нами спалено мости,        | (2)
Нам наш світанок не зустріти.

Приспів:

А серце рветься од жалю,
Бо ти не мій, не прийдеш скоро.
А той, кого я не люблю,        | (2)
Той - поруч.

Гірка і чиста, мов сльоза,
Оця любов, ця квітка пізня.
Усе, що ти мені сказав,
В моїй душі неначе пісня.
А я твій день благословлю,
За тебе помолюсь побожно.
Тобі сказати, що люблю,
Навіть подумати "люблю"        | (2)
Мені, коханий мій, не можна.

Приспів.

Нащо мені по смерті рай,
В якому серця не зігрію?
О, Боже мій, не забирай
Останню крихітку надії.
Між нами спалено мости.
Серед зими не бути літу.
Мені до тебе не дійти,         | (2)
Тобі до мене не летіти.

Приспів.');
INSERT OR REPLACE INTO song_links (id,song_id,title,url,kind,version_id,sort_order) VALUES ('pisniua_415134_l1','pisniua_415134','YouTube','https://www.youtube.com/watch?v=Obfz1qHgeTg','video',NULL,1);
INSERT OR REPLACE INTO songs (id,title,subtitle,lang,country,period,year,source,notes,lyrics,tags_json,lang_locked,status,created_at,updated_at) VALUES ('pisniua_4152931','Моя любов','Музика: Олександр Білаш Слова: І. Маківчук','uk','ukraine_1991',NULL,NULL,'Олександр Білаш. Романси для середнього голосу з фортепіано. К.: Мистецво. - 1966. - 50 с.',NULL,'Вітер сумно зітхнув,
Лист багряний зірвав
На березі стрункій
На узліссі.

Потім злегка дихнув
На спустілі поля
І сховався в пожовклому
Лісі.

З ним і серце твоє
Теж дорогу знайшло,
Проявило байдужість
І втому.

І кохання моє
Разом з літом пішло
У дорогу лунку
Невідому.','["pisni.org.ua", "cat:romansy", "Романси"]',1,'published',COALESCE((SELECT created_at FROM songs WHERE id='pisniua_4152931'), datetime('now')),datetime('now'));
INSERT OR REPLACE INTO songs_fts(song_id,title,lyrics) VALUES ('pisniua_4152931','Моя любов','Вітер сумно зітхнув,
Лист багряний зірвав
На березі стрункій
На узліссі.

Потім злегка дихнув
На спустілі поля
І сховався в пожовклому
Лісі.

З ним і серце твоє
Теж дорогу знайшло,
Проявило байдужість
І втому.

І кохання моє
Разом з літом пішло
У дорогу лунку
Невідому.');
INSERT OR REPLACE INTO songs (id,title,subtitle,lang,country,period,year,source,notes,lyrics,tags_json,lang_locked,status,created_at,updated_at) VALUES ('pisniua_415030','А вже років двісті як козак в неволі','Українська народна пісня. Виконує: Гайдамаки','uk','ukraine_before_1917',NULL,NULL,'1. Українські релігійні роздуми про Спасіння © Видавництво "Павутинонька", Нью Йорк – Львів – Київ – Харків – Москва, 2003. 2. Вітер Степовий. Українські пісні Вольниці Запорозької. Музичний фольклор Центральної України (село Розумівка, село Липняжка Кіровоградської області). 1997. 3. Гайдамаки. COMP MUSIC Ltd. 2002: А вже років 200','Гей вийди Доле із Води визволь мене Серденько із біди.','А вже років двісті як козак в неволі
Понад Дніпром ходить викликає Долю
Гей вийди Доле із Води визволь мене Серденько із біди | (2)

Ой рада б я вийти
Та й са... тай сама в неволі
Гей у неволі у ярмі під турецьким караулом у тюрмі    | (2)

Ой пане Богдане неро... нерозумний сину
Занапастив військо ще й сво... свою Вкраїну
Гей занапастив зруйнував бо в голові розуму мало мав  | (2)','["pisni.org.ua", "cat:istorychni", "cat:kozacki", "cat:patriotic", "cat:philosophic", "cat:suspilno-politychni", "Історичні пісні", "Козацькі пісні", "Патріотичні пісні", "Філософські пісні", "Суспільно-політичні пісні"]',1,'published',COALESCE((SELECT created_at FROM songs WHERE id='pisniua_415030'), datetime('now')),datetime('now'));
INSERT OR REPLACE INTO songs_fts(song_id,title,lyrics) VALUES ('pisniua_415030','А вже років двісті як козак в неволі','А вже років двісті як козак в неволі
Понад Дніпром ходить викликає Долю
Гей вийди Доле із Води визволь мене Серденько із біди | (2)

Ой рада б я вийти
Та й са... тай сама в неволі
Гей у неволі у ярмі під турецьким караулом у тюрмі    | (2)

Ой пане Богдане неро... нерозумний сину
Занапастив військо ще й сво... свою Вкраїну
Гей занапастив зруйнував бо в голові розуму мало мав  | (2)');
INSERT OR REPLACE INTO song_links (id,song_id,title,url,kind,version_id,sort_order) VALUES ('pisniua_415030_l1','pisniua_415030','YouTube','https://www.youtube.com/watch?v=ZfwVbA7pzQM','video',NULL,1);
INSERT OR REPLACE INTO song_links (id,song_id,title,url,kind,version_id,sort_order) VALUES ('pisniua_415030_l2','pisniua_415030','YouTube','https://www.youtube.com/watch?v=Hg3Cathm-OE','video',NULL,2);
INSERT OR REPLACE INTO song_links (id,song_id,title,url,kind,version_id,sort_order) VALUES ('pisniua_415030_l3','pisniua_415030','Переглянути варіанти >>','https://www.pisni.org.ua/#variants','external',NULL,3);
INSERT OR REPLACE INTO songs (id,title,subtitle,lang,country,period,year,source,notes,lyrics,tags_json,lang_locked,status,created_at,updated_at) VALUES ('pisniua_415287','Січ в поході','Музика: Денис Січинський Слова: Віра Лебедова','uk','ukrainian_peoples_republic_1917_1921',NULL,NULL,NULL,NULL,'Сурма грає, в ряд ставай!
Червоніє ленти цвіт.
Позір молод хлопче май!
Вправо! Вліво! Січ в похід!

Маршерують, піснь лунає,
Підоймає в жилах кров,
В такт оден всім серце грає,
Спільна думка морщить бров.

В''ються наче довгий змій,
Курінь в похід! Крок держи!
Мов герої йдуть на бій
Та не крови, не з людьми.

Як ударить дзвін тривогу,
Як затліє стріха хат,
Линуть хлопці на підмогу,
Чи там ворог, чи там брат.

Наче в танець Січовик
У огнисту скаче піч,
Бо до жару з діда звик,
Бо страху не знає "Січ".

А за труд свій, за посвяту,
Лаврів слави не беруть.
Бо найкращу дасть їм плату
Власне серце, власна грудь.','["pisni.org.ua", "cat:strilecki", "Стрілецькі пісні"]',1,'published',COALESCE((SELECT created_at FROM songs WHERE id='pisniua_415287'), datetime('now')),datetime('now'));
INSERT OR REPLACE INTO songs_fts(song_id,title,lyrics) VALUES ('pisniua_415287','Січ в поході','Сурма грає, в ряд ставай!
Червоніє ленти цвіт.
Позір молод хлопче май!
Вправо! Вліво! Січ в похід!

Маршерують, піснь лунає,
Підоймає в жилах кров,
В такт оден всім серце грає,
Спільна думка морщить бров.

В''ються наче довгий змій,
Курінь в похід! Крок держи!
Мов герої йдуть на бій
Та не крови, не з людьми.

Як ударить дзвін тривогу,
Як затліє стріха хат,
Линуть хлопці на підмогу,
Чи там ворог, чи там брат.

Наче в танець Січовик
У огнисту скаче піч,
Бо до жару з діда звик,
Бо страху не знає "Січ".

А за труд свій, за посвяту,
Лаврів слави не беруть.
Бо найкращу дасть їм плату
Власне серце, власна грудь.');
INSERT OR REPLACE INTO songs (id,title,subtitle,lang,country,period,year,source,notes,lyrics,tags_json,lang_locked,status,created_at,updated_at) VALUES ('pisniua_4152434','Україна','Музика: Ірина Федишин Слова: Ірина Федишин. Виконує: Ірина Федишин, Любов Камінська','uk','ukraine_1991',NULL,NULL,'аудіозапис',NULL,'Виростала я на Україні,
Виростала, де грона калини
Щовесни під вікном розквітали,
Білим цвітом мене забавляли.
Тут волошки в волосся впітала,
Тут матусю сльозами прохала,
Щоб сорочку мені вишивала,
Тут я вперше в житті покохала!

Приспів:
Це моя земля! Це моя країна!    |
Тут моя сім''я! Тут моя родина!  |
Це ліси, поля, гори й полонини, |
Рідна ти моя Україна!           | (2)

В нас колосяться жито, пшениця,
І тече тут джерельна водиця,
В нас найкращі у світі дівчата,
Люди щирі, душею багаті.
Приїжджайте до нас в Україну,
Тут завжди зустрічають гостинно,
Пісня лине від хати до хати,
Бо у нас люди вміють співати!

Приспів. (2)','["pisni.org.ua", "cat:patriotic", "Патріотичні пісні"]',1,'published',COALESCE((SELECT created_at FROM songs WHERE id='pisniua_4152434'), datetime('now')),datetime('now'));
INSERT OR REPLACE INTO songs_fts(song_id,title,lyrics) VALUES ('pisniua_4152434','Україна','Виростала я на Україні,
Виростала, де грона калини
Щовесни під вікном розквітали,
Білим цвітом мене забавляли.
Тут волошки в волосся впітала,
Тут матусю сльозами прохала,
Щоб сорочку мені вишивала,
Тут я вперше в житті покохала!

Приспів:
Це моя земля! Це моя країна!    |
Тут моя сім''я! Тут моя родина!  |
Це ліси, поля, гори й полонини, |
Рідна ти моя Україна!           | (2)

В нас колосяться жито, пшениця,
І тече тут джерельна водиця,
В нас найкращі у світі дівчата,
Люди щирі, душею багаті.
Приїжджайте до нас в Україну,
Тут завжди зустрічають гостинно,
Пісня лине від хати до хати,
Бо у нас люди вміють співати!

Приспів. (2)');
INSERT OR REPLACE INTO song_links (id,song_id,title,url,kind,version_id,sort_order) VALUES ('pisniua_4152434_l1','pisniua_4152434','YouTube','https://www.youtube.com/watch?v=cYijBFKxGLg','video',NULL,1);
INSERT OR REPLACE INTO song_links (id,song_id,title,url,kind,version_id,sort_order) VALUES ('pisniua_4152434_l2','pisniua_4152434','YouTube','https://www.youtube.com/watch?v=43qCyfbKdvg','video',NULL,2);
INSERT OR REPLACE INTO song_links (id,song_id,title,url,kind,version_id,sort_order) VALUES ('pisniua_4152434_l3','pisniua_4152434','YouTube','https://www.youtube.com/watch?v=DbX3ceP2Kmo','video',NULL,3);
INSERT OR REPLACE INTO songs (id,title,subtitle,lang,country,period,year,source,notes,lyrics,tags_json,lang_locked,status,created_at,updated_at) VALUES ('pisniua_4151930','Ворожка','Музика: Олесь Царук Слова: Василь Еллан-Блакитний. Виконує: Олесь Царук','uk','ukraine_before_1917',NULL,NULL,'аудіозапис',NULL,'Твоя слава, як бубон, гучна -
Дроботіла смаглява циганка.
Тобі серце віддасть не одна
Ясноока красуня панянка.

Ой, щасливий, щасливий юнак:
Саме щастя, ні крихітки муки.
А те щастя - така гарна річ,
Позлоти ж бо за правдоньку руки.

Може, прийде ще слава гучна
Та не згоїться в серденьку ранка.
Прошумує свавільна весна -
Восени не заводять веснянки.

Ой, брехала про щастя вона,
Чорноока прудкая циганка.','["pisni.org.ua", "cat:socialno-pobutovi", "Соціально-побутові пісні"]',1,'published',COALESCE((SELECT created_at FROM songs WHERE id='pisniua_4151930'), datetime('now')),datetime('now'));
INSERT OR REPLACE INTO songs_fts(song_id,title,lyrics) VALUES ('pisniua_4151930','Ворожка','Твоя слава, як бубон, гучна -
Дроботіла смаглява циганка.
Тобі серце віддасть не одна
Ясноока красуня панянка.

Ой, щасливий, щасливий юнак:
Саме щастя, ні крихітки муки.
А те щастя - така гарна річ,
Позлоти ж бо за правдоньку руки.

Може, прийде ще слава гучна
Та не згоїться в серденьку ранка.
Прошумує свавільна весна -
Восени не заводять веснянки.

Ой, брехала про щастя вона,
Чорноока прудкая циганка.');
INSERT OR REPLACE INTO songs (id,title,subtitle,lang,country,period,year,source,notes,lyrics,tags_json,lang_locked,status,created_at,updated_at) VALUES ('pisniua_4152838','Вбий депутата','Музика: Тостер Слова: Тостер. Виконує: Тостер','uk','ukraine_1991',NULL,NULL,'аудіозапис',NULL,'Іменем сяє прапор, антиурядовий збір,
Чути галас опозиції, що Кучма - найстрашніший звір,
А в будинку, що навпроти, у під''їзді номер 2
Серійний вбивця знов зарізав малолітнього школяра.
Економічна криза, в країні - руїна,
Крадуть все, що можна, бюрократичні свині.
І ми маєм служити на їхню систему,
У них все по плану, але по-своєму.

Приспів:
Скажи мені, буржуй, де мої гроші?
Бо коли вас обираємо, то ви - чесні і хороші.
Він давить законом підбитим під себе,
А ти дави силою, яка є у тебе!

На людей їм наплювати, головне в них - гроші,
А коли їх обирають, вони - чесні і хороші:
Обіцяють любити, робити й будувати,
А я закликаю: Не вір депутатам!

Приспів.

Система душить, система давить,
Політики і гроші цим світом правлять.
Розплодилось депутатів, як не різаних собак,
Звинувачують без причини просто так.

Скажи мені, буржуй, де мої гроші?
Бо коли вас обираємо, то ви - чесні і хороші','["pisni.org.ua", "cat:suspilno-politychni", "Суспільно-політичні пісні"]',1,'published',COALESCE((SELECT created_at FROM songs WHERE id='pisniua_4152838'), datetime('now')),datetime('now'));
INSERT OR REPLACE INTO songs_fts(song_id,title,lyrics) VALUES ('pisniua_4152838','Вбий депутата','Іменем сяє прапор, антиурядовий збір,
Чути галас опозиції, що Кучма - найстрашніший звір,
А в будинку, що навпроти, у під''їзді номер 2
Серійний вбивця знов зарізав малолітнього школяра.
Економічна криза, в країні - руїна,
Крадуть все, що можна, бюрократичні свині.
І ми маєм служити на їхню систему,
У них все по плану, але по-своєму.

Приспів:
Скажи мені, буржуй, де мої гроші?
Бо коли вас обираємо, то ви - чесні і хороші.
Він давить законом підбитим під себе,
А ти дави силою, яка є у тебе!

На людей їм наплювати, головне в них - гроші,
А коли їх обирають, вони - чесні і хороші:
Обіцяють любити, робити й будувати,
А я закликаю: Не вір депутатам!

Приспів.

Система душить, система давить,
Політики і гроші цим світом правлять.
Розплодилось депутатів, як не різаних собак,
Звинувачують без причини просто так.

Скажи мені, буржуй, де мої гроші?
Бо коли вас обираємо, то ви - чесні і хороші');
INSERT OR REPLACE INTO songs (id,title,subtitle,lang,country,period,year,source,notes,lyrics,tags_json,lang_locked,status,created_at,updated_at) VALUES ('pisniua_4156430','Сніжинки','Музика: Яків Степовий Слова: Яків Степовий. Виконує: Микола Ґвоздь','uk','ukraine_1991',NULL,NULL,'Учбовий репертуар дитячих музичних шкіл, Київ "Музична Україна" 1988, с.81',NULL,'Ми білії сніжиночки
З небесной царини,
Легенькі, як пушиночки,
Летімо всі сюди.

Ось хмаронька сіренькая,-
Вона була наш дім,
Ми з неї всі спустилися,
Тут сядьмо отдихнім.

Лягти на землю хоченься,
А вітерець лихий
Все віє, розганяє нас.
Мерщій, мерщій, мерщій!','["pisni.org.ua", "cat:krasa-pryrody", "Пісні про красу природи"]',1,'published',COALESCE((SELECT created_at FROM songs WHERE id='pisniua_4156430'), datetime('now')),datetime('now'));
INSERT OR REPLACE INTO songs_fts(song_id,title,lyrics) VALUES ('pisniua_4156430','Сніжинки','Ми білії сніжиночки
З небесной царини,
Легенькі, як пушиночки,
Летімо всі сюди.

Ось хмаронька сіренькая,-
Вона була наш дім,
Ми з неї всі спустилися,
Тут сядьмо отдихнім.

Лягти на землю хоченься,
А вітерець лихий
Все віє, розганяє нас.
Мерщій, мерщій, мерщій!');
INSERT OR REPLACE INTO song_links (id,song_id,title,url,kind,version_id,sort_order) VALUES ('pisniua_4156430_l1','pisniua_4156430','YouTube','https://www.youtube.com/watch?v=_uaTnm7KTMc','video',NULL,1);
INSERT OR REPLACE INTO songs (id,title,subtitle,lang,country,period,year,source,notes,lyrics,tags_json,lang_locked,status,created_at,updated_at) VALUES ('pisniua_4154535','Тумани','Українська народна пісня','uk','ukraine_before_1917',NULL,NULL,NULL,NULL,'Стоїть одинока дівчина, літ вісім,
І тихо, і ніжно тумани зове:
"Тумани, тумани, верніть мені маму,
Чогось моя мама до мене не йде.

П''ять років минуло, як мама померла.
З тих пір на могилу ношу я квітки.
З тих пір мене, мамо, ніхто не цілує,
Ніхто не голубить так ніжно, як ти."

А роки проходять, минають страдання,
А горю дівчини  не приходить кінець:
"Прийди, моя мамо, прийди, дорогая,
Надіньте на мене вінчальний вінець."

Прийшла на могилу з своїм нареченим,
Поклала там квіти і стала ридать:
"Спитай мене, мамо, спитай, дорогая,
Як буду без тебе весілля справлять."

Могила стогнала, а мама ридала,
І в ній було чути сумнії слова:
"Не прийду я, доню, до тебе ніколи,
Вінець хай надіне свекруха твоя".','["pisni.org.ua", "cat:pro-batkiv", "Пісні про любов до батьків"]',1,'published',COALESCE((SELECT created_at FROM songs WHERE id='pisniua_4154535'), datetime('now')),datetime('now'));
INSERT OR REPLACE INTO songs_fts(song_id,title,lyrics) VALUES ('pisniua_4154535','Тумани','Стоїть одинока дівчина, літ вісім,
І тихо, і ніжно тумани зове:
"Тумани, тумани, верніть мені маму,
Чогось моя мама до мене не йде.

П''ять років минуло, як мама померла.
З тих пір на могилу ношу я квітки.
З тих пір мене, мамо, ніхто не цілує,
Ніхто не голубить так ніжно, як ти."

А роки проходять, минають страдання,
А горю дівчини  не приходить кінець:
"Прийди, моя мамо, прийди, дорогая,
Надіньте на мене вінчальний вінець."

Прийшла на могилу з своїм нареченим,
Поклала там квіти і стала ридать:
"Спитай мене, мамо, спитай, дорогая,
Як буду без тебе весілля справлять."

Могила стогнала, а мама ридала,
І в ній було чути сумнії слова:
"Не прийду я, доню, до тебе ніколи,
Вінець хай надіне свекруха твоя".');
INSERT OR REPLACE INTO song_links (id,song_id,title,url,kind,version_id,sort_order) VALUES ('pisniua_4154535_l1','pisniua_4154535','YouTube','https://www.youtube.com/watch?v=fYg8mrurN3o','video',NULL,1);
INSERT OR REPLACE INTO song_links (id,song_id,title,url,kind,version_id,sort_order) VALUES ('pisniua_4154535_l2','pisniua_4154535','Переглянути варіанти >>','https://www.pisni.org.ua/#variants','external',NULL,2);
INSERT OR REPLACE INTO songs (id,title,subtitle,lang,country,period,year,source,notes,lyrics,tags_json,lang_locked,status,created_at,updated_at) VALUES ('pisniua_4152083','Літній вечір...','Музика: Олесь Царук Слова: Олександр Олесь. Виконує: Олесь Царук','uk','ukraine_1991',NULL,NULL,'аудіозапис',NULL,'Літній вечір, гори в млі,
В золоті вершини,
А під ними ллється десь |
Пісня України.          | (2)

Гасне вечір, сон обняв
Гори і долини,
А між горами літа       |
Пісня України.          | (2)

Ніч давно, заснуло все,
Тільки море плине,
Та щебече понад ним     |
Пісня України.          | (2)','["pisni.org.ua", "cat:bardivski", "Бардівські пісні"]',1,'published',COALESCE((SELECT created_at FROM songs WHERE id='pisniua_4152083'), datetime('now')),datetime('now'));
INSERT OR REPLACE INTO songs_fts(song_id,title,lyrics) VALUES ('pisniua_4152083','Літній вечір...','Літній вечір, гори в млі,
В золоті вершини,
А під ними ллється десь |
Пісня України.          | (2)

Гасне вечір, сон обняв
Гори і долини,
А між горами літа       |
Пісня України.          | (2)

Ніч давно, заснуло все,
Тільки море плине,
Та щебече понад ним     |
Пісня України.          | (2)');
INSERT OR REPLACE INTO songs (id,title,subtitle,lang,country,period,year,source,notes,lyrics,tags_json,lang_locked,status,created_at,updated_at) VALUES ('pisniua_4154185','На Христовій дорозі',NULL,'uk','ukraine_1991',NULL,NULL,NULL,NULL,'1. Маріє, гляди, чиї то сліди?
Це сліди Твойого Сина,
Тут ішла Твоя дитина,
Тож поглянь, іди.

2. І Вона спішить, на землю глядить,
Як багриться Кров слідами.
Він ішов туди з катами.
Марія терпить.

3. Ось серед юрби провадять кати,
А на ньому хрест тяженький,
Це Твій Син, Син дорогенький.
Подивись туди.

4. І Вона глядить, а серце щемить,
Бо побачила, пізнала,
Жаль стиснув і заридала:
"Це мій Син терпить".','["pisni.org.ua", "cat:cerkovni", "cat:christ", "cat:strasni", "Церковні пісні", "Пісні до Ісуса Христа", "Страсні пісні"]',1,'published',COALESCE((SELECT created_at FROM songs WHERE id='pisniua_4154185'), datetime('now')),datetime('now'));
INSERT OR REPLACE INTO songs_fts(song_id,title,lyrics) VALUES ('pisniua_4154185','На Христовій дорозі','1. Маріє, гляди, чиї то сліди?
Це сліди Твойого Сина,
Тут ішла Твоя дитина,
Тож поглянь, іди.

2. І Вона спішить, на землю глядить,
Як багриться Кров слідами.
Він ішов туди з катами.
Марія терпить.

3. Ось серед юрби провадять кати,
А на ньому хрест тяженький,
Це Твій Син, Син дорогенький.
Подивись туди.

4. І Вона глядить, а серце щемить,
Бо побачила, пізнала,
Жаль стиснув і заридала:
"Це мій Син терпить".');
INSERT OR REPLACE INTO songs (id,title,subtitle,lang,country,period,year,source,notes,lyrics,tags_json,lang_locked,status,created_at,updated_at) VALUES ('pisniua_4154032','Ромашка','Музика: Юрій Воронюк Слова: Ніна Воронюк. Виконує: Настя Шовкопляс','uk','ukraine_1991',NULL,NULL,'авторське подання',NULL,'На ромашці білій про любов питають:
Любить, чи не любить? Пелюстки зривають.
Не скуби ромашку, їй цвісти весною,
Говори з красою вічно мовчазною.

В ромашковім полі жайвори співають,
І росу пахучу ночі сповивають.
Скроплена дощами, вимита водою,
Це світилка чиста в косах молодої.

Від весни до літа і в порі осінній
Нею пахне купіль, нею пахне сіно.
І в морози зимні пелюстки ті самі
Змалював Художник у віконній рамі.

Бог її плекає і вітри голублять,
Як її полюбиш, то й тебе полюблять.
Не скубіть ромашку, не топчіть ногами,
Це любові квітка у зеленім храмі','["pisni.org.ua", "cat:krasa-pryrody", "Пісні про красу природи"]',1,'published',COALESCE((SELECT created_at FROM songs WHERE id='pisniua_4154032'), datetime('now')),datetime('now'));
INSERT OR REPLACE INTO songs_fts(song_id,title,lyrics) VALUES ('pisniua_4154032','Ромашка','На ромашці білій про любов питають:
Любить, чи не любить? Пелюстки зривають.
Не скуби ромашку, їй цвісти весною,
Говори з красою вічно мовчазною.

В ромашковім полі жайвори співають,
І росу пахучу ночі сповивають.
Скроплена дощами, вимита водою,
Це світилка чиста в косах молодої.

Від весни до літа і в порі осінній
Нею пахне купіль, нею пахне сіно.
І в морози зимні пелюстки ті самі
Змалював Художник у віконній рамі.

Бог її плекає і вітри голублять,
Як її полюбиш, то й тебе полюблять.
Не скубіть ромашку, не топчіть ногами,
Це любові квітка у зеленім храмі');
INSERT OR REPLACE INTO song_links (id,song_id,title,url,kind,version_id,sort_order) VALUES ('pisniua_4154032_l1','pisniua_4154032','YouTube','https://www.youtube.com/watch?v=xiJ_fUvi2bc','video',NULL,1);
INSERT OR REPLACE INTO songs (id,title,subtitle,lang,country,period,year,source,notes,lyrics,tags_json,lang_locked,status,created_at,updated_at) VALUES ('pisniua_415430','Дупа жалізова','Музика: Сергій Кузьминський Слова: Сергій Кузьминський. Виконує: Брати Гадюкіни','uk','ukraine_before_1917',NULL,NULL,NULL,NULL,'Соло:
e -0-7-6-7-9-7-6-7-6-------------12-10-9-10-9-7-6-7-9-7-6-------
h -------------------8-7-8--------------------------------8-7-8-
g -------------------------8-9----------------------------------
Я знав тебе пацанкою малою
І ноль вніманія на тебе обращав
А як прийшов із армії додому
Тебе побачив і на дупу впав

Ти розквіла як маковиння на городі
Я від кохання чисто звар''ював
Я за тобою їздив на мопеді
Hеоднократно погляд твій лапав

Приспів: (2)
Гой-ра, ой-ра-я
Дупа джалізовая

Hа проводах в Стецишина Миколи
Ти шейк зі мною танцювать пішла
І тут мені повіла откровенно
Же влюблена в Безкоровайного Петра

І я напився і пішов до клубу
І цеглою побив всі ліхтарі
По 206-й, частині другій
Hародний суд два роки дав мені.

Приспів. (2)

За то шо їв я на параші сало,
Блатні мене зробили пєтухом
Тепер живу я досить непогано
Хіба із дупи часто л''ється кров

Приспів. (6)','["pisni.org.ua", "cat:zhartivlyvi", "Жартівливі пісні"]',1,'published',COALESCE((SELECT created_at FROM songs WHERE id='pisniua_415430'), datetime('now')),datetime('now'));
INSERT OR REPLACE INTO songs_fts(song_id,title,lyrics) VALUES ('pisniua_415430','Дупа жалізова','Соло:
e -0-7-6-7-9-7-6-7-6-------------12-10-9-10-9-7-6-7-9-7-6-------
h -------------------8-7-8--------------------------------8-7-8-
g -------------------------8-9----------------------------------
Я знав тебе пацанкою малою
І ноль вніманія на тебе обращав
А як прийшов із армії додому
Тебе побачив і на дупу впав

Ти розквіла як маковиння на городі
Я від кохання чисто звар''ював
Я за тобою їздив на мопеді
Hеоднократно погляд твій лапав

Приспів: (2)
Гой-ра, ой-ра-я
Дупа джалізовая

Hа проводах в Стецишина Миколи
Ти шейк зі мною танцювать пішла
І тут мені повіла откровенно
Же влюблена в Безкоровайного Петра

І я напився і пішов до клубу
І цеглою побив всі ліхтарі
По 206-й, частині другій
Hародний суд два роки дав мені.

Приспів. (2)

За то шо їв я на параші сало,
Блатні мене зробили пєтухом
Тепер живу я досить непогано
Хіба із дупи часто л''ється кров

Приспів. (6)');
INSERT OR REPLACE INTO song_links (id,song_id,title,url,kind,version_id,sort_order) VALUES ('pisniua_415430_l1','pisniua_415430','YouTube','https://www.youtube.com/watch?v=glROmi23dD8','video',NULL,1);
INSERT OR REPLACE INTO songs (id,title,subtitle,lang,country,period,year,source,notes,lyrics,tags_json,lang_locked,status,created_at,updated_at) VALUES ('pisniua_4155632','Гей, гук, мати, гук','Українська народна пісня. Виконує: Володимир Кушпет','uk','ukraine_before_1917',NULL,NULL,'Аудіозапис',NULL,'Гей, гук, мати, гук, де козаки йдуть
І веселая тай доріженька, куди вони йдуть.
Куди вони йдуть, там бори гудуть.
Поперед себе ворогів лихих, гой, облавою рвуть.

Зібрались вони під рясні дуби
Тай чекаючи тай отамана на раду собі.
Отаман іде, як голуб гуде
Тай під білою тай березою булаву кладе.

Отамане наш, тай не дбаєш про нас,
Ось і бач: наше тай товариство - як розгардіяш.
Чи не срам тобі покидати нас
тай по заступах тай цього лісу гукати без гас.

Глянь, отамане: вже світ настає.
Ой уже ж наше тай товариство коней сідлає.
Гей, гук, мати, гук, де козаки йдуть,
І веселая тай доріженька куди вони йдуть.
Куди вони йдуть, куди вони йдуть...','["pisni.org.ua", "cat:istorychni", "cat:kozacki", "Історичні пісні", "Козацькі пісні"]',1,'published',COALESCE((SELECT created_at FROM songs WHERE id='pisniua_4155632'), datetime('now')),datetime('now'));
INSERT OR REPLACE INTO songs_fts(song_id,title,lyrics) VALUES ('pisniua_4155632','Гей, гук, мати, гук','Гей, гук, мати, гук, де козаки йдуть
І веселая тай доріженька, куди вони йдуть.
Куди вони йдуть, там бори гудуть.
Поперед себе ворогів лихих, гой, облавою рвуть.

Зібрались вони під рясні дуби
Тай чекаючи тай отамана на раду собі.
Отаман іде, як голуб гуде
Тай під білою тай березою булаву кладе.

Отамане наш, тай не дбаєш про нас,
Ось і бач: наше тай товариство - як розгардіяш.
Чи не срам тобі покидати нас
тай по заступах тай цього лісу гукати без гас.

Глянь, отамане: вже світ настає.
Ой уже ж наше тай товариство коней сідлає.
Гей, гук, мати, гук, де козаки йдуть,
І веселая тай доріженька куди вони йдуть.
Куди вони йдуть, куди вони йдуть...');
INSERT OR REPLACE INTO song_links (id,song_id,title,url,kind,version_id,sort_order) VALUES ('pisniua_4155632_l1','pisniua_4155632','YouTube','https://www.youtube.com/watch?v=icaAyNq8Tgk','video',NULL,1);
INSERT OR REPLACE INTO song_links (id,song_id,title,url,kind,version_id,sort_order) VALUES ('pisniua_4155632_l2','pisniua_4155632','Переглянути варіанти >>','https://www.pisni.org.ua/#variants','external',NULL,2);
INSERT OR REPLACE INTO songs (id,title,subtitle,lang,country,period,year,source,notes,lyrics,tags_json,lang_locked,status,created_at,updated_at) VALUES ('pisniua_4153889','Закувала зозуленька в лузі на помості','Українська народна пісня','uk','ukraine_before_1917',NULL,NULL,NULL,'Центрально-українська','Закувала зозуленька в лузі на помості, гей
Приїхали до дівчини три козаки в гості, гей
Приїхали до дівчини три козаки в гості.

Один іде коня веде, другий коня в''яже, гей
Третій стоїть під віконцем,- Добрий вечір - каже, гей
Третій стоїть під віконцем,- Добрий вечір - каже.

Добрий вечір, стара мати, дай води напиться, гей
Кажуть люди дочка гарна, дай хоч подивиться, гей
Кажуть люди дочка гарна, дай хоч подивиться.

Вода в сінях у кадушці, піди та й напийся, гей
Сидить дівка на подущці, піди подивися, гей
Сидить дівка на подущці, піди подивися.

Вода в сінях не холодна, піду до криниці, гей
Дівка ваша не хороша, піду до вдовиці, гей.
Дівка ваша не хороша, піду до вдовиці.

У вдовиці дві світлиці ще й третя кімеата, гей
А в дівчини одна хата, та й та не прибрата, гей
А в дівчини одна хата, та й та не прибрата.

Закувала зозуленька в лузі на помості, гей
Приїхали до дівчини три козаки в гості, гей
Приїхали до дівчини три козаки в гості','["pisni.org.ua", "cat:naddnipryanski", "Наддніпрянські пісні"]',1,'published',COALESCE((SELECT created_at FROM songs WHERE id='pisniua_4153889'), datetime('now')),datetime('now'));
INSERT OR REPLACE INTO songs_fts(song_id,title,lyrics) VALUES ('pisniua_4153889','Закувала зозуленька в лузі на помості','Закувала зозуленька в лузі на помості, гей
Приїхали до дівчини три козаки в гості, гей
Приїхали до дівчини три козаки в гості.

Один іде коня веде, другий коня в''яже, гей
Третій стоїть під віконцем,- Добрий вечір - каже, гей
Третій стоїть під віконцем,- Добрий вечір - каже.

Добрий вечір, стара мати, дай води напиться, гей
Кажуть люди дочка гарна, дай хоч подивиться, гей
Кажуть люди дочка гарна, дай хоч подивиться.

Вода в сінях у кадушці, піди та й напийся, гей
Сидить дівка на подущці, піди подивися, гей
Сидить дівка на подущці, піди подивися.

Вода в сінях не холодна, піду до криниці, гей
Дівка ваша не хороша, піду до вдовиці, гей.
Дівка ваша не хороша, піду до вдовиці.

У вдовиці дві світлиці ще й третя кімеата, гей
А в дівчини одна хата, та й та не прибрата, гей
А в дівчини одна хата, та й та не прибрата.

Закувала зозуленька в лузі на помості, гей
Приїхали до дівчини три козаки в гості, гей
Приїхали до дівчини три козаки в гості');
INSERT OR REPLACE INTO song_links (id,song_id,title,url,kind,version_id,sort_order) VALUES ('pisniua_4153889_l1','pisniua_4153889','YouTube','https://www.youtube.com/watch?v=5BDv81P9FFc','video',NULL,1);
INSERT OR REPLACE INTO songs (id,title,subtitle,lang,country,period,year,source,notes,lyrics,tags_json,lang_locked,status,created_at,updated_at) VALUES ('pisniua_4154232','Сад Гетсиманський',NULL,'uk','ukraine_1991',NULL,NULL,'Страсні пісні',NULL,'1. Сад Гетсиманський нічкою вкрився
І одягнувся в траурний плащ,
Слухав уважно, як Господь молився,
Чув він зітхання і жалісний плач.

2. Сад Гетсиманський вкрився імлою
І перед бурею вмить занімів.
Бачимо чашу із Кров''ю святою,
Юдину зраду, насильство катів.

3. Сад Гетсиманський впізнав свого Бога,
Що свої руки до неба підняв.
З трепетом серця вливалась тривога,
Морок і жах всю душу проймав','["pisni.org.ua", "cat:cerkovni", "cat:christian", "cat:strasni", "Церковні пісні", "Пісні на християнську тематику", "Страсні пісні"]',1,'published',COALESCE((SELECT created_at FROM songs WHERE id='pisniua_4154232'), datetime('now')),datetime('now'));
INSERT OR REPLACE INTO songs_fts(song_id,title,lyrics) VALUES ('pisniua_4154232','Сад Гетсиманський','1. Сад Гетсиманський нічкою вкрився
І одягнувся в траурний плащ,
Слухав уважно, як Господь молився,
Чув він зітхання і жалісний плач.

2. Сад Гетсиманський вкрився імлою
І перед бурею вмить занімів.
Бачимо чашу із Кров''ю святою,
Юдину зраду, насильство катів.

3. Сад Гетсиманський впізнав свого Бога,
Що свої руки до неба підняв.
З трепетом серця вливалась тривога,
Морок і жах всю душу проймав');
INSERT OR REPLACE INTO songs (id,title,subtitle,lang,country,period,year,source,notes,lyrics,tags_json,lang_locked,status,created_at,updated_at) VALUES ('pisniua_4154137','Добре в Гамериці','Українська народна пісня','uk','ukraine_before_1917',NULL,NULL,'Kulik A., Pleśniak P. Dla Oli na słowiańską nutę. Wybrane pieśni łemkowskie, bojkowskie, słowackie, polskie i inne. - Mińsk Mazowiecki, 2001. – 16 p.',NULL,'Добре в Гамериці, як іде робота.
Краснє ся прибереш,
Краснє ся прибереш, як прийде субота.

Краснє ся прибереш, краснє ся умиєш,
Бо ти ся не боїш, же ти в полі гниєш.
Же ти в полі гниєш, же вода забере,
Іще ти до хаузу привезут фермери.

Фермери привезут, гроши не питают,
Так нам повідают в Гамерици - краю.
Так нам повідают в Гамерици - краю,
Так нам повідают в Гамерицкім краю.

Юж на п''ятий рочок як я в Гамерици,
Так тяжко працюю в тій новій фабрици.
Жено моя люба, жено моя добра,
Як ти там газдуєш з тими дітьми дома?

Газдую, газдую, юж ліпше не можу,
Тебе з Гамерики дочекаться не можу.
Дочекайсь ся ти, дочекайся, моя жено, дочекайся,
Будеш ся ня питать: дуже пяньонзи маш?

Не мам я пяньонзей, бо я лем слуховав,
А што я заслужил і то-то прогуляв.','["pisni.org.ua", "cat:43", "cat:emigration", "cat:lemkivski", "Еміґрантські пісні", "Пісні про еміґрацію", "Лемківські пісні"]',1,'published',COALESCE((SELECT created_at FROM songs WHERE id='pisniua_4154137'), datetime('now')),datetime('now'));
INSERT OR REPLACE INTO songs_fts(song_id,title,lyrics) VALUES ('pisniua_4154137','Добре в Гамериці','Добре в Гамериці, як іде робота.
Краснє ся прибереш,
Краснє ся прибереш, як прийде субота.

Краснє ся прибереш, краснє ся умиєш,
Бо ти ся не боїш, же ти в полі гниєш.
Же ти в полі гниєш, же вода забере,
Іще ти до хаузу привезут фермери.

Фермери привезут, гроши не питают,
Так нам повідают в Гамерици - краю.
Так нам повідают в Гамерици - краю,
Так нам повідают в Гамерицкім краю.

Юж на п''ятий рочок як я в Гамерици,
Так тяжко працюю в тій новій фабрици.
Жено моя люба, жено моя добра,
Як ти там газдуєш з тими дітьми дома?

Газдую, газдую, юж ліпше не можу,
Тебе з Гамерики дочекаться не можу.
Дочекайсь ся ти, дочекайся, моя жено, дочекайся,
Будеш ся ня питать: дуже пяньонзи маш?

Не мам я пяньонзей, бо я лем слуховав,
А што я заслужил і то-то прогуляв.');
INSERT OR REPLACE INTO songs (id,title,subtitle,lang,country,period,year,source,notes,lyrics,tags_json,lang_locked,status,created_at,updated_at) VALUES ('pisniua_415333','Зібралися всі Бурлаки до рідної xати','Українська народна пісня','uk','ukraine_before_1917',NULL,NULL,'1. Українські релігійні роздуми про Спасіння © Видавництво „Павутинонька“, Нью Йорк – Львів – Київ – Харків – Москва, 2003 2. Українські народні пісні. - К.: Мистецтво, 1965','Спасительна: світ не по Правді. Українські релігійні роздуми про Воскресіння, Неволю і Спасіння. Ой Ми зіслані на признаванє. Нема в світі Правди не зіскати. Господа Милосердного прохали та благали. Ой що діється на Вкраїні ой чиї ми діти. Заплакала Україна така її Доля. Листки з приводу цієї Пісні: Традиції самогуртування: Cвятий Збір. Українські реліґійні роздуми про Неволю та Спасіння Еротичні містерії, тиждень від Катерини 7.12 до Калети. Доля. Св. Микола 19.12 – Народний речник перед Богом і Прадід. Стежки до листків про Українські традиції. Висловлювання: Ціна народности. Мені не віриться вашому запевненню, що нібито вже прийшов час, коли пізнають істинну ціну народности. Народностями більше зневажають і, що гірше, грають, як лялькою. — І.І. Срезнєвський','Зібралися всі Бурлаки до рідної xати
Тут їм мило тут їм любо з журби заспівати   | (2)

Заграй котрий на Бандуру сумно так сидіти
Ой що діється на Вкраїні ой чиї ми діти     | (2)

Катерино Вража Бабо що ж ти наробила
Степ широкий край веселий та й занапастила  | (2)

Бо цариця Катерина добре в карти грала
Вона наше усе добро та й попропивала        | (2)

Багатому розпродала від краю до краю
А бідному зоставила те де поxовають         | (2)

А ти графе ти Потоцький розпроклятий сину
Занапастив свою Польщу та взяв Україну      | (2)

Думав було на Вкраїні щоб королем стати
Пропадеш ти сучий сину а ще твоя мати       | (2)

Вставай Батьку Отамане годі тобі спати
Та й підемо до цариці милості проxати       | (2)

Катерино Вража Бабо змилуйся над нами
Верни нашу Україну з першими правами        | (2)

Не вертала Україну і вертать не буду
Єсть у мене москалики воювати буду          | (2)

Закрякали чорні круки угору летючи
Ой заплакали Козаченьки від цариці йдучи    | (2)

Встає xмара з-за лиману іде Дощ із неба
Зруйнували Запоріжжя того й тільки треба    | (2)

Зібралися всі Бурлаки до рідної xати
Тут їм мило тут їм любо з журби заспівати   | (2)

Заграй котрий на Бандуру сумно так сидіти
Ой що діється на Вкраїні ой чиї ми діти     | (2)    Голос 1','["pisni.org.ua", "cat:istorychni", "cat:kozacki", "cat:suspilno-politychni", "Історичні пісні", "Козацькі пісні", "Суспільно-політичні пісні"]',1,'published',COALESCE((SELECT created_at FROM songs WHERE id='pisniua_415333'), datetime('now')),datetime('now'));
INSERT OR REPLACE INTO songs_fts(song_id,title,lyrics) VALUES ('pisniua_415333','Зібралися всі Бурлаки до рідної xати','Зібралися всі Бурлаки до рідної xати
Тут їм мило тут їм любо з журби заспівати   | (2)

Заграй котрий на Бандуру сумно так сидіти
Ой що діється на Вкраїні ой чиї ми діти     | (2)

Катерино Вража Бабо що ж ти наробила
Степ широкий край веселий та й занапастила  | (2)

Бо цариця Катерина добре в карти грала
Вона наше усе добро та й попропивала        | (2)

Багатому розпродала від краю до краю
А бідному зоставила те де поxовають         | (2)

А ти графе ти Потоцький розпроклятий сину
Занапастив свою Польщу та взяв Україну      | (2)

Думав було на Вкраїні щоб королем стати
Пропадеш ти сучий сину а ще твоя мати       | (2)

Вставай Батьку Отамане годі тобі спати
Та й підемо до цариці милості проxати       | (2)

Катерино Вража Бабо змилуйся над нами
Верни нашу Україну з першими правами        | (2)

Не вертала Україну і вертать не буду
Єсть у мене москалики воювати буду          | (2)

Закрякали чорні круки угору летючи
Ой заплакали Козаченьки від цариці йдучи    | (2)

Встає xмара з-за лиману іде Дощ із неба
Зруйнували Запоріжжя того й тільки треба    | (2)

Зібралися всі Бурлаки до рідної xати
Тут їм мило тут їм любо з журби заспівати   | (2)

Заграй котрий на Бандуру сумно так сидіти
Ой що діється на Вкраїні ой чиї ми діти     | (2)    Голос 1');
INSERT OR REPLACE INTO song_links (id,song_id,title,url,kind,version_id,sort_order) VALUES ('pisniua_415333_l1','pisniua_415333','YouTube','https://www.youtube.com/watch?v=utC7kOYonEY','video',NULL,1);
INSERT OR REPLACE INTO song_links (id,song_id,title,url,kind,version_id,sort_order) VALUES ('pisniua_415333_l2','pisniua_415333','YouTube','https://www.youtube.com/watch?v=86srwjOsKMc','video',NULL,2);
INSERT OR REPLACE INTO songs (id,title,subtitle,lang,country,period,year,source,notes,lyrics,tags_json,lang_locked,status,created_at,updated_at) VALUES ('pisniua_4159030','За городом козу пасла','Українська народна пісня. Виконує: Фольклорний ансамбль села Межирич','uk','ukraine_before_1917',NULL,NULL,'Фольклорний архів ансамблю "Божичі". Запис в с.Межирич (Маврино) Павлоградського р-ну Дніпропетровської обл. 12.08.1993 Касета 3',NULL,'Ой, да за городом козу пасла, гей,
За городом козу пасла,
Сюди-туди роз-бом-бом
Назбирала горшик масла,
Гоп, сіла за столом.

Ой, да ще й сметани назбирала, гей,
Ще й сметани назбирала,
Сюди-туди роз-бом-бом
Усих хлопців угощала,
Гоп, сіла за столом.

Ой, да їжте, хлопці, угощайтесь, гей,
Їжте, хлопці, угощайтесь,
Сюди-туди роз-бом-бом
За горілку вибагайте,
Гоп, сіла за столом','["pisni.org.ua", "cat:arkhiv-bozhychi", "Фольклорний архів анс. \"Божичі\""]',1,'published',COALESCE((SELECT created_at FROM songs WHERE id='pisniua_4159030'), datetime('now')),datetime('now'));
INSERT OR REPLACE INTO songs_fts(song_id,title,lyrics) VALUES ('pisniua_4159030','За городом козу пасла','Ой, да за городом козу пасла, гей,
За городом козу пасла,
Сюди-туди роз-бом-бом
Назбирала горшик масла,
Гоп, сіла за столом.

Ой, да ще й сметани назбирала, гей,
Ще й сметани назбирала,
Сюди-туди роз-бом-бом
Усих хлопців угощала,
Гоп, сіла за столом.

Ой, да їжте, хлопці, угощайтесь, гей,
Їжте, хлопці, угощайтесь,
Сюди-туди роз-бом-бом
За горілку вибагайте,
Гоп, сіла за столом');
INSERT OR REPLACE INTO song_links (id,song_id,title,url,kind,version_id,sort_order) VALUES ('pisniua_4159030_l1','pisniua_4159030','YouTube','https://www.youtube.com/watch?v=_Ab1hqtm0-M','video',NULL,1);
INSERT OR REPLACE INTO songs (id,title,subtitle,lang,country,period,year,source,notes,lyrics,tags_json,lang_locked,status,created_at,updated_at) VALUES ('pisniua_4158389','Гей при лужку, при лужку','Українська народна пісня. Виконує: Остап Кіндрачук','uk','ukraine_before_1917',NULL,NULL,'Остап Кіндрачук',NULL,'Гей при лужку, при лужку,
При широкім полі,
При великім табуні
Кінь гуляв по волі.

Кінь гуляв по волі,
Козак у неволі:
Як піймаю — загнуздаю
Шовковою уздою.

Як піймаю — загнуздаю
Шовковою уздою,
Вдарю коня острогами —
Кінь летить стрілою.

Ти лети, лети, мій коню,
Стрілою несися,
Біля милої подвір''я
Стойма становися.

Ударь, коню, копитами
Від брами до брами —
Може вийде дівчинонька
З чорними бровами.

Ой не вийшла дівчинонька,
Але її мати:
Припрошає, пригощає
Козаків до хати.

Один козак з коня злазить,
Другий коня в''яже,
Третій козак йде до хати:
"Добрий вечір!" — каже.

- Добрий вечір, стара мати,
Дай води напиться.
Є у тебе гарна доня —
Дай хоч подивиться.

- В сінях кварта, в сінях кварта,
А в саду криниця,
Моя доня на гулянню —
Поїдь подивися.

Їде козак, їде козак,
Дівчина гуляє —
У козака на конику
Серце ся стискає.

Ударь, коню, копитами
Від брами до брами —
Може вийде дівчинонька
З чорними бровами.','["pisni.org.ua", "cat:kozacki", "Козацькі пісні"]',1,'published',COALESCE((SELECT created_at FROM songs WHERE id='pisniua_4158389'), datetime('now')),datetime('now'));
INSERT OR REPLACE INTO songs_fts(song_id,title,lyrics) VALUES ('pisniua_4158389','Гей при лужку, при лужку','Гей при лужку, при лужку,
При широкім полі,
При великім табуні
Кінь гуляв по волі.

Кінь гуляв по волі,
Козак у неволі:
Як піймаю — загнуздаю
Шовковою уздою.

Як піймаю — загнуздаю
Шовковою уздою,
Вдарю коня острогами —
Кінь летить стрілою.

Ти лети, лети, мій коню,
Стрілою несися,
Біля милої подвір''я
Стойма становися.

Ударь, коню, копитами
Від брами до брами —
Може вийде дівчинонька
З чорними бровами.

Ой не вийшла дівчинонька,
Але її мати:
Припрошає, пригощає
Козаків до хати.

Один козак з коня злазить,
Другий коня в''яже,
Третій козак йде до хати:
"Добрий вечір!" — каже.

- Добрий вечір, стара мати,
Дай води напиться.
Є у тебе гарна доня —
Дай хоч подивиться.

- В сінях кварта, в сінях кварта,
А в саду криниця,
Моя доня на гулянню —
Поїдь подивися.

Їде козак, їде козак,
Дівчина гуляє —
У козака на конику
Серце ся стискає.

Ударь, коню, копитами
Від брами до брами —
Може вийде дівчинонька
З чорними бровами.');
INSERT OR REPLACE INTO songs (id,title,subtitle,lang,country,period,year,source,notes,lyrics,tags_json,lang_locked,status,created_at,updated_at) VALUES ('pisniua_415889','Взяло дівча ведро','Українська народна пісня','uk','ukraine_before_1917',NULL,NULL,'Аудіо - "Love It, or Lviv It!"','* Тут можливі інші варіанти тексту. Записано на слух з аудіо. Завантаження mp3: http://medalmusic.com.ua/ukrmusic/mp3.php?id2=19970','Взяло дівча ведро
Та й пішло по воду,
А там хлопці-риболовці,     | (2)
Самі з козацького роду.     |

"Хлопці-риболовці
З козацького роду,
Візьміть мене на той човен, | (2)
Перевезіть через воду."     |

"Ми би тебе взяли,
Щоб вода не змила, *
Щоби твоя стара мати        | (2)
За тобою не тужила."        |

"Моя стара мати
Не буде тужити,
Вона сама добре знає,       | (2)
Що я не маю з ким жити."    |    Фонограма-мінус (mp3, 128 kbps). весільний варіант','["pisni.org.ua", "cat:dances", "cat:waltzes", "Пісні до танцю", "Вальси"]',1,'published',COALESCE((SELECT created_at FROM songs WHERE id='pisniua_415889'), datetime('now')),datetime('now'));
INSERT OR REPLACE INTO songs_fts(song_id,title,lyrics) VALUES ('pisniua_415889','Взяло дівча ведро','Взяло дівча ведро
Та й пішло по воду,
А там хлопці-риболовці,     | (2)
Самі з козацького роду.     |

"Хлопці-риболовці
З козацького роду,
Візьміть мене на той човен, | (2)
Перевезіть через воду."     |

"Ми би тебе взяли,
Щоб вода не змила, *
Щоби твоя стара мати        | (2)
За тобою не тужила."        |

"Моя стара мати
Не буде тужити,
Вона сама добре знає,       | (2)
Що я не маю з ким жити."    |    Фонограма-мінус (mp3, 128 kbps). весільний варіант');
INSERT OR REPLACE INTO song_links (id,song_id,title,url,kind,version_id,sort_order) VALUES ('pisniua_415889_l1','pisniua_415889','YouTube','https://www.youtube.com/watch?v=TmKsATYBlxA','video',NULL,1);
INSERT OR REPLACE INTO song_links (id,song_id,title,url,kind,version_id,sort_order) VALUES ('pisniua_415889_l2','pisniua_415889','YouTube','https://www.youtube.com/watch?v=Emc8W7LVWmU','video',NULL,2);
INSERT OR REPLACE INTO song_links (id,song_id,title,url,kind,version_id,sort_order) VALUES ('pisniua_415889_l3','pisniua_415889','Переглянути варіанти >>','https://www.pisni.org.ua/#variants','external',NULL,3);
INSERT OR REPLACE INTO songs (id,title,subtitle,lang,country,period,year,source,notes,lyrics,tags_json,lang_locked,status,created_at,updated_at) VALUES ('pisniua_4154634','Ой вийтеся, огірочки, заким будуть пупляночки','Українська народна пісня','uk','ukraine_before_1917',NULL,NULL,NULL,NULL,'1.  Ой вийтеся, огірочки,
Заким будуть пупляночки,
Йа, вже ся в''ють, йа, вже ся в''ют.

2.  А ви, сиві фіялочки, розцвітайтеся, розцвітайтеся,
Молодії дівчаточка, віддавайтеся, віддавайтеся.

3.  Огірочки-пупляночки тут ся ув''ют, тут ся ув''ют,
А хлопчики-молодчики мід-вино п''ют, мід-вино п''ют.

4.  Огірочки-пупляночки повилиси, повилиси,
А хлопчики-молодчики попилиси, попилиси.

5.  Огірочки-пупляночки - пуплянків нема, пуплянків нема,
Дівчата б ся віддавали - молодців нема, молодців нема','["pisni.org.ua", "cat:vesnyanky-hayivky", "Веснянки та гаївки"]',1,'published',COALESCE((SELECT created_at FROM songs WHERE id='pisniua_4154634'), datetime('now')),datetime('now'));
INSERT OR REPLACE INTO songs_fts(song_id,title,lyrics) VALUES ('pisniua_4154634','Ой вийтеся, огірочки, заким будуть пупляночки','1.  Ой вийтеся, огірочки,
Заким будуть пупляночки,
Йа, вже ся в''ють, йа, вже ся в''ют.

2.  А ви, сиві фіялочки, розцвітайтеся, розцвітайтеся,
Молодії дівчаточка, віддавайтеся, віддавайтеся.

3.  Огірочки-пупляночки тут ся ув''ют, тут ся ув''ют,
А хлопчики-молодчики мід-вино п''ют, мід-вино п''ют.

4.  Огірочки-пупляночки повилиси, повилиси,
А хлопчики-молодчики попилиси, попилиси.

5.  Огірочки-пупляночки - пуплянків нема, пуплянків нема,
Дівчата б ся віддавали - молодців нема, молодців нема');
INSERT OR REPLACE INTO songs (id,title,subtitle,lang,country,period,year,source,notes,lyrics,tags_json,lang_locked,status,created_at,updated_at) VALUES ('pisniua_4154735','Ой у лісі на горісі','Українська народна пісня','uk','ukraine_before_1917',NULL,NULL,NULL,NULL,'1. Ой у лісі на горісі
Зазулька кує, зазулька кує.

2. Сидить шевчик на стільчику,
Черевички б''є, черевички б''є.

3. Ой б''є, б''є, б''є, вибиває,
Обцасики накладає.
А кому ж буде -    |
Милинька вбере.    |     2

4. Ой у лісі на горісі,
Зозулька кує, зозулька кує.

5. Сидить дівча на лавочці,
Сорочку шиє, сорочку шиє.

6. Шиє, шиє, вишиває,
Лілітками набиває.
А кому ж буде -       |
Миленький вбере.      |  2    18_2007seniszcz_seans7_Ой у лісі на горісі зазуслька кує','["pisni.org.ua", "cat:vesnyanky-hayivky", "Веснянки та гаївки"]',1,'published',COALESCE((SELECT created_at FROM songs WHERE id='pisniua_4154735'), datetime('now')),datetime('now'));
INSERT OR REPLACE INTO songs_fts(song_id,title,lyrics) VALUES ('pisniua_4154735','Ой у лісі на горісі','1. Ой у лісі на горісі
Зазулька кує, зазулька кує.

2. Сидить шевчик на стільчику,
Черевички б''є, черевички б''є.

3. Ой б''є, б''є, б''є, вибиває,
Обцасики накладає.
А кому ж буде -    |
Милинька вбере.    |     2

4. Ой у лісі на горісі,
Зозулька кує, зозулька кує.

5. Сидить дівча на лавочці,
Сорочку шиє, сорочку шиє.

6. Шиє, шиє, вишиває,
Лілітками набиває.
А кому ж буде -       |
Миленький вбере.      |  2    18_2007seniszcz_seans7_Ой у лісі на горісі зазуслька кує');
INSERT OR REPLACE INTO songs (id,title,subtitle,lang,country,period,year,source,notes,lyrics,tags_json,lang_locked,status,created_at,updated_at) VALUES ('pisniua_4158931','Нащо мені чорні брови *','Музика: народна Слова: Тарас Шевченко. Виконує: Фольклорний ансамбль села Межирич','uk','ukraine_before_1917',NULL,NULL,'Фольклорний архів ансамблю "Божичі". Запис в с.Межирич (Маврино) Павлоградського р-ну Дніпропетровської обл. 16.03.1993 Касета 2',NULL,'Нащо мені чорні брови,
Нащо карі очі,
Нащо літа молодії,          |
Веселі, дівочі?             |(2)

Літа ж мої молодії
Марно пропадають,
Очі плачуть, чорні брови    |
Од вітру линяють.           |(2)

Плачте, очі, плачте, карі,
Поки не заснули,
Голосніше, жалібніше,       |
Щоб вітри почули.           |(2)

Щоб почули буйнесенькі,
Понесли за море
Чорнявому, зрадливому       |
На лютоє горе.              |(2)','["pisni.org.ua", "cat:arkhiv-bozhychi", "Фольклорний архів анс. \"Божичі\""]',1,'published',COALESCE((SELECT created_at FROM songs WHERE id='pisniua_4158931'), datetime('now')),datetime('now'));
INSERT OR REPLACE INTO songs_fts(song_id,title,lyrics) VALUES ('pisniua_4158931','Нащо мені чорні брови *','Нащо мені чорні брови,
Нащо карі очі,
Нащо літа молодії,          |
Веселі, дівочі?             |(2)

Літа ж мої молодії
Марно пропадають,
Очі плачуть, чорні брови    |
Од вітру линяють.           |(2)

Плачте, очі, плачте, карі,
Поки не заснули,
Голосніше, жалібніше,       |
Щоб вітри почули.           |(2)

Щоб почули буйнесенькі,
Понесли за море
Чорнявому, зрадливому       |
На лютоє горе.              |(2)');
INSERT OR REPLACE INTO song_links (id,song_id,title,url,kind,version_id,sort_order) VALUES ('pisniua_4158931_l1','pisniua_4158931','Переглянути варіанти >>','https://www.pisni.org.ua/#variants','external',NULL,1);
INSERT OR REPLACE INTO songs (id,title,subtitle,lang,country,period,year,source,notes,lyrics,tags_json,lang_locked,status,created_at,updated_at) VALUES ('pisniua_4160137','Марш Тарасівців','Музика: Олесь Аргат Слова: Олесь Аргат','uk','ukraine_1991',NULL,NULL,NULL,NULL,'Em
Не мій кумир лякливий кріт
Я хочу жити хочу здобувати світ.
На цій землі я залишити хочу слід
Я втілить мушу заповіт.

Не йти до зайди на поклон
І не чекать свого народу похорон
І говорить лише мечем, списом зі злом
Іти шукать Новий Вогонь.

Не скраю я зведу свій дім
Аби в запічку було затишно унім
Серед руїн і богом проклятих осель
Свою зведу я цитадель.

На вітер слів я не пущу
Бо спрагла діл, земля як в засуху дощу
І моя мрія духу не полон
А лиш наказ, лише закон.

Самому знаю не дійти
Хтось має право довести нас до Мети
І я до послуху своїй старшині звик
Для когось я так само Провідник.

На смоїдство тратить час
Нам не велів Бог нам не велів Тарас
Лише зусиллям волі, дорогой ціной
Захочу й буду я Герой !!!','["pisni.org.ua", "cat:himny-marshi", "Гимни та марші"]',1,'published',COALESCE((SELECT created_at FROM songs WHERE id='pisniua_4160137'), datetime('now')),datetime('now'));
INSERT OR REPLACE INTO songs_fts(song_id,title,lyrics) VALUES ('pisniua_4160137','Марш Тарасівців','Em
Не мій кумир лякливий кріт
Я хочу жити хочу здобувати світ.
На цій землі я залишити хочу слід
Я втілить мушу заповіт.

Не йти до зайди на поклон
І не чекать свого народу похорон
І говорить лише мечем, списом зі злом
Іти шукать Новий Вогонь.

Не скраю я зведу свій дім
Аби в запічку було затишно унім
Серед руїн і богом проклятих осель
Свою зведу я цитадель.

На вітер слів я не пущу
Бо спрагла діл, земля як в засуху дощу
І моя мрія духу не полон
А лиш наказ, лише закон.

Самому знаю не дійти
Хтось має право довести нас до Мети
І я до послуху своїй старшині звик
Для когось я так само Провідник.

На смоїдство тратить час
Нам не велів Бог нам не велів Тарас
Лише зусиллям волі, дорогой ціной
Захочу й буду я Герой !!!');
INSERT OR REPLACE INTO song_links (id,song_id,title,url,kind,version_id,sort_order) VALUES ('pisniua_4160137_l1','pisniua_4160137','YouTube','https://www.youtube.com/watch?v=gq9mSos1QS0','video',NULL,1);
INSERT OR REPLACE INTO songs (id,title,subtitle,lang,country,period,year,source,notes,lyrics,tags_json,lang_locked,status,created_at,updated_at) VALUES ('pisniua_4159838','Вийшла заміж молодою','Українська народна пісня. Виконує: Фольклорний ансамбль села Межирич','uk','ukraine_before_1917',NULL,NULL,'Фольклорний архів ансамблю "Божичі". Запис в с.Межирич (Маврино) Павлоградського р-ну Дніпропетровської обл. 22.04.1992 Касета 5',NULL,'Вийшла заміж молодою,
Ку-ку,
Та й зустрілася з бідою,
А зозуля все кує.

Я ж не вмію все робити,
Ку-ку,
Як ж йому догодити,
А зозуля все кує.

Мажу хату - щітки знати,
Ку-ку,
Не навчила мене мати,
А зозуля все кує.

Зварю борщ, а він рідкий,
Ку-ку,
Спечу хліб, а він гливкий,
А зозуля все кує.

Раз я йому догодила,
Ку-ку,
Вмісто кави борщ зварила,
А зозуля все кує.

За той борщ, за ту каву,
Ку-ку,
Загнав мене аж під лаву,
А зозуля все кує.

За що б''єш, за що лаєш?
Ку-ку,
Яку взяв таку і маєш,
А зозуля все кує','["pisni.org.ua", "cat:arkhiv-bozhychi", "Фольклорний архів анс. \"Божичі\""]',1,'published',COALESCE((SELECT created_at FROM songs WHERE id='pisniua_4159838'), datetime('now')),datetime('now'));
INSERT OR REPLACE INTO songs_fts(song_id,title,lyrics) VALUES ('pisniua_4159838','Вийшла заміж молодою','Вийшла заміж молодою,
Ку-ку,
Та й зустрілася з бідою,
А зозуля все кує.

Я ж не вмію все робити,
Ку-ку,
Як ж йому догодити,
А зозуля все кує.

Мажу хату - щітки знати,
Ку-ку,
Не навчила мене мати,
А зозуля все кує.

Зварю борщ, а він рідкий,
Ку-ку,
Спечу хліб, а він гливкий,
А зозуля все кує.

Раз я йому догодила,
Ку-ку,
Вмісто кави борщ зварила,
А зозуля все кує.

За той борщ, за ту каву,
Ку-ку,
Загнав мене аж під лаву,
А зозуля все кує.

За що б''єш, за що лаєш?
Ку-ку,
Яку взяв таку і маєш,
А зозуля все кує');
INSERT OR REPLACE INTO songs (id,title,subtitle,lang,country,period,year,source,notes,lyrics,tags_json,lang_locked,status,created_at,updated_at) VALUES ('pisniua_415939','Ой грало Море в Неділю рано','Українська народна пісня','uk','ukraine_before_1917',NULL,NULL,'Староукраїнські релігійні роздуми про Бога © Видавництво "Павутинонька", Нью Йорк – Львів – Київ – Харків – Москва, 2004','РОЗСПІВ: Ой- гра-ло- Мо-ре- в Не-ді-лю- ра-но- Дай- Бо-же- Ой- гра-ло- Мо-ре- в Не-ді-лю- ра-а-но- Дай- Бо-о-же- Колядка стародавня: Українське Різдво Світа. Тогди не було Неба ні Землі. Ой но на Морі Павутиноньки. Радуйся Земле Коляда їде! Храм Українських і загальнолюдських мрій. Хоч зараз велика частина Українського народу, особливо нове покоління, що виросло на повоєнних руїнах, не здає собі справи з провідних думок цих Свят, але інтуіційно відчуває повагу і святість давніх традицій, і все-таки увесь нарід держиться досі старовіцьких святочних звичаїв і поведінок. Цю інтуіційну свідомість чогось величного й святого, переказаного предками і зв''язаного з старовіцькими обрядами, піддержують злучені з святочним часом пісні, — ось як: Колядки, Щедрівки, Гаївки і т. д., — і у них-то найбільше міститься народних традицій, як реліґійних, так господарських і суспільних, поданих у мітичній формі... Віра в Бога і почуття близькости Бога. З господарських свят первісних народів виходить, що їх мотивом є також бажання народу усвідомлення собі того Найвищого Єства в природі, що дає їм спроможність життя, даючи їм земні плоди й худобу. І в слід за тим стає мотивом Свята реліґія вдяки для Найвищого Єства.... Святочні обряди, пісні та пляси народів природи зроджують у них ідею Бога. Вони є тими середниками, що викликують у народу почуття близькости Бога, яка є неодолимим бажанням народу і його потребою. Святий Вечер є Святом природи й її Творця, зродженим на старовіцьких Українських традиціях про Почин Світа. Традиції ці мусять бути дуже давні, бо як реліґійні, так і господарські явища, які в них виступають, годяться в самі первісні, пракультурні часи. Переважаючою між реліґійними явищами Святої Вечері є віра в Бога. Під ідеєю Бога, котрого, як в часі обрядів, так і в Колядках, називають майже виключно Господом, розуміє нарід Найвище духове єство; а коли навіть згадує про Ісуса, Христа, особливо в старовіцьких схристиянізованих Колядках, то має Його за Господа світа і Добродія народу, коли не змішує його з мітольоґічною постаттю Прадіда. Взагалі думає нарід на Різдво про справи реліґійні катеґоріями старинними і показує свої реліґійні почування по старому. Це видно по Святовечірніх обрядах і так висловлюються усі старовіцькі Колядки і Щедрівки. Доказом того є цілий перебіг Святої Вечері. Є це високореліґійна пракультурна дія, якою показує нарід свою віру в Бога як Найвище Єство, себе вважає залежним від нього і жертвує йому первенці плодів земних, щоби його ухвалити і ублагати. Отсі жертви, особливо їх предмет, спосіб пожертвовання та їх служивці характеризують без всякого сумніву культурний степень реліґії, яка на Святий Вечер показується. Це є типові образці пракультурні, на причуд вірно збережені народною традицією. Це не лиш історична пам''ятка, але це глибоко прочута народом душевна спадщина, що увійшла атавістично в його життя і мусить мати явний і суспільний вислів; і має його оце в родиннім вогнищі. Служивцями культово-реліґійних актів Святої Вечері є майже рівнорядно Господар і Господиня; а щонайменше, є Господиня при тих діях духовною помічницею з службовим характером. Бере в них ділову участь часом і дехто з рідні і це дає доказ, що до участі в шануванні є покликана уся рідня. (За працею: о. Ксенофонт Сосенко. "Культурно-історична постать Староукраїнськиx свят Різдва і Щедрого Вечора". Львів, 1928. - СІНТО, Київ 1994. 343с.) У піснях зложив нарід свою сповідь, відкрив свою душу, виявив свободолюбні змаганя та зобразив вірно свою вдачу. Через народні піснї вчимо ся пізнавати людську душу, учимо ся розуміти і любити людей та цінити в кожній людині те, що в нїй є людського. Народні піснї — се неначе національна біблїя українсько-руського народу, се книга мудрости, у якій зложив нарід плоди свого довговікового досвіду. Християньске духовенство в інтересї церкви старало ся викоріняти серед народу давну віру, заказуючи і виклинаючи стародавні обрядові піснї, як "бісовскія пінія" або приноровлюючи сї піснї до християньских сьвятих і празників. (Ст. Дубравський: Біблія Українського народу) Листки з приводу цієї Пісні: Українське Свято Воведення 4.12 - Передріздвяний Святочний час. Первовічна Павутинка: Ой як то було з Початку Світа Стежки до листків про Українські традиції.','Ой грало Море в Неділю рано
Приспів: Дай, Боже!

А серед Моря стоїть Сосниця
На тій Сосноньці Три Голубоньки
Три Голубоньки радоньку радять
Радоньку радять як Світ сновати
Що Перший голуб в Море й упірнав
Виніс він з Моря Золотий камінь
Що Другий голуб в Море й упірнав
Виніс він з Моря Срібляний камінь
Що Третій голуб в Море й упірнав
Виніс він з Моря Мідяний камінь
Що з Золотого Сонце постане
А з Срібляного Ясен Місячик
А з Мідяного Дрібні Зірочки','["pisni.org.ua", "cat:kolyadky", "cat:krasa-pryrody", "cat:shchedrivky", "Колядки", "Пісні про красу природи", "Щедрівки"]',1,'published',COALESCE((SELECT created_at FROM songs WHERE id='pisniua_415939'), datetime('now')),datetime('now'));
INSERT OR REPLACE INTO songs_fts(song_id,title,lyrics) VALUES ('pisniua_415939','Ой грало Море в Неділю рано','Ой грало Море в Неділю рано
Приспів: Дай, Боже!

А серед Моря стоїть Сосниця
На тій Сосноньці Три Голубоньки
Три Голубоньки радоньку радять
Радоньку радять як Світ сновати
Що Перший голуб в Море й упірнав
Виніс він з Моря Золотий камінь
Що Другий голуб в Море й упірнав
Виніс він з Моря Срібляний камінь
Що Третій голуб в Море й упірнав
Виніс він з Моря Мідяний камінь
Що з Золотого Сонце постане
А з Срібляного Ясен Місячик
А з Мідяного Дрібні Зірочки');
INSERT OR REPLACE INTO song_links (id,song_id,title,url,kind,version_id,sort_order) VALUES ('pisniua_415939_l1','pisniua_415939','YouTube','https://www.youtube.com/watch?v=jTH7U5yqKPM','video',NULL,1);
INSERT OR REPLACE INTO songs (id,title,subtitle,lang,country,period,year,source,notes,lyrics,tags_json,lang_locked,status,created_at,updated_at) VALUES ('pisniua_416032','Човен хитається серед Води','Музика: Роман Купчинський Слова: Роман Купчинський. Виконує: Дмитро Гнатюк','uk','ukrainian_peoples_republic_1917_1921',NULL,'1917','1. Пісні Українських Січових Стрільців. Львів, Вільна Україна, 1990. 2. У мандри. Збірник українських пісень для пластової молоді. - Мельбурн - Аделаїда, 1981. 3. Ой у лузі червона калина. Пісні українських січових стрільців. - Львів: Світ, 1990. 4. Стрілецька Голгофа. - Львів: Каменяр, 1992.','*Первісний варіянт назви та першого рядка заспіву "Човник хитається серед води". Пісня зложена весною 1917 р. над розлитою Ценівкою в Куропатниках коло Бережан, під впливом місячної ночі та тужливих зітхань хор. УСС Василя Соловчука. Акорди підібрано на слух за джерелами 2 і 3, спрощено. Еротика, жарти, забави: Катерини – Калета – Андрія... Гаїлки-Великдень... Зелені Свята... Івана Купала... Весілля... – Щедровечірнє й Новорічне: Маланки-Василь. Коза. Кіт... – Мед і Ябка... Правой ручкою обняла ще й поцілувала. Чом в Тебе Дівчино уста солоденькі — Щоб їх цілував Мій Милесенький. Ой не годен пан Каньовський мене цілувати. Підбір акордів: bohdanko (pisni.org.ua)','Човен хитається серед води,*
Плеще об хвилю весло.
В місячнім сяйві біліють сади,
Здалека видно село.

Люба дівчино прийди, прийди,   |
Забудем деннеє зло.            | (2)

Човен по воді
Вихитується,
Козак дівчини
Випитується:

- Чом в тебе, дівчино,
Уста солоденькі?
- Щоб їх цілував
Мій милесенький.

Човен хитається серед води,
Тільки одні комиші.
З вітром жартуючи на всі лади,
Ворушать тишу ночі.

Люба дівчино прийди, прийди,   |
Дати розраду душі.             | (2)

Човен по воді
Вихитується,
Козак дівчини
Випитується:

- Чом в тебе, дівчино,
Очка чорнесенькі?
- Від темної нічки,
Мій милесенький.

Акорди:

F
Човен хитається серед води,
Плеще об хвилю весло.
F
В місячнім сяйві біліють сади,
Здалека видно село.
Люба дівчино прийди, прийди,   |
Забудем деннеє зло.            | (2)
Човен по воді вихитується,
Козак дівчини випитується:
- Чом в тебе, дівчино,
Уста солоденькі?
- Щоб їх цілував
F
Мій милесенький.','["pisni.org.ua", "cat:dances", "cat:krasa-pryrody", "cat:strilecki", "cat:waltzes", "Пісні до танцю", "Пісні про красу природи", "Стрілецькі пісні", "Вальси"]',1,'published',COALESCE((SELECT created_at FROM songs WHERE id='pisniua_416032'), datetime('now')),datetime('now'));
INSERT OR REPLACE INTO songs_fts(song_id,title,lyrics) VALUES ('pisniua_416032','Човен хитається серед Води','Човен хитається серед води,*
Плеще об хвилю весло.
В місячнім сяйві біліють сади,
Здалека видно село.

Люба дівчино прийди, прийди,   |
Забудем деннеє зло.            | (2)

Човен по воді
Вихитується,
Козак дівчини
Випитується:

- Чом в тебе, дівчино,
Уста солоденькі?
- Щоб їх цілував
Мій милесенький.

Човен хитається серед води,
Тільки одні комиші.
З вітром жартуючи на всі лади,
Ворушать тишу ночі.

Люба дівчино прийди, прийди,   |
Дати розраду душі.             | (2)

Човен по воді
Вихитується,
Козак дівчини
Випитується:

- Чом в тебе, дівчино,
Очка чорнесенькі?
- Від темної нічки,
Мій милесенький.

Акорди:

F
Човен хитається серед води,
Плеще об хвилю весло.
F
В місячнім сяйві біліють сади,
Здалека видно село.
Люба дівчино прийди, прийди,   |
Забудем деннеє зло.            | (2)
Човен по воді вихитується,
Козак дівчини випитується:
- Чом в тебе, дівчино,
Уста солоденькі?
- Щоб їх цілував
F
Мій милесенький.');
INSERT OR REPLACE INTO song_links (id,song_id,title,url,kind,version_id,sort_order) VALUES ('pisniua_416032_l1','pisniua_416032','YouTube','https://www.youtube.com/watch?v=avR9GadB4lA','video',NULL,1);
INSERT OR REPLACE INTO song_links (id,song_id,title,url,kind,version_id,sort_order) VALUES ('pisniua_416032_l2','pisniua_416032','YouTube','https://www.youtube.com/watch?v=UfzR8zo27-4','video',NULL,2);
INSERT OR REPLACE INTO song_links (id,song_id,title,url,kind,version_id,sort_order) VALUES ('pisniua_416032_l3','pisniua_416032','YouTube','https://www.youtube.com/watch?v=ygRkHXtkkf4','video',NULL,3);
INSERT OR REPLACE INTO song_links (id,song_id,title,url,kind,version_id,sort_order) VALUES ('pisniua_416032_l4','pisniua_416032','YouTube','https://www.youtube.com/watch?v=rv0G7FaypcM','video',NULL,4);
INSERT OR REPLACE INTO songs (id,title,subtitle,lang,country,period,year,source,notes,lyrics,tags_json,lang_locked,status,created_at,updated_at) VALUES ('pisniua_4162838','Орли залізних легіонів','Українська народна пісня','uk','ukraine_before_1917',NULL,NULL,NULL,'Переклад пісні "Орел шестого легиона" виконаний Юрком Заруцьким','Хай я упав під Ахероном,
Й кістки мої віддали псам
Та птах з хоругви легіону,
Орел з хоругви легіону
І далі рветься в небеса.

Він рветься в бій, як меч двосічний,
Ідуть маніпули за ним
Солдатський шлях недовговічний,
Солдатський шлях земний не вічний,
Та вічний Рим, та вічний Рим!

Під палестинським небом пізнім,
Біля сірійських берегів,
Маніпул римських тупіт грізний
Маніпул римських тупіт грізний
Завмерти змусить ворогів

ВАРІАНТ:
Під палестинським спраглим небом,
Біля сірійських берегів,
Ми попередженням "Quos ego!
Лиш попередженням "Quos ego!
Завмерти змусим ворогів

Піт, кров, мозолі - все нам в радість!
На рани плюнь! Є лік - вино!
Віддав наказ Тиберій Август,
Нам дав наказ Тиберій Август!
Помри та виконай його!

Горів в пісках Єрусалиму,
Біля Єфрату втратив сон.
В честь імператора та Риму,
В честь імператора та Риму
Крокує шостий легіон

Від Африки до Альбіону,
Вже тінь накрила й Херсонес -
Орел з хоругви легіону,
Орел з хоругви легіону
Летить під куполом небес

Неспокій знову на кордонах,
Над Римом блискавок гроза.
Орли могутніх легіонів,
Орли залізних легіонів
Злітають гордо в небеса.','["pisni.org.ua", "cat:istorychni", "Історичні пісні"]',1,'published',COALESCE((SELECT created_at FROM songs WHERE id='pisniua_4162838'), datetime('now')),datetime('now'));
INSERT OR REPLACE INTO songs_fts(song_id,title,lyrics) VALUES ('pisniua_4162838','Орли залізних легіонів','Хай я упав під Ахероном,
Й кістки мої віддали псам
Та птах з хоругви легіону,
Орел з хоругви легіону
І далі рветься в небеса.

Він рветься в бій, як меч двосічний,
Ідуть маніпули за ним
Солдатський шлях недовговічний,
Солдатський шлях земний не вічний,
Та вічний Рим, та вічний Рим!

Під палестинським небом пізнім,
Біля сірійських берегів,
Маніпул римських тупіт грізний
Маніпул римських тупіт грізний
Завмерти змусить ворогів

ВАРІАНТ:
Під палестинським спраглим небом,
Біля сірійських берегів,
Ми попередженням "Quos ego!
Лиш попередженням "Quos ego!
Завмерти змусим ворогів

Піт, кров, мозолі - все нам в радість!
На рани плюнь! Є лік - вино!
Віддав наказ Тиберій Август,
Нам дав наказ Тиберій Август!
Помри та виконай його!

Горів в пісках Єрусалиму,
Біля Єфрату втратив сон.
В честь імператора та Риму,
В честь імператора та Риму
Крокує шостий легіон

Від Африки до Альбіону,
Вже тінь накрила й Херсонес -
Орел з хоругви легіону,
Орел з хоругви легіону
Летить під куполом небес

Неспокій знову на кордонах,
Над Римом блискавок гроза.
Орли могутніх легіонів,
Орли залізних легіонів
Злітають гордо в небеса.');
INSERT OR REPLACE INTO songs (id,title,subtitle,lang,country,period,year,source,notes,lyrics,tags_json,lang_locked,status,created_at,updated_at) VALUES ('pisniua_4159939','Цвіте чершнями життя','Музика: Євген Шантир Слова: Євген Шантир. Виконує: Євген Шантир','uk','ukraine_1991',NULL,NULL,NULL,'Альбом: Збірка пісень "КОРАБЛИК"','Сьогодні з нами вже весна,
Неначе дівчина вродлива,
Така ж приваблива вона,
До того ж зовсім не спесива!
Цвіте черешнями життя,
Хвилює квітами бажання,
І невгамовні почуття
В душі народжують кохання!

Гуляють пари навесні
І солов''ї в гаях співають,
Нам поцілунки чарівні
Щасливу долю обіцяють!
Цвіте черешнями життя,
Хвилює квітами бажання,
І невгамовні почуття
В душі народжують кохання!

В садах кружляють пелюстки
І нас вітають зі святами,
Прийшла весна і залюбки
Танцює вальси білі з нами!
Цвіте черешнями життя,
Хвилює квітами бажання,
І невгамовні почуття
В душі народжують кохання!','["pisni.org.ua", "cat:romansy", "Романси"]',1,'published',COALESCE((SELECT created_at FROM songs WHERE id='pisniua_4159939'), datetime('now')),datetime('now'));
INSERT OR REPLACE INTO songs_fts(song_id,title,lyrics) VALUES ('pisniua_4159939','Цвіте чершнями життя','Сьогодні з нами вже весна,
Неначе дівчина вродлива,
Така ж приваблива вона,
До того ж зовсім не спесива!
Цвіте черешнями життя,
Хвилює квітами бажання,
І невгамовні почуття
В душі народжують кохання!

Гуляють пари навесні
І солов''ї в гаях співають,
Нам поцілунки чарівні
Щасливу долю обіцяють!
Цвіте черешнями життя,
Хвилює квітами бажання,
І невгамовні почуття
В душі народжують кохання!

В садах кружляють пелюстки
І нас вітають зі святами,
Прийшла весна і залюбки
Танцює вальси білі з нами!
Цвіте черешнями життя,
Хвилює квітами бажання,
І невгамовні почуття
В душі народжують кохання!');
INSERT OR REPLACE INTO songs (id,title,subtitle,lang,country,period,year,source,notes,lyrics,tags_json,lang_locked,status,created_at,updated_at) VALUES ('pisniua_41634','Веселий день нам настав','Українська народна пісня','uk','ukraine_before_1917',NULL,NULL,'А вже весна скресла. Збірник гаївок. Львів, 2003.',NULL,'Веселий день нам настав,
Ісус Христос з гроба устав.
А ми ся радуємо,
Гаївки си зачнемо.

Гаївка із Кийова,
Писала гетьманова,
Писала, друкувала,
По краю розіслала.
Основна мелодія','["pisni.org.ua", "cat:vesnyanky-hayivky", "Веснянки та гаївки"]',1,'published',COALESCE((SELECT created_at FROM songs WHERE id='pisniua_41634'), datetime('now')),datetime('now'));
INSERT OR REPLACE INTO songs_fts(song_id,title,lyrics) VALUES ('pisniua_41634','Веселий день нам настав','Веселий день нам настав,
Ісус Христос з гроба устав.
А ми ся радуємо,
Гаївки си зачнемо.

Гаївка із Кийова,
Писала гетьманова,
Писала, друкувала,
По краю розіслала.
Основна мелодія');
INSERT OR REPLACE INTO songs (id,title,subtitle,lang,country,period,year,source,notes,lyrics,tags_json,lang_locked,status,created_at,updated_at) VALUES ('pisniua_4159736','Василиха **','Українська народна пісня. Виконує: Фольклорний ансамбль села Межирич','uk','ukraine_before_1917',NULL,NULL,'Фольклорний архів ансамблю "Божичі". Запис в с.Межирич (Маврино) Павлоградського р-ну Дніпропетровської обл. 22.04.1992 Касета 5',NULL,'Василь добрий, Василь добрий,
Василиха лиха,
Вже пожала всю пшеницю,
Йде до дому стиха.

Як вижала пшеницю
Новими серпами,
А приходить до домоньку:
П''є милий з кумами.

Годі тобі, мій миленький,
Із кумами пити,
А поїхали у поле
Пшеницю возити.

Перевіз Василь із поля
Вже усю пшеницю,
Купив Василь Василисі
Зелену спідницю.

Як виходжу на улицю,
Сидять молодиці,
Сюда-туда повернуся
В зеленій спідниці','["pisni.org.ua", "cat:arkhiv-bozhychi", "Фольклорний архів анс. \"Божичі\""]',1,'published',COALESCE((SELECT created_at FROM songs WHERE id='pisniua_4159736'), datetime('now')),datetime('now'));
INSERT OR REPLACE INTO songs_fts(song_id,title,lyrics) VALUES ('pisniua_4159736','Василиха **','Василь добрий, Василь добрий,
Василиха лиха,
Вже пожала всю пшеницю,
Йде до дому стиха.

Як вижала пшеницю
Новими серпами,
А приходить до домоньку:
П''є милий з кумами.

Годі тобі, мій миленький,
Із кумами пити,
А поїхали у поле
Пшеницю возити.

Перевіз Василь із поля
Вже усю пшеницю,
Купив Василь Василисі
Зелену спідницю.

Як виходжу на улицю,
Сидять молодиці,
Сюда-туда повернуся
В зеленій спідниці');
INSERT OR REPLACE INTO songs (id,title,subtitle,lang,country,period,year,source,notes,lyrics,tags_json,lang_locked,status,created_at,updated_at) VALUES ('pisniua_4160838','На Чорному морі хвиля грала','Українська народна пісня. Виконує: Остап Кіндрачук','uk','ukraine_before_1917',NULL,NULL,'Остап Кіндрачук',NULL,'На Чорному морі хвиля грала,
Там турецький корабличок розбивала. | (2)

Гей, турецький корабель розбивала —
Сорок тисяч козаченьків визволяла.  | (2)

Сорок тисяч козаків з України
Вертаються з неволеньки до родини.  | (2)

Гей, вони посідали на могилі,
Викресали вогнику та й закурили.    | (2)

Гей, на Чорному морі хвиля грала,
Там турецький корабличок розбивала —
Сорок тисяч козаченьків визволяла.','["pisni.org.ua", "cat:kozacki", "Козацькі пісні"]',1,'published',COALESCE((SELECT created_at FROM songs WHERE id='pisniua_4160838'), datetime('now')),datetime('now'));
INSERT OR REPLACE INTO songs_fts(song_id,title,lyrics) VALUES ('pisniua_4160838','На Чорному морі хвиля грала','На Чорному морі хвиля грала,
Там турецький корабличок розбивала. | (2)

Гей, турецький корабель розбивала —
Сорок тисяч козаченьків визволяла.  | (2)

Сорок тисяч козаків з України
Вертаються з неволеньки до родини.  | (2)

Гей, вони посідали на могилі,
Викресали вогнику та й закурили.    | (2)

Гей, на Чорному морі хвиля грала,
Там турецький корабличок розбивала —
Сорок тисяч козаченьків визволяла.');
INSERT OR REPLACE INTO song_links (id,song_id,title,url,kind,version_id,sort_order) VALUES ('pisniua_4160838_l1','pisniua_4160838','Переглянути варіанти >>','https://www.pisni.org.ua/#variants','external',NULL,1);
INSERT OR REPLACE INTO songs (id,title,subtitle,lang,country,period,year,source,notes,lyrics,tags_json,lang_locked,status,created_at,updated_at) VALUES ('pisniua_4159889','Приймачище','Українська народна пісня. Виконує: Фольклорний ансамбль села Межирич','uk','ukraine_before_1917',NULL,NULL,'Фольклорний архів ансамблю "Божичі". Запис в с.Межирич (Маврино) Павлоградського р-ну Дніпропетровської обл. 22.04.1992 Касета 5',NULL,'Як зацвіла черемшина
Біля перелазу,
Добре жилось приймакові
По первому разу.

Приспів:
Цвіте, цвіте черемшина,
Ягідок не має,
А хто в приймах не бував,
Той горя не знає.

А ще півні не співали
І ще й не світає,
А вже теща приймака
В поле виряджає.

Приспів.

Вирядила теща зятя
У поле орати
Та й не дала приймакові
Хліба й сала взяти.

Приспів.

Оре приймак, оре приймак,
Назад поглядає,
Чужі жінки обід несуть,
А мої не має.

Приспів.

Їде приймак, їде приймак,
В сопілочку свище,
Ховай, доню, вареники,
Їде приймачище.

Приспів.

Тільки зайшов приймак в хату,
Ще не вспів і сісти,
Теща дає відра:
Неси свиням їсти.

Приспів.

Щоб ті свині поздихали
І хата згоріла,
Ой, як мені приймацькеє
Життя надоїло.

Приспів','["pisni.org.ua", "cat:arkhiv-bozhychi", "Фольклорний архів анс. \"Божичі\""]',1,'published',COALESCE((SELECT created_at FROM songs WHERE id='pisniua_4159889'), datetime('now')),datetime('now'));
INSERT OR REPLACE INTO songs_fts(song_id,title,lyrics) VALUES ('pisniua_4159889','Приймачище','Як зацвіла черемшина
Біля перелазу,
Добре жилось приймакові
По первому разу.

Приспів:
Цвіте, цвіте черемшина,
Ягідок не має,
А хто в приймах не бував,
Той горя не знає.

А ще півні не співали
І ще й не світає,
А вже теща приймака
В поле виряджає.

Приспів.

Вирядила теща зятя
У поле орати
Та й не дала приймакові
Хліба й сала взяти.

Приспів.

Оре приймак, оре приймак,
Назад поглядає,
Чужі жінки обід несуть,
А мої не має.

Приспів.

Їде приймак, їде приймак,
В сопілочку свище,
Ховай, доню, вареники,
Їде приймачище.

Приспів.

Тільки зайшов приймак в хату,
Ще не вспів і сісти,
Теща дає відра:
Неси свиням їсти.

Приспів.

Щоб ті свині поздихали
І хата згоріла,
Ой, як мені приймацькеє
Життя надоїло.

Приспів');
INSERT OR REPLACE INTO songs (id,title,subtitle,lang,country,period,year,source,notes,lyrics,tags_json,lang_locked,status,created_at,updated_at) VALUES ('pisniua_4163838','Я вірю','Музика: Павло Мрежук Слова: Вадим Крищенко. Виконує: Павло Мрежук','uk','ukraine_1991',NULL,NULL,'Книга: Крищенко В. Д. Усі ми прагнемо любові: Пісні.-Київ:ВіРА ІНСАЙТ-2003',NULL,'Несу я вам, друзі,
У радості й тузі
На вірі настояний спів.
Бо доля не хоче
Лиш мружити очі,
А просить просвітленних слів.
Несу я вам, браття
Для щастя й завзяття
Ранкових мелодій красу.
Усе, що я маю
Від батька і мами,-
Для вас, добрі люди, несу.

Приспів:
Я чую,
Як радості пісня із наших надій вирина.
Я знаю-
В цій пісні звучить і моєї любові струна.
Я хочу,
Щоб пісня привітна лягла всім на щирі вуста.
Я вірю,
Що світ заясниться, коли є любов й доброта.

Давайте співати,
Щоб в серці і в хаті
Зневіри розсіялась мла.
Давайте радіти,
Сміятись, як діти,-
І в світі поменшає зла.
Тож будьте щасливі
І юні, і сиві,
Хто разом і хто в самоті.
А пісня завзята,
На сонце багата,
Хай нам допоможе в житті.

Приспів.','["pisni.org.ua", "cat:pisni", "Пісні про пісню"]',1,'published',COALESCE((SELECT created_at FROM songs WHERE id='pisniua_4163838'), datetime('now')),datetime('now'));
INSERT OR REPLACE INTO songs_fts(song_id,title,lyrics) VALUES ('pisniua_4163838','Я вірю','Несу я вам, друзі,
У радості й тузі
На вірі настояний спів.
Бо доля не хоче
Лиш мружити очі,
А просить просвітленних слів.
Несу я вам, браття
Для щастя й завзяття
Ранкових мелодій красу.
Усе, що я маю
Від батька і мами,-
Для вас, добрі люди, несу.

Приспів:
Я чую,
Як радості пісня із наших надій вирина.
Я знаю-
В цій пісні звучить і моєї любові струна.
Я хочу,
Щоб пісня привітна лягла всім на щирі вуста.
Я вірю,
Що світ заясниться, коли є любов й доброта.

Давайте співати,
Щоб в серці і в хаті
Зневіри розсіялась мла.
Давайте радіти,
Сміятись, як діти,-
І в світі поменшає зла.
Тож будьте щасливі
І юні, і сиві,
Хто разом і хто в самоті.
А пісня завзята,
На сонце багата,
Хай нам допоможе в житті.

Приспів.');
INSERT OR REPLACE INTO songs (id,title,subtitle,lang,country,period,year,source,notes,lyrics,tags_json,lang_locked,status,created_at,updated_at) VALUES ('pisniua_4165230','Вічний вогонь','Музика: Ігор Білозір Слова: Вадим Крищенко. Виконує: Оксана Білозір','uk','ukraine_1991',NULL,NULL,'Книга: Крищенко В. Д. Усі ми прагнемо любові: Пісні.-Київ:ВіРА ІНСАЙТ-2003',NULL,'Скотилась на щоку сльоза неждано,
Та я її ні в чому не виню.
Моя печаль, мої глибокі рани
Схиляються до Вічного вогню.
Знов оживають постаті і дати,
Немов назад прокручується час.
А пам''ять просить знову пригадати
Близьких та рідних, що нема між нас.

Приспів:
Вічний вогонь, Вічний вогонь
Щирих сердець, незрадливих долонь.
Вічний вогонь, Вічний вогонь
Полум''ям білим торкається скронь.
Вічний вогонь.

Задума сивини спитати хоче
Про мужність ту, що славила борню.
І синє небо нахиляє очі
До віщого бентежного вогню.
Минають дні, та згадка не минеться,
І не щезають болі та жалі...
Всіх поіменно називає серце
Від імені вкраїнської землі.

Приспів.','["pisni.org.ua", "cat:viyskovi", "Пісні на військову тематику"]',1,'published',COALESCE((SELECT created_at FROM songs WHERE id='pisniua_4165230'), datetime('now')),datetime('now'));
INSERT OR REPLACE INTO songs_fts(song_id,title,lyrics) VALUES ('pisniua_4165230','Вічний вогонь','Скотилась на щоку сльоза неждано,
Та я її ні в чому не виню.
Моя печаль, мої глибокі рани
Схиляються до Вічного вогню.
Знов оживають постаті і дати,
Немов назад прокручується час.
А пам''ять просить знову пригадати
Близьких та рідних, що нема між нас.

Приспів:
Вічний вогонь, Вічний вогонь
Щирих сердець, незрадливих долонь.
Вічний вогонь, Вічний вогонь
Полум''ям білим торкається скронь.
Вічний вогонь.

Задума сивини спитати хоче
Про мужність ту, що славила борню.
І синє небо нахиляє очі
До віщого бентежного вогню.
Минають дні, та згадка не минеться,
І не щезають болі та жалі...
Всіх поіменно називає серце
Від імені вкраїнської землі.

Приспів.');
INSERT OR REPLACE INTO song_links (id,song_id,title,url,kind,version_id,sort_order) VALUES ('pisniua_4165230_l1','pisniua_4165230','YouTube','https://www.youtube.com/watch?v=azhFEBWr8GQ','video',NULL,1);
INSERT OR REPLACE INTO songs (id,title,subtitle,lang,country,period,year,source,notes,lyrics,tags_json,lang_locked,status,created_at,updated_at) VALUES ('pisniua_416137','Ци Ти Дома Гречний Пане','Українська народна пісня','uk','ukraine_before_1917',NULL,NULL,'Староукраїнські релігійні роздуми про Бога © Видавництво "Павутинонька", Нью Йорк – Львів – Київ – Харків – Москва, 2004','РОЗСПІВ: Ци- Ти-и- До-ма- Греч-ни-ий- Па-не- Дай- Бо-о-же- Ци- Ти-и- До-ма- Греч-ни-ий- Па-не- Дай- Бо-же- Колядка стародавня: Українське Різдво Світа. Рай розвився Господь звеселився. Буде в Тебе Господь на Вечері. Радуйся Земле Коляда їде! Ой там виxодило та Три Товариші. Чи Думу дума Пан Господар! Колядки й Щедрівки: первісна Українська культура й реліґія. Коляда й Щедрий Вечер як самостійні Староукраїнські Свята тривають досі від непам''ятних часів у виді людових Святочних обрядів та містерій — і мають свій особливий вислів у Святочних піснях: Колядках та Щедрівках. Дають оці Святочні пісні найправдивіший і найповніший образ Староукраїнської реліґійної ідеольогії та висвітлюють дійсний зміст Свят Коляди й Щедрого Вечера. Що більше — вони приявляють і найбільше первісну Українську культуру й реліґію і, судячи по ріжним признакам, автохтонну Українську; коли тимчасом Різдвяні обряди й містерії мають багато напливових елементів з чужих культур, а в великій мірі з обрядів християнської Церкви, основаних на перед-християнських культурних традиціях. Колядки й Щедрівки є дуже давніми чисто Українськими словесними творами, а не літературно занесеними з інших культурних сфер на Україну. Вони містять в собі такі поважні питання Старинної реліґії, з виразними признаками Української ориґінальности; вони зберігають і Старинні суспільні й господарські проблеми, — і видно в них так наглядно історичний культурний розвиток ідей, які вони висловлюють, що вплив чужої ідеольогії на Колядки й Щедрівки являється дуже малим. Колядки й Щедрівки будуть предметом і окремого, основного, досліду в цій праці, але передовсім будуть вони ужиті як пояснюючий і доказовий матеріял про ідеольоґію Свят та їх обрядів. Замітити однакож належить, що Колядок і Щедрівок не співають при ніяких Святочних обрядах як сакральні пісні, молитви або фрази, а лиш вільно і свобідно для збудження і вдержання Святочних настроїв. Це, на мою думку, зовсім природно, бо Староукраїнські свята приявляються нам зовсім первісними або й пракультурними культово-реліґійними маніфестаціями (явищами), при яких церковно-реліґійні прийоми, з сакральними піснями і фразами не можуть мати місця. Фактом є, що в Святах Коляди й Щедрого Вечера виявлюється Староукраїнська культура в великій силі, — як ідейним змістом Свят, так і висловами Святочних пісень; і по друге: що ці Свята, — якраз задля великої в них життєвої правди й сили тої Староукраїнської культури, — задержує нарід уперто та мимо існування на Україні християнської віри, святкує їх рівночасно й паралельно з християнськими святами Різдва Христового й Богоявління. (За працею: о. Ксенофонт Сосенко. "Культурно-історична постать Староукраїнськиx свят Різдва і Щедрого Вечора". Львів, 1928. - СІНТО, Київ 1994. 343с.) Читати листки з приводу цієї Пісні: Ідея Бога на Свят-Вечер. Бог, Різдво Світа, Дідух і Лицарі. Українські релігійні роздуми про Бога: Яблучко. Св. Микола 19.12 – Народний речник перед Богом і Прадід. Стежки до інших листків про Українські традиції.','Ци Ти Дома Гречний Пане
Приспів: Дай Боже!
Кожна стрічка з приспівом співається двічі.

Ой я знаю що є в Дома
Сидить собі Конець Стола
Коло Його Жена Його
Коло Неї Дітки Її
А їсть Кутю Пшеничную
А п''є Воду Кринишную','["pisni.org.ua", "cat:druzhba", "Пісні про дружбу"]',1,'published',COALESCE((SELECT created_at FROM songs WHERE id='pisniua_416137'), datetime('now')),datetime('now'));
INSERT OR REPLACE INTO songs_fts(song_id,title,lyrics) VALUES ('pisniua_416137','Ци Ти Дома Гречний Пане','Ци Ти Дома Гречний Пане
Приспів: Дай Боже!
Кожна стрічка з приспівом співається двічі.

Ой я знаю що є в Дома
Сидить собі Конець Стола
Коло Його Жена Його
Коло Неї Дітки Її
А їсть Кутю Пшеничную
А п''є Воду Кринишную');
INSERT OR REPLACE INTO songs (id,title,subtitle,lang,country,period,year,source,notes,lyrics,tags_json,lang_locked,status,created_at,updated_at) VALUES ('pisniua_4166232','Новорічний сон','Музика: Володимир Кузнєцов Слова: Вадим Крищенко. Виконує: Гурт Дзвони','uk','ukraine_1991',NULL,NULL,'Книга: Крищенко В. Д. Усі ми прагнемо любові: Пісні.-Київ:ВіРА ІНСАЙТ-2003',NULL,'Навколо сріблясто від снігу і мрій,
І ти біля мене у шалі своїй,
І сані несуть нас у ніч новорічну.
Так солодко-солодко, щемко й незвично.

Приспів:
Новорічний сон, новорічна ніч,
Мов ясна зоря, що летить навстріч.
Новорічеа ніч - тільки я і ти,
І сніги, сніги - на усі світи.

Копита об лід, гей, чеканно звучали,
Неначе з вином кришталеві бокали,
І ти притулялася до мене щокою,
Бо коні летіли стрілою швидкою.

Приспів.

І раптом все щезло...Один у кімнаті,
За вікнами осені барви строкаті.
А сани, і шаль, і сріблясте волосся -
Це все я придумав... Це тільки здалося.

Приспів.','["pisni.org.ua", "cat:new-year", "Пісні про Новий Рік"]',1,'published',COALESCE((SELECT created_at FROM songs WHERE id='pisniua_4166232'), datetime('now')),datetime('now'));
INSERT OR REPLACE INTO songs_fts(song_id,title,lyrics) VALUES ('pisniua_4166232','Новорічний сон','Навколо сріблясто від снігу і мрій,
І ти біля мене у шалі своїй,
І сані несуть нас у ніч новорічну.
Так солодко-солодко, щемко й незвично.

Приспів:
Новорічний сон, новорічна ніч,
Мов ясна зоря, що летить навстріч.
Новорічеа ніч - тільки я і ти,
І сніги, сніги - на усі світи.

Копита об лід, гей, чеканно звучали,
Неначе з вином кришталеві бокали,
І ти притулялася до мене щокою,
Бо коні летіли стрілою швидкою.

Приспів.

І раптом все щезло...Один у кімнаті,
За вікнами осені барви строкаті.
А сани, і шаль, і сріблясте волосся -
Це все я придумав... Це тільки здалося.

Приспів.');
INSERT OR REPLACE INTO song_links (id,song_id,title,url,kind,version_id,sort_order) VALUES ('pisniua_4166232_l1','pisniua_4166232','YouTube','https://www.youtube.com/watch?v=vsCCR6F8aq0','video',NULL,1);
INSERT OR REPLACE INTO songs (id,title,subtitle,lang,country,period,year,source,notes,lyrics,tags_json,lang_locked,status,created_at,updated_at) VALUES ('pisniua_4166481','Це з нами назавжди','Музика: В. Філіпенко Слова: Вадим Крищенко. Виконує: Віталій Білоножко','uk','ukraine_1991',NULL,NULL,'Книга: Крищенко В. Д. Усі ми прагнемо любові: Пісні.-Київ:ВіРА ІНСАЙТ-2003',NULL,'Крізь літа тополиних завій
Чую вас я, учителю мій.
Перший дзвоник і перші слова -
З далини пам''ять знов ожива.

Приспів:
Озовися, пам''ять, озовися,
До шкільних начал нас приведи.
Це далеко так - в краю дитинства,
І усе ж - це з нами назавжди.

Ой шкільна незабутня пора,
Шелестять сторінки букваря.
І учителя погляд ясний -
Наче ми не прощалися з ним.

Приспів.

Руки вчителя - з добрих умінь,
Щоб краси не завісила тінь.
Очі вчителя - з теплих зірок,
Щоб світився нам вічний урок.

Приспів.','["pisni.org.ua", "cat:shkilni", "Пісні про школу"]',1,'published',COALESCE((SELECT created_at FROM songs WHERE id='pisniua_4166481'), datetime('now')),datetime('now'));
INSERT OR REPLACE INTO songs_fts(song_id,title,lyrics) VALUES ('pisniua_4166481','Це з нами назавжди','Крізь літа тополиних завій
Чую вас я, учителю мій.
Перший дзвоник і перші слова -
З далини пам''ять знов ожива.

Приспів:
Озовися, пам''ять, озовися,
До шкільних начал нас приведи.
Це далеко так - в краю дитинства,
І усе ж - це з нами назавжди.

Ой шкільна незабутня пора,
Шелестять сторінки букваря.
І учителя погляд ясний -
Наче ми не прощалися з ним.

Приспів.

Руки вчителя - з добрих умінь,
Щоб краси не завісила тінь.
Очі вчителя - з теплих зірок,
Щоб світився нам вічний урок.

Приспів.');
INSERT OR REPLACE INTO songs (id,title,subtitle,lang,country,period,year,source,notes,lyrics,tags_json,lang_locked,status,created_at,updated_at) VALUES ('pisniua_4159134','Терен, мати, коло хати *','Українська народна пісня. Виконує: Фольклорний ансамбль села Межирич','uk','ukraine_before_1917',NULL,NULL,'Фольклорний архів ансамблю "Божичі". Запис в с.Межирич (Маврино) Павлоградського р-ну Дніпропетровської обл. 12.08.1993 Касета 3',NULL,'Терен, мати, коло хати,
А цвіту не має,
Сидить голуб на дубочку,
Голубка літає.

Сидить голуб на дубочку,
Голубка літає,
Стоїть козак з дівчиною
Та в неї питає:

Ой, чи будеш, дівчинонько,
За мною журитись,
Як я сяду та й поїду
В чужий край женитись?

Ой, не буду, козаченько,
Не буду, не буду,
Ти за гору, я за другу
Та й думать забуду.

Як виїхав козаченько
За нові ворота,
Вже не брали дівчиноньку
Ні сон, ні робота.

Як виїхав козаченько
За зелені лози,
Полилися в дівчиноньки
Дрібнесенькі сльози.

Як виїхав козаченько
За жовтії піски,
Оглянувся назад себе,
Біжить братік пішки.

Ой, вертайся, мій братику,
Дівчина вмирає,
Буду їхать коня, гнати,
Щоб живу застати','["pisni.org.ua", "cat:arkhiv-bozhychi", "Фольклорний архів анс. \"Божичі\""]',1,'published',COALESCE((SELECT created_at FROM songs WHERE id='pisniua_4159134'), datetime('now')),datetime('now'));
INSERT OR REPLACE INTO songs_fts(song_id,title,lyrics) VALUES ('pisniua_4159134','Терен, мати, коло хати *','Терен, мати, коло хати,
А цвіту не має,
Сидить голуб на дубочку,
Голубка літає.

Сидить голуб на дубочку,
Голубка літає,
Стоїть козак з дівчиною
Та в неї питає:

Ой, чи будеш, дівчинонько,
За мною журитись,
Як я сяду та й поїду
В чужий край женитись?

Ой, не буду, козаченько,
Не буду, не буду,
Ти за гору, я за другу
Та й думать забуду.

Як виїхав козаченько
За нові ворота,
Вже не брали дівчиноньку
Ні сон, ні робота.

Як виїхав козаченько
За зелені лози,
Полилися в дівчиноньки
Дрібнесенькі сльози.

Як виїхав козаченько
За жовтії піски,
Оглянувся назад себе,
Біжить братік пішки.

Ой, вертайся, мій братику,
Дівчина вмирає,
Буду їхать коня, гнати,
Щоб живу застати');
INSERT OR REPLACE INTO song_links (id,song_id,title,url,kind,version_id,sort_order) VALUES ('pisniua_4159134_l1','pisniua_4159134','Переглянути варіанти >>','https://www.pisni.org.ua/#variants','external',NULL,1);
INSERT OR REPLACE INTO songs (id,title,subtitle,lang,country,period,year,source,notes,lyrics,tags_json,lang_locked,status,created_at,updated_at) VALUES ('pisniua_416185','Й а в Лісі в Лісі й а в Медоборі','Українська народна пісня','uk','ukraine_before_1917',NULL,NULL,'Староукраїнські релігійні роздуми про Бога © Видавництво "Павутинонька", Нью Йорк – Львів – Київ – Харків – Москва, 2004','Староукраїнські Колядки і Щедрівки: Святе Різдво (Свято Різдва Світа: Свят-Вечір – Коляда) і Щедрий Вечір (Свято Місяця й Прадіда: Новий Рік ― Святі Водорщі) Сиве Голуб''є, Святе Різдво: Вогонь як Світотворче начало. Піди принеси Святе Різдво. Мене перейшло Сиве Голуб''є. Тому из очий Искри скакали. Блудили Блудці Сімсот Молодців. А всі Святії ослоном сіли Й а в Лісі в Лісі й а в Медоборі Ой Дзяде Дзяде на Твойму Дворі Ой позволь Пан Хазяїн нам Колядочку сказать Там у Нашого Пана Сподара Вибирай си кого любиш. На Городі під Цибулькою сидить Голуб із Голубкою Сидять Святі з Перами промовляють Cловами. Три Гискри впало Три Морі стало. (1) Бо сьвятий Петро ся зосоломив — перелякався РОЗСПІВ 1: Йа- в лі-сі- в лі-сі- йа- в ме-до-бо-рі- Дай- Бо-же- Повторення кожної стрічки: Йа- в лі-сі- в лі-сі- йа- в ме-до-бо-рі- Дай- Бо- РОЗСПІВ 2: Йа- в лі-сі- в лі-сі- йа- в ме-до-бо-рі- Приспів: Свя-тий- Ве-чір- йа- в ме-до-бо-рі- Доб-рий- Ве-чір- йа- в ме-до-бо-рі-','Й а в Лісі в Лісі й а в Медоборі
Блудили Блудці Сімсот Молодців
Приблудилися до цього Двору
До цього Двору тай Веселого

Й а в цього Ґазди двори вметені
Двори вметені столи встелені

Ой по застіллю самі Сьвятії
Самі Сьвятії тай Веселії
Бо й межи ними Одного нема
Й Одного нема - Сьвятого Різдва

Бо й Вони просять сьвятого Петра
Ти сьвятий Петре послужи Нас
Ой послужи Нас на Сяжень Землі
На Сьижінь Землі по Сьвяте Різдво!

Ой пішов Петро по Сьвяте Різдво
Його перейшло Сиве Голуб''є
Бо сьвятий Петро ся зосоломив(1)
Бо й Тому з ирта Поломінь пишла
Ой бо из очий Искри скакали

Ба й сьвятий Петро назад ся вернув
Ой він приxодить межи Сьвятії
Ти сьвятий Петре чого ся вернув
Мене перейшло Сиве Голуб''є
Ой й а того ся тай перепудив
Тому з ирта Поломінь пашет
Тому из очий Искри скакали

Ти сьвятий Петре то Сьвяте Різдво!
Ой ми устаньмо тай уклонімся
Господу Богу тай помолимся

Господу Богу Господареві
Тай уклонімся Його Ґаздині
Ой уклонімся за честь за хвалу
За честь за хвалу за гонор славу
Ба й уклонімся ще і Столові
Ще і Столові сьому Дворові
Ба й із-за хліба ба й пристайліня
Ба й із-за пиття тай доношіня

Вінчуємо Вас многа літами
Многа літами щастям-здоров''ям
Й а би Ви діждали а від сього року
Від сього року що й на другий рік
Й а у цім Домі Гості приймати
В полі вродливо в Дому щасливо
В пасіці рійно а в Дому склінно
А в Дому склінно й а в току буйно

Йа ў Лісі ў Лісі йа ў Медоборі
Блудили Блудцї Сїмсот Молодцїў
Приблудилиси ид цему Двору
До сего Двору тай Веселого

Йа ў цего Ґазди Двори Ўметені
Двори Ўметені Столи Ўстелені
Ой поза Стілю самі Сьитії
Самі Сьитії тай Веселії

Бо й мижи Ними Одного нима
Й Одного нима - Сьитого Різдва
Бо й Они просьи сьитого Петра
Ти сьитий Петре послужи Нас
Ой послужи Нас на Сьижінь Зимлї
На Сьижінь Зимлї по Сьите Різдво!

Ой пишоў Петро по Сьите Різдво
Йиго пирийшло Сиве Голубйе
Бо сьитий Петро ся зосоломив
Бо й Тому з ирта Поломінь пишла
Ой бо из очий Искри скакали

Ба й сьитий Петро назад си вернув
Ой вин приxоди межи Сьитії
Ти сьитий Петре чогос си вернув
Мене пирийшло Сиве Голубйе
Ой йа того си тай перепудив
Тому з ирта Поломінь пашет
Тому из очий Искри скакали

Ти сьитий Петре то Сьите Різдво!
Ой ми устаньмо та й уклонїм си
Господу Богу тай помолїм си
Господу Богу Господареви
Тай уклонїм си Йиго Ґаздини
Ой уклонїм си за чьист за хвалу
За чьисть за хвалу за гонор славу
Ба й уклонїм си шьи и Столови
Шьи и Столови сему Дворови
Ба й из за хліба ба й пристайлїня
Ба й из за питя тай доношіня

Вінчуйимо Вас многа лїтами
Многа лїтами шьистьом здоровйом
Йаби Ви дїждали а від сего року
Від сего року шьи й на другий рік
Йа у цїм Домі Гостї приймати
Ў полі ўродливо ў Дому шьисливо
Ў пасїцї рійно а ў Дому склінно
А ў Дому склінно йа ў току буйно','["pisni.org.ua", "cat:shchedrivky", "Щедрівки"]',1,'published',COALESCE((SELECT created_at FROM songs WHERE id='pisniua_416185'), datetime('now')),datetime('now'));
INSERT OR REPLACE INTO songs_fts(song_id,title,lyrics) VALUES ('pisniua_416185','Й а в Лісі в Лісі й а в Медоборі','Й а в Лісі в Лісі й а в Медоборі
Блудили Блудці Сімсот Молодців
Приблудилися до цього Двору
До цього Двору тай Веселого

Й а в цього Ґазди двори вметені
Двори вметені столи встелені

Ой по застіллю самі Сьвятії
Самі Сьвятії тай Веселії
Бо й межи ними Одного нема
Й Одного нема - Сьвятого Різдва

Бо й Вони просять сьвятого Петра
Ти сьвятий Петре послужи Нас
Ой послужи Нас на Сяжень Землі
На Сьижінь Землі по Сьвяте Різдво!

Ой пішов Петро по Сьвяте Різдво
Його перейшло Сиве Голуб''є
Бо сьвятий Петро ся зосоломив(1)
Бо й Тому з ирта Поломінь пишла
Ой бо из очий Искри скакали

Ба й сьвятий Петро назад ся вернув
Ой він приxодить межи Сьвятії
Ти сьвятий Петре чого ся вернув
Мене перейшло Сиве Голуб''є
Ой й а того ся тай перепудив
Тому з ирта Поломінь пашет
Тому из очий Искри скакали

Ти сьвятий Петре то Сьвяте Різдво!
Ой ми устаньмо тай уклонімся
Господу Богу тай помолимся

Господу Богу Господареві
Тай уклонімся Його Ґаздині
Ой уклонімся за честь за хвалу
За честь за хвалу за гонор славу
Ба й уклонімся ще і Столові
Ще і Столові сьому Дворові
Ба й із-за хліба ба й пристайліня
Ба й із-за пиття тай доношіня

Вінчуємо Вас многа літами
Многа літами щастям-здоров''ям
Й а би Ви діждали а від сього року
Від сього року що й на другий рік
Й а у цім Домі Гості приймати
В полі вродливо в Дому щасливо
В пасіці рійно а в Дому склінно
А в Дому склінно й а в току буйно

Йа ў Лісі ў Лісі йа ў Медоборі
Блудили Блудцї Сїмсот Молодцїў
Приблудилиси ид цему Двору
До сего Двору тай Веселого

Йа ў цего Ґазди Двори Ўметені
Двори Ўметені Столи Ўстелені
Ой поза Стілю самі Сьитії
Самі Сьитії тай Веселії

Бо й мижи Ними Одного нима
Й Одного нима - Сьитого Різдва
Бо й Они просьи сьитого Петра
Ти сьитий Петре послужи Нас
Ой послужи Нас на Сьижінь Зимлї
На Сьижінь Зимлї по Сьите Різдво!

Ой пишоў Петро по Сьите Різдво
Йиго пирийшло Сиве Голубйе
Бо сьитий Петро ся зосоломив
Бо й Тому з ирта Поломінь пишла
Ой бо из очий Искри скакали

Ба й сьитий Петро назад си вернув
Ой вин приxоди межи Сьитії
Ти сьитий Петре чогос си вернув
Мене пирийшло Сиве Голубйе
Ой йа того си тай перепудив
Тому з ирта Поломінь пашет
Тому из очий Искри скакали

Ти сьитий Петре то Сьите Різдво!
Ой ми устаньмо та й уклонїм си
Господу Богу тай помолїм си
Господу Богу Господареви
Тай уклонїм си Йиго Ґаздини
Ой уклонїм си за чьист за хвалу
За чьисть за хвалу за гонор славу
Ба й уклонїм си шьи и Столови
Шьи и Столови сему Дворови
Ба й из за хліба ба й пристайлїня
Ба й из за питя тай доношіня

Вінчуйимо Вас многа лїтами
Многа лїтами шьистьом здоровйом
Йаби Ви дїждали а від сего року
Від сего року шьи й на другий рік
Йа у цїм Домі Гостї приймати
Ў полі ўродливо ў Дому шьисливо
Ў пасїцї рійно а ў Дому склінно
А ў Дому склінно йа ў току буйно');
INSERT OR REPLACE INTO songs (id,title,subtitle,lang,country,period,year,source,notes,lyrics,tags_json,lang_locked,status,created_at,updated_at) VALUES ('pisniua_416634','Дякую','Музика: Гурт "Океан Ельзи" Слова: Гурт "Океан Ельзи". Виконує: Гурт "Океан Ельзи"','uk','ukraine_before_1917',NULL,NULL,'Текст (основа) та аудіо (mp3): http://www.dyakyu.com/song.html','Акорди подано спрощено. Підібрано за електричною версією пісні. Деякі акорди: F7M [x 3 3 2 1 0] C* [x 3 2 0 1 3] D* [x x 4 x 3 2] D** [x x 4 x 3 5] Am/F* [x x 3 5 5 5] Em/5- [x x 2 3 x 3] G7M [x 2 0 0 3 2] Edim [x x 2 3 2 3] Замість Em/5- можна брати Edim. Аудіо (mp3) і відео до пісні є на сайті http://www.dyakyu.com/song.html:) *** Тут в аудіо текст такий: "Дякую тобі, за то, шо ти завжди зі мною..." Підбір акордів: bohdanko','Вступ:  С F7M С F7M

С          F7M          C*            D* D** D*
Дякую тобі,   за те, що ти завжди зі мною,  ***
Am/F*        Em/5-       A             D
І навіть так, як я хотів, і не без бою,
Fm                         C  F7M С F7M
але й без непотрібних слів.

Дякую тобі, за те, що ти завжди зі мною,  ***
і я живу не так як всі, як за стіною,
але з любов''ю на душі.

Програш:
C F7M C* D
Am/F* Em/5- A D
Fm C F7M С F7M

Дякую тобі, за те, що ти завжди зі мною, ***
і може й я твоє дитя, але з тобою
я світу дам нове життя.
D
...але з тобою
F7M                     C
я світу дам нове життя.

Табулатура основної мелодії для гітари:

Lead.guitar (підібрав bohdanko[c]pisni.org.ua)

E||----------------------|-----------------------|----------------------|
H||------------1---------|-------------1---------|------------1---------|
G||-----------------0----|--------0---------0----|-----------------0----|
D||-------2--------------|--2--3-----------------|-------2--------------|
A||--3-------------------|-----------------------|--3-------------------|
E||----------------------|-----------------------|----------------------|

-----------------------|----------------------|--0----------------|
-------------1---------|------------1---------|-------------------|
--------0---------0----|-----------------0----|-------------------|
--2--3-----------------|-------2--------------|-------------------|
-----------------------|--3-------------------|-------------------|

---------------------|------------3----------|------------2h-5--2h-5--|
------------1--------|-----------------1/-3--|-------3----------------|
-------2-------------|-------0---------------|------------------------|
--3------------------|--2--------------------|--4---------------------|

--2----------------|------------5---------|------------3--------|
-------------------|-----------------5----|---------------------|
-------------------|-------5--------------|-------3-------------|
-------------------|--3-------------------|--2------------------|

--0---------3---------|--5----------------|-----------------2----|
-------2---------5----|-------------------|------------3---------|
-------2---------6----|-------------------|-------2--------------|
----------------------|-------------------|--0-------------------|
--0-------------------|-------------------|----------------------|

-----------------------|-----------------1----|------------------||
-----------------------|------------1---------|------------------||
------0-2h0------------|-------1--------------|------------------||
-------------4----0----|--3-------------------|------------------||','["pisni.org.ua", "cat:lirychni", "Пісні про кохання, ліричні"]',1,'published',COALESCE((SELECT created_at FROM songs WHERE id='pisniua_416634'), datetime('now')),datetime('now'));
INSERT OR REPLACE INTO songs_fts(song_id,title,lyrics) VALUES ('pisniua_416634','Дякую','Вступ:  С F7M С F7M

С          F7M          C*            D* D** D*
Дякую тобі,   за те, що ти завжди зі мною,  ***
Am/F*        Em/5-       A             D
І навіть так, як я хотів, і не без бою,
Fm                         C  F7M С F7M
але й без непотрібних слів.

Дякую тобі, за те, що ти завжди зі мною,  ***
і я живу не так як всі, як за стіною,
але з любов''ю на душі.

Програш:
C F7M C* D
Am/F* Em/5- A D
Fm C F7M С F7M

Дякую тобі, за те, що ти завжди зі мною, ***
і може й я твоє дитя, але з тобою
я світу дам нове життя.
D
...але з тобою
F7M                     C
я світу дам нове життя.

Табулатура основної мелодії для гітари:

Lead.guitar (підібрав bohdanko[c]pisni.org.ua)

E||----------------------|-----------------------|----------------------|
H||------------1---------|-------------1---------|------------1---------|
G||-----------------0----|--------0---------0----|-----------------0----|
D||-------2--------------|--2--3-----------------|-------2--------------|
A||--3-------------------|-----------------------|--3-------------------|
E||----------------------|-----------------------|----------------------|

-----------------------|----------------------|--0----------------|
-------------1---------|------------1---------|-------------------|
--------0---------0----|-----------------0----|-------------------|
--2--3-----------------|-------2--------------|-------------------|
-----------------------|--3-------------------|-------------------|

---------------------|------------3----------|------------2h-5--2h-5--|
------------1--------|-----------------1/-3--|-------3----------------|
-------2-------------|-------0---------------|------------------------|
--3------------------|--2--------------------|--4---------------------|

--2----------------|------------5---------|------------3--------|
-------------------|-----------------5----|---------------------|
-------------------|-------5--------------|-------3-------------|
-------------------|--3-------------------|--2------------------|

--0---------3---------|--5----------------|-----------------2----|
-------2---------5----|-------------------|------------3---------|
-------2---------6----|-------------------|-------2--------------|
----------------------|-------------------|--0-------------------|
--0-------------------|-------------------|----------------------|

-----------------------|-----------------1----|------------------||
-----------------------|------------1---------|------------------||
------0-2h0------------|-------1--------------|------------------||
-------------4----0----|--3-------------------|------------------||');
INSERT OR REPLACE INTO song_links (id,song_id,title,url,kind,version_id,sort_order) VALUES ('pisniua_416634_l1','pisniua_416634','YouTube','https://www.youtube.com/watch?v=dTvYfIJdGdg','video',NULL,1);
INSERT OR REPLACE INTO songs (id,title,subtitle,lang,country,period,year,source,notes,lyrics,tags_json,lang_locked,status,created_at,updated_at) VALUES ('pisniua_4163634','Під Києвом, під Крутами','Слова: народні. Виконує: Етнографічний хор Гомін','uk','ukrainian_peoples_republic_1917_1921',NULL,NULL,'аудіозапис',NULL,'Під Києвом, під Крутами     | (2)
Був тяжий бій з москалями!  | (2)

Вісім тисяч на одного,      | (2)
На студента молодого!       | (2)

Червоніє сніг на полі,      | (2)
Де пролили кров герої!      | (2)

Поки Київ боронили,         | (2)
Життя своє положили!        | (2)

Ой, не смійся, лютий враже, | (2)
Бо ми свого ще покажем!     | (2)

Нехай світ широкий знає:    | (2)
Україна воскресає!          | (2)','["pisni.org.ua", "cat:kruty", "Пісні пам''яті Героїв бою під Крутами"]',1,'published',COALESCE((SELECT created_at FROM songs WHERE id='pisniua_4163634'), datetime('now')),datetime('now'));
INSERT OR REPLACE INTO songs_fts(song_id,title,lyrics) VALUES ('pisniua_4163634','Під Києвом, під Крутами','Під Києвом, під Крутами     | (2)
Був тяжий бій з москалями!  | (2)

Вісім тисяч на одного,      | (2)
На студента молодого!       | (2)

Червоніє сніг на полі,      | (2)
Де пролили кров герої!      | (2)

Поки Київ боронили,         | (2)
Життя своє положили!        | (2)

Ой, не смійся, лютий враже, | (2)
Бо ми свого ще покажем!     | (2)

Нехай світ широкий знає:    | (2)
Україна воскресає!          | (2)');
INSERT OR REPLACE INTO song_links (id,song_id,title,url,kind,version_id,sort_order) VALUES ('pisniua_4163634_l1','pisniua_4163634','YouTube','https://www.youtube.com/watch?v=ewogAAanGS8','video',NULL,1);
INSERT OR REPLACE INTO song_links (id,song_id,title,url,kind,version_id,sort_order) VALUES ('pisniua_4163634_l2','pisniua_4163634','YouTube','https://www.youtube.com/watch?v=IPXatcxsjvI','video',NULL,2);
INSERT OR REPLACE INTO songs (id,title,subtitle,lang,country,period,year,source,notes,lyrics,tags_json,lang_locked,status,created_at,updated_at) VALUES ('pisniua_4161981','Печу-печу хлібчик','Українська народна пісня','uk','ukraine_before_1917',NULL,NULL,'З пам''яті','Текст, можливо, неповний, просимо користувачів, хто знає продовження пісні, додати тут у коментах.','Печу-печу хлібчик,
Діткам на обідчик.

Печу-печу бабку,
Кладу на лопатку

Шух
у піч!','["pisni.org.ua", "cat:dytyachi", "Дитячі пісні"]',1,'published',COALESCE((SELECT created_at FROM songs WHERE id='pisniua_4161981'), datetime('now')),datetime('now'));
INSERT OR REPLACE INTO songs_fts(song_id,title,lyrics) VALUES ('pisniua_4161981','Печу-печу хлібчик','Печу-печу хлібчик,
Діткам на обідчик.

Печу-печу бабку,
Кладу на лопатку

Шух
у піч!');
INSERT OR REPLACE INTO songs (id,title,subtitle,lang,country,period,year,source,notes,lyrics,tags_json,lang_locked,status,created_at,updated_at) VALUES ('pisniua_4169634','Е-е, е-е, гопа-па','Українська народна пісня','uk','ukraine_before_1917',NULL,NULL,'Книга: Дитячий фольклор,Київ,"Дніпро"1986',NULL,'Е-е, е-е, гопа-па,
Та й підемо до попа
Позичити корита.
Нема попа дома -
Поїхав по дрова,
Тільки попенята
Шиють чоботята.
Цап міряв - малії,
Кіт міряв - вузькії,
На Марусю шиті,
Підківки підбиті,
Е-е, люлюсю,
Люлю, люлю, люлю.','["pisni.org.ua", "cat:kolyskovi", "Колискові"]',1,'published',COALESCE((SELECT created_at FROM songs WHERE id='pisniua_4169634'), datetime('now')),datetime('now'));
INSERT OR REPLACE INTO songs_fts(song_id,title,lyrics) VALUES ('pisniua_4169634','Е-е, е-е, гопа-па','Е-е, е-е, гопа-па,
Та й підемо до попа
Позичити корита.
Нема попа дома -
Поїхав по дрова,
Тільки попенята
Шиють чоботята.
Цап міряв - малії,
Кіт міряв - вузькії,
На Марусю шиті,
Підківки підбиті,
Е-е, люлюсю,
Люлю, люлю, люлю.');
INSERT OR REPLACE INTO songs (id,title,subtitle,lang,country,period,year,source,notes,lyrics,tags_json,lang_locked,status,created_at,updated_at) VALUES ('pisniua_4168230','Лелеки','Музика: Михайло Герц Слова: Михайло Шушкевич','uk','ukraine_1991',NULL,NULL,NULL,NULL,'Летіли лелеки
У вирій далекий
Із рідного краю,
Де весни цвітуть.
Де красені буки
І дивні смереки,
Де річки прозорі
У безвість течуть.

Приспів:
Лелеки, лелеки,
Близькі і далекі,
Мені ви принесли
Родинний привіт:
Пелюстки троянди,
І запах смереки,
І спогади чисті
Моїх юних літ.

Вогнем полихало,
Гриміли гармати,
З надією в небо
Дивились солдати.
Лелеки привітно
Крильми помахали,
Щасливую долю
Бійцям прокричали.

Замовкли гармати,
Прийшла Перемога,
Солдати в домівки
Вернулись свої.
І часто їм сниться
Терниста дорога,
Лелечі вітання
Й жорстокі бої.','["pisni.org.ua", "cat:viyskovi", "Пісні на військову тематику"]',1,'published',COALESCE((SELECT created_at FROM songs WHERE id='pisniua_4168230'), datetime('now')),datetime('now'));
INSERT OR REPLACE INTO songs_fts(song_id,title,lyrics) VALUES ('pisniua_4168230','Лелеки','Летіли лелеки
У вирій далекий
Із рідного краю,
Де весни цвітуть.
Де красені буки
І дивні смереки,
Де річки прозорі
У безвість течуть.

Приспів:
Лелеки, лелеки,
Близькі і далекі,
Мені ви принесли
Родинний привіт:
Пелюстки троянди,
І запах смереки,
І спогади чисті
Моїх юних літ.

Вогнем полихало,
Гриміли гармати,
З надією в небо
Дивились солдати.
Лелеки привітно
Крильми помахали,
Щасливую долю
Бійцям прокричали.

Замовкли гармати,
Прийшла Перемога,
Солдати в домівки
Вернулись свої.
І часто їм сниться
Терниста дорога,
Лелечі вітання
Й жорстокі бої.');
INSERT OR REPLACE INTO songs (id,title,subtitle,lang,country,period,year,source,notes,lyrics,tags_json,lang_locked,status,created_at,updated_at) VALUES ('pisniua_4169338','Юлечка','Музика: Василь Дунець Слова: Василь Дунець. Виконує: Василь Дунець','uk','ukraine_1991',NULL,NULL,'www.vkontakte.ru',NULL,'В сина очі чорні, у невістки — карі,
А в моєї внучки очі - неба синь,
Я про неї мріяв стільки років марно,
Але дочекався дівчинки таки.
Падав дощ осінній, ніч була холодна,
Як тебе лелека нам подарував.
Я молився Богу, щоб була здорова,
І щоб гарну долю Бог тобі послав!

Приспів:
Ти моя рідненька, Юлечко маленька,
Мій соловейку, сонечко моє!
Твої хитренькі очка голубенькі
Для мене, ніби небо голубе!

Як телефонуєш, то все хочеш знати:
Як я поживаю і бабуся де?
А до нас приходиш, то тримайся, хато,
Все тобі потрібне і усе твоє.
Тіні і помада, і духи бабусі,
Мешти, капелюшки - все це на тобі.
Я ж на тебе ніжно, лагідно дивлюся
І співаю тихо пісеньку собі.

Приспів. (3)

Для мене, ніби небо голубе!','["pisni.org.ua", "cat:pro-ditey", "Пісні про любов до дітей"]',1,'published',COALESCE((SELECT created_at FROM songs WHERE id='pisniua_4169338'), datetime('now')),datetime('now'));
INSERT OR REPLACE INTO songs_fts(song_id,title,lyrics) VALUES ('pisniua_4169338','Юлечка','В сина очі чорні, у невістки — карі,
А в моєї внучки очі - неба синь,
Я про неї мріяв стільки років марно,
Але дочекався дівчинки таки.
Падав дощ осінній, ніч була холодна,
Як тебе лелека нам подарував.
Я молився Богу, щоб була здорова,
І щоб гарну долю Бог тобі послав!

Приспів:
Ти моя рідненька, Юлечко маленька,
Мій соловейку, сонечко моє!
Твої хитренькі очка голубенькі
Для мене, ніби небо голубе!

Як телефонуєш, то все хочеш знати:
Як я поживаю і бабуся де?
А до нас приходиш, то тримайся, хато,
Все тобі потрібне і усе твоє.
Тіні і помада, і духи бабусі,
Мешти, капелюшки - все це на тобі.
Я ж на тебе ніжно, лагідно дивлюся
І співаю тихо пісеньку собі.

Приспів. (3)

Для мене, ніби небо голубе!');
INSERT OR REPLACE INTO songs (id,title,subtitle,lang,country,period,year,source,notes,lyrics,tags_json,lang_locked,status,created_at,updated_at) VALUES ('pisniua_416787','Пісня про матір','(Посіяла людям...). Музика: Олександр Морозов Слова: Борис Олійник. Виконує: Раїса Цапун, Ансамбль народної музики Мереживо, Таїсія Повалій, Еріка, Оксана Нестеренко, Микола Дівін, Ірена Грех, Любомир Тарнавський','uk','ukraine_1991',NULL,NULL,'1. http://ukrlife.org/main/mother/mother_ua6.htm 2. Аудіоальбом "З піснею до матері" Р. Цапун','Варіант тексту надав Іван Вергун (гість): "Текст взятий з (інтернет-джерела), з ніяким офіційним виданням я особисто його не звіряв, тому можливі деякі неточності в тексті..." Раїса Цапун виконує пісню у супроводі ансамблю народної музики "Мереживо". Художній керівник Олександр Степанов. Текст пісні поправлений за аудіозаписом.','Посіяла людям літа свої, літечка житом,
Прибрала планету, послала стежкам споришу.
Навчила дітей, як на світі по совісті жити,
Зітхнула полегко - і тихо пішла за межу.
- Куди ж це Ви, мамо?! - сполохано кинулись діти.
- Куди ж Ви, бабусю? - онуки біжать до воріт.
- Та я недалечко... де сонце лягає спочити.
Пора мені, дітки... А ви вже без мене ростіть.
- Та як же без Вас ми?... Та що ж ви намислили, мамо?
- А хто ж нас, бабусю, у сон поведе по казках?
- А я вам лишаю всі райдуги із журавлями,
І срібло на травах, і золото на колосках.
- Не треба нам райдуг, не треба нам срібла і злота,
Аби тільки Ви нас чекали завжди край воріт.
Та ми ж переробим усю Вашу вічну роботу, -
Лишайтесь, матусю. Навіки лишайтесь. Не йдіть!
Вона посміхнулась, красива і сива, як доля,
Махнула рукою - злетіли увись рушники.
— Лишайтесь щасливі... - і стала замисленим полем
На цілу планету, на всі покоління й віки.','["pisni.org.ua", "cat:pro-batkiv", "cat:rayisa-capun", "Пісні про любов до батьків", "Цапун Раїса: матеріали"]',1,'published',COALESCE((SELECT created_at FROM songs WHERE id='pisniua_416787'), datetime('now')),datetime('now'));
INSERT OR REPLACE INTO songs_fts(song_id,title,lyrics) VALUES ('pisniua_416787','Пісня про матір','Посіяла людям літа свої, літечка житом,
Прибрала планету, послала стежкам споришу.
Навчила дітей, як на світі по совісті жити,
Зітхнула полегко - і тихо пішла за межу.
- Куди ж це Ви, мамо?! - сполохано кинулись діти.
- Куди ж Ви, бабусю? - онуки біжать до воріт.
- Та я недалечко... де сонце лягає спочити.
Пора мені, дітки... А ви вже без мене ростіть.
- Та як же без Вас ми?... Та що ж ви намислили, мамо?
- А хто ж нас, бабусю, у сон поведе по казках?
- А я вам лишаю всі райдуги із журавлями,
І срібло на травах, і золото на колосках.
- Не треба нам райдуг, не треба нам срібла і злота,
Аби тільки Ви нас чекали завжди край воріт.
Та ми ж переробим усю Вашу вічну роботу, -
Лишайтесь, матусю. Навіки лишайтесь. Не йдіть!
Вона посміхнулась, красива і сива, як доля,
Махнула рукою - злетіли увись рушники.
— Лишайтесь щасливі... - і стала замисленим полем
На цілу планету, на всі покоління й віки.');
INSERT OR REPLACE INTO song_links (id,song_id,title,url,kind,version_id,sort_order) VALUES ('pisniua_416787_l1','pisniua_416787','YouTube','https://www.youtube.com/watch?v=IM6k7tk8dxg','video',NULL,1);
INSERT OR REPLACE INTO song_links (id,song_id,title,url,kind,version_id,sort_order) VALUES ('pisniua_416787_l2','pisniua_416787','YouTube','https://www.youtube.com/watch?v=UllcfgoifWE','video',NULL,2);
INSERT OR REPLACE INTO song_links (id,song_id,title,url,kind,version_id,sort_order) VALUES ('pisniua_416787_l3','pisniua_416787','YouTube','https://www.youtube.com/watch?v=bN65ECI28Jc','video',NULL,3);
INSERT OR REPLACE INTO song_links (id,song_id,title,url,kind,version_id,sort_order) VALUES ('pisniua_416787_l4','pisniua_416787','YouTube','https://www.youtube.com/watch?v=hhGqU-UohXE','video',NULL,4);
INSERT OR REPLACE INTO song_links (id,song_id,title,url,kind,version_id,sort_order) VALUES ('pisniua_416787_l5','pisniua_416787','YouTube','https://www.youtube.com/watch?v=gfEH_dwcSsY','video',NULL,5);
INSERT OR REPLACE INTO song_links (id,song_id,title,url,kind,version_id,sort_order) VALUES ('pisniua_416787_l6','pisniua_416787','YouTube','https://www.youtube.com/watch?v=0305B-Ij-lg','video',NULL,6);
INSERT OR REPLACE INTO song_links (id,song_id,title,url,kind,version_id,sort_order) VALUES ('pisniua_416787_l7','pisniua_416787','YouTube','https://www.youtube.com/watch?v=1d_hJT8CJ0g','video',NULL,7);
INSERT OR REPLACE INTO song_links (id,song_id,title,url,kind,version_id,sort_order) VALUES ('pisniua_416787_l8','pisniua_416787','Переглянути варіанти >>','https://www.pisni.org.ua/#variants','external',NULL,8);
INSERT OR REPLACE INTO songs (id,title,subtitle,lang,country,period,year,source,notes,lyrics,tags_json,lang_locked,status,created_at,updated_at) VALUES ('pisniua_4165736','Чорнобильський грім','Музика: Леонід Нечипорук Слова: Вадим Крищенко. Виконує: Павло Мрежук','uk','ukraine_1991',NULL,NULL,'Книга: Крищенко В. Д. Усі ми прагнемо любові: Пісні.-Київ:ВіРА ІНСАЙТ-2003',NULL,'Над Прип''яттю, над селами
Знов пролітають гуси,
Немов не помічаючи
Вчорашньої біди.
І побіліла матінка
Шепоче: повернуся.
Із птицями весняними
Я знов вернусь туди.
Не треба, мамо, плакати -
Життя не зупинити.
Чорнобильці, чорнобильці,
Ви гордість наша й біль.
Ми маємо, ми мусимо
Усе для вас зробити,
Щоб вам життя підносило
Щедротно хліб та сіль.

Приспів:
А чорнобильський біль, а чорнобильський біль
Ще відлунює жалем гірким звідусіль.
Ми рятуєм людей, і нам треба іти,
Де горить і пече, щоб не сталось біди.
А чорнобильський біль, планетарності грім -
Пригадати його нам потрібно усім.
Ми на чатах завжди - бачим доли і вись,
Щоб той грім на землі більше не повторивсь.

Наш рідний край карбований
Відсітинами лиха,
Не милувала доля нас
На тишу й благодать,
Та нам негоже плакати,
Сльозу роняти тихо,
А треба нам боротися
І зло перемагать.
Бо ми мобілізовані
Обов''язком і серцем,
Бо ми все пам''ятаємо,
Що забувадь не слід.
Хоча гроза Чорнобиля
В душі і не зітреться,
Та дух людської мужності
Сильніший всяких бід.

Приспів.','["pisni.org.ua", "cat:chornobyl", "Чорнобильська катастрофа: пісні"]',1,'published',COALESCE((SELECT created_at FROM songs WHERE id='pisniua_4165736'), datetime('now')),datetime('now'));
INSERT OR REPLACE INTO songs_fts(song_id,title,lyrics) VALUES ('pisniua_4165736','Чорнобильський грім','Над Прип''яттю, над селами
Знов пролітають гуси,
Немов не помічаючи
Вчорашньої біди.
І побіліла матінка
Шепоче: повернуся.
Із птицями весняними
Я знов вернусь туди.
Не треба, мамо, плакати -
Життя не зупинити.
Чорнобильці, чорнобильці,
Ви гордість наша й біль.
Ми маємо, ми мусимо
Усе для вас зробити,
Щоб вам життя підносило
Щедротно хліб та сіль.

Приспів:
А чорнобильський біль, а чорнобильський біль
Ще відлунює жалем гірким звідусіль.
Ми рятуєм людей, і нам треба іти,
Де горить і пече, щоб не сталось біди.
А чорнобильський біль, планетарності грім -
Пригадати його нам потрібно усім.
Ми на чатах завжди - бачим доли і вись,
Щоб той грім на землі більше не повторивсь.

Наш рідний край карбований
Відсітинами лиха,
Не милувала доля нас
На тишу й благодать,
Та нам негоже плакати,
Сльозу роняти тихо,
А треба нам боротися
І зло перемагать.
Бо ми мобілізовані
Обов''язком і серцем,
Бо ми все пам''ятаємо,
Що забувадь не слід.
Хоча гроза Чорнобиля
В душі і не зітреться,
Та дух людської мужності
Сильніший всяких бід.

Приспів.');
INSERT OR REPLACE INTO songs (id,title,subtitle,lang,country,period,year,source,notes,lyrics,tags_json,lang_locked,status,created_at,updated_at) VALUES ('pisniua_4169481','Ой лю-лю-лю, люлі','Українська народна пісня','uk','ukraine_before_1917',NULL,NULL,'Книга: Дитячий фольклор,Київ,"Дніпро"1986',NULL,'Ой лю-лю-лю, люлі,
Налетіли гулі
Та сіли на люлі.
Стали думать ще й гадать,
Чим синочка годувать.
Годувати кашкою,
Напувати бражкою.
Що кашка добренька,
А бражка п''яненька.
Дитина маленька
Спатоньки раденька.','["pisni.org.ua", "cat:kolyskovi", "Колискові"]',1,'published',COALESCE((SELECT created_at FROM songs WHERE id='pisniua_4169481'), datetime('now')),datetime('now'));
INSERT OR REPLACE INTO songs_fts(song_id,title,lyrics) VALUES ('pisniua_4169481','Ой лю-лю-лю, люлі','Ой лю-лю-лю, люлі,
Налетіли гулі
Та сіли на люлі.
Стали думать ще й гадать,
Чим синочка годувать.
Годувати кашкою,
Напувати бражкою.
Що кашка добренька,
А бражка п''яненька.
Дитина маленька
Спатоньки раденька.');
INSERT OR REPLACE INTO songs (id,title,subtitle,lang,country,period,year,source,notes,lyrics,tags_json,lang_locked,status,created_at,updated_at) VALUES ('pisniua_4169535','Ой ну, люлі, люлі *','Українська народна пісня','uk','ukraine_before_1917',NULL,NULL,'Книга: Дитячий фольклор,Київ,"Дніпро"1986',NULL,'Ой ну, люлі, люлі,
Налетіли гулі
Із чужої сторони
До нашої дитини.
Стали думать і гадать,
Чим дитину дарувать:
Чи соньками, чи дрімками,
Червоними ягідками?
Соньки, дрімки в головоньки,
А ростоньки в костоньки,
Розум добрий в головоньку.','["pisni.org.ua", "cat:kolyskovi", "Колискові"]',1,'published',COALESCE((SELECT created_at FROM songs WHERE id='pisniua_4169535'), datetime('now')),datetime('now'));
INSERT OR REPLACE INTO songs_fts(song_id,title,lyrics) VALUES ('pisniua_4169535','Ой ну, люлі, люлі *','Ой ну, люлі, люлі,
Налетіли гулі
Із чужої сторони
До нашої дитини.
Стали думать і гадать,
Чим дитину дарувать:
Чи соньками, чи дрімками,
Червоними ягідками?
Соньки, дрімки в головоньки,
А ростоньки в костоньки,
Розум добрий в головоньку.');
INSERT OR REPLACE INTO song_links (id,song_id,title,url,kind,version_id,sort_order) VALUES ('pisniua_4169535_l1','pisniua_4169535','Переглянути варіанти >>','https://www.pisni.org.ua/#variants','external',NULL,1);
INSERT OR REPLACE INTO songs (id,title,subtitle,lang,country,period,year,source,notes,lyrics,tags_json,lang_locked,status,created_at,updated_at) VALUES ('pisniua_417034','Краса твоя','Музика: Ескейп Слова: Ескейп. Виконує: Escape','uk','ukraine_before_1917',NULL,NULL,NULL,NULL,'Зараз дуже холодно мені, біль в моїй душі.
Та серце моє так болить, потрібна ти мені.
Сиджу і думаю собі: "Коли прийдеш сюди?".
Не знаю як мені змогти прожити ці всі дні.

Приспів:
Краса твоя мене з розуму звела
Без тебе я не можу  уо -у-о-о,
І в своїх снах я бачу лиш тебе.

По вулицях я сам ходжу і дим від сигарет,
Від нього я забув уже як люблю я тебе.
В моїх очах цей дивний погляд на оцей весь світ.
З моїх очей сльоза вже зараз потече.

Краса твоя мене з розуму звела
Без тебе я не можу  уо -у-о-о,
І в своїх снах я бачу лиш тебе.

Краса твоя мене з розуму звела
Без тебе я не можу  уо -у-о-о,
І в своїх снах я бачу лиш тебе уо -у-о-є','["pisni.org.ua", "cat:lirychni", "Пісні про кохання, ліричні"]',1,'published',COALESCE((SELECT created_at FROM songs WHERE id='pisniua_417034'), datetime('now')),datetime('now'));
INSERT OR REPLACE INTO songs_fts(song_id,title,lyrics) VALUES ('pisniua_417034','Краса твоя','Зараз дуже холодно мені, біль в моїй душі.
Та серце моє так болить, потрібна ти мені.
Сиджу і думаю собі: "Коли прийдеш сюди?".
Не знаю як мені змогти прожити ці всі дні.

Приспів:
Краса твоя мене з розуму звела
Без тебе я не можу  уо -у-о-о,
І в своїх снах я бачу лиш тебе.

По вулицях я сам ходжу і дим від сигарет,
Від нього я забув уже як люблю я тебе.
В моїх очах цей дивний погляд на оцей весь світ.
З моїх очей сльоза вже зараз потече.

Краса твоя мене з розуму звела
Без тебе я не можу  уо -у-о-о,
І в своїх снах я бачу лиш тебе.

Краса твоя мене з розуму звела
Без тебе я не можу  уо -у-о-о,
І в своїх снах я бачу лиш тебе уо -у-о-є');
INSERT OR REPLACE INTO songs (id,title,subtitle,lang,country,period,year,source,notes,lyrics,tags_json,lang_locked,status,created_at,updated_at) VALUES ('pisniua_4170083','Солдатські матері','Музика: Василь Дунець Слова: Марія Баліцька. Виконує: Василь Дунець','uk','ukraine_1991',NULL,NULL,'аудіозапис',NULL,'Виряджала мати сина:
Йди, служи, синочку мій!
Рідну землю боронити -
Це обов''язок святий!
Раптом випав серед літа
На троянди білий сніг,
Син із війська не вернувся
Вже на батьківський поріг.

Приспів:
А мати жде, а мати виглядає
Чаїно квилить мамина душа,
Тривожно серце з болю завмирає,
Пішов солдат і не сказав "Прощай!"
А мати жде, все ж вигляда синочка,
Пішов у вічність в сяйві юних літ,
Лишилась мамі вишита сорочка,
Шинеля сіра, наче моноліт.

Посивіла з горя мати,
Болем зойкнула душа,
Бо згадала як маленьким
Син навстріч їй поспішав.
Небо плакало дощами,
Гасли зорі угорі,
Носять квіти на могили
Всі солдатські матері.

Приспів.

Сину, сину мій,
Де ж ти? Де ж ти, мій синочку?

Приспів. (2)

А мати жде, все ж вигляда синочка,
А мати жде','["pisni.org.ua", "cat:viyskovi", "Пісні на військову тематику"]',1,'published',COALESCE((SELECT created_at FROM songs WHERE id='pisniua_4170083'), datetime('now')),datetime('now'));
INSERT OR REPLACE INTO songs_fts(song_id,title,lyrics) VALUES ('pisniua_4170083','Солдатські матері','Виряджала мати сина:
Йди, служи, синочку мій!
Рідну землю боронити -
Це обов''язок святий!
Раптом випав серед літа
На троянди білий сніг,
Син із війська не вернувся
Вже на батьківський поріг.

Приспів:
А мати жде, а мати виглядає
Чаїно квилить мамина душа,
Тривожно серце з болю завмирає,
Пішов солдат і не сказав "Прощай!"
А мати жде, все ж вигляда синочка,
Пішов у вічність в сяйві юних літ,
Лишилась мамі вишита сорочка,
Шинеля сіра, наче моноліт.

Посивіла з горя мати,
Болем зойкнула душа,
Бо згадала як маленьким
Син навстріч їй поспішав.
Небо плакало дощами,
Гасли зорі угорі,
Носять квіти на могили
Всі солдатські матері.

Приспів.

Сину, сину мій,
Де ж ти? Де ж ти, мій синочку?

Приспів. (2)

А мати жде, все ж вигляда синочка,
А мати жде');
INSERT OR REPLACE INTO song_links (id,song_id,title,url,kind,version_id,sort_order) VALUES ('pisniua_4170083_l1','pisniua_4170083','YouTube','https://www.youtube.com/watch?v=_gHFl2szHms','video',NULL,1);
INSERT OR REPLACE INTO song_links (id,song_id,title,url,kind,version_id,sort_order) VALUES ('pisniua_4170083_l2','pisniua_4170083','YouTube','https://www.youtube.com/watch?v=g3cODdgr8Og','video',NULL,2);
INSERT OR REPLACE INTO songs (id,title,subtitle,lang,country,period,year,source,notes,lyrics,tags_json,lang_locked,status,created_at,updated_at) VALUES ('pisniua_4170333','Відізвись, мій Боже','Слова: о. В. Стех','uk','ukraine_1991',NULL,NULL,'Господь - моя пісня: Збірник релігійних пісень. - Львів: Свідчадо, 2005. - 656 с.',NULL,'Відізвись, мій Боже милий,
Боже, правдо Ти моя!
Відізвися Ти до мене,    |
Як подам свій голос я!   | (2)

В тісноті моїй, мій Боже,
Ти давав мені простор,
І тепер мене помилуй,    |
Не віддай мене в позор.  | (2)

Бо сини людського роду
Честь мою на глум беруть,
Суєту вони злюбили       |
І неправдою живуть.      | (2)

Знайти ви, сини людськії,
Що Господь собі обрав
І сподобав сина правди,  |
Яко праведний і сам.     | (2)

І мене в моїй молитві
Він почує в небесах,
Як призву його на поміч  |
В щирих, тихих словесах. | (2)','["pisni.org.ua", "cat:cerkovni", "Церковні пісні"]',1,'published',COALESCE((SELECT created_at FROM songs WHERE id='pisniua_4170333'), datetime('now')),datetime('now'));
INSERT OR REPLACE INTO songs_fts(song_id,title,lyrics) VALUES ('pisniua_4170333','Відізвись, мій Боже','Відізвись, мій Боже милий,
Боже, правдо Ти моя!
Відізвися Ти до мене,    |
Як подам свій голос я!   | (2)

В тісноті моїй, мій Боже,
Ти давав мені простор,
І тепер мене помилуй,    |
Не віддай мене в позор.  | (2)

Бо сини людського роду
Честь мою на глум беруть,
Суєту вони злюбили       |
І неправдою живуть.      | (2)

Знайти ви, сини людськії,
Що Господь собі обрав
І сподобав сина правди,  |
Яко праведний і сам.     | (2)

І мене в моїй молитві
Він почує в небесах,
Як призву його на поміч  |
В щирих, тихих словесах. | (2)');
INSERT OR REPLACE INTO songs (id,title,subtitle,lang,country,period,year,source,notes,lyrics,tags_json,lang_locked,status,created_at,updated_at) VALUES ('pisniua_4170131','Донечка і сонечко','Музика: Леся Горова Слова: Леся Горова. Виконує: Леся Горова','uk','ukraine_1991',NULL,NULL,'аудіозапис',NULL,'Донечко, донечко,
А де ж ховається сонечко?
За хмарки ховається,
А за землю тримається
Міцно-міцно, щоби не впало,
Щоби завтра знову встало.

Донечко, донечко,
А що робить уночі сонечко?
Та відпочиває,
На небі його немає,
Хай собі поспить
І ви його не будіть.

Донечко, донечко,
А хто ж зустрічатиме завтра сонечко?
Я зустрічатиму,
Рано-рано вставатиму,
Скаже сонечко "Привіт!"
І зрадіє цілий світ.

Донечко, донечко,
А де ж мамине сонечко?
То я, дівчинка маленька
І донечка рідненька!','["pisni.org.ua", "cat:pro-ditey", "Пісні про любов до дітей"]',1,'published',COALESCE((SELECT created_at FROM songs WHERE id='pisniua_4170131'), datetime('now')),datetime('now'));
INSERT OR REPLACE INTO songs_fts(song_id,title,lyrics) VALUES ('pisniua_4170131','Донечка і сонечко','Донечко, донечко,
А де ж ховається сонечко?
За хмарки ховається,
А за землю тримається
Міцно-міцно, щоби не впало,
Щоби завтра знову встало.

Донечко, донечко,
А що робить уночі сонечко?
Та відпочиває,
На небі його немає,
Хай собі поспить
І ви його не будіть.

Донечко, донечко,
А хто ж зустрічатиме завтра сонечко?
Я зустрічатиму,
Рано-рано вставатиму,
Скаже сонечко "Привіт!"
І зрадіє цілий світ.

Донечко, донечко,
А де ж мамине сонечко?
То я, дівчинка маленька
І донечка рідненька!');
INSERT OR REPLACE INTO song_links (id,song_id,title,url,kind,version_id,sort_order) VALUES ('pisniua_4170131_l1','pisniua_4170131','YouTube','https://www.youtube.com/watch?v=wSSZBGJBJHM','video',NULL,1);
INSERT OR REPLACE INTO songs (id,title,subtitle,lang,country,period,year,source,notes,lyrics,tags_json,lang_locked,status,created_at,updated_at) VALUES ('pisniua_4171030','Христос воскрес! Ликуйте нині!','Слова: о. В. Стех','uk','ukraine_1991',NULL,NULL,'Господь - моя пісня: Збірник релігійних пісень. - Львів: Свідчадо, 2005. - 656 с.',NULL,'Христос воскрес! Ликуйте нині,
Що в славі гроба Він повстав
Кінець приніс земній провині
І смертію Він смерть поправ.
Великдень той, то день чудес,      |
Христос воскрес! Христос воскрес!  | (2)

Христос воскрес! Хоть людська злоба
Йому зладнала люту страсть.
Повстав, повстав живий із гроба
Зборов пекельну вражу власть.
Кінець страдань, кінець всіх слез: |
Христос воскрес! Христос воскрес!  | (2)','["pisni.org.ua", "cat:cerkovni", "cat:voskresni", "Церковні пісні", "Воскресні пісні"]',1,'published',COALESCE((SELECT created_at FROM songs WHERE id='pisniua_4171030'), datetime('now')),datetime('now'));
INSERT OR REPLACE INTO songs_fts(song_id,title,lyrics) VALUES ('pisniua_4171030','Христос воскрес! Ликуйте нині!','Христос воскрес! Ликуйте нині,
Що в славі гроба Він повстав
Кінець приніс земній провині
І смертію Він смерть поправ.
Великдень той, то день чудес,      |
Христос воскрес! Христос воскрес!  | (2)

Христос воскрес! Хоть людська злоба
Йому зладнала люту страсть.
Повстав, повстав живий із гроба
Зборов пекельну вражу власть.
Кінець страдань, кінець всіх слез: |
Христос воскрес! Христос воскрес!  | (2)');
INSERT OR REPLACE INTO songs (id,title,subtitle,lang,country,period,year,source,notes,lyrics,tags_json,lang_locked,status,created_at,updated_at) VALUES ('pisniua_4170532','Слава і честь','Слова: о. І. Луцик','uk','ukraine_1991',NULL,NULL,'Господь - моя пісня: Збірник релігійних пісень. - Львів: Свідчадо, 2005. - 656 с.',NULL,'Слава і честь Тобі,
Тіло Христове!
В виді Ти хліба
На нашім престолі!
Віро, надіє,          |
Моя Ти любове,        |
Не опускай нас        |
На тій сліз юдоли.    | (2)

Крове Христова,
Над все нам святіша!
В чаші присутня
Під видом вина.
Ми Тя витаєм,         |
Ти перли цінніша,     |
Будь джерелом нам     |
Чеснот і краси.       | (2)

Сам Ісус Господь,
Що й на Голготі,
В жертві безкровній
Проляв Свою Кров.
Зістань тут з нами,   |
Як в''язень в кивоті,  |
Як Господь й Бог наш, |
Безмежна любов!       | (2)    комп''ютерне відтворення (128 kbps)  (','["pisni.org.ua", "cat:cerkovni", "cat:christ", "Церковні пісні", "Пісні до Ісуса Христа"]',1,'published',COALESCE((SELECT created_at FROM songs WHERE id='pisniua_4170532'), datetime('now')),datetime('now'));
INSERT OR REPLACE INTO songs_fts(song_id,title,lyrics) VALUES ('pisniua_4170532','Слава і честь','Слава і честь Тобі,
Тіло Христове!
В виді Ти хліба
На нашім престолі!
Віро, надіє,          |
Моя Ти любове,        |
Не опускай нас        |
На тій сліз юдоли.    | (2)

Крове Христова,
Над все нам святіша!
В чаші присутня
Під видом вина.
Ми Тя витаєм,         |
Ти перли цінніша,     |
Будь джерелом нам     |
Чеснот і краси.       | (2)

Сам Ісус Господь,
Що й на Голготі,
В жертві безкровній
Проляв Свою Кров.
Зістань тут з нами,   |
Як в''язень в кивоті,  |
Як Господь й Бог наш, |
Безмежна любов!       | (2)    комп''ютерне відтворення (128 kbps)  (');
INSERT OR REPLACE INTO songs (id,title,subtitle,lang,country,period,year,source,notes,lyrics,tags_json,lang_locked,status,created_at,updated_at) VALUES ('pisniua_417083','Там, де нас нема','Музика: Гурт "Океан Ельзи" Слова: Святослав Вакарчук. Виконує: Гурт "Океан Ельзи"','uk','ukraine_before_1917',NULL,NULL,'Диск MP3 формату "ОЕ"','Підбір акордів: Невідомо','Intro: Em D C# C H

Там, там, там, тільки там, де нас нема
Hm
Там не падає зима
Тільки там, тільки там де нас нема з неба
Там, там, там, тільки там, де нас нема
Там не падає вона
Тільки там, тільки там де нас нема й не треба

Там, там, там, тільки там, де нас нема
Ходять всі на головах
Тільки там, тільки там де нас нема ходять
Там, там, там, тільки там, де нас нема
Ходять всі на головах
І питаються у нас де ви є ?

Em A         Am   H(?)
Скажі мені, чому не можу
Забути те, чого нема
Скажі мені, чому не можу
Забути те, що
Те, що навколо зима.

Там, там, там, тільки там, де нас нема
Там не падає зима
Тільки там, тільки там де нас нема  люди
Там, там, там, тільки там, де нас нема
Там тече жива вода
Тільки там, тільки там де нас нема всюди

Там, там, там, тільки там, де нас нема
Менше льоду, ніж тепла
Тільки там, тільки там де нас нема льоду
Там, там, там, тільки там, де нас нема
Ходять всі на головах
І тече жива вода не для нас.

Скажі мені, чому не можу
Забути те, чого нема
Скажі мені, чому не можу
Забути те, що
Те, що навколо зима.','["pisni.org.ua", "cat:lirychni", "cat:philosophic", "Пісні про кохання, ліричні", "Філософські пісні"]',1,'published',COALESCE((SELECT created_at FROM songs WHERE id='pisniua_417083'), datetime('now')),datetime('now'));
INSERT OR REPLACE INTO songs_fts(song_id,title,lyrics) VALUES ('pisniua_417083','Там, де нас нема','Intro: Em D C# C H

Там, там, там, тільки там, де нас нема
Hm
Там не падає зима
Тільки там, тільки там де нас нема з неба
Там, там, там, тільки там, де нас нема
Там не падає вона
Тільки там, тільки там де нас нема й не треба

Там, там, там, тільки там, де нас нема
Ходять всі на головах
Тільки там, тільки там де нас нема ходять
Там, там, там, тільки там, де нас нема
Ходять всі на головах
І питаються у нас де ви є ?

Em A         Am   H(?)
Скажі мені, чому не можу
Забути те, чого нема
Скажі мені, чому не можу
Забути те, що
Те, що навколо зима.

Там, там, там, тільки там, де нас нема
Там не падає зима
Тільки там, тільки там де нас нема  люди
Там, там, там, тільки там, де нас нема
Там тече жива вода
Тільки там, тільки там де нас нема всюди

Там, там, там, тільки там, де нас нема
Менше льоду, ніж тепла
Тільки там, тільки там де нас нема льоду
Там, там, там, тільки там, де нас нема
Ходять всі на головах
І тече жива вода не для нас.

Скажі мені, чому не можу
Забути те, чого нема
Скажі мені, чому не можу
Забути те, що
Те, що навколо зима.');
INSERT OR REPLACE INTO song_links (id,song_id,title,url,kind,version_id,sort_order) VALUES ('pisniua_417083_l1','pisniua_417083','YouTube','https://www.youtube.com/watch?v=ZMCP7Zd-1Uk','video',NULL,1);
INSERT OR REPLACE INTO song_links (id,song_id,title,url,kind,version_id,sort_order) VALUES ('pisniua_417083_l2','pisniua_417083','Переглянути варіанти >>','https://www.pisni.org.ua/#variants','external',NULL,2);
INSERT OR REPLACE INTO songs (id,title,subtitle,lang,country,period,year,source,notes,lyrics,tags_json,lang_locked,status,created_at,updated_at) VALUES ('pisniua_4170236','Чужина','Музика: Микола Янченко Слова: Микола Янченко. Виконує: Іван Ганзера, Микола Янченко','uk','ukraine_before_1917',NULL,'1906',NULL,'Виконує: Микола Янченко {1906} Альбом: Моївське весілля - краще 2007','Мати доню колисала, колисала,
День і ніч у Бога долі їй благала.
Та пройшли роки так швидко, мов потоки,
Полетіла мов лебідка в світ широкий

Приспів
Чужина, чужина. Так далеко вона,
Так далеко від рідної хати.
Чужина, чужина. Там не видно вікна,
Де чекає в сльозах рідна мати.

Журавлі летять у небі, небі синім
Одиноко так без тебе всій родині.
За тобою плачуть верби на долині.
Ой не легка доля в тебе на чужині

Приспів.

Жовтий лист впаде додолу, лист багряний.
Повертайтеся до дому, Роксолани!
Вас чекає рута-мята і калина,
Вас чекає рідна мати Україна!

Приспів','["pisni.org.ua", "cat:emigration", "Пісні про еміґрацію"]',1,'published',COALESCE((SELECT created_at FROM songs WHERE id='pisniua_4170236'), datetime('now')),datetime('now'));
INSERT OR REPLACE INTO songs_fts(song_id,title,lyrics) VALUES ('pisniua_4170236','Чужина','Мати доню колисала, колисала,
День і ніч у Бога долі їй благала.
Та пройшли роки так швидко, мов потоки,
Полетіла мов лебідка в світ широкий

Приспів
Чужина, чужина. Так далеко вона,
Так далеко від рідної хати.
Чужина, чужина. Там не видно вікна,
Де чекає в сльозах рідна мати.

Журавлі летять у небі, небі синім
Одиноко так без тебе всій родині.
За тобою плачуть верби на долині.
Ой не легка доля в тебе на чужині

Приспів.

Жовтий лист впаде додолу, лист багряний.
Повертайтеся до дому, Роксолани!
Вас чекає рута-мята і калина,
Вас чекає рідна мати Україна!

Приспів');
INSERT OR REPLACE INTO song_links (id,song_id,title,url,kind,version_id,sort_order) VALUES ('pisniua_4170236_l1','pisniua_4170236','YouTube','https://www.youtube.com/watch?v=dYAHsIHreE8','video',NULL,1);
INSERT OR REPLACE INTO songs (id,title,subtitle,lang,country,period,year,source,notes,lyrics,tags_json,lang_locked,status,created_at,updated_at) VALUES ('pisniua_4170981','Ісус з гробу увільнився','Слова: Зореслав','uk','ukraine_1991',NULL,NULL,'Господь - моя пісня: Збірник релігійних пісень. - Львів: Свідчадо, 2005. - 656 с.',NULL,'Ісус з гробу увільнився,
Час смутку в радість замінився,
Адам і Єва з дітьми своїми
Грають, плешуть, скачуть з іншими всіми.
Давид у гуслі сильно вдаряє,
А хор праотців грімко співає,
Що Христос із ада душі звільняє!

Пасха всім вірним з''явилась,
Їм двері в життя відчинила.
Хай з нами буде радість із небес,
Бо Христос наш Господь із гробу воскрес,
Небо і земля, ангельські хори,
Радійте з Христом святих собори,
Увійдіть щасливі в небесні двори!','["pisni.org.ua", "cat:voskresni", "Воскресні пісні"]',1,'published',COALESCE((SELECT created_at FROM songs WHERE id='pisniua_4170981'), datetime('now')),datetime('now'));
INSERT OR REPLACE INTO songs_fts(song_id,title,lyrics) VALUES ('pisniua_4170981','Ісус з гробу увільнився','Ісус з гробу увільнився,
Час смутку в радість замінився,
Адам і Єва з дітьми своїми
Грають, плешуть, скачуть з іншими всіми.
Давид у гуслі сильно вдаряє,
А хор праотців грімко співає,
Що Христос із ада душі звільняє!

Пасха всім вірним з''явилась,
Їм двері в життя відчинила.
Хай з нами буде радість із небес,
Бо Христос наш Господь із гробу воскрес,
Небо і земля, ангельські хори,
Радійте з Христом святих собори,
Увійдіть щасливі в небесні двори!');
INSERT OR REPLACE INTO songs (id,title,subtitle,lang,country,period,year,source,notes,lyrics,tags_json,lang_locked,status,created_at,updated_at) VALUES ('pisniua_4170737','Єрусалимські доньки',NULL,'uk','ukraine_1991',NULL,NULL,'Господь - моя пісня: Збірник релігійних пісень. - Львів: Свідчадо, 2005. - 656 с.',NULL,'Єрусалимські доньки вийдіть нині,
Узріте свойого Царя в короні,
Вийдіть, роди вірних, з Божої святині,
Гляньте на страшний вид в місті Сіоні:
Того Царя, що Його вітали,         |
Пісню "Осанна!" Йому співали,      |
За злочинця вже мають,             |
На хресті розпинають               |
Його невинного.                    | (2)

Народе невдячний, кого ж ти це судиш?
Так прийняв ти Бога, свого Месію?
За таку відплату сам осуджен будеш,
Прокляття на віки тебе покриє.
Прийшов спасти нас всіх від смерти |
І відчинити небо заперте,          |
А ти Христа не злюбив,             |
Хоч по чудах ти узрів,             |
Що це Син Божий.                   | (2)

Небо помутилось, не могло дивитись
На Христові муки, на людську злобу,
Як звірі, знущались Ізраїля діти,
Над невинним Агнцем, до смерти, до гробу.
Промені сонця потемніли,           |
Як люди Бога на хресті убили,      |
Аж земля задрижала,                |
Тіла мертвих повстали              |
Із своїх гробів.                   | (2)

За кого ж терпів Ти, Спасе, тії муки?
Хто ж як не самі ми гріхами люто
До хреста прибили Твої святі руки!
То ж подай нам ласку жалю і покути!
Не відкинь грішних нас від себе,   |
Лиш прости гріхи і даруй нам небо, |
Пом''яни нас, Владико,              |
Щоб з небесним ми ликом            |
Тебе славили!                      | (2)','["pisni.org.ua", "cat:cerkovni", "cat:strasni", "Церковні пісні", "Страсні пісні"]',1,'published',COALESCE((SELECT created_at FROM songs WHERE id='pisniua_4170737'), datetime('now')),datetime('now'));
INSERT OR REPLACE INTO songs_fts(song_id,title,lyrics) VALUES ('pisniua_4170737','Єрусалимські доньки','Єрусалимські доньки вийдіть нині,
Узріте свойого Царя в короні,
Вийдіть, роди вірних, з Божої святині,
Гляньте на страшний вид в місті Сіоні:
Того Царя, що Його вітали,         |
Пісню "Осанна!" Йому співали,      |
За злочинця вже мають,             |
На хресті розпинають               |
Його невинного.                    | (2)

Народе невдячний, кого ж ти це судиш?
Так прийняв ти Бога, свого Месію?
За таку відплату сам осуджен будеш,
Прокляття на віки тебе покриє.
Прийшов спасти нас всіх від смерти |
І відчинити небо заперте,          |
А ти Христа не злюбив,             |
Хоч по чудах ти узрів,             |
Що це Син Божий.                   | (2)

Небо помутилось, не могло дивитись
На Христові муки, на людську злобу,
Як звірі, знущались Ізраїля діти,
Над невинним Агнцем, до смерти, до гробу.
Промені сонця потемніли,           |
Як люди Бога на хресті убили,      |
Аж земля задрижала,                |
Тіла мертвих повстали              |
Із своїх гробів.                   | (2)

За кого ж терпів Ти, Спасе, тії муки?
Хто ж як не самі ми гріхами люто
До хреста прибили Твої святі руки!
То ж подай нам ласку жалю і покути!
Не відкинь грішних нас від себе,   |
Лиш прости гріхи і даруй нам небо, |
Пом''яни нас, Владико,              |
Щоб з небесним ми ликом            |
Тебе славили!                      | (2)');
INSERT OR REPLACE INTO songs (id,title,subtitle,lang,country,period,year,source,notes,lyrics,tags_json,lang_locked,status,created_at,updated_at) VALUES ('pisniua_4171430','Божая Мати','Слова: о. В. Матюк','uk','ukraine_1991',NULL,NULL,'Господь - моя пісня: Збірник релігійних пісень. - Львів: Свічадо, 2005. - 656 с.',NULL,'Божая Мати, чиста Дівице,
Радуйся, радуйся, наша Царицке,
Мир весь хрещений Тя прославляє,
Молиться щиро, пісні співає,
Божая Мати, Мати людей,         |
Прийми цю пісню з щирих грудей! | (2)

Тобі кланяєсь, Пречиста зоре,
Земля і небо, поле і море,
Тобі небесні хори співають,
До Тебе люди піснь посилають.
Божая Мати, Мати людей,         |
Прийми цю пісню з щирих грудей! | (2)

Краща від сонця, Діво святая,
На небі світиш, Мати благая,
Світи на працю, на хліба колос,
Учуй наш тихий молитви голос.
Божая Мати, Мати людей,         |
Прийми цю пісню з щирих грудей! | (2)

Ми к Тобі нині теж прибігаєм,
Діво Маріє, і величаєм,
Бо Ти в опіці нас завжди маєш,
Перед злом всяким охороняєш.
Божая Мати, Мати людей,         |
Прийми цю пісню з щирих грудей! | (2)

О, порятуй нас, в горю і болю,
Щастя пішли нам, дай ліпшу долю,
Праведно дай нам цей вік дожити,
З Тобою в небі Богу служити.
Божая Мати, Мати людей,         |
Прийми цю пісню з щирих грудей! | (2)','["pisni.org.ua", "cat:cerkovni", "cat:do-bohorodyci", "Церковні пісні", "Пісні до Богородиці"]',1,'published',COALESCE((SELECT created_at FROM songs WHERE id='pisniua_4171430'), datetime('now')),datetime('now'));
INSERT OR REPLACE INTO songs_fts(song_id,title,lyrics) VALUES ('pisniua_4171430','Божая Мати','Божая Мати, чиста Дівице,
Радуйся, радуйся, наша Царицке,
Мир весь хрещений Тя прославляє,
Молиться щиро, пісні співає,
Божая Мати, Мати людей,         |
Прийми цю пісню з щирих грудей! | (2)

Тобі кланяєсь, Пречиста зоре,
Земля і небо, поле і море,
Тобі небесні хори співають,
До Тебе люди піснь посилають.
Божая Мати, Мати людей,         |
Прийми цю пісню з щирих грудей! | (2)

Краща від сонця, Діво святая,
На небі світиш, Мати благая,
Світи на працю, на хліба колос,
Учуй наш тихий молитви голос.
Божая Мати, Мати людей,         |
Прийми цю пісню з щирих грудей! | (2)

Ми к Тобі нині теж прибігаєм,
Діво Маріє, і величаєм,
Бо Ти в опіці нас завжди маєш,
Перед злом всяким охороняєш.
Божая Мати, Мати людей,         |
Прийми цю пісню з щирих грудей! | (2)

О, порятуй нас, в горю і болю,
Щастя пішли нам, дай ліпшу долю,
Праведно дай нам цей вік дожити,
З Тобою в небі Богу служити.
Божая Мати, Мати людей,         |
Прийми цю пісню з щирих грудей! | (2)');
INSERT OR REPLACE INTO songs (id,title,subtitle,lang,country,period,year,source,notes,lyrics,tags_json,lang_locked,status,created_at,updated_at) VALUES ('pisniua_417131','Колиска вітру','Музика: Володимир Івасюк Слова: Богдан Стельмах. Виконує: Гурт "Океан Ельзи"','uk','ukraine_1991',NULL,NULL,'Диск MP3 формату "ОЕ"','Підбір акордів: Невідомий','Intro: Em G Em C

Em
Те джерело кришталевим б''є
G
В синіх горах дивне місце є.
Там юний вітер юність відродив
Коли гойдаються свої.

Цілу ніч я з вітром колихався
Він зі мною аж до хмар злітав
Я йому казки розповідав
Він мені свої пісні співав.

На світанку босий я іду
І додому стежки не знайду
Мене мій вітер в полі переймав
І на прощання ніжно обіймав

Цілий день із вітром ми прощались
Поки денний вечір не настав
Я йому казки розповідав
Він мені свої пісні співав.','["pisni.org.ua", "cat:krasa-pryrody", "Пісні про красу природи"]',1,'published',COALESCE((SELECT created_at FROM songs WHERE id='pisniua_417131'), datetime('now')),datetime('now'));
INSERT OR REPLACE INTO songs_fts(song_id,title,lyrics) VALUES ('pisniua_417131','Колиска вітру','Intro: Em G Em C

Em
Те джерело кришталевим б''є
G
В синіх горах дивне місце є.
Там юний вітер юність відродив
Коли гойдаються свої.

Цілу ніч я з вітром колихався
Він зі мною аж до хмар злітав
Я йому казки розповідав
Він мені свої пісні співав.

На світанку босий я іду
І додому стежки не знайду
Мене мій вітер в полі переймав
І на прощання ніжно обіймав

Цілий день із вітром ми прощались
Поки денний вечір не настав
Я йому казки розповідав
Він мені свої пісні співав.');
INSERT OR REPLACE INTO song_links (id,song_id,title,url,kind,version_id,sort_order) VALUES ('pisniua_417131_l1','pisniua_417131','YouTube','https://www.youtube.com/watch?v=HqnZmvTVXeE','video',NULL,1);
INSERT OR REPLACE INTO songs (id,title,subtitle,lang,country,period,year,source,notes,lyrics,tags_json,lang_locked,status,created_at,updated_at) VALUES ('pisniua_4172338','Ярославська Божа Мати','(Милосердя двері). Музика: Д. Кашубинський Слова: о. В. Романовський','uk','ukraine_1991',NULL,NULL,'Господь - моя пісня: Збірник релігійних пісень. - Львів: Свідчадо, 2005. - 656 с.',NULL,'Милосердя двері, Діво Божа Мати,
Ми Твої діти прийшли Тя благати,
Ти - наша поміч, наша надіє,
О, Ярославська Мати Маріє!

В наших всіх потребах душі і тіла,
Щоб наша молитва до Бога злетіла.
Ти - наша поміч, наша надіє,
О, Ярославська Мати Маріє!

Твоя ікона від віків чудесна,
В Ярославі місті Богу прелесна.
Ти - наша поміч, наша надіє,
О, Ярославська Мати Маріє!

Поміч Твоя знана нам, Царице світа,
України дітям від тисячоліття.
Ти - наша поміч, наша надіє,
О, Ярославська Мати Маріє!

У недугах тіла Ти поміч єдина,
В нещастях людських молиш за нас Сина.
Ти - наша поміч, наша надіє,
О, Ярославська Мати Маріє!

Горнеш всіх до себе, двері отвираєш,
До неба провадиш, від пекла спасаєш.
Ти - наша поміч, наша надіє,
О, Ярославська Мати Маріє!

Ти - дорога в небо, для слуг Твоїх вірних,
Осудиш грішних рабів непокірних.
Ти - наша поміч, наша надіє,
О, Ярославська Мати Маріє!

Прийми ж наші мольби, прийми і офіру,
Занеси до Бога і скріпи в нас віру.
Ти - наша поміч, наша надіє,
О, Ярославська Мати Маріє!

Будем Тя славити, Діво, Божа Мати,
Твою ікону в віки величати.
Ти - наша поміч, наша надіє,
О, Ярославська Мати Маріє!

А коли перейдем із світа порога,
Веди наші душі до самого Бога.
Ти - наша поміч, наша надіє,
О, Ярославська Мати Маріє!

Ми в Твої руки кладем нашу долю,
Вимоли у свого Сина для народу волю!
Ти - наша поміч, наша надіє,
О, Ярославська Мати Маріє!','["pisni.org.ua", "cat:do-bohorodyci", "Пісні до Богородиці"]',1,'published',COALESCE((SELECT created_at FROM songs WHERE id='pisniua_4172338'), datetime('now')),datetime('now'));
INSERT OR REPLACE INTO songs_fts(song_id,title,lyrics) VALUES ('pisniua_4172338','Ярославська Божа Мати','Милосердя двері, Діво Божа Мати,
Ми Твої діти прийшли Тя благати,
Ти - наша поміч, наша надіє,
О, Ярославська Мати Маріє!

В наших всіх потребах душі і тіла,
Щоб наша молитва до Бога злетіла.
Ти - наша поміч, наша надіє,
О, Ярославська Мати Маріє!

Твоя ікона від віків чудесна,
В Ярославі місті Богу прелесна.
Ти - наша поміч, наша надіє,
О, Ярославська Мати Маріє!

Поміч Твоя знана нам, Царице світа,
України дітям від тисячоліття.
Ти - наша поміч, наша надіє,
О, Ярославська Мати Маріє!

У недугах тіла Ти поміч єдина,
В нещастях людських молиш за нас Сина.
Ти - наша поміч, наша надіє,
О, Ярославська Мати Маріє!

Горнеш всіх до себе, двері отвираєш,
До неба провадиш, від пекла спасаєш.
Ти - наша поміч, наша надіє,
О, Ярославська Мати Маріє!

Ти - дорога в небо, для слуг Твоїх вірних,
Осудиш грішних рабів непокірних.
Ти - наша поміч, наша надіє,
О, Ярославська Мати Маріє!

Прийми ж наші мольби, прийми і офіру,
Занеси до Бога і скріпи в нас віру.
Ти - наша поміч, наша надіє,
О, Ярославська Мати Маріє!

Будем Тя славити, Діво, Божа Мати,
Твою ікону в віки величати.
Ти - наша поміч, наша надіє,
О, Ярославська Мати Маріє!

А коли перейдем із світа порога,
Веди наші душі до самого Бога.
Ти - наша поміч, наша надіє,
О, Ярославська Мати Маріє!

Ми в Твої руки кладем нашу долю,
Вимоли у свого Сина для народу волю!
Ти - наша поміч, наша надіє,
О, Ярославська Мати Маріє!');
INSERT OR REPLACE INTO songs (id,title,subtitle,lang,country,period,year,source,notes,lyrics,tags_json,lang_locked,status,created_at,updated_at) VALUES ('pisniua_4172634','Пісню слави заспіваймо','Слова: о. Й. Кишакевич','uk','ukraine_1991',NULL,NULL,'Господь - моя пісня: Збірник релігійних пісень. - Львів: Свідчадо, 2005. - 656 с.',NULL,'Пісню слави заспіваймо
Щирим серцем нині враз,
Йосафата звеличаймо
В цей святий великий час!
Він за церкву і за віру,     |
Яу ясний борець Христа,      |
Все, що мав, приніс в офіру: |
Душу, тіло, кров, життя.     | (2)

А ми нині, браття, згідно
Злучені в любові Христа,
Господа благаймо гідно,
Щоб пролита кров свята
Посівом спасенним стала      |
Віри єдности Церков,         |
Щоб навіки всіх з''єднала     |
Під Христову хоругов!        | (2)','["pisni.org.ua", "cat:cerkovni", "Церковні пісні"]',1,'published',COALESCE((SELECT created_at FROM songs WHERE id='pisniua_4172634'), datetime('now')),datetime('now'));
INSERT OR REPLACE INTO songs_fts(song_id,title,lyrics) VALUES ('pisniua_4172634','Пісню слави заспіваймо','Пісню слави заспіваймо
Щирим серцем нині враз,
Йосафата звеличаймо
В цей святий великий час!
Він за церкву і за віру,     |
Яу ясний борець Христа,      |
Все, що мав, приніс в офіру: |
Душу, тіло, кров, життя.     | (2)

А ми нині, браття, згідно
Злучені в любові Христа,
Господа благаймо гідно,
Щоб пролита кров свята
Посівом спасенним стала      |
Віри єдности Церков,         |
Щоб навіки всіх з''єднала     |
Під Христову хоругов!        | (2)');
INSERT OR REPLACE INTO song_links (id,song_id,title,url,kind,version_id,sort_order) VALUES ('pisniua_4172634_l1','pisniua_4172634','YouTube','https://www.youtube.com/watch?v=es2_bbwTm44','video',NULL,1);
INSERT OR REPLACE INTO songs (id,title,subtitle,lang,country,period,year,source,notes,lyrics,tags_json,lang_locked,status,created_at,updated_at) VALUES ('pisniua_4170931','Пливе народ','Слова: о. Д. П.','uk','ukraine_1991',NULL,NULL,'Господь - моя пісня: Збірник релігійних пісень. - Львів: Свідчадо, 2005. - 656 с.',NULL,'Пливе народ, як в морі хвилі,
З Єрусалимських всіх доріг,
І пальм гілки і квітки розцвілі
Христові кидає до ніг!

Пісні "Осанна" невгомонні
Несуться у гаї, яри,
І будять відгомони сонні
Верхи Оливної гори.

Пливе народ Христа вітати,
Пливе народ по вулицях,
На всіх обличчях усміх знати
І щиру радість ув очах.

А сам Христос жалібним зором
Журливо дивиться на них:
Ті люди завтра крикнуть хором
Вже не "Осанна", а "Розпни!"','["pisni.org.ua", "cat:cerkovni", "Церковні пісні"]',1,'published',COALESCE((SELECT created_at FROM songs WHERE id='pisniua_4170931'), datetime('now')),datetime('now'));
INSERT OR REPLACE INTO songs_fts(song_id,title,lyrics) VALUES ('pisniua_4170931','Пливе народ','Пливе народ, як в морі хвилі,
З Єрусалимських всіх доріг,
І пальм гілки і квітки розцвілі
Христові кидає до ніг!

Пісні "Осанна" невгомонні
Несуться у гаї, яри,
І будять відгомони сонні
Верхи Оливної гори.

Пливе народ Христа вітати,
Пливе народ по вулицях,
На всіх обличчях усміх знати
І щиру радість ув очах.

А сам Христос жалібним зором
Журливо дивиться на них:
Ті люди завтра крикнуть хором
Вже не "Осанна", а "Розпни!"');
INSERT OR REPLACE INTO songs (id,title,subtitle,lang,country,period,year,source,notes,lyrics,tags_json,lang_locked,status,created_at,updated_at) VALUES ('pisniua_4171230','Тавор-гора засіяла','Слова: о. М. Л.','uk','ukraine_1991',NULL,NULL,'Господь - моя пісня: Збірник релігійних пісень. - Львів: Свідчадо, 2005. - 656 с.',NULL,'Тавор-гора засіяла,
Величіє торжество,
На ній явив Христос Господь |
Славу свого Божества.       | (2)

Там з неба зійшли пророки
Славні Іллія, Мойсей,
А Божий голос пролунав:     |
"Це Мій Син возлюблений!"   | (2)

Апостоли же Христові
Петро, Яков і Йоан,
Як узріли Христа в славі,   |
Возхитались к небесам.      | (2)

Преобразився Син Божий
І просвітився Тавор,
Його славили пророки        |
І апостольський собор.      | (2)

О, Ісусе, Спасе милий,
І ми славимо Тя всі,
Дай нам зріти свою славу    |
На всі віки в небесах!      | (2)','["pisni.org.ua", "cat:christ", "Пісні до Ісуса Христа"]',1,'published',COALESCE((SELECT created_at FROM songs WHERE id='pisniua_4171230'), datetime('now')),datetime('now'));
INSERT OR REPLACE INTO songs_fts(song_id,title,lyrics) VALUES ('pisniua_4171230','Тавор-гора засіяла','Тавор-гора засіяла,
Величіє торжество,
На ній явив Христос Господь |
Славу свого Божества.       | (2)

Там з неба зійшли пророки
Славні Іллія, Мойсей,
А Божий голос пролунав:     |
"Це Мій Син возлюблений!"   | (2)

Апостоли же Христові
Петро, Яков і Йоан,
Як узріли Христа в славі,   |
Возхитались к небесам.      | (2)

Преобразився Син Божий
І просвітився Тавор,
Його славили пророки        |
І апостольський собор.      | (2)

О, Ісусе, Спасе милий,
І ми славимо Тя всі,
Дай нам зріти свою славу    |
На всі віки в небесах!      | (2)');
INSERT OR REPLACE INTO songs (id,title,subtitle,lang,country,period,year,source,notes,lyrics,tags_json,lang_locked,status,created_at,updated_at) VALUES ('pisniua_4171333','В Єрусалимськім храмі','Слова: о. Й. Кишакевич','uk','ukraine_1991',NULL,NULL,'Господь - моя пісня: Збірник релігійних пісень. - Львів: Свідчадо, 2005. - 656 с.',NULL,'В Єрусалимськім храмі новина:
Богу на службу прийшла дитина,
Невинна, чиста, як та лелія,     |
Пренепорочна Діва Марія.         | (2)

А в храмі тихо, як серед ночі,
Чути — молитву тихо шепоче:
"Тобі служити хочу невпинно,     |
Віддати в жертву серце невинне!" | (2)

Вибрана Богом, щаслива днино,
Пренепорочна, свята дитино,
Допоможи нам серцем невинним     |
І нам служити Богу невпинно.     | (2)

Тремтять маленькі святі долоні,
Лице пречисте, наче в короні,
Дуги і сонця блиском зоріє,      |
Як в світлі сонця листки лелії.  | (2)

Допоможи нам, дитя Маріє,
Ти всьому світу вічна надіє,
Щоб ми всі разом колись в спокою |
Служили Богу вічно з Тобою.      | (2)','["pisni.org.ua", "cat:cerkovni", "cat:do-bohorodyci", "Церковні пісні", "Пісні до Богородиці"]',1,'published',COALESCE((SELECT created_at FROM songs WHERE id='pisniua_4171333'), datetime('now')),datetime('now'));
INSERT OR REPLACE INTO songs_fts(song_id,title,lyrics) VALUES ('pisniua_4171333','В Єрусалимськім храмі','В Єрусалимськім храмі новина:
Богу на службу прийшла дитина,
Невинна, чиста, як та лелія,     |
Пренепорочна Діва Марія.         | (2)

А в храмі тихо, як серед ночі,
Чути — молитву тихо шепоче:
"Тобі служити хочу невпинно,     |
Віддати в жертву серце невинне!" | (2)

Вибрана Богом, щаслива днино,
Пренепорочна, свята дитино,
Допоможи нам серцем невинним     |
І нам служити Богу невпинно.     | (2)

Тремтять маленькі святі долоні,
Лице пречисте, наче в короні,
Дуги і сонця блиском зоріє,      |
Як в світлі сонця листки лелії.  | (2)

Допоможи нам, дитя Маріє,
Ти всьому світу вічна надіє,
Щоб ми всі разом колись в спокою |
Служили Богу вічно з Тобою.      | (2)');
INSERT OR REPLACE INTO song_links (id,song_id,title,url,kind,version_id,sort_order) VALUES ('pisniua_4171333_l1','pisniua_4171333','YouTube','https://www.youtube.com/watch?v=nwCdWwlKyIA','video',NULL,1);
INSERT OR REPLACE INTO songs (id,title,subtitle,lang,country,period,year,source,notes,lyrics,tags_json,lang_locked,status,created_at,updated_at) VALUES ('pisniua_4172436','Веселися, Захаріє','Слова: о. М. Л.','uk','ukraine_1991',NULL,NULL,'Господь - моя пісня: Збірник релігійних пісень. - Львів: Свідчадо, 2005. - 656 с.',NULL,'Веселися, Захаріє, днесь уже промов,
Син тобі народився, Предтеча Христов.
Від Бога тобі даний,     |
Гавриїлом предсказаний,  |
Преславний Йоан!         | (2)

Дух Святий його ще в лоні матернім святив
І понад усіх пророків вище поставив.
Христос його вихваляє    |
І ангелом називає        |
Предтечу свого.          | (2)

Радуйся, святий Йоане, Предтече Христов,
Через тебе путь Господень станеться готов.
Ти в покорі на пустині   |
Від маленької дитини     |
Свято пережив.           | (2)

У Йордані ти, Йоане, Ісуса хрестив,
Тож і Його Хрестителем зватись сподобив.
Тебе просим і благаєм,   |
Благай Бога, тя взиваєм, |
Предтече Христов.        | (2)','["pisni.org.ua", "cat:cerkovni", "Церковні пісні"]',1,'published',COALESCE((SELECT created_at FROM songs WHERE id='pisniua_4172436'), datetime('now')),datetime('now'));
INSERT OR REPLACE INTO songs_fts(song_id,title,lyrics) VALUES ('pisniua_4172436','Веселися, Захаріє','Веселися, Захаріє, днесь уже промов,
Син тобі народився, Предтеча Христов.
Від Бога тобі даний,     |
Гавриїлом предсказаний,  |
Преславний Йоан!         | (2)

Дух Святий його ще в лоні матернім святив
І понад усіх пророків вище поставив.
Христос його вихваляє    |
І ангелом називає        |
Предтечу свого.          | (2)

Радуйся, святий Йоане, Предтече Христов,
Через тебе путь Господень станеться готов.
Ти в покорі на пустині   |
Від маленької дитини     |
Свято пережив.           | (2)

У Йордані ти, Йоане, Ісуса хрестив,
Тож і Його Хрестителем зватись сподобив.
Тебе просим і благаєм,   |
Благай Бога, тя взиваєм, |
Предтече Христов.        | (2)');
INSERT OR REPLACE INTO songs (id,title,subtitle,lang,country,period,year,source,notes,lyrics,tags_json,lang_locked,status,created_at,updated_at) VALUES ('pisniua_4173083','А-а-а-а, котки два','Українська народна пісня','uk','ukraine_before_1917',NULL,NULL,'Книга: Дитячий фольклор,Київ,"Дніпро"1986',NULL,'А-а-а-а, котки два,
Шарі-бурі обидва.
Один пішов по миші,
Другий Юру колише.
Що ж ви, котки, зробили,
Що ви Юру збудили.
Ни-ни, ни-ни, ни-ни,
Пішли діти по малини.
А малини не зродили,
Наші діти поблудили.','["pisni.org.ua", "cat:kolyskovi", "Колискові"]',1,'published',COALESCE((SELECT created_at FROM songs WHERE id='pisniua_4173083'), datetime('now')),datetime('now'));
INSERT OR REPLACE INTO songs_fts(song_id,title,lyrics) VALUES ('pisniua_4173083','А-а-а-а, котки два','А-а-а-а, котки два,
Шарі-бурі обидва.
Один пішов по миші,
Другий Юру колише.
Що ж ви, котки, зробили,
Що ви Юру збудили.
Ни-ни, ни-ни, ни-ни,
Пішли діти по малини.
А малини не зродили,
Наші діти поблудили.');
INSERT OR REPLACE INTO songs (id,title,subtitle,lang,country,period,year,source,notes,lyrics,tags_json,lang_locked,status,created_at,updated_at) VALUES ('pisniua_4172930','Ой кіт-воркіт','Українська народна пісня','uk','ukraine_before_1917',NULL,NULL,'Книга: Дитячий фольклор,Київ,"Дніпро"1986',NULL,'Ой кіт-воркіт
Да на віконечко скік,
А з віконця в хижку,
Піймав котик мишку,
Кинув у колиску.
Мишка буде грати,
Котик воркотати;
Дитя буде спати
І щастячко мати!','["pisni.org.ua", "cat:kolyskovi", "Колискові"]',1,'published',COALESCE((SELECT created_at FROM songs WHERE id='pisniua_4172930'), datetime('now')),datetime('now'));
INSERT OR REPLACE INTO songs_fts(song_id,title,lyrics) VALUES ('pisniua_4172930','Ой кіт-воркіт','Ой кіт-воркіт
Да на віконечко скік,
А з віконця в хижку,
Піймав котик мишку,
Кинув у колиску.
Мишка буде грати,
Котик воркотати;
Дитя буде спати
І щастячко мати!');
INSERT OR REPLACE INTO songs (id,title,subtitle,lang,country,period,year,source,notes,lyrics,tags_json,lang_locked,status,created_at,updated_at) VALUES ('pisniua_4171287','Засіяла днесь зірниця','Слова: о. М. Л.','uk','ukraine_1991',NULL,NULL,'Господь - моя пісня: Збірник релігійних пісень. - Львів: Свідчадо, 2005. - 656 с.',NULL,'Засіяла днесь зірниця,
Тішся, роде весь,
Звістить вона близький прихід |
Бога із небес!                | (2)

Не тужіть, Адаме, Єво,
Плач в радість ся змінить,
Темна ніч вже проминула,      |
Милий настав світ.            | (2)

І ви, святі патріархи,
Радо співайте,
Непорочну Діву чисту          |
Всі прославляйте.             | (2)

Вся земля хай веселиться
І хай співає,
Рождество Марії Діви          |
Весь мир прославляє.          | (2)','["pisni.org.ua", "cat:do-bohorodyci", "Пісні до Богородиці"]',1,'published',COALESCE((SELECT created_at FROM songs WHERE id='pisniua_4171287'), datetime('now')),datetime('now'));
INSERT OR REPLACE INTO songs_fts(song_id,title,lyrics) VALUES ('pisniua_4171287','Засіяла днесь зірниця','Засіяла днесь зірниця,
Тішся, роде весь,
Звістить вона близький прихід |
Бога із небес!                | (2)

Не тужіть, Адаме, Єво,
Плач в радість ся змінить,
Темна ніч вже проминула,      |
Милий настав світ.            | (2)

І ви, святі патріархи,
Радо співайте,
Непорочну Діву чисту          |
Всі прославляйте.             | (2)

Вся земля хай веселиться
І хай співає,
Рождество Марії Діви          |
Весь мир прославляє.          | (2)');
INSERT OR REPLACE INTO songs (id,title,subtitle,lang,country,period,year,source,notes,lyrics,tags_json,lang_locked,status,created_at,updated_at) VALUES ('pisniua_4173434','Дощик','Музика: Наталія Май Слова: Наталія Май. Виконує: Наталія Май, Резонанс','uk','ukraine_1991',NULL,NULL,'аудіозапис',NULL,'Знов на дворі дощик накрапає,
І чомусь так сумно стало всім,
Я веселу пісню заспіваю -
Може, перестане плакать він.

Приспів:
Я свої долоньки простягну до неба,
Погойдаю хмарки голубі,
Сонечко хай сяє, а дощу не треба.
Чуєш мене, дощику? - Я кажу тобі.

Кажуть під дощем ростуть малята,
Тільки мама каже навпаки
І не дозволяє нам гуляти,
Ось, чому сумують малюки.

Приспів.

Знов на дворі дощик накрапає,
І чомусь так сумно стало всім,
Я веселу пісню заспіваю -
Може, перестане плакать він.

Приспів','["pisni.org.ua", "cat:dytyachi", "Дитячі пісні"]',1,'published',COALESCE((SELECT created_at FROM songs WHERE id='pisniua_4173434'), datetime('now')),datetime('now'));
INSERT OR REPLACE INTO songs_fts(song_id,title,lyrics) VALUES ('pisniua_4173434','Дощик','Знов на дворі дощик накрапає,
І чомусь так сумно стало всім,
Я веселу пісню заспіваю -
Може, перестане плакать він.

Приспів:
Я свої долоньки простягну до неба,
Погойдаю хмарки голубі,
Сонечко хай сяє, а дощу не треба.
Чуєш мене, дощику? - Я кажу тобі.

Кажуть під дощем ростуть малята,
Тільки мама каже навпаки
І не дозволяє нам гуляти,
Ось, чому сумують малюки.

Приспів.

Знов на дворі дощик накрапає,
І чомусь так сумно стало всім,
Я веселу пісню заспіваю -
Може, перестане плакать він.

Приспів');
INSERT OR REPLACE INTO song_links (id,song_id,title,url,kind,version_id,sort_order) VALUES ('pisniua_4173434_l1','pisniua_4173434','YouTube','https://www.youtube.com/watch?v=LcH2dUTIC3U','video',NULL,1);
INSERT OR REPLACE INTO song_links (id,song_id,title,url,kind,version_id,sort_order) VALUES ('pisniua_4173434_l2','pisniua_4173434','YouTube','https://www.youtube.com/watch?v=ZVSYf-DmbVM','video',NULL,2);
INSERT OR REPLACE INTO songs (id,title,subtitle,lang,country,period,year,source,notes,lyrics,tags_json,lang_locked,status,created_at,updated_at) VALUES ('pisniua_41735','Жила-була царівна','(Царівна). Українська народна пісня','uk','ukraine_1991',NULL,'1998','А вже весна скресла. Збірник гаївок. Львів, 2003.','Записано 1998 року під час фольклорно-етнографічної експедиції "Джерела Божої криниці" в с. Розжалів Радехівського району Львівської області від Греви Анни. Опис гри: Усі стають у коло, беруться за руки. У середину по черзі виходять Царівна, Відьма, Царевич і виконують дії, про які співається. Кожен рядок співається, як перша строфа.','Жила-була царівна, царівна, царівна.
Жила-була царівна, царівна молода.

Царівно, бійся відьми злої... відьми злої!
Аж раз прийшла та відьма зла... відьма зла:
“Засни, царівно, на сто літ… на сто літ!”
І все заснуло твердим сном... твердим сном.
І виріс там густий бур’ян... густий бур’ян.
Аж раз прийшов царевич... царевич молодий.
Він поцілунком розбудив…царівну молоду.
І було в них весілля... весілля в них було.
І всі кричали слава... слава! (...тій парі молодій).
І були в них христини... христини в них були.
І всі кричали слава... слава тій парі молодій.
І виріс тут густий паркан... густий паркан.    Основна мелодія','["pisni.org.ua", "cat:vesnyanky-hayivky", "Веснянки та гаївки"]',1,'published',COALESCE((SELECT created_at FROM songs WHERE id='pisniua_41735'), datetime('now')),datetime('now'));
INSERT OR REPLACE INTO songs_fts(song_id,title,lyrics) VALUES ('pisniua_41735','Жила-була царівна','Жила-була царівна, царівна, царівна.
Жила-була царівна, царівна молода.

Царівно, бійся відьми злої... відьми злої!
Аж раз прийшла та відьма зла... відьма зла:
“Засни, царівно, на сто літ… на сто літ!”
І все заснуло твердим сном... твердим сном.
І виріс там густий бур’ян... густий бур’ян.
Аж раз прийшов царевич... царевич молодий.
Він поцілунком розбудив…царівну молоду.
І було в них весілля... весілля в них було.
І всі кричали слава... слава! (...тій парі молодій).
І були в них христини... христини в них були.
І всі кричали слава... слава тій парі молодій.
І виріс тут густий паркан... густий паркан.    Основна мелодія');
INSERT OR REPLACE INTO songs (id,title,subtitle,lang,country,period,year,source,notes,lyrics,tags_json,lang_locked,status,created_at,updated_at) VALUES ('pisniua_4173532','Акація','Музика: Павло Доскоч Слова: Павло Доскоч. Виконує: Павло Доскоч','uk','ukraine_1991',NULL,NULL,NULL,NULL,'Червень поволі гойда, ранні акацій сни,
Там я признався тобі, що покохав назавжди.
Солодко медом цвіла пишна акація біла,
Тільки не знала вона, з іншим заручена мила.

Приспів:
Мов наречена розцвіла акація,   |
Медовим цвітом напоїла сни.     |
До неї я спішу як на побачення, |
Щоб запитати, де тебе знайти.   | (2)

Ти пам''ятаєш ті дні, може згадай, я чекаю,
Як признавався її в тому, що вірно кохаю.
Але вона, наче ти, пишно розмаяло літом,
Слова - колючі шипи, вкриті замріяним цвітом.

Приспів.

Роки так скоро змело, тільки до себе здалека,
Кличе мене за село, акація - біла лелека.
Не забарюся, прийду і навіть трішечки скучу,
Легко її пригорну акацію ніжну, колючу.

Приспів.','["pisni.org.ua", "cat:krasa-pryrody", "Пісні про красу природи"]',1,'published',COALESCE((SELECT created_at FROM songs WHERE id='pisniua_4173532'), datetime('now')),datetime('now'));
INSERT OR REPLACE INTO songs_fts(song_id,title,lyrics) VALUES ('pisniua_4173532','Акація','Червень поволі гойда, ранні акацій сни,
Там я признався тобі, що покохав назавжди.
Солодко медом цвіла пишна акація біла,
Тільки не знала вона, з іншим заручена мила.

Приспів:
Мов наречена розцвіла акація,   |
Медовим цвітом напоїла сни.     |
До неї я спішу як на побачення, |
Щоб запитати, де тебе знайти.   | (2)

Ти пам''ятаєш ті дні, може згадай, я чекаю,
Як признавався її в тому, що вірно кохаю.
Але вона, наче ти, пишно розмаяло літом,
Слова - колючі шипи, вкриті замріяним цвітом.

Приспів.

Роки так скоро змело, тільки до себе здалека,
Кличе мене за село, акація - біла лелека.
Не забарюся, прийду і навіть трішечки скучу,
Легко її пригорну акацію ніжну, колючу.

Приспів.');
INSERT OR REPLACE INTO song_links (id,song_id,title,url,kind,version_id,sort_order) VALUES ('pisniua_4173532_l1','pisniua_4173532','YouTube','https://www.youtube.com/watch?v=fkDKPIWHs7A','video',NULL,1);
INSERT OR REPLACE INTO songs (id,title,subtitle,lang,country,period,year,source,notes,lyrics,tags_json,lang_locked,status,created_at,updated_at) VALUES ('pisniua_417333','Файне місто Тернопіль','Музика: Брати Гадюкіни Слова: Брати Гадюкіни. Виконує: Брати Гадюкіни, Русичі','uk','ukraine_before_1917',NULL,NULL,NULL,NULL,'Програш-1:  A A D A Asus4 A (x2)

Програш-2:  A Asus4 A1+5 Asus4 A (x4)

A
Я мав сімнадцять років, я вчитися не хтів
A
Я втік від мами з татом, я болт на все забив
A
В Тернополі торчав катав у ширку дімедрол
A
Я ненавидів поп, я слухав тіко рок-н-рол

Приспів
Камон Вася, старайся не трусити попіл
Добий, бродяга, п''ятку і поїдем
A
В файне місто Тернопіль

Програш-2 (x4)

Я там зустрів чувіху їй шістнадцяти не було
Зовсім малолєтка, але в ліжку як акула
Я з нею все забув, забув про ширку й дімедрол
Але вона любила диско, а не рок-н-рол

Приспів

Програш-2 (x4)

Програш-3:      A D A-A
A A A A (x3)

Програш-2 (x2)

Вона крутила БоніЕм і я від того звар''ював
Нагнав її із хати, ше й під сраку надавав
І хоч я понімав, шо то в свої ворота гол
Але баби на час - форева онлі рок-н-рол

Приспів
Програш-3:      A Asus4 A1+5 Asus4 A (x2)
A Asus4 A1+5 Asus4 A
D (пауза)
A Asus4 A1+5 Asus4 A (x4)

Програш-1 (x2)

Файне місто Тернопіль (х4)  A A D A
Добий бродяга п''ятку
І поїдем в файне місто Тернопіль','["pisni.org.ua", "cat:philosophic", "cat:zhartivlyvi", "Філософські пісні", "Жартівливі пісні"]',1,'published',COALESCE((SELECT created_at FROM songs WHERE id='pisniua_417333'), datetime('now')),datetime('now'));
INSERT OR REPLACE INTO songs_fts(song_id,title,lyrics) VALUES ('pisniua_417333','Файне місто Тернопіль','Програш-1:  A A D A Asus4 A (x2)

Програш-2:  A Asus4 A1+5 Asus4 A (x4)

A
Я мав сімнадцять років, я вчитися не хтів
A
Я втік від мами з татом, я болт на все забив
A
В Тернополі торчав катав у ширку дімедрол
A
Я ненавидів поп, я слухав тіко рок-н-рол

Приспів
Камон Вася, старайся не трусити попіл
Добий, бродяга, п''ятку і поїдем
A
В файне місто Тернопіль

Програш-2 (x4)

Я там зустрів чувіху їй шістнадцяти не було
Зовсім малолєтка, але в ліжку як акула
Я з нею все забув, забув про ширку й дімедрол
Але вона любила диско, а не рок-н-рол

Приспів

Програш-2 (x4)

Програш-3:      A D A-A
A A A A (x3)

Програш-2 (x2)

Вона крутила БоніЕм і я від того звар''ював
Нагнав її із хати, ше й під сраку надавав
І хоч я понімав, шо то в свої ворота гол
Але баби на час - форева онлі рок-н-рол

Приспів
Програш-3:      A Asus4 A1+5 Asus4 A (x2)
A Asus4 A1+5 Asus4 A
D (пауза)
A Asus4 A1+5 Asus4 A (x4)

Програш-1 (x2)

Файне місто Тернопіль (х4)  A A D A
Добий бродяга п''ятку
І поїдем в файне місто Тернопіль');
INSERT OR REPLACE INTO song_links (id,song_id,title,url,kind,version_id,sort_order) VALUES ('pisniua_417333_l1','pisniua_417333','YouTube','https://www.youtube.com/watch?v=HRqstELBTOw','video',NULL,1);
INSERT OR REPLACE INTO song_links (id,song_id,title,url,kind,version_id,sort_order) VALUES ('pisniua_417333_l2','pisniua_417333','YouTube','https://www.youtube.com/watch?v=Cah4MJiVUFI','video',NULL,2);
INSERT OR REPLACE INTO song_links (id,song_id,title,url,kind,version_id,sort_order) VALUES ('pisniua_417333_l3','pisniua_417333','http://accords.com.ua/song/312871','http://accords.com.ua/song/312871','external',NULL,3);
INSERT OR REPLACE INTO songs (id,title,subtitle,lang,country,period,year,source,notes,lyrics,tags_json,lang_locked,status,created_at,updated_at) VALUES ('pisniua_417434','Чорна кава','Музика: Ярослав Борута Слова: Михайло Тавшунський','uk','ukraine_1991',NULL,NULL,NULL,'Можна виконувати як одноосібно, так і дуетом','Є у мене нiжнi чуйнi друзi,
Як зберуться разом - цiла лава.
Довго їх тримаю у напрузi,
I себе також, та в мене кава.

Приспiв:
Чорна кава, чорна кава,
З бiлими вершками,
Я лукава, як ласкава
Iз чоловiками?

Перед тим, як пiдуть друзi з хати,
Ворожу собi та їм на кавi:
Чом нiяк не можу покохати,
Хоч є хлопцi гарнi та цiкавi.

Приспiв.

Подруги всi кажуть: "Надто горда,
Довго обираєш, наче пава."
Втiм, не кожне коло рiже хорда.
Може винна я, а може - кава.

Приспiв:
Чорна кава, чорна кава,
З бiлими вершками,
Я лукава чи ласкава
Iз чоловiками?','["pisni.org.ua", "cat:romansy", "Романси"]',1,'published',COALESCE((SELECT created_at FROM songs WHERE id='pisniua_417434'), datetime('now')),datetime('now'));
INSERT OR REPLACE INTO songs_fts(song_id,title,lyrics) VALUES ('pisniua_417434','Чорна кава','Є у мене нiжнi чуйнi друзi,
Як зберуться разом - цiла лава.
Довго їх тримаю у напрузi,
I себе також, та в мене кава.

Приспiв:
Чорна кава, чорна кава,
З бiлими вершками,
Я лукава, як ласкава
Iз чоловiками?

Перед тим, як пiдуть друзi з хати,
Ворожу собi та їм на кавi:
Чом нiяк не можу покохати,
Хоч є хлопцi гарнi та цiкавi.

Приспiв.

Подруги всi кажуть: "Надто горда,
Довго обираєш, наче пава."
Втiм, не кожне коло рiже хорда.
Може винна я, а може - кава.

Приспiв:
Чорна кава, чорна кава,
З бiлими вершками,
Я лукава чи ласкава
Iз чоловiками?');
INSERT OR REPLACE INTO songs (id,title,subtitle,lang,country,period,year,source,notes,lyrics,tags_json,lang_locked,status,created_at,updated_at) VALUES ('pisniua_4174230','А-а, люлі, спатки','Українська народна пісня','uk','ukraine_before_1917',NULL,NULL,'Книга: Дитячий фольклор,Київ,"Дніпро"1986',NULL,'А-а, люлі, спатки,
Нема дома матки,
Поїхала на торжок
Купувати пиріжок.
А як купим пиріжок
Та медом помажем,
Дитині покажем,
Самі із''їмо,
А дитині не дамо.','["pisni.org.ua", "cat:dytyachi", "cat:kolyskovi", "cat:narodni", "Дитячі пісні", "Колискові", "Народні пісні"]',1,'published',COALESCE((SELECT created_at FROM songs WHERE id='pisniua_4174230'), datetime('now')),datetime('now'));
INSERT OR REPLACE INTO songs_fts(song_id,title,lyrics) VALUES ('pisniua_4174230','А-а, люлі, спатки','А-а, люлі, спатки,
Нема дома матки,
Поїхала на торжок
Купувати пиріжок.
А як купим пиріжок
Та медом помажем,
Дитині покажем,
Самі із''їмо,
А дитині не дамо.');
INSERT OR REPLACE INTO songs (id,title,subtitle,lang,country,period,year,source,notes,lyrics,tags_json,lang_locked,status,created_at,updated_at) VALUES ('pisniua_4175232','Летіла пава','Українська народна пісня','uk','ukraine_before_1917',NULL,NULL,'Антологія лемківської пісні, Львів, "Афіша", 2005, с.137','Опр. для хору Євген Козак','1. Летіла пава, летіла, (2)
Злоте перечко згубила. (2)

2. Летіла пава без гори (2)
До свойой любой матери. (2)

3. Там єй весіля стояло, (2)
Там шість труб грало, ой, грало. (2)

4. Ой, грайте труби і баси, (2)
Згадаю дівоцькі часи. (2)

5. Грайте, гудаки, весело, (2)
Закля мій вінок над чолом. (2)

6. Як я ся вінка позбуду, (2)
Така весела не буду. (2)','["pisni.org.ua", "cat:lemkivski", "Лемківські пісні"]',1,'published',COALESCE((SELECT created_at FROM songs WHERE id='pisniua_4175232'), datetime('now')),datetime('now'));
INSERT OR REPLACE INTO songs_fts(song_id,title,lyrics) VALUES ('pisniua_4175232','Летіла пава','1. Летіла пава, летіла, (2)
Злоте перечко згубила. (2)

2. Летіла пава без гори (2)
До свойой любой матери. (2)

3. Там єй весіля стояло, (2)
Там шість труб грало, ой, грало. (2)

4. Ой, грайте труби і баси, (2)
Згадаю дівоцькі часи. (2)

5. Грайте, гудаки, весело, (2)
Закля мій вінок над чолом. (2)

6. Як я ся вінка позбуду, (2)
Така весела не буду. (2)');
INSERT OR REPLACE INTO songs (id,title,subtitle,lang,country,period,year,source,notes,lyrics,tags_json,lang_locked,status,created_at,updated_at) VALUES ('pisniua_4175137','Прощавай, рідна школо!','Музика: Ірина Тарнавська Слова: Ірина Тарнавська. Виконує: Маша Головатенко','uk','ukraine_1991',NULL,NULL,NULL,NULL,'Сяду за останню парту,
Сад шумить біля вікна...
І вже згадувать не варто
Що за вікнами весна.
Ви запам''ятайте всіх нас
Тільки юними.
Ми йдемо по шляху
Сонячними струнами!

Прощавай, рідна школо,
Скільки доріг навколо,
Але я не забуду тебе!
Перший поклик кохання,
Несміливе зітхання
Знову в серці моїм оживе.

Знову чую щось малеча
Тихо-тихо так лепече,
Хтось знову кумедний дуже
Стоїть в класі у кутку,
Знову цей букварик бачу -
Все, як наяву.
Пригадаю і заплачу,
Першу вчительку свою...','["pisni.org.ua", "cat:shkilni", "Пісні про школу"]',1,'published',COALESCE((SELECT created_at FROM songs WHERE id='pisniua_4175137'), datetime('now')),datetime('now'));
INSERT OR REPLACE INTO songs_fts(song_id,title,lyrics) VALUES ('pisniua_4175137','Прощавай, рідна школо!','Сяду за останню парту,
Сад шумить біля вікна...
І вже згадувать не варто
Що за вікнами весна.
Ви запам''ятайте всіх нас
Тільки юними.
Ми йдемо по шляху
Сонячними струнами!

Прощавай, рідна школо,
Скільки доріг навколо,
Але я не забуду тебе!
Перший поклик кохання,
Несміливе зітхання
Знову в серці моїм оживе.

Знову чую щось малеча
Тихо-тихо так лепече,
Хтось знову кумедний дуже
Стоїть в класі у кутку,
Знову цей букварик бачу -
Все, як наяву.
Пригадаю і заплачу,
Першу вчительку свою...');
INSERT OR REPLACE INTO song_links (id,song_id,title,url,kind,version_id,sort_order) VALUES ('pisniua_4175137_l1','pisniua_4175137','YouTube','https://www.youtube.com/watch?v=j6w0Wgr5CbY','video',NULL,1);
INSERT OR REPLACE INTO songs (id,title,subtitle,lang,country,period,year,source,notes,lyrics,tags_json,lang_locked,status,created_at,updated_at) VALUES ('pisniua_417389','Дай же Боже в добрий час','Українська народна пісня. Виконує: Гуртоправці','uk','ukraine_1991',NULL,'2003','Ой, давно, давно.','"ГУРТОПРАВЦІ" (Гурт) - Весільні ПРИСПІВКИ "Ой чи тур чи тура", Ковельщина. Скрипки: Сергій Охрімчук – Олег Бут, бубон: Ганна Коропниченко, спів: Сусанна Карпенко, Ірина Клименко, Олена Копєйкіна, Маргарита Скаженик, Олександра Стражник, Ольга Полеха. Ой давно-давно. Найдавніша і новіша етнічна музика українців. Гурти "Древо", "Володар" і гуртоправці. Укл. Ірина Клименко (klymenko_iryna@ukr.net). 2003 Ось інші приспівки: Ой Козаче ти гуляй до себе не притуляй А як тоді гуляти як не можна тулити Ой Клим Мати Клим добре було спати з ним Буду сіно громадить щоб іще раз принадить Ой на Печі Перина на Перині Марина На Марині Миколай Боже йому помагай Ой Гриць мене тиць а я впала лежу ниць А я впала тай лежу тай нікому не скажу Ох як добра жінка гляди чоловіка Ой чужого на часок а свого довіка Еротика, жарти, забави: Катерини – Калета – Андрія... Зелені Свята... Гаївки-Великдень... Весілля... Прийди-прийди Серденя на Пухові Подушки. Читати листки, де є згадка з приводу цієї Пісні: Еротичні містерії, Катерини 7.12 — Передріздвяний Святочний час. Еротичні містерії, Калета 13.12 — Передріздвяний Святочний час. Стежки до інших листків про Українські пісні.','Дай же Боже в добрий час як у людей так і в нас
І в добрую годину звеселити родину | (2)

Ой як сват танцює черевики попсує
Ой як тиє попсує то й другиє обує  | (2)

Ой гуляще-гуляще що хороше то й наше
Що погане то не нам нехай нашим ворогам | (2)

Ой що наші вороги покопали ями
Хотіли нас повкидати попадали самі | (2)

Начихалися люди, набрехалися люде
Таки наша Ганнуся господинькою буде | (2)

Ой чи тур чи тура чи хороша Молода
Ой чи тур чи туриця чи хороша молодиця | (2)

А нашая Молода ходить тихо як вода
Хто на неї подивицця в того серце звеселицця
Хто на неї гляне в того серце в''яне

Молодий Молоду покотив по льоду
Уставай Молода бо холодна вода | (2)','["pisni.org.ua", "cat:philosophic", "cat:vesilni", "Філософські пісні", "Весільні пісні"]',1,'published',COALESCE((SELECT created_at FROM songs WHERE id='pisniua_417389'), datetime('now')),datetime('now'));
INSERT OR REPLACE INTO songs_fts(song_id,title,lyrics) VALUES ('pisniua_417389','Дай же Боже в добрий час','Дай же Боже в добрий час як у людей так і в нас
І в добрую годину звеселити родину | (2)

Ой як сват танцює черевики попсує
Ой як тиє попсує то й другиє обує  | (2)

Ой гуляще-гуляще що хороше то й наше
Що погане то не нам нехай нашим ворогам | (2)

Ой що наші вороги покопали ями
Хотіли нас повкидати попадали самі | (2)

Начихалися люди, набрехалися люде
Таки наша Ганнуся господинькою буде | (2)

Ой чи тур чи тура чи хороша Молода
Ой чи тур чи туриця чи хороша молодиця | (2)

А нашая Молода ходить тихо як вода
Хто на неї подивицця в того серце звеселицця
Хто на неї гляне в того серце в''яне

Молодий Молоду покотив по льоду
Уставай Молода бо холодна вода | (2)');
INSERT OR REPLACE INTO songs (id,title,subtitle,lang,country,period,year,source,notes,lyrics,tags_json,lang_locked,status,created_at,updated_at) VALUES ('pisniua_4175436','Гора гора і долина','Українська народна пісня','uk','ukraine_before_1917',NULL,NULL,'Антологія лемківської пісні, Львів, "Афіша", 2005, с.204','Виконує: Михайло Трохановський','1. Гора, гора і долина,
Не видів єм дівча з Угрина,
Ани гнески, ани вчера,
Не витримам до вечера.

2. Гора, гора, дві долини,
Ішло дівча на малини.
На малини сонце світит,
А на дівча краса летит','["pisni.org.ua", "cat:lemkivski", "Лемківські пісні"]',1,'published',COALESCE((SELECT created_at FROM songs WHERE id='pisniua_4175436'), datetime('now')),datetime('now'));
INSERT OR REPLACE INTO songs_fts(song_id,title,lyrics) VALUES ('pisniua_4175436','Гора гора і долина','1. Гора, гора і долина,
Не видів єм дівча з Угрина,
Ани гнески, ани вчера,
Не витримам до вечера.

2. Гора, гора, дві долини,
Ішло дівча на малини.
На малини сонце світит,
А на дівча краса летит');
INSERT OR REPLACE INTO songs (id,title,subtitle,lang,country,period,year,source,notes,lyrics,tags_json,lang_locked,status,created_at,updated_at) VALUES ('pisniua_4173838','Пісня першокласника','Музика: Наталія Май Слова: Наталія Май. Виконує: Наталія Май','uk','ukraine_1991',NULL,NULL,'інтернет',NULL,'Перший раз у перший клас
Ми йдемо охоче,
Першим дзвоником для нас
Продзвенів дзвіночок.
І сміється в небесах
Сонце, як ніколи,
В мами сльози на очах - |
Я іду до школи.         | (2)

Приспів:
А у школі, а у школі
Є веселка кольорова,
І найкраща в цілім світі -
Перша вчителька моя.
А у школі, а у школі
Не сумуєм ми ніколи,
Бо учора - дошкільнята,
А тепер - одна сім''я!

Прощавайте іграшки,
Гомінкий садочок,
Кличе в класи дітлахів
Золотий дзвіночок.
І сміється в небесах
Сонце, як ніколи,
В мами сльози на очах - |
Я іду до школи.         | (2)

Приспів. (2)','["pisni.org.ua", "cat:shkilni", "Пісні про школу"]',1,'published',COALESCE((SELECT created_at FROM songs WHERE id='pisniua_4173838'), datetime('now')),datetime('now'));
INSERT OR REPLACE INTO songs_fts(song_id,title,lyrics) VALUES ('pisniua_4173838','Пісня першокласника','Перший раз у перший клас
Ми йдемо охоче,
Першим дзвоником для нас
Продзвенів дзвіночок.
І сміється в небесах
Сонце, як ніколи,
В мами сльози на очах - |
Я іду до школи.         | (2)

Приспів:
А у школі, а у школі
Є веселка кольорова,
І найкраща в цілім світі -
Перша вчителька моя.
А у школі, а у школі
Не сумуєм ми ніколи,
Бо учора - дошкільнята,
А тепер - одна сім''я!

Прощавайте іграшки,
Гомінкий садочок,
Кличе в класи дітлахів
Золотий дзвіночок.
І сміється в небесах
Сонце, як ніколи,
В мами сльози на очах - |
Я іду до школи.         | (2)

Приспів. (2)');
INSERT OR REPLACE INTO song_links (id,song_id,title,url,kind,version_id,sort_order) VALUES ('pisniua_4173838_l1','pisniua_4173838','YouTube','https://www.youtube.com/watch?v=AcAvLyWW2yc','video',NULL,1);
INSERT OR REPLACE INTO songs (id,title,subtitle,lang,country,period,year,source,notes,lyrics,tags_json,lang_locked,status,created_at,updated_at) VALUES ('pisniua_4176034','Вечюр юж мі вечюр *','Українська народна пісня. Виконує: Микола Колесса, с.Ставища','uk','ukraine_before_1917',NULL,NULL,'Антологія лемківської пісні, Львів, "Афіша", 2005, с.255','Виконує: Микола Колесса {483}, с.Ставища','1. Вечюр юж мі, вечюр,
Юж мі д''вечерови,
Гонит мій миленький
Волки д''кошарови.
Гонит то він, гонит,
І батіжком стукат,
А його миленька під облачком слухат.

2. Ти, Янічку, верний,
Не черкай мі дверми,
Обийд наоколо,
Не бійся никого.
Жально мі тя, жально,
Моя мила, жально,
Же тя не виділи
Мої очка давно','["pisni.org.ua", "cat:lemkivski", "Лемківські пісні"]',1,'published',COALESCE((SELECT created_at FROM songs WHERE id='pisniua_4176034'), datetime('now')),datetime('now'));
INSERT OR REPLACE INTO songs_fts(song_id,title,lyrics) VALUES ('pisniua_4176034','Вечюр юж мі вечюр *','1. Вечюр юж мі, вечюр,
Юж мі д''вечерови,
Гонит мій миленький
Волки д''кошарови.
Гонит то він, гонит,
І батіжком стукат,
А його миленька під облачком слухат.

2. Ти, Янічку, верний,
Не черкай мі дверми,
Обийд наоколо,
Не бійся никого.
Жально мі тя, жально,
Моя мила, жально,
Же тя не виділи
Мої очка давно');
INSERT OR REPLACE INTO songs (id,title,subtitle,lang,country,period,year,source,notes,lyrics,tags_json,lang_locked,status,created_at,updated_at) VALUES ('pisniua_4177134','Синку мій (У небесній вишині..)','Музика: Микола Свидюк Слова: О. Коненко. Виконує: Микола Свидюк','uk','ukraine_1991',NULL,NULL,NULL,NULL,'У небесній вишині
Зорі, наче очі,
Ти - мої щасливі дні
І безсонні ночі.
Смійся, синку, і нехай
Вороженьки плачуть,
Боже правий, помагай
Синові на вдачу!
Минуть зими в небуття
І літа за ними,
Синку мій, моє дитя,
Перебудим зими,
Перебудим лиховій,
Не журись, козаче,
Усміхнися, синку мій, |
Батькові на вдачу!    | (2)

Приспів:
Буде всього у житті,
Спи моя дитино,
Хай тебе усі Святі    |
Бережуть, мій сину!   | (2)

Ген від шляху до села
Дідова стежина,
Щоб вона не заросла —
Дбай про неї, сину!
Буде сонце по землі
Грати над світами -
Повертайся, синку мій,
На поріг до мами!

Приспів. (2)','["pisni.org.ua", "cat:pro-ditey", "Пісні про любов до дітей"]',1,'published',COALESCE((SELECT created_at FROM songs WHERE id='pisniua_4177134'), datetime('now')),datetime('now'));
INSERT OR REPLACE INTO songs_fts(song_id,title,lyrics) VALUES ('pisniua_4177134','Синку мій (У небесній вишині..)','У небесній вишині
Зорі, наче очі,
Ти - мої щасливі дні
І безсонні ночі.
Смійся, синку, і нехай
Вороженьки плачуть,
Боже правий, помагай
Синові на вдачу!
Минуть зими в небуття
І літа за ними,
Синку мій, моє дитя,
Перебудим зими,
Перебудим лиховій,
Не журись, козаче,
Усміхнися, синку мій, |
Батькові на вдачу!    | (2)

Приспів:
Буде всього у житті,
Спи моя дитино,
Хай тебе усі Святі    |
Бережуть, мій сину!   | (2)

Ген від шляху до села
Дідова стежина,
Щоб вона не заросла —
Дбай про неї, сину!
Буде сонце по землі
Грати над світами -
Повертайся, синку мій,
На поріг до мами!

Приспів. (2)');
INSERT OR REPLACE INTO songs (id,title,subtitle,lang,country,period,year,source,notes,lyrics,tags_json,lang_locked,status,created_at,updated_at) VALUES ('pisniua_4176236','Гей, був в Січі старий козак','Українська народна пісня. Виконує: Микола Будник','uk','ukraine_before_1917',NULL,NULL,'Книга:Українські народні пісні;В 2 книгах; Київ," Мистецтво" 1955; Кн.1, с.60-61',NULL,'Гей, був в Січі старий козак, на прізвище Чалий,
Вигодував сина Саву козакам на славу.
Ой не схотів же той Сава козакам служити -
Відклонився до ляшеньків в Польщу паном жити.
Гей, та схотів же той Сава слави залучити -
Став своїх батьків-запорожців по степах ловити!
Наш отаман, пан кошовий по козаках тужить:
"Ой хто б вловив того Саву, - сам йому послужить!"
"Мого сина, - каже Чалий, - ніхто з вас не вловить,
Хіба Гнатко з Кравчиною до себе підмовить!"
Наш отаман каже: "Гнатку! Як Саву не вловиш! -
Сам за нього, вражий сину, голову положиш!"
Пішов Гнатко з Кравчиною Саву підмовляти,
Як не схоче з Польщі іти, - то й смерті предати.
По дорозі стрівсь їм литвин та й став наставляти,
Як їм того пана Саву у руки піймати:
"Візьмімо сирої землі в чоботи під ноги,
А щоб не знав той пан Сава нашої підмови!"
Сидить Сава кінець столу, дрібні листи пише,
А Савиха молодая дитину колише.
Ой скінчивши дрібних листів, та й спатоньки ляже,
А щось йому під віконце: "Добривечір!" - каже.
"Піди, хлопку, піди, малий, та й уточи пива,
Нехай же ж ми та вип''ємо за здоров''я сина!
Піди, хлопку, піди, малий, та й вточи горілки,
Нехай же ж ми та вип''ємо за здоров''я жінки!
Піди, хлопку, піди, малий, та й уточи меду:
Ой щось мені нудно-трудно - голови не зведу!"
Пішов хлопець до пивниці замків відмикати, -
А козацькая старшина у двір уступати.
Не вспів хлопець, не вспів малий дійти до пивниці, -
Ускочили гайдамаки до Сави в світлицю:
"Здоров-здоров, пане Саво, здоров - як ся маєш?
Сидиш собі в світличеньці, меди попиваєш?
Далекії в тебе гості - чом же не вітаєш?"
Ой кинеться та пан Сава до ясної зброї:
"Е, ні, - кажуть, - пане Саво, се тобі не в полі!"
Ой кинеться та пан Сава до ясного меча -
Одлетіла й голівонька до самого плеча!
Не досягнув той пан Сава своєї булави -
Положили пана Саву на дубові лави:
"Оце тобі, пане Саво, сукні-адамашки,
Що ти нажив, вражий сину, з козацької ласки!"
Прилітали з України та чорні ворони -
Задзвонили пану Саві та й ув усі дзвони','["pisni.org.ua", "cat:dumy", "cat:istorychni", "Думи", "Історичні пісні"]',1,'published',COALESCE((SELECT created_at FROM songs WHERE id='pisniua_4176236'), datetime('now')),datetime('now'));
INSERT OR REPLACE INTO songs_fts(song_id,title,lyrics) VALUES ('pisniua_4176236','Гей, був в Січі старий козак','Гей, був в Січі старий козак, на прізвище Чалий,
Вигодував сина Саву козакам на славу.
Ой не схотів же той Сава козакам служити -
Відклонився до ляшеньків в Польщу паном жити.
Гей, та схотів же той Сава слави залучити -
Став своїх батьків-запорожців по степах ловити!
Наш отаман, пан кошовий по козаках тужить:
"Ой хто б вловив того Саву, - сам йому послужить!"
"Мого сина, - каже Чалий, - ніхто з вас не вловить,
Хіба Гнатко з Кравчиною до себе підмовить!"
Наш отаман каже: "Гнатку! Як Саву не вловиш! -
Сам за нього, вражий сину, голову положиш!"
Пішов Гнатко з Кравчиною Саву підмовляти,
Як не схоче з Польщі іти, - то й смерті предати.
По дорозі стрівсь їм литвин та й став наставляти,
Як їм того пана Саву у руки піймати:
"Візьмімо сирої землі в чоботи під ноги,
А щоб не знав той пан Сава нашої підмови!"
Сидить Сава кінець столу, дрібні листи пише,
А Савиха молодая дитину колише.
Ой скінчивши дрібних листів, та й спатоньки ляже,
А щось йому під віконце: "Добривечір!" - каже.
"Піди, хлопку, піди, малий, та й уточи пива,
Нехай же ж ми та вип''ємо за здоров''я сина!
Піди, хлопку, піди, малий, та й вточи горілки,
Нехай же ж ми та вип''ємо за здоров''я жінки!
Піди, хлопку, піди, малий, та й уточи меду:
Ой щось мені нудно-трудно - голови не зведу!"
Пішов хлопець до пивниці замків відмикати, -
А козацькая старшина у двір уступати.
Не вспів хлопець, не вспів малий дійти до пивниці, -
Ускочили гайдамаки до Сави в світлицю:
"Здоров-здоров, пане Саво, здоров - як ся маєш?
Сидиш собі в світличеньці, меди попиваєш?
Далекії в тебе гості - чом же не вітаєш?"
Ой кинеться та пан Сава до ясної зброї:
"Е, ні, - кажуть, - пане Саво, се тобі не в полі!"
Ой кинеться та пан Сава до ясного меча -
Одлетіла й голівонька до самого плеча!
Не досягнув той пан Сава своєї булави -
Положили пана Саву на дубові лави:
"Оце тобі, пане Саво, сукні-адамашки,
Що ти нажив, вражий сину, з козацької ласки!"
Прилітали з України та чорні ворони -
Задзвонили пану Саві та й ув усі дзвони');
INSERT OR REPLACE INTO songs (id,title,subtitle,lang,country,period,year,source,notes,lyrics,tags_json,lang_locked,status,created_at,updated_at) VALUES ('pisniua_4175481','У неділю рано-пораненьку','(Пісня про Коваленка). Українська народна пісня','uk','ukr_ssr_1919_1991',NULL,'1961','Книга:Українські народні думи та історичні пісні,Київ,"Веселка",1990,стр.118','Пісня із рукописного збірника Я.П.Новицького. Записана в 70-х рр. ХІХ ст. Друк. за вид:Історичні пісні. - 1961 - С.77-78. М.Максимович свідчить, що це зажнивна пісня часів татаро-турецьких нападів ХV-ХVІІ ст., яку часто співали волинські хлібороби. Коваленко - узагальнений поетичний образ. В одних варіантах пісні він осліплений, в інших - йому зав''язано очі. Інший варіант пісні http://www.pisni.org.ua/songs/8175474.html','У неділю рано-пораненьку
Да збирав женці Коваленко.
Ізбирав женці да все молодії,
Хлопці, дівчата все добірнії!
Ой повів женців долом-долиною
А на ту пшеницю да озимую:
"Жніте, женці, да розжинайтеся,
Да на чорну хмару не оглядайтеся.
А я піду додомоньку
Да одвідаю господоньку".
А женці жнуть да розжинаються,
Да на чорну хмару не оглядаються.
Оглянуться женці - Коваленко йде,
А позад себе орду веде;
Ведуть Коваленка та й улицею,
А зв''язали руки да сирицею.
"Утікайте, женці, куди кожний може,
Куди котрому господь допоможе!
Повій, вітре, да буйнесенький,
Да на мої женці молодесенькі!
Повій, вітре, да із Прилуки -
Чи не розв''яжуться мої білі руки;
Повій, вітре, да із півночі -
Чи не розв''яжуться мої білі очі..."','["pisni.org.ua", "cat:istorychni", "Історичні пісні"]',1,'published',COALESCE((SELECT created_at FROM songs WHERE id='pisniua_4175481'), datetime('now')),datetime('now'));
INSERT OR REPLACE INTO songs_fts(song_id,title,lyrics) VALUES ('pisniua_4175481','У неділю рано-пораненьку','У неділю рано-пораненьку
Да збирав женці Коваленко.
Ізбирав женці да все молодії,
Хлопці, дівчата все добірнії!
Ой повів женців долом-долиною
А на ту пшеницю да озимую:
"Жніте, женці, да розжинайтеся,
Да на чорну хмару не оглядайтеся.
А я піду додомоньку
Да одвідаю господоньку".
А женці жнуть да розжинаються,
Да на чорну хмару не оглядаються.
Оглянуться женці - Коваленко йде,
А позад себе орду веде;
Ведуть Коваленка та й улицею,
А зв''язали руки да сирицею.
"Утікайте, женці, куди кожний може,
Куди котрому господь допоможе!
Повій, вітре, да буйнесенький,
Да на мої женці молодесенькі!
Повій, вітре, да із Прилуки -
Чи не розв''яжуться мої білі руки;
Повій, вітре, да із півночі -
Чи не розв''яжуться мої білі очі..."');
INSERT OR REPLACE INTO song_links (id,song_id,title,url,kind,version_id,sort_order) VALUES ('pisniua_4175481_l1','pisniua_4175481','Переглянути варіанти >>','https://www.pisni.org.ua/#variants','external',NULL,1);
INSERT OR REPLACE INTO songs (id,title,subtitle,lang,country,period,year,source,notes,lyrics,tags_json,lang_locked,status,created_at,updated_at) VALUES ('pisniua_4174636','Ой, сів Христос та й вечеряти','Українська народна пісня. Виконує: Микола Колесса','uk','ukraine_before_1917',NULL,NULL,'Антологія лемківської пісні, Львів, "Афіша", 2005, с.48',NULL,'Ой, сів Христос та й вечеряти,
Щедрий вечір, добрий вечір,
Добрим людям на весь вечір.

Прийшла Його Божа Мати,
Щедрий вечір, добрий вечір,
Добрим людям на весь вечір.

Ставай, Сину, рай одмикати.
Щедрий вечір, добрий вечір,
Добрим людям на весь вечір.

2. Щедрий вечир, добрий вечир (лемківська колядка)
Михайло Трохановський, с.Поляни
Антологія лемківської пісні, Львів, "Афіша", 2005, с.48

Щедрий вечир, добрий вечир,
Христа, Христа Марія,
На престолі стоява, два крижики тримава,
А ви, люде, знайте - наше право дайте!
Наше право невеличке, округліцьке,
Верчений пояс, кручений пояс.

Ще дате нам ковача, виведеме рогача.
Заб''єме му правій ріг на тот Новий рік.
Коровоньки, вовоньки, а нам ковач на щестє,
На здоровля на тот Новий рік!
Жеби ся вам родили бички-телички,
Як в лісі бучки, ялички','["pisni.org.ua", "cat:lemkivski", "Лемківські пісні"]',1,'published',COALESCE((SELECT created_at FROM songs WHERE id='pisniua_4174636'), datetime('now')),datetime('now'));
INSERT OR REPLACE INTO songs_fts(song_id,title,lyrics) VALUES ('pisniua_4174636','Ой, сів Христос та й вечеряти','Ой, сів Христос та й вечеряти,
Щедрий вечір, добрий вечір,
Добрим людям на весь вечір.

Прийшла Його Божа Мати,
Щедрий вечір, добрий вечір,
Добрим людям на весь вечір.

Ставай, Сину, рай одмикати.
Щедрий вечір, добрий вечір,
Добрим людям на весь вечір.

2. Щедрий вечир, добрий вечир (лемківська колядка)
Михайло Трохановський, с.Поляни
Антологія лемківської пісні, Львів, "Афіша", 2005, с.48

Щедрий вечир, добрий вечир,
Христа, Христа Марія,
На престолі стоява, два крижики тримава,
А ви, люде, знайте - наше право дайте!
Наше право невеличке, округліцьке,
Верчений пояс, кручений пояс.

Ще дате нам ковача, виведеме рогача.
Заб''єме му правій ріг на тот Новий рік.
Коровоньки, вовоньки, а нам ковач на щестє,
На здоровля на тот Новий рік!
Жеби ся вам родили бички-телички,
Як в лісі бучки, ялички');
INSERT OR REPLACE INTO songs (id,title,subtitle,lang,country,period,year,source,notes,lyrics,tags_json,lang_locked,status,created_at,updated_at) VALUES ('pisniua_4177333','Ой, там на горі, ой, там на крутій','Українська народна пісня. Виконує: Древо, Гурт "Зоряна ніч", Настя Сердюк, Ансамбль пісні і танцю "Писанка", Ольга Баландюх','uk','ukraine_before_1917',NULL,NULL,NULL,'це Древо з села Крячківки. Бо ще є гурт древо у Києві.','Ой, там на горі, ой, там на крутій,
Ой, там сиділа пара голубів.       | (2)

Вони сиділи, парувалися,
Сизими крильми обнімалися.         | (2)

Десь взявся стрілець із-за крутих гір,
Розбив, розлучив пару голубів.     | (2)

Голубка не їсть, голубка не п''є
Та все ж на ту гору плакати іде.   | (2)

Голубко моя сизокрилая,
Чого ж ти такая клопітливая?..     | (2)

Та є й у мене сім пар голубів,
Лети й вибирай, можеш заміж вийти! | (2)

Я вже літала і вибирала
Немає й такого, як я втеряла...    | (2)','["pisni.org.ua", "cat:lirychni", "cat:narodni", "Пісні про кохання, ліричні", "Народні пісні"]',1,'published',COALESCE((SELECT created_at FROM songs WHERE id='pisniua_4177333'), datetime('now')),datetime('now'));
INSERT OR REPLACE INTO songs_fts(song_id,title,lyrics) VALUES ('pisniua_4177333','Ой, там на горі, ой, там на крутій','Ой, там на горі, ой, там на крутій,
Ой, там сиділа пара голубів.       | (2)

Вони сиділи, парувалися,
Сизими крильми обнімалися.         | (2)

Десь взявся стрілець із-за крутих гір,
Розбив, розлучив пару голубів.     | (2)

Голубка не їсть, голубка не п''є
Та все ж на ту гору плакати іде.   | (2)

Голубко моя сизокрилая,
Чого ж ти такая клопітливая?..     | (2)

Та є й у мене сім пар голубів,
Лети й вибирай, можеш заміж вийти! | (2)

Я вже літала і вибирала
Немає й такого, як я втеряла...    | (2)');
INSERT OR REPLACE INTO song_links (id,song_id,title,url,kind,version_id,sort_order) VALUES ('pisniua_4177333_l1','pisniua_4177333','YouTube','https://www.youtube.com/watch?v=pNYRR3ZfoHA','video',NULL,1);
INSERT OR REPLACE INTO song_links (id,song_id,title,url,kind,version_id,sort_order) VALUES ('pisniua_4177333_l2','pisniua_4177333','YouTube','https://www.youtube.com/watch?v=XXimfemUKRM','video',NULL,2);
INSERT OR REPLACE INTO song_links (id,song_id,title,url,kind,version_id,sort_order) VALUES ('pisniua_4177333_l3','pisniua_4177333','YouTube','https://www.youtube.com/watch?v=ADBwkMWIYPY','video',NULL,3);
INSERT OR REPLACE INTO song_links (id,song_id,title,url,kind,version_id,sort_order) VALUES ('pisniua_4177333_l4','pisniua_4177333','YouTube','https://www.youtube.com/watch?v=Sm6jX7jC9I8','video',NULL,4);
INSERT OR REPLACE INTO song_links (id,song_id,title,url,kind,version_id,sort_order) VALUES ('pisniua_4177333_l5','pisniua_4177333','YouTube','https://www.youtube.com/watch?v=1VFhaxL7De8','video',NULL,5);
INSERT OR REPLACE INTO song_links (id,song_id,title,url,kind,version_id,sort_order) VALUES ('pisniua_4177333_l6','pisniua_4177333','YouTube','https://www.youtube.com/watch?v=T9_lBVsOKgA','video',NULL,6);
INSERT OR REPLACE INTO song_links (id,song_id,title,url,kind,version_id,sort_order) VALUES ('pisniua_4177333_l7','pisniua_4177333','YouTube','https://www.youtube.com/watch?v=LwSmNPLb7-Y','video',NULL,7);
INSERT OR REPLACE INTO song_links (id,song_id,title,url,kind,version_id,sort_order) VALUES ('pisniua_4177333_l8','pisniua_4177333','YouTube','https://www.youtube.com/watch?v=9EaII8PDO6k','video',NULL,8);
INSERT OR REPLACE INTO songs (id,title,subtitle,lang,country,period,year,source,notes,lyrics,tags_json,lang_locked,status,created_at,updated_at) VALUES ('pisniua_4175787','А мій милий пішов пречки','Українська народна пісня','uk','ukraine_before_1917',NULL,NULL,'Антологія лемківської пісні, Львів, "Афіша", 2005, с.222','Виконує: Магдалина Байко, с.Босько','1. А мій милий пішов пречки,
Ей, взяв мі ключик од сердечка,
Ей, взяв мі ключик од сердечка.

2. Не мав з того нич радости,
Ей, взяв мі другий от любости,
Ей, взяв мі другий от любости.

3. Мила, мила, под же до ня,
Ей, бо іду сой на коня,
Ей, бо іду сой на коня.

4. Іду собі іншим стежком,
Ти будеш гвариц, же брат з сестром,
Ти будеш гвариц, же брат з сестром','["pisni.org.ua", "cat:lemkivski", "Лемківські пісні"]',1,'published',COALESCE((SELECT created_at FROM songs WHERE id='pisniua_4175787'), datetime('now')),datetime('now'));
INSERT OR REPLACE INTO songs_fts(song_id,title,lyrics) VALUES ('pisniua_4175787','А мій милий пішов пречки','1. А мій милий пішов пречки,
Ей, взяв мі ключик од сердечка,
Ей, взяв мі ключик од сердечка.

2. Не мав з того нич радости,
Ей, взяв мі другий от любости,
Ей, взяв мі другий от любости.

3. Мила, мила, под же до ня,
Ей, бо іду сой на коня,
Ей, бо іду сой на коня.

4. Іду собі іншим стежком,
Ти будеш гвариц, же брат з сестром,
Ти будеш гвариц, же брат з сестром');
INSERT OR REPLACE INTO songs (id,title,subtitle,lang,country,period,year,source,notes,lyrics,tags_json,lang_locked,status,created_at,updated_at) VALUES ('pisniua_418230','Весняночка','Українська народна пісня','uk','ukraine_before_1917',NULL,NULL,NULL,NULL,'Весняночка-паняночка,
Де ж ти зимувала?
У садочку на кленочку,
Пряла на сорочку.

Ой сорока, ой снує,
А ворона вишиє,
А білі лебеді,
Тай відбілять по воді.

Що у тих же багачок,
Повні скрині сорочок,
А у мене одна,
Тай та чиста щодня.

Із вечора замочу,
А з півночі колочу,
А сонечко блисне,
Сорочечка висохне!

А сонечко блисне -
Сорочечка й висне,
А сонечко на південь -
Сорочечка й під рубель!

А сонечко на південь -
Сорочечка й під рубель,
А сонечко опівдні -
Сорочечка й на мені!','["pisni.org.ua", "cat:narodni", "cat:vesnyanky-hayivky", "Народні пісні", "Веснянки та гаївки"]',1,'published',COALESCE((SELECT created_at FROM songs WHERE id='pisniua_418230'), datetime('now')),datetime('now'));
INSERT OR REPLACE INTO songs_fts(song_id,title,lyrics) VALUES ('pisniua_418230','Весняночка','Весняночка-паняночка,
Де ж ти зимувала?
У садочку на кленочку,
Пряла на сорочку.

Ой сорока, ой снує,
А ворона вишиє,
А білі лебеді,
Тай відбілять по воді.

Що у тих же багачок,
Повні скрині сорочок,
А у мене одна,
Тай та чиста щодня.

Із вечора замочу,
А з півночі колочу,
А сонечко блисне,
Сорочечка висохне!

А сонечко блисне -
Сорочечка й висне,
А сонечко на південь -
Сорочечка й під рубель!

А сонечко на південь -
Сорочечка й під рубель,
А сонечко опівдні -
Сорочечка й на мені!');
INSERT OR REPLACE INTO songs (id,title,subtitle,lang,country,period,year,source,notes,lyrics,tags_json,lang_locked,status,created_at,updated_at) VALUES ('pisniua_4176083','Ой з-за гори чорна хмара, мов хвиля іде','Українська народна пісня','uk','ukraine_before_1917',NULL,NULL,'Книга:Українські народні думи та історичні пісні,Київ, "Веселка",1990, с.124-125','Записано в 1942 р. Фросиною Андріївною Карпенко з с.Хороше, Петропавлівського району, Дніпропетровської обл. Друк. за вид.:Українські народні думи та історичні пісні.-1955.-с.474. Пісня про Івана Богуна, одного з видатних військових керівників визвольної війни 1648-1654 рр., котрий особливо прославився в обороні Вінниці, в битвах під Берестечком, Монастирищем, у поході на Молдавію. Пізніше, під час проведення Переяславської ради, він охороняв кордони України. Відзначався винятковою сміливістю і винахідливістю. В 1664 р. був розстріляний за наказом короля Яна Казиміра.','Ой з-за гори чорна хмара, мов хвиля іде.
Тож не хмара - запорожців Богуня веде.

Доганяли вражих турків коло трьох могил,-
Уже по тих яниченьках та пугач завив.

Серед ночі в Дикім полі рушниці ревіли,
А в Очакові туркені та від страху мліли.

Ой в середу ізвечора турків обступали,
А в п''ятницю до полудня всіх упень рубали.

Ой наточив Іван Богун невірам вина,-
Та було ж їх сорок тисяч, а тепер нема','["pisni.org.ua", "cat:istorychni", "cat:kozacki", "Історичні пісні", "Козацькі пісні"]',1,'published',COALESCE((SELECT created_at FROM songs WHERE id='pisniua_4176083'), datetime('now')),datetime('now'));
INSERT OR REPLACE INTO songs_fts(song_id,title,lyrics) VALUES ('pisniua_4176083','Ой з-за гори чорна хмара, мов хвиля іде','Ой з-за гори чорна хмара, мов хвиля іде.
Тож не хмара - запорожців Богуня веде.

Доганяли вражих турків коло трьох могил,-
Уже по тих яниченьках та пугач завив.

Серед ночі в Дикім полі рушниці ревіли,
А в Очакові туркені та від страху мліли.

Ой в середу ізвечора турків обступали,
А в п''ятницю до полудня всіх упень рубали.

Ой наточив Іван Богун невірам вина,-
Та було ж їх сорок тисяч, а тепер нема');
INSERT OR REPLACE INTO songs (id,title,subtitle,lang,country,period,year,source,notes,lyrics,tags_json,lang_locked,status,created_at,updated_at) VALUES ('pisniua_4182931','Не топчіть конвалій','Музика: Мирослав Скорик Слова: Ростислав Братунь. Виконує: Веселі скрипки, Тріо Либідь','uk','ukraine_1991',NULL,NULL,'Аудіозапис','Запис 60-х років із фондів радіо. Перший український твіст. Супер популярна пісня в 60-х. Також цю пісню переспівав Ігор Демарін в телециклі "Пісні серця". Кліп можна подивитись на вкладці "відео". Демарін трохи змінив 1 куплет: 1 рядок "Це маленьких дзвоників фаркунчик" 3 рядок "То весна у наступі могутнім". І в кінці повторює приспів 4 рази. Категорія:пісні до танцю Джаз,твіст','Не топчіть, не топчіть конвалій... | (3)
Не... Не топчіть конвалій...

Все в маленьких дзвониках пахучих -
Площа, вулиця, провулки, тротуари...
То весна у наступі могучім
Скинула десантом їх із хмари...

Не топчіть, не топчіть конвалій... | (3)
Не... Не топчіть конвалій...

Все змінилось, все здалось без бою:
І машини, і просто пішоходи.
Від весни ніхто не ждав розбою,
Від конвалій от такої шкоди...

Не топчіть, не топчіть конвалій... | (3)
Не... Не топчіть конвалій...

Але це було лише хвилину
І відразу все на місце стало:
Наступ конвалевий линув і відлинув
Жаль, що все це коротко так тривало...

Не топчіть, не топчіть конвалій... | (3)
Не топчіть конвалій...

Не топчіть, не топчіть конвалій... | (2)
Не топчіть конвалій...             | (2)','["pisni.org.ua", "cat:dances", "cat:krasa-pryrody", "Пісні до танцю", "Пісні про красу природи"]',1,'published',COALESCE((SELECT created_at FROM songs WHERE id='pisniua_4182931'), datetime('now')),datetime('now'));
INSERT OR REPLACE INTO songs_fts(song_id,title,lyrics) VALUES ('pisniua_4182931','Не топчіть конвалій','Не топчіть, не топчіть конвалій... | (3)
Не... Не топчіть конвалій...

Все в маленьких дзвониках пахучих -
Площа, вулиця, провулки, тротуари...
То весна у наступі могучім
Скинула десантом їх із хмари...

Не топчіть, не топчіть конвалій... | (3)
Не... Не топчіть конвалій...

Все змінилось, все здалось без бою:
І машини, і просто пішоходи.
Від весни ніхто не ждав розбою,
Від конвалій от такої шкоди...

Не топчіть, не топчіть конвалій... | (3)
Не... Не топчіть конвалій...

Але це було лише хвилину
І відразу все на місце стало:
Наступ конвалевий линув і відлинув
Жаль, що все це коротко так тривало...

Не топчіть, не топчіть конвалій... | (3)
Не топчіть конвалій...

Не топчіть, не топчіть конвалій... | (2)
Не топчіть конвалій...             | (2)');
INSERT OR REPLACE INTO song_links (id,song_id,title,url,kind,version_id,sort_order) VALUES ('pisniua_4182931_l1','pisniua_4182931','YouTube','https://www.youtube.com/watch?v=yutQjN4KVe0','video',NULL,1);
INSERT OR REPLACE INTO song_links (id,song_id,title,url,kind,version_id,sort_order) VALUES ('pisniua_4182931_l2','pisniua_4182931','YouTube','https://www.youtube.com/watch?v=H5CaMKsTq5U','video',NULL,2);
INSERT OR REPLACE INTO song_links (id,song_id,title,url,kind,version_id,sort_order) VALUES ('pisniua_4182931_l3','pisniua_4182931','YouTube','https://www.youtube.com/watch?v=S1hmM2qupIk','video',NULL,3);
INSERT OR REPLACE INTO song_links (id,song_id,title,url,kind,version_id,sort_order) VALUES ('pisniua_4182931_l4','pisniua_4182931','YouTube','https://www.youtube.com/watch?v=pykDhrGl0s4','video',NULL,4);
INSERT OR REPLACE INTO song_links (id,song_id,title,url,kind,version_id,sort_order) VALUES ('pisniua_4182931_l5','pisniua_4182931','YouTube','https://www.youtube.com/watch?v=2JJN_fAkNUo','video',NULL,5);
INSERT OR REPLACE INTO songs (id,title,subtitle,lang,country,period,year,source,notes,lyrics,tags_json,lang_locked,status,created_at,updated_at) VALUES ('pisniua_417737','Чуваки, всьо чотко','Музика: Сергій Кузьминський Слова: Сергій Кузьминський. Виконує: Брати Гадюкіни','uk','ukraine_before_1917',NULL,NULL,'http://vik75.h1.ru/muz1.shtml?id=101',NULL,'Кохана, я з далека бачу
Кохана, писок твій червоний
Кохана, трохи я сі тащу
Кохана, випив ацетони

Приспів:
Чуваки, всьо чотко
Чуваки, гей дана-дана
Чуваки, всьо чотко

Чуваки, гей дана-дана
Чуваки, всьо чотко

Чуваки, гей джига-джига
Чуваки, всьо чотко
Чуваки, гей бугі-мугі, є

Я видів, же на краківскькім базарі
Жиди файні мешти продавали
Я хтів би с, аби ти мала такі самі
То врешті ми з тобов сі змільдували

Приспів.

Ява триста пєдесята
Блистит, як в собаки яйця
Стою я під твоєю хатов
Виходь, поїдемо на танці','["pisni.org.ua", "cat:zhartivlyvi", "Жартівливі пісні"]',1,'published',COALESCE((SELECT created_at FROM songs WHERE id='pisniua_417737'), datetime('now')),datetime('now'));
INSERT OR REPLACE INTO songs_fts(song_id,title,lyrics) VALUES ('pisniua_417737','Чуваки, всьо чотко','Кохана, я з далека бачу
Кохана, писок твій червоний
Кохана, трохи я сі тащу
Кохана, випив ацетони

Приспів:
Чуваки, всьо чотко
Чуваки, гей дана-дана
Чуваки, всьо чотко

Чуваки, гей дана-дана
Чуваки, всьо чотко

Чуваки, гей джига-джига
Чуваки, всьо чотко
Чуваки, гей бугі-мугі, є

Я видів, же на краківскькім базарі
Жиди файні мешти продавали
Я хтів би с, аби ти мала такі самі
То врешті ми з тобов сі змільдували

Приспів.

Ява триста пєдесята
Блистит, як в собаки яйця
Стою я під твоєю хатов
Виходь, поїдемо на танці');
INSERT OR REPLACE INTO song_links (id,song_id,title,url,kind,version_id,sort_order) VALUES ('pisniua_417737_l1','pisniua_417737','YouTube','https://www.youtube.com/watch?v=UX6EGrbX_IQ','video',NULL,1);
INSERT OR REPLACE INTO songs (id,title,subtitle,lang,country,period,year,source,notes,lyrics,tags_json,lang_locked,status,created_at,updated_at) VALUES ('pisniua_417685','Ой хто п’є тому наливайте (2)','(Застільна: Господь - Ненька). Українська народна пісня','uk','ukraine_before_1917',NULL,NULL,NULL,'Джерело: Марко Кропивницький. ПО РЕВІЗІЇ. Етюд в 1-й дії [34 kb.] — http://library.org.ua/classic/kropiv.html: http://library.org.ua/classic/kropiv5.htm Висловлювання: Се із віку так і не у нас одних, як ділали, так і ділати будем.','Ой хто п''є  тому наливайте
Хто не п''є тому не давайте

Приспів:
А ми будем пити і Бога хвалити
І за вас і за нас і за Неньку стареньку
Що навчила нас Горілочку пить помаленьку

Ой  хто п''є той кривиццся
Хто не п''є той дивицця

А ми будем пити і т. д.','["pisni.org.ua", "cat:pro-batkiv", "Пісні про любов до батьків"]',1,'published',COALESCE((SELECT created_at FROM songs WHERE id='pisniua_417685'), datetime('now')),datetime('now'));
INSERT OR REPLACE INTO songs_fts(song_id,title,lyrics) VALUES ('pisniua_417685','Ой хто п’є тому наливайте (2)','Ой хто п''є  тому наливайте
Хто не п''є тому не давайте

Приспів:
А ми будем пити і Бога хвалити
І за вас і за нас і за Неньку стареньку
Що навчила нас Горілочку пить помаленьку

Ой  хто п''є той кривиццся
Хто не п''є той дивицця

А ми будем пити і т. д.');
INSERT OR REPLACE INTO songs (id,title,subtitle,lang,country,period,year,source,notes,lyrics,tags_json,lang_locked,status,created_at,updated_at) VALUES ('pisniua_418134','Горобина ніч','Музика: Олег Макаревич Слова: Лілія Золотоноша. Виконує: Оксана Білозір','uk','ukraine_before_1917',NULL,NULL,NULL,NULL,'Моє бажання зупини,
Один-єдиний крок і - осінь.
Я не скажу тобі - "прийди",
Дощ розпускає довгі коси.
То буде завтра як завжди,
А за плечима пересуди.
Моєї тут нема вини,
За нас все вирішили люди.

Не в тому річ, не в тому річ,
Що горобина плаче ніч,
А в тому річ, а в тому річ,
Що ми з тобою - різні.
Що це кохання - боротьба,
Розчарування і журба...,
Як осінь пізня.

Ти забереш моє - "прощай",
Сумління знову стане чистим.
Від мене тихо відвикай.
На горобині вже намисто.
На темнім вечорі розлук,
З тобою вже сміється інша.
Ти доторкнувся інших рук,
Я не прийду до тебе більше.

Не в тому річ, не в тому річ,
Що горобина плаче ніч,
А в тому річ, а в тому річ,
Що ми з тобою - різні.
Що це кохання - боротьба,
Розчарування і журба...
Як осінь пізня.

На горобині водночас
Тривожне листя облетіло.
Я знову чую білий вальс,
Для тебе серце я відкрила.

Не в тому річ, не в тому річ,
Що горобина плаче ніч,
А в тому річ, а в тому річ,
Що ми з тобою - різні.
Що це кохання - боротьба,
Розчарування і журба...
Як осінь пізня.

Що це кохання - боротьба,
Розчарування і журба...
Як осінь пізня','["pisni.org.ua", "cat:lirychni", "Пісні про кохання, ліричні"]',1,'published',COALESCE((SELECT created_at FROM songs WHERE id='pisniua_418134'), datetime('now')),datetime('now'));
INSERT OR REPLACE INTO songs_fts(song_id,title,lyrics) VALUES ('pisniua_418134','Горобина ніч','Моє бажання зупини,
Один-єдиний крок і - осінь.
Я не скажу тобі - "прийди",
Дощ розпускає довгі коси.
То буде завтра як завжди,
А за плечима пересуди.
Моєї тут нема вини,
За нас все вирішили люди.

Не в тому річ, не в тому річ,
Що горобина плаче ніч,
А в тому річ, а в тому річ,
Що ми з тобою - різні.
Що це кохання - боротьба,
Розчарування і журба...,
Як осінь пізня.

Ти забереш моє - "прощай",
Сумління знову стане чистим.
Від мене тихо відвикай.
На горобині вже намисто.
На темнім вечорі розлук,
З тобою вже сміється інша.
Ти доторкнувся інших рук,
Я не прийду до тебе більше.

Не в тому річ, не в тому річ,
Що горобина плаче ніч,
А в тому річ, а в тому річ,
Що ми з тобою - різні.
Що це кохання - боротьба,
Розчарування і журба...
Як осінь пізня.

На горобині водночас
Тривожне листя облетіло.
Я знову чую білий вальс,
Для тебе серце я відкрила.

Не в тому річ, не в тому річ,
Що горобина плаче ніч,
А в тому річ, а в тому річ,
Що ми з тобою - різні.
Що це кохання - боротьба,
Розчарування і журба...
Як осінь пізня.

Що це кохання - боротьба,
Розчарування і журба...
Як осінь пізня');
INSERT OR REPLACE INTO song_links (id,song_id,title,url,kind,version_id,sort_order) VALUES ('pisniua_418134_l1','pisniua_418134','YouTube','https://www.youtube.com/watch?v=lq61xybszl4','video',NULL,1);
INSERT OR REPLACE INTO song_links (id,song_id,title,url,kind,version_id,sort_order) VALUES ('pisniua_418134_l2','pisniua_418134','YouTube','https://www.youtube.com/watch?v=AytnB_t87y0','video',NULL,2);
INSERT OR REPLACE INTO songs (id,title,subtitle,lang,country,period,year,source,notes,lyrics,tags_json,lang_locked,status,created_at,updated_at) VALUES ('pisniua_4180333','Гімн Інституту історичної освіти','Музика: Олександр Сироїд Слова: Олександр Сироїд. Виконує: Олександр Сироїд','uk','ukraine_1991',NULL,NULL,'аудіозапис',NULL,'Під прапором науки і освіти
Ідем ми до майбутнього вперед,
Усі ми - драгоманівськії діти,
Хай славиться наш рідний Університет!
Студентами славетного істфаку,
Ми є і цим пишаємось завжди!
В майбутніх поколіннях, щоб плекати
Любов до української землі.

Приспів:
Істфак, вперед!
Через терни до зірок!
Істфак, вперед!
До мети нам тільки крок!
Один лиш крок!

Історія - то наша рідна мати,
А батько - наш славний факультет.
Пройдем крізь час, щоб істину пізнати,
Розкриємо минулого секрет.
Вперед йдемо дружнім колективом,
Щоб велич України піднести,
Для цього покладем ми усі сили
Й будь-що не відступимось мети!

Приспів.

Під прапором науки і освіти
Ідем ми до майбутнього вперед,
Усі ми - драгоманівськії діти,
Хай славиться наш рідний Університет!','["pisni.org.ua", "cat:himny-marshi", "Гимни та марші"]',1,'published',COALESCE((SELECT created_at FROM songs WHERE id='pisniua_4180333'), datetime('now')),datetime('now'));
INSERT OR REPLACE INTO songs_fts(song_id,title,lyrics) VALUES ('pisniua_4180333','Гімн Інституту історичної освіти','Під прапором науки і освіти
Ідем ми до майбутнього вперед,
Усі ми - драгоманівськії діти,
Хай славиться наш рідний Університет!
Студентами славетного істфаку,
Ми є і цим пишаємось завжди!
В майбутніх поколіннях, щоб плекати
Любов до української землі.

Приспів:
Істфак, вперед!
Через терни до зірок!
Істфак, вперед!
До мети нам тільки крок!
Один лиш крок!

Історія - то наша рідна мати,
А батько - наш славний факультет.
Пройдем крізь час, щоб істину пізнати,
Розкриємо минулого секрет.
Вперед йдемо дружнім колективом,
Щоб велич України піднести,
Для цього покладем ми усі сили
Й будь-що не відступимось мети!

Приспів.

Під прапором науки і освіти
Ідем ми до майбутнього вперед,
Усі ми - драгоманівськії діти,
Хай славиться наш рідний Університет!');
INSERT OR REPLACE INTO songs (id,title,subtitle,lang,country,period,year,source,notes,lyrics,tags_json,lang_locked,status,created_at,updated_at) VALUES ('pisniua_418030','Не бійся жити','Музика: Марія Бурмака Слова: Марія Бурмака. Виконує: Марія Бурмака','uk','ukraine_1991',NULL,NULL,'Аудіо-CD "Марія Бурмака. "№9" (2004)','Текст виправлено за аудіо-записом. Акорди записано на слух з аудіо-запису. Оригінальна тональність: Gm. * Тут, можливо, інакше: "Світ для того, щоб любити тебе." Підбір акордів: bohdanko (www.pisni.org.ua)','Вступ:  F#m D A E (x4)

І коли залишилася зовсім сама,
І коли вже здається — світла нема,
Коли небо твоє на колір чужим стає,
Ти б виводила лінії знов на руці,
Впізнавала б надію в кожнім лиці,
Малювала б на склі вогонь —
І розбила б скло.

Приспів:
Не бійся жити — світ для того, щоб любити,
Сонце, дощ і вітер,
Небо, зорі, квіти... Все для тебе,
F#m
А ти не бійся жити,
Сонце, дощ і вітер,
E
Небо, зорі, квіти,
Всі для того, щоб любити тебе.

Програш:  F#m D A E (x2)

Ти ішла по межі,
Ти ішов по межі,
Тільки знай: ніхто тобі не чужий,
І рука у руці — назавжди твоє тепло.
І не можеш тепер лишитися сам,
Де читаєш мої слова по губам,
Повертає тебе назад моя любов.

Приспів.

Ти у серці своїм — тамований стук,
Ти на дотик, як спалах, навіть на звук,
Ти вже майже летиш — відкрите вікно давно.
Розбивається ніч, ламається час,
Ти гасила вогонь — не згасла свіча,
І не бійся — любов тепер береже тебе.

Приспів.  (x2) ...','["pisni.org.ua", "cat:philosophic", "cat:suspilno-politychni", "Філософські пісні", "Суспільно-політичні пісні"]',1,'published',COALESCE((SELECT created_at FROM songs WHERE id='pisniua_418030'), datetime('now')),datetime('now'));
INSERT OR REPLACE INTO songs_fts(song_id,title,lyrics) VALUES ('pisniua_418030','Не бійся жити','Вступ:  F#m D A E (x4)

І коли залишилася зовсім сама,
І коли вже здається — світла нема,
Коли небо твоє на колір чужим стає,
Ти б виводила лінії знов на руці,
Впізнавала б надію в кожнім лиці,
Малювала б на склі вогонь —
І розбила б скло.

Приспів:
Не бійся жити — світ для того, щоб любити,
Сонце, дощ і вітер,
Небо, зорі, квіти... Все для тебе,
F#m
А ти не бійся жити,
Сонце, дощ і вітер,
E
Небо, зорі, квіти,
Всі для того, щоб любити тебе.

Програш:  F#m D A E (x2)

Ти ішла по межі,
Ти ішов по межі,
Тільки знай: ніхто тобі не чужий,
І рука у руці — назавжди твоє тепло.
І не можеш тепер лишитися сам,
Де читаєш мої слова по губам,
Повертає тебе назад моя любов.

Приспів.

Ти у серці своїм — тамований стук,
Ти на дотик, як спалах, навіть на звук,
Ти вже майже летиш — відкрите вікно давно.
Розбивається ніч, ламається час,
Ти гасила вогонь — не згасла свіча,
І не бійся — любов тепер береже тебе.

Приспів.  (x2) ...');
INSERT OR REPLACE INTO songs (id,title,subtitle,lang,country,period,year,source,notes,lyrics,tags_json,lang_locked,status,created_at,updated_at) VALUES ('pisniua_4182034','Лісові генерали','Музика: Олександр Смик Слова: Олександр Смик. Виконує: Володимир Вермінський','uk','ukraine_1991',NULL,NULL,'аудіозапис',NULL,'По незбираних яблуках, по нескошених травах
Утікали до лісу від зради затравлені
І палали під небом свічі кинутих хат,
За молодшого брата ішов старший брат.

Приспів:
Лісові генерали наділив Бог сповна,
Вистачало звитяги, відваги і честі.
Лісові генерали, та життя ж - не війна,
Озирніться довкола - скільки спалених весен!

А коли за край неба позлітались круки
І жінки голосили, залишившись з синами,
Вишиванки топтали москалі-яструбки
І везли сім''ї їх до Сибіру возами.

Приспів.

Виростали сини - люті діти війни,
Тим снігам, таборам у продовженні сниться
Хтось на білім коні, хтось на тім воронім
Досі скачуть і годі спиниться!

Приспів. (2)

Озирніться довкола - скільки спалених весен...','["pisni.org.ua", "cat:istorychni", "Історичні пісні"]',1,'published',COALESCE((SELECT created_at FROM songs WHERE id='pisniua_4182034'), datetime('now')),datetime('now'));
INSERT OR REPLACE INTO songs_fts(song_id,title,lyrics) VALUES ('pisniua_4182034','Лісові генерали','По незбираних яблуках, по нескошених травах
Утікали до лісу від зради затравлені
І палали під небом свічі кинутих хат,
За молодшого брата ішов старший брат.

Приспів:
Лісові генерали наділив Бог сповна,
Вистачало звитяги, відваги і честі.
Лісові генерали, та життя ж - не війна,
Озирніться довкола - скільки спалених весен!

А коли за край неба позлітались круки
І жінки голосили, залишившись з синами,
Вишиванки топтали москалі-яструбки
І везли сім''ї їх до Сибіру возами.

Приспів.

Виростали сини - люті діти війни,
Тим снігам, таборам у продовженні сниться
Хтось на білім коні, хтось на тім воронім
Досі скачуть і годі спиниться!

Приспів. (2)

Озирніться довкола - скільки спалених весен...');
INSERT OR REPLACE INTO song_links (id,song_id,title,url,kind,version_id,sort_order) VALUES ('pisniua_4182034_l1','pisniua_4182034','YouTube','https://www.youtube.com/watch?v=I9dNDqMuPx8','video',NULL,1);
INSERT OR REPLACE INTO songs (id,title,subtitle,lang,country,period,year,source,notes,lyrics,tags_json,lang_locked,status,created_at,updated_at) VALUES ('pisniua_4182838','Якби на річку покласти кладку','Українська народна пісня','uk','ukraine_before_1917',NULL,NULL,NULL,NULL,'Якби на річку покласти кладку,
І через неї перейти.
Якби забути щире кохання,
І до дівчини більш не йти.

Ой знаю, занаю Ти мій миленький,
Що Ти аж трьох нас полюбив.
Тільки не знаю Ти мій миленький,
Котру на серці залишив.

Одну любив я за карі очі,
Другу любив за красоту.
А тая третя сумна ходила,
Лишилась в серці моєму.

Ой вийшла мила на крутий берег,
Там де плавають кораблі.
Скочила вводу згубила вроду,
Знайшла притулочок собі.

За нею милий на крутий берег,
Там де плавають кораблі.
Вийняв хустину кинув на воду,
Візьми миленька - це Тобі.

Візьми миленька зав''яжи рану,
Щоб не розмила її вода.
Ті  карі очі, той стан дівочий,
Що нахилився вже до дна.

І став дрібненький дощ накрапати,
Висока хвиля виграва.
Усі дівчата гуляють в парі,
Моєї милої нема.

І вже на річку поклали кладку,
Я через річку перейшов.
Я не забув те щире кохання,
Хоч до дівчини більш не йшов.    Аматорський','["pisni.org.ua", "cat:lirychni", "cat:narodni", "Пісні про кохання, ліричні", "Народні пісні"]',1,'published',COALESCE((SELECT created_at FROM songs WHERE id='pisniua_4182838'), datetime('now')),datetime('now'));
INSERT OR REPLACE INTO songs_fts(song_id,title,lyrics) VALUES ('pisniua_4182838','Якби на річку покласти кладку','Якби на річку покласти кладку,
І через неї перейти.
Якби забути щире кохання,
І до дівчини більш не йти.

Ой знаю, занаю Ти мій миленький,
Що Ти аж трьох нас полюбив.
Тільки не знаю Ти мій миленький,
Котру на серці залишив.

Одну любив я за карі очі,
Другу любив за красоту.
А тая третя сумна ходила,
Лишилась в серці моєму.

Ой вийшла мила на крутий берег,
Там де плавають кораблі.
Скочила вводу згубила вроду,
Знайшла притулочок собі.

За нею милий на крутий берег,
Там де плавають кораблі.
Вийняв хустину кинув на воду,
Візьми миленька - це Тобі.

Візьми миленька зав''яжи рану,
Щоб не розмила її вода.
Ті  карі очі, той стан дівочий,
Що нахилився вже до дна.

І став дрібненький дощ накрапати,
Висока хвиля виграва.
Усі дівчата гуляють в парі,
Моєї милої нема.

І вже на річку поклали кладку,
Я через річку перейшов.
Я не забув те щире кохання,
Хоч до дівчини більш не йшов.    Аматорський');
INSERT OR REPLACE INTO song_links (id,song_id,title,url,kind,version_id,sort_order) VALUES ('pisniua_4182838_l1','pisniua_4182838','YouTube','https://www.youtube.com/watch?v=ij4jLq3AFmY','video',NULL,1);
INSERT OR REPLACE INTO song_links (id,song_id,title,url,kind,version_id,sort_order) VALUES ('pisniua_4182838_l2','pisniua_4182838','YouTube','https://www.youtube.com/watch?v=GxnuVzJP05A','video',NULL,2);
INSERT OR REPLACE INTO songs (id,title,subtitle,lang,country,period,year,source,notes,lyrics,tags_json,lang_locked,status,created_at,updated_at) VALUES ('pisniua_4183430','Бурхливе море','Музика: Георгій Мірецький Слова: Шандор Петефі','uk','ukraine_1991',NULL,NULL,'2-х томн. ювілейне видання композитора "Бенефіс з небуття" ISMN M 707-516-12-6 изд. ВАТ "Во',NULL,'1.Бурхливе моє море,
між небом й суходолом...
любов, любов, любов
вже більше хвиль
не кине в небосхил (2)

2.Ти тихо задрімала,
як море після шквалу,
як після сліз
дитини спокій настає.

3.Всліпу пливе кохання
його, дзеркальной гладдю
несе у край надій
гойдання човника.

4.І щебет солов''їний
з бережини плотини...
майбутнє милій шле
вітання здалека,
привіт, привіт,
вітання здалека,
привіт...

5.Бурхливе моє море,
між небом й суходолом...
любов, любов, любов
вже більше хвиль
не кине в небосхил | (2)

6.Ти тихо задрімала,
як море після шквалу,
як після сліз
дитини спокій настає','["pisni.org.ua", "cat:romansy", "Романси"]',1,'published',COALESCE((SELECT created_at FROM songs WHERE id='pisniua_4183430'), datetime('now')),datetime('now'));
INSERT OR REPLACE INTO songs_fts(song_id,title,lyrics) VALUES ('pisniua_4183430','Бурхливе море','1.Бурхливе моє море,
між небом й суходолом...
любов, любов, любов
вже більше хвиль
не кине в небосхил (2)

2.Ти тихо задрімала,
як море після шквалу,
як після сліз
дитини спокій настає.

3.Всліпу пливе кохання
його, дзеркальной гладдю
несе у край надій
гойдання човника.

4.І щебет солов''їний
з бережини плотини...
майбутнє милій шле
вітання здалека,
привіт, привіт,
вітання здалека,
привіт...

5.Бурхливе моє море,
між небом й суходолом...
любов, любов, любов
вже більше хвиль
не кине в небосхил | (2)

6.Ти тихо задрімала,
як море після шквалу,
як після сліз
дитини спокій настає');
INSERT OR REPLACE INTO songs (id,title,subtitle,lang,country,period,year,source,notes,lyrics,tags_json,lang_locked,status,created_at,updated_at) VALUES ('pisniua_4181838','Машинґвери','Музика: Андрій Менцак Слова: Андрій Менцак. Виконує: Володимир Вермінський, Андрій Менцак','uk','ukraine_1991',NULL,NULL,NULL,'Музичний відеокліп "Машинґвери", присвячений боротьбі Української Повстанської Армії, знято за ініціативи та за фінансового сприяння власника магазину зброї та спорядження "Штурм" Володимира Правосудова та товариства пошуку жертв війни "Пам''ять". Автор і виконавець пісні Андрій Менцак запис пісні проводив на студії "Галицький заповідник". Зйомки кліпу проводилися у селах Загір''я та Раковець Пустомитівського району Львівської області. http://www.memoria.com.ua/ Адреса на ютюбі: www.youtube.com/watch?v=ysor3GVrFLs Акорди надав: Fill13 Підбір акордів: Fill13','1.
Ми сьогодні сюди не запрошені,
не чекали нас тут.
Машингвери свої запорошені
нам не випадуть з рук.

Приспів:
Am
Машинґвери, Штурмґевери,
Em
відкривай, мерзота, двері!
Ми прийшли вже, гейя, гойя.
Кров схолоне, буде лятись.
Хтось зависне на гілляці.
Ми прийшли вже, гейя, гойя.

2.
Ми питаєм, можливо, останній раз,
хто боївку продав.
Чи не має часом серед смертних вас,
хто запроданцем став?

3.
За боївку наварено, змелено,
але зрадник мовчав.
За вікном на горісі зеленому
вітер ноги гойдав.','["pisni.org.ua", "cat:patriotic", "Патріотичні пісні"]',1,'published',COALESCE((SELECT created_at FROM songs WHERE id='pisniua_4181838'), datetime('now')),datetime('now'));
INSERT OR REPLACE INTO songs_fts(song_id,title,lyrics) VALUES ('pisniua_4181838','Машинґвери','1.
Ми сьогодні сюди не запрошені,
не чекали нас тут.
Машингвери свої запорошені
нам не випадуть з рук.

Приспів:
Am
Машинґвери, Штурмґевери,
Em
відкривай, мерзота, двері!
Ми прийшли вже, гейя, гойя.
Кров схолоне, буде лятись.
Хтось зависне на гілляці.
Ми прийшли вже, гейя, гойя.

2.
Ми питаєм, можливо, останній раз,
хто боївку продав.
Чи не має часом серед смертних вас,
хто запроданцем став?

3.
За боївку наварено, змелено,
але зрадник мовчав.
За вікном на горісі зеленому
вітер ноги гойдав.');
INSERT OR REPLACE INTO song_links (id,song_id,title,url,kind,version_id,sort_order) VALUES ('pisniua_4181838_l1','pisniua_4181838','YouTube','https://www.youtube.com/watch?v=ysor3GVrFLs','video',NULL,1);
INSERT OR REPLACE INTO songs (id,title,subtitle,lang,country,period,year,source,notes,lyrics,tags_json,lang_locked,status,created_at,updated_at) VALUES ('pisniua_4183636','Грузинська пісня','Музика: Олег Покальчук Слова: Олег Покальчук. Виконує: Олег Покальчук','uk','ukraine_1991',NULL,NULL,'аудіозапис',NULL,'Коли обірвався від мертвих слів
Квітневого ранку блакитний аркуш,
Коли телефон брутально розбив
Наших тіл тріумфальну арку,
Коли наситили день по троху
Залізний грім і газовий смерч,
На вулиці вийшов символ епохи
З короткою назвою - БТР!

Приспів:
Не призначайте коханим побачень
У комендантську годину,
Я тебе завтра згадаю, пробач,
Якщо буде чорною днина.
Бо символ порядку - саперну лопатку -
Кожен відчув у себе під ребром.
Де сили взяти пісні складати,
Виключно про добро,
Лише про любов і добро.

Тепер ми знаєм правду, авжеж,
Співставив факти, щось пригадаєм,
Коли у ранах день поверне
Зламаний ключ від червоного раю,
Грузинські вісті по цілім світі
Думи збуджують, ой, невеселі.
Не дай нам, Боже, покладати квіти
На кожній вулиці Руставелі.

Приспів.

Чому відкриваються очі на світ
Так тяжко, наче рубані рани?
До всіх ненароджених і живих
Звертаються мертві з телеекранів.
Де ви час романтичних марень?
Щоб десь у чомусь не переборщить,
Місяць обличчя сховав за хмару,
Наче п''яний солдат за щит.

Приспів.','["pisni.org.ua", "cat:suspilno-politychni", "Суспільно-політичні пісні"]',1,'published',COALESCE((SELECT created_at FROM songs WHERE id='pisniua_4183636'), datetime('now')),datetime('now'));
INSERT OR REPLACE INTO songs_fts(song_id,title,lyrics) VALUES ('pisniua_4183636','Грузинська пісня','Коли обірвався від мертвих слів
Квітневого ранку блакитний аркуш,
Коли телефон брутально розбив
Наших тіл тріумфальну арку,
Коли наситили день по троху
Залізний грім і газовий смерч,
На вулиці вийшов символ епохи
З короткою назвою - БТР!

Приспів:
Не призначайте коханим побачень
У комендантську годину,
Я тебе завтра згадаю, пробач,
Якщо буде чорною днина.
Бо символ порядку - саперну лопатку -
Кожен відчув у себе під ребром.
Де сили взяти пісні складати,
Виключно про добро,
Лише про любов і добро.

Тепер ми знаєм правду, авжеж,
Співставив факти, щось пригадаєм,
Коли у ранах день поверне
Зламаний ключ від червоного раю,
Грузинські вісті по цілім світі
Думи збуджують, ой, невеселі.
Не дай нам, Боже, покладати квіти
На кожній вулиці Руставелі.

Приспів.

Чому відкриваються очі на світ
Так тяжко, наче рубані рани?
До всіх ненароджених і живих
Звертаються мертві з телеекранів.
Де ви час романтичних марень?
Щоб десь у чомусь не переборщить,
Місяць обличчя сховав за хмару,
Наче п''яний солдат за щит.

Приспів.');
INSERT OR REPLACE INTO songs (id,title,subtitle,lang,country,period,year,source,notes,lyrics,tags_json,lang_locked,status,created_at,updated_at) VALUES ('pisniua_4183736','Стрийський парк','Музика: Євген Козак Слова: Ростислав Братунь. Виконує: Маріанна Винницька','uk','ukraine_1991',NULL,NULL,'Аудіозапис',NULL,'Кілька вулиць нас розділяє
Та розлуки довгої літа,
Стали болем стали відчаєм,
Наче скеля кам''яна крута...
В місті одному ми,
А чужі назавжди...
Але я кохаю і чекаю,
Зву тебе: Прийди!..

Приспів:
Стрийський парк в осінні тихі дні
Нагадує мені давноминуле щастя...
Стрийський парк нагадує ті дні,
Які вже не вернеш, вернуть не вдасться...
І шепіт вітру в старих алеях парку
Не говорив нам, що промине любов...
Стрийський парк, пливуть за днями дні,
І тужно так одній, бо ти не прийдеш знов...

Я сьогодні тебе зустріла,
Ти у парку сам собі блукав.
А мені здавалось на крилах
Ти до мене знову поспішав...
Он, як хоч би у сні,
Як в ті далекі дні,
Щоб тебе зустріти полонити
Назавжди мені...

Приспів.

І шепіт вітру в старих алеях парку
Не говорив нам, що промине любов...
Стрийський парк, пливуть за днями дні,
І тужно так одній, бо ти не прийдеш знов...
Бо ти не прийдеш знов...','["pisni.org.ua", "cat:dances", "cat:tango", "Пісні до танцю", "Танґо"]',1,'published',COALESCE((SELECT created_at FROM songs WHERE id='pisniua_4183736'), datetime('now')),datetime('now'));
INSERT OR REPLACE INTO songs_fts(song_id,title,lyrics) VALUES ('pisniua_4183736','Стрийський парк','Кілька вулиць нас розділяє
Та розлуки довгої літа,
Стали болем стали відчаєм,
Наче скеля кам''яна крута...
В місті одному ми,
А чужі назавжди...
Але я кохаю і чекаю,
Зву тебе: Прийди!..

Приспів:
Стрийський парк в осінні тихі дні
Нагадує мені давноминуле щастя...
Стрийський парк нагадує ті дні,
Які вже не вернеш, вернуть не вдасться...
І шепіт вітру в старих алеях парку
Не говорив нам, що промине любов...
Стрийський парк, пливуть за днями дні,
І тужно так одній, бо ти не прийдеш знов...

Я сьогодні тебе зустріла,
Ти у парку сам собі блукав.
А мені здавалось на крилах
Ти до мене знову поспішав...
Он, як хоч би у сні,
Як в ті далекі дні,
Щоб тебе зустріти полонити
Назавжди мені...

Приспів.

І шепіт вітру в старих алеях парку
Не говорив нам, що промине любов...
Стрийський парк, пливуть за днями дні,
І тужно так одній, бо ти не прийдеш знов...
Бо ти не прийдеш знов...');
INSERT OR REPLACE INTO songs (id,title,subtitle,lang,country,period,year,source,notes,lyrics,tags_json,lang_locked,status,created_at,updated_at) VALUES ('pisniua_4184930','Ой вийду надвір - бички бушують','Українська народна пісня','uk','ukraine_before_1917',NULL,NULL,'Красна весна, тихе літо. Українські народні календарні пісні весняно- літньої пори з репертуару етнографічного хору "Гомін" та Київського Кобзарського Цеху. /Упорядники: Ященко Л. І., Міщенко К. А./ - Київ, 2007. - 256 с.',NULL,'Ой вийду надвір -
Бички бушують.
Ой, Юр''я, Юр''я,
Бички бушують.

Бички бушують,
Бо весну чують.
Ой, Юр''я, Юр''я,
Бо весну чують.

В зелених лугах
Квітки зацвіли.
Ой, Юр''я, Юр''я,
Квітки зацвіли.

Вийду на юлицю
Квітки збирати.
Ой, Юр''я, Юр''я,
Квітки збирати.

Квітки збирати,
Вінки сплітати,
Ой, Юр''я, Юр''я,
Вінки сплітати.','["pisni.org.ua", "cat:vesnyanky-hayivky", "Веснянки та гаївки"]',1,'published',COALESCE((SELECT created_at FROM songs WHERE id='pisniua_4184930'), datetime('now')),datetime('now'));
INSERT OR REPLACE INTO songs_fts(song_id,title,lyrics) VALUES ('pisniua_4184930','Ой вийду надвір - бички бушують','Ой вийду надвір -
Бички бушують.
Ой, Юр''я, Юр''я,
Бички бушують.

Бички бушують,
Бо весну чують.
Ой, Юр''я, Юр''я,
Бо весну чують.

В зелених лугах
Квітки зацвіли.
Ой, Юр''я, Юр''я,
Квітки зацвіли.

Вийду на юлицю
Квітки збирати.
Ой, Юр''я, Юр''я,
Квітки збирати.

Квітки збирати,
Вінки сплітати,
Ой, Юр''я, Юр''я,
Вінки сплітати.');
INSERT OR REPLACE INTO song_links (id,song_id,title,url,kind,version_id,sort_order) VALUES ('pisniua_4184930_l1','pisniua_4184930','YouTube','https://www.youtube.com/watch?v=S3QoqHO_5wE','video',NULL,1);
INSERT OR REPLACE INTO songs (id,title,subtitle,lang,country,period,year,source,notes,lyrics,tags_json,lang_locked,status,created_at,updated_at) VALUES ('pisniua_418430','Житіє моє всегда горькоє','Українська народна пісня. Виконує: Гуртоправці','uk','ukraine_1991',NULL,'2003','Гуртоправці (Ой давно-давно 2003)','ГУРТОПРАВЦІ: Ой давно-давно. Найдавніша і новіша етнічна музика українців. Гурти "Древо", "Володар" і гуртоправці. Укл. Ірина Клименко (klymenko_iryna@ukr.net). 2003. Кружало. №17. "Чернеча псальма", Таращанський повіт (за П. Демуцьким). Вик. Тарас Компаніченко (співає та грає на лірі) та Мар''яна Мархель','Житіє моє всегда горькоє
Прожив я свой вік як не чоловік

Прожив я свой вік як не чоловік
В світі жиючи біду терплячи

В світі жиючи біду терплячи
Як сосна в піску так серце в тоску

Як сосна в піску так серце в тоску
Корабль на воді так я у біді

Як волни б''юцця так сльози ллюцця
Як річки бринять так мишлі  біжать

Куди я піду та все на біду
Куди я піду добра не знайду

Пойду в манастир там я буду жить
Там я буду жить і Бога молить

Ой там я умру жизнь свою скончу
Братія сойдуть землі предадуть

Братія сойдуть землі предадуть
Землі предадуть вічную споють','["pisni.org.ua", "cat:cerkovni", "cat:dumy", "Церковні пісні", "Думи"]',1,'published',COALESCE((SELECT created_at FROM songs WHERE id='pisniua_418430'), datetime('now')),datetime('now'));
INSERT OR REPLACE INTO songs_fts(song_id,title,lyrics) VALUES ('pisniua_418430','Житіє моє всегда горькоє','Житіє моє всегда горькоє
Прожив я свой вік як не чоловік

Прожив я свой вік як не чоловік
В світі жиючи біду терплячи

В світі жиючи біду терплячи
Як сосна в піску так серце в тоску

Як сосна в піску так серце в тоску
Корабль на воді так я у біді

Як волни б''юцця так сльози ллюцця
Як річки бринять так мишлі  біжать

Куди я піду та все на біду
Куди я піду добра не знайду

Пойду в манастир там я буду жить
Там я буду жить і Бога молить

Ой там я умру жизнь свою скончу
Братія сойдуть землі предадуть

Братія сойдуть землі предадуть
Землі предадуть вічную споють');
INSERT OR REPLACE INTO songs (id,title,subtitle,lang,country,period,year,source,notes,lyrics,tags_json,lang_locked,status,created_at,updated_at) VALUES ('pisniua_4184787','Виїжджали хлопці','Українська народна пісня','uk','ukr_ssr_1919_1991',NULL,NULL,'Записано з уст бабусі',NULL,'Виїзжали хлопці з рідного села.
Всі вони гукнули "Прощай, Вкраїна!"
Тільки один хлопець нічо'' не сказав,
Вийняв він хустину, сльози витирав.
" Ой як мені жалко цеї Вкраїни,
А ще дужче жалко сестри Галини..."

Ой далеко в полі батько рів копав,
Він здалеку бачив, як боєць упав.
Він здалеку бачив, як боєць упав.
Не повірив батько сам своїм очам,
Пішов подивитись, а там син лежав.
Пішов подивитись, а там син лежав.

Ой сину мій, сину, чого тут лежиш,
Чи важко поранений, чи вбитий лежиш?
Чи важко поранений, чи вбитий лежиш?
Важко не поранений, я вбитий лежу.
Візьми штири доски, збий домовину.
Візьми штири доски, збий домовину.

Узяв штири дошки, збив домовину.
Поховав він сина в чужому краю.
Поховав він сина в чужому краю.
Насипав могилу високу йому.
Насипав могилу високу йому.
Посадив калину червону йому.

Прийшов він додому та й сів край вікна.
Дивиться в віконце, біжить Галина.
Дивиться в віконце, біжить Галина.
"Ой тату, мій тату, знову звістка йде.
Поранений Вася додому іде.
Поранений Вася додому іде."

Не вір, не вір доню, не вір нікому.
Поховав я Васю в чужому краю.
Поховав я Васю в чужому краю.
Насипав могилу високу йому.
Насипав могилу високу йому.
Посадив калину червону йому.

Ой далеко в полі та й вогонь горить.
Молодая Галя за братом кричить.
Молодая Галя за братом кричить.
Ой далеко в полі та й вогонь горить.
Молодую Галю несуть хоронить.
Молодую Галю несуть хоронить.','["pisni.org.ua", "cat:povstanski", "Повстанські пісні"]',1,'published',COALESCE((SELECT created_at FROM songs WHERE id='pisniua_4184787'), datetime('now')),datetime('now'));
INSERT OR REPLACE INTO songs_fts(song_id,title,lyrics) VALUES ('pisniua_4184787','Виїжджали хлопці','Виїзжали хлопці з рідного села.
Всі вони гукнули "Прощай, Вкраїна!"
Тільки один хлопець нічо'' не сказав,
Вийняв він хустину, сльози витирав.
" Ой як мені жалко цеї Вкраїни,
А ще дужче жалко сестри Галини..."

Ой далеко в полі батько рів копав,
Він здалеку бачив, як боєць упав.
Він здалеку бачив, як боєць упав.
Не повірив батько сам своїм очам,
Пішов подивитись, а там син лежав.
Пішов подивитись, а там син лежав.

Ой сину мій, сину, чого тут лежиш,
Чи важко поранений, чи вбитий лежиш?
Чи важко поранений, чи вбитий лежиш?
Важко не поранений, я вбитий лежу.
Візьми штири доски, збий домовину.
Візьми штири доски, збий домовину.

Узяв штири дошки, збив домовину.
Поховав він сина в чужому краю.
Поховав він сина в чужому краю.
Насипав могилу високу йому.
Насипав могилу високу йому.
Посадив калину червону йому.

Прийшов він додому та й сів край вікна.
Дивиться в віконце, біжить Галина.
Дивиться в віконце, біжить Галина.
"Ой тату, мій тату, знову звістка йде.
Поранений Вася додому іде.
Поранений Вася додому іде."

Не вір, не вір доню, не вір нікому.
Поховав я Васю в чужому краю.
Поховав я Васю в чужому краю.
Насипав могилу високу йому.
Насипав могилу високу йому.
Посадив калину червону йому.

Ой далеко в полі та й вогонь горить.
Молодая Галя за братом кричить.
Молодая Галя за братом кричить.
Ой далеко в полі та й вогонь горить.
Молодую Галю несуть хоронить.
Молодую Галю несуть хоронить.');
INSERT OR REPLACE INTO song_links (id,song_id,title,url,kind,version_id,sort_order) VALUES ('pisniua_4184787_l1','pisniua_4184787','YouTube','https://www.youtube.com/watch?v=uigPx2KX2-A','video',NULL,1);
INSERT OR REPLACE INTO songs (id,title,subtitle,lang,country,period,year,source,notes,lyrics,tags_json,lang_locked,status,created_at,updated_at) VALUES ('pisniua_4185034','Вулицею йдем, Купайло несем','Українська народна пісня','uk','ukraine_before_1917',NULL,NULL,'Красна весна, тихе літо. Українські народні календарні пісні весняно- літньої пори з репертуару етнографічного хору "Гомін" та Київського Кобзарського Цеху. /Упорядники: Ященко Л. І., Міщенко К. А./ - Київ, 2007. - 256','Опис: Дівчата приносили на місце гуляння У-подібне Купайло, а молодиці робили для дітей "купайлиці" — щось на зразок довгого качана з квітів і вишень.','Вулицею йдем,     |
Купайло несем.    | (2)

Наше Купайло      |
У лісі було.      | (2)

Ми його знайшли,  |
В село принесли.  | (2)

А ви, дівочки,    |
Плетіть віночки.  | (2)

Ви, молодиці, -   |
По купайлиці.     | (2)

А ви, бабусі,     |
Збирайтеся всі.   | (2)

Хлопці, дивіться  |
Та й не казіться! | (2)','["pisni.org.ua", "cat:kupalski", "Купальські пісні"]',1,'published',COALESCE((SELECT created_at FROM songs WHERE id='pisniua_4185034'), datetime('now')),datetime('now'));
INSERT OR REPLACE INTO songs_fts(song_id,title,lyrics) VALUES ('pisniua_4185034','Вулицею йдем, Купайло несем','Вулицею йдем,     |
Купайло несем.    | (2)

Наше Купайло      |
У лісі було.      | (2)

Ми його знайшли,  |
В село принесли.  | (2)

А ви, дівочки,    |
Плетіть віночки.  | (2)

Ви, молодиці, -   |
По купайлиці.     | (2)

А ви, бабусі,     |
Збирайтеся всі.   | (2)

Хлопці, дивіться  |
Та й не казіться! | (2)');
INSERT OR REPLACE INTO songs (id,title,subtitle,lang,country,period,year,source,notes,lyrics,tags_json,lang_locked,status,created_at,updated_at) VALUES ('pisniua_4184338','Шум','(Ой, нумо, нумо зеленого Шума). Українська народна пісня','uk','ukraine_before_1917',NULL,NULL,'Красна весна, тихе літо. Українські народні календарні пісні весняно- літньої пори з репертуару етнографічного хору "Гомін" та Київського Кобзарського Цеху. /Упорядники: Ященко Л. І., Міщенко К. А./ - Київ, 2007. - 256 с.',NULL,'Ой, нумо, нумо зеленого Шума,
Шума заплетемо - гуляти підемо.

Ой, Шум ходить, по воді бродить,
А Шумиха рибу ловить.

Що зловили - те й пропили,
Дочці шуби не купили.

Пожди, доню, до суботи,
Буде шуба ще й чоботи.

Субота минає - а шуби немає,
А Шумиха із Шумом гуляє.

Пожди, доню, до неділі,
Буде шуба й фартух білий.

Неділя минає - а шуби немає,
А Шумиха із Шумом гуляє.

Пожди, доню, до вівторка -
Буде шуба ще й шнуровка.

Вівторок минає - а шуби немає,
А Шумиха із Шумом гуляє.

Пожди, доню, до середи,
Буде шуба ще й переди.

Середа минає - а шуби немає,
А Шумиха із Шумом гуляє.

Пожди, доню, до п''ятниці,
Буде шуба ще й спідниця...','["pisni.org.ua", "cat:vesnyanky-hayivky", "Веснянки та гаївки"]',1,'published',COALESCE((SELECT created_at FROM songs WHERE id='pisniua_4184338'), datetime('now')),datetime('now'));
INSERT OR REPLACE INTO songs_fts(song_id,title,lyrics) VALUES ('pisniua_4184338','Шум','Ой, нумо, нумо зеленого Шума,
Шума заплетемо - гуляти підемо.

Ой, Шум ходить, по воді бродить,
А Шумиха рибу ловить.

Що зловили - те й пропили,
Дочці шуби не купили.

Пожди, доню, до суботи,
Буде шуба ще й чоботи.

Субота минає - а шуби немає,
А Шумиха із Шумом гуляє.

Пожди, доню, до неділі,
Буде шуба й фартух білий.

Неділя минає - а шуби немає,
А Шумиха із Шумом гуляє.

Пожди, доню, до вівторка -
Буде шуба ще й шнуровка.

Вівторок минає - а шуби немає,
А Шумиха із Шумом гуляє.

Пожди, доню, до середи,
Буде шуба ще й переди.

Середа минає - а шуби немає,
А Шумиха із Шумом гуляє.

Пожди, доню, до п''ятниці,
Буде шуба ще й спідниця...');
INSERT OR REPLACE INTO song_links (id,song_id,title,url,kind,version_id,sort_order) VALUES ('pisniua_4184338_l1','pisniua_4184338','YouTube','https://www.youtube.com/watch?v=8SE5TI8XmwI','video',NULL,1);
INSERT OR REPLACE INTO songs (id,title,subtitle,lang,country,period,year,source,notes,lyrics,tags_json,lang_locked,status,created_at,updated_at) VALUES ('pisniua_4187735','Цей новий рік','Музика: Ігор Рудий Слова: Оксана Голуб. Виконує: Іван Красовський, Оксана Голуб, Ігор Рудий, Владислав Лєлюшкін','uk','ukraine_before_1917',NULL,NULL,'Продюсер',NULL,'Світять вогнів герлянди.
Ясно, неначе вдень.
В місті сьогодні свято,
Свято в серцях людей!
Рідні прийдуть, знайомі.
Їх зутрічати час.
В кожнім гостиннім домі
Радо чекають вас.

Приспів:
Новий рік!
Хай подарує нам Новий рік
Безліч думок і заповітних мрій!
Новий рік!
Хай буде чистим цей новий рік,
Мов той найперший білий,
Сріблястий сніг!

Казку чекають діти,
Чути веселий сміх!
Нам вже не зрозуміти
Мрій всіх дитячих їх.
Та у цю ніч дитинство
Ближчим стає для всіх.
Мить чарівного дійства -
Відлік хвилин нових.

Приспів','["pisni.org.ua", "cat:socialno-pobutovi", "Соціально-побутові пісні"]',1,'published',COALESCE((SELECT created_at FROM songs WHERE id='pisniua_4187735'), datetime('now')),datetime('now'));
INSERT OR REPLACE INTO songs_fts(song_id,title,lyrics) VALUES ('pisniua_4187735','Цей новий рік','Світять вогнів герлянди.
Ясно, неначе вдень.
В місті сьогодні свято,
Свято в серцях людей!
Рідні прийдуть, знайомі.
Їх зутрічати час.
В кожнім гостиннім домі
Радо чекають вас.

Приспів:
Новий рік!
Хай подарує нам Новий рік
Безліч думок і заповітних мрій!
Новий рік!
Хай буде чистим цей новий рік,
Мов той найперший білий,
Сріблястий сніг!

Казку чекають діти,
Чути веселий сміх!
Нам вже не зрозуміти
Мрій всіх дитячих їх.
Та у цю ніч дитинство
Ближчим стає для всіх.
Мить чарівного дійства -
Відлік хвилин нових.

Приспів');
INSERT OR REPLACE INTO song_links (id,song_id,title,url,kind,version_id,sort_order) VALUES ('pisniua_4187735_l1','pisniua_4187735','YouTube','https://www.youtube.com/watch?v=JlsI5ui5KHs','video',NULL,1);
INSERT OR REPLACE INTO song_links (id,song_id,title,url,kind,version_id,sort_order) VALUES ('pisniua_4187735_l2','pisniua_4187735','YouTube','https://www.youtube.com/watch?v=LJWjZZPYk_0','video',NULL,2);
INSERT OR REPLACE INTO songs (id,title,subtitle,lang,country,period,year,source,notes,lyrics,tags_json,lang_locked,status,created_at,updated_at) VALUES ('pisniua_4185083','Та через село','Українська народна пісня','uk','ukraine_before_1917',NULL,NULL,'Красна весна, тихе літо. Українські народні календарні пісні весняно- літньої пори з репертуару етнографічного хору "Гомін" та Київського Кобзарського Цеху. /Упорядники: Ященко Л. І., Міщенко К. А./ - Київ, 2007. - 256',NULL,'Та через село,    | (2)
Та піч везено,
Іване, Йване, гу!

А в тої печі,     | (2)
Золотії плечі,
Іване, Йване, гу!

Та, ой, на Йвана, | (2)
Та воду брала,
Іване, Йване, гу!

А на Петра,       | (2)
Та й хліб пекла,
Іване, Йване, гу!','["pisni.org.ua", "cat:kupalski", "Купальські пісні"]',1,'published',COALESCE((SELECT created_at FROM songs WHERE id='pisniua_4185083'), datetime('now')),datetime('now'));
INSERT OR REPLACE INTO songs_fts(song_id,title,lyrics) VALUES ('pisniua_4185083','Та через село','Та через село,    | (2)
Та піч везено,
Іване, Йване, гу!

А в тої печі,     | (2)
Золотії плечі,
Іване, Йване, гу!

Та, ой, на Йвана, | (2)
Та воду брала,
Іване, Йване, гу!

А на Петра,       | (2)
Та й хліб пекла,
Іване, Йване, гу!');
INSERT OR REPLACE INTO song_links (id,song_id,title,url,kind,version_id,sort_order) VALUES ('pisniua_4185083_l1','pisniua_4185083','YouTube','https://www.youtube.com/watch?v=WD_DYiyA4fM','video',NULL,1);
INSERT OR REPLACE INTO songs (id,title,subtitle,lang,country,period,year,source,notes,lyrics,tags_json,lang_locked,status,created_at,updated_at) VALUES ('pisniua_4185131','На Купала була, сорочку забула','Українська народна пісня','uk','ukraine_before_1917',NULL,NULL,'Красна весна, тихе літо. Українські народні календарні пісні весняно- літньої пори з репертуару етнографічного хору "Гомін" та Київського Кобзарського Цеху. /Упорядники: Ященко Л. І., Міщенко К. А./ - Київ, 2007. - 256',NULL,'На Купала була,
Сорочку забула.
Купала на Йвана!

Не піду додому -
Боюся сорому.
Купала на Йвана!

Загорнусь в солому
Та й піду додому.
Купала на Йвана!

Вітер налітає -
Солому зриває.
Купала на Йвана!

А слідом за мною
Хлопці чередою.
Купала на Йвана!
* * *
Купало, Купало,
Чи ти з неба впало,
Купала на Йвана!

Чи з землі взялося,
Що таке вдалося?
Купала на Йвана!','["pisni.org.ua", "cat:kupalski", "Купальські пісні"]',1,'published',COALESCE((SELECT created_at FROM songs WHERE id='pisniua_4185131'), datetime('now')),datetime('now'));
INSERT OR REPLACE INTO songs_fts(song_id,title,lyrics) VALUES ('pisniua_4185131','На Купала була, сорочку забула','На Купала була,
Сорочку забула.
Купала на Йвана!

Не піду додому -
Боюся сорому.
Купала на Йвана!

Загорнусь в солому
Та й піду додому.
Купала на Йвана!

Вітер налітає -
Солому зриває.
Купала на Йвана!

А слідом за мною
Хлопці чередою.
Купала на Йвана!
* * *
Купало, Купало,
Чи ти з неба впало,
Купала на Йвана!

Чи з землі взялося,
Що таке вдалося?
Купала на Йвана!');
INSERT OR REPLACE INTO songs (id,title,subtitle,lang,country,period,year,source,notes,lyrics,tags_json,lang_locked,status,created_at,updated_at) VALUES ('pisniua_4184436','Огірочки','(Ой, питалася мати дочки). Українська народна пісня','uk','ukraine_before_1917',NULL,NULL,'Красна весна, тихе літо. Українські народні календарні пісні весняно- літньої пори з репертуару етнографічного хору "Гомін" та Київського Кобзарського Цеху. /Упорядники: Ященко Л. І., Міщенко К. А./ - Київ, 2007. - 256 с.','Опис гри: Молодь стає в ряд, узявшись за руки. Крайня з одного кінця пара підносить зімкнені руки догори — робить ворота. Крайній з другого кінця учасник гри веде усіх за собою крізь ті ворота, немов би затягуючи петлю. При цьому другий з "воріт" учасник має стати "заплетений": рука, що утворювала ворота, має лягти на власне протилежне плече; далі друга рука підноситься догори і утворює наступні ворота спільно з наступним учасником. Коли всі учасники гри стають "заплетені", той самий крайній "розплітає" їх у зворотньому порядку.','Ой, питалася мати дочки:
Де посієм огірочки?
Най ся в''ють.        | (2)

Ой, посієм над водою,
Заскородим бороною,
Най ся в''ють.        | (2)

Ой, сіяли, поливали,
Бо ся гості сподівали.
Най ся в''ють.        | (2)

Ой, вийтеся, огірочки,
У зелені пуп''яночки,
Не рвіться.          | (2)
Чи великі, чи маленькі
В''яжіться.           | (2)

Ой, буду вас поливати,
Щосуботи вибирати -
Не рвіться.          | (2)
Чи великі, чи маленькі -
В''яжіться.           | (2)

Ой, приходьте, парубочки,
Вибирати огірочки -
То ж ся в''ють.       | (2)

Ой, приходьте, сусідочки,
Вибирати огірочки -
То ж ся в''ють.       | (2)

Ой, позичте, кумко, бочки -
Най наквашу огірочки,
То ж ся в''ють.       | (2)

Не позичу, кумко, бочки —
Маю свої огірочки,
То ж ся в''ють.       | (2)

Огірочки зелененькі,
Завивайтеся, завивайтеся!

Ви, дівчата, молоденькі,
Віддавайтеся, віддавайтеся!

А ви, хлопці молоденькі,
Женихайтеся, женихайтеся!

А которі жовтяки -   |
Так то наші парубки! | (2)','["pisni.org.ua", "cat:vesnyanky-hayivky", "Веснянки та гаївки"]',1,'published',COALESCE((SELECT created_at FROM songs WHERE id='pisniua_4184436'), datetime('now')),datetime('now'));
INSERT OR REPLACE INTO songs_fts(song_id,title,lyrics) VALUES ('pisniua_4184436','Огірочки','Ой, питалася мати дочки:
Де посієм огірочки?
Най ся в''ють.        | (2)

Ой, посієм над водою,
Заскородим бороною,
Най ся в''ють.        | (2)

Ой, сіяли, поливали,
Бо ся гості сподівали.
Най ся в''ють.        | (2)

Ой, вийтеся, огірочки,
У зелені пуп''яночки,
Не рвіться.          | (2)
Чи великі, чи маленькі
В''яжіться.           | (2)

Ой, буду вас поливати,
Щосуботи вибирати -
Не рвіться.          | (2)
Чи великі, чи маленькі -
В''яжіться.           | (2)

Ой, приходьте, парубочки,
Вибирати огірочки -
То ж ся в''ють.       | (2)

Ой, приходьте, сусідочки,
Вибирати огірочки -
То ж ся в''ють.       | (2)

Ой, позичте, кумко, бочки -
Най наквашу огірочки,
То ж ся в''ють.       | (2)

Не позичу, кумко, бочки —
Маю свої огірочки,
То ж ся в''ють.       | (2)

Огірочки зелененькі,
Завивайтеся, завивайтеся!

Ви, дівчата, молоденькі,
Віддавайтеся, віддавайтеся!

А ви, хлопці молоденькі,
Женихайтеся, женихайтеся!

А которі жовтяки -   |
Так то наші парубки! | (2)');
INSERT OR REPLACE INTO songs (id,title,subtitle,lang,country,period,year,source,notes,lyrics,tags_json,lang_locked,status,created_at,updated_at) VALUES ('pisniua_4185236','Ой на морі утя та й купалося','Українська народна пісня','uk','ukraine_before_1917',NULL,NULL,'Красна весна, тихе літо. Українські народні календарні пісні весняно- літньої пори з репертуару етнографічного хору "Гомін" та Київського Кобзарського Цеху. /Упорядники: Ященко Л. І., Міщенко К. А./ - Київ, 2007. - 256',NULL,'Ой на морі утя
Та й купалося,
А на бережечку
Та й сушило(ся).

А на бережечку
Та й сушилося,
А на мене мати
Та й сварила(ся).

А на мене мати
Та й сварилася,
Щоб я на юлиці
Не барила(ся).

Ой, як будеш, мати,
Та й сваритися,
Буду на юлиці
Та й барити(ся).

Ой, як будеш, мати,
Та й докучати,
Буду на юлиці
Та й ночува(ти)!','["pisni.org.ua", "cat:kupalski", "Купальські пісні"]',1,'published',COALESCE((SELECT created_at FROM songs WHERE id='pisniua_4185236'), datetime('now')),datetime('now'));
INSERT OR REPLACE INTO songs_fts(song_id,title,lyrics) VALUES ('pisniua_4185236','Ой на морі утя та й купалося','Ой на морі утя
Та й купалося,
А на бережечку
Та й сушило(ся).

А на бережечку
Та й сушилося,
А на мене мати
Та й сварила(ся).

А на мене мати
Та й сварилася,
Щоб я на юлиці
Не барила(ся).

Ой, як будеш, мати,
Та й сваритися,
Буду на юлиці
Та й барити(ся).

Ой, як будеш, мати,
Та й докучати,
Буду на юлиці
Та й ночува(ти)!');
INSERT OR REPLACE INTO songs (id,title,subtitle,lang,country,period,year,source,notes,lyrics,tags_json,lang_locked,status,created_at,updated_at) VALUES ('pisniua_4184838','Стоїть над Волгою курган','Музика: Ігор Шамо Слова: Дмитро Луценко','uk','ukraine_1991',NULL,NULL,'Дмитро Луценко "Усе любов''ю зміряне до дна", Київ, видавництво "Криниця", 2005',NULL,'Стоїть на Волгою курган,
Шумить густими полинами.
І сивий стелиться туман
В степу над вбитими синами.
Вітри їх в синю даль зовуть,
Багряний ранок мружить вії.
І роси падають в траву,
Гарячі роси падають в траву,
Як сльози матері святії.

Ішли в шинелях юнаки
З Тамбова, Києва і Тули.
В боях важких біля ріки
В кургані волзькому заснули.
Вітри їх в синю даль зовуть,
Багряний ранок мружить вії.
І роси падають в траву,
Гарячі роси падають в траву,
Як сльози матері святії.

Затих над степом ураган,
Гримлять лиш в спогадах гармати.
Стоїть край берега курган,
І в ньому сплять брати-солдати.
Вітри їх в синю даль зовуть,
Шумлять, як втрачені надії.
І роси падають в траву,
Гарячі роси падають в траву,
Як сльози матері святії.','["pisni.org.ua", "cat:istorychni", "Історичні пісні"]',1,'published',COALESCE((SELECT created_at FROM songs WHERE id='pisniua_4184838'), datetime('now')),datetime('now'));
INSERT OR REPLACE INTO songs_fts(song_id,title,lyrics) VALUES ('pisniua_4184838','Стоїть над Волгою курган','Стоїть на Волгою курган,
Шумить густими полинами.
І сивий стелиться туман
В степу над вбитими синами.
Вітри їх в синю даль зовуть,
Багряний ранок мружить вії.
І роси падають в траву,
Гарячі роси падають в траву,
Як сльози матері святії.

Ішли в шинелях юнаки
З Тамбова, Києва і Тули.
В боях важких біля ріки
В кургані волзькому заснули.
Вітри їх в синю даль зовуть,
Багряний ранок мружить вії.
І роси падають в траву,
Гарячі роси падають в траву,
Як сльози матері святії.

Затих над степом ураган,
Гримлять лиш в спогадах гармати.
Стоїть край берега курган,
І в ньому сплять брати-солдати.
Вітри їх в синю даль зовуть,
Шумлять, як втрачені надії.
І роси падають в траву,
Гарячі роси падають в траву,
Як сльози матері святії.');
INSERT OR REPLACE INTO songs (id,title,subtitle,lang,country,period,year,source,notes,lyrics,tags_json,lang_locked,status,created_at,updated_at) VALUES ('pisniua_4186583','Летіла зозуля','Українська народна пісня. Виконує: Ніна Матвієнко','uk','ukraine_before_1917',NULL,NULL,'аудіозапис',NULL,'Летіла зозуля
З гори та в долину
Та й сіла кувати    |
Коло мого тину.     | (2)

Зозуле, зозуле,
Десь ти горе чуєш,
Коло моєй хати      |
На калині куєш?..   | (2)

Зозуля кувала,
Правдоньку сказала,
Що моєї неньки
На світі не стало.

Добігла до хати,
Стала на порозі,
Забилось серденько, |
Покотилось сльози.  | (2)

Ой, матінко-мати,
Де тебе узяти?..
Чи піти купити,     |
Чи намалювати?..    | (2)

Наїхали маляри
З далекой сторони,
Змалювали неньку    |
На білій оселі.     | (2)

Змалювали очі,
Змалювали броди,
Та не змалювали     |
Щирої розмови...    | (2)','["pisni.org.ua", "cat:narodni", "cat:nostalgia", "cat:pro-batkiv", "Народні пісні", "Пісні з ностальгічними мотивами", "Пісні про любов до батьків"]',1,'published',COALESCE((SELECT created_at FROM songs WHERE id='pisniua_4186583'), datetime('now')),datetime('now'));
INSERT OR REPLACE INTO songs_fts(song_id,title,lyrics) VALUES ('pisniua_4186583','Летіла зозуля','Летіла зозуля
З гори та в долину
Та й сіла кувати    |
Коло мого тину.     | (2)

Зозуле, зозуле,
Десь ти горе чуєш,
Коло моєй хати      |
На калині куєш?..   | (2)

Зозуля кувала,
Правдоньку сказала,
Що моєї неньки
На світі не стало.

Добігла до хати,
Стала на порозі,
Забилось серденько, |
Покотилось сльози.  | (2)

Ой, матінко-мати,
Де тебе узяти?..
Чи піти купити,     |
Чи намалювати?..    | (2)

Наїхали маляри
З далекой сторони,
Змалювали неньку    |
На білій оселі.     | (2)

Змалювали очі,
Змалювали броди,
Та не змалювали     |
Щирої розмови...    | (2)');
INSERT OR REPLACE INTO song_links (id,song_id,title,url,kind,version_id,sort_order) VALUES ('pisniua_4186583_l1','pisniua_4186583','YouTube','https://www.youtube.com/watch?v=2IEUbmq1lIU','video',NULL,1);
INSERT OR REPLACE INTO song_links (id,song_id,title,url,kind,version_id,sort_order) VALUES ('pisniua_4186583_l2','pisniua_4186583','YouTube','https://www.youtube.com/watch?v=B5V95jo1qII','video',NULL,2);
INSERT OR REPLACE INTO songs (id,title,subtitle,lang,country,period,year,source,notes,lyrics,tags_json,lang_locked,status,created_at,updated_at) VALUES ('pisniua_4185632','Пластунка N','Музика: Плач Єремії Слова: Сергій Жадан. Виконує: Плач Єремії','uk','ukraine_1991',NULL,NULL,NULL,NULL,'1.
Так відступало твоє дитинство -
ставився голос, губились друзі,
високо в небі міцно і стисло
висло життя, мов сережка у вусі.

2.
Так ми жили - голосні й недолугі,
вплетені в часу стрічку трофейну,
блудні поборники буґі-вуґі,
скурвлені діти міцного портвейну.

3.
Ти одягала військові боти,
бігла до школи - пенал, олівчик.
Все ще попереду - перші аборти,
татові джинси, мамин ліфчик.

Приспів:
Пластунка N (4 рази)

4.
Ще підіймало звивисту хвилю.
Срібна розгромлена клавіатура
ще формувала основи стилю -
так починалася контркультура.

5.
З теплими гільзами "Біломору",
з ковдрами битих студентських акцій
так наполегливо рвався угору
змучений блюз твоїх менструацій.

Приспів.

6.
Що нас єднало? Загоєні сварки
падали в ніч, як у воду весла.
Ми відкривались, творили шпарки.
Теплі вітри мимоволі занесли

7.
смуток у душі, мов мед у соти.
Як ми трималися, Бога ради! -
попри усі божевільні гризоти,
попри задрочки радянської влади.

Приспів.

8.
Цим і завершилось. Тлінь мажорна,
стишена хвиля, сутінь озерна.
Схиблений час розтинає, мов жорна,
спільного досвіду темні зерна.

9.
Тільки я знаю - між гострого віття,
в перенасиченій біосфері
так лише варто вживати повітря,
так лише слід прочиняти двері.

10.
Липне до уст почуття морфеми -
альтернативна прозора вода ця.
Те, що було, не розіб''єш на теми.
Так ми кохали. І нам - воздасться.

Приспів.','["pisni.org.ua", "cat:suspilno-politychni", "Суспільно-політичні пісні"]',1,'published',COALESCE((SELECT created_at FROM songs WHERE id='pisniua_4185632'), datetime('now')),datetime('now'));
INSERT OR REPLACE INTO songs_fts(song_id,title,lyrics) VALUES ('pisniua_4185632','Пластунка N','1.
Так відступало твоє дитинство -
ставився голос, губились друзі,
високо в небі міцно і стисло
висло життя, мов сережка у вусі.

2.
Так ми жили - голосні й недолугі,
вплетені в часу стрічку трофейну,
блудні поборники буґі-вуґі,
скурвлені діти міцного портвейну.

3.
Ти одягала військові боти,
бігла до школи - пенал, олівчик.
Все ще попереду - перші аборти,
татові джинси, мамин ліфчик.

Приспів:
Пластунка N (4 рази)

4.
Ще підіймало звивисту хвилю.
Срібна розгромлена клавіатура
ще формувала основи стилю -
так починалася контркультура.

5.
З теплими гільзами "Біломору",
з ковдрами битих студентських акцій
так наполегливо рвався угору
змучений блюз твоїх менструацій.

Приспів.

6.
Що нас єднало? Загоєні сварки
падали в ніч, як у воду весла.
Ми відкривались, творили шпарки.
Теплі вітри мимоволі занесли

7.
смуток у душі, мов мед у соти.
Як ми трималися, Бога ради! -
попри усі божевільні гризоти,
попри задрочки радянської влади.

Приспів.

8.
Цим і завершилось. Тлінь мажорна,
стишена хвиля, сутінь озерна.
Схиблений час розтинає, мов жорна,
спільного досвіду темні зерна.

9.
Тільки я знаю - між гострого віття,
в перенасиченій біосфері
так лише варто вживати повітря,
так лише слід прочиняти двері.

10.
Липне до уст почуття морфеми -
альтернативна прозора вода ця.
Те, що було, не розіб''єш на теми.
Так ми кохали. І нам - воздасться.

Приспів.');
INSERT OR REPLACE INTO songs (id,title,subtitle,lang,country,period,year,source,notes,lyrics,tags_json,lang_locked,status,created_at,updated_at) VALUES ('pisniua_4188434','Пробач мені, мамо','Українська народна пісня. Виконує: Берники','uk','ukraine_before_1917',NULL,NULL,NULL,NULL,'Мені ти вказала до неба дорогу,
Маленьким дитятком до Бога вела.
Чому, моя мамо, для тебе так рано
Настала осіння пора?..

Приспів:
Пробач мені, мамо,
За те, що так рано
Збіліла твоя голова.
Тебе я кохаю,
Без тебе, не знаю,
Як жить на землі буду я...

Не знаєш ти втоми, хоч інколи ноги
Підкосить, як серпом траву,
Не чуєш ти болю, хоч руки в мозолях,
І стримують очі сльозу...

Приспів. (2)

Пробач мені, мамо...','["pisni.org.ua", "cat:pro-batkiv", "Пісні про любов до батьків"]',1,'published',COALESCE((SELECT created_at FROM songs WHERE id='pisniua_4188434'), datetime('now')),datetime('now'));
INSERT OR REPLACE INTO songs_fts(song_id,title,lyrics) VALUES ('pisniua_4188434','Пробач мені, мамо','Мені ти вказала до неба дорогу,
Маленьким дитятком до Бога вела.
Чому, моя мамо, для тебе так рано
Настала осіння пора?..

Приспів:
Пробач мені, мамо,
За те, що так рано
Збіліла твоя голова.
Тебе я кохаю,
Без тебе, не знаю,
Як жить на землі буду я...

Не знаєш ти втоми, хоч інколи ноги
Підкосить, як серпом траву,
Не чуєш ти болю, хоч руки в мозолях,
І стримують очі сльозу...

Приспів. (2)

Пробач мені, мамо...');
INSERT OR REPLACE INTO song_links (id,song_id,title,url,kind,version_id,sort_order) VALUES ('pisniua_4188434_l1','pisniua_4188434','YouTube','https://www.youtube.com/watch?v=gOJ1zWek3YI','video',NULL,1);
INSERT OR REPLACE INTO song_links (id,song_id,title,url,kind,version_id,sort_order) VALUES ('pisniua_4188434_l2','pisniua_4188434','YouTube','https://www.youtube.com/watch?v=GR7DxTBZG4A','video',NULL,2);
INSERT OR REPLACE INTO songs (id,title,subtitle,lang,country,period,year,source,notes,lyrics,tags_json,lang_locked,status,created_at,updated_at) VALUES ('pisniua_4192030','Вгору прапори','Музика: П.Білецький Слова: Леонід Полтава','uk','ukr_ssr_1919_1991',NULL,'1925','www.cym.org/ua','Інформації про існування організаційного гімну в СУМі 1925-1929 років немає. Уже в 1940-х роках, в діаспорі з''являються перші спроби укласти сумівський гімн, зокрема відомо про використання під час церемоніалу пісні "Гей струнко стань, на прапор глянь". Втім, у 1960-х роках ЦК СУМ оголосив конкурс на кращі слова тексту на сумівський гімн. Найбільшу прихильність здобув текст написаний у 1964 році відомим письменником, публіцистом та поетом Леонідом Полтавою, який в той час був головним редактором сумівського журналу "Крилаті". Музику до тексту Л.Полтави "Вгору прапори" уклав П.Білецький.','Вгору прапори слухай наказ:
Де б не прийшлося нам жити,
Більшого щастя нема для нас
Як Україні служити!

Гартуйсь! Гартуйся! Зміно молода!
Гуде земля від нашої ходи!
Солод-солодка у Дніпрі вода
Ми нап''ємось Дніпрової води.

Вгору прапори, вгору серця!
Гордо несім нашу славу,
Нині сумівця, завтра бійця
За Українську державу!

Гартуйсь! Гартуйся! Зміно молода!
Гуде земля від нашої ходи!
Солод-солодка у Дніпрі вода
Ми нап''ємось Дніпрової води.','["pisni.org.ua", "cat:himny-marshi", "Гимни та марші"]',1,'published',COALESCE((SELECT created_at FROM songs WHERE id='pisniua_4192030'), datetime('now')),datetime('now'));
INSERT OR REPLACE INTO songs_fts(song_id,title,lyrics) VALUES ('pisniua_4192030','Вгору прапори','Вгору прапори слухай наказ:
Де б не прийшлося нам жити,
Більшого щастя нема для нас
Як Україні служити!

Гартуйсь! Гартуйся! Зміно молода!
Гуде земля від нашої ходи!
Солод-солодка у Дніпрі вода
Ми нап''ємось Дніпрової води.

Вгору прапори, вгору серця!
Гордо несім нашу славу,
Нині сумівця, завтра бійця
За Українську державу!

Гартуйсь! Гартуйся! Зміно молода!
Гуде земля від нашої ходи!
Солод-солодка у Дніпрі вода
Ми нап''ємось Дніпрової води.');
INSERT OR REPLACE INTO songs (id,title,subtitle,lang,country,period,year,source,notes,lyrics,tags_json,lang_locked,status,created_at,updated_at) VALUES ('pisniua_418583','А вже Весна скресла (2)','Українська народна пісня','uk','ukraine_before_1917',NULL,NULL,'Староукраїнські релігійні роздуми про Бога © Видавництво "Павутинонька", Нью Йорк – Львів – Київ – Харків – Москва, 2004','Гаїлки-Великдень: Українське свято Відродження Світа. Вже Весна воскресла: Принесла вам Красу Господарську Рясу. Еротика, жарти, забави: Катерини – Калета – Андрія... Гаїлки-Великдень... Зелені Свята... Івана Купала... Весілля... – Щедровечірнє й Новорічне: Маланки-Василь. Коза. Кіт... РОЗСПІВ: А вже Вес-на скрес-ла скрес-ла Що Ти нам при-нес-ла |(2) Приспів: Гей Дів-ча-та Вес-на Крас-на Зіл-ля Зе-ле-нень-ке Вже Весна воскресла. Весна іде Красу несе і тій Красі радіє все. Українська Астральна релігія: Великодні Паски. Але замітне є в Українській Астральній реліґії окреме поєднання культових об''єктів, а саме: шанування Місяця і Зорі з виключенням Сонця. Завважимо також у символіці, стосованій до Святочного печива, як найвиразніше зазначуване шанування Місяця і Зорі (у двійку). Так приміром я бачив (у Конюхах, Бережани) Великодні Паски, на яких посередині була вироблена з тіста, артистичними півкругами, велика восьмикінчаста Зоря (ассирійська восьмираменна звізда!), а по чотирьох рогах доокола Зорі були зображення Місяця, очевидно 4-х його фаз у подобі чотирьох вужиків. (За працею: о. Ксенофонт Сосенко. "Культурно-історична постать Староукраїнськиx свят Різдва і Щедрого Вечора". Львів, 1928. - СІНТО, Київ 1994. 343с.) Висловлювання: При своїм ріднім. Ягілки (гагілки, галагілки, гаївки, веснянки) – це обрядові пісні Українського народа, сягаючі своєю давниною непам''ятних часів. Є вони головною основою найбільшого свята Воскресення Весни-Літа. Природа, її зміни і сили викликували в народі божеське почитання. Свята, получені все з всенародними забавами-ігрищами, були в честь лише добрих богів – добрих сил природи. Це вкорінене в народі вірування в добрі і певні переміни сил природи, в сильних добрих богів, що дають світло, тепло, дощик і оживлюють плодовиту землю, перетривало довгі віки. Християнство, що достроїлося... до давніх звичаїв, не змогло і доси вируґувати зовсім цього дохристиянського вірування, цього обожання природи, і народ ще доси в більшості має більше розуміння і прив''язання до предківських переконань, ніж до християнських незрозумілих і неприступних засад. Ще нині є околиці, — не лише на Поліссі, — де народ не розуміє майже християнства і не старається зрозуміти, а живе в переконаннях дохристиянських наших предків. Народ... не дається легко переконувати, хіба, що сам наглядно переконається. Цьому завдячуємо, що наша народна давнина не затратилася, хочай її і чужі і свої завзято викорінювали як "бісовскія плясанія". Весняне Свято було також важним для молодих, головно із-за вільного запізнавання. Було воно в дохристиянських часах рівнож Святом загальних заручин. А вже Весільні обряди відбувалися внедовзі по Святах. Простолюдин і тепер Весільні обряди більше вважає потрібними для важности шлюбу, як церковні церемонії. Обов''язком свідомих Українців повинно бути не дати ніяк загинути цьому гарному звичаєві, тому нашому заборолові, яке держить народ кріпко при своїм ріднім. Де нема Веснянок, треба покласти собі за ціль вивчити молодіж Ягілок, а коли вони раз приймуться, то вже їх ніхто не викорінить. Богато зібраних мною пісень та етноґрафічних записок забрала мені польська дефензива при богатьох ревізіях і відібрати їх ніяк не можна. Жаден уряд в Польщі не знає, де поділися річи забрані при ревізіях. (М. Миханько. "Ґенеза Ягілок", Львів 1922 — Ню Йорк 1966) Висловлювання: Прийшов час спитати. Даю вам так багато, а ви берете так мало. — І ще сказано: Великі багатства дано вам. Прийшов час спитати, як ви їх берегли і помножили. (З життя Спасителя: Добрі Новини) Листки з приводу цієї Пісні: Коляда і Великдень: Різдво і Відродження Світа Стежки до листків про Українські традиції.','F
А вже Весна скресла-скресла
Що Ти нам принесла         | (2)

Приспів:
Гей Дівчата Весна Красна Зілля Зелененьке !  | (2)

Принесла вам Росу-росу
Дівоцькую Красу

А вже Весна скресла-скресла
Що Ти нам принесла

Принесла вам Росу-росу
Парубоцьку Красу   (1)

МОЖЛИВІ ПРОДОВЖЕННЯ:

Принесла Вам Літо-літо
Щоб родило Жито         | (2)

Принесла нам в хату-хату
Радості багато          | (2)

В комору достатки
На поле дозвілля        | (2)

Зелен-розмарину
На моє Весілля          | (2)','["pisni.org.ua", "cat:vesnyanky-hayivky", "Веснянки та гаївки"]',1,'published',COALESCE((SELECT created_at FROM songs WHERE id='pisniua_418583'), datetime('now')),datetime('now'));
INSERT OR REPLACE INTO songs_fts(song_id,title,lyrics) VALUES ('pisniua_418583','А вже Весна скресла (2)','F
А вже Весна скресла-скресла
Що Ти нам принесла         | (2)

Приспів:
Гей Дівчата Весна Красна Зілля Зелененьке !  | (2)

Принесла вам Росу-росу
Дівоцькую Красу

А вже Весна скресла-скресла
Що Ти нам принесла

Принесла вам Росу-росу
Парубоцьку Красу   (1)

МОЖЛИВІ ПРОДОВЖЕННЯ:

Принесла Вам Літо-літо
Щоб родило Жито         | (2)

Принесла нам в хату-хату
Радості багато          | (2)

В комору достатки
На поле дозвілля        | (2)

Зелен-розмарину
На моє Весілля          | (2)');
INSERT OR REPLACE INTO songs (id,title,subtitle,lang,country,period,year,source,notes,lyrics,tags_json,lang_locked,status,created_at,updated_at) VALUES ('pisniua_4188981','В мирi, згодi i любовi','Виконує: Берники','uk','ukraine_1991',NULL,NULL,'аудіозапис',NULL,'Наші щирі привітання
Ви приймайте в простоті.
Теплі добрі побажання
Шлемо Вам сердечно ми.

Приспів:
В мирі, згоді і любові
Живіть усе своє життя!
Щоб Ваша хата завжди багата
Добром і щедрістю була!
Добром і щедрістю була!

Вами хай лиш Бог керує
І порадником буде,
З ним сім''я тепло відчує
І щасливо заживе!

Приспів.

Будьте вдячними Ви завжди
І спішіть допомогти,
І Господь з любові й ласки
Рясно Вас благословить!

Приспів. (2)

Щоб Ваша хата завжди багата
Добром і щедрістю була!
Добром і щедрістю була!','["pisni.org.ua", "cat:zahalni-cinnosti", "Пісні про загальнолюдські цінності"]',1,'published',COALESCE((SELECT created_at FROM songs WHERE id='pisniua_4188981'), datetime('now')),datetime('now'));
INSERT OR REPLACE INTO songs_fts(song_id,title,lyrics) VALUES ('pisniua_4188981','В мирi, згодi i любовi','Наші щирі привітання
Ви приймайте в простоті.
Теплі добрі побажання
Шлемо Вам сердечно ми.

Приспів:
В мирі, згоді і любові
Живіть усе своє життя!
Щоб Ваша хата завжди багата
Добром і щедрістю була!
Добром і щедрістю була!

Вами хай лиш Бог керує
І порадником буде,
З ним сім''я тепло відчує
І щасливо заживе!

Приспів.

Будьте вдячними Ви завжди
І спішіть допомогти,
І Господь з любові й ласки
Рясно Вас благословить!

Приспів. (2)

Щоб Ваша хата завжди багата
Добром і щедрістю була!
Добром і щедрістю була!');
INSERT OR REPLACE INTO song_links (id,song_id,title,url,kind,version_id,sort_order) VALUES ('pisniua_4188981_l1','pisniua_4188981','YouTube','https://www.youtube.com/watch?v=KhcsaqZ7iKY','video',NULL,1);
INSERT OR REPLACE INTO songs (id,title,subtitle,lang,country,period,year,source,notes,lyrics,tags_json,lang_locked,status,created_at,updated_at) VALUES ('pisniua_418838','Іди від мене','Музика: народна Слова: Яр Славутич. Виконує: Не журись!, невідомий','uk','ukr_ssr_1919_1991',NULL,NULL,'1. Туристський пісенник "Де гори Карпати, де Писаний камінь". - Літо, 1982. 2. Пісневир. Молодіжний співаник. - Львів, 2001.','У джерелі [1] відсутня третя в''язка. Не раз чув хибне виконання під мелодію "Широка страна моя родная..." Акорди (варіант 2) надав Taras Hryvul. Можливо, автором музики є А. Гнатишин (джерело: Taras Hryvul).','Іди від мене ти, моя кохана
Зійди з очей, мене не забувай;
Я син лісів, а серце партизана,     |
C7A7         Dm    |(2)
На мене жде з побідою ввесь край.   |

Надармо ти надією палаєш,
Щоби мене до серця пригортать.
Та ти сама це дуже добре знаєш,     |
Що партизанам тільки воювать.       |(2)

Сьогодні нас Карпати зустрічають,
А завтра, знай, Волинь вітає нас,
Відтак підемо прямо аж на Київ,     |
Полтаву, Харків, рідний нам Донбас. |(2)

І увесь час ми чайкою літаєм,
Із лісу в степ широкий ми ідем;
Ми свято вірим в нашу перемогу,     |
Що Україні волю принесем.           |(2)
Акорди (варіант 2):
Іди від мене ти, моя кохана
Зійди з очей, мене не забувай;
Я син лісів, а серце партизана,     |
На мене жде з побідою ввесь край.   |','["pisni.org.ua", "cat:povstanski", "Повстанські пісні"]',1,'published',COALESCE((SELECT created_at FROM songs WHERE id='pisniua_418838'), datetime('now')),datetime('now'));
INSERT OR REPLACE INTO songs_fts(song_id,title,lyrics) VALUES ('pisniua_418838','Іди від мене','Іди від мене ти, моя кохана
Зійди з очей, мене не забувай;
Я син лісів, а серце партизана,     |
C7A7         Dm    |(2)
На мене жде з побідою ввесь край.   |

Надармо ти надією палаєш,
Щоби мене до серця пригортать.
Та ти сама це дуже добре знаєш,     |
Що партизанам тільки воювать.       |(2)

Сьогодні нас Карпати зустрічають,
А завтра, знай, Волинь вітає нас,
Відтак підемо прямо аж на Київ,     |
Полтаву, Харків, рідний нам Донбас. |(2)

І увесь час ми чайкою літаєм,
Із лісу в степ широкий ми ідем;
Ми свято вірим в нашу перемогу,     |
Що Україні волю принесем.           |(2)
Акорди (варіант 2):
Іди від мене ти, моя кохана
Зійди з очей, мене не забувай;
Я син лісів, а серце партизана,     |
На мене жде з побідою ввесь край.   |');
INSERT OR REPLACE INTO song_links (id,song_id,title,url,kind,version_id,sort_order) VALUES ('pisniua_418838_l1','pisniua_418838','YouTube','https://www.youtube.com/watch?v=JLLlCv-viL4','video',NULL,1);
INSERT OR REPLACE INTO songs (id,title,subtitle,lang,country,period,year,source,notes,lyrics,tags_json,lang_locked,status,created_at,updated_at) VALUES ('pisniua_4191333','Горіла сосна','Українська народна пісня. Виконує: Гурт Листопад','uk','ukraine_before_1917',NULL,NULL,NULL,NULL,'1) Горіла сосна палала,
Під ней дівчина стояла

2) Під ней дівчпна стояла,
Русяву косу чесала

3) Ой коси, коси ви мої,
Довго служили ви мені

4) Більше служить будете,
Під білий вельон підете.

5) Під білий вельон під вінець,
Більш не підеш ти у танець.

6) Під білий вельон з кінцями,
Більш не підеш ти з хлопцями.

7) Під білий вельон, під хустку,
Більш не підеш ти за дружку.

8) Горіла сосна й смерека,
Сподобав ми ся з далека.

9) Горіла сосна і явір,
Сподобав ми ся кавалір

10) Горіла сосна, й колода
Зійшлася пара молода

11) Горіла сосна й тополя
Хай буде добра в вас доля

12) Горіла сосна й перелаз
Вітає вся родина вас

13) Горіла сосна ішов дим
Бажаєм щастя молодим

14) Ой горить сосна, щей горить
Хай же вас Бог благословить

15) Горіла сосна у рові
Будьте ви завжди здорові

16) Ой горить сосна, ще й гуде
Життя хай медом в вас буде

17) Горіла сосна за гаєм
Грошей багато бажаєм

18) Горіла сосна тут і там
Бажаєм вірних друзів вам

19) Горіла сосна й квіточки
Хай же в вас будуть діточки

20) Горіла сосна, ялина
Хай вас шанує родина

21) Горіла сосна й осика
Заграє вальса музика.

22) А ми вам вальса граємо,
Многая літ бажаємо.

23) Горіла сосна, ще й гілля,
Гуляйте люди весілля

24) Горіла сосна горів пень,
Гуляйте люди цілий день.

25) Горіла сосна крислата
Гуляйте вальса дівчата

26) Горіла сосна в пізній час
Танцюй дівчино білий вальс.

27) Горіла сосна й лобода,
Танцюй дівчино молода.

28) Горіла сосна й калина,
Тепер заміжня дівчина.

29) Горіла срсна до рання,
Хай буде вічне кохання.

30) Нехай співають солов''ї,
Будьте навік щасливії.

31) Горіла сосна, горів ліс,
Щоб Вам лелека щось, приніс.

32) Горіла сосна - ялиця,
Горіла в тещі спідниця.

33) Горіла сосна, горіла
Щоб зятя теща любила

34) А зяті воду носили,
Тещі спідницю гасили.

35) Всі гості сосну гасили
Рушник весільний стелили

36) Сосну водою залили,
І свою тещу хвалили.','["pisni.org.ua", "cat:narodni", "cat:vesilni", "cat:zhartivlyvi", "Народні пісні", "Весільні пісні", "Жартівливі пісні"]',1,'published',COALESCE((SELECT created_at FROM songs WHERE id='pisniua_4191333'), datetime('now')),datetime('now'));
INSERT OR REPLACE INTO songs_fts(song_id,title,lyrics) VALUES ('pisniua_4191333','Горіла сосна','1) Горіла сосна палала,
Під ней дівчина стояла

2) Під ней дівчпна стояла,
Русяву косу чесала

3) Ой коси, коси ви мої,
Довго служили ви мені

4) Більше служить будете,
Під білий вельон підете.

5) Під білий вельон під вінець,
Більш не підеш ти у танець.

6) Під білий вельон з кінцями,
Більш не підеш ти з хлопцями.

7) Під білий вельон, під хустку,
Більш не підеш ти за дружку.

8) Горіла сосна й смерека,
Сподобав ми ся з далека.

9) Горіла сосна і явір,
Сподобав ми ся кавалір

10) Горіла сосна, й колода
Зійшлася пара молода

11) Горіла сосна й тополя
Хай буде добра в вас доля

12) Горіла сосна й перелаз
Вітає вся родина вас

13) Горіла сосна ішов дим
Бажаєм щастя молодим

14) Ой горить сосна, щей горить
Хай же вас Бог благословить

15) Горіла сосна у рові
Будьте ви завжди здорові

16) Ой горить сосна, ще й гуде
Життя хай медом в вас буде

17) Горіла сосна за гаєм
Грошей багато бажаєм

18) Горіла сосна тут і там
Бажаєм вірних друзів вам

19) Горіла сосна й квіточки
Хай же в вас будуть діточки

20) Горіла сосна, ялина
Хай вас шанує родина

21) Горіла сосна й осика
Заграє вальса музика.

22) А ми вам вальса граємо,
Многая літ бажаємо.

23) Горіла сосна, ще й гілля,
Гуляйте люди весілля

24) Горіла сосна горів пень,
Гуляйте люди цілий день.

25) Горіла сосна крислата
Гуляйте вальса дівчата

26) Горіла сосна в пізній час
Танцюй дівчино білий вальс.

27) Горіла сосна й лобода,
Танцюй дівчино молода.

28) Горіла сосна й калина,
Тепер заміжня дівчина.

29) Горіла срсна до рання,
Хай буде вічне кохання.

30) Нехай співають солов''ї,
Будьте навік щасливії.

31) Горіла сосна, горів ліс,
Щоб Вам лелека щось, приніс.

32) Горіла сосна - ялиця,
Горіла в тещі спідниця.

33) Горіла сосна, горіла
Щоб зятя теща любила

34) А зяті воду носили,
Тещі спідницю гасили.

35) Всі гості сосну гасили
Рушник весільний стелили

36) Сосну водою залили,
І свою тещу хвалили.');
INSERT OR REPLACE INTO song_links (id,song_id,title,url,kind,version_id,sort_order) VALUES ('pisniua_4191333_l1','pisniua_4191333','Переглянути варіанти >>','https://www.pisni.org.ua/#variants','external',NULL,1);
INSERT OR REPLACE INTO songs (id,title,subtitle,lang,country,period,year,source,notes,lyrics,tags_json,lang_locked,status,created_at,updated_at) VALUES ('pisniua_418889','Незалежний рок-н-рол','(Пролетарський рок-н-рол). Музика: Анатолій Сухий Слова: Анатолій Сухий. Виконує: Рутенія','uk','ukraine_1991',NULL,NULL,NULL,NULL,'Шовіністичний Харків
І гоноровий Львів,
І благородний Київ
Рок-н-рол для вас зробив!

Рок-н-рол, рок-н-рол,
Не той тепер вже Миргород,
Не той тепер Хорол, -
Танцюють хлопці
Миргородський рок-н-рол!

Вчора в мене негри
Мою милу вкрали,
Та я на них не злюся,
Бо вони не знали,
Що я танцюю рок-н-рол,
Що я танцюю рок-н-рол,
Що я танцюю справжній рок-н-рол!

Любі київляни
Й недавні селюки,
Що стали вже киянами
З легкої руки,
У цю важку годину
Дарує вам Хорол
Перлину України -
Полтавський рок-н-рол!

Мальчікі і дєвочкі,
Хлопчики й дівчатка
Ви тільки не волнуйтеся,
Бо то ще не початок,
То ще не початок,
То ще не причина, -
Рок-н-рол зробила Галичина!

Вчора був Штефан,
А нині вже Іван,
А завтра Іван
Збере чемодан,
Поїде в Магадан. -
Гуд бай Іван,
Хай живе Штефан,
Гордість галичан!

Гей ви хлопці-буковинці,
Буковинці молодії,
Беріть в руки паляниці,
Бо вже їдуть......
Ой, боже ж мій милий,
......... німці!

Мальчікі і дєвочкі,
Хлопчики й дівчатка
Ви тільки не волнуйтеся,
Бо то ще не початок,
Бо для нас,
Бо для вас
Рок-н-рол зробив Донбас!

Вчора було їсти,
Сєгодня вже нема, -
Прокляті екстремісти, -
Страдаєт вся страна, -
Центр масс на себя берьот Донбасс,
Центр масс на себя берьот Донбасс,
Центр масс всех масс - Донбасс!

Мальчікі і дєвочкі,
Хлопчики й дівчатка
Ви тільки не волнуйтеся,
Бо то ще не початок,

Не той тепер вже Миргород,
Не той тепер Хорол, -
Танцюють хлопці
Справжній рок-н-рол!
Танцюють немосковський,
Танцюють незалежний,
Танцюють самостійний рок-н-рол!

* Швидка абракадабра','["pisni.org.ua", "cat:suspilno-politychni", "Суспільно-політичні пісні"]',1,'published',COALESCE((SELECT created_at FROM songs WHERE id='pisniua_418889'), datetime('now')),datetime('now'));
INSERT OR REPLACE INTO songs_fts(song_id,title,lyrics) VALUES ('pisniua_418889','Незалежний рок-н-рол','Шовіністичний Харків
І гоноровий Львів,
І благородний Київ
Рок-н-рол для вас зробив!

Рок-н-рол, рок-н-рол,
Не той тепер вже Миргород,
Не той тепер Хорол, -
Танцюють хлопці
Миргородський рок-н-рол!

Вчора в мене негри
Мою милу вкрали,
Та я на них не злюся,
Бо вони не знали,
Що я танцюю рок-н-рол,
Що я танцюю рок-н-рол,
Що я танцюю справжній рок-н-рол!

Любі київляни
Й недавні селюки,
Що стали вже киянами
З легкої руки,
У цю важку годину
Дарує вам Хорол
Перлину України -
Полтавський рок-н-рол!

Мальчікі і дєвочкі,
Хлопчики й дівчатка
Ви тільки не волнуйтеся,
Бо то ще не початок,
То ще не початок,
То ще не причина, -
Рок-н-рол зробила Галичина!

Вчора був Штефан,
А нині вже Іван,
А завтра Іван
Збере чемодан,
Поїде в Магадан. -
Гуд бай Іван,
Хай живе Штефан,
Гордість галичан!

Гей ви хлопці-буковинці,
Буковинці молодії,
Беріть в руки паляниці,
Бо вже їдуть......
Ой, боже ж мій милий,
......... німці!

Мальчікі і дєвочкі,
Хлопчики й дівчатка
Ви тільки не волнуйтеся,
Бо то ще не початок,
Бо для нас,
Бо для вас
Рок-н-рол зробив Донбас!

Вчора було їсти,
Сєгодня вже нема, -
Прокляті екстремісти, -
Страдаєт вся страна, -
Центр масс на себя берьот Донбасс,
Центр масс на себя берьот Донбасс,
Центр масс всех масс - Донбасс!

Мальчікі і дєвочкі,
Хлопчики й дівчатка
Ви тільки не волнуйтеся,
Бо то ще не початок,

Не той тепер вже Миргород,
Не той тепер Хорол, -
Танцюють хлопці
Справжній рок-н-рол!
Танцюють немосковський,
Танцюють незалежний,
Танцюють самостійний рок-н-рол!

* Швидка абракадабра');
INSERT OR REPLACE INTO song_links (id,song_id,title,url,kind,version_id,sort_order) VALUES ('pisniua_418889_l1','pisniua_418889','YouTube','https://www.youtube.com/watch?v=F0YapsN5Ycg','video',NULL,1);
INSERT OR REPLACE INTO song_links (id,song_id,title,url,kind,version_id,sort_order) VALUES ('pisniua_418889_l2','pisniua_418889','YouTube','https://www.youtube.com/watch?v=aW741SYXcvM','video',NULL,2);
INSERT OR REPLACE INTO songs (id,title,subtitle,lang,country,period,year,source,notes,lyrics,tags_json,lang_locked,status,created_at,updated_at) VALUES ('pisniua_4189287','Сонце сходить і заходить','Українська народна пісня. Виконує: Остап Стахів','uk','ukr_ssr_1919_1991',NULL,NULL,NULL,NULL,'Сонце сходить і заходить,
А в тюрмі моїй темно,
Дні і ночі вартовії      |
Стережуть моє вікно.     | (2)

Не стережіть, вороженьки,
Тут нелегко утекти,
Ті кайдани залізнії,     |
Нелегко їх пірвати.      | (2)

Ті кайдани залізнії,
Ще й до того сталеві,
Не пірвуть вас мої руки, |
Не поріжуть вас ножі.    | (2)

А ви, пташки-канарейки,
Підлітайте високо,
Перекажіть на Вкраїну,   |
Що я в тюрмі далеко.     | (2)

А ви, пташки-канарейки,
Підлітайте ще вище,
Перекажіть на Вкраїну,   |
Що я в тюрмі ще дальше.  | (2)','["pisni.org.ua", "cat:povstanski", "Повстанські пісні"]',1,'published',COALESCE((SELECT created_at FROM songs WHERE id='pisniua_4189287'), datetime('now')),datetime('now'));
INSERT OR REPLACE INTO songs_fts(song_id,title,lyrics) VALUES ('pisniua_4189287','Сонце сходить і заходить','Сонце сходить і заходить,
А в тюрмі моїй темно,
Дні і ночі вартовії      |
Стережуть моє вікно.     | (2)

Не стережіть, вороженьки,
Тут нелегко утекти,
Ті кайдани залізнії,     |
Нелегко їх пірвати.      | (2)

Ті кайдани залізнії,
Ще й до того сталеві,
Не пірвуть вас мої руки, |
Не поріжуть вас ножі.    | (2)

А ви, пташки-канарейки,
Підлітайте високо,
Перекажіть на Вкраїну,   |
Що я в тюрмі далеко.     | (2)

А ви, пташки-канарейки,
Підлітайте ще вище,
Перекажіть на Вкраїну,   |
Що я в тюрмі ще дальше.  | (2)');
INSERT OR REPLACE INTO song_links (id,song_id,title,url,kind,version_id,sort_order) VALUES ('pisniua_4189287_l1','pisniua_4189287','Переглянути варіанти >>','https://www.pisni.org.ua/#variants','external',NULL,1);
INSERT OR REPLACE INTO songs (id,title,subtitle,lang,country,period,year,source,notes,lyrics,tags_json,lang_locked,status,created_at,updated_at) VALUES ('pisniua_4192636','Із-за хмари','Українська народна пісня. Виконує: Кумасеньки','uk','ukraine_before_1917',NULL,NULL,'аудіозапис',NULL,'Із-за хмари з-за туману
Срібний місяць випливає!
Щедрий вечір, добрий вечір!

Добрий вечір, добрі люди,
Хай вам щастя завжди буде!
Щедрий вечір, добрий вечір!

Прийшли хлопці і дівчата
З Новим роком вас вітати!
Щедрий вечір, добрий вечір!

З Новим роком вас вітаєм,
Щастя й радості бажаєм!
Щедрий вечір, добрий вечір!

Хай лунає пісня щира,
Пісня щастя, дружби й миру!
Щедрий вечір, добрий вечір!

Щедрий вечір, добрий вечір!','["pisni.org.ua", "cat:shchedrivky", "Щедрівки"]',1,'published',COALESCE((SELECT created_at FROM songs WHERE id='pisniua_4192636'), datetime('now')),datetime('now'));
INSERT OR REPLACE INTO songs_fts(song_id,title,lyrics) VALUES ('pisniua_4192636','Із-за хмари','Із-за хмари з-за туману
Срібний місяць випливає!
Щедрий вечір, добрий вечір!

Добрий вечір, добрі люди,
Хай вам щастя завжди буде!
Щедрий вечір, добрий вечір!

Прийшли хлопці і дівчата
З Новим роком вас вітати!
Щедрий вечір, добрий вечір!

З Новим роком вас вітаєм,
Щастя й радості бажаєм!
Щедрий вечір, добрий вечір!

Хай лунає пісня щира,
Пісня щастя, дружби й миру!
Щедрий вечір, добрий вечір!

Щедрий вечір, добрий вечір!');
INSERT OR REPLACE INTO songs (id,title,subtitle,lang,country,period,year,source,notes,lyrics,tags_json,lang_locked,status,created_at,updated_at) VALUES ('pisniua_4186636','А на добрий вечір','Українська народна пісня. Виконує: Ніна Матвієнко','uk','ukraine_before_1917',NULL,NULL,'аудіозапис',NULL,'А на добрий вечір,
Пане господарю, до тебе.
Кличе ті Господь
На порадоньку до себе!
Обіцяв ті Господь
Золоті пшениці зродити,
Дай же ті, Боже,
Щастя, здоровля спожити.

А на добрий вечір,
Пане господарю, до тебе.
Кличе ті Господь
На порадоньку до себе!
Обіцяв ті Господь
Сто порцій вівса зродити,
Дай же ті, Боже,
Щастя, здоровля спожити.

А на добрий вечір,
Милиє панство, слухайте.
Кличе вас Господь
На порадоньку до себе!
Обіцяв вам Господь
Дві бочки щастя зродити,
Дай же вам же розуму,
Втіхи й здоровля розподілити.

Щедрий вечір! Добрий вечір!','["pisni.org.ua", "cat:shchedrivky", "Щедрівки"]',1,'published',COALESCE((SELECT created_at FROM songs WHERE id='pisniua_4186636'), datetime('now')),datetime('now'));
INSERT OR REPLACE INTO songs_fts(song_id,title,lyrics) VALUES ('pisniua_4186636','А на добрий вечір','А на добрий вечір,
Пане господарю, до тебе.
Кличе ті Господь
На порадоньку до себе!
Обіцяв ті Господь
Золоті пшениці зродити,
Дай же ті, Боже,
Щастя, здоровля спожити.

А на добрий вечір,
Пане господарю, до тебе.
Кличе ті Господь
На порадоньку до себе!
Обіцяв ті Господь
Сто порцій вівса зродити,
Дай же ті, Боже,
Щастя, здоровля спожити.

А на добрий вечір,
Милиє панство, слухайте.
Кличе вас Господь
На порадоньку до себе!
Обіцяв вам Господь
Дві бочки щастя зродити,
Дай же вам же розуму,
Втіхи й здоровля розподілити.

Щедрий вечір! Добрий вечір!');
INSERT OR REPLACE INTO songs (id,title,subtitle,lang,country,period,year,source,notes,lyrics,tags_json,lang_locked,status,created_at,updated_at) VALUES ('pisniua_4190634','Місяць і зорі','Музика: Алла Басова Слова: Марійка Підгірянка. Виконує: Віка Воробйова','uk','ukraine_before_1917',NULL,NULL,NULL,NULL,'Тихий вечір, тихий красний,
Над горою місяць ясний
Пасе зорі, завертає,
На трембіті грає, грає.

Приспів:
Гой-я, зорі, гой-я, гой-я,
Трембіточка срібна моя.
Кошарочка овець повна,
На овечках біла вовна.

Ходить місяць аж до ранку,
Вийшла зоря на полянку.
Ой, місяцю, місяченьку,
Зганяй зорі помаленьку.

Приспів.

Вже отара зірок рідне,
А вівчарик блідне, блідне.
Вже зірниця розквітає,
Встати сонце закликає.

Приспів','["pisni.org.ua", "cat:kolyskovi", "Колискові"]',1,'published',COALESCE((SELECT created_at FROM songs WHERE id='pisniua_4190634'), datetime('now')),datetime('now'));
INSERT OR REPLACE INTO songs_fts(song_id,title,lyrics) VALUES ('pisniua_4190634','Місяць і зорі','Тихий вечір, тихий красний,
Над горою місяць ясний
Пасе зорі, завертає,
На трембіті грає, грає.

Приспів:
Гой-я, зорі, гой-я, гой-я,
Трембіточка срібна моя.
Кошарочка овець повна,
На овечках біла вовна.

Ходить місяць аж до ранку,
Вийшла зоря на полянку.
Ой, місяцю, місяченьку,
Зганяй зорі помаленьку.

Приспів.

Вже отара зірок рідне,
А вівчарик блідне, блідне.
Вже зірниця розквітає,
Встати сонце закликає.

Приспів');
INSERT OR REPLACE INTO song_links (id,song_id,title,url,kind,version_id,sort_order) VALUES ('pisniua_4190634_l1','pisniua_4190634','YouTube','https://www.youtube.com/watch?v=9ZKJjUZ2Z5Q','video',NULL,1);
INSERT OR REPLACE INTO songs (id,title,subtitle,lang,country,period,year,source,notes,lyrics,tags_json,lang_locked,status,created_at,updated_at) VALUES ('pisniua_4193787','Новий рік','Музика: Анатолій Зубков Слова: Сергій Сашин. Виконує: Наталі Мартін','uk','ukraine_1991',NULL,NULL,'аудіозапис',NULL,'Рік старий закінчує свій біг,
На годинниках мовчать секунди,
І летить пухнастий білий сніг
А над містом зоряні салюти.
Загадай бажання у цю ніч,
Загляни на мит в своє майбутнє,
І повір у чудо незабутнє,
Щастя лине і дитячий сміх.

Приспів:
Новий Рік! -               |
Завжди солодкий сон!       |
Новий Рік співає в унісон, |
Новий Рік запалює серця,   |
В наших душах казка ожива! | (2)

Новорічний Дід дарує знов
Подарунки і веселі тости,
На ялиночках горять вогні,
Хай здорові будуть ваші гості.
Хай здійсняє мрії Новий рік,
Хай уся родина процвітає!
Вам бажаю радості і мрій
І сердечно щиро всіх вітаю!

Приспів.

З Новим Роком! З Новим Роком!
З Новим Роком! З Новим Роком!

Приспів.','["pisni.org.ua", "cat:new-year", "Пісні про Новий Рік"]',1,'published',COALESCE((SELECT created_at FROM songs WHERE id='pisniua_4193787'), datetime('now')),datetime('now'));
INSERT OR REPLACE INTO songs_fts(song_id,title,lyrics) VALUES ('pisniua_4193787','Новий рік','Рік старий закінчує свій біг,
На годинниках мовчать секунди,
І летить пухнастий білий сніг
А над містом зоряні салюти.
Загадай бажання у цю ніч,
Загляни на мит в своє майбутнє,
І повір у чудо незабутнє,
Щастя лине і дитячий сміх.

Приспів:
Новий Рік! -               |
Завжди солодкий сон!       |
Новий Рік співає в унісон, |
Новий Рік запалює серця,   |
В наших душах казка ожива! | (2)

Новорічний Дід дарує знов
Подарунки і веселі тости,
На ялиночках горять вогні,
Хай здорові будуть ваші гості.
Хай здійсняє мрії Новий рік,
Хай уся родина процвітає!
Вам бажаю радості і мрій
І сердечно щиро всіх вітаю!

Приспів.

З Новим Роком! З Новим Роком!
З Новим Роком! З Новим Роком!

Приспів.');
INSERT OR REPLACE INTO song_links (id,song_id,title,url,kind,version_id,sort_order) VALUES ('pisniua_4193787_l1','pisniua_4193787','YouTube','https://www.youtube.com/watch?v=gIRby9xbNbk','video',NULL,1);
INSERT OR REPLACE INTO songs (id,title,subtitle,lang,country,period,year,source,notes,lyrics,tags_json,lang_locked,status,created_at,updated_at) VALUES ('pisniua_419338','Ой, як же було ізпрежди віка','Українська народна пісня. Виконує: Олег Скрипка, Ані Лорак','uk','ukraine_before_1917',NULL,NULL,NULL,'Фінальна пісня мюзиклу "Вечори на хуторі біля Диканьки". Виконують Олег Скрипка та Ані Лорак','Ой, як же було ізпрежди віка
Ой, дай Бог.
А тільки було синєє море
Ой, дай Бог.
Ради радоньку, кого в море послать
Ой, дай Бог.

Зачарована, сумна засинає далина у неба на руках.
Ми на безері ріки, бьються хвилями роки,
То є ріка життя.
Понад берігом іде, але хто її знайде
І хто згадає знов?
Світ коли не було нас,
Але ангел в перший раз
Подарував любов.

А тільки було синєє море
Ой, дай Бог.
Ради радоньку, кого в море послать
Ой, дай Бог.

Ми не янголи святі, але струни золоті
У душах не мовчать.
Про кохання і вогонь, що бажаємо його
Співає нам печаль.
Доля згадує про нас
І на скронях сивина, неначе білий сніг.
І віків старовина, наче пісня неземна
Приходить у вісні.

А тільки було синєє море
Ой, дай Бог.
Ради радоньку, кого в море послать
Ой, дай Бог.','["pisni.org.ua", "cat:lirychni", "cat:narodni", "Пісні про кохання, ліричні", "Народні пісні"]',1,'published',COALESCE((SELECT created_at FROM songs WHERE id='pisniua_419338'), datetime('now')),datetime('now'));
INSERT OR REPLACE INTO songs_fts(song_id,title,lyrics) VALUES ('pisniua_419338','Ой, як же було ізпрежди віка','Ой, як же було ізпрежди віка
Ой, дай Бог.
А тільки було синєє море
Ой, дай Бог.
Ради радоньку, кого в море послать
Ой, дай Бог.

Зачарована, сумна засинає далина у неба на руках.
Ми на безері ріки, бьються хвилями роки,
То є ріка життя.
Понад берігом іде, але хто її знайде
І хто згадає знов?
Світ коли не було нас,
Але ангел в перший раз
Подарував любов.

А тільки було синєє море
Ой, дай Бог.
Ради радоньку, кого в море послать
Ой, дай Бог.

Ми не янголи святі, але струни золоті
У душах не мовчать.
Про кохання і вогонь, що бажаємо його
Співає нам печаль.
Доля згадує про нас
І на скронях сивина, неначе білий сніг.
І віків старовина, наче пісня неземна
Приходить у вісні.

А тільки було синєє море
Ой, дай Бог.
Ради радоньку, кого в море послать
Ой, дай Бог.');
INSERT OR REPLACE INTO song_links (id,song_id,title,url,kind,version_id,sort_order) VALUES ('pisniua_419338_l1','pisniua_419338','YouTube','https://www.youtube.com/watch?v=pxBM6dlNG8Y','video',NULL,1);
INSERT OR REPLACE INTO song_links (id,song_id,title,url,kind,version_id,sort_order) VALUES ('pisniua_419338_l2','pisniua_419338','YouTube','https://www.youtube.com/watch?v=ySv8ZWLG99A','video',NULL,2);
INSERT OR REPLACE INTO songs (id,title,subtitle,lang,country,period,year,source,notes,lyrics,tags_json,lang_locked,status,created_at,updated_at) VALUES ('pisniua_4192430','Колискова Діви Марії','Музика: Марта Лозинська Слова: Тереза Угрин. Виконує: Марта Лозинська','uk','ukraine_before_1917',NULL,NULL,'аудіозапис',NULL,'В пізню годину над Вифлеємом
Ясна-ясна зоря зійшла -
Пречиста Діва, Свята невіста, |
Сина привела!                 | (2)

Божого Сина породила,
В яслах малого сповила,
Пахучим сіном притрусила      |
І тихо пісню завела:          | (2)

Спи, Ісусе, спи, маленький,
Зіронько моя,
Твою долю в колисанці
Виспіваю я.
Спи, Ісусе, спи, маленький,
Зіронько моя,
Твою долю в колисанці         |
Виспіваю я.                   | (2)

Виростеш Сину, станеш дорослим,
У світи-світи підеш,
І Божу правду, і світло віри  |
Людям понесеш!                | (2)

І подолає кривду правда,
Гріха окови розіб''є,
Але загине на Голгофі         |
Святе Дитя моє...             | (2)

Спи, Ісусе, спи, маленький,
Мій рожевий цвіт,
Із надією на Тебе
Дивиться весь світ!
Спи, Ісусе, спи, маленький,
Мій рожевий цвіт,
Із надією на Тебе             |
Дивиться весь світ!           | (2)','["pisni.org.ua", "cat:kolyadky", "Колядки"]',1,'published',COALESCE((SELECT created_at FROM songs WHERE id='pisniua_4192430'), datetime('now')),datetime('now'));
INSERT OR REPLACE INTO songs_fts(song_id,title,lyrics) VALUES ('pisniua_4192430','Колискова Діви Марії','В пізню годину над Вифлеємом
Ясна-ясна зоря зійшла -
Пречиста Діва, Свята невіста, |
Сина привела!                 | (2)

Божого Сина породила,
В яслах малого сповила,
Пахучим сіном притрусила      |
І тихо пісню завела:          | (2)

Спи, Ісусе, спи, маленький,
Зіронько моя,
Твою долю в колисанці
Виспіваю я.
Спи, Ісусе, спи, маленький,
Зіронько моя,
Твою долю в колисанці         |
Виспіваю я.                   | (2)

Виростеш Сину, станеш дорослим,
У світи-світи підеш,
І Божу правду, і світло віри  |
Людям понесеш!                | (2)

І подолає кривду правда,
Гріха окови розіб''є,
Але загине на Голгофі         |
Святе Дитя моє...             | (2)

Спи, Ісусе, спи, маленький,
Мій рожевий цвіт,
Із надією на Тебе
Дивиться весь світ!
Спи, Ісусе, спи, маленький,
Мій рожевий цвіт,
Із надією на Тебе             |
Дивиться весь світ!           | (2)');
INSERT OR REPLACE INTO song_links (id,song_id,title,url,kind,version_id,sort_order) VALUES ('pisniua_4192430_l1','pisniua_4192430','YouTube','https://www.youtube.com/watch?v=es0qAATq8Ik','video',NULL,1);
INSERT OR REPLACE INTO song_links (id,song_id,title,url,kind,version_id,sort_order) VALUES ('pisniua_4192430_l2','pisniua_4192430','YouTube','https://www.youtube.com/watch?v=s9ieC7quUOk','video',NULL,2);
INSERT OR REPLACE INTO songs (id,title,subtitle,lang,country,period,year,source,notes,lyrics,tags_json,lang_locked,status,created_at,updated_at) VALUES ('pisniua_41930','Україночка','Музика: Геннадій Татарченко Слова: Андрій Демиденко. Виконує: Оксана Білозір','uk','ukraine_1991',NULL,NULL,NULL,NULL,'Не одні хани у полон мене брали,
Били-вбивали, на чужину гнали,
Били-вбивали, на чужину гнали.
А я не скорилася, із сльози відродилася,
Українкою ж я народилася.

Приспів:
Кажуть люди я сама, наче квіточка,
Що пливуть мої слова, як та річечка,
Що душа моя співає, мов сопілочка.
А я просто українка, україночка,
А я просто українка, україночка.

А я не скорилася, із сльози відродилася,
Українкою ж я народилася.

Приспів (2)','["pisni.org.ua", "cat:patriotic", "Патріотичні пісні"]',1,'published',COALESCE((SELECT created_at FROM songs WHERE id='pisniua_41930'), datetime('now')),datetime('now'));
INSERT OR REPLACE INTO songs_fts(song_id,title,lyrics) VALUES ('pisniua_41930','Україночка','Не одні хани у полон мене брали,
Били-вбивали, на чужину гнали,
Били-вбивали, на чужину гнали.
А я не скорилася, із сльози відродилася,
Українкою ж я народилася.

Приспів:
Кажуть люди я сама, наче квіточка,
Що пливуть мої слова, як та річечка,
Що душа моя співає, мов сопілочка.
А я просто українка, україночка,
А я просто українка, україночка.

А я не скорилася, із сльози відродилася,
Українкою ж я народилася.

Приспів (2)');
INSERT OR REPLACE INTO song_links (id,song_id,title,url,kind,version_id,sort_order) VALUES ('pisniua_41930_l1','pisniua_41930','YouTube','https://www.youtube.com/watch?v=lq61xybszl4','video',NULL,1);
INSERT OR REPLACE INTO song_links (id,song_id,title,url,kind,version_id,sort_order) VALUES ('pisniua_41930_l2','pisniua_41930','YouTube','https://www.youtube.com/watch?v=Fwns5Nb7pxA','video',NULL,2);
INSERT OR REPLACE INTO songs (id,title,subtitle,lang,country,period,year,source,notes,lyrics,tags_json,lang_locked,status,created_at,updated_at) VALUES ('pisniua_4193735','Ой, там за Вифлеємом','Українська народна пісня. Виконує: Брати-монахи ЧСВВ','uk','ukraine_before_1917',NULL,NULL,'аудіозапис',NULL,'Ой, там за Вифлеємом у полі
Убога стаєнка стоїть,
Там Діва Марія Пречиста     |
Над Божим Дитятком клячить. | (2)

Клячить і дитятко колише,
Даруючи пісню для сну,
Та пісню цю тихо співає     |
Марія на ноту сумну.        | (2)

Спи, люлі, Ісусе маленьке,
Солодке Ти - моє дитя.
Спи, люлі, Преяснеє Сонце,  |
З тобою і Мати Твоя.        | (2)

Спи, люлі, Ісусе маленький,
І очка зірниці примкни,
Нехай над Тобою літають     |
Ангели, красо тишини.       | (2)

Спи, люлі, Ісусе маленький,
Хоча й у життєйській журбі.
Спи, люлі, хоча і чекає     |
Терниста дорога в житті.    | (2)

Так сумно Марія співає,
А в серці болить її жаль.
З очей на Ісуса спливає     |
Марії сльоза, мов кришталь. | (2)

Там Діва Марія Пречиста
Над Божим Дитятком клячить.','["pisni.org.ua", "cat:kolyadky", "cat:shchedrivky", "cat:suchasni-pisni-rizdvo", "Колядки", "Щедрівки", "Сучасні пісні про Різдвяні свята"]',1,'published',COALESCE((SELECT created_at FROM songs WHERE id='pisniua_4193735'), datetime('now')),datetime('now'));
INSERT OR REPLACE INTO songs_fts(song_id,title,lyrics) VALUES ('pisniua_4193735','Ой, там за Вифлеємом','Ой, там за Вифлеємом у полі
Убога стаєнка стоїть,
Там Діва Марія Пречиста     |
Над Божим Дитятком клячить. | (2)

Клячить і дитятко колише,
Даруючи пісню для сну,
Та пісню цю тихо співає     |
Марія на ноту сумну.        | (2)

Спи, люлі, Ісусе маленьке,
Солодке Ти - моє дитя.
Спи, люлі, Преяснеє Сонце,  |
З тобою і Мати Твоя.        | (2)

Спи, люлі, Ісусе маленький,
І очка зірниці примкни,
Нехай над Тобою літають     |
Ангели, красо тишини.       | (2)

Спи, люлі, Ісусе маленький,
Хоча й у життєйській журбі.
Спи, люлі, хоча і чекає     |
Терниста дорога в житті.    | (2)

Так сумно Марія співає,
А в серці болить її жаль.
З очей на Ісуса спливає     |
Марії сльоза, мов кришталь. | (2)

Там Діва Марія Пречиста
Над Божим Дитятком клячить.');
INSERT OR REPLACE INTO song_links (id,song_id,title,url,kind,version_id,sort_order) VALUES ('pisniua_4193735_l1','pisniua_4193735','YouTube','https://www.youtube.com/watch?v=_nySXtSmZQE','video',NULL,1);
INSERT OR REPLACE INTO songs (id,title,subtitle,lang,country,period,year,source,notes,lyrics,tags_json,lang_locked,status,created_at,updated_at) VALUES ('pisniua_4194236','Ой, зима, зима','Музика: Микола Мозговий Слова: Андрій Демиденко. Виконує: Іван Попович, Ольга Макаренко','uk','ukraine_1991',NULL,NULL,'http://ledi-di.ucoz.ua/load/do_zimovikh_svjat/oj_prijshla_zima/12-1-0-239#',NULL,'Ой, пішла зима в танок, вітром дунула в ріжок
Заплела узори нам на вікнах
Із небесного млина сипле борошно сповна
Стелить синє полотно на ріках.

Приспів:
Ой, зима ти білочола,
Білі пера, білі грона
Ти уся як ружа біла
І хмільна, немов весілля.

Не знайти стежок-доріг, скрізь як пух сріблиться сніг
Всюди білі-білі самоцвіти
Тільки полум''я калин та заграви горобин
Та червоні снігурі, мов квіти.

Приспів:

В''ється паморозь як хміль, гра на скрипці заметіль
В білі сукні вбрала ліс і лози
Місить дивнії коржі в кришталевій ох діжі
Наливає в келихи морози.','["pisni.org.ua", "cat:krasa-pryrody", "Пісні про красу природи"]',1,'published',COALESCE((SELECT created_at FROM songs WHERE id='pisniua_4194236'), datetime('now')),datetime('now'));
INSERT OR REPLACE INTO songs_fts(song_id,title,lyrics) VALUES ('pisniua_4194236','Ой, зима, зима','Ой, пішла зима в танок, вітром дунула в ріжок
Заплела узори нам на вікнах
Із небесного млина сипле борошно сповна
Стелить синє полотно на ріках.

Приспів:
Ой, зима ти білочола,
Білі пера, білі грона
Ти уся як ружа біла
І хмільна, немов весілля.

Не знайти стежок-доріг, скрізь як пух сріблиться сніг
Всюди білі-білі самоцвіти
Тільки полум''я калин та заграви горобин
Та червоні снігурі, мов квіти.

Приспів:

В''ється паморозь як хміль, гра на скрипці заметіль
В білі сукні вбрала ліс і лози
Місить дивнії коржі в кришталевій ох діжі
Наливає в келихи морози.');
INSERT OR REPLACE INTO songs (id,title,subtitle,lang,country,period,year,source,notes,lyrics,tags_json,lang_locked,status,created_at,updated_at) VALUES ('pisniua_4194434','Виглядаєм сонечко','Музика: Наталія Май Слова: Наталія Май','uk','ukraine_1991',NULL,NULL,'аудіозапис',NULL,'Знову дощик накрапає
У моє вікно
І немає, і немає
Сонечка давно.

Приспів:
Виглядаєм, виглядаєм
Сонечко дарма,
Виглядаєм, виглядаєм,
А його нема.

Заховалось в синім небі
Сонечко моє,
Більше дощика не треба,
Сонце, де ти є??!

Приспів.

На папері намалюю
Сонечко ясне,
Дуже сонечко люблю я,
А воно мене!

Приспів.','["pisni.org.ua", "cat:dytyachi", "Дитячі пісні"]',1,'published',COALESCE((SELECT created_at FROM songs WHERE id='pisniua_4194434'), datetime('now')),datetime('now'));
INSERT OR REPLACE INTO songs_fts(song_id,title,lyrics) VALUES ('pisniua_4194434','Виглядаєм сонечко','Знову дощик накрапає
У моє вікно
І немає, і немає
Сонечка давно.

Приспів:
Виглядаєм, виглядаєм
Сонечко дарма,
Виглядаєм, виглядаєм,
А його нема.

Заховалось в синім небі
Сонечко моє,
Більше дощика не треба,
Сонце, де ти є??!

Приспів.

На папері намалюю
Сонечко ясне,
Дуже сонечко люблю я,
А воно мене!

Приспів.');
INSERT OR REPLACE INTO song_links (id,song_id,title,url,kind,version_id,sort_order) VALUES ('pisniua_4194434_l1','pisniua_4194434','YouTube','https://www.youtube.com/watch?v=YZU-9ZPpX7s','video',NULL,1);
INSERT OR REPLACE INTO songs (id,title,subtitle,lang,country,period,year,source,notes,lyrics,tags_json,lang_locked,status,created_at,updated_at) VALUES ('pisniua_4192230','Дивная зірка','Музика: Зоя Красуляк Слова: Зоя Красуляк. Виконує: Наталя Мельник','uk','ukraine_before_1917',NULL,NULL,'аудіозапис',NULL,'Дивная зірка в небі світила,
Діва Марія Дитя народила,
Зраділи люди, весь світ звеселився,
У Вифлеємі Христос народився!

Ангели пісню величну співали,
Діва Марія Дитя сповивала,
Із пастушками вівці й ягнятка
Радо витали маленьке Дитятко!

Царі зі Сходу в дорогу рушали,
Божому Сину дари складали,
У кожній хаті, кожній родині
Раділи люди маленькій Дитині!

Дивная зірка в небі сіяла -
Христос родився! - усім сповіщала,
Радуйся, земле, велике нам свято,
Христос родився, щоб світ врятувати!','["pisni.org.ua", "cat:kolyadky", "cat:shchedrivky", "cat:suchasni-pisni-rizdvo", "Колядки", "Щедрівки", "Сучасні пісні про Різдвяні свята"]',1,'published',COALESCE((SELECT created_at FROM songs WHERE id='pisniua_4192230'), datetime('now')),datetime('now'));
INSERT OR REPLACE INTO songs_fts(song_id,title,lyrics) VALUES ('pisniua_4192230','Дивная зірка','Дивная зірка в небі світила,
Діва Марія Дитя народила,
Зраділи люди, весь світ звеселився,
У Вифлеємі Христос народився!

Ангели пісню величну співали,
Діва Марія Дитя сповивала,
Із пастушками вівці й ягнятка
Радо витали маленьке Дитятко!

Царі зі Сходу в дорогу рушали,
Божому Сину дари складали,
У кожній хаті, кожній родині
Раділи люди маленькій Дитині!

Дивная зірка в небі сіяла -
Христос родився! - усім сповіщала,
Радуйся, земле, велике нам свято,
Христос родився, щоб світ врятувати!');
INSERT OR REPLACE INTO songs (id,title,subtitle,lang,country,period,year,source,notes,lyrics,tags_json,lang_locked,status,created_at,updated_at) VALUES ('pisniua_4194632','Пісня про матусю','Музика: Наталія Май Слова: Наталія Май. Виконує: Наталія Май','uk','ukraine_1991',NULL,NULL,'аудіозапис',NULL,'Як добре, що у мене матуся рідна є,
Вона мене голубить і жаліє,
І знов весна приходить, і сонечко встає,
Бо так любити тільки мама вміє.
До мами пригорнуся, неначе пташеня,
Люблю тебе, матусенько моя!

Приспів:
Я по хмарці білій босоніж пробіжусь,
У далекі далі задивлюсь, задивлюсь,
Мамі посміхнуся і відійдуть жалі,
Щоб була матуся в діток всіх на землі!

Як добре, що весною буяє первоцвіт
І журавлі додому повертають,
Як добре, що зі мною матуся стільки літ
Від бід усіх мене оберігає.
До мами пригорнуся, неначе пташеня,
Люблю тебе, матусенько моя!

Приспів.

До мами пригорнуся, неначе пташеня,
Люблю тебе, матусенько моя!

Приспів. (2)','["pisni.org.ua", "cat:dytyachi", "cat:pro-batkiv", "Дитячі пісні", "Пісні про любов до батьків"]',1,'published',COALESCE((SELECT created_at FROM songs WHERE id='pisniua_4194632'), datetime('now')),datetime('now'));
INSERT OR REPLACE INTO songs_fts(song_id,title,lyrics) VALUES ('pisniua_4194632','Пісня про матусю','Як добре, що у мене матуся рідна є,
Вона мене голубить і жаліє,
І знов весна приходить, і сонечко встає,
Бо так любити тільки мама вміє.
До мами пригорнуся, неначе пташеня,
Люблю тебе, матусенько моя!

Приспів:
Я по хмарці білій босоніж пробіжусь,
У далекі далі задивлюсь, задивлюсь,
Мамі посміхнуся і відійдуть жалі,
Щоб була матуся в діток всіх на землі!

Як добре, що весною буяє первоцвіт
І журавлі додому повертають,
Як добре, що зі мною матуся стільки літ
Від бід усіх мене оберігає.
До мами пригорнуся, неначе пташеня,
Люблю тебе, матусенько моя!

Приспів.

До мами пригорнуся, неначе пташеня,
Люблю тебе, матусенько моя!

Приспів. (2)');
INSERT OR REPLACE INTO songs (id,title,subtitle,lang,country,period,year,source,notes,lyrics,tags_json,lang_locked,status,created_at,updated_at) VALUES ('pisniua_4195134','Ти, Йордане, приготовися',NULL,'uk','ukraine_1991',NULL,NULL,NULL,NULL,'Ти, Йордане, приготовися,
А ти, Йоане, скоро спішися
З Діви Марії хрестити сина,
Бога Слова в Тройці єдина
Во річних струях.

Йордан жахнувся і стрепенувся,
І біг у бистру назад вернувся.
Цю святу хвилю, хвилю велику
Розп''яття серця спасай Владико,
Ласк твоїх сей день.

Вже облак ясний світить дугою,
Вже йде хрестити Христос водою.
Радій, Йоане, тішся, Йордане,
Це ж Христос Господь за хвилю стане
У водах твоїх.

Загримів громом облак голубий,
Озвався голос: "Це син мій любий",
Так довгожданний для всіх народів,
Одно спасення для усіх родів
Від вік до віка.','["pisni.org.ua", "cat:cerkovni", "Церковні пісні"]',1,'published',COALESCE((SELECT created_at FROM songs WHERE id='pisniua_4195134'), datetime('now')),datetime('now'));
INSERT OR REPLACE INTO songs_fts(song_id,title,lyrics) VALUES ('pisniua_4195134','Ти, Йордане, приготовися','Ти, Йордане, приготовися,
А ти, Йоане, скоро спішися
З Діви Марії хрестити сина,
Бога Слова в Тройці єдина
Во річних струях.

Йордан жахнувся і стрепенувся,
І біг у бистру назад вернувся.
Цю святу хвилю, хвилю велику
Розп''яття серця спасай Владико,
Ласк твоїх сей день.

Вже облак ясний світить дугою,
Вже йде хрестити Христос водою.
Радій, Йоане, тішся, Йордане,
Це ж Христос Господь за хвилю стане
У водах твоїх.

Загримів громом облак голубий,
Озвався голос: "Це син мій любий",
Так довгожданний для всіх народів,
Одно спасення для усіх родів
Від вік до віка.');
INSERT OR REPLACE INTO song_links (id,song_id,title,url,kind,version_id,sort_order) VALUES ('pisniua_4195134_l1','pisniua_4195134','YouTube','https://www.youtube.com/watch?v=UoFRKuF62vM','video',NULL,1);
INSERT OR REPLACE INTO song_links (id,song_id,title,url,kind,version_id,sort_order) VALUES ('pisniua_4195134_l2','pisniua_4195134','YouTube','https://www.youtube.com/watch?v=btaEJsDGfKE','video',NULL,2);
INSERT OR REPLACE INTO songs (id,title,subtitle,lang,country,period,year,source,notes,lyrics,tags_json,lang_locked,status,created_at,updated_at) VALUES ('pisniua_4196232','Усмішка, неначе сонце','Музика: Микола Ведмедеря Слова: Надія Красоткіна','uk','ukraine_1991',NULL,NULL,NULL,NULL,'Весело у світ дивіться
Сум від себе проженіть
встали рано - усміхніться,
Й з радістю весь день живіть

Приспів:
Усмішка, неначе сонце,
Світло і тепло дає
Як загляне у віконце
Зразу радісно стає

Той здоровий, хто сміється
Бо нічого не болить
Все йому в житті вдаєься
і чудова кожна мить,

Приспів.

Гарна думка серце гріє
і чарівним все стає
доброта зцілити вміє
і здоров''ячко дає

Приспів.    Подарунок гарному сайту www.pisni.org.ua від Сеника П.М','["pisni.org.ua", "cat:zahalni-cinnosti", "Пісні про загальнолюдські цінності"]',1,'published',COALESCE((SELECT created_at FROM songs WHERE id='pisniua_4196232'), datetime('now')),datetime('now'));
INSERT OR REPLACE INTO songs_fts(song_id,title,lyrics) VALUES ('pisniua_4196232','Усмішка, неначе сонце','Весело у світ дивіться
Сум від себе проженіть
встали рано - усміхніться,
Й з радістю весь день живіть

Приспів:
Усмішка, неначе сонце,
Світло і тепло дає
Як загляне у віконце
Зразу радісно стає

Той здоровий, хто сміється
Бо нічого не болить
Все йому в житті вдаєься
і чудова кожна мить,

Приспів.

Гарна думка серце гріє
і чарівним все стає
доброта зцілити вміє
і здоров''ячко дає

Приспів.    Подарунок гарному сайту www.pisni.org.ua від Сеника П.М');
INSERT OR REPLACE INTO songs (id,title,subtitle,lang,country,period,year,source,notes,lyrics,tags_json,lang_locked,status,created_at,updated_at) VALUES ('pisniua_4193930','Жар-птиця','Музика: Мотор''ролла Слова: Мотор''ролла. Виконує: Мотор''ролла','uk','ukraine_1991',NULL,NULL,NULL,'Tuning: Standart (EBGDAE) Можливо, не досить точно почуті слова, особливо в англійському куплеті) Критика є умісною =))','Em
Розгорни знамена руками теплими.
G
Вічно грітиме сонце нас.
D
Притулись до мене, і хай між тенетами
A
Вже ре-проданий гає час.
Чи прохання матимеш, чи запрошення,
Ось мій затишок, мій поріг.
Бо така полотана, мов би ношена,
Доля-платина стала в сніг.

Крила-вітрила розкрила і полетіла...

Am
Сниться, як літає жар-птиця.
Em
Лиця завертілися в танці.
G
Пальці перемотані коцом.
D
Що це? Це не сон, це не сон, це...
Сниться, як літає жар-птиця.
Лиця завертілися в танці.
Пальці перемотані коцом.
Що це?

With the lay of light of the sky is so beautiful
I feel a fire-bird in my soul.
And the energy that surves between us
Changes a comfort into control.
And sprend your wings and just fly away,
I''ll follow you with your glow.
You find a pleasure within your devouring,
I see eternal dance below.

Крила-вітрила розкрила і полетіла...

Сниться, як літає жар-птиця.
Лиця завертілися в танці.
Пальці перемотані коцом.
Що це? Це не сон, це не сон, це...
Сниться, як літає жар-птиця.
Лиця завертілися в танці.
Пальці перемотані коцом.
Що це? Це не сон, це не сон, це...

Сниться, як літає жар-птиця.
Лиця завертілися в танці.
Пальці перемотані коцом.
Що це? Це не сон, це не сон, це...
Сниться, як літає жар-птиця.
Лиця завертілися в танці.
Пальці перемотані коцом.
Що це? (Що це?)

Сниться, як літає жар-птиця.
Лиця завертілися в танці.
Пальці перемотані коцом.
Що це? Це не сон, це не сон, це...
Сниться, як літає жар-птиця.
Лиця завертілися в танці.
Пальці перемотані коцом.
Що це? Це не сон...

Розгорни знамена руками теплими.
Вічно грітиме сонце нас.
Притулись до мене, і хай між тенетами
Вже ре-проданий гає час...','["pisni.org.ua", "cat:philosophic", "Філософські пісні"]',1,'published',COALESCE((SELECT created_at FROM songs WHERE id='pisniua_4193930'), datetime('now')),datetime('now'));
INSERT OR REPLACE INTO songs_fts(song_id,title,lyrics) VALUES ('pisniua_4193930','Жар-птиця','Em
Розгорни знамена руками теплими.
G
Вічно грітиме сонце нас.
D
Притулись до мене, і хай між тенетами
A
Вже ре-проданий гає час.
Чи прохання матимеш, чи запрошення,
Ось мій затишок, мій поріг.
Бо така полотана, мов би ношена,
Доля-платина стала в сніг.

Крила-вітрила розкрила і полетіла...

Am
Сниться, як літає жар-птиця.
Em
Лиця завертілися в танці.
G
Пальці перемотані коцом.
D
Що це? Це не сон, це не сон, це...
Сниться, як літає жар-птиця.
Лиця завертілися в танці.
Пальці перемотані коцом.
Що це?

With the lay of light of the sky is so beautiful
I feel a fire-bird in my soul.
And the energy that surves between us
Changes a comfort into control.
And sprend your wings and just fly away,
I''ll follow you with your glow.
You find a pleasure within your devouring,
I see eternal dance below.

Крила-вітрила розкрила і полетіла...

Сниться, як літає жар-птиця.
Лиця завертілися в танці.
Пальці перемотані коцом.
Що це? Це не сон, це не сон, це...
Сниться, як літає жар-птиця.
Лиця завертілися в танці.
Пальці перемотані коцом.
Що це? Це не сон, це не сон, це...

Сниться, як літає жар-птиця.
Лиця завертілися в танці.
Пальці перемотані коцом.
Що це? Це не сон, це не сон, це...
Сниться, як літає жар-птиця.
Лиця завертілися в танці.
Пальці перемотані коцом.
Що це? (Що це?)

Сниться, як літає жар-птиця.
Лиця завертілися в танці.
Пальці перемотані коцом.
Що це? Це не сон, це не сон, це...
Сниться, як літає жар-птиця.
Лиця завертілися в танці.
Пальці перемотані коцом.
Що це? Це не сон...

Розгорни знамена руками теплими.
Вічно грітиме сонце нас.
Притулись до мене, і хай між тенетами
Вже ре-проданий гає час...');
INSERT OR REPLACE INTO song_links (id,song_id,title,url,kind,version_id,sort_order) VALUES ('pisniua_4193930_l1','pisniua_4193930','YouTube','https://www.youtube.com/watch?v=Rx5EXE91ALo','video',NULL,1);
