INSERT OR REPLACE INTO songs (id,title,subtitle,lang,country,period,year,source,notes,lyrics,tags_json,lang_locked,status,created_at,updated_at) VALUES ('pisniua_2289216','На Різдво','Музика: Віра Боднарук Слова: Руслана Боднарук. Виконує: Віра Боднарук','uk','ukraine_before_1917',NULL,NULL,'http://beta.navsi100.com/vira-bodnaruk/music#9617',NULL,'Зірка ясна запалала на весь світ,
Щоб утішився увесь наш славний рід.
На Різдво кружляє білий сніг
І несе нам добру звістку на поріг.

Приспів:
Хай Різдво принесе у вашу хату щастя,
Хай добро і здоров''я буде з вами завжди!
За столом нехай збирається родина,
Прославляємо Божого Сина.
Буде мир, буде радість, буде все, що треба.
Запалає зоря і звеселиться небо.
Силу дасть тобі Йорданськая вода,
На свята нехай лунає коляда!

Білі янголи кружляють в небесах.
Срібні дзвоники у їхніх голосах.
Запали свічу і помолись,
До традицій наших давніх доторкнись.

Приспів.','["pisni.org.ua", "cat:shchedrivky", "cat:suchasni-pisni-rizdvo", "Щедрівки", "Сучасні пісні про Різдвяні свята"]',1,'published',COALESCE((SELECT created_at FROM songs WHERE id='pisniua_2289216'), datetime('now')),datetime('now'));
INSERT OR REPLACE INTO songs_fts(song_id,title,lyrics) VALUES ('pisniua_2289216','На Різдво','Зірка ясна запалала на весь світ,
Щоб утішився увесь наш славний рід.
На Різдво кружляє білий сніг
І несе нам добру звістку на поріг.

Приспів:
Хай Різдво принесе у вашу хату щастя,
Хай добро і здоров''я буде з вами завжди!
За столом нехай збирається родина,
Прославляємо Божого Сина.
Буде мир, буде радість, буде все, що треба.
Запалає зоря і звеселиться небо.
Силу дасть тобі Йорданськая вода,
На свята нехай лунає коляда!

Білі янголи кружляють в небесах.
Срібні дзвоники у їхніх голосах.
Запали свічу і помолись,
До традицій наших давніх доторкнись.

Приспів.');
INSERT OR REPLACE INTO songs (id,title,subtitle,lang,country,period,year,source,notes,lyrics,tags_json,lang_locked,status,created_at,updated_at) VALUES ('pisniua_2289199','Небесну Сотню, Господи, прийми','Музика: Павло Табаков. Виконує: Павло Табаков','uk','ukraine_1991',NULL,NULL,'аудіозапис',NULL,'Понад Майданом стелиться туман...
Звільнімось, рідні, кров''ю від кайдан.
Хай бачить весь великий Божий світ
Вкраїни нашої незламний цвіт.

Тривожне небо сипле білий сніг,
Пора іти за батьківський поріг,
Над Україною запалені вогні,
Повстаньте, браття, у своїй землі!
Не плачте, мамо, досить у житті
Народу сльози проливать в журбі.
Я йду туди, де в нашу волю й честь
Стріляють із злочинних перехресть.

Приспів:
Небесну Сотню, Господи, прийми,    |
Прийми їх душі з білими крильми,   |
Прости, Всевишній, що не вберегли, |
Свого народу кращії сини.          | (2)

Кривавий сніг та здимлене лице,
Холодний щит життя не вбереже,
Та крок за кроком зранений іду,
Хай я помру та вже не відступлю.

Приспів.

Небесну Сотню, Господи, прийми...
Небесну Сотню, Господи, прийми...','["pisni.org.ua", "cat:devoted", "cat:euromaydan", "Пісні присвячені окремим особам", "Пісні Євромайдану"]',1,'published',COALESCE((SELECT created_at FROM songs WHERE id='pisniua_2289199'), datetime('now')),datetime('now'));
INSERT OR REPLACE INTO songs_fts(song_id,title,lyrics) VALUES ('pisniua_2289199','Небесну Сотню, Господи, прийми','Понад Майданом стелиться туман...
Звільнімось, рідні, кров''ю від кайдан.
Хай бачить весь великий Божий світ
Вкраїни нашої незламний цвіт.

Тривожне небо сипле білий сніг,
Пора іти за батьківський поріг,
Над Україною запалені вогні,
Повстаньте, браття, у своїй землі!
Не плачте, мамо, досить у житті
Народу сльози проливать в журбі.
Я йду туди, де в нашу волю й честь
Стріляють із злочинних перехресть.

Приспів:
Небесну Сотню, Господи, прийми,    |
Прийми їх душі з білими крильми,   |
Прости, Всевишній, що не вберегли, |
Свого народу кращії сини.          | (2)

Кривавий сніг та здимлене лице,
Холодний щит життя не вбереже,
Та крок за кроком зранений іду,
Хай я помру та вже не відступлю.

Приспів.

Небесну Сотню, Господи, прийми...
Небесну Сотню, Господи, прийми...');
INSERT OR REPLACE INTO songs (id,title,subtitle,lang,country,period,year,source,notes,lyrics,tags_json,lang_locked,status,created_at,updated_at) VALUES ('pisniua_2289369','Дід Мороз','Слова: Володимир Мацуцький','uk','ukraine_1991',NULL,NULL,'аудіозапис',NULL,'Йшов ти, Діду, довго,
Всі стоптав доріжки.
То ж сідай із нами
Та спочинеш трішки.

Ми тобі, Дідусю,
Будемо співати
Про ялинку нашу,
Про веселе свято!

Ми весело всі грались,
Співали й танцювали.
Дід Мороз, і ти давай -
Затанцюй і поспівай!','["pisni.org.ua", "cat:new-year", "Пісні про Новий Рік"]',1,'published',COALESCE((SELECT created_at FROM songs WHERE id='pisniua_2289369'), datetime('now')),datetime('now'));
INSERT OR REPLACE INTO songs_fts(song_id,title,lyrics) VALUES ('pisniua_2289369','Дід Мороз','Йшов ти, Діду, довго,
Всі стоптав доріжки.
То ж сідай із нами
Та спочинеш трішки.

Ми тобі, Дідусю,
Будемо співати
Про ялинку нашу,
Про веселе свято!

Ми весело всі грались,
Співали й танцювали.
Дід Мороз, і ти давай -
Затанцюй і поспівай!');
INSERT OR REPLACE INTO songs (id,title,subtitle,lang,country,period,year,source,notes,lyrics,tags_json,lang_locked,status,created_at,updated_at) VALUES ('pisniua_2287267','Встань, народе!','Слова: Степан Швак','uk','ukraine_1991',NULL,NULL,'інтернет',NULL,'Плаче, стогне земля,
Плаче, стогне від болю Вкраїна.
Ворог нові кайдани кує.
Чорні круки вже йдуть,
Щоб тебе повернути в руїну.

Приспів:
Встань, народе, збудись!
І главу нову в історії впиши,
Ти в "Об''єднання "Майдан" запишись —
За свободу і честь!

Україна свята
На Майданах вже кров''ю спливає,
Ворог топче твоє майбуття.
Б''ють старих і дітей —
В них нічого святого немає.

Приспів.

Чорні круки вже йдуть,
Твої кості тріщать під кийками,
Чорна смерть вже над нами вита,
Кров червона пливе
По вкраїнських священних Майданах.

Приспів.

Ми століття в ярмі
Під чужинським прапором стогнали,
Та за волю святу в боротьбі
І за рідний наш стяг
Ми на герцях життя віддавали.

Приспів.

Час великий настав,
Ми поволі з колін піднялися,
Щирим золотом тризуб засяв
Й синьо-жовтий стяг
Над Вкраїною в небо знялися.

Приспів.','["pisni.org.ua", "cat:euromaydan", "Пісні Євромайдану"]',1,'published',COALESCE((SELECT created_at FROM songs WHERE id='pisniua_2287267'), datetime('now')),datetime('now'));
INSERT OR REPLACE INTO songs_fts(song_id,title,lyrics) VALUES ('pisniua_2287267','Встань, народе!','Плаче, стогне земля,
Плаче, стогне від болю Вкраїна.
Ворог нові кайдани кує.
Чорні круки вже йдуть,
Щоб тебе повернути в руїну.

Приспів:
Встань, народе, збудись!
І главу нову в історії впиши,
Ти в "Об''єднання "Майдан" запишись —
За свободу і честь!

Україна свята
На Майданах вже кров''ю спливає,
Ворог топче твоє майбуття.
Б''ють старих і дітей —
В них нічого святого немає.

Приспів.

Чорні круки вже йдуть,
Твої кості тріщать під кийками,
Чорна смерть вже над нами вита,
Кров червона пливе
По вкраїнських священних Майданах.

Приспів.

Ми століття в ярмі
Під чужинським прапором стогнали,
Та за волю святу в боротьбі
І за рідний наш стяг
Ми на герцях життя віддавали.

Приспів.

Час великий настав,
Ми поволі з колін піднялися,
Щирим золотом тризуб засяв
Й синьо-жовтий стяг
Над Вкраїною в небо знялися.

Приспів.');
INSERT OR REPLACE INTO songs (id,title,subtitle,lang,country,period,year,source,notes,lyrics,tags_json,lang_locked,status,created_at,updated_at) VALUES ('pisniua_2289420','Чарівний світ Різдва','Українська народна пісня','uk','ukraine_before_1917',NULL,NULL,'аудіозапис',NULL,'Різдво засяяло
Чарівним вогником
І тихо спустилася з небес,
Постукала до нас
Добра казка -
Ми їй відчинили
Серця для чудес!

Приспів:
Різдво, Різдво, Різдво,
Як чудово,
Що ти до нас прийшло!
Від свічок ми збережемо тепло
І в долоні
Один одному дамо!

Зірки в небі кружляють
У срібному танці
І все осявають колом.
Ми таке чудове свято
Зустрічаємо,
Йому цю ніжну пісню співаємо!

Приспів. (2)','["pisni.org.ua", "cat:suchasni-pisni-rizdvo", "Сучасні пісні про Різдвяні свята"]',1,'published',COALESCE((SELECT created_at FROM songs WHERE id='pisniua_2289420'), datetime('now')),datetime('now'));
INSERT OR REPLACE INTO songs_fts(song_id,title,lyrics) VALUES ('pisniua_2289420','Чарівний світ Різдва','Різдво засяяло
Чарівним вогником
І тихо спустилася з небес,
Постукала до нас
Добра казка -
Ми їй відчинили
Серця для чудес!

Приспів:
Різдво, Різдво, Різдво,
Як чудово,
Що ти до нас прийшло!
Від свічок ми збережемо тепло
І в долоні
Один одному дамо!

Зірки в небі кружляють
У срібному танці
І все осявають колом.
Ми таке чудове свято
Зустрічаємо,
Йому цю ніжну пісню співаємо!

Приспів. (2)');
INSERT OR REPLACE INTO songs (id,title,subtitle,lang,country,period,year,source,notes,lyrics,tags_json,lang_locked,status,created_at,updated_at) VALUES ('pisniua_2289277','Миколай','Музика: Ірина Батюк Слова: Віталій Войтко. Виконує: Богдан Бира','uk','ukraine_1991',NULL,NULL,'Аудіофайл',NULL,'Снігом вкрилось все довкола,
Став казковим гай,
Йде з небес до нас у гості
Святий Миколай.
А з ним божі янголята
В кожний дім спішать,
Щоб для діточок слухняних
Іграшки роздать.

Приспів:
Миколая на землі
Ждуть дорослі і малі,
Він щорік спішить до нас
В святковий час.
Миколай у кожний дім
Принесе гостинці всім.
Він щорік спішить
В такий святковий час.

Подарунків в Миколая
Завжди повний міх,
І він щедро обдарує
Діточок усіх.
Під подушку справжню мрію
Тихо покладе,
Бо добро у кожнім серці
Вміло віднайде.

Приспів. (2)','["pisni.org.ua", "cat:svyatyy-mykolay", "Пісні про Святого Миколая"]',1,'published',COALESCE((SELECT created_at FROM songs WHERE id='pisniua_2289277'), datetime('now')),datetime('now'));
INSERT OR REPLACE INTO songs_fts(song_id,title,lyrics) VALUES ('pisniua_2289277','Миколай','Снігом вкрилось все довкола,
Став казковим гай,
Йде з небес до нас у гості
Святий Миколай.
А з ним божі янголята
В кожний дім спішать,
Щоб для діточок слухняних
Іграшки роздать.

Приспів:
Миколая на землі
Ждуть дорослі і малі,
Він щорік спішить до нас
В святковий час.
Миколай у кожний дім
Принесе гостинці всім.
Він щорік спішить
В такий святковий час.

Подарунків в Миколая
Завжди повний міх,
І він щедро обдарує
Діточок усіх.
Під подушку справжню мрію
Тихо покладе,
Бо добро у кожнім серці
Вміло віднайде.

Приспів. (2)');
INSERT OR REPLACE INTO songs (id,title,subtitle,lang,country,period,year,source,notes,lyrics,tags_json,lang_locked,status,created_at,updated_at) VALUES ('pisniua_2290798','Укроп','Музика: Гайдамаки Слова: Олександр Ткачук. Виконує: Гайдамаки','uk','ukraine_1991',NULL,NULL,NULL,NULL,'Укроп - це маленький хлопчик,
Що носить коротенький чубчик
І мріє про мир у домі
А як треба то стане в окоп в обороні.
Укроп - це школярка юна
Окутана стягом жовтоблакитиним
Горять у неї очі,
Як плете маскувальну сітку до ночі.

Приспів:
Укроп - це ти, укроп - це я,
Україна - укропів земля,
Укроп всіяний по полю,
Бореться за свободу і волю!

Укроп - це лагідна мати,
Що молиться до світання
Укроп - це батько суворий,
Що є патріотом рідного краю!
Укроп - це бабуся старенька,
Що в''яже панчохи захиснику,
Укроп - це дідо сивенький,
Збирає вояці сальця й часнику.

Приспів. (2)

Укроп - це кіборг залізний,
Укроп - це козак вольовий,
Тікай, враже-сєпар, допоки не пізно,
Ховайся, москалю, допоки живий!
Укроп голови не схилить
І навіть вистоїть смерч,
Укроп градом накриє,
А він всеодно підійме свій меч!

Приспів. (2)

Укроп - то народ єдиний, |
Укроп - то народ міцний, |
Укроп ніколи не згине,   |
Укроп вічно живий!       | (2)

Приспів. (2)','["pisni.org.ua", "cat:ato", "Пісні російсько-української війни та АТО"]',1,'published',COALESCE((SELECT created_at FROM songs WHERE id='pisniua_2290798'), datetime('now')),datetime('now'));
INSERT OR REPLACE INTO songs_fts(song_id,title,lyrics) VALUES ('pisniua_2290798','Укроп','Укроп - це маленький хлопчик,
Що носить коротенький чубчик
І мріє про мир у домі
А як треба то стане в окоп в обороні.
Укроп - це школярка юна
Окутана стягом жовтоблакитиним
Горять у неї очі,
Як плете маскувальну сітку до ночі.

Приспів:
Укроп - це ти, укроп - це я,
Україна - укропів земля,
Укроп всіяний по полю,
Бореться за свободу і волю!

Укроп - це лагідна мати,
Що молиться до світання
Укроп - це батько суворий,
Що є патріотом рідного краю!
Укроп - це бабуся старенька,
Що в''яже панчохи захиснику,
Укроп - це дідо сивенький,
Збирає вояці сальця й часнику.

Приспів. (2)

Укроп - це кіборг залізний,
Укроп - це козак вольовий,
Тікай, враже-сєпар, допоки не пізно,
Ховайся, москалю, допоки живий!
Укроп голови не схилить
І навіть вистоїть смерч,
Укроп градом накриє,
А він всеодно підійме свій меч!

Приспів. (2)

Укроп - то народ єдиний, |
Укроп - то народ міцний, |
Укроп ніколи не згине,   |
Укроп вічно живий!       | (2)

Приспів. (2)');
INSERT OR REPLACE INTO song_links (id,song_id,title,url,kind,version_id,sort_order) VALUES ('pisniua_2290798_l1','pisniua_2290798','YouTube','https://www.youtube.com/watch?v=Zwh6WGGGFzw','video',NULL,1);
INSERT OR REPLACE INTO songs (id,title,subtitle,lang,country,period,year,source,notes,lyrics,tags_json,lang_locked,status,created_at,updated_at) VALUES ('pisniua_229010','Горі малинячком','Українська народна пісня','uk','ukraine_before_1917',NULL,NULL,'1. Самвидавний туристський пісенник: Там на Лемковині помедже горами. - Літо 1981. 2. http://www.lemko.org/lemko/ns/wesila/wesila.html','Вказаний у джерелі 1 пісенник створений українцем з Польщі Лехом Ляхом. Ймовірно, що обробка тексту й мелодії, підбір акордів здійснені ним. У цьому збірнику пісня називається "Горе малинячком". Пісню співають під час лемківського весілля. Дивіться джерело 2. Діалектизми: бы-м - би я; вера - правда, справді; главичка - голова; горі, гори - догори; долу - додолу; єй - її; же - що, (а також: же, ж); жебы - щоб, щоби; жениченька - жіночка, дружина; лем - тільки, але; любував - кохав, любив; малинячок - малинник; мі - мені; мыслила-с - ти думала; ня - мене; палюнка - горілка; хыжа - хата; юж - вже; юж-єм - вже я.','Em
Горі* малинячком,
Долу малинячком,
Назвало ня дівча, гей,   |
Em             |(2)**
Великим пиячком.         |

Я не п''ю палюнкы***,
Лем палену воду,
Не кохам дівчатко, гей,
А лем єй уроду.

Палюночку пив бы-м,
Дівчатко любив бы-м,
Чорны очка мала, гей,
Вера, полюбив бы-м!

Дай же мі, Боженьку,
Гарду жениченьку,
Жебы ня водила, гей,
З корчмы за рученьку.

Жебы ня водила,
Жебы ня не била;
Добра бы то, Боже, гей,
Жениченька была!

Мыслила-с, мамичко,
Же ся ня не збудеш,
Я ти повідала, гей,
Же плакати будеш!

Ой плачу я, плачу
На свою мамичку,
Же ня замуж дала, гей,
Таку невеличку...

Ни мі з хлопом спати,
Ни в хыжы лишати;
Ой, Боже мій, Боже, гей,
Што ж буде почати?

Юж-єм ся оженив,
Юж навікы амінь,
Юж-єм си прив''язав, гей,
До главичкы камінь.

Юж-єм ся оженив,
Юж буду свою мав,
А юж вас, дівчата, гей,
Не буду любував!

Весіля ся кінчыт,
Біда ся зачынат,
Пані млада плаче, гей,
Же юж не вытрымат...

Ни шыти, ни прясти,
Ни хыжу підмести,
Корови не здоїт,
Бо ся хвоста боїт.****
*У різних джерелах трапляється "горе", "гори" та "горі".

**Всі в''язки (куплети) виконуйте за взірцем першої.

***У джерелі 1 надруковано "палінкы".

****У джерелі 1 ця в''язка відсутня.','["pisni.org.ua", "cat:lemkivski", "Лемківські пісні"]',1,'published',COALESCE((SELECT created_at FROM songs WHERE id='pisniua_229010'), datetime('now')),datetime('now'));
INSERT OR REPLACE INTO songs_fts(song_id,title,lyrics) VALUES ('pisniua_229010','Горі малинячком','Em
Горі* малинячком,
Долу малинячком,
Назвало ня дівча, гей,   |
Em             |(2)**
Великим пиячком.         |

Я не п''ю палюнкы***,
Лем палену воду,
Не кохам дівчатко, гей,
А лем єй уроду.

Палюночку пив бы-м,
Дівчатко любив бы-м,
Чорны очка мала, гей,
Вера, полюбив бы-м!

Дай же мі, Боженьку,
Гарду жениченьку,
Жебы ня водила, гей,
З корчмы за рученьку.

Жебы ня водила,
Жебы ня не била;
Добра бы то, Боже, гей,
Жениченька была!

Мыслила-с, мамичко,
Же ся ня не збудеш,
Я ти повідала, гей,
Же плакати будеш!

Ой плачу я, плачу
На свою мамичку,
Же ня замуж дала, гей,
Таку невеличку...

Ни мі з хлопом спати,
Ни в хыжы лишати;
Ой, Боже мій, Боже, гей,
Што ж буде почати?

Юж-єм ся оженив,
Юж навікы амінь,
Юж-єм си прив''язав, гей,
До главичкы камінь.

Юж-єм ся оженив,
Юж буду свою мав,
А юж вас, дівчата, гей,
Не буду любував!

Весіля ся кінчыт,
Біда ся зачынат,
Пані млада плаче, гей,
Же юж не вытрымат...

Ни шыти, ни прясти,
Ни хыжу підмести,
Корови не здоїт,
Бо ся хвоста боїт.****
*У різних джерелах трапляється "горе", "гори" та "горі".

**Всі в''язки (куплети) виконуйте за взірцем першої.

***У джерелі 1 надруковано "палінкы".

****У джерелі 1 ця в''язка відсутня.');
INSERT OR REPLACE INTO songs (id,title,subtitle,lang,country,period,year,source,notes,lyrics,tags_json,lang_locked,status,created_at,updated_at) VALUES ('pisniua_2290010','Сто бійців','Музика: Віталій Телезін Слова: Олекса Негребецький. Виконує: Maxima (Юлія Донченко)','uk','ukraine_1991',NULL,'2014','аудіозапис','Війна на Донбасі 2014 року.','Протекла мов кров з ножа
По степу тонка межа:
Ліворуч битва, а справа бій,
Чигає смерть у далі голубій
Ми йдемо - одна сім''я,
Сто бійців і з ними я.
І день за днем, за разом раз,
На сто бійців - один наказ.

Степ гуде, луна гримить
Не спиняй ходи й на мить.
Наш шлях тяжкий, та треба йти,
Ліворуч я, а справа - ти.
День за днем, хто знає, де,
Був наказ - і сотня йде.
І день за днем, за разом раз,
На сто бійців - один наказ.

По піску пустих узбіч
Ми йдемо у темну ніч.
Крізь вогонь і куль політ
Крізь вугілля і крізь граніт
Ми йдемо - одна сім''я,
Сто бійців і з ними я.
І день за днем, за разом раз,
На сто бійців - один наказ.

З рубежу і на рубіж
З роздоріж до роздоріж
І так далеко твій рідний дім
Кохана жде тебе у нім
Навмання нас доля б''є
Вчора був, сьогодні є,
А завтра хтозна, що буде там...
За Батьківщину життя віддам...

Завтра я, а потім ти
Хтозна як, та треба йти
До бою зброю, смерть ворогам!
Нема спочинку моїм ногам...
Ми йдемо - одна сім''я,
Сто бійців і з ними я.
І день за днем, за разом раз,
На сто бійців - один наказ.

Люба, чуєш, ти не ридай!
Він не вмре за рідний край!
Хай гине ворог за наш Донбас,
Дорога дальня чекає нас.
Ми йдемо - одна сім''я,
Сто бійців і з ними я.
І день за днем, за разом раз,
На сто бійців - один наказ.','["pisni.org.ua", "cat:ato", "Пісні російсько-української війни та АТО"]',1,'published',COALESCE((SELECT created_at FROM songs WHERE id='pisniua_2290010'), datetime('now')),datetime('now'));
INSERT OR REPLACE INTO songs_fts(song_id,title,lyrics) VALUES ('pisniua_2290010','Сто бійців','Протекла мов кров з ножа
По степу тонка межа:
Ліворуч битва, а справа бій,
Чигає смерть у далі голубій
Ми йдемо - одна сім''я,
Сто бійців і з ними я.
І день за днем, за разом раз,
На сто бійців - один наказ.

Степ гуде, луна гримить
Не спиняй ходи й на мить.
Наш шлях тяжкий, та треба йти,
Ліворуч я, а справа - ти.
День за днем, хто знає, де,
Був наказ - і сотня йде.
І день за днем, за разом раз,
На сто бійців - один наказ.

По піску пустих узбіч
Ми йдемо у темну ніч.
Крізь вогонь і куль політ
Крізь вугілля і крізь граніт
Ми йдемо - одна сім''я,
Сто бійців і з ними я.
І день за днем, за разом раз,
На сто бійців - один наказ.

З рубежу і на рубіж
З роздоріж до роздоріж
І так далеко твій рідний дім
Кохана жде тебе у нім
Навмання нас доля б''є
Вчора був, сьогодні є,
А завтра хтозна, що буде там...
За Батьківщину життя віддам...

Завтра я, а потім ти
Хтозна як, та треба йти
До бою зброю, смерть ворогам!
Нема спочинку моїм ногам...
Ми йдемо - одна сім''я,
Сто бійців і з ними я.
І день за днем, за разом раз,
На сто бійців - один наказ.

Люба, чуєш, ти не ридай!
Він не вмре за рідний край!
Хай гине ворог за наш Донбас,
Дорога дальня чекає нас.
Ми йдемо - одна сім''я,
Сто бійців і з ними я.
І день за днем, за разом раз,
На сто бійців - один наказ.');
INSERT OR REPLACE INTO song_links (id,song_id,title,url,kind,version_id,sort_order) VALUES ('pisniua_2290010_l1','pisniua_2290010','YouTube','https://www.youtube.com/watch?v=n8wLN79Ii5Q','video',NULL,1);
INSERT OR REPLACE INTO songs (id,title,subtitle,lang,country,period,year,source,notes,lyrics,tags_json,lang_locked,status,created_at,updated_at) VALUES ('pisniua_2292111','Заспіваймо пісню за Україну','Музика: Олександр Пономарьов Слова: Олександр Пономарьов. Виконує: Олександр Пономарьов','uk','ukraine_1991',NULL,NULL,'аудіозапис',NULL,'Ми ніколи не зречемося
Рідної мови!
Ми ніколи не зречемося
Рідної землі!
І борітеся - поборите
Будь-які змови!
І борітеся -
Поборите все, що у злі!

Приспів:
Заспіваймо пісню за Україну!
За її незалежність, за волю її!
Заспіваймо пісню за Україну,
Бо потрібна допомога
Моїй рідній землі!

Ми піднімемо наш прапор
Знову і знову!
Слава рідній Україні,
Слава рідній землі!
І борітеся - поборите
Будь-які змови!
І борітеся -
Поборите все, що у злі!

Приспів. (2)','["pisni.org.ua", "cat:patriotic", "Патріотичні пісні"]',1,'published',COALESCE((SELECT created_at FROM songs WHERE id='pisniua_2292111'), datetime('now')),datetime('now'));
INSERT OR REPLACE INTO songs_fts(song_id,title,lyrics) VALUES ('pisniua_2292111','Заспіваймо пісню за Україну','Ми ніколи не зречемося
Рідної мови!
Ми ніколи не зречемося
Рідної землі!
І борітеся - поборите
Будь-які змови!
І борітеся -
Поборите все, що у злі!

Приспів:
Заспіваймо пісню за Україну!
За її незалежність, за волю її!
Заспіваймо пісню за Україну,
Бо потрібна допомога
Моїй рідній землі!

Ми піднімемо наш прапор
Знову і знову!
Слава рідній Україні,
Слава рідній землі!
І борітеся - поборите
Будь-які змови!
І борітеся -
Поборите все, що у злі!

Приспів. (2)');
INSERT OR REPLACE INTO song_links (id,song_id,title,url,kind,version_id,sort_order) VALUES ('pisniua_2292111_l1','pisniua_2292111','YouTube','https://www.youtube.com/watch?v=oURgInJTL_c','video',NULL,1);
INSERT OR REPLACE INTO song_links (id,song_id,title,url,kind,version_id,sort_order) VALUES ('pisniua_2292111_l2','pisniua_2292111','YouTube','https://www.youtube.com/watch?v=Sf_vSjcy3N0','video',NULL,2);
INSERT OR REPLACE INTO song_links (id,song_id,title,url,kind,version_id,sort_order) VALUES ('pisniua_2292111_l3','pisniua_2292111','YouTube','https://www.youtube.com/watch?v=2nkJ5DGiLtc','video',NULL,3);
INSERT OR REPLACE INTO songs (id,title,subtitle,lang,country,period,year,source,notes,lyrics,tags_json,lang_locked,status,created_at,updated_at) VALUES ('pisniua_229022','Новацький марш','(Ясне сонце). Музика: Юрій Пясецький Слова: Юрій Пясецький','uk','ukraine_1991',NULL,NULL,NULL,NULL,'Ясне сонце в небі сяє
І зелений бір шумить.
Гей, готуйсь, новаче жвавий,
Гей, готуйсь, біда не спить!

Вірний Богу й Україні,
Пластовий шануй Закон.
Гей, готуйся вже віднині
На завзятий бій зі злом!

Там, у лісі змій крилатий
Схопив бранку молоду.
Гей, готуйся визволяти
Україну з полону!','["pisni.org.ua", "cat:plastovi", "Пластові пісні"]',1,'published',COALESCE((SELECT created_at FROM songs WHERE id='pisniua_229022'), datetime('now')),datetime('now'));
INSERT OR REPLACE INTO songs_fts(song_id,title,lyrics) VALUES ('pisniua_229022','Новацький марш','Ясне сонце в небі сяє
І зелений бір шумить.
Гей, готуйсь, новаче жвавий,
Гей, готуйсь, біда не спить!

Вірний Богу й Україні,
Пластовий шануй Закон.
Гей, готуйся вже віднині
На завзятий бій зі злом!

Там, у лісі змій крилатий
Схопив бранку молоду.
Гей, готуйся визволяти
Україну з полону!');
INSERT OR REPLACE INTO songs (id,title,subtitle,lang,country,period,year,source,notes,lyrics,tags_json,lang_locked,status,created_at,updated_at) VALUES ('pisniua_2289293','Новий рік! Хай луна веселий сміх!','Українська народна пісня','uk','ukraine_before_1917',NULL,NULL,'аудіозапис',NULL,'Ти зустрів знову свято,
Де пісень так багато
І ялинка-свіча
Новий рік зустріча!
Щастя вам, сніжні квіти.
І Різдва зорі світять,
Срібний сміх на вустах,
Свято мрій, білий птах.

Приспів.

Новий рік! Новий рік!
Хай луна веселий сміх!
І єдна в святкове коло
І дорослих, і малих!
Новий рік! Новий рік
Принесе нам на поріг
Сподівання, побажання
Для усіх!

У стрічках серпантину
Хай співа Україна,
Вічний час, вічний лед,
Танець снів і планет.
Ми щасливі сьогодні,
Заметілі холодній,
Де блакитна Земля
В вишині кружля!

Приспів. (2)','["pisni.org.ua", "cat:new-year", "Пісні про Новий Рік"]',1,'published',COALESCE((SELECT created_at FROM songs WHERE id='pisniua_2289293'), datetime('now')),datetime('now'));
INSERT OR REPLACE INTO songs_fts(song_id,title,lyrics) VALUES ('pisniua_2289293','Новий рік! Хай луна веселий сміх!','Ти зустрів знову свято,
Де пісень так багато
І ялинка-свіча
Новий рік зустріча!
Щастя вам, сніжні квіти.
І Різдва зорі світять,
Срібний сміх на вустах,
Свято мрій, білий птах.

Приспів.

Новий рік! Новий рік!
Хай луна веселий сміх!
І єдна в святкове коло
І дорослих, і малих!
Новий рік! Новий рік
Принесе нам на поріг
Сподівання, побажання
Для усіх!

У стрічках серпантину
Хай співа Україна,
Вічний час, вічний лед,
Танець снів і планет.
Ми щасливі сьогодні,
Заметілі холодній,
Де блакитна Земля
В вишині кружля!

Приспів. (2)');
INSERT OR REPLACE INTO songs (id,title,subtitle,lang,country,period,year,source,notes,lyrics,tags_json,lang_locked,status,created_at,updated_at) VALUES ('pisniua_2289797','Поцілую','Музика: Роман Скорпіон Слова: Роман Скорпіон. Виконує: Роман Скорпіон','uk','ukraine_before_1917',NULL,NULL,NULL,NULL,'Наші долі з тобою зійшлися,
Були дві, є суцільна одна,
Я тебе не віддам, не залишу,
Ти моя, чуєш моя?..

Приспів:
Поцілую тебе, поцілую!  |
Поцілую тебе, пригорну! |
І розкажу тобі, кохана, |
Як я сильно тебе люблю! | (2)

Твої очі, як небо, блакитне,
У яких я тонув би щодня,
Я тебе не віддам, не залишу,
Ти моя, чуєш моя?..

Приспів. (2)','["pisni.org.ua", "cat:lirychni", "Пісні про кохання, ліричні"]',1,'published',COALESCE((SELECT created_at FROM songs WHERE id='pisniua_2289797'), datetime('now')),datetime('now'));
INSERT OR REPLACE INTO songs_fts(song_id,title,lyrics) VALUES ('pisniua_2289797','Поцілую','Наші долі з тобою зійшлися,
Були дві, є суцільна одна,
Я тебе не віддам, не залишу,
Ти моя, чуєш моя?..

Приспів:
Поцілую тебе, поцілую!  |
Поцілую тебе, пригорну! |
І розкажу тобі, кохана, |
Як я сильно тебе люблю! | (2)

Твої очі, як небо, блакитне,
У яких я тонув би щодня,
Я тебе не віддам, не залишу,
Ти моя, чуєш моя?..

Приспів. (2)');
INSERT OR REPLACE INTO song_links (id,song_id,title,url,kind,version_id,sort_order) VALUES ('pisniua_2289797_l1','pisniua_2289797','YouTube','https://www.youtube.com/watch?v=EeG7ivPVTh0','video',NULL,1);
INSERT OR REPLACE INTO songs (id,title,subtitle,lang,country,period,year,source,notes,lyrics,tags_json,lang_locked,status,created_at,updated_at) VALUES ('pisniua_2291012','Болить мене головонька','Українська народна пісня','uk','ukraine_before_1917',NULL,NULL,'http://vk.com/wall131845268_29',NULL,'Болить мене головонька, як вечір настане,
Прийди, прийди, мій миленький, може, перестане. | (2)

Ой, який ти, мій миленький, ти ладний на вроду
Та як ясний місяченько зійде на погоду.         | (2)

Я гадала, молоденька, що то вже зоріло,
А то мого миленького личенько яріло.            | (2)

Я гадала, молоденька, що сонечко сходить,
А то милий, чорнобривий по городі ходить.       | (2)

Ой місяцю-перекрою, не світи нікому,
Тільки мому миленькому, - як іде додому.        | (2)

Ніхто такий не є файний, та як мій миленький,
Ой, як іде через село, як сосна, тоненький.     | (2)

Ой, кувала зозуленька та й на конюшині,
В тебе, милий, очка сиві, а у мене сині.        | (2)

Ой, місяцю-місяченьку, ой, місяцю-князю.
Скажи мені щиру правду, з ким я долю зв''яжу?    | (2)

Не дивуйте, люди добрі, що перебираю,
Я також мужа хочу, що й сама не знаю.           | (2)

Ой, дай мене, моя мати, за файного хлопця,
Щоб я собі процвітала, як ружа в городі.        | (2)

Гадай, мати, гадай, мати, аби угадала,
Би ти мене з гараздочку на біду не дала.        | (2)

Та я собі заспіваю, далеко мя чути,
Аж на тоту стороночку, де я маю бути.           | (2)','["pisni.org.ua", "cat:huculski", "cat:kolomyyky", "Гуцульські пісні", "Коломийки"]',1,'published',COALESCE((SELECT created_at FROM songs WHERE id='pisniua_2291012'), datetime('now')),datetime('now'));
INSERT OR REPLACE INTO songs_fts(song_id,title,lyrics) VALUES ('pisniua_2291012','Болить мене головонька','Болить мене головонька, як вечір настане,
Прийди, прийди, мій миленький, може, перестане. | (2)

Ой, який ти, мій миленький, ти ладний на вроду
Та як ясний місяченько зійде на погоду.         | (2)

Я гадала, молоденька, що то вже зоріло,
А то мого миленького личенько яріло.            | (2)

Я гадала, молоденька, що сонечко сходить,
А то милий, чорнобривий по городі ходить.       | (2)

Ой місяцю-перекрою, не світи нікому,
Тільки мому миленькому, - як іде додому.        | (2)

Ніхто такий не є файний, та як мій миленький,
Ой, як іде через село, як сосна, тоненький.     | (2)

Ой, кувала зозуленька та й на конюшині,
В тебе, милий, очка сиві, а у мене сині.        | (2)

Ой, місяцю-місяченьку, ой, місяцю-князю.
Скажи мені щиру правду, з ким я долю зв''яжу?    | (2)

Не дивуйте, люди добрі, що перебираю,
Я також мужа хочу, що й сама не знаю.           | (2)

Ой, дай мене, моя мати, за файного хлопця,
Щоб я собі процвітала, як ружа в городі.        | (2)

Гадай, мати, гадай, мати, аби угадала,
Би ти мене з гараздочку на біду не дала.        | (2)

Та я собі заспіваю, далеко мя чути,
Аж на тоту стороночку, де я маю бути.           | (2)');
INSERT OR REPLACE INTO song_links (id,song_id,title,url,kind,version_id,sort_order) VALUES ('pisniua_2291012_l1','pisniua_2291012','YouTube','https://www.youtube.com/watch?v=Qg4hxjhlQgU','video',NULL,1);
INSERT OR REPLACE INTO songs (id,title,subtitle,lang,country,period,year,source,notes,lyrics,tags_json,lang_locked,status,created_at,updated_at) VALUES ('pisniua_2291767','Подруга моя','Музика: Володимир Будейчук Слова: Ірина Зінковська. Виконує: Ірина Зінковська','uk','ukraine_1991',NULL,NULL,'аудіозапис',NULL,'Розкажи, чому очі знов сумні?
Як сестра, була ти завжди мені.
Розкажи, чому ти, мов тінь, одна,
Де тепер світло з твого вікна?
Відчуваю навіть без слів -
Він тобі ще не відболів...
Поверни любов, не втрачай,
Він прийде, тільки чекай!

Приспів:
Ти його ще вчора любила,
Втратила, знайшла, відпустила.
Ділимо біль ми на двох, ти і я,
Подруго вірна і мила.
Ти його ще вчора любила,
З іншою сьогодні зустріла.
В щасті й біді ми разом, ти і я,
Подруго ти моя.

Не тримай, скажи йому, в чому річ,
Почуття мільйонами протиріч.
В душах двох не стихне розлук надрив,
Лиш тебе єдину він так любив.
Відчуваю навіть без слів -
Він тобі ще не відболів...
Поверни любов, не втрачай,
Він прийде, тільки чекай!

Приспів. (2)','["pisni.org.ua", "cat:druzhba", "Пісні про дружбу"]',1,'published',COALESCE((SELECT created_at FROM songs WHERE id='pisniua_2291767'), datetime('now')),datetime('now'));
INSERT OR REPLACE INTO songs_fts(song_id,title,lyrics) VALUES ('pisniua_2291767','Подруга моя','Розкажи, чому очі знов сумні?
Як сестра, була ти завжди мені.
Розкажи, чому ти, мов тінь, одна,
Де тепер світло з твого вікна?
Відчуваю навіть без слів -
Він тобі ще не відболів...
Поверни любов, не втрачай,
Він прийде, тільки чекай!

Приспів:
Ти його ще вчора любила,
Втратила, знайшла, відпустила.
Ділимо біль ми на двох, ти і я,
Подруго вірна і мила.
Ти його ще вчора любила,
З іншою сьогодні зустріла.
В щасті й біді ми разом, ти і я,
Подруго ти моя.

Не тримай, скажи йому, в чому річ,
Почуття мільйонами протиріч.
В душах двох не стихне розлук надрив,
Лиш тебе єдину він так любив.
Відчуваю навіть без слів -
Він тобі ще не відболів...
Поверни любов, не втрачай,
Він прийде, тільки чекай!

Приспів. (2)');
INSERT OR REPLACE INTO songs (id,title,subtitle,lang,country,period,year,source,notes,lyrics,tags_json,lang_locked,status,created_at,updated_at) VALUES ('pisniua_2289414','Сніжинки','Слова: А. Онуків','uk','ukraine_1991',NULL,NULL,'аудіозапис',NULL,'Приспів:
Сніжинки спускаються з неба
Усе нижче та нижче...
Замети пухнастого снігу
Все вищі, все вищі...
Кроки, що минають
Все тихіше та тихіше...
А пісенька Нового року
Все ближче, все ближче...

Злетять листки календаря,
Залишиться - листок...
В останній вечір грудня
Прийде чарівний термін...
Проб''є годинник дванадцять разів,
І Дід Мороз прийде
І поведе з собою нас
В щасливий Новий рік!

Приспів.

Нас зустріне казка в цю годину
Під ялинкою лісовою,
І не покине більше нас
Ні літом, ні весною...
І чекає нас диво попереду
І жартома, і всерйоз...
Скоріше приходь в гості
До нас, Дідусь Мороз!

Приспів.','["pisni.org.ua", "cat:new-year", "Пісні про Новий Рік"]',1,'published',COALESCE((SELECT created_at FROM songs WHERE id='pisniua_2289414'), datetime('now')),datetime('now'));
INSERT OR REPLACE INTO songs_fts(song_id,title,lyrics) VALUES ('pisniua_2289414','Сніжинки','Приспів:
Сніжинки спускаються з неба
Усе нижче та нижче...
Замети пухнастого снігу
Все вищі, все вищі...
Кроки, що минають
Все тихіше та тихіше...
А пісенька Нового року
Все ближче, все ближче...

Злетять листки календаря,
Залишиться - листок...
В останній вечір грудня
Прийде чарівний термін...
Проб''є годинник дванадцять разів,
І Дід Мороз прийде
І поведе з собою нас
В щасливий Новий рік!

Приспів.

Нас зустріне казка в цю годину
Під ялинкою лісовою,
І не покине більше нас
Ні літом, ні весною...
І чекає нас диво попереду
І жартома, і всерйоз...
Скоріше приходь в гості
До нас, Дідусь Мороз!

Приспів.');
INSERT OR REPLACE INTO songs (id,title,subtitle,lang,country,period,year,source,notes,lyrics,tags_json,lang_locked,status,created_at,updated_at) VALUES ('pisniua_229158','Чи Дома Дома Господаренько','Українська народна пісня','uk','ukraine_before_1917',NULL,NULL,'Староукраїнські релігійні роздуми про Бога © Видавництво "Павутинонька", Нью Йорк – Львів – Київ – Харків – Москва, 2004','Колядка стародавня: Українське Різдво Світа. Рай розвився Господь звеселився. Буде в Тебе Господь на Вечері. Ой там виxодило та Три Товариші. Чи Думу дума Пан Господар! Листки з приводу цієї Пісні: Ідея Бога на Свят-Вечер. Бог, Різдво Світа, Дідух і Лицарі. Українські релігійні роздуми про Бога: Яблучко. Св. Микола 19.12 – Народний речник перед Богом і Прадід. Стежки до інших листків про Українські традиції.','Чи Дома-дома Господаренько
Приспів: Ой дай Боже!

Ой знаємо ж ми що є Він Дома
Ой сидить собі по Конець Стола
А коло Нього Служеньки Його
Держать Шапочки поза Вершечки
Пущай нас Пане в Чистеє Поле
В Чистеє Поле Неміряноє
Та най ми Його поміряємо
Вірненьким Плужком тай пооремо
Тай посіємо Яру Пшеницю
Яру Пшеницю всяку Пашницю!','["pisni.org.ua", "cat:shchedrivky", "Щедрівки"]',1,'published',COALESCE((SELECT created_at FROM songs WHERE id='pisniua_229158'), datetime('now')),datetime('now'));
INSERT OR REPLACE INTO songs_fts(song_id,title,lyrics) VALUES ('pisniua_229158','Чи Дома Дома Господаренько','Чи Дома-дома Господаренько
Приспів: Ой дай Боже!

Ой знаємо ж ми що є Він Дома
Ой сидить собі по Конець Стола
А коло Нього Служеньки Його
Держать Шапочки поза Вершечки
Пущай нас Пане в Чистеє Поле
В Чистеє Поле Неміряноє
Та най ми Його поміряємо
Вірненьким Плужком тай пооремо
Тай посіємо Яру Пшеницю
Яру Пшеницю всяку Пашницю!');
INSERT OR REPLACE INTO songs (id,title,subtitle,lang,country,period,year,source,notes,lyrics,tags_json,lang_locked,status,created_at,updated_at) VALUES ('pisniua_22920','Зашуміли верби при потоці','Музика: Роман Купчинський Слова: Роман Купчинський','uk','ukr_ssr_1919_1991',NULL,'1947','Полум''я (часопис тернопільських пластунів). Співаник.','Пластова мандрівна пісня, створена 1947 року.','Зашуміли верби при потоці,
Гей, гей, долинами.
Збирайтеся ви, хлопці-молодці
Гей, гей, з пластунами.

Збирайтеся ви, хлопці-молодці
Гей, гей, тай у гори.
Несіть ваші ковані топорці
Гей, гей, межи орли.

Та щоб наша рідная держава,
Гей, гей, гомоніла.
Та щоб наша пластовая слава
Гей, гей, не змарніла.','["pisni.org.ua", "cat:plastovi", "Пластові пісні"]',1,'published',COALESCE((SELECT created_at FROM songs WHERE id='pisniua_22920'), datetime('now')),datetime('now'));
INSERT OR REPLACE INTO songs_fts(song_id,title,lyrics) VALUES ('pisniua_22920','Зашуміли верби при потоці','Зашуміли верби при потоці,
Гей, гей, долинами.
Збирайтеся ви, хлопці-молодці
Гей, гей, з пластунами.

Збирайтеся ви, хлопці-молодці
Гей, гей, тай у гори.
Несіть ваші ковані топорці
Гей, гей, межи орли.

Та щоб наша рідная держава,
Гей, гей, гомоніла.
Та щоб наша пластовая слава
Гей, гей, не змарніла.');
INSERT OR REPLACE INTO songs (id,title,subtitle,lang,country,period,year,source,notes,lyrics,tags_json,lang_locked,status,created_at,updated_at) VALUES ('pisniua_229192','Чи то буря, чи то грім *','Музика: невідомий Слова: Осип Маковей. Виконує: Буття','uk','ukrainian_peoples_republic_1917_1921',NULL,NULL,'диск Пісні помаранчевого повстання "Дух не вмирає, дух не згаса..."',NULL,'Чи то буря, чи то грім,
Чи реве хмаролім,
Що земля на сто миль грає грізно,
То зібрався в похід                 |
Український нарід,                  |(2)
В ряд вставай, щоб не було запізно. |

В ряд вставай, готовись,
Ні на що не дивись,
Чи до пекла підеш, чи до неба,
Кидай неньку стару,                 |
Кидай любку і сестру,               |(2)
Бо настала велика потреба.          |

Бо настав такий час,
Що помре кожен з нас
Не на печі, а в полі у бої,
І в годину страшну                  |
Помянеш Вітчизну,                   |(2)
Щоб за неї поляг ти з любови.       |

Наше тіло — то гній,
Для квіток ясних мрій,
Наша кров — то росиця над ранок.
Наша думка то грім,                 |
А душа - хмаролім,                  |
На ворога підем гураганом.          |(2)

Хай усім нам лягти
Не дійти до мети,
Та про нас говоритимуть внуки...
Так боролись колись,                |
Полягли й не здались,               |
А кайдани пірвали на штуки.         |(2)

Чи то буря, чи то грім,
Чи реве хмаролім,
Чи земля на сто миль грає грізно.
Від Кубані аж до гір                |
Чути голос з позір                  |
В ряд вставай, щоб не було запізно. |(2)','["pisni.org.ua", "cat:strilecki", "Стрілецькі пісні"]',1,'published',COALESCE((SELECT created_at FROM songs WHERE id='pisniua_229192'), datetime('now')),datetime('now'));
INSERT OR REPLACE INTO songs_fts(song_id,title,lyrics) VALUES ('pisniua_229192','Чи то буря, чи то грім *','Чи то буря, чи то грім,
Чи реве хмаролім,
Що земля на сто миль грає грізно,
То зібрався в похід                 |
Український нарід,                  |(2)
В ряд вставай, щоб не було запізно. |

В ряд вставай, готовись,
Ні на що не дивись,
Чи до пекла підеш, чи до неба,
Кидай неньку стару,                 |
Кидай любку і сестру,               |(2)
Бо настала велика потреба.          |

Бо настав такий час,
Що помре кожен з нас
Не на печі, а в полі у бої,
І в годину страшну                  |
Помянеш Вітчизну,                   |(2)
Щоб за неї поляг ти з любови.       |

Наше тіло — то гній,
Для квіток ясних мрій,
Наша кров — то росиця над ранок.
Наша думка то грім,                 |
А душа - хмаролім,                  |
На ворога підем гураганом.          |(2)

Хай усім нам лягти
Не дійти до мети,
Та про нас говоритимуть внуки...
Так боролись колись,                |
Полягли й не здались,               |
А кайдани пірвали на штуки.         |(2)

Чи то буря, чи то грім,
Чи реве хмаролім,
Чи земля на сто миль грає грізно.
Від Кубані аж до гір                |
Чути голос з позір                  |
В ряд вставай, щоб не було запізно. |(2)');
INSERT OR REPLACE INTO song_links (id,song_id,title,url,kind,version_id,sort_order) VALUES ('pisniua_229192_l1','pisniua_229192','YouTube','https://www.youtube.com/watch?v=DEifRjbhWSA','video',NULL,1);
INSERT OR REPLACE INTO song_links (id,song_id,title,url,kind,version_id,sort_order) VALUES ('pisniua_229192_l2','pisniua_229192','YouTube','https://www.youtube.com/watch?v=tTy3w1FVnCA','video',NULL,2);
INSERT OR REPLACE INTO song_links (id,song_id,title,url,kind,version_id,sort_order) VALUES ('pisniua_229192_l3','pisniua_229192','Переглянути варіанти >>','https://www.pisni.org.ua/#variants','external',NULL,3);
INSERT OR REPLACE INTO songs (id,title,subtitle,lang,country,period,year,source,notes,lyrics,tags_json,lang_locked,status,created_at,updated_at) VALUES ('pisniua_2292','Пісня про рушник','(Рідна мати моя). Музика: Платон Майборода Слова: Андрій Малишко. Виконує: Дмитро Гнатюк, Олександр Таранець, Чарівна, Ірина Сказіна, Олександр Малінін, Квітка Цісик, Рушничок, Кобза, Рената Бабак, Сергій Захаров','uk','ukr_ssr_1919_1991',NULL,'1958','1. Українські народні романси. - К.: В-во АН УРСР, 1961. - С. 380. 2. Українські ліричні пісні. - К.: Кн. ф-ка "Жовтень", 1960. - 204 с. 3. Рідна мати моя. Вінок пісень та віршів. Збірник. - К.: Дніпро, 1966. - 328 с. Упорядкування, підготовка текстів та вступна стаття Володимира Бойка.','Пісня з кінофільму "Літа молодії" (1958) режисера Олексія Мішуріна за сценарієм Анатолія Шайкевича. Текст звірений за джерелом [2]. Перша назва пісні "Рідна мати моя" (див. [1, 2]), згодом вона стала знаною під назвою "Пісня про рушник": ця назва трапляється вже у збірнику [3], який названо першими словами пісні. 1959 є роком публікації пісні: прем''єра кінофільму "Літа молодії" відбулася 9 березня 1959 р., друком вона вийшла того ж року (ймовірно це посилання в [1, с. 401], можливі газетні чи журнальні публікації). Написана ж пісня була раніше, принаймні 1958 р. Синтез - гурт "ЧАРIВНА" виконали пiсню з захопленням i любов''ю на чотири голоси з викристанням акустичних iнструментiв - скрипки, бандури, гiтари, бубна. Обробка мелодії Тетяни Маслак. У виконанні гурту рушничок: http://chomikuj.pl/WDR/Muzyka+Ukrai*c5*84ska/Narodowa+-+Folk+-+Regionalna/Rushnychok','Рідна мати моя, ти ночей не доспала
І водила мене у поля край села,
І в дорогу далеку ти мене на зорі проводжала,
І рушник вишиваний на щастя дала,
І в дорогу далеку ти мене на зорі проводжала,
І рушник вишиваний на щастя, на долю дала.
Хай на ньому цвіте росяниста доріжка,
І зелені луги, й солов''їні гаї,
І твоя незрадлива материнська ласкава усмішка,
І засмучені очі хороші твої.
І твоя незрадлива материнська ласкава усмішка,
І засмучені очі хороші блакитні твої.
Я візьму той рушник, простелю, наче долю,
В тихім шелесті трав, в щебетанні дібров.
І на тім рушничкові оживе все знайоме до болю -
І дитинство, й розлука, і вірна любов.
І на тім рушничкові оживе все знайоме до болю -
І дитинство, й розлука, й твоя материнська любов.','["pisni.org.ua", "cat:films", "cat:pro-batkiv", "Українські пісні в кінофільмах", "Пісні про любов до батьків"]',1,'published',COALESCE((SELECT created_at FROM songs WHERE id='pisniua_2292'), datetime('now')),datetime('now'));
INSERT OR REPLACE INTO songs_fts(song_id,title,lyrics) VALUES ('pisniua_2292','Пісня про рушник','Рідна мати моя, ти ночей не доспала
І водила мене у поля край села,
І в дорогу далеку ти мене на зорі проводжала,
І рушник вишиваний на щастя дала,
І в дорогу далеку ти мене на зорі проводжала,
І рушник вишиваний на щастя, на долю дала.
Хай на ньому цвіте росяниста доріжка,
І зелені луги, й солов''їні гаї,
І твоя незрадлива материнська ласкава усмішка,
І засмучені очі хороші твої.
І твоя незрадлива материнська ласкава усмішка,
І засмучені очі хороші блакитні твої.
Я візьму той рушник, простелю, наче долю,
В тихім шелесті трав, в щебетанні дібров.
І на тім рушничкові оживе все знайоме до болю -
І дитинство, й розлука, і вірна любов.
І на тім рушничкові оживе все знайоме до болю -
І дитинство, й розлука, й твоя материнська любов.');
INSERT OR REPLACE INTO song_links (id,song_id,title,url,kind,version_id,sort_order) VALUES ('pisniua_2292_l1','pisniua_2292','YouTube','https://www.youtube.com/watch?v=pUM7Ja4ux6I','video',NULL,1);
INSERT OR REPLACE INTO song_links (id,song_id,title,url,kind,version_id,sort_order) VALUES ('pisniua_2292_l2','pisniua_2292','YouTube','https://www.youtube.com/watch?v=xy_8XvQGEyc','video',NULL,2);
INSERT OR REPLACE INTO song_links (id,song_id,title,url,kind,version_id,sort_order) VALUES ('pisniua_2292_l3','pisniua_2292','YouTube','https://www.youtube.com/watch?v=SZED4CaQDms','video',NULL,3);
INSERT OR REPLACE INTO song_links (id,song_id,title,url,kind,version_id,sort_order) VALUES ('pisniua_2292_l4','pisniua_2292','YouTube','https://www.youtube.com/watch?v=3Hdgxmbf6uo','video',NULL,4);
INSERT OR REPLACE INTO song_links (id,song_id,title,url,kind,version_id,sort_order) VALUES ('pisniua_2292_l5','pisniua_2292','YouTube','https://www.youtube.com/watch?v=FnY3e2mdxhk','video',NULL,5);
INSERT OR REPLACE INTO song_links (id,song_id,title,url,kind,version_id,sort_order) VALUES ('pisniua_2292_l6','pisniua_2292','YouTube','https://www.youtube.com/watch?v=q6niAc2xFyo','video',NULL,6);
INSERT OR REPLACE INTO song_links (id,song_id,title,url,kind,version_id,sort_order) VALUES ('pisniua_2292_l7','pisniua_2292','YouTube','https://www.youtube.com/watch?v=XTEMDTVGiKE','video',NULL,7);
INSERT OR REPLACE INTO song_links (id,song_id,title,url,kind,version_id,sort_order) VALUES ('pisniua_2292_l8','pisniua_2292','YouTube','https://www.youtube.com/watch?v=RJRqubIG8q0','video',NULL,8);
INSERT OR REPLACE INTO song_links (id,song_id,title,url,kind,version_id,sort_order) VALUES ('pisniua_2292_l9','pisniua_2292','YouTube','https://www.youtube.com/watch?v=pQ5Omu09trs','video',NULL,9);
INSERT OR REPLACE INTO songs (id,title,subtitle,lang,country,period,year,source,notes,lyrics,tags_json,lang_locked,status,created_at,updated_at) VALUES ('pisniua_2291515','Висота','(Ніхто, крім нас). Музика: Олександр Положинський Слова: Олександр Положинський. Виконує: Олександр Положинський, Тартак','uk','ukraine_1991',NULL,NULL,'аудіозапис',NULL,'Ніхто, крім нас, - сказали хлопці стиха
І завдали на плечі вантажі.
Нехай, за цих людей ковтнемо лиха,
Бо, хоч не рідні, але й не чужі.
Вгризаємось у землю і у скелі,
Але сповна виконуєм наказ.
Чи в лісі, чи в степу, а чи в пустелі —
Ніхто, крім нас! Ніхто, крім нас!

Приспів:
І хай, як завжди, манить висота,
І білі куполи над головою,
Але сьогодні вища є мета
У нас з тобою, у нас з тобою.

Тримають нас смугасті наші душі,
Штовхає нас потужний серця стук.
І жоден з нас присяги не порушив,
І зброї теж ніхто не випустив із рук.
Долаєм перешкоди і простори,
Несем з собою міцності запас,
Бо знають всі — моря, поля і гори —
Ніхто, крім нас! Ніхто, крім нас!

Приспів.

За нашими надійними плечима
Родини й друзі, села і міста.
Живи спокійно, рідна Батьківщино,
Нам себе проявити час настав.
І ті, котрі приходять нам на зміну,
Почують і повторять безліч раз,
Що від зародження і до загину
Ніхто, крім нас! Ніхто, крім нас!

Приспів.','["pisni.org.ua", "cat:ato", "Пісні російсько-української війни та АТО"]',1,'published',COALESCE((SELECT created_at FROM songs WHERE id='pisniua_2291515'), datetime('now')),datetime('now'));
INSERT OR REPLACE INTO songs_fts(song_id,title,lyrics) VALUES ('pisniua_2291515','Висота','Ніхто, крім нас, - сказали хлопці стиха
І завдали на плечі вантажі.
Нехай, за цих людей ковтнемо лиха,
Бо, хоч не рідні, але й не чужі.
Вгризаємось у землю і у скелі,
Але сповна виконуєм наказ.
Чи в лісі, чи в степу, а чи в пустелі —
Ніхто, крім нас! Ніхто, крім нас!

Приспів:
І хай, як завжди, манить висота,
І білі куполи над головою,
Але сьогодні вища є мета
У нас з тобою, у нас з тобою.

Тримають нас смугасті наші душі,
Штовхає нас потужний серця стук.
І жоден з нас присяги не порушив,
І зброї теж ніхто не випустив із рук.
Долаєм перешкоди і простори,
Несем з собою міцності запас,
Бо знають всі — моря, поля і гори —
Ніхто, крім нас! Ніхто, крім нас!

Приспів.

За нашими надійними плечима
Родини й друзі, села і міста.
Живи спокійно, рідна Батьківщино,
Нам себе проявити час настав.
І ті, котрі приходять нам на зміну,
Почують і повторять безліч раз,
Що від зародження і до загину
Ніхто, крім нас! Ніхто, крім нас!

Приспів.');
INSERT OR REPLACE INTO song_links (id,song_id,title,url,kind,version_id,sort_order) VALUES ('pisniua_2291515_l1','pisniua_2291515','YouTube','https://www.youtube.com/watch?v=dVDq9uQaVLY','video',NULL,1);
INSERT OR REPLACE INTO song_links (id,song_id,title,url,kind,version_id,sort_order) VALUES ('pisniua_2291515_l2','pisniua_2291515','YouTube','https://www.youtube.com/watch?v=hpWv8kQzcFY','video',NULL,2);
INSERT OR REPLACE INTO songs (id,title,subtitle,lang,country,period,year,source,notes,lyrics,tags_json,lang_locked,status,created_at,updated_at) VALUES ('pisniua_2292420','Співаймо, друзі!','Музика: Дмитро Мулик Слова: Роман Завадович','uk','ukraine_1991',NULL,NULL,'авторське подання',NULL,'Під зорями весна ще буде спати,
Ще місто мла вкриватиме густа,
А ми до церкви підем привітати, -
Воскреслого Христа!

Приспів:
Співаймо, друзі, в великоднім колі,
І Господа воскреслого молім...
Щоб обновив весною щастя й долі
Наш рідний край, наш рідний дім.

А в церкві так велично, світло буде,
Заграють дзвони із церковних веж.
І разом з ними заспівають люди:
Христос! Христос Воскрес!

Приспів.

І зійде сонце, наче кругла паска,
Мов писанка, розквітне вся земля -
Радіймо, друзі, великодня казка -
Хай серце звеселя!

Приспів.','["pisni.org.ua", "cat:voskresni", "Воскресні пісні"]',1,'published',COALESCE((SELECT created_at FROM songs WHERE id='pisniua_2292420'), datetime('now')),datetime('now'));
INSERT OR REPLACE INTO songs_fts(song_id,title,lyrics) VALUES ('pisniua_2292420','Співаймо, друзі!','Під зорями весна ще буде спати,
Ще місто мла вкриватиме густа,
А ми до церкви підем привітати, -
Воскреслого Христа!

Приспів:
Співаймо, друзі, в великоднім колі,
І Господа воскреслого молім...
Щоб обновив весною щастя й долі
Наш рідний край, наш рідний дім.

А в церкві так велично, світло буде,
Заграють дзвони із церковних веж.
І разом з ними заспівають люди:
Христос! Христос Воскрес!

Приспів.

І зійде сонце, наче кругла паска,
Мов писанка, розквітне вся земля -
Радіймо, друзі, великодня казка -
Хай серце звеселя!

Приспів.');
INSERT OR REPLACE INTO songs (id,title,subtitle,lang,country,period,year,source,notes,lyrics,tags_json,lang_locked,status,created_at,updated_at) VALUES ('pisniua_229328','Нема в світі Правди Правди не зіскати','Українська народна пісня. Виконує: Микола Будник','uk','ukraine_before_1917',NULL,NULL,'Співає зі старосвітською бандурою кобзар Микола Будник: Воскресні та Спасительні пісні © Видавництво "Павутинонька", Нью Йорк – Львів – Київ – Харків – Москва, 2003','Отець-Рідна-Мати — У Піснях символ Господа Бога і звертання до Нього. Також символ Сім''ї як Святости та присутности Бога (Давня Правдонька Старих Людей). Можлива гра слів: Отець-Рідня-Мати. Спасительна: світ не по Правді. Українські релігійні роздуми про Воскресіння, Неволю і Спасіння. Ой Ми зіслані на признаванє. Ой уся Правда тепер погасла. Ой в Ліску в Ліску на Жовтім Піску Нема в світі Правди не зіскати. Що вже тепер Правда стала неправдою жити. Що вже кінець Сьвіту дуже приблизився. Тільки в світі Правди як Отець-Рідна-Мати. Нема в світі Правди (1) Нема в світі Правди (2-3) Нема в світі Правди (4) Нема в світі Правди (5) Тай нема в світі Правди Ускочили Три Козаки тай стали питати. Господа Милосердного прохали та благали. Бо вже ж нам сяя Турецькая Каторга надоїла. Ой да у Святую Неділеньку І самого ж мене у Чорнеє Море іспустіть. Голосна та Правдива як Господа слово. Наша Дума — Наша Пісня не вмре не загине. Б''ють пороги Місяць сходить як і перше сходив У Чистому Степу собі Живности доставати. Байді Молодому Мед-горілку пити. Многая Літа да посієм Жито. Приїдь Синочок напийсь Води. Ой устань же Козаченьку. Чого Старий не женишся. Листки з приводу цієї Пісні: Українські реліґійні роздуми про Неволю та Спасіння Коляда і Великдень: Різдво і Відродження Світа. Еротичні містерії, тиждень від Катерини 7.12 до Калети. Доля. Св. Микола 19.12 – Народний речник перед Богом і Прадід. Стежки до листків про Українські традиції. Звукові джерела: Кружало: Гей, на Чорному морi... Кобзарсько-лiрницька традицiя. Микола Будник. Народна бандура. Стрічка: Співає бандурист Микола Будник (Україна). Думи, історичні пісні, псальми, балади. 1997.','Нема в світі Правди Правди не зіскати
Що вже тепер Правда стала неправдою жити

Що вже тепер Правда стоїть у порога
А вража неправда сидить вконець стола

Що вже тепер Правда сльозами ридає
А вража неправда бенкети справляє

Що вже тепер Правда сидить у темниці
А вража неправда засіла в світлиці

Що вже тепер Правда Правда вже померла
А вража неправда увесь світ зажерла','["pisni.org.ua", "cat:dumy", "cat:suspilno-politychni", "Думи", "Суспільно-політичні пісні"]',1,'published',COALESCE((SELECT created_at FROM songs WHERE id='pisniua_229328'), datetime('now')),datetime('now'));
INSERT OR REPLACE INTO songs_fts(song_id,title,lyrics) VALUES ('pisniua_229328','Нема в світі Правди Правди не зіскати','Нема в світі Правди Правди не зіскати
Що вже тепер Правда стала неправдою жити

Що вже тепер Правда стоїть у порога
А вража неправда сидить вконець стола

Що вже тепер Правда сльозами ридає
А вража неправда бенкети справляє

Що вже тепер Правда сидить у темниці
А вража неправда засіла в світлиці

Що вже тепер Правда Правда вже померла
А вража неправда увесь світ зажерла');
INSERT OR REPLACE INTO songs (id,title,subtitle,lang,country,period,year,source,notes,lyrics,tags_json,lang_locked,status,created_at,updated_at) VALUES ('pisniua_229471','Листопад','Музика: Андрій Остапенко Слова: Вадим Крищенко. Виконує: Оксана Білозір, Василь Білоцерківський','uk','ukraine_before_1917',NULL,NULL,NULL,NULL,'Дощі багряні листопаду,
Полинний присмак на губах,
Я звала радість на пораду,
Але прийшла чомусь журба.
Та дайте я ще раз нап''юся
Із чаші дивної пори,
Вже відлетіли білі гуси,
Забравши літа кольори.

Приспів:
Листопад, листопад -
Давня згадка у слові,
Як прощальна сльоза,
Як відлуння любові.
Листопад, листопад,
Я тобі не дозволю,
Прилетівши у сад,
Замести мою долю...

Сади закутані в багрянці,
Не відгукнеш - не відгукнусь,
У листопадовому танці
Ми загубилися чомусь.
З останніми листками саду
Віддаленіли я і ти,
Дощі багряні листопаду
Вже нас не можуть віднайти.

Приспів','["pisni.org.ua", "cat:lirychni", "Пісні про кохання, ліричні"]',1,'published',COALESCE((SELECT created_at FROM songs WHERE id='pisniua_229471'), datetime('now')),datetime('now'));
INSERT OR REPLACE INTO songs_fts(song_id,title,lyrics) VALUES ('pisniua_229471','Листопад','Дощі багряні листопаду,
Полинний присмак на губах,
Я звала радість на пораду,
Але прийшла чомусь журба.
Та дайте я ще раз нап''юся
Із чаші дивної пори,
Вже відлетіли білі гуси,
Забравши літа кольори.

Приспів:
Листопад, листопад -
Давня згадка у слові,
Як прощальна сльоза,
Як відлуння любові.
Листопад, листопад,
Я тобі не дозволю,
Прилетівши у сад,
Замести мою долю...

Сади закутані в багрянці,
Не відгукнеш - не відгукнусь,
У листопадовому танці
Ми загубилися чомусь.
З останніми листками саду
Віддаленіли я і ти,
Дощі багряні листопаду
Вже нас не можуть віднайти.

Приспів');
INSERT OR REPLACE INTO song_links (id,song_id,title,url,kind,version_id,sort_order) VALUES ('pisniua_229471_l1','pisniua_229471','YouTube','https://www.youtube.com/watch?v=1FxzaaubPTA','video',NULL,1);
INSERT OR REPLACE INTO song_links (id,song_id,title,url,kind,version_id,sort_order) VALUES ('pisniua_229471_l2','pisniua_229471','YouTube','https://www.youtube.com/watch?v=fvk6328FhHI','video',NULL,2);
INSERT OR REPLACE INTO song_links (id,song_id,title,url,kind,version_id,sort_order) VALUES ('pisniua_229471_l3','pisniua_229471','YouTube','https://www.youtube.com/watch?v=I9EnBnHNV5o','video',NULL,3);
INSERT OR REPLACE INTO song_links (id,song_id,title,url,kind,version_id,sort_order) VALUES ('pisniua_229471_l4','pisniua_229471','YouTube','https://www.youtube.com/watch?v=Wc-Y2G1hQS4','video',NULL,4);
INSERT OR REPLACE INTO songs (id,title,subtitle,lang,country,period,year,source,notes,lyrics,tags_json,lang_locked,status,created_at,updated_at) VALUES ('pisniua_2293114','Давайте свято зустрічати','Музика: Юрій Гнатковський, Юлія Лорд Слова: Юрій Гнатковський, Юлія Лорд. Виконує: Юрій Гнатковський, Юлія Лорд','uk','ukraine_1991',NULL,NULL,'аудіозапис',NULL,'Давайте всі разом будемо співати
І Новий рік веселими піснями зустрічати!
Зберемося разом ялинку прикрашати,
Хороший настрій нам усім даруватиме вона.

Ялинка височить у цю святкову мить,
З небес зіркових Миколай прилітати поспішить,
Давайте скоріше дарунки готувати,
Бо так приємно в Новий рік під ялинкою щось знайти!

Є м''ячик для Богдана і лялька для Луки,
І великий торт, святковий стіл сподобається всім.
Хай усмішками друзів наповниться весь дім,
Хороводом радісним ми затанцюємо усі.

Давайте всі разом будемо співати
І Новий рік веселими піснями зустрічати,
Зберемося разом ялинку прикрашати,
Хороший настрій нам усім даруватиме вона.

Ялинка височить у цю святкову мить,
З небес зіркових Миколай прилітати поспішить,
Давайте скоріше дарунки готувати,
Бо скоро прийде Новий рік...
Бо скоро новорічне свято...','["pisni.org.ua", "cat:new-year", "Пісні про Новий Рік"]',1,'published',COALESCE((SELECT created_at FROM songs WHERE id='pisniua_2293114'), datetime('now')),datetime('now'));
INSERT OR REPLACE INTO songs_fts(song_id,title,lyrics) VALUES ('pisniua_2293114','Давайте свято зустрічати','Давайте всі разом будемо співати
І Новий рік веселими піснями зустрічати!
Зберемося разом ялинку прикрашати,
Хороший настрій нам усім даруватиме вона.

Ялинка височить у цю святкову мить,
З небес зіркових Миколай прилітати поспішить,
Давайте скоріше дарунки готувати,
Бо так приємно в Новий рік під ялинкою щось знайти!

Є м''ячик для Богдана і лялька для Луки,
І великий торт, святковий стіл сподобається всім.
Хай усмішками друзів наповниться весь дім,
Хороводом радісним ми затанцюємо усі.

Давайте всі разом будемо співати
І Новий рік веселими піснями зустрічати,
Зберемося разом ялинку прикрашати,
Хороший настрій нам усім даруватиме вона.

Ялинка височить у цю святкову мить,
З небес зіркових Миколай прилітати поспішить,
Давайте скоріше дарунки готувати,
Бо скоро прийде Новий рік...
Бо скоро новорічне свято...');
INSERT OR REPLACE INTO songs (id,title,subtitle,lang,country,period,year,source,notes,lyrics,tags_json,lang_locked,status,created_at,updated_at) VALUES ('pisniua_2293716','Травневий дзвоник','Музика: Анатолій Салогуб Слова: Анатолій Салогуб. Виконує: Ірина Салогуб','uk','ukraine_1991',NULL,NULL,'авторське подання',NULL,'День травневий сяє, дзвоник калатає,
На подвір''я школи кличе школярів.
Вже вбрання святкове школа одягає,
Бо сьогодні свято - день випускників.

Приспів:
В школі останній дзвоник вже лунає,
Школа, за все ми дякуєм тобі.
Школа дитинство наше проводжає,
Школа, прийми уклін наш до землі.

Ніби вчора мами в школу проводжали,
Вересневі квіти у руках цвіли.
Перший раз у класі ми за парти сіли,
Вперше нас зустріли наші вчителі.

Приспів','["pisni.org.ua", "cat:shkilni", "Пісні про школу"]',1,'published',COALESCE((SELECT created_at FROM songs WHERE id='pisniua_2293716'), datetime('now')),datetime('now'));
INSERT OR REPLACE INTO songs_fts(song_id,title,lyrics) VALUES ('pisniua_2293716','Травневий дзвоник','День травневий сяє, дзвоник калатає,
На подвір''я школи кличе школярів.
Вже вбрання святкове школа одягає,
Бо сьогодні свято - день випускників.

Приспів:
В школі останній дзвоник вже лунає,
Школа, за все ми дякуєм тобі.
Школа дитинство наше проводжає,
Школа, прийми уклін наш до землі.

Ніби вчора мами в школу проводжали,
Вересневі квіти у руках цвіли.
Перший раз у класі ми за парти сіли,
Вперше нас зустріли наші вчителі.

Приспів');
INSERT OR REPLACE INTO songs (id,title,subtitle,lang,country,period,year,source,notes,lyrics,tags_json,lang_locked,status,created_at,updated_at) VALUES ('pisniua_229267','Христос воскрес!','Слова: Леонід Глібов','uk','ukraine_1991',NULL,NULL,NULL,NULL,'Христос воскрес! Радійте, люди,
Біжіть у поле, у садок,
Збирайте гіллячко і квіти,
Кладіть на. Божий хрест вінок.

Нехай бринять і пахнуть квіти,
Нехай почує Божий рай,
Як на землі радіють діти
І звеселяють рідний край.

На вас погляне Божа Мати,
Радіючи з святих небес...
Збирайтесь, діти, нум співати...
Христос воскрес!
Христос воскрес!','["pisni.org.ua", "cat:cerkovni", "cat:christian", "cat:dytyachi", "cat:voskresni", "Церковні пісні", "Пісні на християнську тематику", "Дитячі пісні", "Воскресні пісні"]',1,'published',COALESCE((SELECT created_at FROM songs WHERE id='pisniua_229267'), datetime('now')),datetime('now'));
INSERT OR REPLACE INTO songs_fts(song_id,title,lyrics) VALUES ('pisniua_229267','Христос воскрес!','Христос воскрес! Радійте, люди,
Біжіть у поле, у садок,
Збирайте гіллячко і квіти,
Кладіть на. Божий хрест вінок.

Нехай бринять і пахнуть квіти,
Нехай почує Божий рай,
Як на землі радіють діти
І звеселяють рідний край.

На вас погляне Божа Мати,
Радіючи з святих небес...
Збирайтесь, діти, нум співати...
Христос воскрес!
Христос воскрес!');
INSERT OR REPLACE INTO songs (id,title,subtitle,lang,country,period,year,source,notes,lyrics,tags_json,lang_locked,status,created_at,updated_at) VALUES ('pisniua_229410','Когда час приходить треба помірати (Страшний суд)','Українська народна пісня. Виконує: Микола Будник','uk','ukraine_before_1917',NULL,NULL,'Співає зі старосвітською бандурою кобзар Микола Будник: Воскресні та Спасительні пісні © Видавництво "Павутинонька", Нью Йорк – Львів – Київ – Харків – Москва, 2003',NULL,'...Когда час приходить треба помірати,
Славу і богацтво треба покидати.
Когда тей час наступає - ой то лиха година
Чи ж її нам  люди добрії нам з вами вдасться оминути?

Ангели кажуть возтрублять з високого Неба,
Усіх грішних людей у одну мить розбудять.
Усі люди вставайте годі вже бо спати,
Одвіт Богу дайте Творцю своєму

Горітимуть, гори горітимуть ріки,
Ні скелі, ні високії гори не будуть стояти.
А ти грішний чоловіче що будеш гадати,
Як там на правиці стануть розтягати

А той час не одкупить ні Отець ні Мати,
Краще би не родитися ніж у пеклі смажитись.
А ми всі з вами християни гріхов своїх каймось,
Перед Христом Богом  крижем упадаймо.
Бо він нам дарує глас його послухать,
І в Раю навіки у Раю навіки...','["pisni.org.ua", "cat:cerkovni", "cat:dumy", "Церковні пісні", "Думи"]',1,'published',COALESCE((SELECT created_at FROM songs WHERE id='pisniua_229410'), datetime('now')),datetime('now'));
INSERT OR REPLACE INTO songs_fts(song_id,title,lyrics) VALUES ('pisniua_229410','Когда час приходить треба помірати (Страшний суд)','...Когда час приходить треба помірати,
Славу і богацтво треба покидати.
Когда тей час наступає - ой то лиха година
Чи ж її нам  люди добрії нам з вами вдасться оминути?

Ангели кажуть возтрублять з високого Неба,
Усіх грішних людей у одну мить розбудять.
Усі люди вставайте годі вже бо спати,
Одвіт Богу дайте Творцю своєму

Горітимуть, гори горітимуть ріки,
Ні скелі, ні високії гори не будуть стояти.
А ти грішний чоловіче що будеш гадати,
Як там на правиці стануть розтягати

А той час не одкупить ні Отець ні Мати,
Краще би не родитися ніж у пеклі смажитись.
А ми всі з вами християни гріхов своїх каймось,
Перед Христом Богом  крижем упадаймо.
Бо він нам дарує глас його послухать,
І в Раю навіки у Раю навіки...');
INSERT OR REPLACE INTO songs (id,title,subtitle,lang,country,period,year,source,notes,lyrics,tags_json,lang_locked,status,created_at,updated_at) VALUES ('pisniua_229457','В цьому Домі як у Раю','Українська народна пісня','uk','ukraine_before_1917',NULL,NULL,'Староукраїнські релігійні роздуми про Бога © Видавництво "Павутинонька", Нью Йорк – Львів – Київ – Харків – Москва, 2004','Колядка стародавня: Українське Різдво Світа. Рай розвився Господь звеселився. Сад садили Сад поливали. Листки з приводу цієї Пісні: Колядки як Українські релігійні роздуми про Бога. Українське Свято Воведення 4.12 - Передріздвяний Святочний час. Св. Микола 19.12 – Народний речник перед Богом і Прадід. Бог, Різдво Світа, Дідух і Лицарі. Порівняння: Українці й Уралалтайці. Стежки до листків про Українські традиції.','В цьому Домі як у Раю

Приспів:
Щедрий Вечір Добрий Вечір!

Там Господар як Виноград
Там Господиня як Калина
Його сини як Соколи
Її Дочки  як Панночки

По Саду xодили Сад садили
Сад садили Сад поливали
Вищий Мене кращий Мене','["pisni.org.ua", "cat:shchedrivky", "Щедрівки"]',1,'published',COALESCE((SELECT created_at FROM songs WHERE id='pisniua_229457'), datetime('now')),datetime('now'));
INSERT OR REPLACE INTO songs_fts(song_id,title,lyrics) VALUES ('pisniua_229457','В цьому Домі як у Раю','В цьому Домі як у Раю

Приспів:
Щедрий Вечір Добрий Вечір!

Там Господар як Виноград
Там Господиня як Калина
Його сини як Соколи
Її Дочки  як Панночки

По Саду xодили Сад садили
Сад садили Сад поливали
Вищий Мене кращий Мене');
INSERT OR REPLACE INTO songs (id,title,subtitle,lang,country,period,year,source,notes,lyrics,tags_json,lang_locked,status,created_at,updated_at) VALUES ('pisniua_2294226','Вчительська доля','Музика: Анатолій Салогуб Слова: Любов Зелена. Виконує: Анатолій Салогуб','uk','ukraine_1991',NULL,NULL,'авторське подання',NULL,'Приходить осінь щедра, величава,
Спішить до школи дітвора дзвінка.
І вчитель зустрічає їх ласкаво,
Як світоч правди, мудрості, добра.
Ця зустріч завжди бажана, жадана,
І стільки в ній надій і сподівань,
Бо стелиться, неначе вишиванка,
Дорога, що веде в країну знань.

Приспівв:
Вам через терни до зірок летіти,
Вести вперед загони молоді.
То ж дай Вам Бог у щасті довго жити,
Зі святом - дорогі учителі!

Та нелегка в нас праця педагога,
І злети мрій, і біль розчарувань.
Така бажана радість перемоги,
Через шалений тиск випробувань.
Як не помітно посивіли скроні,
І як же швидко діти підросли.
І знову голос твій звучить у школі
В очікуванні кращої весни.

Приспів.','["pisni.org.ua", "cat:shkilni", "Пісні про школу"]',1,'published',COALESCE((SELECT created_at FROM songs WHERE id='pisniua_2294226'), datetime('now')),datetime('now'));
INSERT OR REPLACE INTO songs_fts(song_id,title,lyrics) VALUES ('pisniua_2294226','Вчительська доля','Приходить осінь щедра, величава,
Спішить до школи дітвора дзвінка.
І вчитель зустрічає їх ласкаво,
Як світоч правди, мудрості, добра.
Ця зустріч завжди бажана, жадана,
І стільки в ній надій і сподівань,
Бо стелиться, неначе вишиванка,
Дорога, що веде в країну знань.

Приспівв:
Вам через терни до зірок летіти,
Вести вперед загони молоді.
То ж дай Вам Бог у щасті довго жити,
Зі святом - дорогі учителі!

Та нелегка в нас праця педагога,
І злети мрій, і біль розчарувань.
Така бажана радість перемоги,
Через шалений тиск випробувань.
Як не помітно посивіли скроні,
І як же швидко діти підросли.
І знову голос твій звучить у школі
В очікуванні кращої весни.

Приспів.');
INSERT OR REPLACE INTO songs (id,title,subtitle,lang,country,period,year,source,notes,lyrics,tags_json,lang_locked,status,created_at,updated_at) VALUES ('pisniua_2295063','Алілуя! Христос воскрес!',NULL,'uk','ukraine_1991',NULL,NULL,'християнський пісенник',NULL,'Христе, Ти Дорога наша!
Збережи і приведи нас
В дім Твого Отця.
Вірим в Твоє милосердя,
В день останній воскресиш
До вічного життя.

Приспів:
Алілуя! Христос воскрес,
Останній ворог - смерть -
Не має влади над життям.
Ісусе, Ти Священик,
Святий Жертовний Агнець,
Ти наша Пасха, Христе!
Алілуя!

Христе, Ти Істина наша,
Світлом Твого Воскресіння
Просвіти серця.
Надія в Тобі безмежна,
В День Пасхальний
Повні щастя небо і земля.

Приспів.

Христе, Ти є Життя наше,
Дав нам участь в таємниці
Свого божества.
Любов''ю Святої Трійці
В безвечірній день
Ввійдемо в радість торжества.

Приспів.','["pisni.org.ua", "cat:cerkovni", "cat:voskresni", "Церковні пісні", "Воскресні пісні"]',1,'published',COALESCE((SELECT created_at FROM songs WHERE id='pisniua_2295063'), datetime('now')),datetime('now'));
INSERT OR REPLACE INTO songs_fts(song_id,title,lyrics) VALUES ('pisniua_2295063','Алілуя! Христос воскрес!','Христе, Ти Дорога наша!
Збережи і приведи нас
В дім Твого Отця.
Вірим в Твоє милосердя,
В день останній воскресиш
До вічного життя.

Приспів:
Алілуя! Христос воскрес,
Останній ворог - смерть -
Не має влади над життям.
Ісусе, Ти Священик,
Святий Жертовний Агнець,
Ти наша Пасха, Христе!
Алілуя!

Христе, Ти Істина наша,
Світлом Твого Воскресіння
Просвіти серця.
Надія в Тобі безмежна,
В День Пасхальний
Повні щастя небо і земля.

Приспів.

Христе, Ти є Життя наше,
Дав нам участь в таємниці
Свого божества.
Любов''ю Святої Трійці
В безвечірній день
Ввійдемо в радість торжества.

Приспів.');
INSERT OR REPLACE INTO songs (id,title,subtitle,lang,country,period,year,source,notes,lyrics,tags_json,lang_locked,status,created_at,updated_at) VALUES ('pisniua_2295369','Многа літа Вам бажаємо','Українська народна пісня','uk','ukraine_before_1917',NULL,NULL,NULL,NULL,'В нашім серці є мелодія,
В нашім серці є хвала,
В нашім серці є подяка
За дар вашого життя.

Приспів:
Многа літа Вам бажаємо!
Многа літа від душі!
Хай Вам сонце усміхається,
Коли падають дощі!

А якщо гроза настане,
Щоб спинити Вас в путі -
То нехай Христос із Вами
Завжди йтиме у житті!

Приспів.

Хай Ісус Вам помагає
Кожен день і кожен час
І повсюди буде з Вами
Матір Божа й ангел Ваш!

Приспів.

Хай Вам завжди світить сонечко,
Буде спокій у душі,
Зичим Вам всього найкращого
І щасливих днів в житті!

Приспів.','["pisni.org.ua", "cat:christian", "cat:pro-batkiv", "Пісні на християнську тематику", "Пісні про любов до батьків"]',1,'published',COALESCE((SELECT created_at FROM songs WHERE id='pisniua_2295369'), datetime('now')),datetime('now'));
INSERT OR REPLACE INTO songs_fts(song_id,title,lyrics) VALUES ('pisniua_2295369','Многа літа Вам бажаємо','В нашім серці є мелодія,
В нашім серці є хвала,
В нашім серці є подяка
За дар вашого життя.

Приспів:
Многа літа Вам бажаємо!
Многа літа від душі!
Хай Вам сонце усміхається,
Коли падають дощі!

А якщо гроза настане,
Щоб спинити Вас в путі -
То нехай Христос із Вами
Завжди йтиме у житті!

Приспів.

Хай Ісус Вам помагає
Кожен день і кожен час
І повсюди буде з Вами
Матір Божа й ангел Ваш!

Приспів.

Хай Вам завжди світить сонечко,
Буде спокій у душі,
Зичим Вам всього найкращого
І щасливих днів в житті!

Приспів.');
INSERT OR REPLACE INTO song_links (id,song_id,title,url,kind,version_id,sort_order) VALUES ('pisniua_2295369_l1','pisniua_2295369','YouTube','https://www.youtube.com/watch?v=B8nMeC8fmqY','video',NULL,1);
INSERT OR REPLACE INTO songs (id,title,subtitle,lang,country,period,year,source,notes,lyrics,tags_json,lang_locked,status,created_at,updated_at) VALUES ('pisniua_2295797','Українці','Музика: Володимир Будейчук Слова: Ірина Зінковська. Виконує: Ірина Зінковська','uk','ukraine_1991',NULL,NULL,'авторське подання',NULL,'У вишиванці в свята й будні
Моя Вкраїна хай цвіте.
Тут мудрі і веселі люди -
Таких немає більш ніде.
Гуцули, бойки, подоляни
І відчайдушні козаки,
Поважні, ґречні галичани -
Мої ви любі земляки!

Приспів:
Українці, ми - єдина сім''я!
Співуча мова, пшенична земля,
Чиста й ніжна, наче пташка на калині,
Вдячна, що я народилась в Україні!

Волинь, Покуття, Чорне море -
Усі під небом ми одним -
Дунай, Дніпро, бескиди, гори,
Бо Україна - це наш дім.
Дзвенять піснями буковинці -
До Запоріжжя йде луна.
Одна родина - українці,
Це наша рідна сторона.

Приспів','["pisni.org.ua", "cat:patriotic", "Патріотичні пісні"]',1,'published',COALESCE((SELECT created_at FROM songs WHERE id='pisniua_2295797'), datetime('now')),datetime('now'));
INSERT OR REPLACE INTO songs_fts(song_id,title,lyrics) VALUES ('pisniua_2295797','Українці','У вишиванці в свята й будні
Моя Вкраїна хай цвіте.
Тут мудрі і веселі люди -
Таких немає більш ніде.
Гуцули, бойки, подоляни
І відчайдушні козаки,
Поважні, ґречні галичани -
Мої ви любі земляки!

Приспів:
Українці, ми - єдина сім''я!
Співуча мова, пшенична земля,
Чиста й ніжна, наче пташка на калині,
Вдячна, що я народилась в Україні!

Волинь, Покуття, Чорне море -
Усі під небом ми одним -
Дунай, Дніпро, бескиди, гори,
Бо Україна - це наш дім.
Дзвенять піснями буковинці -
До Запоріжжя йде луна.
Одна родина - українці,
Це наша рідна сторона.

Приспів');
INSERT OR REPLACE INTO song_links (id,song_id,title,url,kind,version_id,sort_order) VALUES ('pisniua_2295797_l1','pisniua_2295797','YouTube','https://www.youtube.com/watch?v=4f6qlmcfh_I','video',NULL,1);
INSERT OR REPLACE INTO song_links (id,song_id,title,url,kind,version_id,sort_order) VALUES ('pisniua_2295797_l2','pisniua_2295797','YouTube','https://www.youtube.com/watch?v=yByjPq4zhUA','video',NULL,2);
INSERT OR REPLACE INTO songs (id,title,subtitle,lang,country,period,year,source,notes,lyrics,tags_json,lang_locked,status,created_at,updated_at) VALUES ('pisniua_2297818','Проти Івана сонце іграло','Українська народна пісня','uk','ukraine_before_1917',NULL,NULL,'аудіозапис',NULL,'Проти Івана сонце іграло,
Ой, рано, на Івана.

А де ж воно ночувало?
Ой, рано, на Івана.

Ночувало у Івана.
Ой, рано, на Івана.

А що ж воно вечеряло?
Ой, рано, на Івана.

Вечеряло варенички,
Ой, рано, на Івана.

Варенички з цибулею,
Ой, рано, на Івана.

З цибулею, з чорним маком,
Ой, рано, на Івана.

З чорним маком, з пастернаком,
Ой, рано, на Івана.

І з юшкою, з петрушкою,
Ой, рано, на Івана.','["pisni.org.ua", "cat:kupalski", "Купальські пісні"]',1,'published',COALESCE((SELECT created_at FROM songs WHERE id='pisniua_2297818'), datetime('now')),datetime('now'));
INSERT OR REPLACE INTO songs_fts(song_id,title,lyrics) VALUES ('pisniua_2297818','Проти Івана сонце іграло','Проти Івана сонце іграло,
Ой, рано, на Івана.

А де ж воно ночувало?
Ой, рано, на Івана.

Ночувало у Івана.
Ой, рано, на Івана.

А що ж воно вечеряло?
Ой, рано, на Івана.

Вечеряло варенички,
Ой, рано, на Івана.

Варенички з цибулею,
Ой, рано, на Івана.

З цибулею, з чорним маком,
Ой, рано, на Івана.

З чорним маком, з пастернаком,
Ой, рано, на Івана.

І з юшкою, з петрушкою,
Ой, рано, на Івана.');
INSERT OR REPLACE INTO songs (id,title,subtitle,lang,country,period,year,source,notes,lyrics,tags_json,lang_locked,status,created_at,updated_at) VALUES ('pisniua_2294971','Вівати','(Куди б я не їхала). Українська народна пісня','uk','ukraine_before_1917',NULL,NULL,'Галина Дудар. З глибин джерел народних. Конкурсна робота. Моя батьківщина - Україна. Тернопіль, 2014 р.',NULL,'Куди б я не їхала,
Куди я б не йшла,
Я своїй матері дякувала:
Дякую тобі, моя мамо,
Що будила мене рано,
Більше не будеш, не будеш.

Куди б я не їхала,
Куди б я не йшла,
Я своїм віконцям дякувала:
Дякую вам, віконця,
Що втирала до схід сонця,
Більше не буду, не буду.

Куди б я не їхала,
Куди б я не йшла,
Я своїм порогам дякувала:
Дякую вам, пороги,
Що вбивали босі ноги,
Більше не будуть, не будуть.

Куди б я не їхала,
Куди б я не йшла,
Я своїм воротам дякувала:
Дякую вам, ворота,
Що стояла хлопців рота,
Більше не буде, не буде.','["pisni.org.ua", "cat:vesilni", "Весільні пісні"]',1,'published',COALESCE((SELECT created_at FROM songs WHERE id='pisniua_2294971'), datetime('now')),datetime('now'));
INSERT OR REPLACE INTO songs_fts(song_id,title,lyrics) VALUES ('pisniua_2294971','Вівати','Куди б я не їхала,
Куди я б не йшла,
Я своїй матері дякувала:
Дякую тобі, моя мамо,
Що будила мене рано,
Більше не будеш, не будеш.

Куди б я не їхала,
Куди б я не йшла,
Я своїм віконцям дякувала:
Дякую вам, віконця,
Що втирала до схід сонця,
Більше не буду, не буду.

Куди б я не їхала,
Куди б я не йшла,
Я своїм порогам дякувала:
Дякую вам, пороги,
Що вбивали босі ноги,
Більше не будуть, не будуть.

Куди б я не їхала,
Куди б я не йшла,
Я своїм воротам дякувала:
Дякую вам, ворота,
Що стояла хлопців рота,
Більше не буде, не буде.');
INSERT OR REPLACE INTO songs (id,title,subtitle,lang,country,period,year,source,notes,lyrics,tags_json,lang_locked,status,created_at,updated_at) VALUES ('pisniua_2294828','Ніч чудес','Музика: Михайло Герц Слова: Марія Дребіт','uk','ukraine_1991',NULL,NULL,'Авторське подання',NULL,'Яcкpaві зopі ocвітили небеca
I Mіcяць в Coнця вapту пepeймaє,
Гpуднeвa ніч віщує чудeca,
Бo Mикoлaй в дopoгу виpушaє.

Приспів:
Пoвітpя пepeпoвнeнe Дoбpoм -
Цe дітвopa мoлитви пpoмoвляє,
I, пoділившиcь з Aнгeлoм тeплoм,
Haзуcтpіч чуду душу відкpивaє.

Haпoвнивши гocтинцями мішки,
Bін cpібні кoні в шopи зaпpягaє,
У мpіяx, пpoклaдaючи cтeжки,
Cвятий, у cни дитячі, пocпішaє.

Приспів.

Oтoж, угaмувaвши cepця cтук,
Maлeчa, нa візит oцeй чeкaє;
Лиш cнів, бapвиcтиx, пpoлунaє звук,
У кoжну xaту гіcть цeй зaвітaє.

Приспів','["pisni.org.ua", "cat:svyatyy-mykolay", "Пісні про Святого Миколая"]',1,'published',COALESCE((SELECT created_at FROM songs WHERE id='pisniua_2294828'), datetime('now')),datetime('now'));
INSERT OR REPLACE INTO songs_fts(song_id,title,lyrics) VALUES ('pisniua_2294828','Ніч чудес','Яcкpaві зopі ocвітили небеca
I Mіcяць в Coнця вapту пepeймaє,
Гpуднeвa ніч віщує чудeca,
Бo Mикoлaй в дopoгу виpушaє.

Приспів:
Пoвітpя пepeпoвнeнe Дoбpoм -
Цe дітвopa мoлитви пpoмoвляє,
I, пoділившиcь з Aнгeлoм тeплoм,
Haзуcтpіч чуду душу відкpивaє.

Haпoвнивши гocтинцями мішки,
Bін cpібні кoні в шopи зaпpягaє,
У мpіяx, пpoклaдaючи cтeжки,
Cвятий, у cни дитячі, пocпішaє.

Приспів.

Oтoж, угaмувaвши cepця cтук,
Maлeчa, нa візит oцeй чeкaє;
Лиш cнів, бapвиcтиx, пpoлунaє звук,
У кoжну xaту гіcть цeй зaвітaє.

Приспів');
INSERT OR REPLACE INTO songs (id,title,subtitle,lang,country,period,year,source,notes,lyrics,tags_json,lang_locked,status,created_at,updated_at) VALUES ('pisniua_2295717','Це не любов','Музика: Ігор Татаренко Слова: Ігор Татаренко. Виконує: Міла Нітіч','uk','ukraine_1991',NULL,NULL,'аудіозапис',NULL,'Це не любов, коли від болю серце плаче,
Це не любов, коли крізь сльози я не бачу,
То не любов, коли руйнують твою мрію,
Знай, я кохати так не вмію...
Це не любов, це не любов...

Це не життя, коли з тобою не відверті,
Це не життя, коли без нього хочеш вмерти,
Доля одна, якщо колись судилось небом
Та не тоді, коли так треба,
Це не життя, це не життя...

Я доторкнусь вустами до твоїх долонь
І кожну мить тобі, єдиний, віддаю,
Життя коротке, ми даремно мовчимо,
Я прошепочу ніжно, як тебе люблю!

Я доторкнусь вустами до твоїх долонь,
Тебе ніколи я нікому не віддам!
Життя коротке, ми даремно мовчимо
В той час, коли разом судилось бути нам...

То не біда, коли востаннє обіймаєш,
То не біда, коли назавжди відпускаєш,
То не сльоза, коли її ти не цінуєш,
А потім ще й про це жалкуєш,
То не сльоза, то не сльоза...

То не болить, коли молитися не станеш,
То не болить, якщо у відповідь обманеш,
То не любов, якщо коханню мови досить
В той час, коли так серце просить,
То не любов, то не любов...

Я доторкнусь вустами до твоїх долонь
І кожну мить тобі, єдиний, віддаю,
Життя коротке, ми даремно мовчимо,
Я прошепочу ніжно, як тебе люблю!
Я прошепочу ніжно, як тебе люблю!','["pisni.org.ua", "cat:nostalgia", "Пісні з ностальгічними мотивами"]',1,'published',COALESCE((SELECT created_at FROM songs WHERE id='pisniua_2295717'), datetime('now')),datetime('now'));
INSERT OR REPLACE INTO songs_fts(song_id,title,lyrics) VALUES ('pisniua_2295717','Це не любов','Це не любов, коли від болю серце плаче,
Це не любов, коли крізь сльози я не бачу,
То не любов, коли руйнують твою мрію,
Знай, я кохати так не вмію...
Це не любов, це не любов...

Це не життя, коли з тобою не відверті,
Це не життя, коли без нього хочеш вмерти,
Доля одна, якщо колись судилось небом
Та не тоді, коли так треба,
Це не життя, це не життя...

Я доторкнусь вустами до твоїх долонь
І кожну мить тобі, єдиний, віддаю,
Життя коротке, ми даремно мовчимо,
Я прошепочу ніжно, як тебе люблю!

Я доторкнусь вустами до твоїх долонь,
Тебе ніколи я нікому не віддам!
Життя коротке, ми даремно мовчимо
В той час, коли разом судилось бути нам...

То не біда, коли востаннє обіймаєш,
То не біда, коли назавжди відпускаєш,
То не сльоза, коли її ти не цінуєш,
А потім ще й про це жалкуєш,
То не сльоза, то не сльоза...

То не болить, коли молитися не станеш,
То не болить, якщо у відповідь обманеш,
То не любов, якщо коханню мови досить
В той час, коли так серце просить,
То не любов, то не любов...

Я доторкнусь вустами до твоїх долонь
І кожну мить тобі, єдиний, віддаю,
Життя коротке, ми даремно мовчимо,
Я прошепочу ніжно, як тебе люблю!
Я прошепочу ніжно, як тебе люблю!');
INSERT OR REPLACE INTO song_links (id,song_id,title,url,kind,version_id,sort_order) VALUES ('pisniua_2295717_l1','pisniua_2295717','YouTube','https://www.youtube.com/watch?v=iYa7hQBXCuk','video',NULL,1);
INSERT OR REPLACE INTO songs (id,title,subtitle,lang,country,period,year,source,notes,lyrics,tags_json,lang_locked,status,created_at,updated_at) VALUES ('pisniua_2296919','Матусю рідненька','Музика: В. Гребенюк Слова: Л. Височин','uk','ukraine_1991',NULL,NULL,'підручник "Музичне мистецтво" 3 клас. О. Лобова',NULL,'Матусю рідненька,
Найкраща, єдина,
Щоб ти не хилилась
Ніколи в журбі,
І сонце, і води,
І даль журавлину
Онуки і діти
Дарують тобі.

І в осінь, і взимку,
Весною і влітку,
Щоб щастя й здоров''я
У тебе було.
Уклін тобі, рідна
Матусю-лебідко,
За молодість нашу,
За радість й тепло.','["pisni.org.ua", "cat:pro-batkiv", "Пісні про любов до батьків"]',1,'published',COALESCE((SELECT created_at FROM songs WHERE id='pisniua_2296919'), datetime('now')),datetime('now'));
INSERT OR REPLACE INTO songs_fts(song_id,title,lyrics) VALUES ('pisniua_2296919','Матусю рідненька','Матусю рідненька,
Найкраща, єдина,
Щоб ти не хилилась
Ніколи в журбі,
І сонце, і води,
І даль журавлину
Онуки і діти
Дарують тобі.

І в осінь, і взимку,
Весною і влітку,
Щоб щастя й здоров''я
У тебе було.
Уклін тобі, рідна
Матусю-лебідко,
За молодість нашу,
За радість й тепло.');
INSERT OR REPLACE INTO songs (id,title,subtitle,lang,country,period,year,source,notes,lyrics,tags_json,lang_locked,status,created_at,updated_at) VALUES ('pisniua_229495','А вже років триста як козак в неволі','Українська народна пісня','uk','ukraine_before_1917',NULL,NULL,'Українські релігійні роздуми про Спасіння © Видавництво "Павутинонька", Нью Йорк – Львів – Київ – Харків – Москва, 2003','Українські реліґійні роздуми про Воскресіння, Неволю і Спасіння. Пісні Великодні — Спасительні: світ не по Правді. Пісні-плачі Сокола-Прадіда. Ой Ми зіслані на Признаванє. Нема в світі Правди не зіскати. Господа Милосердного прохали та благали. Гей вийди Доле із Води визволь мене Серденько із біди. А вже років двісті як козак в неволі А вже років двісті як козак у неволі А вже років триста як козак в неволі Вже більше літ двісті як козак в неволі Уже років з двісті як козак в неволі У Чистому Степу собі Живности доставати. Листки з приводу цієї Пісні: Українські реліґійні роздуми про Неволю та Спасіння Еротичні містерії, тиждень від Катерини 7.12 до Калети. Доля. Св. Микола 19.12 – Народний речник перед Богом і Прадід. Рокове Коло. Стежки до листків про Українські традиції. Висловлювання: Світ Правди засвітить. Церков-домовина Розвалиться... і з-під неї Встане Україна. І розвіє тьму Неволі, Світ Правди засвітить, І помоляться на Волі Невольничі діти!.. — Тарас Шевченко (http://poetry.uazone.net/kobzar)','А вже років триста як козак в неволі
Понад Дніпром ходить викликає Долю
Гей вийди Доле із води визволь мене Серденько із біди | (2)

А вона йому відповідає (говориться):

Не вийду козаче не вийду соколе
Бо ти добре знаєш що я у неволі
Гей у неволі у ярмі під турецьким караулом у Москві   | (2)','["pisni.org.ua", "cat:suspilno-politychni", "Суспільно-політичні пісні"]',1,'published',COALESCE((SELECT created_at FROM songs WHERE id='pisniua_229495'), datetime('now')),datetime('now'));
INSERT OR REPLACE INTO songs_fts(song_id,title,lyrics) VALUES ('pisniua_229495','А вже років триста як козак в неволі','А вже років триста як козак в неволі
Понад Дніпром ходить викликає Долю
Гей вийди Доле із води визволь мене Серденько із біди | (2)

А вона йому відповідає (говориться):

Не вийду козаче не вийду соколе
Бо ти добре знаєш що я у неволі
Гей у неволі у ярмі під турецьким караулом у Москві   | (2)');
INSERT OR REPLACE INTO song_links (id,song_id,title,url,kind,version_id,sort_order) VALUES ('pisniua_229495_l1','pisniua_229495','YouTube','https://www.youtube.com/watch?v=ZfwVbA7pzQM','video',NULL,1);
INSERT OR REPLACE INTO song_links (id,song_id,title,url,kind,version_id,sort_order) VALUES ('pisniua_229495_l2','pisniua_229495','Переглянути варіанти >>','https://www.pisni.org.ua/#variants','external',NULL,2);
INSERT OR REPLACE INTO songs (id,title,subtitle,lang,country,period,year,source,notes,lyrics,tags_json,lang_locked,status,created_at,updated_at) VALUES ('pisniua_2295111','Воскреслий Бог',NULL,'uk','ukraine_1991',NULL,NULL,'християнський пісенник',NULL,'Ягнятко безмовне, Ягнятко забите,
Нас урятував з неволі цього світу.
Ганьбою вкрив смерть, наша Пасха,
Відкрив нам життя, нас вивів зі смерті.

Приспів:
Серед нас зацарював воскреслий Бог,
Всемогутній Цар явив нам міць свою.
Квітне хрест і береже мене.
Роздає життя Господь Ісус.

Авель убитий, Ісак полонений,
Зневажений Яків і зраджений Йосиф,
Народжений в Діві, ніжній ягнички,
Принесений в жертву встає нині з мертвих.

Приспів.

З неба сходить наше терпіння,
Щоби провести нас із темряви в світло.
Взятий зі стада, на хресті розіп''ятий,
Позначив нас Духом, Кров''ю зміцнив.

Приспів.','["pisni.org.ua", "cat:voskresni", "Воскресні пісні"]',1,'published',COALESCE((SELECT created_at FROM songs WHERE id='pisniua_2295111'), datetime('now')),datetime('now'));
INSERT OR REPLACE INTO songs_fts(song_id,title,lyrics) VALUES ('pisniua_2295111','Воскреслий Бог','Ягнятко безмовне, Ягнятко забите,
Нас урятував з неволі цього світу.
Ганьбою вкрив смерть, наша Пасха,
Відкрив нам життя, нас вивів зі смерті.

Приспів:
Серед нас зацарював воскреслий Бог,
Всемогутній Цар явив нам міць свою.
Квітне хрест і береже мене.
Роздає життя Господь Ісус.

Авель убитий, Ісак полонений,
Зневажений Яків і зраджений Йосиф,
Народжений в Діві, ніжній ягнички,
Принесений в жертву встає нині з мертвих.

Приспів.

З неба сходить наше терпіння,
Щоби провести нас із темряви в світло.
Взятий зі стада, на хресті розіп''ятий,
Позначив нас Духом, Кров''ю зміцнив.

Приспів.');
INSERT OR REPLACE INTO songs (id,title,subtitle,lang,country,period,year,source,notes,lyrics,tags_json,lang_locked,status,created_at,updated_at) VALUES ('pisniua_229616','Пішов Молодець в Темний Лїсочок','Українська народна пісня','uk','ukraine_before_1917',NULL,NULL,'Староукраїнські релігійні роздуми про Бога © Видавництво "Павутинонька", Нью Йорк – Львів – Київ – Харків – Москва, 2004','Пішов Молодець в Темний Лїсочок — Колядки-Щедрівки: Українські Різдво Світа і Щедрий Вечір. Були Світилки Яснії Зірки. Не гинь Миленький дам Ти Радоньку. Воскресіння в Парі. Пішов Молодець в Темний Лїсочок Піду в Садочок нарву Квіточок Займив Молодець Коня до Води Івана Купала тай в Воду упала. Читати листки, де є згадка з приводу цієї Пісні: Передріздвяний Святочний час: Упереджуючі знаки, Михайла 21.11. Українське Свято Воведення 4.12 - Передріздвяний Святочний час. Стежки до інших листків про Українські традиції.','Пішов (такий то) в Темний Лїсочок
Приспів: Там сам я! Там сам я Молод

В Темнім Лїсочку в Жовтім Пісочку загину !*

Війшов до Него Батенько Єго
Не гинь Синоньку дам ти Радоньку
Війшла до Него Матїнька Єго
Не гинь Синоньку дам ти Радоньку
Війшов до Него Братенько Єго
Не гинь Братеньку дам ти Радоньку
Війшла до него Сестронька Єго
Не гинь Братеньку дам ти Радоньку

Війшла до него Миленька Єго
Не гинь Миленький дам ти Радоньку
Взєла Миленька Милого свого
Привела єго аж до Домоньку','["pisni.org.ua", "cat:halycki", "Пісні з Галичини"]',1,'published',COALESCE((SELECT created_at FROM songs WHERE id='pisniua_229616'), datetime('now')),datetime('now'));
INSERT OR REPLACE INTO songs_fts(song_id,title,lyrics) VALUES ('pisniua_229616','Пішов Молодець в Темний Лїсочок','Пішов (такий то) в Темний Лїсочок
Приспів: Там сам я! Там сам я Молод

В Темнім Лїсочку в Жовтім Пісочку загину !*

Війшов до Него Батенько Єго
Не гинь Синоньку дам ти Радоньку
Війшла до Него Матїнька Єго
Не гинь Синоньку дам ти Радоньку
Війшов до Него Братенько Єго
Не гинь Братеньку дам ти Радоньку
Війшла до него Сестронька Єго
Не гинь Братеньку дам ти Радоньку

Війшла до него Миленька Єго
Не гинь Миленький дам ти Радоньку
Взєла Миленька Милого свого
Привела єго аж до Домоньку');
INSERT OR REPLACE INTO songs (id,title,subtitle,lang,country,period,year,source,notes,lyrics,tags_json,lang_locked,status,created_at,updated_at) VALUES ('pisniua_2297461','Там у полі криниченька','Українська народна пісня','uk','ukraine_before_1917',NULL,NULL,'аудіозапис',NULL,'Там у полі криниченька,
Навколо пшениченька.
Там женчики жали,
Золоті серпи мали,
Срібнії юрочки,
Що в''язали снопочки.

Добрії були женці -
Дівчата й молодиці.
Дівчата — косаті,
А хлопці — вусаті,
Молодиці — білолиці.','["pisni.org.ua", "cat:obzhynkovi", "Обжинкові пісні"]',1,'published',COALESCE((SELECT created_at FROM songs WHERE id='pisniua_2297461'), datetime('now')),datetime('now'));
INSERT OR REPLACE INTO songs_fts(song_id,title,lyrics) VALUES ('pisniua_2297461','Там у полі криниченька','Там у полі криниченька,
Навколо пшениченька.
Там женчики жали,
Золоті серпи мали,
Срібнії юрочки,
Що в''язали снопочки.

Добрії були женці -
Дівчата й молодиці.
Дівчата — косаті,
А хлопці — вусаті,
Молодиці — білолиці.');
INSERT OR REPLACE INTO songs (id,title,subtitle,lang,country,period,year,source,notes,lyrics,tags_json,lang_locked,status,created_at,updated_at) VALUES ('pisniua_2297675','А-а! Коти з''їли барана','Українська народна пісня','uk','ukraine_before_1917',NULL,NULL,'аудіозапис',NULL,'А-а! Коти з''їли барана,
А ягничку — пси, пси,
Ти, дитино, спи, спи.
А-а! А-а!

А-а! Коти з''їли барана,
А ягничку — пси, пси,
Ти, дитино, спи, спи.
А-а! А-а!

Ти, дитино, спи, спи.
А-а! А-а!','["pisni.org.ua", "cat:kolyskovi", "Колискові"]',1,'published',COALESCE((SELECT created_at FROM songs WHERE id='pisniua_2297675'), datetime('now')),datetime('now'));
INSERT OR REPLACE INTO songs_fts(song_id,title,lyrics) VALUES ('pisniua_2297675','А-а! Коти з''їли барана','А-а! Коти з''їли барана,
А ягничку — пси, пси,
Ти, дитино, спи, спи.
А-а! А-а!

А-а! Коти з''їли барана,
А ягничку — пси, пси,
Ти, дитино, спи, спи.
А-а! А-а!

Ти, дитино, спи, спи.
А-а! А-а!');
INSERT OR REPLACE INTO songs (id,title,subtitle,lang,country,period,year,source,notes,lyrics,tags_json,lang_locked,status,created_at,updated_at) VALUES ('pisniua_2297828','Купайло, Купайло!','Українська народна пісня','uk','ukraine_before_1917',NULL,NULL,'аудіозапис',NULL,'Купайло, Купайло!
Де ти зимувало?

Зимувало в лісі,
Ночувало в стрісі,

Зимувало в пір''ячку,
Літувало в зіллячку.','["pisni.org.ua", "cat:kupalski", "Купальські пісні"]',1,'published',COALESCE((SELECT created_at FROM songs WHERE id='pisniua_2297828'), datetime('now')),datetime('now'));
INSERT OR REPLACE INTO songs_fts(song_id,title,lyrics) VALUES ('pisniua_2297828','Купайло, Купайло!','Купайло, Купайло!
Де ти зимувало?

Зимувало в лісі,
Ночувало в стрісі,

Зимувало в пір''ячку,
Літувало в зіллячку.');
INSERT OR REPLACE INTO songs (id,title,subtitle,lang,country,period,year,source,notes,lyrics,tags_json,lang_locked,status,created_at,updated_at) VALUES ('pisniua_2298414','Нам пощастить','Музика: Тартак, Танок на майдані Конго, Діана Месс, Хорта Слова: Тартак, Танок на майдані Конго, Діана Месс, Хорта. Виконує: Тартак, Танок на майдані Конго, Діана Месс','uk','ukraine_1991',NULL,NULL,'аудіозапис',NULL,'Щоб не відбулось, не плач, так влаштовані люди,
На жаль, по-іншому не буде, все пройде, не плач...
Просто пробач, повір, час їх засудить,
А люди це лише люди, кожен з нас своє обирає.
Хтось образу ковтає разом із медовухою,
А інші чують душею за завірюхою,
І їм не потрібні ні трава, ні горілка,
Як в порожній електричці заплаче сопілка.
І ця сопілка пам''ятає всіх, хто не зміг повернутись,
Вони знають шлях хвилі, щоб берега доторкнутись,
Вони чують як вітер колисає кульбабки
І знають де і як треба ставити крапки.
Вони не мають ніякого "над" привілею,
Вони просто володіють живою душею,
Вони допоможуть, якщо болить,
І щиро вірять: Нам пощастить!..

Приспів:
І знов час вітряним птахом,
Крилом в небі над дахом,
Бувай, чекай!..
Нехай дощем цілованой аркою,
Старою мольфаркою
Пішов у парк останній трамвай,
А ти знай, дома буде за троє,
Коли нас не двоє
Та кожну прожиту мить серце болить...
Крізь засади й досади,
Гіркоту і зради воно шепотить:
Нам пощастить!

Друже, щось не дуже... Схоже занедужав...
Січень запросив пірнути у свої калюжі,
Зараз все незвично, якось не туди,
Ми всі збирались жити вічно, писали про завжди!
Назавжди про любов - і пролетіли,
За хмарами нам сяяли примари,
Але у тих, хто запускав нас на орбіти,
Були свої резони: кому і скільки бути тут.
І позлітали, летючі, як тарілки,
Тучок, коли ми на кумарі - Божі тварі,
І на цьому веселому сафарі:
То ми їх полювали, то полювали нас!
Але от би надали душі спробу пірнути знову,
І із утроби віддати ще булий запас тепла -
Мама, що тобі дала - собі нічого не лишити.
Шкода, що ті, хто йдуть
Лише і знають, як жити, жити!..

Приспів. (2)','["pisni.org.ua", "cat:devoted", "Пісні присвячені окремим особам"]',1,'published',COALESCE((SELECT created_at FROM songs WHERE id='pisniua_2298414'), datetime('now')),datetime('now'));
INSERT OR REPLACE INTO songs_fts(song_id,title,lyrics) VALUES ('pisniua_2298414','Нам пощастить','Щоб не відбулось, не плач, так влаштовані люди,
На жаль, по-іншому не буде, все пройде, не плач...
Просто пробач, повір, час їх засудить,
А люди це лише люди, кожен з нас своє обирає.
Хтось образу ковтає разом із медовухою,
А інші чують душею за завірюхою,
І їм не потрібні ні трава, ні горілка,
Як в порожній електричці заплаче сопілка.
І ця сопілка пам''ятає всіх, хто не зміг повернутись,
Вони знають шлях хвилі, щоб берега доторкнутись,
Вони чують як вітер колисає кульбабки
І знають де і як треба ставити крапки.
Вони не мають ніякого "над" привілею,
Вони просто володіють живою душею,
Вони допоможуть, якщо болить,
І щиро вірять: Нам пощастить!..

Приспів:
І знов час вітряним птахом,
Крилом в небі над дахом,
Бувай, чекай!..
Нехай дощем цілованой аркою,
Старою мольфаркою
Пішов у парк останній трамвай,
А ти знай, дома буде за троє,
Коли нас не двоє
Та кожну прожиту мить серце болить...
Крізь засади й досади,
Гіркоту і зради воно шепотить:
Нам пощастить!

Друже, щось не дуже... Схоже занедужав...
Січень запросив пірнути у свої калюжі,
Зараз все незвично, якось не туди,
Ми всі збирались жити вічно, писали про завжди!
Назавжди про любов - і пролетіли,
За хмарами нам сяяли примари,
Але у тих, хто запускав нас на орбіти,
Були свої резони: кому і скільки бути тут.
І позлітали, летючі, як тарілки,
Тучок, коли ми на кумарі - Божі тварі,
І на цьому веселому сафарі:
То ми їх полювали, то полювали нас!
Але от би надали душі спробу пірнути знову,
І із утроби віддати ще булий запас тепла -
Мама, що тобі дала - собі нічого не лишити.
Шкода, що ті, хто йдуть
Лише і знають, як жити, жити!..

Приспів. (2)');
INSERT OR REPLACE INTO song_links (id,song_id,title,url,kind,version_id,sort_order) VALUES ('pisniua_2298414_l1','pisniua_2298414','YouTube','https://www.youtube.com/watch?v=XXHSJMpRgwE','video',NULL,1);
INSERT OR REPLACE INTO songs (id,title,subtitle,lang,country,period,year,source,notes,lyrics,tags_json,lang_locked,status,created_at,updated_at) VALUES ('pisniua_2298512','Ніжно, не ніжно','Музика: Андрій Підлужний Слова: Андрій Підлужний. Виконує: Андрій Кузьменко, Скрябін','uk','ukraine_1991',NULL,NULL,'аудіозапис',NULL,'Заплакана... Не було більше сил
Повірити у то, що я просив...
Налякана, рахуєш свої дні
В календарі на стіні...
Сховалася у сигаретний дим,
Хотілося летіти разом з ним,
Забути смак солодкої брехні,
Розлитої вином в душі...

Приспів:
Ніжно, не ніжно,  |
Але люби!..       |
Ніжно, не ніжно - |
Перетерпи...      | (2)

Запалена свічка на столі
Розкидає ліниві тіні по мені,
Лікує час, але не повертає дні
В календарі на стіні...

Приспів. (2)','["pisni.org.ua", "cat:nostalgia", "Пісні з ностальгічними мотивами"]',1,'published',COALESCE((SELECT created_at FROM songs WHERE id='pisniua_2298512'), datetime('now')),datetime('now'));
INSERT OR REPLACE INTO songs_fts(song_id,title,lyrics) VALUES ('pisniua_2298512','Ніжно, не ніжно','Заплакана... Не було більше сил
Повірити у то, що я просив...
Налякана, рахуєш свої дні
В календарі на стіні...
Сховалася у сигаретний дим,
Хотілося летіти разом з ним,
Забути смак солодкої брехні,
Розлитої вином в душі...

Приспів:
Ніжно, не ніжно,  |
Але люби!..       |
Ніжно, не ніжно - |
Перетерпи...      | (2)

Запалена свічка на столі
Розкидає ліниві тіні по мені,
Лікує час, але не повертає дні
В календарі на стіні...

Приспів. (2)');
INSERT OR REPLACE INTO song_links (id,song_id,title,url,kind,version_id,sort_order) VALUES ('pisniua_2298512_l1','pisniua_2298512','YouTube','https://www.youtube.com/watch?v=_YRgcokL5eI','video',NULL,1);
INSERT OR REPLACE INTO songs (id,title,subtitle,lang,country,period,year,source,notes,lyrics,tags_json,lang_locked,status,created_at,updated_at) VALUES ('pisniua_229798','Ой позволь Пан Хазяїн нам Колядочку сказать','Українська народна пісня. Виконує: Тріо Либідь, Олександр Гаркавий','uk','ukraine_before_1917',NULL,NULL,'1. Староукраїнські релігійні роздуми про Бога © Видавництво "Павутинонька", Нью Йорк – Львів – Київ – Харків – Москва, 2004 2. Щедрий вечір. Українські народні пісні. Упор. та передм. Н.Д.Якименко. - К.: Музична Україна, 1989. - 192 с.','Колядка стародавня: Українське Різдво Світа. Піди принеси Святе Різдво. А на тім же Cтовпі сидить Птиця-Орел. Сидять Святі з Перами промовляють Cловами. Листки з приводу цієї Пісні: Передріздвяний Святочний час: Упереджуючі знаки, Михайла 21.11. Українське Свято Воведення 4.12 - Передріздвяний Святочний час. Стежки до листків про Українські традиції.','Ой позволь Пан Хазяїн нам Колядочку сказать
Свят-Свят Свят Вечір нам Колядочку сказать
І весь Світ звеселять  Свят Вечір

Навкруги Твого Двора та Залізнії Тина
Свят-Свят Свят Вечір навкруги Твого Двора
Та Залізнії Тина Свят Вечір

Посеред Твого Двора стоїть Стовп Золотий
Свят-Свят Свят Вечір  посеред Твого Двора
Стоїть Cтовп Золотий Свят Вечір

А на тім же Cтовпі сидить Птиця-Орел
Свят-Свят Свят Вечір  а на тім же Cтовпі
Сидить Птиця-Орел Свят Вечір

А по тім же Дворі Пан Хазяїн походжа
Свят-Свят Свят Вечір  а по тім же Дворі
Пан Хазяїн походжа Свят Вечір','["pisni.org.ua", "cat:shchedrivky", "Щедрівки"]',1,'published',COALESCE((SELECT created_at FROM songs WHERE id='pisniua_229798'), datetime('now')),datetime('now'));
INSERT OR REPLACE INTO songs_fts(song_id,title,lyrics) VALUES ('pisniua_229798','Ой позволь Пан Хазяїн нам Колядочку сказать','Ой позволь Пан Хазяїн нам Колядочку сказать
Свят-Свят Свят Вечір нам Колядочку сказать
І весь Світ звеселять  Свят Вечір

Навкруги Твого Двора та Залізнії Тина
Свят-Свят Свят Вечір навкруги Твого Двора
Та Залізнії Тина Свят Вечір

Посеред Твого Двора стоїть Стовп Золотий
Свят-Свят Свят Вечір  посеред Твого Двора
Стоїть Cтовп Золотий Свят Вечір

А на тім же Cтовпі сидить Птиця-Орел
Свят-Свят Свят Вечір  а на тім же Cтовпі
Сидить Птиця-Орел Свят Вечір

А по тім же Дворі Пан Хазяїн походжа
Свят-Свят Свят Вечір  а по тім же Дворі
Пан Хазяїн походжа Свят Вечір');
INSERT OR REPLACE INTO song_links (id,song_id,title,url,kind,version_id,sort_order) VALUES ('pisniua_229798_l1','pisniua_229798','YouTube','https://www.youtube.com/watch?v=ETu7PXkt4fY','video',NULL,1);
INSERT OR REPLACE INTO songs (id,title,subtitle,lang,country,period,year,source,notes,lyrics,tags_json,lang_locked,status,created_at,updated_at) VALUES ('pisniua_2296993','Гори наші веселенькі','Українська народна пісня','uk','ukraine_before_1917',NULL,NULL,'аудіозапис',NULL,'Гори наші веселенькі,
Груні з ємочьками,
Накриєм вас, ридні гори,
Ми співаночьками!

Гори наші веселенькі,
На вас сонце гріє,
Росте трава зелененька
Цвіточьок леліє.

Росте трава зелененька,
В глибокім потоці,
З єгидочьок - малиночьок
Витьискаєм сокьи.

Єгидочькьи - малиночькьи,
Афини чьорньенькі,
Напиймоси цего соку,
Пишні - молоденькі!

Напиймоси цего соку
Єкьий солодьенькьий,
Подивітси на Гуцулів,
Єкі ми файньенькі!

Подивітси на Гуцулів,
На Гуцульску вроду,
Бо Гуцули файні людьи
Мудрого Народу!','["pisni.org.ua", "cat:huculski", "Гуцульські пісні"]',1,'published',COALESCE((SELECT created_at FROM songs WHERE id='pisniua_2296993'), datetime('now')),datetime('now'));
INSERT OR REPLACE INTO songs_fts(song_id,title,lyrics) VALUES ('pisniua_2296993','Гори наші веселенькі','Гори наші веселенькі,
Груні з ємочьками,
Накриєм вас, ридні гори,
Ми співаночьками!

Гори наші веселенькі,
На вас сонце гріє,
Росте трава зелененька
Цвіточьок леліє.

Росте трава зелененька,
В глибокім потоці,
З єгидочьок - малиночьок
Витьискаєм сокьи.

Єгидочькьи - малиночькьи,
Афини чьорньенькі,
Напиймоси цего соку,
Пишні - молоденькі!

Напиймоси цего соку
Єкьий солодьенькьий,
Подивітси на Гуцулів,
Єкі ми файньенькі!

Подивітси на Гуцулів,
На Гуцульску вроду,
Бо Гуцули файні людьи
Мудрого Народу!');
INSERT OR REPLACE INTO song_links (id,song_id,title,url,kind,version_id,sort_order) VALUES ('pisniua_2296993_l1','pisniua_2296993','YouTube','https://www.youtube.com/watch?v=cyUYPHRUlxk','video',NULL,1);
INSERT OR REPLACE INTO songs (id,title,subtitle,lang,country,period,year,source,notes,lyrics,tags_json,lang_locked,status,created_at,updated_at) VALUES ('pisniua_22993','Засвистали козаченьки','(Засвіт встали козаченьки). Українська народна пісня. Виконує: Соколи, Іван Мацялко, Рушничок','uk','ukraine_before_1917',NULL,NULL,'1. Українські пісні / Уклад. О. В. Зав’язкін.– Донецьк: ТОВ ВКФ "БАО", 2003.– 512 с. 2. webmaster (pisni.org.ua)','Перший (основний) варіант тексту подано за джерелом 1. Акорди записано з пам''яті. Підбір акордів: bohdanko (pisni.org.ua)','Засвистали козаченьки
В похід з полуно_  чі,-
Виплакала Марусенька
Свої ясні очі.

Не плач, не плач, Марусенько,
Не плач не журися
Та за свого миленького
Богу помолися.

Стоїть місяць над горою,
Та сонця немає...
Мати сина в доріженьку
Слізно проводжає:

"Іди, іди, мій синочку,
Та й не забавляйся,
За чотири неділеньки
Додому вертайся!"

"Ой, рад би я, матусенько,
Скоріше вернуться,
Та вже щось мій вороненький
В воротях спіткнувся.

Ой, Бог знає, коли вернусь,
В якую годину;
Прийми ж мою Марусенку
За свою дитину!"

"Ой, рада б я Марусеньку
За рідну прийняти,
Та чи буде ж вона мене,
Сину, шанувати?"

"Ой, не плачте, не журітесь,
В тугу не вдавайтесь:
Заграв кінь мій вороненький -
Назад сподівайтесь!"

Варіант тексту 2:

Засвіт встали козаченьки
В похід з полуночі;
Виплакала Марусенька
Свої карі очі.

Не плач, не плач, Марусенько,
Не плач не журися,
А за свого миленького
Богу помолися.

Стоїть місяць над горою,
Та сонця немає;
Мати сина в дороженьку
Слізно проводжає.

Прощай милий мій синочку!
Та не забавляйся!
За чотири неділеньки
Додому вертайся!

Ой, рад би я, матусенько,
Скоріше вернуться, -
Та вже щось мій вороненький
В воротах спіткнувся.

Ой, Бог знає, коли вернуся,
В якую годину;
Прийми ж мою Марусенку
За свою дитину!

Прийми її, матусенько,
Всі ми в Божій волі.
Бо хто знає, чи жив вернуся,
Чи ляжу на полі?

Ой рада б я Марусеньку
За рідну прийняти,
Та чи буде ж вона мене,
Сину, шанувати?

Ой, не плачте, не журіться.
В тугу не вдавайтесь.
Заграв кінь мій вороненький,
Назад сподівайтесь.','["pisni.org.ua", "cat:lirychni", "cat:narodni", "cat:patriotic", "Пісні про кохання, ліричні", "Народні пісні", "Патріотичні пісні"]',1,'published',COALESCE((SELECT created_at FROM songs WHERE id='pisniua_22993'), datetime('now')),datetime('now'));
INSERT OR REPLACE INTO songs_fts(song_id,title,lyrics) VALUES ('pisniua_22993','Засвистали козаченьки','Засвистали козаченьки
В похід з полуно_  чі,-
Виплакала Марусенька
Свої ясні очі.

Не плач, не плач, Марусенько,
Не плач не журися
Та за свого миленького
Богу помолися.

Стоїть місяць над горою,
Та сонця немає...
Мати сина в доріженьку
Слізно проводжає:

"Іди, іди, мій синочку,
Та й не забавляйся,
За чотири неділеньки
Додому вертайся!"

"Ой, рад би я, матусенько,
Скоріше вернуться,
Та вже щось мій вороненький
В воротях спіткнувся.

Ой, Бог знає, коли вернусь,
В якую годину;
Прийми ж мою Марусенку
За свою дитину!"

"Ой, рада б я Марусеньку
За рідну прийняти,
Та чи буде ж вона мене,
Сину, шанувати?"

"Ой, не плачте, не журітесь,
В тугу не вдавайтесь:
Заграв кінь мій вороненький -
Назад сподівайтесь!"

Варіант тексту 2:

Засвіт встали козаченьки
В похід з полуночі;
Виплакала Марусенька
Свої карі очі.

Не плач, не плач, Марусенько,
Не плач не журися,
А за свого миленького
Богу помолися.

Стоїть місяць над горою,
Та сонця немає;
Мати сина в дороженьку
Слізно проводжає.

Прощай милий мій синочку!
Та не забавляйся!
За чотири неділеньки
Додому вертайся!

Ой, рад би я, матусенько,
Скоріше вернуться, -
Та вже щось мій вороненький
В воротах спіткнувся.

Ой, Бог знає, коли вернуся,
В якую годину;
Прийми ж мою Марусенку
За свою дитину!

Прийми її, матусенько,
Всі ми в Божій волі.
Бо хто знає, чи жив вернуся,
Чи ляжу на полі?

Ой рада б я Марусеньку
За рідну прийняти,
Та чи буде ж вона мене,
Сину, шанувати?

Ой, не плачте, не журіться.
В тугу не вдавайтесь.
Заграв кінь мій вороненький,
Назад сподівайтесь.');
INSERT OR REPLACE INTO song_links (id,song_id,title,url,kind,version_id,sort_order) VALUES ('pisniua_22993_l1','pisniua_22993','YouTube','https://www.youtube.com/watch?v=M2Qc3Qhtu6M','video',NULL,1);
INSERT OR REPLACE INTO song_links (id,song_id,title,url,kind,version_id,sort_order) VALUES ('pisniua_22993_l2','pisniua_22993','YouTube','https://www.youtube.com/watch?v=MTQ32tMs53c','video',NULL,2);
INSERT OR REPLACE INTO song_links (id,song_id,title,url,kind,version_id,sort_order) VALUES ('pisniua_22993_l3','pisniua_22993','YouTube','https://www.youtube.com/watch?v=f_Ky4P76Lig','video',NULL,3);
INSERT OR REPLACE INTO song_links (id,song_id,title,url,kind,version_id,sort_order) VALUES ('pisniua_22993_l4','pisniua_22993','Переглянути варіанти >>','https://www.pisni.org.ua/#variants','external',NULL,4);
INSERT OR REPLACE INTO songs (id,title,subtitle,lang,country,period,year,source,notes,lyrics,tags_json,lang_locked,status,created_at,updated_at) VALUES ('pisniua_2299563','Рідна школа','Музика: Іван Пустовий Слова: Петро Паливода','uk','ukraine_1991',NULL,NULL,'авторське подання',NULL,'Не забуду, мабуть, я ніколи,
Наче скарб, у пам''яті зберіг
Перший день, коли я йшов до школи,
І не чув я під собою ніг.
Так хотів усе на світі знати
Про моря, планети і тварин,
Таємничі землі відкривати,
Мандрувати до чужих країн.

Приспів:
Школа, рідна школа -
Джерело любові,
Хлопчика малого
Мрії веселкові.
На шкільнім подвір''ї
Зустрічі й прощання,
Кличе дзвоник на урок:
Перший та останній.

Як не міг думкам я дати ладу,
Чи не знав чогось, або не вмів,
Подумки летів я на пораду
Знову до своїх учителів.
Школа завжди йде повсюди з нами
Крізь минуле наше й майбуття,
Кожен день складаємо екзамен,
А урок триває все життя.

Приспів','["pisni.org.ua", "cat:shkilni", "Пісні про школу"]',1,'published',COALESCE((SELECT created_at FROM songs WHERE id='pisniua_2299563'), datetime('now')),datetime('now'));
INSERT OR REPLACE INTO songs_fts(song_id,title,lyrics) VALUES ('pisniua_2299563','Рідна школа','Не забуду, мабуть, я ніколи,
Наче скарб, у пам''яті зберіг
Перший день, коли я йшов до школи,
І не чув я під собою ніг.
Так хотів усе на світі знати
Про моря, планети і тварин,
Таємничі землі відкривати,
Мандрувати до чужих країн.

Приспів:
Школа, рідна школа -
Джерело любові,
Хлопчика малого
Мрії веселкові.
На шкільнім подвір''ї
Зустрічі й прощання,
Кличе дзвоник на урок:
Перший та останній.

Як не міг думкам я дати ладу,
Чи не знав чогось, або не вмів,
Подумки летів я на пораду
Знову до своїх учителів.
Школа завжди йде повсюди з нами
Крізь минуле наше й майбуття,
Кожен день складаємо екзамен,
А урок триває все життя.

Приспів');
INSERT OR REPLACE INTO songs (id,title,subtitle,lang,country,period,year,source,notes,lyrics,tags_json,lang_locked,status,created_at,updated_at) VALUES ('pisniua_229920','Ой посієм овес','Українська народна пісня','uk','ukr_ssr_1919_1991',NULL,'1952','Шевченків край: Історико-культурологічні нариси. - К., 2005. С. 454.','Записана у с. Козацьке Звенигородського району Черкаської області від гурту жінок експедицією Інституту мистецтвознавства, фольклору та етнографії АН України 1952 р. Розшифрував Л. Ященко. Пісня з добірки Леопольда Ященка. Інші варіанти цієї пісні: А ми просо сiяли; Ой ми нивку горемо, горемо','Ой посієм овес та й до зерна увесь,
До зерна, до зерна, до зерна й увесь.   |(2)

Ой уродить овес та й до зерна увесь,
До зерна, до зерна, до зерна й увесь.   |(2)

Ой зберемо овес та й до зерна увесь,
До зерна, до зерна, до зерна й увесь.   |(2)

Ой пов''яжем овес та й до зерна увесь,
До зерна, до зерна, до зерна й увесь.   |(2)

Ой змолотим овес та й до зерна увесь,
До зерна, до зерна, до зерна й увесь.   |(2)

Ой звеземо овес та й до зерна увесь,
До зерна, до зерна, до зерна й увесь.   |(2)','["pisni.org.ua", "cat:obzhynkovi", "Обжинкові пісні"]',1,'published',COALESCE((SELECT created_at FROM songs WHERE id='pisniua_229920'), datetime('now')),datetime('now'));
INSERT OR REPLACE INTO songs_fts(song_id,title,lyrics) VALUES ('pisniua_229920','Ой посієм овес','Ой посієм овес та й до зерна увесь,
До зерна, до зерна, до зерна й увесь.   |(2)

Ой уродить овес та й до зерна увесь,
До зерна, до зерна, до зерна й увесь.   |(2)

Ой зберемо овес та й до зерна увесь,
До зерна, до зерна, до зерна й увесь.   |(2)

Ой пов''яжем овес та й до зерна увесь,
До зерна, до зерна, до зерна й увесь.   |(2)

Ой змолотим овес та й до зерна увесь,
До зерна, до зерна, до зерна й увесь.   |(2)

Ой звеземо овес та й до зерна увесь,
До зерна, до зерна, до зерна й увесь.   |(2)');
INSERT OR REPLACE INTO songs (id,title,subtitle,lang,country,period,year,source,notes,lyrics,tags_json,lang_locked,status,created_at,updated_at) VALUES ('pisniua_2297073','Не пий, коню, воду','Українська народна пісня. Виконує: Гудаки','uk','ukraine_before_1917',NULL,NULL,NULL,NULL,'Не пий, коню, воду,
Бо вода не чиста,
Нападало в неї,      |
Нападало в неї       |
Із явора листя.      | (2)

Із явора листя,
А з качечки перце,
Боліло й болить ня,  |
Боліло й болить ня   |
За милою серце.      | (2)

Серце моє, серце,
З каменя твердого
Чом ся не розпукнеш, |
Чом ся не розпукнеш  |
З жалю великого.     | (2)

Жалі мої, жалі,
Скотіться на малі,
Пропадайте од ня,    |
Пропадайте од ня,    |
Як роса на траві.    | (2)

Як росу на траві
Не мож полічити,
Так у нашім селі,    |
Так у нашім селі     |
Нікого любити.       | (2)','["pisni.org.ua", "cat:zakarpatski", "Закарпатські пісні"]',1,'published',COALESCE((SELECT created_at FROM songs WHERE id='pisniua_2297073'), datetime('now')),datetime('now'));
INSERT OR REPLACE INTO songs_fts(song_id,title,lyrics) VALUES ('pisniua_2297073','Не пий, коню, воду','Не пий, коню, воду,
Бо вода не чиста,
Нападало в неї,      |
Нападало в неї       |
Із явора листя.      | (2)

Із явора листя,
А з качечки перце,
Боліло й болить ня,  |
Боліло й болить ня   |
За милою серце.      | (2)

Серце моє, серце,
З каменя твердого
Чом ся не розпукнеш, |
Чом ся не розпукнеш  |
З жалю великого.     | (2)

Жалі мої, жалі,
Скотіться на малі,
Пропадайте од ня,    |
Пропадайте од ня,    |
Як роса на траві.    | (2)

Як росу на траві
Не мож полічити,
Так у нашім селі,    |
Так у нашім селі     |
Нікого любити.       | (2)');
INSERT OR REPLACE INTO song_links (id,song_id,title,url,kind,version_id,sort_order) VALUES ('pisniua_2297073_l1','pisniua_2297073','YouTube','https://www.youtube.com/watch?v=5yem1juVwfg','video',NULL,1);
INSERT OR REPLACE INTO song_links (id,song_id,title,url,kind,version_id,sort_order) VALUES ('pisniua_2297073_l2','pisniua_2297073','YouTube','https://www.youtube.com/watch?v=thMKGjJXgxM','video',NULL,2);
INSERT OR REPLACE INTO songs (id,title,subtitle,lang,country,period,year,source,notes,lyrics,tags_json,lang_locked,status,created_at,updated_at) VALUES ('pisniua_2301797','Пісня про котика Мурчика','Музика: Анна Кривута Слова: Анна Кривута. Виконує: Подих весни','uk','ukraine_1991',NULL,NULL,'аудіозапис',NULL,'Є у мене котеня,
Дуже люблю його я,
Хвостик, вушка й лапки |
Котика-царапки.        | (2)

Приспів:
Мурчик, мяв,
Мурчик, мяв,
Вдень він спав,
Вночі бешкетував,
Як побачив мишку,
То скоріш втікав,
Мурчик, Мурчик, мяв!

Тільки сонечко встає,
Він постати не дає,
Все навколо рветься,   |
Котиться і б''ється.    | (2)

Приспів.

Зі стола ковбаску вкрав,
Пінку з молока злизав,
Вусики вмиває,         |
Хитро поглядає...      | (2)

Приспів.

Неслухняне котеня,
Що робити маю я?..
Як йому збагнути -     |
Чемним треба бути!     | (2)

Приспів.

Сальто вверх і сальто вниз
Може Мурчик - наш артист,
Зробим з нього зірку,
Віддамо до цирку!

Приспів.

Свариться уся сім''я,
Захищаю його я:
Він же нечемненький,
Бо іще маленький.

Приспів. (2)','["pisni.org.ua", "cat:dytyachi", "Дитячі пісні"]',1,'published',COALESCE((SELECT created_at FROM songs WHERE id='pisniua_2301797'), datetime('now')),datetime('now'));
INSERT OR REPLACE INTO songs_fts(song_id,title,lyrics) VALUES ('pisniua_2301797','Пісня про котика Мурчика','Є у мене котеня,
Дуже люблю його я,
Хвостик, вушка й лапки |
Котика-царапки.        | (2)

Приспів:
Мурчик, мяв,
Мурчик, мяв,
Вдень він спав,
Вночі бешкетував,
Як побачив мишку,
То скоріш втікав,
Мурчик, Мурчик, мяв!

Тільки сонечко встає,
Він постати не дає,
Все навколо рветься,   |
Котиться і б''ється.    | (2)

Приспів.

Зі стола ковбаску вкрав,
Пінку з молока злизав,
Вусики вмиває,         |
Хитро поглядає...      | (2)

Приспів.

Неслухняне котеня,
Що робити маю я?..
Як йому збагнути -     |
Чемним треба бути!     | (2)

Приспів.

Сальто вверх і сальто вниз
Може Мурчик - наш артист,
Зробим з нього зірку,
Віддамо до цирку!

Приспів.

Свариться уся сім''я,
Захищаю його я:
Він же нечемненький,
Бо іще маленький.

Приспів. (2)');
INSERT OR REPLACE INTO song_links (id,song_id,title,url,kind,version_id,sort_order) VALUES ('pisniua_2301797_l1','pisniua_2301797','YouTube','https://www.youtube.com/watch?v=FFS-q_aWZ6Y','video',NULL,1);
INSERT OR REPLACE INTO song_links (id,song_id,title,url,kind,version_id,sort_order) VALUES ('pisniua_2301797_l2','pisniua_2301797','YouTube','https://www.youtube.com/watch?v=QNDmzIKsI3U','video',NULL,2);
INSERT OR REPLACE INTO songs (id,title,subtitle,lang,country,period,year,source,notes,lyrics,tags_json,lang_locked,status,created_at,updated_at) VALUES ('pisniua_230226','Розійдися Туманочку Оре Милий із Раночку','Українська народна пісня. Виконує: Веснівка, Черемшина','uk','ukraine_before_1917',NULL,NULL,'Староукраїнські релігійні роздуми про Бога © Видавництво "Павутинонька", Нью Йорк – Львів – Київ – Харків – Москва, 2004','Українське Різдво Світа — Весна Світа. В Чистому Полі Сам Плужок ходить. Буде Тобі Три Дорозі. Читати листки з приводу цієї Пісні: Українське Свято Воведення 4.12 - Передріздвяний Святочний час. Св. Микола 19.12 – Народний речник перед Богом і Прадід. Бог, Різдво Світа, Дідух і Лицарі. Стежки до інших листків про Українські традиції.','Розійдися Туманочку                       | (2)
Розійдися Туманочку Оре Милий із Раночку  | (2)
Оре Милий Мій  у Полі                     | (2)
Оре Милий Мій у Полі на Широкому Роздоллі | (2)
Оре Милий і співає                        | (2)
Оре Милий і співає серце моє завмирає     | (2)
Розійдися Туманочку                       | (2)
Розійдися Туманочку Оре Милий із Раночку  | (2)','["pisni.org.ua", "cat:kolyadky", "cat:krasa-pryrody", "cat:shchedrivky", "cat:vesilni", "cat:vesnyanky-hayivky", "Колядки", "Пісні про красу природи", "Щедрівки", "Весільні пісні", "Веснянки та гаївки"]',1,'published',COALESCE((SELECT created_at FROM songs WHERE id='pisniua_230226'), datetime('now')),datetime('now'));
INSERT OR REPLACE INTO songs_fts(song_id,title,lyrics) VALUES ('pisniua_230226','Розійдися Туманочку Оре Милий із Раночку','Розійдися Туманочку                       | (2)
Розійдися Туманочку Оре Милий із Раночку  | (2)
Оре Милий Мій  у Полі                     | (2)
Оре Милий Мій у Полі на Широкому Роздоллі | (2)
Оре Милий і співає                        | (2)
Оре Милий і співає серце моє завмирає     | (2)
Розійдися Туманочку                       | (2)
Розійдися Туманочку Оре Милий із Раночку  | (2)');
INSERT OR REPLACE INTO song_links (id,song_id,title,url,kind,version_id,sort_order) VALUES ('pisniua_230226_l1','pisniua_230226','YouTube','https://www.youtube.com/watch?v=jsV1GxAKK_0','video',NULL,1);
INSERT OR REPLACE INTO song_links (id,song_id,title,url,kind,version_id,sort_order) VALUES ('pisniua_230226_l2','pisniua_230226','YouTube','https://www.youtube.com/watch?v=H2R3gTTx6C8','video',NULL,2);
INSERT OR REPLACE INTO songs (id,title,subtitle,lang,country,period,year,source,notes,lyrics,tags_json,lang_locked,status,created_at,updated_at) VALUES ('pisniua_2303354','Ударте в крила','Музика: Юрій Пясецький Слова: Марійка Підгірянка','uk','ukraine_1991',NULL,NULL,'аудіозапис',NULL,'Ударте в крила,
Орли ви пластові,
Вгору спрямуйте свій лет -
Над наші гори ті горді, чудові,
Над синій неба намет.

Приспів:
Зір свій здіймайте
На досвітні зорі,
В життя найранішій порі,
Бо з скельних гнізд ви,
З карпатських зворів,
А шлях ваш - гей, угорі.

Ударте в крила -
І пітьма загине,
Зима заміниться в яр.
Злітайте в гору,
Ви - плем''я орлине,
І кличте сонце з-за хмар!

Приспів.','["pisni.org.ua", "cat:plastovi", "Пластові пісні"]',1,'published',COALESCE((SELECT created_at FROM songs WHERE id='pisniua_2303354'), datetime('now')),datetime('now'));
INSERT OR REPLACE INTO songs_fts(song_id,title,lyrics) VALUES ('pisniua_2303354','Ударте в крила','Ударте в крила,
Орли ви пластові,
Вгору спрямуйте свій лет -
Над наші гори ті горді, чудові,
Над синій неба намет.

Приспів:
Зір свій здіймайте
На досвітні зорі,
В життя найранішій порі,
Бо з скельних гнізд ви,
З карпатських зворів,
А шлях ваш - гей, угорі.

Ударте в крила -
І пітьма загине,
Зима заміниться в яр.
Злітайте в гору,
Ви - плем''я орлине,
І кличте сонце з-за хмар!

Приспів.');
INSERT OR REPLACE INTO songs (id,title,subtitle,lang,country,period,year,source,notes,lyrics,tags_json,lang_locked,status,created_at,updated_at) VALUES ('pisniua_2300394','Коли мої друзі зі мною','Музика: Володимир Шаїнський Слова: Михайло Пляцковський','uk','ukraine_1991',NULL,NULL,'аудіозапис',NULL,'Якщо з одним вийшов в шлях,
Якщо з одним вийшов в шлях -
Веселіше дорога!
Без друзів мене - трохи,
Без друзів мене - трохи,
А з друзями багато!

Приспів:
Що мені сніг, що мені спека,
Що мені дощик проливний,
Коли мої друзі зі мною!

Там, де важко одному,
Там, де важко одному, -
Впораюся разом з вами!
Де чогось не зрозумію,
Де чогось не зрозумію -
Розберемо з друзями!

Приспів.

На ведмедя я, друзі,
На ведмедя я, друзі,
Вийду без переляку,
Якщо з одним буду я,
Якщо з одним буду я,
А ведмідь - без одного!

Що мені сніг, що мені спека,
Що мені дощик проливний,
Коли мої друзі зі мною!','["pisni.org.ua", "cat:druzhba", "Пісні про дружбу"]',1,'published',COALESCE((SELECT created_at FROM songs WHERE id='pisniua_2300394'), datetime('now')),datetime('now'));
INSERT OR REPLACE INTO songs_fts(song_id,title,lyrics) VALUES ('pisniua_2300394','Коли мої друзі зі мною','Якщо з одним вийшов в шлях,
Якщо з одним вийшов в шлях -
Веселіше дорога!
Без друзів мене - трохи,
Без друзів мене - трохи,
А з друзями багато!

Приспів:
Що мені сніг, що мені спека,
Що мені дощик проливний,
Коли мої друзі зі мною!

Там, де важко одному,
Там, де важко одному, -
Впораюся разом з вами!
Де чогось не зрозумію,
Де чогось не зрозумію -
Розберемо з друзями!

Приспів.

На ведмедя я, друзі,
На ведмедя я, друзі,
Вийду без переляку,
Якщо з одним буду я,
Якщо з одним буду я,
А ведмідь - без одного!

Що мені сніг, що мені спека,
Що мені дощик проливний,
Коли мої друзі зі мною!');
INSERT OR REPLACE INTO songs (id,title,subtitle,lang,country,period,year,source,notes,lyrics,tags_json,lang_locked,status,created_at,updated_at) VALUES ('pisniua_2302267','Остання сповідь Северина Наливайка','Слова: Микола Вінграновський','uk','ukraine_1991',NULL,'2015','Літопис авторської пісні України №43 (369) 2015 рік.',NULL,'Живу - назад. Я - Наливайко. Все.
Ми починаєм битву за Вкраїну.
Наш чорний вус у чорний гнів тече,
І юний меч наш розгинає спину.

Не прапор-раб, не прапор-порохня
Нам обпожежив душу, товариство.
Не встанемо, братове, із коня,
Доки не стане в полі нашім чисто.

В суцільних ворогах пройшли роки-рої,
Руїна захлинається руїною,
Ми на Вкраїні хворі Україною,
На Україні в пошуках її...

Забудьмо все у цю священну мить.
Забудьмо наші розбрати і чвари.
Я вас веду - і воля нам горить,
Вона горить нам вічно, як Стожари.

...Забіліли сніги мої чорні,
Засміялась душа молода:
Воріженьки стоять видзігорні,
Воріженьки стоять, як вода.

І солона моя Солониця
На погибель мені ще гряде,
Ще у міднім бику задимиться
Моє тіло, як сон молоде,

Ще заплаче ночами Барбара
Над споляченим сином моїм,
І розірветься серце, як хмара,
Від даремних за мане молінь, -

Та і тоді не прокленем ми долю,
Не зречемось себе, поранених синів,
Коли й побачимо в кривавищі за волю,
Що наш народ вже тереном зацвів.','["pisni.org.ua", "cat:istorychni", "Історичні пісні"]',1,'published',COALESCE((SELECT created_at FROM songs WHERE id='pisniua_2302267'), datetime('now')),datetime('now'));
INSERT OR REPLACE INTO songs_fts(song_id,title,lyrics) VALUES ('pisniua_2302267','Остання сповідь Северина Наливайка','Живу - назад. Я - Наливайко. Все.
Ми починаєм битву за Вкраїну.
Наш чорний вус у чорний гнів тече,
І юний меч наш розгинає спину.

Не прапор-раб, не прапор-порохня
Нам обпожежив душу, товариство.
Не встанемо, братове, із коня,
Доки не стане в полі нашім чисто.

В суцільних ворогах пройшли роки-рої,
Руїна захлинається руїною,
Ми на Вкраїні хворі Україною,
На Україні в пошуках її...

Забудьмо все у цю священну мить.
Забудьмо наші розбрати і чвари.
Я вас веду - і воля нам горить,
Вона горить нам вічно, як Стожари.

...Забіліли сніги мої чорні,
Засміялась душа молода:
Воріженьки стоять видзігорні,
Воріженьки стоять, як вода.

І солона моя Солониця
На погибель мені ще гряде,
Ще у міднім бику задимиться
Моє тіло, як сон молоде,

Ще заплаче ночами Барбара
Над споляченим сином моїм,
І розірветься серце, як хмара,
Від даремних за мане молінь, -

Та і тоді не прокленем ми долю,
Не зречемось себе, поранених синів,
Коли й побачимо в кривавищі за волю,
Що наш народ вже тереном зацвів.');
INSERT OR REPLACE INTO songs (id,title,subtitle,lang,country,period,year,source,notes,lyrics,tags_json,lang_locked,status,created_at,updated_at) VALUES ('pisniua_2303461','Пісня Джемборі','Музика: Л. Ліебард Слова: Ґ. Тіссеран','uk','ukr_ssr_1919_1991',NULL,'1947','аудіозапис','Міжнародна скавтська пісня, співана на "Джемборі" в Муасон, б. Парижу, 1947 р., що в ньому брали участь українські пластуни.','З''єдинені й міцні дружбою,
Ми з дальніх тут зійшлись сторін,
Радіймо ж таном, співом, грою,
Братерства круг цупкий створім!
З''єдинені й міцні дружбою,
Ми з дальніх тут зійшлись сторін!
Джембо-, Джембо-, Джембо-,
Джем, Джемборі!
Джембо-, Джембо-, Джембо-,
Джем, Джемборі!

Якщо юнацтво скрізь у світі
Під прапор наш все встане враз,
У творчім мирі будем жити,
Настане скрізь щасливий час.
Якщо юнацтво скрізь у світі
Під прапор наш все встане враз!
Джембо-, Джембо-, Джембо-,
Джем, Джемборі!
Джембо-, Джембо-, Джембо-,
Джем, Джемборі!

З''єдинені во вік дружбою,
Ми вернемось до наших хат,
Із вірою в серцях палкою
В братерство й честь,
В людство і лад!
З''єдинені во вік дружбою,
Ми вернемось до наших хат!
Джембо-, Джембо-, Джембо-,
Джем, Джемборі!
Джембо-, Джембо-, Джембо-,
Джем, Джемборі!','["pisni.org.ua", "cat:plastovi", "Пластові пісні"]',1,'published',COALESCE((SELECT created_at FROM songs WHERE id='pisniua_2303461'), datetime('now')),datetime('now'));
INSERT OR REPLACE INTO songs_fts(song_id,title,lyrics) VALUES ('pisniua_2303461','Пісня Джемборі','З''єдинені й міцні дружбою,
Ми з дальніх тут зійшлись сторін,
Радіймо ж таном, співом, грою,
Братерства круг цупкий створім!
З''єдинені й міцні дружбою,
Ми з дальніх тут зійшлись сторін!
Джембо-, Джембо-, Джембо-,
Джем, Джемборі!
Джембо-, Джембо-, Джембо-,
Джем, Джемборі!

Якщо юнацтво скрізь у світі
Під прапор наш все встане враз,
У творчім мирі будем жити,
Настане скрізь щасливий час.
Якщо юнацтво скрізь у світі
Під прапор наш все встане враз!
Джембо-, Джембо-, Джембо-,
Джем, Джемборі!
Джембо-, Джембо-, Джембо-,
Джем, Джемборі!

З''єдинені во вік дружбою,
Ми вернемось до наших хат,
Із вірою в серцях палкою
В братерство й честь,
В людство і лад!
З''єдинені во вік дружбою,
Ми вернемось до наших хат!
Джембо-, Джембо-, Джембо-,
Джем, Джемборі!
Джембо-, Джембо-, Джембо-,
Джем, Джемборі!');
INSERT OR REPLACE INTO songs (id,title,subtitle,lang,country,period,year,source,notes,lyrics,tags_json,lang_locked,status,created_at,updated_at) VALUES ('pisniua_23012','Йде січове військо','Музика: Михайло Гайворонський Слова: Михайло Гайворонський. Виконує: Не журись!, Тарас Компаніченко, Олег Скрипка','uk','ukr_ssr_1919_1991',NULL,'1990','1. Самвидавний туристський пісенник "Де гори Карпати, де Писаний Камінь." - Літо, 1982. 2. Повік не зів''яне. Стрілецькі пісні Михайла Гайворонського. Упор. В. Подуфалий. Тернопіль, 1990.',NULL,'Йде січове військо
Та співає стиха:
Як поборем вороженьків -   |
Не буде в нас лиха.        | (2)
Йде січове військо
В боротьбу криваву,
Як поборем вороженьків -   |
Здобудемо славу.           | (2)
Йде січове військо
Пісня степом лине:
Як поборем вороженьків -   |
Слава не загине.           | (2)
Варіант акордів (надав Дмитро з Харкова):
Аm         Em
Йде січове військо
Та співає стиха:
Як поборем вороженьків -   |
Не буде в нас лиха.        | (2)','["pisni.org.ua", "cat:patriotic", "cat:strilecki", "Патріотичні пісні", "Стрілецькі пісні"]',1,'published',COALESCE((SELECT created_at FROM songs WHERE id='pisniua_23012'), datetime('now')),datetime('now'));
INSERT OR REPLACE INTO songs_fts(song_id,title,lyrics) VALUES ('pisniua_23012','Йде січове військо','Йде січове військо
Та співає стиха:
Як поборем вороженьків -   |
Не буде в нас лиха.        | (2)
Йде січове військо
В боротьбу криваву,
Як поборем вороженьків -   |
Здобудемо славу.           | (2)
Йде січове військо
Пісня степом лине:
Як поборем вороженьків -   |
Слава не загине.           | (2)
Варіант акордів (надав Дмитро з Харкова):
Аm         Em
Йде січове військо
Та співає стиха:
Як поборем вороженьків -   |
Не буде в нас лиха.        | (2)');
INSERT OR REPLACE INTO song_links (id,song_id,title,url,kind,version_id,sort_order) VALUES ('pisniua_23012_l1','pisniua_23012','YouTube','https://www.youtube.com/watch?v=uIa6aX_h-_4','video',NULL,1);
INSERT OR REPLACE INTO song_links (id,song_id,title,url,kind,version_id,sort_order) VALUES ('pisniua_23012_l2','pisniua_23012','YouTube','https://www.youtube.com/watch?v=XKkaGG6jG1U','video',NULL,2);
INSERT OR REPLACE INTO song_links (id,song_id,title,url,kind,version_id,sort_order) VALUES ('pisniua_23012_l3','pisniua_23012','YouTube','https://www.youtube.com/watch?v=i_L7f-K4Tq8','video',NULL,3);
INSERT OR REPLACE INTO song_links (id,song_id,title,url,kind,version_id,sort_order) VALUES ('pisniua_23012_l4','pisniua_23012','YouTube','https://www.youtube.com/watch?v=Jz48jRGS1vs','video',NULL,4);
INSERT OR REPLACE INTO songs (id,title,subtitle,lang,country,period,year,source,notes,lyrics,tags_json,lang_locked,status,created_at,updated_at) VALUES ('pisniua_230055','А в полі, полі сам Господь ходив','Українська народна пісня','uk','ukraine_1991',NULL,'1997','Шевченків край: Історико-культурологічні нариси. - К., 2005. С. 455.','Записали Я Пришедько та М. Музика в Музеї народної архітектури та побуту України від фольклорного колективу с. Дубіївка Черкаського району Черкаської області 1997 року. Розшифрував Л. Ященко. Пісня з добірки Леопольда Ященка.','А в полі, полі сам Господь ходив,
Сам Господь ходив, жито породив,
Жито-пшеницю, всяку пашницю.
Діва Марія за Ним ходила,
За Ним ходила, Його просила:
А вроди, Боже, жито-пшеницю,
Жито-пшеницю, всяку пашницю!

Сію, вію, посіваю,
З Новим Роком поздоровляю!
Многая літа!                |(3)','["pisni.org.ua", "cat:narodni", "cat:shchedrivky", "Народні пісні", "Щедрівки"]',1,'published',COALESCE((SELECT created_at FROM songs WHERE id='pisniua_230055'), datetime('now')),datetime('now'));
INSERT OR REPLACE INTO songs_fts(song_id,title,lyrics) VALUES ('pisniua_230055','А в полі, полі сам Господь ходив','А в полі, полі сам Господь ходив,
Сам Господь ходив, жито породив,
Жито-пшеницю, всяку пашницю.
Діва Марія за Ним ходила,
За Ним ходила, Його просила:
А вроди, Боже, жито-пшеницю,
Жито-пшеницю, всяку пашницю!

Сію, вію, посіваю,
З Новим Роком поздоровляю!
Многая літа!                |(3)');
INSERT OR REPLACE INTO song_links (id,song_id,title,url,kind,version_id,sort_order) VALUES ('pisniua_230055_l1','pisniua_230055','YouTube','https://www.youtube.com/watch?v=n1VQHvLUoOQ','video',NULL,1);
INSERT OR REPLACE INTO songs (id,title,subtitle,lang,country,period,year,source,notes,lyrics,tags_json,lang_locked,status,created_at,updated_at) VALUES ('pisniua_230212','Під Дубиною під Зеленою','Українська народна пісня','uk','ukraine_before_1917',NULL,NULL,'Староукраїнські релігійні роздуми про Бога © Видавництво "Павутинонька", Нью Йорк – Львів – Київ – Харків – Москва, 2004','Колядка стародавня: Українське Різдво Світа. В Чистому Полі Сам Плужок ходить. Буде Тобі Три Дорозі. Читати листки з приводу цієї Пісні: Українська Астрально-мітольоґічна реліґійна концепція. Українське Свято Воведення 4.12 - Передріздвяний Святочний час. Св. Микола 19.12 – Народний речник перед Богом і Прадід. Бог, Різдво Світа, Дідух і Лицарі. Стежки до інших листків про Українські традиції.','Під Дубиною під Зеленою

Приспів:
Ой дай Боже!

Там г''оре Плужок ще й Восьмиричок
А за тим Плужком Василь з Батіжком
Прийшов до Нього Батенько Його
Ой ори Синку Дрібненьку Скибку
Будем сіяти Жито-Пшеницю
Жито-Пшеницю всяку Пашницю
Тай накладем Кіп як на Небі Зір
Тай будем возить за Синє Море

Ой дай Боже!','["pisni.org.ua", "cat:shchedrivky", "Щедрівки"]',1,'published',COALESCE((SELECT created_at FROM songs WHERE id='pisniua_230212'), datetime('now')),datetime('now'));
INSERT OR REPLACE INTO songs_fts(song_id,title,lyrics) VALUES ('pisniua_230212','Під Дубиною під Зеленою','Під Дубиною під Зеленою

Приспів:
Ой дай Боже!

Там г''оре Плужок ще й Восьмиричок
А за тим Плужком Василь з Батіжком
Прийшов до Нього Батенько Його
Ой ори Синку Дрібненьку Скибку
Будем сіяти Жито-Пшеницю
Жито-Пшеницю всяку Пашницю
Тай накладем Кіп як на Небі Зір
Тай будем возить за Синє Море

Ой дай Боже!');
INSERT OR REPLACE INTO song_links (id,song_id,title,url,kind,version_id,sort_order) VALUES ('pisniua_230212_l1','pisniua_230212','YouTube','https://www.youtube.com/watch?v=mSG_GJZkqYI','video',NULL,1);
INSERT OR REPLACE INTO songs (id,title,subtitle,lang,country,period,year,source,notes,lyrics,tags_json,lang_locked,status,created_at,updated_at) VALUES ('pisniua_230354','Як ще не було Початку Світа','Українська народна пісня','uk','ukraine_before_1917',NULL,NULL,'Староукраїнські релігійні роздуми про Бога © Видавництво "Павутинонька", Нью Йорк – Львів – Київ – Харків – Москва, 2004','Як ще не було Початку Світа — Колядка стародавня: Українське Різдво Світа. Тогди не було Неба ні Землі. Читати листки, де є згадка з приводу цієї Пісні: Українське Свято Воведення 4.12 - Передріздвяний Святочний час. Українські релігійні роздуми про Бога: Яблучко. Стежки до інших листків про Українські традиції.','Як ще не було Початку Світа
Приспів: Гей дай Боже!

То ще не було Неба ні Землі
А лишень було Широке Море
А на тім Морі Явір Зелений
На тім Яворі Три Голубочки
Три Голубочки Раду радили

Як би ми Браття  Світ поставили
Ой ходім Браття аж на Дно Моря
Та там добудем Дрібного Піску
Тот Пісок Дрібний посієм всюди
Та встане з него Свята Землиця

Та буде тамки Золотий Камінь
З того Каміння то буде Сонце
То буде Сонце і Місяць Ясний
Рум''яна Зоря й Звізди Прекрасні','["pisni.org.ua", "cat:kolyadky", "cat:shchedrivky", "Колядки", "Щедрівки"]',1,'published',COALESCE((SELECT created_at FROM songs WHERE id='pisniua_230354'), datetime('now')),datetime('now'));
INSERT OR REPLACE INTO songs_fts(song_id,title,lyrics) VALUES ('pisniua_230354','Як ще не було Початку Світа','Як ще не було Початку Світа
Приспів: Гей дай Боже!

То ще не було Неба ні Землі
А лишень було Широке Море
А на тім Морі Явір Зелений
На тім Яворі Три Голубочки
Три Голубочки Раду радили

Як би ми Браття  Світ поставили
Ой ходім Браття аж на Дно Моря
Та там добудем Дрібного Піску
Тот Пісок Дрібний посієм всюди
Та встане з него Свята Землиця

Та буде тамки Золотий Камінь
З того Каміння то буде Сонце
То буде Сонце і Місяць Ясний
Рум''яна Зоря й Звізди Прекрасні');
INSERT OR REPLACE INTO songs (id,title,subtitle,lang,country,period,year,source,notes,lyrics,tags_json,lang_locked,status,created_at,updated_at) VALUES ('pisniua_230073','А в Горі в Горі в Глибокім Зворі','Українська народна пісня','uk','ukraine_before_1917',NULL,NULL,'Староукраїнські релігійні роздуми про Бога © Видавництво "Павутинонька", Нью Йорк – Львів – Київ – Харків – Москва, 2004','Службоньку служив Слізоньку вронив. Сам Сокіл сидить далеко й видить. Честь Богу хвала навіки слава. Буде в Тебе Господь на Вечері. А на Тих Столах Дороге й Пиття. Листки з приводу цієї Пісні: Передріздвяний Святочний час: Упереджуючі знаки, Михайла 21.11. Св. Микола 19.12 – Народний речник перед Богом і Прадід. Бог, Різдво Світа, Прадід і Лицарі. Прабатько – Вчитель, Лицар і Вірник Божий. Сльози і Купіль Господа. Плач Сокола. Українське Різдво Світа: Співаймо Колядки й Щедрівки на Щастя-Здоров''я! (Стародавні Колядки й Щедрівки з нотами і звуковими зразками — Мереживний Збірник) Рокове Коло. Стежки до листків про Українські традиції. Староукраїнські Колядки і Щедрівки: Святе Різдво (Свято Різдва Світа: Свят-Вечір – Коляда) ― Святий Збір (Трійця) ― Щедрий Вечір (Свято Місяця й Прадіда: Новий Рік ― Святі Водорщі) ― Весілля: Дівич-Вечір... Великдень... Зелені Свята (Трійця) ― Царинні Містерії... Івана Купала... Астральні Жнива... Рокове Коло. Доба мистецьких і наукових містифікацій? "Вертеп", що це таке? Замінювали народні пісні схоластичними віршами школи. "Отрадный результат нашего движения к коммунистическому обществу".','А в Горі в Горі в Глибокім Зворі
Приспів: Славен єс славен єс Боже
Відміна: Словен єс словен єс Боже

Росте Деревце Тонке Високе
Тонке Високе а вшир широке
А вшир широке а ввись кудряве
А на тім Кудрі Сам Сокіл сидить
Сам Сокіл сидить далеко й видить
Видить в Николи Тисові Столи
Як вконець Стола сидить Никола
Ой сидить-сидить Слізоньку ронить
А з тої Слізки сталося й Море

А по тім Морю пливе й Корабель
А в тім Кораблі Тисові Столи
Позастелені чом Скатерками
Чом Скатерками чом Дорогими
А на тих Столах Дороге й Пиття
Медок-Солодок й Солодка Кутя

Та за цим Столом будь же нам здоров!
Віншуєм тебе Щастям-Здоров''ям
Щастям-Здоров''ям та з цими Святми
Та з цими Святми чом Різдвяними
Чом Різдвяними чом Роковими

Ой здоров-здоров та будь сам з собов
З свойов Ґаздинев та з Діточками
Та з Діточками та з Сусідками
Та з усім Родом близьким й далеким
Близьким й далеким великим й малим

Ой дай ти Боже з Поля доволі
З Поля доволі а в Дім Здоров''я
На Челядочку на Худібочку

Ой що ж ми Тобі колядували
Колядували красно співали
Як Перепілка в Ярій Пшениці
Як Ластівонька в Новенькій Стрісі
Як Соловейко та в Лузі-лузі
Честь Богу хвала навіки слава
Навіки слава навіки слава','["pisni.org.ua", "cat:kolyadky", "cat:krasa-pryrody", "cat:narodni", "cat:philosophic", "Колядки", "Пісні про красу природи", "Народні пісні", "Філософські пісні"]',1,'published',COALESCE((SELECT created_at FROM songs WHERE id='pisniua_230073'), datetime('now')),datetime('now'));
INSERT OR REPLACE INTO songs_fts(song_id,title,lyrics) VALUES ('pisniua_230073','А в Горі в Горі в Глибокім Зворі','А в Горі в Горі в Глибокім Зворі
Приспів: Славен єс славен єс Боже
Відміна: Словен єс словен єс Боже

Росте Деревце Тонке Високе
Тонке Високе а вшир широке
А вшир широке а ввись кудряве
А на тім Кудрі Сам Сокіл сидить
Сам Сокіл сидить далеко й видить
Видить в Николи Тисові Столи
Як вконець Стола сидить Никола
Ой сидить-сидить Слізоньку ронить
А з тої Слізки сталося й Море

А по тім Морю пливе й Корабель
А в тім Кораблі Тисові Столи
Позастелені чом Скатерками
Чом Скатерками чом Дорогими
А на тих Столах Дороге й Пиття
Медок-Солодок й Солодка Кутя

Та за цим Столом будь же нам здоров!
Віншуєм тебе Щастям-Здоров''ям
Щастям-Здоров''ям та з цими Святми
Та з цими Святми чом Різдвяними
Чом Різдвяними чом Роковими

Ой здоров-здоров та будь сам з собов
З свойов Ґаздинев та з Діточками
Та з Діточками та з Сусідками
Та з усім Родом близьким й далеким
Близьким й далеким великим й малим

Ой дай ти Боже з Поля доволі
З Поля доволі а в Дім Здоров''я
На Челядочку на Худібочку

Ой що ж ми Тобі колядували
Колядували красно співали
Як Перепілка в Ярій Пшениці
Як Ластівонька в Новенькій Стрісі
Як Соловейко та в Лузі-лузі
Честь Богу хвала навіки слава
Навіки слава навіки слава');
INSERT OR REPLACE INTO song_links (id,song_id,title,url,kind,version_id,sort_order) VALUES ('pisniua_230073_l1','pisniua_230073','http://gomin.uazone.net/song.php?song=187','http://gomin.uazone.net/song.php?song=187','external',NULL,1);
INSERT OR REPLACE INTO songs (id,title,subtitle,lang,country,period,year,source,notes,lyrics,tags_json,lang_locked,status,created_at,updated_at) VALUES ('pisniua_2303379','Гей, славний наш гурток "Вовків"','Музика: Іван Недільський Слова: Микола Угрин-Безгрішний','uk','ukr_ssr_1919_1991',NULL,'1947','аудіозапис','Пісня Гуртка пл. юнаків "Вовки" у Байроті, створена на еміґрації 1947 року.','Гей, славний наш гурток "Вовків",
В шляхетній дружбі всі живуть.
Дванадцять вірних юнаків -
Нас сіроманцями зовуть...

Для Пласту труд, твердий закон,
Для нас усіх земля свята -
Це край, де Сян, Дніпро і Дон,
На волі жить, вмирать - мета...','["pisni.org.ua", "cat:plastovi", "Пластові пісні"]',1,'published',COALESCE((SELECT created_at FROM songs WHERE id='pisniua_2303379'), datetime('now')),datetime('now'));
INSERT OR REPLACE INTO songs_fts(song_id,title,lyrics) VALUES ('pisniua_2303379','Гей, славний наш гурток "Вовків"','Гей, славний наш гурток "Вовків",
В шляхетній дружбі всі живуть.
Дванадцять вірних юнаків -
Нас сіроманцями зовуть...

Для Пласту труд, твердий закон,
Для нас усіх земля свята -
Це край, де Сян, Дніпро і Дон,
На волі жить, вмирать - мета...');
INSERT OR REPLACE INTO songs (id,title,subtitle,lang,country,period,year,source,notes,lyrics,tags_json,lang_locked,status,created_at,updated_at) VALUES ('pisniua_2303394','Пісня пластунок','Слова: Дрот','uk','ukraine_1991',NULL,NULL,'аудіозапис',NULL,'Весняних мрій, крицевих діл,
Ясної волі жрекині -
В Пласті ми рідних сторожим сил,
Гнізда будуєм вірлині.

Сестри, багаття пильнуймо жар,
Щоб ясним блиском палало,
Щоб роз''ясняло нам пітьму хмар,
З серця зневіру прогнало.

Весняних мрій, юнацьких снів
Нам не забути ніколи,
Хоч стогне край під ярмом катів,
Нам усміхається воля.

Сестри, підемо назустріч їй,
Нам не страшні перешкоди,
Бо не здавити зимі важкій
Сонця в серцях і погоди!

Весняних мрій, крицевих діл,
Ясної волі жрекині -
В Пласті ми рідних сторожим сил,
Гнізда будуєм вірлині!..','["pisni.org.ua", "cat:plastovi", "Пластові пісні"]',1,'published',COALESCE((SELECT created_at FROM songs WHERE id='pisniua_2303394'), datetime('now')),datetime('now'));
INSERT OR REPLACE INTO songs_fts(song_id,title,lyrics) VALUES ('pisniua_2303394','Пісня пластунок','Весняних мрій, крицевих діл,
Ясної волі жрекині -
В Пласті ми рідних сторожим сил,
Гнізда будуєм вірлині.

Сестри, багаття пильнуймо жар,
Щоб ясним блиском палало,
Щоб роз''ясняло нам пітьму хмар,
З серця зневіру прогнало.

Весняних мрій, юнацьких снів
Нам не забути ніколи,
Хоч стогне край під ярмом катів,
Нам усміхається воля.

Сестри, підемо назустріч їй,
Нам не страшні перешкоди,
Бо не здавити зимі важкій
Сонця в серцях і погоди!

Весняних мрій, крицевих діл,
Ясної волі жрекині -
В Пласті ми рідних сторожим сил,
Гнізда будуєм вірлині!..');
INSERT OR REPLACE INTO songs (id,title,subtitle,lang,country,period,year,source,notes,lyrics,tags_json,lang_locked,status,created_at,updated_at) VALUES ('pisniua_230394','Спіте, діти, спіте, любі','Музика: народна Слова: А.Листопад. Виконує: Микола Будник','uk','ukr_ssr_1919_1991',NULL,'1932',NULL,'Спасительна: світ не по Правді. Українські релігійні роздуми про Воскресіння, Неволю і Спасіння. Ой Ми зіслані на признаванє. Нема в світі Правди не зіскати. Господа Милосердного прохали та благали. Спіте міцно, спіте, Діти, янгол божий на порозі. І усіх вас Невольників із Темниці випускати. Листки з приводу цієї Пісні: Українські реліґійні роздуми про Неволю та Спасіння. Коляда і Великдень: Різдво і Відродження Світа. Пам''яті жертв Голодоморів. Стежки до листків про Українські традиції. Висловлювання: Чи чує світ? "Дорогі співвітчизники, брати і сестри! В ці дні Україна вшановує пам''ять жертв Голодомору 1932-1933 років. Це наша спільна пам''ять, спільний біль, бо немає в Україні жодного роду, жодної сім''ї, які б не зачепила ця трагедія. Мільйони наших родичів, односельців, земляків, замучених голодом, — це не просто жертви несправедливості режиму. Це — винищені носії наших родинних традицій, моральних підвалин, духовних цінностей". "У 1932-33 роках ми з вами осиротіли майже на 10 мільйонів людей. Третина з них — діти. Ми будемо чутися вічними сиротами у цьому світі, розгубленими і незахищеними на історичних роздоріжжях, доки не станемо однією зрідненою, згуртованою, міцною родиною. Адже усі ми — їхні нащадки, і в нас усіх тече і пульсує одна — їхня — кров. 22 листопада у храмах України пройдуть поминальні служби Божі у пам''ять жертв голодомору. Запалімо ж свічки у кожній церкві, у кожній хаті і всі разом пом''яньмо невинно убієнних наших земляків. Помолімось разом із дітьми й онуками за Царство Небесне для них, як молимося за найрідніших, найближчих, найдорожчих людей". — Звернення Віктора Ющенка ("Наша Україна") у листопаді 2003р. з приводу роковин проти-українського Голодомору-Геноциду 1932-1933 років - http://www.razom.org.ua/viewnews/news/10857 — дивіться також тут','Спіте, діти, спіте, любі, спіть, не просинайтесь!
Вже не буде мучить згуба, забере вас пташка райська.
Спіте міцно, спіте, діти, янгол божий на порозі,
Вже не буде їсти xтітись і не будуть пуxнуть нозі!

Натопила маковинням, затулила лядку й комин
І в тумані темно-синім заспівала колискову:

Спи, синочку, горепаску, засинай навіки, доню,
То моя остання ласка з материнської долоні.
Ще пограймось навперейми у піжмурки із бідою,
Заxоваємось од неї у сиру земельку, лельки!','["pisni.org.ua", "cat:holodomor", "cat:istorychni", "Пісні про голодомор", "Історичні пісні"]',1,'published',COALESCE((SELECT created_at FROM songs WHERE id='pisniua_230394'), datetime('now')),datetime('now'));
INSERT OR REPLACE INTO songs_fts(song_id,title,lyrics) VALUES ('pisniua_230394','Спіте, діти, спіте, любі','Спіте, діти, спіте, любі, спіть, не просинайтесь!
Вже не буде мучить згуба, забере вас пташка райська.
Спіте міцно, спіте, діти, янгол божий на порозі,
Вже не буде їсти xтітись і не будуть пуxнуть нозі!

Натопила маковинням, затулила лядку й комин
І в тумані темно-синім заспівала колискову:

Спи, синочку, горепаску, засинай навіки, доню,
То моя остання ласка з материнської долоні.
Ще пограймось навперейми у піжмурки із бідою,
Заxоваємось од неї у сиру земельку, лельки!');
INSERT OR REPLACE INTO song_links (id,song_id,title,url,kind,version_id,sort_order) VALUES ('pisniua_230394_l1','pisniua_230394','YouTube','https://www.youtube.com/watch?v=j6FNAx3mA6I','video',NULL,1);
INSERT OR REPLACE INTO songs (id,title,subtitle,lang,country,period,year,source,notes,lyrics,tags_json,lang_locked,status,created_at,updated_at) VALUES ('pisniua_2304369','Пісня для дітей про Святого Миколая','Музика: Ігор Білик Слова: Олена Дерваль. Виконує: Сашенька Ціва','uk','ukraine_1991',NULL,NULL,'аудіозапис',NULL,'Хлоп''ятка і дівчатка
Чекають вже на Тебе,
Аби в цей день щасливий
Прийшов до нас із неба

Приспів:
Святий Миколай!
Святий Миколай!
До нас завітай,
Дарунки лишай!
Малеча слухняна
Чекає до рана,
Тебе, Миколай!

Слухняні ми та чемні,
Вже вміємо читати,
У нічку ту, що темна,
Прийди у нашу хату!

Приспів.

Цукерки і пакунки
Сховав Ти під подушку,
Аби ті подарунки
Знайшли ми з-поза ранку.

Приспів. (2)','["pisni.org.ua", "cat:svyatyy-mykolay", "Пісні про Святого Миколая"]',1,'published',COALESCE((SELECT created_at FROM songs WHERE id='pisniua_2304369'), datetime('now')),datetime('now'));
INSERT OR REPLACE INTO songs_fts(song_id,title,lyrics) VALUES ('pisniua_2304369','Пісня для дітей про Святого Миколая','Хлоп''ятка і дівчатка
Чекають вже на Тебе,
Аби в цей день щасливий
Прийшов до нас із неба

Приспів:
Святий Миколай!
Святий Миколай!
До нас завітай,
Дарунки лишай!
Малеча слухняна
Чекає до рана,
Тебе, Миколай!

Слухняні ми та чемні,
Вже вміємо читати,
У нічку ту, що темна,
Прийди у нашу хату!

Приспів.

Цукерки і пакунки
Сховав Ти під подушку,
Аби ті подарунки
Знайшли ми з-поза ранку.

Приспів. (2)');
INSERT OR REPLACE INTO song_links (id,song_id,title,url,kind,version_id,sort_order) VALUES ('pisniua_2304369_l1','pisniua_2304369','YouTube','https://www.youtube.com/watch?v=BGQNm3-iRmk','video',NULL,1);
INSERT OR REPLACE INTO songs (id,title,subtitle,lang,country,period,year,source,notes,lyrics,tags_json,lang_locked,status,created_at,updated_at) VALUES ('pisniua_2303971','У хатинці','Слова: Марійка Підгірянка. Виконує: Лідія Максимяк','uk','ukraine_before_1917',NULL,NULL,'аудіозапис',NULL,'Тихо, лялю моя, спи,
Надворі гудуть вітри,
Надворі мете снігами,      |
Нам тут добре коло мами... | (2)

Приспів:
Нам тут добре у хатинці:
І лялюні, і дитинці.
Спи, лялюню, моя спи, засни,
Хай собі гудуть вітри...
Спи, лялюню моя, спи, засни,
Хай гудуть вітри...
Спи, дитинонько, спи,
Очка зажмури...
Можеш, рибко, тихо спати,  |
Над тобою рідна мати       |
Шепче молитви...           | (2)

Тихо, кицю моя, спи
І дитинку не буди,
Надворі мете снігами,      |
Нам тут добре коло мами... | (2)

Приспів.

Спи, дитинонько, спи,
Спи, дитинонько, спи,
Очка зажмури...
Спи, дитинонько, спи...','["pisni.org.ua", "cat:kolyskovi", "Колискові"]',1,'published',COALESCE((SELECT created_at FROM songs WHERE id='pisniua_2303971'), datetime('now')),datetime('now'));
INSERT OR REPLACE INTO songs_fts(song_id,title,lyrics) VALUES ('pisniua_2303971','У хатинці','Тихо, лялю моя, спи,
Надворі гудуть вітри,
Надворі мете снігами,      |
Нам тут добре коло мами... | (2)

Приспів:
Нам тут добре у хатинці:
І лялюні, і дитинці.
Спи, лялюню, моя спи, засни,
Хай собі гудуть вітри...
Спи, лялюню моя, спи, засни,
Хай гудуть вітри...
Спи, дитинонько, спи,
Очка зажмури...
Можеш, рибко, тихо спати,  |
Над тобою рідна мати       |
Шепче молитви...           | (2)

Тихо, кицю моя, спи
І дитинку не буди,
Надворі мете снігами,      |
Нам тут добре коло мами... | (2)

Приспів.

Спи, дитинонько, спи,
Спи, дитинонько, спи,
Очка зажмури...
Спи, дитинонько, спи...');
INSERT OR REPLACE INTO song_links (id,song_id,title,url,kind,version_id,sort_order) VALUES ('pisniua_2303971_l1','pisniua_2303971','YouTube','https://www.youtube.com/watch?v=XD01zDfw9O0','video',NULL,1);
INSERT OR REPLACE INTO songs (id,title,subtitle,lang,country,period,year,source,notes,lyrics,tags_json,lang_locked,status,created_at,updated_at) VALUES ('pisniua_2303614','Молитва','(О, пресвятая Богородице Маріє). Музика: Микола Колодочка Слова: Надія Мовчан-Карпусь. Виконує: Нескорені','uk','ukraine_1991',NULL,NULL,'Надала Богдана Сімович',NULL,'О, пресвятая Богородице Маріє,
Народ мій збережи від лиходія,
Від магій чорних, темних чар,
Від міжусобиць і від чвар.
Нехай в землі ржавіють списи,
Нехай відступлять смерті риси,
І не дурманить душу, мов отрута,
Омана люта у хвилини скрути.

О, пресвятая Богородице Маріє,
Народ мій збережи від лиходія.
Нехай на многа-многа літ
Цвіте життя, як дивоцвіт.
Благословен, хто скинув пута,
Повік страждання не забути.
Нехай нам вітер миру тихо віє,
О, Матір Божа, Пресвята Маріє!','["pisni.org.ua", "cat:do-bohorodyci", "Пісні до Богородиці"]',1,'published',COALESCE((SELECT created_at FROM songs WHERE id='pisniua_2303614'), datetime('now')),datetime('now'));
INSERT OR REPLACE INTO songs_fts(song_id,title,lyrics) VALUES ('pisniua_2303614','Молитва','О, пресвятая Богородице Маріє,
Народ мій збережи від лиходія,
Від магій чорних, темних чар,
Від міжусобиць і від чвар.
Нехай в землі ржавіють списи,
Нехай відступлять смерті риси,
І не дурманить душу, мов отрута,
Омана люта у хвилини скрути.

О, пресвятая Богородице Маріє,
Народ мій збережи від лиходія.
Нехай на многа-многа літ
Цвіте життя, як дивоцвіт.
Благословен, хто скинув пута,
Повік страждання не забути.
Нехай нам вітер миру тихо віє,
О, Матір Божа, Пресвята Маріє!');
INSERT OR REPLACE INTO songs (id,title,subtitle,lang,country,period,year,source,notes,lyrics,tags_json,lang_locked,status,created_at,updated_at) VALUES ('pisniua_2304797','З Новим Роком, країно!','Музика: Христина Панасюк Слова: Христина Панасюк. Виконує: Христина Панасюк','uk','ukraine_1991',NULL,NULL,'аудіозапис',NULL,'Рік Новий
З ароматом мандарин і шоколаду
Завітав до дорослих і дітей.
За вікном ми, нарешті,
Дочекались снігопаду,
Сніг летить
Вд небес і до людей...

Приспів:
З Новим роком, країно,
З Новим роком!
Хай біда й тривоги оминають дім!
Дід Мороз
Хай в торбинці тихим кроком
Принесе здоров''я,
Щастя вам усім!

Білий сніг, дітвора радіє
Й бавиться завзято,
Звідусіль знов луна
Веселий сміх.
Ми усі з нетерпінням
Дочекалися на свято,
Чудеса на Різдво
І Новий рік!

Приспів. (2)','["pisni.org.ua", "cat:new-year", "Пісні про Новий Рік"]',1,'published',COALESCE((SELECT created_at FROM songs WHERE id='pisniua_2304797'), datetime('now')),datetime('now'));
INSERT OR REPLACE INTO songs_fts(song_id,title,lyrics) VALUES ('pisniua_2304797','З Новим Роком, країно!','Рік Новий
З ароматом мандарин і шоколаду
Завітав до дорослих і дітей.
За вікном ми, нарешті,
Дочекались снігопаду,
Сніг летить
Вд небес і до людей...

Приспів:
З Новим роком, країно,
З Новим роком!
Хай біда й тривоги оминають дім!
Дід Мороз
Хай в торбинці тихим кроком
Принесе здоров''я,
Щастя вам усім!

Білий сніг, дітвора радіє
Й бавиться завзято,
Звідусіль знов луна
Веселий сміх.
Ми усі з нетерпінням
Дочекалися на свято,
Чудеса на Різдво
І Новий рік!

Приспів. (2)');
INSERT OR REPLACE INTO songs (id,title,subtitle,lang,country,period,year,source,notes,lyrics,tags_json,lang_locked,status,created_at,updated_at) VALUES ('pisniua_2304726','Всі маленькі діточки',NULL,'uk','ukraine_1991',NULL,NULL,NULL,NULL,'Всі маленькі діточки
Свято це чекають,
І швиденько під подушки
Зранку заглядають.

Приспів:
Святий Миколай,      |
Завітай до нас,      |
Щиро дякуємо ми      |
В цей святковий час. | (2)

Чемним діточкам приніс
Солодкі даруночки,
А кому подарував
Дуже гарні різочки.

Приспів.

Чудотворець Миколай
Всім допомагає,
В кожну хату і родину
З святом привітає.

Приспів.

Святий Миколай
Завітав до нас,
Щиро дякуємо ми
І Любимо Вас!','["pisni.org.ua", "cat:dytyachi", "cat:svyatyy-mykolay", "Дитячі пісні", "Пісні про Святого Миколая"]',1,'published',COALESCE((SELECT created_at FROM songs WHERE id='pisniua_2304726'), datetime('now')),datetime('now'));
INSERT OR REPLACE INTO songs_fts(song_id,title,lyrics) VALUES ('pisniua_2304726','Всі маленькі діточки','Всі маленькі діточки
Свято це чекають,
І швиденько під подушки
Зранку заглядають.

Приспів:
Святий Миколай,      |
Завітай до нас,      |
Щиро дякуємо ми      |
В цей святковий час. | (2)

Чемним діточкам приніс
Солодкі даруночки,
А кому подарував
Дуже гарні різочки.

Приспів.

Чудотворець Миколай
Всім допомагає,
В кожну хату і родину
З святом привітає.

Приспів.

Святий Миколай
Завітав до нас,
Щиро дякуємо ми
І Любимо Вас!');
INSERT OR REPLACE INTO song_links (id,song_id,title,url,kind,version_id,sort_order) VALUES ('pisniua_2304726_l1','pisniua_2304726','YouTube','https://www.youtube.com/watch?v=dzy2w2w9Tx8','video',NULL,1);
INSERT OR REPLACE INTO songs (id,title,subtitle,lang,country,period,year,source,notes,lyrics,tags_json,lang_locked,status,created_at,updated_at) VALUES ('pisniua_2304899','Святий Миколай йде з високого неба','Музика: Галина Терлецька Слова: Марійка Підгірянка','uk','ukraine_1991',NULL,NULL,'http://www.studijadm.lviv.ua/?page_id=366',NULL,'Святий Миколай йде
З високого неба.
Несе нам дарунки
(Везе віз дарунків),
Що кому потреба (і треба)
(Є там все, що треба).
Гарненькі! Гарненькі!

Маленькі ангели
Йому помагають,
Там, де чемні діти,
Там вони ступають
Частенько! Частенько!','["pisni.org.ua", "cat:svyatyy-mykolay", "Пісні про Святого Миколая"]',1,'published',COALESCE((SELECT created_at FROM songs WHERE id='pisniua_2304899'), datetime('now')),datetime('now'));
INSERT OR REPLACE INTO songs_fts(song_id,title,lyrics) VALUES ('pisniua_2304899','Святий Миколай йде з високого неба','Святий Миколай йде
З високого неба.
Несе нам дарунки
(Везе віз дарунків),
Що кому потреба (і треба)
(Є там все, що треба).
Гарненькі! Гарненькі!

Маленькі ангели
Йому помагають,
Там, де чемні діти,
Там вони ступають
Частенько! Частенько!');
INSERT OR REPLACE INTO song_links (id,song_id,title,url,kind,version_id,sort_order) VALUES ('pisniua_2304899_l1','pisniua_2304899','YouTube','https://www.youtube.com/watch?v=L7_kaVwJXl4','video',NULL,1);
INSERT OR REPLACE INTO song_links (id,song_id,title,url,kind,version_id,sort_order) VALUES ('pisniua_2304899_l2','pisniua_2304899','YouTube','https://www.youtube.com/watch?v=Dn6bJL0nABk','video',NULL,2);
INSERT OR REPLACE INTO song_links (id,song_id,title,url,kind,version_id,sort_order) VALUES ('pisniua_2304899_l3','pisniua_2304899','YouTube','https://www.youtube.com/watch?v=Jd0-vyWRbAE','video',NULL,3);
INSERT OR REPLACE INTO songs (id,title,subtitle,lang,country,period,year,source,notes,lyrics,tags_json,lang_locked,status,created_at,updated_at) VALUES ('pisniua_2303952','Сни ці раз у рік приходять','Виконує: Лідія Максимяк','uk','ukraine_before_1917',NULL,NULL,'аудіозапис',NULL,'Я сьогодні чемна-чемна,
Бо святий надходить час,
Бо надворі буде темно -
Миколай прийде до нас!
Ляжу спати скоро-скоро,  |
Щоб увиділось мені,      |
Як небесні дивні хори,   |
Шлють вітання неземні... | (2)

А вітання - то проміння,
Наче мамині вуста,
То доріжка до спасіння,
Шлях-дорога до Христа!
Хай не буде подарунка,   |
Не така вже благодать,   |
Але ніч у візерунках,    |
Але хори янголят.        | (2)

Сни ці раз у рік приходять,
Добрі, гарні, чарівні.
Херувими хороводять,
Є там місце і мені.
Ляжу спати скоро-скоро,  |
Щоб увиділось мені,      |
Як небесні дивні хори,   |
Шлють вітання неземні... | (2)

Неземні...

Ляжу спати скоро-скоро,  |
Щоб увиділось мені,      |
Як небесні дивні хори,   |
Шлють вітання неземні... | (2)','["pisni.org.ua", "cat:kolyskovi", "cat:svyatyy-mykolay", "Колискові", "Пісні про Святого Миколая"]',1,'published',COALESCE((SELECT created_at FROM songs WHERE id='pisniua_2303952'), datetime('now')),datetime('now'));
INSERT OR REPLACE INTO songs_fts(song_id,title,lyrics) VALUES ('pisniua_2303952','Сни ці раз у рік приходять','Я сьогодні чемна-чемна,
Бо святий надходить час,
Бо надворі буде темно -
Миколай прийде до нас!
Ляжу спати скоро-скоро,  |
Щоб увиділось мені,      |
Як небесні дивні хори,   |
Шлють вітання неземні... | (2)

А вітання - то проміння,
Наче мамині вуста,
То доріжка до спасіння,
Шлях-дорога до Христа!
Хай не буде подарунка,   |
Не така вже благодать,   |
Але ніч у візерунках,    |
Але хори янголят.        | (2)

Сни ці раз у рік приходять,
Добрі, гарні, чарівні.
Херувими хороводять,
Є там місце і мені.
Ляжу спати скоро-скоро,  |
Щоб увиділось мені,      |
Як небесні дивні хори,   |
Шлють вітання неземні... | (2)

Неземні...

Ляжу спати скоро-скоро,  |
Щоб увиділось мені,      |
Як небесні дивні хори,   |
Шлють вітання неземні... | (2)');
INSERT OR REPLACE INTO song_links (id,song_id,title,url,kind,version_id,sort_order) VALUES ('pisniua_2303952_l1','pisniua_2303952','YouTube','https://www.youtube.com/watch?v=7LscAEIY3cE','video',NULL,1);
INSERT OR REPLACE INTO song_links (id,song_id,title,url,kind,version_id,sort_order) VALUES ('pisniua_2303952_l2','pisniua_2303952','YouTube','https://www.youtube.com/watch?v=DY9kUUVBvXw','video',NULL,2);
INSERT OR REPLACE INTO song_links (id,song_id,title,url,kind,version_id,sort_order) VALUES ('pisniua_2303952_l3','pisniua_2303952','YouTube','https://www.youtube.com/watch?v=90xpsOwi2TQ','video',NULL,3);
INSERT OR REPLACE INTO songs (id,title,subtitle,lang,country,period,year,source,notes,lyrics,tags_json,lang_locked,status,created_at,updated_at) VALUES ('pisniua_2304818','Вже не той','Музика: Ілля Найда Слова: Ілля Найда. Виконує: Ілля Найда','uk','ukraine_1991',NULL,NULL,'авторське подання',NULL,'Не сталось так, як я того хотів...
Прийшла біда - минулося кохання.
А, може, це була лиш гра така,
Для тебе це гра, для мене - життя,
Для мене - кохання...

Приспів:
Може, я вже не той,
Може, й ти вже не та,
Може, й немає у нас того кохання?..
Питаю знову і знов -
"Де знайти ту любов?"
Що я дарував, тобі дарував
Із ночі до рання...

Я прочитав - "Любов живе три літа",
А, може, став для тебе я не тим,
Та я не перестав тебе любити,
Повернись, пробач, не йди...

Приспів. (2)','["pisni.org.ua", "cat:nostalgia", "Пісні з ностальгічними мотивами"]',1,'published',COALESCE((SELECT created_at FROM songs WHERE id='pisniua_2304818'), datetime('now')),datetime('now'));
INSERT OR REPLACE INTO songs_fts(song_id,title,lyrics) VALUES ('pisniua_2304818','Вже не той','Не сталось так, як я того хотів...
Прийшла біда - минулося кохання.
А, може, це була лиш гра така,
Для тебе це гра, для мене - життя,
Для мене - кохання...

Приспів:
Може, я вже не той,
Може, й ти вже не та,
Може, й немає у нас того кохання?..
Питаю знову і знов -
"Де знайти ту любов?"
Що я дарував, тобі дарував
Із ночі до рання...

Я прочитав - "Любов живе три літа",
А, може, став для тебе я не тим,
Та я не перестав тебе любити,
Повернись, пробач, не йди...

Приспів. (2)');
INSERT OR REPLACE INTO song_links (id,song_id,title,url,kind,version_id,sort_order) VALUES ('pisniua_2304818_l1','pisniua_2304818','YouTube','https://www.youtube.com/watch?v=KzHkmWehDXU','video',NULL,1);
INSERT OR REPLACE INTO songs (id,title,subtitle,lang,country,period,year,source,notes,lyrics,tags_json,lang_locked,status,created_at,updated_at) VALUES ('pisniua_2304414','Сини України','Музика: Марія Прокопець Слова: Марія Прокопець. Виконує: Нескорені','uk','ukr_ssr_1919_1991',NULL,NULL,'1. Рукопис автора, матеріали, надані Богданою Сімович.','Хор Нескорені виконує перший, останній куплети та приспів.','О, рідна Вкраїно, які в тебе були чудесні сини,
За тебе боролись вони до загину, для тебе жили.
Хоч доля жорстока їх гнала із хати в далекі краї,
Та сили ворожі любові святої не вбили в них, ні!

Приспів:
Степан Бандера зорею світить нам стільки літ,
І Коновалець, Гасин, Шухевич - нації цвіт!
Вони безсмертні прапор свободи підняли ввись!
Гордися ними, о, мій народе, гордись, гордись!

Приспів.

Орлами у небі високо літають ті вірні сини,
На тебе, наш краю, згори поглядають тривожно вони:
Чи поклик до волі у серці народу не гасне, - горить?
Твоя, Україно, полинова доля болить їх, болить!

Приспів.

Ти, вільна Вкраїно, синів тих великих завжди пам''ятай.
О, як вони щиро всім серцем любили знедолений край!
Візьми, Україно, частинку любові від них ти, візьми,
І тим, в кого серце байдуже сьогодні, по краплі вділи!

Приспів.

Щаслива Вкраїно, що мала і маєш синів тих святих,
Що стали безсмертні й зорею сіяють, - молися за них.
Тепер твоя черга сповна їм віддати і шану й любов -
Вони ж бо тобі своє серце віддали і тіло, і кров!

Приспів','["pisni.org.ua", "cat:devoted", "cat:istorychni", "cat:povstanski", "cat:suspilno-politychni", "Пісні присвячені окремим особам", "Історичні пісні", "Повстанські пісні", "Суспільно-політичні пісні"]',1,'published',COALESCE((SELECT created_at FROM songs WHERE id='pisniua_2304414'), datetime('now')),datetime('now'));
INSERT OR REPLACE INTO songs_fts(song_id,title,lyrics) VALUES ('pisniua_2304414','Сини України','О, рідна Вкраїно, які в тебе були чудесні сини,
За тебе боролись вони до загину, для тебе жили.
Хоч доля жорстока їх гнала із хати в далекі краї,
Та сили ворожі любові святої не вбили в них, ні!

Приспів:
Степан Бандера зорею світить нам стільки літ,
І Коновалець, Гасин, Шухевич - нації цвіт!
Вони безсмертні прапор свободи підняли ввись!
Гордися ними, о, мій народе, гордись, гордись!

Приспів.

Орлами у небі високо літають ті вірні сини,
На тебе, наш краю, згори поглядають тривожно вони:
Чи поклик до волі у серці народу не гасне, - горить?
Твоя, Україно, полинова доля болить їх, болить!

Приспів.

Ти, вільна Вкраїно, синів тих великих завжди пам''ятай.
О, як вони щиро всім серцем любили знедолений край!
Візьми, Україно, частинку любові від них ти, візьми,
І тим, в кого серце байдуже сьогодні, по краплі вділи!

Приспів.

Щаслива Вкраїно, що мала і маєш синів тих святих,
Що стали безсмертні й зорею сіяють, - молися за них.
Тепер твоя черга сповна їм віддати і шану й любов -
Вони ж бо тобі своє серце віддали і тіло, і кров!

Приспів');
INSERT OR REPLACE INTO songs (id,title,subtitle,lang,country,period,year,source,notes,lyrics,tags_json,lang_locked,status,created_at,updated_at) VALUES ('pisniua_230767','Спи, Ісусе, спи *','Музика: М. Волинський','uk','ukraine_before_1917',NULL,NULL,NULL,'Інші варіанти тексту: http://www.rizdvorazom.org.ua/ukr/tradition/songs/spy.isuse/ http://www.dudaryk.lviv.ua/forever/disco/album2/song10.html http://www.bilozir.com/index.php/article/articleprint/103/-1/2/','Спи, Ісусе, спи, Ісусе, спи, Ісусе. Віченька стули.
Я тебе колисатиму, пісеньками забавлятиму,             |
Спи, Ісусе, спи, маленький, люлі, люлі, спи.           | (2)

Спи, Лелійко, спи, голову склони
Ту на рученьки Марії, бач, Вона Тебе леліє,            |
Спи, Лелійко, спи, серденько, люлі, люлі, спи, спи.    | (2)

Спи, Убогий, спи, рученьки зложи.
Йосифа ще не видати, несе хлібця Тобі дати, спи.       |
Спи, Убогий, спи, серденько, люлі, люлі, спи, спи.     | (2)

Спи, Терпінє, спи, Терпінє, очка зажмури,
Не питай, що колись буде, що зготовлять Ти хрест люди. |
Спи Терпінє, спи серденько, люлі, люлі, спи, спи.      | (2)

Спи, Ісусе, спи, а Серце втвори [отвори],
Най при Ньому спочиваю ту на земли і там в Раю,        |
Спи Ісусе, спи маленький, люлі, люлі, спи...           | (2)','["pisni.org.ua", "cat:christian", "cat:dytyachi", "cat:kolyadky", "cat:kolyskovi", "Пісні на християнську тематику", "Дитячі пісні", "Колядки", "Колискові"]',1,'published',COALESCE((SELECT created_at FROM songs WHERE id='pisniua_230767'), datetime('now')),datetime('now'));
INSERT OR REPLACE INTO songs_fts(song_id,title,lyrics) VALUES ('pisniua_230767','Спи, Ісусе, спи *','Спи, Ісусе, спи, Ісусе, спи, Ісусе. Віченька стули.
Я тебе колисатиму, пісеньками забавлятиму,             |
Спи, Ісусе, спи, маленький, люлі, люлі, спи.           | (2)

Спи, Лелійко, спи, голову склони
Ту на рученьки Марії, бач, Вона Тебе леліє,            |
Спи, Лелійко, спи, серденько, люлі, люлі, спи, спи.    | (2)

Спи, Убогий, спи, рученьки зложи.
Йосифа ще не видати, несе хлібця Тобі дати, спи.       |
Спи, Убогий, спи, серденько, люлі, люлі, спи, спи.     | (2)

Спи, Терпінє, спи, Терпінє, очка зажмури,
Не питай, що колись буде, що зготовлять Ти хрест люди. |
Спи Терпінє, спи серденько, люлі, люлі, спи, спи.      | (2)

Спи, Ісусе, спи, а Серце втвори [отвори],
Най при Ньому спочиваю ту на земли і там в Раю,        |
Спи Ісусе, спи маленький, люлі, люлі, спи...           | (2)');
INSERT OR REPLACE INTO song_links (id,song_id,title,url,kind,version_id,sort_order) VALUES ('pisniua_230767_l1','pisniua_230767','Переглянути варіанти >>','https://www.pisni.org.ua/#variants','external',NULL,1);
INSERT OR REPLACE INTO songs (id,title,subtitle,lang,country,period,year,source,notes,lyrics,tags_json,lang_locked,status,created_at,updated_at) VALUES ('pisniua_230910','А в Нашого Пана серед Двору Древо','Українська народна пісня','uk','ukraine_before_1917',NULL,NULL,'Староукраїнські релігійні роздуми про Бога © Видавництво "Павутинонька", Нью Йорк – Львів – Київ – Харків – Москва, 2004','А в Нашого Пана серед Двору Древо — Колядка стародавня: Українське Різдво Світа. Рай розвився Господь звеселився. Листки з приводу цієї Пісні: Бог, Різдво Світа, Дідух і Лицарі. Українські релігійні роздуми про Бога: Яблучко. Св. Микола 19.12 – Народний речник перед Богом і Прадід. Стежки до листків про Українські традиції.','А в Нашого Пана серед Двору Древо
Приспів: Щедрий Вечір Добрий Вечір !

Молодий Іванко вружжо заряджає
Вружжо заряджає на Орла стріляє

Не стріляй на мене Молодий Іванку
Тай буде на тебе тай Три Погодоньки
Що Перва погода Сніг та Метелиця
Як Друга погода Срібен Дощик іде
Що Третя погода Ясне Сонце світить','["pisni.org.ua", "cat:kolyadky", "cat:shchedrivky", "Колядки", "Щедрівки"]',1,'published',COALESCE((SELECT created_at FROM songs WHERE id='pisniua_230910'), datetime('now')),datetime('now'));
INSERT OR REPLACE INTO songs_fts(song_id,title,lyrics) VALUES ('pisniua_230910','А в Нашого Пана серед Двору Древо','А в Нашого Пана серед Двору Древо
Приспів: Щедрий Вечір Добрий Вечір !

Молодий Іванко вружжо заряджає
Вружжо заряджає на Орла стріляє

Не стріляй на мене Молодий Іванку
Тай буде на тебе тай Три Погодоньки
Що Перва погода Сніг та Метелиця
Як Друга погода Срібен Дощик іде
Що Третя погода Ясне Сонце світить');
INSERT OR REPLACE INTO songs (id,title,subtitle,lang,country,period,year,source,notes,lyrics,tags_json,lang_locked,status,created_at,updated_at) VALUES ('pisniua_2303910','Пісня для дітей про святого Миколая','Музика: Віталій Кобринович Слова: Анна Канич','uk','ukraine_1991',NULL,NULL,'аудіозапис',NULL,'Сьогодні до очей твоїх
Святкові злинуть сни,
І ступить гість на твій поріг,
Ангелики із ним.
Це ніччю Миколай прийде,
Наш Миколай Святий,
І подарунок покладе,
Якщо заслужиш ти!

Приспів:
Миколай, наш Святий Миколай,
Завітає у рідний наш край!
Непомітно він зайде у кожен дім,
Щоб життя звеселити усім!

Він любить чемних всіх дітей,
Жаліє вдів, сиріт,
Рятує на землі людей
Від злиднів, горя, бід.
В ту ясну ніч, в святковий час
Він ступить на поріг.
Де Миколай іде до нас
Крізь тисячі доріг.

Приспів. (2)','["pisni.org.ua", "cat:svyatyy-mykolay", "Пісні про Святого Миколая"]',1,'published',COALESCE((SELECT created_at FROM songs WHERE id='pisniua_2303910'), datetime('now')),datetime('now'));
INSERT OR REPLACE INTO songs_fts(song_id,title,lyrics) VALUES ('pisniua_2303910','Пісня для дітей про святого Миколая','Сьогодні до очей твоїх
Святкові злинуть сни,
І ступить гість на твій поріг,
Ангелики із ним.
Це ніччю Миколай прийде,
Наш Миколай Святий,
І подарунок покладе,
Якщо заслужиш ти!

Приспів:
Миколай, наш Святий Миколай,
Завітає у рідний наш край!
Непомітно він зайде у кожен дім,
Щоб життя звеселити усім!

Він любить чемних всіх дітей,
Жаліє вдів, сиріт,
Рятує на землі людей
Від злиднів, горя, бід.
В ту ясну ніч, в святковий час
Він ступить на поріг.
Де Миколай іде до нас
Крізь тисячі доріг.

Приспів. (2)');
INSERT OR REPLACE INTO song_links (id,song_id,title,url,kind,version_id,sort_order) VALUES ('pisniua_2303910_l1','pisniua_2303910','YouTube','https://www.youtube.com/watch?v=qsa6FRPzEoM','video',NULL,1);
INSERT OR REPLACE INTO songs (id,title,subtitle,lang,country,period,year,source,notes,lyrics,tags_json,lang_locked,status,created_at,updated_at) VALUES ('pisniua_2307596','Благослови, Боже, і отець, і мати','(Розплітання коси). Українська народна пісня','uk','ukraine_before_1917',NULL,NULL,NULL,NULL,'Благослови, Боже,
Благослови, Боже,
І отець, і мати,
Своєму дитяті
Русу косу розплітати.
І в другий раз
У Божий час.

Благослови, Боже,
Благослови, Боже,
І отець, і мати,
Своєму дитяті
Русу косу розплітати.
І в третій раз
У Божий час.

Благослови, Боже,
Благослови, Боже,
І отець, і мати,
Своєму дитяті
Русу косу розплітати.','["pisni.org.ua", "cat:vesilni", "Весільні пісні"]',1,'published',COALESCE((SELECT created_at FROM songs WHERE id='pisniua_2307596'), datetime('now')),datetime('now'));
INSERT OR REPLACE INTO songs_fts(song_id,title,lyrics) VALUES ('pisniua_2307596','Благослови, Боже, і отець, і мати','Благослови, Боже,
Благослови, Боже,
І отець, і мати,
Своєму дитяті
Русу косу розплітати.
І в другий раз
У Божий час.

Благослови, Боже,
Благослови, Боже,
І отець, і мати,
Своєму дитяті
Русу косу розплітати.
І в третій раз
У Божий час.

Благослови, Боже,
Благослови, Боже,
І отець, і мати,
Своєму дитяті
Русу косу розплітати.');
INSERT OR REPLACE INTO songs (id,title,subtitle,lang,country,period,year,source,notes,lyrics,tags_json,lang_locked,status,created_at,updated_at) VALUES ('pisniua_230890','Через Наше Сельце везли Клен Деревце','Українська народна пісня. Виконує: Ніна Матвієнко','uk','ukraine_before_1917',NULL,NULL,'Староукраїнські релігійні роздуми про Бога © Видавництво "Павутинонька", Нью Йорк – Львів – Київ – Харків – Москва, 2004','Пара - любощі: Сельце-Деревце. Церковця-Дзвіниця. Свічечка-Дзвоник. Вибір Пари. Астральні Заручини — Українське містичне Весілля: / Купала. Еротика, жарти, забави: Катерини –... Гаїлки-Великдень... Зелені Свята... Івана Купала... Весілля... – Щедровечірнє й Новорічне: Маланки-Василь. Коза. Кіт... –... Рай розвився Господь звеселився. Івана Купала тай в Воду упала. А з того Деревця строїли Церковцю. Були Світилки Яснії Зірки. А в тії Церковці Три Свічечки Ясні. А в тії Дзвіниці Три Дзвоники Гласні. Листки з приводу цієї Пісні: Українська Астрально-мітольоґічна реліґійна концепція. Українські релігійні роздуми про Бога. Про Свято Івана Купала Стежки до листків про Українські традиції.','Через Наше Сельце везли Клен-Деревце
Приспів: Дерево Клен-Дерево Дрібне Зелененьке | (2)

А з того Деревця строїли Церковцю
А в тії Церковці Три Свічечки Ясні
Перша свіча ясна то Ніночка Красна
Друга свіча ясна то Ганнуся Красна
Третя свіча ясна то Улянка Красна

Через наше Сельце везли Клен-Деревце
А з того Деревця строїли Дзвіницю
А в тії Дзвіниці Три Дзвоники Гласні
Перший дзвоник гласний то Іванко Красний
Другий дзвоник гласний то Андрійко Красний
Третій дзвоник гласний то Петрусик Красний','["pisni.org.ua", "cat:kupalski", "cat:shchedrivky", "Купальські пісні", "Щедрівки"]',1,'published',COALESCE((SELECT created_at FROM songs WHERE id='pisniua_230890'), datetime('now')),datetime('now'));
INSERT OR REPLACE INTO songs_fts(song_id,title,lyrics) VALUES ('pisniua_230890','Через Наше Сельце везли Клен Деревце','Через Наше Сельце везли Клен-Деревце
Приспів: Дерево Клен-Дерево Дрібне Зелененьке | (2)

А з того Деревця строїли Церковцю
А в тії Церковці Три Свічечки Ясні
Перша свіча ясна то Ніночка Красна
Друга свіча ясна то Ганнуся Красна
Третя свіча ясна то Улянка Красна

Через наше Сельце везли Клен-Деревце
А з того Деревця строїли Дзвіницю
А в тії Дзвіниці Три Дзвоники Гласні
Перший дзвоник гласний то Іванко Красний
Другий дзвоник гласний то Андрійко Красний
Третій дзвоник гласний то Петрусик Красний');
INSERT OR REPLACE INTO songs (id,title,subtitle,lang,country,period,year,source,notes,lyrics,tags_json,lang_locked,status,created_at,updated_at) VALUES ('pisniua_230971','Ой у Лісі й у Лісі на Дубку','Українська народна пісня','uk','ukraine_before_1917',NULL,NULL,'Староукраїнські релігійні роздуми про Бога © Видавництво "Павутинонька", Нью Йорк – Львів – Київ – Харків – Москва, 2004','(с. Комарівка, Бучанський район, Київська область) Астральні Заручини — Українське містичне Весілля: Різдво Світа / Купала. Еротика, жарти, забави: Катерини – Калета – Андрія... Гаїлки-Великдень... Зелені Свята... Івана Купала... Весілля... – Щедровечірнє й Новорічне: Маланки-Василь. Коза. Кіт... – Мед і Ябка... Рай розвився Господь звеселився. Були Світилки Яснії Зірки. Шиє-малює Злотом гаптує. Там повісив Хлопчина Гойдалку. Листки з приводу цієї Пісні: Бог, Різдво Світа, Дідух і Лицарі. Українські Свята Різдва Світа і Щедрого Вечора. Староукраїнські релігійні роздуми про Бога: Яблучко. Що означає ім''я "Коляда"? Св. Микола 19.12 – Народний речник перед Богом і Прадід. Стежки до листків про Українські традиції.','Ой, у Лісі й у Лісі на Дубку,
Там повісив Хлопчина Гойдалку.

Гойдайте мене й високо,
Ой, щоб було видненько далеко.

Де моя Тещонька мед-вино п''є,
Де моя Дівчина Вінка в''є.

Ой, де моя Дівчина походжає,
Вишитими рукавами й махає.

Чорними бровами і моргає,
Тай до себе Хлопчину гукає.

Ой, до мене, Хлопчино, до мене,
Чорниє брівоньки й у мене!','["pisni.org.ua", "cat:kupalski", "cat:zeleni-svyata", "Купальські пісні", "Пісні до Зелених свят"]',1,'published',COALESCE((SELECT created_at FROM songs WHERE id='pisniua_230971'), datetime('now')),datetime('now'));
INSERT OR REPLACE INTO songs_fts(song_id,title,lyrics) VALUES ('pisniua_230971','Ой у Лісі й у Лісі на Дубку','Ой, у Лісі й у Лісі на Дубку,
Там повісив Хлопчина Гойдалку.

Гойдайте мене й високо,
Ой, щоб було видненько далеко.

Де моя Тещонька мед-вино п''є,
Де моя Дівчина Вінка в''є.

Ой, де моя Дівчина походжає,
Вишитими рукавами й махає.

Чорними бровами і моргає,
Тай до себе Хлопчину гукає.

Ой, до мене, Хлопчино, до мене,
Чорниє брівоньки й у мене!');
INSERT OR REPLACE INTO song_links (id,song_id,title,url,kind,version_id,sort_order) VALUES ('pisniua_230971_l1','pisniua_230971','YouTube','https://www.youtube.com/watch?v=D8vQmJ6Fxks','video',NULL,1);
INSERT OR REPLACE INTO songs (id,title,subtitle,lang,country,period,year,source,notes,lyrics,tags_json,lang_locked,status,created_at,updated_at) VALUES ('pisniua_230990','Голубка','Виконує: Володимир Шинкарук, Ірина Шинкарук','uk','ukraine_1991',NULL,'1993','Аудіо-збірка "Ірина та Володимир Шинкаруки" (1993-2001)','Текст і акорди записано на слух за джерелом 1. Оригінальна тональність: A#m (каподастр на I ладі). В джерелі пісню датовано: 1993. * Перша строфа співається без акомпанементу. Один із використаних акордів: E7* [0 2 0 x 3 0] Підбір акордів: bohdanko (pisni.org.ua)','Голубка біла
довго летіла
з чужого краю
до свого гаю...*

Am
Крізь блискавиці,
крізь громовиці,
крізь чорні далі, |
E7          Am   |(x2)
мов крізь печалі. |

F              G        E7*
Летіла з чужини втомлена птиця,
Dm       Am   E7*      Am
Ой гулі-гулі, ой гулі-гулі,
F              G      E7*
Туди, де голубку голуб кличе, |
Dm       Am   E7*      Am     |(x2)
Ой гулі-гулі, ой гулі-гулі... |

Голубка біла
довго летіла
з чужого краю   |
до свого гаю... |(x2)

Голубку білу
ой та й зустріли
добрії люди
пострілом вгруди...
люди-люди
пострілом вгруди.

Летіла з чужини втомлена птиця,
Ой гулі-гулі, ой гулі-гулі,
Туди, де голубку голуб кличе, |
Ой гулі-гулі, ой гулі-гулі... | (x2)

Мертвії крила.
Весняні дзвони.
Голубка біла,   |
а кров червона. |(x2)
Голубка біла,
а кров...

Летіла з чужини втомлена птиця...
Голубка біла,
а кров червона.','["pisni.org.ua", "cat:bardivski", "Бардівські пісні"]',1,'published',COALESCE((SELECT created_at FROM songs WHERE id='pisniua_230990'), datetime('now')),datetime('now'));
INSERT OR REPLACE INTO songs_fts(song_id,title,lyrics) VALUES ('pisniua_230990','Голубка','Голубка біла
довго летіла
з чужого краю
до свого гаю...*

Am
Крізь блискавиці,
крізь громовиці,
крізь чорні далі, |
E7          Am   |(x2)
мов крізь печалі. |

F              G        E7*
Летіла з чужини втомлена птиця,
Dm       Am   E7*      Am
Ой гулі-гулі, ой гулі-гулі,
F              G      E7*
Туди, де голубку голуб кличе, |
Dm       Am   E7*      Am     |(x2)
Ой гулі-гулі, ой гулі-гулі... |

Голубка біла
довго летіла
з чужого краю   |
до свого гаю... |(x2)

Голубку білу
ой та й зустріли
добрії люди
пострілом вгруди...
люди-люди
пострілом вгруди.

Летіла з чужини втомлена птиця,
Ой гулі-гулі, ой гулі-гулі,
Туди, де голубку голуб кличе, |
Ой гулі-гулі, ой гулі-гулі... | (x2)

Мертвії крила.
Весняні дзвони.
Голубка біла,   |
а кров червона. |(x2)
Голубка біла,
а кров...

Летіла з чужини втомлена птиця...
Голубка біла,
а кров червона.');
INSERT OR REPLACE INTO songs (id,title,subtitle,lang,country,period,year,source,notes,lyrics,tags_json,lang_locked,status,created_at,updated_at) VALUES ('pisniua_231199','Люлі Люлі Старий Гулю','Українська народна пісня','uk','ukraine_before_1917',NULL,NULL,'Співаймо Світові-Дитині: Колядки, Щедрівки та Колискові © Видавництво „Павутинонька“, Нью Йорк – Львів – Київ – Харків – Москва, 2002','Колискові: Світові-Дитині. Еротика, жарти, забави: Катерини – Калета – Андрія... Гаїлки-Великдень... Зелені Свята... Івана Купала... Весілля... – Щедровечірнє й Новорічне: Маланки-Василь. Коза. Кіт... – Мед і Ябка... Ходить Котик по Плоточку. Листки з приводу цієї Пісні: Еротичні містерії, Катерини 7.12 — Передріздвяний Святочний час. Еротичні містерії, Калета 13.12 — Передріздвяний Святочний час. Співаймо Світові-Дитині: Колядки, Щедрівки та Колискові. Стежки до листків про Українські традиції. Висловлювання: Тримаймося Пісень. Якби можна було повернутися в ті часи, коли всі і скрізь співали, і до кожної нагоди життя були свої пісні! – Колись селянин, тепер начальник управління.','Люлі-люлі Старий Гулю
Лізь на Вишку по Цибулю
Не полізу бо боюся
Впаду з Вишки тай заб''юся

Люлі-люлі Старий Басе
Лізь нагору по Ковбаси
Зараз тільки з Печі встану
Може якось їх дістану','["pisni.org.ua", "cat:kolyskovi", "Колискові"]',1,'published',COALESCE((SELECT created_at FROM songs WHERE id='pisniua_231199'), datetime('now')),datetime('now'));
INSERT OR REPLACE INTO songs_fts(song_id,title,lyrics) VALUES ('pisniua_231199','Люлі Люлі Старий Гулю','Люлі-люлі Старий Гулю
Лізь на Вишку по Цибулю
Не полізу бо боюся
Впаду з Вишки тай заб''юся

Люлі-люлі Старий Басе
Лізь нагору по Ковбаси
Зараз тільки з Печі встану
Може якось їх дістану');
INSERT OR REPLACE INTO songs (id,title,subtitle,lang,country,period,year,source,notes,lyrics,tags_json,lang_locked,status,created_at,updated_at) VALUES ('pisniua_2308010','Котився вінець з поля','Українська народна пісня','uk','ukraine_before_1917',NULL,NULL,'Пісні Явдохи Зуїхи / Запис. Гнат Танцюра. - Київ: Наукова Думка, 1965. - 812 с.',NULL,'Котився вінець з поля,
Котився вінець з поля,
Закотився до голови двору.

Жніте, женчики, жніте,
Жніте, женчики, жніте
І віночок плетіте.

Віночок пелихатий,
Віночок пелихатий,
Наш господар багатий.

А господиня пишна,
А господиня пишна
Проти женчиків вийшла.

Женчики мої милі,
Женчики мої милі
Що ви в полі робили?

Чи спали, чи лежали,
Чи спали, чи лежали,
Чи пшениці дожали?

Ні спали, ні лежали,
Ні спали, ні лежали,
Ми пшениці дожали.

А господиня багата,
А господиня багата,
Зарізала гусака.

Зарізала ще й гуску,
Зарізала ще й гуску
Женчикам на закуску.','["pisni.org.ua", "cat:obzhynkovi", "Обжинкові пісні"]',1,'published',COALESCE((SELECT created_at FROM songs WHERE id='pisniua_2308010'), datetime('now')),datetime('now'));
INSERT OR REPLACE INTO songs_fts(song_id,title,lyrics) VALUES ('pisniua_2308010','Котився вінець з поля','Котився вінець з поля,
Котився вінець з поля,
Закотився до голови двору.

Жніте, женчики, жніте,
Жніте, женчики, жніте
І віночок плетіте.

Віночок пелихатий,
Віночок пелихатий,
Наш господар багатий.

А господиня пишна,
А господиня пишна
Проти женчиків вийшла.

Женчики мої милі,
Женчики мої милі
Що ви в полі робили?

Чи спали, чи лежали,
Чи спали, чи лежали,
Чи пшениці дожали?

Ні спали, ні лежали,
Ні спали, ні лежали,
Ми пшениці дожали.

А господиня багата,
А господиня багата,
Зарізала гусака.

Зарізала ще й гуску,
Зарізала ще й гуску
Женчикам на закуску.');
INSERT OR REPLACE INTO songs (id,title,subtitle,lang,country,period,year,source,notes,lyrics,tags_json,lang_locked,status,created_at,updated_at) VALUES ('pisniua_2305563','Ой, як крикне старий орел',NULL,'uk','ukraine_1991',NULL,NULL,NULL,NULL,'Ой, як крикне старий орел,
Щo під хмари в''ється,­
Гей, загуло Запоріжжя,
Бо до ради тнеться.

Сірко славний серед кола
Раду оглядає,
Товариство привітає
Та й так промовляє:

"Гей, панове-запорожці!
Татарва лякає,
Не вдаваймось у дурницю,
Бо якраз злапає!

По збирайтесь зараз сотні
І сідлайте коні,
Та чекайте отамана,
Отам на вигоні!"

Як прилинув козак Сірий
На сивому коні:
"Нумо, славні запорожці,
Ходім в чисте поле!"

Ой, як крикне старий орел
Попід небнім склоні,
Спинилися запорожці
Попасати коні.

А як крикне старий орел,
На шпиль-гору сівши,
Засумили запорожці,
Коней погубивши.

"Батьку, славний отамане!
Що маєш робити?
Без коня ти що такеє?­
Як орел підбитий!"

Зажурився козак Сірий
Проміж козаками,
Як вит лонька засумилась
Проміж ясенками.

Ось прилинув козак з варти,
Де займані коні:
"Не журися, отамане,­
Коні вже в загоні!"

"Ой братику ж мій завзятий.
Запорожець милий!
Кажи ж хутчій, чи жив ще мій
Кониченько сивий?"

"Та жив, здоров, і  всі цілі
Твої запорожці;
Тільки ж трошки потрощили
Татарюзі кості!"

Зареготався отаман:
"Добре, пани-брати!
Ну, тепер же ми ходімо,
Рушайте ж гармати!"

Загудів стан запорізький,
Як Чорнеє море,­
Понеслися запорожці
Облавою в поле ...

Ой, не вітер в полі грає,
Не орел літає -
Ото ж Сірин з товариством
По степу гуляє!','["pisni.org.ua", "cat:istorychni", "Історичні пісні"]',1,'published',COALESCE((SELECT created_at FROM songs WHERE id='pisniua_2305563'), datetime('now')),datetime('now'));
INSERT OR REPLACE INTO songs_fts(song_id,title,lyrics) VALUES ('pisniua_2305563','Ой, як крикне старий орел','Ой, як крикне старий орел,
Щo під хмари в''ється,­
Гей, загуло Запоріжжя,
Бо до ради тнеться.

Сірко славний серед кола
Раду оглядає,
Товариство привітає
Та й так промовляє:

"Гей, панове-запорожці!
Татарва лякає,
Не вдаваймось у дурницю,
Бо якраз злапає!

По збирайтесь зараз сотні
І сідлайте коні,
Та чекайте отамана,
Отам на вигоні!"

Як прилинув козак Сірий
На сивому коні:
"Нумо, славні запорожці,
Ходім в чисте поле!"

Ой, як крикне старий орел
Попід небнім склоні,
Спинилися запорожці
Попасати коні.

А як крикне старий орел,
На шпиль-гору сівши,
Засумили запорожці,
Коней погубивши.

"Батьку, славний отамане!
Що маєш робити?
Без коня ти що такеє?­
Як орел підбитий!"

Зажурився козак Сірий
Проміж козаками,
Як вит лонька засумилась
Проміж ясенками.

Ось прилинув козак з варти,
Де займані коні:
"Не журися, отамане,­
Коні вже в загоні!"

"Ой братику ж мій завзятий.
Запорожець милий!
Кажи ж хутчій, чи жив ще мій
Кониченько сивий?"

"Та жив, здоров, і  всі цілі
Твої запорожці;
Тільки ж трошки потрощили
Татарюзі кості!"

Зареготався отаман:
"Добре, пани-брати!
Ну, тепер же ми ходімо,
Рушайте ж гармати!"

Загудів стан запорізький,
Як Чорнеє море,­
Понеслися запорожці
Облавою в поле ...

Ой, не вітер в полі грає,
Не орел літає -
Ото ж Сірин з товариством
По степу гуляє!');
INSERT OR REPLACE INTO songs (id,title,subtitle,lang,country,period,year,source,notes,lyrics,tags_json,lang_locked,status,created_at,updated_at) VALUES ('pisniua_231414','Благослови Мати Весну закликати','Українська народна пісня. Виконує: Злата','uk','ukraine_before_1917',NULL,NULL,'Потаємні пісні любощів і кохання © Видавництво "Павутинонька", Нью Йорк – Львів – Київ – Харків – Москва, 2002','Гаїлки-Великдень: Українське свято Відродження Світа. Пара — любощі: Мати. Еротика, жарти, забави: Катерини – Калета – Андрія... Гаїлки-Великдень... Зелені Свята... Івана Купала... Весілля... – Щедровечірнє й Новорічне: Маланки-Василь. Коза. Кіт... Вже Весна воскресла. Благослови Мати Весну закликати. Гаївоньку починаймо у Добрий Час. Дай нам Доле Довгий Вік. Под же Дівча медже Нас. Щоб на Нашій на Веснянці збиралася збірна. Бердо Бердо Бердовичко Благослови Мати Весну закликати Благослови Мати Весну закликати (2) Весняночка Паняночка хто по Тобі ходить Вийди вийди Іванку Вийди вийди Іваночку Де Гаївка лунала Там Діброва палала Добрий День Марійко маєш Дочок стілько Ой як вийду ой як крикну догадайся Травко Муравко чом ти ни зелена Кругом Нього зелененько всередині веселенько. Листки з приводу цієї Пісні: Коляда і Великдень: Різдво і Відродження Світа Гаїлки-Великдень: Українське Свято Відродження Світа. (Вибір Пісень) Про Українські назви місяців Марець і Май. Еротичні містерії, тиждень від Катерини 7.12 до Калети — Передріздвяний Святочний час. Еротичні містерії, Калета 13.12 — Передріздвяний Святочний час. Стежки до інших листків про Українські традиції. ВИСЛОВЛЮВАННЯ: Храм Добра. Я гадаю, що ціль усіх великих релігійних звичаїв – не строїти великі храми назовні, але творити храми добра та співчуття всередині, в наших серцях. — Далай-лама Пісні — душа Українського народу. Піснї україньско-руского народа вяжуть ся тісно з єго житєм і подають вірне з''ображенє народного побуту від найдавнїйших часів, відколи нарід почав себе тямити, аж до нинїшного дня; у піснях зложив нарід свою сповідь, відкрив свою душу, виявив свободолюбні змаганя та зобразив вірно свою вдачу. Через народні піснї вчимо ся пізнавати людску душу, учимо ся розуміти і любити людий та цінити в кождім чоловіцї те, що в нїм є людского: наша народна поезия має образуючий і виховуючий вплив на широкі маси народу і ріжні єго верстви. Народні піснї — се неначе національна біблїя україньско-руского народу, се книга мудрости, у якій зложив нарід плоди свого довговікового досьвіду і тисячлїтної культури. Україньскі народні піснї визначають ся прекрасною формою пісенного складу і незвичайним богатством поетичного вислову. Християньске духовенство в інтересї церкви старало ся викоріняти серед народу давну віру, заказуючи і виклинаючи стародавні обрядові піснї, як "бісовскія пінія" або приноровлюючи сї піснї до християньских сьвятих і празників. Таким чином заведенє й розширенє християньскої віри спинило розвій давної релїґійної поезиї, а само християньство не змогло уже витворити у нас своєрідної національної поезиї релїґійної. — Степан Дубравський','Благослови Мати Весну закликати
Весну закликати Зиму проводжати
Весну закликати Зиму проводжати
Зимонька в Возочку Літечко в Човночку

Благослови Мати Весну закликати
Весну закликати Зиму проводжати
Весну закликати Зиму проводжати
Зимонька в Возочку Літечко в Човночку

Благослови Мати Весну закликати
Весну закликати Зиму проводжати
Весну закликати Зиму проводжати
Зимонька в Возочку Літечко в Човночку

Відміна 2:

Благослови Мати Весну закликати!
Весну закликати Зиму проводжати

Ой Весно Весно що ж Ти нам принесла
Принесла нам в Хату Радості багато
В Комору Достатки на Поле Дозвілля
Зелен-розмарину на Моє Весілля

Відміна 3:

Весно Наша Весно що Ти нам принесла
Принесла Вам Літо щоб родило Жито

Весно Наша Весно що Ти нам принесла
Принесла Вам Росу Парубоцьку Красу','["pisni.org.ua", "cat:vesnyanky-hayivky", "Веснянки та гаївки"]',1,'published',COALESCE((SELECT created_at FROM songs WHERE id='pisniua_231414'), datetime('now')),datetime('now'));
INSERT OR REPLACE INTO songs_fts(song_id,title,lyrics) VALUES ('pisniua_231414','Благослови Мати Весну закликати','Благослови Мати Весну закликати
Весну закликати Зиму проводжати
Весну закликати Зиму проводжати
Зимонька в Возочку Літечко в Човночку

Благослови Мати Весну закликати
Весну закликати Зиму проводжати
Весну закликати Зиму проводжати
Зимонька в Возочку Літечко в Човночку

Благослови Мати Весну закликати
Весну закликати Зиму проводжати
Весну закликати Зиму проводжати
Зимонька в Возочку Літечко в Човночку

Відміна 2:

Благослови Мати Весну закликати!
Весну закликати Зиму проводжати

Ой Весно Весно що ж Ти нам принесла
Принесла нам в Хату Радості багато
В Комору Достатки на Поле Дозвілля
Зелен-розмарину на Моє Весілля

Відміна 3:

Весно Наша Весно що Ти нам принесла
Принесла Вам Літо щоб родило Жито

Весно Наша Весно що Ти нам принесла
Принесла Вам Росу Парубоцьку Красу');
INSERT OR REPLACE INTO song_links (id,song_id,title,url,kind,version_id,sort_order) VALUES ('pisniua_231414_l1','pisniua_231414','YouTube','https://www.youtube.com/watch?v=pUb8xj9jOEw','video',NULL,1);
INSERT OR REPLACE INTO song_links (id,song_id,title,url,kind,version_id,sort_order) VALUES ('pisniua_231414_l2','pisniua_231414','YouTube','https://www.youtube.com/watch?v=IFJxMeChZ4c','video',NULL,2);
INSERT OR REPLACE INTO songs (id,title,subtitle,lang,country,period,year,source,notes,lyrics,tags_json,lang_locked,status,created_at,updated_at) VALUES ('pisniua_231498','Чом ти не прийшов?','Українська народна пісня. Виконує: Гурт "Експрес"','uk','ukraine_before_1917',NULL,NULL,NULL,'Див. спільні мотиви у пісні: Тече річенька невеличенька.','— Чом ти не прийшов, як місяць зійшов,
Як я тебе чекала?
Чи коня не мав, чи стежки не знав,
Мати не пускала?

- І коня я мав, і стежку я знав,
І мати пускала,
Найменша сестра, бодай не зросла, —
Сідельце сховала.

А старша сестра сідельце знайшла,
Коня осідлала.
- Ой їдь, братику, до дівчиноньки,
Що тебе чекала.

— Тече річенька невеличенька,
Схочу - перескочу.
Віддай же мене, моя матінко,
За кого я хочу.

Віддала мене, моя матінка
За діда старого
Казала менішанувать його
Так як молодого

Шанувала рік, шанувала два,
третій не стерпіла.
Перекинулась в сиву зозулю
Тай в світ полетіла.

Гаєм летіла, землю кропила
Дрібними сльозами.
Гаєм летіла, гілля ламала
Білими руками.

Прилетіла в сад та й стала кувать
В саду на калині.
Та й стала кувать, жалю завдавать,
Горе на чужині','["pisni.org.ua", "cat:lirychni", "cat:narodni", "Пісні про кохання, ліричні", "Народні пісні"]',1,'published',COALESCE((SELECT created_at FROM songs WHERE id='pisniua_231498'), datetime('now')),datetime('now'));
INSERT OR REPLACE INTO songs_fts(song_id,title,lyrics) VALUES ('pisniua_231498','Чом ти не прийшов?','— Чом ти не прийшов, як місяць зійшов,
Як я тебе чекала?
Чи коня не мав, чи стежки не знав,
Мати не пускала?

- І коня я мав, і стежку я знав,
І мати пускала,
Найменша сестра, бодай не зросла, —
Сідельце сховала.

А старша сестра сідельце знайшла,
Коня осідлала.
- Ой їдь, братику, до дівчиноньки,
Що тебе чекала.

— Тече річенька невеличенька,
Схочу - перескочу.
Віддай же мене, моя матінко,
За кого я хочу.

Віддала мене, моя матінка
За діда старого
Казала менішанувать його
Так як молодого

Шанувала рік, шанувала два,
третій не стерпіла.
Перекинулась в сиву зозулю
Тай в світ полетіла.

Гаєм летіла, землю кропила
Дрібними сльозами.
Гаєм летіла, гілля ламала
Білими руками.

Прилетіла в сад та й стала кувать
В саду на калині.
Та й стала кувать, жалю завдавать,
Горе на чужині');
INSERT OR REPLACE INTO song_links (id,song_id,title,url,kind,version_id,sort_order) VALUES ('pisniua_231498_l1','pisniua_231498','YouTube','https://www.youtube.com/watch?v=GQet0Vk7-ec','video',NULL,1);
INSERT OR REPLACE INTO song_links (id,song_id,title,url,kind,version_id,sort_order) VALUES ('pisniua_231498_l2','pisniua_231498','YouTube','https://www.youtube.com/watch?v=jbzAszolLWE','video',NULL,2);
INSERT OR REPLACE INTO song_links (id,song_id,title,url,kind,version_id,sort_order) VALUES ('pisniua_231498_l3','pisniua_231498','YouTube','https://www.youtube.com/watch?v=eKJPUQdFoaU','video',NULL,3);
INSERT OR REPLACE INTO song_links (id,song_id,title,url,kind,version_id,sort_order) VALUES ('pisniua_231498_l4','pisniua_231498','YouTube','https://www.youtube.com/watch?v=HH6mxL30Xrs','video',NULL,4);
INSERT OR REPLACE INTO song_links (id,song_id,title,url,kind,version_id,sort_order) VALUES ('pisniua_231498_l5','pisniua_231498','YouTube','https://www.youtube.com/watch?v=c0NOi0UtVIE','video',NULL,5);
INSERT OR REPLACE INTO song_links (id,song_id,title,url,kind,version_id,sort_order) VALUES ('pisniua_231498_l6','pisniua_231498','Переглянути варіанти >>','https://www.pisni.org.ua/#variants','external',NULL,6);
INSERT OR REPLACE INTO songs (id,title,subtitle,lang,country,period,year,source,notes,lyrics,tags_json,lang_locked,status,created_at,updated_at) VALUES ('pisniua_23091','Там під Львівським замком','Українська народна пісня','uk','ukrainian_peoples_republic_1917_1921',NULL,NULL,NULL,'Повторення - на зразок першого куплета','Там, під Львівським замком, старий дуб стоїть.
Там, під Львівським замком, старий дуб стоїть.
А під тим дубочком січовик лежить.
Там, під Львівським замком, старий дуб стоїть.
А під тим дубочком січовик лежить.

Він лежить не дише, він неначе спить.
Золоті кучері вітер шелестить.

А над ним старенька матінка стоїть.
І до нього стиха слова говорить:

"Сину ж ти, мій сину, дитино моя.
Були б тя не вбили, якби не війна.

Було вас у батька  п''ятеро синів.
Ти був наймолодший, сину мій Андрій.

Як ти був маленьким, батько воював.
Він за Україну голову поклав".

А позаду неньки отаман стоїть.
І до неї стиха слова говорить:

"Hе плач, стара мати - син героєм став,
Він за Україну голову поклав".

Висока могила, хрест березовий.
А на тому хресті тризуб золотий.    Фонограма-мінус (mp3, 320 kbps). весільний вальс','["pisni.org.ua", "cat:narodni", "cat:patriotic", "cat:strilecki", "Народні пісні", "Патріотичні пісні", "Стрілецькі пісні"]',1,'published',COALESCE((SELECT created_at FROM songs WHERE id='pisniua_23091'), datetime('now')),datetime('now'));
INSERT OR REPLACE INTO songs_fts(song_id,title,lyrics) VALUES ('pisniua_23091','Там під Львівським замком','Там, під Львівським замком, старий дуб стоїть.
Там, під Львівським замком, старий дуб стоїть.
А під тим дубочком січовик лежить.
Там, під Львівським замком, старий дуб стоїть.
А під тим дубочком січовик лежить.

Він лежить не дише, він неначе спить.
Золоті кучері вітер шелестить.

А над ним старенька матінка стоїть.
І до нього стиха слова говорить:

"Сину ж ти, мій сину, дитино моя.
Були б тя не вбили, якби не війна.

Було вас у батька  п''ятеро синів.
Ти був наймолодший, сину мій Андрій.

Як ти був маленьким, батько воював.
Він за Україну голову поклав".

А позаду неньки отаман стоїть.
І до неї стиха слова говорить:

"Hе плач, стара мати - син героєм став,
Він за Україну голову поклав".

Висока могила, хрест березовий.
А на тому хресті тризуб золотий.    Фонограма-мінус (mp3, 320 kbps). весільний вальс');
INSERT OR REPLACE INTO song_links (id,song_id,title,url,kind,version_id,sort_order) VALUES ('pisniua_23091_l1','pisniua_23091','YouTube','https://www.youtube.com/watch?v=-Gb_ILobzTM','video',NULL,1);
INSERT OR REPLACE INTO song_links (id,song_id,title,url,kind,version_id,sort_order) VALUES ('pisniua_23091_l2','pisniua_23091','YouTube','https://www.youtube.com/watch?v=wsGyJfu0MXQ','video',NULL,2);
INSERT OR REPLACE INTO song_links (id,song_id,title,url,kind,version_id,sort_order) VALUES ('pisniua_23091_l3','pisniua_23091','YouTube','https://www.youtube.com/watch?v=d-gdYsIAV8E','video',NULL,3);
INSERT OR REPLACE INTO song_links (id,song_id,title,url,kind,version_id,sort_order) VALUES ('pisniua_23091_l4','pisniua_23091','Переглянути варіанти >>','https://www.pisni.org.ua/#variants','external',NULL,4);
INSERT OR REPLACE INTO songs (id,title,subtitle,lang,country,period,year,source,notes,lyrics,tags_json,lang_locked,status,created_at,updated_at) VALUES ('pisniua_231420','Вийди вийди Іваночку','Українська народна пісня. Виконує: Ніна Матвієнко, Тріо "Золоті Ключі"','uk','ukraine_before_1917',NULL,NULL,'Потаємні пісні любощів і кохання © Видавництво "Павутинонька", Нью Йорк – Львів – Київ – Харків – Москва, 2002','Гаїлки-Великдень: Українське свято Відродження Світа. Пара — любощі: Вінок - Золотий Кілок. Еротика, жарти, забави: Катерини – Калета – Андрія... Гаїлки-Великдень... Зелені Свята... Івана Купала... Весілля... – Щедровечірнє й Новорічне: Маланки-Василь. Коза. Кіт... Наспів цієї Веснянки є основою Фіналу 1-го Концерту для фортеп''яно з оркестром Петра Ілліча Чайковського, у цьому Концерті використано й інші Українські наспіви. Вже Весна воскресла. Кругом Нього зелененько всередині веселенько. Благослови Мати Весну закликати. А Дівчатам по Віночку. Листки з приводу цієї Пісні: Коляда і Великдень: Різдво і Відродження Світа Гаїлки-Великдень: Українське Свято Відродження Світа. (Вибір Пісень) Про Українські назви місяців Марець і Май. Еротичні містерії, тиждень від Катерини 7.12 до Калети — Передріздвяний Святочний час. Еротичні містерії, Калета 13.12 — Передріздвяний Святочний час. Стежки до інших листків про Українські традиції. ВИСЛОВЛЮВАННЯ: Тримаймося Пісень. Гадаю, ми виживаємо завдяки силі нашої культури. Завдяки нашій духовності, вкоріненій у землю. Завдяки доброті, незлопам''ятності та щедрості в нашій пісенній вірі. - Стара людина, митець, той, хто співає.','Вийди-вийди Іваночку
Заспівай нам Весняночку
Зимували не співали
Весни дожидали

Весно Весно наша Весно
Да що Ти нам та принесла
Старим Бабам по Кийочку
А Дівчатам по Віночку

Відміна 1:

Ой Вінку Наш Вінку
Хрещатий Барвінку
А я Тебе плела
Та вчера-з-вечера
Та повісила-м Тебе я
В Теремі тай на Дереві
На Шовковім Шнурочку
На Золотім Кілочку

А моя Мати взяла
Та Миленькому дала
Коли б я була знала
Була б я ''го краще вбрала
Ще й Золотом назолотила
Миленького прикрасила

Відміна 2:

Звила я Віночок вчора
Ізвечора-ізвечора
З Зеленого Барвіночку
Тай повісила на Кілочку

А Матуся Моя вийшла
Та Віночок Зелен зняла
Та Віночок Зелен зняла
Тай Нелюбові дала

Ой коли б я теє знала
Я би Його розірвала
Я би Його розірвала
Ніж Нелюбові дала','["pisni.org.ua", "cat:vesnyanky-hayivky", "Веснянки та гаївки"]',1,'published',COALESCE((SELECT created_at FROM songs WHERE id='pisniua_231420'), datetime('now')),datetime('now'));
INSERT OR REPLACE INTO songs_fts(song_id,title,lyrics) VALUES ('pisniua_231420','Вийди вийди Іваночку','Вийди-вийди Іваночку
Заспівай нам Весняночку
Зимували не співали
Весни дожидали

Весно Весно наша Весно
Да що Ти нам та принесла
Старим Бабам по Кийочку
А Дівчатам по Віночку

Відміна 1:

Ой Вінку Наш Вінку
Хрещатий Барвінку
А я Тебе плела
Та вчера-з-вечера
Та повісила-м Тебе я
В Теремі тай на Дереві
На Шовковім Шнурочку
На Золотім Кілочку

А моя Мати взяла
Та Миленькому дала
Коли б я була знала
Була б я ''го краще вбрала
Ще й Золотом назолотила
Миленького прикрасила

Відміна 2:

Звила я Віночок вчора
Ізвечора-ізвечора
З Зеленого Барвіночку
Тай повісила на Кілочку

А Матуся Моя вийшла
Та Віночок Зелен зняла
Та Віночок Зелен зняла
Тай Нелюбові дала

Ой коли б я теє знала
Я би Його розірвала
Я би Його розірвала
Ніж Нелюбові дала');
INSERT OR REPLACE INTO songs (id,title,subtitle,lang,country,period,year,source,notes,lyrics,tags_json,lang_locked,status,created_at,updated_at) VALUES ('pisniua_2315910','Героям Слава','Музика: Слава Баштовий, Олександр Гертіх Слова: Слава Баштовий. Виконує: Слава Баштовий','uk','ukraine_1991',NULL,NULL,'аудіозапис',NULL,'Коли закінчиться війна,
Вона така для всіх страшна,
Ми маєм жити добре,
За нами перемога!
А ти чекай мене, мала,
Молитву прочитай до сна,
Про Бога забувати
Не треба нам ніколи!

Приспів:
Героям Слава!
Героям нашим Слава!
За незалежність нашу
В землю полягли!
Героям Слава!
Слава Україні!
Живим і мертвим
Слава назавжди!

В тім бою я переміг,
А мій найкращий друг поліг.
За вільну Україну
Навіки йому Слава!
А в нього вдома дітки є,
Та як їм розповісти те,
Що більше їх не зможе
Обняти рідний татко?..

Приспів.

Скоро тим усім катам,
Які зробили горе нам,
Прийдеться відповісти
За скоєне навмисно.
За те, як славні козаки
Лишились в полі на завжди,
Ніколи не забудем ми,
Піднімемо за них чарки!..

Приспів.

Героям Слава!
Героям нашим Слава!
Як і на небі
Так і на землі
Ми не забудем
І будем пам''ятати!
В книжки запишуть вас,
Бо вічні Ви й живі!..','["pisni.org.ua", "cat:devoted", "Пісні присвячені окремим особам"]',1,'published',COALESCE((SELECT created_at FROM songs WHERE id='pisniua_2315910'), datetime('now')),datetime('now'));
INSERT OR REPLACE INTO songs_fts(song_id,title,lyrics) VALUES ('pisniua_2315910','Героям Слава','Коли закінчиться війна,
Вона така для всіх страшна,
Ми маєм жити добре,
За нами перемога!
А ти чекай мене, мала,
Молитву прочитай до сна,
Про Бога забувати
Не треба нам ніколи!

Приспів:
Героям Слава!
Героям нашим Слава!
За незалежність нашу
В землю полягли!
Героям Слава!
Слава Україні!
Живим і мертвим
Слава назавжди!

В тім бою я переміг,
А мій найкращий друг поліг.
За вільну Україну
Навіки йому Слава!
А в нього вдома дітки є,
Та як їм розповісти те,
Що більше їх не зможе
Обняти рідний татко?..

Приспів.

Скоро тим усім катам,
Які зробили горе нам,
Прийдеться відповісти
За скоєне навмисно.
За те, як славні козаки
Лишились в полі на завжди,
Ніколи не забудем ми,
Піднімемо за них чарки!..

Приспів.

Героям Слава!
Героям нашим Слава!
Як і на небі
Так і на землі
Ми не забудем
І будем пам''ятати!
В книжки запишуть вас,
Бо вічні Ви й живі!..');
INSERT OR REPLACE INTO songs (id,title,subtitle,lang,country,period,year,source,notes,lyrics,tags_json,lang_locked,status,created_at,updated_at) VALUES ('pisniua_231251','Прийшла Весна з Квітками','Українська народна пісня','uk','ukraine_before_1917',NULL,NULL,'Потаємні пісні любощів і кохання © Видавництво „Павутинонька“, Нью Йорк – Львів – Київ – Харків – Москва, 2002','Прийшла Весна з Квітками — Еротика: Катерини – Калета – Андрія... Зелені Свята... Гаївки-Великдень... Весілля... Хто Дудочку зробив Пісеньку навчив. Гляди Сопілоньку щоб гарненько грала. Кругом Нього зелененько всередині веселенько. Читати листки, де є згадка з приводу цієї Пісні: Еротичні містерії, Катерини 7.12 — Передріздвяний Святочний час. Еротичні містерії, Калета 13.12 — Передріздвяний Святочний час. Стежки до інших листків про Українські традиції. Отак-то, мої любі. Як забудемо свої пісні-звичаї, забудемо отця-неньку, то бути нам у проваллі, а то просто на смітнику. Танцювати під чужу дудку, тягнути чужий віз. Не з одним таке сталося. Як не хочемо того собі, то тримаймося своїх пісень. – Та, хто співає.','Бадьоро:

Прийшла Весна з Квітками
Всі Парубки з Дівками
На Гойдалках гойдаюцця
Крашанками товкаюцця

Повільніше:

Обицькії Парубки
Усе грають на Дудки
А Степаньо не грає
Бо женитися має

Перший рух:

Кинув дудку у говес
Сам поїхав у Гадес
Продавати Пшеницю
Купувати Спідницю

Повільніше:

Ще й Пшениці не продав

Поступово приспішуючи:

Ще й Спідниці не набрав
А вже Молоденьку
Марусю сподобав','["pisni.org.ua", "cat:vesnyanky-hayivky", "Веснянки та гаївки"]',1,'published',COALESCE((SELECT created_at FROM songs WHERE id='pisniua_231251'), datetime('now')),datetime('now'));
INSERT OR REPLACE INTO songs_fts(song_id,title,lyrics) VALUES ('pisniua_231251','Прийшла Весна з Квітками','Бадьоро:

Прийшла Весна з Квітками
Всі Парубки з Дівками
На Гойдалках гойдаюцця
Крашанками товкаюцця

Повільніше:

Обицькії Парубки
Усе грають на Дудки
А Степаньо не грає
Бо женитися має

Перший рух:

Кинув дудку у говес
Сам поїхав у Гадес
Продавати Пшеницю
Купувати Спідницю

Повільніше:

Ще й Пшениці не продав

Поступово приспішуючи:

Ще й Спідниці не набрав
А вже Молоденьку
Марусю сподобав');
INSERT OR REPLACE INTO songs (id,title,subtitle,lang,country,period,year,source,notes,lyrics,tags_json,lang_locked,status,created_at,updated_at) VALUES ('pisniua_231369','Покотилась по Дорозі Цинова Тарілка','Українська народна пісня. Виконує: Ніна Матвієнко, Тріо "Золоті Ключі"','uk','ukraine_before_1917',NULL,NULL,'Потаємні пісні любощів і кохання © Видавництво „Павутинонька“, Нью Йорк – Львів – Київ – Харків – Москва, 2002','Гаївки-Великдень: Українське свято Відродження Світа. Еротика, жарти, забави: Катерини – Калета – Андрія... Гаївки-Великдень... Зелені Свята... Івана Купала... Весілля... – Щедровечірнє й Новорічне: Маланки-Василь. Коза. Кіт... Кругом Нього зелененько всередині веселенько. Листки з приводу цієї Пісні: Еротичні містерії, тиждень від Катерини 7.12 до Калети — Передріздвяний Святочний час. Еротичні містерії, Калета 13.12 — Передріздвяний Святочний час. Стежки до інших листків про Українські традиції. Я прийшов не для того, щоб заперечити Звичай, а щоб його виповнити. – Ісус Христос','Покотилась по Дорозі
Цинова Тарілка        | (2)
Ой Цинова Тарілка

А у того та Іванка
Утіха не Дівка        | (2)
Ой утіха не Дівка

В Саду Вона ростилася
В Барвіночку зросла   | (2)
Ой в Барвіночку зросла

Моли Бога Іваночку
Щоб за Тебе пойшла    | (2)
Ой щоб за Тебе пойшла','["pisni.org.ua", "cat:vesnyanky-hayivky", "Веснянки та гаївки"]',1,'published',COALESCE((SELECT created_at FROM songs WHERE id='pisniua_231369'), datetime('now')),datetime('now'));
INSERT OR REPLACE INTO songs_fts(song_id,title,lyrics) VALUES ('pisniua_231369','Покотилась по Дорозі Цинова Тарілка','Покотилась по Дорозі
Цинова Тарілка        | (2)
Ой Цинова Тарілка

А у того та Іванка
Утіха не Дівка        | (2)
Ой утіха не Дівка

В Саду Вона ростилася
В Барвіночку зросла   | (2)
Ой в Барвіночку зросла

Моли Бога Іваночку
Щоб за Тебе пойшла    | (2)
Ой щоб за Тебе пойшла');
INSERT OR REPLACE INTO songs (id,title,subtitle,lang,country,period,year,source,notes,lyrics,tags_json,lang_locked,status,created_at,updated_at) VALUES ('pisniua_2317175','Сестричка','Музика: Ольга Монастирська Слова: Ольга Монастирська. Виконує: Ольга Монастирська','uk','ukraine_1991',NULL,NULL,NULL,NULL,'З однієї хати, наче пташенята,
І порозлітатись наступає час.
Та одна калина і одна стежина,
І матуся рідна знов чекають нас.
Там високо в небі соколи літають
І тебе десь бачать в іншій стороні,
З''їдемось додому, то собі згадаєм -   |
Про оці чудові і дитячі дні.          | (2)

Приспів:
Ми наче серця одного половина
І твоя усмішка немов одна єдина,
А хто не знає сестринської любові -
Ми подруги найкращі, але по крові.    | (2)

Так буває часто у тяжку хвилину,
Коли у тривозі серденько пече.
З''їдемось додому, сядем під калину
І сестра поставить руку на плече -
І на серці знову сонечко засяє,
Суму і печалі, наче, й не було
В кого є сестричка той, напевне знає, |
Що у ній - надія, віра і любов.       | (2)

Приспів.','["pisni.org.ua", "cat:devoted", "cat:druzhba", "Пісні присвячені окремим особам", "Пісні про дружбу"]',1,'published',COALESCE((SELECT created_at FROM songs WHERE id='pisniua_2317175'), datetime('now')),datetime('now'));
INSERT OR REPLACE INTO songs_fts(song_id,title,lyrics) VALUES ('pisniua_2317175','Сестричка','З однієї хати, наче пташенята,
І порозлітатись наступає час.
Та одна калина і одна стежина,
І матуся рідна знов чекають нас.
Там високо в небі соколи літають
І тебе десь бачать в іншій стороні,
З''їдемось додому, то собі згадаєм -   |
Про оці чудові і дитячі дні.          | (2)

Приспів:
Ми наче серця одного половина
І твоя усмішка немов одна єдина,
А хто не знає сестринської любові -
Ми подруги найкращі, але по крові.    | (2)

Так буває часто у тяжку хвилину,
Коли у тривозі серденько пече.
З''їдемось додому, сядем під калину
І сестра поставить руку на плече -
І на серці знову сонечко засяє,
Суму і печалі, наче, й не було
В кого є сестричка той, напевне знає, |
Що у ній - надія, віра і любов.       | (2)

Приспів.');
INSERT OR REPLACE INTO song_links (id,song_id,title,url,kind,version_id,sort_order) VALUES ('pisniua_2317175_l1','pisniua_2317175','YouTube','https://www.youtube.com/watch?v=nJYkK9imp3w','video',NULL,1);
INSERT OR REPLACE INTO songs (id,title,subtitle,lang,country,period,year,source,notes,lyrics,tags_json,lang_locked,status,created_at,updated_at) VALUES ('pisniua_231717','Ой Дібровонько Зелена чого рано спустошена','Українська народна пісня','uk','ukraine_before_1917',NULL,NULL,'Потаємні пісні любощів і кохання © Видавництво „Павутинонька“, Нью Йорк – Львів – Київ – Харків – Москва, 2002','Ой Дібровонько Зелена чого рано спустошена — Еротика: Катерини – Калета – Андрія... Зелені Свята... Гаївки-Великдень... Весілля... Прийди-прийди Серденя на Пухові Подушки. Читати листки, де є згадка з приводу цієї Пісні: Еротичні містерії, Катерини 7.12 — Передріздвяний Святочний час. Еротичні містерії, Калета 13.12 — Передріздвяний Святочний час. Стежки до інших листків про Українські пісні. Ой Дібровонько Зелена чого рано спустошена','Ой Дібровонько Зелена чого рано спустошена
Рано мене викошено і тим мене спустошено
Прошу тебе Дівчинонько посій по мені Травоньку

Ой рада б я посіяти стоїть нелюб коло Хати
Кличе Мати із кімнати нелюбові постіль слати
А я йому постіль стелю тай клену на всю оселю
Під голову каміняччя а під боки кореняччя
Ще й з кропиви тверді мати щоби було твердо спати

Ой Дібровонько Зелена чого рано спустошена ?
Рано мене викошено і тим мене спустошено
Прошу тебе Дівчинонько посій по мені Травоньку

Ой рада б я посіяти стоїть Милий коло хати
Кличе Мати із кімнати Миленькому постіль слати
Як Милому я стелюся то співаю веселюся
Стелю йому Подушечки а під боки Периночки
Ще й пухові м''які мати щоби було гарно спати','["pisni.org.ua", "cat:vesnyanky-hayivky", "Веснянки та гаївки"]',1,'published',COALESCE((SELECT created_at FROM songs WHERE id='pisniua_231717'), datetime('now')),datetime('now'));
INSERT OR REPLACE INTO songs_fts(song_id,title,lyrics) VALUES ('pisniua_231717','Ой Дібровонько Зелена чого рано спустошена','Ой Дібровонько Зелена чого рано спустошена
Рано мене викошено і тим мене спустошено
Прошу тебе Дівчинонько посій по мені Травоньку

Ой рада б я посіяти стоїть нелюб коло Хати
Кличе Мати із кімнати нелюбові постіль слати
А я йому постіль стелю тай клену на всю оселю
Під голову каміняччя а під боки кореняччя
Ще й з кропиви тверді мати щоби було твердо спати

Ой Дібровонько Зелена чого рано спустошена ?
Рано мене викошено і тим мене спустошено
Прошу тебе Дівчинонько посій по мені Травоньку

Ой рада б я посіяти стоїть Милий коло хати
Кличе Мати із кімнати Миленькому постіль слати
Як Милому я стелюся то співаю веселюся
Стелю йому Подушечки а під боки Периночки
Ще й пухові м''які мати щоби було гарно спати');
INSERT OR REPLACE INTO songs (id,title,subtitle,lang,country,period,year,source,notes,lyrics,tags_json,lang_locked,status,created_at,updated_at) VALUES ('pisniua_2318','Тихо над річкою','Музика: Порфирій Батюк Слова: Спиридон Черкасенко. Виконує: Дударик','uk','ukraine_1991',NULL,NULL,NULL,NULL,'Em
Тихо над річкою, ніченька темная,
Спить зачарований ліс.
Ніжно шепоче він казку таємную,
Сумно зітха верболіз.
Нічка розсипала зіроньки яснії -
Он вони в річці на дні.
Плачуть берези по той бік сріблястії
В темряві, наче у сні.
Що їм приснилося? -  Щастя улюблене
В хвилях бурхливих життя, -
Личенько дівчини ніжно голублене,
Щирі її почуття.
Місяць опівночі сходить над річкою,
Падає тінь на поля...
Весело вдвох із дівчиною вірною
Слухати спів солов''я!
Жду Тебе, вірная, зіронько срібная,
Серце в коханні тремтить.
Ти ж не лякайся, що хтось нам зустрінеться,-
Все навкруги уже спить.
Ніченька літняя дуже короткая,
Ось вже цілується з днем.
Ти лиш пригорнешся до мого серденька,
Й знову до праці підем.','["pisni.org.ua", "cat:krasa-pryrody", "Пісні про красу природи"]',1,'published',COALESCE((SELECT created_at FROM songs WHERE id='pisniua_2318'), datetime('now')),datetime('now'));
INSERT OR REPLACE INTO songs_fts(song_id,title,lyrics) VALUES ('pisniua_2318','Тихо над річкою','Em
Тихо над річкою, ніченька темная,
Спить зачарований ліс.
Ніжно шепоче він казку таємную,
Сумно зітха верболіз.
Нічка розсипала зіроньки яснії -
Он вони в річці на дні.
Плачуть берези по той бік сріблястії
В темряві, наче у сні.
Що їм приснилося? -  Щастя улюблене
В хвилях бурхливих життя, -
Личенько дівчини ніжно голублене,
Щирі її почуття.
Місяць опівночі сходить над річкою,
Падає тінь на поля...
Весело вдвох із дівчиною вірною
Слухати спів солов''я!
Жду Тебе, вірная, зіронько срібная,
Серце в коханні тремтить.
Ти ж не лякайся, що хтось нам зустрінеться,-
Все навкруги уже спить.
Ніченька літняя дуже короткая,
Ось вже цілується з днем.
Ти лиш пригорнешся до мого серденька,
Й знову до праці підем.');
INSERT OR REPLACE INTO song_links (id,song_id,title,url,kind,version_id,sort_order) VALUES ('pisniua_2318_l1','pisniua_2318','YouTube','https://www.youtube.com/watch?v=PxQSN7rLQWU','video',NULL,1);
INSERT OR REPLACE INTO song_links (id,song_id,title,url,kind,version_id,sort_order) VALUES ('pisniua_2318_l2','pisniua_2318','YouTube','https://www.youtube.com/watch?v=71ft5ekCI0s','video',NULL,2);
INSERT OR REPLACE INTO song_links (id,song_id,title,url,kind,version_id,sort_order) VALUES ('pisniua_2318_l3','pisniua_2318','YouTube','https://www.youtube.com/watch?v=SQYjUzHo0Q4','video',NULL,3);
INSERT OR REPLACE INTO song_links (id,song_id,title,url,kind,version_id,sort_order) VALUES ('pisniua_2318_l4','pisniua_2318','YouTube','https://www.youtube.com/watch?v=lLeSfTYZE_4','video',NULL,4);
INSERT OR REPLACE INTO song_links (id,song_id,title,url,kind,version_id,sort_order) VALUES ('pisniua_2318_l5','pisniua_2318','YouTube','https://www.youtube.com/watch?v=AnhotuwjcV4','video',NULL,5);
INSERT OR REPLACE INTO song_links (id,song_id,title,url,kind,version_id,sort_order) VALUES ('pisniua_2318_l6','pisniua_2318','Переглянути варіанти >>','https://www.pisni.org.ua/#variants','external',NULL,6);
INSERT OR REPLACE INTO songs (id,title,subtitle,lang,country,period,year,source,notes,lyrics,tags_json,lang_locked,status,created_at,updated_at) VALUES ('pisniua_231726','Ой Дівчина-Орлиця до Козака горнецця','Українська народна пісня','uk','ukraine_before_1917',NULL,NULL,'1. Потаємні пісні любощів і кохання © Видавництво „Павутинонька“, Нью Йорк – Львів – Київ – Харків – Москва, 2002 2. Перлини української народної пісні. - К.: Музична Україна, 1989','Ой Дівчина-Орлиця до Козака горнецця — Еротика: Катерини – Калета – Андрія... Зелені Свята... Гаївки-Великдень... Весілля... Прийди-прийди Серденя на Пухові Подушки. Читати листки, де є згадка з приводу цієї Пісні: Еротичні містерії, Катерини 7.12 — Передріздвяний Святочний час. Еротичні містерії, Калета 13.12 — Передріздвяний Святочний час. Стежки до інших листків про Українські пісні. Ой Дівчина-Орлиця до Козака горнецця -->','Ой Дівчина-Орлиця до Козака горнецця
А Козак як Орел як побачив дак і вмер

Ой Козаче-Молодче пригорнися солодче
Козак гарно пригортає аж серденько завмирає

Чи чуєш ти Дівчино чи чуєш ти Рибчино
Мати тебе шукає Батько грима гукає

Ой не гримай Батеньку ой не шукай Матінко
Притулилась прилягла вже Орлиця до Орла','["pisni.org.ua", "cat:vesnyanky-hayivky", "Веснянки та гаївки"]',1,'published',COALESCE((SELECT created_at FROM songs WHERE id='pisniua_231726'), datetime('now')),datetime('now'));
INSERT OR REPLACE INTO songs_fts(song_id,title,lyrics) VALUES ('pisniua_231726','Ой Дівчина-Орлиця до Козака горнецця','Ой Дівчина-Орлиця до Козака горнецця
А Козак як Орел як побачив дак і вмер

Ой Козаче-Молодче пригорнися солодче
Козак гарно пригортає аж серденько завмирає

Чи чуєш ти Дівчино чи чуєш ти Рибчино
Мати тебе шукає Батько грима гукає

Ой не гримай Батеньку ой не шукай Матінко
Притулилась прилягла вже Орлиця до Орла');
INSERT OR REPLACE INTO songs (id,title,subtitle,lang,country,period,year,source,notes,lyrics,tags_json,lang_locked,status,created_at,updated_at) VALUES ('pisniua_231797','Сидить Качур в Гороховім Вінку','Українська народна пісня','uk','ukraine_before_1917',NULL,NULL,'Потаємні пісні любощів і кохання © Видавництво „Павутинонька“, Нью Йорк – Львів – Київ – Харків – Москва, 2002','Сидить Качур в Гороховім Вінку — Еротика: Катерини – Калета – Андрія... Зелені Свята... Гаївки-Великдень... Качата-Гусята усі Гори вкрили. Читати листки, де є згадка з приводу цієї Пісні: Еротичні містерії, Катерини 7.12 — Передріздвяний Святочний час. Еротичні містерії, Калета 13.12 — Передріздвяний Святочний час. Стежки до інших листків про Українські пісні. Сидить Качур в Гороховім Вінку','Усі беруться за руки, йдуть по Колу й співають.
У середині Кола ходить Качур
і вибирає собі найкращу Дівку:

Сидить Качур - 2
В Гороховім Вінку - 2
Вибирай си Качурику
Щонайкращу Дівку - 2
Щонайкраща найладніша
Степанова Дівка - 2

Після того, як Качур вибрав найкращу Дівку,
гурт співає уже Дівчині:

Ой Пташино - 2
Золотії Перця - 2
Вибирай си а би був Ти
Миленький для Серця - 2

Дівчина виводить Хлопця всередину Кола.
Гра повторюється досхочу.','["pisni.org.ua", "cat:vesnyanky-hayivky", "Веснянки та гаївки"]',1,'published',COALESCE((SELECT created_at FROM songs WHERE id='pisniua_231797'), datetime('now')),datetime('now'));
INSERT OR REPLACE INTO songs_fts(song_id,title,lyrics) VALUES ('pisniua_231797','Сидить Качур в Гороховім Вінку','Усі беруться за руки, йдуть по Колу й співають.
У середині Кола ходить Качур
і вибирає собі найкращу Дівку:

Сидить Качур - 2
В Гороховім Вінку - 2
Вибирай си Качурику
Щонайкращу Дівку - 2
Щонайкраща найладніша
Степанова Дівка - 2

Після того, як Качур вибрав найкращу Дівку,
гурт співає уже Дівчині:

Ой Пташино - 2
Золотії Перця - 2
Вибирай си а би був Ти
Миленький для Серця - 2

Дівчина виводить Хлопця всередину Кола.
Гра повторюється досхочу.');
INSERT OR REPLACE INTO songs (id,title,subtitle,lang,country,period,year,source,notes,lyrics,tags_json,lang_locked,status,created_at,updated_at) VALUES ('pisniua_2318012','Донечка','Музика: Анна Олєйнікова Слова: Євгенія Левченко','uk','ukraine_1991',NULL,NULL,'аудіозапис',NULL,'Я живу у мами й тата
У маленькому селі.
Я весела і завзята,
І щодня у мене свято,
Бо люблю матусю й тата
Більше всього на землі!

Приспів:
Ось така я Олечка,
В тата й мами - донечка!
Сяю я їм сонечком,
А вони - мені.
Мама, тато й донечка
Разом аж три сонечка, -
Це насправді, це насправді,
Справді, а не в сні!

А коли раненько встану,
Посміхаються мені
Всі віконечка у хаті
І ведмедики кудлаті,
Бо люблю матусю й тата
Більше всього на землі!

Приспів.','["pisni.org.ua", "cat:pro-ditey", "Пісні про любов до дітей"]',1,'published',COALESCE((SELECT created_at FROM songs WHERE id='pisniua_2318012'), datetime('now')),datetime('now'));
INSERT OR REPLACE INTO songs_fts(song_id,title,lyrics) VALUES ('pisniua_2318012','Донечка','Я живу у мами й тата
У маленькому селі.
Я весела і завзята,
І щодня у мене свято,
Бо люблю матусю й тата
Більше всього на землі!

Приспів:
Ось така я Олечка,
В тата й мами - донечка!
Сяю я їм сонечком,
А вони - мені.
Мама, тато й донечка
Разом аж три сонечка, -
Це насправді, це насправді,
Справді, а не в сні!

А коли раненько встану,
Посміхаються мені
Всі віконечка у хаті
І ведмедики кудлаті,
Бо люблю матусю й тата
Більше всього на землі!

Приспів.');
INSERT OR REPLACE INTO songs (id,title,subtitle,lang,country,period,year,source,notes,lyrics,tags_json,lang_locked,status,created_at,updated_at) VALUES ('pisniua_231512','Іванку, Іванку','Українська народна пісня. Виконує: Гудаки, Андрій Мільчук','uk','ukraine_before_1917',NULL,NULL,NULL,NULL,'Іванку, Іванку,
З того боку ярку,
З того боку ярку.
Прийшла бим до тебе,
Прийшла бим до тебе,
Взяла вода лавку.

Лавочка тоненька,
Вода студененька,
А я молоденька.
Могла б ся зломити,   | (2)
Жаль мі ся втопити.

Іванку, вечерком,
Прийди до ня тайком.  | (2)
Дам я тобі знати,
Коли вийдуть з хати
І няньо, і мати.

На плоті солома,
Не йди - старі дома.  | (2)
А як буде сіно,       | (2)
Можеш зайти сміло.

Приходи тихенько,
Як стане темненько.   | (2)
Ворота скрипливі,
Сусіди брехливі,
Варуйся серденько.

На ярку, на ярку
Взяла вода лавку.     | (2)
На крилах кохання     | (2)
Прилети Іванку.

Кохання, кохання,
Дівоче страждання.    | (2)
Лем раз любовання,    | (2)
А сто раз чекання','["pisni.org.ua", "cat:lirychni", "cat:narodni", "Пісні про кохання, ліричні", "Народні пісні"]',1,'published',COALESCE((SELECT created_at FROM songs WHERE id='pisniua_231512'), datetime('now')),datetime('now'));
INSERT OR REPLACE INTO songs_fts(song_id,title,lyrics) VALUES ('pisniua_231512','Іванку, Іванку','Іванку, Іванку,
З того боку ярку,
З того боку ярку.
Прийшла бим до тебе,
Прийшла бим до тебе,
Взяла вода лавку.

Лавочка тоненька,
Вода студененька,
А я молоденька.
Могла б ся зломити,   | (2)
Жаль мі ся втопити.

Іванку, вечерком,
Прийди до ня тайком.  | (2)
Дам я тобі знати,
Коли вийдуть з хати
І няньо, і мати.

На плоті солома,
Не йди - старі дома.  | (2)
А як буде сіно,       | (2)
Можеш зайти сміло.

Приходи тихенько,
Як стане темненько.   | (2)
Ворота скрипливі,
Сусіди брехливі,
Варуйся серденько.

На ярку, на ярку
Взяла вода лавку.     | (2)
На крилах кохання     | (2)
Прилети Іванку.

Кохання, кохання,
Дівоче страждання.    | (2)
Лем раз любовання,    | (2)
А сто раз чекання');
INSERT OR REPLACE INTO song_links (id,song_id,title,url,kind,version_id,sort_order) VALUES ('pisniua_231512_l1','pisniua_231512','YouTube','https://www.youtube.com/watch?v=Clm_7lk8r60','video',NULL,1);
INSERT OR REPLACE INTO song_links (id,song_id,title,url,kind,version_id,sort_order) VALUES ('pisniua_231512_l2','pisniua_231512','YouTube','https://www.youtube.com/watch?v=7WHPw2_sPS4','video',NULL,2);
INSERT OR REPLACE INTO song_links (id,song_id,title,url,kind,version_id,sort_order) VALUES ('pisniua_231512_l3','pisniua_231512','Переглянути варіанти >>','https://www.pisni.org.ua/#variants','external',NULL,3);
INSERT OR REPLACE INTO songs (id,title,subtitle,lang,country,period,year,source,notes,lyrics,tags_json,lang_locked,status,created_at,updated_at) VALUES ('pisniua_23165','Чорна рада','Музика: Ігор Особік Слова: Ігор Особік. Виконує: Андрій Хавунка','uk','ukraine_1991',NULL,NULL,'Збірник пісень Студентського Братства Львівської політехніки.- Львів, 2000.',NULL,'Em
Трем по землі від коней та піших,
Гомін поважний мужів відважних -
H7
Важлива подія для Січі по землі.
Em
Гучно лунають навкруги тулумбаси.
Козаків скликають до Чорної ради,
H7
На праведний суд закликають вони.

Похмурі обличчя на вмісткім майдані,
І вітер ворушить чорні та сиві чуби.
Скільки на смерть кошових отаманів
Звідси пішло - пам''ятають старі козаки.

"Кладу булаву і дякую за уряд", -
І вже він козак, такий як усі.
Кладу ваш пернач і дякую за уряд,
Писар, хорунжий, полковники всі, як один.
H7
Кладу перо і каламар і дякую за уряд.

Приспів:
Чорна рада - рада правди,
Чорна рада - правди біль.
Хай Чорна рада стратить зраду,
Хай Чорна рада змиє кров,
Em
Священную кров.

Крекнувши в долоню і розправивши вуса,
Починає найстарший закон однозначний,
Старший у літах, у війнах сповитий вояк.
Він ходив на кримчана і на султана,
На льоту ловить стріли, зна цілющеє зілля,
Вивчив прадідів мудрість, козак.

Як водиться здавна з голови починають.
Чи є на нім зрада, чи кревні гріхи?
Чи даремно за нього не пропали козаки?
Чи не продавсь він туркам, чи Польщі, чи часом Москві?

Приспів.

То було за ладом, що тримався справно
Не рік і не два, а цілі віки.
Чи не час нам сьогодні, шановна громадо,
Завести в життя ці закони дідів.

Приспів:
Чорна рада - рада правди,
Чорна рада - правди біль.
Хай Чорна рада стратить зраду,
Хай Чорна рада змиє гріх,
Цей облудливий гріх.','["pisni.org.ua", "cat:bardivski", "cat:istorychni", "Бардівські пісні", "Історичні пісні"]',1,'published',COALESCE((SELECT created_at FROM songs WHERE id='pisniua_23165'), datetime('now')),datetime('now'));
INSERT OR REPLACE INTO songs_fts(song_id,title,lyrics) VALUES ('pisniua_23165','Чорна рада','Em
Трем по землі від коней та піших,
Гомін поважний мужів відважних -
H7
Важлива подія для Січі по землі.
Em
Гучно лунають навкруги тулумбаси.
Козаків скликають до Чорної ради,
H7
На праведний суд закликають вони.

Похмурі обличчя на вмісткім майдані,
І вітер ворушить чорні та сиві чуби.
Скільки на смерть кошових отаманів
Звідси пішло - пам''ятають старі козаки.

"Кладу булаву і дякую за уряд", -
І вже він козак, такий як усі.
Кладу ваш пернач і дякую за уряд,
Писар, хорунжий, полковники всі, як один.
H7
Кладу перо і каламар і дякую за уряд.

Приспів:
Чорна рада - рада правди,
Чорна рада - правди біль.
Хай Чорна рада стратить зраду,
Хай Чорна рада змиє кров,
Em
Священную кров.

Крекнувши в долоню і розправивши вуса,
Починає найстарший закон однозначний,
Старший у літах, у війнах сповитий вояк.
Він ходив на кримчана і на султана,
На льоту ловить стріли, зна цілющеє зілля,
Вивчив прадідів мудрість, козак.

Як водиться здавна з голови починають.
Чи є на нім зрада, чи кревні гріхи?
Чи даремно за нього не пропали козаки?
Чи не продавсь він туркам, чи Польщі, чи часом Москві?

Приспів.

То було за ладом, що тримався справно
Не рік і не два, а цілі віки.
Чи не час нам сьогодні, шановна громадо,
Завести в життя ці закони дідів.

Приспів:
Чорна рада - рада правди,
Чорна рада - правди біль.
Хай Чорна рада стратить зраду,
Хай Чорна рада змиє гріх,
Цей облудливий гріх.');
INSERT OR REPLACE INTO songs (id,title,subtitle,lang,country,period,year,source,notes,lyrics,tags_json,lang_locked,status,created_at,updated_at) VALUES ('pisniua_2317471','Музика слова','Музика: Анна Олєйнікова Слова: Євгенія Левченко. Виконує: Зразковий театр української пісні Джерельце','uk','ukraine_1991',NULL,NULL,'аудіозапис',NULL,'Ллється музика слова
Так чарівно, казково.
Напрочуд загадково,
Наче серця струна.
Мила, ніжная мово,
Оживаєш ти знову
Голосними струмками,
Наче рання весна.

Приспів:
Моя ти рідна
Українська мово,
Твоє чарує
Мелодійне слово.
Твоє звучання
Кришталсво-чисте,
Твої слова -
Мов зоряне намисто.

Ти дзвениш над полями,
Над лугами, лісами
Ніжним голосом мами,
Що маля забавля.
Лине хай на Вкраїну:
"Очі карі та сині" -
Хай і доньці, і сину
Душу спів звеселя.

Приспів.','["pisni.org.ua", "cat:patriotic", "Патріотичні пісні"]',1,'published',COALESCE((SELECT created_at FROM songs WHERE id='pisniua_2317471'), datetime('now')),datetime('now'));
INSERT OR REPLACE INTO songs_fts(song_id,title,lyrics) VALUES ('pisniua_2317471','Музика слова','Ллється музика слова
Так чарівно, казково.
Напрочуд загадково,
Наче серця струна.
Мила, ніжная мово,
Оживаєш ти знову
Голосними струмками,
Наче рання весна.

Приспів:
Моя ти рідна
Українська мово,
Твоє чарує
Мелодійне слово.
Твоє звучання
Кришталсво-чисте,
Твої слова -
Мов зоряне намисто.

Ти дзвениш над полями,
Над лугами, лісами
Ніжним голосом мами,
Що маля забавля.
Лине хай на Вкраїну:
"Очі карі та сині" -
Хай і доньці, і сину
Душу спів звеселя.

Приспів.');
INSERT OR REPLACE INTO song_links (id,song_id,title,url,kind,version_id,sort_order) VALUES ('pisniua_2317471_l1','pisniua_2317471','YouTube','https://www.youtube.com/watch?v=VEmRjuQ6BBU','video',NULL,1);
INSERT OR REPLACE INTO songs (id,title,subtitle,lang,country,period,year,source,notes,lyrics,tags_json,lang_locked,status,created_at,updated_at) VALUES ('pisniua_231859','Не плач, Рахиле!','Українська народна пісня. Виконує: Боян, Олена Слободянюк','uk','ukraine_before_1917',NULL,NULL,'"Коляди" коротке видання на основі "Вселенная веселися!" Т.Купчинського (1927)',NULL,'Не плач, Рахиле! Глянь, діти цілі.
Не умирають, а оживають,
а оживають.
Ті діти нині в новій святині!
За Бога Сина їхня провина,
їхня провина.
З Ірода приводу лили кров, мов воду,
Діти убивали, за Христом шукали.
Діти хоч пропали, душі їх остали,
За життя утрату прийняли заплату.
Прийняли заплату.

Не плач, єдина! Вбив Ірод сина!
Люті прокляті впали до хати,
впали до хати.
За Бога Сина із Вифлеєма
Мусіли діти смерть потерпіти,
смерть потерпіти.
Хоч кров червоніла, скарга край залила,
Діточки ожили, ласки доступили,
За життя вни нині, у новій святині
Прийняли багату небесну заплату.
Небесну заплату.

Не плач, Прамати! Не час ридати!
Доля багата в Божих палатах,
в Божих палатах.
Ірод сердитий, сей кат неситий!
Має доволі Твоєї долі,
Твоєї долі!
Діти твої, Мати, до небес прийняті,
Ангели їх водлять, без журби дні сходять.
Діти славлять Бога, що зі світа цього
Їх забрав до себе, дав життя у небі.
Дав життя у небі.

Піду у поле, моя ти доле!
Колос збирати, нема що жити,
нема що жити!
Де лиш не ступлю, мов рай загублю!
Хоч ранні роси, в''януть покоси,
в''януть покоси.
Як широка нива, впала юна сила,
Царю! Бог родився, твій кінець зближився!
Блиснув меч горою, вбив надію мою.
Діти, мої квіти, зникли з цього світа.
Зникли з цього світа.

Покинь ридати, нещасна мати!
Ірод убивця, злий кровопивця,
злий кровопивця...
"Як не ридати, жалю не знати?
Сина накрила свіжа могила,
свіжа могила..."
Схаменися, мати, син в небі багатий.
Хто умер за Бога, того перемога!
Отвори зіниці, глянь: сини щасливці
Походжають в раю, мов ті квіти в маю.
Мов ті квіти в маю','["pisni.org.ua", "cat:christian", "cat:kolyadky", "Пісні на християнську тематику", "Колядки"]',1,'published',COALESCE((SELECT created_at FROM songs WHERE id='pisniua_231859'), datetime('now')),datetime('now'));
INSERT OR REPLACE INTO songs_fts(song_id,title,lyrics) VALUES ('pisniua_231859','Не плач, Рахиле!','Не плач, Рахиле! Глянь, діти цілі.
Не умирають, а оживають,
а оживають.
Ті діти нині в новій святині!
За Бога Сина їхня провина,
їхня провина.
З Ірода приводу лили кров, мов воду,
Діти убивали, за Христом шукали.
Діти хоч пропали, душі їх остали,
За життя утрату прийняли заплату.
Прийняли заплату.

Не плач, єдина! Вбив Ірод сина!
Люті прокляті впали до хати,
впали до хати.
За Бога Сина із Вифлеєма
Мусіли діти смерть потерпіти,
смерть потерпіти.
Хоч кров червоніла, скарга край залила,
Діточки ожили, ласки доступили,
За життя вни нині, у новій святині
Прийняли багату небесну заплату.
Небесну заплату.

Не плач, Прамати! Не час ридати!
Доля багата в Божих палатах,
в Божих палатах.
Ірод сердитий, сей кат неситий!
Має доволі Твоєї долі,
Твоєї долі!
Діти твої, Мати, до небес прийняті,
Ангели їх водлять, без журби дні сходять.
Діти славлять Бога, що зі світа цього
Їх забрав до себе, дав життя у небі.
Дав життя у небі.

Піду у поле, моя ти доле!
Колос збирати, нема що жити,
нема що жити!
Де лиш не ступлю, мов рай загублю!
Хоч ранні роси, в''януть покоси,
в''януть покоси.
Як широка нива, впала юна сила,
Царю! Бог родився, твій кінець зближився!
Блиснув меч горою, вбив надію мою.
Діти, мої квіти, зникли з цього світа.
Зникли з цього світа.

Покинь ридати, нещасна мати!
Ірод убивця, злий кровопивця,
злий кровопивця...
"Як не ридати, жалю не знати?
Сина накрила свіжа могила,
свіжа могила..."
Схаменися, мати, син в небі багатий.
Хто умер за Бога, того перемога!
Отвори зіниці, глянь: сини щасливці
Походжають в раю, мов ті квіти в маю.
Мов ті квіти в маю');
INSERT OR REPLACE INTO song_links (id,song_id,title,url,kind,version_id,sort_order) VALUES ('pisniua_231859_l1','pisniua_231859','YouTube','https://www.youtube.com/watch?v=e1JAyIL-oUo','video',NULL,1);
INSERT OR REPLACE INTO song_links (id,song_id,title,url,kind,version_id,sort_order) VALUES ('pisniua_231859_l2','pisniua_231859','YouTube','https://www.youtube.com/watch?v=DBXg_ehfDK0','video',NULL,2);
INSERT OR REPLACE INTO song_links (id,song_id,title,url,kind,version_id,sort_order) VALUES ('pisniua_231859_l3','pisniua_231859','YouTube','https://www.youtube.com/watch?v=AzZPyfo5i2A','video',NULL,3);
INSERT OR REPLACE INTO song_links (id,song_id,title,url,kind,version_id,sort_order) VALUES ('pisniua_231859_l4','pisniua_231859','YouTube','https://www.youtube.com/watch?v=PQqYk64bQE8','video',NULL,4);
INSERT OR REPLACE INTO song_links (id,song_id,title,url,kind,version_id,sort_order) VALUES ('pisniua_231859_l5','pisniua_231859','YouTube','https://www.youtube.com/watch?v=cuuwyeXB4-0','video',NULL,5);
INSERT OR REPLACE INTO song_links (id,song_id,title,url,kind,version_id,sort_order) VALUES ('pisniua_231859_l6','pisniua_231859','YouTube','https://www.youtube.com/watch?v=frYLS41io0I','video',NULL,6);
INSERT OR REPLACE INTO songs (id,title,subtitle,lang,country,period,year,source,notes,lyrics,tags_json,lang_locked,status,created_at,updated_at) VALUES ('pisniua_2316717','Мамині очі','Музика: Я. Смирнов Слова: Я. Смирнов. Виконує: Софія Яремова','uk','ukraine_1991',NULL,NULL,'аудіозапис',NULL,'День наче як день
І все так, як завжди,
Скільки у світі пісень,
Що мені дарувала ти,
Скільки у світі пісень,
Стільки ж у неба зірок.
І кожен шукає свою
І до неї свій робить крок.
Так само і я хочу знайти свою,
Ця пісня моя про те,
Що тебе я люблю!

Приспів:
Мамині очі! Мамині очі!
У світі лише одні!
Мамині очі! Мамині очі!
Щасливі, або сумні...
Мамині очі! Мамині очі!
Світло мого життя...
Мамині очі,
Ви найдорожчі усього,
Що маю я!..

День наче як день
І все так, як завжди,
Вже й вечір прийде
І запалить на небі зірки.
Як перша зійде,
Я до неї звернусь:
Щастя попрошу тобі
Ніби в очі твої подивлюсь.
Так само, як ти,
Щастя просиш мені,
Хай щастя знайде кожен
Хто хоче знайти...
Я знаю, що ти
Щастя просиш мені,
Та я за все, що є
Дякую, мамо, тобі!..

Приспів.

Мамині очі! Мамині очі!
Мамині очі! Мамині очі!

Приспів.

Мамині очі,
Ви найдорожчі усього,
Що маю я!..','["pisni.org.ua", "cat:pro-batkiv", "Пісні про любов до батьків"]',1,'published',COALESCE((SELECT created_at FROM songs WHERE id='pisniua_2316717'), datetime('now')),datetime('now'));
INSERT OR REPLACE INTO songs_fts(song_id,title,lyrics) VALUES ('pisniua_2316717','Мамині очі','День наче як день
І все так, як завжди,
Скільки у світі пісень,
Що мені дарувала ти,
Скільки у світі пісень,
Стільки ж у неба зірок.
І кожен шукає свою
І до неї свій робить крок.
Так само і я хочу знайти свою,
Ця пісня моя про те,
Що тебе я люблю!

Приспів:
Мамині очі! Мамині очі!
У світі лише одні!
Мамині очі! Мамині очі!
Щасливі, або сумні...
Мамині очі! Мамині очі!
Світло мого життя...
Мамині очі,
Ви найдорожчі усього,
Що маю я!..

День наче як день
І все так, як завжди,
Вже й вечір прийде
І запалить на небі зірки.
Як перша зійде,
Я до неї звернусь:
Щастя попрошу тобі
Ніби в очі твої подивлюсь.
Так само, як ти,
Щастя просиш мені,
Хай щастя знайде кожен
Хто хоче знайти...
Я знаю, що ти
Щастя просиш мені,
Та я за все, що є
Дякую, мамо, тобі!..

Приспів.

Мамині очі! Мамині очі!
Мамині очі! Мамині очі!

Приспів.

Мамині очі,
Ви найдорожчі усього,
Що маю я!..');
INSERT OR REPLACE INTO song_links (id,song_id,title,url,kind,version_id,sort_order) VALUES ('pisniua_2316717_l1','pisniua_2316717','YouTube','https://www.youtube.com/watch?v=_835nrxfBtw','video',NULL,1);
INSERT OR REPLACE INTO songs (id,title,subtitle,lang,country,period,year,source,notes,lyrics,tags_json,lang_locked,status,created_at,updated_at) VALUES ('pisniua_231961','Переманочко Чорная Галочка','Українська народна пісня','uk','ukraine_before_1917',NULL,NULL,'Потаємні пісні любощів і кохання © Видавництво „Павутинонька“, Нью Йорк – Львів – Київ – Харків – Москва, 2002','Еротика: Катерини – Калета – Андрія... Зелені Свята... Гаївки-Великдень... Весілля... Правой ручкою обняла ще й поцілувала. Читати листки, де є згадка з приводу цієї Пісні: Еротичні містерії, Катерини 7.12 — Передріздвяний Святочний час. Еротичні містерії, Калета 13.12 — Передріздвяний Святочний час. Стежки до інших листків про Українські пісні.','Переманочко Чорная Галочка
Ой рано-рано  Чорная Галочка

Переманила Сизого Сокола (Голуба)
Ой рано-рано Сизого Сокола

Я ж його Молодая тай не манила
Ой рано-рано тай не манила

Він до мене Молодої тай сам долітав
Ой рано-рано тай сам долітав

Переманочко Красная Дівочка (Молодая Дівочка)
Ой рано-рано Красная Дівочка

Переманила Молодого Парубка (Хлопчину)
Ой рано-рано Молодого Парубка

Я ж Його Молодая тай не манила
Ой рано-рано тай не манила

Він до мене Молодої тай сам походжав
Ой рано-рано тай сам походжав

Тай сам походжав Гостинчики приношав
Ой рано-рано Гостинчики приношав

Гостинчики приношав солоденько промовляв
Ой рано-рано солоденько промовляв

Солоденько промовляв до Серденька пригортав
Ой рано-рано до Серденька пригортав

До серденька пригортав Біле Личко цілував
Ой рано-рано Біле Личко цілував','["pisni.org.ua", "cat:vesnyanky-hayivky", "Веснянки та гаївки"]',1,'published',COALESCE((SELECT created_at FROM songs WHERE id='pisniua_231961'), datetime('now')),datetime('now'));
INSERT OR REPLACE INTO songs_fts(song_id,title,lyrics) VALUES ('pisniua_231961','Переманочко Чорная Галочка','Переманочко Чорная Галочка
Ой рано-рано  Чорная Галочка

Переманила Сизого Сокола (Голуба)
Ой рано-рано Сизого Сокола

Я ж його Молодая тай не манила
Ой рано-рано тай не манила

Він до мене Молодої тай сам долітав
Ой рано-рано тай сам долітав

Переманочко Красная Дівочка (Молодая Дівочка)
Ой рано-рано Красная Дівочка

Переманила Молодого Парубка (Хлопчину)
Ой рано-рано Молодого Парубка

Я ж Його Молодая тай не манила
Ой рано-рано тай не манила

Він до мене Молодої тай сам походжав
Ой рано-рано тай сам походжав

Тай сам походжав Гостинчики приношав
Ой рано-рано Гостинчики приношав

Гостинчики приношав солоденько промовляв
Ой рано-рано солоденько промовляв

Солоденько промовляв до Серденька пригортав
Ой рано-рано до Серденька пригортав

До серденька пригортав Біле Личко цілував
Ой рано-рано Біле Личко цілував');
INSERT OR REPLACE INTO songs (id,title,subtitle,lang,country,period,year,source,notes,lyrics,tags_json,lang_locked,status,created_at,updated_at) VALUES ('pisniua_23212','Туман яром','Українська народна пісня. Виконує: Піккардійська Терція, Олександр Надточій','uk','ukraine_before_1917',NULL,NULL,'Збірник пісень Студентського Братства Львівської політехніки. Львів, 2000.',NULL,'Туман яром, туман долиною,
Туман яром, туман долиною.
За туманом нічого не видно.     | (2)
Тільки видно дуба зеленого.     | (2)
Під тим дубом криниця стояла.   | (2)
В тій криниці дівча воду брало. | (2)
Та й втопило золоте відерце.    | (2)
Засмутило козакові серце.       | (2)
А хто ж теє відерце дістане,    | (2)
Той зі мною на рушничок стане.  | (2)
Обізвався козак молоденький.    | (2)
А я теє відерце дістану,        | (2)
Та й з тобою на рушничок стану. | (2)
Туман яром, туман долиною.      | (2)','["pisni.org.ua", "cat:lirychni", "cat:narodni", "Пісні про кохання, ліричні", "Народні пісні"]',1,'published',COALESCE((SELECT created_at FROM songs WHERE id='pisniua_23212'), datetime('now')),datetime('now'));
INSERT OR REPLACE INTO songs_fts(song_id,title,lyrics) VALUES ('pisniua_23212','Туман яром','Туман яром, туман долиною,
Туман яром, туман долиною.
За туманом нічого не видно.     | (2)
Тільки видно дуба зеленого.     | (2)
Під тим дубом криниця стояла.   | (2)
В тій криниці дівча воду брало. | (2)
Та й втопило золоте відерце.    | (2)
Засмутило козакові серце.       | (2)
А хто ж теє відерце дістане,    | (2)
Той зі мною на рушничок стане.  | (2)
Обізвався козак молоденький.    | (2)
А я теє відерце дістану,        | (2)
Та й з тобою на рушничок стану. | (2)
Туман яром, туман долиною.      | (2)');
INSERT OR REPLACE INTO song_links (id,song_id,title,url,kind,version_id,sort_order) VALUES ('pisniua_23212_l1','pisniua_23212','YouTube','https://www.youtube.com/watch?v=-5SRpWZqNHU','video',NULL,1);
INSERT OR REPLACE INTO song_links (id,song_id,title,url,kind,version_id,sort_order) VALUES ('pisniua_23212_l2','pisniua_23212','YouTube','https://www.youtube.com/watch?v=rIXfSRYN-lY','video',NULL,2);
INSERT OR REPLACE INTO song_links (id,song_id,title,url,kind,version_id,sort_order) VALUES ('pisniua_23212_l3','pisniua_23212','YouTube','https://www.youtube.com/watch?v=_l5XacXGk4U','video',NULL,3);
INSERT OR REPLACE INTO song_links (id,song_id,title,url,kind,version_id,sort_order) VALUES ('pisniua_23212_l4','pisniua_23212','YouTube','https://www.youtube.com/watch?v=pt6SlkFYjG8','video',NULL,4);
INSERT OR REPLACE INTO song_links (id,song_id,title,url,kind,version_id,sort_order) VALUES ('pisniua_23212_l5','pisniua_23212','YouTube','https://www.youtube.com/watch?v=o7fEHKTi2QI','video',NULL,5);
INSERT OR REPLACE INTO song_links (id,song_id,title,url,kind,version_id,sort_order) VALUES ('pisniua_23212_l6','pisniua_23212','YouTube','https://www.youtube.com/watch?v=_mLjL5SRgmw','video',NULL,6);
INSERT OR REPLACE INTO songs (id,title,subtitle,lang,country,period,year,source,notes,lyrics,tags_json,lang_locked,status,created_at,updated_at) VALUES ('pisniua_2321292','Останній дзвоник','Музика: Ігор Римденок Слова: Ольга Безіменна','uk','ukraine_1991',NULL,NULL,'аудіозапис',NULL,'Дзвенить дзвінок в останній раз,
І трохи сумні його звуки;
Не покличе він більше в клас,
Не покличе він більше в клас -
Він говорить нам про розлуку.
І першокласник пустотливий
Дзвонить в дзвоник, намагаючись,
І наш учитель дорогий,
І наш учитель дорогий
Нам махає, сумно посміхаючись...

Приспів:
Дзвінок останній, як останній вальс,
Випускників по площі закрутить.
Дзвінок останній проводжає нас
І однокласників навік він здружить!..

Зараз нам скажуть: "У добру путь!
Нехай буде світлою дорога!"
І буде сумно нам трохи,
І буде сумно нам трохи
Піти із шкільного порога.
Дзвенить дзвінок в останній раз,
І трохи сумні його звуки;
Не покличе він більше в клас,
Не покличе він більше в клас -
Він говорить нам про розлуку...

Приспів.','["pisni.org.ua", "cat:shkilni", "Пісні про школу"]',1,'published',COALESCE((SELECT created_at FROM songs WHERE id='pisniua_2321292'), datetime('now')),datetime('now'));
INSERT OR REPLACE INTO songs_fts(song_id,title,lyrics) VALUES ('pisniua_2321292','Останній дзвоник','Дзвенить дзвінок в останній раз,
І трохи сумні його звуки;
Не покличе він більше в клас,
Не покличе він більше в клас -
Він говорить нам про розлуку.
І першокласник пустотливий
Дзвонить в дзвоник, намагаючись,
І наш учитель дорогий,
І наш учитель дорогий
Нам махає, сумно посміхаючись...

Приспів:
Дзвінок останній, як останній вальс,
Випускників по площі закрутить.
Дзвінок останній проводжає нас
І однокласників навік він здружить!..

Зараз нам скажуть: "У добру путь!
Нехай буде світлою дорога!"
І буде сумно нам трохи,
І буде сумно нам трохи
Піти із шкільного порога.
Дзвенить дзвінок в останній раз,
І трохи сумні його звуки;
Не покличе він більше в клас,
Не покличе він більше в клас -
Він говорить нам про розлуку...

Приспів.');
INSERT OR REPLACE INTO songs (id,title,subtitle,lang,country,period,year,source,notes,lyrics,tags_json,lang_locked,status,created_at,updated_at) VALUES ('pisniua_2321318','Літо золоте','Музика: Ольга Янушкевич Слова: Марія Ясакова','uk','ukraine_1991',NULL,NULL,'аудіозапис',NULL,'Прилетіло літо, як на крилах,
Принесло нам літо дні щасливі.
Літо кучеряве, лагідне, як мама,
Ось воно яке - літо золоте...

Приспів:
Я з тобою, літо, пожартую!
Я з тобою, літо, потанцюю!
Я з тобою, літо, поспіваю!
Я тебе ще з осені чекаю!

Розсипає літо срібні роси,
Заплітає літо квіти в коси.
Пахощі суниці, грози і зірниці,
Ось воно яке - літо золоте...

Приспів.

Задрімало літо на покосах,
Засмалило сонцем ноги босі.
Скупане в любистку росяне намисто.
Ось воно яке - літо золоте...

Приспів.    Фонограма-мінус (mp3, 320kbps)','["pisni.org.ua", "cat:krasa-pryrody", "Пісні про красу природи"]',1,'published',COALESCE((SELECT created_at FROM songs WHERE id='pisniua_2321318'), datetime('now')),datetime('now'));
INSERT OR REPLACE INTO songs_fts(song_id,title,lyrics) VALUES ('pisniua_2321318','Літо золоте','Прилетіло літо, як на крилах,
Принесло нам літо дні щасливі.
Літо кучеряве, лагідне, як мама,
Ось воно яке - літо золоте...

Приспів:
Я з тобою, літо, пожартую!
Я з тобою, літо, потанцюю!
Я з тобою, літо, поспіваю!
Я тебе ще з осені чекаю!

Розсипає літо срібні роси,
Заплітає літо квіти в коси.
Пахощі суниці, грози і зірниці,
Ось воно яке - літо золоте...

Приспів.

Задрімало літо на покосах,
Засмалило сонцем ноги босі.
Скупане в любистку росяне намисто.
Ось воно яке - літо золоте...

Приспів.    Фонограма-мінус (mp3, 320kbps)');
INSERT OR REPLACE INTO song_links (id,song_id,title,url,kind,version_id,sort_order) VALUES ('pisniua_2321318_l1','pisniua_2321318','YouTube','https://www.youtube.com/watch?v=j85NPWnaopA','video',NULL,1);
INSERT OR REPLACE INTO songs (id,title,subtitle,lang,country,period,year,source,notes,lyrics,tags_json,lang_locked,status,created_at,updated_at) VALUES ('pisniua_232313','Учора звечора з Небесного Двора','Українська народна пісня','uk','ukraine_before_1917',NULL,NULL,'Староукраїнські релігійні роздуми про Бога © Видавництво "Павутинонька", Нью Йорк – Львів – Київ – Харків – Москва, 2004','Колядки-Щедрівки: Українські Різдво Світа і Щедрий Вечір. Пречиста Діва Сина рождає. Листки з приводу цієї Пісні: Українська традиція Святого Збору. Святий Збір як політичний ідеал: Що таке Кийовство? Стежки до інших листків про Українські традиції.','Учора звечора            | (2)
З Небесного Двора        | (2)
Прийшла до нас Новина    | (2)
Породила Мати Сина       | (2)
Сина Єдиного/Одиного     | (2)
Бога правдивого          | (2)
Там Ангели грали/грають  | (2)
Бога прославляли/прославляють | (2)
Ой добре хай тому        | (2)
Хто є у тім дому         | (2)
Старому й малому         | (2)
Й Богові Святому         | (2)','["pisni.org.ua", "cat:kolyadky", "cat:shchedrivky", "Колядки", "Щедрівки"]',1,'published',COALESCE((SELECT created_at FROM songs WHERE id='pisniua_232313'), datetime('now')),datetime('now'));
INSERT OR REPLACE INTO songs_fts(song_id,title,lyrics) VALUES ('pisniua_232313','Учора звечора з Небесного Двора','Учора звечора            | (2)
З Небесного Двора        | (2)
Прийшла до нас Новина    | (2)
Породила Мати Сина       | (2)
Сина Єдиного/Одиного     | (2)
Бога правдивого          | (2)
Там Ангели грали/грають  | (2)
Бога прославляли/прославляють | (2)
Ой добре хай тому        | (2)
Хто є у тім дому         | (2)
Старому й малому         | (2)
Й Богові Святому         | (2)');
INSERT OR REPLACE INTO songs (id,title,subtitle,lang,country,period,year,source,notes,lyrics,tags_json,lang_locked,status,created_at,updated_at) VALUES ('pisniua_232114','Чиї Коні на вигоні мої у Садочку','Українська народна пісня','uk','ukraine_before_1917',NULL,NULL,'Потаємні пісні любощів і кохання © Видавництво „Павутинонька“, Нью Йорк – Львів – Київ – Харків – Москва, 2002','Еротика: Катерини – Калета – Андрія... Зелені Свята... Гаївки-Великдень... Весілля... Правой ручкою обняла ще й поцілувала. Спутай Коня на Отаву в залізнії пути. Читати листки, де є згадка з приводу цієї Пісні: Еротичні містерії, Катерини 7.12 — Передріздвяний Святочний час. Еротичні містерії, Калета 13.12 — Передріздвяний Святочний час. Стежки до інших листків про Українські пісні.','Чиї Коні на вигоні мої у Садочку
Ой хто любить далекую а я Сусідочку

Любив би я далекую дак мій рід не велить
Як побачу сильно плачу аж живіт болить

Ой як я люблю поможи Боже
Буду тебе цілувати поки Сон зможе

І націлувався і намилувався
Як у Саду Соловейко Ягод надзьобався','["pisni.org.ua", "cat:vesnyanky-hayivky", "cat:zeleni-svyata", "Веснянки та гаївки", "Пісні до Зелених свят"]',1,'published',COALESCE((SELECT created_at FROM songs WHERE id='pisniua_232114'), datetime('now')),datetime('now'));
INSERT OR REPLACE INTO songs_fts(song_id,title,lyrics) VALUES ('pisniua_232114','Чиї Коні на вигоні мої у Садочку','Чиї Коні на вигоні мої у Садочку
Ой хто любить далекую а я Сусідочку

Любив би я далекую дак мій рід не велить
Як побачу сильно плачу аж живіт болить

Ой як я люблю поможи Боже
Буду тебе цілувати поки Сон зможе

І націлувався і намилувався
Як у Саду Соловейко Ягод надзьобався');
INSERT OR REPLACE INTO songs (id,title,subtitle,lang,country,period,year,source,notes,lyrics,tags_json,lang_locked,status,created_at,updated_at) VALUES ('pisniua_231899','Ой піду я до Млина до Млина (1)','Українська народна пісня','uk','ukraine_before_1917',NULL,NULL,'Потаємні пісні любощів і кохання © Видавництво "Павутинонька", Нью Йорк – Львів – Київ – Харків – Москва, 2002','Еротика, жарти, забави: Катерини – Калета – Андрія... Зелені Свята... Гаївки-Великдень... Весілля... Там то Мамко Мельник! Коло Млина Калина Ой піду я до Млина (1) Ой піду я до Млина (2) Ой піду я до Млина до Дірявого Ой піду я до Млина до Млина (1) Ой піду я до Млина до Млина (2) Очерет тріщит Осока плющит Посилала мене Мати Тече Вода Каламутна Як поїхав Мій Миленький до Млина У Перетику ходила По Оріхи Мірошника полюбила Для потіхи Мельник меле-шеретує Обернеться-поцілує Для потіхи У Перетику ходила По Опеньки Лимаренка полюбила Молоденька Лимар Кичку зашиває Мене горне-обнімає Молоденьку У Перетику ходила Я по Дрова Та Бондаря полюбила Чорноброва Бондар Відра набиває Мене горне-пригортає Чорноброву Коли хочеш добре знати Моя Мати Кого будеш попереду Зятем звати Усіх-усіх Моя Мамо У Неділеньку Зятями Будеш звати Тарас Шевченко. Кобзар. Київ, "Дніпро" 1989. с. 370. Лимар, римар — майстер, який виготовляє ремінну збрую. Запозичено з нім. мови, можливо, через посередництво польської, нвн. Ríemer "лимар" пов''язане з Ríemen "ремінь", до якого зводиться й укр. ремінь. С. 233: Етимологічний словник української мови. Т. 3 (Кора-М). Київ "Наукова Думка" 1989. 549с. Кичка — подушечка, прокладка в хомуті. С. 526: Кобзар. Київ, "Дніпро" 1989. Кика — головний убір, що надівається молодій на другий день після вінця; [кичка] — старовинний головний убір заміжньої жінки; віхтик льону, заплетений у косу нареченої; повстяна прокладка під хомутом; кільце для зачіски; пучок пір''я на картузі; пучок соломи або очерету для покриття даху; земляний горб; [кічка] — віхтик льону, заплетений у косу нареченої; дерев''яна цурка для гри; задня частина воза; різновид воза"... С.431: Етимологічний словник української мови. Т. 3 (Кора-М). Київ "Наукова Думка" 1989. 549с. Перетика — перелісок, лісосмуга:-) С. 526: Кобзар. Київ, "Дніпро" 1989. Перетик, наголос на другому складі, — різновид домотканого полотна, що перетикається кольоровою чи якою відмінною смужкою. З нього шиють утиральники, настільники, інколи сорочки. Смужки "перетику" чередуються на полотні в середньому — 70-100 см одна від одної. На пошитих з полотна утиральниках вона припадає на краї, а на настільниках — краї і середину. Коли з "перетику" шиють сорочку, то смужка оперізує поділ, полички та краї рукавів. Сама смужка, яка може бути символом води, у пошитті є найпростішим оздобленням-оберегом. Звичайно, з "перетику" шиють сорочки лише на будень, святкову — обов''язково оздоблюють вишивкою. Зовсім неоздобленого одягу за звичаєм не носили. С. 5: Надія Данилевська, Микола Ткач. Перетик. Фольклорно-етнографічний портрет українського села. Село Сахнівка, Менського району на Чернігівщині. Київ, Український центр духовної культури. 2000. 211с. Відміни. 1. Пішла Дівка до Млина в Неділю На Мельника мала всю надію Там-то Мамцю Мельник Там-то Круподерник На Животі Крупи тре А Мірочки не бере 2. Таке Мати Мельник Таке Круподерник І наварив Галушок І настелив Подушок І Подушка Мяхкенька І Табачка Товстенька Українські сороміцькі пісні. Упор., передмова "Таємничий дивосвіт Українського Еросу" та прим. М.М. Красикова. – Перлини української культури. Харків "Фоліо" 2003. 288с. Читати листки з приводу цієї Пісні: Еротичні містерії, Катерини 7.12 — Передріздвяний Святочний час. Еротичні містерії, Калета 13.12 — Передріздвяний Святочний час. Стежки до інших листків про Українські пісні.','Ой піду я до Млина до Млина
А у Млині Новина-новина

Приспів: Там-то Мамко Мельник
Там-то Мамко гарний
Там-то Мамко хороший
Меле Гречку без грошей

Меле-меле насипа-насипа
Тай на мене погляда-погляда

Меле-меле підсипа-підсипа
Як поверне пригорта-пригорта

Меле-меле шеретує-шеретує
Як  поверне поцілує-поцілує

Він Мірочки не бере не бере
Як на Крупу подере-подере

А вже Гречка на Коші на Коші
Припав Мельник до душі до душі','["pisni.org.ua", "cat:vesilni", "Весільні пісні"]',1,'published',COALESCE((SELECT created_at FROM songs WHERE id='pisniua_231899'), datetime('now')),datetime('now'));
INSERT OR REPLACE INTO songs_fts(song_id,title,lyrics) VALUES ('pisniua_231899','Ой піду я до Млина до Млина (1)','Ой піду я до Млина до Млина
А у Млині Новина-новина

Приспів: Там-то Мамко Мельник
Там-то Мамко гарний
Там-то Мамко хороший
Меле Гречку без грошей

Меле-меле насипа-насипа
Тай на мене погляда-погляда

Меле-меле підсипа-підсипа
Як поверне пригорта-пригорта

Меле-меле шеретує-шеретує
Як  поверне поцілує-поцілує

Він Мірочки не бере не бере
Як на Крупу подере-подере

А вже Гречка на Коші на Коші
Припав Мельник до душі до душі');
INSERT OR REPLACE INTO song_links (id,song_id,title,url,kind,version_id,sort_order) VALUES ('pisniua_231899_l1','pisniua_231899','Переглянути варіанти >>','https://www.pisni.org.ua/#variants','external',NULL,1);
INSERT OR REPLACE INTO songs (id,title,subtitle,lang,country,period,year,source,notes,lyrics,tags_json,lang_locked,status,created_at,updated_at) VALUES ('pisniua_2321394','Канікули','Музика: Анна Олєйнікова Слова: Лариса Ратич','uk','ukraine_1991',NULL,NULL,'аудіозапис','Пісню виконують Марія Стоянова та Поліна Глухенко.','Дні такі чудові ми чекали,
Швидше їх наблизити бажали,
І, нарешті, мрії всі збулися,
Бо канікули розпочалися!

Приспів:
Нам сумувати ніколи,
Бо вже прийшли канікули,
Канікули, канікули -
Чудові, загадкові -
Канікули, канікули!

Можна рано-вранці не вставати,
Можна день цілісінький гуляти,
Вчителька нікого не питає -
Теж вона від нас відпочиває.

Приспів. (2)

Канікули, канікули!
Канікули, канікули!','["pisni.org.ua", "cat:dytyachi", "Дитячі пісні"]',1,'published',COALESCE((SELECT created_at FROM songs WHERE id='pisniua_2321394'), datetime('now')),datetime('now'));
INSERT OR REPLACE INTO songs_fts(song_id,title,lyrics) VALUES ('pisniua_2321394','Канікули','Дні такі чудові ми чекали,
Швидше їх наблизити бажали,
І, нарешті, мрії всі збулися,
Бо канікули розпочалися!

Приспів:
Нам сумувати ніколи,
Бо вже прийшли канікули,
Канікули, канікули -
Чудові, загадкові -
Канікули, канікули!

Можна рано-вранці не вставати,
Можна день цілісінький гуляти,
Вчителька нікого не питає -
Теж вона від нас відпочиває.

Приспів. (2)

Канікули, канікули!
Канікули, канікули!');
INSERT OR REPLACE INTO song_links (id,song_id,title,url,kind,version_id,sort_order) VALUES ('pisniua_2321394_l1','pisniua_2321394','YouTube','https://www.youtube.com/watch?v=1reWwbJf3qc','video',NULL,1);
INSERT OR REPLACE INTO songs (id,title,subtitle,lang,country,period,year,source,notes,lyrics,tags_json,lang_locked,status,created_at,updated_at) VALUES ('pisniua_232158','А хто видав а хто слихав Мою Жінку на Торгу','Українська народна пісня. Виконує: Веснівка','uk','ukraine_before_1917',NULL,NULL,'Потаємні пісні любощів і кохання © Видавництво „Павутинонька“, Нью Йорк – Львів – Київ – Харків – Москва, 2002','Гаївка: Українське Відродження Світа. Пісня-Гра. Еротика: Катерини – Калета – Андрія... Зелені Свята... Гаївки-Великдень... Весілля... Вибирай си кого любиш. Правой ручкою обняла ще й поцілувала. Читати листки, де є згадка з приводу цієї Пісні: Еротичні містерії, Катерини 7.12 — Передріздвяний Святочний час. Еротичні містерії, Калета 13.12 — Передріздвяний Святочний час. Стежки до інших листків про Українські пісні.','А хто видав а хто слихав
Мою Жінку на Торгу

А ми Єї видимо-видимо
Тобі Єї не дамо не дамо
Іди-іди Лихий Мужу Додому

А я каші наварю-наварю
Мою Жінку виходжу-виходжу
Ходи-ходи Добра Жінко Додому

А ми кашу із''їмо-із''їмо
Тобі Жінки не дамо не дамо
Іди-іди Лихий Мужу Додому

А хто видав а хто слихав
Мою Жінку на Торгу

А ми Єї видимо-видимо
Тобі Єї не дамо не дамо
Іди-іди Лихий Мужу Додому

А я Перстень на палець на палець
Мою Жінку у Танець у Танець
Ходи-ходи Добра Жінко Додому

А ми Перстень візьмемо-візьмемо
Тобі Жінку видамо-видамо
Іди-іди Добра Жінко Додому','["pisni.org.ua", "cat:vesilni", "cat:vesnyanky-hayivky", "Весільні пісні", "Веснянки та гаївки"]',1,'published',COALESCE((SELECT created_at FROM songs WHERE id='pisniua_232158'), datetime('now')),datetime('now'));
INSERT OR REPLACE INTO songs_fts(song_id,title,lyrics) VALUES ('pisniua_232158','А хто видав а хто слихав Мою Жінку на Торгу','А хто видав а хто слихав
Мою Жінку на Торгу

А ми Єї видимо-видимо
Тобі Єї не дамо не дамо
Іди-іди Лихий Мужу Додому

А я каші наварю-наварю
Мою Жінку виходжу-виходжу
Ходи-ходи Добра Жінко Додому

А ми кашу із''їмо-із''їмо
Тобі Жінки не дамо не дамо
Іди-іди Лихий Мужу Додому

А хто видав а хто слихав
Мою Жінку на Торгу

А ми Єї видимо-видимо
Тобі Єї не дамо не дамо
Іди-іди Лихий Мужу Додому

А я Перстень на палець на палець
Мою Жінку у Танець у Танець
Ходи-ходи Добра Жінко Додому

А ми Перстень візьмемо-візьмемо
Тобі Жінку видамо-видамо
Іди-іди Добра Жінко Додому');
INSERT OR REPLACE INTO songs (id,title,subtitle,lang,country,period,year,source,notes,lyrics,tags_json,lang_locked,status,created_at,updated_at) VALUES ('pisniua_232175','Де Ти ходив Наш Чорний Баране','Українська народна пісня','uk','ukraine_before_1917',NULL,NULL,'Потаємні пісні любощів і кохання © Видавництво „Павутинонька“, Нью Йорк – Львів – Київ – Харків – Москва, 2002','Гаївка: Українське Відродження Світа. Пісня-Гра. Еротика: Катерини – Калета – Андрія... Зелені Свята... Гаївки-Великдень... Весілля... Вибирай си кого любиш. Правой ручкою обняла ще й поцілувала. Читати листки, де є згадка з приводу цієї Пісні: Еротичні містерії, Катерини 7.12 — Передріздвяний Святочний час. Еротичні містерії, Калета 13.12 — Передріздвяний Святочний час. Стежки до інших листків про Українські пісні. Весняне Свято було також важним для молодих, головно із-за вільного запізнавання. Було воно в дохристиянських часах рівнож Святом загальних заручин. А вже Весільні обряди відбувалися внедовзі по Святах. Простолюдин і тепер Весільні обряди більше вважає потрібними для важности шлюбу, як церковні церемонії. Обов''язком свідомих Українців повинно бути не дати ніяк загинути цьому гарному звичаєві, тому нашому заборолові, яке держить народ кріпко при своїм ріднім. Де нема Веснянок, треба покласти собі за ціль вивчити молодіж Ягілок, а коли вони раз приймуться, то вже їх ніхто не викорінить. Богато зібраних мною пісень та етноґрафічних записок забрала мені польська дефензива при богатьох ревізіях і відібрати їх ніяк не можна. Жаден уряд в Польщі не знає, де поділися річи забрані при ревізіях. – М. Миханько','Всі беруться за руки, йдуть Колом співаючи.
Всередині Кола — Чорний Баран у кожусі вовною навиворіт.
Він показує смішними рухами й голосом слова Пісні.
Після останньої в''язки Чорний Баран біжить до Кола і вибирає собі Дівчину, цілує її.
Після цього гра відновлюється з іншим Чорним Бараном.

Де Ти ходив Наш Чорний Баране
До Млина до Млина Добрий Чабане -2

Що Ти робив там Чорний Баране
Молов Пшениченьку Добрий Чабане -2

А що Ти їв там Чорний Баране
Вівсяний Ощіпок Добрий Чабане -2

А що Ти пив там Чорний Баране
Горівку-перцівку Добрий Чабане -2

А де Ти спав там Чорний Баране
В Стодолі на Сіні Добрий Чабане -2

Чим Тебе гнали Чорний Баране
Прутом-ґерлиґою Добрий Чабане -2

А як Ти плакав Чорний Баране
Мекеме-мекеме Добрий Чабане -2

Куди втікав Ти Чорний Баране
До Дівки-Дівчини Добрий Чабане -2','["pisni.org.ua", "cat:vesnyanky-hayivky", "Веснянки та гаївки"]',1,'published',COALESCE((SELECT created_at FROM songs WHERE id='pisniua_232175'), datetime('now')),datetime('now'));
INSERT OR REPLACE INTO songs_fts(song_id,title,lyrics) VALUES ('pisniua_232175','Де Ти ходив Наш Чорний Баране','Всі беруться за руки, йдуть Колом співаючи.
Всередині Кола — Чорний Баран у кожусі вовною навиворіт.
Він показує смішними рухами й голосом слова Пісні.
Після останньої в''язки Чорний Баран біжить до Кола і вибирає собі Дівчину, цілує її.
Після цього гра відновлюється з іншим Чорним Бараном.

Де Ти ходив Наш Чорний Баране
До Млина до Млина Добрий Чабане -2

Що Ти робив там Чорний Баране
Молов Пшениченьку Добрий Чабане -2

А що Ти їв там Чорний Баране
Вівсяний Ощіпок Добрий Чабане -2

А що Ти пив там Чорний Баране
Горівку-перцівку Добрий Чабане -2

А де Ти спав там Чорний Баране
В Стодолі на Сіні Добрий Чабане -2

Чим Тебе гнали Чорний Баране
Прутом-ґерлиґою Добрий Чабане -2

А як Ти плакав Чорний Баране
Мекеме-мекеме Добрий Чабане -2

Куди втікав Ти Чорний Баране
До Дівки-Дівчини Добрий Чабане -2');
INSERT OR REPLACE INTO songs (id,title,subtitle,lang,country,period,year,source,notes,lyrics,tags_json,lang_locked,status,created_at,updated_at) VALUES ('pisniua_232457','Ой на Яна на Янонька не палена Собітонька','Українська народна пісня','uk','ukraine_before_1917',NULL,NULL,'1. Староукраїнські релігійні роздуми про Бога © Видавництво "Павутинонька", Нью Йорк – Львів – Київ – Харків – Москва, 2004 2. Купальські пісні. Українські народні пісні. Пісенник. Упорядник О. Ю Чебанюк. - К.: Музична Україна, 1989. - 196 с.','Пара - любощі: Вогонь-Вода. Два Голубці. Помічення-Вибір Пари. Астральні Заручини — Українське містичне Весілля: Різдво Світа / Купала. Обрядове Купання. Еротика, жарти, забави: Катерини – Калета – Андрія... Гаїлки-Великдень... Зелені Свята... Івана Купала... Весілля... – Щедровечірнє й Новорічне: Маланки-Василь. Коза. Кіт... – Мед і Ябка... Рай розвився Господь звеселився. А на тій Вербі Рожеві Квіти. Буде тобі Квітка Красна. Івана Купала тай в Воду упала. Гоці-гоці на Потоці Два Голубці Воду пили. Тай зачали говорити кого мают з ким злучити. Три Гискри впало Три Морі стало. Були Світилки Яснії Зірки. Листки з приводу цієї Пісні: Українська Астрально-мітольоґічна реліґійна концепція. Українські релігійні роздуми про Бога. Щедрий Вечер, 13-14 січня. Маланки-Василь. Коза. Про Свято Івана Купала Стежки до листків про Українські традиції. Громадська організація "Арт Екзистенція", Українська експериментальна лабораторія фольклору, Мистецьке агентство "Арт Велес" та Українсько-британське спільне підприємство "Комора" презентують проект "МОЯ УКРАЇНА. БЕРВИ", основна мета якого - показати багатства народної творчості українців. Народна культура та мистецтво українців справедливо вважаються одними з найбагатших надбань культурної скарбниці європейських націй. Проти фольклору боролася церква, його забороняли імперські та радянські укази намагаючись спотворити його сутність банальним псевдофольклором, але фольклор з його глибинною пам''яттю в кілька тисячоліть виявився надзвичайно життєздатним. Схоже на те, що фольклорну традицію може перемогти тільки Час, наступ нової цивілізації. Ми, мабуть, останнє покоління, якому надана можливість зафіксувати кращі зразки традиційної культури, зберегти їх для нащадків, адже живих носіїв автентичного фольклору стає все менше. Протягом ХХ ст. фахівцям-ентузіастам вдалося записати тисячі народних пісень, награвань, творів усної народної творчості, що зберігаються в архівах відповідних державних інституцій. Сьогодні ми ризикуємо втратити цей неоціненний скарб: велика частина унікальних фоноархівів самознищується внаслідок осипання магнітних плівок під дією часу. ("Моя Україна" - автентична музика на СD - http://media.topping.com.ua/printnews/90851.html)','Ой на Яна на Янонька не палена Собітонька
Не палена і не буде док святий Ян не приїде
Як святий Ян приїхавши Собітоньку розпалявши
Тоді будем говорити кого маєм з ким злучити

Гоці-гоці на Потоці Два Голубці Воду пили
Пили-пили скамутили і на Іншу полетіли
Сіли собі на Явора тай зачали говорити
Тай зачали говорити кого мают з ким злучити

А в Барана Гарний Петрусь а в Пелеха Красна Євця
Треба би їх получити і на Глога положити
Як на Глога так на люде шо май бути то най буде!','["pisni.org.ua", "cat:kupalski", "Купальські пісні"]',1,'published',COALESCE((SELECT created_at FROM songs WHERE id='pisniua_232457'), datetime('now')),datetime('now'));
INSERT OR REPLACE INTO songs_fts(song_id,title,lyrics) VALUES ('pisniua_232457','Ой на Яна на Янонька не палена Собітонька','Ой на Яна на Янонька не палена Собітонька
Не палена і не буде док святий Ян не приїде
Як святий Ян приїхавши Собітоньку розпалявши
Тоді будем говорити кого маєм з ким злучити

Гоці-гоці на Потоці Два Голубці Воду пили
Пили-пили скамутили і на Іншу полетіли
Сіли собі на Явора тай зачали говорити
Тай зачали говорити кого мают з ким злучити

А в Барана Гарний Петрусь а в Пелеха Красна Євця
Треба би їх получити і на Глога положити
Як на Глога так на люде шо май бути то най буде!');
INSERT OR REPLACE INTO songs (id,title,subtitle,lang,country,period,year,source,notes,lyrics,tags_json,lang_locked,status,created_at,updated_at) VALUES ('pisniua_232192','Жила-була Царівна (2)','Українська народна пісня','uk','ukraine_before_1917',NULL,NULL,'Потаємні пісні любощів і кохання © Видавництво „Павутинонька“, Нью Йорк – Львів – Київ – Харків – Москва, 2002','Гаївка: Українське Відродження Світа. Пісня-Гра. Еротика: Катерини – Калета – Андрія... Зелені Свята... Гаївки-Великдень... Весілля... Вибирай си кого любиш. Правой ручкою обняла ще й поцілувала. Читати листки, де є згадка з приводу цієї Пісні: Еротичні містерії, Катерини 7.12 — Передріздвяний Святочний час. Еротичні містерії, Калета 13.12 — Передріздвяний Святочний час. Стежки до інших листків про Українські пісні.','Жила-була Царівна (Князівна)
Царівна-Царівна
Жила була Царівна
Царівна Молода

Царівно бійся відьми злої
Відьми злої -2
Царівно бійся відьми злої
Ой-йо-йой

Аж ось прийшла та відьма зла
Та відьма зла -2
Аж ось прийшла та відьма зла
Чах-чах-чах

Засни Царівно на сто літ
На сто літ -2
Засни Царівно на сто літ
На сто літ

І все заснуло Тихим Сном
Тихим Сном -2
І все заснуло Тихим Сном
Тихим Сном

І виріс там бур''ян-бур''ян
Бур''ян-бур''ян -2
І виріс там бур''ян-бур''ян
Бур''ян-бур''ян

Аж раз  прийшов Царевич  (Князенко)
Царевич -2
Аж раз  прийшов Царевич
Царевич Молодий

І Поцілунком розбудив
Розбудив -2
І поцілунком розбудив
Царівну Молоду

І було там Весілля
Весілля -2
І було там Весілля
Весілля на весь світ  (край)

І всі співали  Слава (кричали)
Слава -2
І всі співали Слава
Тій Парі Молодій

Відміна:

Жила-була Царівна
Царівна-царівна
Царівна Молода

Царівно бійся відьми злої
Відьми злої -2

Аж ось прийшла та відьма зла
Відьма зла -2

Засни Царівно на сто літ
На сто літ -2

І всі заснули вічним сном
Вічним сном -2

Аж ось прийшов Царевич
Царевич-Царевич
Царевич Молодий

І Поцілунком розбудив
Розбудив-розбудив
Царівну Молоду

І було там Весілля
Весілля-Весілля
Весілля Молоде','["pisni.org.ua", "cat:vesilni", "cat:vesnyanky-hayivky", "Весільні пісні", "Веснянки та гаївки"]',1,'published',COALESCE((SELECT created_at FROM songs WHERE id='pisniua_232192'), datetime('now')),datetime('now'));
INSERT OR REPLACE INTO songs_fts(song_id,title,lyrics) VALUES ('pisniua_232192','Жила-була Царівна (2)','Жила-була Царівна (Князівна)
Царівна-Царівна
Жила була Царівна
Царівна Молода

Царівно бійся відьми злої
Відьми злої -2
Царівно бійся відьми злої
Ой-йо-йой

Аж ось прийшла та відьма зла
Та відьма зла -2
Аж ось прийшла та відьма зла
Чах-чах-чах

Засни Царівно на сто літ
На сто літ -2
Засни Царівно на сто літ
На сто літ

І все заснуло Тихим Сном
Тихим Сном -2
І все заснуло Тихим Сном
Тихим Сном

І виріс там бур''ян-бур''ян
Бур''ян-бур''ян -2
І виріс там бур''ян-бур''ян
Бур''ян-бур''ян

Аж раз  прийшов Царевич  (Князенко)
Царевич -2
Аж раз  прийшов Царевич
Царевич Молодий

І Поцілунком розбудив
Розбудив -2
І поцілунком розбудив
Царівну Молоду

І було там Весілля
Весілля -2
І було там Весілля
Весілля на весь світ  (край)

І всі співали  Слава (кричали)
Слава -2
І всі співали Слава
Тій Парі Молодій

Відміна:

Жила-була Царівна
Царівна-царівна
Царівна Молода

Царівно бійся відьми злої
Відьми злої -2

Аж ось прийшла та відьма зла
Відьма зла -2

Засни Царівно на сто літ
На сто літ -2

І всі заснули вічним сном
Вічним сном -2

Аж ось прийшов Царевич
Царевич-Царевич
Царевич Молодий

І Поцілунком розбудив
Розбудив-розбудив
Царівну Молоду

І було там Весілля
Весілля-Весілля
Весілля Молоде');
INSERT OR REPLACE INTO song_links (id,song_id,title,url,kind,version_id,sort_order) VALUES ('pisniua_232192_l1','pisniua_232192','YouTube','https://www.youtube.com/watch?v=Xa6LFRn6ESk','video',NULL,1);
INSERT OR REPLACE INTO songs (id,title,subtitle,lang,country,period,year,source,notes,lyrics,tags_json,lang_locked,status,created_at,updated_at) VALUES ('pisniua_2325277','Бросай, Петре, жінку','Українська народна пісня','uk','ukraine_before_1917',NULL,NULL,'аудіозапис','Старовинна пісня (сімейна драма минулих часів) з Півдня України (Таврія).','Бросай, Петре, жінку,
А я - чоловіка,
Та й поїдем на Вкраїну |
Де весело жити!..      | (2)

Ой, боюсь я, Насте,
Щоб нас не впіймали,
Щоби наші білі ручки   |
Назад не зв''язали...   | (2)

Ой, не бійся, Петре,
Не бійся нікого.
А я свого чоловіка     |
Пошлю в яр косити...   | (2)

А він косить, косить,
На дім поглядає -
Усі жінки обід несуть, |
Моєї немає...          | (2)','["pisni.org.ua", "cat:pivden", "Пісні з півдня України"]',1,'published',COALESCE((SELECT created_at FROM songs WHERE id='pisniua_2325277'), datetime('now')),datetime('now'));
INSERT OR REPLACE INTO songs_fts(song_id,title,lyrics) VALUES ('pisniua_2325277','Бросай, Петре, жінку','Бросай, Петре, жінку,
А я - чоловіка,
Та й поїдем на Вкраїну |
Де весело жити!..      | (2)

Ой, боюсь я, Насте,
Щоб нас не впіймали,
Щоби наші білі ручки   |
Назад не зв''язали...   | (2)

Ой, не бійся, Петре,
Не бійся нікого.
А я свого чоловіка     |
Пошлю в яр косити...   | (2)

А він косить, косить,
На дім поглядає -
Усі жінки обід несуть, |
Моєї немає...          | (2)');
INSERT OR REPLACE INTO songs (id,title,subtitle,lang,country,period,year,source,notes,lyrics,tags_json,lang_locked,status,created_at,updated_at) VALUES ('pisniua_2323563','Вже би’м була їхала, вже би’м була йшла','Українська народна пісня','uk','ukr_ssr_1919_1991',NULL,'1941',NULL,'Уснословесний жанр весільна пісня, ладканка, приспівка Місце побутування с. Боберка, Боберківська сільрада, Турківський район, Львівська область Респонденти Бутрий (Бабич) Катерина Луківна, 1941 р.н., Бутрий (Маричканич) Марія Миколаївна, 1985 р.н., Бутрий Оксана Яківна, 1970 р.н. Збирачі Довгалюк Ірина, Вовчак Андрій','Вже би''м була їхала, вже би''м була йшла,
Ще''м свой мамі не вклонилася.
Кланяюсь тобі, мамо, що збудила мене рано,       |
Більш не будеш, не будеш.                        | (2)

Вже би''м була їхала, вже би''м була йшла,
Ще''м своєму татові не вклонилася.
Кланяюсь тобі, тату, що построїв мені хату,      |
Більш не будеш, не будеш.                        | (2)

Вже би''м була їхала, вже би''м була йшла,
Ще своїй сестриці не вклонилася.
Кланяюсь тобі, сестро, що''з навчила косу плести, |
Більш не будеш, не будеш.                        | (2)

Вже би''м була їхала, вже би''м була йшла,
Ще''м своєму братові не вклонилася.
Кланяюсь тобі, брате, що''з наводив хлопців хату, |
Більш не будеш, не будеш.                        | (2)

Вже би''м була їхала, вже би''м була йшла,
Ще''м своїм порогам не вклонилася.
Кланяюсь вам, пороги, де стояли білі ноги,       |
Більш не будуть, не будуть.                      | (2)

Вже би''м була їхала, вже би''м була йшла,
Ще''м своїм воротам не вклонилася.
Кланяюсь вам, ворота, де стояла хлопців рота,    |
Більш не будуть, не будуть.                      | (2)

Вже би''м була їхала, вже би''м була йшла,
Ще''м своїм сусідам не вклонилася.
Кланяюсь вам, сусіди, що були за дня бесіди,     |
Більш не будуть, не будуть.                      | (2)','["pisni.org.ua", "cat:vesilni", "Весільні пісні"]',1,'published',COALESCE((SELECT created_at FROM songs WHERE id='pisniua_2323563'), datetime('now')),datetime('now'));
INSERT OR REPLACE INTO songs_fts(song_id,title,lyrics) VALUES ('pisniua_2323563','Вже би’м була їхала, вже би’м була йшла','Вже би''м була їхала, вже би''м була йшла,
Ще''м свой мамі не вклонилася.
Кланяюсь тобі, мамо, що збудила мене рано,       |
Більш не будеш, не будеш.                        | (2)

Вже би''м була їхала, вже би''м була йшла,
Ще''м своєму татові не вклонилася.
Кланяюсь тобі, тату, що построїв мені хату,      |
Більш не будеш, не будеш.                        | (2)

Вже би''м була їхала, вже би''м була йшла,
Ще своїй сестриці не вклонилася.
Кланяюсь тобі, сестро, що''з навчила косу плести, |
Більш не будеш, не будеш.                        | (2)

Вже би''м була їхала, вже би''м була йшла,
Ще''м своєму братові не вклонилася.
Кланяюсь тобі, брате, що''з наводив хлопців хату, |
Більш не будеш, не будеш.                        | (2)

Вже би''м була їхала, вже би''м була йшла,
Ще''м своїм порогам не вклонилася.
Кланяюсь вам, пороги, де стояли білі ноги,       |
Більш не будуть, не будуть.                      | (2)

Вже би''м була їхала, вже би''м була йшла,
Ще''м своїм воротам не вклонилася.
Кланяюсь вам, ворота, де стояла хлопців рота,    |
Більш не будуть, не будуть.                      | (2)

Вже би''м була їхала, вже би''м була йшла,
Ще''м своїм сусідам не вклонилася.
Кланяюсь вам, сусіди, що були за дня бесіди,     |
Більш не будуть, не будуть.                      | (2)');
INSERT OR REPLACE INTO songs (id,title,subtitle,lang,country,period,year,source,notes,lyrics,tags_json,lang_locked,status,created_at,updated_at) VALUES ('pisniua_232395','Там за Горею за Високею','Українська народна пісня. Виконує: Гуртоправці, — гурт „Володар“, Володар','uk','ukraine_before_1917',NULL,NULL,'Староукраїнські релігійні роздуми про Бога © Видавництво "Павутинонька", Нью Йорк – Львів – Київ – Харків – Москва, 2004','Стародавні Колядки-Щедрівки. Астральні Заручини — Українське містичне Весілля: Різдво Світа / Купала. Світотворчі містерії. Святе Шиття-Вишивання: Шиє-малює Злотом гаптує. Помічення Пари: По чім Його ви так упізнали. Еротика, жарти, забави: Катерини – Калета – Андрія... Гаївки-Великдень... Зелені Свята... Івана Купала... Весілля... – Щедровечірнє й Новорічне: Маланки-Василь. Коза. Кіт... Були Світилки Яснії Зірки. Шиє-малює Злотом гаптує. Буде Тобі Три Дорозі. Спутай Коня на Отаву в залізнії пути. Листки з приводу цієї Пісні: День реліґійно-філософських роздумів на Астральні теми, Варвари 17.12. Стежки до листків про Українські традиції.','Там за Горею за Високею

Приспів:
Грай Коню
Грай Кониченьку Сивий Маленький зо мною зо мною!

А на тім Конику Красний Кавалір Молодий Романко
А на ньому боти Київськой роботи!
При йому Хустечка Шовком вишивана Подарком давана
При боку Шабелька то Його Панєнка Молода Мар''янка','["pisni.org.ua", "cat:vesnyanky-hayivky", "Веснянки та гаївки"]',1,'published',COALESCE((SELECT created_at FROM songs WHERE id='pisniua_232395'), datetime('now')),datetime('now'));
INSERT OR REPLACE INTO songs_fts(song_id,title,lyrics) VALUES ('pisniua_232395','Там за Горею за Високею','Там за Горею за Високею

Приспів:
Грай Коню
Грай Кониченьку Сивий Маленький зо мною зо мною!

А на тім Конику Красний Кавалір Молодий Романко
А на ньому боти Київськой роботи!
При йому Хустечка Шовком вишивана Подарком давана
При боку Шабелька то Його Панєнка Молода Мар''янка');
INSERT OR REPLACE INTO songs (id,title,subtitle,lang,country,period,year,source,notes,lyrics,tags_json,lang_locked,status,created_at,updated_at) VALUES ('pisniua_2326624','Я нап''юсь вина','Музика: Марина Тимофійчук Слова: Марина Тимофійчук. Виконує: Марина Тимофійчук','uk','ukraine_1991',NULL,NULL,'аудіозапис',NULL,'Коли ти обіймаєш,
Здається, виростає небо...
І я відчуваю себе
Маленькою беззахисною квіткою...
Коли я стаю квіткою,
Безборонною квіткою
І заплющую очі, і лечу
Вище неба блакитного...
Не боюся ні вітру я,
Ні безумного світу не боюсь!
Коли ти обіймаєш, здається,
Я до тебе приростаю!..

Приспів:
Я нап''юсь вина,
Як закінчиться війна!
Як закінчиться війна -
Я нап''юсь тобою!
Я живу тобою, знай!
Як закінчиться війна,
Як закінчиться війна -
Я нап''юсь твоєю любов''ю!
Я нап''юсь твоєю любов''ю!

Коли ти торкаєшся
Гарячими губами до чола,
Серце гримає, гримає в груди,
Аби я його почула.
Дрібно серденько гримає
В твою руку нестриману,
Тільки не відпусти мене,
Не впусти!..
Якщо падати з неба -
То тільки, тільки
В обійми до тебе
Падати буду немов стріла!
Тільки б ти торкнувся
Гарячими губами до чола!..

Приспів.

Як закінчиться війна!    |
Як закінчиться війна!    |
Як закінчиться війна!    |
Я нап''юсь твоєю любов''ю! | (2)

Я нап''юсь тобою!..','["pisni.org.ua", "cat:ato", "Пісні російсько-української війни та АТО"]',1,'published',COALESCE((SELECT created_at FROM songs WHERE id='pisniua_2326624'), datetime('now')),datetime('now'));
INSERT OR REPLACE INTO songs_fts(song_id,title,lyrics) VALUES ('pisniua_2326624','Я нап''юсь вина','Коли ти обіймаєш,
Здається, виростає небо...
І я відчуваю себе
Маленькою беззахисною квіткою...
Коли я стаю квіткою,
Безборонною квіткою
І заплющую очі, і лечу
Вище неба блакитного...
Не боюся ні вітру я,
Ні безумного світу не боюсь!
Коли ти обіймаєш, здається,
Я до тебе приростаю!..

Приспів:
Я нап''юсь вина,
Як закінчиться війна!
Як закінчиться війна -
Я нап''юсь тобою!
Я живу тобою, знай!
Як закінчиться війна,
Як закінчиться війна -
Я нап''юсь твоєю любов''ю!
Я нап''юсь твоєю любов''ю!

Коли ти торкаєшся
Гарячими губами до чола,
Серце гримає, гримає в груди,
Аби я його почула.
Дрібно серденько гримає
В твою руку нестриману,
Тільки не відпусти мене,
Не впусти!..
Якщо падати з неба -
То тільки, тільки
В обійми до тебе
Падати буду немов стріла!
Тільки б ти торкнувся
Гарячими губами до чола!..

Приспів.

Як закінчиться війна!    |
Як закінчиться війна!    |
Як закінчиться війна!    |
Я нап''юсь твоєю любов''ю! | (2)

Я нап''юсь тобою!..');
INSERT OR REPLACE INTO song_links (id,song_id,title,url,kind,version_id,sort_order) VALUES ('pisniua_2326624_l1','pisniua_2326624','YouTube','https://www.youtube.com/watch?v=OmYhiWykDy0','video',NULL,1);
INSERT OR REPLACE INTO songs (id,title,subtitle,lang,country,period,year,source,notes,lyrics,tags_json,lang_locked,status,created_at,updated_at) VALUES ('pisniua_23226','Рушничок','Музика: Ігор Особік Слова: Ігор Особік. Виконує: Андрій Хавунка','uk','ukraine_1991',NULL,NULL,'Збірник пісень Студентського Братства Львівської політехніки.- Львів, 2000.',NULL,'Вишийте мені, мамо,
Рушничок в дорогу.
В бій як піду з більшовиками,  |
Чи верну додому?               |

Вигаптуйте мені, ненько,
Та вмийте сльозами,
Я його прикладу                |
до свого серденька -    |
Легше буде воювати.            | (2)

Відріжте мені, мамо,
Від нього половину,
Я подарую на добру згадку      |
Коханій дівчині                | (2)

Поцілую й подарую
Весільного рушничка я,
Най би дуже не плакала,        |
Свого Степана чекала.          | (2)

Не журіться ви, мій тату,
Не плачте, моя нене,
Переможемо московита,          |
Я ще мо'' ся поверну.           | (2)','["pisni.org.ua", "cat:bardivski", "Бардівські пісні"]',1,'published',COALESCE((SELECT created_at FROM songs WHERE id='pisniua_23226'), datetime('now')),datetime('now'));
INSERT OR REPLACE INTO songs_fts(song_id,title,lyrics) VALUES ('pisniua_23226','Рушничок','Вишийте мені, мамо,
Рушничок в дорогу.
В бій як піду з більшовиками,  |
Чи верну додому?               |

Вигаптуйте мені, ненько,
Та вмийте сльозами,
Я його прикладу                |
до свого серденька -    |
Легше буде воювати.            | (2)

Відріжте мені, мамо,
Від нього половину,
Я подарую на добру згадку      |
Коханій дівчині                | (2)

Поцілую й подарую
Весільного рушничка я,
Най би дуже не плакала,        |
Свого Степана чекала.          | (2)

Не журіться ви, мій тату,
Не плачте, моя нене,
Переможемо московита,          |
Я ще мо'' ся поверну.           | (2)');
INSERT OR REPLACE INTO songs (id,title,subtitle,lang,country,period,year,source,notes,lyrics,tags_json,lang_locked,status,created_at,updated_at) VALUES ('pisniua_232495','Котилося Деревце Через Наше Сельце','Українська народна пісня','uk','ukraine_before_1917',NULL,NULL,'1. Староукраїнські релігійні роздуми про Бога © Видавництво "Павутинонька", Нью Йорк – Львів – Київ – Харків – Москва, 2004 2. Купальські пісні. Українські народні пісні. Пісенник. Упорядник О. Ю Чебанюк. - К.: Музична Україна, 1989. - 196 с.','Пара - любощі: Сельце-Деревце. Астральні Заручини — Українське містичне Весілля: Різдво Світа / Купала. Закликання Купала. Еротика, жарти, забави: Катерини – Калета – Андрія... Гаїлки-Великдень... Зелені Свята... Івана Купала... Весілля... – Щедровечірнє й Новорічне: Маланки-Василь. Коза. Кіт... – Мед і Ябка... Рай розвився Господь звеселився. Івана Купала тай в Воду упала. Були Світилки Яснії Зірки. Листки з приводу цієї Пісні: Українські релігійні роздуми про Бога. Про Свято Івана Купала Стежки до листків про Українські традиції.','Котилося Деревце Через Наше Сельце
Ох! Через Наше Сельце','["pisni.org.ua", "cat:kupalski", "Купальські пісні"]',1,'published',COALESCE((SELECT created_at FROM songs WHERE id='pisniua_232495'), datetime('now')),datetime('now'));
INSERT OR REPLACE INTO songs_fts(song_id,title,lyrics) VALUES ('pisniua_232495','Котилося Деревце Через Наше Сельце','Котилося Деревце Через Наше Сельце
Ох! Через Наше Сельце');
INSERT OR REPLACE INTO songs (id,title,subtitle,lang,country,period,year,source,notes,lyrics,tags_json,lang_locked,status,created_at,updated_at) VALUES ('pisniua_2326395','Синє небо - жовте поле','Музика: А. Фурдичко Слова: А. Фурдичко. Виконує: Андрій Князь','uk','ukraine_1991',NULL,NULL,'аудіозапис',NULL,'Україна моя рідна - це моя земля!
Тут родилися на світ батько, мати, я!
А Карпати - рідна хата, смерековий край,
Українську нашу пісню, грай, музико, грай!

Приспів:
А у нас небо - синє небо!
А у нас поле - жовте поле!
А у нас люди - щирі люди!
Ми - одна сім''я!
А у нас вітер - вільний вітер!
А у нас море - Чорне море!
А у нас квіти - сонця квіти!
Вічна ця земля!

Ми усі - одна родина, доля з джерела,
І від батька, і до сина силу козака,
І від матері, і доні вірність і красу
Дітям нашим поколінням гордо донесу!

Приспів.','["pisni.org.ua", "cat:patriotic", "Патріотичні пісні"]',1,'published',COALESCE((SELECT created_at FROM songs WHERE id='pisniua_2326395'), datetime('now')),datetime('now'));
INSERT OR REPLACE INTO songs_fts(song_id,title,lyrics) VALUES ('pisniua_2326395','Синє небо - жовте поле','Україна моя рідна - це моя земля!
Тут родилися на світ батько, мати, я!
А Карпати - рідна хата, смерековий край,
Українську нашу пісню, грай, музико, грай!

Приспів:
А у нас небо - синє небо!
А у нас поле - жовте поле!
А у нас люди - щирі люди!
Ми - одна сім''я!
А у нас вітер - вільний вітер!
А у нас море - Чорне море!
А у нас квіти - сонця квіти!
Вічна ця земля!

Ми усі - одна родина, доля з джерела,
І від батька, і до сина силу козака,
І від матері, і доні вірність і красу
Дітям нашим поколінням гордо донесу!

Приспів.');
INSERT OR REPLACE INTO song_links (id,song_id,title,url,kind,version_id,sort_order) VALUES ('pisniua_2326395_l1','pisniua_2326395','YouTube','https://www.youtube.com/watch?v=6ekKdb9W6JA','video',NULL,1);
INSERT OR REPLACE INTO songs (id,title,subtitle,lang,country,period,year,source,notes,lyrics,tags_json,lang_locked,status,created_at,updated_at) VALUES ('pisniua_232471','Ой сяду я Край Віконця','Українська народна пісня','uk','ukraine_before_1917',NULL,NULL,'Староукраїнські релігійні роздуми про Бога © Видавництво "Павутинонька", Нью Йорк – Львів – Київ – Харків – Москва, 2004','Пара - любощі: Човник-Весельце. Кінь-Вода. Мати. Стародавні Колядки-Щедрівки - Купальські: Українське Різдво / Купала. Еротика, жарти, забави: Катерини – Калета – Андрія... Гаїлки-Великдень... Зелені Свята... Івана Купала... Весілля... – Щедровечірнє й Новорічне: Маланки-Василь. Коза. Кіт... – Мед і Ябка... Були Світилки Яснії Зірки. На Святе Різдво тай на Рождество Ой в Бару Бару Валохи гудуть Ой на Річці на Ордані (2) На Городі Корито Корито Якби Човен та Весельце рятувала б моє Серце. Стала Вода прибувати Чорноморець потопати. А нас Мати рано побудила Взяло Дівча Ведро тай пішло по Воду Візьму я Коновку тай піду по Воду Зеленая Ліщинонько чом не гориш Місяць на Небі Зіроньки сяють Ой пливе Човен по Росі Ой сяду я Край Віконця Ой ти Коте Рябку Пливе Човен Води повен Реве та стогне Дніпр широкий Човен хитається серед Води Чув я чи то снилось мені (Країна Мрій) Листки з приводу цієї Пісні: Передріздвяний Святочний час: Упереджуючі знаки, Михайла 21.11. Українське Свято Воведення 4.12 - Передріздвяний Святочний час. Стежки до листків про Українські традиції.','Ой сяду я Край Віконця
Проти Ясного Сонця,
Проти Ясного Сонця
Виглядати Чорноморця.

Чорноморець, Мати, їде
Ще й Семеро Коней веде,
На Восьмому Вороному
У Жупані Голубому.

У Жупані Голубому,
Я ж думала, що додому,
А він їде аж до Гаю,
Аж до Тихого Дунаю.

Ой став Коня напувати,
Стала Вода прибувати.
Стала Вода прибувати,
Чорноморець потопати.

Чорноморець потопає
Та на Милую гукає:
Рятуй-рятуй, Моя Мила,
Коли вірно любила!

Ой, рада б я рятувати -
Так не вмію я плавати,
Якби Човен та Весельце
Рятувала б моє Серце!

Ой, піду я поміж люди,
Чи не жаль кому буде!
Заким люди зібралися,
Чорноморець утопився.

Пливи, пливи за водою,
Зосталася я вдовою!
Пливи, пливи берегами,
Зосталася з ворогами!','["pisni.org.ua", "cat:kupalski", "cat:vesnyanky-hayivky", "Купальські пісні", "Веснянки та гаївки"]',1,'published',COALESCE((SELECT created_at FROM songs WHERE id='pisniua_232471'), datetime('now')),datetime('now'));
INSERT OR REPLACE INTO songs_fts(song_id,title,lyrics) VALUES ('pisniua_232471','Ой сяду я Край Віконця','Ой сяду я Край Віконця
Проти Ясного Сонця,
Проти Ясного Сонця
Виглядати Чорноморця.

Чорноморець, Мати, їде
Ще й Семеро Коней веде,
На Восьмому Вороному
У Жупані Голубому.

У Жупані Голубому,
Я ж думала, що додому,
А він їде аж до Гаю,
Аж до Тихого Дунаю.

Ой став Коня напувати,
Стала Вода прибувати.
Стала Вода прибувати,
Чорноморець потопати.

Чорноморець потопає
Та на Милую гукає:
Рятуй-рятуй, Моя Мила,
Коли вірно любила!

Ой, рада б я рятувати -
Так не вмію я плавати,
Якби Човен та Весельце
Рятувала б моє Серце!

Ой, піду я поміж люди,
Чи не жаль кому буде!
Заким люди зібралися,
Чорноморець утопився.

Пливи, пливи за водою,
Зосталася я вдовою!
Пливи, пливи берегами,
Зосталася з ворогами!');
INSERT OR REPLACE INTO songs (id,title,subtitle,lang,country,period,year,source,notes,lyrics,tags_json,lang_locked,status,created_at,updated_at) VALUES ('pisniua_2327091','Оберіг','Музика: Ігор Дріжчаний Слова: Ігор Дріжчаний','uk','ukraine_1991',NULL,NULL,'аудіозапис','Пісню виконують Міка Ньютон, Влад Дарвін, Світлана Тарабарова, Арсен Мірзоян, Валерій Харчишин (Друга Ріка), Alyosha, Тетяна Решетняк, Анна Завальська, Влад Каращук, Олег Собчук (С.К.А.Й), Alloise, Марта Адамчук, Павло Табаков, гурт Mansound, Kadnay, Олександр Пономарьов, Illaria, Тоня Матвієнко, Ольга Лукачова, Олександр Положинський (Тартак).','На чужині Тебе я бачу в снах,
Хвилююся щоразу, мов дитина,
Коли літак, мов білокрилий птах,
Несе мене до Тебе, Україно!
Земля під небом, сповненим зірок,
Від Тебе і натхнення, і кохання.
Колись я тут зробив свій перший крок
І сподіваюсь тут зроблю останній!

Приспів:
Україно моя, серед тисяч доріг
Обираю свій шлях, він для мене єдиний!
І я знаю, що Ангел хранитель несе оберіг
Над Тобою і дітьми твоїми, моя Україно!

Ти знала горе, втрати, біль від зрад,
І сонця світло бачила крізь грати,
Та знаю я, таких немає грат,
Щоб силу і любов мою зламати!
І сум мій зник і страх навіки щез,
А вибір став твердим і незворотнім,
В той день коли сягнула до небес
Безсмертних душ твоїх героїв сотня!

Приспів.

Полісся, Крим, Карпати і Донбас -
Одна земля, велика батьківщина!
В серцях і душах кожного із нас
Омріяна, оспівана, єдина!

Приспів.

Рідна моя, люблю тебе!
Люблю в гарячому серпні,
І в холодному лютому
Разом з прославленими і забутими,
З усіма болючими втратами
І гучними здобутками!
Люблю за того, кого можу назвати братом,
І за того, хто вже цих слів
Ніколи не зможе сказати!..
Для нас усіх Ти - спільна велика мати,
Або просто мама! Мама! Мама! Мама! Мама!

Приспів.

Не здолати Тебе, бо не можна здолати любов,
Твої діти з Тобою навік, тож повір, Україно,
Ми Тебе збережем, ми Тебе відбудуємо знов!
Ще могутнішу, ще красивішу, щасливу, єдину!
Ми Тебе збережем, ми Тебе відбудуємо знов!
Ще могутнішу, ще красивішу, щасливу, єдину!','["pisni.org.ua", "cat:patriotic", "Патріотичні пісні"]',1,'published',COALESCE((SELECT created_at FROM songs WHERE id='pisniua_2327091'), datetime('now')),datetime('now'));
INSERT OR REPLACE INTO songs_fts(song_id,title,lyrics) VALUES ('pisniua_2327091','Оберіг','На чужині Тебе я бачу в снах,
Хвилююся щоразу, мов дитина,
Коли літак, мов білокрилий птах,
Несе мене до Тебе, Україно!
Земля під небом, сповненим зірок,
Від Тебе і натхнення, і кохання.
Колись я тут зробив свій перший крок
І сподіваюсь тут зроблю останній!

Приспів:
Україно моя, серед тисяч доріг
Обираю свій шлях, він для мене єдиний!
І я знаю, що Ангел хранитель несе оберіг
Над Тобою і дітьми твоїми, моя Україно!

Ти знала горе, втрати, біль від зрад,
І сонця світло бачила крізь грати,
Та знаю я, таких немає грат,
Щоб силу і любов мою зламати!
І сум мій зник і страх навіки щез,
А вибір став твердим і незворотнім,
В той день коли сягнула до небес
Безсмертних душ твоїх героїв сотня!

Приспів.

Полісся, Крим, Карпати і Донбас -
Одна земля, велика батьківщина!
В серцях і душах кожного із нас
Омріяна, оспівана, єдина!

Приспів.

Рідна моя, люблю тебе!
Люблю в гарячому серпні,
І в холодному лютому
Разом з прославленими і забутими,
З усіма болючими втратами
І гучними здобутками!
Люблю за того, кого можу назвати братом,
І за того, хто вже цих слів
Ніколи не зможе сказати!..
Для нас усіх Ти - спільна велика мати,
Або просто мама! Мама! Мама! Мама! Мама!

Приспів.

Не здолати Тебе, бо не можна здолати любов,
Твої діти з Тобою навік, тож повір, Україно,
Ми Тебе збережем, ми Тебе відбудуємо знов!
Ще могутнішу, ще красивішу, щасливу, єдину!
Ми Тебе збережем, ми Тебе відбудуємо знов!
Ще могутнішу, ще красивішу, щасливу, єдину!');
INSERT OR REPLACE INTO song_links (id,song_id,title,url,kind,version_id,sort_order) VALUES ('pisniua_2327091_l1','pisniua_2327091','YouTube','https://www.youtube.com/watch?v=MiaQWffDHPs','video',NULL,1);
INSERT OR REPLACE INTO songs (id,title,subtitle,lang,country,period,year,source,notes,lyrics,tags_json,lang_locked,status,created_at,updated_at) VALUES ('pisniua_232563','Пливи Вінок за Водою','Українська народна пісня','uk','ukraine_before_1917',NULL,NULL,'1. Староукраїнські релігійні роздуми про Бога © Видавництво "Павутинонька", Нью Йорк – Львів – Київ – Харків – Москва, 2004 2. Купальські пісні. Українські народні пісні. Пісенник. Упорядник О. Ю Чебанюк. - К.: Музична Україна, 1989. - 196 с.','Пара - любощі: Вінок-Вода. Астральні Заручини — Українське містичне Весілля: Різдво Світа / Купала. Пускання Вінків, обрядове Купання. Еротика, жарти, забави: Катерини – Калета – Андрія... Гаїлки-Великдень... Зелені Свята... Івана Купала... Весілля... – Щедровечірнє й Новорічне: Маланки-Василь. Коза. Кіт... – Мед і Ябка... Рай розвився Господь звеселився. Івана Купала тай в Воду упала. Пливе Доля за Тобою. Були Світилки Яснії Зірки. Листки з приводу цієї Пісні: Українські релігійні роздуми про Бога. Еротичні містерії, тиждень від Катерини 7.12 до Калети — Передріздвяний Святочний час. Бог і Доля. Колядки про Долю. Про Свято Івана Купала Стежки до листків про Українські традиції.','Пливи Вінок за Водою
Пливе Доля за Тобою
Пливи Вінок к Бережечку
Ік Рокитяному Кущечку','["pisni.org.ua", "cat:kupalski", "Купальські пісні"]',1,'published',COALESCE((SELECT created_at FROM songs WHERE id='pisniua_232563'), datetime('now')),datetime('now'));
INSERT OR REPLACE INTO songs_fts(song_id,title,lyrics) VALUES ('pisniua_232563','Пливи Вінок за Водою','Пливи Вінок за Водою
Пливе Доля за Тобою
Пливи Вінок к Бережечку
Ік Рокитяному Кущечку');
INSERT OR REPLACE INTO songs (id,title,subtitle,lang,country,period,year,source,notes,lyrics,tags_json,lang_locked,status,created_at,updated_at) VALUES ('pisniua_2328293','Ми - українські партизани','Українська народна пісня','uk','ukr_ssr_1919_1991',NULL,'1930',NULL,'Уснословесний жанр повстанська пісня Місце побутування смт Запитів, Кам''янка-Бузький район, Львівська область Респондент Максимишин Марія Олексіївна, 1930 р.н. Збирачі Вовчак Андрій, Мартиник Соломія','Ми - українські партизани -
Нащадки славних козаків -
Щоб нарід визволить з кайданів,
Ми б''єм проклятих ворогів.

Лунають сурми - близько воля!
Вже рветься серце, кличе кров,
В огні кується наша доля,
Встають заковані з оков.

Ми - українські партизани -
Не знаєм, шо таке є страх.
Родина наша - вирізана,
А хата - в лісі, у ярах.

Ми - українські партизани -
Рушаєм лавами у бій!
За нашим прикладом повстане
Народ пробуджений як стій!','["pisni.org.ua", "cat:povstanski", "Повстанські пісні"]',1,'published',COALESCE((SELECT created_at FROM songs WHERE id='pisniua_2328293'), datetime('now')),datetime('now'));
INSERT OR REPLACE INTO songs_fts(song_id,title,lyrics) VALUES ('pisniua_2328293','Ми - українські партизани','Ми - українські партизани -
Нащадки славних козаків -
Щоб нарід визволить з кайданів,
Ми б''єм проклятих ворогів.

Лунають сурми - близько воля!
Вже рветься серце, кличе кров,
В огні кується наша доля,
Встають заковані з оков.

Ми - українські партизани -
Не знаєм, шо таке є страх.
Родина наша - вирізана,
А хата - в лісі, у ярах.

Ми - українські партизани -
Рушаєм лавами у бій!
За нашим прикладом повстане
Народ пробуджений як стій!');
INSERT OR REPLACE INTO songs (id,title,subtitle,lang,country,period,year,source,notes,lyrics,tags_json,lang_locked,status,created_at,updated_at) VALUES ('pisniua_2328414','На Різдво Христове зорі засвітили','Українська народна пісня','uk','ukr_ssr_1919_1991',NULL,'1928',NULL,'Уснословесний жанр стрілецька пісня Місце побутування с. Хащів, Хащівська сільрада, Турківський район, Львівська область Респондент Хащівська Марія Василівна, 1928 р.н. Збирачі Вовчак Андрій, Довгалюк Ірина','На Різдво Христове
Зорі засвітили,
Наші стрільці січовії    |
Кров свою пролили.       | (2)

Кров свою пролили
В сорок восьмім році,
На Поділлі, в Закарпаті, |
За Дніпром, у Востоці.   | (2)

Чи ти чуєш, брате,
Дивную новину,
Закували у Майдани       |
Нашу славну Україну.     | (2)

В ґайдани закули,
В тюрми посадили,
Люд невинний тисячами    |
В сиру землю положили.   | (2)

Подивися, Ісусе,
З високого трону,
Верни нашу Україну       |
Від Сяну аж до Дону.     | (2)

Від Сяну аж до Дону,
Всі карпатські гори,
Межиріччя через Київ -   |
Аж по Чорне море.        | (2)','["pisni.org.ua", "cat:strilecki", "Стрілецькі пісні"]',1,'published',COALESCE((SELECT created_at FROM songs WHERE id='pisniua_2328414'), datetime('now')),datetime('now'));
INSERT OR REPLACE INTO songs_fts(song_id,title,lyrics) VALUES ('pisniua_2328414','На Різдво Христове зорі засвітили','На Різдво Христове
Зорі засвітили,
Наші стрільці січовії    |
Кров свою пролили.       | (2)

Кров свою пролили
В сорок восьмім році,
На Поділлі, в Закарпаті, |
За Дніпром, у Востоці.   | (2)

Чи ти чуєш, брате,
Дивную новину,
Закували у Майдани       |
Нашу славну Україну.     | (2)

В ґайдани закули,
В тюрми посадили,
Люд невинний тисячами    |
В сиру землю положили.   | (2)

Подивися, Ісусе,
З високого трону,
Верни нашу Україну       |
Від Сяну аж до Дону.     | (2)

Від Сяну аж до Дону,
Всі карпатські гори,
Межиріччя через Київ -   |
Аж по Чорне море.        | (2)');
INSERT OR REPLACE INTO songs (id,title,subtitle,lang,country,period,year,source,notes,lyrics,tags_json,lang_locked,status,created_at,updated_at) VALUES ('pisniua_2328420','На купині під осокою','Українська народна пісня','uk','ukr_ssr_1919_1991',NULL,'1930',NULL,'Уснословесний жанр стрілецька пісня Місце побутування смт Запитів, Кам''янка-Бузький район, Львівська область Респондент Максимишин Марія Олексіївна, 1930 р.н. Збирачі Вовчак Андрій, Мартиник Соломія','На купині під осокою
Там один стрілець вмирав,
Він держав за грудь рукою -
З рани кров він зупиняв...

І потекла та кров червона,
І стікає в купину -
Там один стрілець вмирає
За ідею, за свою...

"Ой, ви друзі, мої друзі,
Я вже з вами не буду!
За свій нарід, за край рідний
Я життя своє даю".

Підняв очі, глянув вгору:
Тече кровця із грудей -
"Я вмираю, не побачу
Самостійної доби.

Я вір''ю в те, що нарід встане -
Всі завзято в бій підуть,
І тоді катам за все відплатять,
І мене там спом''януть".','["pisni.org.ua", "cat:strilecki", "Стрілецькі пісні"]',1,'published',COALESCE((SELECT created_at FROM songs WHERE id='pisniua_2328420'), datetime('now')),datetime('now'));
INSERT OR REPLACE INTO songs_fts(song_id,title,lyrics) VALUES ('pisniua_2328420','На купині під осокою','На купині під осокою
Там один стрілець вмирав,
Він держав за грудь рукою -
З рани кров він зупиняв...

І потекла та кров червона,
І стікає в купину -
Там один стрілець вмирає
За ідею, за свою...

"Ой, ви друзі, мої друзі,
Я вже з вами не буду!
За свій нарід, за край рідний
Я життя своє даю".

Підняв очі, глянув вгору:
Тече кровця із грудей -
"Я вмираю, не побачу
Самостійної доби.

Я вір''ю в те, що нарід встане -
Всі завзято в бій підуть,
І тоді катам за все відплатять,
І мене там спом''януть".');
INSERT OR REPLACE INTO songs (id,title,subtitle,lang,country,period,year,source,notes,lyrics,tags_json,lang_locked,status,created_at,updated_at) VALUES ('pisniua_2328596','Карпатські квіти','Музика: Микола Мозговий Слова: Микола Мозговий. Виконує: Luiku (Луйку)','uk','ukraine_1991',NULL,NULL,'аудіозапис',NULL,'Спалахнули сяйвом роси,
Сколихнув зорю.
Заплету тобі я в коси
Я любов свою!
Скільки літ у парі бути -
Не питай мене,
Доки ми кохаєм квіти,
Щастя не мине!

Приспів:
Ой-йой-йой-йой,
Карпатські квіти,
Розмаїстий світ,
Для кохання жити
Вам призначив літ!
Ясне сонце вкрило
Вас у кольори!
І любов на крилах
Всім даєте ви!

Ой, кохана, цими днями
Я сватів пришлю.
Зацілую до нестями,
Бо я так люблю
Твої вуста, твої брова,
Твого серця спів,
І очей ясна розмова -
Чути все без слів!

Приспів. (2)','["pisni.org.ua", "cat:krasa-pryrody", "Пісні про красу природи"]',1,'published',COALESCE((SELECT created_at FROM songs WHERE id='pisniua_2328596'), datetime('now')),datetime('now'));
INSERT OR REPLACE INTO songs_fts(song_id,title,lyrics) VALUES ('pisniua_2328596','Карпатські квіти','Спалахнули сяйвом роси,
Сколихнув зорю.
Заплету тобі я в коси
Я любов свою!
Скільки літ у парі бути -
Не питай мене,
Доки ми кохаєм квіти,
Щастя не мине!

Приспів:
Ой-йой-йой-йой,
Карпатські квіти,
Розмаїстий світ,
Для кохання жити
Вам призначив літ!
Ясне сонце вкрило
Вас у кольори!
І любов на крилах
Всім даєте ви!

Ой, кохана, цими днями
Я сватів пришлю.
Зацілую до нестями,
Бо я так люблю
Твої вуста, твої брова,
Твого серця спів,
І очей ясна розмова -
Чути все без слів!

Приспів. (2)');
INSERT OR REPLACE INTO song_links (id,song_id,title,url,kind,version_id,sort_order) VALUES ('pisniua_2328596_l1','pisniua_2328596','YouTube','https://www.youtube.com/watch?v=_xYhlbq-4oY','video',NULL,1);
INSERT OR REPLACE INTO songs (id,title,subtitle,lang,country,period,year,source,notes,lyrics,tags_json,lang_locked,status,created_at,updated_at) VALUES ('pisniua_2329716','Мантра','Музика: Фагот Слова: Фагот. Виконує: Танок на майдані Конго','uk','ukraine_1991',NULL,NULL,'аудіозапис',NULL,'Одягнувшись завісою Христа,
Шкіра моя - панцир залізний,
Кров - руда міцна,
Кість - меч булатний,
Швидше стріли, пильніше сокола.

Приспів:
Броня на мені, Господь в мені!..
Броня на мені, Господь в мені!..
Броня на мені, Господь в мені!..
Амінь...

Розійшлись хмарки, гляне сонечко,
Заб''ється в грудях моє серденько.
Ой, прийшла весна, ой, прийшла красна,
Принесла мені щастя й радощі...

Приспів.','["pisni.org.ua", "cat:ato", "Пісні російсько-української війни та АТО"]',1,'published',COALESCE((SELECT created_at FROM songs WHERE id='pisniua_2329716'), datetime('now')),datetime('now'));
INSERT OR REPLACE INTO songs_fts(song_id,title,lyrics) VALUES ('pisniua_2329716','Мантра','Одягнувшись завісою Христа,
Шкіра моя - панцир залізний,
Кров - руда міцна,
Кість - меч булатний,
Швидше стріли, пильніше сокола.

Приспів:
Броня на мені, Господь в мені!..
Броня на мені, Господь в мені!..
Броня на мені, Господь в мені!..
Амінь...

Розійшлись хмарки, гляне сонечко,
Заб''ється в грудях моє серденько.
Ой, прийшла весна, ой, прийшла красна,
Принесла мені щастя й радощі...

Приспів.');
INSERT OR REPLACE INTO song_links (id,song_id,title,url,kind,version_id,sort_order) VALUES ('pisniua_2329716_l1','pisniua_2329716','YouTube','https://www.youtube.com/watch?v=1tc8TaADb4E','video',NULL,1);
INSERT OR REPLACE INTO songs (id,title,subtitle,lang,country,period,year,source,notes,lyrics,tags_json,lang_locked,status,created_at,updated_at) VALUES ('pisniua_2330354','Зимові місяці','Музика: Анатолій Салогуб Слова: Анатолій Салогуб','uk','ukraine_1991',NULL,NULL,'авторське подання',NULL,'Вже від снігу забіліла матінка земля,
Заметілі, хуртовини принесла зима,
Скоро прийдуть новорічні та різдвяні дні,
Заспіваємо святкові радісні пісні.

Приспів:
Весело, весело пісню заспіваємо!
Зимоньку, зимоньку дружно привітаємо!
Грудень, січень, лютий - вже до нас ідуть,
Мить щасливу й радісну хай несуть!

Місяць грудень проводжає довгий рік старий,
Місяць січень подарує людям рік новий,
Місяць лютий нам поверне чарівну весну,
Він віддасть нашу красуню зиму чарівну.

Приспів.','["pisni.org.ua", "cat:krasa-pryrody", "Пісні про красу природи"]',1,'published',COALESCE((SELECT created_at FROM songs WHERE id='pisniua_2330354'), datetime('now')),datetime('now'));
INSERT OR REPLACE INTO songs_fts(song_id,title,lyrics) VALUES ('pisniua_2330354','Зимові місяці','Вже від снігу забіліла матінка земля,
Заметілі, хуртовини принесла зима,
Скоро прийдуть новорічні та різдвяні дні,
Заспіваємо святкові радісні пісні.

Приспів:
Весело, весело пісню заспіваємо!
Зимоньку, зимоньку дружно привітаємо!
Грудень, січень, лютий - вже до нас ідуть,
Мить щасливу й радісну хай несуть!

Місяць грудень проводжає довгий рік старий,
Місяць січень подарує людям рік новий,
Місяць лютий нам поверне чарівну весну,
Він віддасть нашу красуню зиму чарівну.

Приспів.');
INSERT OR REPLACE INTO songs (id,title,subtitle,lang,country,period,year,source,notes,lyrics,tags_json,lang_locked,status,created_at,updated_at) VALUES ('pisniua_2328498','Добре тому коса косить','Українська народна пісня. Виконує: Rock-H (Рокаш)','uk','ukraine_before_1917',NULL,NULL,'аудіозапис',NULL,'Добре тому коса косить, кому мила їсти носить,
І моя би так косила, кіби мила приносила.
Добре тому легіньови, што ся женить при вутцьови,
А ци тому якось буде, як го женять чужі люди, гей!

Добре тому коса косить, кому мила їсти носить,
І моя би так косила, кіби мила приносила!

Гей добре ся добре маю, що на горі хижу маю,
Хижу маю на горбочку, серед села - фраїрочку,
Хижу маю смерекову, а у селі - чорноброву,
Кучерики на нюй скачуть, мої очка за ньов плачуть гей!

Добре тому коса косить, кому мила їсти носить,
І моя би так косила, кіби мила приносила!
Добре тому легіньови, што ся женить при вутцьови,
А ци тому якось буде, як го женять чужі люди.','["pisni.org.ua", "cat:lemkivski", "Лемківські пісні"]',1,'published',COALESCE((SELECT created_at FROM songs WHERE id='pisniua_2328498'), datetime('now')),datetime('now'));
INSERT OR REPLACE INTO songs_fts(song_id,title,lyrics) VALUES ('pisniua_2328498','Добре тому коса косить','Добре тому коса косить, кому мила їсти носить,
І моя би так косила, кіби мила приносила.
Добре тому легіньови, што ся женить при вутцьови,
А ци тому якось буде, як го женять чужі люди, гей!

Добре тому коса косить, кому мила їсти носить,
І моя би так косила, кіби мила приносила!

Гей добре ся добре маю, що на горі хижу маю,
Хижу маю на горбочку, серед села - фраїрочку,
Хижу маю смерекову, а у селі - чорноброву,
Кучерики на нюй скачуть, мої очка за ньов плачуть гей!

Добре тому коса косить, кому мила їсти носить,
І моя би так косила, кіби мила приносила!
Добре тому легіньови, што ся женить при вутцьови,
А ци тому якось буде, як го женять чужі люди.');
INSERT OR REPLACE INTO songs (id,title,subtitle,lang,country,period,year,source,notes,lyrics,tags_json,lang_locked,status,created_at,updated_at) VALUES ('pisniua_2328512','Чорна гора неорана','Українська народна пісня. Виконує: Rock-H (Рокаш)','uk','ukraine_before_1917',NULL,NULL,'аудіозапис',NULL,'Чорна гора неорана,         | (2)
Лем кулями постріляна.      | (2)

На тій горі вояк лежить,    | (2)
Над ним його коник стоїть.  | (2)

Не стій, коню надо мною,    | (2)
Неси дому новиною.          | (2)

Прийди, коню, та й до плота | (2)
Та заіржи на ворота.        | (2)

Чорна гора неорана,         | (2)
Лем кулями постріляна.      | (2)','["pisni.org.ua", "cat:lemkivski", "Лемківські пісні"]',1,'published',COALESCE((SELECT created_at FROM songs WHERE id='pisniua_2328512'), datetime('now')),datetime('now'));
INSERT OR REPLACE INTO songs_fts(song_id,title,lyrics) VALUES ('pisniua_2328512','Чорна гора неорана','Чорна гора неорана,         | (2)
Лем кулями постріляна.      | (2)

На тій горі вояк лежить,    | (2)
Над ним його коник стоїть.  | (2)

Не стій, коню надо мною,    | (2)
Неси дому новиною.          | (2)

Прийди, коню, та й до плота | (2)
Та заіржи на ворота.        | (2)

Чорна гора неорана,         | (2)
Лем кулями постріляна.      | (2)');
INSERT OR REPLACE INTO songs (id,title,subtitle,lang,country,period,year,source,notes,lyrics,tags_json,lang_locked,status,created_at,updated_at) VALUES ('pisniua_2328550','До милої','Українська народна пісня. Виконує: Rock-H (Рокаш)','uk','ukraine_before_1917',NULL,NULL,'аудіозапис',NULL,'Я не буду пиво пити, бо пиво гурькоє,
А лем буду любовати дівча солодкоє.
Та й не буду я ходити горами-долами
За чужима, за чужима жонами, дівками.
А я пуйду до милої...

Приспів:
До милої, до милої,       |
До милої, та й до тої,    |
Што без неї та й умирать, |
Серце моє, серце моє!..   | (2)

Ей-гой моя білявина на горі високуй,
Її личко рум''яноє не дає ми покуй.
А я пуйду до дівини, та й буду казати,
Ци мож з тобов, солоденька, мало фігльовати.
А я пуйду до милої...
А я пуйду до милої...

Приспів.','["pisni.org.ua", "cat:lemkivski", "Лемківські пісні"]',1,'published',COALESCE((SELECT created_at FROM songs WHERE id='pisniua_2328550'), datetime('now')),datetime('now'));
INSERT OR REPLACE INTO songs_fts(song_id,title,lyrics) VALUES ('pisniua_2328550','До милої','Я не буду пиво пити, бо пиво гурькоє,
А лем буду любовати дівча солодкоє.
Та й не буду я ходити горами-долами
За чужима, за чужима жонами, дівками.
А я пуйду до милої...

Приспів:
До милої, до милої,       |
До милої, та й до тої,    |
Што без неї та й умирать, |
Серце моє, серце моє!..   | (2)

Ей-гой моя білявина на горі високуй,
Її личко рум''яноє не дає ми покуй.
А я пуйду до дівини, та й буду казати,
Ци мож з тобов, солоденька, мало фігльовати.
А я пуйду до милої...
А я пуйду до милої...

Приспів.');
INSERT OR REPLACE INTO songs (id,title,subtitle,lang,country,period,year,source,notes,lyrics,tags_json,lang_locked,status,created_at,updated_at) VALUES ('pisniua_2326920','Перше вересня','Українська народна пісня','uk','ukraine_before_1917',NULL,NULL,NULL,NULL,'Той осінній перший день
Всіх збирає школярів,
Тут не бути без пісень,
Без вітань для вчителів.
Радості немає меж
Після довгих тих розлук
І батьки щасливі теж,
Бо ведуть нас до наук.

Приспів:
Перше вересня! Про розваги забувай!
Перше вересня! Наша "воле", прощавай...
Перше вересня! - В школі двері відчиняй!
Перше вересня! - До навчання приступай!

Будуть дні науки йти,
Буде радість, буде сум,
Лиш би потім зберегти
Цих років щасливий шум.
А сьогодні щирі всі,
Знов звучить шкільний дзвінок -
При осінній тій красі
Кличе всіх нас на урок.

Приспів.','["pisni.org.ua", "cat:shkilni", "Пісні про школу"]',1,'published',COALESCE((SELECT created_at FROM songs WHERE id='pisniua_2326920'), datetime('now')),datetime('now'));
INSERT OR REPLACE INTO songs_fts(song_id,title,lyrics) VALUES ('pisniua_2326920','Перше вересня','Той осінній перший день
Всіх збирає школярів,
Тут не бути без пісень,
Без вітань для вчителів.
Радості немає меж
Після довгих тих розлук
І батьки щасливі теж,
Бо ведуть нас до наук.

Приспів:
Перше вересня! Про розваги забувай!
Перше вересня! Наша "воле", прощавай...
Перше вересня! - В школі двері відчиняй!
Перше вересня! - До навчання приступай!

Будуть дні науки йти,
Буде радість, буде сум,
Лиш би потім зберегти
Цих років щасливий шум.
А сьогодні щирі всі,
Знов звучить шкільний дзвінок -
При осінній тій красі
Кличе всіх нас на урок.

Приспів.');
INSERT OR REPLACE INTO songs (id,title,subtitle,lang,country,period,year,source,notes,lyrics,tags_json,lang_locked,status,created_at,updated_at) VALUES ('pisniua_233073','Бог ся раждає по світу цілому','Українська народна пісня','uk','ukr_ssr_1919_1991',NULL,'1991','Багатотиражка Дрогобиччини "Галицька зоря" за 5 січня 1991 року.','Колядка народилася на Тернопільщині в повоєнні роки, її любили співати вояки УПА. Колядку співають на мелодію Бог ся рождає, хто ж Го може знати!','Бог ся раждає по світу цілому,
Лиш Україна в жалобі сумному.

Скрізь арешти і тюрма,
Муки і катування,
Кров українських синів
Злита слізьми матерів.
І, мов цвіт скошений в''яне,
Українська молодь гине
В тюрмах, муках і на чужині.

Рождество Христове в жалобі сумує
Господарям чесним новину віщує:

Недалеко вже той час,
Бо вже воля кличе нас,
Встань, народе, пробудись,
Скинь кайдани, озовись.
Кров братів кличе до мести,
Щоб на багнетах принести
Щастя Украйні і визволення.

Не журися, батьку і старенька мати,
Син пішов в повстанці волю здобувати.

Недалеко вже той час,
Бо вже воля кличе нас,
Встань, народе, пробудись,
Скинь кайдани, озовись.
Кров братів кличе до мести,
Щоб на багнетах принести
Щастя Украйні і визволення.','["pisni.org.ua", "cat:christian", "cat:halycki", "cat:istorychni", "cat:kolyadky", "cat:nostalgia", "cat:povstanski", "cat:suspilno-politychni", "Пісні на християнську тематику", "Пісні з Галичини", "Історичні пісні", "Колядки", "Пісні з ностальгічними мотивами", "Повстанські пісні", "Суспільно-політичні пісні"]',1,'published',COALESCE((SELECT created_at FROM songs WHERE id='pisniua_233073'), datetime('now')),datetime('now'));
INSERT OR REPLACE INTO songs_fts(song_id,title,lyrics) VALUES ('pisniua_233073','Бог ся раждає по світу цілому','Бог ся раждає по світу цілому,
Лиш Україна в жалобі сумному.

Скрізь арешти і тюрма,
Муки і катування,
Кров українських синів
Злита слізьми матерів.
І, мов цвіт скошений в''яне,
Українська молодь гине
В тюрмах, муках і на чужині.

Рождество Христове в жалобі сумує
Господарям чесним новину віщує:

Недалеко вже той час,
Бо вже воля кличе нас,
Встань, народе, пробудись,
Скинь кайдани, озовись.
Кров братів кличе до мести,
Щоб на багнетах принести
Щастя Украйні і визволення.

Не журися, батьку і старенька мати,
Син пішов в повстанці волю здобувати.

Недалеко вже той час,
Бо вже воля кличе нас,
Встань, народе, пробудись,
Скинь кайдани, озовись.
Кров братів кличе до мести,
Щоб на багнетах принести
Щастя Украйні і визволення.');
INSERT OR REPLACE INTO songs (id,title,subtitle,lang,country,period,year,source,notes,lyrics,tags_json,lang_locked,status,created_at,updated_at) VALUES ('pisniua_2329158','Ой, горілко біла, біла','Українська народна пісня','uk','ukr_ssr_1919_1991',NULL,'1958',NULL,'Уснословесний жанр родинно-побутова пісня Місце побутування с. Боберка, Боберківська сільрада, Турківський район, Львівська область Респонденти Возняк Ганна Луківна, 1958 р.н., Гошко Люся Ільківна, 1941 р.н., Проньо Василь Дмитрович, 1970 р.н. Збирачі Іванищук Марія, Беднарська Ружена','Ой, горілко біла, біла,       | (3) |
Я би тебе ложков їла.               | (2)

Я за тебе - три рублі,       | (3) |
А ти мине - до зимлі.              | (2)

Я за тебе - п''ятака,         | (3) |
А ти мене - цапака.                | (2)

Я за тебе - срібло-злото,    | (3) |
А ти мене - у болото.              | (2)

Я за тебе, як за пані,       | (3) |
А ти мене - в колобані.            | (2)

Ідуть люди, питаються,       | (3) |
Шо за пані купаються.              | (2)

А я собі така пані,          | (3) |
Купаюся в колобані.                | (2)

В колобані - буль-буль-буль, | (3) |
А я лежу, як куркуль.              | (2)

А я пані з Самбора,          | (3) |
Купаюся, як свиня.                 | (2)

А я пані із-зі Львова,       | (3) |
Купаюся, як корова.                | (2)','["pisni.org.ua", "cat:zhartivlyvi", "Жартівливі пісні"]',1,'published',COALESCE((SELECT created_at FROM songs WHERE id='pisniua_2329158'), datetime('now')),datetime('now'));
INSERT OR REPLACE INTO songs_fts(song_id,title,lyrics) VALUES ('pisniua_2329158','Ой, горілко біла, біла','Ой, горілко біла, біла,       | (3) |
Я би тебе ложков їла.               | (2)

Я за тебе - три рублі,       | (3) |
А ти мине - до зимлі.              | (2)

Я за тебе - п''ятака,         | (3) |
А ти мене - цапака.                | (2)

Я за тебе - срібло-злото,    | (3) |
А ти мене - у болото.              | (2)

Я за тебе, як за пані,       | (3) |
А ти мене - в колобані.            | (2)

Ідуть люди, питаються,       | (3) |
Шо за пані купаються.              | (2)

А я собі така пані,          | (3) |
Купаюся в колобані.                | (2)

В колобані - буль-буль-буль, | (3) |
А я лежу, як куркуль.              | (2)

А я пані з Самбора,          | (3) |
Купаюся, як свиня.                 | (2)

А я пані із-зі Львова,       | (3) |
Купаюся, як корова.                | (2)');
INSERT OR REPLACE INTO songs (id,title,subtitle,lang,country,period,year,source,notes,lyrics,tags_json,lang_locked,status,created_at,updated_at) VALUES ('pisniua_2331498','Гей, озовись, трембіто!','Музика: Леопольд Ященко Слова: Леопольд Ященко','uk','ukraine_1991',NULL,NULL,'аудіозапис',NULL,'Гей, озовись, трембіто,
Затрембітай горами!
Знову на долину
Стежечка крута
Стелиться перед нами!

Гей, озовись, трембіто,
Гей, зашуми, смереко!
Через бистру річку,
Через темний гай
Путь нам лежить далека!

Гей, озовіться, гори,
Ви чарівні Карпати!
Гей, як ми поїдем
В дальню сторону,
Хто ж буде вам співати?
(Гей, прощавайте, гори,
Сині мої Карпати!
Гей, як я поїду
В дальню сторону,
Хто ж буде вам співати?)

Гей, прощавайте, гори,
Та й до нового літа!
Буде вам співати
Пташечка в бору
Ще й голосна трембіта!','["pisni.org.ua", "cat:himny-marshi", "cat:manrivni", "Гимни та марші", "Пісні на мандрівну тематику"]',1,'published',COALESCE((SELECT created_at FROM songs WHERE id='pisniua_2331498'), datetime('now')),datetime('now'));
INSERT OR REPLACE INTO songs_fts(song_id,title,lyrics) VALUES ('pisniua_2331498','Гей, озовись, трембіто!','Гей, озовись, трембіто,
Затрембітай горами!
Знову на долину
Стежечка крута
Стелиться перед нами!

Гей, озовись, трембіто,
Гей, зашуми, смереко!
Через бистру річку,
Через темний гай
Путь нам лежить далека!

Гей, озовіться, гори,
Ви чарівні Карпати!
Гей, як ми поїдем
В дальню сторону,
Хто ж буде вам співати?
(Гей, прощавайте, гори,
Сині мої Карпати!
Гей, як я поїду
В дальню сторону,
Хто ж буде вам співати?)

Гей, прощавайте, гори,
Та й до нового літа!
Буде вам співати
Пташечка в бору
Ще й голосна трембіта!');
INSERT OR REPLACE INTO songs (id,title,subtitle,lang,country,period,year,source,notes,lyrics,tags_json,lang_locked,status,created_at,updated_at) VALUES ('pisniua_2331111','Хліборобська Величальна','Українська народна пісня','uk','ukraine_before_1917',NULL,NULL,NULL,NULL,'Заграйте, сурми, на зорі,
Возрадуйся, щаслива мати,
Твої сини-богатирі,
Виходять землю засівати.

Приспів:
Сійся, родися, зелено розвийся,
Наливайся сонцем, золоте зерно!
Жито, пшениця та всяка пашниця,
Нехай колоситься людям на добро!

Благословенна борозна
Дощами теплими омита,
О, земле, сонячна моя,
Єднайся колосом і цвітом.

Приспів.

Довіку земле молодій,
На радість нам і нашим дітям,
Хвала людині трудовій,
Хвала рукам, що пахнуть хлібом.

Приспів.','["pisni.org.ua", "cat:obzhynkovi", "Обжинкові пісні"]',1,'published',COALESCE((SELECT created_at FROM songs WHERE id='pisniua_2331111'), datetime('now')),datetime('now'));
INSERT OR REPLACE INTO songs_fts(song_id,title,lyrics) VALUES ('pisniua_2331111','Хліборобська Величальна','Заграйте, сурми, на зорі,
Возрадуйся, щаслива мати,
Твої сини-богатирі,
Виходять землю засівати.

Приспів:
Сійся, родися, зелено розвийся,
Наливайся сонцем, золоте зерно!
Жито, пшениця та всяка пашниця,
Нехай колоситься людям на добро!

Благословенна борозна
Дощами теплими омита,
О, земле, сонячна моя,
Єднайся колосом і цвітом.

Приспів.

Довіку земле молодій,
На радість нам і нашим дітям,
Хвала людині трудовій,
Хвала рукам, що пахнуть хлібом.

Приспів.');
INSERT OR REPLACE INTO songs (id,title,subtitle,lang,country,period,year,source,notes,lyrics,tags_json,lang_locked,status,created_at,updated_at) VALUES ('pisniua_2327461','Забудь мене, моя матусю','Українська народна пісня','uk','ukr_ssr_1919_1991',NULL,'1930',NULL,'Уснословесний жанр повстанська пісня Місце побутування смт Запитів, Кам''янка-Бузький район, Львівська область Респондент Максимишин Марія Олексіївна, 1930 р.н. Збирачі Вовчак Андрій, Мартиник Соломія','Забудь мене, моя матусю,
Забудь мене, шо я - твій син -
Як був малий, то ти раділа,
А як підріс, кати взяли...

Не було сили боронити,
Не було сили, бо стара...
Кати злетісь, мов ті круки, -
І закували юнака.

Здригнулось тіло від побоїв,
Стиснули руки кайдани,
І кайданами забряжчав я...
Кати промовили: "Вже йди!"

Відходячи я попрощався:
Прощай, родинонько моя!
Прощай, родино, Україно!
Більш не побачу тебе я...

Більш не побачиш свого сина
Ні у гаях, ні у лісах...
Лише побачиш через сльози,
Закованого в кайданах...

А як привезли мене в темницю,
Як кинули мене туди,
Коли я гляну навкруг себе -
Сидять заковані брати...

Прийшов катюга самий старший:
"Отак вам, вкраїнські сини,
Не схочете більш України,
На вас покопані ями".

Нехай нас б''ють, нехай катують,
Нехай з нас роблять, що хотять,
Нехай нас в тюрми замикають,
На них ще прийде помсти час!','["pisni.org.ua", "cat:povstanski", "Повстанські пісні"]',1,'published',COALESCE((SELECT created_at FROM songs WHERE id='pisniua_2327461'), datetime('now')),datetime('now'));
INSERT OR REPLACE INTO songs_fts(song_id,title,lyrics) VALUES ('pisniua_2327461','Забудь мене, моя матусю','Забудь мене, моя матусю,
Забудь мене, шо я - твій син -
Як був малий, то ти раділа,
А як підріс, кати взяли...

Не було сили боронити,
Не було сили, бо стара...
Кати злетісь, мов ті круки, -
І закували юнака.

Здригнулось тіло від побоїв,
Стиснули руки кайдани,
І кайданами забряжчав я...
Кати промовили: "Вже йди!"

Відходячи я попрощався:
Прощай, родинонько моя!
Прощай, родино, Україно!
Більш не побачу тебе я...

Більш не побачиш свого сина
Ні у гаях, ні у лісах...
Лише побачиш через сльози,
Закованого в кайданах...

А як привезли мене в темницю,
Як кинули мене туди,
Коли я гляну навкруг себе -
Сидять заковані брати...

Прийшов катюга самий старший:
"Отак вам, вкраїнські сини,
Не схочете більш України,
На вас покопані ями".

Нехай нас б''ють, нехай катують,
Нехай з нас роблять, що хотять,
Нехай нас в тюрми замикають,
На них ще прийде помсти час!');
INSERT OR REPLACE INTO songs (id,title,subtitle,lang,country,period,year,source,notes,lyrics,tags_json,lang_locked,status,created_at,updated_at) VALUES ('pisniua_2331797','Кую-кую чобіток','Українська народна пісня','uk','ukr_ssr_1919_1991',NULL,'1936','аудіозапис','Місце побутування с. Боберка, Боберківська сільрада, Турківський район, Львівська область Респондент Погулич Феня Дмитрівна, 1936 р.н. Збирачі Винницька Ліля, Кльок Юлія','Кую-кую чобіток,
Подай бабі молоток,
Ни подаш молоток -
Ни підкую чоботок!

Кую-кую чобіток,
Подай бабі молоток,
Ни подаш молоток -
Ни підкую чоботок!','["pisni.org.ua", "cat:dytyachi", "Дитячі пісні"]',1,'published',COALESCE((SELECT created_at FROM songs WHERE id='pisniua_2331797'), datetime('now')),datetime('now'));
INSERT OR REPLACE INTO songs_fts(song_id,title,lyrics) VALUES ('pisniua_2331797','Кую-кую чобіток','Кую-кую чобіток,
Подай бабі молоток,
Ни подаш молоток -
Ни підкую чоботок!

Кую-кую чобіток,
Подай бабі молоток,
Ни подаш молоток -
Ни підкую чоботок!');
INSERT OR REPLACE INTO songs (id,title,subtitle,lang,country,period,year,source,notes,lyrics,tags_json,lang_locked,status,created_at,updated_at) VALUES ('pisniua_233091','Нова Радість стала, Світу ся з''явила','Українська народна пісня','uk','ukr_ssr_1919_1991',NULL,'1990','Багатотиражка Дрогобиччини "Галицька зоря" за 5 січня 1991 року.','Записана 1990 року від аматорів хору "Відродження" Дрогобицького Товариства української мови "Просвіта" імені Тараса Шевченка.','Нова Радість стала,
Світу ся з''явила,
Де Пречиста, Чиста Діва Мати
Сина породила.

Як ''Го породила,
В Пелени повила,
Сінцем Красним, Красним, як Лелія,
Його притрусила.

А як ся Жидове
О Тім довідали,
За Марієв, Ісусом Маленьким
Щонайскорше гнали...

А Марія Мати
В Лісі ночувала,
В Лісі, в Лісі, в Лісі при Дорозі
Вогонь розкладала.

Вогонь розложила,
Дала Людям знати,
Щоби Люди, Люди приходили
Дитятко витати.    Мелодія для одного голосу','["pisni.org.ua", "cat:cerkovni", "cat:halycki", "cat:kolyadky", "Церковні пісні", "Пісні з Галичини", "Колядки"]',1,'published',COALESCE((SELECT created_at FROM songs WHERE id='pisniua_233091'), datetime('now')),datetime('now'));
INSERT OR REPLACE INTO songs_fts(song_id,title,lyrics) VALUES ('pisniua_233091','Нова Радість стала, Світу ся з''явила','Нова Радість стала,
Світу ся з''явила,
Де Пречиста, Чиста Діва Мати
Сина породила.

Як ''Го породила,
В Пелени повила,
Сінцем Красним, Красним, як Лелія,
Його притрусила.

А як ся Жидове
О Тім довідали,
За Марієв, Ісусом Маленьким
Щонайскорше гнали...

А Марія Мати
В Лісі ночувала,
В Лісі, в Лісі, в Лісі при Дорозі
Вогонь розкладала.

Вогонь розложила,
Дала Людям знати,
Щоби Люди, Люди приходили
Дитятко витати.    Мелодія для одного голосу');
INSERT OR REPLACE INTO songs (id,title,subtitle,lang,country,period,year,source,notes,lyrics,tags_json,lang_locked,status,created_at,updated_at) VALUES ('pisniua_233165','Колядка','Українська народна пісня','uk','ukraine_before_1917',NULL,NULL,'http://misto.ridne.net/thread-1955.html',NULL,'На Святий Вечір Христос родився, ой, дай Боже,
А на Йордані в воді христився,
А на Великдень зорі світився, ой, дай Боже,
Поїхав собі до Русалиму,
А в Русалимі богаті люди, ой, дай Боже,
Богаті люди там кладуть мости,
Ой, по тих мостах Сус Христос ходить, ой, дай Боже,
Ой, ходить, ходить, проскурець носить,
Ой, Сусе, Сусе, маєм на тебе, ой, дай Боже,
Маєм на тебе головку стяти,
Головку стяти, в гріб закопати, ой, дай Боже,
А коло гробу нічку чекати,
Коли той когут рано запіє, ой, дай Боже,
Тоді Сус Христос з гробу ускресне,
Ой, за тим словом, будь, ґазда, здоров, ой, дай Боже,
Ой, не сам собов, з свойов дружинов,
З свойов дружинов, зо сусідоньков, ой, дай Боже,
Щоби вся рідня здорова була,
Щоби домівка весела була, ой, дай Боже,
З сими свідками, з колідниками!','["pisni.org.ua", "cat:huculski", "cat:kolyadky", "Гуцульські пісні", "Колядки"]',1,'published',COALESCE((SELECT created_at FROM songs WHERE id='pisniua_233165'), datetime('now')),datetime('now'));
INSERT OR REPLACE INTO songs_fts(song_id,title,lyrics) VALUES ('pisniua_233165','Колядка','На Святий Вечір Христос родився, ой, дай Боже,
А на Йордані в воді христився,
А на Великдень зорі світився, ой, дай Боже,
Поїхав собі до Русалиму,
А в Русалимі богаті люди, ой, дай Боже,
Богаті люди там кладуть мости,
Ой, по тих мостах Сус Христос ходить, ой, дай Боже,
Ой, ходить, ходить, проскурець носить,
Ой, Сусе, Сусе, маєм на тебе, ой, дай Боже,
Маєм на тебе головку стяти,
Головку стяти, в гріб закопати, ой, дай Боже,
А коло гробу нічку чекати,
Коли той когут рано запіє, ой, дай Боже,
Тоді Сус Христос з гробу ускресне,
Ой, за тим словом, будь, ґазда, здоров, ой, дай Боже,
Ой, не сам собов, з свойов дружинов,
З свойов дружинов, зо сусідоньков, ой, дай Боже,
Щоби вся рідня здорова була,
Щоби домівка весела була, ой, дай Боже,
З сими свідками, з колідниками!');
INSERT OR REPLACE INTO song_links (id,song_id,title,url,kind,version_id,sort_order) VALUES ('pisniua_233165_l1','pisniua_233165','YouTube','https://www.youtube.com/watch?v=HXCoMoUhq-g','video',NULL,1);
INSERT OR REPLACE INTO songs (id,title,subtitle,lang,country,period,year,source,notes,lyrics,tags_json,lang_locked,status,created_at,updated_at) VALUES ('pisniua_2331550','Відкриваються простори','(Морська похідна)','uk','ukraine_1991',NULL,NULL,'аудіозапис','Мелодія пісні Сергія й Тетяни Нікітіних "На далекой Амазонке".','Відкриваються простори,
Берег тане вдалині.
Попереду тільки море
І мандрівки довгі дні.
Вітер свище, хвиля грає,
Але знаєм я і ти -
Хто нічого не боїться,
Завжди дійде до мети!

Приспів:
Коли ми знов повернемось
До рідних берегів,
То друзів привітаємо,
Забудем ворогів.
Тоді поллються ріками
І пісня, і вино,
А всі незгоди й прикрощі
Нехай ідуть на дно!
Та не забудемо ніколи,
Як бриніли ясні зорі,
Як солоні хвилі моря
Нас носили по світах!
Не забудемо ніколи,
Як бриніли ясні зорі,
Як солоні хвилі моря
Нас носили по світах!

На нашій шхуні все гаразд,
Компас не збреше нам.
На карті світу після нас
Не буде білих плям!
Ми обійдемо цілий світ,
І у чужих краях,
Де ми були, замайорить
Наш синьо-жовтий стяг!

Приспів.

І може, як пройдемо
Крізь бурі і шторми,
То з капітаном Немо
Зустрінемося ми -
На островах незнаних
Десь на краю землі,
Там він для нас із вами
Будує кораблі...

Приспів.','["pisni.org.ua", "cat:manrivni", "Пісні на мандрівну тематику"]',1,'published',COALESCE((SELECT created_at FROM songs WHERE id='pisniua_2331550'), datetime('now')),datetime('now'));
INSERT OR REPLACE INTO songs_fts(song_id,title,lyrics) VALUES ('pisniua_2331550','Відкриваються простори','Відкриваються простори,
Берег тане вдалині.
Попереду тільки море
І мандрівки довгі дні.
Вітер свище, хвиля грає,
Але знаєм я і ти -
Хто нічого не боїться,
Завжди дійде до мети!

Приспів:
Коли ми знов повернемось
До рідних берегів,
То друзів привітаємо,
Забудем ворогів.
Тоді поллються ріками
І пісня, і вино,
А всі незгоди й прикрощі
Нехай ідуть на дно!
Та не забудемо ніколи,
Як бриніли ясні зорі,
Як солоні хвилі моря
Нас носили по світах!
Не забудемо ніколи,
Як бриніли ясні зорі,
Як солоні хвилі моря
Нас носили по світах!

На нашій шхуні все гаразд,
Компас не збреше нам.
На карті світу після нас
Не буде білих плям!
Ми обійдемо цілий світ,
І у чужих краях,
Де ми були, замайорить
Наш синьо-жовтий стяг!

Приспів.

І може, як пройдемо
Крізь бурі і шторми,
То з капітаном Немо
Зустрінемося ми -
На островах незнаних
Десь на краю землі,
Там він для нас із вами
Будує кораблі...

Приспів.');
INSERT OR REPLACE INTO songs (id,title,subtitle,lang,country,period,year,source,notes,lyrics,tags_json,lang_locked,status,created_at,updated_at) VALUES ('pisniua_2330379','Емігрантка','Музика: Володимир Сірий Слова: Олексій Тичко. Виконує: Володимир Сірий','uk','ukraine_1991',NULL,NULL,'аудіозапис',NULL,'Твоя пора настала року,
Ще любиш осінь, чи вже ні,
У мегаполісі Нью-Йорку,
Від України вдалині?..

Приспів:
На вітрі айстри б''ють поклони,
Бушує море, океан...
В калюжі жовте листя тоне,
Я тут, а ти - далеко там...

Чи каву п''єш у ліжку зранку,
Чи кольорові твої сни?..
Як там живеться, емігрантко,
Зимою, влітку, восени?..

Приспів.

Прийшла неждано осінь знову -
І над Гудзоном, і Дніпром
Малює дощ туманну долю,
Глибоку лінію долонь...

Приспів.

В калюжі жовте листя тоне,
Я тут, а ти - далеко там...','["pisni.org.ua", "cat:emigration", "Пісні про еміґрацію"]',1,'published',COALESCE((SELECT created_at FROM songs WHERE id='pisniua_2330379'), datetime('now')),datetime('now'));
INSERT OR REPLACE INTO songs_fts(song_id,title,lyrics) VALUES ('pisniua_2330379','Емігрантка','Твоя пора настала року,
Ще любиш осінь, чи вже ні,
У мегаполісі Нью-Йорку,
Від України вдалині?..

Приспів:
На вітрі айстри б''ють поклони,
Бушує море, океан...
В калюжі жовте листя тоне,
Я тут, а ти - далеко там...

Чи каву п''єш у ліжку зранку,
Чи кольорові твої сни?..
Як там живеться, емігрантко,
Зимою, влітку, восени?..

Приспів.

Прийшла неждано осінь знову -
І над Гудзоном, і Дніпром
Малює дощ туманну долю,
Глибоку лінію долонь...

Приспів.

В калюжі жовте листя тоне,
Я тут, а ти - далеко там...');
INSERT OR REPLACE INTO song_links (id,song_id,title,url,kind,version_id,sort_order) VALUES ('pisniua_2330379_l1','pisniua_2330379','YouTube','https://www.youtube.com/watch?v=0X4kZTBZcF8','video',NULL,1);
INSERT OR REPLACE INTO songs (id,title,subtitle,lang,country,period,year,source,notes,lyrics,tags_json,lang_locked,status,created_at,updated_at) VALUES ('pisniua_233226','Листопад *','(Листопад 200 ****). Музика: Гайдамаки Слова: Олександр Ярмола. Виконує: Гайдамаки','uk','ukraine_1991',NULL,'2005','http://www.haydamaky.com/','Виконують Гайдамаки (альбом "Перверзія" 2005 р.)','Поети складають пісні, не гаючи часу свого на землі.
Системи працюють, їх пильнують, купляють, засуджують, лікують.
Свідомість їх не потрібна нікому й кохання приречене в світі тварин,
З якого постала Людина, на неї ти так не дивися, вона ще дитина!

Прийшов листопад і раптом ти зрозумів, що не маєш снів
З тих пір, як твоя крів отруєна ядом стріл.
Щоночі тіло твоє вмирає, душа тікає й проникає
За стіни багатоквартирних домів, у шоці від того, що діється з нами...

І знов забуває, куди вертає, фізичне тіло собі шукає
У світі тварин, потоці машин, поганих пісень, сумних очей,
Картин, від яких псується крів. А може, це просто прийшов листопад,
А ти ще не звик до природніх змін? А може, тебе вже нема?

Не треба спішити жити, раптом прокинутися й зрозуміти
Усе, що ся діє навколо, побачити в новому цвіті
Стільки ясних очей, красивих людей, пісень, що гукають жити
Наших дітей у майбутній день, обняти й благословити!..

Поети складають пісні, не гаючи часу свого на землі.
Системи працюють, їх пильнують, купляють, засуджують, лікують.
Вони замовкають, поволі зникають, пісні забуваються, люди лишаються
В стінах багатоквартирних домів, з яких вже ніколи на Світ не вертаються!','["pisni.org.ua", "cat:suspilno-politychni", "Суспільно-політичні пісні"]',1,'published',COALESCE((SELECT created_at FROM songs WHERE id='pisniua_233226'), datetime('now')),datetime('now'));
INSERT OR REPLACE INTO songs_fts(song_id,title,lyrics) VALUES ('pisniua_233226','Листопад *','Поети складають пісні, не гаючи часу свого на землі.
Системи працюють, їх пильнують, купляють, засуджують, лікують.
Свідомість їх не потрібна нікому й кохання приречене в світі тварин,
З якого постала Людина, на неї ти так не дивися, вона ще дитина!

Прийшов листопад і раптом ти зрозумів, що не маєш снів
З тих пір, як твоя крів отруєна ядом стріл.
Щоночі тіло твоє вмирає, душа тікає й проникає
За стіни багатоквартирних домів, у шоці від того, що діється з нами...

І знов забуває, куди вертає, фізичне тіло собі шукає
У світі тварин, потоці машин, поганих пісень, сумних очей,
Картин, від яких псується крів. А може, це просто прийшов листопад,
А ти ще не звик до природніх змін? А може, тебе вже нема?

Не треба спішити жити, раптом прокинутися й зрозуміти
Усе, що ся діє навколо, побачити в новому цвіті
Стільки ясних очей, красивих людей, пісень, що гукають жити
Наших дітей у майбутній день, обняти й благословити!..

Поети складають пісні, не гаючи часу свого на землі.
Системи працюють, їх пильнують, купляють, засуджують, лікують.
Вони замовкають, поволі зникають, пісні забуваються, люди лишаються
В стінах багатоквартирних домів, з яких вже ніколи на Світ не вертаються!');
INSERT OR REPLACE INTO songs (id,title,subtitle,lang,country,period,year,source,notes,lyrics,tags_json,lang_locked,status,created_at,updated_at) VALUES ('pisniua_2331665','Гей, ой, по морю','Українська народна пісня','uk','ukraine_before_1917',NULL,'1878','аудіозапис','Мелодія з записів Максима Коросташа, 1927 р., Черкаська обл., Шполянський р-н, с.Лип''янка (№86, записано від Бородаївни). Текст походить з с.Богодар кол. Олександрівського повіту, підібраний за виданням: Д.И.Эварницкий, Малороссийские народные песни, собранные в 1878–1905 гг., Екатеринослав, 1906. – C.681-683.','Гей, ой по морю,
Ой по морю по синьому,
По каменю по білому.

Гей, сокіл з орлом,
Сокіл з орлом купається,
Сокіл орла питається.

Гей, чи був, орле,
Чи був, орле, за Дунаєм?
Чи не знаєш про ногаїв?

Гей, ішли ляхи,
Ішли ляхи на три шляхи,
А татари на чотири.

Гей, запорожці
Запорожці поле вкрили.
Шабельками заяснили.

Гей, попереду,
Попереду гетьман іде,
За собою військо веде.

Гей, в правій руці
В правій руці держить меча,
В лівій руці горить свіча.

Гей, горить свічка,
Горить свічка восковая,
Тече річка кровавая.

Гей, над річкою,
Над річкою ворон кряче,
По синові мати плаче.','["pisni.org.ua", "cat:kozacki", "Козацькі пісні"]',1,'published',COALESCE((SELECT created_at FROM songs WHERE id='pisniua_2331665'), datetime('now')),datetime('now'));
INSERT OR REPLACE INTO songs_fts(song_id,title,lyrics) VALUES ('pisniua_2331665','Гей, ой, по морю','Гей, ой по морю,
Ой по морю по синьому,
По каменю по білому.

Гей, сокіл з орлом,
Сокіл з орлом купається,
Сокіл орла питається.

Гей, чи був, орле,
Чи був, орле, за Дунаєм?
Чи не знаєш про ногаїв?

Гей, ішли ляхи,
Ішли ляхи на три шляхи,
А татари на чотири.

Гей, запорожці
Запорожці поле вкрили.
Шабельками заяснили.

Гей, попереду,
Попереду гетьман іде,
За собою військо веде.

Гей, в правій руці
В правій руці держить меча,
В лівій руці горить свіча.

Гей, горить свічка,
Горить свічка восковая,
Тече річка кровавая.

Гей, над річкою,
Над річкою ворон кряче,
По синові мати плаче.');
INSERT OR REPLACE INTO songs (id,title,subtitle,lang,country,period,year,source,notes,lyrics,tags_json,lang_locked,status,created_at,updated_at) VALUES ('pisniua_23318','Ой там на горі','Українська народна пісня. Виконує: Тріо Мареничів','uk','ukraine_before_1917',NULL,NULL,NULL,NULL,'Ой там на горі, ой там на крутій,
Ой там сиділи пара голубів.       | (2)

Вони сиділи, цілувалися,
Сивими крильми обнімалися.        | (2)

Сокіл прилетів, з далеких країв,
Він вбив-розлучив пару голубів.   | (2)

Голуба убив, за Дунай пустив,
А голубоньку взяв за жіночку.     | (2)

Голубка не їсть, голубка не п''є,
Сивими крильми по Дунаю б''є.      | (2)','["pisni.org.ua", "cat:lirychni", "cat:narodni", "Пісні про кохання, ліричні", "Народні пісні"]',1,'published',COALESCE((SELECT created_at FROM songs WHERE id='pisniua_23318'), datetime('now')),datetime('now'));
INSERT OR REPLACE INTO songs_fts(song_id,title,lyrics) VALUES ('pisniua_23318','Ой там на горі','Ой там на горі, ой там на крутій,
Ой там сиділи пара голубів.       | (2)

Вони сиділи, цілувалися,
Сивими крильми обнімалися.        | (2)

Сокіл прилетів, з далеких країв,
Він вбив-розлучив пару голубів.   | (2)

Голуба убив, за Дунай пустив,
А голубоньку взяв за жіночку.     | (2)

Голубка не їсть, голубка не п''є,
Сивими крильми по Дунаю б''є.      | (2)');
INSERT OR REPLACE INTO song_links (id,song_id,title,url,kind,version_id,sort_order) VALUES ('pisniua_23318_l1','pisniua_23318','YouTube','https://www.youtube.com/watch?v=zlN1nC93uGM','video',NULL,1);
INSERT OR REPLACE INTO song_links (id,song_id,title,url,kind,version_id,sort_order) VALUES ('pisniua_23318_l2','pisniua_23318','YouTube','https://www.youtube.com/watch?v=4GW67aIfjVI','video',NULL,2);
INSERT OR REPLACE INTO song_links (id,song_id,title,url,kind,version_id,sort_order) VALUES ('pisniua_23318_l3','pisniua_23318','Переглянути варіанти >>','https://www.pisni.org.ua/#variants','external',NULL,3);
INSERT OR REPLACE INTO songs (id,title,subtitle,lang,country,period,year,source,notes,lyrics,tags_json,lang_locked,status,created_at,updated_at) VALUES ('pisniua_2331512','Під небом кочовим','Музика: Оксана Рафа Слова: Ліна Костенко, Ростислав Крамар','uk','ukr_ssr_1919_1991',NULL,'1990','аудіозапис','Пісня запозичена у 1990-тих роках від тернопільського Товариства "Вертеп".','Під небом кочовим ребристі халабуди,
Пронизлива печаль - віки, віки, віки...
Поезія-народ - про нас говорять люди,
Поезія-народ... - А ми - кочівники...

Приспів:
Гей, дана-дан,
Гей, дана, дана, дана, дана, дана,
О-о-о-о-о-о-о-о, гей!
Гей, дана-дан,
Гей, дана, дана, дана, дана, дана,
О-о-о-о-о-о-о-о, о!

Загубляться сліди і стихне спів за нами,
Залишаться в степах багаття-вартові,
І котиться життя незнаними стежками
На незборимий клич циганської зорі.

Приспів.

Циганкам ворожить, циганам коні красти,
І повертатись знов під ненадійний дах.
І хоч життя таке ще проклянеш не раз ти,
Та житиме наш дух мандрівний у піснях.

Приспів.

Ковтати пил шляхів і забувати втому,
І знати наперед перебіг всіх доріг...
Переплелись для нас відоме й невідоме,
І праведні слова, і споконвічний гріх.

Приспів.','["pisni.org.ua", "cat:manrivni", "Пісні на мандрівну тематику"]',1,'published',COALESCE((SELECT created_at FROM songs WHERE id='pisniua_2331512'), datetime('now')),datetime('now'));
INSERT OR REPLACE INTO songs_fts(song_id,title,lyrics) VALUES ('pisniua_2331512','Під небом кочовим','Під небом кочовим ребристі халабуди,
Пронизлива печаль - віки, віки, віки...
Поезія-народ - про нас говорять люди,
Поезія-народ... - А ми - кочівники...

Приспів:
Гей, дана-дан,
Гей, дана, дана, дана, дана, дана,
О-о-о-о-о-о-о-о, гей!
Гей, дана-дан,
Гей, дана, дана, дана, дана, дана,
О-о-о-о-о-о-о-о, о!

Загубляться сліди і стихне спів за нами,
Залишаться в степах багаття-вартові,
І котиться життя незнаними стежками
На незборимий клич циганської зорі.

Приспів.

Циганкам ворожить, циганам коні красти,
І повертатись знов під ненадійний дах.
І хоч життя таке ще проклянеш не раз ти,
Та житиме наш дух мандрівний у піснях.

Приспів.

Ковтати пил шляхів і забувати втому,
І знати наперед перебіг всіх доріг...
Переплелись для нас відоме й невідоме,
І праведні слова, і споконвічний гріх.

Приспів.');
INSERT OR REPLACE INTO songs (id,title,subtitle,lang,country,period,year,source,notes,lyrics,tags_json,lang_locked,status,created_at,updated_at) VALUES ('pisniua_2332919','Футбол!','Музика: Віталій Кобринович Слова: Віталій Кобринович. Виконує: Гурт МалДіви','uk','ukraine_1991',NULL,NULL,'аудіозапис',NULL,'Ось пролунав свисток,
Суддя команду дав гру розпочати
І вже забитий стадіон,
Усі прийшли уболівати!
Улюблена команда наша
Просто зараз атакує,
Ще мить - зірветься стадіон,
І ми всі разом проскандуєм:
Треба гол!

Приспів:
Давай! Давай! Давай, забивай!
Ти - чемпіон! Нам треба гол!
Давай! Давай! Давай, забивай!
Ти - чемпіон! Всім треба гол!
Гол! Гол! Гол! Гол! Гол!

Принишкли вболівальники
Й усі в очікуванні голу,
Ми подаємо кутовий -
Заб''ємо ще обов''язково!
Давай, покажем вищий клас -
Команда наша атакує!
Ми всі підтримуємо вас,
Давайте разом проскандуєм:
Треба гол!

Приспів. (2)','["pisni.org.ua", "cat:himny-marshi", "Гимни та марші"]',1,'published',COALESCE((SELECT created_at FROM songs WHERE id='pisniua_2332919'), datetime('now')),datetime('now'));
INSERT OR REPLACE INTO songs_fts(song_id,title,lyrics) VALUES ('pisniua_2332919','Футбол!','Ось пролунав свисток,
Суддя команду дав гру розпочати
І вже забитий стадіон,
Усі прийшли уболівати!
Улюблена команда наша
Просто зараз атакує,
Ще мить - зірветься стадіон,
І ми всі разом проскандуєм:
Треба гол!

Приспів:
Давай! Давай! Давай, забивай!
Ти - чемпіон! Нам треба гол!
Давай! Давай! Давай, забивай!
Ти - чемпіон! Всім треба гол!
Гол! Гол! Гол! Гол! Гол!

Принишкли вболівальники
Й усі в очікуванні голу,
Ми подаємо кутовий -
Заб''ємо ще обов''язково!
Давай, покажем вищий клас -
Команда наша атакує!
Ми всі підтримуємо вас,
Давайте разом проскандуєм:
Треба гол!

Приспів. (2)');
INSERT OR REPLACE INTO song_links (id,song_id,title,url,kind,version_id,sort_order) VALUES ('pisniua_2332919_l1','pisniua_2332919','YouTube','https://www.youtube.com/watch?v=F_DhrpzzQw4','video',NULL,1);
INSERT OR REPLACE INTO songs (id,title,subtitle,lang,country,period,year,source,notes,lyrics,tags_json,lang_locked,status,created_at,updated_at) VALUES ('pisniua_2332869','Перший дзвоник','Слова: Олена Заблоцька','uk','ukraine_1991',NULL,NULL,'аудіозапис','Пісню виконує Діана Вязовченко.','Ось і вересень прийшов,
Ми йдемо до школи,
Все таке нове для нас,
Різнокольорове!
Нові друзі, вчителі,
Ноти, цифри, букварі,
Світ цікавий кличе нас
На шкільний дзвіночок!

Приспів:
Перший дзвоник
Пісню співає для нас!
Перша вчителька
Нас зустрічає!
В цей святковий день
Я йду в перший клас!
Світ пригод
Школярів чекає!

Перше вересня настало -
Я збираюсь в школу!
У душі моїй лунає
Пісенька чудова,
Ранець свій збираю я
В новий день, нове життя!
Ну ж бо двері відчиняй,
Моя рідна школо!

Приспів.','["pisni.org.ua", "cat:shkilni", "Пісні про школу"]',1,'published',COALESCE((SELECT created_at FROM songs WHERE id='pisniua_2332869'), datetime('now')),datetime('now'));
INSERT OR REPLACE INTO songs_fts(song_id,title,lyrics) VALUES ('pisniua_2332869','Перший дзвоник','Ось і вересень прийшов,
Ми йдемо до школи,
Все таке нове для нас,
Різнокольорове!
Нові друзі, вчителі,
Ноти, цифри, букварі,
Світ цікавий кличе нас
На шкільний дзвіночок!

Приспів:
Перший дзвоник
Пісню співає для нас!
Перша вчителька
Нас зустрічає!
В цей святковий день
Я йду в перший клас!
Світ пригод
Школярів чекає!

Перше вересня настало -
Я збираюсь в школу!
У душі моїй лунає
Пісенька чудова,
Ранець свій збираю я
В новий день, нове життя!
Ну ж бо двері відчиняй,
Моя рідна школо!

Приспів.');
INSERT OR REPLACE INTO song_links (id,song_id,title,url,kind,version_id,sort_order) VALUES ('pisniua_2332869_l1','pisniua_2332869','YouTube','https://www.youtube.com/watch?v=oE4o7UeQ2ls','video',NULL,1);
INSERT OR REPLACE INTO songs (id,title,subtitle,lang,country,period,year,source,notes,lyrics,tags_json,lang_locked,status,created_at,updated_at) VALUES ('pisniua_2333591','Молитва на Різдво','Музика: Зиновій Медюх Слова: Зиновій Медюх. Виконує: Зиновій Медюх, Оксана Муха, Піккардійська Терція','uk','ukraine_1991',NULL,NULL,'аудіозапис',NULL,'На Різдво, на Святий Вечір
Позбиралася малеча,
Мати кутю вже поставила на стіл...
В хаті в нас когось бракує -
Діти, тато наш воює,
Молимось, щоб повернувся він!..
Молимось, щоб повернувся він!..

Та молитва на Різдво
Збереже в бою його
І Оленка зачекалась
Свого тата:
Миколаї всі святі,
Поверніть його мені,
І не треба більш
Нічого дарувати!
І не треба більш
Нічого дарувати!

Богородице Маріє,
Чорний вітер з Сходу віє,
Хочу я, щоб оминув він
Нашу хату!
Наш Івасик народився,
В нього зубчик лиш пробився,
Він ні разу ще не бачив
Свого тата!
Він ні разу ще не бачив
Свого тата!

Та молитва на Різдво
Збереже його в АТО
І Оленка зачекалась
Свого тата:
Миколаї всі святі,
Поверніть його мені,
І не треба більш
Нічого дарувати!
І не треба більш
Нічого дарувати!

Миколай поправив вуса,
Почесав по бороді,
Запитав у всіх ангелів
Тих, що були на війні:
Чи живий Оленки тато,
Чи поверне до села?
Не беруть його гранати -
Богородиця спасла!
Не беруть його гранати -
Богородиця спасла!

Та молитва на Різдво
Зберегла його в АТО
І Оленка дочекалась
Свого тата!
Миколаї всі святі,
Зберегли його мені,
І не треба більш
Нічого дарувати!
І не треба більш
Нічого дарувати!','["pisni.org.ua", "cat:ato", "Пісні російсько-української війни та АТО"]',1,'published',COALESCE((SELECT created_at FROM songs WHERE id='pisniua_2333591'), datetime('now')),datetime('now'));
INSERT OR REPLACE INTO songs_fts(song_id,title,lyrics) VALUES ('pisniua_2333591','Молитва на Різдво','На Різдво, на Святий Вечір
Позбиралася малеча,
Мати кутю вже поставила на стіл...
В хаті в нас когось бракує -
Діти, тато наш воює,
Молимось, щоб повернувся він!..
Молимось, щоб повернувся він!..

Та молитва на Різдво
Збереже в бою його
І Оленка зачекалась
Свого тата:
Миколаї всі святі,
Поверніть його мені,
І не треба більш
Нічого дарувати!
І не треба більш
Нічого дарувати!

Богородице Маріє,
Чорний вітер з Сходу віє,
Хочу я, щоб оминув він
Нашу хату!
Наш Івасик народився,
В нього зубчик лиш пробився,
Він ні разу ще не бачив
Свого тата!
Він ні разу ще не бачив
Свого тата!

Та молитва на Різдво
Збереже його в АТО
І Оленка зачекалась
Свого тата:
Миколаї всі святі,
Поверніть його мені,
І не треба більш
Нічого дарувати!
І не треба більш
Нічого дарувати!

Миколай поправив вуса,
Почесав по бороді,
Запитав у всіх ангелів
Тих, що були на війні:
Чи живий Оленки тато,
Чи поверне до села?
Не беруть його гранати -
Богородиця спасла!
Не беруть його гранати -
Богородиця спасла!

Та молитва на Різдво
Зберегла його в АТО
І Оленка дочекалась
Свого тата!
Миколаї всі святі,
Зберегли його мені,
І не треба більш
Нічого дарувати!
І не треба більш
Нічого дарувати!');
INSERT OR REPLACE INTO song_links (id,song_id,title,url,kind,version_id,sort_order) VALUES ('pisniua_2333591_l1','pisniua_2333591','YouTube','https://www.youtube.com/watch?v=cjKqXGgv6kA','video',NULL,1);
INSERT OR REPLACE INTO song_links (id,song_id,title,url,kind,version_id,sort_order) VALUES ('pisniua_2333591_l2','pisniua_2333591','YouTube','https://www.youtube.com/watch?v=Lui5LMzJr1w','video',NULL,2);
INSERT OR REPLACE INTO songs (id,title,subtitle,lang,country,period,year,source,notes,lyrics,tags_json,lang_locked,status,created_at,updated_at) VALUES ('pisniua_2333515','Миколай','Музика: Анна Кривута Слова: Анна Кривута. Виконує: Подих весни','uk','ukraine_1991',NULL,NULL,'аудіозапис',NULL,'До святкової кімнати
Вже заходить Бородатий,
Щось під подушку сховає,
Покладе і вмить щезає.
І не мама, і не тато
Нам придумали це свято.
Подарунки точно знаю:
Від Святого Миколая!

Приспів:
Миколай! Миколай! Миколай!    |
Ти до мене, чемної, поспішай! |
Ти мене слухняною привітай,   |
Миколаю! Миколай!             | (2)

Принесе в мішку гостинці
І солодощі у скриньці,
Чи новенькі черевички,
Або теплі рукавички!
А комусь красуню Барбі,
Або кольорові фарби,
Повну іграшок валізку,
А комусь тоненьку різку! Ой!

Приспів.

Я бажання написала
Та під подушку поклала.
Прийди, Святий Миколаю,
Цілий рік Тебе чекаю!
Та, напевно, я заснула,
Як прийшов Він не почула,
А коли я вранці встала -
Подарунки відшукала!

Приспів.

Миколай! Миколай! Миколай!
Ти до неї, чемної, поспішай!
Ти її слухняною привітай,
Миколаю! Миколай!
Миколаю! Миколаю! Миколай!','["pisni.org.ua", "cat:svyatyy-mykolay", "Пісні про Святого Миколая"]',1,'published',COALESCE((SELECT created_at FROM songs WHERE id='pisniua_2333515'), datetime('now')),datetime('now'));
INSERT OR REPLACE INTO songs_fts(song_id,title,lyrics) VALUES ('pisniua_2333515','Миколай','До святкової кімнати
Вже заходить Бородатий,
Щось під подушку сховає,
Покладе і вмить щезає.
І не мама, і не тато
Нам придумали це свято.
Подарунки точно знаю:
Від Святого Миколая!

Приспів:
Миколай! Миколай! Миколай!    |
Ти до мене, чемної, поспішай! |
Ти мене слухняною привітай,   |
Миколаю! Миколай!             | (2)

Принесе в мішку гостинці
І солодощі у скриньці,
Чи новенькі черевички,
Або теплі рукавички!
А комусь красуню Барбі,
Або кольорові фарби,
Повну іграшок валізку,
А комусь тоненьку різку! Ой!

Приспів.

Я бажання написала
Та під подушку поклала.
Прийди, Святий Миколаю,
Цілий рік Тебе чекаю!
Та, напевно, я заснула,
Як прийшов Він не почула,
А коли я вранці встала -
Подарунки відшукала!

Приспів.

Миколай! Миколай! Миколай!
Ти до неї, чемної, поспішай!
Ти її слухняною привітай,
Миколаю! Миколай!
Миколаю! Миколаю! Миколай!');
INSERT OR REPLACE INTO song_links (id,song_id,title,url,kind,version_id,sort_order) VALUES ('pisniua_2333515_l1','pisniua_2333515','YouTube','https://www.youtube.com/watch?v=257SAxVyaio','video',NULL,1);
INSERT OR REPLACE INTO songs (id,title,subtitle,lang,country,period,year,source,notes,lyrics,tags_json,lang_locked,status,created_at,updated_at) VALUES ('pisniua_2333461','Діти мої, діти','Музика: Світлана Славіна Слова: Світлана Славіна','uk','ukraine_1991',NULL,NULL,'авторське подання','Пісню виконує Світлана Славіна.','Нехай краще очі плачуть, ніж душа,
Бо не варті тії сльози і гроша.
Нехай сонце ясно світить людям всім,
Усміхнуся я до доньок й мовлю їм!

Приспів:
Діти мої, діти,
Наче в полі квіти,
Все б для вас зробила,
Боженько, дай сили!
Діти мої, діти,
Як же вас зростити?
Ви - моя опора,
Хай мине вас горе!

Не судилось моїй ненці легко жить,
Та зуміла нас навчити світ любить.
Дарувала найдорожче - мить життя -
І молилася за доньок, як і я!

Приспів.

Для людей ми виростали, мов з води,
А з чола її не стерти сивини.
Занесло мене від роду вдаль життя,
Й знов тепер, як колись мама, мовлю я!

Приспів.','["pisni.org.ua", "cat:pro-ditey", "Пісні про любов до дітей"]',1,'published',COALESCE((SELECT created_at FROM songs WHERE id='pisniua_2333461'), datetime('now')),datetime('now'));
INSERT OR REPLACE INTO songs_fts(song_id,title,lyrics) VALUES ('pisniua_2333461','Діти мої, діти','Нехай краще очі плачуть, ніж душа,
Бо не варті тії сльози і гроша.
Нехай сонце ясно світить людям всім,
Усміхнуся я до доньок й мовлю їм!

Приспів:
Діти мої, діти,
Наче в полі квіти,
Все б для вас зробила,
Боженько, дай сили!
Діти мої, діти,
Як же вас зростити?
Ви - моя опора,
Хай мине вас горе!

Не судилось моїй ненці легко жить,
Та зуміла нас навчити світ любить.
Дарувала найдорожче - мить життя -
І молилася за доньок, як і я!

Приспів.

Для людей ми виростали, мов з води,
А з чола її не стерти сивини.
Занесло мене від роду вдаль життя,
Й знов тепер, як колись мама, мовлю я!

Приспів.');
INSERT OR REPLACE INTO songs (id,title,subtitle,lang,country,period,year,source,notes,lyrics,tags_json,lang_locked,status,created_at,updated_at) VALUES ('pisniua_2333910','Новорічна','Музика: DZHERELA Слова: DZHERELA. Виконує: DZHERELA','uk','ukraine_1991',NULL,NULL,'аудіозапис',NULL,'Розсипає щедрий вечір добрий сніг,
З неба лине янголиний срібний сміх,
Посміхнуться зорі нам в канун Різдва,
А навколо - сніг, а навколо - сніг
І справжні чудеса! Чудеса!

Приспів:
Кличе Рік Новий в дорогу:
Поспішай! Поспішай!
Казку добру і стару
Ти пригадай!
Відрахує час годинник -
Так і знай!
Кличе Рік Новий в дорогу:
Поспішай! Поспішай!
Казку добру і стару
Ти пригадай!
Відрахує час годинник -
Так і знай!
В новорічну ніч
У казку поспішай!

У серпанку новорічнім сніг кружля,
Карнавал зірок зустрінем ти і я!
Зачаклує щастям нічка чарівна,
Заіскриться ясно, заіскриться ясно
Зірка в небесах! В небесах!

Приспів.

Якщо ти, друже, віриш в чудеса,
Сніжинку у долонях заховай!
І в Рік Новий кохання побажай!
Побажай! О півночі бажання загадай!

Приспів.','["pisni.org.ua", "cat:new-year", "Пісні про Новий Рік"]',1,'published',COALESCE((SELECT created_at FROM songs WHERE id='pisniua_2333910'), datetime('now')),datetime('now'));
INSERT OR REPLACE INTO songs_fts(song_id,title,lyrics) VALUES ('pisniua_2333910','Новорічна','Розсипає щедрий вечір добрий сніг,
З неба лине янголиний срібний сміх,
Посміхнуться зорі нам в канун Різдва,
А навколо - сніг, а навколо - сніг
І справжні чудеса! Чудеса!

Приспів:
Кличе Рік Новий в дорогу:
Поспішай! Поспішай!
Казку добру і стару
Ти пригадай!
Відрахує час годинник -
Так і знай!
Кличе Рік Новий в дорогу:
Поспішай! Поспішай!
Казку добру і стару
Ти пригадай!
Відрахує час годинник -
Так і знай!
В новорічну ніч
У казку поспішай!

У серпанку новорічнім сніг кружля,
Карнавал зірок зустрінем ти і я!
Зачаклує щастям нічка чарівна,
Заіскриться ясно, заіскриться ясно
Зірка в небесах! В небесах!

Приспів.

Якщо ти, друже, віриш в чудеса,
Сніжинку у долонях заховай!
І в Рік Новий кохання побажай!
Побажай! О півночі бажання загадай!

Приспів.');
INSERT OR REPLACE INTO song_links (id,song_id,title,url,kind,version_id,sort_order) VALUES ('pisniua_2333910_l1','pisniua_2333910','YouTube','https://www.youtube.com/watch?v=JuYqfk8H380','video',NULL,1);
INSERT OR REPLACE INTO songs (id,title,subtitle,lang,country,period,year,source,notes,lyrics,tags_json,lang_locked,status,created_at,updated_at) VALUES ('pisniua_2333828','Іде Новий Рік!','Музика: Сергій Родько Слова: Алла Бінцаровська','uk','ukraine_1991',NULL,NULL,'аудіозапис',NULL,'Іде білий сніг,
Чарує іскринками,
Ми знову милуємось
Диво-сніжинками -
Це зима!
В чарівнім танку
Хурделиця крутиться,
У Році Новому ми вірим:
Все збудеться! -
Це зима!

Іде Новий Рік! -
Він буде кращим, як торік!

Тепленькі шкарпетки,
Рукавиці і муфточки,
А ще добре мати
Пухову курточку! -
Це зима!
Неначе ожив
Сніговик із морквиною
І вже Дід Мороз
Поспішає з торбиною! -
Це зима!

Іде Новий Рік! -
Він буде кращим, як торік!','["pisni.org.ua", "cat:new-year", "Пісні про Новий Рік"]',1,'published',COALESCE((SELECT created_at FROM songs WHERE id='pisniua_2333828'), datetime('now')),datetime('now'));
INSERT OR REPLACE INTO songs_fts(song_id,title,lyrics) VALUES ('pisniua_2333828','Іде Новий Рік!','Іде білий сніг,
Чарує іскринками,
Ми знову милуємось
Диво-сніжинками -
Це зима!
В чарівнім танку
Хурделиця крутиться,
У Році Новому ми вірим:
Все збудеться! -
Це зима!

Іде Новий Рік! -
Він буде кращим, як торік!

Тепленькі шкарпетки,
Рукавиці і муфточки,
А ще добре мати
Пухову курточку! -
Це зима!
Неначе ожив
Сніговик із морквиною
І вже Дід Мороз
Поспішає з торбиною! -
Це зима!

Іде Новий Рік! -
Він буде кращим, як торік!');
INSERT OR REPLACE INTO songs (id,title,subtitle,lang,country,period,year,source,notes,lyrics,tags_json,lang_locked,status,created_at,updated_at) VALUES ('pisniua_2333212','Мамина молитва','Музика: Тетяна Піскарьова Слова: Тетяна Піскарьова. Виконує: Тетяна Піскарьова','uk','ukraine_1991',NULL,NULL,'аудіозапис',NULL,'Як же я молилася, дитино моя,
Сину єдиний, бажаний,
Щоб була щасливою доля твоя,
Щоб ти горе не зустрів так рано!..
Ну, а ти зустрів війну -
Подививсь їй в очі,
І тепер я не засну,
Не засну я до півночі,
Буду я молитися, просити Бога,    |
Щоб вернув тебе живого!           | (2)

Мамина молитва
В світі найсильніша!
Молить мама Бога,
Щоб він сина не залишив!
Миру Україні, спокою і тиші!
Молить мама Бога,                 |
Щоб він сина не залишив!          | (2)

Що ж тобі сказати,
Коли в наступ ідеш
Коли міцно тримаєш ти зброю -
Це твоя земля і кращої не знайдеш,
Ти - мій син і правда за тобою!
Побажаю я тобі слави, сили й волі,
України ви сини - Ви тепер герої!
Мами Богу моляться, молитва лине, |
Щоб вернулися живими!             | (2)

Мамина молитва
В світі найсильніша!
Молять мами Бога,
Щоб дітей їх залишив!
Миру Україні, спокою і тиші!
Молять мами Бога,                 |
Щоб дітей їх не залишив!          | (2)

Мамина молитва
В світі найсильніша!
Молять мами Бога,
Щоб дітей їх залишив!
Миру Україні, спокою і тиші!
Молять мами Бога,                 |
Щоб дітей їх не залишив!          | (2)','["pisni.org.ua", "cat:ato", "cat:pro-ditey", "Пісні російсько-української війни та АТО", "Пісні про любов до дітей"]',1,'published',COALESCE((SELECT created_at FROM songs WHERE id='pisniua_2333212'), datetime('now')),datetime('now'));
INSERT OR REPLACE INTO songs_fts(song_id,title,lyrics) VALUES ('pisniua_2333212','Мамина молитва','Як же я молилася, дитино моя,
Сину єдиний, бажаний,
Щоб була щасливою доля твоя,
Щоб ти горе не зустрів так рано!..
Ну, а ти зустрів війну -
Подививсь їй в очі,
І тепер я не засну,
Не засну я до півночі,
Буду я молитися, просити Бога,    |
Щоб вернув тебе живого!           | (2)

Мамина молитва
В світі найсильніша!
Молить мама Бога,
Щоб він сина не залишив!
Миру Україні, спокою і тиші!
Молить мама Бога,                 |
Щоб він сина не залишив!          | (2)

Що ж тобі сказати,
Коли в наступ ідеш
Коли міцно тримаєш ти зброю -
Це твоя земля і кращої не знайдеш,
Ти - мій син і правда за тобою!
Побажаю я тобі слави, сили й волі,
України ви сини - Ви тепер герої!
Мами Богу моляться, молитва лине, |
Щоб вернулися живими!             | (2)

Мамина молитва
В світі найсильніша!
Молять мами Бога,
Щоб дітей їх залишив!
Миру Україні, спокою і тиші!
Молять мами Бога,                 |
Щоб дітей їх не залишив!          | (2)

Мамина молитва
В світі найсильніша!
Молять мами Бога,
Щоб дітей їх залишив!
Миру Україні, спокою і тиші!
Молять мами Бога,                 |
Щоб дітей їх не залишив!          | (2)');
INSERT OR REPLACE INTO song_links (id,song_id,title,url,kind,version_id,sort_order) VALUES ('pisniua_2333212_l1','pisniua_2333212','YouTube','https://www.youtube.com/watch?v=y2qEy5SRW2E','video',NULL,1);
INSERT OR REPLACE INTO songs (id,title,subtitle,lang,country,period,year,source,notes,lyrics,tags_json,lang_locked,status,created_at,updated_at) VALUES ('pisniua_233461','Ой чи є чи нема Пан Господар Дома','Українська народна пісня. Виконує: Тріо Либідь, Олександр Гаркавий','uk','ukraine_before_1917',NULL,NULL,'Староукраїнські релігійні роздуми про Бога © Видавництво "Павутинонька", Нью Йорк – Львів – Київ – Харків – Москва, 2004','Колядка стародавня: Українське Різдво Світа. Буде в Тебе Господь на Вечері. Ой там виxодило та Три Товариші. Радуйся Земле Коляда їде! Читати листки з приводу цієї Пісні: Ідея Бога на Свят-Вечер. День реліґійно-філософських роздумів на Астральні теми, Варвари 17.12. Українські релігійні роздуми про Бога: Яблучко. Стежки до інших листків про Українські традиції.','Ой чи є чи нема Пан Господар Дома

Приспів за зразком: Щедрий Вечір Добрий Вечір
Пан Господар Дома!

Ой нема ой нема десь поїxав до Млина
Тай Муки спетлювать Меду-Пива купувать
Меду-Пива купувать Щедрівників частувать','["pisni.org.ua", "cat:kolyadky", "cat:shchedrivky", "Колядки", "Щедрівки"]',1,'published',COALESCE((SELECT created_at FROM songs WHERE id='pisniua_233461'), datetime('now')),datetime('now'));
INSERT OR REPLACE INTO songs_fts(song_id,title,lyrics) VALUES ('pisniua_233461','Ой чи є чи нема Пан Господар Дома','Ой чи є чи нема Пан Господар Дома

Приспів за зразком: Щедрий Вечір Добрий Вечір
Пан Господар Дома!

Ой нема ой нема десь поїxав до Млина
Тай Муки спетлювать Меду-Пива купувать
Меду-Пива купувать Щедрівників частувать');
INSERT OR REPLACE INTO song_links (id,song_id,title,url,kind,version_id,sort_order) VALUES ('pisniua_233461_l1','pisniua_233461','YouTube','https://www.youtube.com/watch?v=wQrXybA2CoQ','video',NULL,1);
INSERT OR REPLACE INTO songs (id,title,subtitle,lang,country,period,year,source,notes,lyrics,tags_json,lang_locked,status,created_at,updated_at) VALUES ('pisniua_233515','Що в Батька Грицька тай Син Василько','Українська народна пісня','uk','ukraine_before_1917',NULL,NULL,'Староукраїнські релігійні роздуми про Бога © Видавництво "Павутинонька", Нью Йорк – Львів – Київ – Харків – Москва, 2004','Буду в січі жить Бога боронить — ця обітниця має на увазі мітичну чи історичну Січ? А може також: і в січі світу не по Правді, ― яка б вона не була, ― буду жити, Бога боронити! І оженюсь! ― І буде Син і буде Мати і будуть Люди на Землі:-) Буде в Тебе Господь на Вечері. Ой там виxодило та Три Товариші. Буде Тобі Три Дорозі. Буду в січі жить Бога боронить. Що в Батька Грицька тай Син Василько Хто ж нас поцілує в уста малинові. Чого Старий не женишся. Листки з приводу цієї Пісні: Ідея Бога на Свят-Вечер. День реліґійно-філософських роздумів на Астральні теми, Варвари 17.12. Українські релігійні роздуми про Бога. Традиції самогуртування: Cвятий Збір. Вістуни великого Свята, аскети, люди ідеї. Вилинули Соколи с Чужої Сторони: Алегорія неволі сокола. Рокове Коло. Стежки до листків про Українські традиції. Символіка Щедрого Вечера і Василя. Щедрий Вечер зачинається властиво під Новий Рік, 13-14 січня (7 днів наперед Богоявління — символ Місячний!), т. є. в вечер перед св. Василя. Це особливо улюблене Українське свято: мітичного Василя і Маланки, — є найщирішим шануванням Місяця з його женихальними мотивами (ними переповнені Щедрівки). Тоді мітичну постать Василя мішають часто з мітольоґійно-Місячною постаттю Іллї — Ілії, який є в Українського народу покровителем урожаїв збіжжя, особливо жита (сніп жита, дід Ілля, — в часі жнив, — це постава Місяця). Староукраїнські Колядки і Щедрівки: Святе Різдво (Свято Різдва Світа: Свят-Вечір – Коляда)... Щедрий Вечір (Свято Місяця й Прадіда: Новий Рік ― Святі Водорщі) ― Весілля: Дівич-Вечір... Великдень... Зелені Свята (Трійця) ― Царинні Містерії... Івана Купала... Астральні Жнива... Рокове Коло.','Що в Батька Грицька тай Син Василько

Приспів:
Грай Море грай !

Молодий Василько тай на Конику
А що в Василька Коник Вороний
Коник Вороний Жупан Червоний
Срібне Сідельце Золоте Стременце
Шапка Чорная Шабля Гострая

Він сів на Коня виїхав з Двора
Шапочку ізняв всім поклонився
Всім послав привіт ждіть через П''ять Літ
Буду в січі жить Бога боронить
А як повернусь може оженюсь
А як повернусь тоді оженюсь','["pisni.org.ua", "cat:manrivni", "cat:shchedrivky", "cat:vesilni", "Пісні на мандрівну тематику", "Щедрівки", "Весільні пісні"]',1,'published',COALESCE((SELECT created_at FROM songs WHERE id='pisniua_233515'), datetime('now')),datetime('now'));
INSERT OR REPLACE INTO songs_fts(song_id,title,lyrics) VALUES ('pisniua_233515','Що в Батька Грицька тай Син Василько','Що в Батька Грицька тай Син Василько

Приспів:
Грай Море грай !

Молодий Василько тай на Конику
А що в Василька Коник Вороний
Коник Вороний Жупан Червоний
Срібне Сідельце Золоте Стременце
Шапка Чорная Шабля Гострая

Він сів на Коня виїхав з Двора
Шапочку ізняв всім поклонився
Всім послав привіт ждіть через П''ять Літ
Буду в січі жить Бога боронить
А як повернусь може оженюсь
А як повернусь тоді оженюсь');
INSERT OR REPLACE INTO songs (id,title,subtitle,lang,country,period,year,source,notes,lyrics,tags_json,lang_locked,status,created_at,updated_at) VALUES ('pisniua_2333818','Різдвяне диво','Музика: Сергій Родько Слова: Алла Бінцаровська. Виконує: Гурт Струни Серця','uk','ukraine_1991',NULL,NULL,'аудіозапис',NULL,'В сяйві зір кришталевому, ніжному,
Поспішаючи в кожну оселю,
Принесе на крилі білосніжному
Добру казку різдвяний ангелик!
Світ засяє вогнями барвистими -
Це земля зустрічає Різдво,
Це стежиною світлою чистою
Йде велике святе торжество!

Приспів:
Нехай Різдвяне диво
Дарує мить щасливу
І серце щиру радість
Віднайде!
І, як у добрій казці,
Незнане тихе щастя
У кожен дім
Назавжди увійде!

За святковим столом зустрічається
Знову вся українська родина! -
Хай бажання і мрії збуваються
В день народження Божого Сина!
І, озвавшись різдвяною згадкою,
У душі залишаючи слід,
Лине пісня дзвінкою колядкою
І підспівує нам цілий світ!

Приспів. (2)

І, як у добрій казці,
Незнане тихе щастя
У кожен дім
Назавжди увійде!','["pisni.org.ua", "cat:new-year", "Пісні про Новий Рік"]',1,'published',COALESCE((SELECT created_at FROM songs WHERE id='pisniua_2333818'), datetime('now')),datetime('now'));
INSERT OR REPLACE INTO songs_fts(song_id,title,lyrics) VALUES ('pisniua_2333818','Різдвяне диво','В сяйві зір кришталевому, ніжному,
Поспішаючи в кожну оселю,
Принесе на крилі білосніжному
Добру казку різдвяний ангелик!
Світ засяє вогнями барвистими -
Це земля зустрічає Різдво,
Це стежиною світлою чистою
Йде велике святе торжество!

Приспів:
Нехай Різдвяне диво
Дарує мить щасливу
І серце щиру радість
Віднайде!
І, як у добрій казці,
Незнане тихе щастя
У кожен дім
Назавжди увійде!

За святковим столом зустрічається
Знову вся українська родина! -
Хай бажання і мрії збуваються
В день народження Божого Сина!
І, озвавшись різдвяною згадкою,
У душі залишаючи слід,
Лине пісня дзвінкою колядкою
І підспівує нам цілий світ!

Приспів. (2)

І, як у добрій казці,
Незнане тихе щастя
У кожен дім
Назавжди увійде!');
INSERT OR REPLACE INTO song_links (id,song_id,title,url,kind,version_id,sort_order) VALUES ('pisniua_2333818_l1','pisniua_2333818','YouTube','https://www.youtube.com/watch?v=pzFs7YCQrxY','video',NULL,1);
INSERT OR REPLACE INTO songs (id,title,subtitle,lang,country,period,year,source,notes,lyrics,tags_json,lang_locked,status,created_at,updated_at) VALUES ('pisniua_2335158','Добрим будь!','Музика: Наталія Май Слова: Наталія Май. Виконує: Наталія Май','uk','ukraine_1991',NULL,NULL,'аудіозапис',NULL,'Дощ умив усе довкола,
Полив квіти голубі,
Не жалій добра ніколи,
Все повернеться тобі!

Приспів:
Добрим будь! Добрим будь!
Вирушай з добром у путь!
Добрим будь! Добрим будь!
Посміхнутись не забудь!

А веселка кольорова
Засвітилась в небесах,
Не жалій добра ніколи,
Все повернеться в житті!

Приспів.

Не кажи лихого слова
І слабкого захисти!
Не жалій добра ніколи,
Все повернеться в житті!

Приспів.','["pisni.org.ua", "cat:philosophic", "Філософські пісні"]',1,'published',COALESCE((SELECT created_at FROM songs WHERE id='pisniua_2335158'), datetime('now')),datetime('now'));
INSERT OR REPLACE INTO songs_fts(song_id,title,lyrics) VALUES ('pisniua_2335158','Добрим будь!','Дощ умив усе довкола,
Полив квіти голубі,
Не жалій добра ніколи,
Все повернеться тобі!

Приспів:
Добрим будь! Добрим будь!
Вирушай з добром у путь!
Добрим будь! Добрим будь!
Посміхнутись не забудь!

А веселка кольорова
Засвітилась в небесах,
Не жалій добра ніколи,
Все повернеться в житті!

Приспів.

Не кажи лихого слова
І слабкого захисти!
Не жалій добра ніколи,
Все повернеться в житті!

Приспів.');
INSERT OR REPLACE INTO songs (id,title,subtitle,lang,country,period,year,source,notes,lyrics,tags_json,lang_locked,status,created_at,updated_at) VALUES ('pisniua_2335175','Подарунок','Музика: Анна Олєйнікова Слова: Анна Олєйнікова','uk','ukraine_1991',NULL,NULL,'аудіозапис',NULL,'У моєї однокласниці
День народження,
Завтра хочу її привітать,
Та біда, що не знаю я,
Що б такого їй подарувать...
Я би міг складну задачу
Замість неї розв''язати,
Тільки, знаю, не захоче
Подарунок, подарунок,
Подарунок цей прийнять.

У моєї однокласниці
День народження,
Завтра будуть всі її вітать,
То, напевне, повинен я
Щось від себе їй подарувать?..
Я б зірвав для неї квітку,
Гарну квітку, краще - три,
Тільки, знаю, нагадає,
Що природу, що природу
Нам потрібно берегти.

У моєї однокласниці
День народження,
Завтра в класі будуть всі вітать.
Зрозуміло, хотів би я
Щось від себе їй подарувать.
Я зловив би їй синицю,
А в придачу журавля,
Подаруй хоч райську птицю -
Знов відпустить її в небо
На свободу знаю я.

Речитатив:
Я б дістав їй з неба зірку,
Здивував би цим усіх,
Вона скаже, я романтик,
А їй зірка ні до чого,
Ні до чого, просто сміх.

У моєї однокласниці
День народження,
Завтра буду я її вітать,
Тільки й досі не знаю я,     |
Що б такого їй подарувать?.. | (2)','["pisni.org.ua", "cat:druzhba", "Пісні про дружбу"]',1,'published',COALESCE((SELECT created_at FROM songs WHERE id='pisniua_2335175'), datetime('now')),datetime('now'));
INSERT OR REPLACE INTO songs_fts(song_id,title,lyrics) VALUES ('pisniua_2335175','Подарунок','У моєї однокласниці
День народження,
Завтра хочу її привітать,
Та біда, що не знаю я,
Що б такого їй подарувать...
Я би міг складну задачу
Замість неї розв''язати,
Тільки, знаю, не захоче
Подарунок, подарунок,
Подарунок цей прийнять.

У моєї однокласниці
День народження,
Завтра будуть всі її вітать,
То, напевне, повинен я
Щось від себе їй подарувать?..
Я б зірвав для неї квітку,
Гарну квітку, краще - три,
Тільки, знаю, нагадає,
Що природу, що природу
Нам потрібно берегти.

У моєї однокласниці
День народження,
Завтра в класі будуть всі вітать.
Зрозуміло, хотів би я
Щось від себе їй подарувать.
Я зловив би їй синицю,
А в придачу журавля,
Подаруй хоч райську птицю -
Знов відпустить її в небо
На свободу знаю я.

Речитатив:
Я б дістав їй з неба зірку,
Здивував би цим усіх,
Вона скаже, я романтик,
А їй зірка ні до чого,
Ні до чого, просто сміх.

У моєї однокласниці
День народження,
Завтра буду я її вітать,
Тільки й досі не знаю я,     |
Що б такого їй подарувать?.. | (2)');
INSERT OR REPLACE INTO songs (id,title,subtitle,lang,country,period,year,source,notes,lyrics,tags_json,lang_locked,status,created_at,updated_at) VALUES ('pisniua_2335313','Пісня про Чорнобиль','Музика: Наталія Май Слова: Наталія Май. Виконує: Наталія Май','uk','ukraine_1991',NULL,NULL,'аудіозапис',NULL,'Чорнобилем постукала у вікна
Лиха біда - й заплакала земля,
І цілий світ у розпачі затихнув
Й лелека в чорнім небі закружляв...
І посивіла ненька Україна,
У пекло посилаючи синів,
Секунди рахувала, як години,
Сльозами постарілих матерів...

Приспів:
Біда, біда, безжалісна й невтішна,
Для українських дочок і синів...
Біда, біда, скажи, чому й навіщо
Господь від лиха нас не захистив?..

І смертю дихав знавіснілий вітер,
І сонця промінь заблукав в пітьмі,
І хворими народжувались діти,
І віру так боялись втратить ми...
І посивіла ненька Україна,
У пекло посилаючи синів,
Секунди рахувала, як години,
Сльозами постарілих матерів...

Приспів.

Речитатив:
Земля моя, я знаю - все здолаєм!
Я сумніву не маю ні на мить!
Бо тільки той, хто віри не втрачає,
Усі нещастя зможе пережить!

Приспів.

Господь від лиха нас не захистив...','["pisni.org.ua", "cat:devoted", "Пісні присвячені окремим особам"]',1,'published',COALESCE((SELECT created_at FROM songs WHERE id='pisniua_2335313'), datetime('now')),datetime('now'));
INSERT OR REPLACE INTO songs_fts(song_id,title,lyrics) VALUES ('pisniua_2335313','Пісня про Чорнобиль','Чорнобилем постукала у вікна
Лиха біда - й заплакала земля,
І цілий світ у розпачі затихнув
Й лелека в чорнім небі закружляв...
І посивіла ненька Україна,
У пекло посилаючи синів,
Секунди рахувала, як години,
Сльозами постарілих матерів...

Приспів:
Біда, біда, безжалісна й невтішна,
Для українських дочок і синів...
Біда, біда, скажи, чому й навіщо
Господь від лиха нас не захистив?..

І смертю дихав знавіснілий вітер,
І сонця промінь заблукав в пітьмі,
І хворими народжувались діти,
І віру так боялись втратить ми...
І посивіла ненька Україна,
У пекло посилаючи синів,
Секунди рахувала, як години,
Сльозами постарілих матерів...

Приспів.

Речитатив:
Земля моя, я знаю - все здолаєм!
Я сумніву не маю ні на мить!
Бо тільки той, хто віри не втрачає,
Усі нещастя зможе пережить!

Приспів.

Господь від лиха нас не захистив...');
INSERT OR REPLACE INTO song_links (id,song_id,title,url,kind,version_id,sort_order) VALUES ('pisniua_2335313_l1','pisniua_2335313','YouTube','https://www.youtube.com/watch?v=YTkDJUpzE7M','video',NULL,1);
INSERT OR REPLACE INTO song_links (id,song_id,title,url,kind,version_id,sort_order) VALUES ('pisniua_2335313_l2','pisniua_2335313','YouTube','https://www.youtube.com/watch?v=CwWcP-krL-8','video',NULL,2);
INSERT OR REPLACE INTO songs (id,title,subtitle,lang,country,period,year,source,notes,lyrics,tags_json,lang_locked,status,created_at,updated_at) VALUES ('pisniua_2333767','Біло-біло навкруги',NULL,'uk','ukraine_1991',NULL,NULL,'аудіозапис',NULL,'Біло-біло все навкруг,
Засинає ліс і луг,
І радіє вся земля,
Що прийшла зими пора!
Весело тепер усім,
Скоро свято прийде в дім!
Ми зустрінем Новий рік,
Що несе нам радість й сміх!

Приспів:
Зимонька вітає нас,          |
Їй радіє весь наш клас!      |
Тільки вийдеш на поріг -     |
Скрізь іскриться білий сніг! | (2)

Закружляєм у танку,
Втнемо пісню гомінку,
Бо в цю пору повсякчас
Новорічне свято в нас!
Наступив веселий час,
Бо прийшла зима до нас,
Біло-біло-голуба
Веселунка снігова!

Приспів.','["pisni.org.ua", "cat:new-year", "Пісні про Новий Рік"]',1,'published',COALESCE((SELECT created_at FROM songs WHERE id='pisniua_2333767'), datetime('now')),datetime('now'));
INSERT OR REPLACE INTO songs_fts(song_id,title,lyrics) VALUES ('pisniua_2333767','Біло-біло навкруги','Біло-біло все навкруг,
Засинає ліс і луг,
І радіє вся земля,
Що прийшла зими пора!
Весело тепер усім,
Скоро свято прийде в дім!
Ми зустрінем Новий рік,
Що несе нам радість й сміх!

Приспів:
Зимонька вітає нас,          |
Їй радіє весь наш клас!      |
Тільки вийдеш на поріг -     |
Скрізь іскриться білий сніг! | (2)

Закружляєм у танку,
Втнемо пісню гомінку,
Бо в цю пору повсякчас
Новорічне свято в нас!
Наступив веселий час,
Бо прийшла зима до нас,
Біло-біло-голуба
Веселунка снігова!

Приспів.');
INSERT OR REPLACE INTO song_links (id,song_id,title,url,kind,version_id,sort_order) VALUES ('pisniua_2333767_l1','pisniua_2333767','YouTube','https://www.youtube.com/watch?v=SYolD57aGLI','video',NULL,1);
INSERT OR REPLACE INTO songs (id,title,subtitle,lang,country,period,year,source,notes,lyrics,tags_json,lang_locked,status,created_at,updated_at) VALUES ('pisniua_2335267','Море','Музика: Зоя Красуляк Слова: Зоя Красуляк','uk','ukraine_1991',NULL,NULL,'аудіозапис',NULL,'Море казкове, море зелене,
Хвилі шепочуть про щось біля мене,
Я так дружити з морем люблю,
Воно нам розказує казку свою!

Приспів:
Є на морі стежка в срібному піску,
Ходить там русалка в золотім вінку,
Весело моргає місяць молодий,
Не пускає танцювати батько водяний.

Море давно подружилося з небом,
Тут сумувати нікому не треба,
Хвилі тихенько біжать на пісок,
Море розказує казку казок!

Приспів.

Море казкове, море зелене,
Хвилі шепочуть про щось біля мене,
Я так дружити з морем люблю,
Воно нам розказує казку свою!

Приспів. (2)','["pisni.org.ua", "cat:krasa-pryrody", "Пісні про красу природи"]',1,'published',COALESCE((SELECT created_at FROM songs WHERE id='pisniua_2335267'), datetime('now')),datetime('now'));
INSERT OR REPLACE INTO songs_fts(song_id,title,lyrics) VALUES ('pisniua_2335267','Море','Море казкове, море зелене,
Хвилі шепочуть про щось біля мене,
Я так дружити з морем люблю,
Воно нам розказує казку свою!

Приспів:
Є на морі стежка в срібному піску,
Ходить там русалка в золотім вінку,
Весело моргає місяць молодий,
Не пускає танцювати батько водяний.

Море давно подружилося з небом,
Тут сумувати нікому не треба,
Хвилі тихенько біжать на пісок,
Море розказує казку казок!

Приспів.

Море казкове, море зелене,
Хвилі шепочуть про щось біля мене,
Я так дружити з морем люблю,
Воно нам розказує казку свою!

Приспів. (2)');
INSERT OR REPLACE INTO songs (id,title,subtitle,lang,country,period,year,source,notes,lyrics,tags_json,lang_locked,status,created_at,updated_at) VALUES ('pisniua_2336165','Пісня про Миколая','Музика: Леся Горова Слова: Леся Горова','uk','ukraine_1991',NULL,NULL,'аудіозапис',NULL,'Тиха ніч надворі білим снігом засипана,
Зорі сплять, небо спить,
Гріється в теплому сні,
Але хто, хто це там по дворі ще ходить,
Із мішком у руках хто сміється у вікні?

Приспів:
Це святий Миколай
Всім дарунки розносить,
Хоче за ніч обійти всіх людей,
В кожную хату радість приносить,
Звеселяє наших дітей. | (2)

Крізь вікно загляда він у кожну надію,
У містах і у селах
В найменший провулок зайде.
Хоч малі очки сплять та вирують мрії,
Він за мить їх здійснить,
Під подушку покладе.

Приспів.

Хай в цей день на землі
Оживе добра казка.
Хай щасливим і здоровим
Прокинеться кожне дитя.
І на всі маленькі душі
Зійде Божа ласка,
І в цю мить, і в цей час,
І на все, на все життя.

Приспів.','["pisni.org.ua", "cat:svyatyy-mykolay", "Пісні про Святого Миколая"]',1,'published',COALESCE((SELECT created_at FROM songs WHERE id='pisniua_2336165'), datetime('now')),datetime('now'));
INSERT OR REPLACE INTO songs_fts(song_id,title,lyrics) VALUES ('pisniua_2336165','Пісня про Миколая','Тиха ніч надворі білим снігом засипана,
Зорі сплять, небо спить,
Гріється в теплому сні,
Але хто, хто це там по дворі ще ходить,
Із мішком у руках хто сміється у вікні?

Приспів:
Це святий Миколай
Всім дарунки розносить,
Хоче за ніч обійти всіх людей,
В кожную хату радість приносить,
Звеселяє наших дітей. | (2)

Крізь вікно загляда він у кожну надію,
У містах і у селах
В найменший провулок зайде.
Хоч малі очки сплять та вирують мрії,
Він за мить їх здійснить,
Під подушку покладе.

Приспів.

Хай в цей день на землі
Оживе добра казка.
Хай щасливим і здоровим
Прокинеться кожне дитя.
І на всі маленькі душі
Зійде Божа ласка,
І в цю мить, і в цей час,
І на все, на все життя.

Приспів.');
INSERT OR REPLACE INTO song_links (id,song_id,title,url,kind,version_id,sort_order) VALUES ('pisniua_2336165_l1','pisniua_2336165','YouTube','https://www.youtube.com/watch?v=u82v7_gddxI','video',NULL,1);
INSERT OR REPLACE INTO songs (id,title,subtitle,lang,country,period,year,source,notes,lyrics,tags_json,lang_locked,status,created_at,updated_at) VALUES ('pisniua_233697','А в Соколонька я Двір в Острозі','Українська народна пісня','uk','ukraine_before_1917',NULL,NULL,'Староукраїнські релігійні роздуми про Бога © Видавництво "Павутинонька", Нью Йорк – Львів – Київ – Харків – Москва, 2004','Колядка стародавня: Українське Різдво Світа. Ой дамож Тобі Три Селі Славні. Пракультурні зразки. Колядка - Гей понад Лужок оре там Плужок - мусить бути дуже старинна, бо хоч у першій частині очевидна вища рільнича культура, але злучено з нею Місячно-мітольоґічну символіку: Воли своїми Рогами (ще й Золотими) є символами Місяця; Чотири Воли є мабуть символами чотирьох Місячних фаз. А конець Колядки дуже близький до пракультури, бо Сокіл є також фіґурою Місячною, але образець про клеєння постріту (цебто усього стрілецького оружжя, лука і стріл) і про попюрування стріл належить хіба до чисто пракультурних. Серед таких обрамовань мусимо і образці Молодецьких і Дівоцьких, окремих, робітничих гуртків вважати за дуже старинні. Прадідна доба. Ідеальні Села. Статеві громади. Анальоґічна наступна Колядка — класична Українською збірною Місячною символікою і характеристикою Прадідної доби: А в Ліску в Ліску на Жовтім Піску. Що в Староукраїнців був фактично поділ дозрілої молоді громадами за статями, свідчать дані про це, що коли в наслідок такого поділу оставалися старші люди і родини з дітворою, та вони творили окреме зборище. Про те співають Колядки і Щедрівки. Такий поділ громадян на три ґрупи був задержуваний постійно і до нього застосовувано громадські і господарські справи. Подаємо понижче Колядки про Жнива, при котрих брано цей поділ під увагу; а дальше Колядкові й Щедрівкові згадки про формальні села, громади — окремо Старих людей, окремо Хлопців, і окремо Дівчат. В цій Колядці (початок без Місячного образця Прадерева, — конець майже тотожний, як під IX) співають: X. Зберемо Женці Ґречні Панянки А Носілочки Молоді Хлопці А Кладільнички Старії Люди.................................... Відміна до цієї Колядки така:................................. Зберемо Женці Дівки Панянки А Носільнички Хлопці Молодці А Вязальники Середні Люди А Пораднички Старії Люди Та хоч тут названо чотири суспільні ґрупи, але очевидна річ, що дві перші — це статеві ґрупи, а дві другі — це розділена громада Старших людей, тільки для того, що Старці не годні працювати; зате вони радять — повчають, що слід робити. Вдаряючий доказ Староукраїнського поділу суспільности на дві статеві громади Молоді і третю Старих людей дають Колядки і Щедрівки, зложені саме на цю тему: Ой Садом Садом тай Виноградом. Щедрівка оця має моральні побудки. Бурлаки-Молодці бачать самі своє змарноване через волокитство життя і просять ідеального Господаря, щоб їм поміг вийти з невідрадного положення. Ідеалом їх є згадані Три Села, до котрих вони могли би пристати, принагідно поженитися, а відтак Господареві відвдячитися. Такі ідеальні Села мусіли бути дуже давно на Україні. Одна Щедрівка ставляє їх у цілком мітичні часи: А в Соколонька я Двір в Острозі. Крім мітольоґійної обстанови (Рай-Дерево; Сокіл з чорними оченьками і бровами — символ Місяця в часі темряви Новю, Молодець-Стрілець, з луком, — як Новий Місяць; женихальна дія в зароді) зарисовуються виразно реальні життєві образці: Перший городок — Господарський, де можна коня дібрати, Другий — Молодецький, де можна Весільних бояр замовити, а Третій городок — Дівоцький, з якого можна Подругу вибрати. Дуже важна характеристика Третього городка: у нім живуть Дівчата не для іграшки мужеської, але з нього беруть Подругу, щоб з нею жити. Листки з приводу цієї Пісні: Cвятий Збір, 8 січня: Прадідна доба. Ідеальні Села. Статеві громади. Бог, Різдво Світа, Дідух і Лицарі. Стежки до листків про Українські традиції.','А в Соколонька я Двір в Острозі

Приспів:
Соколе! Я в Соколонька
Чорні оченька і брови!

А в тім Острозі Зелений Явір
А в тім Яворі Сильне Гнізденько
А в тім Гнізденьку Сив Сокіл сидить
Сив Сокіл сидить жалібно квилить
Туда ми лежить з Давна Стеженька

Надійшов нею Красний Молодець
Красний Молодець Премудрий Стрілєць
Лук натягає Сокола стріляє
А Він ся в Нього хороше просить

Не стріляй мене Красний Молодче
Красний Молодче Премудрий Стрільче!
Я Тобі стану я в Пригодонці

Загану Тобі Три Загадонці
Три Загадонці Три Городеньки
В Першім городци Коні сідлати
В Другім городци Бояри брати
В Третім городци собі Панну взяти
Собі Панну взяти із Нею жити','["pisni.org.ua", "cat:shchedrivky", "Щедрівки"]',1,'published',COALESCE((SELECT created_at FROM songs WHERE id='pisniua_233697'), datetime('now')),datetime('now'));
INSERT OR REPLACE INTO songs_fts(song_id,title,lyrics) VALUES ('pisniua_233697','А в Соколонька я Двір в Острозі','А в Соколонька я Двір в Острозі

Приспів:
Соколе! Я в Соколонька
Чорні оченька і брови!

А в тім Острозі Зелений Явір
А в тім Яворі Сильне Гнізденько
А в тім Гнізденьку Сив Сокіл сидить
Сив Сокіл сидить жалібно квилить
Туда ми лежить з Давна Стеженька

Надійшов нею Красний Молодець
Красний Молодець Премудрий Стрілєць
Лук натягає Сокола стріляє
А Він ся в Нього хороше просить

Не стріляй мене Красний Молодче
Красний Молодче Премудрий Стрільче!
Я Тобі стану я в Пригодонці

Загану Тобі Три Загадонці
Три Загадонці Три Городеньки
В Першім городци Коні сідлати
В Другім городци Бояри брати
В Третім городци собі Панну взяти
Собі Панну взяти із Нею жити');
INSERT OR REPLACE INTO songs (id,title,subtitle,lang,country,period,year,source,notes,lyrics,tags_json,lang_locked,status,created_at,updated_at) VALUES ('pisniua_233675','А в Ліску в Ліску на Жовтім Піску','Українська народна пісня','uk','ukraine_before_1917',NULL,NULL,'Староукраїнські релігійні роздуми про Бога © Видавництво "Павутинонька", Нью Йорк – Львів – Київ – Харків – Москва, 2004','Колядка стародавня: Українське Різдво Світа. Можна співати, як відміну: Росте Деревко Тонке й Високе. В Чистому Полі Сам Плужок ходить. А всі Святії за Погоничів за Посівачів. Пракультурні зразки. Колядка - Гей понад Лужок оре там Плужок - мусить бути дуже старинна, бо хоч у першій частині очевидна вища рільнича культура, але злучено з нею Місячно-мітольоґічну символіку: Воли своїми Рогами (ще й Золотими) є символами Місяця; Чотири Воли є мабуть символами чотирьох Місячних фаз. А конець Колядки дуже близький до пракультури, бо Сокіл є також фіґурою Місячною, але образець про клеєння постріту (цебто усього стрілецького оружжя, лука і стріл) і про попюрування стріл належить хіба до чисто пракультурних. Серед таких обрамовань мусимо і образці Молодецьких і Дівоцьких, окремих, робітничих гуртків вважати за дуже старинні. Прадідна доба. Ідеальні Села. Статеві громади. Анальоґічна наступна Колядка — класична Українською збірною Місячною символікою і характеристикою Прадідної доби: А в Ліску в Ліску на Жовтім Піску. Що в Староукраїнців був фактично поділ дозрілої молоді громадами за статями, свідчать дані про це, що коли в наслідок такого поділу оставалися старші люди і родини з дітворою, та вони творили окреме зборище. Про те співають Колядки і Щедрівки. Такий поділ громадян на три ґрупи був задержуваний постійно і до нього застосовувано громадські і господарські справи. Подаємо понижче Колядки про Жнива, при котрих брано цей поділ під увагу; а дальше Колядкові й Щедрівкові згадки про формальні села, громади — окремо Старих людей, окремо Хлопців, і окремо Дівчат. В цій Колядці (початок без Місячного образця Прадерева, — конець майже тотожний, як під IX) співають: X. Зберемо Женці Ґречні Панянки А Носілочки Молоді Хлопці А Кладільнички Старії Люди.................................... Відміна до цієї Колядки така:................................. Зберемо Женці Дівки Панянки А Носільнички Хлопці Молодці А Вязальники Середні Люди А Пораднички Старії Люди Та хоч тут названо чотири суспільні ґрупи, але очевидна річ, що дві перші — це статеві ґрупи, а дві другі — це розділена громада Старших людей, тільки для того, що Старці не годні працювати; зате вони радять — повчають, що слід робити. Вдаряючий доказ Староукраїнського поділу суспільности на дві статеві громади Молоді і третю Старих людей дають Колядки і Щедрівки, зложені саме на цю тему: Ой Садом Садом тай Виноградом. Щедрівка оця має моральні побудки. Бурлаки-Молодці бачать самі своє змарноване через волокитство життя і просять ідеального Господаря, щоб їм поміг вийти з невідрадного положення. Ідеалом їх є згадані Три Села, до котрих вони могли би пристати, принагідно поженитися, а відтак Господареві відвдячитися. Такі ідеальні Села мусіли бути дуже давно на Україні. Одна Щедрівка ставляє їх у цілком мітичні часи: А в Соколонька я Двір в Острозі. Крім мітольоґійної обстанови (Рай-Дерево; Сокіл з чорними оченьками і бровами — символ Місяця в часі темряви Новю, Молодець-Стрілець, з луком, — як Новий Місяць; женихальна дія в зароді) зарисовуються виразно реальні життєві образці: Перший городок — Господарський, де можна коня дібрати, Другий — Молодецький, де можна Весільних бояр замовити, а Третій городок — Дівоцький, з якого можна Подругу вибрати. Дуже важна характеристика Третього городка: у нім живуть Дівчата не для іграшки мужеської, але з нього беруть Подругу, щоб з нею жити. Читати листки з приводу цієї Пісні: Cвятий Збір, 8 січня: Прадідна доба. Ідеальні Села. Статеві громади. Бог, Різдво Світа, Дідух і Лицарі. Стежки до листків про Українські традиції.','А в Ліску в Ліску на Жовтім Піску
Росте Деревце Тонке Високе
Високе Тонке в Корінь Глубоке
В Корінь Глубоке в Верху Кудряве
На тім Кудрявци Сив Сокіл сидить
Сив Сокіл сидить з Крута ся дивить
Ой видить же він на Чисте Поле

На Чистім Поли сам Плужок оре
Ой за тим Плужком сам Господь ходить
Святий Николай Волики гонить
Свята Пречиста їсточки носить
Ой носить-носить тай Бога просить
Ой оріть Синки та Довгі Нивки
Мемо сіяти Жито-Пшеницю
Жито-Пшеницю всяку пашницю

Скличемо Женців Сімсот Молодців
Да Вязальничок Сімсот Дівочок
Ой звеземо ж ми на Край Дуная
Складемо же ми в Велику Стирту
Тай завершимо Сивим Соколом','["pisni.org.ua", "cat:kolyadky", "cat:shchedrivky", "Колядки", "Щедрівки"]',1,'published',COALESCE((SELECT created_at FROM songs WHERE id='pisniua_233675'), datetime('now')),datetime('now'));
INSERT OR REPLACE INTO songs_fts(song_id,title,lyrics) VALUES ('pisniua_233675','А в Ліску в Ліску на Жовтім Піску','А в Ліску в Ліску на Жовтім Піску
Росте Деревце Тонке Високе
Високе Тонке в Корінь Глубоке
В Корінь Глубоке в Верху Кудряве
На тім Кудрявци Сив Сокіл сидить
Сив Сокіл сидить з Крута ся дивить
Ой видить же він на Чисте Поле

На Чистім Поли сам Плужок оре
Ой за тим Плужком сам Господь ходить
Святий Николай Волики гонить
Свята Пречиста їсточки носить
Ой носить-носить тай Бога просить
Ой оріть Синки та Довгі Нивки
Мемо сіяти Жито-Пшеницю
Жито-Пшеницю всяку пашницю

Скличемо Женців Сімсот Молодців
Да Вязальничок Сімсот Дівочок
Ой звеземо ж ми на Край Дуная
Складемо же ми в Велику Стирту
Тай завершимо Сивим Соколом');
INSERT OR REPLACE INTO song_links (id,song_id,title,url,kind,version_id,sort_order) VALUES ('pisniua_233675_l1','pisniua_233675','Переглянути варіанти >>','https://www.pisni.org.ua/#variants','external',NULL,1);
INSERT OR REPLACE INTO songs (id,title,subtitle,lang,country,period,year,source,notes,lyrics,tags_json,lang_locked,status,created_at,updated_at) VALUES ('pisniua_2335410','Найкращі в світі','Музика: Наталія Май Слова: Наталія Май','uk','ukraine_1991',NULL,NULL,'аудіозапис',NULL,'Хто сказав, що наші мами
Серцем постаріли?
Хто сказав, що наші мами
Зовсім зажурились?
Оберніться, подивіться,
Ніде правди діти:
Наші мами, наші мами,
Як в садочку квіти!

Хай лунає пісня ця між нами! |
Хай всі знають -             |
В нас найкращі в світі мами! | (2)

Час летить, і непомітно
Діти виростають.
Час летить, і пташенята
Крила підіймають.
Очі мами слід за вами
Долами й стежками,
Буде завжди поряд з вами
Рідне серце мами!

Хай лунає пісня ця по світу! |
Хай всі знають -             |
В нас найкращі в світі діти! | (2)

Речитатив:
Любі наші неньки,
Ви найкращі в світі!
Хай для вас, рідненькі,
З неба сонце світить!
Хай надія й віра оживає знову!
Ми бажаєм щиро радості й любові!

Хай лунає пісня ця між нами!
Хай всі знають -
В нас найкращі в світі мами!
Хай лунає пісня ця по світу!
Хай всі знають -
В нас найкращі в світі діти!','["pisni.org.ua", "cat:dytyachi", "cat:pro-batkiv", "cat:pro-ditey", "Дитячі пісні", "Пісні про любов до батьків", "Пісні про любов до дітей"]',1,'published',COALESCE((SELECT created_at FROM songs WHERE id='pisniua_2335410'), datetime('now')),datetime('now'));
INSERT OR REPLACE INTO songs_fts(song_id,title,lyrics) VALUES ('pisniua_2335410','Найкращі в світі','Хто сказав, що наші мами
Серцем постаріли?
Хто сказав, що наші мами
Зовсім зажурились?
Оберніться, подивіться,
Ніде правди діти:
Наші мами, наші мами,
Як в садочку квіти!

Хай лунає пісня ця між нами! |
Хай всі знають -             |
В нас найкращі в світі мами! | (2)

Час летить, і непомітно
Діти виростають.
Час летить, і пташенята
Крила підіймають.
Очі мами слід за вами
Долами й стежками,
Буде завжди поряд з вами
Рідне серце мами!

Хай лунає пісня ця по світу! |
Хай всі знають -             |
В нас найкращі в світі діти! | (2)

Речитатив:
Любі наші неньки,
Ви найкращі в світі!
Хай для вас, рідненькі,
З неба сонце світить!
Хай надія й віра оживає знову!
Ми бажаєм щиро радості й любові!

Хай лунає пісня ця між нами!
Хай всі знають -
В нас найкращі в світі мами!
Хай лунає пісня ця по світу!
Хай всі знають -
В нас найкращі в світі діти!');
INSERT OR REPLACE INTO song_links (id,song_id,title,url,kind,version_id,sort_order) VALUES ('pisniua_2335410_l1','pisniua_2335410','YouTube','https://www.youtube.com/watch?v=xw5mciy6LM4','video',NULL,1);
INSERT OR REPLACE INTO songs (id,title,subtitle,lang,country,period,year,source,notes,lyrics,tags_json,lang_locked,status,created_at,updated_at) VALUES ('pisniua_23354','Зелений дубочку','Українська народна пісня. Виконує: Не журись!','uk','ukrainian_peoples_republic_1917_1921',NULL,NULL,NULL,NULL,'Зелений дубочку, чого похилився?
Стрільчику січовий, чого зажурився?    | (2)

Стрільчику січовий, чого зажурився?
Чи коні пристали, чи з дороги збився?  | (2)

Коні не пристали, з дороги не збився.
Без щастя, без долі на світ народився. | (2)

Зелений дубочку, чого похилився?
Стрільчику січовий, чого зажурився?    | (2)','["pisni.org.ua", "cat:strilecki", "Стрілецькі пісні"]',1,'published',COALESCE((SELECT created_at FROM songs WHERE id='pisniua_23354'), datetime('now')),datetime('now'));
INSERT OR REPLACE INTO songs_fts(song_id,title,lyrics) VALUES ('pisniua_23354','Зелений дубочку','Зелений дубочку, чого похилився?
Стрільчику січовий, чого зажурився?    | (2)

Стрільчику січовий, чого зажурився?
Чи коні пристали, чи з дороги збився?  | (2)

Коні не пристали, з дороги не збився.
Без щастя, без долі на світ народився. | (2)

Зелений дубочку, чого похилився?
Стрільчику січовий, чого зажурився?    | (2)');
INSERT OR REPLACE INTO song_links (id,song_id,title,url,kind,version_id,sort_order) VALUES ('pisniua_23354_l1','pisniua_23354','YouTube','https://www.youtube.com/watch?v=5BYlLhE3Wjo','video',NULL,1);
INSERT OR REPLACE INTO song_links (id,song_id,title,url,kind,version_id,sort_order) VALUES ('pisniua_23354_l2','pisniua_23354','YouTube','https://www.youtube.com/watch?v=6DgfRQABMBs','video',NULL,2);
INSERT OR REPLACE INTO song_links (id,song_id,title,url,kind,version_id,sort_order) VALUES ('pisniua_23354_l3','pisniua_23354','YouTube','https://www.youtube.com/watch?v=Ryc2UuGbK3o','video',NULL,3);
INSERT OR REPLACE INTO songs (id,title,subtitle,lang,country,period,year,source,notes,lyrics,tags_json,lang_locked,status,created_at,updated_at) VALUES ('pisniua_233653','Ой у Полі Два Дубки','Українська народна пісня. Виконує: Укр. Дитячий Хор з Одеси','uk','ukraine_before_1917',NULL,NULL,'Староукраїнські релігійні роздуми про Бога © Видавництво "Павутинонька", Нью Йорк – Львів – Київ – Харків – Москва, 2004','Пара — любощі: Ягідки. Астральні Заручини — Українське містичне Весілля: Різдво Світа / Купала. Івана Купала тай в Воду упала. Листки з приводу цієї Пісні: Cвятий Збір, 8 січня: Говорячи все за Дівочки. Стежки до листків про Українські традиції.','Ой у Полі Два Дубки     | (2)

Приспів за зразком:
Січи-рубай Дерево
Куди глянеш зелено Два Дубки

Там стояли Парубки говорили про Дівки
Там Іванко там Іванко Парубок
вийшов з Лісу до Дівок
Взяв Гануню  взяв Гануню за ручку
тай повів Ї по Ліску
Їж Гануню Ягідки        | (2)
Звінчаймося до Купки    | (2)','["pisni.org.ua", "cat:kupalski", "Купальські пісні"]',1,'published',COALESCE((SELECT created_at FROM songs WHERE id='pisniua_233653'), datetime('now')),datetime('now'));
INSERT OR REPLACE INTO songs_fts(song_id,title,lyrics) VALUES ('pisniua_233653','Ой у Полі Два Дубки','Ой у Полі Два Дубки     | (2)

Приспів за зразком:
Січи-рубай Дерево
Куди глянеш зелено Два Дубки

Там стояли Парубки говорили про Дівки
Там Іванко там Іванко Парубок
вийшов з Лісу до Дівок
Взяв Гануню  взяв Гануню за ручку
тай повів Ї по Ліску
Їж Гануню Ягідки        | (2)
Звінчаймося до Купки    | (2)');
INSERT OR REPLACE INTO song_links (id,song_id,title,url,kind,version_id,sort_order) VALUES ('pisniua_233653_l1','pisniua_233653','YouTube','https://www.youtube.com/watch?v=yH3QHqkPHH0','video',NULL,1);
INSERT OR REPLACE INTO songs (id,title,subtitle,lang,country,period,year,source,notes,lyrics,tags_json,lang_locked,status,created_at,updated_at) VALUES ('pisniua_2336212','Нашим Героям','Музика: Леся Горова Слова: Леся Горова. Виконує: Леся Горова','uk','ukraine_1991',NULL,NULL,'аудіозапис',NULL,'Обірвалося життя, обірвалося умить -
Вже душа у небо летить...
Молоді і повні сил полягали до могил
Замість того, щоб далі жить...

Приспів:
Вони прилетять
Ангелами з небес...
Вони прилетять,
Щоб захистити нас...
А ми ніколи не забудем
Тих кривавих днів,
України втрачених синів!..
А ми ніколи не забудем
Тих гірких смертей,
України втрачених дітей!..

Вибрав Бог саме їх з-поміж інших усіх
І забрав в обійми свої...
Полягти у бою за вітчизну свою -
Це найбільша честь на землі!..

Приспів.

Щоб не марно пролилась
Молода їхня кров, -
Об''єднаймо наші серця!
Через гнів, через страх,
Через біль у очах
Треба далі йти до кінця!

Приспів.','["pisni.org.ua", "cat:devoted", "Пісні присвячені окремим особам"]',1,'published',COALESCE((SELECT created_at FROM songs WHERE id='pisniua_2336212'), datetime('now')),datetime('now'));
INSERT OR REPLACE INTO songs_fts(song_id,title,lyrics) VALUES ('pisniua_2336212','Нашим Героям','Обірвалося життя, обірвалося умить -
Вже душа у небо летить...
Молоді і повні сил полягали до могил
Замість того, щоб далі жить...

Приспів:
Вони прилетять
Ангелами з небес...
Вони прилетять,
Щоб захистити нас...
А ми ніколи не забудем
Тих кривавих днів,
України втрачених синів!..
А ми ніколи не забудем
Тих гірких смертей,
України втрачених дітей!..

Вибрав Бог саме їх з-поміж інших усіх
І забрав в обійми свої...
Полягти у бою за вітчизну свою -
Це найбільша честь на землі!..

Приспів.

Щоб не марно пролилась
Молода їхня кров, -
Об''єднаймо наші серця!
Через гнів, через страх,
Через біль у очах
Треба далі йти до кінця!

Приспів.');
INSERT OR REPLACE INTO song_links (id,song_id,title,url,kind,version_id,sort_order) VALUES ('pisniua_2336212_l1','pisniua_2336212','YouTube','https://www.youtube.com/watch?v=G6cNThySzmE','video',NULL,1);
INSERT OR REPLACE INTO songs (id,title,subtitle,lang,country,period,year,source,notes,lyrics,tags_json,lang_locked,status,created_at,updated_at) VALUES ('pisniua_2337063','Танці-зігріванці','Слова: Зоряна Лісевич','uk','ukraine_1991',NULL,NULL,'аудіозапис','Пісню виконує Дитяча студія балет "Життя" - Смайлики.','Йдуть морози, холоднечі, літу - край,
Щоб зігрітись, танцювати починай,
Тупу-туп, танцюєм танці,
Тупутанці-зігріванці,
Тупу-тупу через поле, через гай!

На деревах білий іній - зимно вкрай,
Щоб зігрітись, танцювати починай,
Стриб направо, стриб наліво,
Танцювально і грайливо,
Щоб зігрітися, танцюй, не позіхай!

Хуртовина снігом крутить, не втечеш,
Танцювати, як вона, умієм теж.
Станьмо весело навшпиньки,
Покружляймо, як сніжинки,
Спробуй з нами! Буде весело, авжеж!

Ні стежин уже не видно, ні доріг,
Білий світ кругом засипав білий сніг,
Тож хутчіш берем лопати,
Починаєм танцювати,
Купи снігу, відгортаючи від ніг.

Подивися, як вітрисько у дворі,
Розклубочує дими із димарів,
Потанцюй із ним так само,
Хай летять дими клубками,
Хай клубочаться у танці угорі!

А за вітром підтанцьовують дахи,
За дахами лопотять крильми птахи,
Хай танцюють з ними танці,
Диво танці-зігріванці,
Зарум''янені щасливі дітлахи.

Хто в долоньки змерз роби із нами так,
Хто у ніжки змерз роби із нами так,
Кинь писати есемески,
У долоні з нами плескай,
Зігрівайся разом з нами в танці так!

Снігу крізь понасипало через край,
Катуляти з нього бабу починай,
Котим сніжки катулянки,
Ліпим бабу спозаранку,
Не дивися і не мерзни, помагай!

Люта віхола бушує, та нехай!
Сніг черпай, ліпи у сніжки і жбурляй!
І танцюй із нами танці,
Тупутанці-зігріванці,
Тупутанці-зігріванці,
Вправо-вліво пострибанці,
Жваві сніговідгортанці,
І дими-в-клубки-мотанці,
У долоньки поплесканці,
Снігобабокатулянці,
І до танцю разом з нами заспівай!

Хтось зубами ще цокоче? А-я-яй!
Клич сюди, бігом рукою помахай,
Хай танцюють з нами танці,
Тупутанці-зігріванці,
Тупутанці-зігріванці,
Вправо-вліво пострибанці,
Жваві сніговідгортанці,
І дими-в-клубки-мотанці,
У долоньки поплесканці,
Снігобабокатулянці,

Хай розширюється коло,
І танцюють всі довкола,
Олексій, Петрусь, Андрійко,
Маркіян, Олег, Сергійко,
Северин, Марко, Данилко,
Юрчик, Ромчик і Василько,
Таня, Люба і Софійка,
Марта, Ліна та Марійка,
Соломія і Христинка,
Настя, Ліна та Іринка,
Тітька Леся, дядько Сава,
І двірничка Мирослава,
І поштар - старенький дідо Миколай!','["pisni.org.ua", "cat:dytyachi", "Дитячі пісні"]',1,'published',COALESCE((SELECT created_at FROM songs WHERE id='pisniua_2337063'), datetime('now')),datetime('now'));
INSERT OR REPLACE INTO songs_fts(song_id,title,lyrics) VALUES ('pisniua_2337063','Танці-зігріванці','Йдуть морози, холоднечі, літу - край,
Щоб зігрітись, танцювати починай,
Тупу-туп, танцюєм танці,
Тупутанці-зігріванці,
Тупу-тупу через поле, через гай!

На деревах білий іній - зимно вкрай,
Щоб зігрітись, танцювати починай,
Стриб направо, стриб наліво,
Танцювально і грайливо,
Щоб зігрітися, танцюй, не позіхай!

Хуртовина снігом крутить, не втечеш,
Танцювати, як вона, умієм теж.
Станьмо весело навшпиньки,
Покружляймо, як сніжинки,
Спробуй з нами! Буде весело, авжеж!

Ні стежин уже не видно, ні доріг,
Білий світ кругом засипав білий сніг,
Тож хутчіш берем лопати,
Починаєм танцювати,
Купи снігу, відгортаючи від ніг.

Подивися, як вітрисько у дворі,
Розклубочує дими із димарів,
Потанцюй із ним так само,
Хай летять дими клубками,
Хай клубочаться у танці угорі!

А за вітром підтанцьовують дахи,
За дахами лопотять крильми птахи,
Хай танцюють з ними танці,
Диво танці-зігріванці,
Зарум''янені щасливі дітлахи.

Хто в долоньки змерз роби із нами так,
Хто у ніжки змерз роби із нами так,
Кинь писати есемески,
У долоні з нами плескай,
Зігрівайся разом з нами в танці так!

Снігу крізь понасипало через край,
Катуляти з нього бабу починай,
Котим сніжки катулянки,
Ліпим бабу спозаранку,
Не дивися і не мерзни, помагай!

Люта віхола бушує, та нехай!
Сніг черпай, ліпи у сніжки і жбурляй!
І танцюй із нами танці,
Тупутанці-зігріванці,
Тупутанці-зігріванці,
Вправо-вліво пострибанці,
Жваві сніговідгортанці,
І дими-в-клубки-мотанці,
У долоньки поплесканці,
Снігобабокатулянці,
І до танцю разом з нами заспівай!

Хтось зубами ще цокоче? А-я-яй!
Клич сюди, бігом рукою помахай,
Хай танцюють з нами танці,
Тупутанці-зігріванці,
Тупутанці-зігріванці,
Вправо-вліво пострибанці,
Жваві сніговідгортанці,
І дими-в-клубки-мотанці,
У долоньки поплесканці,
Снігобабокатулянці,

Хай розширюється коло,
І танцюють всі довкола,
Олексій, Петрусь, Андрійко,
Маркіян, Олег, Сергійко,
Северин, Марко, Данилко,
Юрчик, Ромчик і Василько,
Таня, Люба і Софійка,
Марта, Ліна та Марійка,
Соломія і Христинка,
Настя, Ліна та Іринка,
Тітька Леся, дядько Сава,
І двірничка Мирослава,
І поштар - старенький дідо Миколай!');
INSERT OR REPLACE INTO song_links (id,song_id,title,url,kind,version_id,sort_order) VALUES ('pisniua_2337063_l1','pisniua_2337063','YouTube','https://www.youtube.com/watch?v=A09aJ3gvLWs','video',NULL,1);
INSERT OR REPLACE INTO songs (id,title,subtitle,lang,country,period,year,source,notes,lyrics,tags_json,lang_locked,status,created_at,updated_at) VALUES ('pisniua_2335457','Новий Рік','Музика: Наталія Май Слова: Наталія Май','uk','ukraine_1991',NULL,NULL,'аудіозапис',NULL,'Стукоче в вікна грудень,
І знову зимно буде,
І падає лапатий білий сніг.
Іде на радість людям,
На радість добрим людям,
Казковий довгожданний
Новий рік!

Приспів:
Новий Рік!
Кружляє білий сніг усюди!
Новий Рік ступає на поріг!
Новий Рік!
Нехай усі здорові будуть!
Щастя всім
В казковий Новий рік!

Нехай у вашій хаті завжди панує свято
Із посмішок і радісних розмов!
Щоб не було печалі, щоб лихо обминало,
Хай будуть з вами щастя і любов!

Приспів.','["pisni.org.ua", "cat:new-year", "Пісні про Новий Рік"]',1,'published',COALESCE((SELECT created_at FROM songs WHERE id='pisniua_2335457'), datetime('now')),datetime('now'));
INSERT OR REPLACE INTO songs_fts(song_id,title,lyrics) VALUES ('pisniua_2335457','Новий Рік','Стукоче в вікна грудень,
І знову зимно буде,
І падає лапатий білий сніг.
Іде на радість людям,
На радість добрим людям,
Казковий довгожданний
Новий рік!

Приспів:
Новий Рік!
Кружляє білий сніг усюди!
Новий Рік ступає на поріг!
Новий Рік!
Нехай усі здорові будуть!
Щастя всім
В казковий Новий рік!

Нехай у вашій хаті завжди панує свято
Із посмішок і радісних розмов!
Щоб не було печалі, щоб лихо обминало,
Хай будуть з вами щастя і любов!

Приспів.');
INSERT OR REPLACE INTO song_links (id,song_id,title,url,kind,version_id,sort_order) VALUES ('pisniua_2335457_l1','pisniua_2335457','YouTube','https://www.youtube.com/watch?v=kiexiyvCJ8g','video',NULL,1);
INSERT OR REPLACE INTO songs (id,title,subtitle,lang,country,period,year,source,notes,lyrics,tags_json,lang_locked,status,created_at,updated_at) VALUES ('pisniua_23379','Стомлене місто вже спить','Музика: Ігор Особік Слова: Ігор Особік','uk','ukraine_1991',NULL,NULL,'Збірник пісень Студентського братства Львівської політехніки.- Львів, 2000','* Тут акорд F у 1-му рядку береться у всіх куплетах, крім 1-го.','Am                                F*      Am
Стомлене місто вже спить і таємничо мовчить,
Лише підмругують в тьмі ліхтарі.
Я по бруківці іду, свої печалі несу,
Холєра ясна, самотньо мені.

То вже не раз і не два, втікаю з хати - дарма.
Від себе, певно, ніде не втечеш.
Моя княгине ночі, ти знов прийшла уві сні,
Чому так довго ти мучиш мене?

Приспів:
Де вже ти є, доле моя?
Давно тебе шукаю я,
Доле моя,
Доле моя кохана.
Доле моя кохана.

Мене бентежить твій жест - піднятий догори перст,
Неначе світло до мене вночі.
Кличеш мене за собов. Таки своє - про любов,
А я в трусах, і незручно мені.

Я простирадлом, як грек, обидві руки вперед,
Кажу "Я йду вже, княгине, я йду".
Я - обнімати тебе, ти - цілувати мене,
І в цей момент я чолом об стіну.

Приспів.

І вже заснути ніяк. Кручуся так або сяк,
Перед очима бринить силует.
За олівець і папір, але не можу, ні-ні,
Я зобразити ніяк твій портрет.

Знайомий мій психіятр сказав: "Ти просто вар''ят.
Тобі потрібно дівчину просту".
І ось іду я сумний, зденервований такий,
І більше кави я на ніч не п''ю.

Приспів.

Птахи вже не гомонять, напевно міцно вже сплять,
Щоб зранку знов милувати аш слух.
А я звіздаю собі тихенько так: "...".
Княгине ночі, тебе я знайду.

Приспів.','["pisni.org.ua", "cat:bardivski", "Бардівські пісні"]',1,'published',COALESCE((SELECT created_at FROM songs WHERE id='pisniua_23379'), datetime('now')),datetime('now'));
INSERT OR REPLACE INTO songs_fts(song_id,title,lyrics) VALUES ('pisniua_23379','Стомлене місто вже спить','Am                                F*      Am
Стомлене місто вже спить і таємничо мовчить,
Лише підмругують в тьмі ліхтарі.
Я по бруківці іду, свої печалі несу,
Холєра ясна, самотньо мені.

То вже не раз і не два, втікаю з хати - дарма.
Від себе, певно, ніде не втечеш.
Моя княгине ночі, ти знов прийшла уві сні,
Чому так довго ти мучиш мене?

Приспів:
Де вже ти є, доле моя?
Давно тебе шукаю я,
Доле моя,
Доле моя кохана.
Доле моя кохана.

Мене бентежить твій жест - піднятий догори перст,
Неначе світло до мене вночі.
Кличеш мене за собов. Таки своє - про любов,
А я в трусах, і незручно мені.

Я простирадлом, як грек, обидві руки вперед,
Кажу "Я йду вже, княгине, я йду".
Я - обнімати тебе, ти - цілувати мене,
І в цей момент я чолом об стіну.

Приспів.

І вже заснути ніяк. Кручуся так або сяк,
Перед очима бринить силует.
За олівець і папір, але не можу, ні-ні,
Я зобразити ніяк твій портрет.

Знайомий мій психіятр сказав: "Ти просто вар''ят.
Тобі потрібно дівчину просту".
І ось іду я сумний, зденервований такий,
І більше кави я на ніч не п''ю.

Приспів.

Птахи вже не гомонять, напевно міцно вже сплять,
Щоб зранку знов милувати аш слух.
А я звіздаю собі тихенько так: "...".
Княгине ночі, тебе я знайду.

Приспів.');
INSERT OR REPLACE INTO songs (id,title,subtitle,lang,country,period,year,source,notes,lyrics,tags_json,lang_locked,status,created_at,updated_at) VALUES ('pisniua_2338777','Я трояндою стану','Слова: Володимир Дашавський','uk','ukraine_before_1917',NULL,NULL,'авторське подання',NULL,'Я трояндою білою стану
Мене ти в руки візьмеш,
Вдихнеш аромат чарівний,
До губ своїх прикладеш.
Ця троянда, біла троянда
Як світле кохання моє,
Ця білосніжна чиста квітка
Як найщиріше бажання моє.

Трояндою червоною стану,
Її в руки  ніжно  візьмеш,
Радісна сльозинка моя впаде -
За краплину роси ти приймеш.
Троянда чарівна червона
То моя вірна та щира любов.
Ця троянда чарівна червона
То серця мого гарячая кров.

Пелюстками троянд  я стану,
І дорогу тобі щедро встелю.
По них обережно будеш ступати,
А піднімусь і з тобою разом піду.
В пелюстках цих квітів чарівних,
Найщиріші мої є там почуття.
Трояндами білими та червоними
Хай стелиться доля твоя і моя.','["pisni.org.ua", "cat:boykivski", "Пісні з Бойківщини"]',1,'published',COALESCE((SELECT created_at FROM songs WHERE id='pisniua_2338777'), datetime('now')),datetime('now'));
INSERT OR REPLACE INTO songs_fts(song_id,title,lyrics) VALUES ('pisniua_2338777','Я трояндою стану','Я трояндою білою стану
Мене ти в руки візьмеш,
Вдихнеш аромат чарівний,
До губ своїх прикладеш.
Ця троянда, біла троянда
Як світле кохання моє,
Ця білосніжна чиста квітка
Як найщиріше бажання моє.

Трояндою червоною стану,
Її в руки  ніжно  візьмеш,
Радісна сльозинка моя впаде -
За краплину роси ти приймеш.
Троянда чарівна червона
То моя вірна та щира любов.
Ця троянда чарівна червона
То серця мого гарячая кров.

Пелюстками троянд  я стану,
І дорогу тобі щедро встелю.
По них обережно будеш ступати,
А піднімусь і з тобою разом піду.
В пелюстках цих квітів чарівних,
Найщиріші мої є там почуття.
Трояндами білими та червоними
Хай стелиться доля твоя і моя.');
INSERT OR REPLACE INTO songs (id,title,subtitle,lang,country,period,year,source,notes,lyrics,tags_json,lang_locked,status,created_at,updated_at) VALUES ('pisniua_2338624','Чекають діти Миколая','Слова: Марія Чайківчанка','uk','ukraine_1991',NULL,NULL,'авторське подання',NULL,'Тихий вечір запалив лампадки святкові,
Сяють-миготять зорі у сяйві золотім,
Падають іскристі сніжинки на долоні
І Миколаю встеляють килим до землі.

У піднебессі в окрасі відзеркалюють перлини,
Видно як вдень засніжені хатки вздовж села,
Блаженний несе подарунки на плечах у торбині
І Місяцем зорить крізь шибку і хукає до вікна.

В цю казкову ніч збуваються усі бажані мрії,
Чекають діти Миколая до сходу першої зорі,
Їм виграють небесні дзвони, ангели пресвятії,
Заколисують, щоб у снах спали діточки малі.

Іде Святий Миколай до нас із  добром і миром,
Із зоряних світів несе жадану надію і любов,
Із Новим роком вітає вкраїнську кожну родину
І залишає частинку свого серця із нових обнов.','["pisni.org.ua", "cat:svyatyy-mykolay", "Пісні про Святого Миколая"]',1,'published',COALESCE((SELECT created_at FROM songs WHERE id='pisniua_2338624'), datetime('now')),datetime('now'));
INSERT OR REPLACE INTO songs_fts(song_id,title,lyrics) VALUES ('pisniua_2338624','Чекають діти Миколая','Тихий вечір запалив лампадки святкові,
Сяють-миготять зорі у сяйві золотім,
Падають іскристі сніжинки на долоні
І Миколаю встеляють килим до землі.

У піднебессі в окрасі відзеркалюють перлини,
Видно як вдень засніжені хатки вздовж села,
Блаженний несе подарунки на плечах у торбині
І Місяцем зорить крізь шибку і хукає до вікна.

В цю казкову ніч збуваються усі бажані мрії,
Чекають діти Миколая до сходу першої зорі,
Їм виграють небесні дзвони, ангели пресвятії,
Заколисують, щоб у снах спали діточки малі.

Іде Святий Миколай до нас із  добром і миром,
Із зоряних світів несе жадану надію і любов,
Із Новим роком вітає вкраїнську кожну родину
І залишає частинку свого серця із нових обнов.');
INSERT OR REPLACE INTO songs (id,title,subtitle,lang,country,period,year,source,notes,lyrics,tags_json,lang_locked,status,created_at,updated_at) VALUES ('pisniua_2338495','Олекса Довбуш','Слова: Володимир Дашавський','uk','ukrainian_peoples_republic_1917_1921',NULL,NULL,'авторське подання',NULL,'На Чорногорі ватра палає,
Біля неї Довбуш сидить.
Мольфара Олекса питає:
Скільки на світі мені ще жить?

А мольфар сумно йому каже:
Смерть твоя незабаром прийде,
Бо Дзвінчук - ворог заклятий,
Уже срібну кулю для тебе кує.

Бо Дзвінчук ворог заклятий,
Срібну кулю давно уже має,
Сидить тихенько в своїй хаті,
І й в засідці на тебе чекає.

Та Довбуш наш молоденький
Не повірив в ті пророчі слова,
Та й зійшов він до тої долини,
Де його Дзвінка кохана жила.

Підійшов він до старої хатини,
Плече під двері тисові підклав,
А Дзвінчук, його ворог проклятий,
Срібну кулю йому в груди послав.

Впав Довбуш в груди зранений,
На руки вірних опришків своїх.
Ой, Божечку ж ти наш милий!
Як сильно Олекса наш побілів.

Несіть ви мене, хлопці опришки,
Далеко в рідні Чорногори несіть.
Що я в груди смертельно зранений
Ворогам своїм, того не кажіть.

В Чорногорах я буду спочивати
Та прийде, побратими, той час,
Коли вороги будуть вам докучати,
То дух мій повернеться до вас!

Тоді великою силою повстаньте,
З України ворогів усіх проженіть,
Та й в мирі, злагоді та багатстві
Дружньою громадою, українці, живіть!..','["pisni.org.ua", "cat:boykivski", "cat:huculski", "cat:strilecki", "Пісні з Бойківщини", "Гуцульські пісні", "Стрілецькі пісні"]',1,'published',COALESCE((SELECT created_at FROM songs WHERE id='pisniua_2338495'), datetime('now')),datetime('now'));
INSERT OR REPLACE INTO songs_fts(song_id,title,lyrics) VALUES ('pisniua_2338495','Олекса Довбуш','На Чорногорі ватра палає,
Біля неї Довбуш сидить.
Мольфара Олекса питає:
Скільки на світі мені ще жить?

А мольфар сумно йому каже:
Смерть твоя незабаром прийде,
Бо Дзвінчук - ворог заклятий,
Уже срібну кулю для тебе кує.

Бо Дзвінчук ворог заклятий,
Срібну кулю давно уже має,
Сидить тихенько в своїй хаті,
І й в засідці на тебе чекає.

Та Довбуш наш молоденький
Не повірив в ті пророчі слова,
Та й зійшов він до тої долини,
Де його Дзвінка кохана жила.

Підійшов він до старої хатини,
Плече під двері тисові підклав,
А Дзвінчук, його ворог проклятий,
Срібну кулю йому в груди послав.

Впав Довбуш в груди зранений,
На руки вірних опришків своїх.
Ой, Божечку ж ти наш милий!
Як сильно Олекса наш побілів.

Несіть ви мене, хлопці опришки,
Далеко в рідні Чорногори несіть.
Що я в груди смертельно зранений
Ворогам своїм, того не кажіть.

В Чорногорах я буду спочивати
Та прийде, побратими, той час,
Коли вороги будуть вам докучати,
То дух мій повернеться до вас!

Тоді великою силою повстаньте,
З України ворогів усіх проженіть,
Та й в мирі, злагоді та багатстві
Дружньою громадою, українці, живіть!..');
INSERT OR REPLACE INTO songs (id,title,subtitle,lang,country,period,year,source,notes,lyrics,tags_json,lang_locked,status,created_at,updated_at) VALUES ('pisniua_2338457','Свою ніжність мені подаруй','Слова: Володимир Дашавський','uk','ukraine_before_1917',NULL,NULL,'авторське подання',NULL,'Подаруй мені свою ніжність
І до мене ти пригорнись.
Тіла відчую твого свіжість -
Щасливою буде ця мить!

Подаруй мені поцілунок,
Міцно так мене обніми,
Я серце віддам у дарунок,
Тільки ти його не топчи!

Подарую тобі свою вірність
І збережу я її назавжди.
Ти взамін дай любов мені щиру,
Щоб в серці зміг її зберегти!

Подаруй мені любов гарячу,
Яка так серця зігріває,
А я тобі ласкою віддячу,
Що тільки в легенді буває!','["pisni.org.ua", "cat:boykivski", "Пісні з Бойківщини"]',1,'published',COALESCE((SELECT created_at FROM songs WHERE id='pisniua_2338457'), datetime('now')),datetime('now'));
INSERT OR REPLACE INTO songs_fts(song_id,title,lyrics) VALUES ('pisniua_2338457','Свою ніжність мені подаруй','Подаруй мені свою ніжність
І до мене ти пригорнись.
Тіла відчую твого свіжість -
Щасливою буде ця мить!

Подаруй мені поцілунок,
Міцно так мене обніми,
Я серце віддам у дарунок,
Тільки ти його не топчи!

Подарую тобі свою вірність
І збережу я її назавжди.
Ти взамін дай любов мені щиру,
Щоб в серці зміг її зберегти!

Подаруй мені любов гарячу,
Яка так серця зігріває,
А я тобі ласкою віддячу,
Що тільки в легенді буває!');
INSERT OR REPLACE INTO songs (id,title,subtitle,lang,country,period,year,source,notes,lyrics,tags_json,lang_locked,status,created_at,updated_at) VALUES ('pisniua_233910','Коляд Коляд Колядниця (2)','Українська народна пісня','uk','ukraine_before_1917',NULL,NULL,'Співаймо Світові-Дитині © Видавництво "Павутинонька", Нью Йорк – Львів – Київ – Харків – Москва, 2004','Хай вам Бог за ці Дари Дасть Багатії Отари: Тобто і — щедре та ясне зоряне небо! Стародавні Колядки-Щедрівки: Українські. Радуйся Земле Коляда їде! Читати листки з приводу цієї Пісні: Що означає ім''я "Коляда"? Що означає "Дідух"? Співаймо Світові-Дитині: Колядки, Щедрівки, Колискові... Стежки до інших листків про Українські традиції.','Коляд Коляд Колядниця
Добра з Маком Паляниця
А без Маку не така
Дайте Дядьку П''ятака
А Ви Тітко про Запаску
Кладіть в Торбу нам Ковбаску
Щоб Добро у Вас бувало
Несіть нам шматочок Сала
Хай вам Бог за ці Дари
Дасть Багатії Отари
Поросята і Корови
Та бувайте всі здорові !','["pisni.org.ua", "cat:shchedrivky", "Щедрівки"]',1,'published',COALESCE((SELECT created_at FROM songs WHERE id='pisniua_233910'), datetime('now')),datetime('now'));
INSERT OR REPLACE INTO songs_fts(song_id,title,lyrics) VALUES ('pisniua_233910','Коляд Коляд Колядниця (2)','Коляд Коляд Колядниця
Добра з Маком Паляниця
А без Маку не така
Дайте Дядьку П''ятака
А Ви Тітко про Запаску
Кладіть в Торбу нам Ковбаску
Щоб Добро у Вас бувало
Несіть нам шматочок Сала
Хай вам Бог за ці Дари
Дасть Багатії Отари
Поросята і Корови
Та бувайте всі здорові !');
INSERT OR REPLACE INTO song_links (id,song_id,title,url,kind,version_id,sort_order) VALUES ('pisniua_233910_l1','pisniua_233910','Переглянути варіанти >>','https://www.pisni.org.ua/#variants','external',NULL,1);
INSERT OR REPLACE INTO songs (id,title,subtitle,lang,country,period,year,source,notes,lyrics,tags_json,lang_locked,status,created_at,updated_at) VALUES ('pisniua_233828','Надворі Чорна Хмара в’єцця','Українська народна пісня. Виконує: Гуртоправці, — гурт „Володар“, Володар','uk','ukraine_before_1917',NULL,NULL,'Співаймо Світові-Дитині © Видавництво "Павутинонька", Нью Йорк – Львів – Київ – Харків – Москва, 2004','Порівняти до Загадок про сало-дитинку ("серед Хати Сало висить" - дитина в колисці), та до Колядок про Місяць-дитинку. Стародавні Колядки-Щедрівки: Українські Різдво Світа і Щедрий Вечір. Радуйся Земле Коляда іде! Читати листки з приводу цієї Пісні: Що означає ім''я "Коляда"? Що означає "Дідух"? Співаймо Світові-Дитині: Колядки, Щедрівки, Колискові... Стежки до інших листків про Українські традиції.','Надворі Чорна Хмара в''єцця
Під вікном Колядник човпецця

Співається двічі:
Пустіть Його у Хату
Він вам буде Коляду
Співати |(2)

У Печі Пирожки седіли
А мої оченьки гляділи

Співається двічі:
А я до них заглядав
По одному витягав
Наївся |(2)

Поліз я на Гору по Сало
Щось мене там ззаду кусало

Співається двічі:
А я Сала не достав
Тай з драбрини добре впав
Забився |(2)','["pisni.org.ua", "cat:shchedrivky", "Щедрівки"]',1,'published',COALESCE((SELECT created_at FROM songs WHERE id='pisniua_233828'), datetime('now')),datetime('now'));
INSERT OR REPLACE INTO songs_fts(song_id,title,lyrics) VALUES ('pisniua_233828','Надворі Чорна Хмара в’єцця','Надворі Чорна Хмара в''єцця
Під вікном Колядник човпецця

Співається двічі:
Пустіть Його у Хату
Він вам буде Коляду
Співати |(2)

У Печі Пирожки седіли
А мої оченьки гляділи

Співається двічі:
А я до них заглядав
По одному витягав
Наївся |(2)

Поліз я на Гору по Сало
Щось мене там ззаду кусало

Співається двічі:
А я Сала не достав
Тай з драбрини добре впав
Забився |(2)');
INSERT OR REPLACE INTO song_links (id,song_id,title,url,kind,version_id,sort_order) VALUES ('pisniua_233828_l1','pisniua_233828','YouTube','https://www.youtube.com/watch?v=xkxwLDygaT0','video',NULL,1);
INSERT OR REPLACE INTO song_links (id,song_id,title,url,kind,version_id,sort_order) VALUES ('pisniua_233828_l2','pisniua_233828','Переглянути варіанти >>','https://www.pisni.org.ua/#variants','external',NULL,2);
INSERT OR REPLACE INTO songs (id,title,subtitle,lang,country,period,year,source,notes,lyrics,tags_json,lang_locked,status,created_at,updated_at) VALUES ('pisniua_2338192','Сизі тумани','Слова: Володимир Дашавський','uk','ukraine_before_1917',NULL,NULL,'авторське подання',NULL,'Тумани, сизі тумани
Повільно пливуть по гаю,
Під свої крила ховають
Стареньку хатину мою...

Приспів:
Тумани, мої ви тумани,
Як люблю я ту вашу пору,
Коли дивлюсь на вас рано
Здається мені, що вами пливу.

Пливу, крила простилаю,
З висоти на гори дивлюсь,
Смерічки я обнімаю,
До берізок теж доторкнусь.

Приспів:

Полечу над своїм краєм,
Там, де водоспади грають,
А веселки тут високо
Гори стрімкі огортають.

Писпів:

Краю, мій рідний розмаю,
Незбагнена твоя краса,
Де в смерек віти звисають,
Неначе дівоча краса...

Приспів:','["pisni.org.ua", "cat:boykivski", "Пісні з Бойківщини"]',1,'published',COALESCE((SELECT created_at FROM songs WHERE id='pisniua_2338192'), datetime('now')),datetime('now'));
INSERT OR REPLACE INTO songs_fts(song_id,title,lyrics) VALUES ('pisniua_2338192','Сизі тумани','Тумани, сизі тумани
Повільно пливуть по гаю,
Під свої крила ховають
Стареньку хатину мою...

Приспів:
Тумани, мої ви тумани,
Як люблю я ту вашу пору,
Коли дивлюсь на вас рано
Здається мені, що вами пливу.

Пливу, крила простилаю,
З висоти на гори дивлюсь,
Смерічки я обнімаю,
До берізок теж доторкнусь.

Приспів:

Полечу над своїм краєм,
Там, де водоспади грають,
А веселки тут високо
Гори стрімкі огортають.

Писпів:

Краю, мій рідний розмаю,
Незбагнена твоя краса,
Де в смерек віти звисають,
Неначе дівоча краса...

Приспів:');
INSERT OR REPLACE INTO songs (id,title,subtitle,lang,country,period,year,source,notes,lyrics,tags_json,lang_locked,status,created_at,updated_at) VALUES ('pisniua_233890','Ой Коляда Колядниця дайте Мачку до Кутиці','Українська народна пісня','uk','ukraine_before_1917',NULL,NULL,'Співаймо Світові-Дитині © Видавництво "Павутинонька", Нью Йорк – Львів – Київ – Харків – Москва, 2004','Стародавні Колядки-Щедрівки: Українські. Радуйся Земле Коляда їде! Читати листки з приводу цієї Пісні: Що означає ім''я "Коляда"? Що означає "Дідух"? Співаймо Світові-Дитині: Колядки, Щедрівки, Колискові... Стежки до інших листків про Українські традиції.','Ой Коляда Колядниця дайте Мачку до Кутиці
Як не дасте одкажіте моїх ніжок не знобіте
Я Дитинка Маленькая в мене ніжка босенькая
Вечір Добрий дайте Пиріг Довгий!
А швидше там виносьте та Людей не морозьте!

Коляд Коляд Колядниця Добра з Маком Паляниця
А без маку не така дай Хазяїн П''ятака
Як не даси п''ятака я Вола за Рога
А Кобилу за Чуприну тай поведу на Тічок
А з Тічка в Кабачок да проп''ю за П''ятачок

Коляда Коляда дайте Дядьку Пирога!
Як не даси Пирога візьму Вола за Рога
Та виведу на Моріг та виломлю Правий Ріг
У Ріг буду трубити Волом буду робити
Хвостом буду поганять та на Гречку орать

Добрий Вечір!','["pisni.org.ua", "cat:shchedrivky", "Щедрівки"]',1,'published',COALESCE((SELECT created_at FROM songs WHERE id='pisniua_233890'), datetime('now')),datetime('now'));
INSERT OR REPLACE INTO songs_fts(song_id,title,lyrics) VALUES ('pisniua_233890','Ой Коляда Колядниця дайте Мачку до Кутиці','Ой Коляда Колядниця дайте Мачку до Кутиці
Як не дасте одкажіте моїх ніжок не знобіте
Я Дитинка Маленькая в мене ніжка босенькая
Вечір Добрий дайте Пиріг Довгий!
А швидше там виносьте та Людей не морозьте!

Коляд Коляд Колядниця Добра з Маком Паляниця
А без маку не така дай Хазяїн П''ятака
Як не даси п''ятака я Вола за Рога
А Кобилу за Чуприну тай поведу на Тічок
А з Тічка в Кабачок да проп''ю за П''ятачок

Коляда Коляда дайте Дядьку Пирога!
Як не даси Пирога візьму Вола за Рога
Та виведу на Моріг та виломлю Правий Ріг
У Ріг буду трубити Волом буду робити
Хвостом буду поганять та на Гречку орать

Добрий Вечір!');
INSERT OR REPLACE INTO song_links (id,song_id,title,url,kind,version_id,sort_order) VALUES ('pisniua_233890_l1','pisniua_233890','Переглянути варіанти >>','https://www.pisni.org.ua/#variants','external',NULL,1);
INSERT OR REPLACE INTO songs (id,title,subtitle,lang,country,period,year,source,notes,lyrics,tags_json,lang_locked,status,created_at,updated_at) VALUES ('pisniua_233990','Радуйся Земле Коляда іде','Українська народна пісня','uk','ukraine_before_1917',NULL,NULL,'Співаймо Світові-Дитині © Видавництво "Павутинонька", Нью Йорк – Львів – Київ – Харків – Москва, 2004','Колядка стародавня: Українське Різдво Світа. Духовенство з постійною службою Богу. Ідея вселюдного покликання до служби Богові. Зваживши цей незвичайно високий і вселюдний підйом реліґійний в Староукраїнськім Різдвянім святі; тую всенародну участь в многоті реліґійних містерій, цей молитвенний настрій тисяч Колядок, це загальне почуття потреби дійової жертвенности, — можна зробити висновок, що слово Коляда виражує дійовий культ і вселюдний реліґійний настрій народу, народний душевний зов до реліґійної служби Богу. Може і тому є в Українського народу в великій пошані установа Колядників, ревних служивців старого шанування. Багацтво ідей в Українськім імені Коляда. Значення Коляди як свята повинно би виходити з її імени. Походження того імени темне з лінґвістичного й етнічного огляду і лишень з його застосування при Різдвяних містеріях і обрядах можна робити здогади про його значення й етнолінґвістичну приналежність. Отже: Називають Колядою — саме Свято Різдвяне: Коляда — це друга технічна назва Різдвяного Свята. Хлібом-Колядою обдаровують Колядників-співаків, яких уважає нарід за Небесних післанців або за Святочних Духівників. Називає отже нарід Колядниками цих ідеальних своїх Духівників-піснярів, які є уособленням Старовіцьких Українських традицій і мрій про Послів Небесних, звіщаючих народові велику світову містерію, тайну Різдва Світа і появу Господа. Постаті тих Колядників зливаються в уяві народу з мітольоґічною Астральною Трійцею, що приходить в гостину до ідеального Господаря. В дивнім загально поширенім містицизмі Різдвяних Свят, який заволодів усією народною психікою, оці Духівники-Колядники стають в очах народу оповиті таємним німбом Святости, — вони самі собою приявляють Первовічні Небесні явища, тобто Астральну Трійцю. Їх називає нарід "Божими Служеньками", Трьома Небесними Товаришами, Трьома Братами, (Трьома) Королями. Вони звіщають народові давні таїнниці Світа, приходячи в гостину до Господаря несуть йому благословенство для роду і плоду і всяке добро і щастя від Господа. Колядників можуть бути більші гуртки та все між ними є три передові. Звичайно однакож гурт Колядників, виступаючи колядувати, ділиться на гуртки по три особи і так, Трійками, розходяться колядувати (принагідно "щедрувати"). Називаються Колядами або Колядками — Святоріздвяні старинні пісні, що проголошують та поширюють між народом провідні ідеї Свята Коляди, всю його містику, весь його реліґійний чар і зміст. Староукраїнські Колядки мають в першій мірі всі характер культово-реліґійний, з кількома відмінами реліґійного шанування відповідно до культурно-історичного розвитку Українського народу. Та основою цього шанування є ідея Почину Світа і його Творця. Для того всі Українські Колядки можна визначити як міти про Почин Світа і Первовічне людське життя. Тому то і традиції про первісне господарське й суспільне життя народу містяться в Колядках. Називають Колядою — Дідуха–Прадіда, що є мітольоґічною постаттю Свята. Коли вносять на Свят-Вечір сніп пшениці, або жита чи іншого збіжжя, називають цей сніп Колядою. Подано було вже пояснення, що Дідух — це символічна постать Різдва і що його звуть Різдвом для того, бо Прадід — це мітичний культурний лицар і приносець культурних дібр; а саме Різдво як Різдво Світа дає народові перші культурні здобутки: збіжжя, пашню, звірину та ін. — і через те уявляється народові доброприносцем і якоюсь ідеальною поставою. Окрім цього пояснення, є інше — має Дідух ще особливу долю зображування кожного з цих благ, які Різдво приносить, та висловлення собою всіх Святочних мотивів. Тому звуть його (іменем Різдвяного Свята) — Колядою. Називають Колядою — настільний Колач або Хліби на Святій Вечері. Тим Колачем чи тими Хлібами складає нарід свою первісну жертву Богові. Називають Колядою — Святочну жертву. Жертва величальна і подячна Творцеві Світа за його Сотворення. Ідея первісних жертв є в Українського народу здавен-давна і загально-принята. Через саме Різдвяне свято вона є поширена і знана між народом по всій Україні. Жертви первісні практикуються досі у деяких народів природи з найстаршими культурами. Первісна жертва є прототипом жертви Богові та найбільше первісною реліґійною дією. Всюди у пракультурних народів приносять лише первісні жертви і по при них ніяких інших жертв не приносять. Ознакою жертв пракультурного округа є їх віддавання Найвищому Єству з виразом почести і любови. З кожного добутку — дар Богові; це перша гадка Господаря — і нема навіть жадного застереження з його сторони про свою частку. Називають Колядою — Хліб: Хліб-Коляда має значення символу культурних первісних здобутків, виражених загально "хлібом". Святовечірній хліб називають ще Корочуном і це не тільки символ особи Прадіда, але і тих первісних культурних здобутків, які приписує нарід Прадідові. Таке саме значення символу культурних первісних здобутків, виражених загально "хлібом", має і Хліб-Коляда. Як переконаємося з опису Святої Вечері, Колач і Хліб — це суттєві її речі. Вони появляються на ній як найкращі, ідеальні, здобутки і в багатшім виді: як хліб з чаркою сирого меду на нім, пшениця з медом (Кутя), хліб печений на меді (Медівник) — звичайно в подобі великих виплітаних медівникових звізд. Це Святочне сполучення двох зразків поживи, хліба і меду, є висловом ідеалу первісного Українського рільника й пасічника разом і вважається народом Колядою вищої якості. Пшениця, мід та віск і пчоли є особливо ідеалізовані Колядками про Сотворення Світа. Називають Колядою — два або три Хліби Святочні разом, з особливою їх символікою як постави Астральної Трійці: Місяця, Сонця і Зорі, або: Місяця, Сонця і Господа, — постави Небесних Святовечірніх гостей. З оцими-то символічними Хлібами обходить Господар хату, своє подвір''я та стайні з худобою. Називають Колядою — Святовечірні Хлібні дари: одні з них призначують на пожертвування для церкви, другими обділюються взаємно з дальшою й ближчою ріднею, відносять як "Коляду" або "Вечерю" своякам, крівним, убожині, приятелям. (За працею: о. Ксенофонт Сосенко. "Культурно-історична постать Староукраїнськиx свят Різдва і Щедрого Вечора". Львів, 1928. - СІНТО, Київ 1994. 343с.) Радуйся Земле Коляда іде! Ой як то ще було із Нащада Світа. Коли не було з Нащада Світа Славен єс Боже по всему Сьвіту А цього Двора не минаємо Святий Вечор Ми з Колядою під Ваші Стріхи Ой Вечор Добрий Пан Господару Святий Вечор Ой Добрий Вечір Пане Господарю ми в Тебе Ой чи є чи нема Пан Господар Дома Радуйся Земле Коляда іде Чи в Дома вдома Господар дума Чи є чи нема Господар Дома Чи вдома вдома Пані Бабуня А в Нашого Дядька у Дворі Береза В Саду Садочку Вишня стояла Добрий Вечір Тобі Пане Господарю Радуйся (1) Ой грало Море в Неділю рано Ой Сивая та і Зозуленька Ой там за Горою та за Кам''яною Ходить походить Місяць по Небу Ци Ти Дома Гречний Пане Чи Дома Дома Микола Дома Пускай Старий Рік приймай Новий Рік. Віншуєм Тя Господарю Ой завіяли Буйні Вітрови Старий Рік минає Новий наступає Коляд Коляд Колядниця. А в Печі Пироги печуцця Бігла Теличка з Набережничка Бігла Теличка тай з Бережечка За вікном чорна хмара в''ється Коляд Коляд Колядниця Коляд Коляд Колядниця (2) Коляд Коляд Колядниця (3) Колядую колядую Ковбасу чую Надворі Чорна Хмара в''єцця Надворі Чорна Хмара в''єцця (2) Ой Коляда Колядниця дайте Мачку до Кутиці Пустіть до Хати колядувати Щедрик Ведрик дайте Вареник Щодрий Вечор Добрий Вечор Щодрий Вечор Добрий Вечор Василє Я Маленький Хлопчик А ми будемо всі разом Господа молити. Дякуймо Вам Файні Ґазди за Вашу Гостину Читати листки з приводу цієї Пісні: Що означає ім''я "Коляда"? Що означає "Дідух"? Співаймо Світові-Дитині: Колядки, Щедрівки, Колискові... Стежки до інших листків про Українські традиції.','Радуйся Земле Коляда іде

Приспів:
Святий Вечор Добрий Вечор!

Коляда іде всім Дари везе
Всім Дари везе нам Слово каже
Нам Слово каже що вже Світ сяє

Ми ж Тебе Господарю тай не понижаємо
А із Святим Вечором тай поздоровляємо !','["pisni.org.ua", "cat:kolyadky", "cat:shchedrivky", "Колядки", "Щедрівки"]',1,'published',COALESCE((SELECT created_at FROM songs WHERE id='pisniua_233990'), datetime('now')),datetime('now'));
INSERT OR REPLACE INTO songs_fts(song_id,title,lyrics) VALUES ('pisniua_233990','Радуйся Земле Коляда іде','Радуйся Земле Коляда іде

Приспів:
Святий Вечор Добрий Вечор!

Коляда іде всім Дари везе
Всім Дари везе нам Слово каже
Нам Слово каже що вже Світ сяє

Ми ж Тебе Господарю тай не понижаємо
А із Святим Вечором тай поздоровляємо !');
INSERT OR REPLACE INTO song_links (id,song_id,title,url,kind,version_id,sort_order) VALUES ('pisniua_233990_l1','pisniua_233990','YouTube','https://www.youtube.com/watch?v=OmZ62DRs1XU','video',NULL,1);
INSERT OR REPLACE INTO songs (id,title,subtitle,lang,country,period,year,source,notes,lyrics,tags_json,lang_locked,status,created_at,updated_at) VALUES ('pisniua_2339653','Марія-Анна','Слова: Володимир Дашавський','uk','ukraine_before_1917',NULL,NULL,'авторське подання',NULL,'У горах високих зелених,
Де калина червона цвіте.
Тут біля річки стрімкої,
Кохана дівчина живе.

Приспів:
О, Маріє- Анно,
Чарівна квітко Карпат,
О, Маріє-Анно,
Бурхливий ти водоспад,
О, Маріє-Анно,
Чиста джерельна вода,
О, Маріє-Анно,
Висока смерічко струнка.

Гуляєш ти в долині квітучій,
Де Іван-Чай пурпурово цвіте,
Стелиться тобі стежка барвінком,
І пісня твоя понад горами іде.

Приспів.

Я в гори високі до тебе піду,
Любов щиру свою тобі принесу,
Тільки серце своє мені відчини
І вірне кохання моє ти прийми!

Приспів.','["pisni.org.ua", "cat:boykivski", "Пісні з Бойківщини"]',1,'published',COALESCE((SELECT created_at FROM songs WHERE id='pisniua_2339653'), datetime('now')),datetime('now'));
INSERT OR REPLACE INTO songs_fts(song_id,title,lyrics) VALUES ('pisniua_2339653','Марія-Анна','У горах високих зелених,
Де калина червона цвіте.
Тут біля річки стрімкої,
Кохана дівчина живе.

Приспів:
О, Маріє- Анно,
Чарівна квітко Карпат,
О, Маріє-Анно,
Бурхливий ти водоспад,
О, Маріє-Анно,
Чиста джерельна вода,
О, Маріє-Анно,
Висока смерічко струнка.

Гуляєш ти в долині квітучій,
Де Іван-Чай пурпурово цвіте,
Стелиться тобі стежка барвінком,
І пісня твоя понад горами іде.

Приспів.

Я в гори високі до тебе піду,
Любов щиру свою тобі принесу,
Тільки серце своє мені відчини
І вірне кохання моє ти прийми!

Приспів.');
INSERT OR REPLACE INTO songs (id,title,subtitle,lang,country,period,year,source,notes,lyrics,tags_json,lang_locked,status,created_at,updated_at) VALUES ('pisniua_233952','Старий Рік минає Новий наступає','Українська народна пісня','uk','ukraine_before_1917',NULL,NULL,'Співаймо Світові-Дитині © Видавництво "Павутинонька", Нью Йорк – Львів – Київ – Харків – Москва, 2004','Стародавні Колядки-Щедрівки: Українські Різдво Світа і Щедрий Вечір. Радуйся Земле Коляда їде! Читати листки з приводу цієї Пісні: Що означає ім''я "Коляда"? Що означає "Дідух"? Співаймо Світові-Дитині: Колядки, Щедрівки, Колискові... Стежки до інших листків про Українські традиції.','Старий Рік минає Новий наступає     | (2)
Новий наступає

Пане Господарю Великий Владарю      | (2)
Великий Владарю!

Дайте нам з Полиці із Медом Пшениці | (2)
Із Медом Пшениці!

А ще щось такого до того смачного   | (2)
До того смачного!

Новий Рік приxодить Щастя в Дім приносить | (2)
Щастя в Дім приносить!','["pisni.org.ua", "cat:kolyadky", "cat:narodni", "cat:shchedrivky", "Колядки", "Народні пісні", "Щедрівки"]',1,'published',COALESCE((SELECT created_at FROM songs WHERE id='pisniua_233952'), datetime('now')),datetime('now'));
INSERT OR REPLACE INTO songs_fts(song_id,title,lyrics) VALUES ('pisniua_233952','Старий Рік минає Новий наступає','Старий Рік минає Новий наступає     | (2)
Новий наступає

Пане Господарю Великий Владарю      | (2)
Великий Владарю!

Дайте нам з Полиці із Медом Пшениці | (2)
Із Медом Пшениці!

А ще щось такого до того смачного   | (2)
До того смачного!

Новий Рік приxодить Щастя в Дім приносить | (2)
Щастя в Дім приносить!');
INSERT OR REPLACE INTO song_links (id,song_id,title,url,kind,version_id,sort_order) VALUES ('pisniua_233952_l1','pisniua_233952','YouTube','https://www.youtube.com/watch?v=W8gpGy3F4b8','video',NULL,1);
INSERT OR REPLACE INTO songs (id,title,subtitle,lang,country,period,year,source,notes,lyrics,tags_json,lang_locked,status,created_at,updated_at) VALUES ('pisniua_2340369','Пісня про Конотопську битву','Музика: Ігор Рачко Слова: Ігор Рачко. Виконує: Ігор Рачко','uk','ukraine_1991',NULL,'2017','Літопис авторської пісні України №18 (450) 2017 рік.',NULL,'До города Конотопа військо підступало,
Воєводи Трубецького лагерями стало.
Славний гетьман наш Іван Виговський
На ту облогу зібрав військо козацькеє
Ще й орду в підмогу.

Захотіли козаченьки москаля провчити,
І для цього задумали річку загатити.
Потаємно вдень і вночі гатку насипали,
Після цього все довкола як болото стало.

Орда зліва, а військо справа, славне з козаками,
Причаїлися, і в заплаві, на січу чекали.
Були послані загони на стан Трубецького,
Щоби заманить москаликів на слизьку дорогу.

Стала стріча, стала січа, ревнули гармати,
Скресли шаблі — козаченьки стали відступати.
Москаль реве, москаль тисне скільки має сили,
Аж допоки у болото їх не заманили.

От тоді вже, у болоті, гарно обступали,
Били, різали й рубали, в болото втоптали.
Зранку рано й до полудня гармати ревіли,
Списи гнулися й ламалися і стріли летіли.

Заробили москалики чого не бажали —
Постріляні й порубані в багнюці конали,
Слава ж батьку Івану Виговському, слава Україні!
Слава війську козацькому одвіку й до нині!','["pisni.org.ua", "cat:istorychni", "Історичні пісні"]',1,'published',COALESCE((SELECT created_at FROM songs WHERE id='pisniua_2340369'), datetime('now')),datetime('now'));
INSERT OR REPLACE INTO songs_fts(song_id,title,lyrics) VALUES ('pisniua_2340369','Пісня про Конотопську битву','До города Конотопа військо підступало,
Воєводи Трубецького лагерями стало.
Славний гетьман наш Іван Виговський
На ту облогу зібрав військо козацькеє
Ще й орду в підмогу.

Захотіли козаченьки москаля провчити,
І для цього задумали річку загатити.
Потаємно вдень і вночі гатку насипали,
Після цього все довкола як болото стало.

Орда зліва, а військо справа, славне з козаками,
Причаїлися, і в заплаві, на січу чекали.
Були послані загони на стан Трубецького,
Щоби заманить москаликів на слизьку дорогу.

Стала стріча, стала січа, ревнули гармати,
Скресли шаблі — козаченьки стали відступати.
Москаль реве, москаль тисне скільки має сили,
Аж допоки у болото їх не заманили.

От тоді вже, у болоті, гарно обступали,
Били, різали й рубали, в болото втоптали.
Зранку рано й до полудня гармати ревіли,
Списи гнулися й ламалися і стріли летіли.

Заробили москалики чого не бажали —
Постріляні й порубані в багнюці конали,
Слава ж батьку Івану Виговському, слава Україні!
Слава війську козацькому одвіку й до нині!');
INSERT OR REPLACE INTO songs (id,title,subtitle,lang,country,period,year,source,notes,lyrics,tags_json,lang_locked,status,created_at,updated_at) VALUES ('pisniua_2339675','Гаї шумлять','Музика: Георгій Майборода Слова: Павло Тичина. Виконує: Лариса Остапенко, Остап Дарчук','uk','ukraine_1991',NULL,NULL,'Джерело: Павло Тичина - Гаї Шумлять: Вокальні твори радянських композиторів, "Музична Україна", Київ',NULL,'Гаї шумлять —
Я слухаю.
Хмарки біжать —
Милуюся.
Милуюся-дивуюся,
Чого душі моїй
Так весело.

Я йду, іду —
Зворушений.
Когось все жду —
Співаючи.
Співаючи-кохаючи
Під тихий шепіт трав
Голублячий.

Щось мріє гай —
Над річкою.
Ген неба край —
Як золото.
Мов золото-поколото,
Горить-тремтить ріка,
Як музика','["pisni.org.ua", "cat:krasa-pryrody", "Пісні про красу природи"]',1,'published',COALESCE((SELECT created_at FROM songs WHERE id='pisniua_2339675'), datetime('now')),datetime('now'));
INSERT OR REPLACE INTO songs_fts(song_id,title,lyrics) VALUES ('pisniua_2339675','Гаї шумлять','Гаї шумлять —
Я слухаю.
Хмарки біжать —
Милуюся.
Милуюся-дивуюся,
Чого душі моїй
Так весело.

Я йду, іду —
Зворушений.
Когось все жду —
Співаючи.
Співаючи-кохаючи
Під тихий шепіт трав
Голублячий.

Щось мріє гай —
Над річкою.
Ген неба край —
Як золото.
Мов золото-поколото,
Горить-тремтить ріка,
Як музика');
INSERT OR REPLACE INTO song_links (id,song_id,title,url,kind,version_id,sort_order) VALUES ('pisniua_2339675_l1','pisniua_2339675','YouTube','https://www.youtube.com/watch?v=EQemwN6pLxs','video',NULL,1);
INSERT OR REPLACE INTO song_links (id,song_id,title,url,kind,version_id,sort_order) VALUES ('pisniua_2339675_l2','pisniua_2339675','YouTube','https://www.youtube.com/watch?v=GKuexgTPfe0','video',NULL,2);
INSERT OR REPLACE INTO song_links (id,song_id,title,url,kind,version_id,sort_order) VALUES ('pisniua_2339675_l3','pisniua_2339675','YouTube','https://www.youtube.com/watch?v=UfhitgXPJ6k','video',NULL,3);
INSERT OR REPLACE INTO song_links (id,song_id,title,url,kind,version_id,sort_order) VALUES ('pisniua_2339675_l4','pisniua_2339675','YouTube','https://www.youtube.com/watch?v=CgyLl5qVDvQ','video',NULL,4);
INSERT OR REPLACE INTO song_links (id,song_id,title,url,kind,version_id,sort_order) VALUES ('pisniua_2339675_l5','pisniua_2339675','YouTube','https://www.youtube.com/watch?v=BDWKWY79GQ4','video',NULL,5);
INSERT OR REPLACE INTO song_links (id,song_id,title,url,kind,version_id,sort_order) VALUES ('pisniua_2339675_l6','pisniua_2339675','YouTube','https://www.youtube.com/watch?v=4aPs11B6iVE','video',NULL,6);
INSERT OR REPLACE INTO song_links (id,song_id,title,url,kind,version_id,sort_order) VALUES ('pisniua_2339675_l7','pisniua_2339675','YouTube','https://www.youtube.com/watch?v=UV9hLXWBq6U','video',NULL,7);
INSERT OR REPLACE INTO song_links (id,song_id,title,url,kind,version_id,sort_order) VALUES ('pisniua_2339675_l8','pisniua_2339675','Переглянути варіанти >>','https://www.pisni.org.ua/#variants','external',NULL,8);
INSERT OR REPLACE INTO songs (id,title,subtitle,lang,country,period,year,source,notes,lyrics,tags_json,lang_locked,status,created_at,updated_at) VALUES ('pisniua_2339165','В нашім селі на горбочку','Українська народна пісня','uk','ukraine_before_1917',NULL,NULL,'аудіозапис',NULL,'В нашім селі на горбочку
Стоїть церква на видочку,
Коло церкви, ніби квіти,
Сидять старці, ходять діти,
Ходять хлопці і дівчата —
Українські соколята.

А ми, сестри, час не гаймо —
Гаївочки заспіваймо,
Щоби голос наш відбився,
По діброві простелився,
По діброві і по полю,
Де могили є за волю,
По травиці, по шовковій,
Де лежать стрільці січовії.

Вони тоді повмирали,
Як воленьку здобували,
Ви, стрільчики, пісню чуйте,
В темнім гробі не сумуйте.
Ми могили ваші знаємо,
Квіточками уквітчаємо,
Квіточками і вінцями,
І рідними прапорцями.

А ви хлопці тут не стійте,
З дівчатами ся не смійте,
Пригадайте тую славу
Січових стрільців криваву,
І єднайтесь, милі браття,
В одну силу і завзяття,
Щоби наша Україна
Була славна, була вільна!','["pisni.org.ua", "cat:vesnyanky-hayivky", "Веснянки та гаївки"]',1,'published',COALESCE((SELECT created_at FROM songs WHERE id='pisniua_2339165'), datetime('now')),datetime('now'));
INSERT OR REPLACE INTO songs_fts(song_id,title,lyrics) VALUES ('pisniua_2339165','В нашім селі на горбочку','В нашім селі на горбочку
Стоїть церква на видочку,
Коло церкви, ніби квіти,
Сидять старці, ходять діти,
Ходять хлопці і дівчата —
Українські соколята.

А ми, сестри, час не гаймо —
Гаївочки заспіваймо,
Щоби голос наш відбився,
По діброві простелився,
По діброві і по полю,
Де могили є за волю,
По травиці, по шовковій,
Де лежать стрільці січовії.

Вони тоді повмирали,
Як воленьку здобували,
Ви, стрільчики, пісню чуйте,
В темнім гробі не сумуйте.
Ми могили ваші знаємо,
Квіточками уквітчаємо,
Квіточками і вінцями,
І рідними прапорцями.

А ви хлопці тут не стійте,
З дівчатами ся не смійте,
Пригадайте тую славу
Січових стрільців криваву,
І єднайтесь, милі браття,
В одну силу і завзяття,
Щоби наша Україна
Була славна, була вільна!');
INSERT OR REPLACE INTO songs (id,title,subtitle,lang,country,period,year,source,notes,lyrics,tags_json,lang_locked,status,created_at,updated_at) VALUES ('pisniua_2339767','Ми - брати!','Музика: Павло Зібров Слова: Петро Мага. Виконує: Павло Зібров','uk','ukraine_1991',NULL,NULL,'аудіозапис',NULL,'Ще як був я колись
Безтурботним хлоп''ям,
Не боявся і не відступав,
В бійку ліз будь яку,
Не тікав у бур''ян,
Задирався і здачі давав!
Все це правда та тільки
Маленьке "але",
Що було надцять років назад,
Був Павлушка - сміливе мале,
Коли поряд ходив старший брат.

Приспів:
Ми - брати, ми - брати,           |
Вчив нас батько як жить-поживать! |
Прут березовий легко              |
В кільце заплести,                |
Але спробуйте віник зламать!      | (2)

Наше щастя у тім,
Щоб не знали біди там,
Де мама у ріднім селі,
Посплітались корінням
Столітні дуби,
Що зросли з однієї землі.
І нічого, що вік вже
Вибілює чуб,
Досі дбаю про брата свого!
Я вам правду скажу, мій девіз:
Зуб за зуб,
Коли брат потребує того!

Приспів.','["pisni.org.ua", "cat:druzhba", "Пісні про дружбу"]',1,'published',COALESCE((SELECT created_at FROM songs WHERE id='pisniua_2339767'), datetime('now')),datetime('now'));
INSERT OR REPLACE INTO songs_fts(song_id,title,lyrics) VALUES ('pisniua_2339767','Ми - брати!','Ще як був я колись
Безтурботним хлоп''ям,
Не боявся і не відступав,
В бійку ліз будь яку,
Не тікав у бур''ян,
Задирався і здачі давав!
Все це правда та тільки
Маленьке "але",
Що було надцять років назад,
Був Павлушка - сміливе мале,
Коли поряд ходив старший брат.

Приспів:
Ми - брати, ми - брати,           |
Вчив нас батько як жить-поживать! |
Прут березовий легко              |
В кільце заплести,                |
Але спробуйте віник зламать!      | (2)

Наше щастя у тім,
Щоб не знали біди там,
Де мама у ріднім селі,
Посплітались корінням
Столітні дуби,
Що зросли з однієї землі.
І нічого, що вік вже
Вибілює чуб,
Досі дбаю про брата свого!
Я вам правду скажу, мій девіз:
Зуб за зуб,
Коли брат потребує того!

Приспів.');
INSERT OR REPLACE INTO song_links (id,song_id,title,url,kind,version_id,sort_order) VALUES ('pisniua_2339767_l1','pisniua_2339767','YouTube','https://www.youtube.com/watch?v=2Z-jGLKiIjg','video',NULL,1);
INSERT OR REPLACE INTO songs (id,title,subtitle,lang,country,period,year,source,notes,lyrics,tags_json,lang_locked,status,created_at,updated_at) VALUES ('pisniua_2340665','На Схід!','Музика: Мар''ян Ганусяк Слова: Богдан Ковальчин, Мар''ян Ганусяк. Виконує: Богдан Ковальчин, Віктор Винник','uk','ukraine_1991',NULL,NULL,'аудіозапис',NULL,'Застигла кава на вікні, як душа...
Ще крикну - і пошлеш мене зненацька.
Сигарету і чашку кави...
Буває так, що не знаходжу лівих-правих...
Старий наплічник на спині, як тягар,
Що заберу з собою, не залишу спомин.
Затерте фото і лист сльозами -
Все, що залишиться на згадку днів яскравих...

Приспів:
Прощай, кохана!.. Це твоя драма -
Забирай собі і спи сама,
А я поїду на Схід...
Ти спи сама... А я поїду на Схід,
Бо там два моїх кєнта...
А я поїду на схід!.. Не вставай, мала!
А я поїду на Схід зустрічати ранок!..

Гаряче сонце вдалині, як зоря,
Що збереже у темряві сліпої злоби.
По той бік щастя - ти жива,
По цей бік днів -
Один лиш чорно-білий спокій...

Приспів. (2)

Зустрічати ранок...
Зустрічати ранок...','["pisni.org.ua", "cat:ato", "Пісні російсько-української війни та АТО"]',1,'published',COALESCE((SELECT created_at FROM songs WHERE id='pisniua_2340665'), datetime('now')),datetime('now'));
INSERT OR REPLACE INTO songs_fts(song_id,title,lyrics) VALUES ('pisniua_2340665','На Схід!','Застигла кава на вікні, як душа...
Ще крикну - і пошлеш мене зненацька.
Сигарету і чашку кави...
Буває так, що не знаходжу лівих-правих...
Старий наплічник на спині, як тягар,
Що заберу з собою, не залишу спомин.
Затерте фото і лист сльозами -
Все, що залишиться на згадку днів яскравих...

Приспів:
Прощай, кохана!.. Це твоя драма -
Забирай собі і спи сама,
А я поїду на Схід...
Ти спи сама... А я поїду на Схід,
Бо там два моїх кєнта...
А я поїду на схід!.. Не вставай, мала!
А я поїду на Схід зустрічати ранок!..

Гаряче сонце вдалині, як зоря,
Що збереже у темряві сліпої злоби.
По той бік щастя - ти жива,
По цей бік днів -
Один лиш чорно-білий спокій...

Приспів. (2)

Зустрічати ранок...
Зустрічати ранок...');
INSERT OR REPLACE INTO song_links (id,song_id,title,url,kind,version_id,sort_order) VALUES ('pisniua_2340665_l1','pisniua_2340665','YouTube','https://www.youtube.com/watch?v=bKaGJFWxGiA','video',NULL,1);
INSERT OR REPLACE INTO songs (id,title,subtitle,lang,country,period,year,source,notes,lyrics,tags_json,lang_locked,status,created_at,updated_at) VALUES ('pisniua_234111','Ой зза Гори зза Крутої зійшов Місяць ще й з Зорою','Українська народна пісня','uk','ukraine_before_1917',NULL,NULL,'Співаймо Світові-Дитині © Видавництво "Павутинонька", Нью Йорк – Львів – Київ – Харків – Москва, 2004','Пасла Маланка Два Качура Символіка Щедрого Вечера і Василя. Щедрий Вечер, 13-14 січня, зачинається властиво під Новий Рік (7 днів наперед Богоявління — символ Місячний!), т. є. в вечер перед св. Василя. Це особливо улюблене Українське свято: мітичного Василя і Маланки, — є найщирішим шануванням Місяця з його женихальними мотивами (ними переповнені Щедрівки). Тоді мітичну постать Василя мішають часто з мітольоґійно-Місячною постаттю Іллї — Ілії, який є в Українського народу покровителем урожаїв збіжжя, особливо жита (сніп жита, дід Ілля, — в часі жнив, — це постава Місяця). Стежки до інших листків про Українські традиції. Громадська організація "Арт Екзистенція", Українська експериментальна лабораторія фольклору, Мистецьке агентство "Арт Велес" та Українсько-британське спільне підприємство "Комора" презентують проект "МОЯ УКРАЇНА. БЕРВИ", основна мета якого - показати багатства народної творчості українців. Народна культура та мистецтво українців справедливо вважаються одними з найбагатших надбань культурної скарбниці європейських націй. Проти фольклору боролася церква, його забороняли імперські та радянські укази намагаючись спотворити його сутність банальним псевдофольклором, але фольклор з його глибинною пам''яттю в кілька тисячоліть виявився надзвичайно життєздатним. Схоже на те, що фольклорну традицію може перемогти тільки Час, наступ нової цивілізації. Ми, мабуть, останнє покоління, якому надана можливість зафіксувати кращі зразки традиційної культури, зберегти їх для нащадків, адже живих носіїв автентичного фольклору стає все менше. Протягом ХХ ст. фахівцям-ентузіастам вдалося записати тисячі народних пісень, награвань, творів усної народної творчості, що зберігаються в архівах відповідних державних інституцій. Сьогодні ми ризикуємо втратити цей неоціненний скарб: велика частина унікальних фоноархівів самознищується внаслідок осипання магнітних плівок під дією часу. ("Моя Україна" - автентична музика на СD - http://media.topping.com.ua/printnews/90851.html)','Ой зза Гори зза Крутої
Зійшов Місяць ще й з Зорою | (2)

Зійшов Місяць ще й Зора Ясна
Наша Маланка Качура пасла  | (2)

Пасла-пасла тай загубила
В Чистім Полю заблудила    | (2)

Приблудила в Чистеє Поле
А там Василь Плужком оре   | (2)

Плужком оре Жито сіє
За ним Жито зеленіє        | (2)

Ой Василю-Василечку
Виведи мене на Доріжечку   | (2)

Виведи мене на Дорожечку
Посію Тебе я в Городечку   | (2)

Буду я Тебе шанувати
Три рази на день поливати  | (2)

Три рази на день поливати
Щосуботи проривати         | (2)

Щосуботи проривати
За русу косу закладати     | (2)

Руса коса до пояса
Розчесана до волоса        | (2)

За поясом Червона Квітка
Наша Маланка Гарная Дівка  | (2)

Якби Маланка совість мала
Вона б до Хати нас забрала | (2)

Вона б до Хати нас забрала
Четверть Горілки на стіл поклала | (2)

Четверть Горілки Пару Колачів
Пару Колачів Дівку в додачі | (2)    Заспів (mp3)','["pisni.org.ua", "cat:shchedrivky", "Щедрівки"]',1,'published',COALESCE((SELECT created_at FROM songs WHERE id='pisniua_234111'), datetime('now')),datetime('now'));
INSERT OR REPLACE INTO songs_fts(song_id,title,lyrics) VALUES ('pisniua_234111','Ой зза Гори зза Крутої зійшов Місяць ще й з Зорою','Ой зза Гори зза Крутої
Зійшов Місяць ще й з Зорою | (2)

Зійшов Місяць ще й Зора Ясна
Наша Маланка Качура пасла  | (2)

Пасла-пасла тай загубила
В Чистім Полю заблудила    | (2)

Приблудила в Чистеє Поле
А там Василь Плужком оре   | (2)

Плужком оре Жито сіє
За ним Жито зеленіє        | (2)

Ой Василю-Василечку
Виведи мене на Доріжечку   | (2)

Виведи мене на Дорожечку
Посію Тебе я в Городечку   | (2)

Буду я Тебе шанувати
Три рази на день поливати  | (2)

Три рази на день поливати
Щосуботи проривати         | (2)

Щосуботи проривати
За русу косу закладати     | (2)

Руса коса до пояса
Розчесана до волоса        | (2)

За поясом Червона Квітка
Наша Маланка Гарная Дівка  | (2)

Якби Маланка совість мала
Вона б до Хати нас забрала | (2)

Вона б до Хати нас забрала
Четверть Горілки на стіл поклала | (2)

Четверть Горілки Пару Колачів
Пару Колачів Дівку в додачі | (2)    Заспів (mp3)');
INSERT OR REPLACE INTO songs (id,title,subtitle,lang,country,period,year,source,notes,lyrics,tags_json,lang_locked,status,created_at,updated_at) VALUES ('pisniua_234124','Наша Маланка Дністрованка','Українська народна пісня','uk','ukraine_before_1917',NULL,NULL,'Співаймо Світові-Дитині © Видавництво "Павутинонька", Нью Йорк – Львів – Київ – Харків – Москва, 2004','Пасла Маланка Два Качура Символіка Щедрого Вечера і Василя. Щедрий Вечер, 13-14 січня, зачинається властиво під Новий Рік (7 днів наперед Богоявління — символ Місячний!), т. є. в вечер перед св. Василя. Це особливо улюблене Українське свято: мітичного Василя і Маланки, — є найщирішим шануванням Місяця з його женихальними мотивами (ними переповнені Щедрівки). Тоді мітичну постать Василя мішають часто з мітольоґійно-Місячною постаттю Іллї — Ілії, який є в Українського народу покровителем урожаїв збіжжя, особливо жита (сніп жита, дід Ілля, — в часі жнив, — це постава Місяця). Стежки до інших листків про Українські традиції.','Наша Маланка Дністрованка
Дністром плила ноги мила | (2)

Дністром плила ноги мила
Тонкий Фартух замочила   | (2)

Повій Вітре Буйнесенький
Висуш Фартух Тонесенький | (2)

Повій Вітре на Болото
Висуш Фартух як Золото   | (2)

Наша Маланка Господиня
Як помастить так помиє   | (2)

Горшки-миски під Лавою
Тай заросли Муравою      | (2)

А Тарелі на Полиці
Тай заросли Муравицем(й) | (2)    Заспів (mp3)','["pisni.org.ua", "cat:kolyadky", "cat:shchedrivky", "Колядки", "Щедрівки"]',1,'published',COALESCE((SELECT created_at FROM songs WHERE id='pisniua_234124'), datetime('now')),datetime('now'));
INSERT OR REPLACE INTO songs_fts(song_id,title,lyrics) VALUES ('pisniua_234124','Наша Маланка Дністрованка','Наша Маланка Дністрованка
Дністром плила ноги мила | (2)

Дністром плила ноги мила
Тонкий Фартух замочила   | (2)

Повій Вітре Буйнесенький
Висуш Фартух Тонесенький | (2)

Повій Вітре на Болото
Висуш Фартух як Золото   | (2)

Наша Маланка Господиня
Як помастить так помиє   | (2)

Горшки-миски під Лавою
Тай заросли Муравою      | (2)

А Тарелі на Полиці
Тай заросли Муравицем(й) | (2)    Заспів (mp3)');
INSERT OR REPLACE INTO song_links (id,song_id,title,url,kind,version_id,sort_order) VALUES ('pisniua_234124_l1','pisniua_234124','YouTube','https://www.youtube.com/watch?v=xZ3Flsr9v3k','video',NULL,1);
INSERT OR REPLACE INTO songs (id,title,subtitle,lang,country,period,year,source,notes,lyrics,tags_json,lang_locked,status,created_at,updated_at) VALUES ('pisniua_2340859','Гопак','Музика: Олександр Злотник Слова: Леонід Ямковий','uk','ukraine_1991',NULL,NULL,'аудіозапис','Пісню виконує ансамбль "Цьомочки", художній керівник - Галина Равлінко.','Щоб зробить таке веселе,
Щоб в усіх-усіх оселях
Діти радісні були?
Нумо, разом почали!

Приспів:
Гей, гоп, гопака,     |
Ось тобі моя рука.    |
Узялися всі за руки,  |
Вище, вище закаблуки! | (2)

Щоб зробить таке хороше,
Щоб розвіялась пороша,
І на вулиці моїй
Заспівали солов''ї?

Приспів.

Щоб зробить таке важливе,
Щоб усі були щасливі?
Ти і я, вони і ми,
Ну, подумайте самі.

Приспів.','["pisni.org.ua", "cat:dytyachi", "Дитячі пісні"]',1,'published',COALESCE((SELECT created_at FROM songs WHERE id='pisniua_2340859'), datetime('now')),datetime('now'));
INSERT OR REPLACE INTO songs_fts(song_id,title,lyrics) VALUES ('pisniua_2340859','Гопак','Щоб зробить таке веселе,
Щоб в усіх-усіх оселях
Діти радісні були?
Нумо, разом почали!

Приспів:
Гей, гоп, гопака,     |
Ось тобі моя рука.    |
Узялися всі за руки,  |
Вище, вище закаблуки! | (2)

Щоб зробить таке хороше,
Щоб розвіялась пороша,
І на вулиці моїй
Заспівали солов''ї?

Приспів.

Щоб зробить таке важливе,
Щоб усі були щасливі?
Ти і я, вони і ми,
Ну, подумайте самі.

Приспів.');
INSERT OR REPLACE INTO song_links (id,song_id,title,url,kind,version_id,sort_order) VALUES ('pisniua_2340859_l1','pisniua_2340859','YouTube','https://www.youtube.com/watch?v=9KwicPnJ_Bk','video',NULL,1);
INSERT OR REPLACE INTO song_links (id,song_id,title,url,kind,version_id,sort_order) VALUES ('pisniua_2340859_l2','pisniua_2340859','YouTube','https://www.youtube.com/watch?v=DUOnvzmwL38','video',NULL,2);
INSERT OR REPLACE INTO song_links (id,song_id,title,url,kind,version_id,sort_order) VALUES ('pisniua_2340859_l3','pisniua_2340859','YouTube','https://www.youtube.com/watch?v=scr4x7vPt-Y','video',NULL,3);
INSERT OR REPLACE INTO songs (id,title,subtitle,lang,country,period,year,source,notes,lyrics,tags_json,lang_locked,status,created_at,updated_at) VALUES ('pisniua_2342073','Не журись, не сумуй!','Музика: Євген Рибчинський Слова: Євген Рибчинський','uk','ukraine_1991',NULL,NULL,'аудіозапис',NULL,'Не журись, не сумуй! Не сумуй, не журись!
Ти просив у небес проливного дощу.
Дика спека спалила увесь твій врожай,
Ти вважав, що тобі геть усе по плечу...
Тобі небо вказало, де твоя межа.
Ти казав тим, хто плакав: Надійся і вір!,
Але твій довгий шлях зупинила стіна,
Ти благав і молився за спокій і мир,
А наступного дня почалася війна...

Приспів:
Не журись, не сумуй!
Не сумуй, не журись!
Як сказав Соломон: "Все минеться!"
Не журись, не сумуй!
Не сумуй, посміхнись!
Тоді доля тобі посміхнеться...

Ти від відчаю плакав, від болю кричав,
Ти шукав справедливість в поту і крові,
Ти відстоював правду, людей захищав,
Люди подали позов в надії твої...
Ти кохав до нестями, був вірним, як пес,
Вона збігла з коханцем, поки ти спав,
Ти пішов на війну, там помер і воскрес,
Поки ти воював, банк оселю забрав.
Ти просив, аби небо забрало тебе,
Ти хотів самостійно піти в небуття,
Ти з балкону у небо стрибнув голубе,
Та сусід врятував твоє гірке життя...

Приспів.','["pisni.org.ua", "cat:ato", "Пісні російсько-української війни та АТО"]',1,'published',COALESCE((SELECT created_at FROM songs WHERE id='pisniua_2342073'), datetime('now')),datetime('now'));
INSERT OR REPLACE INTO songs_fts(song_id,title,lyrics) VALUES ('pisniua_2342073','Не журись, не сумуй!','Не журись, не сумуй! Не сумуй, не журись!
Ти просив у небес проливного дощу.
Дика спека спалила увесь твій врожай,
Ти вважав, що тобі геть усе по плечу...
Тобі небо вказало, де твоя межа.
Ти казав тим, хто плакав: Надійся і вір!,
Але твій довгий шлях зупинила стіна,
Ти благав і молився за спокій і мир,
А наступного дня почалася війна...

Приспів:
Не журись, не сумуй!
Не сумуй, не журись!
Як сказав Соломон: "Все минеться!"
Не журись, не сумуй!
Не сумуй, посміхнись!
Тоді доля тобі посміхнеться...

Ти від відчаю плакав, від болю кричав,
Ти шукав справедливість в поту і крові,
Ти відстоював правду, людей захищав,
Люди подали позов в надії твої...
Ти кохав до нестями, був вірним, як пес,
Вона збігла з коханцем, поки ти спав,
Ти пішов на війну, там помер і воскрес,
Поки ти воював, банк оселю забрав.
Ти просив, аби небо забрало тебе,
Ти хотів самостійно піти в небуття,
Ти з балкону у небо стрибнув голубе,
Та сусід врятував твоє гірке життя...

Приспів.');
INSERT OR REPLACE INTO song_links (id,song_id,title,url,kind,version_id,sort_order) VALUES ('pisniua_2342073_l1','pisniua_2342073','YouTube','https://www.youtube.com/watch?v=NbEHf6LXr74','video',NULL,1);
INSERT OR REPLACE INTO songs (id,title,subtitle,lang,country,period,year,source,notes,lyrics,tags_json,lang_locked,status,created_at,updated_at) VALUES ('pisniua_2342522','З днем народження, бабуся!','Музика: Жанна Колмагорова Слова: Жанна Колмагорова','uk','ukraine_1991',NULL,NULL,'аудіозапис',NULL,'У мій день народження
Ти стала бабусею,
Ти про мене дуже довго мріяла,
Довго чекала і ходила колами,
Ти про мене щогодини говорила...
Перед тобою вдячна внучка,
В руках у мене не блокнот і не ручка,
Прямо зі сцени тебе вітаю:
Дуже люблю, бути коханою бажаю!

Приспів:
З днем народження, бабуся!
Цю пісню я тобі дарую!
З днем народження, бабуся!
Як же сильно я тебе люблю!
Ти ж знаєш, бабуся,
Для мене ти - самий вірний друг,
Не зможу я, бабуся,
Без тепла твоїх ніжних рук!

Перші літери, перші склади,
Ось ми з тобою на шкільному порозі,
Перший учитель і ти зі мною поруч,
Поруч зі мною і серцем, і поглядом.
Перед тобою вдячна внучка,
В руках у мене не блокнот і не ручка,
Прямо зі сцени тебе вітаю:
Дуже люблю, бути коханою бажаю!

Приспів.

З днем народження, бабуся!','["pisni.org.ua", "cat:pro-batkiv", "Пісні про любов до батьків"]',1,'published',COALESCE((SELECT created_at FROM songs WHERE id='pisniua_2342522'), datetime('now')),datetime('now'));
INSERT OR REPLACE INTO songs_fts(song_id,title,lyrics) VALUES ('pisniua_2342522','З днем народження, бабуся!','У мій день народження
Ти стала бабусею,
Ти про мене дуже довго мріяла,
Довго чекала і ходила колами,
Ти про мене щогодини говорила...
Перед тобою вдячна внучка,
В руках у мене не блокнот і не ручка,
Прямо зі сцени тебе вітаю:
Дуже люблю, бути коханою бажаю!

Приспів:
З днем народження, бабуся!
Цю пісню я тобі дарую!
З днем народження, бабуся!
Як же сильно я тебе люблю!
Ти ж знаєш, бабуся,
Для мене ти - самий вірний друг,
Не зможу я, бабуся,
Без тепла твоїх ніжних рук!

Перші літери, перші склади,
Ось ми з тобою на шкільному порозі,
Перший учитель і ти зі мною поруч,
Поруч зі мною і серцем, і поглядом.
Перед тобою вдячна внучка,
В руках у мене не блокнот і не ручка,
Прямо зі сцени тебе вітаю:
Дуже люблю, бути коханою бажаю!

Приспів.

З днем народження, бабуся!');
INSERT OR REPLACE INTO songs (id,title,subtitle,lang,country,period,year,source,notes,lyrics,tags_json,lang_locked,status,created_at,updated_at) VALUES ('pisniua_2341920','Вірю','Музика: В''ячеслав Рибіков Слова: В''ячеслав Рибіков. Виконує: В''ячеслав Рибіков, Брія Блессінг','uk','ukraine_1991',NULL,NULL,'https://www.youtube.com/watch?v=t-jX7M19CB0&list=RDMMt-jX7M19CB0','Патріотичні пісні, Пісні АТО.','Відчуваєш чи ні, як горить земля?
Під ногами твоїми лежить зброя,
Ти не можеш повірить, що бачиш Ти
Твоє серце палає у вогні...

Приспів:
Вірю я, весна прийде
Разом скажем: "Ні війні!"
Нам поможе Бог встати -
Будемо завжди вільні!

Я Бажаю, щоб мир прийшов в серця!
Кожна людина мріє жити, де весна!
І нехай ми відчуваємо, як сонце гріє,
Це є те, про що кожен мріє!

Приспів. (2)','["pisni.org.ua", "cat:ato", "Пісні російсько-української війни та АТО"]',1,'published',COALESCE((SELECT created_at FROM songs WHERE id='pisniua_2341920'), datetime('now')),datetime('now'));
INSERT OR REPLACE INTO songs_fts(song_id,title,lyrics) VALUES ('pisniua_2341920','Вірю','Відчуваєш чи ні, як горить земля?
Під ногами твоїми лежить зброя,
Ти не можеш повірить, що бачиш Ти
Твоє серце палає у вогні...

Приспів:
Вірю я, весна прийде
Разом скажем: "Ні війні!"
Нам поможе Бог встати -
Будемо завжди вільні!

Я Бажаю, щоб мир прийшов в серця!
Кожна людина мріє жити, де весна!
І нехай ми відчуваємо, як сонце гріє,
Це є те, про що кожен мріє!

Приспів. (2)');
INSERT OR REPLACE INTO songs (id,title,subtitle,lang,country,period,year,source,notes,lyrics,tags_json,lang_locked,status,created_at,updated_at) VALUES ('pisniua_234199','Ходить Ілля на Василя','Українська народна пісня','uk','ukraine_before_1917',NULL,NULL,'Співаймо Світові-Дитині © Видавництво "Павутинонька", Нью Йорк – Львів – Київ – Харків – Москва, 2004','Відміна 1: Ходе Ілля на Василя Пасла Маланка Два Качура Роди Боже Жито й Пшеницю. Символіка Щедрого Вечера і Василя. Щедрий Вечер, 13-14 січня, зачинається властиво під Новий Рік (7 днів наперед Богоявління — символ Місячний!), т. є. в вечер перед св. Василя. Це особливо улюблене Українське свято: мітичного Василя і Маланки, — є найщирішим шануванням Місяця з його женихальними мотивами (ними переповнені Щедрівки). Тоді мітичну постать Василя мішають часто з мітольоґійно-Місячною постаттю Іллї — Ілії, який є в Українського народу покровителем урожаїв збіжжя, особливо жита (сніп жита, дід Ілля, — в часі жнив, — це постава Місяця). Стежки до інших листків про Українські традиції.','Відміна 2:

Ходить Ілля на Василя
Сіє Xугу Життяную
Де сіє там промовляє
Зароди Боже Жито-Пшеницю
І Всяку Пашницю
На Щастя на Здоров''я
На Многая Літа
Щоб у Полі Зерно
А в Xаті Добро!

Відміна 3:

Ходить Ілля на Василя
Носить Пугу Житяную
Де замахне Жито росте
Роди Боже Жито-Пшеницю
Всяку Пашницю
У Полі Ядро а в Домі Добро!

Відміна 4:

Ходить Ілля на Василя
Носить Пугу Житяную
Де замахне Жито росте
Роди Боже Жито-Пшеницю
Всяку Пашницю.
У Полі Ядро
А в Домі Добро!

Відміна 5:

Ходить Ілля на Василя
Куди махне Жито пахне
З Того Колосочка Жита Бочка
Добривечір!

Відміна 6:

Ходить Ілля на Василя
Носить Пугу Житяную
А Другую Просяную
Він сюди махне і туди махне
Усе Житом заросте.
Уроди Боже Жито-Пшеницю
І Всяку Пашницю
У Полі Зерно - а в Домі Добро
На Току Ворошок - а в Печі Пирожок
А мені Пирогів у Мішок!','["pisni.org.ua", "cat:shchedrivky", "Щедрівки"]',1,'published',COALESCE((SELECT created_at FROM songs WHERE id='pisniua_234199'), datetime('now')),datetime('now'));
INSERT OR REPLACE INTO songs_fts(song_id,title,lyrics) VALUES ('pisniua_234199','Ходить Ілля на Василя','Відміна 2:

Ходить Ілля на Василя
Сіє Xугу Життяную
Де сіє там промовляє
Зароди Боже Жито-Пшеницю
І Всяку Пашницю
На Щастя на Здоров''я
На Многая Літа
Щоб у Полі Зерно
А в Xаті Добро!

Відміна 3:

Ходить Ілля на Василя
Носить Пугу Житяную
Де замахне Жито росте
Роди Боже Жито-Пшеницю
Всяку Пашницю
У Полі Ядро а в Домі Добро!

Відміна 4:

Ходить Ілля на Василя
Носить Пугу Житяную
Де замахне Жито росте
Роди Боже Жито-Пшеницю
Всяку Пашницю.
У Полі Ядро
А в Домі Добро!

Відміна 5:

Ходить Ілля на Василя
Куди махне Жито пахне
З Того Колосочка Жита Бочка
Добривечір!

Відміна 6:

Ходить Ілля на Василя
Носить Пугу Житяную
А Другую Просяную
Він сюди махне і туди махне
Усе Житом заросте.
Уроди Боже Жито-Пшеницю
І Всяку Пашницю
У Полі Зерно - а в Домі Добро
На Току Ворошок - а в Печі Пирожок
А мені Пирогів у Мішок!');
INSERT OR REPLACE INTO songs (id,title,subtitle,lang,country,period,year,source,notes,lyrics,tags_json,lang_locked,status,created_at,updated_at) VALUES ('pisniua_234251','Сиплю на Вас Жито щоб довго Вам жити','Українська народна пісня','uk','ukraine_before_1917',NULL,NULL,'Співаймо Світові-Дитині © Видавництво "Павутинонька", Нью Йорк – Львів – Київ – Харків – Москва, 2004','Пасла Маланка Два Качура Роди Боже Жито й Пшеницю. Символіка Щедрого Вечера і Василя. Щедрий Вечер, 13-14 січня, зачинається властиво під Новий Рік (7 днів наперед Богоявління — символ Місячний!), т. є. в вечер перед св. Василя. Це особливо улюблене Українське свято: мітичного Василя і Маланки, — є найщирішим шануванням Місяця з його женихальними мотивами (ними переповнені Щедрівки). Тоді мітичну постать Василя мішають часто з мітольоґійно-Місячною постаттю Іллї — Ілії, який є в Українського народу покровителем урожаїв збіжжя, особливо жита (сніп жита, дід Ілля, — в часі жнив, — це постава Місяця). Стежки до інших листків про Українські традиції.','Сиплю на Вас Жито щоб довго Вам жити
Ще й Пшеницю Яру щоб горя не знали
Сиплю на Вас Просо щоб мирно жилося
Сиплю й Овес щоб Вами гордився Рід увесь
На Щастя на Здоров''я !','["pisni.org.ua", "cat:kolyadky", "cat:shchedrivky", "Колядки", "Щедрівки"]',1,'published',COALESCE((SELECT created_at FROM songs WHERE id='pisniua_234251'), datetime('now')),datetime('now'));
INSERT OR REPLACE INTO songs_fts(song_id,title,lyrics) VALUES ('pisniua_234251','Сиплю на Вас Жито щоб довго Вам жити','Сиплю на Вас Жито щоб довго Вам жити
Ще й Пшеницю Яру щоб горя не знали
Сиплю на Вас Просо щоб мирно жилося
Сиплю й Овес щоб Вами гордився Рід увесь
На Щастя на Здоров''я !');
INSERT OR REPLACE INTO songs (id,title,subtitle,lang,country,period,year,source,notes,lyrics,tags_json,lang_locked,status,created_at,updated_at) VALUES ('pisniua_234216','На Щастя на Здоров''я на Новий Рік','Українська народна пісня','uk','ukraine_before_1917',NULL,NULL,'Співаймо Світові-Дитині © Видавництво "Павутинонька", Нью Йорк – Львів – Київ – Харків – Москва, 2004','Пасла Маланка Два Качура Роди Боже Жито й Пшеницю. Символіка Щедрого Вечера і Василя. Щедрий Вечер, 13-14 січня, зачинається властиво під Новий Рік (7 днів наперед Богоявління — символ Місячний!), т. є. в вечер перед св. Василя. Це особливо улюблене Українське свято: мітичного Василя і Маланки, — є найщирішим шануванням Місяця з його женихальними мотивами (ними переповнені Щедрівки). Тоді мітичну постать Василя мішають часто з мітольоґійно-Місячною постаттю Іллї — Ілії, який є в Українського народу покровителем урожаїв збіжжя, особливо жита (сніп жита, дід Ілля, — в часі жнив, — це постава Місяця). Стежки до інших листків про Українські традиції.','Відміна 1:

На Щастя на Здоров''я на Новий Рік
Аби вам си родило
Краще як торік
Жито-Пшениця
Всяка Пашниця
Колопні по стелю
Сорочка по землю
А Лен по коліна
Аби вас хрещених
Голова не боліла
Будьте здорові
З Новим Роком! З Василем!

Відміна 2:

На Щастя на Здоров''я на Новий Рік !
Роди Боже лучче чим торік
Жито-Пшеницю Всяку Паляницю
Картоплю як довбня Коноплі під стелю
Льон по коліна щоб у Вас ні спина ні голова не боліли
Здрастуйте з Новим Роком !

Відміна 3:

На Щастя на Здоров''я на Новий Рік !
Роди Боже Жито-Пшеницю і Всяку Пашницю
Із Снопика мірка а з Колоска жмінька !

Відміна 4:

На Щастя на Здоров''я на Новий Рік !
Роди Боже Жито-Пшеницю і Всяку Пашницю
Коноплі під стелю Льон по коліна
Щоб у Ваших хрещених голова не боліла
Будьте здорові з Святом та з Новим Роком !

Відміна 5:

На Щастя на Здоров''я на Новий Год !
Дай Боже Жито-Пшеницю
Всяку Паляницю і Дітей копицю
З Новим Роком Вас вітаєм
Щастя й Долі Вам бажаєм
Щоб у Вашому Селі було повно на Столі','["pisni.org.ua", "cat:kolyadky", "cat:shchedrivky", "Колядки", "Щедрівки"]',1,'published',COALESCE((SELECT created_at FROM songs WHERE id='pisniua_234216'), datetime('now')),datetime('now'));
INSERT OR REPLACE INTO songs_fts(song_id,title,lyrics) VALUES ('pisniua_234216','На Щастя на Здоров''я на Новий Рік','Відміна 1:

На Щастя на Здоров''я на Новий Рік
Аби вам си родило
Краще як торік
Жито-Пшениця
Всяка Пашниця
Колопні по стелю
Сорочка по землю
А Лен по коліна
Аби вас хрещених
Голова не боліла
Будьте здорові
З Новим Роком! З Василем!

Відміна 2:

На Щастя на Здоров''я на Новий Рік !
Роди Боже лучче чим торік
Жито-Пшеницю Всяку Паляницю
Картоплю як довбня Коноплі під стелю
Льон по коліна щоб у Вас ні спина ні голова не боліли
Здрастуйте з Новим Роком !

Відміна 3:

На Щастя на Здоров''я на Новий Рік !
Роди Боже Жито-Пшеницю і Всяку Пашницю
Із Снопика мірка а з Колоска жмінька !

Відміна 4:

На Щастя на Здоров''я на Новий Рік !
Роди Боже Жито-Пшеницю і Всяку Пашницю
Коноплі під стелю Льон по коліна
Щоб у Ваших хрещених голова не боліла
Будьте здорові з Святом та з Новим Роком !

Відміна 5:

На Щастя на Здоров''я на Новий Год !
Дай Боже Жито-Пшеницю
Всяку Паляницю і Дітей копицю
З Новим Роком Вас вітаєм
Щастя й Долі Вам бажаєм
Щоб у Вашому Селі було повно на Столі');
INSERT OR REPLACE INTO songs (id,title,subtitle,lang,country,period,year,source,notes,lyrics,tags_json,lang_locked,status,created_at,updated_at) VALUES ('pisniua_2346498','Сімейний скарб','Музика: Андрій Ліпінський Слова: Андрій Ліпінський. Виконує: Андрій Ліпінський','uk','ukraine_1991',NULL,NULL,'аудіозапис',NULL,'Ці слова я скажу тобі,
Що ти - скарб у моєму житті,
Ти дана мені з висоти небес,
Ми - сім''я тепер
І в нас син росте!

Приспів:
Я вдячний Богу за все, що є!
Іде рік за роком - і син росте!
Пройдуть роки й наступить час
І син піде в життя шукати скарб!
Дарую я тобі букет троянд,
Ціную я в тобі - це твій талант:
Кохати вірно так вмієш ти,
Усмішки щирої більш не знайти!

Ти є сяйво, що сліпить в ночі,
Ти є муза й натхнення мені,
Ти є квітка, що цвіте завжди,
Мені - жінка, мати - синові!

Приспів.

Пригорну тебе до свого плеча,
Затремтить в душі,
Виступить сльоза
Це вони - ці сльози радості,
Які ллються з глибини душі!

Приспів.','["pisni.org.ua", "cat:devoted", "Пісні присвячені окремим особам"]',1,'published',COALESCE((SELECT created_at FROM songs WHERE id='pisniua_2346498'), datetime('now')),datetime('now'));
INSERT OR REPLACE INTO songs_fts(song_id,title,lyrics) VALUES ('pisniua_2346498','Сімейний скарб','Ці слова я скажу тобі,
Що ти - скарб у моєму житті,
Ти дана мені з висоти небес,
Ми - сім''я тепер
І в нас син росте!

Приспів:
Я вдячний Богу за все, що є!
Іде рік за роком - і син росте!
Пройдуть роки й наступить час
І син піде в життя шукати скарб!
Дарую я тобі букет троянд,
Ціную я в тобі - це твій талант:
Кохати вірно так вмієш ти,
Усмішки щирої більш не знайти!

Ти є сяйво, що сліпить в ночі,
Ти є муза й натхнення мені,
Ти є квітка, що цвіте завжди,
Мені - жінка, мати - синові!

Приспів.

Пригорну тебе до свого плеча,
Затремтить в душі,
Виступить сльоза
Це вони - ці сльози радості,
Які ллються з глибини душі!

Приспів.');
INSERT OR REPLACE INTO songs (id,title,subtitle,lang,country,period,year,source,notes,lyrics,tags_json,lang_locked,status,created_at,updated_at) VALUES ('pisniua_234498','Ей, заграйте, гудаци','Українська народна пісня','uk','ukraine_before_1917',NULL,NULL,'1. Самвидавний туристський пісенник "Там на Лемковині помедже горами". - Літо, 1981.','Діалектизми: гудаци - музиканти, музики (на скрипці); калап - капелюх; мойой - моєї; ня - мене; павур - павич; стівка - сотня, сотка; тать - бо, адже.','Dm
Ей, заграйте, гудаци,
Ей, тать я вам заплачу,
Ей, хоць останню стівку, |
Dm
Ей, я при вас утрачу.    |(2)

Ей, голосе, голосе,
Ей, най тя вітор несе,
Ей, зверху до долини,    |
Ей, до мойой дівчини.    |(2)

Ей, ношу за калапом,
Ей, із павуря перце,
Ей, піду я до милой,     |
Ей, бо ня болит серце.   |(2)','["pisni.org.ua", "cat:lemkivski", "Лемківські пісні"]',1,'published',COALESCE((SELECT created_at FROM songs WHERE id='pisniua_234498'), datetime('now')),datetime('now'));
INSERT OR REPLACE INTO songs_fts(song_id,title,lyrics) VALUES ('pisniua_234498','Ей, заграйте, гудаци','Dm
Ей, заграйте, гудаци,
Ей, тать я вам заплачу,
Ей, хоць останню стівку, |
Dm
Ей, я при вас утрачу.    |(2)

Ей, голосе, голосе,
Ей, най тя вітор несе,
Ей, зверху до долини,    |
Ей, до мойой дівчини.    |(2)

Ей, ношу за калапом,
Ей, із павуря перце,
Ей, піду я до милой,     |
Ей, бо ня болит серце.   |(2)');
INSERT OR REPLACE INTO songs (id,title,subtitle,lang,country,period,year,source,notes,lyrics,tags_json,lang_locked,status,created_at,updated_at) VALUES ('pisniua_2345675','Свято Миколая','Музика: Віталій Лазаренко Слова: Раїса Обшарська','uk','ukraine_1991',NULL,NULL,'аудіозапис',NULL,'Дожидаються дорослі,
Діточки чекають
Того дня, коли настане
Свято Миколая.
Як прийде святий угодник
До нашої хати,
То у дзвоники задзвонять
Божі янголята.

Завітає і в багату,
І в бідну родину,
Не обмине, не покине
Найменшу хатину:
І цукерки та іграшки,
І бубликів в''язку
Подарує чемним дітям,
Ще й добро та ласку.

Тихесенько під подушку
Дари поскладає,
І чарівна добра казка
В танці закружляє.
І над цілою землею
Зорі засіяють,
Бо святого Миколая
Увесь рік чекають...','["pisni.org.ua", "cat:svyatyy-mykolay", "Пісні про Святого Миколая"]',1,'published',COALESCE((SELECT created_at FROM songs WHERE id='pisniua_2345675'), datetime('now')),datetime('now'));
INSERT OR REPLACE INTO songs_fts(song_id,title,lyrics) VALUES ('pisniua_2345675','Свято Миколая','Дожидаються дорослі,
Діточки чекають
Того дня, коли настане
Свято Миколая.
Як прийде святий угодник
До нашої хати,
То у дзвоники задзвонять
Божі янголята.

Завітає і в багату,
І в бідну родину,
Не обмине, не покине
Найменшу хатину:
І цукерки та іграшки,
І бубликів в''язку
Подарує чемним дітям,
Ще й добро та ласку.

Тихесенько під подушку
Дари поскладає,
І чарівна добра казка
В танці закружляє.
І над цілою землею
Зорі засіяють,
Бо святого Миколая
Увесь рік чекають...');
INSERT OR REPLACE INTO songs (id,title,subtitle,lang,country,period,year,source,notes,lyrics,tags_json,lang_locked,status,created_at,updated_at) VALUES ('pisniua_2341192','Червона калино.','Слова: Володимир Дашавський','uk','ukraine_before_1917',NULL,NULL,'авторське подання',NULL,'Калино, червона калино,
Який гарний твій білий цвіт,
Дівчино, моя люба дівчино,
Не милий мені без тебе світ.

Калино, кучерява калино,
Гарні червоні грона твої.
Дівчино,молодая дівчино,
Чому без тебе сумні мої  дні.

Калино, пишна калино,
Ягоди соком ти  наливаєш,
Скажи мені лісовая красуне,
Чи когось щиро кохаєш?.

Кохаєш його дуже щиро,
Ягідки для нього тримаєш
Посміхаєшся  йому мило,
І листочками його обнімаєш.

Калинонька  посміхнулась,
До дуба листком доторкнулась,
Тільки тебе я, дубочку, кохаю,
І ягідки спілі тобі тримаю...','["pisni.org.ua", "cat:boykivski", "Пісні з Бойківщини"]',1,'published',COALESCE((SELECT created_at FROM songs WHERE id='pisniua_2341192'), datetime('now')),datetime('now'));
INSERT OR REPLACE INTO songs_fts(song_id,title,lyrics) VALUES ('pisniua_2341192','Червона калино.','Калино, червона калино,
Який гарний твій білий цвіт,
Дівчино, моя люба дівчино,
Не милий мені без тебе світ.

Калино, кучерява калино,
Гарні червоні грона твої.
Дівчино,молодая дівчино,
Чому без тебе сумні мої  дні.

Калино, пишна калино,
Ягоди соком ти  наливаєш,
Скажи мені лісовая красуне,
Чи когось щиро кохаєш?.

Кохаєш його дуже щиро,
Ягідки для нього тримаєш
Посміхаєшся  йому мило,
І листочками його обнімаєш.

Калинонька  посміхнулась,
До дуба листком доторкнулась,
Тільки тебе я, дубочку, кохаю,
І ягідки спілі тобі тримаю...');
INSERT OR REPLACE INTO songs (id,title,subtitle,lang,country,period,year,source,notes,lyrics,tags_json,lang_locked,status,created_at,updated_at) VALUES ('pisniua_2346573','Танцювала карапет','Українська народна пісня. Виконує: Інна Книжник','uk','ukraine_before_1917',NULL,NULL,'аудіозапис',NULL,'Танцювала карапет,
Порвала ботінки,
Осталися на ногах
Чулки да резінки,
А музики грають,        |
Аж чулки спадають,      |
А підошви з ботінок     |
Собаки таскають!        | (2)

Якби мені зранку
Горілочки чарку,
Не діда старого,
Хлопця молодого!
Я би з ним гуляла,      |
Всю нічку не спала,     |
Бо я жінка не свята,    |
В мене правдонька своя! | (2)

А дєвочка Рая
Упала з сарая,
Який тебе чорт послав,
Моя дорогая?..
Упала з сарая,          |
Порвала спідницю,       |
Ще й до смерті налякала |
Молоду телицю!          | (2)

Ресторан відкрили,
"Старт" його назвали,
Поруч витверезник,
"Фінішом" назвали.
Ой, не пийте, хлопці,   |
Міцної горілки,         |
Бо буде вам карапет     |
Від рідної жінки!       | (2)

Танцювала карапет,
Порвала ботінки,
Осталися на ногах
Чулки да резінки,
Ви, музики, грайте,     |
А ви, люди, чуйте,      |
В кого ноги не болять - |
Карапет танцюйте!       | (2)','["pisni.org.ua", "cat:zhartivlyvi", "Жартівливі пісні"]',1,'published',COALESCE((SELECT created_at FROM songs WHERE id='pisniua_2346573'), datetime('now')),datetime('now'));
INSERT OR REPLACE INTO songs_fts(song_id,title,lyrics) VALUES ('pisniua_2346573','Танцювала карапет','Танцювала карапет,
Порвала ботінки,
Осталися на ногах
Чулки да резінки,
А музики грають,        |
Аж чулки спадають,      |
А підошви з ботінок     |
Собаки таскають!        | (2)

Якби мені зранку
Горілочки чарку,
Не діда старого,
Хлопця молодого!
Я би з ним гуляла,      |
Всю нічку не спала,     |
Бо я жінка не свята,    |
В мене правдонька своя! | (2)

А дєвочка Рая
Упала з сарая,
Який тебе чорт послав,
Моя дорогая?..
Упала з сарая,          |
Порвала спідницю,       |
Ще й до смерті налякала |
Молоду телицю!          | (2)

Ресторан відкрили,
"Старт" його назвали,
Поруч витверезник,
"Фінішом" назвали.
Ой, не пийте, хлопці,   |
Міцної горілки,         |
Бо буде вам карапет     |
Від рідної жінки!       | (2)

Танцювала карапет,
Порвала ботінки,
Осталися на ногах
Чулки да резінки,
Ви, музики, грайте,     |
А ви, люди, чуйте,      |
В кого ноги не болять - |
Карапет танцюйте!       | (2)');
INSERT OR REPLACE INTO song_links (id,song_id,title,url,kind,version_id,sort_order) VALUES ('pisniua_2346573_l1','pisniua_2346573','YouTube','https://www.youtube.com/watch?v=TJU3hXNablY','video',NULL,1);
INSERT OR REPLACE INTO songs (id,title,subtitle,lang,country,period,year,source,notes,lyrics,tags_json,lang_locked,status,created_at,updated_at) VALUES ('pisniua_2348212','Синє небо у вогні','Музика: позивний "Алькор" Слова: позивний "Алькор"','uk','ukraine_1991',NULL,NULL,'аудіозапис',NULL,'Поверталися до дому
Птахи рано по весні,
Крила їх не знали втоми
Та зустріла їх земля в вогні...
Там, де мати їх ростила,
Де злетіли в височінь,
Де вони набрались сили -
Там тепер панує чорна тінь...

Приспів:
Синє небо у вогні,
Путін служе сатані.
З нами поруч Матір Божа -
Згине навіть тінь ворожа!
З нами ангели співають,
Бо герої не вмирають!
Божі ангели за нами -
Ми не будемо рабами!
Путін служе сатані!
Ми з тобою навійні!
Правда завжди переможе!
З нами поруч Матір Божа!
Слава наша не поляже,
А про себе ще розкаже!
З нами ангели співають,
Бо герої не вмирають!
Бо герої не вмирають!

Ні! Не житиме в неволі,
Хто з дитинства мав літать,
В нас нема другої долі,
Як свою свободу відстоять!
І коли під небом синім
Розіллється злато нив,
З Богом разом посміхнуться
Всі, хто рідну землю боронив!

Приспів. (2)','["pisni.org.ua", "cat:ato", "Пісні російсько-української війни та АТО"]',1,'published',COALESCE((SELECT created_at FROM songs WHERE id='pisniua_2348212'), datetime('now')),datetime('now'));
INSERT OR REPLACE INTO songs_fts(song_id,title,lyrics) VALUES ('pisniua_2348212','Синє небо у вогні','Поверталися до дому
Птахи рано по весні,
Крила їх не знали втоми
Та зустріла їх земля в вогні...
Там, де мати їх ростила,
Де злетіли в височінь,
Де вони набрались сили -
Там тепер панує чорна тінь...

Приспів:
Синє небо у вогні,
Путін служе сатані.
З нами поруч Матір Божа -
Згине навіть тінь ворожа!
З нами ангели співають,
Бо герої не вмирають!
Божі ангели за нами -
Ми не будемо рабами!
Путін служе сатані!
Ми з тобою навійні!
Правда завжди переможе!
З нами поруч Матір Божа!
Слава наша не поляже,
А про себе ще розкаже!
З нами ангели співають,
Бо герої не вмирають!
Бо герої не вмирають!

Ні! Не житиме в неволі,
Хто з дитинства мав літать,
В нас нема другої долі,
Як свою свободу відстоять!
І коли під небом синім
Розіллється злато нив,
З Богом разом посміхнуться
Всі, хто рідну землю боронив!

Приспів. (2)');
INSERT OR REPLACE INTO song_links (id,song_id,title,url,kind,version_id,sort_order) VALUES ('pisniua_2348212_l1','pisniua_2348212','YouTube','https://www.youtube.com/watch?v=bTB0N427CZs','video',NULL,1);
INSERT OR REPLACE INTO songs (id,title,subtitle,lang,country,period,year,source,notes,lyrics,tags_json,lang_locked,status,created_at,updated_at) VALUES ('pisniua_234512','Де Коза xодить там Жито родить','Українська народна пісня','uk','ukraine_before_1917',NULL,NULL,'Де Коза ходить, там Жито родить! © Видавництво "Павутинонька", Нью Йорк – Львів – Київ – Харків – Москва, 2004','Українська Святочна установа Колядників походить з далеко старших часів, чим Римські та інші маскаради, які всі суть орієнтовані на культ Сонця і належать до пізнішого, вторинного, культурно-історичного округа. Українські ходження з Козою є зовсім іншого типу — і в них "Берези" нема. Вони належать передовсім до обрядів Новорічних і Щедровечірніх та лиш через перемішання з Різдвяними увійшли в Різдвяний час і мають свою власну мітольоґійну орієнтацію й характеристику. Де Коза ходить там Жито родить! Читати листки з приводу цієї Пісні: Щедрий Вечер, 13-14 січня: Миланки-Васильки. Щедрий Вечер, 18-19 січня: Святі Водорщі. Стежки до інших листків про Українські традиції.','Де Коза xодить там Жито родить!
Василько Козу по Селу водить
Де Коза Рогом там Жито Стогом
Де Коза стопою там Жито Копою
Ой чудо-чудо-чудо послуxайте Добрі Люде
Що далі буде!
Для Козуні в бубни-бубни
Для Сірої в Скрипки грають
Ще й в Дзвони дзвонять','["pisni.org.ua", "cat:shchedrivky", "Щедрівки"]',1,'published',COALESCE((SELECT created_at FROM songs WHERE id='pisniua_234512'), datetime('now')),datetime('now'));
INSERT OR REPLACE INTO songs_fts(song_id,title,lyrics) VALUES ('pisniua_234512','Де Коза xодить там Жито родить','Де Коза xодить там Жито родить!
Василько Козу по Селу водить
Де Коза Рогом там Жито Стогом
Де Коза стопою там Жито Копою
Ой чудо-чудо-чудо послуxайте Добрі Люде
Що далі буде!
Для Козуні в бубни-бубни
Для Сірої в Скрипки грають
Ще й в Дзвони дзвонять');
INSERT OR REPLACE INTO songs (id,title,subtitle,lang,country,period,year,source,notes,lyrics,tags_json,lang_locked,status,created_at,updated_at) VALUES ('pisniua_234277','Свята ніч','Музика: Franz X. Gruber Слова: Fr. Joseph Mohr. Виконує: Руслана, Тарас Чубай','uk','ukraine_before_1917',NULL,NULL,NULL,'Підбір акордів: Роман Бучко','Свята ніч, тиха ніч,
C(III)      F
Ясність б''є від зірниць
Дитинонька пресвята
Така ясна, мов зоря,

Спрочиває тихо
Тихо, в тихім сні

Тиха ніч, свята ніч,
Гей, утри сльози з віч!
Бо син Божий йде до нас
Цілий світ любов''ю спас

Витай нам Святе дитя!
Витай нам Святе дитя!

Свята ніч настає,
Ясний блиск з неба б''є,
В людськім тілі Божий Син
Прийшов нині в Вифлеєм,

Прийшов щоб спасти
Цілий світ.','["pisni.org.ua", "cat:christian", "cat:kolyadky", "Пісні на християнську тематику", "Колядки"]',1,'published',COALESCE((SELECT created_at FROM songs WHERE id='pisniua_234277'), datetime('now')),datetime('now'));
INSERT OR REPLACE INTO songs_fts(song_id,title,lyrics) VALUES ('pisniua_234277','Свята ніч','Свята ніч, тиха ніч,
C(III)      F
Ясність б''є від зірниць
Дитинонька пресвята
Така ясна, мов зоря,

Спрочиває тихо
Тихо, в тихім сні

Тиха ніч, свята ніч,
Гей, утри сльози з віч!
Бо син Божий йде до нас
Цілий світ любов''ю спас

Витай нам Святе дитя!
Витай нам Святе дитя!

Свята ніч настає,
Ясний блиск з неба б''є,
В людськім тілі Божий Син
Прийшов нині в Вифлеєм,

Прийшов щоб спасти
Цілий світ.');
INSERT OR REPLACE INTO song_links (id,song_id,title,url,kind,version_id,sort_order) VALUES ('pisniua_234277_l1','pisniua_234277','Переглянути варіанти >>','https://www.pisni.org.ua/#variants','external',NULL,1);
INSERT OR REPLACE INTO songs (id,title,subtitle,lang,country,period,year,source,notes,lyrics,tags_json,lang_locked,status,created_at,updated_at) VALUES ('pisniua_23461','Бог предвічний народився','(Бог предвічний). Українська народна пісня. Виконує: Глорія, Боян, Дударик','uk','ukraine_before_1917',NULL,NULL,'народна коляда','У книзі "Колядки" (Колядки.- Львів: Каменяр, 1990.- 64 с.) тут є інші варіанти тексту: * З желанєм, спокоєм. ** І Пану нашому. *** Більшість сучасних джерел подає "І утішився", проте автентичний і більш логічний варіант звучить власне так, як подано тут. Старовинні співаники теж містять такий рядок У кожному куплеті 2 останні рядки співаються двічі.','Бог предвічний народився,
Прийшов днесь із небес,
Щоб спасти люд свій весь,
І утішив вся ***.

В Вифлеємі народився,
Месія, Христос наш,
І пан наш, для всіх нас,
Нам народився.

Ознаймив це Ангел Божий
Наперед пастирям,
А потім звіздарям
І земним звірям.

Діва Сина як породила,
Звізда ста, де Христа
Невіста Пречиста
Сина зродила.

Тріє царі несуть дари
До Вифлеєм-міста,
Де Діва Пречиста
Сина повила.

Звізда їм ся об''явила,
В дорозі о Бозі,
При волі, при ослі
Їм ознаймила.

"Тріє царі, де ідете?"
"Ми ідем в Вифлеєм,
Вінчуєм спокоєм  *
І повернемся".

Іншим путем повернули,
Погану, безстидну,
Безбожну Іроду
Не повідали.

Йосифові Ангел мовить:
З Дитятком і з Матков,
З бидлятком, ослятком
Хай ся хорониить.

"Слава Богу!" - заспіваймо,
Честь Сину Божому
Господеви нашому - **
Поклін віддаймо','["pisni.org.ua", "cat:christian", "cat:kolyadky", "cat:narodni", "Пісні на християнську тематику", "Колядки", "Народні пісні"]',1,'published',COALESCE((SELECT created_at FROM songs WHERE id='pisniua_23461'), datetime('now')),datetime('now'));
INSERT OR REPLACE INTO songs_fts(song_id,title,lyrics) VALUES ('pisniua_23461','Бог предвічний народився','Бог предвічний народився,
Прийшов днесь із небес,
Щоб спасти люд свій весь,
І утішив вся ***.

В Вифлеємі народився,
Месія, Христос наш,
І пан наш, для всіх нас,
Нам народився.

Ознаймив це Ангел Божий
Наперед пастирям,
А потім звіздарям
І земним звірям.

Діва Сина як породила,
Звізда ста, де Христа
Невіста Пречиста
Сина зродила.

Тріє царі несуть дари
До Вифлеєм-міста,
Де Діва Пречиста
Сина повила.

Звізда їм ся об''явила,
В дорозі о Бозі,
При волі, при ослі
Їм ознаймила.

"Тріє царі, де ідете?"
"Ми ідем в Вифлеєм,
Вінчуєм спокоєм  *
І повернемся".

Іншим путем повернули,
Погану, безстидну,
Безбожну Іроду
Не повідали.

Йосифові Ангел мовить:
З Дитятком і з Матков,
З бидлятком, ослятком
Хай ся хорониить.

"Слава Богу!" - заспіваймо,
Честь Сину Божому
Господеви нашому - **
Поклін віддаймо');
INSERT OR REPLACE INTO song_links (id,song_id,title,url,kind,version_id,sort_order) VALUES ('pisniua_23461_l1','pisniua_23461','YouTube','https://www.youtube.com/watch?v=bcEnaMs12nw','video',NULL,1);
INSERT OR REPLACE INTO song_links (id,song_id,title,url,kind,version_id,sort_order) VALUES ('pisniua_23461_l2','pisniua_23461','YouTube','https://www.youtube.com/watch?v=sJRXCigpZOg','video',NULL,2);
INSERT OR REPLACE INTO song_links (id,song_id,title,url,kind,version_id,sort_order) VALUES ('pisniua_23461_l3','pisniua_23461','YouTube','https://www.youtube.com/watch?v=FwwwjyoJ8fw','video',NULL,3);
INSERT OR REPLACE INTO song_links (id,song_id,title,url,kind,version_id,sort_order) VALUES ('pisniua_23461_l4','pisniua_23461','YouTube','https://www.youtube.com/watch?v=cUCDNJJZUCs','video',NULL,4);
INSERT OR REPLACE INTO song_links (id,song_id,title,url,kind,version_id,sort_order) VALUES ('pisniua_23461_l5','pisniua_23461','YouTube','https://www.youtube.com/watch?v=zyZk1ZTSheM','video',NULL,5);
INSERT OR REPLACE INTO song_links (id,song_id,title,url,kind,version_id,sort_order) VALUES ('pisniua_23461_l6','pisniua_23461','YouTube','https://www.youtube.com/watch?v=PtEQAEKCF3U','video',NULL,6);
INSERT OR REPLACE INTO songs (id,title,subtitle,lang,country,period,year,source,notes,lyrics,tags_json,lang_locked,status,created_at,updated_at) VALUES ('pisniua_2348055','Завітає Рік Новий','Музика: Анатолій Салогуб Слова: Анатолій Салогуб','uk','ukraine_1991',NULL,NULL,'авторське подання',NULL,'Одягли свій наряд
Сосни та ялинки,
Вже сніжинки блищать.
Сяють мов перлинки.

Приспів:
В рідний край,
В рідний край
Йде зима весела!
Новий рік,
Новий рік
Йде в міста і села!

Ой, багато зима
Натрусила снігу,
Прийдуть знову свята
Дітям на утіху.

Приспів.

Ми про зиму пісні
Будемо співати,
Новорічний танок,
Як не станцювати.

Приспів.','["pisni.org.ua", "cat:new-year", "Пісні про Новий Рік"]',1,'published',COALESCE((SELECT created_at FROM songs WHERE id='pisniua_2348055'), datetime('now')),datetime('now'));
INSERT OR REPLACE INTO songs_fts(song_id,title,lyrics) VALUES ('pisniua_2348055','Завітає Рік Новий','Одягли свій наряд
Сосни та ялинки,
Вже сніжинки блищать.
Сяють мов перлинки.

Приспів:
В рідний край,
В рідний край
Йде зима весела!
Новий рік,
Новий рік
Йде в міста і села!

Ой, багато зима
Натрусила снігу,
Прийдуть знову свята
Дітям на утіху.

Приспів.

Ми про зиму пісні
Будемо співати,
Новорічний танок,
Як не станцювати.

Приспів.');
INSERT OR REPLACE INTO song_links (id,song_id,title,url,kind,version_id,sort_order) VALUES ('pisniua_2348055_l1','pisniua_2348055','YouTube','https://www.youtube.com/watch?v=VWb-euonbME','video',NULL,1);
INSERT OR REPLACE INTO song_links (id,song_id,title,url,kind,version_id,sort_order) VALUES ('pisniua_2348055_l2','pisniua_2348055','YouTube','https://www.youtube.com/watch?v=m-3Tduy8SIU','video',NULL,2);
INSERT OR REPLACE INTO songs (id,title,subtitle,lang,country,period,year,source,notes,lyrics,tags_json,lang_locked,status,created_at,updated_at) VALUES ('pisniua_2349717','З днем народження',NULL,'uk','ukraine_1991',NULL,NULL,'аудіозапис',NULL,'Ми вітаєм тебе,
Ми вітаєм тебе,
З днем народження щиро
Ми вітаєм тебе!

І бажаєм тобі,
І бажаєм тобі,
В день народження щастя
Ми бажаєм тобі!

Привітання прийми
Ти від друзів своїх,
Щоб було все відмінно
У твоєму житті!

МИ вітаєм тебе,
Ми вітаєм тебе,
З днем народження щиро
Ми вітаєм тебе!','["pisni.org.ua", "cat:dytyachi", "Дитячі пісні"]',1,'published',COALESCE((SELECT created_at FROM songs WHERE id='pisniua_2349717'), datetime('now')),datetime('now'));
INSERT OR REPLACE INTO songs_fts(song_id,title,lyrics) VALUES ('pisniua_2349717','З днем народження','Ми вітаєм тебе,
Ми вітаєм тебе,
З днем народження щиро
Ми вітаєм тебе!

І бажаєм тобі,
І бажаєм тобі,
В день народження щастя
Ми бажаєм тобі!

Привітання прийми
Ти від друзів своїх,
Щоб було все відмінно
У твоєму житті!

МИ вітаєм тебе,
Ми вітаєм тебе,
З днем народження щиро
Ми вітаєм тебе!');
INSERT OR REPLACE INTO song_links (id,song_id,title,url,kind,version_id,sort_order) VALUES ('pisniua_2349717_l1','pisniua_2349717','YouTube','https://www.youtube.com/watch?v=pIpEJ-MoEkY','video',NULL,1);
INSERT OR REPLACE INTO songs (id,title,subtitle,lang,country,period,year,source,notes,lyrics,tags_json,lang_locked,status,created_at,updated_at) VALUES ('pisniua_2348165','Алілуя','Музика: Leonard Cohen Слова: Борис Базима','uk','ukraine_1991',NULL,NULL,'https://youtu.be/dyYqmCGTiLk','Пісню виконує Ігор Базима.','Під ясним небом голубим
На щедрім полі золотим
Слова хвали Творцеві возношу я!
Безцінний дар життя нам дав,
Любить цей світ заповідав.
Тобі співаю славу: Алілуя!

Алілуя! Алілуя! Алілуя! Алілуя!

Ти покараєш злих царів
За сльози наших матерів.
І Твою волю, як свою, прийму я.
Країна наша розцвіте,
Я знаю, Ти бажаєш це!
Тобі співаю славу: Алілуя!

Алілуя! Алілуя! Алілуя! Алілуя!

Ти - путь, Ти - правда, Ти - любов!
Мир надихаєш знов і знов.
Лише про одне Тебе молю я:
Не залишай ніколи нас,
Послухай, як серця весь час
Тобі співають славу: Алілуя!

Алілуя! Алілуя! Алілуя! Алілуя!','["pisni.org.ua", "cat:christian", "Пісні на християнську тематику"]',1,'published',COALESCE((SELECT created_at FROM songs WHERE id='pisniua_2348165'), datetime('now')),datetime('now'));
INSERT OR REPLACE INTO songs_fts(song_id,title,lyrics) VALUES ('pisniua_2348165','Алілуя','Під ясним небом голубим
На щедрім полі золотим
Слова хвали Творцеві возношу я!
Безцінний дар життя нам дав,
Любить цей світ заповідав.
Тобі співаю славу: Алілуя!

Алілуя! Алілуя! Алілуя! Алілуя!

Ти покараєш злих царів
За сльози наших матерів.
І Твою волю, як свою, прийму я.
Країна наша розцвіте,
Я знаю, Ти бажаєш це!
Тобі співаю славу: Алілуя!

Алілуя! Алілуя! Алілуя! Алілуя!

Ти - путь, Ти - правда, Ти - любов!
Мир надихаєш знов і знов.
Лише про одне Тебе молю я:
Не залишай ніколи нас,
Послухай, як серця весь час
Тобі співають славу: Алілуя!

Алілуя! Алілуя! Алілуя! Алілуя!');
INSERT OR REPLACE INTO song_links (id,song_id,title,url,kind,version_id,sort_order) VALUES ('pisniua_2348165_l1','pisniua_2348165','YouTube','https://www.youtube.com/watch?v=dyYqmCGTiLk','video',NULL,1);
INSERT OR REPLACE INTO songs (id,title,subtitle,lang,country,period,year,source,notes,lyrics,tags_json,lang_locked,status,created_at,updated_at) VALUES ('pisniua_234859','Гора, гора, гей','Українська народна пісня','uk','ukraine_before_1917',NULL,NULL,'Самвидавний туристський пісенник "Там на Лемковині помедже горами". - Літо, 1981.',NULL,'Гора, гора, гей, и долина,
Не буду я, гей, материна.

Приспів:
Лем собі за горку зайду,
Там собі фраїра найду,
Лем собі за горку зайду,
Там собі фраїра найду.

Лем я буду, гей, Ваничкова,
Бо Ваничко, гей, душа моя!

Приспів.

Гора, гора, гей, верх сосновий,
Не вір, дівча, гей, фраїрови...

Приспів.

Вітер дує, гей, вершок зламе,
А паробок, гей, дівча, скламе.

Приспів.

Вітер дує, гей, верхы клонит,
За Ваничком, гей, серце болит...','["pisni.org.ua", "cat:lemkivski", "Лемківські пісні"]',1,'published',COALESCE((SELECT created_at FROM songs WHERE id='pisniua_234859'), datetime('now')),datetime('now'));
INSERT OR REPLACE INTO songs_fts(song_id,title,lyrics) VALUES ('pisniua_234859','Гора, гора, гей','Гора, гора, гей, и долина,
Не буду я, гей, материна.

Приспів:
Лем собі за горку зайду,
Там собі фраїра найду,
Лем собі за горку зайду,
Там собі фраїра найду.

Лем я буду, гей, Ваничкова,
Бо Ваничко, гей, душа моя!

Приспів.

Гора, гора, гей, верх сосновий,
Не вір, дівча, гей, фраїрови...

Приспів.

Вітер дує, гей, вершок зламе,
А паробок, гей, дівча, скламе.

Приспів.

Вітер дує, гей, верхы клонит,
За Ваничком, гей, серце болит...');
INSERT OR REPLACE INTO songs (id,title,subtitle,lang,country,period,year,source,notes,lyrics,tags_json,lang_locked,status,created_at,updated_at) VALUES ('pisniua_2347471','Сталеві квіти','Музика: Андрій Хливнюк, Павло Литвиненко Слова: Андрій Хливнюк. Виконує: Бумбокс','uk','ukraine_1991',NULL,NULL,'аудіозапис',NULL,'Кажеш - все про мене знаєш ти,
Навіть, стіни мають очі тут.
Ну у кого вже навчилася? -
Дай йому мою сорочку, білу ту.
Ти така, як я, незламана,
Troubles saіd "hello",
Joy saіd "peace and love",
Але там, де я себе запхав
Ані психолога, ні шамана...
Після всього через що пройшли
Починати знову все з нуля?..
Небо-небо, чуєш, небо, я земля,
Бо вже той день, коли
Ми зриваємося на крик
І я не знаю, тепер звик,
Якщо можеш без мене далі йти,
То підкажи, коли відпустить...
В руки твої, що очікують,
Крізь валуни човен правлю,
Зі шкіри вистрибну списом,
Стрілою наввиперед.
Поряд в останній твій зойк
Я себе поставлю,
Аби все знов розпочати,
Зіграти наш спільний сет!

Приспів:
Посеред стиглої ночі                 |
Транслюють солодкі сни нам,          |
А ми дивитись не хтіли,              |
Як квіти сталеві ростуть із глини... |
Ми сподівались від бруду вимитись,   |
За руки взятись і вийти!..           |
Вибач, я більше не буду з бруду      |
Ростити сталеві квіти!..             | (2)

Так усе й влаштовано:
Тут зашив - там тече...
Якщо впав - встань знов,
Переклав на інше плече - пішов!
Брак людей, сутінки думок,
Поклади їм край!
Коли все ніяк - перевертай вініл,
Крути ще!
Куплені-продані, забуті-згадані,
Але не крадені
Сонячні наші дні - Ні!
Різні, коли брудні,
Коли тендітні - Ні!
Хочеш пробач, хочеш "ізвіні" -
Але ким тобі був? Ким тепер став?
Ким була мені?
Ми були на все це згодні!
Прошу, тільки не сьогодні...
Чуєш?.. Тільки не сьогодні...
Я намагався, навіть, на горі
Бути ким я є...
Лиш мені моє, собі лиш своє,
Бо невдовзі хвилі змиють сліди там,
Де спільну мову шукав з тобою.
В небі нічному серпневому
Наше придане.
Чому так довго минав,
Хто ховав, де ховалися?..
Вип''ю тебе по краплині -
І все дізнаюся:
Скільки на двох нам жетонів
В цій касі видано...

Приспів.

Але ось тут, прямо тут,
Між ребер з''явився порожній кут...
Я кричав, просив, благав: вважай
Бо ти для мене і пекло, і новий рай
Схибили раз - і все нанівець.
Так мій зошит зламав її олівець.
Так, я сильний, я вільний, але пустий.
Ти підкажи, коли відпустить?..

Приспів.','["pisni.org.ua", "cat:philosophic", "Філософські пісні"]',1,'published',COALESCE((SELECT created_at FROM songs WHERE id='pisniua_2347471'), datetime('now')),datetime('now'));
INSERT OR REPLACE INTO songs_fts(song_id,title,lyrics) VALUES ('pisniua_2347471','Сталеві квіти','Кажеш - все про мене знаєш ти,
Навіть, стіни мають очі тут.
Ну у кого вже навчилася? -
Дай йому мою сорочку, білу ту.
Ти така, як я, незламана,
Troubles saіd "hello",
Joy saіd "peace and love",
Але там, де я себе запхав
Ані психолога, ні шамана...
Після всього через що пройшли
Починати знову все з нуля?..
Небо-небо, чуєш, небо, я земля,
Бо вже той день, коли
Ми зриваємося на крик
І я не знаю, тепер звик,
Якщо можеш без мене далі йти,
То підкажи, коли відпустить...
В руки твої, що очікують,
Крізь валуни човен правлю,
Зі шкіри вистрибну списом,
Стрілою наввиперед.
Поряд в останній твій зойк
Я себе поставлю,
Аби все знов розпочати,
Зіграти наш спільний сет!

Приспів:
Посеред стиглої ночі                 |
Транслюють солодкі сни нам,          |
А ми дивитись не хтіли,              |
Як квіти сталеві ростуть із глини... |
Ми сподівались від бруду вимитись,   |
За руки взятись і вийти!..           |
Вибач, я більше не буду з бруду      |
Ростити сталеві квіти!..             | (2)

Так усе й влаштовано:
Тут зашив - там тече...
Якщо впав - встань знов,
Переклав на інше плече - пішов!
Брак людей, сутінки думок,
Поклади їм край!
Коли все ніяк - перевертай вініл,
Крути ще!
Куплені-продані, забуті-згадані,
Але не крадені
Сонячні наші дні - Ні!
Різні, коли брудні,
Коли тендітні - Ні!
Хочеш пробач, хочеш "ізвіні" -
Але ким тобі був? Ким тепер став?
Ким була мені?
Ми були на все це згодні!
Прошу, тільки не сьогодні...
Чуєш?.. Тільки не сьогодні...
Я намагався, навіть, на горі
Бути ким я є...
Лиш мені моє, собі лиш своє,
Бо невдовзі хвилі змиють сліди там,
Де спільну мову шукав з тобою.
В небі нічному серпневому
Наше придане.
Чому так довго минав,
Хто ховав, де ховалися?..
Вип''ю тебе по краплині -
І все дізнаюся:
Скільки на двох нам жетонів
В цій касі видано...

Приспів.

Але ось тут, прямо тут,
Між ребер з''явився порожній кут...
Я кричав, просив, благав: вважай
Бо ти для мене і пекло, і новий рай
Схибили раз - і все нанівець.
Так мій зошит зламав її олівець.
Так, я сильний, я вільний, але пустий.
Ти підкажи, коли відпустить?..

Приспів.');
INSERT OR REPLACE INTO song_links (id,song_id,title,url,kind,version_id,sort_order) VALUES ('pisniua_2347471_l1','pisniua_2347471','YouTube','https://www.youtube.com/watch?v=XjOBU7oguf4','video',NULL,1);
INSERT OR REPLACE INTO songs (id,title,subtitle,lang,country,period,year,source,notes,lyrics,tags_json,lang_locked,status,created_at,updated_at) VALUES ('pisniua_235114','Ой Сивая та і Зозулечка','Українська народна пісня','uk','ukraine_before_1917',NULL,NULL,'Староукраїнські релігійні роздуми про Бога © Видавництво "Павутинонька", Нью Йорк – Львів – Київ – Харків – Москва, 2004','Колядка стародавня: Українське Різдво Світа. Йа всі Луги облітала. Рай розвився Господь звеселився. Радуйся Земле Коляда іде! Сивесенька Зазуленька. Ця Колядка цілком подібна до Колядок про Астральну Трійцю в Новій Світлиці серед Праморя. Бо оця Астральна Трійця, хоч є символом Первовічних і завсігди в природі чинних сил, то є заразом символом Первісних часів, Первовічного життя і Первісних людей. Тому є в Колядках часто такі образці про Астральну Трійцю: Сивесенька Зазуленька Йа всі Луги облітала А в Одному не бувала А в тім Лузі Три Церковці А в тій Церкві Три Віконці А в Одному Ясний Місяць А в Другому Ясне Сонце А в Третому Ясні Зірки То не Місяць сам Господар То не Сонце Господиня То не Зірки то їх Дітки! Цей "Оден Луг" — то Первісний луг; потрійна церковця — це та сама Нова Світлонька Первовічна: Небо, де мешкають Три Святці: Сонце, Місяць і Ясна Зоря, про яких співає багато Колядок, а все разом у Первовічній добі, якої був свідком і в ній брав живу участь — таємний Виз. Реліґійна служба Богу. Коляда виражує дійовий культ і вселюдний реліґійний настрій народу, народний душевний зов до реліґійної служби Богу. Може і тому є в Українського народу в великій пошані установа Колядників, ревних служивців старого шанування. Вже Передріздвяний час виявляв, що зближається дуже святочна хвиля, глибоко прочута народом, наперед опановуюча його всю психіку й всі почування. Це — Святий Вечер, властиве свято Різдва-Коляди, що містить у собі всю суть того Свята. Це велике громадянське й культурне Українське свято — вислів найстарших народних традицій і атавістичних почувань та день духової, культурно-реліґійної, всенародної обнови. Обряди слідуючих днів, хоч нарід лучить їх формально з Різдвом Христовим, належать у суті річи до Староукраїнського Святого Вечера і показують його ідеольоґію. Старовіцькі Колядки і Щедрівки, своїм змістом так дуже не підхожі до церковно-християнської ідеольоґії Різдва, узгоджуються натомість на причуд з Українським Святим Вечером і поширюють якраз його провідні ідеї. Їх колядує та щедрує нарід не тільки зараз після Святого Вечера, але і опісля, через цілі Свята різдвяні та Щедрий Вечер, ба, і далі — аж до Стрітення Господнього (27-го дня після Щедрого Вечера) і що цікаве: через цілий світлий час Місячний! Українські мотиви Свята виходять передовсім з почувань реліґійних, основаних на найдавніших традиціях, мабуть старших, ніж традиції племінні, — мова ж бо про перші реліґійні почування людства. Яке інше значення може мати на Святий Вечер лагодження "усякого хліба, що Бог уродив", його жертвоприношення й святочне споживання, — як не радісний вислів з його посідання, й почуття вдяки для Того, від кого той хліб походить. Господарі порядкують на обійстю, вичищують стайні, — а що особливо звертає увагу, миють та чешуть худобу, стараються, щоб вона була вся на Свят-Вечір у загороді та брала участь у Святі і в Тайній Вечері. Це відзиваються в душі народу його колишні первісні почування для худоби, коли він перший раз її придбав і мав утіху з її сотворення. Оце пам''ятання про домашню худобу і віддання їй першенства в поживанні Святої Вечері характеризує велике благородство душевне Українського простого народу, який видить у худібці твар Божу та своїх помічників і приятелів. Воно вказує, як не забуває нарід старинної традиції про це, що Різдвяний вечер є також Святом худоби й її Сотворення. З цього огляду має угощення й благословення худоби вид окремої культурно-реліґійної дії. (За працею: о. Ксенофонт Сосенко. "Культурно-історична постать Староукраїнськиx свят Різдва і Щедрого Вечора". Львів, 1928. - СІНТО, Київ 1994. 343с.) Читати листки з приводу цієї Пісні: Бог, Різдво Світа, Дідух і Лицарі. Колядки як Українські релігійні роздуми про Бога. Стежки до інших листків про Українські традиції.','Ой Сивая та і Зозулечка

Приспів:
Щедрий Вечір Добрий Вечір
Добрим Людям на Здоров''я!

Усі Сади та і облітала
А в Одному та і не бувала
А в тім Саду Три Тереми
У Першому Красне Сонце
У Другому Ясен Місяць
А в Третьому Дрібні Зірки
Ясен Місяць Пан Господар
Красне Сонце Жона Його
Дрібні Зірки Його Дітки','["pisni.org.ua", "cat:kolyadky", "cat:shchedrivky", "Колядки", "Щедрівки"]',1,'published',COALESCE((SELECT created_at FROM songs WHERE id='pisniua_235114'), datetime('now')),datetime('now'));
INSERT OR REPLACE INTO songs_fts(song_id,title,lyrics) VALUES ('pisniua_235114','Ой Сивая та і Зозулечка','Ой Сивая та і Зозулечка

Приспів:
Щедрий Вечір Добрий Вечір
Добрим Людям на Здоров''я!

Усі Сади та і облітала
А в Одному та і не бувала
А в тім Саду Три Тереми
У Першому Красне Сонце
У Другому Ясен Місяць
А в Третьому Дрібні Зірки
Ясен Місяць Пан Господар
Красне Сонце Жона Його
Дрібні Зірки Його Дітки');
INSERT OR REPLACE INTO song_links (id,song_id,title,url,kind,version_id,sort_order) VALUES ('pisniua_235114_l1','pisniua_235114','YouTube','https://www.youtube.com/watch?v=-rDir3G-SUE','video',NULL,1);
INSERT OR REPLACE INTO song_links (id,song_id,title,url,kind,version_id,sort_order) VALUES ('pisniua_235114_l2','pisniua_235114','http://gomin.uazone.net/song.php?song=63','http://gomin.uazone.net/song.php?song=63','external',NULL,2);
INSERT OR REPLACE INTO songs (id,title,subtitle,lang,country,period,year,source,notes,lyrics,tags_json,lang_locked,status,created_at,updated_at) VALUES ('pisniua_235022','Там за Дунаєм Музиченьки грають','Українська народна пісня','uk','ukraine_before_1917',NULL,NULL,'Співаймо Світові-Дитині © Видавництво "Павутинонька", Нью Йорк – Львів – Київ – Харків – Москва, 2004','Стародавні Колядки-Щедрівки: Українські Різдво Світа і Щедрий Вечір. Еротика, жарти, забави: Катерини – Калета – Андрія... Гаївки-Великдень... Зелені Свята... Івана Купала... Весілля... – Щедровечірнє й Новорічне: Маланки-Василь. Коза. Кіт... Буде Тобі Три Дорозі. У Скрипочку грає хороше співає. Символіка Щедрого Вечера і Василя. Щедрий Вечер зачинається властиво під Новий Рік, 13-14 січня (7 днів наперед Богоявління — символ Місячний!), т. є. в вечер перед св. Василя. Це особливо улюблене Українське свято: мітичного Василя і Маланки, — є найщирішим шануванням Місяця з його женихальними мотивами (ними переповнені Щедрівки). Тоді мітичну постать Василя мішають часто з мітольоґійно-Місячною постаттю Іллї — Ілії, який є в Українського народу покровителем урожаїв збіжжя, особливо жита (сніп жита, дід Ілля, — в часі жнив, — це постава Місяця). Читати листки з приводу цієї Пісні: Щедрий Вечер, 13-14 січня. Маланки-Василь. Коза. Щедрий Вечер, 18-19 січня: Святі Водорщі. Стежки до інших листків про Українські традиції.','Там за Дунаєм Музиченьки грають

Приспів:
В Зеленім Гаю там при Дунаю.

Там Івасенько Кониченька пасе
Коника пасе на Скрипці грає
На Скрипці грає ще й Танці водить
Ще й Танці водить все вперід ходить

Прийшла до нього Матінка Його
Час Мій Синоньку час додомоньку
Я зараз піду но Танцю дійду
Тай Танцю дійшов додому не прийшов

Прийшов до нього Батенько Його
Час Мій Синоньку час додомоньку
Я зараз піду но Танцю дійду
Тай Танцю дійшов додому не прийшов

Прийшла до нього Миленька Його
Час Мій Миленький час додомоньку
Я зараз піду но Танцю дійду
Як Танцю дійшов додому прийшов

Бувай нам здоров наш Івасеньку
Не сам з собою а з челядою
В Зеленім Гаю там при Дунаю','["pisni.org.ua", "cat:shchedrivky", "Щедрівки"]',1,'published',COALESCE((SELECT created_at FROM songs WHERE id='pisniua_235022'), datetime('now')),datetime('now'));
INSERT OR REPLACE INTO songs_fts(song_id,title,lyrics) VALUES ('pisniua_235022','Там за Дунаєм Музиченьки грають','Там за Дунаєм Музиченьки грають

Приспів:
В Зеленім Гаю там при Дунаю.

Там Івасенько Кониченька пасе
Коника пасе на Скрипці грає
На Скрипці грає ще й Танці водить
Ще й Танці водить все вперід ходить

Прийшла до нього Матінка Його
Час Мій Синоньку час додомоньку
Я зараз піду но Танцю дійду
Тай Танцю дійшов додому не прийшов

Прийшов до нього Батенько Його
Час Мій Синоньку час додомоньку
Я зараз піду но Танцю дійду
Тай Танцю дійшов додому не прийшов

Прийшла до нього Миленька Його
Час Мій Миленький час додомоньку
Я зараз піду но Танцю дійду
Як Танцю дійшов додому прийшов

Бувай нам здоров наш Івасеньку
Не сам з собою а з челядою
В Зеленім Гаю там при Дунаю');
INSERT OR REPLACE INTO song_links (id,song_id,title,url,kind,version_id,sort_order) VALUES ('pisniua_235022_l1','pisniua_235022','http://gomin.uazone.net/song.php?song=202','http://gomin.uazone.net/song.php?song=202','external',NULL,1);
INSERT OR REPLACE INTO songs (id,title,subtitle,lang,country,period,year,source,notes,lyrics,tags_json,lang_locked,status,created_at,updated_at) VALUES ('pisniua_2351073','Зима','Музика: Олена Титорчук Слова: Юлія Хандожинська','uk','ukraine_1991',NULL,NULL,'авторське подання',NULL,'Зимонько, зимонько, зимонько-зима,
В тебе тепла шубка біла хутряна,
І мороз колючий вже не налякає,
Мабуть, він про тебе добре усе знає.

Приспів:
Ой, зима, ой, зима
Гори снігу намела,
Хоч мороз тріщить, лютує,
Та зима його не чує,
Не боїться, не тікає,
Бо пухнату шубу має.

Замела стежини, замела горбочки,
Зашила ставочки в крижані сорочки,
Зеленим ялинкам дала по хустинці,
Ось такі лісові зимові гостинці.

Приспів.','["pisni.org.ua", "cat:krasa-pryrody", "Пісні про красу природи"]',1,'published',COALESCE((SELECT created_at FROM songs WHERE id='pisniua_2351073'), datetime('now')),datetime('now'));
INSERT OR REPLACE INTO songs_fts(song_id,title,lyrics) VALUES ('pisniua_2351073','Зима','Зимонько, зимонько, зимонько-зима,
В тебе тепла шубка біла хутряна,
І мороз колючий вже не налякає,
Мабуть, він про тебе добре усе знає.

Приспів:
Ой, зима, ой, зима
Гори снігу намела,
Хоч мороз тріщить, лютує,
Та зима його не чує,
Не боїться, не тікає,
Бо пухнату шубу має.

Замела стежини, замела горбочки,
Зашила ставочки в крижані сорочки,
Зеленим ялинкам дала по хустинці,
Ось такі лісові зимові гостинці.

Приспів.');
INSERT OR REPLACE INTO songs (id,title,subtitle,lang,country,period,year,source,notes,lyrics,tags_json,lang_locked,status,created_at,updated_at) VALUES ('pisniua_235096','Ой у Полі при Дорозі Щедрий Вечір','Українська народна пісня','uk','ukraine_before_1917',NULL,NULL,'Співаймо Світові-Дитині © Видавництво "Павутинонька", Нью Йорк – Львів – Київ – Харків – Москва, 2004','Стародавні Колядки-Щедрівки: Українські Різдво Світа і Щедрий Вечір. Еротика, жарти, забави: Катерини – Калета – Андрія... Гаїлки-Великдень... Зелені Свята... Івана Купала... Весілля... – Щедровечірнє й Новорічне: Маланки-Василь. Коза. Кіт... – Мед і Ябка... Буде Тобі Три Дорозі. Буду в січі жить Бога боронить. Ой у Полі Полі Василечко оре. Гей понад Лужок оре там Плужок Ой у Полі Полі Василечко оре Ой чий же то Плужок так рано вийшов Під Дубиною під Зеленою Розійдися Туманочку оре Милий із Раночку Сіно косить Коню носить. Ой у Полі при Дорозі Щедрий Вечір Коника пасе на Скрипці грає. Там за Дунаєм Музиченьки грають Коня напуває личко умиває. Там на Річці на й Ордані Івана Купала тай в Воду упала. Ой біжит Коник під Гречкою Поскакав Коник попід Гречкою Хтось у Борі гукає Ой Пане-пане пригадай собі. Ой Коню Коню я Тебе продам Любило мене аж Три Дівочки. Ой під Вербою під Зеленою Святий Вечір Виведи Коника Дівчино Панна. Сволока тече в Хаті Болото Грай Кониченьку Сивий Маленький зо мною. Там за Горею за Високею Возьмуть Коня ще й Сідельце. Смутний Вечір Смутний Ранок Як Сурми заграють Спутай Коня на Отаву в залізнії пути. В Чистому Полі Сам Плужок ходить. А всі Святії за Погоничів за Посівачів. Символіка Щедрого Вечера і Василя. Щедрий Вечер зачинається властиво під Новий Рік, 13-14 січня (7 днів наперед Богоявління — символ Місячний!), т. є. в вечер перед св. Василя. Це особливо улюблене Українське свято: мітичного Василя і Маланки, — є найщирішим шануванням Місяця з його женихальними мотивами (ними переповнені Щедрівки). Тоді мітичну постать Василя мішають часто з мітольоґійно-Місячною постаттю Іллї — Ілії, який є в Українського народу покровителем урожаїв збіжжя, особливо жита (сніп жита, дід Ілля, — в часі жнив, — це постава Місяця). Листки з приводу цієї Пісні: Колядки як Українські релігійні роздуми про Бога. Щедрий Вечер, 13-14 січня. Маланки-Василь. Коза. Щедрий Вечер, 18-19 січня: Святі Водорщі. Стежки до листків про Українські традиції.','Ой у Полі при Дорозі

Приспів:
Щедрий Вечір Добрий Вечір!

Там Василько Сіно косить
Сіно косить Коню носить
Ой їж Коню ой пий Коню
Буде Тобі Три Дорозі
Що Першая до Батечка
А Другая до Матінки
А Третяя до Дівчини','["pisni.org.ua", "cat:shchedrivky", "Щедрівки"]',1,'published',COALESCE((SELECT created_at FROM songs WHERE id='pisniua_235096'), datetime('now')),datetime('now'));
INSERT OR REPLACE INTO songs_fts(song_id,title,lyrics) VALUES ('pisniua_235096','Ой у Полі при Дорозі Щедрий Вечір','Ой у Полі при Дорозі

Приспів:
Щедрий Вечір Добрий Вечір!

Там Василько Сіно косить
Сіно косить Коню носить
Ой їж Коню ой пий Коню
Буде Тобі Три Дорозі
Що Першая до Батечка
А Другая до Матінки
А Третяя до Дівчини');
INSERT OR REPLACE INTO song_links (id,song_id,title,url,kind,version_id,sort_order) VALUES ('pisniua_235096_l1','pisniua_235096','http://gomin.uazone.net/song.php?song=65','http://gomin.uazone.net/song.php?song=65','external',NULL,1);
INSERT OR REPLACE INTO songs (id,title,subtitle,lang,country,period,year,source,notes,lyrics,tags_json,lang_locked,status,created_at,updated_at) VALUES ('pisniua_2351055','Снігова пісенька "Лети, сніжок"','Музика: Микола Шуть Слова: Микола Шуть','uk','ukraine_1991',NULL,NULL,'http://artteacher.ucoz.ru/load/fonogrami_ta_pisni_shkilnikh_svjat/novij_rik/leti_leti_s nizhok_komple',NULL,'Весело кружляє сніг, сніг,
Віхолою грає сніг, сніг,
Стеле без зупину сніг, сніг,
Снігову перину сніг...

Приспів:
Лети, лети, сніжок,
Легкий, мов пушок,
Лети, лети, сніжок,
Мій дружок.

Ріки застеляє сніг,
Сріблом пригощає сніг,
Землю укриває сніг,
Місто прикрашає сніг.

Приспів.

Падав на долоні сніг, сніг,
На крило вороні сніг, сніг,
Кішці на маківку сніг, сніг,
Соснам на верхівки сніг...

Приспів.

Сніг!','["pisni.org.ua", "cat:krasa-pryrody", "Пісні про красу природи"]',1,'published',COALESCE((SELECT created_at FROM songs WHERE id='pisniua_2351055'), datetime('now')),datetime('now'));
INSERT OR REPLACE INTO songs_fts(song_id,title,lyrics) VALUES ('pisniua_2351055','Снігова пісенька "Лети, сніжок"','Весело кружляє сніг, сніг,
Віхолою грає сніг, сніг,
Стеле без зупину сніг, сніг,
Снігову перину сніг...

Приспів:
Лети, лети, сніжок,
Легкий, мов пушок,
Лети, лети, сніжок,
Мій дружок.

Ріки застеляє сніг,
Сріблом пригощає сніг,
Землю укриває сніг,
Місто прикрашає сніг.

Приспів.

Падав на долоні сніг, сніг,
На крило вороні сніг, сніг,
Кішці на маківку сніг, сніг,
Соснам на верхівки сніг...

Приспів.

Сніг!');
INSERT OR REPLACE INTO song_links (id,song_id,title,url,kind,version_id,sort_order) VALUES ('pisniua_2351055_l1','pisniua_2351055','YouTube','https://www.youtube.com/watch?v=r4Y4HlTQfxY','video',NULL,1);
INSERT OR REPLACE INTO songs (id,title,subtitle,lang,country,period,year,source,notes,lyrics,tags_json,lang_locked,status,created_at,updated_at) VALUES ('pisniua_2349726','Танок Маленьких Каченят',NULL,'uk','ukraine_1991',NULL,NULL,'аудіозапис',NULL,'На дотепне каченя бути схожим хочу я,
Бути схожим хочу я щодня, щодня:
Чепурити хвостик свій буду я під дружній спів,
Буду я під дружній спів: кря-кря-кря-кря!
Бо природа хороша та погода хороша,
Ти співай, моя душа, кря-кря-кря-кря!
Навіть товстий бегемот, величезний бегемот
Також розкриває рот, гудить кря-кря.

Приспів:
Знов маленьким стати хочу я на мить!
Всі ми каченята, тому в житті нам
Завжди щастить!

На грайливе каченя бути схожим хочу я,
Бути схожим хочу я щодня, щодня!
Навіть бабцю з дідусем вже нічого не спасе -
Каченятам вслід усе кричать кря-кря!
Сонце, небо, річка, дім закружляли в танці тім,
Закружляли в танці тім щодня, щодня,
Разом з ними бегемот, хоч не знає навіть нот,
Також відкриває рот, гудить кря-кря!

Приспів.

На веселе каченя бути схожим хочу я,
Бути схожим хочу я щодня, щодня!
Всі повторюйте танок - найдотепніший урок,
Найдотепніший урок, кря-кря-кря-кря!
Краще танцю не знайти, легше танцю не знайти,
Тож танцюй його і ти щодня, щодня!
Нумо, гляньте: бегемот, величезний бегемот
Як танцює без турбот! Кря-кря-кря-кря!

Приспів.','["pisni.org.ua", "cat:dytyachi", "Дитячі пісні"]',1,'published',COALESCE((SELECT created_at FROM songs WHERE id='pisniua_2349726'), datetime('now')),datetime('now'));
INSERT OR REPLACE INTO songs_fts(song_id,title,lyrics) VALUES ('pisniua_2349726','Танок Маленьких Каченят','На дотепне каченя бути схожим хочу я,
Бути схожим хочу я щодня, щодня:
Чепурити хвостик свій буду я під дружній спів,
Буду я під дружній спів: кря-кря-кря-кря!
Бо природа хороша та погода хороша,
Ти співай, моя душа, кря-кря-кря-кря!
Навіть товстий бегемот, величезний бегемот
Також розкриває рот, гудить кря-кря.

Приспів:
Знов маленьким стати хочу я на мить!
Всі ми каченята, тому в житті нам
Завжди щастить!

На грайливе каченя бути схожим хочу я,
Бути схожим хочу я щодня, щодня!
Навіть бабцю з дідусем вже нічого не спасе -
Каченятам вслід усе кричать кря-кря!
Сонце, небо, річка, дім закружляли в танці тім,
Закружляли в танці тім щодня, щодня,
Разом з ними бегемот, хоч не знає навіть нот,
Також відкриває рот, гудить кря-кря!

Приспів.

На веселе каченя бути схожим хочу я,
Бути схожим хочу я щодня, щодня!
Всі повторюйте танок - найдотепніший урок,
Найдотепніший урок, кря-кря-кря-кря!
Краще танцю не знайти, легше танцю не знайти,
Тож танцюй його і ти щодня, щодня!
Нумо, гляньте: бегемот, величезний бегемот
Як танцює без турбот! Кря-кря-кря-кря!

Приспів.');
INSERT OR REPLACE INTO song_links (id,song_id,title,url,kind,version_id,sort_order) VALUES ('pisniua_2349726_l1','pisniua_2349726','YouTube','https://www.youtube.com/watch?v=pIpEJ-MoEkY','video',NULL,1);
INSERT OR REPLACE INTO songs (id,title,subtitle,lang,country,period,year,source,notes,lyrics,tags_json,lang_locked,status,created_at,updated_at) VALUES ('pisniua_2351515','Дід Мороз пішов у ліс','Українська народна пісня','uk','ukraine_before_1917',NULL,NULL,'http://www.minus.lviv.ua/minus/artist/%D0%9D%D0%B5%D0%B2%D1%96%D0%B 4%D0%BE%D0%BC%D0%B8%D0%B9%20%D0%B',NULL,'Дід Мороз пішов у ліс,
Тихий ліс, білий ліс.
Він ялинку нам приніс,
Пишну й зелененьку.
Ми прикрасили її
У вогні чарівні.
В коло стали й заспівали
Пісню веселеньку!

Приспів:
Кульки на ялиночці -
Зірочки, зірочки,
Дружать із ялинкою
Малюки, малюки,
Всім на святі хочеться
Заспівать, заспівать,
Ніжки в лад із піснею
Дріботять, дріботять...

Із Морозом-дідусем
Хоровод поведем,
Гарно свято проведемо
З танцями й піснями.
Хай зима потішить нас
Білим снігом раз у раз,
Хай у цей святковий час
Всі танцюють з нами!

Приспів. (2)','["pisni.org.ua", "cat:new-year", "Пісні про Новий Рік"]',1,'published',COALESCE((SELECT created_at FROM songs WHERE id='pisniua_2351515'), datetime('now')),datetime('now'));
INSERT OR REPLACE INTO songs_fts(song_id,title,lyrics) VALUES ('pisniua_2351515','Дід Мороз пішов у ліс','Дід Мороз пішов у ліс,
Тихий ліс, білий ліс.
Він ялинку нам приніс,
Пишну й зелененьку.
Ми прикрасили її
У вогні чарівні.
В коло стали й заспівали
Пісню веселеньку!

Приспів:
Кульки на ялиночці -
Зірочки, зірочки,
Дружать із ялинкою
Малюки, малюки,
Всім на святі хочеться
Заспівать, заспівать,
Ніжки в лад із піснею
Дріботять, дріботять...

Із Морозом-дідусем
Хоровод поведем,
Гарно свято проведемо
З танцями й піснями.
Хай зима потішить нас
Білим снігом раз у раз,
Хай у цей святковий час
Всі танцюють з нами!

Приспів. (2)');
INSERT OR REPLACE INTO song_links (id,song_id,title,url,kind,version_id,sort_order) VALUES ('pisniua_2351515_l1','pisniua_2351515','YouTube','https://www.youtube.com/watch?v=9fqpnI_Y4ek','video',NULL,1);
INSERT OR REPLACE INTO songs (id,title,subtitle,lang,country,period,year,source,notes,lyrics,tags_json,lang_locked,status,created_at,updated_at) VALUES ('pisniua_2351354','Нехочуха','Музика: Назар Савко Слова: Назар Савко','uk','ukraine_1991',NULL,NULL,'аудіозапис','Пісню виконує Юстина Оршак (муз. студія "Джерело" ЦТДЮГ м. Львів).','Я не хочу спати, книжечки читати,
Ліжко застеляти теж не хочу я!
Хочу я співати, грати, танцювати,
Не-не-нехочуха я! Не-не-нехочуха я!
Я!

Приспів:
Нехочуха, нехочуха,
Бо заклало мені вуха!
Нехочуха, нехочуха,
Нехочуха я!
Нехочуха, нехочуха,
Бо заклало мені вуха!
Не-не-нехочуха я!
Не-не-нехочуха я! Я!

Я не хочу знати, літери писати,
Цифри рахувати теж не хочу я,
Хочу я співати, грати, танцювати,
Не-не-нехочуха я! Не-не-нехочуха я!
Я!

Приспів. (2)','["pisni.org.ua", "cat:dytyachi", "Дитячі пісні"]',1,'published',COALESCE((SELECT created_at FROM songs WHERE id='pisniua_2351354'), datetime('now')),datetime('now'));
INSERT OR REPLACE INTO songs_fts(song_id,title,lyrics) VALUES ('pisniua_2351354','Нехочуха','Я не хочу спати, книжечки читати,
Ліжко застеляти теж не хочу я!
Хочу я співати, грати, танцювати,
Не-не-нехочуха я! Не-не-нехочуха я!
Я!

Приспів:
Нехочуха, нехочуха,
Бо заклало мені вуха!
Нехочуха, нехочуха,
Нехочуха я!
Нехочуха, нехочуха,
Бо заклало мені вуха!
Не-не-нехочуха я!
Не-не-нехочуха я! Я!

Я не хочу знати, літери писати,
Цифри рахувати теж не хочу я,
Хочу я співати, грати, танцювати,
Не-не-нехочуха я! Не-не-нехочуха я!
Я!

Приспів. (2)');
INSERT OR REPLACE INTO song_links (id,song_id,title,url,kind,version_id,sort_order) VALUES ('pisniua_2351354_l1','pisniua_2351354','YouTube','https://www.youtube.com/watch?v=fBmBBnoAjGg','video',NULL,1);
INSERT OR REPLACE INTO songs (id,title,subtitle,lang,country,period,year,source,notes,lyrics,tags_json,lang_locked,status,created_at,updated_at) VALUES ('pisniua_2351697','Заплакало небо','Музика: Василь Гринчук Слова: Богдан Пісний. Виконує: Василь Була','uk','ukraine_1991',NULL,NULL,'аудіозапис',NULL,'Заплакало небо у дні поминальні,
Вмиваючи горе холодним дощем.
Скотилися в душі сльозинки прощальні,
Лишаючи в серці незвіданий щем...
Схилилася мати над сином востаннє,
Один був у неї, надія одна...
У чорній хустині, жертовнім риданні
Йому на прощання сказала вона:

Приспів:
На щастя ростила тебе, любий сину,
І думала - будеш опора мені.
Пробач, рідна мамо, любив Україну,
До тебе приходити буду вві сні...

Мене ти побачиш в пахучій калині,
Що ніжно розквітне в саду під вікном.
А також в щасливій новій Україні,
У світлий Великдень за нашим столом!
Коли вдягнеш з батьком святкову сорочку,
Згадавши той день, як родила в грозу,
Душа моя буде з тобою в куточку
З очей витираючи ніжно сльозу...

Приспів.

Речитатив:
Заплакало небо у дні поминальні,
Вмиваючи горе холодним дощем.
Скотилися в душі сльозинки прощальні,
Лишаючи в серці незвіданий щем...

Приспів.

До тебе приходити буду...','["pisni.org.ua", "cat:ato", "cat:devoted", "Пісні російсько-української війни та АТО", "Пісні присвячені окремим особам"]',1,'published',COALESCE((SELECT created_at FROM songs WHERE id='pisniua_2351697'), datetime('now')),datetime('now'));
INSERT OR REPLACE INTO songs_fts(song_id,title,lyrics) VALUES ('pisniua_2351697','Заплакало небо','Заплакало небо у дні поминальні,
Вмиваючи горе холодним дощем.
Скотилися в душі сльозинки прощальні,
Лишаючи в серці незвіданий щем...
Схилилася мати над сином востаннє,
Один був у неї, надія одна...
У чорній хустині, жертовнім риданні
Йому на прощання сказала вона:

Приспів:
На щастя ростила тебе, любий сину,
І думала - будеш опора мені.
Пробач, рідна мамо, любив Україну,
До тебе приходити буду вві сні...

Мене ти побачиш в пахучій калині,
Що ніжно розквітне в саду під вікном.
А також в щасливій новій Україні,
У світлий Великдень за нашим столом!
Коли вдягнеш з батьком святкову сорочку,
Згадавши той день, як родила в грозу,
Душа моя буде з тобою в куточку
З очей витираючи ніжно сльозу...

Приспів.

Речитатив:
Заплакало небо у дні поминальні,
Вмиваючи горе холодним дощем.
Скотилися в душі сльозинки прощальні,
Лишаючи в серці незвіданий щем...

Приспів.

До тебе приходити буду...');
INSERT OR REPLACE INTO song_links (id,song_id,title,url,kind,version_id,sort_order) VALUES ('pisniua_2351697_l1','pisniua_2351697','YouTube','https://www.youtube.com/watch?v=Yynr5Y8VZoY','video',NULL,1);
INSERT OR REPLACE INTO songs (id,title,subtitle,lang,country,period,year,source,notes,lyrics,tags_json,lang_locked,status,created_at,updated_at) VALUES ('pisniua_235192','Бета-каротин','Слова: Бумбокс. Виконує: Бумбокс','uk','ukraine_1991',NULL,NULL,NULL,'Взагалі-то там грається рифами, але так - на мою думку простіше. Грайте і підбирайте. Бумбокс. Згадайте благодійний концерт на підтримку дітей хворих на ДЦП. Оце бумбокс там "давав джязю..." 8))) Підбір акордів: Сенько Артем','Dm (V)  A (V)  Dm (V)   G (V)
Забудь образи, ми знову разом.
A# (VI)                A(V)
Замішані з тобою ми як фанк із джазом.
Навіщо дутись, кого позбутись?
Як не хотів не можу я тебе забути.

Обов"язково в мовчанку зрати,
Так нам і треба один одної ми варті.
Можливо з іншим, тікав би краще.
ну все, не забувай! Телефонуй ледащо.
A#(VI)                A(V)
Мій відвертий каротин бета,
Dm(V)                 G(V)
Я шукав у нуль один, Де ти?
У мережі під чужим ніком,
У яке кричати з цих вікон?

Усе й одразу, купуй заразу.
Я слів не пам''ятаю ні фіга, ні разу.
Лєну олію коло багаття.
Яка мені різниця Свєта ти чи Катя?!

Обов''язково в мовчанку грати,
Так нам і треба один одної ми варті.
В приваті з іншим, тікав би краще.
ну все, не забувай! Телефонуй ледащо.','["pisni.org.ua", "cat:philosophic", "Філософські пісні"]',1,'published',COALESCE((SELECT created_at FROM songs WHERE id='pisniua_235192'), datetime('now')),datetime('now'));
INSERT OR REPLACE INTO songs_fts(song_id,title,lyrics) VALUES ('pisniua_235192','Бета-каротин','Dm (V)  A (V)  Dm (V)   G (V)
Забудь образи, ми знову разом.
A# (VI)                A(V)
Замішані з тобою ми як фанк із джазом.
Навіщо дутись, кого позбутись?
Як не хотів не можу я тебе забути.

Обов"язково в мовчанку зрати,
Так нам і треба один одної ми варті.
Можливо з іншим, тікав би краще.
ну все, не забувай! Телефонуй ледащо.
A#(VI)                A(V)
Мій відвертий каротин бета,
Dm(V)                 G(V)
Я шукав у нуль один, Де ти?
У мережі під чужим ніком,
У яке кричати з цих вікон?

Усе й одразу, купуй заразу.
Я слів не пам''ятаю ні фіга, ні разу.
Лєну олію коло багаття.
Яка мені різниця Свєта ти чи Катя?!

Обов''язково в мовчанку грати,
Так нам і треба один одної ми варті.
В приваті з іншим, тікав би краще.
ну все, не забувай! Телефонуй ледащо.');
INSERT OR REPLACE INTO song_links (id,song_id,title,url,kind,version_id,sort_order) VALUES ('pisniua_235192_l1','pisniua_235192','YouTube','https://www.youtube.com/watch?v=dgrxSOad6tM','video',NULL,1);
INSERT OR REPLACE INTO songs (id,title,subtitle,lang,country,period,year,source,notes,lyrics,tags_json,lang_locked,status,created_at,updated_at) VALUES ('pisniua_2351614','Новий рік','Музика: Микола Ведмедеря Слова: Юлія Хандожинська','uk','ukraine_1991',NULL,NULL,'авторське подання',NULL,'Білий сніг малює казку,
Одягне всіх в білу маску,
Ці маленькі крихти вати
Будуть взимку гостювати.
В небі зірка заіскриться,
Новий рік заметушиться,
Поспішатиме гостинно
Привітати Україну!

Приспів:
Чарівник до нас спустився,
Новий рік не забарився,
Це не вірші, це не казка,
Це із неба Божа ласка!
Б''ють куранти і салюти,
Новий рік стрічають всюди,
Світом гомін покотився,
Новий рік сніжком умився!

Морозець підкрутить вуса,
Сріблом - золотом притрусить
На дерева, на будинки,
На реклами і зупинки.
В небі зірка заіскриться,
Новий рік заметушиться,
Поспішатиме гостинно
Привітати Україну!

Приспів.','["pisni.org.ua", "cat:new-year", "Пісні про Новий Рік"]',1,'published',COALESCE((SELECT created_at FROM songs WHERE id='pisniua_2351614'), datetime('now')),datetime('now'));
INSERT OR REPLACE INTO songs_fts(song_id,title,lyrics) VALUES ('pisniua_2351614','Новий рік','Білий сніг малює казку,
Одягне всіх в білу маску,
Ці маленькі крихти вати
Будуть взимку гостювати.
В небі зірка заіскриться,
Новий рік заметушиться,
Поспішатиме гостинно
Привітати Україну!

Приспів:
Чарівник до нас спустився,
Новий рік не забарився,
Це не вірші, це не казка,
Це із неба Божа ласка!
Б''ють куранти і салюти,
Новий рік стрічають всюди,
Світом гомін покотився,
Новий рік сніжком умився!

Морозець підкрутить вуса,
Сріблом - золотом притрусить
На дерева, на будинки,
На реклами і зупинки.
В небі зірка заіскриться,
Новий рік заметушиться,
Поспішатиме гостинно
Привітати Україну!

Приспів.');
INSERT OR REPLACE INTO song_links (id,song_id,title,url,kind,version_id,sort_order) VALUES ('pisniua_2351614_l1','pisniua_2351614','YouTube','https://www.youtube.com/watch?v=WHuL9vSjgSI','video',NULL,1);
INSERT OR REPLACE INTO songs (id,title,subtitle,lang,country,period,year,source,notes,lyrics,tags_json,lang_locked,status,created_at,updated_at) VALUES ('pisniua_2352216','Новий Рік!','Музика: Сергій Ярунський Слова: Ольга Яриновська','uk','ukraine_1991',NULL,'2017','аудіозапис','Пісню виконує вокальний ансамбль "Намистечко". Прем''єра пісні відбулась 1 січня 2017 року у програмі "Доброго року, Україно" (І частина, центральний канал).','Зима малює на вікні
Узори, виткані морозом,
Забула річенька пісні,
Тихенько спить
Під верболозом...
Сидять на вітах снігурі,
Накрив у крижаних сережках,
Укриті килимом всі стежки,
Святковий день в календарі.
Красуня біла заметіль
Чекає коляду за рогом,
А Дідух - сивий оберіг -
Стрічає гостей за порогом.
Чаклун зі скринею дарів,
Тепла, турботи і любові,
В різдвяній золотій онові
Спішить, летить на крилах мрій!

Приспів:
Новий Рік! Новий Рік!       |
Новий Рік                   |
Заблукав в павутинні доріг! |
Королева зима               |
Свято казки у дім принесла! | (2)

Завершив Старий Рік політ,
Тік-так - годинник поспішає,
І рветься стрімко стрілка вбік,
Нова історія чекає!
Чаклун веселий Рік новий
В оселю кожну завітає,
Здійснить, що серце забажає,
Наповнить щастям келих твій!

Приспів.    Фонограма-мінус (mp3, 320 kbps)','["pisni.org.ua", "cat:new-year", "Пісні про Новий Рік"]',1,'published',COALESCE((SELECT created_at FROM songs WHERE id='pisniua_2352216'), datetime('now')),datetime('now'));
INSERT OR REPLACE INTO songs_fts(song_id,title,lyrics) VALUES ('pisniua_2352216','Новий Рік!','Зима малює на вікні
Узори, виткані морозом,
Забула річенька пісні,
Тихенько спить
Під верболозом...
Сидять на вітах снігурі,
Накрив у крижаних сережках,
Укриті килимом всі стежки,
Святковий день в календарі.
Красуня біла заметіль
Чекає коляду за рогом,
А Дідух - сивий оберіг -
Стрічає гостей за порогом.
Чаклун зі скринею дарів,
Тепла, турботи і любові,
В різдвяній золотій онові
Спішить, летить на крилах мрій!

Приспів:
Новий Рік! Новий Рік!       |
Новий Рік                   |
Заблукав в павутинні доріг! |
Королева зима               |
Свято казки у дім принесла! | (2)

Завершив Старий Рік політ,
Тік-так - годинник поспішає,
І рветься стрімко стрілка вбік,
Нова історія чекає!
Чаклун веселий Рік новий
В оселю кожну завітає,
Здійснить, що серце забажає,
Наповнить щастям келих твій!

Приспів.    Фонограма-мінус (mp3, 320 kbps)');
INSERT OR REPLACE INTO song_links (id,song_id,title,url,kind,version_id,sort_order) VALUES ('pisniua_2352216_l1','pisniua_2352216','YouTube','https://www.youtube.com/watch?v=BhfoSu8dw5w','video',NULL,1);
INSERT OR REPLACE INTO songs (id,title,subtitle,lang,country,period,year,source,notes,lyrics,tags_json,lang_locked,status,created_at,updated_at) VALUES ('pisniua_2351990','Купальський віночок','Музика: Сергій Ярунський Слова: Богдан Коханевич','uk','ukraine_before_1917',NULL,NULL,'https://www.youtube.com/watch?v=06eW8curQ2U','Пісню виконує аматорський хор районного будинку культури села Ярунь.','На Йвана Купала я вінок сплітала,
Стежечка до річки стелилася нам.
Тихо усміхнувшись до тебе сказала:
Хто зловить віночок - серце я віддам!

Купальський віночок поплив за водою.
Кружляє, пірнає, несеться бистрінь.
Поплив по річці, шукаючи долю,
Заглядають квіти у чорну глибінь...

Любисток і ружі, барвінок зелений
І волошки сині я туди вплела.
Відпливав віночок все швидше від мене,
Далеко-далеко вода понесла...

В очі ти поглянув - кинувся у воду,
По глибокій річці за щастям пливеш.
Буде кохання тобі в нагороду,
Якщо мій віночок ти в ночі знайдеш!..','["pisni.org.ua", "cat:kupalski", "Купальські пісні"]',1,'published',COALESCE((SELECT created_at FROM songs WHERE id='pisniua_2351990'), datetime('now')),datetime('now'));
INSERT OR REPLACE INTO songs_fts(song_id,title,lyrics) VALUES ('pisniua_2351990','Купальський віночок','На Йвана Купала я вінок сплітала,
Стежечка до річки стелилася нам.
Тихо усміхнувшись до тебе сказала:
Хто зловить віночок - серце я віддам!

Купальський віночок поплив за водою.
Кружляє, пірнає, несеться бистрінь.
Поплив по річці, шукаючи долю,
Заглядають квіти у чорну глибінь...

Любисток і ружі, барвінок зелений
І волошки сині я туди вплела.
Відпливав віночок все швидше від мене,
Далеко-далеко вода понесла...

В очі ти поглянув - кинувся у воду,
По глибокій річці за щастям пливеш.
Буде кохання тобі в нагороду,
Якщо мій віночок ти в ночі знайдеш!..');
INSERT OR REPLACE INTO song_links (id,song_id,title,url,kind,version_id,sort_order) VALUES ('pisniua_2351990_l1','pisniua_2351990','YouTube','https://www.youtube.com/watch?v=06eW8curQ2U','video',NULL,1);
INSERT OR REPLACE INTO songs (id,title,subtitle,lang,country,period,year,source,notes,lyrics,tags_json,lang_locked,status,created_at,updated_at) VALUES ('pisniua_2352665','Летіла лелека','Музика: Майя Янчишин-Чедрик Слова: Майя Янчишин-Чедрик. Виконує: Дует MOVA','uk','ukraine_before_1917',NULL,NULL,'аудіозапис',NULL,'Летіла лелека
Онде, не далеко,
Крихітне малятко
Принесла у хатку...
Наче намистиночка,
Малесенька дитиночка,
Люлі-люлі, баю, |
Тебе колихаю... | (2)

Соловей щебече,
Вже надходить вечір,
Вітер у гаю шумить -
Колискову гомонить...
Сплять уже звірятонька,
Сірі зайченятонька...
Люлі-люлі, баю, |
Тебе колихаю... | (2

Горличка туркоче
І гніздечко в''є,
Хто ж моїй малечі
Спатки не дає?..
Пізня вже годинонька,
Спи, моя дитинонька...
Люлі-люлі, баю, |
Тебе колихаю... | (2','["pisni.org.ua", "cat:kolyskovi", "Колискові"]',1,'published',COALESCE((SELECT created_at FROM songs WHERE id='pisniua_2352665'), datetime('now')),datetime('now'));
INSERT OR REPLACE INTO songs_fts(song_id,title,lyrics) VALUES ('pisniua_2352665','Летіла лелека','Летіла лелека
Онде, не далеко,
Крихітне малятко
Принесла у хатку...
Наче намистиночка,
Малесенька дитиночка,
Люлі-люлі, баю, |
Тебе колихаю... | (2)

Соловей щебече,
Вже надходить вечір,
Вітер у гаю шумить -
Колискову гомонить...
Сплять уже звірятонька,
Сірі зайченятонька...
Люлі-люлі, баю, |
Тебе колихаю... | (2

Горличка туркоче
І гніздечко в''є,
Хто ж моїй малечі
Спатки не дає?..
Пізня вже годинонька,
Спи, моя дитинонька...
Люлі-люлі, баю, |
Тебе колихаю... | (2');
INSERT OR REPLACE INTO songs (id,title,subtitle,lang,country,period,year,source,notes,lyrics,tags_json,lang_locked,status,created_at,updated_at) VALUES ('pisniua_2349797','Маленький трамвайчик','Музика: Олександр Шевченко Слова: Олександр Шевченко','uk','ukraine_before_1917',NULL,NULL,'аудіозапис','Пісню виконує Віра Кідик.','Маленький трамвайчик
У місті маленькім
Із раннього ранку
Невтомно кружля,
Старанний трамвайчик,
Трудяга маленький,
Він возить, і возить,
І возить малят.

Приспів:
Трамвайчик маленький
По місту кружля!
Маленький трамвайчик,
Що возить малят!

Рушаємо разом,
Сідай сміливіше,
Дзвенить наш трамвайчик
На вулицю всю,
Щоб їхати швидше
І ще веселіше,
Співаємо разом
Ми пісеньку цю.

Простує трамвайчик
По рейках маленьких,
Маленьке усе
За віконцем малим,
Маленькі будинки,
Ми їдемо містом
Маленьким таким.

Приспів.

Закінчиться день,
Тоді вечір настане,
Трамвайчик стомився,
Давай, спочивай,
Ми виростем скоро,
Дитинство скінчиться,
І виросте з нами
Маленький трамвай.

Приспів.','["pisni.org.ua", "cat:kolyskovi", "Колискові"]',1,'published',COALESCE((SELECT created_at FROM songs WHERE id='pisniua_2349797'), datetime('now')),datetime('now'));
INSERT OR REPLACE INTO songs_fts(song_id,title,lyrics) VALUES ('pisniua_2349797','Маленький трамвайчик','Маленький трамвайчик
У місті маленькім
Із раннього ранку
Невтомно кружля,
Старанний трамвайчик,
Трудяга маленький,
Він возить, і возить,
І возить малят.

Приспів:
Трамвайчик маленький
По місту кружля!
Маленький трамвайчик,
Що возить малят!

Рушаємо разом,
Сідай сміливіше,
Дзвенить наш трамвайчик
На вулицю всю,
Щоб їхати швидше
І ще веселіше,
Співаємо разом
Ми пісеньку цю.

Простує трамвайчик
По рейках маленьких,
Маленьке усе
За віконцем малим,
Маленькі будинки,
Ми їдемо містом
Маленьким таким.

Приспів.

Закінчиться день,
Тоді вечір настане,
Трамвайчик стомився,
Давай, спочивай,
Ми виростем скоро,
Дитинство скінчиться,
І виросте з нами
Маленький трамвай.

Приспів.');
INSERT OR REPLACE INTO song_links (id,song_id,title,url,kind,version_id,sort_order) VALUES ('pisniua_2349797_l1','pisniua_2349797','YouTube','https://www.youtube.com/watch?v=rDL2iUBbrhM','video',NULL,1);
INSERT OR REPLACE INTO songs (id,title,subtitle,lang,country,period,year,source,notes,lyrics,tags_json,lang_locked,status,created_at,updated_at) VALUES ('pisniua_2352879','Материнське горе','Музика: Володимир Сірант Слова: Володимир Сірант. Виконує: Володимир Сірант','uk','ukraine_1991',NULL,NULL,'аудіозапис',NULL,'Матері, ви від горя
Умиті сльозами,
Матері, ну за що вас
Торкнулась біда?
День за днем плачете
За своїми синами,
Плаче також за ними
Черешня в саду молода...

Приспів:
Матері, не для того
Синів ви ростили,
Щоб вони від руки
Свого брата лягли.
Любі наші, дай Боже
Терпіння вам,
Здоров''я і сили,
Дочекатись часу -
Їх побачить живими змогли!
Боже, ти сили дай мамі,
Боже, здоров''я дай мамі -
Під кулями син прочитає
Молитву свою.
Боже, ти сили для сина,
Боже здоров''я для сина,
Просить мати його
Захистити в нерівнім бою!

Матері, сльози витріть
І будьте ви горді тим,
Що ваші сини захищають
Країну в бою!
І хоч як не крути
Та прийде перемога поволі,
Повернуться сини,
Кожен маму зустріне свою!

Приспів.','["pisni.org.ua", "cat:pro-ditey", "Пісні про любов до дітей"]',1,'published',COALESCE((SELECT created_at FROM songs WHERE id='pisniua_2352879'), datetime('now')),datetime('now'));
INSERT OR REPLACE INTO songs_fts(song_id,title,lyrics) VALUES ('pisniua_2352879','Материнське горе','Матері, ви від горя
Умиті сльозами,
Матері, ну за що вас
Торкнулась біда?
День за днем плачете
За своїми синами,
Плаче також за ними
Черешня в саду молода...

Приспів:
Матері, не для того
Синів ви ростили,
Щоб вони від руки
Свого брата лягли.
Любі наші, дай Боже
Терпіння вам,
Здоров''я і сили,
Дочекатись часу -
Їх побачить живими змогли!
Боже, ти сили дай мамі,
Боже, здоров''я дай мамі -
Під кулями син прочитає
Молитву свою.
Боже, ти сили для сина,
Боже здоров''я для сина,
Просить мати його
Захистити в нерівнім бою!

Матері, сльози витріть
І будьте ви горді тим,
Що ваші сини захищають
Країну в бою!
І хоч як не крути
Та прийде перемога поволі,
Повернуться сини,
Кожен маму зустріне свою!

Приспів.');
INSERT OR REPLACE INTO song_links (id,song_id,title,url,kind,version_id,sort_order) VALUES ('pisniua_2352879_l1','pisniua_2352879','YouTube','https://www.youtube.com/watch?v=ZWT4B7N08so','video',NULL,1);
INSERT OR REPLACE INTO songs (id,title,subtitle,lang,country,period,year,source,notes,lyrics,tags_json,lang_locked,status,created_at,updated_at) VALUES ('pisniua_23522','Дивная новина','Українська народна пісня','uk','ukraine_before_1917',NULL,NULL,'народна коляда',NULL,'Дивная новина: Нині Діва Сина
Породила в Вифлеємі, Марія єдина!         | (2)

Не в царській палаті, а межи бидляти,
У пустині, у яскині, треба то всім знати. | (2)

Що то Бога іста Марія Пречиста
І рождає, і питає Його як невіста.        | (2)

На руках тримає, пісеньки співає,
Всемогучим Створителем Його називає.      | (2)

Мовить: "Люляй, Сину, Я тебе повину,
Бо Ти собі вибрав мене за матір єдину!"   | (2)

"О, необійменний, о, непостиженний,
Спи ти довго, рости скоро, младенче блаженний!" | (2)

"Я в тобі надію, Сину мій, лелію:
Де сам будеш, мене візьмеш, Ти мій Добродію". | (2)

"Скажи, Правосуде, де хто з вірних буде?
Хай зі мною пред Тобою стануть усі люди"  | (2)

"Щоб Тебе молити і Тебе просити,
Щоб Ти дав нам в своїм Царстві            |
Во вік віків жити"                        | (2)','["pisni.org.ua", "cat:christian", "cat:kolyadky", "cat:narodni", "cat:zakarpatski", "Пісні на християнську тематику", "Колядки", "Народні пісні", "Закарпатські пісні"]',1,'published',COALESCE((SELECT created_at FROM songs WHERE id='pisniua_23522'), datetime('now')),datetime('now'));
INSERT OR REPLACE INTO songs_fts(song_id,title,lyrics) VALUES ('pisniua_23522','Дивная новина','Дивная новина: Нині Діва Сина
Породила в Вифлеємі, Марія єдина!         | (2)

Не в царській палаті, а межи бидляти,
У пустині, у яскині, треба то всім знати. | (2)

Що то Бога іста Марія Пречиста
І рождає, і питає Його як невіста.        | (2)

На руках тримає, пісеньки співає,
Всемогучим Створителем Його називає.      | (2)

Мовить: "Люляй, Сину, Я тебе повину,
Бо Ти собі вибрав мене за матір єдину!"   | (2)

"О, необійменний, о, непостиженний,
Спи ти довго, рости скоро, младенче блаженний!" | (2)

"Я в тобі надію, Сину мій, лелію:
Де сам будеш, мене візьмеш, Ти мій Добродію". | (2)

"Скажи, Правосуде, де хто з вірних буде?
Хай зі мною пред Тобою стануть усі люди"  | (2)

"Щоб Тебе молити і Тебе просити,
Щоб Ти дав нам в своїм Царстві            |
Во вік віків жити"                        | (2)');
INSERT OR REPLACE INTO song_links (id,song_id,title,url,kind,version_id,sort_order) VALUES ('pisniua_23522_l1','pisniua_23522','YouTube','https://www.youtube.com/watch?v=xNtOiKQaEk0','video',NULL,1);
INSERT OR REPLACE INTO song_links (id,song_id,title,url,kind,version_id,sort_order) VALUES ('pisniua_23522_l2','pisniua_23522','Переглянути варіанти >>','https://www.pisni.org.ua/#variants','external',NULL,2);
INSERT OR REPLACE INTO songs (id,title,subtitle,lang,country,period,year,source,notes,lyrics,tags_json,lang_locked,status,created_at,updated_at) VALUES ('pisniua_23515','Вселенная, веселися!','Українська народна пісня','uk','ukraine_before_1917',NULL,NULL,'народна коляда',NULL,'Вселенная, веселися!
Бог від Діви днесь родився.
У вертепі між бидляти,
Там поклін Христові дати
Царіє, царіє приходять.     | (2)

Ладан, миро, золоти в дари
Там принесли тріє царі
Народженому Цареві,
Всього світу Господеві,
Віддали, віддали в покорі.  | (2)

Пастиріє прибігають,
На сопілках вигравають.
Бо пізнали що Рожденний,
Із Марії воплощенний,
Чистої, чистої Дівиці.      | (2)

Ти, Йосифе, не смутися,
Це Спаситель народися!
Радість Він Тобі приносить,
Нам спасення всім голосить
Від нині, від нині навіки.  | (2)

Там Ангели припадають,
"Слава во вишніх" співають,
Рожденому Отрочаті
Поспішаються честь віддати:
Богові, Богові у яслах.     | (2)

Пастирям уподобімся,
Рожденому поклонімся,
Щоб дозволив мирно жити,
Смуток в радість замінити -
Віруючим, віруючим у Нього. | (2)    За Іваном Біликовським','["pisni.org.ua", "cat:kolyadky", "cat:zakarpatski", "Колядки", "Закарпатські пісні"]',1,'published',COALESCE((SELECT created_at FROM songs WHERE id='pisniua_23515'), datetime('now')),datetime('now'));
INSERT OR REPLACE INTO songs_fts(song_id,title,lyrics) VALUES ('pisniua_23515','Вселенная, веселися!','Вселенная, веселися!
Бог від Діви днесь родився.
У вертепі між бидляти,
Там поклін Христові дати
Царіє, царіє приходять.     | (2)

Ладан, миро, золоти в дари
Там принесли тріє царі
Народженому Цареві,
Всього світу Господеві,
Віддали, віддали в покорі.  | (2)

Пастиріє прибігають,
На сопілках вигравають.
Бо пізнали що Рожденний,
Із Марії воплощенний,
Чистої, чистої Дівиці.      | (2)

Ти, Йосифе, не смутися,
Це Спаситель народися!
Радість Він Тобі приносить,
Нам спасення всім голосить
Від нині, від нині навіки.  | (2)

Там Ангели припадають,
"Слава во вишніх" співають,
Рожденому Отрочаті
Поспішаються честь віддати:
Богові, Богові у яслах.     | (2)

Пастирям уподобімся,
Рожденому поклонімся,
Щоб дозволив мирно жити,
Смуток в радість замінити -
Віруючим, віруючим у Нього. | (2)    За Іваном Біликовським');
INSERT OR REPLACE INTO song_links (id,song_id,title,url,kind,version_id,sort_order) VALUES ('pisniua_23515_l1','pisniua_23515','Переглянути варіанти >>','https://www.pisni.org.ua/#variants','external',NULL,1);
INSERT OR REPLACE INTO songs (id,title,subtitle,lang,country,period,year,source,notes,lyrics,tags_json,lang_locked,status,created_at,updated_at) VALUES ('pisniua_2352550','Новорічна ніч','Українська народна пісня. Виконує: Алла Мігай','uk','ukraine_before_1917',NULL,NULL,'аудіозапис',NULL,'Тік, так, тік так,
Рухається стрілка,
Все не так, все не так,
Все життя - помилка,
Снігопад, зорепад,
Новий рік на носі,
Подарунки до свят
Дід Мороз розносить...

Приспів:
Новорічна ніч -
Добре свято,
Новорічна ніч -
Мрій так багато,
Новорічна ніч
Витре сльози!
Проведи її разом
З Дідом Морозом.
Новорічна ніч -
Не заплющуй віч!
Вірю станеться диво -
Знову буду щаслива
В Новорічну ніч!

Тік так, тік, так,
Час іде невпинно,
Новорічні свята,
А на серці зимно,
Завиває віхола
І у двері грюка,
І годинник тікає,
Наче серце друга.

Приспів.

Новорічна ніч -        |
Не заплющуй віч!       |
Вірю, станеться диво - |
Знову буду щаслива     |
В Новорічну ніч!       | (2)

Тік, так, тік, так,
Тік, так...','["pisni.org.ua", "cat:new-year", "Пісні про Новий Рік"]',1,'published',COALESCE((SELECT created_at FROM songs WHERE id='pisniua_2352550'), datetime('now')),datetime('now'));
INSERT OR REPLACE INTO songs_fts(song_id,title,lyrics) VALUES ('pisniua_2352550','Новорічна ніч','Тік, так, тік так,
Рухається стрілка,
Все не так, все не так,
Все життя - помилка,
Снігопад, зорепад,
Новий рік на носі,
Подарунки до свят
Дід Мороз розносить...

Приспів:
Новорічна ніч -
Добре свято,
Новорічна ніч -
Мрій так багато,
Новорічна ніч
Витре сльози!
Проведи її разом
З Дідом Морозом.
Новорічна ніч -
Не заплющуй віч!
Вірю станеться диво -
Знову буду щаслива
В Новорічну ніч!

Тік так, тік, так,
Час іде невпинно,
Новорічні свята,
А на серці зимно,
Завиває віхола
І у двері грюка,
І годинник тікає,
Наче серце друга.

Приспів.

Новорічна ніч -        |
Не заплющуй віч!       |
Вірю, станеться диво - |
Знову буду щаслива     |
В Новорічну ніч!       | (2)

Тік, так, тік, так,
Тік, так...');
INSERT OR REPLACE INTO song_links (id,song_id,title,url,kind,version_id,sort_order) VALUES ('pisniua_2352550_l1','pisniua_2352550','YouTube','https://www.youtube.com/watch?v=76S6Lyb7kJQ','video',NULL,1);
INSERT OR REPLACE INTO songs (id,title,subtitle,lang,country,period,year,source,notes,lyrics,tags_json,lang_locked,status,created_at,updated_at) VALUES ('pisniua_2353158','Секрет','Музика: Друга ріка Слова: Валерій Харчишин. Виконує: Друга ріка','uk','ukraine_1991',NULL,NULL,'аудіозапис',NULL,'Люди, як люди,
А я народився старим,
Хоч був колись добрим малим...
Так, старим малим...
Літав і не загинув, але,
Мабуть, на небі таки місця нема,
Чи черга моя не дійшла,
І замість мене там ви, а не я...
Летять картини,
Я колись піду та ти не будеш один,
Запам''ятаюсь тобі таким -
Веселим, трохи сумним...
Посміхайся, син!

Приспів:
Я нікому не скажу!..
Я не видам наш секрет...
Не забирай, кого люблю -
Забери мене...
Я нікому не скажу!..
Я не видам наш секрет...
Не забирай, кого люблю -
Бери мене... Бери мене...

О, Боже, знаєш,
Для чого ти їх забираєш,
І нас сумних залишаєш?..
Хіба ж їм тут місця нема?..
Скажи, в чому я винний?..
Боже, знаєш,
Для чого їх від мене ховаєш?..
Десь у хмарах, ну, як вони там?..
Скажи, хоч як вони там?!?

Приспів.

Я нікому не скажу!..
Я не видам наш секрет...
Не забирай, кого люблю -
Забери мене... Бери мене!..','["pisni.org.ua", "cat:devoted", "Пісні присвячені окремим особам"]',1,'published',COALESCE((SELECT created_at FROM songs WHERE id='pisniua_2353158'), datetime('now')),datetime('now'));
INSERT OR REPLACE INTO songs_fts(song_id,title,lyrics) VALUES ('pisniua_2353158','Секрет','Люди, як люди,
А я народився старим,
Хоч був колись добрим малим...
Так, старим малим...
Літав і не загинув, але,
Мабуть, на небі таки місця нема,
Чи черга моя не дійшла,
І замість мене там ви, а не я...
Летять картини,
Я колись піду та ти не будеш один,
Запам''ятаюсь тобі таким -
Веселим, трохи сумним...
Посміхайся, син!

Приспів:
Я нікому не скажу!..
Я не видам наш секрет...
Не забирай, кого люблю -
Забери мене...
Я нікому не скажу!..
Я не видам наш секрет...
Не забирай, кого люблю -
Бери мене... Бери мене...

О, Боже, знаєш,
Для чого ти їх забираєш,
І нас сумних залишаєш?..
Хіба ж їм тут місця нема?..
Скажи, в чому я винний?..
Боже, знаєш,
Для чого їх від мене ховаєш?..
Десь у хмарах, ну, як вони там?..
Скажи, хоч як вони там?!?

Приспів.

Я нікому не скажу!..
Я не видам наш секрет...
Не забирай, кого люблю -
Забери мене... Бери мене!..');
INSERT OR REPLACE INTO song_links (id,song_id,title,url,kind,version_id,sort_order) VALUES ('pisniua_2353158_l1','pisniua_2353158','YouTube','https://www.youtube.com/watch?v=nqVHlgeEg0k','video',NULL,1);
INSERT OR REPLACE INTO song_links (id,song_id,title,url,kind,version_id,sort_order) VALUES ('pisniua_2353158_l2','pisniua_2353158','YouTube','https://www.youtube.com/watch?v=-akWnxconH8','video',NULL,2);
INSERT OR REPLACE INTO songs (id,title,subtitle,lang,country,period,year,source,notes,lyrics,tags_json,lang_locked,status,created_at,updated_at) VALUES ('pisniua_235457','Моя мила, премила, премила','Українська народна пісня','uk','ukr_ssr_1919_1991',NULL,'1965','1. З пам''яті; 2. Пісні з Львівщини. - К.: Музична Україна, 1988. С. 130. 3. Лемківські народні пісні. Обробка для голосу в супроводі фортепіано. // Упорядник І. Майчик. - К.: Музична Україна, 1970. - С. 36.','Основний текст з незначними відмінами поданий за джерелом 2. Там же: Записана 1965 року в м. Дрогобичі від В. М. Рудого. **У джерелі 3 подана лише перша в''язка тексту з цими відмінами. Діалектизми: вірне, вірні - вірно; вічні - вічно; глядай - шукай; жовнір - солдат; премила - дуже мила, гарна, люба; фраїр - парубок, з яким ходить дівчина, коханий; хцеш - хочеш; ю - її.','Моя мила, премила, премила,
Шукай собі иншого фраїра,*
Бери собі, як знайдеш, як знайдеш,
Бо ти моя не будеш, не будеш.**

Моя мила, премила, премила,
Дальше ми ся дорога встелила,
Ой иду я на войну, на войну,
Сам не знаю, чи верну, чи верну.

Ждала, ждала премила, премила,
Вже ся война скінчила, скінчила,
А дівчина вірне жде, вірне жде,***
Може милий поверне, поверне.

Ой у полі могила, могила,
Її цвітом черемшина вкрила,****
Вітер листям шелестит, шелестит:
Жовнір вічні отут спит, отут спит.
*Варіант рядка:
Глядай собі иншого фраїра;

**Варіант в''язки:
Моя мила, премила, премила,
Бери собі фраїра, фраїра;
Бери собі кого хцеш, кого хцеш,
Бо ты моя не будеш, не будеш.

***Варіант рядка:
А дівчина вірні жде, вірні жде;

****Варіант рядка:
Черемшина цвітом ю покрила','["pisni.org.ua", "cat:lemkivski", "cat:rekrutski", "Лемківські пісні", "Рекрутські пісні"]',1,'published',COALESCE((SELECT created_at FROM songs WHERE id='pisniua_235457'), datetime('now')),datetime('now'));
INSERT OR REPLACE INTO songs_fts(song_id,title,lyrics) VALUES ('pisniua_235457','Моя мила, премила, премила','Моя мила, премила, премила,
Шукай собі иншого фраїра,*
Бери собі, як знайдеш, як знайдеш,
Бо ти моя не будеш, не будеш.**

Моя мила, премила, премила,
Дальше ми ся дорога встелила,
Ой иду я на войну, на войну,
Сам не знаю, чи верну, чи верну.

Ждала, ждала премила, премила,
Вже ся война скінчила, скінчила,
А дівчина вірне жде, вірне жде,***
Може милий поверне, поверне.

Ой у полі могила, могила,
Її цвітом черемшина вкрила,****
Вітер листям шелестит, шелестит:
Жовнір вічні отут спит, отут спит.
*Варіант рядка:
Глядай собі иншого фраїра;

**Варіант в''язки:
Моя мила, премила, премила,
Бери собі фраїра, фраїра;
Бери собі кого хцеш, кого хцеш,
Бо ты моя не будеш, не будеш.

***Варіант рядка:
А дівчина вірні жде, вірні жде;

****Варіант рядка:
Черемшина цвітом ю покрила');
INSERT OR REPLACE INTO songs (id,title,subtitle,lang,country,period,year,source,notes,lyrics,tags_json,lang_locked,status,created_at,updated_at) VALUES ('pisniua_2355665','Подаруй мені таку ніч','Слова: Володимир Дашавський','uk','ukraine_before_1917',NULL,NULL,'авторське подання',NULL,'Подаруй мені таку ніч,
Коли світяться зорі ясні!..
Подаруй мені таку ніч,
Про яку складають пісні!..

Подаруй мені таку ніч,
Коли вишні будуть в цвіту
І аромат їх цей чарівний
Я на повні груди вдихну!..

Подаруй мені таку ніч,
Щоб місяць в небі гуляв
І по зеленій ніжній траві
Проміння своє розсівав!..

Подаруй мені таку ніч,
Щоб сади буйно цвіли,
І в цьому саду, чарівнім,
Тільки ми разом були!..

Подаруй мені таку ніч,
Щоб ніжно скрипка лунала,
І твоя тепла ніжна рука
Мене за плечі обіймала!..

Подаруй мені ти таку ніч -
І я на край світу з тобою піду...','["pisni.org.ua", "cat:boykivski", "Пісні з Бойківщини"]',1,'published',COALESCE((SELECT created_at FROM songs WHERE id='pisniua_2355665'), datetime('now')),datetime('now'));
INSERT OR REPLACE INTO songs_fts(song_id,title,lyrics) VALUES ('pisniua_2355665','Подаруй мені таку ніч','Подаруй мені таку ніч,
Коли світяться зорі ясні!..
Подаруй мені таку ніч,
Про яку складають пісні!..

Подаруй мені таку ніч,
Коли вишні будуть в цвіту
І аромат їх цей чарівний
Я на повні груди вдихну!..

Подаруй мені таку ніч,
Щоб місяць в небі гуляв
І по зеленій ніжній траві
Проміння своє розсівав!..

Подаруй мені таку ніч,
Щоб сади буйно цвіли,
І в цьому саду, чарівнім,
Тільки ми разом були!..

Подаруй мені таку ніч,
Щоб ніжно скрипка лунала,
І твоя тепла ніжна рука
Мене за плечі обіймала!..

Подаруй мені ти таку ніч -
І я на край світу з тобою піду...');
INSERT OR REPLACE INTO songs (id,title,subtitle,lang,country,period,year,source,notes,lyrics,tags_json,lang_locked,status,created_at,updated_at) VALUES ('pisniua_235471','Щоб співати колір чорний, взяла б голос твій','Музика: невідомий Слова: Степан Руданський. Виконує: Василь Триліс, Ольга Богомолець','uk','ukraine_1991',NULL,NULL,NULL,NULL,'Щоб співати колір чорний,
Взяла б голос твій,
І тобі одна покорна
Я співаю колір чорний,
Бо то колір мій.   | (2)

В чорну днину мене мати
На світ привела.
Чорні очі мені дала,
Чорні думи вколихала,
Ой, чорні, як ніч,
Як осіння ніч.

Ох, ніхто вже не згадає
Нишком про мене,
І хлопчина не пригорне,
Не згадає очі чорні
І не спом''яне.     | (2)

Щоб співати колір чорний,
Взяла б голос твій,
І тобі одна покорна
Я співаю колір чорний,
Бо то колір мій.   | (2)','["pisni.org.ua", "cat:romansy", "Романси"]',1,'published',COALESCE((SELECT created_at FROM songs WHERE id='pisniua_235471'), datetime('now')),datetime('now'));
INSERT OR REPLACE INTO songs_fts(song_id,title,lyrics) VALUES ('pisniua_235471','Щоб співати колір чорний, взяла б голос твій','Щоб співати колір чорний,
Взяла б голос твій,
І тобі одна покорна
Я співаю колір чорний,
Бо то колір мій.   | (2)

В чорну днину мене мати
На світ привела.
Чорні очі мені дала,
Чорні думи вколихала,
Ой, чорні, як ніч,
Як осіння ніч.

Ох, ніхто вже не згадає
Нишком про мене,
І хлопчина не пригорне,
Не згадає очі чорні
І не спом''яне.     | (2)

Щоб співати колір чорний,
Взяла б голос твій,
І тобі одна покорна
Я співаю колір чорний,
Бо то колір мій.   | (2)');
INSERT OR REPLACE INTO song_links (id,song_id,title,url,kind,version_id,sort_order) VALUES ('pisniua_235471_l1','pisniua_235471','YouTube','https://www.youtube.com/watch?v=UDmDi8JocO4','video',NULL,1);
INSERT OR REPLACE INTO song_links (id,song_id,title,url,kind,version_id,sort_order) VALUES ('pisniua_235471_l2','pisniua_235471','Переглянути варіанти >>','https://www.pisni.org.ua/#variants','external',NULL,2);
INSERT OR REPLACE INTO songs (id,title,subtitle,lang,country,period,year,source,notes,lyrics,tags_json,lang_locked,status,created_at,updated_at) VALUES ('pisniua_235624','Б''ють літаври гучні','Музика: Ярослав Ярославенко Слова: Василь Пачовський','uk','ukrainian_peoples_republic_1917_1921',NULL,NULL,'1. Пісні Українських Січових Стрільців. - 1990 (Самвидав)','Підбір акордів: bohdanko (pisni.org.ua)','Б''ють літаври гучні, ясні сурми гремлять,
Іде Січ, грають полки, як море,
Бунчуки піднялись, хоругви шамотять
Через гори і доли, і бори!

Приспів:
Січ іде! Січ іде! Січ іде, стяг несе, |
Україна встає, Україна гуде,          |(2)
Україна клекоче, як море!             |

Довбуш трубить з верхів: зруйнував цар нам Січ,
Ми втекли в сині гори з трубою...
Двіста літ спали ми, - стрепенулася ніч,
Ми зірвались і трубим: до бою!

Приспів.

В нашій Січи давні Запорожці встають,
Голос труб кличе: в лави ставати!
Ми стаєм, в бій ідем, перші стріли гудуть,
Заревуть в Україні гармати!

Приспів.

На нас дивляться всі: наш Хмельницький Богдан,
Дорошенко, Мазепа, Виговський,
Всі гетьмани за нас, всі кріваві від ран,
Гей, Ляхи, і ти, царю московський!

Приспів.

Акорди у тональності G (за джерелом 1):
Б''ють літаври гучні, ясні сурми гремлять,
Іде Січ, грають полки, як море,
Бунчуки піднялись, хоругви шамотять
Через гори і доли, і бори!

Приспів:
Січ іде! Січ іде! Січ іде, стяг несе,
Україна встає, Україна гуде,
Україна клекоче, як море!
Січ іде! Січ іде! Січ іде, стяг несе,
Україна встає, Україна гуде,
Україна клекоче, як море!','["pisni.org.ua", "cat:himny-marshi", "cat:istorychni", "cat:rekrutski", "cat:strilecki", "cat:suspilno-politychni", "Гимни та марші", "Історичні пісні", "Рекрутські пісні", "Стрілецькі пісні", "Суспільно-політичні пісні"]',1,'published',COALESCE((SELECT created_at FROM songs WHERE id='pisniua_235624'), datetime('now')),datetime('now'));
INSERT OR REPLACE INTO songs_fts(song_id,title,lyrics) VALUES ('pisniua_235624','Б''ють літаври гучні','Б''ють літаври гучні, ясні сурми гремлять,
Іде Січ, грають полки, як море,
Бунчуки піднялись, хоругви шамотять
Через гори і доли, і бори!

Приспів:
Січ іде! Січ іде! Січ іде, стяг несе, |
Україна встає, Україна гуде,          |(2)
Україна клекоче, як море!             |

Довбуш трубить з верхів: зруйнував цар нам Січ,
Ми втекли в сині гори з трубою...
Двіста літ спали ми, - стрепенулася ніч,
Ми зірвались і трубим: до бою!

Приспів.

В нашій Січи давні Запорожці встають,
Голос труб кличе: в лави ставати!
Ми стаєм, в бій ідем, перші стріли гудуть,
Заревуть в Україні гармати!

Приспів.

На нас дивляться всі: наш Хмельницький Богдан,
Дорошенко, Мазепа, Виговський,
Всі гетьмани за нас, всі кріваві від ран,
Гей, Ляхи, і ти, царю московський!

Приспів.

Акорди у тональності G (за джерелом 1):
Б''ють літаври гучні, ясні сурми гремлять,
Іде Січ, грають полки, як море,
Бунчуки піднялись, хоругви шамотять
Через гори і доли, і бори!

Приспів:
Січ іде! Січ іде! Січ іде, стяг несе,
Україна встає, Україна гуде,
Україна клекоче, як море!
Січ іде! Січ іде! Січ іде, стяг несе,
Україна встає, Україна гуде,
Україна клекоче, як море!');
INSERT OR REPLACE INTO songs (id,title,subtitle,lang,country,period,year,source,notes,lyrics,tags_json,lang_locked,status,created_at,updated_at) VALUES ('pisniua_2355550','Лічить кроки старенький годинник','Музика: Віктор Ох Слова: Віталій Назарук','uk','ukraine_1991',NULL,NULL,'аудіозапис',NULL,'Лічить кроки старенький годинник,
До Різдва кілька срібних сніжин,
Із минулого запах цитринний
Гладить хутро красуньок ялин...

Стіл святковий змахне рушниками -
І, як диво, запахне кутя,
Примовляючи: Зірка над нами -
Тож родилося Боже Дитя!

Десь надворі лунають колядки,
Ходять Сонце із Місяцем вдвох -
Носять кожній родині на свято
Промінцями Любов і Добро!

Стіл святковий гостей пригощає,
І по колу кружляє кутя.
А згори Зірка всім сповіщає:
Народилося Боже Дитя!

Оживають портрети на стінах,
Зупиняється в просторі час.
Це вона - наша ненька Вкраїна -
У родину об''єднує нас!

За святковим столом пригадаймо
Тих, що наше боронять життя,
Долі їм у Зорі попрохаймо,
Що явила нам Боже Дитя!','["pisni.org.ua", "cat:suchasni-pisni-rizdvo", "Сучасні пісні про Різдвяні свята"]',1,'published',COALESCE((SELECT created_at FROM songs WHERE id='pisniua_2355550'), datetime('now')),datetime('now'));
INSERT OR REPLACE INTO songs_fts(song_id,title,lyrics) VALUES ('pisniua_2355550','Лічить кроки старенький годинник','Лічить кроки старенький годинник,
До Різдва кілька срібних сніжин,
Із минулого запах цитринний
Гладить хутро красуньок ялин...

Стіл святковий змахне рушниками -
І, як диво, запахне кутя,
Примовляючи: Зірка над нами -
Тож родилося Боже Дитя!

Десь надворі лунають колядки,
Ходять Сонце із Місяцем вдвох -
Носять кожній родині на свято
Промінцями Любов і Добро!

Стіл святковий гостей пригощає,
І по колу кружляє кутя.
А згори Зірка всім сповіщає:
Народилося Боже Дитя!

Оживають портрети на стінах,
Зупиняється в просторі час.
Це вона - наша ненька Вкраїна -
У родину об''єднує нас!

За святковим столом пригадаймо
Тих, що наше боронять життя,
Долі їм у Зорі попрохаймо,
Що явила нам Боже Дитя!');
INSERT OR REPLACE INTO songs (id,title,subtitle,lang,country,period,year,source,notes,lyrics,tags_json,lang_locked,status,created_at,updated_at) VALUES ('pisniua_2354','Господи, помилуй нас','Музика: Тарас Петриненко. Виконує: Тарас Петриненко','uk','ukraine_1991',NULL,NULL,'пісенник Шестака',NULL,'Навіть на останнім рубежі
Промінь віри в нас ще не погас,
Боже, Україну збережи,
Господи, помилуй нас.
Нам свою всемилість покажи
Правдою повсюди й повсякчас,
Боже, Україну збережи,
Господи, помилуй нас.

Помилуй Господи
Am-F
Помилуй Господи
Господи помилуй нас.

В наших грудях кулі і ножі,
Нас розіп’ято й знищено не раз,
Боже, Україну збережи,
Господи, помилуй нас.
І з колін піднятись поможи
І благослови у добрий час
Боже, Україну збережи,
Господи, помилуй нас.

Наші душі нидіють в іржі,
Але промінь віри не погас,
Боже, Україну збережи,
Господи, помилуй нас.
Грішні діти - діти не чужі,
Отче наш, почуй їх щирий глас,
Боже, Україну збережи,
Господи, помилуй нас.','["pisni.org.ua", "cat:christian", "cat:patriotic", "Пісні на християнську тематику", "Патріотичні пісні"]',1,'published',COALESCE((SELECT created_at FROM songs WHERE id='pisniua_2354'), datetime('now')),datetime('now'));
INSERT OR REPLACE INTO songs_fts(song_id,title,lyrics) VALUES ('pisniua_2354','Господи, помилуй нас','Навіть на останнім рубежі
Промінь віри в нас ще не погас,
Боже, Україну збережи,
Господи, помилуй нас.
Нам свою всемилість покажи
Правдою повсюди й повсякчас,
Боже, Україну збережи,
Господи, помилуй нас.

Помилуй Господи
Am-F
Помилуй Господи
Господи помилуй нас.

В наших грудях кулі і ножі,
Нас розіп’ято й знищено не раз,
Боже, Україну збережи,
Господи, помилуй нас.
І з колін піднятись поможи
І благослови у добрий час
Боже, Україну збережи,
Господи, помилуй нас.

Наші душі нидіють в іржі,
Але промінь віри не погас,
Боже, Україну збережи,
Господи, помилуй нас.
Грішні діти - діти не чужі,
Отче наш, почуй їх щирий глас,
Боже, Україну збережи,
Господи, помилуй нас.');
INSERT OR REPLACE INTO song_links (id,song_id,title,url,kind,version_id,sort_order) VALUES ('pisniua_2354_l1','pisniua_2354','YouTube','https://www.youtube.com/watch?v=PwlCb1Co29E','video',NULL,1);
INSERT OR REPLACE INTO songs (id,title,subtitle,lang,country,period,year,source,notes,lyrics,tags_json,lang_locked,status,created_at,updated_at) VALUES ('pisniua_2354461','Гімн Придністровської Молдавської Республіки','Музика: Борис Александров Слова: Борис Парменов, Ніколас Божк, Віталій Пищенко','uk','ukraine_1991',NULL,NULL,'https://uk.wikipedia.org/wiki/%D0%93%D1%96%D0%BC%D0%BD_%D0%9F%D1% 80%D0%B8%D0%B4%D0%BD%D1%96%D1%81%D1',NULL,'Ми славимо край Придністров''я,
Де люди пишаються тим,
Що дружбою, ладом, любов''ю
Навіки пов''язані з ним!
Прославимо наші заводи,
Широкі лани і міста,
Тут чесно працюють народи
На благо Вітчизни труда!

Приспів:
Через доли і води
Пронесемо ім''я
Ми Республіки свободи,
Хай живе тут народів сім''я!

Ми славимо рідні долини,
Красоти Дністра берегів,
І нам не забути билини
Про подвиги наших батьків!
Прославимо всіх поіменно,
Полеглих за наш отчий дім,
Де пам''ять загиблих священна,
Вітчизні співаємо гімн!

Приспів.','["pisni.org.ua", "cat:himny-marshi", "Гимни та марші"]',1,'published',COALESCE((SELECT created_at FROM songs WHERE id='pisniua_2354461'), datetime('now')),datetime('now'));
INSERT OR REPLACE INTO songs_fts(song_id,title,lyrics) VALUES ('pisniua_2354461','Гімн Придністровської Молдавської Республіки','Ми славимо край Придністров''я,
Де люди пишаються тим,
Що дружбою, ладом, любов''ю
Навіки пов''язані з ним!
Прославимо наші заводи,
Широкі лани і міста,
Тут чесно працюють народи
На благо Вітчизни труда!

Приспів:
Через доли і води
Пронесемо ім''я
Ми Республіки свободи,
Хай живе тут народів сім''я!

Ми славимо рідні долини,
Красоти Дністра берегів,
І нам не забути билини
Про подвиги наших батьків!
Прославимо всіх поіменно,
Полеглих за наш отчий дім,
Де пам''ять загиблих священна,
Вітчизні співаємо гімн!

Приспів.');
INSERT OR REPLACE INTO songs (id,title,subtitle,lang,country,period,year,source,notes,lyrics,tags_json,lang_locked,status,created_at,updated_at) VALUES ('pisniua_2354653','Струмочок','Музика: Олександр Кварта Слова: Роман Кахович. Виконує: Олександр Кварта','uk','ukraine_1991',NULL,NULL,'аудіозапис',NULL,'В небі горять стожари,
Час молодим любити!
Ти — мій струмок бажаний,
Коли я хочу пити!
Ти все біжиш невпинно,
Маєш джерельну силу,
З гір у саму долину -
Наче у тебе крила!

Приспів:
Біжи, біжи, струмочку, |
Стрімко ставай рікою!  |
Вийду я до місточку    |
Та й стрінуся з тобою! | (2)

Там у долині квіти
Переплели покоси,
Сонця малії діти
Пити благанно просять.
Десь вітерець в садочку
Тішить зелені віти,
Як же в тобі, струмочку,
Ноги не замочити?..

Приспів.','["pisni.org.ua", "cat:krasa-pryrody", "Пісні про красу природи"]',1,'published',COALESCE((SELECT created_at FROM songs WHERE id='pisniua_2354653'), datetime('now')),datetime('now'));
INSERT OR REPLACE INTO songs_fts(song_id,title,lyrics) VALUES ('pisniua_2354653','Струмочок','В небі горять стожари,
Час молодим любити!
Ти — мій струмок бажаний,
Коли я хочу пити!
Ти все біжиш невпинно,
Маєш джерельну силу,
З гір у саму долину -
Наче у тебе крила!

Приспів:
Біжи, біжи, струмочку, |
Стрімко ставай рікою!  |
Вийду я до місточку    |
Та й стрінуся з тобою! | (2)

Там у долині квіти
Переплели покоси,
Сонця малії діти
Пити благанно просять.
Десь вітерець в садочку
Тішить зелені віти,
Як же в тобі, струмочку,
Ноги не замочити?..

Приспів.');
INSERT OR REPLACE INTO song_links (id,song_id,title,url,kind,version_id,sort_order) VALUES ('pisniua_2354653_l1','pisniua_2354653','YouTube','https://www.youtube.com/watch?v=MiE4KcPG1pw','video',NULL,1);
INSERT OR REPLACE INTO song_links (id,song_id,title,url,kind,version_id,sort_order) VALUES ('pisniua_2354653_l2','pisniua_2354653','YouTube','https://www.youtube.com/watch?v=vV3W6hgBQ0M','video',NULL,2);
INSERT OR REPLACE INTO songs (id,title,subtitle,lang,country,period,year,source,notes,lyrics,tags_json,lang_locked,status,created_at,updated_at) VALUES ('pisniua_2354354','Сто відсотків щастя','(Матуся сорочку мені вишивала). Музика: Олексій Малахов Слова: Олексій Малахов','uk','ukraine_1991',NULL,NULL,'аудіозапис',NULL,'Матуся сорочку мені вишивала
І тихо співала пісні
Про вічне кохання,
Про мить сподівання,
Та зичила щастя мені.
Вона вчила мене дарувати добро,
Я бажаю його вам усім!
Хай минає печаль і розвіється зло,
Хай лелеки летять в кожен дім!

Приспів:
Сто відсотків щастя бажаю вам!
Сто листів кохання і телеграм!
Друзів на всі віки і шлях легкий,
Щоб серця палали живим вогнем!
Мрії хай збуваються день за днем!
Миру у кожен дім бажаю всім! Всім!

Матуся сорочку мені вишивала,
Немов малювала весну,
Її одягла - і крилатою стала,
Вночі я тепер не засну.
Полечу я до вас через ріки, поля,
По країні добро понесу!
Хай в любові живе українська земля,
Побажання в піснях донесу!

Приспів.','["pisni.org.ua", "cat:pro-batkiv", "cat:pro-ditey", "Пісні про любов до батьків", "Пісні про любов до дітей"]',1,'published',COALESCE((SELECT created_at FROM songs WHERE id='pisniua_2354354'), datetime('now')),datetime('now'));
INSERT OR REPLACE INTO songs_fts(song_id,title,lyrics) VALUES ('pisniua_2354354','Сто відсотків щастя','Матуся сорочку мені вишивала
І тихо співала пісні
Про вічне кохання,
Про мить сподівання,
Та зичила щастя мені.
Вона вчила мене дарувати добро,
Я бажаю його вам усім!
Хай минає печаль і розвіється зло,
Хай лелеки летять в кожен дім!

Приспів:
Сто відсотків щастя бажаю вам!
Сто листів кохання і телеграм!
Друзів на всі віки і шлях легкий,
Щоб серця палали живим вогнем!
Мрії хай збуваються день за днем!
Миру у кожен дім бажаю всім! Всім!

Матуся сорочку мені вишивала,
Немов малювала весну,
Її одягла - і крилатою стала,
Вночі я тепер не засну.
Полечу я до вас через ріки, поля,
По країні добро понесу!
Хай в любові живе українська земля,
Побажання в піснях донесу!

Приспів.');
INSERT OR REPLACE INTO song_links (id,song_id,title,url,kind,version_id,sort_order) VALUES ('pisniua_2354354_l1','pisniua_2354354','YouTube','https://www.youtube.com/watch?v=61FqOCJYia0','video',NULL,1);
INSERT OR REPLACE INTO song_links (id,song_id,title,url,kind,version_id,sort_order) VALUES ('pisniua_2354354_l2','pisniua_2354354','YouTube','https://www.youtube.com/watch?v=HTT3rByatfE','video',NULL,2);
INSERT OR REPLACE INTO songs (id,title,subtitle,lang,country,period,year,source,notes,lyrics,tags_json,lang_locked,status,created_at,updated_at) VALUES ('pisniua_2355859','Україна-Мати!','Музика: Олександр Морозов Слова: Борис Олійник. Виконує: Віталій Білоножко, Віталій Білоножко (молодший)','uk','ukraine_1991',NULL,NULL,'аудіозапис',NULL,'Чорний вітер, жовтий смерч...
Так у вічній коловерті:
При дорозі бродить смерть,
Та нема дорозі смерті...
Всі колись довершим круг
На вінкові, на печалі...
Та повів безсмерттям рух |
Нескінченної спіралі...  | (2)

Коні круто крешуть в брук:
Ще копита не притерті.
Доки є дорога й рух,
Доти, брате, ми безсмертні!
Тож, на коней! Зло до пня
Підкоси мечами правди!
Хай нагірно осіння        |
Хустка матері, як прапор! | (2)

Рід наш - з кореня верби,
Не шукай древніше знаті:
На фамільному гербі
Ми карбуєм вічне: "Мати!"
В чорнім горі і журі
Віру нашу не підтяти:
Умирають матері,          |
Та не вмре ніколи Мати!   | (2)

В чорнім горі і журі
Віру нашу не підтяти:
Умирають матері,          |
Та не вмре ніколи Мати!   | (2)','["pisni.org.ua", "cat:himny-marshi", "Гимни та марші"]',1,'published',COALESCE((SELECT created_at FROM songs WHERE id='pisniua_2355859'), datetime('now')),datetime('now'));
INSERT OR REPLACE INTO songs_fts(song_id,title,lyrics) VALUES ('pisniua_2355859','Україна-Мати!','Чорний вітер, жовтий смерч...
Так у вічній коловерті:
При дорозі бродить смерть,
Та нема дорозі смерті...
Всі колись довершим круг
На вінкові, на печалі...
Та повів безсмерттям рух |
Нескінченної спіралі...  | (2)

Коні круто крешуть в брук:
Ще копита не притерті.
Доки є дорога й рух,
Доти, брате, ми безсмертні!
Тож, на коней! Зло до пня
Підкоси мечами правди!
Хай нагірно осіння        |
Хустка матері, як прапор! | (2)

Рід наш - з кореня верби,
Не шукай древніше знаті:
На фамільному гербі
Ми карбуєм вічне: "Мати!"
В чорнім горі і журі
Віру нашу не підтяти:
Умирають матері,          |
Та не вмре ніколи Мати!   | (2)

В чорнім горі і журі
Віру нашу не підтяти:
Умирають матері,          |
Та не вмре ніколи Мати!   | (2)');
INSERT OR REPLACE INTO song_links (id,song_id,title,url,kind,version_id,sort_order) VALUES ('pisniua_2355859_l1','pisniua_2355859','YouTube','https://www.youtube.com/watch?v=sgDjeLJJrNw','video',NULL,1);
INSERT OR REPLACE INTO songs (id,title,subtitle,lang,country,period,year,source,notes,lyrics,tags_json,lang_locked,status,created_at,updated_at) VALUES ('pisniua_2356756','Україна, ти - моя родина!','Музика: Катя Бойко Слова: Катя Бойко. Виконує: Катя Бойко','uk','ukraine_1991',NULL,NULL,'аудіозапис',NULL,'На світанку вийду я у чисте поле,
Привітаю з новим днем усе навколо!
І у відповідь озветься вітер мудрий,
Захитає колоски, дерева збудить!
Тепле сонечко за плечі обіймає
І пташки свої пісні мені співають!
Усміхаюсь і радію я життю,
Батьківщину свою щиро я люблю!

Приспів:
Україна, ти - моя родина!      |
Ти - моя єдина, матінка земля! |
Пісня серця мого лине,         |
Сяють очі сині, радіє душа!    | (2)

Завітаю я до дому на свята -
Зустрічає дружньо вся моя рідня.
Це мій рідний край, це моя земля,
Я - щаслива українка молода!
Тепле сонечко за плечі обіймає
І пташки свої пісні мені співають!
Усміхаюсь і радію я життю,
Батьківщину свою щиро я люблю!

Приспів.','["pisni.org.ua", "cat:patriotic", "Патріотичні пісні"]',1,'published',COALESCE((SELECT created_at FROM songs WHERE id='pisniua_2356756'), datetime('now')),datetime('now'));
INSERT OR REPLACE INTO songs_fts(song_id,title,lyrics) VALUES ('pisniua_2356756','Україна, ти - моя родина!','На світанку вийду я у чисте поле,
Привітаю з новим днем усе навколо!
І у відповідь озветься вітер мудрий,
Захитає колоски, дерева збудить!
Тепле сонечко за плечі обіймає
І пташки свої пісні мені співають!
Усміхаюсь і радію я життю,
Батьківщину свою щиро я люблю!

Приспів:
Україна, ти - моя родина!      |
Ти - моя єдина, матінка земля! |
Пісня серця мого лине,         |
Сяють очі сині, радіє душа!    | (2)

Завітаю я до дому на свята -
Зустрічає дружньо вся моя рідня.
Це мій рідний край, це моя земля,
Я - щаслива українка молода!
Тепле сонечко за плечі обіймає
І пташки свої пісні мені співають!
Усміхаюсь і радію я життю,
Батьківщину свою щиро я люблю!

Приспів.');
INSERT OR REPLACE INTO song_links (id,song_id,title,url,kind,version_id,sort_order) VALUES ('pisniua_2356756_l1','pisniua_2356756','YouTube','https://www.youtube.com/watch?v=BPAXSVTQJqo','video',NULL,1);
INSERT OR REPLACE INTO song_links (id,song_id,title,url,kind,version_id,sort_order) VALUES ('pisniua_2356756_l2','pisniua_2356756','YouTube','https://www.youtube.com/watch?v=2_Qfw0Cr1Cs','video',NULL,2);
INSERT OR REPLACE INTO songs (id,title,subtitle,lang,country,period,year,source,notes,lyrics,tags_json,lang_locked,status,created_at,updated_at) VALUES ('pisniua_235716','На покинутих згарищах','Українська народна пісня. Виконує: Рутенія, Андрій Безуглий','uk','ukraine_before_1917',NULL,NULL,'Демо-альбом "Рутенія. Безіменні" (2003)','Текст і акорди взято з аудіо-джерела. Акорди підібрано на слух. Тональність оригінальна. Підбір акордів: bohdanko (pisni.org.ua)','На покинутих згарищах   сумно віють вітри,
Де вони розпрощалися... Він сказав: "Мушу йти..."
І дівчину заплакану   кинув він молоду,
І сказав їй: "Зі славою   я до тебе прийду."
Приспів:
Он   там ліси гудуть... Там вояки їдуть.  |
Он   в лісовий туман йдуть відділи УПА.   | (2)
Dm               F      Gm              A ...
Із друзями подібними   його доля звела.
І пішов він до рідно до своєї УПА.
І поглянув востаннєє милий в теє вікно,
Де сиділа коханая, цілувала його.
Он там ліси гудуть... Там вояки їдуть.    |
Он в сніговий туман йдуть відділи УПА.    | (2)
Друзі з радістю стрінули молодого стрільця,
Розказали про подвиги, про повстанське життя.
І поглянув востаннєє милий в теє вікно,
Де сиділа коханая, цілувала його.
Он там ліси гудуть... Там вояки їдуть.    |
Он в сніговий туман йдуть відділи УПА.    | (2)','["pisni.org.ua", "cat:bardivski", "Бардівські пісні"]',1,'published',COALESCE((SELECT created_at FROM songs WHERE id='pisniua_235716'), datetime('now')),datetime('now'));
INSERT OR REPLACE INTO songs_fts(song_id,title,lyrics) VALUES ('pisniua_235716','На покинутих згарищах','На покинутих згарищах   сумно віють вітри,
Де вони розпрощалися... Він сказав: "Мушу йти..."
І дівчину заплакану   кинув він молоду,
І сказав їй: "Зі славою   я до тебе прийду."
Приспів:
Он   там ліси гудуть... Там вояки їдуть.  |
Он   в лісовий туман йдуть відділи УПА.   | (2)
Dm               F      Gm              A ...
Із друзями подібними   його доля звела.
І пішов він до рідно до своєї УПА.
І поглянув востаннєє милий в теє вікно,
Де сиділа коханая, цілувала його.
Он там ліси гудуть... Там вояки їдуть.    |
Он в сніговий туман йдуть відділи УПА.    | (2)
Друзі з радістю стрінули молодого стрільця,
Розказали про подвиги, про повстанське життя.
І поглянув востаннєє милий в теє вікно,
Де сиділа коханая, цілувала його.
Он там ліси гудуть... Там вояки їдуть.    |
Он в сніговий туман йдуть відділи УПА.    | (2)');
INSERT OR REPLACE INTO song_links (id,song_id,title,url,kind,version_id,sort_order) VALUES ('pisniua_235716_l1','pisniua_235716','YouTube','https://www.youtube.com/watch?v=M54sxQOV7gI','video',NULL,1);
INSERT OR REPLACE INTO song_links (id,song_id,title,url,kind,version_id,sort_order) VALUES ('pisniua_235716_l2','pisniua_235716','Переглянути варіанти >>','https://www.pisni.org.ua/#variants','external',NULL,2);
INSERT OR REPLACE INTO songs (id,title,subtitle,lang,country,period,year,source,notes,lyrics,tags_json,lang_locked,status,created_at,updated_at) VALUES ('pisniua_2356410','Келих дружби','Музика: Павло Мрежук. Виконує: Павло Мрежук','uk','ukraine_1991',NULL,NULL,'аудіозапис',NULL,'Дні, як птиці віщі, вийдуть непомітно,
На вершини літа доля доліта.
Нам у колі друзів затишно й привітно,
Хоч на мить спиніться, молоді літа!

Приспів:
Багряним листом кружляє осінь,
У серці завжди в нас весна!
Ми келих дружби дзвінкий підносим,
За нашу дружбу п''ємо до дна!

В зоряному краю, де студені роси,
Хліб і сіль ділили, клали борозну,
Пам''ятаєш, друже, золоті покоси
Там, де ми топтали стежку не одну?..

Приспів.

Нас з тобою, друже, не зігнуть вітрами,
Хоч і вже сріблиться перша сивина...
Вип''ємо за друзів, тих, хто поруч з нами!
Вип''єм і згадаєм тих, кого нема...

Приспів.','["pisni.org.ua", "cat:druzhba", "Пісні про дружбу"]',1,'published',COALESCE((SELECT created_at FROM songs WHERE id='pisniua_2356410'), datetime('now')),datetime('now'));
INSERT OR REPLACE INTO songs_fts(song_id,title,lyrics) VALUES ('pisniua_2356410','Келих дружби','Дні, як птиці віщі, вийдуть непомітно,
На вершини літа доля доліта.
Нам у колі друзів затишно й привітно,
Хоч на мить спиніться, молоді літа!

Приспів:
Багряним листом кружляє осінь,
У серці завжди в нас весна!
Ми келих дружби дзвінкий підносим,
За нашу дружбу п''ємо до дна!

В зоряному краю, де студені роси,
Хліб і сіль ділили, клали борозну,
Пам''ятаєш, друже, золоті покоси
Там, де ми топтали стежку не одну?..

Приспів.

Нас з тобою, друже, не зігнуть вітрами,
Хоч і вже сріблиться перша сивина...
Вип''ємо за друзів, тих, хто поруч з нами!
Вип''єм і згадаєм тих, кого нема...

Приспів.');
INSERT OR REPLACE INTO songs (id,title,subtitle,lang,country,period,year,source,notes,lyrics,tags_json,lang_locked,status,created_at,updated_at) VALUES ('pisniua_235616','Гей, браття, опришки','Музика: Анатолій Кос-Анатольський Слова: Микола Устиянович. Виконує: Орфей, Акорд','uk','ukraine_1991',NULL,NULL,NULL,'Текст записано на слух з аудіо. * Тут у тексті я не впевнений; потребує уточнення.','Гой-я, гой-я, гей!

Гей, браття, опришки, налийте горілки,
До ватри докиньте ще дров.
Настрійте ми горло голосом сопілки,
А я вам співати готов.

Приспів:
Гой-я, гой-я, гей! (2)
Гой-я, гой-я, гой-я, гой-я!
Дана, дана, дана, дана!
Гей, браття опришки, затанцюємо аркана!
Гой, гой, гой-я, дана, гой-я, дана!
Прийди, прийди, подивися, дівчино кохана!
Гой-я, гой-я, гой-я, гой-я, гей!

Гей, браття, опришки, годі сумувати,
Ще жевріє зелень в ярі. *
Краще раз літати соколом в Карпати,
Ніж весь вік стогнати в ярмі.

Приспів.

Гой-я, гой-я!
Гой-я, гой-я, гей!','["pisni.org.ua", "cat:suspilno-politychni", "Суспільно-політичні пісні"]',1,'published',COALESCE((SELECT created_at FROM songs WHERE id='pisniua_235616'), datetime('now')),datetime('now'));
INSERT OR REPLACE INTO songs_fts(song_id,title,lyrics) VALUES ('pisniua_235616','Гей, браття, опришки','Гой-я, гой-я, гей!

Гей, браття, опришки, налийте горілки,
До ватри докиньте ще дров.
Настрійте ми горло голосом сопілки,
А я вам співати готов.

Приспів:
Гой-я, гой-я, гей! (2)
Гой-я, гой-я, гой-я, гой-я!
Дана, дана, дана, дана!
Гей, браття опришки, затанцюємо аркана!
Гой, гой, гой-я, дана, гой-я, дана!
Прийди, прийди, подивися, дівчино кохана!
Гой-я, гой-я, гой-я, гой-я, гей!

Гей, браття, опришки, годі сумувати,
Ще жевріє зелень в ярі. *
Краще раз літати соколом в Карпати,
Ніж весь вік стогнати в ярмі.

Приспів.

Гой-я, гой-я!
Гой-я, гой-я, гей!');
INSERT OR REPLACE INTO song_links (id,song_id,title,url,kind,version_id,sort_order) VALUES ('pisniua_235616_l1','pisniua_235616','Переглянути варіанти >>','https://www.pisni.org.ua/#variants','external',NULL,1);
INSERT OR REPLACE INTO songs (id,title,subtitle,lang,country,period,year,source,notes,lyrics,tags_json,lang_locked,status,created_at,updated_at) VALUES ('pisniua_2357055','Крила','Музика: Джамала Слова: Тетяна Мілімко. Виконує: Джамала','uk','ukraine_before_1917',NULL,NULL,'аудіозапис',NULL,'Я вмію літати,
Але хочу його крила!..
І в темряві сяють,
Але він - для мене світило!..
Я вільна, мов птаха,
Але хочу його небо!..
З усіх скарбів світу
Мені лише його дотик треба...

Приспів:
Чому ти обрав мене,
І цей, дивний, шлях зі мною?..
На ньому багато каміння є,
На ньому гора за горою...
Чому ти несеш мене,
Коли далі йти не сила?..
Коли я в обіймах зневіри,
Знімаєш для мене ти крила!..
Крила... Крила...
Крила... Крила...
Я довго шукала у темряві,
У небі, по хвилях...
Повірила в себе,
Але хочу лише його крила!..

Чому ти обрав мене,
І цей, дивний, шлях зі мною?..
На ньому багато каміння є,
На ньому гора за горою...
Чому ти несеш мене,
Коли далі йти не сила?..
Коли я в обіймах зневіри,
Знімаєш для мене ти крила!..

І вчиш не зупинятись ніколи,
Хоча через каміння та гори йти...
На ньому так важко втрачати,
Бувають злі люди, байдужі...
А ти кажеш: Треба вибачати!..
Несеш мене через калюжі,
А я сама вже вмію літати,
Але хочу лише його крила!..
А я давно вже вмію кохати,
Але ніколи так не любила!..

Приспів.','["pisni.org.ua", "cat:lirychni", "Пісні про кохання, ліричні"]',1,'published',COALESCE((SELECT created_at FROM songs WHERE id='pisniua_2357055'), datetime('now')),datetime('now'));
INSERT OR REPLACE INTO songs_fts(song_id,title,lyrics) VALUES ('pisniua_2357055','Крила','Я вмію літати,
Але хочу його крила!..
І в темряві сяють,
Але він - для мене світило!..
Я вільна, мов птаха,
Але хочу його небо!..
З усіх скарбів світу
Мені лише його дотик треба...

Приспів:
Чому ти обрав мене,
І цей, дивний, шлях зі мною?..
На ньому багато каміння є,
На ньому гора за горою...
Чому ти несеш мене,
Коли далі йти не сила?..
Коли я в обіймах зневіри,
Знімаєш для мене ти крила!..
Крила... Крила...
Крила... Крила...
Я довго шукала у темряві,
У небі, по хвилях...
Повірила в себе,
Але хочу лише його крила!..

Чому ти обрав мене,
І цей, дивний, шлях зі мною?..
На ньому багато каміння є,
На ньому гора за горою...
Чому ти несеш мене,
Коли далі йти не сила?..
Коли я в обіймах зневіри,
Знімаєш для мене ти крила!..

І вчиш не зупинятись ніколи,
Хоча через каміння та гори йти...
На ньому так важко втрачати,
Бувають злі люди, байдужі...
А ти кажеш: Треба вибачати!..
Несеш мене через калюжі,
А я сама вже вмію літати,
Але хочу лише його крила!..
А я давно вже вмію кохати,
Але ніколи так не любила!..

Приспів.');
INSERT OR REPLACE INTO song_links (id,song_id,title,url,kind,version_id,sort_order) VALUES ('pisniua_2357055_l1','pisniua_2357055','YouTube','https://www.youtube.com/watch?v=vG_DfsRoN6g','video',NULL,1);
INSERT OR REPLACE INTO song_links (id,song_id,title,url,kind,version_id,sort_order) VALUES ('pisniua_2357055_l2','pisniua_2357055','YouTube','https://www.youtube.com/watch?v=GVhloDhlFAA','video',NULL,2);
INSERT OR REPLACE INTO songs (id,title,subtitle,lang,country,period,year,source,notes,lyrics,tags_json,lang_locked,status,created_at,updated_at) VALUES ('pisniua_2356158','У ніч Святого Миколая','Слова: Іванна Савицька','uk','ukraine_1991',NULL,NULL,'аудіозапис','Пісню виконує дитячий фольклорний ансамбль Яворина.','Темна нічка за шибками,
Сон на крилах вже летить.
Небеса блищать зірками,
Та Івасик ще не спить...

У голівці сонній мрії:
Хмари, небо, зорі, рай,
Білі Ангели-лелії,
А між ними Миколай...

На санчатах щедрі дари —
Вже готове все як слід.
Ангели стають у пари
І злітають вниз, на світ...

Миколай — дідусь старенький —
Ставить дари на столі,
А Івась питає неньки:
Ненечко, чи це мені?

Темна нічка за шибками
Заглядає до вікон,
Спить Івасик біля мами,
Усміхаючись крізь сон...','["pisni.org.ua", "cat:svyatyy-mykolay", "Пісні про Святого Миколая"]',1,'published',COALESCE((SELECT created_at FROM songs WHERE id='pisniua_2356158'), datetime('now')),datetime('now'));
INSERT OR REPLACE INTO songs_fts(song_id,title,lyrics) VALUES ('pisniua_2356158','У ніч Святого Миколая','Темна нічка за шибками,
Сон на крилах вже летить.
Небеса блищать зірками,
Та Івасик ще не спить...

У голівці сонній мрії:
Хмари, небо, зорі, рай,
Білі Ангели-лелії,
А між ними Миколай...

На санчатах щедрі дари —
Вже готове все як слід.
Ангели стають у пари
І злітають вниз, на світ...

Миколай — дідусь старенький —
Ставить дари на столі,
А Івась питає неньки:
Ненечко, чи це мені?

Темна нічка за шибками
Заглядає до вікон,
Спить Івасик біля мами,
Усміхаючись крізь сон...');
