INSERT OR REPLACE INTO songs (id,title,subtitle,lang,country,period,year,source,notes,lyrics,tags_json,lang_locked,status,created_at,updated_at) VALUES ('pisniua_649399','Гуляв чумак на риночку','Українська народна пісня. Виконує: Хор "Чумаки"','uk','ukr_ssr_1919_1991',NULL,'1988','1. Українські народні пісні, кн. 1, К., "Мистецтво", 1955, с. 144. 2. В. Триліс (триголосся).','В репертуарі хору "Чумаки" (м. Київ) з 1988 року. Цю "простеньку" пісню співати досить непросто, але легко використати для закріплення в свідомості слухача московського міфу про чумака як веселого п''яненького нікчему. Уважне читання тексту дає глибший образ: це сильний чоловік, що має свою гідність: ніж терпіти сором, піде він скорше на тяжкі заробітки, нехай на сім літ, але повернеться до почесного чумацького стану!','Гуляв чумак на риночку
Та й пив чумак горілочку:
Пропив воли, пропив вози,
Пропив ярма ще й занози -
Все чумацькеє добро!

Прокинувся чумак вранці
Та й полапав у гаманці,
Всі кишені вивертає,
Аж там грошей вже чортмає -
Нічим похмелитися!

Пішов чумак до шинкарки:
- Всип, шинкарко, хоч півкварти!
Шинкарочка згорда дметься
Ще й з чумаченька сміється,
Що гіркий п''яниця!

Скинув чумак жупанину:
- Всип, шинкарко, четвертину!
- Ой не всиплю четвертину,
Дістань грошей хоч полтину,
Тоді пий, гуляй!

- Ой пішов би я додому,
Та боюся поговору:
Будуть бити, та ганьбити,
Та заставлять ще й косити, -
А я козак нездоров...

Ой піду я у Молдаву,
Там сім літ я погарую,
Там сім літ я погарую,
Воли й вози покупую -
Знов я буду чумаком!','["pisni.org.ua", "cat:all-ukraine", "cat:chumacki", "cat:socialno-pobutovi", "Загальноукраїнські пісні", "Чумацькі пісні", "Соціально-побутові пісні"]',1,'published',COALESCE((SELECT created_at FROM songs WHERE id='pisniua_649399'), datetime('now')),datetime('now'));
INSERT OR REPLACE INTO songs_fts(song_id,title,lyrics) VALUES ('pisniua_649399','Гуляв чумак на риночку','Гуляв чумак на риночку
Та й пив чумак горілочку:
Пропив воли, пропив вози,
Пропив ярма ще й занози -
Все чумацькеє добро!

Прокинувся чумак вранці
Та й полапав у гаманці,
Всі кишені вивертає,
Аж там грошей вже чортмає -
Нічим похмелитися!

Пішов чумак до шинкарки:
- Всип, шинкарко, хоч півкварти!
Шинкарочка згорда дметься
Ще й з чумаченька сміється,
Що гіркий п''яниця!

Скинув чумак жупанину:
- Всип, шинкарко, четвертину!
- Ой не всиплю четвертину,
Дістань грошей хоч полтину,
Тоді пий, гуляй!

- Ой пішов би я додому,
Та боюся поговору:
Будуть бити, та ганьбити,
Та заставлять ще й косити, -
А я козак нездоров...

Ой піду я у Молдаву,
Там сім літ я погарую,
Там сім літ я погарую,
Воли й вози покупую -
Знов я буду чумаком!');
INSERT OR REPLACE INTO song_links (id,song_id,title,url,kind,version_id,sort_order) VALUES ('pisniua_649399_l1','pisniua_649399','Переглянути варіанти >>','https://www.pisni.org.ua/#variants','external',NULL,1);
INSERT OR REPLACE INTO songs (id,title,subtitle,lang,country,period,year,source,notes,lyrics,tags_json,lang_locked,status,created_at,updated_at) VALUES ('pisniua_6480757','Пролетіли так швидко роки','Музика: Toto Cutugno Слова: Ігор Гвоздецький','uk','ukraine_before_1917',NULL,NULL,'аудіозапис',NULL,'Пролетіли так швидко роки,
Птахи в небі махнули крильми,
І літа, як весняна ріка,
І доросла вже доня моя!
Летять роки мов з висоти,
І вже доросла доню ти!
Будеш завжди для мене дитина,
Моя зіронька рідна, єдина!
Моя ти зоре неземна,
Молюсь, щоб ти була щаслива!
Щоб щиро він тебе кохав,
І ти його кохала щиро!
Ой, доню, донечко моя,
Сльоза в очах стискає груди,
Бо так як люблю тебе я,
Ніхто любити так не буде!

І минула холодна зима,
І до тебе прийшла вже весна,
Та, яку ти так довго чекала,
Ця весна для вас двох розцвіла!
Як гарно зацвіли сади,
І вже виходиш заміж ти,
Біля тебе твій милий коханий,
Щастя радість хай буде завжди!
Це біле плаття і фата,
У ньому ти така красива!
Моя сестричко дорога,
Кохана будь і будь щаслива!
Ой, доню, донечко моя,
Сльоза в очах стискає груди,
Бо так як люблю тебе я,
Ніхто любити так не буде!','["pisni.org.ua", "cat:pro-ditey", "cat:vesilni", "Пісні про любов до дітей", "Весільні пісні"]',1,'published',COALESCE((SELECT created_at FROM songs WHERE id='pisniua_6480757'), datetime('now')),datetime('now'));
INSERT OR REPLACE INTO songs_fts(song_id,title,lyrics) VALUES ('pisniua_6480757','Пролетіли так швидко роки','Пролетіли так швидко роки,
Птахи в небі махнули крильми,
І літа, як весняна ріка,
І доросла вже доня моя!
Летять роки мов з висоти,
І вже доросла доню ти!
Будеш завжди для мене дитина,
Моя зіронька рідна, єдина!
Моя ти зоре неземна,
Молюсь, щоб ти була щаслива!
Щоб щиро він тебе кохав,
І ти його кохала щиро!
Ой, доню, донечко моя,
Сльоза в очах стискає груди,
Бо так як люблю тебе я,
Ніхто любити так не буде!

І минула холодна зима,
І до тебе прийшла вже весна,
Та, яку ти так довго чекала,
Ця весна для вас двох розцвіла!
Як гарно зацвіли сади,
І вже виходиш заміж ти,
Біля тебе твій милий коханий,
Щастя радість хай буде завжди!
Це біле плаття і фата,
У ньому ти така красива!
Моя сестричко дорога,
Кохана будь і будь щаслива!
Ой, доню, донечко моя,
Сльоза в очах стискає груди,
Бо так як люблю тебе я,
Ніхто любити так не буде!');
INSERT OR REPLACE INTO song_links (id,song_id,title,url,kind,version_id,sort_order) VALUES ('pisniua_6480757_l1','pisniua_6480757','YouTube','https://www.youtube.com/watch?v=vTo2wjPLJ_U','video',NULL,1);
INSERT OR REPLACE INTO songs (id,title,subtitle,lang,country,period,year,source,notes,lyrics,tags_json,lang_locked,status,created_at,updated_at) VALUES ('pisniua_6477','Перший сніг','Музика: Ігор Білозір Слова: Богдан Стельмах. Виконує: Оксана Білозір, Ігор Білозір, Мар''ян Шуневич, Руслана','uk','ukraine_before_1917',NULL,NULL,'Текст і акорди (частково): 1. Пісневир: Молодіжний співаник.— Львів, 2001.— 224 с.; 2. Аудіо: "Пісні Ігора Білозіра"','Аранжування: І. Білозір, З. Левковський. Запис: Студія І. Білозіра * Тут текст подано за аудіо-джерелом [2]. У текстовому джерелі [1] тут є інакше: "Ні вогнів, ні зір, Не голубить зір Жодна квітка, наче й не було. Раптом серед віт В тиху ніч розквіт Перший сніг, мов лебедя крило." ** Тут подано за нотним джерелом [1]. В аудіо [2] тут звучить ближче до "На-на-на..." В оригіналі (аудіо) пісня, ймовірно, виконується в тональності Hm (тональність в аудіо спотворена, що не дозволяє точно визначити оригінальну тональність). Акорд Am всюди можна замінити на Am6. Акорд H всюди можна замінити на H7. Деякі акорди: Am6 [x 0 2 2 1 2] Em* [3 2 2 0 0 0] Підбір акордів: bohdanko (pisni.org.ua)','Вступ (мелодія Приспіву 2):
1.
Ні снігів, ні зір,  *
Не голубить взір
Жодна квітка, мовби й не було.
Раптом серед віт
В тиху ніч розквіт
Перший сніг, як лебедя крило.
Приспів 1:
Це не яблуні цвіт, не   май,
Це не пізній бузок, це - знай -
В нашу зиму приблудив
Білий лебідь моло-  дий.
Em        Em*   Am
Ла-ла-ла, ла-ла-ла, ла-  ла,  **
Ла-ла-ла, ла-ла-ла, ла-  ла.
В нашу зиму приблудив
Білий лебідь моло-  дий.
2.
Скільки довгих днів
Він без нас білів
В небі синім з-поза давніх літ!..
І нарешті ось
Стріти довелось -
Знову нам біліє поміж віт.
Приспів 1.
Програш (на тему мелодії куплету).
Приспів 2:
Це не яблуні цвіт, не май,
Це не пізній бузок, це - знай -
В нашу зиму приблудив
Білий лебідь молодий.
Інша тональність:
Вступ (мелодія Приспіву 2):
1.
Ні снігів, ні зір,  *
Не голубить взір
Жодна квітка, мовби й не було.
Раптом серед віт
В тиху ніч розквіт
Перший сніг, як лебедя крило.
Приспів 1:
Це не яблуні цвіт, не   май,
Це не пізній бузок, це - знай -
В нашу зиму приблудив
Білий лебідь моло-  дий.
Am        Am*   Dm
Ла-ла-ла, ла-ла-ла, ла-  ла,  **
Ла-ла-ла, ла-ла-ла, ла-  ла.
В нашу зиму приблудив
Білий лебідь моло-  дий.
2.
Скільки довгих днів
Він без нас білів
В небі синім з-поза давніх літ!..
І нарешті ось
Стріти довелось -
Знову нам біліє поміж віт.
Приспів 1.
Програш (на тему мелодії куплету).
Приспів 2:
Це не яблуні цвіт, не май,
Це не пізній бузок, це - знай -
В нашу зиму приблудив
Білий лебідь молодий.','["pisni.org.ua", "cat:lirychni", "Пісні про кохання, ліричні"]',1,'published',COALESCE((SELECT created_at FROM songs WHERE id='pisniua_6477'), datetime('now')),datetime('now'));
INSERT OR REPLACE INTO songs_fts(song_id,title,lyrics) VALUES ('pisniua_6477','Перший сніг','Вступ (мелодія Приспіву 2):
1.
Ні снігів, ні зір,  *
Не голубить взір
Жодна квітка, мовби й не було.
Раптом серед віт
В тиху ніч розквіт
Перший сніг, як лебедя крило.
Приспів 1:
Це не яблуні цвіт, не   май,
Це не пізній бузок, це - знай -
В нашу зиму приблудив
Білий лебідь моло-  дий.
Em        Em*   Am
Ла-ла-ла, ла-ла-ла, ла-  ла,  **
Ла-ла-ла, ла-ла-ла, ла-  ла.
В нашу зиму приблудив
Білий лебідь моло-  дий.
2.
Скільки довгих днів
Він без нас білів
В небі синім з-поза давніх літ!..
І нарешті ось
Стріти довелось -
Знову нам біліє поміж віт.
Приспів 1.
Програш (на тему мелодії куплету).
Приспів 2:
Це не яблуні цвіт, не май,
Це не пізній бузок, це - знай -
В нашу зиму приблудив
Білий лебідь молодий.
Інша тональність:
Вступ (мелодія Приспіву 2):
1.
Ні снігів, ні зір,  *
Не голубить взір
Жодна квітка, мовби й не було.
Раптом серед віт
В тиху ніч розквіт
Перший сніг, як лебедя крило.
Приспів 1:
Це не яблуні цвіт, не   май,
Це не пізній бузок, це - знай -
В нашу зиму приблудив
Білий лебідь моло-  дий.
Am        Am*   Dm
Ла-ла-ла, ла-ла-ла, ла-  ла,  **
Ла-ла-ла, ла-ла-ла, ла-  ла.
В нашу зиму приблудив
Білий лебідь моло-  дий.
2.
Скільки довгих днів
Він без нас білів
В небі синім з-поза давніх літ!..
І нарешті ось
Стріти довелось -
Знову нам біліє поміж віт.
Приспів 1.
Програш (на тему мелодії куплету).
Приспів 2:
Це не яблуні цвіт, не май,
Це не пізній бузок, це - знай -
В нашу зиму приблудив
Білий лебідь молодий.');
INSERT OR REPLACE INTO song_links (id,song_id,title,url,kind,version_id,sort_order) VALUES ('pisniua_6477_l1','pisniua_6477','YouTube','https://www.youtube.com/watch?v=gEh7qrAyOME','video',NULL,1);
INSERT OR REPLACE INTO song_links (id,song_id,title,url,kind,version_id,sort_order) VALUES ('pisniua_6477_l2','pisniua_6477','YouTube','https://www.youtube.com/watch?v=vm3qedUk-KM','video',NULL,2);
INSERT OR REPLACE INTO song_links (id,song_id,title,url,kind,version_id,sort_order) VALUES ('pisniua_6477_l3','pisniua_6477','YouTube','https://www.youtube.com/watch?v=g-FNcRDpGoI','video',NULL,3);
INSERT OR REPLACE INTO song_links (id,song_id,title,url,kind,version_id,sort_order) VALUES ('pisniua_6477_l4','pisniua_6477','YouTube','https://www.youtube.com/watch?v=B4Czqf-9x5Q','video',NULL,4);
INSERT OR REPLACE INTO songs (id,title,subtitle,lang,country,period,year,source,notes,lyrics,tags_json,lang_locked,status,created_at,updated_at) VALUES ('pisniua_6498776','Ціна життя','Музика: Сергій Нехаєвський Слова: Наталія Безина. Виконує: Сергій Нехаєвський','uk','ukr_ssr_1919_1991',NULL,NULL,'авторське подання','Присвята жертвам голодомору в Україні.','Палала свічка на столі...
Хлібину мати цілувала.
Своє малесеньке дитя -
До серця з болем пригортала...
Стікали сльози по щоках.
Молитву губи шепотіли.
Щоб пережити зиму цю
У Бога милості просили...
Сховала пригоршню зерна...
"Най, до весни... може посію"
І цілувала немовля...
Маленьку на життя надію...
"Минуть голодні ці часи.
Ти виростеш, мій мужній сину.
І не забудеш ти мабуть...
Заплачену за волю ціну....
Пройшли роки, час пролетів
Вже хлопчик став і батьком, й дідом
Але завжди він пам''ятав
Велику ціну цьому хлібу
Палає свічка на столі.
Дідусь - хлібину обіймає...
Болять йому роки оті.
Ціну життя - він добре... знає.','["pisni.org.ua", "cat:holodomor", "Пісні про голодомор"]',1,'published',COALESCE((SELECT created_at FROM songs WHERE id='pisniua_6498776'), datetime('now')),datetime('now'));
INSERT OR REPLACE INTO songs_fts(song_id,title,lyrics) VALUES ('pisniua_6498776','Ціна життя','Палала свічка на столі...
Хлібину мати цілувала.
Своє малесеньке дитя -
До серця з болем пригортала...
Стікали сльози по щоках.
Молитву губи шепотіли.
Щоб пережити зиму цю
У Бога милості просили...
Сховала пригоршню зерна...
"Най, до весни... може посію"
І цілувала немовля...
Маленьку на життя надію...
"Минуть голодні ці часи.
Ти виростеш, мій мужній сину.
І не забудеш ти мабуть...
Заплачену за волю ціну....
Пройшли роки, час пролетів
Вже хлопчик став і батьком, й дідом
Але завжди він пам''ятав
Велику ціну цьому хлібу
Палає свічка на столі.
Дідусь - хлібину обіймає...
Болять йому роки оті.
Ціну життя - він добре... знає.');
INSERT OR REPLACE INTO song_links (id,song_id,title,url,kind,version_id,sort_order) VALUES ('pisniua_6498776_l1','pisniua_6498776','YouTube','https://www.youtube.com/watch?v=quEzM3_8sbk','video',NULL,1);
INSERT OR REPLACE INTO song_links (id,song_id,title,url,kind,version_id,sort_order) VALUES ('pisniua_6498776_l2','pisniua_6498776','YouTube','https://www.youtube.com/watch?v=yj-bTtQSrMc','video',NULL,2);
INSERT OR REPLACE INTO songs (id,title,subtitle,lang,country,period,year,source,notes,lyrics,tags_json,lang_locked,status,created_at,updated_at) VALUES ('pisniua_6483042','Українське сонце','Музика: Сергій Соловій Слова: Сергій Соловій. Виконує: Kozak System','uk','ukraine_1991',NULL,NULL,'аудіозапис',NULL,'Українське сонце зійшло,
Хай яскраво світить воно!
Дорого заплачено -         |
Ми їх не пробачимо!        | (2)

Ми їх не пробачимо!
Ой, якби ви бачили,
Як летіли журавлі,         |
Воїв на щитах несли...     | (2)

На щитах несли воїв
В місце, де нема боїв.
Так багато втрачено,       |
Дорого заплачено!..        | (2)

Дорого заплачено...
Ми їм не пробачимо!..
Хай яскраво світить воно,  |
Українське сонце зійшло!.. | (3)

Українське сонце зійшло!   | (4)','["pisni.org.ua", "cat:devoted", "cat:viyskovi", "cat:zahalni-cinnosti", "Пісні присвячені окремим особам", "Пісні на військову тематику", "Пісні про загальнолюдські цінності"]',1,'published',COALESCE((SELECT created_at FROM songs WHERE id='pisniua_6483042'), datetime('now')),datetime('now'));
INSERT OR REPLACE INTO songs_fts(song_id,title,lyrics) VALUES ('pisniua_6483042','Українське сонце','Українське сонце зійшло,
Хай яскраво світить воно!
Дорого заплачено -         |
Ми їх не пробачимо!        | (2)

Ми їх не пробачимо!
Ой, якби ви бачили,
Як летіли журавлі,         |
Воїв на щитах несли...     | (2)

На щитах несли воїв
В місце, де нема боїв.
Так багато втрачено,       |
Дорого заплачено!..        | (2)

Дорого заплачено...
Ми їм не пробачимо!..
Хай яскраво світить воно,  |
Українське сонце зійшло!.. | (3)

Українське сонце зійшло!   | (4)');
INSERT OR REPLACE INTO song_links (id,song_id,title,url,kind,version_id,sort_order) VALUES ('pisniua_6483042_l1','pisniua_6483042','YouTube','https://www.youtube.com/watch?v=4h6tXdxrSik','video',NULL,1);
INSERT OR REPLACE INTO songs (id,title,subtitle,lang,country,period,year,source,notes,lyrics,tags_json,lang_locked,status,created_at,updated_at) VALUES ('pisniua_6492348','Птаха','Музика: Оксана Грушецька Слова: Оксана Грушецька. Виконує: Оксана Грушецька','uk','ukraine_1991',NULL,NULL,'авторське подання',NULL,'Ой, летіла птаха
Через синє море.
Своїх пташеняток
Ховала від горя.
Летіла, летіла,
Крила обпікала,
Щоб дітей маленьких
Війна не дістала!..

На чужині жити,
Не втрачати долю...
Залишив кохання,
Серце своє вдома...
Крилами махала,
Вдалеч відлітала,
Боячись спинитись,
Щоб бодай не впала!..

На чужині жити,
Біженцями зватись...
Розірвавши серце,
Від війни ховатись...
На питання: Чому?
Відповідь не знає...
Так блукає птаха
У чужому краю...','["pisni.org.ua", "cat:emigration", "Пісні про еміґрацію"]',1,'published',COALESCE((SELECT created_at FROM songs WHERE id='pisniua_6492348'), datetime('now')),datetime('now'));
INSERT OR REPLACE INTO songs_fts(song_id,title,lyrics) VALUES ('pisniua_6492348','Птаха','Ой, летіла птаха
Через синє море.
Своїх пташеняток
Ховала від горя.
Летіла, летіла,
Крила обпікала,
Щоб дітей маленьких
Війна не дістала!..

На чужині жити,
Не втрачати долю...
Залишив кохання,
Серце своє вдома...
Крилами махала,
Вдалеч відлітала,
Боячись спинитись,
Щоб бодай не впала!..

На чужині жити,
Біженцями зватись...
Розірвавши серце,
Від війни ховатись...
На питання: Чому?
Відповідь не знає...
Так блукає птаха
У чужому краю...');
INSERT OR REPLACE INTO song_links (id,song_id,title,url,kind,version_id,sort_order) VALUES ('pisniua_6492348_l1','pisniua_6492348','YouTube','https://www.youtube.com/watch?v=WoWLU2Oa8XQ','video',NULL,1);
INSERT OR REPLACE INTO songs (id,title,subtitle,lang,country,period,year,source,notes,lyrics,tags_json,lang_locked,status,created_at,updated_at) VALUES ('pisniua_6495178','Радій! Христос прийшов!','Музика: Ольга Маєвська','uk','ukraine_1991',NULL,NULL,'авторське подання','Пісню виконує Ольга Маєвська (альбом: Пісні для дітей).','Радій! Радій! Христос прийшов!
Приніс надію всім,
Щоб, хто повірує, знайшов
На небі вічний дім!

Радій! Прийшов до тебе Спас,
Щоб волю, спокій дать,
Щоб стати другом і не раз
Тобі допомогать!

Радій! Що в світ Христос прийшов!
Щоб полюбити всіх.
І на Хресті пролити кров,
Що може змити гріх!

Радій, земля! Прийшов Христос!
Спасіння сповістить,
Щоб у твоїй душі мороз |
Весною замінить!       | (2)','["pisni.org.ua", "cat:voskresni", "Воскресні пісні"]',1,'published',COALESCE((SELECT created_at FROM songs WHERE id='pisniua_6495178'), datetime('now')),datetime('now'));
INSERT OR REPLACE INTO songs_fts(song_id,title,lyrics) VALUES ('pisniua_6495178','Радій! Христос прийшов!','Радій! Радій! Христос прийшов!
Приніс надію всім,
Щоб, хто повірує, знайшов
На небі вічний дім!

Радій! Прийшов до тебе Спас,
Щоб волю, спокій дать,
Щоб стати другом і не раз
Тобі допомогать!

Радій! Що в світ Христос прийшов!
Щоб полюбити всіх.
І на Хресті пролити кров,
Що може змити гріх!

Радій, земля! Прийшов Христос!
Спасіння сповістить,
Щоб у твоїй душі мороз |
Весною замінить!       | (2)');
INSERT OR REPLACE INTO song_links (id,song_id,title,url,kind,version_id,sort_order) VALUES ('pisniua_6495178_l1','pisniua_6495178','YouTube','https://www.youtube.com/watch?v=-u-ZdKAwBw0','video',NULL,1);
INSERT OR REPLACE INTO songs (id,title,subtitle,lang,country,period,year,source,notes,lyrics,tags_json,lang_locked,status,created_at,updated_at) VALUES ('pisniua_6495491','Серце','Музика: Христина Соловій, Сергій Жадан Слова: Христина Соловій, Сергій Жадан','uk','ukraine_1991',NULL,NULL,'аудіозапис','Композиція "Серце" — маніфест любові до світу, яка проростає з чесності та розуміння його недоліків і вад. Це відверта і зрозуміла історія кохання двох людей, за якою ховаються відданість і сміливість.','Приспів:
Світ давно не змінюється, правда твоя,
Ти бачиш нині те, що бачу і я,
Я чую нині те, що ти шепотів:
Торкатися життя, немов жіночих животів...
Не треба, моє сонце, печалі й каяття.
І навіть, як зупиниться моє серцебиття, -
Нічого не зміниться, нічого не мине:
У тебе є два серця - віддай мені одне!
Віддай мені одне!.. Віддай мені одне!..

А ось вам історія про двох диваків,
Про ніжність і довіру, про безсилля кулаків,
Про жорстокість юрби, про свободу і закон,
Про те, що любов не знає жодних перепон!
Ця жінка, що не знала ні тривоги, ні вини.
Цілий світ працював, щоби зустрілися вони.
Невідомо хто шукав і невідомо кого,
Вона випила снодійне і побачила його!..

Приспів.

Любий мій, за нами плачуть ліси,
А я їх голоси заплету до коси...
І всі ті, хто за нами прийшов
На цю апокаліпсу, на фаєр-шоу,
І хай вони далі полюють на нас,
Але небо складається з довгих терас,
І світло поміж пітьми,
І серце б''ється, доки разом ми!..

Світ давно не змінюється, ніжна моя,
Ти бачиш нині те, що бачу і я,
Ти чуєш нині те, що я шепотів:
Торкатися життя, немов жіночих животів...
Не треба, моє сонце, печалі й каяття.
І навіть, як зупиниться моє серцебиття, -
Нічого не зміниться, нічого не мине:
У тебе є два серця - віддай мені одне!
Віддай мені одне!.. Віддай мені одне!..

Приспів.

Світ давно не змінюється, правда твоя,
Ти бачиш нині те, що бачу і я...','["pisni.org.ua", "cat:philosophic", "Філософські пісні"]',1,'published',COALESCE((SELECT created_at FROM songs WHERE id='pisniua_6495491'), datetime('now')),datetime('now'));
INSERT OR REPLACE INTO songs_fts(song_id,title,lyrics) VALUES ('pisniua_6495491','Серце','Приспів:
Світ давно не змінюється, правда твоя,
Ти бачиш нині те, що бачу і я,
Я чую нині те, що ти шепотів:
Торкатися життя, немов жіночих животів...
Не треба, моє сонце, печалі й каяття.
І навіть, як зупиниться моє серцебиття, -
Нічого не зміниться, нічого не мине:
У тебе є два серця - віддай мені одне!
Віддай мені одне!.. Віддай мені одне!..

А ось вам історія про двох диваків,
Про ніжність і довіру, про безсилля кулаків,
Про жорстокість юрби, про свободу і закон,
Про те, що любов не знає жодних перепон!
Ця жінка, що не знала ні тривоги, ні вини.
Цілий світ працював, щоби зустрілися вони.
Невідомо хто шукав і невідомо кого,
Вона випила снодійне і побачила його!..

Приспів.

Любий мій, за нами плачуть ліси,
А я їх голоси заплету до коси...
І всі ті, хто за нами прийшов
На цю апокаліпсу, на фаєр-шоу,
І хай вони далі полюють на нас,
Але небо складається з довгих терас,
І світло поміж пітьми,
І серце б''ється, доки разом ми!..

Світ давно не змінюється, ніжна моя,
Ти бачиш нині те, що бачу і я,
Ти чуєш нині те, що я шепотів:
Торкатися життя, немов жіночих животів...
Не треба, моє сонце, печалі й каяття.
І навіть, як зупиниться моє серцебиття, -
Нічого не зміниться, нічого не мине:
У тебе є два серця - віддай мені одне!
Віддай мені одне!.. Віддай мені одне!..

Приспів.

Світ давно не змінюється, правда твоя,
Ти бачиш нині те, що бачу і я...');
INSERT OR REPLACE INTO song_links (id,song_id,title,url,kind,version_id,sort_order) VALUES ('pisniua_6495491_l1','pisniua_6495491','YouTube','https://www.youtube.com/watch?v=nfR9cE4Wwx4','video',NULL,1);
INSERT OR REPLACE INTO songs (id,title,subtitle,lang,country,period,year,source,notes,lyrics,tags_json,lang_locked,status,created_at,updated_at) VALUES ('pisniua_6495644','Новорічний хоровод','Слова: Оксана Пічугіна','uk','ukraine_1991',NULL,NULL,'аудіозапис',NULL,'Круг ялиночки на свято
Всі зібралися малята!
Пам, парам-пам-пам!
Наче м''ячики стрибають,
У веселі ігри грають!
Там, тарам-там-там!

Приспів:
Новий рік! Новий рік
В хоровод усіх зібрав!
Новий рік! Новий рік
Радість нам подарував!

Всі нарядні і красиві,
Всі веселі і щасливі!
Пам, парам-пам-пам!
Дружно ніжками тупцюють,
І співають, і танцюють!
Там, тарам-там-там!

Приспів.

А ялинка гілочками
Теж танцює разом з нами,
Пам, парам-пам-пам!
Плещуть ручками малята,
Новий рік - веселе свято!
Там, тарам-там-там!

Приспів.','["pisni.org.ua", "cat:new-year", "Пісні про Новий Рік"]',1,'published',COALESCE((SELECT created_at FROM songs WHERE id='pisniua_6495644'), datetime('now')),datetime('now'));
INSERT OR REPLACE INTO songs_fts(song_id,title,lyrics) VALUES ('pisniua_6495644','Новорічний хоровод','Круг ялиночки на свято
Всі зібралися малята!
Пам, парам-пам-пам!
Наче м''ячики стрибають,
У веселі ігри грають!
Там, тарам-там-там!

Приспів:
Новий рік! Новий рік
В хоровод усіх зібрав!
Новий рік! Новий рік
Радість нам подарував!

Всі нарядні і красиві,
Всі веселі і щасливі!
Пам, парам-пам-пам!
Дружно ніжками тупцюють,
І співають, і танцюють!
Там, тарам-там-там!

Приспів.

А ялинка гілочками
Теж танцює разом з нами,
Пам, парам-пам-пам!
Плещуть ручками малята,
Новий рік - веселе свято!
Там, тарам-там-там!

Приспів.');
INSERT OR REPLACE INTO song_links (id,song_id,title,url,kind,version_id,sort_order) VALUES ('pisniua_6495644_l1','pisniua_6495644','YouTube','https://www.youtube.com/watch?v=6t6jlmVxS-s','video',NULL,1);
INSERT OR REPLACE INTO songs (id,title,subtitle,lang,country,period,year,source,notes,lyrics,tags_json,lang_locked,status,created_at,updated_at) VALUES ('pisniua_6499542','Миколаєвої свічі','Музика: Мирон Береза Слова: Тетяна Прозорова','uk','ukraine_1991',NULL,NULL,'аудіозапис',NULL,'А ти знаєш, іде зима,
Заметілі чарують сніжні,
І засяють мережива
На віконнях сліпучо-ніжні.
Усміхнеться мій рідний край
На своїм сніговім помості,
І святий добрий Миколай
До людей завітає в гості!

Приспів:
Миколай, я молюся: Завітай!
Як в дитинстві, не відпускай,
З надією знову й знов!
Не минай і стежинку цю відшукай!
В потаємних снігах зринай,
Усім даруй любов!
Так я знаю, за бідою пройдуть дощі,
Ми знайдемо святі ключі!
З Миколая і до Різдва
Ми згадаємо всі слова,
Що у душу несуть дива!
Миколаєвої свічі!..

А ти знаєш, з давен-давно
Попри часу вітри і шквали
Він знаходив оте вікно,
Де його так завжди чекали!
А ти знаєш, він серед нас,
Вирушає завжди в дорогу
Як і в давній-прадавній час
Поспішає на допомогу!

Приспів.

Не складаються пазли-дні,
Коли зашпори й щастя - разом,
Він завжди у тобі й мені
Поза простором, поза часом!
Тільки мрій, не переставай,
Тільки вір у це добре диво!
І святий добрий Миколай
Подарує кохання й крила!

Приспів.','["pisni.org.ua", "cat:svyatyy-mykolay", "Пісні про Святого Миколая"]',1,'published',COALESCE((SELECT created_at FROM songs WHERE id='pisniua_6499542'), datetime('now')),datetime('now'));
INSERT OR REPLACE INTO songs_fts(song_id,title,lyrics) VALUES ('pisniua_6499542','Миколаєвої свічі','А ти знаєш, іде зима,
Заметілі чарують сніжні,
І засяють мережива
На віконнях сліпучо-ніжні.
Усміхнеться мій рідний край
На своїм сніговім помості,
І святий добрий Миколай
До людей завітає в гості!

Приспів:
Миколай, я молюся: Завітай!
Як в дитинстві, не відпускай,
З надією знову й знов!
Не минай і стежинку цю відшукай!
В потаємних снігах зринай,
Усім даруй любов!
Так я знаю, за бідою пройдуть дощі,
Ми знайдемо святі ключі!
З Миколая і до Різдва
Ми згадаємо всі слова,
Що у душу несуть дива!
Миколаєвої свічі!..

А ти знаєш, з давен-давно
Попри часу вітри і шквали
Він знаходив оте вікно,
Де його так завжди чекали!
А ти знаєш, він серед нас,
Вирушає завжди в дорогу
Як і в давній-прадавній час
Поспішає на допомогу!

Приспів.

Не складаються пазли-дні,
Коли зашпори й щастя - разом,
Він завжди у тобі й мені
Поза простором, поза часом!
Тільки мрій, не переставай,
Тільки вір у це добре диво!
І святий добрий Миколай
Подарує кохання й крила!

Приспів.');
INSERT OR REPLACE INTO song_links (id,song_id,title,url,kind,version_id,sort_order) VALUES ('pisniua_6499542_l1','pisniua_6499542','YouTube','https://www.youtube.com/watch?v=21SFQdv9xUQ','video',NULL,1);
INSERT OR REPLACE INTO songs (id,title,subtitle,lang,country,period,year,source,notes,lyrics,tags_json,lang_locked,status,created_at,updated_at) VALUES ('pisniua_6490673','Чайка','Музика: Андрій Безкровний, Вадим Лисиця Слова: Андрій Безкровний','uk','ukraine_1991',NULL,NULL,'аудіозапис',NULL,'Приспів:
Гой-я, гой-я-я!
Цвіте в полі конопля,
Де горить моя земля,
Згине ворог, або я!
Гой-я, гой-я-я!
Лети, пташенько моя!
Всюди, куди не дивись,
Україна буде скрізь!

Рушив легінь на війну
По терену по степу...
Обійняв неню й сестру,
Не бійтеся, батько, не помру!
І знову поверхи, поштовхи,
Та жахи - спалахи
Поруч, і вибухи, вибухи!
Лети до мене чайкою
Над хвилями до краю милого
Над небосхилами з новими силами!
Чайкою над хвилями, зорі на килимі,
На небі синьому легкими крилами!

Приспів.

Рушив легінь на кордон,
Де широкий тихий Дон,
Зійде сніг з Карпатських гір,
Повернусь до тебе, Синевир!
І знову подумки, подихи,
Пошепки, де знайти наші шляхи?..
І знову поверхи, поштовхи,
Та жахи - спалахи
Поруч, і вибухи, вибухи!
Лети до мене чайкою
Над хвилями до краю милого
Над небосхилами з новими силами!
Чайкою над хвилями, зорі на килимі,
На небі синьому легкими крилами!

Приспів.','["pisni.org.ua", "cat:ato", "cat:zahalni-cinnosti", "Пісні російсько-української війни та АТО", "Пісні про загальнолюдські цінності"]',1,'published',COALESCE((SELECT created_at FROM songs WHERE id='pisniua_6490673'), datetime('now')),datetime('now'));
INSERT OR REPLACE INTO songs_fts(song_id,title,lyrics) VALUES ('pisniua_6490673','Чайка','Приспів:
Гой-я, гой-я-я!
Цвіте в полі конопля,
Де горить моя земля,
Згине ворог, або я!
Гой-я, гой-я-я!
Лети, пташенько моя!
Всюди, куди не дивись,
Україна буде скрізь!

Рушив легінь на війну
По терену по степу...
Обійняв неню й сестру,
Не бійтеся, батько, не помру!
І знову поверхи, поштовхи,
Та жахи - спалахи
Поруч, і вибухи, вибухи!
Лети до мене чайкою
Над хвилями до краю милого
Над небосхилами з новими силами!
Чайкою над хвилями, зорі на килимі,
На небі синьому легкими крилами!

Приспів.

Рушив легінь на кордон,
Де широкий тихий Дон,
Зійде сніг з Карпатських гір,
Повернусь до тебе, Синевир!
І знову подумки, подихи,
Пошепки, де знайти наші шляхи?..
І знову поверхи, поштовхи,
Та жахи - спалахи
Поруч, і вибухи, вибухи!
Лети до мене чайкою
Над хвилями до краю милого
Над небосхилами з новими силами!
Чайкою над хвилями, зорі на килимі,
На небі синьому легкими крилами!

Приспів.');
INSERT OR REPLACE INTO song_links (id,song_id,title,url,kind,version_id,sort_order) VALUES ('pisniua_6490673_l1','pisniua_6490673','YouTube','https://www.youtube.com/watch?v=_nUOqJYyPQ4','video',NULL,1);
INSERT OR REPLACE INTO songs (id,title,subtitle,lang,country,period,year,source,notes,lyrics,tags_json,lang_locked,status,created_at,updated_at) VALUES ('pisniua_6495797','Що приносить Миколай?','Слова: Оксана Пічугіна','uk','ukraine_1991',NULL,NULL,'аудіозапис',NULL,'Що приносить Миколай?
Нумо, швидко відгадай!
І які гостинці
В нього у торбинці?
Є цукерки там смачненькі -
Так! Так! Так!
Є там іграшки м''якенькі -
Так! Так! Так!

Що приносить Миколай?
Нумо швидко відгадай!
І які гостинці
В нього у торбинці?
Є прикраси кольорові -
Так! Так! Так!
Є і пряники медові -
Так! Так! Так!

Що приносить Миколай?
Нумо швидко відгадай!
І які гостинці
В нього у торбинці?
Щастя й доля у родину -
Так! Так! Так!
Мир і спокій в Україну -
Так! Так! Так!','["pisni.org.ua", "cat:svyatyy-mykolay", "Пісні про Святого Миколая"]',1,'published',COALESCE((SELECT created_at FROM songs WHERE id='pisniua_6495797'), datetime('now')),datetime('now'));
INSERT OR REPLACE INTO songs_fts(song_id,title,lyrics) VALUES ('pisniua_6495797','Що приносить Миколай?','Що приносить Миколай?
Нумо, швидко відгадай!
І які гостинці
В нього у торбинці?
Є цукерки там смачненькі -
Так! Так! Так!
Є там іграшки м''якенькі -
Так! Так! Так!

Що приносить Миколай?
Нумо швидко відгадай!
І які гостинці
В нього у торбинці?
Є прикраси кольорові -
Так! Так! Так!
Є і пряники медові -
Так! Так! Так!

Що приносить Миколай?
Нумо швидко відгадай!
І які гостинці
В нього у торбинці?
Щастя й доля у родину -
Так! Так! Так!
Мир і спокій в Україну -
Так! Так! Так!');
INSERT OR REPLACE INTO song_links (id,song_id,title,url,kind,version_id,sort_order) VALUES ('pisniua_6495797_l1','pisniua_6495797','YouTube','https://www.youtube.com/watch?v=JsEGHg-EZCc','video',NULL,1);
INSERT OR REPLACE INTO songs (id,title,subtitle,lang,country,period,year,source,notes,lyrics,tags_json,lang_locked,status,created_at,updated_at) VALUES ('pisniua_64972','А Пречиста Діва по світу ходила','Українська народна пісня','uk','ukraine_before_1917',NULL,NULL,NULL,NULL,'Темненькая нічка тьмою світ закрила.
Темненькая нічка тьмою світ закрила,
Тьмою світ закрила.

А Пречиста Діва по світу ходила,
Прийшла до багача (2), на ніч ся просила:

"Пане господарю, переночуй мене,
Бо темная нічка (2) находить на мене".

А той пан господар не хотів ночувати,
Сказав своїм слугам (2) собаками гнати.

А тії собаки Марію впізнали,
Перед Матір Божов (2) на коліна впали.

А Пречиста Діва по світу ходила.
Прийшла до бідного (2) на ніч ся просила:

"Пане господарю, переночуй мене,
Бо темная нічка (2) находить на мене".

"Ой, рад би я тебе переночувати,
Тільки я не маю (2) вечероньки дати"

"Не треба, не треба вечероньки твої,
Тільки пусти мене (2) до стаєньки свої".

Чи то сонце сходить, чи місяць заходить?
То Пречиста Діва (2) свого Сина родить.

"Вставай, жінко, вставай. Доки будеш спала?
Вже наша стаєнка (2) світом засіяла".

"Якби м була знала, що то Мати Божа,
Була б постелила (2) до свойого ложа.

Якби м була знала, що Мати з Ісусом,
Була б пристелила (2) біленьким обрусом".

Старий Рік минає, Новий наступає (2)
Христос ся рождає.    Нараш. З співу Антоніни Прибило, с.Ропиця Руська','["pisni.org.ua", "cat:christian", "cat:kolyadky", "cat:narodni", "Пісні на християнську тематику", "Колядки", "Народні пісні"]',1,'published',COALESCE((SELECT created_at FROM songs WHERE id='pisniua_64972'), datetime('now')),datetime('now'));
INSERT OR REPLACE INTO songs_fts(song_id,title,lyrics) VALUES ('pisniua_64972','А Пречиста Діва по світу ходила','Темненькая нічка тьмою світ закрила.
Темненькая нічка тьмою світ закрила,
Тьмою світ закрила.

А Пречиста Діва по світу ходила,
Прийшла до багача (2), на ніч ся просила:

"Пане господарю, переночуй мене,
Бо темная нічка (2) находить на мене".

А той пан господар не хотів ночувати,
Сказав своїм слугам (2) собаками гнати.

А тії собаки Марію впізнали,
Перед Матір Божов (2) на коліна впали.

А Пречиста Діва по світу ходила.
Прийшла до бідного (2) на ніч ся просила:

"Пане господарю, переночуй мене,
Бо темная нічка (2) находить на мене".

"Ой, рад би я тебе переночувати,
Тільки я не маю (2) вечероньки дати"

"Не треба, не треба вечероньки твої,
Тільки пусти мене (2) до стаєньки свої".

Чи то сонце сходить, чи місяць заходить?
То Пречиста Діва (2) свого Сина родить.

"Вставай, жінко, вставай. Доки будеш спала?
Вже наша стаєнка (2) світом засіяла".

"Якби м була знала, що то Мати Божа,
Була б постелила (2) до свойого ложа.

Якби м була знала, що Мати з Ісусом,
Була б пристелила (2) біленьким обрусом".

Старий Рік минає, Новий наступає (2)
Христос ся рождає.    Нараш. З співу Антоніни Прибило, с.Ропиця Руська');
INSERT OR REPLACE INTO song_links (id,song_id,title,url,kind,version_id,sort_order) VALUES ('pisniua_64972_l1','pisniua_64972','YouTube','https://www.youtube.com/watch?v=HDTyAFZEEo8','video',NULL,1);
INSERT OR REPLACE INTO song_links (id,song_id,title,url,kind,version_id,sort_order) VALUES ('pisniua_64972_l2','pisniua_64972','YouTube','https://www.youtube.com/watch?v=6No7iX_dT-A','video',NULL,2);
INSERT OR REPLACE INTO song_links (id,song_id,title,url,kind,version_id,sort_order) VALUES ('pisniua_64972_l3','pisniua_64972','YouTube','https://www.youtube.com/watch?v=bnAHmYLb8Oc','video',NULL,3);
INSERT OR REPLACE INTO song_links (id,song_id,title,url,kind,version_id,sort_order) VALUES ('pisniua_64972_l4','pisniua_64972','YouTube','https://www.youtube.com/watch?v=Z41PbpsbN-k','video',NULL,4);
INSERT OR REPLACE INTO songs (id,title,subtitle,lang,country,period,year,source,notes,lyrics,tags_json,lang_locked,status,created_at,updated_at) VALUES ('pisniua_6500555','Молитва на Різдво','Музика: Христина Дарвай Слова: Христина Дарвай','uk','ukraine_1991',NULL,NULL,'аудіозапис',NULL,'У долонях тане сніг,
За вікном зима гуляє,
Та думками лину в небеса святі,
Щоб настав мир на землі,
Прошу Бога, я благаю,
Щоб зберіг мою країну у добрі!

Приспів:
Хай молитва на Різдво
Поверне в серця тепло,
Подарує мир і спокій за вікном!
Хай вечірняя зоря
Принесе нам всім добра,
В благодаті хай буде земля!..

У думках згадаю всіх,
Кого поруч вже немає,
Хто віддав своє життя у боротьбі...
Знаю, віра у серцях
Українців не згасає,
Ще іскриться дух надії у душі!

Приспів.

Речитатив:
Моя рідна Вкраїна,
Я вітаю тебе з Новим роком! -
Роком нашої спільної перемоги!

Приспів.

В благодаті хай буде земля!..
В благодаті хай буде земля!..','["pisni.org.ua", "cat:suchasni-pisni-rizdvo", "Сучасні пісні про Різдвяні свята"]',1,'published',COALESCE((SELECT created_at FROM songs WHERE id='pisniua_6500555'), datetime('now')),datetime('now'));
INSERT OR REPLACE INTO songs_fts(song_id,title,lyrics) VALUES ('pisniua_6500555','Молитва на Різдво','У долонях тане сніг,
За вікном зима гуляє,
Та думками лину в небеса святі,
Щоб настав мир на землі,
Прошу Бога, я благаю,
Щоб зберіг мою країну у добрі!

Приспів:
Хай молитва на Різдво
Поверне в серця тепло,
Подарує мир і спокій за вікном!
Хай вечірняя зоря
Принесе нам всім добра,
В благодаті хай буде земля!..

У думках згадаю всіх,
Кого поруч вже немає,
Хто віддав своє життя у боротьбі...
Знаю, віра у серцях
Українців не згасає,
Ще іскриться дух надії у душі!

Приспів.

Речитатив:
Моя рідна Вкраїна,
Я вітаю тебе з Новим роком! -
Роком нашої спільної перемоги!

Приспів.

В благодаті хай буде земля!..
В благодаті хай буде земля!..');
INSERT OR REPLACE INTO song_links (id,song_id,title,url,kind,version_id,sort_order) VALUES ('pisniua_6500555_l1','pisniua_6500555','YouTube','https://www.youtube.com/watch?v=FdxjmNpY04o','video',NULL,1);
INSERT OR REPLACE INTO song_links (id,song_id,title,url,kind,version_id,sort_order) VALUES ('pisniua_6500555_l2','pisniua_6500555','YouTube','https://www.youtube.com/watch?v=n0LuCalQ2-s','video',NULL,2);
INSERT OR REPLACE INTO songs (id,title,subtitle,lang,country,period,year,source,notes,lyrics,tags_json,lang_locked,status,created_at,updated_at) VALUES ('pisniua_6500271','Їде Миколай','Музика: Миколай Добрянський Слова: Миколай Добрянський','uk','ukraine_1991',NULL,NULL,'аудіозапис',NULL,'Дзінь-дзінь-дзінь!
Дзінь-дзінь-дзінь!
Через луг і гай
Їде до нас в гості |
Миколай!           | (2)

Дзінь-дзінь-дзінь!
Дзінь-дзінь-дзінь!
Дзвоники дзвенять
Він везе дарунки   |
Для малят!         | (2)

Дзінь-дзінь-дзінь!
Дзінь-дзінь-дзінь!
Радість нам несе,
Ми його всі любим  |
Над усе!           | (2)

Дзінь-дзінь-дзінь!
Дзінь-дзінь-дзінь!
Через луг і ліс
Миколай дарунки    |
Нам привіз!        | (2)','["pisni.org.ua", "cat:svyatyy-mykolay", "Пісні про Святого Миколая"]',1,'published',COALESCE((SELECT created_at FROM songs WHERE id='pisniua_6500271'), datetime('now')),datetime('now'));
INSERT OR REPLACE INTO songs_fts(song_id,title,lyrics) VALUES ('pisniua_6500271','Їде Миколай','Дзінь-дзінь-дзінь!
Дзінь-дзінь-дзінь!
Через луг і гай
Їде до нас в гості |
Миколай!           | (2)

Дзінь-дзінь-дзінь!
Дзінь-дзінь-дзінь!
Дзвоники дзвенять
Він везе дарунки   |
Для малят!         | (2)

Дзінь-дзінь-дзінь!
Дзінь-дзінь-дзінь!
Радість нам несе,
Ми його всі любим  |
Над усе!           | (2)

Дзінь-дзінь-дзінь!
Дзінь-дзінь-дзінь!
Через луг і ліс
Миколай дарунки    |
Нам привіз!        | (2)');
INSERT OR REPLACE INTO song_links (id,song_id,title,url,kind,version_id,sort_order) VALUES ('pisniua_6500271_l1','pisniua_6500271','YouTube','https://www.youtube.com/watch?v=K9CIUYQOMBU','video',NULL,1);
INSERT OR REPLACE INTO song_links (id,song_id,title,url,kind,version_id,sort_order) VALUES ('pisniua_6500271_l2','pisniua_6500271','YouTube','https://www.youtube.com/watch?v=MkkO0YsD_BU','video',NULL,2);
INSERT OR REPLACE INTO songs (id,title,subtitle,lang,country,period,year,source,notes,lyrics,tags_json,lang_locked,status,created_at,updated_at) VALUES ('pisniua_6499050','Лісом, полем','Музика: Микола Ведмедеря Слова: Юлія Хандожинська','uk','ukraine_1991',NULL,NULL,'авторське подання',NULL,'Лісом, полем, через гай,
Ще й через долину
До малечі Миколай
Їхав на гостину!

Приспів:
Тупу, тупу,
Плесь, плесь, плесь,
Ми його чекаєм!
Гарну пісню новорічну
Йому заспіваєм!

Гарно світяться вогні
На нашій ялинці.
Миколай до нас іде
І несе гостинці!

Приспів.','["pisni.org.ua", "cat:svyatyy-mykolay", "Пісні про Святого Миколая"]',1,'published',COALESCE((SELECT created_at FROM songs WHERE id='pisniua_6499050'), datetime('now')),datetime('now'));
INSERT OR REPLACE INTO songs_fts(song_id,title,lyrics) VALUES ('pisniua_6499050','Лісом, полем','Лісом, полем, через гай,
Ще й через долину
До малечі Миколай
Їхав на гостину!

Приспів:
Тупу, тупу,
Плесь, плесь, плесь,
Ми його чекаєм!
Гарну пісню новорічну
Йому заспіваєм!

Гарно світяться вогні
На нашій ялинці.
Миколай до нас іде
І несе гостинці!

Приспів.');
INSERT OR REPLACE INTO songs (id,title,subtitle,lang,country,period,year,source,notes,lyrics,tags_json,lang_locked,status,created_at,updated_at) VALUES ('pisniua_6505991','З нами віра!','Музика: Жанна Лтавська Слова: Жанна Лтавська','uk','ukraine_1991',NULL,NULL,'аудіозапис',NULL,'Десь в Україні, там, на передовій
Хлопець пише дівчині: Я живий!
Десь в Україні біля свічки маля
Свого тата героя намалював...

Приспів:
З нами Віра! З нами Бог! З нами воля!
Козацька сила, козацький дух і перемога!
З нами Віра! З нами Бог! З нами воля!
Козацька сила, козацький дух і перемога!

Десь в Україні, там, на передовій
Імениннику двадцять, а весь сідий...
Десь в Україні ранок - день новий,
З автоматом в окопах юнак старий...

Приспів.

Десь в Україні тихо падає сніг,
Замітає криваві сліди доріг...
Десь в Україні згасла зірка ясна,
Загадала бажання, щоб щезла війна!..

Приспів.

Козацька сила, козацький дух і перемога!','["pisni.org.ua", "cat:viyskovi", "cat:zahalni-cinnosti", "Пісні на військову тематику", "Пісні про загальнолюдські цінності"]',1,'published',COALESCE((SELECT created_at FROM songs WHERE id='pisniua_6505991'), datetime('now')),datetime('now'));
INSERT OR REPLACE INTO songs_fts(song_id,title,lyrics) VALUES ('pisniua_6505991','З нами віра!','Десь в Україні, там, на передовій
Хлопець пише дівчині: Я живий!
Десь в Україні біля свічки маля
Свого тата героя намалював...

Приспів:
З нами Віра! З нами Бог! З нами воля!
Козацька сила, козацький дух і перемога!
З нами Віра! З нами Бог! З нами воля!
Козацька сила, козацький дух і перемога!

Десь в Україні, там, на передовій
Імениннику двадцять, а весь сідий...
Десь в Україні ранок - день новий,
З автоматом в окопах юнак старий...

Приспів.

Десь в Україні тихо падає сніг,
Замітає криваві сліди доріг...
Десь в Україні згасла зірка ясна,
Загадала бажання, щоб щезла війна!..

Приспів.

Козацька сила, козацький дух і перемога!');
INSERT OR REPLACE INTO song_links (id,song_id,title,url,kind,version_id,sort_order) VALUES ('pisniua_6505991_l1','pisniua_6505991','YouTube','https://www.youtube.com/watch?v=L1JqVRH9ajM','video',NULL,1);
INSERT OR REPLACE INTO song_links (id,song_id,title,url,kind,version_id,sort_order) VALUES ('pisniua_6505991_l2','pisniua_6505991','YouTube','https://www.youtube.com/watch?v=9k65iK8zuSM','video',NULL,2);
INSERT OR REPLACE INTO songs (id,title,subtitle,lang,country,period,year,source,notes,lyrics,tags_json,lang_locked,status,created_at,updated_at) VALUES ('pisniua_6500899','Це - Різдво!','Музика: Наталія Май, Олеся Май Слова: Наталія Май, Олеся Май','uk','ukraine_before_1917',NULL,NULL,'аудіозапис',NULL,'Ми прийшли колядувать до порога,
Україні побажать перемоги!
І сказати в день такий привітання
Цьому дому й господарю побажання!

Приспів:
Це - Різдво! Це - Різдво!      |
Дружно вас вітаєм!             |
Хай же наше ППО всіх охороняє! | (2)

Хай всміхається усім щастя й доля,
Щоби падали з небес тільки зорі!
Не ракети і не бомби, ми бажаєм -
Хай нас Бог і ЗСУ захищають!

Приспів.','["pisni.org.ua", "cat:christian", "cat:kolyadky", "cat:shchedrivky", "cat:suchasni-pisni-rizdvo", "Пісні на християнську тематику", "Колядки", "Щедрівки", "Сучасні пісні про Різдвяні свята"]',1,'published',COALESCE((SELECT created_at FROM songs WHERE id='pisniua_6500899'), datetime('now')),datetime('now'));
INSERT OR REPLACE INTO songs_fts(song_id,title,lyrics) VALUES ('pisniua_6500899','Це - Різдво!','Ми прийшли колядувать до порога,
Україні побажать перемоги!
І сказати в день такий привітання
Цьому дому й господарю побажання!

Приспів:
Це - Різдво! Це - Різдво!      |
Дружно вас вітаєм!             |
Хай же наше ППО всіх охороняє! | (2)

Хай всміхається усім щастя й доля,
Щоби падали з небес тільки зорі!
Не ракети і не бомби, ми бажаєм -
Хай нас Бог і ЗСУ захищають!

Приспів.');
INSERT OR REPLACE INTO song_links (id,song_id,title,url,kind,version_id,sort_order) VALUES ('pisniua_6500899_l1','pisniua_6500899','YouTube','https://www.youtube.com/watch?v=bhDFqBZ9ueI','video',NULL,1);
INSERT OR REPLACE INTO songs (id,title,subtitle,lang,country,period,year,source,notes,lyrics,tags_json,lang_locked,status,created_at,updated_at) VALUES ('pisniua_6500858','В тиху ніч Різдва','Музика: Володимир Хлиста Слова: Володимир Хлиста','uk','ukraine_1991',NULL,NULL,'аудіозапис',NULL,'Ніч Різдва... -
В цю ніч Господь
Відкрив нам небеса!
Послав на землю Сина в жертву,
Що спасла нас від гріха!..
О, ніч Різдва!..
Вся таємниця неба
Нам відкрилася,
Щоби людина з Богом
Примирилася і з Ним жила!..

Приспів:
В тиху ніч Різдва
На землю повну зла
Божий Син прийшов
Спасти нас від гріха!
В тиху ніч Різдва
Божа благодать
Прийшла для тебе!
В тиху ніч Різдва
На землю повну зла
Божий Син прийшов
Спасти нас від гріха!
В тиху ніч Різдва
Божа благодать прийшла!..

Ніч Різдва...
Давно втомились люди
Жити без Христа,
Без Нього навкруги
Лише одна пітьма,
Пітьма гріха...
Та в ніч Різдва
Бог відкриває двері
Людям в небеса,
Для кожного, хто вірує
В Його Ім''я, в Ісуса.

Приспів.','["pisni.org.ua", "cat:suchasni-pisni-rizdvo", "Сучасні пісні про Різдвяні свята"]',1,'published',COALESCE((SELECT created_at FROM songs WHERE id='pisniua_6500858'), datetime('now')),datetime('now'));
INSERT OR REPLACE INTO songs_fts(song_id,title,lyrics) VALUES ('pisniua_6500858','В тиху ніч Різдва','Ніч Різдва... -
В цю ніч Господь
Відкрив нам небеса!
Послав на землю Сина в жертву,
Що спасла нас від гріха!..
О, ніч Різдва!..
Вся таємниця неба
Нам відкрилася,
Щоби людина з Богом
Примирилася і з Ним жила!..

Приспів:
В тиху ніч Різдва
На землю повну зла
Божий Син прийшов
Спасти нас від гріха!
В тиху ніч Різдва
Божа благодать
Прийшла для тебе!
В тиху ніч Різдва
На землю повну зла
Божий Син прийшов
Спасти нас від гріха!
В тиху ніч Різдва
Божа благодать прийшла!..

Ніч Різдва...
Давно втомились люди
Жити без Христа,
Без Нього навкруги
Лише одна пітьма,
Пітьма гріха...
Та в ніч Різдва
Бог відкриває двері
Людям в небеса,
Для кожного, хто вірує
В Його Ім''я, в Ісуса.

Приспів.');
INSERT OR REPLACE INTO song_links (id,song_id,title,url,kind,version_id,sort_order) VALUES ('pisniua_6500858_l1','pisniua_6500858','YouTube','https://www.youtube.com/watch?v=xPsd1HUYxhE','video',NULL,1);
INSERT OR REPLACE INTO songs (id,title,subtitle,lang,country,period,year,source,notes,lyrics,tags_json,lang_locked,status,created_at,updated_at) VALUES ('pisniua_649972','Я кохаю цього чоловіка...','Музика: Наталя Криничанка Слова: Наталя Криничанка. Виконує: Наталя Криничанка','uk','ukraine_1991',NULL,'1997','1. Аудіо-альбом (CD) "Я кохаю цього чоловіка"','Пісня написана влітку 1997, є своєрідним підсумком творчого відтинку часу, її назва дала ім''я альбому.','Завмирають слова на папері
Самота зазирає до вікон
У провулках буденних феєрій
Я не знаю цього чоловіка

Ніч ковта кольорові пастелі
Дрімота на солоних повіках
У замріяно-білій постелі
Я чекаю цього чоловіка

Пересуди видряпують двері
У долонях спокуса велика
В хуртовині незнанних містерій
Я кохаю цього чоловіка

Я кохаю цього чоловіка...        |(2)','["pisni.org.ua", "cat:bardivski", "Бардівські пісні"]',1,'published',COALESCE((SELECT created_at FROM songs WHERE id='pisniua_649972'), datetime('now')),datetime('now'));
INSERT OR REPLACE INTO songs_fts(song_id,title,lyrics) VALUES ('pisniua_649972','Я кохаю цього чоловіка...','Завмирають слова на папері
Самота зазирає до вікон
У провулках буденних феєрій
Я не знаю цього чоловіка

Ніч ковта кольорові пастелі
Дрімота на солоних повіках
У замріяно-білій постелі
Я чекаю цього чоловіка

Пересуди видряпують двері
У долонях спокуса велика
В хуртовині незнанних містерій
Я кохаю цього чоловіка

Я кохаю цього чоловіка...        |(2)');
INSERT OR REPLACE INTO songs (id,title,subtitle,lang,country,period,year,source,notes,lyrics,tags_json,lang_locked,status,created_at,updated_at) VALUES ('pisniua_6507151','Третя Рота','Музика: Віктор Ткаченко Слова: Олександр Хоменко, Сергій Жадан','uk','ukraine_1991',NULL,NULL,'аудіозапис','Пісню виконує МУР (альбом: Ти (Романтика)).','Ти знаєш, як ото буває:
Грудень, війна, мобілізували -
Старший солдат Сосюра. - От так і записали.
Що сталося потім - навіть страшно розповісти.
Тіла падали на землю, їх зривало наче листя.
Алмазна й Дебальцеве - місця моєї слави,
Втоплені у крові, місця моїх комшарів.
Взагалі, я звісно, лірик, такий і позивний.
Але коли занесло у третій штурмовий,
Третій Гайдамацький - вриватись так вриватись!
Багнетом бий у шию! І не озиратись!
У солдата є наказ. Сльози - будуть потім.
І дивиться Донбас, як ти, в замерзшій рвоті
Зжався у окопі. І молишся Шевченку.
Да, Сосюра... От тобі й "к стєнкє".

Цей дощ не скінчиться ніколи! Ніколи!
Цей грім залунає: До бою! До бою!
Цей дощ ніколи не скінчиться!
Він жертиме нас, як дітей - вовчиця.
Він забиратиме сон і молодість.
Він заповнює усі полості...
Цей дощ нас з тобою обгризатиме, як кістку.
Юнкер-кавалер тут ґвалтуватиме курситску,
Молодий поет у крові знайде тут прихисток.
Цей дощ не про чистоту, а про етнічну чистку.
Цей дощ пахне прапором розірваним і битвою.
На "до та після" розрізає, він тебе, як бритвою.
Цей дощ забиратиме найкраще у найгіршого.
І на міль посадить він душу у найглибшого.
Все, що тут побачиш, ти не зможеш розказати.
"Третя Рота" - не щоденник, казка у форматі.
"Зима запахне кров′ю" - це дуже символічно.
Це ж не про кінцівки, що рубаєш методично.
Це ж не про зневіру і про зраду побратимів.
Про дурні накази, від яких півроти гине.
Війна за УНР - я ніколи не забуду!
Добре, що в майбутньому - такого більш не буде!

Цей дощ забирає нас, як набої...
Ти - лише тіло! Ти - лише зброя!
Кидай мертвих за борт! Кидай мертвих за борт!
Пускай під воду холодні тіла, замотані в шовк.
Мертві не знають клопоту. Не знають турбот.
Скидай прокажених у хвилі! Скидай зачумлених в ніч.
Сотні мертвих сердець... Сотні холодних облич,
Випалених лихоманкою, наче торф,
Вибілених тифом, ніби вапно.
Вкладай їхні голови до мішків і торб.
Кидай мертвих за борт! Їм тепер все одно!
Дякуй щедрим зорям, добрим часам!
Тривають довгі жнива, безтурботні дні...
Той, хто добуде тут до кінця, залишиться сам.
Краще йому не бачити те, що він бачитиме уві сні...

Цей дощ не скінчиться ніколи! Ніколи!
Цей грім залунає: До бою! До бою!
Цей дощ забирає нас, як набої...
Ти - лише тіло! Ти - лише зброя!','["pisni.org.ua", "cat:ato", "cat:devoted", "cat:viyskovi", "cat:zahalni-cinnosti", "Пісні російсько-української війни та АТО", "Пісні присвячені окремим особам", "Пісні на військову тематику", "Пісні про загальнолюдські цінності"]',1,'published',COALESCE((SELECT created_at FROM songs WHERE id='pisniua_6507151'), datetime('now')),datetime('now'));
INSERT OR REPLACE INTO songs_fts(song_id,title,lyrics) VALUES ('pisniua_6507151','Третя Рота','Ти знаєш, як ото буває:
Грудень, війна, мобілізували -
Старший солдат Сосюра. - От так і записали.
Що сталося потім - навіть страшно розповісти.
Тіла падали на землю, їх зривало наче листя.
Алмазна й Дебальцеве - місця моєї слави,
Втоплені у крові, місця моїх комшарів.
Взагалі, я звісно, лірик, такий і позивний.
Але коли занесло у третій штурмовий,
Третій Гайдамацький - вриватись так вриватись!
Багнетом бий у шию! І не озиратись!
У солдата є наказ. Сльози - будуть потім.
І дивиться Донбас, як ти, в замерзшій рвоті
Зжався у окопі. І молишся Шевченку.
Да, Сосюра... От тобі й "к стєнкє".

Цей дощ не скінчиться ніколи! Ніколи!
Цей грім залунає: До бою! До бою!
Цей дощ ніколи не скінчиться!
Він жертиме нас, як дітей - вовчиця.
Він забиратиме сон і молодість.
Він заповнює усі полості...
Цей дощ нас з тобою обгризатиме, як кістку.
Юнкер-кавалер тут ґвалтуватиме курситску,
Молодий поет у крові знайде тут прихисток.
Цей дощ не про чистоту, а про етнічну чистку.
Цей дощ пахне прапором розірваним і битвою.
На "до та після" розрізає, він тебе, як бритвою.
Цей дощ забиратиме найкраще у найгіршого.
І на міль посадить він душу у найглибшого.
Все, що тут побачиш, ти не зможеш розказати.
"Третя Рота" - не щоденник, казка у форматі.
"Зима запахне кров′ю" - це дуже символічно.
Це ж не про кінцівки, що рубаєш методично.
Це ж не про зневіру і про зраду побратимів.
Про дурні накази, від яких півроти гине.
Війна за УНР - я ніколи не забуду!
Добре, що в майбутньому - такого більш не буде!

Цей дощ забирає нас, як набої...
Ти - лише тіло! Ти - лише зброя!
Кидай мертвих за борт! Кидай мертвих за борт!
Пускай під воду холодні тіла, замотані в шовк.
Мертві не знають клопоту. Не знають турбот.
Скидай прокажених у хвилі! Скидай зачумлених в ніч.
Сотні мертвих сердець... Сотні холодних облич,
Випалених лихоманкою, наче торф,
Вибілених тифом, ніби вапно.
Вкладай їхні голови до мішків і торб.
Кидай мертвих за борт! Їм тепер все одно!
Дякуй щедрим зорям, добрим часам!
Тривають довгі жнива, безтурботні дні...
Той, хто добуде тут до кінця, залишиться сам.
Краще йому не бачити те, що він бачитиме уві сні...

Цей дощ не скінчиться ніколи! Ніколи!
Цей грім залунає: До бою! До бою!
Цей дощ забирає нас, як набої...
Ти - лише тіло! Ти - лише зброя!');
INSERT OR REPLACE INTO song_links (id,song_id,title,url,kind,version_id,sort_order) VALUES ('pisniua_6507151_l1','pisniua_6507151','YouTube','https://www.youtube.com/watch?v=Ns5cW4Y1ONk','video',NULL,1);
INSERT OR REPLACE INTO songs (id,title,subtitle,lang,country,period,year,source,notes,lyrics,tags_json,lang_locked,status,created_at,updated_at) VALUES ('pisniua_650440','Пісня Мар''яни','Музика: Олена Карпенко Слова: Тарас Шевченко. Виконує: Олена Карпенко','uk','ukraine_1991',NULL,NULL,NULL,NULL,'Оддай мене, моя мамо,
Та не за старого,
Оддай мене, моє серце,
Та за молодого.

Оддай мене, оддай мене,
моя мамо,
Та й не за старого,
Оддай мене, оддай мене,
моє серце,
Та за молодого.

Нехай старий бурлакує,
Гроші заробляє,
А молодий мене любить,
Долі не шукає.

Приспів:
Його щастя,його доля -
Мої чорні брови,
Довгі вії, карі очі,
Ласкавеє слово.

Оддай мене, оддай мене,
моя мамо,
Та й не за старого,
Оддай мене, оддай мене,
моє серце,
Та за молодого.

Не шукає, не блукає
Чужими степами,
Має поле, має волю,
Та долі не має.

Приспів','["pisni.org.ua", "cat:suspilno-politychni", "Суспільно-політичні пісні"]',1,'published',COALESCE((SELECT created_at FROM songs WHERE id='pisniua_650440'), datetime('now')),datetime('now'));
INSERT OR REPLACE INTO songs_fts(song_id,title,lyrics) VALUES ('pisniua_650440','Пісня Мар''яни','Оддай мене, моя мамо,
Та не за старого,
Оддай мене, моє серце,
Та за молодого.

Оддай мене, оддай мене,
моя мамо,
Та й не за старого,
Оддай мене, оддай мене,
моє серце,
Та за молодого.

Нехай старий бурлакує,
Гроші заробляє,
А молодий мене любить,
Долі не шукає.

Приспів:
Його щастя,його доля -
Мої чорні брови,
Довгі вії, карі очі,
Ласкавеє слово.

Оддай мене, оддай мене,
моя мамо,
Та й не за старого,
Оддай мене, оддай мене,
моє серце,
Та за молодого.

Не шукає, не блукає
Чужими степами,
Має поле, має волю,
Та долі не має.

Приспів');
INSERT OR REPLACE INTO songs (id,title,subtitle,lang,country,period,year,source,notes,lyrics,tags_json,lang_locked,status,created_at,updated_at) VALUES ('pisniua_6507644','Темна війна','Музика: Катерина Корчинська (OBRANA) Слова: Катерина Корчинська (OBRANA)','uk','ukraine_1991',NULL,NULL,'аудіозапис',NULL,'Темно, мамо,
Не повернувся з цієї війни...
Але знай, мамо,
Я навесні завітаю у сни!..
Знай, мамо, я до кінця
Простояв у бою,
Розповідай всім історію мою!

Приспів:
Важка і темна війна
Залишає відкриті рани...
Не лікує ніхто їх здавна,
Бо не лікуються спогади мами...
Не лікуються спогади батьків,
Не лікуються спогади рідних...
Приєднатись у вирій пташок
Й полетіти до тебе, рідний!..
Важка й темна війна!.. | (2)

Темно, сину...
Без тебе темно і світла нема...
Важко, сину...
Як мені жити без тебе, дитя?..
Як жити всім матерям,
Коли діти пішли,
Залишивши спогади...
Спогади... Спогади...

Приспів.','["pisni.org.ua", "cat:nostalgia", "cat:pro-batkiv", "cat:pro-ditey", "cat:viyskovi", "Пісні з ностальгічними мотивами", "Пісні про любов до батьків", "Пісні про любов до дітей", "Пісні на військову тематику"]',1,'published',COALESCE((SELECT created_at FROM songs WHERE id='pisniua_6507644'), datetime('now')),datetime('now'));
INSERT OR REPLACE INTO songs_fts(song_id,title,lyrics) VALUES ('pisniua_6507644','Темна війна','Темно, мамо,
Не повернувся з цієї війни...
Але знай, мамо,
Я навесні завітаю у сни!..
Знай, мамо, я до кінця
Простояв у бою,
Розповідай всім історію мою!

Приспів:
Важка і темна війна
Залишає відкриті рани...
Не лікує ніхто їх здавна,
Бо не лікуються спогади мами...
Не лікуються спогади батьків,
Не лікуються спогади рідних...
Приєднатись у вирій пташок
Й полетіти до тебе, рідний!..
Важка й темна війна!.. | (2)

Темно, сину...
Без тебе темно і світла нема...
Важко, сину...
Як мені жити без тебе, дитя?..
Як жити всім матерям,
Коли діти пішли,
Залишивши спогади...
Спогади... Спогади...

Приспів.');
INSERT OR REPLACE INTO song_links (id,song_id,title,url,kind,version_id,sort_order) VALUES ('pisniua_6507644_l1','pisniua_6507644','YouTube','https://www.youtube.com/watch?v=d5B0JbEaark','video',NULL,1);
INSERT OR REPLACE INTO songs (id,title,subtitle,lang,country,period,year,source,notes,lyrics,tags_json,lang_locked,status,created_at,updated_at) VALUES ('pisniua_650879','Волинь','Музика: Олександр Смик Слова: Олександр Смик. Виконує: Чорні черешні','uk','ukraine_1991',NULL,NULL,NULL,NULL,'1.
У Данила-короля,
є похресниця Земля.
На Волинь опісля бою,
із дружиною гучною,
сам Данило йшов здаля.

Приспів:
Волинь - сто лісів, сто озер, сто доріг.
Волинь - із намиста пісень оберіг.
Волинь - коронована щедра земля,
від Данила короля.

2.
Українства тут колиска,
всі слов"яни із Полісся.
Лик Волинської ікони,
святить рід і мідні дзвони,
від Данила короля.

Приспів.

3.
Свято Храмове престольне,
просять княжича до столу.
Пишнотілі молодиці,
підливають медівниці -
тут думкам і серцю воля!

Приспів. (2)','["pisni.org.ua", "cat:volynski", "Пісні з Волині"]',1,'published',COALESCE((SELECT created_at FROM songs WHERE id='pisniua_650879'), datetime('now')),datetime('now'));
INSERT OR REPLACE INTO songs_fts(song_id,title,lyrics) VALUES ('pisniua_650879','Волинь','1.
У Данила-короля,
є похресниця Земля.
На Волинь опісля бою,
із дружиною гучною,
сам Данило йшов здаля.

Приспів:
Волинь - сто лісів, сто озер, сто доріг.
Волинь - із намиста пісень оберіг.
Волинь - коронована щедра земля,
від Данила короля.

2.
Українства тут колиска,
всі слов"яни із Полісся.
Лик Волинської ікони,
святить рід і мідні дзвони,
від Данила короля.

Приспів.

3.
Свято Храмове престольне,
просять княжича до столу.
Пишнотілі молодиці,
підливають медівниці -
тут думкам і серцю воля!

Приспів. (2)');
INSERT OR REPLACE INTO song_links (id,song_id,title,url,kind,version_id,sort_order) VALUES ('pisniua_650879_l1','pisniua_650879','YouTube','https://www.youtube.com/watch?v=bWbbJRBpZSQ','video',NULL,1);
INSERT OR REPLACE INTO songs (id,title,subtitle,lang,country,period,year,source,notes,lyrics,tags_json,lang_locked,status,created_at,updated_at) VALUES ('pisniua_650252','Алкоголь','(АЛКО голізм). Музика: Т.І.К. (Тік) Слова: Віктор Бронюк. Виконує: Т.І.К. (Тік)','uk','ukraine_before_1917',NULL,NULL,NULL,NULL,'5|-2-2--2--------5-5--5--------|
6|--------3-3--3--------5-5--5-|

Краще звучить, якщо усі акорди грати з баре

Бажання пити..., буває не завжди,
зранку охота напитись води.
Запах із рота, в желудку штіль,
а в голові шеберхає вчорашній хміль.

В думці лиш одне, - "Навіщо я бухав?"
І не пам''ятаю, навіть, з ким переспав.
Важко заспокоїти душевний боль,
коли печінку роз''їдає дешевий алкоголь.

Приспів:
Хтось скаже: "А де ж тут гуманізм?"
А люди хворіють на алкоголізм.
Стакан за стаканом в руки беруть
і п''ють, п''ють, п''ють, п''ють, п''ють...

Немає логіки в діяннях алкоголіка,
горілка і пиво, тихо, робить своє диво.
Пити так безбожно, більше не можна,
але хочеться жити, значить, треба пити...

Приспів.

Не знаю хто тут виграв, і не знаю хто програв.
Якщо не випив зранку, значить день пропав.
"Совєти" не построїли комунізм.
Бо в них не було сексу, - А був алкоголізм.

Приспів.','["pisni.org.ua", "cat:zhartivlyvi", "Жартівливі пісні"]',1,'published',COALESCE((SELECT created_at FROM songs WHERE id='pisniua_650252'), datetime('now')),datetime('now'));
INSERT OR REPLACE INTO songs_fts(song_id,title,lyrics) VALUES ('pisniua_650252','Алкоголь','5|-2-2--2--------5-5--5--------|
6|--------3-3--3--------5-5--5-|

Краще звучить, якщо усі акорди грати з баре

Бажання пити..., буває не завжди,
зранку охота напитись води.
Запах із рота, в желудку штіль,
а в голові шеберхає вчорашній хміль.

В думці лиш одне, - "Навіщо я бухав?"
І не пам''ятаю, навіть, з ким переспав.
Важко заспокоїти душевний боль,
коли печінку роз''їдає дешевий алкоголь.

Приспів:
Хтось скаже: "А де ж тут гуманізм?"
А люди хворіють на алкоголізм.
Стакан за стаканом в руки беруть
і п''ють, п''ють, п''ють, п''ють, п''ють...

Немає логіки в діяннях алкоголіка,
горілка і пиво, тихо, робить своє диво.
Пити так безбожно, більше не можна,
але хочеться жити, значить, треба пити...

Приспів.

Не знаю хто тут виграв, і не знаю хто програв.
Якщо не випив зранку, значить день пропав.
"Совєти" не построїли комунізм.
Бо в них не було сексу, - А був алкоголізм.

Приспів.');
INSERT OR REPLACE INTO song_links (id,song_id,title,url,kind,version_id,sort_order) VALUES ('pisniua_650252_l1','pisniua_650252','http://music.vkmonline.com/minusovki/minusfile/16449/%D0%A2%D0%98%D0%9A_%D0%A2%D0%86%D0%9A_%D0%90%D0%BB%D0%BA%D0%BE%D0%B3%D0%BE%D0%BB%D1%96%D0%B7%D0%BC','http://music.vkmonline.com/minusovki/minusfile/16449/%D0%A2%D0%98%D0%9A_%D0%A2%D0%86%D0%9A_%D0%90%D0%BB%D0%BA%D0%BE%D0%B3%D0%BE%D0%BB%D1%96%D0%B7%D0%BC','external',NULL,1);
INSERT OR REPLACE INTO songs (id,title,subtitle,lang,country,period,year,source,notes,lyrics,tags_json,lang_locked,status,created_at,updated_at) VALUES ('pisniua_6498797','Різдвяна пісенька',NULL,'uk','ukraine_1991',NULL,NULL,'аудіозапис',NULL,'Овечки, корівки,
Схиляючи голівки,
Приємно здивувались,
Що гості завітали.
Вони й самі не знали,    |
Не знали, не знали,      |
Кого собі прийняли,      |
Прийняли!..              |
Син Божий народився,     |
Щоб світ розвеселився!.. | (2)

Тут янголи співали
І спокій дарували
Малесенькій дитині
На запашному сіні.
І я також співаю,        |
Співаю, співаю,          |
Спасителя вітаю,         |
Вітаю!..                 |
Син Божий народився,     |
Щоб світ розвеселився!.. | (3)','["pisni.org.ua", "cat:suchasni-pisni-rizdvo", "Сучасні пісні про Різдвяні свята"]',1,'published',COALESCE((SELECT created_at FROM songs WHERE id='pisniua_6498797'), datetime('now')),datetime('now'));
INSERT OR REPLACE INTO songs_fts(song_id,title,lyrics) VALUES ('pisniua_6498797','Різдвяна пісенька','Овечки, корівки,
Схиляючи голівки,
Приємно здивувались,
Що гості завітали.
Вони й самі не знали,    |
Не знали, не знали,      |
Кого собі прийняли,      |
Прийняли!..              |
Син Божий народився,     |
Щоб світ розвеселився!.. | (2)

Тут янголи співали
І спокій дарували
Малесенькій дитині
На запашному сіні.
І я також співаю,        |
Співаю, співаю,          |
Спасителя вітаю,         |
Вітаю!..                 |
Син Божий народився,     |
Щоб світ розвеселився!.. | (3)');
INSERT OR REPLACE INTO song_links (id,song_id,title,url,kind,version_id,sort_order) VALUES ('pisniua_6498797_l1','pisniua_6498797','YouTube','https://www.youtube.com/watch?v=b8D9O1eK2dI','video',NULL,1);
INSERT OR REPLACE INTO song_links (id,song_id,title,url,kind,version_id,sort_order) VALUES ('pisniua_6498797_l2','pisniua_6498797','YouTube','https://www.youtube.com/watch?v=mZ-ZhvaGsL4','video',NULL,2);
INSERT OR REPLACE INTO songs (id,title,subtitle,lang,country,period,year,source,notes,lyrics,tags_json,lang_locked,status,created_at,updated_at) VALUES ('pisniua_6499695','Давай зустрінемо Різдво вдома','Музика: Наталія Могилевська Слова: Богдан Слутий, Наталія Могилевська','uk','ukraine_1991',NULL,NULL,'аудіозапис',NULL,'Приспів:
Давай зустрінемо Різдво вдома!
Давай зберемось за столом в коло!
Годинники дванадцять б''ють знову,
Давай зустрінемо Різдво вдома!

Як далеко ти від дому,
Ми не бачились сто років,
Забуваю я історії твої...
Як усіх нас розкидало,
Стало місця забагато,
Я сумую: чи повернешся чи ні?..
Знаю я, знаєш ти,
Наше бажання одне:

Приспів.

Годинники дванадцять б''ють знову,
Давай зустрінемо Різдво вдома!

Приспів. (2)

Годинники дванадцять б''ють знову,
Давай зустрінемо Різдво вдома!','["pisni.org.ua", "cat:devoted", "Пісні присвячені окремим особам"]',1,'published',COALESCE((SELECT created_at FROM songs WHERE id='pisniua_6499695'), datetime('now')),datetime('now'));
INSERT OR REPLACE INTO songs_fts(song_id,title,lyrics) VALUES ('pisniua_6499695','Давай зустрінемо Різдво вдома','Приспів:
Давай зустрінемо Різдво вдома!
Давай зберемось за столом в коло!
Годинники дванадцять б''ють знову,
Давай зустрінемо Різдво вдома!

Як далеко ти від дому,
Ми не бачились сто років,
Забуваю я історії твої...
Як усіх нас розкидало,
Стало місця забагато,
Я сумую: чи повернешся чи ні?..
Знаю я, знаєш ти,
Наше бажання одне:

Приспів.

Годинники дванадцять б''ють знову,
Давай зустрінемо Різдво вдома!

Приспів. (2)

Годинники дванадцять б''ють знову,
Давай зустрінемо Різдво вдома!');
INSERT OR REPLACE INTO song_links (id,song_id,title,url,kind,version_id,sort_order) VALUES ('pisniua_6499695_l1','pisniua_6499695','YouTube','https://www.youtube.com/watch?v=FRcquw6ook8','video',NULL,1);
INSERT OR REPLACE INTO songs (id,title,subtitle,lang,country,period,year,source,notes,lyrics,tags_json,lang_locked,status,created_at,updated_at) VALUES ('pisniua_6499075','Новий рік!','Музика: Оксана Пічугіна Слова: Оксана Пічугіна','uk','ukraine_1991',NULL,NULL,'аудіозапис',NULL,'Ось і зимонька настала,
Новий рік! Новий рік!
Свято нам подарувала -
Новий рік! Новий рік!

Приспів:
Заспіваймо пісню дзвінко,
Хай почують нас усі!
І прикрашена ялинка
Сяє у своїй красі!

За вікном сніжок кружляє,
Новий рік! Новий рік!
А у залі сміх лунає,
Новий рік! Новий рік!

Приспів.

Ось яке чудове свято -
Новий рік! Новий рік!
Подаруночків багато,
Новий рік! Новий рік!

Приспів.','["pisni.org.ua", "cat:new-year", "Пісні про Новий Рік"]',1,'published',COALESCE((SELECT created_at FROM songs WHERE id='pisniua_6499075'), datetime('now')),datetime('now'));
INSERT OR REPLACE INTO songs_fts(song_id,title,lyrics) VALUES ('pisniua_6499075','Новий рік!','Ось і зимонька настала,
Новий рік! Новий рік!
Свято нам подарувала -
Новий рік! Новий рік!

Приспів:
Заспіваймо пісню дзвінко,
Хай почують нас усі!
І прикрашена ялинка
Сяє у своїй красі!

За вікном сніжок кружляє,
Новий рік! Новий рік!
А у залі сміх лунає,
Новий рік! Новий рік!

Приспів.

Ось яке чудове свято -
Новий рік! Новий рік!
Подаруночків багато,
Новий рік! Новий рік!

Приспів.');
INSERT OR REPLACE INTO song_links (id,song_id,title,url,kind,version_id,sort_order) VALUES ('pisniua_6499075_l1','pisniua_6499075','YouTube','https://www.youtube.com/watch?v=ime3FqA1eN0','video',NULL,1);
INSERT OR REPLACE INTO song_links (id,song_id,title,url,kind,version_id,sort_order) VALUES ('pisniua_6499075_l2','pisniua_6499075','YouTube','https://www.youtube.com/watch?v=hJkEBQO_rpQ','video',NULL,2);
INSERT OR REPLACE INTO songs (id,title,subtitle,lang,country,period,year,source,notes,lyrics,tags_json,lang_locked,status,created_at,updated_at) VALUES ('pisniua_6511991','Спогади','Музика: Vladyslav Kudii Слова: Maksym BURLA','uk','ukraine_1991',NULL,NULL,'аудіозапис',NULL,'Птахи наспівали сумними мелодіями,
Зверху разом з зірками
Степом широким пронісся звук смерті,
Землю вкривши сльозами...
В церквах погасли свічки
І диявол радіє, вкрившись гріхами,
Кровавлені руки згорнуть до себе
І вкриють, як брами...
Тепер розумієш наскільки
Важливо цінити сьогодні!..
Завтра ті руки, що гріли ночами,
Можуть бути холодні...
По-справжньому ціниш тоді,
Коли втратив, в ночі темні, самотні,
Заплакані очі відпустять сльозу
По обличчю, скотившись в безодню...
І може не разом сьогодні,
Але моє серце з тобою,
І я б все віддав, щоб ми поряд
Почули шуми прибою,
І линуть по вітру рядки про кохання
Тобі, як звуки набоїв,
Ти на щиті, а я на колінах перед тобою...

Приспів:
Живи тут і зараз, не губи момент,
З тисяч повідомлень важливі лиш,
Обійми мене в телеграм, мама!..
Втрачені дні, але не спогади...
Не повернути час, коли зустрінемось,
Знає лиш Бог один...
Не губи момент,
З тисяч повідомлень важливі лиш,
Обійми мене в телеграм, мама!..
Втрачені дні, але не спогади...
Не повернути час, коли зустрінемось,
Знає лиш Бог один...

Закрити б очі від сонця просто руками,
Згадати теплі вечори,
Колись поруч з батьками,
Про цінність часу, ніколи не віримо,
На відстані ми розумієм і зараз лиш мріємо...
І все, що змінила нам доля,
Далеко не випадковість
Десь я жалкую, десь я втрачаю
І щось я отримав натомість,
Я знаю, що жити надією, вірити,
Нам далеко непросто,
Ми - українці і в темні часи
За світле майбутнє піднімемо тости!..

Приспів.','["pisni.org.ua", "cat:ato", "cat:pro-ditey", "cat:zahalni-cinnosti", "Пісні російсько-української війни та АТО", "Пісні про любов до дітей", "Пісні про загальнолюдські цінності"]',1,'published',COALESCE((SELECT created_at FROM songs WHERE id='pisniua_6511991'), datetime('now')),datetime('now'));
INSERT OR REPLACE INTO songs_fts(song_id,title,lyrics) VALUES ('pisniua_6511991','Спогади','Птахи наспівали сумними мелодіями,
Зверху разом з зірками
Степом широким пронісся звук смерті,
Землю вкривши сльозами...
В церквах погасли свічки
І диявол радіє, вкрившись гріхами,
Кровавлені руки згорнуть до себе
І вкриють, як брами...
Тепер розумієш наскільки
Важливо цінити сьогодні!..
Завтра ті руки, що гріли ночами,
Можуть бути холодні...
По-справжньому ціниш тоді,
Коли втратив, в ночі темні, самотні,
Заплакані очі відпустять сльозу
По обличчю, скотившись в безодню...
І може не разом сьогодні,
Але моє серце з тобою,
І я б все віддав, щоб ми поряд
Почули шуми прибою,
І линуть по вітру рядки про кохання
Тобі, як звуки набоїв,
Ти на щиті, а я на колінах перед тобою...

Приспів:
Живи тут і зараз, не губи момент,
З тисяч повідомлень важливі лиш,
Обійми мене в телеграм, мама!..
Втрачені дні, але не спогади...
Не повернути час, коли зустрінемось,
Знає лиш Бог один...
Не губи момент,
З тисяч повідомлень важливі лиш,
Обійми мене в телеграм, мама!..
Втрачені дні, але не спогади...
Не повернути час, коли зустрінемось,
Знає лиш Бог один...

Закрити б очі від сонця просто руками,
Згадати теплі вечори,
Колись поруч з батьками,
Про цінність часу, ніколи не віримо,
На відстані ми розумієм і зараз лиш мріємо...
І все, що змінила нам доля,
Далеко не випадковість
Десь я жалкую, десь я втрачаю
І щось я отримав натомість,
Я знаю, що жити надією, вірити,
Нам далеко непросто,
Ми - українці і в темні часи
За світле майбутнє піднімемо тости!..

Приспів.');
INSERT OR REPLACE INTO song_links (id,song_id,title,url,kind,version_id,sort_order) VALUES ('pisniua_6511991_l1','pisniua_6511991','YouTube','https://www.youtube.com/watch?v=lw4XIvgxdio','video',NULL,1);
INSERT OR REPLACE INTO songs (id,title,subtitle,lang,country,period,year,source,notes,lyrics,tags_json,lang_locked,status,created_at,updated_at) VALUES ('pisniua_6507454','Вавилон','Музика: YARMAK Слова: YARMAK','uk','ukraine_1991',NULL,NULL,'аудіозапис',NULL,'Нам даровано сад і стежок міріади,
Кожен атом - мистецтво, рай
Смарагдових вод, та є ті, хто радіють,
Запускаючи Шахед в дитячу кімнату. -
Просто помилка Бога, недописаний код,
І отримавши тіло, найвеличніше витвір
Для діла, в світі скрипок і скриптів,
Воно тягне радянське весло за півсвіту
Від дому, ще з народження озвіріле спрагло
Живиться кров''ю, просто істинне зло.
Нагороджений чарами, сплітати любов і акорди,
Я пірнаю в цей сюр, коли б міг будувати життя,
Бо якщо не ми, то нас всіх вб''ють
Ці ординські морди. Наш світ знову зламався,
Ми - нові інженери буття!..

Приспів:
За териконами сонце встає,       |
Світ дає переконаним взяти своє. |
Вже горить Вавилон,              |
А ми в лавах з мечем,            |
Бо запеклих вогонь не пече!      | (2)

Не пече!.. Вогонь не пече!..

Уран народу тут, де дух міцніше вічних руд,
В містах бруківка і тваринний бруд,
Якщо ти - шлаку пуд, то не збагатять кошти.
Ми стрижні, що світу дають вічнопотужний
Поштовх! Горді і вперті не бояться смерті!
Страшно, якщо знову два береги будуть роздерті,
Вчинки героїв - стерті, діти - колонізовані.
Краще йти в бій в зграї вовків,
А не колоні з "оленів"! Раби знедолені
Пірнають в Тису. Ми виринаємо у лаві, копоті,
Імлі! З підземних шахт невпинно лізуть біси,
Тілами кращих ми зшиваєм тріщину Землі...

Приспів.

За териконами!..
Горить Вавилон, а ми
Під небесними кронами
Стоїмо легіонами!..

Приспів.','["pisni.org.ua", "cat:ato", "cat:devoted", "cat:viyskovi", "cat:zahalni-cinnosti", "Пісні російсько-української війни та АТО", "Пісні присвячені окремим особам", "Пісні на військову тематику", "Пісні про загальнолюдські цінності"]',1,'published',COALESCE((SELECT created_at FROM songs WHERE id='pisniua_6507454'), datetime('now')),datetime('now'));
INSERT OR REPLACE INTO songs_fts(song_id,title,lyrics) VALUES ('pisniua_6507454','Вавилон','Нам даровано сад і стежок міріади,
Кожен атом - мистецтво, рай
Смарагдових вод, та є ті, хто радіють,
Запускаючи Шахед в дитячу кімнату. -
Просто помилка Бога, недописаний код,
І отримавши тіло, найвеличніше витвір
Для діла, в світі скрипок і скриптів,
Воно тягне радянське весло за півсвіту
Від дому, ще з народження озвіріле спрагло
Живиться кров''ю, просто істинне зло.
Нагороджений чарами, сплітати любов і акорди,
Я пірнаю в цей сюр, коли б міг будувати життя,
Бо якщо не ми, то нас всіх вб''ють
Ці ординські морди. Наш світ знову зламався,
Ми - нові інженери буття!..

Приспів:
За териконами сонце встає,       |
Світ дає переконаним взяти своє. |
Вже горить Вавилон,              |
А ми в лавах з мечем,            |
Бо запеклих вогонь не пече!      | (2)

Не пече!.. Вогонь не пече!..

Уран народу тут, де дух міцніше вічних руд,
В містах бруківка і тваринний бруд,
Якщо ти - шлаку пуд, то не збагатять кошти.
Ми стрижні, що світу дають вічнопотужний
Поштовх! Горді і вперті не бояться смерті!
Страшно, якщо знову два береги будуть роздерті,
Вчинки героїв - стерті, діти - колонізовані.
Краще йти в бій в зграї вовків,
А не колоні з "оленів"! Раби знедолені
Пірнають в Тису. Ми виринаємо у лаві, копоті,
Імлі! З підземних шахт невпинно лізуть біси,
Тілами кращих ми зшиваєм тріщину Землі...

Приспів.

За териконами!..
Горить Вавилон, а ми
Під небесними кронами
Стоїмо легіонами!..

Приспів.');
INSERT OR REPLACE INTO song_links (id,song_id,title,url,kind,version_id,sort_order) VALUES ('pisniua_6507454_l1','pisniua_6507454','YouTube','https://www.youtube.com/watch?v=meTzAtXIwuM','video',NULL,1);
INSERT OR REPLACE INTO songs (id,title,subtitle,lang,country,period,year,source,notes,lyrics,tags_json,lang_locked,status,created_at,updated_at) VALUES ('pisniua_650144','Козацький марш','Музика: Дан Берест Слова: Дан Берест','uk','ukraine_1991',NULL,NULL,'Авторське подання',NULL,'Встаньмо разом непохитно,
Козаченьки - браття,
Ворогам не подолати
Нашого завзяття.
Встаньмо разом з праотцями
В справі обопільній,
Щоби неньці-Україні
Вічно бути вільній.
Встаньмо, щоб орда ворожа
Назавжди назнала,
Що то є козацька доблесть
І козацька слава.
Славу лицарську - козацьку
Не зганьбили зроду,
Бо немає переводу
Козацькому роду.','["pisni.org.ua", "cat:himny-marshi", "cat:patriotic", "Гимни та марші", "Патріотичні пісні"]',1,'published',COALESCE((SELECT created_at FROM songs WHERE id='pisniua_650144'), datetime('now')),datetime('now'));
INSERT OR REPLACE INTO songs_fts(song_id,title,lyrics) VALUES ('pisniua_650144','Козацький марш','Встаньмо разом непохитно,
Козаченьки - браття,
Ворогам не подолати
Нашого завзяття.
Встаньмо разом з праотцями
В справі обопільній,
Щоби неньці-Україні
Вічно бути вільній.
Встаньмо, щоб орда ворожа
Назавжди назнала,
Що то є козацька доблесть
І козацька слава.
Славу лицарську - козацьку
Не зганьбили зроду,
Бо немає переводу
Козацькому роду.');
INSERT OR REPLACE INTO song_links (id,song_id,title,url,kind,version_id,sort_order) VALUES ('pisniua_650144_l1','pisniua_650144','YouTube','https://www.youtube.com/watch?v=FuZ2pBShKEg','video',NULL,1);
INSERT OR REPLACE INTO songs (id,title,subtitle,lang,country,period,year,source,notes,lyrics,tags_json,lang_locked,status,created_at,updated_at) VALUES ('pisniua_6513477','Файдулі-Фай','Українська народна пісня','uk','ukraine_before_1917',NULL,NULL,'аудіозапис',NULL,'Na cmentarzu wіelkіe krzykі,
Файдулі, файдулі, фай!
Там сі бавлят небожчики     |
Файдулі, файдулі, фай!      | (2)

Йду до вуя, мовит вуйо
Файдулі, файдулі, фай!
Як сі маєш, старий майстер? |
Файдулі, файдулі, фай!      | (2)

Моя цьоця є фраєрка
Файдулі, файдулі, фай!
Вона дає за цукерка!        |
Файдулі, файдулі, фай!      | (2)

Моя цьоця файна була
Файдулі, файдулі, фай!
Тому дала та й забула!      |
Файдулі, файдулі, фай!      | (2)

Фай-фай!

На уліце Коперніка
Файдулі, файдулі, фай!
Била баба чоловіка!         |
Файдулі, файдулі, фай!      | (2)

На уліце Перве Мая
Файдулі, файдулі, фай!
Била баба поліцая!          |
Файдулі, файдулі, фай!      | (2)

Раз по писку — два по яях,
Файдулі, файдулі, фай!
Так сі біє поліцая!         |
Файдулі, файдулі, фай!      | (2)

Na cmentarzu wіelkіe krzykі,
Файдулі, файдулі, фай!
Там сі бавлят небожчики     |
Файдулі, файдулі, фай!      | (3)','["pisni.org.ua", "cat:kolomyyky", "Коломийки"]',1,'published',COALESCE((SELECT created_at FROM songs WHERE id='pisniua_6513477'), datetime('now')),datetime('now'));
INSERT OR REPLACE INTO songs_fts(song_id,title,lyrics) VALUES ('pisniua_6513477','Файдулі-Фай','Na cmentarzu wіelkіe krzykі,
Файдулі, файдулі, фай!
Там сі бавлят небожчики     |
Файдулі, файдулі, фай!      | (2)

Йду до вуя, мовит вуйо
Файдулі, файдулі, фай!
Як сі маєш, старий майстер? |
Файдулі, файдулі, фай!      | (2)

Моя цьоця є фраєрка
Файдулі, файдулі, фай!
Вона дає за цукерка!        |
Файдулі, файдулі, фай!      | (2)

Моя цьоця файна була
Файдулі, файдулі, фай!
Тому дала та й забула!      |
Файдулі, файдулі, фай!      | (2)

Фай-фай!

На уліце Коперніка
Файдулі, файдулі, фай!
Била баба чоловіка!         |
Файдулі, файдулі, фай!      | (2)

На уліце Перве Мая
Файдулі, файдулі, фай!
Била баба поліцая!          |
Файдулі, файдулі, фай!      | (2)

Раз по писку — два по яях,
Файдулі, файдулі, фай!
Так сі біє поліцая!         |
Файдулі, файдулі, фай!      | (2)

Na cmentarzu wіelkіe krzykі,
Файдулі, файдулі, фай!
Там сі бавлят небожчики     |
Файдулі, файдулі, фай!      | (3)');
INSERT OR REPLACE INTO song_links (id,song_id,title,url,kind,version_id,sort_order) VALUES ('pisniua_6513477_l1','pisniua_6513477','YouTube','https://www.youtube.com/watch?v=FlOPlZJ31SQ','video',NULL,1);
INSERT OR REPLACE INTO songs (id,title,subtitle,lang,country,period,year,source,notes,lyrics,tags_json,lang_locked,status,created_at,updated_at) VALUES ('pisniua_651195','Не йди, лишись, побудь за мною','Слова: М.Пойгін, Анатолій Присяжнюк','uk','ukraine_1991',NULL,NULL,'М.Пойгин. Не уходи, побудь со мною. "Ці невигадливі, зворушливі слова... (переклад з рос. лірики ХІХ-ХХ ст). А.Присяжнюк',NULL,'Не йди, лишись, побудь зі мною,
Тут і відрада, і тепло.
Я зацілую із жагою
Вуста і очі, і чоло.

Не залишай, побудь зі мною,
Я так давно тебе люблю,
Тебе жагою вогняною
І обпечу, і утомлю.

Не йди... не йди, побудь зі мною -
Не стлумить серденько жади!, -
Кохання жар нас жде з тобою,
Не залишай мене, не йди!','["pisni.org.ua", "cat:romansy", "Романси"]',1,'published',COALESCE((SELECT created_at FROM songs WHERE id='pisniua_651195'), datetime('now')),datetime('now'));
INSERT OR REPLACE INTO songs_fts(song_id,title,lyrics) VALUES ('pisniua_651195','Не йди, лишись, побудь за мною','Не йди, лишись, побудь зі мною,
Тут і відрада, і тепло.
Я зацілую із жагою
Вуста і очі, і чоло.

Не залишай, побудь зі мною,
Я так давно тебе люблю,
Тебе жагою вогняною
І обпечу, і утомлю.

Не йди... не йди, побудь зі мною -
Не стлумить серденько жади!, -
Кохання жар нас жде з тобою,
Не залишай мене, не йди!');
INSERT OR REPLACE INTO songs (id,title,subtitle,lang,country,period,year,source,notes,lyrics,tags_json,lang_locked,status,created_at,updated_at) VALUES ('pisniua_6510644','Останній раз','Музика: Mihaylo Melkumyan, Mykhailo Klymenko Слова: Andriy Dutchak, Mykhailo Klymenko, Oleh Psiuk, Ivan Klymenko','uk','ukraine_1991',NULL,NULL,'аудіозапис',NULL,'Приспів:
Останній раз закурю і кину,        |
Останній раз піду, та не покину... |
Останній раз без тебе засну,       |
Та не останній раз скажу тобі,     |
Як сильно!..                       | (2)

Давно я не казав тобі
Романтичних слів,
Кудись постійно лечу,
Цей світ неначе здурів...
Я тут, а ти там,
Вдома чекаєш на мене,
Я бережу ці всі слова для тебе!..
В останній час я розумію,
Що ти бережеш мій сон,
Все інше тільки фон...
Повільно, пробиваючи бетон,
Весна вже за вікном
Розкриє листя крон...

Приспів.

І знову мене сліпить,
Так сліпить,
Ця спроба, ніби це сніпет.
Я знаю, що всі ці дні сьогодні -
Для майбутнього зліпок.
Кажуть, спокій в теплі,
Но не в чужому сідлі,
А ресентименти одні в западні,
Якщо не проскіпав.
Я чув, що демон емансипацій,
І тема чужих фрустрацій.
Буде в нас до перших станцій,
Ця станція - весна!
Я не раз час шукав,
Але мене час кидав...

Приспів.

Останній раз... Останній...','["pisni.org.ua", "cat:devoted", "Пісні присвячені окремим особам"]',1,'published',COALESCE((SELECT created_at FROM songs WHERE id='pisniua_6510644'), datetime('now')),datetime('now'));
INSERT OR REPLACE INTO songs_fts(song_id,title,lyrics) VALUES ('pisniua_6510644','Останній раз','Приспів:
Останній раз закурю і кину,        |
Останній раз піду, та не покину... |
Останній раз без тебе засну,       |
Та не останній раз скажу тобі,     |
Як сильно!..                       | (2)

Давно я не казав тобі
Романтичних слів,
Кудись постійно лечу,
Цей світ неначе здурів...
Я тут, а ти там,
Вдома чекаєш на мене,
Я бережу ці всі слова для тебе!..
В останній час я розумію,
Що ти бережеш мій сон,
Все інше тільки фон...
Повільно, пробиваючи бетон,
Весна вже за вікном
Розкриє листя крон...

Приспів.

І знову мене сліпить,
Так сліпить,
Ця спроба, ніби це сніпет.
Я знаю, що всі ці дні сьогодні -
Для майбутнього зліпок.
Кажуть, спокій в теплі,
Но не в чужому сідлі,
А ресентименти одні в западні,
Якщо не проскіпав.
Я чув, що демон емансипацій,
І тема чужих фрустрацій.
Буде в нас до перших станцій,
Ця станція - весна!
Я не раз час шукав,
Але мене час кидав...

Приспів.

Останній раз... Останній...');
INSERT OR REPLACE INTO song_links (id,song_id,title,url,kind,version_id,sort_order) VALUES ('pisniua_6510644_l1','pisniua_6510644','YouTube','https://www.youtube.com/watch?v=aTnAoDfokSE','video',NULL,1);
INSERT OR REPLACE INTO songs (id,title,subtitle,lang,country,period,year,source,notes,lyrics,tags_json,lang_locked,status,created_at,updated_at) VALUES ('pisniua_651454','У сусіда хата біла','Українська народна пісня. Виконує: Дмитро Гнатюк','uk','ukraine_before_1917',NULL,NULL,'1. Надав В. Лисенко; 2. Українські народні пісні. Редактор Г. Гембера. - К.: Держ. в-во образотворчого м-ва і муз. л-ри УРСР, 1960. - 376 с.',NULL,'У сусіда хата біла,
У сусіда жінка мила,
А у мене ні хатинки,       |
Нема щастя, нема жінки.    | (2)

Є у мене сусідонька —
Люба, мила дівчинонька,
Та не знаю, що робить,     |
Бо боюсь туди ходить.      | (2)

Сідлай, хлопче, вороного,
А собі бери другого,
Та поїдем погуляєм,        |
У сусіда побуваєм!         | (2)

"Будь здорова, сусідонько,
Люба, мила дівчинонько,
Ой яка ж ти гарнесенька,   |
Як сніжечок, білесенька!"  | (2)

"Годі, годі жартувати,
Ось іде і стара мати!"
"Ой здорова будь, матусю,  |
Я приїхав по Ганнусю!      | (2)

Ой здорова будь, матусю,
Я приїхав по Ганнусю,
Хочу буть тобі ріднею,     |
Ти будь ненькою моєю!"     |(2)','["pisni.org.ua", "cat:vesilni", "Весільні пісні"]',1,'published',COALESCE((SELECT created_at FROM songs WHERE id='pisniua_651454'), datetime('now')),datetime('now'));
INSERT OR REPLACE INTO songs_fts(song_id,title,lyrics) VALUES ('pisniua_651454','У сусіда хата біла','У сусіда хата біла,
У сусіда жінка мила,
А у мене ні хатинки,       |
Нема щастя, нема жінки.    | (2)

Є у мене сусідонька —
Люба, мила дівчинонька,
Та не знаю, що робить,     |
Бо боюсь туди ходить.      | (2)

Сідлай, хлопче, вороного,
А собі бери другого,
Та поїдем погуляєм,        |
У сусіда побуваєм!         | (2)

"Будь здорова, сусідонько,
Люба, мила дівчинонько,
Ой яка ж ти гарнесенька,   |
Як сніжечок, білесенька!"  | (2)

"Годі, годі жартувати,
Ось іде і стара мати!"
"Ой здорова будь, матусю,  |
Я приїхав по Ганнусю!      | (2)

Ой здорова будь, матусю,
Я приїхав по Ганнусю,
Хочу буть тобі ріднею,     |
Ти будь ненькою моєю!"     |(2)');
INSERT OR REPLACE INTO song_links (id,song_id,title,url,kind,version_id,sort_order) VALUES ('pisniua_651454_l1','pisniua_651454','YouTube','https://www.youtube.com/watch?v=AvWaWOJl4rM','video',NULL,1);
INSERT OR REPLACE INTO song_links (id,song_id,title,url,kind,version_id,sort_order) VALUES ('pisniua_651454_l2','pisniua_651454','YouTube','https://www.youtube.com/watch?v=WHq5ZfKL1Zg','video',NULL,2);
INSERT OR REPLACE INTO song_links (id,song_id,title,url,kind,version_id,sort_order) VALUES ('pisniua_651454_l3','pisniua_651454','YouTube','https://www.youtube.com/watch?v=WITWBtRRhK0','video',NULL,3);
INSERT OR REPLACE INTO song_links (id,song_id,title,url,kind,version_id,sort_order) VALUES ('pisniua_651454_l4','pisniua_651454','Переглянути варіанти >>','https://www.pisni.org.ua/#variants','external',NULL,4);
INSERT OR REPLACE INTO songs (id,title,subtitle,lang,country,period,year,source,notes,lyrics,tags_json,lang_locked,status,created_at,updated_at) VALUES ('pisniua_651491','Ангельськії співи','Українська народна пісня','uk','ukraine_before_1917',NULL,NULL,NULL,NULL,'Ангельськії співи в небесах звучать;
Радість утішіння мир вони дарять.
Нам родився Спаситель, дивне Немовля.
Всім Він Відкупитель, грішників як я.

Приспів:
Ангельськії співи в небесах звучать.
В них для всіх спасіння, мир і благодать.
Слава Богу в небі і мир на землі
Слава Богу в небі і мир на землі.
Амінь! Амінь!

У висотах неба слава й честь Тому
Хто страждав за грішних, що любили тьму.
Із глибин сердечних до небес ясних
Співи ллються щирі від Його святих.

Приспів.

Будемо любов''ю за любов платить
Тому Хто нас кров''ю спас; щоб вічно жить
Братові, що гине, руку подамо.
Не за користь й плату - вічність маємо.','["pisni.org.ua", "cat:cerkovni", "cat:christian", "cat:kolyadky", "Церковні пісні", "Пісні на християнську тематику", "Колядки"]',1,'published',COALESCE((SELECT created_at FROM songs WHERE id='pisniua_651491'), datetime('now')),datetime('now'));
INSERT OR REPLACE INTO songs_fts(song_id,title,lyrics) VALUES ('pisniua_651491','Ангельськії співи','Ангельськії співи в небесах звучать;
Радість утішіння мир вони дарять.
Нам родився Спаситель, дивне Немовля.
Всім Він Відкупитель, грішників як я.

Приспів:
Ангельськії співи в небесах звучать.
В них для всіх спасіння, мир і благодать.
Слава Богу в небі і мир на землі
Слава Богу в небі і мир на землі.
Амінь! Амінь!

У висотах неба слава й честь Тому
Хто страждав за грішних, що любили тьму.
Із глибин сердечних до небес ясних
Співи ллються щирі від Його святих.

Приспів.

Будемо любов''ю за любов платить
Тому Хто нас кров''ю спас; щоб вічно жить
Братові, що гине, руку подамо.
Не за користь й плату - вічність маємо.');
INSERT OR REPLACE INTO songs (id,title,subtitle,lang,country,period,year,source,notes,lyrics,tags_json,lang_locked,status,created_at,updated_at) VALUES ('pisniua_6512570','День народження','Музика: Оля Цибульська Слова: Оля Цибульська. Виконує: Оля Цибульська','uk','ukraine_before_1917',NULL,NULL,'аудіозапис',NULL,'А на погоду крутить нога,
Уже не персик, але ще не курага...

Я прокинулася зранку —
Ніби щось змінилось!
Що за день такий чудовий?
Йой! Я народилась!
Люблю свої гарні очі,
І личко красиве!
Дякую вам, мама й тато!
Цьом вам,
Збройні Сили!

Приспів:
Ла-ла-ла!
Плюс один я дожила!
Ла-ла-ла!
Вже доросла, не мала!
Ла-ла-ла!
Поруч друзі і сім''я!
Ла-ла-ла!
Старіють інші, але не я!

Я вберуся в файну сукню,
Взую черевики.
З кожним роком тільки ліпша,
Хай звучать музики!
Люблю свої гарні очі!
І личко красиве.
Дякую вам, мама з татом!
Цьом Вам,
Збройні Сили!

Приспів. (2)','["pisni.org.ua", "cat:socialno-pobutovi", "Соціально-побутові пісні"]',1,'published',COALESCE((SELECT created_at FROM songs WHERE id='pisniua_6512570'), datetime('now')),datetime('now'));
INSERT OR REPLACE INTO songs_fts(song_id,title,lyrics) VALUES ('pisniua_6512570','День народження','А на погоду крутить нога,
Уже не персик, але ще не курага...

Я прокинулася зранку —
Ніби щось змінилось!
Що за день такий чудовий?
Йой! Я народилась!
Люблю свої гарні очі,
І личко красиве!
Дякую вам, мама й тато!
Цьом вам,
Збройні Сили!

Приспів:
Ла-ла-ла!
Плюс один я дожила!
Ла-ла-ла!
Вже доросла, не мала!
Ла-ла-ла!
Поруч друзі і сім''я!
Ла-ла-ла!
Старіють інші, але не я!

Я вберуся в файну сукню,
Взую черевики.
З кожним роком тільки ліпша,
Хай звучать музики!
Люблю свої гарні очі!
І личко красиве.
Дякую вам, мама з татом!
Цьом Вам,
Збройні Сили!

Приспів. (2)');
INSERT OR REPLACE INTO song_links (id,song_id,title,url,kind,version_id,sort_order) VALUES ('pisniua_6512570_l1','pisniua_6512570','YouTube','https://www.youtube.com/watch?v=uziYtYocwn8','video',NULL,1);
INSERT OR REPLACE INTO songs (id,title,subtitle,lang,country,period,year,source,notes,lyrics,tags_json,lang_locked,status,created_at,updated_at) VALUES ('pisniua_6512879','Гуцулянка','Музика: Іван Попович Слова: Андрій Демиденко','uk','ukraine_before_1917',NULL,NULL,'аудіозапис',NULL,'Гей, над плаєм, над високим
Розсипались зорі,
А під ними ген Карпати,
Смерекові гори!
Тут, на синіх полонинах
Квіти, мов корали,
Тут, у горах, моя любко,
Нам музики грали!
А я маю про що розказати,
Як не скажу, відтак не засну.
Я росла у зелених Карпатах
І я виділа справжню весну!
І вже навіть, єк сонце сідає,
То на серцю страшенно теплінь!
Бо я - твоя, гуцулянка,
А ти - мій леґінь!

Приспів:
Ой, гуцулко, гуцулянко,
Чічко прехороша,
Подарую тобі скрипку
Із струн Черемоша!
Ой, гуцулко, гуцулянко,
Будеш ти любити,
Я зроблю з відлунь Карпатських
Золоті трембіти!

Ой, зелені ви, гори, зелені,
Ще й високі до самих небес,
Всі горби у любов застелені,
І між вами спинєєси чєс...
А над дзворами ген вітер
У сопілку свище,
Ой, високая Говерла,
А кохання - вище!

Приспів. (2)','["pisni.org.ua", "cat:krasa-pryrody", "cat:lirychni", "Пісні про красу природи", "Пісні про кохання, ліричні"]',1,'published',COALESCE((SELECT created_at FROM songs WHERE id='pisniua_6512879'), datetime('now')),datetime('now'));
INSERT OR REPLACE INTO songs_fts(song_id,title,lyrics) VALUES ('pisniua_6512879','Гуцулянка','Гей, над плаєм, над високим
Розсипались зорі,
А під ними ген Карпати,
Смерекові гори!
Тут, на синіх полонинах
Квіти, мов корали,
Тут, у горах, моя любко,
Нам музики грали!
А я маю про що розказати,
Як не скажу, відтак не засну.
Я росла у зелених Карпатах
І я виділа справжню весну!
І вже навіть, єк сонце сідає,
То на серцю страшенно теплінь!
Бо я - твоя, гуцулянка,
А ти - мій леґінь!

Приспів:
Ой, гуцулко, гуцулянко,
Чічко прехороша,
Подарую тобі скрипку
Із струн Черемоша!
Ой, гуцулко, гуцулянко,
Будеш ти любити,
Я зроблю з відлунь Карпатських
Золоті трембіти!

Ой, зелені ви, гори, зелені,
Ще й високі до самих небес,
Всі горби у любов застелені,
І між вами спинєєси чєс...
А над дзворами ген вітер
У сопілку свище,
Ой, високая Говерла,
А кохання - вище!

Приспів. (2)');
INSERT OR REPLACE INTO song_links (id,song_id,title,url,kind,version_id,sort_order) VALUES ('pisniua_6512879_l1','pisniua_6512879','YouTube','https://www.youtube.com/watch?v=U9HxNS_jFbs','video',NULL,1);
INSERT OR REPLACE INTO songs (id,title,subtitle,lang,country,period,year,source,notes,lyrics,tags_json,lang_locked,status,created_at,updated_at) VALUES ('pisniua_6517959','З днем народження!','Музика: Марина Полончак Слова: Марина Полончак','uk','ukraine_1991',NULL,NULL,'аудіозапис',NULL,'Як багато побажань,
Планів і сподівань,
І сьогодні для тебе
Мільйони вітань!
Бо сьогодні твій день,
І хоч плюс тобі в вік,
Хай лиш радість приносить
Тобі кожен рік!

Приспів:
Ми вітаєм тебе
В твій народження день!
Побажаєм здоров''я
І веселих пісень!
Щоби щастя й добро
Жили в домі твоїм,
Бо коли ти радієш,
То нам добре усім!

Перегорнеш ти календар,
Посміхнешся щиро нам.
Хай в житті не буде місця
Ні тривогам, ні вітрам,
Щоби доля принесла
Море щастя і тепла,
А від близьких і друзів
Ці щирі слова!

Приспів. (2)','["pisni.org.ua", "cat:druzhba", "cat:zahalni-cinnosti", "Пісні про дружбу", "Пісні про загальнолюдські цінності"]',1,'published',COALESCE((SELECT created_at FROM songs WHERE id='pisniua_6517959'), datetime('now')),datetime('now'));
INSERT OR REPLACE INTO songs_fts(song_id,title,lyrics) VALUES ('pisniua_6517959','З днем народження!','Як багато побажань,
Планів і сподівань,
І сьогодні для тебе
Мільйони вітань!
Бо сьогодні твій день,
І хоч плюс тобі в вік,
Хай лиш радість приносить
Тобі кожен рік!

Приспів:
Ми вітаєм тебе
В твій народження день!
Побажаєм здоров''я
І веселих пісень!
Щоби щастя й добро
Жили в домі твоїм,
Бо коли ти радієш,
То нам добре усім!

Перегорнеш ти календар,
Посміхнешся щиро нам.
Хай в житті не буде місця
Ні тривогам, ні вітрам,
Щоби доля принесла
Море щастя і тепла,
А від близьких і друзів
Ці щирі слова!

Приспів. (2)');
INSERT OR REPLACE INTO song_links (id,song_id,title,url,kind,version_id,sort_order) VALUES ('pisniua_6517959_l1','pisniua_6517959','YouTube','https://www.youtube.com/watch?v=4W1h8jQBMjQ','video',NULL,1);
INSERT OR REPLACE INTO songs (id,title,subtitle,lang,country,period,year,source,notes,lyrics,tags_json,lang_locked,status,created_at,updated_at) VALUES ('pisniua_6515555','Поговори зі мною','Музика: Сергій Ярунський Слова: Маріанна Шутко','uk','ukraine_1991',NULL,NULL,'авторське подання',NULL,'Поговори зі мною, друже,
Я так сумую за тобою!..
Поговори! Ти також тужиш?..
Слова ти розділи зі мною!..

як ділиш з ближнім хліб і воду!..
Сорочку ворогу даєш!..
Тебе люблю я не за вроду,
Бо серце добре маєш теж!..

Поговори зі мною, чуєш?..
Поговори!.. Поговори!..
Словами ти мене цілуєш,
Лікуєш ти словами крик!..

Мовчання, що вже перестигло,
Як яблуко в саду одне...
До німоти я слів не звикну!..
Навіщо приручав мене?..
Навіщо приручав мене?..
Поговори!..

Поговори зі мною, чуєш?..
Поговори!.. Поговори!..
Словами ти мене цілуєш,
Лікуєш ти словами крик!..

Мовчання, що вже перестигло,
Як яблуко в саду одне...
До німоти я слів не звикну!..
Навіщо приручав мене?..    Serhi I Ko','["pisni.org.ua", "cat:druzhba", "Пісні про дружбу"]',1,'published',COALESCE((SELECT created_at FROM songs WHERE id='pisniua_6515555'), datetime('now')),datetime('now'));
INSERT OR REPLACE INTO songs_fts(song_id,title,lyrics) VALUES ('pisniua_6515555','Поговори зі мною','Поговори зі мною, друже,
Я так сумую за тобою!..
Поговори! Ти також тужиш?..
Слова ти розділи зі мною!..

як ділиш з ближнім хліб і воду!..
Сорочку ворогу даєш!..
Тебе люблю я не за вроду,
Бо серце добре маєш теж!..

Поговори зі мною, чуєш?..
Поговори!.. Поговори!..
Словами ти мене цілуєш,
Лікуєш ти словами крик!..

Мовчання, що вже перестигло,
Як яблуко в саду одне...
До німоти я слів не звикну!..
Навіщо приручав мене?..
Навіщо приручав мене?..
Поговори!..

Поговори зі мною, чуєш?..
Поговори!.. Поговори!..
Словами ти мене цілуєш,
Лікуєш ти словами крик!..

Мовчання, що вже перестигло,
Як яблуко в саду одне...
До німоти я слів не звикну!..
Навіщо приручав мене?..    Serhi I Ko');
INSERT OR REPLACE INTO song_links (id,song_id,title,url,kind,version_id,sort_order) VALUES ('pisniua_6515555_l1','pisniua_6515555','YouTube','https://www.youtube.com/watch?v=vS8wcNO3tcI','video',NULL,1);
INSERT OR REPLACE INTO songs (id,title,subtitle,lang,country,period,year,source,notes,lyrics,tags_json,lang_locked,status,created_at,updated_at) VALUES ('pisniua_6519348','Полька ''двадцять третя''','Українська народна пісня','uk','ukraine_before_1917',NULL,NULL,'аудіозапис','м. Миргород Пісню виконує Фольклорний ансамбль "Божичі" (альбом: Вік любиш - не налюбишся).','Пішла полька жито жать,  |
Та й забула серп узять,  | (2)

Серп узяла, хліб забула,
Та та полька дома була.

Пішла полька жито жать,  |
Та й забула серп узять,  | (2)

Серп узяла, хліб забула, |
Та та полька дома була.  | (2)

Пішла полька жито жать,  |
Та й забула серп узять,  | (2)

Серп узяла, хліб забула, |
Та та полька дома була.  | (2)','["pisni.org.ua", "cat:arkhiv-bozhychi", "Фольклорний архів анс. \"Божичі\""]',1,'published',COALESCE((SELECT created_at FROM songs WHERE id='pisniua_6519348'), datetime('now')),datetime('now'));
INSERT OR REPLACE INTO songs_fts(song_id,title,lyrics) VALUES ('pisniua_6519348','Полька ''двадцять третя''','Пішла полька жито жать,  |
Та й забула серп узять,  | (2)

Серп узяла, хліб забула,
Та та полька дома була.

Пішла полька жито жать,  |
Та й забула серп узять,  | (2)

Серп узяла, хліб забула, |
Та та полька дома була.  | (2)

Пішла полька жито жать,  |
Та й забула серп узять,  | (2)

Серп узяла, хліб забула, |
Та та полька дома була.  | (2)');
INSERT OR REPLACE INTO song_links (id,song_id,title,url,kind,version_id,sort_order) VALUES ('pisniua_6519348_l1','pisniua_6519348','YouTube','https://www.youtube.com/watch?v=Wll3HgJIdRY','video',NULL,1);
INSERT OR REPLACE INTO songs (id,title,subtitle,lang,country,period,year,source,notes,lyrics,tags_json,lang_locked,status,created_at,updated_at) VALUES ('pisniua_6524746','Меланка ходила','Українська народна пісня','uk','ukraine_before_1917',NULL,NULL,NULL,'Полтавська область, Кременчуцький район. Останні три рядки (А нам калач дайте, та не ламайте, та ціленький давайте) декламують, а не співають.','Меланка ходила,
Василька водила:
- Васильку, мій батько,
Пусти мене в хатку.

Я жита не жала,
Край столу стояла,
Золотий хрест держала,
Золоту кадільницю.

Кадійтеся, люди,
І вам добро буде!
Богу свічу ставте!

Речитатив:
А нам калач дайте,
Та не ламайте,
Та ціленький давайте!','["pisni.org.ua", "cat:shchedrivky", "Щедрівки"]',1,'published',COALESCE((SELECT created_at FROM songs WHERE id='pisniua_6524746'), datetime('now')),datetime('now'));
INSERT OR REPLACE INTO songs_fts(song_id,title,lyrics) VALUES ('pisniua_6524746','Меланка ходила','Меланка ходила,
Василька водила:
- Васильку, мій батько,
Пусти мене в хатку.

Я жита не жала,
Край столу стояла,
Золотий хрест держала,
Золоту кадільницю.

Кадійтеся, люди,
І вам добро буде!
Богу свічу ставте!

Речитатив:
А нам калач дайте,
Та не ламайте,
Та ціленький давайте!');
INSERT OR REPLACE INTO songs (id,title,subtitle,lang,country,period,year,source,notes,lyrics,tags_json,lang_locked,status,created_at,updated_at) VALUES ('pisniua_6518271','Гей, око Лада','Українська народна пісня','uk','ukraine_before_1917',NULL,NULL,'Ігри та пісні. Весняно-літня поезія трудового року.','Записано від Левицького у селі Ясень Рожнятівського району на Станіславщині. Відділ рукописів Інституту мистецтвознавства, фольклору та етнографії АН УРСР, фонд 14 — 5, одиниця зберігання 264, аркуш 44.','Гей, око Лада,
Леле Ладове,
Гей, око Ладове,
Ніч пропадає,
Бо око Лада
З води виходить,
Ладове свято
Нам приносить.
Гей, Ладо!

А ти, Перуне,
Отче над Ладом.
Гей, Перуне,
Дай дочекати
Ладе купала.
Гей, купала!

А кум і кума
У нашу хату.
Гей, кум і кума,
Солод ситити,
Медок хмелити.
Гей, кум і кумо,
Щоби і внукам
То пам''ятати
Гей, кум і кумо!','["pisni.org.ua", "cat:kupalski", "Купальські пісні"]',1,'published',COALESCE((SELECT created_at FROM songs WHERE id='pisniua_6518271'), datetime('now')),datetime('now'));
INSERT OR REPLACE INTO songs_fts(song_id,title,lyrics) VALUES ('pisniua_6518271','Гей, око Лада','Гей, око Лада,
Леле Ладове,
Гей, око Ладове,
Ніч пропадає,
Бо око Лада
З води виходить,
Ладове свято
Нам приносить.
Гей, Ладо!

А ти, Перуне,
Отче над Ладом.
Гей, Перуне,
Дай дочекати
Ладе купала.
Гей, купала!

А кум і кума
У нашу хату.
Гей, кум і кума,
Солод ситити,
Медок хмелити.
Гей, кум і кумо,
Щоби і внукам
То пам''ятати
Гей, кум і кумо!');
INSERT OR REPLACE INTO songs (id,title,subtitle,lang,country,period,year,source,notes,lyrics,tags_json,lang_locked,status,created_at,updated_at) VALUES ('pisniua_65144','Український лев','Музика: Віктор Морозов Слова: Василь Симоненко. Виконує: Віктор Морозов','uk','ukr_ssr_1919_1991',NULL,'1990','1. Аудіозапис; 2. Твоя пісня. Пісенник для молоді. Вип. 3. - К.: Музична Україна, 1990. - С. 102.','* Перехід у Dm. ** У відомому мені оригіналі аудіозапису 5 куплет не співається. *** В оригіналі виконується з C#m 12-string acoustic, Capo 4 fret. Текст та акорди перевірив Віктор Морозов (http://www.victormorozov.com); текст перевірений також за джерелом 2. У доданих файлах тональність оригінальна: C#m Підбір акордів: smash, bohdanko','1.
Бубнявіють думки, проростають словами,
Їх пагіння бринить у завихренні днів -
Цілий тиждень живу і ходжу між левами,   |
Недаремно ж і місто взивається - Львів.  |(2)

2.
Є міста - ренеґати, є просто байстрята,
Є леви, що мурликають, наче коти,
Божевільно байдуже облизують ґрати,      |
Ще й пишаються з власної сліпоти.        |(2)

3.
Але думать про них я сьогодні не хочу,
Бо мені, видно, трішечки повезло -
Я побачив у Львові Шашкевича очі,        |
Кривоносові плечі й Франкове чоло.       |(2)

4.*
Сивий Львове! Cтолице моєї мрії,
Епіцентре моїх радощів і надій,
Вибухає душа, — я тебе розумію,          |
Але, Львове, хоч трішки мене розумій!    |(2)

5.**
Я до тебе прийшов із захопленням сина
Од степів, де Славута легенди снує,
Щоби серце твоє одчайдушно левине        |
Краплю сили вдихнуло у серце моє.        |(2)
Акорди:***
Вступ:
Am Asus2 Am F G E  (2)
Am Asus2

Бубняві_ ють думки, пророста_ ють словами
С  F     G                  C
Їх пагіння бринить у завихренні днів -
Цілий тиждень живу і ходжу між левами,  |(2)
Недаремно ж і місто взивається Львів.   |','["pisni.org.ua", "cat:bardivski", "cat:lviv", "Бардівські пісні", "Пісні про Львів"]',1,'published',COALESCE((SELECT created_at FROM songs WHERE id='pisniua_65144'), datetime('now')),datetime('now'));
INSERT OR REPLACE INTO songs_fts(song_id,title,lyrics) VALUES ('pisniua_65144','Український лев','1.
Бубнявіють думки, проростають словами,
Їх пагіння бринить у завихренні днів -
Цілий тиждень живу і ходжу між левами,   |
Недаремно ж і місто взивається - Львів.  |(2)

2.
Є міста - ренеґати, є просто байстрята,
Є леви, що мурликають, наче коти,
Божевільно байдуже облизують ґрати,      |
Ще й пишаються з власної сліпоти.        |(2)

3.
Але думать про них я сьогодні не хочу,
Бо мені, видно, трішечки повезло -
Я побачив у Львові Шашкевича очі,        |
Кривоносові плечі й Франкове чоло.       |(2)

4.*
Сивий Львове! Cтолице моєї мрії,
Епіцентре моїх радощів і надій,
Вибухає душа, — я тебе розумію,          |
Але, Львове, хоч трішки мене розумій!    |(2)

5.**
Я до тебе прийшов із захопленням сина
Од степів, де Славута легенди снує,
Щоби серце твоє одчайдушно левине        |
Краплю сили вдихнуло у серце моє.        |(2)
Акорди:***
Вступ:
Am Asus2 Am F G E  (2)
Am Asus2

Бубняві_ ють думки, пророста_ ють словами
С  F     G                  C
Їх пагіння бринить у завихренні днів -
Цілий тиждень живу і ходжу між левами,  |(2)
Недаремно ж і місто взивається Львів.   |');
INSERT OR REPLACE INTO song_links (id,song_id,title,url,kind,version_id,sort_order) VALUES ('pisniua_65144_l1','pisniua_65144','YouTube','https://www.youtube.com/watch?v=xDdwaNxrmfg','video',NULL,1);
INSERT OR REPLACE INTO songs (id,title,subtitle,lang,country,period,year,source,notes,lyrics,tags_json,lang_locked,status,created_at,updated_at) VALUES ('pisniua_6517695','Свято Пасхи','Музика: Оксана Пічугіна Слова: Оксана Пічугіна','uk','ukraine_1991',NULL,NULL,'аудіозапис',NULL,'Ми до свята готувались,
В хаті підмели,
Іграшки поприбирали,
Пасочки спекли!

Приспів:
Паска на столі,
Крашанки малі,
Свято на усій землі!

Ось настав
Цей день святковий,
Янголи з небес
Сповістили всіх навколо,
Що Христос воскрес!

Приспів.

Хай же пісню цю почують
Гори і лани!
Дай же, Боже, всім нам жити
В мирі, без війни!

Приспів. (2)','["pisni.org.ua", "cat:voskresni", "Воскресні пісні"]',1,'published',COALESCE((SELECT created_at FROM songs WHERE id='pisniua_6517695'), datetime('now')),datetime('now'));
INSERT OR REPLACE INTO songs_fts(song_id,title,lyrics) VALUES ('pisniua_6517695','Свято Пасхи','Ми до свята готувались,
В хаті підмели,
Іграшки поприбирали,
Пасочки спекли!

Приспів:
Паска на столі,
Крашанки малі,
Свято на усій землі!

Ось настав
Цей день святковий,
Янголи з небес
Сповістили всіх навколо,
Що Христос воскрес!

Приспів.

Хай же пісню цю почують
Гори і лани!
Дай же, Боже, всім нам жити
В мирі, без війни!

Приспів. (2)');
INSERT OR REPLACE INTO song_links (id,song_id,title,url,kind,version_id,sort_order) VALUES ('pisniua_6517695_l1','pisniua_6517695','YouTube','https://www.youtube.com/watch?v=wKyS0gyxyZs','video',NULL,1);
INSERT OR REPLACE INTO song_links (id,song_id,title,url,kind,version_id,sort_order) VALUES ('pisniua_6517695_l2','pisniua_6517695','YouTube','https://www.youtube.com/watch?v=1nz0Ap_G2FE','video',NULL,2);
INSERT OR REPLACE INTO songs (id,title,subtitle,lang,country,period,year,source,notes,lyrics,tags_json,lang_locked,status,created_at,updated_at) VALUES ('pisniua_6516348','Про блудного сина','Українська народна пісня. Виконує: Божичі','uk','ukraine_before_1917',NULL,NULL,'аудіозапис','с. Богуслав Павлоградського р-ну Дніпропетровської обл.','Боже мой і Боже мой,
Вічная моя любов.
Ти прейди, любезний синку,
Ти прейди, дитя моє.

Ти прейди, (мій) любезний синку,
Ти прейди, дитя моє,
Всьо готово для тебе.

Не тіряй своє сомнєння,
Що провів своє імення,
Я увижу іздалєча,
Сам прейду к тібє на встрєчу.

Винесу тібє одєжду,
На руку перстінь златой.
Сапоги нові одєну й
Поведу к сібє домой.

По чужим странам шатався,
Свинним кормом он питався,
Як настав великий глад -
Сам прийшов к отцу назад.

Веселітесь, мої друзі,
Моїй радості большой,
Що заблудший син вернувся,
Сам прийшов к отцу домой.','["pisni.org.ua", "cat:arkhiv-bozhychi", "Фольклорний архів анс. \"Божичі\""]',1,'published',COALESCE((SELECT created_at FROM songs WHERE id='pisniua_6516348'), datetime('now')),datetime('now'));
INSERT OR REPLACE INTO songs_fts(song_id,title,lyrics) VALUES ('pisniua_6516348','Про блудного сина','Боже мой і Боже мой,
Вічная моя любов.
Ти прейди, любезний синку,
Ти прейди, дитя моє.

Ти прейди, (мій) любезний синку,
Ти прейди, дитя моє,
Всьо готово для тебе.

Не тіряй своє сомнєння,
Що провів своє імення,
Я увижу іздалєча,
Сам прейду к тібє на встрєчу.

Винесу тібє одєжду,
На руку перстінь златой.
Сапоги нові одєну й
Поведу к сібє домой.

По чужим странам шатався,
Свинним кормом он питався,
Як настав великий глад -
Сам прийшов к отцу назад.

Веселітесь, мої друзі,
Моїй радості большой,
Що заблудший син вернувся,
Сам прийшов к отцу домой.');
INSERT OR REPLACE INTO song_links (id,song_id,title,url,kind,version_id,sort_order) VALUES ('pisniua_6516348_l1','pisniua_6516348','YouTube','https://www.youtube.com/watch?v=zpgX0BPyURI','video',NULL,1);
INSERT OR REPLACE INTO songs (id,title,subtitle,lang,country,period,year,source,notes,lyrics,tags_json,lang_locked,status,created_at,updated_at) VALUES ('pisniua_65252','Ой летіли дикі гуси','Музика: Ігор Поклад Слова: Юрій Рибчинський. Виконує: Ніна Матвієнко, Руслана, Тамара Міансарова, Лідія Відаш','uk','ukraine_before_1917',NULL,NULL,'Співаник тернопільського туристичного клубу "Кристал"',NULL,'Ой, летіли дикі гуси,
Ой летіли у неділю дощову.
Впало пір''я на подвір''я,
Закотилось, як повір''я, у траву.

Ой, летіли дикі гуси,
Ой, летіли дикі гуси через ліс.
Не кажи своїй подрузі,
Хто тобі корали зоряні приніс.

Як постука нічка темна
У віконце знов,
Не питай мене даремно
Про мою любов.

Ой, летіли в день осінній
Дикі гуси до самотньої верби,
Там, де двоє, там - весілля,
А, де троє - перші ягоди журби.

Ой, летіли до світання
Дикі гуси через марево ночей,
Бережи своє кохання
Ти, дівчино, від корисливих очей.

Ой, летіли понад вечір
Дикі гуси через ліс і зелен гай,
Ти відкрий подрузі двері,
Але серце їй своє не відкривай','["pisni.org.ua", "cat:lirychni", "Пісні про кохання, ліричні"]',1,'published',COALESCE((SELECT created_at FROM songs WHERE id='pisniua_65252'), datetime('now')),datetime('now'));
INSERT OR REPLACE INTO songs_fts(song_id,title,lyrics) VALUES ('pisniua_65252','Ой летіли дикі гуси','Ой, летіли дикі гуси,
Ой летіли у неділю дощову.
Впало пір''я на подвір''я,
Закотилось, як повір''я, у траву.

Ой, летіли дикі гуси,
Ой, летіли дикі гуси через ліс.
Не кажи своїй подрузі,
Хто тобі корали зоряні приніс.

Як постука нічка темна
У віконце знов,
Не питай мене даремно
Про мою любов.

Ой, летіли в день осінній
Дикі гуси до самотньої верби,
Там, де двоє, там - весілля,
А, де троє - перші ягоди журби.

Ой, летіли до світання
Дикі гуси через марево ночей,
Бережи своє кохання
Ти, дівчино, від корисливих очей.

Ой, летіли понад вечір
Дикі гуси через ліс і зелен гай,
Ти відкрий подрузі двері,
Але серце їй своє не відкривай');
INSERT OR REPLACE INTO song_links (id,song_id,title,url,kind,version_id,sort_order) VALUES ('pisniua_65252_l1','pisniua_65252','YouTube','https://www.youtube.com/watch?v=RyMlG5p2KqE','video',NULL,1);
INSERT OR REPLACE INTO song_links (id,song_id,title,url,kind,version_id,sort_order) VALUES ('pisniua_65252_l2','pisniua_65252','YouTube','https://www.youtube.com/watch?v=KnboyzBnIzc','video',NULL,2);
INSERT OR REPLACE INTO song_links (id,song_id,title,url,kind,version_id,sort_order) VALUES ('pisniua_65252_l3','pisniua_65252','YouTube','https://www.youtube.com/watch?v=MiMycHixFFg','video',NULL,3);
INSERT OR REPLACE INTO song_links (id,song_id,title,url,kind,version_id,sort_order) VALUES ('pisniua_65252_l4','pisniua_65252','YouTube','https://www.youtube.com/watch?v=MdLgkcM2WQg','video',NULL,4);
INSERT OR REPLACE INTO song_links (id,song_id,title,url,kind,version_id,sort_order) VALUES ('pisniua_65252_l5','pisniua_65252','YouTube','https://www.youtube.com/watch?v=W7TNhys2xRk','video',NULL,5);
INSERT OR REPLACE INTO song_links (id,song_id,title,url,kind,version_id,sort_order) VALUES ('pisniua_65252_l6','pisniua_65252','YouTube','https://www.youtube.com/watch?v=55g84lhCaC8','video',NULL,6);
INSERT OR REPLACE INTO songs (id,title,subtitle,lang,country,period,year,source,notes,lyrics,tags_json,lang_locked,status,created_at,updated_at) VALUES ('pisniua_6523542','Друзі','Музика: Мар''ян Гаденко Слова: Наталія Май','uk','ukraine_1991',NULL,NULL,'аудіозапис',NULL,'Просіє час неначе сито
Думки веселі і сумні,
Життя летить несамовито,
Летять роки, неначе дні,
Я зла на серці не тримаю,
Любов панує у душі,
Живу, творю, для вас співаю,
Для вас усіх, друзі мої!

Приспів:
Мені не жаль прожитих днів, |
Старіємо ми не по волі,     |
За друзів і за ворогів      |
Я Богу дякую і долі!        | (2)

А доля нас не шанувала,
Була і радість, і біда,
Та дружба нам допомагала,
Неначе спраглому вода.
За те, що мав, і те, що маю,
Я дякую вам від душі!
Шаную вас і знов співаю
Для вас, усіх, друзі мої!

Приспів.','["pisni.org.ua", "cat:druzhba", "Пісні про дружбу"]',1,'published',COALESCE((SELECT created_at FROM songs WHERE id='pisniua_6523542'), datetime('now')),datetime('now'));
INSERT OR REPLACE INTO songs_fts(song_id,title,lyrics) VALUES ('pisniua_6523542','Друзі','Просіє час неначе сито
Думки веселі і сумні,
Життя летить несамовито,
Летять роки, неначе дні,
Я зла на серці не тримаю,
Любов панує у душі,
Живу, творю, для вас співаю,
Для вас усіх, друзі мої!

Приспів:
Мені не жаль прожитих днів, |
Старіємо ми не по волі,     |
За друзів і за ворогів      |
Я Богу дякую і долі!        | (2)

А доля нас не шанувала,
Була і радість, і біда,
Та дружба нам допомагала,
Неначе спраглому вода.
За те, що мав, і те, що маю,
Я дякую вам від душі!
Шаную вас і знов співаю
Для вас, усіх, друзі мої!

Приспів.');
INSERT OR REPLACE INTO song_links (id,song_id,title,url,kind,version_id,sort_order) VALUES ('pisniua_6523542_l1','pisniua_6523542','YouTube','https://www.youtube.com/watch?v=HvHgMtvZ8PQ','video',NULL,1);
INSERT OR REPLACE INTO songs (id,title,subtitle,lang,country,period,year,source,notes,lyrics,tags_json,lang_locked,status,created_at,updated_at) VALUES ('pisniua_6518144','Температура','Музика: PARFENIUK, KOLA, Сергій Ранов (RUNSTAR) Слова: KOLA, PARFENIUK','uk','ukraine_1991',NULL,NULL,'аудіозапис',NULL,'Як розпалити вогонь
В серцях, яких
Температура на ноль,
І присмак губ п''янких?..
Як розпалити вогонь,
Будучи осторонь?..
Ну, як розпалити вогонь
В серцях, яких
Температура на ноль,
І присмак губ п''янких?..
Як розпалити вогонь,
Будучи осторонь?..
Не охолонь!

Як душем холодним, окотило,
Коли відчула,
Що в нас усе застигло...
Чи то я винна?
Чи то винен ти? —
Ми заблукали у темноті...
У-у-у, допоки світло горить,
У-у-у, можна все налагодить!..
Краще б ми в одну сторону йшли,
А не слали на три...

Приспів:
Як розпалити вогонь      |
В серцях, яких           |
Температура на ноль,     |
І присмак губ п''янких?.. |
Як розпалити вогонь,     |
Будучи осторонь?..       |
Не охолонь!              | (2)

Я не розумію через що
Вогонь погас,
Я тікав від вітру і дощу,
Немов Пегас.
Пронести тепло в кишені
Біля серця хоч би раз,
Та воно б''ється не для нас!..
Температура тіла тліла,
Навіть не горіла,
Моя історія з тобою
Була чисто біла.
Сонце в зеніті мене
Гріє менше тебе, мила,
Тому що сонце так, як ти,
Ніколи не світило!

Приспів.','["pisni.org.ua", "cat:devoted", "Пісні присвячені окремим особам"]',1,'published',COALESCE((SELECT created_at FROM songs WHERE id='pisniua_6518144'), datetime('now')),datetime('now'));
INSERT OR REPLACE INTO songs_fts(song_id,title,lyrics) VALUES ('pisniua_6518144','Температура','Як розпалити вогонь
В серцях, яких
Температура на ноль,
І присмак губ п''янких?..
Як розпалити вогонь,
Будучи осторонь?..
Ну, як розпалити вогонь
В серцях, яких
Температура на ноль,
І присмак губ п''янких?..
Як розпалити вогонь,
Будучи осторонь?..
Не охолонь!

Як душем холодним, окотило,
Коли відчула,
Що в нас усе застигло...
Чи то я винна?
Чи то винен ти? —
Ми заблукали у темноті...
У-у-у, допоки світло горить,
У-у-у, можна все налагодить!..
Краще б ми в одну сторону йшли,
А не слали на три...

Приспів:
Як розпалити вогонь      |
В серцях, яких           |
Температура на ноль,     |
І присмак губ п''янких?.. |
Як розпалити вогонь,     |
Будучи осторонь?..       |
Не охолонь!              | (2)

Я не розумію через що
Вогонь погас,
Я тікав від вітру і дощу,
Немов Пегас.
Пронести тепло в кишені
Біля серця хоч би раз,
Та воно б''ється не для нас!..
Температура тіла тліла,
Навіть не горіла,
Моя історія з тобою
Була чисто біла.
Сонце в зеніті мене
Гріє менше тебе, мила,
Тому що сонце так, як ти,
Ніколи не світило!

Приспів.');
INSERT OR REPLACE INTO song_links (id,song_id,title,url,kind,version_id,sort_order) VALUES ('pisniua_6518144_l1','pisniua_6518144','YouTube','https://www.youtube.com/watch?v=WeKIE8BX5BM','video',NULL,1);
INSERT OR REPLACE INTO songs (id,title,subtitle,lang,country,period,year,source,notes,lyrics,tags_json,lang_locked,status,created_at,updated_at) VALUES ('pisniua_6521593','Ми - молодь України','Музика: Віталій Вініченко Слова: Тетяна Князєва','uk','ukraine_1991',NULL,NULL,'аудіозапис',NULL,'Під небом України яскраві килими,
Жовтаві степу крила і хвилі Дніпрові,
І хмари золотаві, і щастя острови,
Хай майорять над нами державні прапори!

Приспів:
Кольорова птаха з білими крилами
Рідкий день приносить у житті.
Творимо ми щастя власними руками,
І летять любові пелюстки!
Молода країна, земле Україно,
Пращурів прадавня сторона,
Хлібом і піснями день свій зустрічає
Молодь - України майбуття!

Зростає разом з нами свята рідня земля,
Ми - молодь України! За нами майбуття!
Злітають в небо жовто-блакитні прапори,
Ми - молодь України і українці - ми!

Приспів. (2)

Ми - молодь України! За нами майбуття!','["pisni.org.ua", "cat:devoted", "cat:zahalni-cinnosti", "Пісні присвячені окремим особам", "Пісні про загальнолюдські цінності"]',1,'published',COALESCE((SELECT created_at FROM songs WHERE id='pisniua_6521593'), datetime('now')),datetime('now'));
INSERT OR REPLACE INTO songs_fts(song_id,title,lyrics) VALUES ('pisniua_6521593','Ми - молодь України','Під небом України яскраві килими,
Жовтаві степу крила і хвилі Дніпрові,
І хмари золотаві, і щастя острови,
Хай майорять над нами державні прапори!

Приспів:
Кольорова птаха з білими крилами
Рідкий день приносить у житті.
Творимо ми щастя власними руками,
І летять любові пелюстки!
Молода країна, земле Україно,
Пращурів прадавня сторона,
Хлібом і піснями день свій зустрічає
Молодь - України майбуття!

Зростає разом з нами свята рідня земля,
Ми - молодь України! За нами майбуття!
Злітають в небо жовто-блакитні прапори,
Ми - молодь України і українці - ми!

Приспів. (2)

Ми - молодь України! За нами майбуття!');
INSERT OR REPLACE INTO song_links (id,song_id,title,url,kind,version_id,sort_order) VALUES ('pisniua_6521593_l1','pisniua_6521593','YouTube','https://www.youtube.com/watch?v=DGOfbLhz7OM','video',NULL,1);
INSERT OR REPLACE INTO song_links (id,song_id,title,url,kind,version_id,sort_order) VALUES ('pisniua_6521593_l2','pisniua_6521593','YouTube','https://www.youtube.com/watch?v=3LQSnR3z074','video',NULL,2);
INSERT OR REPLACE INTO songs (id,title,subtitle,lang,country,period,year,source,notes,lyrics,tags_json,lang_locked,status,created_at,updated_at) VALUES ('pisniua_6517050','Ой, чумаче, чумаче','Українська народна пісня','uk','ukraine_before_1917',NULL,NULL,'аудіозапис','с. Козичанка, Фастівський район, Київська область.','Ой, чумаче, чумаче,
Ой, чумаче, чумаче,
Життя твоє собаче.

Життя твоє собаче,
Життя твоє собаче,
А личенько козаче.

Чом не сієш, не ореш,
Чом не сієш, не ореш,
Чом не рано з Криму їдеш?

Чом не рано з Криму їдеш?
Чом не рано з Криму їдеш?
Не всіх чумаків ведеш?

Ой, я сію, я й і ору,
Ой, я сію, я й і ору,
Ой, я рано з Криму їду.

Ой, я рано з Криму їду,
Ой, я рано з Криму їду,
Всіх чумаченьків веду.','["pisni.org.ua", "cat:chumacki", "Чумацькі пісні"]',1,'published',COALESCE((SELECT created_at FROM songs WHERE id='pisniua_6517050'), datetime('now')),datetime('now'));
INSERT OR REPLACE INTO songs_fts(song_id,title,lyrics) VALUES ('pisniua_6517050','Ой, чумаче, чумаче','Ой, чумаче, чумаче,
Ой, чумаче, чумаче,
Життя твоє собаче.

Життя твоє собаче,
Життя твоє собаче,
А личенько козаче.

Чом не сієш, не ореш,
Чом не сієш, не ореш,
Чом не рано з Криму їдеш?

Чом не рано з Криму їдеш?
Чом не рано з Криму їдеш?
Не всіх чумаків ведеш?

Ой, я сію, я й і ору,
Ой, я сію, я й і ору,
Ой, я рано з Криму їду.

Ой, я рано з Криму їду,
Ой, я рано з Криму їду,
Всіх чумаченьків веду.');
INSERT OR REPLACE INTO song_links (id,song_id,title,url,kind,version_id,sort_order) VALUES ('pisniua_6517050_l1','pisniua_6517050','YouTube','https://www.youtube.com/watch?v=Dki0gODNQeo','video',NULL,1);
INSERT OR REPLACE INTO songs (id,title,subtitle,lang,country,period,year,source,notes,lyrics,tags_json,lang_locked,status,created_at,updated_at) VALUES ('pisniua_6535399','Ще не вмерла Україна','Музика: народна Слова: Павло Чубинський, Тарас Шевченко. Виконує: Хорея Козацька','uk','ukraine_before_1917',NULL,NULL,'записи виконання Хореї Козацької',NULL,'Ще не вмерла Україна,
Ні сла-, ні слава, ні воля,
Ще й нам, браття молоденькі, |
Й усміхнеться доля!          | (2)

Згинуть наші воріженьки,
Як ро, як роса на сонці,
Запануємо й ми, браття,      |
У своїй сторонці!            | (2)

Було колись на Вкраїні:
Гримі-, гриміли гармати,
Було колись: запорожці       |
Вміли панувати!              | (2)

Панували, добували
І сла-, і слави і волі -
Тепер тільки осталися        |
Могили на полі!              | (2)

Наливайко і Павлюк,
Ще й Та, ще й Тарас Трясило,
Із могили кличуть нас        |
На святеє діло!              | (2)

Душу й тіло ми положим
За сво-, за свою свободу,
Ще й докажем, що ми, браття, |
Козацького роду!             | (2)','["pisni.org.ua", "cat:himny-marshi", "Гимни та марші"]',1,'published',COALESCE((SELECT created_at FROM songs WHERE id='pisniua_6535399'), datetime('now')),datetime('now'));
INSERT OR REPLACE INTO songs_fts(song_id,title,lyrics) VALUES ('pisniua_6535399','Ще не вмерла Україна','Ще не вмерла Україна,
Ні сла-, ні слава, ні воля,
Ще й нам, браття молоденькі, |
Й усміхнеться доля!          | (2)

Згинуть наші воріженьки,
Як ро, як роса на сонці,
Запануємо й ми, браття,      |
У своїй сторонці!            | (2)

Було колись на Вкраїні:
Гримі-, гриміли гармати,
Було колись: запорожці       |
Вміли панувати!              | (2)

Панували, добували
І сла-, і слави і волі -
Тепер тільки осталися        |
Могили на полі!              | (2)

Наливайко і Павлюк,
Ще й Та, ще й Тарас Трясило,
Із могили кличуть нас        |
На святеє діло!              | (2)

Душу й тіло ми положим
За сво-, за свою свободу,
Ще й докажем, що ми, браття, |
Козацького роду!             | (2)');
INSERT OR REPLACE INTO song_links (id,song_id,title,url,kind,version_id,sort_order) VALUES ('pisniua_6535399_l1','pisniua_6535399','YouTube','https://www.youtube.com/watch?v=EfymoS9CFBA','video',NULL,1);
INSERT OR REPLACE INTO songs (id,title,subtitle,lang,country,period,year,source,notes,lyrics,tags_json,lang_locked,status,created_at,updated_at) VALUES ('pisniua_6534757','Боже дитятко','Музика: Мирослав Венгель Слова: Надія Самсін','uk','ukraine_1991',NULL,NULL,'аудіозапис',NULL,'У вбогій стаєнці у вечір на сіні
Родився Ісусик у бідній родині,
Нам Ангел із неба про це сповістив,
Новиною світ увесь вмить звеселив!

Приспів:
І зіронька ясна на небі сіяла,    |
Пречисту Марію із Сином вітала!   |
А Матінка Божа дитя пригортає     |
І пісеньку тихо для нього співає. | (2)

Спи, Сину маленький, моє ангелятко,
Потіхо моя, миле Боже дитятко,
Ти маєш рости і скоріше мужніти,
Щоб світу людей від гріха відкупити.

Приспів.

Спи, Сину маленький, моє ангелятко,
Потіхо моя, миле Боже дитятко,
Ти маєш рости і скоріше мужніти,
Щоб світу людей від гріха відкупити.

Приспів.','["pisni.org.ua", "cat:suchasni-pisni-rizdvo", "Сучасні пісні про Різдвяні свята"]',1,'published',COALESCE((SELECT created_at FROM songs WHERE id='pisniua_6534757'), datetime('now')),datetime('now'));
INSERT OR REPLACE INTO songs_fts(song_id,title,lyrics) VALUES ('pisniua_6534757','Боже дитятко','У вбогій стаєнці у вечір на сіні
Родився Ісусик у бідній родині,
Нам Ангел із неба про це сповістив,
Новиною світ увесь вмить звеселив!

Приспів:
І зіронька ясна на небі сіяла,    |
Пречисту Марію із Сином вітала!   |
А Матінка Божа дитя пригортає     |
І пісеньку тихо для нього співає. | (2)

Спи, Сину маленький, моє ангелятко,
Потіхо моя, миле Боже дитятко,
Ти маєш рости і скоріше мужніти,
Щоб світу людей від гріха відкупити.

Приспів.

Спи, Сину маленький, моє ангелятко,
Потіхо моя, миле Боже дитятко,
Ти маєш рости і скоріше мужніти,
Щоб світу людей від гріха відкупити.

Приспів.');
INSERT OR REPLACE INTO song_links (id,song_id,title,url,kind,version_id,sort_order) VALUES ('pisniua_6534757_l1','pisniua_6534757','YouTube','https://www.youtube.com/watch?v=vxcE8Oj7Vbk','video',NULL,1);
INSERT OR REPLACE INTO songs (id,title,subtitle,lang,country,period,year,source,notes,lyrics,tags_json,lang_locked,status,created_at,updated_at) VALUES ('pisniua_6526093','Шовковиця','Музика: Олександр Кварта Слова: Роман Кахович. Виконує: Олександр Кварта','uk','ukraine_before_1917',NULL,NULL,'авторське подання','Аранжування Ігоря Юзюка.','Журилась Богородиця,
Сварила сина мати,
Як бралась від шовковиці
Його сорочку прати.
Шукала ненька злагоди
Та й плакала все знову,
А син втікав по ягоди з дому.
Лишила та шовковиця
Провину на сорочці,
А пляма не виводиться,
А пляма не виводиться,
А пляма не виводиться, хлопці!

І кликала околиця,
Коли ще був безвусим,
І свідчила шовковиця,
Де він пізнав спокусу,
Як чорнобрива звабила,
Що й серцем занедужав,
Пішла собі, і втратив він душу.
А пам''ять, як шовковиця,
Лишилась на сорочці,
І пляма не виводиться,
І пляма не виводиться,
І пляма не виводиться, хлопці!

Біда прийшла, мов віхоло,
У рідний край з війною,
Вдягнув свої доспіхи він
Та в поле став до бою.
З козацькою відвагою
Злетів він на редути,
Та підла куля вдарила в груди!
Кровило, як шовковиця,
Червоним на сорочці,
І пляма не виводиться,
А пляма не виводиться,
І пляма не виводиться, хлопці!

Сльозами та молитвою
Омила сина мати,
І стала божевільною
Його сорочку прати.
Віднесла під шовковицю,
Повісила на сонці,
А пляма не виводиться,
А пляма не виводиться,
А пляма не виводиться, хлопці!','["pisni.org.ua", "cat:kozacki", "cat:pro-ditey", "Козацькі пісні", "Пісні про любов до дітей"]',1,'published',COALESCE((SELECT created_at FROM songs WHERE id='pisniua_6526093'), datetime('now')),datetime('now'));
INSERT OR REPLACE INTO songs_fts(song_id,title,lyrics) VALUES ('pisniua_6526093','Шовковиця','Журилась Богородиця,
Сварила сина мати,
Як бралась від шовковиці
Його сорочку прати.
Шукала ненька злагоди
Та й плакала все знову,
А син втікав по ягоди з дому.
Лишила та шовковиця
Провину на сорочці,
А пляма не виводиться,
А пляма не виводиться,
А пляма не виводиться, хлопці!

І кликала околиця,
Коли ще був безвусим,
І свідчила шовковиця,
Де він пізнав спокусу,
Як чорнобрива звабила,
Що й серцем занедужав,
Пішла собі, і втратив він душу.
А пам''ять, як шовковиця,
Лишилась на сорочці,
І пляма не виводиться,
І пляма не виводиться,
І пляма не виводиться, хлопці!

Біда прийшла, мов віхоло,
У рідний край з війною,
Вдягнув свої доспіхи він
Та в поле став до бою.
З козацькою відвагою
Злетів він на редути,
Та підла куля вдарила в груди!
Кровило, як шовковиця,
Червоним на сорочці,
І пляма не виводиться,
А пляма не виводиться,
І пляма не виводиться, хлопці!

Сльозами та молитвою
Омила сина мати,
І стала божевільною
Його сорочку прати.
Віднесла під шовковицю,
Повісила на сонці,
А пляма не виводиться,
А пляма не виводиться,
А пляма не виводиться, хлопці!');
INSERT OR REPLACE INTO song_links (id,song_id,title,url,kind,version_id,sort_order) VALUES ('pisniua_6526093_l1','pisniua_6526093','YouTube','https://www.youtube.com/watch?v=SZ2JBBx7Fqo','video',NULL,1);
INSERT OR REPLACE INTO song_links (id,song_id,title,url,kind,version_id,sort_order) VALUES ('pisniua_6526093_l2','pisniua_6526093','YouTube','https://www.youtube.com/watch?v=FZWdd-SqQDI','video',NULL,2);
INSERT OR REPLACE INTO songs (id,title,subtitle,lang,country,period,year,source,notes,lyrics,tags_json,lang_locked,status,created_at,updated_at) VALUES ('pisniua_6529656','Бути щасливими','Музика: Anna Maria Слова: Anna Maria','uk','ukraine_1991',NULL,NULL,'аудіозапис',NULL,'І під сонцем, і під зливами
Ми живемо, аби бути щасливими!
Обіймати руками сильними
Тих, кого любимо!
І під сонцем, і під зливами
Ми живемо, аби бути щасливими!
Тільки дай, небо-небо сили нам!

Я напишу на чистому папері
Усе, за що я дякую життю:
За те, що серед безлічі доріг
Завжди я обираю свою!
За те, що є зі мною друзі,
Які пройшли крізь воду і вогонь,
І навіть попри тисячі проблем,
Знаю, що світ врятує любов!

Приспів:
І під сонцем, і під зливами
Ми живемо, аби бути щасливими!
Обіймати руками сильними
Тих, кого любимо!
Молодими, або вже сивими
Ми живемо, аби бути щасливими!
Тільки дай, небо-небо сили нам,
Щоб бути щасливими!

Ти подивись, цей світ для тебе,
Ти пам''ятай,
Цей Всесвіт лиш для нас,
І не чекай, сказати "Люблю!",
Саме зараз час!
І нехай ми не знаєм,
Що готує завтра нам, нехай!
Ти пам''ятай, що все в твоїх руках,
Тому ніколи їх не опускай!

Приспів.','["pisni.org.ua", "cat:philosophic", "cat:zahalni-cinnosti", "Філософські пісні", "Пісні про загальнолюдські цінності"]',1,'published',COALESCE((SELECT created_at FROM songs WHERE id='pisniua_6529656'), datetime('now')),datetime('now'));
INSERT OR REPLACE INTO songs_fts(song_id,title,lyrics) VALUES ('pisniua_6529656','Бути щасливими','І під сонцем, і під зливами
Ми живемо, аби бути щасливими!
Обіймати руками сильними
Тих, кого любимо!
І під сонцем, і під зливами
Ми живемо, аби бути щасливими!
Тільки дай, небо-небо сили нам!

Я напишу на чистому папері
Усе, за що я дякую життю:
За те, що серед безлічі доріг
Завжди я обираю свою!
За те, що є зі мною друзі,
Які пройшли крізь воду і вогонь,
І навіть попри тисячі проблем,
Знаю, що світ врятує любов!

Приспів:
І під сонцем, і під зливами
Ми живемо, аби бути щасливими!
Обіймати руками сильними
Тих, кого любимо!
Молодими, або вже сивими
Ми живемо, аби бути щасливими!
Тільки дай, небо-небо сили нам,
Щоб бути щасливими!

Ти подивись, цей світ для тебе,
Ти пам''ятай,
Цей Всесвіт лиш для нас,
І не чекай, сказати "Люблю!",
Саме зараз час!
І нехай ми не знаєм,
Що готує завтра нам, нехай!
Ти пам''ятай, що все в твоїх руках,
Тому ніколи їх не опускай!

Приспів.');
INSERT OR REPLACE INTO song_links (id,song_id,title,url,kind,version_id,sort_order) VALUES ('pisniua_6529656_l1','pisniua_6529656','YouTube','https://www.youtube.com/watch?v=hzSJVdTIa8Y','video',NULL,1);
INSERT OR REPLACE INTO song_links (id,song_id,title,url,kind,version_id,sort_order) VALUES ('pisniua_6529656_l2','pisniua_6529656','YouTube','https://www.youtube.com/watch?v=uVYGGoyZRqI','video',NULL,2);
INSERT OR REPLACE INTO song_links (id,song_id,title,url,kind,version_id,sort_order) VALUES ('pisniua_6529656_l3','pisniua_6529656','YouTube','https://www.youtube.com/watch?v=sVqgXo4hYPQ','video',NULL,3);
INSERT OR REPLACE INTO songs (id,title,subtitle,lang,country,period,year,source,notes,lyrics,tags_json,lang_locked,status,created_at,updated_at) VALUES ('pisniua_6527570','Десь далеко журавлі полетіли',NULL,'uk','ukraine_1991',NULL,NULL,'аудіозапис',NULL,'Десь далеко, далеко,
Далеко журавлі полетіли
За луги, за ліси,
За поля, де нема заметілі.
А летіть журавлям,              |
А летіть журавлям нема сили,    |
І спочити вони                  |
На галявину в лісі присіли...   | (2)

А на ранок знялись
І на південь усі полетіли,
Лиш один залишивсь,
Бо його вже покинули сили...
Він кричав їм услід:            |
Поможіть, я благаю вас, братці, |
Бо не маю я сил                 |
У повітря за вами піднятися!..  | (2)

І спустились вони
З допомогою бідному брату,
Хоч і знали про те,
Що цей шлях буде важко здолати...
У небеса піднялась              |
Журавлів білокрилая зграя,      |
Вони брата з собою              |
Несли до південного краю...     | (2)

Так і в нашім житті - хтось
Відбивсь від крилатої зграї,
Хоч і знає про дружбу,
Й причин для того немає.
Ну, а доля тоді починає         |
Із тебе сміятись,               |
Друзі всі обійдуть,             |
І ніхто не поможе піднятись...  | (2)

Подивімось навкруг -
Скільки в мирі поранених братів,
Що забули Христа,
Опинились в обіймах прокляття...
Допоможемо ж їм,                |
Поруч із ними у бідах пройдемо, |
Ісусу Христу ми молитву         |
За них вознесемо!..             | (2)','["pisni.org.ua", "cat:zahalni-cinnosti", "Пісні про загальнолюдські цінності"]',1,'published',COALESCE((SELECT created_at FROM songs WHERE id='pisniua_6527570'), datetime('now')),datetime('now'));
INSERT OR REPLACE INTO songs_fts(song_id,title,lyrics) VALUES ('pisniua_6527570','Десь далеко журавлі полетіли','Десь далеко, далеко,
Далеко журавлі полетіли
За луги, за ліси,
За поля, де нема заметілі.
А летіть журавлям,              |
А летіть журавлям нема сили,    |
І спочити вони                  |
На галявину в лісі присіли...   | (2)

А на ранок знялись
І на південь усі полетіли,
Лиш один залишивсь,
Бо його вже покинули сили...
Він кричав їм услід:            |
Поможіть, я благаю вас, братці, |
Бо не маю я сил                 |
У повітря за вами піднятися!..  | (2)

І спустились вони
З допомогою бідному брату,
Хоч і знали про те,
Що цей шлях буде важко здолати...
У небеса піднялась              |
Журавлів білокрилая зграя,      |
Вони брата з собою              |
Несли до південного краю...     | (2)

Так і в нашім житті - хтось
Відбивсь від крилатої зграї,
Хоч і знає про дружбу,
Й причин для того немає.
Ну, а доля тоді починає         |
Із тебе сміятись,               |
Друзі всі обійдуть,             |
І ніхто не поможе піднятись...  | (2)

Подивімось навкруг -
Скільки в мирі поранених братів,
Що забули Христа,
Опинились в обіймах прокляття...
Допоможемо ж їм,                |
Поруч із ними у бідах пройдемо, |
Ісусу Христу ми молитву         |
За них вознесемо!..             | (2)');
INSERT OR REPLACE INTO song_links (id,song_id,title,url,kind,version_id,sort_order) VALUES ('pisniua_6527570_l1','pisniua_6527570','YouTube','https://www.youtube.com/watch?v=PLzVH20eZy8','video',NULL,1);
INSERT OR REPLACE INTO songs (id,title,subtitle,lang,country,period,year,source,notes,lyrics,tags_json,lang_locked,status,created_at,updated_at) VALUES ('pisniua_6536555','Хай Ісус в різдвяну мить','Музика: Валентина Шевченко Слова: Валентина Шевченко','uk','ukraine_before_1917',NULL,NULL,'аудіозапис',NULL,'Чи чекали ви нас,
Господарю й господине?
Хай сьогодні для вас
Коляда у хаті лине!

Приспів:
Хай Ісус в різдвяну мить
Вас добром благословить,
Щоб усі були щасливі,
Дужі і багаті!
Хай Ісус в різдвяну мить
Вас добром благословить,
Щоб у всіх було здоров''я
І достаток в хаті!

Ми принесли для вас
Коники й панянки гарні,
Щоб зростали у вас
Козаки й дівчатка славні!

Приспів.

Речитатив:
Христос народився!
Славімо Його!
Христос народився!
Славімо Його!
Щастя вам, люди,
Радості й добра!
І миру нашій Україні!
Славімо Його!

Хай зоря золота
В кожній засія родині!..
Просим Бога-Христа
Миру нашій Україні!

Приспів.','["pisni.org.ua", "cat:kolyadky", "cat:shchedrivky", "cat:suchasni-pisni-rizdvo", "Колядки", "Щедрівки", "Сучасні пісні про Різдвяні свята"]',1,'published',COALESCE((SELECT created_at FROM songs WHERE id='pisniua_6536555'), datetime('now')),datetime('now'));
INSERT OR REPLACE INTO songs_fts(song_id,title,lyrics) VALUES ('pisniua_6536555','Хай Ісус в різдвяну мить','Чи чекали ви нас,
Господарю й господине?
Хай сьогодні для вас
Коляда у хаті лине!

Приспів:
Хай Ісус в різдвяну мить
Вас добром благословить,
Щоб усі були щасливі,
Дужі і багаті!
Хай Ісус в різдвяну мить
Вас добром благословить,
Щоб у всіх було здоров''я
І достаток в хаті!

Ми принесли для вас
Коники й панянки гарні,
Щоб зростали у вас
Козаки й дівчатка славні!

Приспів.

Речитатив:
Христос народився!
Славімо Його!
Христос народився!
Славімо Його!
Щастя вам, люди,
Радості й добра!
І миру нашій Україні!
Славімо Його!

Хай зоря золота
В кожній засія родині!..
Просим Бога-Христа
Миру нашій Україні!

Приспів.');
INSERT OR REPLACE INTO song_links (id,song_id,title,url,kind,version_id,sort_order) VALUES ('pisniua_6536555_l1','pisniua_6536555','YouTube','https://www.youtube.com/watch?v=8jmgIlKOwQI','video',NULL,1);
INSERT OR REPLACE INTO songs (id,title,subtitle,lang,country,period,year,source,notes,lyrics,tags_json,lang_locked,status,created_at,updated_at) VALUES ('pisniua_6520075','Їде дах','Музика: Klavdia Petrivna Слова: Klavdia Petrivna, Masha Kondratenko','uk','ukraine_1991',NULL,NULL,'аудіозапис',NULL,'Приспів:
Як біжить швидко час,
Я надіюсь, він за нас!
В мене їде дах у всіх на очах...
Я спалила листи,
Щоб забути, хто ти!..
В мене їде дах у всіх на очах...

Треба заспокоїтись і почати спочатку,
Має бути краще в любому випадку!
Ніде ніколи не було порядку,
Щоб було інакше - почніть спочатку!
Де не піду, біди нароблю,
Я не одна така, точно знаю,
Зато, коли граю, вас запевняю,
Я ніколи нікому не програю!
- Клава, може, ти вже заспокоїшся сама?
- Ну, то заспокой мене!

Приспів.

- О, є перерва!

Я шукала тебе, не знайшла та й пішла,
І мене вже не гребе,
Які на смак твої вуста!
Завжди кінець - це початок нового
Хорошого, чи ні, неважливо якого!
Кидай, що не треба, знайди душі миле,
І хай будуть поруч усі вищі сили!
- Боже, які вищі сили, Маш?
- Тю, ну а шо?

Приспів.

В голові птах, їде дах...
Все пречудове залишилось в снах...
Пусто в очах, пусто в руках,
Одним словом - жах!..
Плине час... Плине час... |
І походу не за нас!..     | (4)

Приспів.','["pisni.org.ua", "cat:philosophic", "Філософські пісні"]',1,'published',COALESCE((SELECT created_at FROM songs WHERE id='pisniua_6520075'), datetime('now')),datetime('now'));
INSERT OR REPLACE INTO songs_fts(song_id,title,lyrics) VALUES ('pisniua_6520075','Їде дах','Приспів:
Як біжить швидко час,
Я надіюсь, він за нас!
В мене їде дах у всіх на очах...
Я спалила листи,
Щоб забути, хто ти!..
В мене їде дах у всіх на очах...

Треба заспокоїтись і почати спочатку,
Має бути краще в любому випадку!
Ніде ніколи не було порядку,
Щоб було інакше - почніть спочатку!
Де не піду, біди нароблю,
Я не одна така, точно знаю,
Зато, коли граю, вас запевняю,
Я ніколи нікому не програю!
- Клава, може, ти вже заспокоїшся сама?
- Ну, то заспокой мене!

Приспів.

- О, є перерва!

Я шукала тебе, не знайшла та й пішла,
І мене вже не гребе,
Які на смак твої вуста!
Завжди кінець - це початок нового
Хорошого, чи ні, неважливо якого!
Кидай, що не треба, знайди душі миле,
І хай будуть поруч усі вищі сили!
- Боже, які вищі сили, Маш?
- Тю, ну а шо?

Приспів.

В голові птах, їде дах...
Все пречудове залишилось в снах...
Пусто в очах, пусто в руках,
Одним словом - жах!..
Плине час... Плине час... |
І походу не за нас!..     | (4)

Приспів.');
INSERT OR REPLACE INTO song_links (id,song_id,title,url,kind,version_id,sort_order) VALUES ('pisniua_6520075_l1','pisniua_6520075','YouTube','https://www.youtube.com/watch?v=1roiuzbLJ8g','video',NULL,1);
INSERT OR REPLACE INTO song_links (id,song_id,title,url,kind,version_id,sort_order) VALUES ('pisniua_6520075_l2','pisniua_6520075','YouTube','https://www.youtube.com/watch?v=TPTs_2rGP-k','video',NULL,2);
INSERT OR REPLACE INTO songs (id,title,subtitle,lang,country,period,year,source,notes,lyrics,tags_json,lang_locked,status,created_at,updated_at) VALUES ('pisniua_6526246','Донечка','Музика: Юлія Лущинська Слова: Юлія Лущинська','uk','ukraine_1991',NULL,NULL,'аудіозапис',NULL,'Згадаю день, світлий день,
Коли з''явився сенс життя:
Я відчула перший поштовх,
Стукіт серця мого дитя -
Це найкраща мить моя, моя!
Я і тато завжди поруч,
Просто пам''ятай,
Вір у себе! Не здавайся!
Захищатимем надійно, знай!
Ти, як сонечко, яскраво
Сяй! Сяй! Сяй! Сяй! Сяй! Сяй!

Приспів:
Донечка моя! Донечка моя!      |
Люблю сильно я тебе, моя душа! |
Донечка моя! Донечка моя,      |
Будь щасливою все своє життя!  | (2)

Моя найбільша нагорода -
Це усмішка твоя!
У небі зірка запалала,
Хай світить, не згаса!
Народжена від неземного кохання,
Я хочу, щоб здійснились
Всі твої бажання!

Приспів.

Речитатив:
Дякую, що обрала мене мамою!
Я тебе не підведу!
Буду ніжною, ласкавою,
Пригорну і обійму!
Обіцяю, що підтримаю
Маленьку дівчинку свою!
Тільки будь завжди щасливою!
Я тебе сильно люблю!
Я тебе сильно люблю!

Приспів.','["pisni.org.ua", "cat:pro-ditey", "Пісні про любов до дітей"]',1,'published',COALESCE((SELECT created_at FROM songs WHERE id='pisniua_6526246'), datetime('now')),datetime('now'));
INSERT OR REPLACE INTO songs_fts(song_id,title,lyrics) VALUES ('pisniua_6526246','Донечка','Згадаю день, світлий день,
Коли з''явився сенс життя:
Я відчула перший поштовх,
Стукіт серця мого дитя -
Це найкраща мить моя, моя!
Я і тато завжди поруч,
Просто пам''ятай,
Вір у себе! Не здавайся!
Захищатимем надійно, знай!
Ти, як сонечко, яскраво
Сяй! Сяй! Сяй! Сяй! Сяй! Сяй!

Приспів:
Донечка моя! Донечка моя!      |
Люблю сильно я тебе, моя душа! |
Донечка моя! Донечка моя,      |
Будь щасливою все своє життя!  | (2)

Моя найбільша нагорода -
Це усмішка твоя!
У небі зірка запалала,
Хай світить, не згаса!
Народжена від неземного кохання,
Я хочу, щоб здійснились
Всі твої бажання!

Приспів.

Речитатив:
Дякую, що обрала мене мамою!
Я тебе не підведу!
Буду ніжною, ласкавою,
Пригорну і обійму!
Обіцяю, що підтримаю
Маленьку дівчинку свою!
Тільки будь завжди щасливою!
Я тебе сильно люблю!
Я тебе сильно люблю!

Приспів.');
INSERT OR REPLACE INTO song_links (id,song_id,title,url,kind,version_id,sort_order) VALUES ('pisniua_6526246_l1','pisniua_6526246','YouTube','https://www.youtube.com/watch?v=OhHWcdDzgFo','video',NULL,1);
INSERT OR REPLACE INTO songs (id,title,subtitle,lang,country,period,year,source,notes,lyrics,tags_json,lang_locked,status,created_at,updated_at) VALUES ('pisniua_6536879','Різдвяна ніч','Музика: Ігор Юрковський Слова: Надія Зінченко','uk','ukraine_1991',NULL,NULL,'аудіозапис',NULL,'Кожен звук, серця стук,
Радість і любов навколо!
Білий сніг на поріг,
Щастя і родини коло!
Гра картин, шум машин,
Метушня людей у місті,
Ряд вітрин, плин хвилин,
Мрії і надії чисті!..

Приспів:
Загадаю я бажання
У чудову ніч Різдвяну:
Хай буде палке кохання!
Маю віру, сил дістану!
Загадаю я бажання:
Всім здоров''я і доволі!
Біль мине, гірке страждання...
Миру, злагоди і волі!
Миру, злагоди і волі!

Старший вік, Новий рік
Поспішає знов у хати.
Сяйво свіч, тиха ніч,
Зникли смутку темні грати!..
Перший крок, блиск зірок,
Вже чекають всіх дарунки.
Рій думок, світ казок,
Сонця промінь і цілунки!

Приспів.','["pisni.org.ua", "cat:suchasni-pisni-rizdvo", "Сучасні пісні про Різдвяні свята"]',1,'published',COALESCE((SELECT created_at FROM songs WHERE id='pisniua_6536879'), datetime('now')),datetime('now'));
INSERT OR REPLACE INTO songs_fts(song_id,title,lyrics) VALUES ('pisniua_6536879','Різдвяна ніч','Кожен звук, серця стук,
Радість і любов навколо!
Білий сніг на поріг,
Щастя і родини коло!
Гра картин, шум машин,
Метушня людей у місті,
Ряд вітрин, плин хвилин,
Мрії і надії чисті!..

Приспів:
Загадаю я бажання
У чудову ніч Різдвяну:
Хай буде палке кохання!
Маю віру, сил дістану!
Загадаю я бажання:
Всім здоров''я і доволі!
Біль мине, гірке страждання...
Миру, злагоди і волі!
Миру, злагоди і волі!

Старший вік, Новий рік
Поспішає знов у хати.
Сяйво свіч, тиха ніч,
Зникли смутку темні грати!..
Перший крок, блиск зірок,
Вже чекають всіх дарунки.
Рій думок, світ казок,
Сонця промінь і цілунки!

Приспів.');
INSERT OR REPLACE INTO song_links (id,song_id,title,url,kind,version_id,sort_order) VALUES ('pisniua_6536879_l1','pisniua_6536879','YouTube','https://www.youtube.com/watch?v=_ShaesyIZXM','video',NULL,1);
INSERT OR REPLACE INTO songs (id,title,subtitle,lang,country,period,year,source,notes,lyrics,tags_json,lang_locked,status,created_at,updated_at) VALUES ('pisniua_6536297','А там зійде зоря над Вифлеємом',NULL,'uk','ukraine_1991',NULL,NULL,'авторське подання','Колядку виконують Юрій Василиця та Наталія Деда.','Готується земля зустріти Бога,
Маленького Ісусика прихід.
Зникає, відступає геть тривога,    |
І погляд всіх повернений на схід.  | (2)

Приспів:
А там зійде зоря над Вифлеємом,    |
Появиться найперше пастушкам,      |
Укаже, що прийшла Свята Дитина     |
На радість і спасіння усім нам!    | (2)

А того, хто це небо посідає,
І перед ким всі ангели тремтять,
На сіні Божа мати пеленає,         |
І волики з ягнятками стоять.       | (2)

Приспів.

І ангели співають херувими,
Возносять Богу славу до небес!
На землю з неба мир несуть людині, |
Бо народився Божий Син і Спас.     | (2)

Приспів.','["pisni.org.ua", "cat:suchasni-pisni-rizdvo", "Сучасні пісні про Різдвяні свята"]',1,'published',COALESCE((SELECT created_at FROM songs WHERE id='pisniua_6536297'), datetime('now')),datetime('now'));
INSERT OR REPLACE INTO songs_fts(song_id,title,lyrics) VALUES ('pisniua_6536297','А там зійде зоря над Вифлеємом','Готується земля зустріти Бога,
Маленького Ісусика прихід.
Зникає, відступає геть тривога,    |
І погляд всіх повернений на схід.  | (2)

Приспів:
А там зійде зоря над Вифлеємом,    |
Появиться найперше пастушкам,      |
Укаже, що прийшла Свята Дитина     |
На радість і спасіння усім нам!    | (2)

А того, хто це небо посідає,
І перед ким всі ангели тремтять,
На сіні Божа мати пеленає,         |
І волики з ягнятками стоять.       | (2)

Приспів.

І ангели співають херувими,
Возносять Богу славу до небес!
На землю з неба мир несуть людині, |
Бо народився Божий Син і Спас.     | (2)

Приспів.');
INSERT OR REPLACE INTO song_links (id,song_id,title,url,kind,version_id,sort_order) VALUES ('pisniua_6536297_l1','pisniua_6536297','YouTube','https://www.youtube.com/watch?v=kRUK-x4g7do','video',NULL,1);
INSERT OR REPLACE INTO songs (id,title,subtitle,lang,country,period,year,source,notes,lyrics,tags_json,lang_locked,status,created_at,updated_at) VALUES ('pisniua_6536746','З днем народження Ісуса','Музика: Tanya Navrotski Слова: Natalya Martynyuk','uk','ukraine_1991',NULL,NULL,'аудіозапис',NULL,'Співи Ангелів знову линуть
В яслах бідних, в добрий час
Народилася Дитина,
Щоб спасти від горя нас!
У Різдво прийшов Месія!
Дивним приходом Своїм
Морок ночі Він розсіяв,
І приніс спасіння всім!

Приспів:
З днем народження Ісуса
Привітати хочу я!
В ніч Різдва Йому вклонюся,
Його Славлячи Ім''я!
Він - Прекрасний, особливий,
І по вірі у цю ніч
З незрівнянним Божим дивом
Я зустрінусь віч-на-віч!

Хоч і золота я не маю,
Ладану, як в мудреців,
Серце Господу своє вручаю,
Замість всіх земних дарів!
Народився Він і для тебе,
На Дитя це подивись...
Бо до нас зійшов Він із Неба,
Щоб ми в Небо піднялись!

Приспів.','["pisni.org.ua", "cat:suchasni-pisni-rizdvo", "Сучасні пісні про Різдвяні свята"]',1,'published',COALESCE((SELECT created_at FROM songs WHERE id='pisniua_6536746'), datetime('now')),datetime('now'));
INSERT OR REPLACE INTO songs_fts(song_id,title,lyrics) VALUES ('pisniua_6536746','З днем народження Ісуса','Співи Ангелів знову линуть
В яслах бідних, в добрий час
Народилася Дитина,
Щоб спасти від горя нас!
У Різдво прийшов Месія!
Дивним приходом Своїм
Морок ночі Він розсіяв,
І приніс спасіння всім!

Приспів:
З днем народження Ісуса
Привітати хочу я!
В ніч Різдва Йому вклонюся,
Його Славлячи Ім''я!
Він - Прекрасний, особливий,
І по вірі у цю ніч
З незрівнянним Божим дивом
Я зустрінусь віч-на-віч!

Хоч і золота я не маю,
Ладану, як в мудреців,
Серце Господу своє вручаю,
Замість всіх земних дарів!
Народився Він і для тебе,
На Дитя це подивись...
Бо до нас зійшов Він із Неба,
Щоб ми в Небо піднялись!

Приспів.');
INSERT OR REPLACE INTO song_links (id,song_id,title,url,kind,version_id,sort_order) VALUES ('pisniua_6536746_l1','pisniua_6536746','YouTube','https://www.youtube.com/watch?v=PhbgQz32i9U','video',NULL,1);
INSERT OR REPLACE INTO songs (id,title,subtitle,lang,country,period,year,source,notes,lyrics,tags_json,lang_locked,status,created_at,updated_at) VALUES ('pisniua_6532353','До побачення','Музика: Мирослав Кувалдін Слова: Мирослав Кувалдін','uk','ukraine_1991',NULL,NULL,'аудіозапис','"До побачення" — пісня, що пронизана світлою журбою за побратимами, які продовжують жити доти, доки ми памʼятаємо про них. Це пісня про цінності людей, вчинки яких стали героїчними. "Збройні сили — це велика родина, і тому втрата кожного побратима відгукується в душі, наче втрата найближчого родича. З цим важко жити. Важко знайти слова, які могли б полегшити цей тягар. Ми лише мовчимо. Хвилина мовчання стає єдиним способом вшанувати загиблих. Але навіть у цьому мовчанні голоси загиблих продовжують лунати у твоїй голові, їхні слова не зникають, а обличчя стоять перед очима. Це залишається з тобою назавжди. Саме так народилася пісня "До побачення" – з потреби знайти зцілення. Для мене вона стала способом прийняти втрати", — автор композиції Мирослав Кувалдін. Відео є частиною ініціативи "Культурного десанту" із запису пісень і кліпів, присвячених боротьбі українців за свободу. Кліп створено у співпраці з платформою пам''яті "Меморіал", яка надала світлини загиблих воїнів.','Сьогодні все, все, як завжди,
Хіба що з неба більше падає води,
Ті самі сни, ті самі ми,
Так само нам іще далеко до весни,
За кадром кадр, за миттю мить,
Кіно назад ніхто не в змозі прокрутить...
Минає ніч, мине і день,
Ми не почуєм твоїх жартів і пісень...

Приспів:
Всі прості слова набули значення.
Ти вже зробив більше, ніж хотів.
Не прощаюсь, брате, до побачення!..
Ще зустрінемось в кращім зі світів!..

Ти чесно жив своє життя,
Любив до сліз і бив до забуття,
Ти цінував звання бійця,
І все обіцяне доводив до кінця.
Ти всім світив, як сто багать,
Всіх переконував, що янголи не сплять,
Все було так, як ти й казав,
Коли твій янгол на секунду задрімав...

Приспів.

Допоки сестри і брати
Здіймають в небо прапори,
Допоки молодість горить,
Ти посміхаєшся з гори.
Вогонь запеклих не пече,
Я відчуваю за плечем
Твоє гаряче серце.
Знаю, ми зустрінемось іще
З тобою! Друже, ми зустрінемось
Іще після всіх воїн!..

Всі прості слова набули значення.
Ти вже зробив більше, ніж хотів.
Не прощаюсь, брате, до побачення!..
Ще зустрінемось!.. Ще зустрінемось!..','["pisni.org.ua", "cat:ato", "cat:devoted", "cat:viyskovi", "cat:zahalni-cinnosti", "Пісні російсько-української війни та АТО", "Пісні присвячені окремим особам", "Пісні на військову тематику", "Пісні про загальнолюдські цінності"]',1,'published',COALESCE((SELECT created_at FROM songs WHERE id='pisniua_6532353'), datetime('now')),datetime('now'));
INSERT OR REPLACE INTO songs_fts(song_id,title,lyrics) VALUES ('pisniua_6532353','До побачення','Сьогодні все, все, як завжди,
Хіба що з неба більше падає води,
Ті самі сни, ті самі ми,
Так само нам іще далеко до весни,
За кадром кадр, за миттю мить,
Кіно назад ніхто не в змозі прокрутить...
Минає ніч, мине і день,
Ми не почуєм твоїх жартів і пісень...

Приспів:
Всі прості слова набули значення.
Ти вже зробив більше, ніж хотів.
Не прощаюсь, брате, до побачення!..
Ще зустрінемось в кращім зі світів!..

Ти чесно жив своє життя,
Любив до сліз і бив до забуття,
Ти цінував звання бійця,
І все обіцяне доводив до кінця.
Ти всім світив, як сто багать,
Всіх переконував, що янголи не сплять,
Все було так, як ти й казав,
Коли твій янгол на секунду задрімав...

Приспів.

Допоки сестри і брати
Здіймають в небо прапори,
Допоки молодість горить,
Ти посміхаєшся з гори.
Вогонь запеклих не пече,
Я відчуваю за плечем
Твоє гаряче серце.
Знаю, ми зустрінемось іще
З тобою! Друже, ми зустрінемось
Іще після всіх воїн!..

Всі прості слова набули значення.
Ти вже зробив більше, ніж хотів.
Не прощаюсь, брате, до побачення!..
Ще зустрінемось!.. Ще зустрінемось!..');
INSERT OR REPLACE INTO song_links (id,song_id,title,url,kind,version_id,sort_order) VALUES ('pisniua_6532353_l1','pisniua_6532353','YouTube','https://www.youtube.com/watch?v=v093tXnH6Vg','video',NULL,1);
INSERT OR REPLACE INTO songs (id,title,subtitle,lang,country,period,year,source,notes,lyrics,tags_json,lang_locked,status,created_at,updated_at) VALUES ('pisniua_6537348','Хай на крилах віри лине коляда','Слова: Наталія Погребняк','uk','ukraine_1991',NULL,NULL,'аудіозапис',NULL,'Одяглась зима до свята,
Вкрила снігом всі поля,
Щоб весела і багата
На Різдво була земля!
Сяють радістю обличчя,
Є надія у очах!
Тож славімо всі велично
Сина Божого в піснях!

Приспів:
Хай на крилах віри лине коляда!
Хай щоденно в дім ваш сонце загляда!
Будьте ж ви здорові, діти і батьки!
Вам усім бажаєм щастя на віки!

Ось прийшла жадана днина:
Вже зійшла зоря свята,
Тут зібралася родина,
Щоб прославити Христа!
Хай ввійде Свят-вечір тихо
В кожне серце, в кожен дім!
Обминає вас хай лихо,
Благодаті зичим всім!

Приспів.','["pisni.org.ua", "cat:suchasni-pisni-rizdvo", "Сучасні пісні про Різдвяні свята"]',1,'published',COALESCE((SELECT created_at FROM songs WHERE id='pisniua_6537348'), datetime('now')),datetime('now'));
INSERT OR REPLACE INTO songs_fts(song_id,title,lyrics) VALUES ('pisniua_6537348','Хай на крилах віри лине коляда','Одяглась зима до свята,
Вкрила снігом всі поля,
Щоб весела і багата
На Різдво була земля!
Сяють радістю обличчя,
Є надія у очах!
Тож славімо всі велично
Сина Божого в піснях!

Приспів:
Хай на крилах віри лине коляда!
Хай щоденно в дім ваш сонце загляда!
Будьте ж ви здорові, діти і батьки!
Вам усім бажаєм щастя на віки!

Ось прийшла жадана днина:
Вже зійшла зоря свята,
Тут зібралася родина,
Щоб прославити Христа!
Хай ввійде Свят-вечір тихо
В кожне серце, в кожен дім!
Обминає вас хай лихо,
Благодаті зичим всім!

Приспів.');
INSERT OR REPLACE INTO songs (id,title,subtitle,lang,country,period,year,source,notes,lyrics,tags_json,lang_locked,status,created_at,updated_at) VALUES ('pisniua_6526673','Я тебе народила, сину','Музика: Валентина Шевченко Слова: Валентина Шевченко','uk','ukraine_1991',NULL,NULL,'аудіозапис',NULL,'Ти з''явився на світ,
І наповнилось світлом моє життя!..
Моє серце, мій янгол,
Моє ти найкраще у світі дитя!..
Тобі вимолю в Бога
Щасливую доленьку, наче рай!..
Тільки ти, мій синочку,
У мирі і радості підростай!..

Приспів:
Я тебе народила, сину, не для війни!..
Хочу я, щоб були щасливі усі сини!..
Щоб світило ласкаве сонце їм на зорі!..
І не плакали більш ніколи їх матері!..
Свої милі долоньки до мене ти простягни!..
Я тебе народила, сину, не для війни!..

Підростай, мій синочку,
А я пригорну тобі цілий світ...
Хай молитва моя і любов
Полетить за тобою услід!..
Станеш сильним і мужнім,
Я знаю - опорою будеш мені!..
Хай наповнить Всевишній добром,
Благодаттю усі твої дні!..

Приспів.

Сину, серце моє,    |
Хай не буде воєн,   |
Хай усі герої       |
Вернуться із бою!.. | (2)

Приспів.','["pisni.org.ua", "cat:pro-ditey", "Пісні про любов до дітей"]',1,'published',COALESCE((SELECT created_at FROM songs WHERE id='pisniua_6526673'), datetime('now')),datetime('now'));
INSERT OR REPLACE INTO songs_fts(song_id,title,lyrics) VALUES ('pisniua_6526673','Я тебе народила, сину','Ти з''явився на світ,
І наповнилось світлом моє життя!..
Моє серце, мій янгол,
Моє ти найкраще у світі дитя!..
Тобі вимолю в Бога
Щасливую доленьку, наче рай!..
Тільки ти, мій синочку,
У мирі і радості підростай!..

Приспів:
Я тебе народила, сину, не для війни!..
Хочу я, щоб були щасливі усі сини!..
Щоб світило ласкаве сонце їм на зорі!..
І не плакали більш ніколи їх матері!..
Свої милі долоньки до мене ти простягни!..
Я тебе народила, сину, не для війни!..

Підростай, мій синочку,
А я пригорну тобі цілий світ...
Хай молитва моя і любов
Полетить за тобою услід!..
Станеш сильним і мужнім,
Я знаю - опорою будеш мені!..
Хай наповнить Всевишній добром,
Благодаттю усі твої дні!..

Приспів.

Сину, серце моє,    |
Хай не буде воєн,   |
Хай усі герої       |
Вернуться із бою!.. | (2)

Приспів.');
INSERT OR REPLACE INTO song_links (id,song_id,title,url,kind,version_id,sort_order) VALUES ('pisniua_6526673_l1','pisniua_6526673','YouTube','https://www.youtube.com/watch?v=gNdgLY4g7PA','video',NULL,1);
INSERT OR REPLACE INTO songs (id,title,subtitle,lang,country,period,year,source,notes,lyrics,tags_json,lang_locked,status,created_at,updated_at) VALUES ('pisniua_65271','То моє море','Музика: Володимир Бебешко Слова: Володимир Бебешко. Виконує: Віка Врадій','uk','ukraine_1991',NULL,NULL,'Співаник тернопільського туристичного клубу "Кристал"',NULL,'Най цілий світ пропада, я пожити хочу сам.
Кругом одні вар''яти, я вар''ятом ледь не став.
Я маю досить лажі, злих і ненормальних слів.
Я хочу бути корабльом на своєму морі снів.
То моє море...
Зелені люди ходять самі на себе злі.
Зелені торби носять, а вони такі тяжкі.
Я хочу своє море, я хочу бути сам.
І свої дикі сни я нікому не віддам.
То моє море...
Далеко в лісі ходять маленькі мурахи.
Про щось своє говорять, всі свої і всі чужі.
А в мене риби ходять тихо так, як я.
Я маю своє море, то моя німа сім''я.
То моє море...','["pisni.org.ua", "cat:philosophic", "Філософські пісні"]',1,'published',COALESCE((SELECT created_at FROM songs WHERE id='pisniua_65271'), datetime('now')),datetime('now'));
INSERT OR REPLACE INTO songs_fts(song_id,title,lyrics) VALUES ('pisniua_65271','То моє море','Най цілий світ пропада, я пожити хочу сам.
Кругом одні вар''яти, я вар''ятом ледь не став.
Я маю досить лажі, злих і ненормальних слів.
Я хочу бути корабльом на своєму морі снів.
То моє море...
Зелені люди ходять самі на себе злі.
Зелені торби носять, а вони такі тяжкі.
Я хочу своє море, я хочу бути сам.
І свої дикі сни я нікому не віддам.
То моє море...
Далеко в лісі ходять маленькі мурахи.
Про щось своє говорять, всі свої і всі чужі.
А в мене риби ходять тихо так, як я.
Я маю своє море, то моя німа сім''я.
То моє море...');
INSERT OR REPLACE INTO song_links (id,song_id,title,url,kind,version_id,sort_order) VALUES ('pisniua_65271_l1','pisniua_65271','YouTube','https://www.youtube.com/watch?v=xGaE2a1qObE','video',NULL,1);
INSERT OR REPLACE INTO songs (id,title,subtitle,lang,country,period,year,source,notes,lyrics,tags_json,lang_locked,status,created_at,updated_at) VALUES ('pisniua_6537195','Небо схилилось','Музика: Edge Worship Слова: Edge Worship','uk','ukraine_1991',NULL,NULL,'аудіозапис',NULL,'Серце її б''ється сильніше за вітер,
Тепло у душі, але тривога росте,
Дитя у руках обіймає тендітно!..
Ангели славу Йому віддають!
Матір у роздумах, як все здійсниться,
Тихо до серця шепоче: Мій Бог...

Приспів:
О, Різдво це нова надія!
Небо схилилося до землі!
Радість і страх у серці Марії,
Слава Всевишньому на віки!

Її руки тремтять, як полум''я свічки,
Та очі шукають небесних шляхів.
Бог вибрав її серед всіх на землі!
Ангели славу Йому віддають!
Матір у роздумах, як все здійсниться,
Тихо до серця шепоче: Мій Бог...

Приспів.

Чи розумів цей світ,
Як любов прийшла?
Дитя в яслах -
Марія плаче й співає,
Її радість, надія у серці її!

Приспів. (2)

Слава Всевишньому! —
Спів без кінця,
Це день, коли Бог
Дарував свого Сина!','["pisni.org.ua", "cat:suchasni-pisni-rizdvo", "Сучасні пісні про Різдвяні свята"]',1,'published',COALESCE((SELECT created_at FROM songs WHERE id='pisniua_6537195'), datetime('now')),datetime('now'));
INSERT OR REPLACE INTO songs_fts(song_id,title,lyrics) VALUES ('pisniua_6537195','Небо схилилось','Серце її б''ється сильніше за вітер,
Тепло у душі, але тривога росте,
Дитя у руках обіймає тендітно!..
Ангели славу Йому віддають!
Матір у роздумах, як все здійсниться,
Тихо до серця шепоче: Мій Бог...

Приспів:
О, Різдво це нова надія!
Небо схилилося до землі!
Радість і страх у серці Марії,
Слава Всевишньому на віки!

Її руки тремтять, як полум''я свічки,
Та очі шукають небесних шляхів.
Бог вибрав її серед всіх на землі!
Ангели славу Йому віддають!
Матір у роздумах, як все здійсниться,
Тихо до серця шепоче: Мій Бог...

Приспів.

Чи розумів цей світ,
Як любов прийшла?
Дитя в яслах -
Марія плаче й співає,
Її радість, надія у серці її!

Приспів. (2)

Слава Всевишньому! —
Спів без кінця,
Це день, коли Бог
Дарував свого Сина!');
INSERT OR REPLACE INTO song_links (id,song_id,title,url,kind,version_id,sort_order) VALUES ('pisniua_6537195_l1','pisniua_6537195','YouTube','https://www.youtube.com/watch?v=u9aNZ6Jw7vg','video',NULL,1);
INSERT OR REPLACE INTO songs (id,title,subtitle,lang,country,period,year,source,notes,lyrics,tags_json,lang_locked,status,created_at,updated_at) VALUES ('pisniua_6535353','Наша славна Україна','Музика: Володимир Самійленко Слова: Володимир Самійленко. Виконує: Хорея Козацька','uk','ukraine_1991',NULL,NULL,'записи виконання Хореї Козацької',NULL,'Наша славна Україна,
Наше щастя і наш рай,
Чи на світі є країна
Ще миліша за наш край?..
І в щасливі, злі години
Ми для неї живемо!
На Вкраїні й для Вкраїни      |
Будем жити й помремо!         | (2)

Нас не зможуть супостати
Взяти в кайдани свої -
Ми бороним наші хати,
Наші тихії гаї!
Не вмирає наша слава,
Не вмирає наша честь,
Бо живе в нас сила жвава,     |
Бо робітники в нас єсть!      | (2)

Гей, хто хоче всім свободи,   |
Поєднаймось, як брати!        |
Сонцем правди, світлом згоди, |
Боже, шлях наш освіти!        |
Хай забудеться недоля         |
І неслава давніх літ -        |
Щастє ж рівне й рівна воля    |
Засияють на весь світ!        |
Щастє ж рівне й рівна воля    |
Засияють на весь світ!        | (2)','["pisni.org.ua", "cat:himny-marshi", "Гимни та марші"]',1,'published',COALESCE((SELECT created_at FROM songs WHERE id='pisniua_6535353'), datetime('now')),datetime('now'));
INSERT OR REPLACE INTO songs_fts(song_id,title,lyrics) VALUES ('pisniua_6535353','Наша славна Україна','Наша славна Україна,
Наше щастя і наш рай,
Чи на світі є країна
Ще миліша за наш край?..
І в щасливі, злі години
Ми для неї живемо!
На Вкраїні й для Вкраїни      |
Будем жити й помремо!         | (2)

Нас не зможуть супостати
Взяти в кайдани свої -
Ми бороним наші хати,
Наші тихії гаї!
Не вмирає наша слава,
Не вмирає наша честь,
Бо живе в нас сила жвава,     |
Бо робітники в нас єсть!      | (2)

Гей, хто хоче всім свободи,   |
Поєднаймось, як брати!        |
Сонцем правди, світлом згоди, |
Боже, шлях наш освіти!        |
Хай забудеться недоля         |
І неслава давніх літ -        |
Щастє ж рівне й рівна воля    |
Засияють на весь світ!        |
Щастє ж рівне й рівна воля    |
Засияють на весь світ!        | (2)');
INSERT OR REPLACE INTO song_links (id,song_id,title,url,kind,version_id,sort_order) VALUES ('pisniua_6535353_l1','pisniua_6535353','YouTube','https://www.youtube.com/watch?v=rZnoiihtSxk','video',NULL,1);
INSERT OR REPLACE INTO songs (id,title,subtitle,lang,country,period,year,source,notes,lyrics,tags_json,lang_locked,status,created_at,updated_at) VALUES ('pisniua_6536440','Три сестри','Музика: Vlad Darwin Слова: Vlad Darwin','uk','ukraine_1991',NULL,NULL,'аудіозапис',NULL,'У садибі на осонні
Три красуні-доні
Аманда, Лінда і Роуз,
Аманда, Лінда і Роуз!..
Малювали акварелі
Мрійниці веселі -
Аманда, Лінда і Роуз!
Аманда, Лінда і Роуз!
Старша намалювала трон,
Середня намалювала вогонь,
А наймолодша — вірную любов!

Приспів:
А що коїть любов?
Коїть любов все, що хочеш!
А як зрадиш любов,
Зрадиш любов — жить не зможеш!
Якщо любиш — палай!
Любиш — палай та не сердься!
А розлюбиш — благай,
Бога благай,
Щоб любов жила в серці!
Бо любов жива!
Щоб любов жила в серці!
Бо любов жива!

А зоря на небосхилі
Лагідно світила
Аманді, Лінді і Роуз!
Аманді, Лінді і Роуз!
Та дороги в дальні далі
Різні обирали
Аманда, Лінда і Роуз!
Аманда, Лінда і Роуз!
Бо старша вірила королю,
Середня вірила мудрецю,
А наймолодша вірила в любов!

Приспів.

Промайнуло днів чимало,
Світом розкидало
Аманду, Лінду і Роуз,
Аманду, Лінду і Роуз.
Виглядали у дзеркала,
Осінь зустрічали
Аманда, Лінда і Роуз,
Аманда, Лінда і Роуз.
Старша зустріла у голоді,
Середня зустріла у холоді,
А наймолодша — у любові з мрій!

Приспів.

У садибі на осонні
Три красуні-доні
Аманда, Лінда і Роуз,
Аманда, Лінда і Роуз!..','["pisni.org.ua", "cat:philosophic", "cat:zahalni-cinnosti", "Філософські пісні", "Пісні про загальнолюдські цінності"]',1,'published',COALESCE((SELECT created_at FROM songs WHERE id='pisniua_6536440'), datetime('now')),datetime('now'));
INSERT OR REPLACE INTO songs_fts(song_id,title,lyrics) VALUES ('pisniua_6536440','Три сестри','У садибі на осонні
Три красуні-доні
Аманда, Лінда і Роуз,
Аманда, Лінда і Роуз!..
Малювали акварелі
Мрійниці веселі -
Аманда, Лінда і Роуз!
Аманда, Лінда і Роуз!
Старша намалювала трон,
Середня намалювала вогонь,
А наймолодша — вірную любов!

Приспів:
А що коїть любов?
Коїть любов все, що хочеш!
А як зрадиш любов,
Зрадиш любов — жить не зможеш!
Якщо любиш — палай!
Любиш — палай та не сердься!
А розлюбиш — благай,
Бога благай,
Щоб любов жила в серці!
Бо любов жива!
Щоб любов жила в серці!
Бо любов жива!

А зоря на небосхилі
Лагідно світила
Аманді, Лінді і Роуз!
Аманді, Лінді і Роуз!
Та дороги в дальні далі
Різні обирали
Аманда, Лінда і Роуз!
Аманда, Лінда і Роуз!
Бо старша вірила королю,
Середня вірила мудрецю,
А наймолодша вірила в любов!

Приспів.

Промайнуло днів чимало,
Світом розкидало
Аманду, Лінду і Роуз,
Аманду, Лінду і Роуз.
Виглядали у дзеркала,
Осінь зустрічали
Аманда, Лінда і Роуз,
Аманда, Лінда і Роуз.
Старша зустріла у голоді,
Середня зустріла у холоді,
А наймолодша — у любові з мрій!

Приспів.

У садибі на осонні
Три красуні-доні
Аманда, Лінда і Роуз,
Аманда, Лінда і Роуз!..');
INSERT OR REPLACE INTO song_links (id,song_id,title,url,kind,version_id,sort_order) VALUES ('pisniua_6536440_l1','pisniua_6536440','YouTube','https://www.youtube.com/watch?v=QRpUPd8C7ns','video',NULL,1);
INSERT OR REPLACE INTO songs (id,title,subtitle,lang,country,period,year,source,notes,lyrics,tags_json,lang_locked,status,created_at,updated_at) VALUES ('pisniua_6544848','Коси','Музика: Andriy Samchuk, Maks Burla Слова: Andriy Samchuk, Maks Burla','uk','ukraine_1991',NULL,NULL,'аудіозапис',NULL,'Приспів:
І, коли вона розпустила коси,
Запалав вогонь у очах моїх,
Я вже був без тебе - досить!
Я би зорі з неба до твоїх ніг!
І, коли вона розпустила коси,
Я став п''яніти і без вина,
Моя нова залежність - не папіроси,
Моя нова залежність - вона сама!

І лише в твоїх обіймах
Я почуваю себе наче вдома,
Без тебе все не те,
Без тебе наче в комі,
І все навколо в чорно-білих кольорах,
Без тебе їде дах, без тебе!..
Без тебе сонця немає і нема чому радіти
Холод відчуваю, хоч цвітуть на полі квіти
Бо ти - спонсор мого ендорфіну в житті!

І, коли вона розпустила коси,
Запалав вогонь у очах моїх,
Я вже був без тебе - досить!..
З мене досить!..

Приспів.

Терпи мене і без сил в нестомі
Люби мене або, ні, то вбий мене,
Якщо буде бажання нестримане!..
Знову всі нові пісні тобі мої,
Все життя і лиш тобі одній тепер!
Нова історія, і всю душу
Для мене лиш сповідай!..
Знайди у закутку свого серця місце,
І я урочисто відмовлюсь від усіх!..

Приспів.','["pisni.org.ua", "cat:devoted", "Пісні присвячені окремим особам"]',1,'published',COALESCE((SELECT created_at FROM songs WHERE id='pisniua_6544848'), datetime('now')),datetime('now'));
INSERT OR REPLACE INTO songs_fts(song_id,title,lyrics) VALUES ('pisniua_6544848','Коси','Приспів:
І, коли вона розпустила коси,
Запалав вогонь у очах моїх,
Я вже був без тебе - досить!
Я би зорі з неба до твоїх ніг!
І, коли вона розпустила коси,
Я став п''яніти і без вина,
Моя нова залежність - не папіроси,
Моя нова залежність - вона сама!

І лише в твоїх обіймах
Я почуваю себе наче вдома,
Без тебе все не те,
Без тебе наче в комі,
І все навколо в чорно-білих кольорах,
Без тебе їде дах, без тебе!..
Без тебе сонця немає і нема чому радіти
Холод відчуваю, хоч цвітуть на полі квіти
Бо ти - спонсор мого ендорфіну в житті!

І, коли вона розпустила коси,
Запалав вогонь у очах моїх,
Я вже був без тебе - досить!..
З мене досить!..

Приспів.

Терпи мене і без сил в нестомі
Люби мене або, ні, то вбий мене,
Якщо буде бажання нестримане!..
Знову всі нові пісні тобі мої,
Все життя і лиш тобі одній тепер!
Нова історія, і всю душу
Для мене лиш сповідай!..
Знайди у закутку свого серця місце,
І я урочисто відмовлюсь від усіх!..

Приспів.');
INSERT OR REPLACE INTO song_links (id,song_id,title,url,kind,version_id,sort_order) VALUES ('pisniua_6544848_l1','pisniua_6544848','YouTube','https://www.youtube.com/watch?v=fpEUML4CRx8','video',NULL,1);
INSERT OR REPLACE INTO songs (id,title,subtitle,lang,country,period,year,source,notes,lyrics,tags_json,lang_locked,status,created_at,updated_at) VALUES ('pisniua_6550050','Смарагдове небо','Музика: Maksym Derevianchuk Слова: Maksym Derevianchuk','uk','ukraine_1991',NULL,NULL,'аудіозапис',NULL,'Світанком біля моря,
Мрійним промінням сонця,
All up to you!
All up to you!
На це хибує більшість,
Вірність бракує цінність,
All up to you!
All up to you!

Приспів:
Смарагдове небо
Чекає нас завтра,
А я йду до тебе,
Я йду назад!
Смарагдове небо,
Загадуй бажання,
Я йду до тебе!
Я йду назад!

Смарагдове небо! | (3)

Мені прислали пісню,
Немає більше місця,
В моєму злому серці
Давно уже війна...
Давай забудемо, де ми,
Пробудемо всі проблеми.
Мені пора на сцену
Сказати ці слова!

Приспів.

Смарагдове небо! | (3)

Смарагдове небо,
Загадуй бажання,
Я йду до тебе!..

Приспів. (2)','["pisni.org.ua", "cat:philosophic", "Філософські пісні"]',1,'published',COALESCE((SELECT created_at FROM songs WHERE id='pisniua_6550050'), datetime('now')),datetime('now'));
INSERT OR REPLACE INTO songs_fts(song_id,title,lyrics) VALUES ('pisniua_6550050','Смарагдове небо','Світанком біля моря,
Мрійним промінням сонця,
All up to you!
All up to you!
На це хибує більшість,
Вірність бракує цінність,
All up to you!
All up to you!

Приспів:
Смарагдове небо
Чекає нас завтра,
А я йду до тебе,
Я йду назад!
Смарагдове небо,
Загадуй бажання,
Я йду до тебе!
Я йду назад!

Смарагдове небо! | (3)

Мені прислали пісню,
Немає більше місця,
В моєму злому серці
Давно уже війна...
Давай забудемо, де ми,
Пробудемо всі проблеми.
Мені пора на сцену
Сказати ці слова!

Приспів.

Смарагдове небо! | (3)

Смарагдове небо,
Загадуй бажання,
Я йду до тебе!..

Приспів. (2)');
INSERT OR REPLACE INTO song_links (id,song_id,title,url,kind,version_id,sort_order) VALUES ('pisniua_6550050_l1','pisniua_6550050','YouTube','https://www.youtube.com/watch?v=r6FA4j-kGa4','video',NULL,1);
INSERT OR REPLACE INTO songs (id,title,subtitle,lang,country,period,year,source,notes,lyrics,tags_json,lang_locked,status,created_at,updated_at) VALUES ('pisniua_6549178','Холодна гора','Музика: Собаки, Курган, Agregat Слова: Сергій Жадан','uk','ukraine_before_1917',NULL,NULL,'аудіозапис',NULL,'Приспів:
Теплі хрущовки, темні двори,
Пацан спускається з холодної гори,
Щоденний хіп-хоп, щоденний рок-н-рол,
В кишені бовтається парацетамол.
Місто аптек, місто блокпостів
Довго спускається в сторону мостів,
Котяться на захід ранкові поїзди,
Виросту, вивчусь — дам усім пи*ди!

У ранньому дитинстві ти тримаєшся своїх,
Брат легкоатлет ще до війни кудись заліг,
Вітчим щоранку підіймався на завод,
Світ складався із приходів та пригод.
Мама — надія, кожен ранок, як подія,
Демони метро передають тобі привіт.
Будеш бити, але хочеться любити,
Хочеться спалити цей дорослий світ!

Приспів.

Сірий: знову те саме, давай щось мінять
Та без питань

Сиджу з серйозним жалом,
З предметом в кармані можу ужалить,
Спортивки пальоні, Армані,
Вчора їздив на барік,
Ранковий бадун жити мішає,
Але вечером водку з пивом мішаю.
Бо, пива без водки, як паспорт без фотки,
Я вийду раніше, хай плате хтось інший.
Тут вуличні звуки це гальма маршрутки,
А вулиці голос це харківський Металіст!

Приспів.

Виросту, вивчусь — дам усім пи*ди!
Виросту, вивчусь — дам усім пи*ди!

Приспів.','["pisni.org.ua", "cat:socialno-pobutovi", "cat:zahalni-cinnosti", "Соціально-побутові пісні", "Пісні про загальнолюдські цінності"]',1,'published',COALESCE((SELECT created_at FROM songs WHERE id='pisniua_6549178'), datetime('now')),datetime('now'));
INSERT OR REPLACE INTO songs_fts(song_id,title,lyrics) VALUES ('pisniua_6549178','Холодна гора','Приспів:
Теплі хрущовки, темні двори,
Пацан спускається з холодної гори,
Щоденний хіп-хоп, щоденний рок-н-рол,
В кишені бовтається парацетамол.
Місто аптек, місто блокпостів
Довго спускається в сторону мостів,
Котяться на захід ранкові поїзди,
Виросту, вивчусь — дам усім пи*ди!

У ранньому дитинстві ти тримаєшся своїх,
Брат легкоатлет ще до війни кудись заліг,
Вітчим щоранку підіймався на завод,
Світ складався із приходів та пригод.
Мама — надія, кожен ранок, як подія,
Демони метро передають тобі привіт.
Будеш бити, але хочеться любити,
Хочеться спалити цей дорослий світ!

Приспів.

Сірий: знову те саме, давай щось мінять
Та без питань

Сиджу з серйозним жалом,
З предметом в кармані можу ужалить,
Спортивки пальоні, Армані,
Вчора їздив на барік,
Ранковий бадун жити мішає,
Але вечером водку з пивом мішаю.
Бо, пива без водки, як паспорт без фотки,
Я вийду раніше, хай плате хтось інший.
Тут вуличні звуки це гальма маршрутки,
А вулиці голос це харківський Металіст!

Приспів.

Виросту, вивчусь — дам усім пи*ди!
Виросту, вивчусь — дам усім пи*ди!

Приспів.');
INSERT OR REPLACE INTO song_links (id,song_id,title,url,kind,version_id,sort_order) VALUES ('pisniua_6549178_l1','pisniua_6549178','YouTube','https://www.youtube.com/watch?v=4lsfD50chao','video',NULL,1);
INSERT OR REPLACE INTO songs (id,title,subtitle,lang,country,period,year,source,notes,lyrics,tags_json,lang_locked,status,created_at,updated_at) VALUES ('pisniua_6536593','Щаслива я','Музика: Олександр Мирошниченко Слова: Наталія Харасайло','uk','ukraine_1991',NULL,NULL,'аудіозапис',NULL,'Щаслива я, бо ви мене любили,
Зима сміялась дзвінко за вікном.
В кімнату вітер добивавсь щосили, |
Та зігрівали ви своїм теплом...   | (2)

Щаслива я, бо ви мене любили,
Колядки Щедрий вечір розсипав.
Щаслива я, що ви мене зустріли,   |
Щаслива я, бо хтось мене кохав!.. | (2)

Бо хтось очима усміхавсь до мене
І ніжно мені руки цілував.
Казав, що знав мене іще в Едемі,  |
І пензлем в небі зорі малював.    | (2)

Щаслива я любов''ю неземною,
За течією почуттів пливу.
Моя любов вмиратиме зі мною       |
І житиме, допоки я живу!          | (2)','["pisni.org.ua", "cat:romansy", "Романси"]',1,'published',COALESCE((SELECT created_at FROM songs WHERE id='pisniua_6536593'), datetime('now')),datetime('now'));
INSERT OR REPLACE INTO songs_fts(song_id,title,lyrics) VALUES ('pisniua_6536593','Щаслива я','Щаслива я, бо ви мене любили,
Зима сміялась дзвінко за вікном.
В кімнату вітер добивавсь щосили, |
Та зігрівали ви своїм теплом...   | (2)

Щаслива я, бо ви мене любили,
Колядки Щедрий вечір розсипав.
Щаслива я, що ви мене зустріли,   |
Щаслива я, бо хтось мене кохав!.. | (2)

Бо хтось очима усміхавсь до мене
І ніжно мені руки цілував.
Казав, що знав мене іще в Едемі,  |
І пензлем в небі зорі малював.    | (2)

Щаслива я любов''ю неземною,
За течією почуттів пливу.
Моя любов вмиратиме зі мною       |
І житиме, допоки я живу!          | (2)');
INSERT OR REPLACE INTO song_links (id,song_id,title,url,kind,version_id,sort_order) VALUES ('pisniua_6536593_l1','pisniua_6536593','YouTube','https://www.youtube.com/watch?v=0q7nV71SG3E','video',NULL,1);
INSERT OR REPLACE INTO songs (id,title,subtitle,lang,country,period,year,source,notes,lyrics,tags_json,lang_locked,status,created_at,updated_at) VALUES ('pisniua_6553399','Ти не забудь','Музика: Volodymyr Dantes Слова: Volodymyr Dantes','uk','ukraine_1991',NULL,NULL,'аудіозапис',NULL,'І могли з тобою не зустрітись,
Потягом поїхала б в проклятий Хелм.
На пероні залишились квіти,
Зв''язок заглушив би РЕБ...
Чому тебе поцілував я?..
Чому не обирав складний маршрут?..
Часу буває завжди мало,
Часом не повернешся в момент!..

Приспів:
Ти не забудь -                 |
Всі квіти лиш для нас цвітуть! |
На відстані                    |
Любов отруєна, мов ртуть.      | (2)

Любов отруєна, мов ртуть...

Місяцями не відповідала,
Загубився я у твоєм DM.
Залицявся може я не вдало?
Але все змінив момент.
Ти та, яку так чекав я,
Ти така тендітна, мов роса.
Ти так скажеш, відчуваю,
Я - твій, ти - моя!

Приспів.

Обійми мене дужче
І тримай, не відпускай!
Відстань близькість порушить,
Ти знай...

Приспів.

Любов отруєна, мов ртуть...

Приспів. (2)

Любов отруєна, мов ртуть...
Любов отруєна...','["pisni.org.ua", "cat:zahalni-cinnosti", "Пісні про загальнолюдські цінності"]',1,'published',COALESCE((SELECT created_at FROM songs WHERE id='pisniua_6553399'), datetime('now')),datetime('now'));
INSERT OR REPLACE INTO songs_fts(song_id,title,lyrics) VALUES ('pisniua_6553399','Ти не забудь','І могли з тобою не зустрітись,
Потягом поїхала б в проклятий Хелм.
На пероні залишились квіти,
Зв''язок заглушив би РЕБ...
Чому тебе поцілував я?..
Чому не обирав складний маршрут?..
Часу буває завжди мало,
Часом не повернешся в момент!..

Приспів:
Ти не забудь -                 |
Всі квіти лиш для нас цвітуть! |
На відстані                    |
Любов отруєна, мов ртуть.      | (2)

Любов отруєна, мов ртуть...

Місяцями не відповідала,
Загубився я у твоєм DM.
Залицявся може я не вдало?
Але все змінив момент.
Ти та, яку так чекав я,
Ти така тендітна, мов роса.
Ти так скажеш, відчуваю,
Я - твій, ти - моя!

Приспів.

Обійми мене дужче
І тримай, не відпускай!
Відстань близькість порушить,
Ти знай...

Приспів.

Любов отруєна, мов ртуть...

Приспів. (2)

Любов отруєна, мов ртуть...
Любов отруєна...');
INSERT OR REPLACE INTO song_links (id,song_id,title,url,kind,version_id,sort_order) VALUES ('pisniua_6553399_l1','pisniua_6553399','YouTube','https://www.youtube.com/watch?v=drVFfAE6aPo','video',NULL,1);
INSERT OR REPLACE INTO songs (id,title,subtitle,lang,country,period,year,source,notes,lyrics,tags_json,lang_locked,status,created_at,updated_at) VALUES ('pisniua_6540797','Мамине серце','Музика: Ольга Животкова (Бажана), Ольга Старовойт Слова: Ольга Животкова (Бажана), Ольга Старовойт','uk','ukraine_1991',NULL,NULL,'аудіозапис',NULL,'Під маминим серцем
Росте цілий всесвіт
Із ніжності і віри в краще!
У ньому надії,
У ньому майбутнє,
Бо кожна з нас виношує щастя!
У кожної мами,
У донечки й сина
Збуватися мають мрії!
Молюсь за нас з вами!
Ти ж мама так само,
Пресвята Діва Марія!

Приспів:
Збережи дітей України!
Діти не бувають чужими!
Щасливими вони бути мають,
Нехай війни і болю не знають!
Збережи дітей України!
Ти і я - одна родина!
Нехай в любові діти зростають,
А мами колискові співають!..
Баю-бай... Баю-бай... Баю-бай...

З тобою я буду
У радість і скруту,
Я стану першим другом твоїм!
В життя проводжаю,
І, доки жива я,
Ділитимусь з тобой всім своїм!
У кожної мами,
У донечки й сина
Збуватися мають мрії!
Молюсь за нас з вами!
Ти ж мама так само,
Пресвята Діва Марія!

Приспів.

Речитатив:
Збережи! Захисти серденько кожне!
Поруч будь! Не забудь, прошу тебе, Боже!
Бо наші діти - майбутнє країни
Хай вони ростуть на славу України!

Збережи дітей України!
Ти і я - одна родина!
Нехай в любові діти зростають,
А мами колискові співають!..
Баю-бай... Баю-бай... Баю-бай...','["pisni.org.ua", "cat:do-bohorodyci", "cat:pro-ditey", "Пісні до Богородиці", "Пісні про любов до дітей"]',1,'published',COALESCE((SELECT created_at FROM songs WHERE id='pisniua_6540797'), datetime('now')),datetime('now'));
INSERT OR REPLACE INTO songs_fts(song_id,title,lyrics) VALUES ('pisniua_6540797','Мамине серце','Під маминим серцем
Росте цілий всесвіт
Із ніжності і віри в краще!
У ньому надії,
У ньому майбутнє,
Бо кожна з нас виношує щастя!
У кожної мами,
У донечки й сина
Збуватися мають мрії!
Молюсь за нас з вами!
Ти ж мама так само,
Пресвята Діва Марія!

Приспів:
Збережи дітей України!
Діти не бувають чужими!
Щасливими вони бути мають,
Нехай війни і болю не знають!
Збережи дітей України!
Ти і я - одна родина!
Нехай в любові діти зростають,
А мами колискові співають!..
Баю-бай... Баю-бай... Баю-бай...

З тобою я буду
У радість і скруту,
Я стану першим другом твоїм!
В життя проводжаю,
І, доки жива я,
Ділитимусь з тобой всім своїм!
У кожної мами,
У донечки й сина
Збуватися мають мрії!
Молюсь за нас з вами!
Ти ж мама так само,
Пресвята Діва Марія!

Приспів.

Речитатив:
Збережи! Захисти серденько кожне!
Поруч будь! Не забудь, прошу тебе, Боже!
Бо наші діти - майбутнє країни
Хай вони ростуть на славу України!

Збережи дітей України!
Ти і я - одна родина!
Нехай в любові діти зростають,
А мами колискові співають!..
Баю-бай... Баю-бай... Баю-бай...');
INSERT OR REPLACE INTO song_links (id,song_id,title,url,kind,version_id,sort_order) VALUES ('pisniua_6540797_l1','pisniua_6540797','YouTube','https://www.youtube.com/watch?v=D03jhKAiHo0','video',NULL,1);
INSERT OR REPLACE INTO songs (id,title,subtitle,lang,country,period,year,source,notes,lyrics,tags_json,lang_locked,status,created_at,updated_at) VALUES ('pisniua_6552776','Пізнє кохання',NULL,'uk','ukraine_1991',NULL,NULL,'аудіозапис',NULL,'Зустрів тебе я на краю життя,
Коли вже осінь стукала в віконце.
Та серце запалало почуттям,
І ти для мене знов зійшла, як сонце!
Здавалось, що давно минула мить,
Коли кохання може все змінити.
Та погляд твій у серці так горить,
Що хочеться з тобою тільки жити!

Приспів:
Пізнє кохання, як диво осіннє,
Знову у серці розквітло тепло!
Хай воно пізнє та дуже щасливе,
Наче весною у душу зайшло!
Пізнє кохання, мов зірка остання,
Світить яскраво крізь далі років.
Знаю тепер я, що справжнє кохання
Не має ні часу, ні меж й берегів!..

Я довго йшов життям, не знаючи тебе,
І думав, що вже більше не зустріну.
Але сьогодні ти — моє святе,
Єдина у житті моїм людина!..
І хоч зима уже в волоссі в нас,
Та в серці знов палає юна сила!..
І кожен день тепер — безцінний час,
Бо ти мені надію запалила!..

Приспів.

Хай світ говорить,
Що пізно вже любити,
Невже раніш ні в кого не було?
Коли є ти, я знову хочу жити,
З тобою серце знову розцвіло!..

Приспів.','["pisni.org.ua", "cat:devoted", "cat:zahalni-cinnosti", "Пісні присвячені окремим особам", "Пісні про загальнолюдські цінності"]',1,'published',COALESCE((SELECT created_at FROM songs WHERE id='pisniua_6552776'), datetime('now')),datetime('now'));
INSERT OR REPLACE INTO songs_fts(song_id,title,lyrics) VALUES ('pisniua_6552776','Пізнє кохання','Зустрів тебе я на краю життя,
Коли вже осінь стукала в віконце.
Та серце запалало почуттям,
І ти для мене знов зійшла, як сонце!
Здавалось, що давно минула мить,
Коли кохання може все змінити.
Та погляд твій у серці так горить,
Що хочеться з тобою тільки жити!

Приспів:
Пізнє кохання, як диво осіннє,
Знову у серці розквітло тепло!
Хай воно пізнє та дуже щасливе,
Наче весною у душу зайшло!
Пізнє кохання, мов зірка остання,
Світить яскраво крізь далі років.
Знаю тепер я, що справжнє кохання
Не має ні часу, ні меж й берегів!..

Я довго йшов життям, не знаючи тебе,
І думав, що вже більше не зустріну.
Але сьогодні ти — моє святе,
Єдина у житті моїм людина!..
І хоч зима уже в волоссі в нас,
Та в серці знов палає юна сила!..
І кожен день тепер — безцінний час,
Бо ти мені надію запалила!..

Приспів.

Хай світ говорить,
Що пізно вже любити,
Невже раніш ні в кого не було?
Коли є ти, я знову хочу жити,
З тобою серце знову розцвіло!..

Приспів.');
INSERT OR REPLACE INTO song_links (id,song_id,title,url,kind,version_id,sort_order) VALUES ('pisniua_6552776_l1','pisniua_6552776','YouTube','https://www.youtube.com/watch?v=aaYLpdmw8mE','video',NULL,1);
INSERT OR REPLACE INTO songs (id,title,subtitle,lang,country,period,year,source,notes,lyrics,tags_json,lang_locked,status,created_at,updated_at) VALUES ('pisniua_6554297','Було літо','Українська народна пісня','uk','ukraine_before_1917',NULL,NULL,'аудіозапис',NULL,'Було літо, було літо,
Та й стала зима,
Як не було пригодоньки,
Гей, то й тепер нема...

Була колись пригодонька
З Криму ідучи,
В чистім полі край дороги,
Гей, воли пасучи.

Занедужав чумаченько,
Упав та й лежить,
Ніхто ж його не спитає,
Гей, що в нього болить.

Болить в нього молодого
Серце й голова,
Помирає чумаченько,
Гей, а роду нема...

Гей, ревнули сірі воли,
Тіло везучи,
Заплакали чумаченьки,
За ним ідучи...

Гей, ревнули сірі воли
В новому ярмі,
Поховали чумаченька,
Гей, в чужій стороні...','["pisni.org.ua", "cat:chumacki", "Чумацькі пісні"]',1,'published',COALESCE((SELECT created_at FROM songs WHERE id='pisniua_6554297'), datetime('now')),datetime('now'));
INSERT OR REPLACE INTO songs_fts(song_id,title,lyrics) VALUES ('pisniua_6554297','Було літо','Було літо, було літо,
Та й стала зима,
Як не було пригодоньки,
Гей, то й тепер нема...

Була колись пригодонька
З Криму ідучи,
В чистім полі край дороги,
Гей, воли пасучи.

Занедужав чумаченько,
Упав та й лежить,
Ніхто ж його не спитає,
Гей, що в нього болить.

Болить в нього молодого
Серце й голова,
Помирає чумаченько,
Гей, а роду нема...

Гей, ревнули сірі воли,
Тіло везучи,
Заплакали чумаченьки,
За ним ідучи...

Гей, ревнули сірі воли
В новому ярмі,
Поховали чумаченька,
Гей, в чужій стороні...');
INSERT OR REPLACE INTO song_links (id,song_id,title,url,kind,version_id,sort_order) VALUES ('pisniua_6554297_l1','pisniua_6554297','YouTube','https://www.youtube.com/watch?v=KBTBJiI46xs','video',NULL,1);
INSERT OR REPLACE INTO songs (id,title,subtitle,lang,country,period,year,source,notes,lyrics,tags_json,lang_locked,status,created_at,updated_at) VALUES ('pisniua_6553374','Падав туман','Музика: Д. Баскаков, В. Ступак, І. Клименко, В. Кудрявець Слова: Д. Баскаков, І. Клименко, Є. Пронін, В. Кудрявець','uk','ukraine_1991',NULL,NULL,'аудіозапис',NULL,'Приспів:
На воду падав туман, на підлогу - сльози, |
Останній роман залишив занози...          |
Любов гірка була, та з неї досить,        |
Більше в його руках вона не вивозить!..   | (2)

Покохав, але їй цього було замало,
Вона на нього запала та потім все зламала.
Колихав, але лиш красивими словами,
Допоки падав туман... На воду падав туман...
Скільки раз ховала сльози під холодний душ,
Пробачить і плаче, поки не змиє туш...
Та зрозумій: любов не річ, яка не підійшла,
Ти просто не того знайшла!..

Приспів.

І ще один пустий дзвінок із його телефону,
Він пропонує все по-новій і по-новому.
Це виглядає як поганий комедійний фільм,
Бо вже не смішно їй!..
Скільки раз ховала сльози під холодний душ,
Пробачить і плаче, поки не змиє туш...
Та зрозумій: любов не річ, яка не підійшла,
Ти просто не того знайшла!..
Запроси мене на останній танець,
Можливо я залишусь, але не зарікаюсь.
Запроси мене на останню каву,
Скажу: Мені не цікаво!

Приспів.','["pisni.org.ua", "cat:devoted", "cat:nostalgia", "cat:zahalni-cinnosti", "Пісні присвячені окремим особам", "Пісні з ностальгічними мотивами", "Пісні про загальнолюдські цінності"]',1,'published',COALESCE((SELECT created_at FROM songs WHERE id='pisniua_6553374'), datetime('now')),datetime('now'));
INSERT OR REPLACE INTO songs_fts(song_id,title,lyrics) VALUES ('pisniua_6553374','Падав туман','Приспів:
На воду падав туман, на підлогу - сльози, |
Останній роман залишив занози...          |
Любов гірка була, та з неї досить,        |
Більше в його руках вона не вивозить!..   | (2)

Покохав, але їй цього було замало,
Вона на нього запала та потім все зламала.
Колихав, але лиш красивими словами,
Допоки падав туман... На воду падав туман...
Скільки раз ховала сльози під холодний душ,
Пробачить і плаче, поки не змиє туш...
Та зрозумій: любов не річ, яка не підійшла,
Ти просто не того знайшла!..

Приспів.

І ще один пустий дзвінок із його телефону,
Він пропонує все по-новій і по-новому.
Це виглядає як поганий комедійний фільм,
Бо вже не смішно їй!..
Скільки раз ховала сльози під холодний душ,
Пробачить і плаче, поки не змиє туш...
Та зрозумій: любов не річ, яка не підійшла,
Ти просто не того знайшла!..
Запроси мене на останній танець,
Можливо я залишусь, але не зарікаюсь.
Запроси мене на останню каву,
Скажу: Мені не цікаво!

Приспів.');
INSERT OR REPLACE INTO song_links (id,song_id,title,url,kind,version_id,sort_order) VALUES ('pisniua_6553374_l1','pisniua_6553374','YouTube','https://www.youtube.com/watch?v=agYRgoeidQs','video',NULL,1);
INSERT OR REPLACE INTO song_links (id,song_id,title,url,kind,version_id,sort_order) VALUES ('pisniua_6553374_l2','pisniua_6553374','YouTube','https://www.youtube.com/watch?v=uCD72hv4x3c','video',NULL,2);
INSERT OR REPLACE INTO songs (id,title,subtitle,lang,country,period,year,source,notes,lyrics,tags_json,lang_locked,status,created_at,updated_at) VALUES ('pisniua_6538972','Приходять тіні і мовчать','Музика: ШІ Слова: Віталій Орловський','uk','ukraine_1991',NULL,NULL,'аудіозапис',NULL,'Приходять тіні - і мовчать,
І заглядають мені в душу:
Так, ніби маю їх стрічать.
Вони шепочуть: "Як ти, друже?"

І я витягую з пітьми
Обличчя мертвих побратимів.
"Не бійся, брате. Так, це - ми", -
Стоять бліді, немов у гримі.

Окоп стає таким малим,
До болю схожим на могилу.
Війна страшний наносить грим,
Несе в труні бійців до тилу.

"Дивіться, хлопці: я один
Із двадцять другого лишився.
Складаю пазл із домовин,
Рахую смерті - з ліку збився".

А тіні курять, і мені
Крізь форму видно їх легені.
Серця спинились кам''яні,
Застигла кров у кожній вені.

"Пробачте, хлопці, що живу.
Якби ж я міг вас повернути!"
Світанок падає в траву
І не дає мені заснути...','["pisni.org.ua", "cat:druzhba", "Пісні про дружбу"]',1,'published',COALESCE((SELECT created_at FROM songs WHERE id='pisniua_6538972'), datetime('now')),datetime('now'));
INSERT OR REPLACE INTO songs_fts(song_id,title,lyrics) VALUES ('pisniua_6538972','Приходять тіні і мовчать','Приходять тіні - і мовчать,
І заглядають мені в душу:
Так, ніби маю їх стрічать.
Вони шепочуть: "Як ти, друже?"

І я витягую з пітьми
Обличчя мертвих побратимів.
"Не бійся, брате. Так, це - ми", -
Стоять бліді, немов у гримі.

Окоп стає таким малим,
До болю схожим на могилу.
Війна страшний наносить грим,
Несе в труні бійців до тилу.

"Дивіться, хлопці: я один
Із двадцять другого лишився.
Складаю пазл із домовин,
Рахую смерті - з ліку збився".

А тіні курять, і мені
Крізь форму видно їх легені.
Серця спинились кам''яні,
Застигла кров у кожній вені.

"Пробачте, хлопці, що живу.
Якби ж я міг вас повернути!"
Світанок падає в траву
І не дає мені заснути...');
INSERT OR REPLACE INTO song_links (id,song_id,title,url,kind,version_id,sort_order) VALUES ('pisniua_6538972_l1','pisniua_6538972','YouTube','https://www.youtube.com/watch?v=WAGfWCDXCz4','video',NULL,1);
INSERT OR REPLACE INTO songs (id,title,subtitle,lang,country,period,year,source,notes,lyrics,tags_json,lang_locked,status,created_at,updated_at) VALUES ('pisniua_65593','Цілісіньку нічку','Виконує: Ексампей, Не журись!','uk','ukraine_before_1917',NULL,NULL,'аудіозапис','Ймовірно, "Не журись!" не виконували цієї пісні (Інформацію надав Віктор Морозов, http://www.mo-productions.com). Потрібне уточнення!','Куплет 1:
Цілісіньку нічку
Колиса нам свічку.
Колиса нам свічку.
H7
Гей!
З вечора до рана
Ятрилася рана.
Ятрилася рана.
Гей!
Куплет 2:
Цілісіньку нічку
Колиса нам свічку.
Колиса нам свічку.
A7
Гей!
Ми тепер без тата -
Впав у руки ката.
Впав у руки ката.
Гей!
Куплет 3 (акорди з Куплету 1):
Цілісіньку нічку
Колиса нам свічку.  (2)
Гей!
Вогнику восковий,
Згасив тя войсковий.  (2)
Гей!
Куплет 4 (акорди з Куплету 2):
Цілісіньку нічку
Колиса нам свічку.  (2)
Гей!
Політай, синочку,
В крилатім візочку.  (2)
Гей!','["pisni.org.ua", "cat:bardivski", "cat:kolyskovi", "Бардівські пісні", "Колискові"]',1,'published',COALESCE((SELECT created_at FROM songs WHERE id='pisniua_65593'), datetime('now')),datetime('now'));
INSERT OR REPLACE INTO songs_fts(song_id,title,lyrics) VALUES ('pisniua_65593','Цілісіньку нічку','Куплет 1:
Цілісіньку нічку
Колиса нам свічку.
Колиса нам свічку.
H7
Гей!
З вечора до рана
Ятрилася рана.
Ятрилася рана.
Гей!
Куплет 2:
Цілісіньку нічку
Колиса нам свічку.
Колиса нам свічку.
A7
Гей!
Ми тепер без тата -
Впав у руки ката.
Впав у руки ката.
Гей!
Куплет 3 (акорди з Куплету 1):
Цілісіньку нічку
Колиса нам свічку.  (2)
Гей!
Вогнику восковий,
Згасив тя войсковий.  (2)
Гей!
Куплет 4 (акорди з Куплету 2):
Цілісіньку нічку
Колиса нам свічку.  (2)
Гей!
Політай, синочку,
В крилатім візочку.  (2)
Гей!');
INSERT OR REPLACE INTO songs (id,title,subtitle,lang,country,period,year,source,notes,lyrics,tags_json,lang_locked,status,created_at,updated_at) VALUES ('pisniua_6537477','Ой, ходили коліднички','Українська народна пісня','uk','ukraine_before_1917',NULL,NULL,'аудіозапис',NULL,'Ой, ходили коліднички
Від хати до хати,
Щоби панам господарям
Заколєдувати!

Щоби панам господарям
Заколєдувати,
Вам всім щістє та й здоров''я
Хочем побажати!

Вам всім щістє та й здоров''я
Хочем побажати!
Тай Пречисту Діву Матір
Будем прославляти!

Там Пречиста Діва Мати
Породила Сина
Та й у місті Вифлеємі
На сіні сповила!

Та й у місті Вифлеємі
На сіні сповила!
Бог Предвічний народивсі -
Велика новина!

Бог Предвічний народивсі -
Велика новина!
На спасіння всього світу
Божая дитина!..','["pisni.org.ua", "cat:huculski", "Гуцульські пісні"]',1,'published',COALESCE((SELECT created_at FROM songs WHERE id='pisniua_6537477'), datetime('now')),datetime('now'));
INSERT OR REPLACE INTO songs_fts(song_id,title,lyrics) VALUES ('pisniua_6537477','Ой, ходили коліднички','Ой, ходили коліднички
Від хати до хати,
Щоби панам господарям
Заколєдувати!

Щоби панам господарям
Заколєдувати,
Вам всім щістє та й здоров''я
Хочем побажати!

Вам всім щістє та й здоров''я
Хочем побажати!
Тай Пречисту Діву Матір
Будем прославляти!

Там Пречиста Діва Мати
Породила Сина
Та й у місті Вифлеємі
На сіні сповила!

Та й у місті Вифлеємі
На сіні сповила!
Бог Предвічний народивсі -
Велика новина!

Бог Предвічний народивсі -
Велика новина!
На спасіння всього світу
Божая дитина!..');
INSERT OR REPLACE INTO song_links (id,song_id,title,url,kind,version_id,sort_order) VALUES ('pisniua_6537477_l1','pisniua_6537477','YouTube','https://www.youtube.com/watch?v=XqKGrFiJlvk','video',NULL,1);
INSERT OR REPLACE INTO songs (id,title,subtitle,lang,country,period,year,source,notes,lyrics,tags_json,lang_locked,status,created_at,updated_at) VALUES ('pisniua_6554879','Згадай','Українська народна пісня','uk','ukraine_before_1917',NULL,NULL,'аудіозапис','Народний романс від Галини Якимівни Попко з Крячківки.','Згадай-пригадай ти той час,
Як ми вперше зустрілись з тобою,
Як ми вперше в кохання вп''ялись,
І зорю зустрічали весною!..

Згадай, твоя пишна коса
На колінах у мене лежала,
І на ній, мовби срідна роса,
Самоцвітним камінням блищала...

Згадай той вишневий садок,
Який цвів немов снігом облитий,
Як і кожен із нас тоді мріяв,
До могили у парі прожити!..

Згадай-пригадай ти той час,
Як я вперше про зраду дізнався,
Соловейко в саду не співав,
Тільки пугач в гаю заливався...
Соловейко в саду не співав,
Тільки пугач в гаю заливався...

Згадай-пригадай ти той час,
Як ми вперше зустрілись з тобою,
Як ми вперше в кохання вп''ялись,
І зорю зустрічали весною!..','["pisni.org.ua", "cat:romansy", "Романси"]',1,'published',COALESCE((SELECT created_at FROM songs WHERE id='pisniua_6554879'), datetime('now')),datetime('now'));
INSERT OR REPLACE INTO songs_fts(song_id,title,lyrics) VALUES ('pisniua_6554879','Згадай','Згадай-пригадай ти той час,
Як ми вперше зустрілись з тобою,
Як ми вперше в кохання вп''ялись,
І зорю зустрічали весною!..

Згадай, твоя пишна коса
На колінах у мене лежала,
І на ній, мовби срідна роса,
Самоцвітним камінням блищала...

Згадай той вишневий садок,
Який цвів немов снігом облитий,
Як і кожен із нас тоді мріяв,
До могили у парі прожити!..

Згадай-пригадай ти той час,
Як я вперше про зраду дізнався,
Соловейко в саду не співав,
Тільки пугач в гаю заливався...
Соловейко в саду не співав,
Тільки пугач в гаю заливався...

Згадай-пригадай ти той час,
Як ми вперше зустрілись з тобою,
Як ми вперше в кохання вп''ялись,
І зорю зустрічали весною!..');
INSERT OR REPLACE INTO song_links (id,song_id,title,url,kind,version_id,sort_order) VALUES ('pisniua_6554879_l1','pisniua_6554879','YouTube','https://www.youtube.com/watch?v=HiEWFvhWGl4','video',NULL,1);
INSERT OR REPLACE INTO songs (id,title,subtitle,lang,country,period,year,source,notes,lyrics,tags_json,lang_locked,status,created_at,updated_at) VALUES ('pisniua_6565848','Ой, як важко','Музика: Олександр Пономарьов Слова: Олександр Пономарьов. Виконує: Олександр Пономарьов, Михайло Хома','uk','ukraine_1991',NULL,NULL,'аудіозапис','Українські артисти Олександр Пономарьов та Михайло Хома презентують спільну композицію "Ой як важко..." — присвяту всім, хто сьогодні далеко від рідного дому, щиру історію про тугу, пам''ять і незгасну силу повернення. Це пісня для тих, хто був змушений залишити свій дім, але щодня носить його у серці. Ця пісня про пам''ять, яка береже нас, і про дорогу, яка обов''язково приведе додому. Ця пісня для всіх українців, відірваних від своїх домівок, але нерозривно пов''язаних між собою!..','Ой, як важко мені на чужині,
Так далеко від рідної хати,
І від річечки, що там тече в далині,   |
Так далеко, де батько і мати...        | (2)

Ой, як важко мені на чужині...
Соловейко тут так не співає,
А в душі у моїй десь, отам, в глибині, |
Він, як вдома, співає, літає...        | (2)

Ой, як важко мені на чужині,
Все не рідне, чуже, ой, не знаю...
Я би птахом летів десь у вишині,       |
Я б летів би до рідного краю!..        | (2)

Ой, як важко мені на чужині!..
Ой, як важко мені на чужині...
Прийде час - повернуся до хати,
І до річечки, що там тече в далині,    |
Повернуся, де батько і мати!..         | (2)','["pisni.org.ua", "cat:emigration", "Пісні про еміґрацію"]',1,'published',COALESCE((SELECT created_at FROM songs WHERE id='pisniua_6565848'), datetime('now')),datetime('now'));
INSERT OR REPLACE INTO songs_fts(song_id,title,lyrics) VALUES ('pisniua_6565848','Ой, як важко','Ой, як важко мені на чужині,
Так далеко від рідної хати,
І від річечки, що там тече в далині,   |
Так далеко, де батько і мати...        | (2)

Ой, як важко мені на чужині...
Соловейко тут так не співає,
А в душі у моїй десь, отам, в глибині, |
Він, як вдома, співає, літає...        | (2)

Ой, як важко мені на чужині,
Все не рідне, чуже, ой, не знаю...
Я би птахом летів десь у вишині,       |
Я б летів би до рідного краю!..        | (2)

Ой, як важко мені на чужині!..
Ой, як важко мені на чужині...
Прийде час - повернуся до хати,
І до річечки, що там тече в далині,    |
Повернуся, де батько і мати!..         | (2)');
INSERT OR REPLACE INTO song_links (id,song_id,title,url,kind,version_id,sort_order) VALUES ('pisniua_6565848_l1','pisniua_6565848','YouTube','https://www.youtube.com/watch?v=se-8OzySfP0','video',NULL,1);
INSERT OR REPLACE INTO songs (id,title,subtitle,lang,country,period,year,source,notes,lyrics,tags_json,lang_locked,status,created_at,updated_at) VALUES ('pisniua_65570','Качечка','(Ой летіла качечка). Музика: Ексампей Слова: Борис Мозолевський. Виконує: Ексампей','uk','ukraine_1991',NULL,NULL,'аудіозапис',NULL,'Передмова:
Краплинами крові виглядають ще восени
кущі шипшини на Гаймановій могилі.
У ній похований скіф у вічних обіймах своєї нареченої.
Вона пішла за ним із священною вірою у потойбічне життя,
із священною вірою у невмирущість любові.
Вступ:  Dm C Dm  (2)
Ой летіла качечка до схід сонечка.
Була в мами Опія - люба донечка.
Програш:  Dm C Dm
Ой летіла качечка. Квітло зіллячко.
Несла в дзьобі амфору на весіллячко.
Програш. (9)
А що те весіллячко плачем линуло -
Повінчалась Опія з домовиною.
Програш.
Туга коса чорная, білі грудоньки.
Чого ж тепер плакати, добрі людоньки?
Програш.
А щоб не подумали, що не добрі бо
У віночок качечку тобі зробимо.
Програш.
Золотая качечка, в дзьобі амфора.
А із тихих уст її крівця капала.
Програш.
...крівця капала.
Програш.
...крівця капала.','["pisni.org.ua", "cat:bardivski", "Бардівські пісні"]',1,'published',COALESCE((SELECT created_at FROM songs WHERE id='pisniua_65570'), datetime('now')),datetime('now'));
INSERT OR REPLACE INTO songs_fts(song_id,title,lyrics) VALUES ('pisniua_65570','Качечка','Передмова:
Краплинами крові виглядають ще восени
кущі шипшини на Гаймановій могилі.
У ній похований скіф у вічних обіймах своєї нареченої.
Вона пішла за ним із священною вірою у потойбічне життя,
із священною вірою у невмирущість любові.
Вступ:  Dm C Dm  (2)
Ой летіла качечка до схід сонечка.
Була в мами Опія - люба донечка.
Програш:  Dm C Dm
Ой летіла качечка. Квітло зіллячко.
Несла в дзьобі амфору на весіллячко.
Програш. (9)
А що те весіллячко плачем линуло -
Повінчалась Опія з домовиною.
Програш.
Туга коса чорная, білі грудоньки.
Чого ж тепер плакати, добрі людоньки?
Програш.
А щоб не подумали, що не добрі бо
У віночок качечку тобі зробимо.
Програш.
Золотая качечка, в дзьобі амфора.
А із тихих уст її крівця капала.
Програш.
...крівця капала.
Програш.
...крівця капала.');
INSERT OR REPLACE INTO songs (id,title,subtitle,lang,country,period,year,source,notes,lyrics,tags_json,lang_locked,status,created_at,updated_at) VALUES ('pisniua_6552491','На Йвана Купала','Музика: Оксана Пічугіна Слова: Оксана Пічугіна','uk','ukraine_before_1917',NULL,NULL,'аудіозапис',NULL,'Зелена травичка,
Синій барвіночок,
На Йвана Купала          |
Я сплету віночок!        | (2)

На дівочу вроду,
На щастя, на долю,
Та й на бистру воду      |
Відпущу на волю!         | (2)

Свічечка палає,
Як моє серденько,
Лиш віночок знає,        |
Де ж ти мій миленький!.. | (2)','["pisni.org.ua", "cat:kupalski", "Купальські пісні"]',1,'published',COALESCE((SELECT created_at FROM songs WHERE id='pisniua_6552491'), datetime('now')),datetime('now'));
INSERT OR REPLACE INTO songs_fts(song_id,title,lyrics) VALUES ('pisniua_6552491','На Йвана Купала','Зелена травичка,
Синій барвіночок,
На Йвана Купала          |
Я сплету віночок!        | (2)

На дівочу вроду,
На щастя, на долю,
Та й на бистру воду      |
Відпущу на волю!         | (2)

Свічечка палає,
Як моє серденько,
Лиш віночок знає,        |
Де ж ти мій миленький!.. | (2)');
INSERT OR REPLACE INTO song_links (id,song_id,title,url,kind,version_id,sort_order) VALUES ('pisniua_6552491_l1','pisniua_6552491','YouTube','https://www.youtube.com/watch?v=9-1nylrP6xY','video',NULL,1);
INSERT OR REPLACE INTO song_links (id,song_id,title,url,kind,version_id,sort_order) VALUES ('pisniua_6552491_l2','pisniua_6552491','YouTube','https://www.youtube.com/watch?v=HRal1hjSfCo','video',NULL,2);
INSERT OR REPLACE INTO songs (id,title,subtitle,lang,country,period,year,source,notes,lyrics,tags_json,lang_locked,status,created_at,updated_at) VALUES ('pisniua_6552757','Ненормальна','Музика: Оля Цибульська Слова: Оля Цибульська','uk','ukraine_1991',NULL,NULL,'аудіозапис',NULL,'Приспів:
Що скажуть люди, мені по солов''ю!      |
Живу я так як вмію, себе я I love you! | (2)

Знову вітер розплутав волосся,
Наша зустріч з тобою - фатальна.
Ні, шановний, тобі не здалося,         |
Це нормально, що я - ненормальна!      | (2)

Приспів.

Я куплю собі сукню червону -
Так поправлю здоров''я ментальне!
Ні, шановний, тобі не здалося,
Це нормально, що я - ненормальна!
Ні, шановні, вам всім не здалося,
Це нормально, що я - ненормальна!

Приспів.

Це нормально! Це нормально!            |
Це нормально, що я - ненормальна!      | (4)

Приспів.

Живу я так як вмію, себе я I love you!','["pisni.org.ua", "cat:zahalni-cinnosti", "Пісні про загальнолюдські цінності"]',1,'published',COALESCE((SELECT created_at FROM songs WHERE id='pisniua_6552757'), datetime('now')),datetime('now'));
INSERT OR REPLACE INTO songs_fts(song_id,title,lyrics) VALUES ('pisniua_6552757','Ненормальна','Приспів:
Що скажуть люди, мені по солов''ю!      |
Живу я так як вмію, себе я I love you! | (2)

Знову вітер розплутав волосся,
Наша зустріч з тобою - фатальна.
Ні, шановний, тобі не здалося,         |
Це нормально, що я - ненормальна!      | (2)

Приспів.

Я куплю собі сукню червону -
Так поправлю здоров''я ментальне!
Ні, шановний, тобі не здалося,
Це нормально, що я - ненормальна!
Ні, шановні, вам всім не здалося,
Це нормально, що я - ненормальна!

Приспів.

Це нормально! Це нормально!            |
Це нормально, що я - ненормальна!      | (4)

Приспів.

Живу я так як вмію, себе я I love you!');
INSERT OR REPLACE INTO song_links (id,song_id,title,url,kind,version_id,sort_order) VALUES ('pisniua_6552757_l1','pisniua_6552757','YouTube','https://www.youtube.com/watch?v=thOweflW6VI','video',NULL,1);
INSERT OR REPLACE INTO songs (id,title,subtitle,lang,country,period,year,source,notes,lyrics,tags_json,lang_locked,status,created_at,updated_at) VALUES ('pisniua_6563858','Миколай, в гості не барися','Музика: Наталія Май Слова: Наталія Май','uk','ukraine_1991',NULL,NULL,'аудіозапис',NULL,'На порозі Миколай -
Подарунки, втіха,
На санчатах довелось
До малят приїхать!

Приспів:
Миколай! Миколай,
В гості не барися!
Миколай! Миколай,
Заспівай нам пісню!

В нього біла борода,
Кожушок червоний,
Замориться - не біда,
Плещемо в долоні!

Приспів.','["pisni.org.ua", "cat:svyatyy-mykolay", "Пісні про Святого Миколая"]',1,'published',COALESCE((SELECT created_at FROM songs WHERE id='pisniua_6563858'), datetime('now')),datetime('now'));
INSERT OR REPLACE INTO songs_fts(song_id,title,lyrics) VALUES ('pisniua_6563858','Миколай, в гості не барися','На порозі Миколай -
Подарунки, втіха,
На санчатах довелось
До малят приїхать!

Приспів:
Миколай! Миколай,
В гості не барися!
Миколай! Миколай,
Заспівай нам пісню!

В нього біла борода,
Кожушок червоний,
Замориться - не біда,
Плещемо в долоні!

Приспів.');
INSERT OR REPLACE INTO song_links (id,song_id,title,url,kind,version_id,sort_order) VALUES ('pisniua_6563858_l1','pisniua_6563858','YouTube','https://www.youtube.com/watch?v=Tb7nDf3KiZs','video',NULL,1);
INSERT OR REPLACE INTO songs (id,title,subtitle,lang,country,period,year,source,notes,lyrics,tags_json,lang_locked,status,created_at,updated_at) VALUES ('pisniua_6564454','Я нарешті повернувся в Україну','Музика: ШІ Слова: Сергій Льовін','uk','ukraine_1991',NULL,NULL,'авторське подання','Пісню виконує ШІ. https://youtube.com/shorts/ru-sEnxCGDs?feature=','Я, нарешті, повернувся в Україну,
Де, на щастя, народився і зростав,
Щоб ніколи ані доньці, ані сину
Емігрантами не бути, Боже збав!

Тут земля, куди ведуть усі дороги,
Тут коріння стародавньої Русі.
Де б не був, завжди сюди доставлять ноги,
То про неї я: Помилуй і спаси

Ці поля і ріки -  віддані і вільні,
Розмальовані, доглянуті хати,
Цих людей відкритих, працьовитих, сильних
В оберігах-вишиванках - захисти!

А в Московії і холодно, і дико,
За колючим дротом — все одне кіно:
Богом кинута, брудна, багатолика,
Як тепер, так і колись, давним-давно.','["pisni.org.ua", "cat:emigration", "Пісні про еміґрацію"]',1,'published',COALESCE((SELECT created_at FROM songs WHERE id='pisniua_6564454'), datetime('now')),datetime('now'));
INSERT OR REPLACE INTO songs_fts(song_id,title,lyrics) VALUES ('pisniua_6564454','Я нарешті повернувся в Україну','Я, нарешті, повернувся в Україну,
Де, на щастя, народився і зростав,
Щоб ніколи ані доньці, ані сину
Емігрантами не бути, Боже збав!

Тут земля, куди ведуть усі дороги,
Тут коріння стародавньої Русі.
Де б не був, завжди сюди доставлять ноги,
То про неї я: Помилуй і спаси

Ці поля і ріки -  віддані і вільні,
Розмальовані, доглянуті хати,
Цих людей відкритих, працьовитих, сильних
В оберігах-вишиванках - захисти!

А в Московії і холодно, і дико,
За колючим дротом — все одне кіно:
Богом кинута, брудна, багатолика,
Як тепер, так і колись, давним-давно.');
INSERT OR REPLACE INTO songs (id,title,subtitle,lang,country,period,year,source,notes,lyrics,tags_json,lang_locked,status,created_at,updated_at) VALUES ('pisniua_6556972','Ніч','Музика: Андрій Сидоряк Слова: Андрій Сидоряк','uk','ukraine_1991',NULL,NULL,'аудіозапис',NULL,'Світло згасає в вікнах чужих,
Місто без тебе звучить голосніш,
Твої обійми, як дим у пітьмі,
Я вже не плачу, вже не на дні!..

Приспів:
Холодна ніч, бокал просеко,     |
Твою любов залишу в ехо...      |
У серці б''ється ритм диско-еко, |
Я вже не та!.. Я вже далеко!..  | (2)

Вулиці блищать, і я теж блищу,
Твоє ім''я забуваю, мов тінь у дощу...
Я не твоя і ніколи не була,
Ти ж не побачив, як душа цвіла...
Я наливаю ще — хай горить
За кожну ніч, де могла не боліть!
Зі мною музика, з нею мій шлях,
Давно вже ти — в чужих снах!..

Приспів.','["pisni.org.ua", "cat:devoted", "Пісні присвячені окремим особам"]',1,'published',COALESCE((SELECT created_at FROM songs WHERE id='pisniua_6556972'), datetime('now')),datetime('now'));
INSERT OR REPLACE INTO songs_fts(song_id,title,lyrics) VALUES ('pisniua_6556972','Ніч','Світло згасає в вікнах чужих,
Місто без тебе звучить голосніш,
Твої обійми, як дим у пітьмі,
Я вже не плачу, вже не на дні!..

Приспів:
Холодна ніч, бокал просеко,     |
Твою любов залишу в ехо...      |
У серці б''ється ритм диско-еко, |
Я вже не та!.. Я вже далеко!..  | (2)

Вулиці блищать, і я теж блищу,
Твоє ім''я забуваю, мов тінь у дощу...
Я не твоя і ніколи не була,
Ти ж не побачив, як душа цвіла...
Я наливаю ще — хай горить
За кожну ніч, де могла не боліть!
Зі мною музика, з нею мій шлях,
Давно вже ти — в чужих снах!..

Приспів.');
INSERT OR REPLACE INTO song_links (id,song_id,title,url,kind,version_id,sort_order) VALUES ('pisniua_6556972_l1','pisniua_6556972','YouTube','https://www.youtube.com/watch?v=ZnuUxWsm_s0','video',NULL,1);
INSERT OR REPLACE INTO song_links (id,song_id,title,url,kind,version_id,sort_order) VALUES ('pisniua_6556972_l2','pisniua_6556972','YouTube','https://www.youtube.com/watch?v=0mBqM53W0Mk','video',NULL,2);
INSERT OR REPLACE INTO songs (id,title,subtitle,lang,country,period,year,source,notes,lyrics,tags_json,lang_locked,status,created_at,updated_at) VALUES ('pisniua_65555','Люблю Тебе',NULL,'uk','ukraine_1991',NULL,NULL,'1. Пісенник прочанина УМХ 2. Пісенник для християнської молоді "Боже, мій Боже, з тобою пісня..."',NULL,'Люблю Тебе, люблю всім серцем, Боже
Як людське серце полюбити може!
Мені Ти - світ і ціль життя дороги.      |
І світ, і ціль - без них життя убоге.    |

Коли заплачу, Ти мене потішиш,
Коли упаду, з поміччю поспішиш.
Навчи мене в недолі сльози втерти,       |
Навчи мене в любові жити й вмерти.       | (2)

Навчи мене, як зберегти побожність,
А в рухах чемність, в мові осторожність.
Слівцем найменшим, думкою одною          |
Не провинитися перед Тобою.              | (2)

І ворога приймати все прихильно
Навчи трудитись терпливо, пильно.
Навчи людей судити обережно,             |
Прощати всім, як Ти прощав безмежно.     | (2)

Під свій покров прийми свою дитину,
Служить Тобі до смерті, до загину.
В Твоїх руках моя спочине доля,          |
Нехай Твоя свята сповниться воля!        | (2)','["pisni.org.ua", "cat:christian", "Пісні на християнську тематику"]',1,'published',COALESCE((SELECT created_at FROM songs WHERE id='pisniua_65555'), datetime('now')),datetime('now'));
INSERT OR REPLACE INTO songs_fts(song_id,title,lyrics) VALUES ('pisniua_65555','Люблю Тебе','Люблю Тебе, люблю всім серцем, Боже
Як людське серце полюбити може!
Мені Ти - світ і ціль життя дороги.      |
І світ, і ціль - без них життя убоге.    |

Коли заплачу, Ти мене потішиш,
Коли упаду, з поміччю поспішиш.
Навчи мене в недолі сльози втерти,       |
Навчи мене в любові жити й вмерти.       | (2)

Навчи мене, як зберегти побожність,
А в рухах чемність, в мові осторожність.
Слівцем найменшим, думкою одною          |
Не провинитися перед Тобою.              | (2)

І ворога приймати все прихильно
Навчи трудитись терпливо, пильно.
Навчи людей судити обережно,             |
Прощати всім, як Ти прощав безмежно.     | (2)

Під свій покров прийми свою дитину,
Служить Тобі до смерті, до загину.
В Твоїх руках моя спочине доля,          |
Нехай Твоя свята сповниться воля!        | (2)');
INSERT OR REPLACE INTO song_links (id,song_id,title,url,kind,version_id,sort_order) VALUES ('pisniua_65555_l1','pisniua_65555','YouTube','https://www.youtube.com/watch?v=ReL9JjWA0Kw','video',NULL,1);
INSERT OR REPLACE INTO song_links (id,song_id,title,url,kind,version_id,sort_order) VALUES ('pisniua_65555_l2','pisniua_65555','YouTube','https://www.youtube.com/watch?v=2ZhnU3jMsHU','video',NULL,2);
INSERT OR REPLACE INTO songs (id,title,subtitle,lang,country,period,year,source,notes,lyrics,tags_json,lang_locked,status,created_at,updated_at) VALUES ('pisniua_6545252','Роже слічная','(Пісня Пресвятій Богородиці). Виконує: Хорея Козацька','uk','ukraine_1991',NULL,NULL,'аудіозапис','Пісню також виконував дует RELIGIMUZ (Олег Колос та Надія Пакош). Записи та https://www.youtube.com/watch?v=LcJon1z03qk','Роже слічная, Діво чистая,
Так вдячне пахнучая.
Приспів:
Подай нам руку, не дай на муку, |
Матко милосердна!               | (2)
Біла лелія, Діво Марія,
Так вдячне пахнучая.
Приспів.
Чертоже славний, квітами вславний,
Ти-с Христу зготованний,
Приспів.
Руно златоє, в небо взятоє,
Одесную посажденноє.
Приспів.
Остань із нами, своїми слугами,
Визволь нас із неволі.
Приспів.
Покрий нас покровом, своїм омохвором,
Царице небесная!
Приспів.
Подай нам обі, прийми нас к собі,
Матко милосердная!
Приспів.
Роже слічная, Діво чистая,
Так вдячне пахнучая.
Приспів.','["pisni.org.ua", "cat:do-bohorodyci", "Пісні до Богородиці"]',1,'published',COALESCE((SELECT created_at FROM songs WHERE id='pisniua_6545252'), datetime('now')),datetime('now'));
INSERT OR REPLACE INTO songs_fts(song_id,title,lyrics) VALUES ('pisniua_6545252','Роже слічная','Роже слічная, Діво чистая,
Так вдячне пахнучая.
Приспів:
Подай нам руку, не дай на муку, |
Матко милосердна!               | (2)
Біла лелія, Діво Марія,
Так вдячне пахнучая.
Приспів.
Чертоже славний, квітами вславний,
Ти-с Христу зготованний,
Приспів.
Руно златоє, в небо взятоє,
Одесную посажденноє.
Приспів.
Остань із нами, своїми слугами,
Визволь нас із неволі.
Приспів.
Покрий нас покровом, своїм омохвором,
Царице небесная!
Приспів.
Подай нам обі, прийми нас к собі,
Матко милосердная!
Приспів.
Роже слічная, Діво чистая,
Так вдячне пахнучая.
Приспів.');
INSERT OR REPLACE INTO song_links (id,song_id,title,url,kind,version_id,sort_order) VALUES ('pisniua_6545252_l1','pisniua_6545252','YouTube','https://www.youtube.com/watch?v=LcJon1z03qk','video',NULL,1);
INSERT OR REPLACE INTO song_links (id,song_id,title,url,kind,version_id,sort_order) VALUES ('pisniua_6545252_l2','pisniua_6545252','YouTube','https://www.youtube.com/watch?v=5ue3Z0vfG-Y','video',NULL,2);
INSERT OR REPLACE INTO song_links (id,song_id,title,url,kind,version_id,sort_order) VALUES ('pisniua_6545252_l3','pisniua_6545252','YouTube','https://www.youtube.com/watch?v=4eyxcIE8cJc','video',NULL,3);
INSERT OR REPLACE INTO song_links (id,song_id,title,url,kind,version_id,sort_order) VALUES ('pisniua_6545252_l4','pisniua_6545252','YouTube','https://www.youtube.com/watch?v=QNEkte9sq9U','video',NULL,4);
INSERT OR REPLACE INTO songs (id,title,subtitle,lang,country,period,year,source,notes,lyrics,tags_json,lang_locked,status,created_at,updated_at) VALUES ('pisniua_6543477','Вимолив','Музика: Євген Хмара Слова: Юрій Іздрик, Jerry Heil','uk','ukraine_1991',NULL,NULL,'аудіозапис',NULL,'Пам''ять дощами вимило,
Розум вітрами вимело.
Хто тебе, мила, вимолив?
Хто тебе з неба виманив?
Звідки ти, щастя, випало?
Взяло мене і випило.
Хто тебе в Бога вигадав?
І для чиєї вигоди?

Приспів:
Я тебе, мила, вимолив,
З Божого саду виламав!
І небеса відкрили ми,
І обгорнули крилами!
І не забракне сили нам,
Поки шепочуть губи:
Мила, а хто ти, мила?
Любий, а хто ти, любий?

Мила, а хто ти?..
Любий, а хто ти?..

А не було вже виходу,
Окрім дурного випадку:
Сам ти мене і вихопив,
Як випадкову вигадку.
Сам же мене і вимислив,
Сам же мене і вичислив,
І як пречистий вимисел
Поміж рядками вичитав.

Приспів. (3)

Любий, а хто ти, любий?..
Мила, а хто ти?.. Хто ти?..
Любий, а хто ти, любий?
Мила, а хто ти?..
Люба, хто ти?..
Любий, а хто ти?..
Мила, а хто ти?..','["pisni.org.ua", "cat:philosophic", "Філософські пісні"]',1,'published',COALESCE((SELECT created_at FROM songs WHERE id='pisniua_6543477'), datetime('now')),datetime('now'));
INSERT OR REPLACE INTO songs_fts(song_id,title,lyrics) VALUES ('pisniua_6543477','Вимолив','Пам''ять дощами вимило,
Розум вітрами вимело.
Хто тебе, мила, вимолив?
Хто тебе з неба виманив?
Звідки ти, щастя, випало?
Взяло мене і випило.
Хто тебе в Бога вигадав?
І для чиєї вигоди?

Приспів:
Я тебе, мила, вимолив,
З Божого саду виламав!
І небеса відкрили ми,
І обгорнули крилами!
І не забракне сили нам,
Поки шепочуть губи:
Мила, а хто ти, мила?
Любий, а хто ти, любий?

Мила, а хто ти?..
Любий, а хто ти?..

А не було вже виходу,
Окрім дурного випадку:
Сам ти мене і вихопив,
Як випадкову вигадку.
Сам же мене і вимислив,
Сам же мене і вичислив,
І як пречистий вимисел
Поміж рядками вичитав.

Приспів. (3)

Любий, а хто ти, любий?..
Мила, а хто ти?.. Хто ти?..
Любий, а хто ти, любий?
Мила, а хто ти?..
Люба, хто ти?..
Любий, а хто ти?..
Мила, а хто ти?..');
INSERT OR REPLACE INTO song_links (id,song_id,title,url,kind,version_id,sort_order) VALUES ('pisniua_6543477_l1','pisniua_6543477','YouTube','https://www.youtube.com/watch?v=HGihmMSuaAc','video',NULL,1);
INSERT OR REPLACE INTO songs (id,title,subtitle,lang,country,period,year,source,notes,lyrics,tags_json,lang_locked,status,created_at,updated_at) VALUES ('pisniua_6566570','Привіт, мій любий!','Музика: GenSouls Слова: Наталія Сінєльнікова','uk','ukraine_1991',NULL,NULL,'аудіозапис',NULL,'А ти приснись мені, будь ласка,
Поруч побудемо хоч мить,
Бо лиш з тобою, ніби в казці,
Сердечко так моє тремтить!
І обіймаючи подушку,
Зустріну з нею знов світанок,
Прошепочу я їй на вушко:
Привіт, мій любий. Добрий ранок!

Приспів:
Привіт, мій любий,
Добрий ранок!
Одна, лиш кава на столі...
Такий самотній мій сніданок,
Бо мусиш буть далеко ти...
А як хотілося б, щоб разом,
Ковточок ти, ковточок я!
І так і буде, тільки з часом,
Бо ми з тобою - одна сім''я!..

Мій день сьогодні буде звичним:
Робота, дім, думки про нас.
Здається все, ніби ритмічно,
Чекаю звісточку весь час.
Сумуючи, лягаю спати,
Cкоріш побачити б світанок,
І в телефоні написати:
Привіт, мій любий. Добрий ранок!

Приспів.

І як з''явишся ти на порозі,
Я згадаю як пахне життя,
І дихати буде не в змозі,
Лише чути серцебиття...
І ніжно так пригорнувшись,
Зустрінем з тобою світанок!
Скажу тобі я усміхнувшись:
Привіт, мій любий. Добрий ранок!

Приспів. (2)

Привіт, мій любий!..','["pisni.org.ua", "cat:devoted", "cat:zahalni-cinnosti", "Пісні присвячені окремим особам", "Пісні про загальнолюдські цінності"]',1,'published',COALESCE((SELECT created_at FROM songs WHERE id='pisniua_6566570'), datetime('now')),datetime('now'));
INSERT OR REPLACE INTO songs_fts(song_id,title,lyrics) VALUES ('pisniua_6566570','Привіт, мій любий!','А ти приснись мені, будь ласка,
Поруч побудемо хоч мить,
Бо лиш з тобою, ніби в казці,
Сердечко так моє тремтить!
І обіймаючи подушку,
Зустріну з нею знов світанок,
Прошепочу я їй на вушко:
Привіт, мій любий. Добрий ранок!

Приспів:
Привіт, мій любий,
Добрий ранок!
Одна, лиш кава на столі...
Такий самотній мій сніданок,
Бо мусиш буть далеко ти...
А як хотілося б, щоб разом,
Ковточок ти, ковточок я!
І так і буде, тільки з часом,
Бо ми з тобою - одна сім''я!..

Мій день сьогодні буде звичним:
Робота, дім, думки про нас.
Здається все, ніби ритмічно,
Чекаю звісточку весь час.
Сумуючи, лягаю спати,
Cкоріш побачити б світанок,
І в телефоні написати:
Привіт, мій любий. Добрий ранок!

Приспів.

І як з''явишся ти на порозі,
Я згадаю як пахне життя,
І дихати буде не в змозі,
Лише чути серцебиття...
І ніжно так пригорнувшись,
Зустрінем з тобою світанок!
Скажу тобі я усміхнувшись:
Привіт, мій любий. Добрий ранок!

Приспів. (2)

Привіт, мій любий!..');
INSERT OR REPLACE INTO song_links (id,song_id,title,url,kind,version_id,sort_order) VALUES ('pisniua_6566570_l1','pisniua_6566570','YouTube','https://www.youtube.com/watch?v=cVzbAqYAzdE','video',NULL,1);
INSERT OR REPLACE INTO songs (id,title,subtitle,lang,country,period,year,source,notes,lyrics,tags_json,lang_locked,status,created_at,updated_at) VALUES ('pisniua_6565991','Заведу кота','Музика: Ivan Klymenko, BangBlazeMusic, Олег Шкарпета (Шугар) Слова: Ivan Klymenko, Олег Шкарпета (Шугар), Владислава Кіцелюк','uk','ukraine_before_1917',NULL,NULL,'аудіозапис','"Заведу кота" — це пісня про свободу бути собою. За легкою іронією у тексті ховається глибокий сенс: як часто ми намагаємось підлаштуватися під чужі стандарти, як виглядати, як поводитися, що казати, але справжня свобода у прийнятті себе. Головні герої втомилися від оцінок і ролей, які нав''язує суспільство і їх вибір символічний і простий: вони заводять кота, бо кіт не питає, "чому ти така", не засуджує, не вимагає.','Приспів:
І якщо усім не та я
І тобі не та, то я
Заведу кота! Заведу кота!
Раз я не свята і для кота
Буду саме та!
Він не запитає, де я там?..
Заведу кота! Заведу кота!
І для кота буду саме та,
Раз комусь не та!...

Ти можеш бути ким захочеш
І не слухать тих людей,
Які не ті!..
Не ті, не ті, не ті!..
Бо, на відміну від кота,
У тебе лиш одне,
А не дев''ять життів!
Дев''ять життів...
Нікого не слухай, мила,
Просто будь собою!
Як комусь гірка,
То хай собі зап''ють водою!
Думай! Думай! Думай,
Як для себе стати тою,
Хто через роки буде
Пишатися собою!

Приспів.

Я не так виглядаю,
Як би комусь хотілось,
Я не так одяглась,
Не так встала, не так присіла.
Навіщо це все терпіла?..
Моє тіло - моє діло!
Я люблю тільки кота,
І це так мило!

Приспів.','["pisni.org.ua", "cat:socialno-pobutovi", "Соціально-побутові пісні"]',1,'published',COALESCE((SELECT created_at FROM songs WHERE id='pisniua_6565991'), datetime('now')),datetime('now'));
INSERT OR REPLACE INTO songs_fts(song_id,title,lyrics) VALUES ('pisniua_6565991','Заведу кота','Приспів:
І якщо усім не та я
І тобі не та, то я
Заведу кота! Заведу кота!
Раз я не свята і для кота
Буду саме та!
Він не запитає, де я там?..
Заведу кота! Заведу кота!
І для кота буду саме та,
Раз комусь не та!...

Ти можеш бути ким захочеш
І не слухать тих людей,
Які не ті!..
Не ті, не ті, не ті!..
Бо, на відміну від кота,
У тебе лиш одне,
А не дев''ять життів!
Дев''ять життів...
Нікого не слухай, мила,
Просто будь собою!
Як комусь гірка,
То хай собі зап''ють водою!
Думай! Думай! Думай,
Як для себе стати тою,
Хто через роки буде
Пишатися собою!

Приспів.

Я не так виглядаю,
Як би комусь хотілось,
Я не так одяглась,
Не так встала, не так присіла.
Навіщо це все терпіла?..
Моє тіло - моє діло!
Я люблю тільки кота,
І це так мило!

Приспів.');
INSERT OR REPLACE INTO song_links (id,song_id,title,url,kind,version_id,sort_order) VALUES ('pisniua_6565991_l1','pisniua_6565991','YouTube','https://www.youtube.com/watch?v=6pDXEZsLkIo','video',NULL,1);
INSERT OR REPLACE INTO songs (id,title,subtitle,lang,country,period,year,source,notes,lyrics,tags_json,lang_locked,status,created_at,updated_at) VALUES ('pisniua_6569252','Колискова','Музика: Віталія Грицак, Жоржини Слова: Володимир Вакуленко','uk','ukraine_before_1917',NULL,NULL,'авторське подання','Пісню виконують Віталія Грицак та Жоржини.','А-аа-а-а... А-аа-а-а...

Осінь надворі добра
З золота свого листя
Шиє звіряткам ковдри,
Хмари блакитно чисті
Для місяця осінь спушить,
В небі його колисанка:
Спи, мій маленький друже,
Ніч на віконних фіранках...

А-аа-а-а... А-аа-а-а...

Космосу пісню шепоче
Про галактичні квіти,
Спи, мій маленький хлопче...
На павутинці вітер
Гойдає нічку спати,
Щоб народилася тиша,
Спи-засинай біля тата,
Сонечно вранці потішиш...

А-аа-а-а... А-аа-а-а...

Осінь надворі добра
З золота свого листя
Шиє звіряткам ковдри,
Хмари блакитно чисті
Для місяця осінь спушить,
В небі його колисанка:
Спи, мій маленький друже,
Ніч на віконних фіранках...

А-аа-а-а... А-аа-а-а...','["pisni.org.ua", "cat:kolyskovi", "Колискові"]',1,'published',COALESCE((SELECT created_at FROM songs WHERE id='pisniua_6569252'), datetime('now')),datetime('now'));
INSERT OR REPLACE INTO songs_fts(song_id,title,lyrics) VALUES ('pisniua_6569252','Колискова','А-аа-а-а... А-аа-а-а...

Осінь надворі добра
З золота свого листя
Шиє звіряткам ковдри,
Хмари блакитно чисті
Для місяця осінь спушить,
В небі його колисанка:
Спи, мій маленький друже,
Ніч на віконних фіранках...

А-аа-а-а... А-аа-а-а...

Космосу пісню шепоче
Про галактичні квіти,
Спи, мій маленький хлопче...
На павутинці вітер
Гойдає нічку спати,
Щоб народилася тиша,
Спи-засинай біля тата,
Сонечно вранці потішиш...

А-аа-а-а... А-аа-а-а...

Осінь надворі добра
З золота свого листя
Шиє звіряткам ковдри,
Хмари блакитно чисті
Для місяця осінь спушить,
В небі його колисанка:
Спи, мій маленький друже,
Ніч на віконних фіранках...

А-аа-а-а... А-аа-а-а...');
INSERT OR REPLACE INTO song_links (id,song_id,title,url,kind,version_id,sort_order) VALUES ('pisniua_6569252_l1','pisniua_6569252','YouTube','https://www.youtube.com/watch?v=TBpdDJDVZcE','video',NULL,1);
INSERT OR REPLACE INTO songs (id,title,subtitle,lang,country,period,year,source,notes,lyrics,tags_json,lang_locked,status,created_at,updated_at) VALUES ('pisniua_6563593','Панічка','Музика: Oleg Shkarpeta, Ivan Liulenov, Bangblazemusic, Emil Galis Слова: Oleg Shkarpeta, Ivan Liulenov','uk','ukraine_1991',NULL,NULL,'аудіозапис',NULL,'Панічка!.. Панічка!.. Панічка!..

Пані та панове,

Приспів:
Яка гарна нічка, в мене знов панічка,      |
Якось дуже швидко помінялось моє личко.    |
Притулю до себе, ти мені так треба,        |
Руки так тремтять, але походу не від тебе. | (2)

Я так чекав тебе! Я так хотів тебе!
Я покохав тебе, тільки тебе!
Така художня, а я - тривожнік.
Ну як так можна?..
Я привів тебе на річку, на річку!..
Ти красива, як ця нічка, ця нічка!..
Пані та панове,

Приспів.

А ти - фонтанічна!
В мене знов панічка!..
А ти - феєрична!
В мене знов панічка!..
А ти - фантастична!
В мене знов панічка!..
Яка гарна нічка! Яка гарна нічка!
Тендітна, знову насниться,
Відчепіться та ідіть на!
На неї подивіться,
Так схожа на вікна, на запотілі,
Її тіло, фантастична!
Яка гарна нічка!
Цей біт в нас вогонь розпалює,
Навалює, тендітна.
Ти подивись, яка в ній талія помітна.
Вона - Італія, заманює бандитка,
В мене знов панічка!..

Приспів.

А ти - фонтанічна!
В мене знов панічка!..
А ти - феєрична!
В мене знов панічка!..
А ти - фантастична!
В мене знов панічка!..
Яка гарна нічка! Яка гарна нічка!
Пані та панове, увага, дроп!..','["pisni.org.ua", "cat:devoted", "Пісні присвячені окремим особам"]',1,'published',COALESCE((SELECT created_at FROM songs WHERE id='pisniua_6563593'), datetime('now')),datetime('now'));
INSERT OR REPLACE INTO songs_fts(song_id,title,lyrics) VALUES ('pisniua_6563593','Панічка','Панічка!.. Панічка!.. Панічка!..

Пані та панове,

Приспів:
Яка гарна нічка, в мене знов панічка,      |
Якось дуже швидко помінялось моє личко.    |
Притулю до себе, ти мені так треба,        |
Руки так тремтять, але походу не від тебе. | (2)

Я так чекав тебе! Я так хотів тебе!
Я покохав тебе, тільки тебе!
Така художня, а я - тривожнік.
Ну як так можна?..
Я привів тебе на річку, на річку!..
Ти красива, як ця нічка, ця нічка!..
Пані та панове,

Приспів.

А ти - фонтанічна!
В мене знов панічка!..
А ти - феєрична!
В мене знов панічка!..
А ти - фантастична!
В мене знов панічка!..
Яка гарна нічка! Яка гарна нічка!
Тендітна, знову насниться,
Відчепіться та ідіть на!
На неї подивіться,
Так схожа на вікна, на запотілі,
Її тіло, фантастична!
Яка гарна нічка!
Цей біт в нас вогонь розпалює,
Навалює, тендітна.
Ти подивись, яка в ній талія помітна.
Вона - Італія, заманює бандитка,
В мене знов панічка!..

Приспів.

А ти - фонтанічна!
В мене знов панічка!..
А ти - феєрична!
В мене знов панічка!..
А ти - фантастична!
В мене знов панічка!..
Яка гарна нічка! Яка гарна нічка!
Пані та панове, увага, дроп!..');
INSERT OR REPLACE INTO song_links (id,song_id,title,url,kind,version_id,sort_order) VALUES ('pisniua_6563593_l1','pisniua_6563593','YouTube','https://www.youtube.com/watch?v=99_BlENf9rE','video',NULL,1);
INSERT OR REPLACE INTO songs (id,title,subtitle,lang,country,period,year,source,notes,lyrics,tags_json,lang_locked,status,created_at,updated_at) VALUES ('pisniua_6574695','Келих свободи','Музика: Олена Рассуждай, ШІ Слова: Олена Рассуждай','uk','ukraine_1991',NULL,NULL,'аудіозапис',NULL,'Стисну в кулак усі ті жалі,
Лиш дай знак, живи у мені,
Надіє палка, ти рани лікуєш!
Не згасне іскра, знов світло даруєш!

Приспів:
І навіть у тьмі знаходжу я шлях,
Бо віра в мені ламає мій страх!
Де світло в душі ніколи не гасне, —
Там навіть в імлі можу бачити ясно!

Солодко там, де мрії цвітуть,
Де щастя, як стан, а життя має суть.
Там зорі ясніють, там світло живе,
І крила надії ведуть у нове!

Приспів.

Я вип''ю до дна келих свободи,
Щоб жити сповна, без болю й незгоди.
Я душу відкрию для правди й добра,
Щоб в серці надія, як квітка, цвіла!

Приспів.','["pisni.org.ua", "cat:philosophic", "cat:zahalni-cinnosti", "Філософські пісні", "Пісні про загальнолюдські цінності"]',1,'published',COALESCE((SELECT created_at FROM songs WHERE id='pisniua_6574695'), datetime('now')),datetime('now'));
INSERT OR REPLACE INTO songs_fts(song_id,title,lyrics) VALUES ('pisniua_6574695','Келих свободи','Стисну в кулак усі ті жалі,
Лиш дай знак, живи у мені,
Надіє палка, ти рани лікуєш!
Не згасне іскра, знов світло даруєш!

Приспів:
І навіть у тьмі знаходжу я шлях,
Бо віра в мені ламає мій страх!
Де світло в душі ніколи не гасне, —
Там навіть в імлі можу бачити ясно!

Солодко там, де мрії цвітуть,
Де щастя, як стан, а життя має суть.
Там зорі ясніють, там світло живе,
І крила надії ведуть у нове!

Приспів.

Я вип''ю до дна келих свободи,
Щоб жити сповна, без болю й незгоди.
Я душу відкрию для правди й добра,
Щоб в серці надія, як квітка, цвіла!

Приспів.');
INSERT OR REPLACE INTO song_links (id,song_id,title,url,kind,version_id,sort_order) VALUES ('pisniua_6574695_l1','pisniua_6574695','YouTube','https://www.youtube.com/watch?v=zcVkfOLohYM','video',NULL,1);
INSERT OR REPLACE INTO songs (id,title,subtitle,lang,country,period,year,source,notes,lyrics,tags_json,lang_locked,status,created_at,updated_at) VALUES ('pisniua_6574246','Вперед завжди летиш','Музика: George Kooymans, Barry Hay Слова: Юрій Жерновий','uk','ukraine_1991',NULL,NULL,'авторське подання (Юрій Жерновий)','Пісню виконує ШІ.','Ед завжди мені дзвонив,
Найкращим другом був...
Де б не їхав він, куди б не плив,
Чую, дзвонить: як ти, друг?
Він виглядав як в кіно артист,
А посміхавсь, наче принц...
Любив він байк, машину ні...
Другом був мені...

Обійняти даму міг,
Танцювати любив,
І лунав його чистий сміх,
Він просто друг завжди...
Він одягався як байкер,
В волосся їм вітер дув,
Коли брати рушали разом,
Кулак вгорі, дим і гул...

Вперед завжди летиш, ти - янгол!
Вперед завжди летиш, ти - янгол!
І пекло, і рай, все для тебе в цю ніч!
Доля твоя в цю ніч!
Шлях твій до небес, ти вічний янгол!

На Харлі під жорсткий рок
Мчав він до зірок...
Потім хтось розкаже нам,
Що шлях привів його в небеса...
Він виглядав як в кіно артист,
А посміхавсь, наче принц...
Любив він байк, машину ні...
Був другом він мені...

Вперед завжди летиш, ти - янгол!
Вперед завжди летиш, ти - янгол!
Вогонь крил сліпить всіх нас в цю ніч...
Так горить цілу ніч...
Шлях твій до небес, ти вічний янгол!

Шлях твій до небес, ти - янгол!
Це вічний шлях твій до небес, ти - янгол!
І пекло, і рай, все для тебе в цю ніч!
Доля твоя в цю ніч!
Шлях твій до небес, ти вічний янгол!
Шлях твій до небес, ти - янгол!
Шлях твій до небес, ти - янгол!','["pisni.org.ua", "cat:druzhba", "Пісні про дружбу"]',1,'published',COALESCE((SELECT created_at FROM songs WHERE id='pisniua_6574246'), datetime('now')),datetime('now'));
INSERT OR REPLACE INTO songs_fts(song_id,title,lyrics) VALUES ('pisniua_6574246','Вперед завжди летиш','Ед завжди мені дзвонив,
Найкращим другом був...
Де б не їхав він, куди б не плив,
Чую, дзвонить: як ти, друг?
Він виглядав як в кіно артист,
А посміхавсь, наче принц...
Любив він байк, машину ні...
Другом був мені...

Обійняти даму міг,
Танцювати любив,
І лунав його чистий сміх,
Він просто друг завжди...
Він одягався як байкер,
В волосся їм вітер дув,
Коли брати рушали разом,
Кулак вгорі, дим і гул...

Вперед завжди летиш, ти - янгол!
Вперед завжди летиш, ти - янгол!
І пекло, і рай, все для тебе в цю ніч!
Доля твоя в цю ніч!
Шлях твій до небес, ти вічний янгол!

На Харлі під жорсткий рок
Мчав він до зірок...
Потім хтось розкаже нам,
Що шлях привів його в небеса...
Він виглядав як в кіно артист,
А посміхавсь, наче принц...
Любив він байк, машину ні...
Був другом він мені...

Вперед завжди летиш, ти - янгол!
Вперед завжди летиш, ти - янгол!
Вогонь крил сліпить всіх нас в цю ніч...
Так горить цілу ніч...
Шлях твій до небес, ти вічний янгол!

Шлях твій до небес, ти - янгол!
Це вічний шлях твій до небес, ти - янгол!
І пекло, і рай, все для тебе в цю ніч!
Доля твоя в цю ніч!
Шлях твій до небес, ти вічний янгол!
Шлях твій до небес, ти - янгол!
Шлях твій до небес, ти - янгол!');
INSERT OR REPLACE INTO song_links (id,song_id,title,url,kind,version_id,sort_order) VALUES ('pisniua_6574246_l1','pisniua_6574246','YouTube','https://www.youtube.com/watch?v=yDJzvW9O-HU','video',NULL,1);
INSERT OR REPLACE INTO songs (id,title,subtitle,lang,country,period,year,source,notes,lyrics,tags_json,lang_locked,status,created_at,updated_at) VALUES ('pisniua_6567491','Для тебе','Музика: ШІ Слова: Любов Веремієнко','uk','ukraine_1991',NULL,'2024','авторське подання','Пісня написана авторкою 06 серпня 2024 р. Ютуб авторки https://www.youtube.com/@Lubov-video','Заглянуло сонце у твоє вікно,
На цей день чекала ти дуже давно.
Подарунки, квіти, телефон і я —
Прийми привітання, подруго моя!

Приспів:
Подарую море — так, як любиш ти,
Наповню здоров''ям, додам доброти!
Зірву всі троянди, передам вітрами —
Хай міцніє дружба наша із роками!

Не сумуй ніколи, радо посміхайся,
Як біда чи горе — ти їм не здавайся!
Пам''ятай, подруго: життя раз дається —
Нехай тобі завжди все в ньому вдається!

Приспів.','["pisni.org.ua", "cat:druzhba", "Пісні про дружбу"]',1,'published',COALESCE((SELECT created_at FROM songs WHERE id='pisniua_6567491'), datetime('now')),datetime('now'));
INSERT OR REPLACE INTO songs_fts(song_id,title,lyrics) VALUES ('pisniua_6567491','Для тебе','Заглянуло сонце у твоє вікно,
На цей день чекала ти дуже давно.
Подарунки, квіти, телефон і я —
Прийми привітання, подруго моя!

Приспів:
Подарую море — так, як любиш ти,
Наповню здоров''ям, додам доброти!
Зірву всі троянди, передам вітрами —
Хай міцніє дружба наша із роками!

Не сумуй ніколи, радо посміхайся,
Як біда чи горе — ти їм не здавайся!
Пам''ятай, подруго: життя раз дається —
Нехай тобі завжди все в ньому вдається!

Приспів.');
INSERT OR REPLACE INTO songs (id,title,subtitle,lang,country,period,year,source,notes,lyrics,tags_json,lang_locked,status,created_at,updated_at) VALUES ('pisniua_6566252','Верба листя ронить','Музика: Богдан Крижанівський Слова: Василь Бобинський','uk','ukrainian_peoples_republic_1917_1921',NULL,NULL,'аудіозапис',NULL,'Йшов стрілець у чужину,
Покидав дівчину,
Біль давив зболілу грудь:
Ах, прощай, кохана,
Хоч на серці рана,
Ти забудь мене, забудь!..

Дівчина банує,
Плаче та нудьгує:
Милий, де ти? Ах, верни!
Милий на мураві             |
Стоптаній кривавій...       |
Йому сняться райські сни... | (2)

Вітер полем гонить,
Верба листя ронить,
На могилку лист паде...
Плаче стара мати,           |
Вклала доню спати,          |
Доню, сину, де ви, де?..    | (2)','["pisni.org.ua", "cat:strilecki", "Стрілецькі пісні"]',1,'published',COALESCE((SELECT created_at FROM songs WHERE id='pisniua_6566252'), datetime('now')),datetime('now'));
INSERT OR REPLACE INTO songs_fts(song_id,title,lyrics) VALUES ('pisniua_6566252','Верба листя ронить','Йшов стрілець у чужину,
Покидав дівчину,
Біль давив зболілу грудь:
Ах, прощай, кохана,
Хоч на серці рана,
Ти забудь мене, забудь!..

Дівчина банує,
Плаче та нудьгує:
Милий, де ти? Ах, верни!
Милий на мураві             |
Стоптаній кривавій...       |
Йому сняться райські сни... | (2)

Вітер полем гонить,
Верба листя ронить,
На могилку лист паде...
Плаче стара мати,           |
Вклала доню спати,          |
Доню, сину, де ви, де?..    | (2)');
INSERT OR REPLACE INTO song_links (id,song_id,title,url,kind,version_id,sort_order) VALUES ('pisniua_6566252_l1','pisniua_6566252','YouTube','https://www.youtube.com/watch?v=u43GneMupn8','video',NULL,1);
INSERT OR REPLACE INTO songs (id,title,subtitle,lang,country,period,year,source,notes,lyrics,tags_json,lang_locked,status,created_at,updated_at) VALUES ('pisniua_66151','Верховино, мати моя','Музика: Михайло Машкін Слова: Михайло Машкін. Виконує: Іван Попович','uk','ukraine_1991',NULL,NULL,'Пісенник "Заспіваймо собі" Ужгород. Видавництво "Закарпаття" 2001',NULL,'У трембітоньку заграю,
Заграю, загуду,
З своїм милим рідним краєм
Розмову поведу.
Верховино, мати моя,
Вся краса чудова твоя,
Вся краса чудова твоя
У мене на виду!
Дана, шіді, річка, дана, дана (2)
Вся краса чудова твоя
У мене на виду. (2)

Стелиться туман над звором,
Лягає на груні,
За горами далі гори
Синіють вдалині.
А над ними хмари плинуть,
Наче вівці в полонині,
Наче вівці в полонині
Пасуться навесні!
Дана, шіді, річка, дана, дана (2)
Наче вівці в полонині
Пасуться навесні. (2)

Хвилюється у долинах
Пшениця золота,
Спів заводів в полонину
До мене доліта.
Верховино, мій ти краю,
Хто твої тепер пізнає,
Хто твої тепер пізнає
І села, і міста?
Дана, шіді, річка, дана, дана (2)
Хто твої тепер пізнає
І села, і міста? (2)

Я сміюсь на повні груди,
Радію, мов дитя,
Перетворюють в нас люди
І край свій, і життя.
З високої полонини
Бачу твоє, Верховино,
Бачу, рідна Верховино,
Щасливе майбуття!
Дана, шіді, річка, дана, дана (2)
Бачу твоє, Верховино,
Щасливе майбуття! (2)','["pisni.org.ua", "cat:krasa-pryrody", "Пісні про красу природи"]',1,'published',COALESCE((SELECT created_at FROM songs WHERE id='pisniua_66151'), datetime('now')),datetime('now'));
INSERT OR REPLACE INTO songs_fts(song_id,title,lyrics) VALUES ('pisniua_66151','Верховино, мати моя','У трембітоньку заграю,
Заграю, загуду,
З своїм милим рідним краєм
Розмову поведу.
Верховино, мати моя,
Вся краса чудова твоя,
Вся краса чудова твоя
У мене на виду!
Дана, шіді, річка, дана, дана (2)
Вся краса чудова твоя
У мене на виду. (2)

Стелиться туман над звором,
Лягає на груні,
За горами далі гори
Синіють вдалині.
А над ними хмари плинуть,
Наче вівці в полонині,
Наче вівці в полонині
Пасуться навесні!
Дана, шіді, річка, дана, дана (2)
Наче вівці в полонині
Пасуться навесні. (2)

Хвилюється у долинах
Пшениця золота,
Спів заводів в полонину
До мене доліта.
Верховино, мій ти краю,
Хто твої тепер пізнає,
Хто твої тепер пізнає
І села, і міста?
Дана, шіді, річка, дана, дана (2)
Хто твої тепер пізнає
І села, і міста? (2)

Я сміюсь на повні груди,
Радію, мов дитя,
Перетворюють в нас люди
І край свій, і життя.
З високої полонини
Бачу твоє, Верховино,
Бачу, рідна Верховино,
Щасливе майбуття!
Дана, шіді, річка, дана, дана (2)
Бачу твоє, Верховино,
Щасливе майбуття! (2)');
INSERT OR REPLACE INTO song_links (id,song_id,title,url,kind,version_id,sort_order) VALUES ('pisniua_66151_l1','pisniua_66151','Переглянути варіанти >>','https://www.pisni.org.ua/#variants','external',NULL,1);
INSERT OR REPLACE INTO songs (id,title,subtitle,lang,country,period,year,source,notes,lyrics,tags_json,lang_locked,status,created_at,updated_at) VALUES ('pisniua_660042','Ой на горі вогонь горить','Українська народна пісня','uk','ukraine_before_1917',NULL,NULL,'Надав В.Лисенко','Totik (користувач): Співає моя мама,якій 82 роки','Ой на горі вогонь горить,
А в долині козак лежить.

Постріляний, порубаний,
Китайкою накриваний.

Накрив очі китайкою
Червоною козацькою.

Не стій, коню, наді мною,
Не бий землі під собою.

Біжи, коню, дорогою,
Степовою широкою.

Щоб татари не зайняли,
Сіделечка не здійняли.

Сіделечка золотого
З тебе, коня вороного.

Як прибіжиш під батьків двір,
Стукни, грюкни об частокіл.

Вийде батько - розгнуздає,
А матінка - розпитає.

"Ой ти коню вороненький,
А де ж син мій молоденький?"

Візьми ж мати піску жменю,
Посій його на каменю.

А коли той пісок зійде,
Тоді син твій з війська прийде.

Нема піску, нема сходу,
Нема сина із походу.

Нема піску, вода змила,
Нема сина, куля взяла.

"Не плач, мати, не журися:
Бо вже син твій оженився.

Взяв він собі паняночку -
В чистім полі земляночку"','["pisni.org.ua", "cat:kozacki", "cat:narodni", "cat:patriotic", "Козацькі пісні", "Народні пісні", "Патріотичні пісні"]',1,'published',COALESCE((SELECT created_at FROM songs WHERE id='pisniua_660042'), datetime('now')),datetime('now'));
INSERT OR REPLACE INTO songs_fts(song_id,title,lyrics) VALUES ('pisniua_660042','Ой на горі вогонь горить','Ой на горі вогонь горить,
А в долині козак лежить.

Постріляний, порубаний,
Китайкою накриваний.

Накрив очі китайкою
Червоною козацькою.

Не стій, коню, наді мною,
Не бий землі під собою.

Біжи, коню, дорогою,
Степовою широкою.

Щоб татари не зайняли,
Сіделечка не здійняли.

Сіделечка золотого
З тебе, коня вороного.

Як прибіжиш під батьків двір,
Стукни, грюкни об частокіл.

Вийде батько - розгнуздає,
А матінка - розпитає.

"Ой ти коню вороненький,
А де ж син мій молоденький?"

Візьми ж мати піску жменю,
Посій його на каменю.

А коли той пісок зійде,
Тоді син твій з війська прийде.

Нема піску, нема сходу,
Нема сина із походу.

Нема піску, вода змила,
Нема сина, куля взяла.

"Не плач, мати, не журися:
Бо вже син твій оженився.

Взяв він собі паняночку -
В чистім полі земляночку"');
INSERT OR REPLACE INTO song_links (id,song_id,title,url,kind,version_id,sort_order) VALUES ('pisniua_660042_l1','pisniua_660042','YouTube','https://www.youtube.com/watch?v=Z5KEExNg-K4','video',NULL,1);
INSERT OR REPLACE INTO song_links (id,song_id,title,url,kind,version_id,sort_order) VALUES ('pisniua_660042_l2','pisniua_660042','YouTube','https://www.youtube.com/watch?v=TbQ69rtmB_s','video',NULL,2);
INSERT OR REPLACE INTO song_links (id,song_id,title,url,kind,version_id,sort_order) VALUES ('pisniua_660042_l3','pisniua_660042','YouTube','https://www.youtube.com/watch?v=uZ49qCr_ZgA','video',NULL,3);
INSERT OR REPLACE INTO song_links (id,song_id,title,url,kind,version_id,sort_order) VALUES ('pisniua_660042_l4','pisniua_660042','YouTube','https://www.youtube.com/watch?v=35pp_mQZbTY','video',NULL,4);
INSERT OR REPLACE INTO song_links (id,song_id,title,url,kind,version_id,sort_order) VALUES ('pisniua_660042_l5','pisniua_660042','YouTube','https://www.youtube.com/watch?v=Gppe9w7qtc4','video',NULL,5);
INSERT OR REPLACE INTO song_links (id,song_id,title,url,kind,version_id,sort_order) VALUES ('pisniua_660042_l6','pisniua_660042','YouTube','https://www.youtube.com/watch?v=kqeVgSFuTCs','video',NULL,6);
INSERT OR REPLACE INTO song_links (id,song_id,title,url,kind,version_id,sort_order) VALUES ('pisniua_660042_l7','pisniua_660042','Переглянути варіанти >>','https://www.pisni.org.ua/#variants','external',NULL,7);
INSERT OR REPLACE INTO songs (id,title,subtitle,lang,country,period,year,source,notes,lyrics,tags_json,lang_locked,status,created_at,updated_at) VALUES ('pisniua_65858','Піду втоплюся','Музика: Андрій Миколайчук Слова: Андрій Миколайчук. Виконує: Андрій Миколайчук','uk','ukraine_before_1917',NULL,NULL,'Аудіо-альбом "Андрій Миколайчук. "Піду втоплюся"','Текст уточнено, виправлено й доповнено за аудіо-записом. Акорди записано на слух з аудіо-запису. Тональність оригінальна. * Тут акорд G звучить тільки за першим разом. ** Тут за другим разом у програші є перехід на 2 півтони вгору, і тоді пісня до кінця виконується у тональності "Hm". Підбір акордів: bohdanko (www.pisni.org.ua)','Передмова:
Ти, розлюбила мене, мила...
Навіки я тебе люблю.
Як нам прийшла пора прощатись,
Піду на річку - і втоплюсь.

Вступ:  Am C G Am (x2)

Скінчилось кохання, скінчилося все,
Заглядає сонце у вікна осель.
Там люди щасливі, та сумно мені -
Піду утоплюся, спочину на дні.

Приспів:
Піду втоплюся у річці глибокій,       |
Шукати стануть - не скоро знайдуть.   |
Ти будеш плакать - спливатимуть роки, |
E         E7      Am   (G)* |
Мене до смерті не зможеш забуть.      |

Програш (як Вступ).

Життя, як той камінь, на груди лягло.
Зроблю, що надумав Марічці на зло.
Прощай, мамо люба, і тато, прощай,
Учителька, друзі, прощай, милий край!

Приспів.

Програш (як Вступ). **

А річка страшною, мов відьма, була.
Відходи заводу у море несла.
Я річку чистеньку шукати піду -
Шукатиму доти, поки не знайду.

Приспів.','["pisni.org.ua", "cat:lirychni", "cat:zhartivlyvi", "Пісні про кохання, ліричні", "Жартівливі пісні"]',1,'published',COALESCE((SELECT created_at FROM songs WHERE id='pisniua_65858'), datetime('now')),datetime('now'));
INSERT OR REPLACE INTO songs_fts(song_id,title,lyrics) VALUES ('pisniua_65858','Піду втоплюся','Передмова:
Ти, розлюбила мене, мила...
Навіки я тебе люблю.
Як нам прийшла пора прощатись,
Піду на річку - і втоплюсь.

Вступ:  Am C G Am (x2)

Скінчилось кохання, скінчилося все,
Заглядає сонце у вікна осель.
Там люди щасливі, та сумно мені -
Піду утоплюся, спочину на дні.

Приспів:
Піду втоплюся у річці глибокій,       |
Шукати стануть - не скоро знайдуть.   |
Ти будеш плакать - спливатимуть роки, |
E         E7      Am   (G)* |
Мене до смерті не зможеш забуть.      |

Програш (як Вступ).

Життя, як той камінь, на груди лягло.
Зроблю, що надумав Марічці на зло.
Прощай, мамо люба, і тато, прощай,
Учителька, друзі, прощай, милий край!

Приспів.

Програш (як Вступ). **

А річка страшною, мов відьма, була.
Відходи заводу у море несла.
Я річку чистеньку шукати піду -
Шукатиму доти, поки не знайду.

Приспів.');
INSERT OR REPLACE INTO song_links (id,song_id,title,url,kind,version_id,sort_order) VALUES ('pisniua_65858_l1','pisniua_65858','YouTube','https://www.youtube.com/watch?v=2S6zJ_GxQqE','video',NULL,1);
INSERT OR REPLACE INTO song_links (id,song_id,title,url,kind,version_id,sort_order) VALUES ('pisniua_65858_l2','pisniua_65858','YouTube','https://www.youtube.com/watch?v=qksTXwSWtoI','video',NULL,2);
INSERT OR REPLACE INTO song_links (id,song_id,title,url,kind,version_id,sort_order) VALUES ('pisniua_65858_l3','pisniua_65858','YouTube','https://www.youtube.com/watch?v=sdGJUnr2iUA','video',NULL,3);
INSERT OR REPLACE INTO song_links (id,song_id,title,url,kind,version_id,sort_order) VALUES ('pisniua_65858_l4','pisniua_65858','YouTube','https://www.youtube.com/watch?v=uaPDMl8t8jA','video',NULL,4);
INSERT OR REPLACE INTO song_links (id,song_id,title,url,kind,version_id,sort_order) VALUES ('pisniua_65858_l5','pisniua_65858','YouTube','https://www.youtube.com/watch?v=meH94nwGUzo','video',NULL,5);
INSERT OR REPLACE INTO songs (id,title,subtitle,lang,country,period,year,source,notes,lyrics,tags_json,lang_locked,status,created_at,updated_at) VALUES ('pisniua_662899','Новорічна - Різдвяна','Музика: Анатолій Карпенко Слова: Т. Давиденко. Виконує: Жанна Боднарук','uk','ukraine_1991',NULL,NULL,NULL,NULL,'Приходить день новий, і рік, і час,
Щоб всіх зібрати, поєднати нас,
Шлях в Віфлеєм нам вказує зоря,
Радіє все - і небо, і земля.
Всміхнуться срібні зорі нам,
Для всіх людей земля одна.

Приспів:
Разом друзі всі збираються,
Пісня луна,
Мрії всіх людей збуваються,
Ніч різдвяна.
Нам планета посміхається,
Йде рік новий,
Рік добра, любові й радості,
Рік нових надій.

На всій планеті рік новий один
Для всіх країн, народів і родин,
Свічу бажань на щастя запали,
В різдвяну казку друзів запроси.
Всміхнуться срібні зорі нам,
Для всіх людей земля одна.

Приспів. (2)

Рік нових надій...','["pisni.org.ua", "cat:new-year", "Пісні про Новий Рік"]',1,'published',COALESCE((SELECT created_at FROM songs WHERE id='pisniua_662899'), datetime('now')),datetime('now'));
INSERT OR REPLACE INTO songs_fts(song_id,title,lyrics) VALUES ('pisniua_662899','Новорічна - Різдвяна','Приходить день новий, і рік, і час,
Щоб всіх зібрати, поєднати нас,
Шлях в Віфлеєм нам вказує зоря,
Радіє все - і небо, і земля.
Всміхнуться срібні зорі нам,
Для всіх людей земля одна.

Приспів:
Разом друзі всі збираються,
Пісня луна,
Мрії всіх людей збуваються,
Ніч різдвяна.
Нам планета посміхається,
Йде рік новий,
Рік добра, любові й радості,
Рік нових надій.

На всій планеті рік новий один
Для всіх країн, народів і родин,
Свічу бажань на щастя запали,
В різдвяну казку друзів запроси.
Всміхнуться срібні зорі нам,
Для всіх людей земля одна.

Приспів. (2)

Рік нових надій...');
INSERT OR REPLACE INTO songs (id,title,subtitle,lang,country,period,year,source,notes,lyrics,tags_json,lang_locked,status,created_at,updated_at) VALUES ('pisniua_663757','Ой куди ж ви, голубочки','Українська народна пісня. Виконує: Жанна Боднарук','uk','ukraine_before_1917',NULL,NULL,'http://nashe.com.ua/',NULL,'Ой куди ж ви, голубочки, та й полетите?
Куди ж моє дівування та й понесете?
Та й понесете...

Полетіли голубочки та й по небі.
А уже ж мені дівування та й не треба.
Та й не треба...

Зав''яжу я дівування у хустину,
Покладу я дівування в нову скриню.
В нову скриню...

Відчиню я тую скриню, подивлюся,
По своєму дівуванню пожурюся...','["pisni.org.ua", "cat:socialno-pobutovi", "Соціально-побутові пісні"]',1,'published',COALESCE((SELECT created_at FROM songs WHERE id='pisniua_663757'), datetime('now')),datetime('now'));
INSERT OR REPLACE INTO songs_fts(song_id,title,lyrics) VALUES ('pisniua_663757','Ой куди ж ви, голубочки','Ой куди ж ви, голубочки, та й полетите?
Куди ж моє дівування та й понесете?
Та й понесете...

Полетіли голубочки та й по небі.
А уже ж мені дівування та й не треба.
Та й не треба...

Зав''яжу я дівування у хустину,
Покладу я дівування в нову скриню.
В нову скриню...

Відчиню я тую скриню, подивлюся,
По своєму дівуванню пожурюся...');
INSERT OR REPLACE INTO songs (id,title,subtitle,lang,country,period,year,source,notes,lyrics,tags_json,lang_locked,status,created_at,updated_at) VALUES ('pisniua_663776','Сірий цісар','Музика: Андрій Шусть Слова: Володимир Цибулько. Виконує: Жанна Боднарук','uk','ukraine_1991',NULL,NULL,'http://nashe.com.ua/',NULL,'Долітався, орле,
Долітався, сизий,
Більше не пригорнуть
Тебе небеса.
Впав на поле чорне,
Впав на поле чорне,
Як з очей Вітчизни сльоза.

Дотікався, лисе,
Домотався, мідний,
Більше не сховає
Тебе чорний ліс.
З проржавілим крісом
Ходить хтось під лісом,
А Вітчизна плаче без сліз...

Сірий цісар косить,
Сірий цісар піє
Про зелене жито і ліс.
Житечко проб''ється,
Житечко доспіє,
Зіржавіє в схованці кріс.

Сірий цісар знає,
Сірий цісар вміє
Стрілити у лиса,
Стрілити в орла...
Срібний таляр зблисне,
Цісар обімліє
Й випалить Вітчизну дотла...

Докипілась, крове,
Запеклась вишнево,
Більше не розгорне
Знамено на бій.
Лисові й орлові
Вистачило крові,
Вистачить, Вітчизно, й тобі.

Сірий цісар косить,
Сірий цісар піє
Про зелене жито і ліс.
Житечко проб''ється,
Житечко доспіє,
Зіржавіє в схованці кріс.

Сірий цісар знає,
Сірий цісар вміє
Стрілити у лиса,
Стрілити в орла...
Срібний таляр зблисне,
Цісар обімліє
Й випалить Вітчизну дотла...','["pisni.org.ua", "cat:istorychni", "Історичні пісні"]',1,'published',COALESCE((SELECT created_at FROM songs WHERE id='pisniua_663776'), datetime('now')),datetime('now'));
INSERT OR REPLACE INTO songs_fts(song_id,title,lyrics) VALUES ('pisniua_663776','Сірий цісар','Долітався, орле,
Долітався, сизий,
Більше не пригорнуть
Тебе небеса.
Впав на поле чорне,
Впав на поле чорне,
Як з очей Вітчизни сльоза.

Дотікався, лисе,
Домотався, мідний,
Більше не сховає
Тебе чорний ліс.
З проржавілим крісом
Ходить хтось під лісом,
А Вітчизна плаче без сліз...

Сірий цісар косить,
Сірий цісар піє
Про зелене жито і ліс.
Житечко проб''ється,
Житечко доспіє,
Зіржавіє в схованці кріс.

Сірий цісар знає,
Сірий цісар вміє
Стрілити у лиса,
Стрілити в орла...
Срібний таляр зблисне,
Цісар обімліє
Й випалить Вітчизну дотла...

Докипілась, крове,
Запеклась вишнево,
Більше не розгорне
Знамено на бій.
Лисові й орлові
Вистачило крові,
Вистачить, Вітчизно, й тобі.

Сірий цісар косить,
Сірий цісар піє
Про зелене жито і ліс.
Житечко проб''ється,
Житечко доспіє,
Зіржавіє в схованці кріс.

Сірий цісар знає,
Сірий цісар вміє
Стрілити у лиса,
Стрілити в орла...
Срібний таляр зблисне,
Цісар обімліє
Й випалить Вітчизну дотла...');
INSERT OR REPLACE INTO songs (id,title,subtitle,lang,country,period,year,source,notes,lyrics,tags_json,lang_locked,status,created_at,updated_at) VALUES ('pisniua_664093','Три янголи','Музика: народна','uk','ukraine_before_1917',NULL,NULL,'http://torban.org',NULL,'Ой, шли-пройшли та три янголи,
ой задивили душу грішную.

Ой, щож ти, душa, мимо раю пройшла?
Ой, чим ти душа провинилася?

Чи за скупощі? Чи за глупощі?
Чи душу погубив? Чи в''янець порушив?

Біля райських воріт стоїть Дерево,
Стоїть Дерево, купоросовоє.

А на тому древу птиці райськиї.
Голосочки у них серафімськиї.

Голосочки у них серафімськиї,
Поють пісні вони херувімськиї.

Ой у нашому раю жити весело,
Жити весело- та нема кому.....','["pisni.org.ua", "cat:poliski", "Пісні з Полісся"]',1,'published',COALESCE((SELECT created_at FROM songs WHERE id='pisniua_664093'), datetime('now')),datetime('now'));
INSERT OR REPLACE INTO songs_fts(song_id,title,lyrics) VALUES ('pisniua_664093','Три янголи','Ой, шли-пройшли та три янголи,
ой задивили душу грішную.

Ой, щож ти, душa, мимо раю пройшла?
Ой, чим ти душа провинилася?

Чи за скупощі? Чи за глупощі?
Чи душу погубив? Чи в''янець порушив?

Біля райських воріт стоїть Дерево,
Стоїть Дерево, купоросовоє.

А на тому древу птиці райськиї.
Голосочки у них серафімськиї.

Голосочки у них серафімськиї,
Поють пісні вони херувімськиї.

Ой у нашому раю жити весело,
Жити весело- та нема кому.....');
INSERT OR REPLACE INTO song_links (id,song_id,title,url,kind,version_id,sort_order) VALUES ('pisniua_664093_l1','pisniua_664093','YouTube','https://www.youtube.com/watch?v=qYjf5aYkdz8','video',NULL,1);
INSERT OR REPLACE INTO song_links (id,song_id,title,url,kind,version_id,sort_order) VALUES ('pisniua_664093_l2','pisniua_664093','YouTube','https://www.youtube.com/watch?v=qEFO5CT-sFQ','video',NULL,2);
INSERT OR REPLACE INTO songs (id,title,subtitle,lang,country,period,year,source,notes,lyrics,tags_json,lang_locked,status,created_at,updated_at) VALUES ('pisniua_66348','Ясени','Музика: Олександр Білаш Слова: Михайло Ткач. Виконує: Дмитро Гнатюк, Олександр Таранець, Микола Кондратюк, Василь Зінкевич, Рушничок, Олесь Царук, Василь Білоцерківський','uk','ukraine_1991',NULL,NULL,'О. Білаш "Любисток" Київ "Музична Україна" 1970','Акорди від piwtorachok.','Ясени, ясени,
Бачу вас за селом край дороги,
E
Бачу вас у красі,
Коли світиться ранок в росі.
Ви приходите в сни,
Як дитинство моє босоноге,
Ви приходите в сни,
Кучеряві мої ясени.
Ясени, ясени,
Наді мною шумлять ваші крона,
І,неначе літа,
Жовте листя за вітром зліта.
Перший сніг сивини
Я приніс, як тривогу, на скронях,
Перший сніг сивини
Впав на скроні мої, ясени.
Ясени, ясени,
За селом прокричали лелеки
І холодний, як лід,
Залишили на обрії слід,
Їм шукати весни
І летіти далеко-далеко,
Їм шукати весни
І вертатись до вас, ясени.
Ясени, ясени,
Бачу вас за селом край дороги,
Вам вклоняюсь до ніг,
Як вертаю з далеких доріг.
Ви приходите в сни,
Як дитинство моє босоноге,
Ви приходите в сни,
Кучеряві мої ясени.
Ясени, ясени,
Ви приходите в сни...','["pisni.org.ua", "cat:krasa-pryrody", "cat:nostalgia", "Пісні про красу природи", "Пісні з ностальгічними мотивами"]',1,'published',COALESCE((SELECT created_at FROM songs WHERE id='pisniua_66348'), datetime('now')),datetime('now'));
INSERT OR REPLACE INTO songs_fts(song_id,title,lyrics) VALUES ('pisniua_66348','Ясени','Ясени, ясени,
Бачу вас за селом край дороги,
E
Бачу вас у красі,
Коли світиться ранок в росі.
Ви приходите в сни,
Як дитинство моє босоноге,
Ви приходите в сни,
Кучеряві мої ясени.
Ясени, ясени,
Наді мною шумлять ваші крона,
І,неначе літа,
Жовте листя за вітром зліта.
Перший сніг сивини
Я приніс, як тривогу, на скронях,
Перший сніг сивини
Впав на скроні мої, ясени.
Ясени, ясени,
За селом прокричали лелеки
І холодний, як лід,
Залишили на обрії слід,
Їм шукати весни
І летіти далеко-далеко,
Їм шукати весни
І вертатись до вас, ясени.
Ясени, ясени,
Бачу вас за селом край дороги,
Вам вклоняюсь до ніг,
Як вертаю з далеких доріг.
Ви приходите в сни,
Як дитинство моє босоноге,
Ви приходите в сни,
Кучеряві мої ясени.
Ясени, ясени,
Ви приходите в сни...');
INSERT OR REPLACE INTO song_links (id,song_id,title,url,kind,version_id,sort_order) VALUES ('pisniua_66348_l1','pisniua_66348','YouTube','https://www.youtube.com/watch?v=IXgInWEU2do','video',NULL,1);
INSERT OR REPLACE INTO song_links (id,song_id,title,url,kind,version_id,sort_order) VALUES ('pisniua_66348_l2','pisniua_66348','YouTube','https://www.youtube.com/watch?v=NOXHgnqaw4A','video',NULL,2);
INSERT OR REPLACE INTO song_links (id,song_id,title,url,kind,version_id,sort_order) VALUES ('pisniua_66348_l3','pisniua_66348','YouTube','https://www.youtube.com/watch?v=dAtndPgCTEQ','video',NULL,3);
INSERT OR REPLACE INTO song_links (id,song_id,title,url,kind,version_id,sort_order) VALUES ('pisniua_66348_l4','pisniua_66348','YouTube','https://www.youtube.com/watch?v=CBD2MhcZXnY','video',NULL,4);
INSERT OR REPLACE INTO song_links (id,song_id,title,url,kind,version_id,sort_order) VALUES ('pisniua_66348_l5','pisniua_66348','YouTube','https://www.youtube.com/watch?v=8fk1YU4kha0','video',NULL,5);
INSERT OR REPLACE INTO song_links (id,song_id,title,url,kind,version_id,sort_order) VALUES ('pisniua_66348_l6','pisniua_66348','YouTube','https://www.youtube.com/watch?v=G6_oxl5vXsE','video',NULL,6);
INSERT OR REPLACE INTO song_links (id,song_id,title,url,kind,version_id,sort_order) VALUES ('pisniua_66348_l7','pisniua_66348','YouTube','https://www.youtube.com/watch?v=eKv90ed6gOA','video',NULL,7);
INSERT OR REPLACE INTO song_links (id,song_id,title,url,kind,version_id,sort_order) VALUES ('pisniua_66348_l8','pisniua_66348','YouTube','https://www.youtube.com/watch?v=xXASM9UtqvM','video',NULL,8);
INSERT OR REPLACE INTO song_links (id,song_id,title,url,kind,version_id,sort_order) VALUES ('pisniua_66348_l9','pisniua_66348','http://schoolmusic.narod.ru/muzika_r.html','http://schoolmusic.narod.ru/muzika_r.html','external',NULL,9);
INSERT OR REPLACE INTO songs (id,title,subtitle,lang,country,period,year,source,notes,lyrics,tags_json,lang_locked,status,created_at,updated_at) VALUES ('pisniua_6572570','Коло тебе','Музика: Василь Білоус Слова: Василь Білоус','uk','ukraine_1991',NULL,NULL,'аудіозапис',NULL,'Приспів:
А коло тебе тепло, як коло вогня,  |
Коло тебе раєм стала вся земля!..  |
І хоч нечасто кажу, як тебе люблю, |
Та заради тебе я світ переверну!   | (2)

Ти, неначе зірка, що прокладає шлях,
Ти, неначе космос, поміщений в очах!
Не хочу я казати забагато слів,
Ти все зрозумієш з ось цих рядків:

Приспів.

Пролітають хвилини, пролітають години,
Коли поруч зі мною є ти...
Ти - моє єдине сонячне проміння
У ці сірі дні!..
Я без тебе не можу!
Я без тебе не хочу!
Ти - велика залежність моя!..
Бо інакше без тебе
Я неначе без неба,
Як моряк без корабля...

Приспів.','["pisni.org.ua", "cat:devoted", "cat:zahalni-cinnosti", "Пісні присвячені окремим особам", "Пісні про загальнолюдські цінності"]',1,'published',COALESCE((SELECT created_at FROM songs WHERE id='pisniua_6572570'), datetime('now')),datetime('now'));
INSERT OR REPLACE INTO songs_fts(song_id,title,lyrics) VALUES ('pisniua_6572570','Коло тебе','Приспів:
А коло тебе тепло, як коло вогня,  |
Коло тебе раєм стала вся земля!..  |
І хоч нечасто кажу, як тебе люблю, |
Та заради тебе я світ переверну!   | (2)

Ти, неначе зірка, що прокладає шлях,
Ти, неначе космос, поміщений в очах!
Не хочу я казати забагато слів,
Ти все зрозумієш з ось цих рядків:

Приспів.

Пролітають хвилини, пролітають години,
Коли поруч зі мною є ти...
Ти - моє єдине сонячне проміння
У ці сірі дні!..
Я без тебе не можу!
Я без тебе не хочу!
Ти - велика залежність моя!..
Бо інакше без тебе
Я неначе без неба,
Як моряк без корабля...

Приспів.');
INSERT OR REPLACE INTO song_links (id,song_id,title,url,kind,version_id,sort_order) VALUES ('pisniua_6572570_l1','pisniua_6572570','YouTube','https://www.youtube.com/watch?v=dVDpKTWX0bc','video',NULL,1);
INSERT OR REPLACE INTO songs (id,title,subtitle,lang,country,period,year,source,notes,lyrics,tags_json,lang_locked,status,created_at,updated_at) VALUES ('pisniua_6571848','Зірка ясна','Музика: Мар''яна Романишин Слова: Ігор Целип','uk','ukraine_before_1917',NULL,NULL,'аудіозапис',NULL,'Зірка ясна засвітила,
Нам новину сповістила:
Там, в бідній яскині,   |
У яслах на сіні,        |
Діва Сина породила!     | (2)

Пастушки зорю уздріли,
До вертепу поспішили.
Там, в тихій долині,
При Божій Дитині
Серця свої прихилили!

Ангели вгорі співають,
Бога в тілі прославляють.
Пречиста Марія,         |
Ісусик маленький        |
Мир на землю посилають! | (2)

Колядуймо разом нині
Для Ісуса, що в яскині!
Поможи нам, Боже,       |
Мир хай переможе        |
В нашій рідній Україні! | (2)','["pisni.org.ua", "cat:shchedrivky", "cat:suchasni-pisni-rizdvo", "Щедрівки", "Сучасні пісні про Різдвяні свята"]',1,'published',COALESCE((SELECT created_at FROM songs WHERE id='pisniua_6571848'), datetime('now')),datetime('now'));
INSERT OR REPLACE INTO songs_fts(song_id,title,lyrics) VALUES ('pisniua_6571848','Зірка ясна','Зірка ясна засвітила,
Нам новину сповістила:
Там, в бідній яскині,   |
У яслах на сіні,        |
Діва Сина породила!     | (2)

Пастушки зорю уздріли,
До вертепу поспішили.
Там, в тихій долині,
При Божій Дитині
Серця свої прихилили!

Ангели вгорі співають,
Бога в тілі прославляють.
Пречиста Марія,         |
Ісусик маленький        |
Мир на землю посилають! | (2)

Колядуймо разом нині
Для Ісуса, що в яскині!
Поможи нам, Боже,       |
Мир хай переможе        |
В нашій рідній Україні! | (2)');
INSERT OR REPLACE INTO song_links (id,song_id,title,url,kind,version_id,sort_order) VALUES ('pisniua_6571848_l1','pisniua_6571848','YouTube','https://www.youtube.com/watch?v=gx9RKHdpy8Y','video',NULL,1);
INSERT OR REPLACE INTO songs (id,title,subtitle,lang,country,period,year,source,notes,lyrics,tags_json,lang_locked,status,created_at,updated_at) VALUES ('pisniua_660454','Чорнобильський метелик','Музика: Тризубий Стас Слова: Тризубий Стас. Виконує: Тризубий Стас','uk','ukraine_1991',NULL,NULL,'http://www.itc.ua/forum/showthread.php?t=3075',NULL,'Чорнобильський метелик крилятами маха,
Учора народився, а нині вже здиха.
Над чорною землею німий люнає біль,
Отак і розпочався цей чорний водевіль.
Отак і розпочався цей чорний водевіль.

Я на танго запрошую усіх, хто з МінАтомЕнерго,
Щоб море орденів аж сяяло з уславлених грудей.
Луна веселий сміх, шикується у стрій добірна черга
Готових танцювать танго і на кістках своїх дітей.

Давай джаз-банда, така була команда,
Хай не шкодує гітара своїх струн,
А як обанці не витримають танцю,
Хай вистачить на всіх дубових трун.
Хай вистачить на всіх дубових трун.

Чиновник в апараті паперами маха,
Гнилий, вже ледве диша, але ще не здиха,
Державну має владу, живе собі як гість,
Вчепився за посаду і паскудить там де їсть.
Вчепився за посаду і паскудить там де їсть.

Я на танго запрошую усіх, хто має білу шкіру,
Тоді на чорнім тлі їх сором будуть бачити усі.
А як у них нема ні сорому, ні совісті й ні віри,
Нехай той свій танок танцюють із косою у руці.

А в Чигирині розрили поле свині,
Там по святині бульдозери гудуть.
Бо замість Бога "свєтлая дорога"
Із тих, що так нікуди й не ведуть.
Із тих, що так нікуди й не ведуть.

З трибуни на параді начальство нам маха.
Реактором рвануло - воно собі "ха-ха".
Дітей евакуювало, а з ними і жінок,
Кагору засмоктало і готове на танок.
Кагору засмоктало і готове на танок.

Я на танго запрошую усіх, танцюйте разом з нами,
Спускайтеся з трибун у ґамма-нуклеідові ями,
Бо може лиш тоді, коли ви поміняєтесь ролями з мерцями,
Захочеться вам стать не свинями, а гідними людьми.

Ви ж потайнцюйте і добре поміркуйте,
І в вас питання народиться в момент:
Які ж засранці придумали ті танці,
І хто у тій джаз-банді деригент.
І хто у тій джаз-банді деригент.
І хто у тій джаз-банді деригент.

Я на танго запрошую усіх...','["pisni.org.ua", "cat:suspilno-politychni", "Суспільно-політичні пісні"]',1,'published',COALESCE((SELECT created_at FROM songs WHERE id='pisniua_660454'), datetime('now')),datetime('now'));
INSERT OR REPLACE INTO songs_fts(song_id,title,lyrics) VALUES ('pisniua_660454','Чорнобильський метелик','Чорнобильський метелик крилятами маха,
Учора народився, а нині вже здиха.
Над чорною землею німий люнає біль,
Отак і розпочався цей чорний водевіль.
Отак і розпочався цей чорний водевіль.

Я на танго запрошую усіх, хто з МінАтомЕнерго,
Щоб море орденів аж сяяло з уславлених грудей.
Луна веселий сміх, шикується у стрій добірна черга
Готових танцювать танго і на кістках своїх дітей.

Давай джаз-банда, така була команда,
Хай не шкодує гітара своїх струн,
А як обанці не витримають танцю,
Хай вистачить на всіх дубових трун.
Хай вистачить на всіх дубових трун.

Чиновник в апараті паперами маха,
Гнилий, вже ледве диша, але ще не здиха,
Державну має владу, живе собі як гість,
Вчепився за посаду і паскудить там де їсть.
Вчепився за посаду і паскудить там де їсть.

Я на танго запрошую усіх, хто має білу шкіру,
Тоді на чорнім тлі їх сором будуть бачити усі.
А як у них нема ні сорому, ні совісті й ні віри,
Нехай той свій танок танцюють із косою у руці.

А в Чигирині розрили поле свині,
Там по святині бульдозери гудуть.
Бо замість Бога "свєтлая дорога"
Із тих, що так нікуди й не ведуть.
Із тих, що так нікуди й не ведуть.

З трибуни на параді начальство нам маха.
Реактором рвануло - воно собі "ха-ха".
Дітей евакуювало, а з ними і жінок,
Кагору засмоктало і готове на танок.
Кагору засмоктало і готове на танок.

Я на танго запрошую усіх, танцюйте разом з нами,
Спускайтеся з трибун у ґамма-нуклеідові ями,
Бо може лиш тоді, коли ви поміняєтесь ролями з мерцями,
Захочеться вам стать не свинями, а гідними людьми.

Ви ж потайнцюйте і добре поміркуйте,
І в вас питання народиться в момент:
Які ж засранці придумали ті танці,
І хто у тій джаз-банді деригент.
І хто у тій джаз-банді деригент.
І хто у тій джаз-банді деригент.

Я на танго запрошую усіх...');
INSERT OR REPLACE INTO song_links (id,song_id,title,url,kind,version_id,sort_order) VALUES ('pisniua_660454_l1','pisniua_660454','YouTube','https://www.youtube.com/watch?v=Usubr0o9Frg','video',NULL,1);
INSERT OR REPLACE INTO songs (id,title,subtitle,lang,country,period,year,source,notes,lyrics,tags_json,lang_locked,status,created_at,updated_at) VALUES ('pisniua_664848','Через сад','Українська народна пісня. Виконує: Соломія Крушельницька','uk','ukraine_before_1917',NULL,NULL,'Текст, ноти: Народні пісні з села Соломії Крушельницької: Записані в селі Біла Тернопільського р­ну Тернопільської обл. / Упоряд. П. Медведик. –Тернопіль: Збруч, 1993. – С. 173-174.',NULL,'Через сад-виноград по воду ходила
Та не дав мені Бог, кого я любила    | (2)

Та не дав мені Бог, кого я кохала
Та за той перебір, що перебирала.    | (2)

Посію я руту круту межи берегами,
Тяжко мені в світі жити межи ворогами.    | (2)

Ой брехали вороженьки, як настало літо,
Була правда і неправда, було розмаїто.    | (2)

Ой брехали вороженьки, як настала зима,
Вже ся тепер довідали, що я ніц не винна. | (2)

Брешіть, брешіть, вороженьки, - най вам буде трясця!
А ми, серце, кохаймося, дай нам Боже щастя. | (2)

Брешіть, брешіть, вороженьки, - най вам буде трісця!
А ми таки любімося, дай нам Боже щистя.   | (2)','["pisni.org.ua", "cat:podilski", "Пісні з Поділля"]',1,'published',COALESCE((SELECT created_at FROM songs WHERE id='pisniua_664848'), datetime('now')),datetime('now'));
INSERT OR REPLACE INTO songs_fts(song_id,title,lyrics) VALUES ('pisniua_664848','Через сад','Через сад-виноград по воду ходила
Та не дав мені Бог, кого я любила    | (2)

Та не дав мені Бог, кого я кохала
Та за той перебір, що перебирала.    | (2)

Посію я руту круту межи берегами,
Тяжко мені в світі жити межи ворогами.    | (2)

Ой брехали вороженьки, як настало літо,
Була правда і неправда, було розмаїто.    | (2)

Ой брехали вороженьки, як настала зима,
Вже ся тепер довідали, що я ніц не винна. | (2)

Брешіть, брешіть, вороженьки, - най вам буде трясця!
А ми, серце, кохаймося, дай нам Боже щастя. | (2)

Брешіть, брешіть, вороженьки, - най вам буде трісця!
А ми таки любімося, дай нам Боже щистя.   | (2)');
INSERT OR REPLACE INTO song_links (id,song_id,title,url,kind,version_id,sort_order) VALUES ('pisniua_664848_l1','pisniua_664848','YouTube','https://www.youtube.com/watch?v=esMiMQW7YVc','video',NULL,1);
INSERT OR REPLACE INTO songs (id,title,subtitle,lang,country,period,year,source,notes,lyrics,tags_json,lang_locked,status,created_at,updated_at) VALUES ('pisniua_6568399','Закохана','Музика: Alena Omargalieva, Світлана Крись Слова: Alena Omargalieva, Світлана Крись','uk','ukraine_1991',NULL,NULL,'аудіозапис',NULL,'Ой, я не п''яна, я просто закохана!  |
Ой, так співає сьогодні душа моя!   |
Ой, за тобою босоніж на край землі! |
Ой, так потрібен мені тільки ти!    | (2)

Слава Богу, у мене є ти!
Слава Богу, у мене є ти!

Приспів:
Ой, я не п''яна, я просто закохана!
Ой, так співає сьогодні душа моя!
Ой, за тобою босоніж на край землі!
Ой, Слава Богу, у мене є ти!

Думала, що вже немає хороших чоловіків.
Думала, тепер назавжди залишусь сама...
Подруги мені казали: Забудь про романтиків!
Всіх хороших розібрали, свого не знайшла...
А ти з''являєшся, неначе сон,
Такий красивий, ніби Аполлон!..

Приспів.

Від солодких поцілунків твоїх прокидаюся,
І дві кави на столі - аромат моїх мрій!
Я дозволила собі так закохатися,
Хоч і досі я не вірила мріям своїм!
А ти з''являєшся, неначе сон,
Такий красивий, ніби Аполлон!..

Приспів.','["pisni.org.ua", "cat:devoted", "cat:zahalni-cinnosti", "Пісні присвячені окремим особам", "Пісні про загальнолюдські цінності"]',1,'published',COALESCE((SELECT created_at FROM songs WHERE id='pisniua_6568399'), datetime('now')),datetime('now'));
INSERT OR REPLACE INTO songs_fts(song_id,title,lyrics) VALUES ('pisniua_6568399','Закохана','Ой, я не п''яна, я просто закохана!  |
Ой, так співає сьогодні душа моя!   |
Ой, за тобою босоніж на край землі! |
Ой, так потрібен мені тільки ти!    | (2)

Слава Богу, у мене є ти!
Слава Богу, у мене є ти!

Приспів:
Ой, я не п''яна, я просто закохана!
Ой, так співає сьогодні душа моя!
Ой, за тобою босоніж на край землі!
Ой, Слава Богу, у мене є ти!

Думала, що вже немає хороших чоловіків.
Думала, тепер назавжди залишусь сама...
Подруги мені казали: Забудь про романтиків!
Всіх хороших розібрали, свого не знайшла...
А ти з''являєшся, неначе сон,
Такий красивий, ніби Аполлон!..

Приспів.

Від солодких поцілунків твоїх прокидаюся,
І дві кави на столі - аромат моїх мрій!
Я дозволила собі так закохатися,
Хоч і досі я не вірила мріям своїм!
А ти з''являєшся, неначе сон,
Такий красивий, ніби Аполлон!..

Приспів.');
INSERT OR REPLACE INTO song_links (id,song_id,title,url,kind,version_id,sort_order) VALUES ('pisniua_6568399_l1','pisniua_6568399','YouTube','https://www.youtube.com/watch?v=etVD0bF6WY8','video',NULL,1);
INSERT OR REPLACE INTO songs (id,title,subtitle,lang,country,period,year,source,notes,lyrics,tags_json,lang_locked,status,created_at,updated_at) VALUES ('pisniua_665252','Загублені діти','Музика: Андрій Кузьменко Слова: Андрій Кузьменко. Виконує: Скрябін','uk','ukraine_before_1917',NULL,NULL,'альбом "Про любов"',NULL,'Як обірване листя,
Як поламані вітром квіти,
Бродять недобрим світом
Некохані, загублені діти.
Просто їх не хотіли,
Ніби мама і ніби тато,
Просто їх загубили,
І не хоче їх підібрати
Ніхто, ніхто...

Приспів:
Мама, знайди мене - я тут! |
Мама, ще трохи - я помру!  | (2)

Як нічиї собаки,
Лишні люди у нашій схемі,
Плід дурної любові,
Кінець фільму - закрита тема.
З розіп''ятим сердечком
Носить їх по землі бідою.
Люди, бійтеся Бога,
Розберіться самі з собою!

Приспів. (2)','["pisni.org.ua", "cat:socialno-pobutovi", "Соціально-побутові пісні"]',1,'published',COALESCE((SELECT created_at FROM songs WHERE id='pisniua_665252'), datetime('now')),datetime('now'));
INSERT OR REPLACE INTO songs_fts(song_id,title,lyrics) VALUES ('pisniua_665252','Загублені діти','Як обірване листя,
Як поламані вітром квіти,
Бродять недобрим світом
Некохані, загублені діти.
Просто їх не хотіли,
Ніби мама і ніби тато,
Просто їх загубили,
І не хоче їх підібрати
Ніхто, ніхто...

Приспів:
Мама, знайди мене - я тут! |
Мама, ще трохи - я помру!  | (2)

Як нічиї собаки,
Лишні люди у нашій схемі,
Плід дурної любові,
Кінець фільму - закрита тема.
З розіп''ятим сердечком
Носить їх по землі бідою.
Люди, бійтеся Бога,
Розберіться самі з собою!

Приспів. (2)');
INSERT OR REPLACE INTO song_links (id,song_id,title,url,kind,version_id,sort_order) VALUES ('pisniua_665252_l1','pisniua_665252','YouTube','https://www.youtube.com/watch?v=J1eEZJq9Y9E','video',NULL,1);
INSERT OR REPLACE INTO songs (id,title,subtitle,lang,country,period,year,source,notes,lyrics,tags_json,lang_locked,status,created_at,updated_at) VALUES ('pisniua_662144','Місто Лева','Музика: Андрій Євтушенко Слова: Андрій Євтушенко. Виконує: Андрій Євтушенко','uk','ukraine_1991',NULL,NULL,NULL,NULL,'Приспів:
Той добре знає, хто приїжджає
До міста Лева хоч би на день,
Що його стріне завжди незмінно
Трамвай веселий: "Дзень-дзень-дзелень!"

Людські потоки змінюють кроки:
Зелене світло чека народ.
Хто - до броварні, хто - до кав''ярні,
Хто - до науки, хто - на завод.
На площу Pинок спішать новини
Добрі й не дуже, та голосні,
Шукають думку в тихих провулках
І прогнозують майбутні дні.

Вірші Франкові в смутку й любові,
Пісні Колесси, балади, рок,
Незгасна ватра слави театру,
Гала-концерти нових зірок.
Стрічає ранок Високий замок
У скверах, парках крилатий спів.
Лине птахами вік за віками
Та не старіє наш древній Львів.','["pisni.org.ua", "cat:lviv", "Пісні про Львів"]',1,'published',COALESCE((SELECT created_at FROM songs WHERE id='pisniua_662144'), datetime('now')),datetime('now'));
INSERT OR REPLACE INTO songs_fts(song_id,title,lyrics) VALUES ('pisniua_662144','Місто Лева','Приспів:
Той добре знає, хто приїжджає
До міста Лева хоч би на день,
Що його стріне завжди незмінно
Трамвай веселий: "Дзень-дзень-дзелень!"

Людські потоки змінюють кроки:
Зелене світло чека народ.
Хто - до броварні, хто - до кав''ярні,
Хто - до науки, хто - на завод.
На площу Pинок спішать новини
Добрі й не дуже, та голосні,
Шукають думку в тихих провулках
І прогнозують майбутні дні.

Вірші Франкові в смутку й любові,
Пісні Колесси, балади, рок,
Незгасна ватра слави театру,
Гала-концерти нових зірок.
Стрічає ранок Високий замок
У скверах, парках крилатий спів.
Лине птахами вік за віками
Та не старіє наш древній Львів.');
INSERT OR REPLACE INTO songs (id,title,subtitle,lang,country,period,year,source,notes,lyrics,tags_json,lang_locked,status,created_at,updated_at) VALUES ('pisniua_665746','Наступає чорна хмара','Українська народна пісня','uk','ukraine_before_1917',NULL,NULL,'Народні перлини. Українські народні пісні. Київ, Державне видавництво художньої літератури, 1961.',NULL,'Наступає чорна хмара,
А другая синя,
Не заступить син за батька,
А батько за сина.
Женуть батька в степ косити,
Сина молотити,
Третю дочку-паняночку
Тютюну садити.
А невістку з свекрухою
У лан жито жати.
Сіли вони обідати -
Гіркий нам обіде!
Озирнуться позад себе -
Аж економ їде.
Підїжджає пан економ,
Канчук розпускає,
- Чому, чому, білозерці,
Усіх вас немає?
- Економе добродію,
Що маєм робити?
Покидали малих діток,
Нікому глядіти.
- А я велю малих діток
В ставках потопити,
Та всім же вам, білозерцям,
В роботу ходити, -
У нашої економші
Червона спідниця,
Ой виходять білозерці,
Як сходить зірниця.
У нашого економа
Сивая кобила.
Ой побила білозерців
Лихая година.
У нашого Білозера
Червоная хустка.
Остається в Білозера
Не одна хата пустка.
У нашої економки
Уподовж мережки.
Йдуть додому білозерці,
Як не видно стежки.','["pisni.org.ua", "cat:socialno-pobutovi", "Соціально-побутові пісні"]',1,'published',COALESCE((SELECT created_at FROM songs WHERE id='pisniua_665746'), datetime('now')),datetime('now'));
INSERT OR REPLACE INTO songs_fts(song_id,title,lyrics) VALUES ('pisniua_665746','Наступає чорна хмара','Наступає чорна хмара,
А другая синя,
Не заступить син за батька,
А батько за сина.
Женуть батька в степ косити,
Сина молотити,
Третю дочку-паняночку
Тютюну садити.
А невістку з свекрухою
У лан жито жати.
Сіли вони обідати -
Гіркий нам обіде!
Озирнуться позад себе -
Аж економ їде.
Підїжджає пан економ,
Канчук розпускає,
- Чому, чому, білозерці,
Усіх вас немає?
- Економе добродію,
Що маєм робити?
Покидали малих діток,
Нікому глядіти.
- А я велю малих діток
В ставках потопити,
Та всім же вам, білозерцям,
В роботу ходити, -
У нашої економші
Червона спідниця,
Ой виходять білозерці,
Як сходить зірниця.
У нашого економа
Сивая кобила.
Ой побила білозерців
Лихая година.
У нашого Білозера
Червоная хустка.
Остається в Білозера
Не одна хата пустка.
У нашої економки
Уподовж мережки.
Йдуть додому білозерці,
Як не видно стежки.');
INSERT OR REPLACE INTO songs (id,title,subtitle,lang,country,period,year,source,notes,lyrics,tags_json,lang_locked,status,created_at,updated_at) VALUES ('pisniua_666178','Japan TV','Музика: Андрій Кузьменко Слова: Андрій Кузьменко. Виконує: Скрябін','uk','ukraine_1991',NULL,NULL,'альбом "Модна країна"',NULL,'Не хотів би бути міністром,
Вмерти від інфаркта під кріслом.
Не хотів би бути травою,
Шоб корови не ганяли за мною.
Не хотів би бути я милом,
Мити руки різним дибілам.
Не хотів би бути коротким,
Бо коротких все не видно на фотках.

Приспів:
Нарі-нарі-нарі-нарі,
Я хочу новий телевізор,
Нарі-нарі-нарі-нарі,
Японський новий телевізор,
Нарі-нарі-нарі-нарі,
Великий, новий, кольоровий,
Нарі-нарі-нарі-нарі,
За нього я на всьо готовий.

Не хотів би бути таксистом,
Шоб тікати від маньяків за містом,
Не хотів би в космос літати,
Там не можна ні їсти, ні пити,
Не хотів би я пейджером бути,
Посилати нафік цифри і букви,
Не хотів би бути диваном,
Шоби терлися об мене штанами...

Приспів.','["pisni.org.ua", "cat:suspilno-politychni", "Суспільно-політичні пісні"]',1,'published',COALESCE((SELECT created_at FROM songs WHERE id='pisniua_666178'), datetime('now')),datetime('now'));
INSERT OR REPLACE INTO songs_fts(song_id,title,lyrics) VALUES ('pisniua_666178','Japan TV','Не хотів би бути міністром,
Вмерти від інфаркта під кріслом.
Не хотів би бути травою,
Шоб корови не ганяли за мною.
Не хотів би бути я милом,
Мити руки різним дибілам.
Не хотів би бути коротким,
Бо коротких все не видно на фотках.

Приспів:
Нарі-нарі-нарі-нарі,
Я хочу новий телевізор,
Нарі-нарі-нарі-нарі,
Японський новий телевізор,
Нарі-нарі-нарі-нарі,
Великий, новий, кольоровий,
Нарі-нарі-нарі-нарі,
За нього я на всьо готовий.

Не хотів би бути таксистом,
Шоб тікати від маньяків за містом,
Не хотів би в космос літати,
Там не можна ні їсти, ні пити,
Не хотів би я пейджером бути,
Посилати нафік цифри і букви,
Не хотів би бути диваном,
Шоби терлися об мене штанами...

Приспів.');
INSERT OR REPLACE INTO songs (id,title,subtitle,lang,country,period,year,source,notes,lyrics,tags_json,lang_locked,status,created_at,updated_at) VALUES ('pisniua_666042','Ой що ж бо то та й за ворон','Українська народна пісня','uk','ukraine_before_1917',NULL,NULL,'Народні перлини. Українські народні пісні. Київ, Державне видавництво художньої літератури, 1961.',NULL,'Ой що ж бо то та й за ворон,
Що по морю кракає,
Ой що ж бо то за бурлака, |
Що всіх бурлак збирає.    | (2)

Збирайтеся, панове молодці
Та все народ молодий,
Та й підемо, панове молодці, |
У той лісок Лебедин.         | (2)

Ой що ж бо то, панове молодці,
Щось у хмарі гуде,
Ой щось-бо нам, панове молодці, |
За пригодoнька буде.            | (2)

Рости, рости, а клeн-дерево,
Рости вгору високо, -
Поховали пана-отамана |
В сиру землю глибоко. | (2)

Рости, рости, а клен-дерево,
Рости вгору ще вище, -
Поховали пана-отамана   |
В сиру землю ще глибше. | (2)','["pisni.org.ua", "cat:istorychni", "Історичні пісні"]',1,'published',COALESCE((SELECT created_at FROM songs WHERE id='pisniua_666042'), datetime('now')),datetime('now'));
INSERT OR REPLACE INTO songs_fts(song_id,title,lyrics) VALUES ('pisniua_666042','Ой що ж бо то та й за ворон','Ой що ж бо то та й за ворон,
Що по морю кракає,
Ой що ж бо то за бурлака, |
Що всіх бурлак збирає.    | (2)

Збирайтеся, панове молодці
Та все народ молодий,
Та й підемо, панове молодці, |
У той лісок Лебедин.         | (2)

Ой що ж бо то, панове молодці,
Щось у хмарі гуде,
Ой щось-бо нам, панове молодці, |
За пригодoнька буде.            | (2)

Рости, рости, а клeн-дерево,
Рости вгору високо, -
Поховали пана-отамана |
В сиру землю глибоко. | (2)

Рости, рости, а клен-дерево,
Рости вгору ще вище, -
Поховали пана-отамана   |
В сиру землю ще глибше. | (2)');
INSERT OR REPLACE INTO songs (id,title,subtitle,lang,country,period,year,source,notes,lyrics,tags_json,lang_locked,status,created_at,updated_at) VALUES ('pisniua_663491','Пішов Іван','Українська народна пісня. Виконує: Софія Ротару, Червона Рута, Бандурна Розмова, Богдан Косопуд, Іван Попович','uk','ukraine_before_1917',NULL,NULL,'1. http://www.fortuna-rotaru.com 2. Туристський пісенник "Де гори Карпати, де Писаний Камінь". — Літо, 1982. (Самвидав)','Anrzej: Текст виправлений і доповнений за джерелом 2. Звідти ж і акорди.','Пішов Іван в полонину косити,
Пішло за ним дев''ять дівок сушити;
Та й накосив дев''ять валів в один день,
Не посушать дев''ять дівок за тиждень!
Ой, на горі сніг біленький, гей-я-гой!
Прийди до ня, моя мила, гой-я-гой!
Прийди-прийди на словечко, гей-я-гой!
Поцілуй ня в біле личко, гей-я-гой!
Женив би-м ся, а боюся, гей-я-гой!
Аж натраплю жону-біса, гой-я-гой!
Ще два рочки полегіню, гей-я-гой!
На найкращій ся оженю, гой-я-гой!
Не любила-м лиш одного, гей-я-гой!
Кажуть люди, гріх за нього, гой-я-гой!
Я ся гріха побояла, гей-я-гой!
Сімох зразу зчарувала, гой-я-гой!
Любила-с ня цілий тиждень, гей-я-гой!
Забула-с на восьмий день, гой-я-гой!
Невелика серцю туга, гей-я-гой!
Не будеш ти - буде друга, гой-я-гой!
Акорди:
Пішов Іван в полонину косити,
Пішло за ним дев''ять дівок сушити;
Та й накосив дев''ять валів в один день,
Не посушать дев''ять дівок за тиждень!','["pisni.org.ua", "cat:huculski", "cat:socialno-pobutovi", "cat:zakarpatski", "Гуцульські пісні", "Соціально-побутові пісні", "Закарпатські пісні"]',1,'published',COALESCE((SELECT created_at FROM songs WHERE id='pisniua_663491'), datetime('now')),datetime('now'));
INSERT OR REPLACE INTO songs_fts(song_id,title,lyrics) VALUES ('pisniua_663491','Пішов Іван','Пішов Іван в полонину косити,
Пішло за ним дев''ять дівок сушити;
Та й накосив дев''ять валів в один день,
Не посушать дев''ять дівок за тиждень!
Ой, на горі сніг біленький, гей-я-гой!
Прийди до ня, моя мила, гой-я-гой!
Прийди-прийди на словечко, гей-я-гой!
Поцілуй ня в біле личко, гей-я-гой!
Женив би-м ся, а боюся, гей-я-гой!
Аж натраплю жону-біса, гой-я-гой!
Ще два рочки полегіню, гей-я-гой!
На найкращій ся оженю, гой-я-гой!
Не любила-м лиш одного, гей-я-гой!
Кажуть люди, гріх за нього, гой-я-гой!
Я ся гріха побояла, гей-я-гой!
Сімох зразу зчарувала, гой-я-гой!
Любила-с ня цілий тиждень, гей-я-гой!
Забула-с на восьмий день, гой-я-гой!
Невелика серцю туга, гей-я-гой!
Не будеш ти - буде друга, гой-я-гой!
Акорди:
Пішов Іван в полонину косити,
Пішло за ним дев''ять дівок сушити;
Та й накосив дев''ять валів в один день,
Не посушать дев''ять дівок за тиждень!');
INSERT OR REPLACE INTO song_links (id,song_id,title,url,kind,version_id,sort_order) VALUES ('pisniua_663491_l1','pisniua_663491','YouTube','https://www.youtube.com/watch?v=vKLttdia628','video',NULL,1);
INSERT OR REPLACE INTO song_links (id,song_id,title,url,kind,version_id,sort_order) VALUES ('pisniua_663491_l2','pisniua_663491','YouTube','https://www.youtube.com/watch?v=BF5ml5v2Ses','video',NULL,2);
INSERT OR REPLACE INTO song_links (id,song_id,title,url,kind,version_id,sort_order) VALUES ('pisniua_663491_l3','pisniua_663491','YouTube','https://www.youtube.com/watch?v=cTB3lgvLClU','video',NULL,3);
INSERT OR REPLACE INTO song_links (id,song_id,title,url,kind,version_id,sort_order) VALUES ('pisniua_663491_l4','pisniua_663491','Переглянути варіанти >>','https://www.pisni.org.ua/#variants','external',NULL,4);
INSERT OR REPLACE INTO songs (id,title,subtitle,lang,country,period,year,source,notes,lyrics,tags_json,lang_locked,status,created_at,updated_at) VALUES ('pisniua_667399','В чарах кохання','Слова: Кесар Білиловський','uk','ukraine_before_1917',NULL,NULL,'Струни серця. Українські народні пісні про кохання. Київ, Держлітвидав, 1969.',NULL,'В чарах кохання моє дівування
Хочу я вільно, як пташка, прожить:
Вільне обрання і вільне кохання,
Серденьку воля, як хоче любить!
Шкода й розмови: святої любові
Силою в серце не можна вложить...

Поки шовкові чорнітимуть брови, -
Дайте-бо жить мені, дайте-бо жить.

Той мені шепче... той руки цілує,
Той тут навколішки смирно стає,
Той мені вірші любовні віршує,
Той аж поклони, мов богові, б''є...
З них же один мені бачиться всюди,
До одного тільки серце лежить...

Поки горять мої полум''ям груди, -
Дайте-бо жить мені, дайте-бо жить.

Нащо питати, якого кохати? -
Серденько зразу вгадало само.
Нащо шукати, котрий багатий? -
Там, де багатство, там певне ярмо.
Ненька зітхає, а батенько лає;
Слава недобра про мене біжить...

Суд-пересуд... Але все те минає.
Дайте-бо жить мені, дайте-бо жить.

Що тут і батько, і рідная мати?
Що тут всі родичі, що увест мир?
Все мені байдуже! Годі й казати...
Байдуже глум і людський поговір!
Серденько б''ється, і ниє, і рветься,
Поки аж молодість красна минеться, -
Дайте-бо жить мені, дайте-бо жить!','["pisni.org.ua", "cat:romansy", "Романси"]',1,'published',COALESCE((SELECT created_at FROM songs WHERE id='pisniua_667399'), datetime('now')),datetime('now'));
INSERT OR REPLACE INTO songs_fts(song_id,title,lyrics) VALUES ('pisniua_667399','В чарах кохання','В чарах кохання моє дівування
Хочу я вільно, як пташка, прожить:
Вільне обрання і вільне кохання,
Серденьку воля, як хоче любить!
Шкода й розмови: святої любові
Силою в серце не можна вложить...

Поки шовкові чорнітимуть брови, -
Дайте-бо жить мені, дайте-бо жить.

Той мені шепче... той руки цілує,
Той тут навколішки смирно стає,
Той мені вірші любовні віршує,
Той аж поклони, мов богові, б''є...
З них же один мені бачиться всюди,
До одного тільки серце лежить...

Поки горять мої полум''ям груди, -
Дайте-бо жить мені, дайте-бо жить.

Нащо питати, якого кохати? -
Серденько зразу вгадало само.
Нащо шукати, котрий багатий? -
Там, де багатство, там певне ярмо.
Ненька зітхає, а батенько лає;
Слава недобра про мене біжить...

Суд-пересуд... Але все те минає.
Дайте-бо жить мені, дайте-бо жить.

Що тут і батько, і рідная мати?
Що тут всі родичі, що увест мир?
Все мені байдуже! Годі й казати...
Байдуже глум і людський поговір!
Серденько б''ється, і ниє, і рветься,
Поки аж молодість красна минеться, -
Дайте-бо жить мені, дайте-бо жить!');
INSERT OR REPLACE INTO songs (id,title,subtitle,lang,country,period,year,source,notes,lyrics,tags_json,lang_locked,status,created_at,updated_at) VALUES ('pisniua_664353','Колиска яворова','Музика: Богдан Кучер Слова: Богдан Кучер. Виконує: Соколи, Іван Мацялко','uk','ukraine_before_1917',NULL,NULL,'аудіозапис',NULL,'Чужої мови я не знаю,
А чи на світі є чужа?
Та лиш тією заспіваю,
Котрою мати нарекла.
Як не зречешся ти тієї,
Що у колисонці чував,
Душа засвітиться зорею.
Зорю, щоб людям ти віддав.

Приспів:
Колиско моя яворова,
На денці лона твого,
Дитино, колишиться слово,
Начувайся сину його.

Леліймо слово колискове,
Нехай пра-правнукам буде.
Нехай і їх щодень додому
Колиска мамина зове.
Бо там краплина милосердя,
Там доброта гойдає світ
І не остудиться там серце,
Душа прийдешня, маків цвіт.

Приспів. (2)

Від діда прадіда твого,
Зорею буде повік
Священне вкраїнськеє слово,
На тому стоятиме рід.','["pisni.org.ua", "cat:kolyskovi", "Колискові"]',1,'published',COALESCE((SELECT created_at FROM songs WHERE id='pisniua_664353'), datetime('now')),datetime('now'));
INSERT OR REPLACE INTO songs_fts(song_id,title,lyrics) VALUES ('pisniua_664353','Колиска яворова','Чужої мови я не знаю,
А чи на світі є чужа?
Та лиш тією заспіваю,
Котрою мати нарекла.
Як не зречешся ти тієї,
Що у колисонці чував,
Душа засвітиться зорею.
Зорю, щоб людям ти віддав.

Приспів:
Колиско моя яворова,
На денці лона твого,
Дитино, колишиться слово,
Начувайся сину його.

Леліймо слово колискове,
Нехай пра-правнукам буде.
Нехай і їх щодень додому
Колиска мамина зове.
Бо там краплина милосердя,
Там доброта гойдає світ
І не остудиться там серце,
Душа прийдешня, маків цвіт.

Приспів. (2)

Від діда прадіда твого,
Зорею буде повік
Священне вкраїнськеє слово,
На тому стоятиме рід.');
INSERT OR REPLACE INTO songs (id,title,subtitle,lang,country,period,year,source,notes,lyrics,tags_json,lang_locked,status,created_at,updated_at) VALUES ('pisniua_665899','Ой у лузі, в лузі','Українська народна пісня','uk','ukraine_before_1917',NULL,NULL,'Струни серця. Українські народні пісні про кохання. Київ, Держлітвидав, 1969.',NULL,'Ой у лузі, в лузі,
Там калина стояла,
А на тій калині,
Там зозуля кувала.

Вона ж не кувала,
Вона правду сказала,
Що вже наших хлопців
У рекрути забрали.

Що вже наших хлопців
У рекрути забрали,
А мого милого
Та у військо погнали.

Дали йому коня,
А коня вороного.
Та й погнали його
Поперед війська всього.

Попереду ідуть -
В барабани вибивають.
А позаду ідуть -
Дрібні сльози проливають.','["pisni.org.ua", "cat:rekrutski", "Рекрутські пісні"]',1,'published',COALESCE((SELECT created_at FROM songs WHERE id='pisniua_665899'), datetime('now')),datetime('now'));
INSERT OR REPLACE INTO songs_fts(song_id,title,lyrics) VALUES ('pisniua_665899','Ой у лузі, в лузі','Ой у лузі, в лузі,
Там калина стояла,
А на тій калині,
Там зозуля кувала.

Вона ж не кувала,
Вона правду сказала,
Що вже наших хлопців
У рекрути забрали.

Що вже наших хлопців
У рекрути забрали,
А мого милого
Та у військо погнали.

Дали йому коня,
А коня вороного.
Та й погнали його
Поперед війська всього.

Попереду ідуть -
В барабани вибивають.
А позаду ідуть -
Дрібні сльози проливають.');
INSERT OR REPLACE INTO songs (id,title,subtitle,lang,country,period,year,source,notes,lyrics,tags_json,lang_locked,status,created_at,updated_at) VALUES ('pisniua_66757','Гей ви, стрільці січовії','Музика: Клим Гутковський Слова: Клим Гутковський. Виконує: Ансамбль Львівського Університету "Черемош", Квартет Явір','uk','ukraine_before_1917',NULL,'1914','Пісенник "Заспіваймо собі" Ужгород "Закарпаття" 2001','Цю пісню часто сприймають як українську народну. Насправді ж це жартівливий стрілецький переспів пісні, популярної у народів-сусідів. Польськомовний варіант військової пісні на цю ж мелодію я зустрів у записах гурту "Zespol Starling": "Dalej, bracia" (Piosenka lwowskich legionistów. Marsz. 1914 r.) "...Немалий слід залишив на стрілецьких піснях побут на Закарпатті. Там принялися деякі закарпатські й лемківські мелодії, там прослизнулися й деякі чисто мадярські, до яких підкладено український текст. Такі пісні, як "Гей, ви стрільці січовії" або "Ой, сусідко" – то були для стрільців тільки пісні-жарти. Проте згодом вони, особливо ж "Сусідка", розповсюдилися і – з шкодою – стали входити у програми концертів українських народних пісень..." (Витвицький Василь. Михайло Гайворонський. Життя і творчість. – Нью-Йорк, 1954; http://ozo.org.ua/spivanyk.php?sid=2).','Гей, ви, стрільці січовії,
Раз, два, три,
В наших дівчат серце мліє,
Раз два, три.
Ви вперед все поступайтесь,
Ні на що не оглядайтесь,
Раз, два, раз, два, раз, два, три.

Попереду сотник їде,
Раз, два, три.
Він до пекла з нами піде.
Раз, два, три.
Сам із себе хлопець бравий.
Під ним коник дуже жвавий,
Раз, два, раз, два, раз, два, три.

Пане сотник, що то стало,
Раз, два, три,
Що в нас грошей дуже мало?
Раз, два, три.
Три дні хліба ми не їли,
Лиш холодну воду пили,
Раз, два, раз, два, раз, два, три.

Не кажіть же нам у очі,
Раз, два, три,
Що не брали наших грошей,
Раз, два, три.
Скажіть, скажіть, що то стало,
Що в нас грошей дуже мало,
Раз, два, раз, два, раз, два, три.

Пане сотник, чи ви чули,
Раз, два, три.
Як музики в корчмі гули,
Раз, два, три.
За чиї ж ви гроші пили
І циганочок любили?
Раз, два, раз, два, раз, два, три.

Пам''ятайте, командири,
Раз, два, три,
Щоб не злетіли ковніри,
Раз, два, три.
Бо стрільці всі тайни знають,
Але вас не поважають,
Раз, два, раз, два, раз, два, три.

Гей, ви, стрільці січовії,
Раз, два, три,
В наших дівчат серце мліє,
Раз два, три.
Ви вперед все поступайтесь,
Ні на що не оглядайтесь,
Раз, два, раз, два, раз, два, три','["pisni.org.ua", "cat:himny-marshi", "cat:lirychni", "cat:patriotic", "cat:strilecki", "cat:zhartivlyvi", "Гимни та марші", "Пісні про кохання, ліричні", "Патріотичні пісні", "Стрілецькі пісні", "Жартівливі пісні"]',1,'published',COALESCE((SELECT created_at FROM songs WHERE id='pisniua_66757'), datetime('now')),datetime('now'));
INSERT OR REPLACE INTO songs_fts(song_id,title,lyrics) VALUES ('pisniua_66757','Гей ви, стрільці січовії','Гей, ви, стрільці січовії,
Раз, два, три,
В наших дівчат серце мліє,
Раз два, три.
Ви вперед все поступайтесь,
Ні на що не оглядайтесь,
Раз, два, раз, два, раз, два, три.

Попереду сотник їде,
Раз, два, три.
Він до пекла з нами піде.
Раз, два, три.
Сам із себе хлопець бравий.
Під ним коник дуже жвавий,
Раз, два, раз, два, раз, два, три.

Пане сотник, що то стало,
Раз, два, три,
Що в нас грошей дуже мало?
Раз, два, три.
Три дні хліба ми не їли,
Лиш холодну воду пили,
Раз, два, раз, два, раз, два, три.

Не кажіть же нам у очі,
Раз, два, три,
Що не брали наших грошей,
Раз, два, три.
Скажіть, скажіть, що то стало,
Що в нас грошей дуже мало,
Раз, два, раз, два, раз, два, три.

Пане сотник, чи ви чули,
Раз, два, три.
Як музики в корчмі гули,
Раз, два, три.
За чиї ж ви гроші пили
І циганочок любили?
Раз, два, раз, два, раз, два, три.

Пам''ятайте, командири,
Раз, два, три,
Щоб не злетіли ковніри,
Раз, два, три.
Бо стрільці всі тайни знають,
Але вас не поважають,
Раз, два, раз, два, раз, два, три.

Гей, ви, стрільці січовії,
Раз, два, три,
В наших дівчат серце мліє,
Раз два, три.
Ви вперед все поступайтесь,
Ні на що не оглядайтесь,
Раз, два, раз, два, раз, два, три');
INSERT OR REPLACE INTO song_links (id,song_id,title,url,kind,version_id,sort_order) VALUES ('pisniua_66757_l1','pisniua_66757','YouTube','https://www.youtube.com/watch?v=arV7mYDTU5E','video',NULL,1);
INSERT OR REPLACE INTO song_links (id,song_id,title,url,kind,version_id,sort_order) VALUES ('pisniua_66757_l2','pisniua_66757','YouTube','https://www.youtube.com/watch?v=40a1Fz6skmY','video',NULL,2);
INSERT OR REPLACE INTO song_links (id,song_id,title,url,kind,version_id,sort_order) VALUES ('pisniua_66757_l3','pisniua_66757','Переглянути варіанти >>','https://www.pisni.org.ua/#variants','external',NULL,3);
INSERT OR REPLACE INTO songs (id,title,subtitle,lang,country,period,year,source,notes,lyrics,tags_json,lang_locked,status,created_at,updated_at) VALUES ('pisniua_6644','Пісня про Довбуша','Українська народна пісня. Виконує: Ансамбль Львівського Університету "Черемош"','uk','ukraine_before_1917',NULL,NULL,NULL,NULL,'Хто там опівночі по лісу блукає?
То опришко Довбуш легінів збирає.
Сап''янці червоні з тими бовтичками,    |
Крисанка ряджена, ще й з павками.      | (2)

Рано до схід сонця сосна завиває
То ота Марічка Довбуша шукає.
Ой, легіні милі, хто ж його побаче?    |
За опришком Верховина плаче.           | (2)

Ой ти моя мати, Верховино мила,
Скажи ж мені правду, де с го загубила.
Чи го порубали гострими мечами?        |
Чи го поховали ще й з свічками?        | (2)

Хто там опівночі по лісу блукає,
То опришко Довбуш легінів збирає.
Сап''янці червоні з тими бовтичками,    |
Крисанка ряджена, ще й з павками.      | (2)','["pisni.org.ua", "cat:huculski", "Гуцульські пісні"]',1,'published',COALESCE((SELECT created_at FROM songs WHERE id='pisniua_6644'), datetime('now')),datetime('now'));
INSERT OR REPLACE INTO songs_fts(song_id,title,lyrics) VALUES ('pisniua_6644','Пісня про Довбуша','Хто там опівночі по лісу блукає?
То опришко Довбуш легінів збирає.
Сап''янці червоні з тими бовтичками,    |
Крисанка ряджена, ще й з павками.      | (2)

Рано до схід сонця сосна завиває
То ота Марічка Довбуша шукає.
Ой, легіні милі, хто ж його побаче?    |
За опришком Верховина плаче.           | (2)

Ой ти моя мати, Верховино мила,
Скажи ж мені правду, де с го загубила.
Чи го порубали гострими мечами?        |
Чи го поховали ще й з свічками?        | (2)

Хто там опівночі по лісу блукає,
То опришко Довбуш легінів збирає.
Сап''янці червоні з тими бовтичками,    |
Крисанка ряджена, ще й з павками.      | (2)');
INSERT OR REPLACE INTO songs (id,title,subtitle,lang,country,period,year,source,notes,lyrics,tags_json,lang_locked,status,created_at,updated_at) VALUES ('pisniua_664399','До маминих очей','Музика: Ярослав Борута Слова: Вадим Крищенко. Виконує: Ярослав Борута, Надія Шестак','uk','ukraine_1991',NULL,NULL,'http://svitlytsia.crimea.ua/',NULL,'У маминих очах, неначе цвіт лілеї
І жар зорі - це бачила не раз.
Коли нам гірко - ми приходимо до неї,
І забуваємо її в солодкий час.

Приспів:
Мамо, тобі низесенько вклонюсь,
Мамо, на теплі руки нахилюсь,
Мамо, пробач мені пекучий гріх,
Мамо, ти найдорожча за усіх.
Мамо, тобі низесенько вклонюсь,
Мамо, за тебе Богу помолюсь,
Мамо, прийду я знов на твій поріг,
Мамо, ти найдорожча за усіх.

Цю праведну любов, яку беру в дорогу,
І доброту - від матері дано.
Куди б не йшла, тамуючи тривогу.
Для мене світить мамине вікно.

Приспів','["pisni.org.ua", "cat:pro-batkiv", "Пісні про любов до батьків"]',1,'published',COALESCE((SELECT created_at FROM songs WHERE id='pisniua_664399'), datetime('now')),datetime('now'));
INSERT OR REPLACE INTO songs_fts(song_id,title,lyrics) VALUES ('pisniua_664399','До маминих очей','У маминих очах, неначе цвіт лілеї
І жар зорі - це бачила не раз.
Коли нам гірко - ми приходимо до неї,
І забуваємо її в солодкий час.

Приспів:
Мамо, тобі низесенько вклонюсь,
Мамо, на теплі руки нахилюсь,
Мамо, пробач мені пекучий гріх,
Мамо, ти найдорожча за усіх.
Мамо, тобі низесенько вклонюсь,
Мамо, за тебе Богу помолюсь,
Мамо, прийду я знов на твій поріг,
Мамо, ти найдорожча за усіх.

Цю праведну любов, яку беру в дорогу,
І доброту - від матері дано.
Куди б не йшла, тамуючи тривогу.
Для мене світить мамине вікно.

Приспів');
INSERT OR REPLACE INTO songs (id,title,subtitle,lang,country,period,year,source,notes,lyrics,tags_json,lang_locked,status,created_at,updated_at) VALUES ('pisniua_664959','Добрий ангел','Музика: Сергій Василюк Слова: Сергій Василюк. Виконує: Сергій Василюк','uk','ukraine_1991',NULL,NULL,'аудіозапис',NULL,'Під небесною блакиттю грають явори,
Твої очі - світла казка, що не говори.
І ти знов мене окрилиш у бездомну вись.
Добрий ангел не іди, залишись...
Твої крила - сила неба в білих пелюстках,
Та дозволь тебе понести на своїх руках,
Будемо летіти світом, мріями нестись.
Добрий ангел не іди, залишись...
Чи вина заходу сонця, холоду вночі,
Чи вина того, що вітер нам несе дощі?
Не вини все те, що було у мені колись.
Добрий ангел не іди, залишись... (3)','["pisni.org.ua", "cat:bardivski", "Бардівські пісні"]',1,'published',COALESCE((SELECT created_at FROM songs WHERE id='pisniua_664959'), datetime('now')),datetime('now'));
INSERT OR REPLACE INTO songs_fts(song_id,title,lyrics) VALUES ('pisniua_664959','Добрий ангел','Під небесною блакиттю грають явори,
Твої очі - світла казка, що не говори.
І ти знов мене окрилиш у бездомну вись.
Добрий ангел не іди, залишись...
Твої крила - сила неба в білих пелюстках,
Та дозволь тебе понести на своїх руках,
Будемо летіти світом, мріями нестись.
Добрий ангел не іди, залишись...
Чи вина заходу сонця, холоду вночі,
Чи вина того, що вітер нам несе дощі?
Не вини все те, що було у мені колись.
Добрий ангел не іди, залишись... (3)');
INSERT OR REPLACE INTO song_links (id,song_id,title,url,kind,version_id,sort_order) VALUES ('pisniua_664959_l1','pisniua_664959','YouTube','https://www.youtube.com/watch?v=u2o44lW7GTE','video',NULL,1);
INSERT OR REPLACE INTO song_links (id,song_id,title,url,kind,version_id,sort_order) VALUES ('pisniua_664959_l2','pisniua_664959','YouTube','https://www.youtube.com/watch?v=6eweVqd8GRo','video',NULL,2);
INSERT OR REPLACE INTO song_links (id,song_id,title,url,kind,version_id,sort_order) VALUES ('pisniua_664959_l3','pisniua_664959','YouTube','https://www.youtube.com/watch?v=Lc6aDL9wM1U','video',NULL,3);
INSERT OR REPLACE INTO song_links (id,song_id,title,url,kind,version_id,sort_order) VALUES ('pisniua_664959_l4','pisniua_664959','YouTube','https://www.youtube.com/watch?v=aINsymnjLdA','video',NULL,4);
INSERT OR REPLACE INTO songs (id,title,subtitle,lang,country,period,year,source,notes,lyrics,tags_json,lang_locked,status,created_at,updated_at) VALUES ('pisniua_66940','Ти з любови собі не жартуй','Музика: Богдан Весоловський Слова: Богдан Весоловський. Виконує: Ансамбль Орфей','uk','ukraine_1991',NULL,NULL,'Богдан Весоловський "Прийде ще час..." Львів "Галицька видавнича спілка" 2001',NULL,'Як почуєш серця зов,
Як заграє скорше кров,
Не турбуйся, не лякайся,
Бо це любов,

А любов - це річ дивна,
Незбагнута, чарівна,
Їй опертися не в силі
Ні ти, ні я...

Ти з любови собі не жартуй
І з моїх почувань не шуткуй,
Бо що сталось мені, може статися й тобі,
І за це ти мене не винуй,

Бо не знати години, ні дня,
Як в один такт заб''ються серця,
Не поможе тоді вже ніщо й ніхто тобі,
Як до тебе любов завіта','["pisni.org.ua", "cat:dances", "cat:foxtrots", "Пісні до танцю", "Фокстроти"]',1,'published',COALESCE((SELECT created_at FROM songs WHERE id='pisniua_66940'), datetime('now')),datetime('now'));
INSERT OR REPLACE INTO songs_fts(song_id,title,lyrics) VALUES ('pisniua_66940','Ти з любови собі не жартуй','Як почуєш серця зов,
Як заграє скорше кров,
Не турбуйся, не лякайся,
Бо це любов,

А любов - це річ дивна,
Незбагнута, чарівна,
Їй опертися не в силі
Ні ти, ні я...

Ти з любови собі не жартуй
І з моїх почувань не шуткуй,
Бо що сталось мені, може статися й тобі,
І за це ти мене не винуй,

Бо не знати години, ні дня,
Як в один такт заб''ються серця,
Не поможе тоді вже ніщо й ніхто тобі,
Як до тебе любов завіта');
INSERT OR REPLACE INTO song_links (id,song_id,title,url,kind,version_id,sort_order) VALUES ('pisniua_66940_l1','pisniua_66940','YouTube','https://www.youtube.com/watch?v=cwda-FxWq1U','video',NULL,1);
INSERT OR REPLACE INTO song_links (id,song_id,title,url,kind,version_id,sort_order) VALUES ('pisniua_66940_l2','pisniua_66940','YouTube','https://www.youtube.com/watch?v=UFFMowYm0BI','video',NULL,2);
INSERT OR REPLACE INTO song_links (id,song_id,title,url,kind,version_id,sort_order) VALUES ('pisniua_66940_l3','pisniua_66940','YouTube','https://www.youtube.com/watch?v=4p4E3Ufvz1w','video',NULL,3);
INSERT OR REPLACE INTO song_links (id,song_id,title,url,kind,version_id,sort_order) VALUES ('pisniua_66940_l4','pisniua_66940','YouTube','https://www.youtube.com/watch?v=hPI5l-hFXAE','video',NULL,4);
INSERT OR REPLACE INTO song_links (id,song_id,title,url,kind,version_id,sort_order) VALUES ('pisniua_66940_l5','pisniua_66940','YouTube','https://www.youtube.com/watch?v=4vnPjeKvz0I','video',NULL,5);
INSERT OR REPLACE INTO song_links (id,song_id,title,url,kind,version_id,sort_order) VALUES ('pisniua_66940_l6','pisniua_66940','YouTube','https://www.youtube.com/watch?v=DuEnmOZIALA','video',NULL,6);
INSERT OR REPLACE INTO song_links (id,song_id,title,url,kind,version_id,sort_order) VALUES ('pisniua_66940_l7','pisniua_66940','YouTube','https://www.youtube.com/watch?v=BYN9ZgWeJXQ','video',NULL,7);
INSERT OR REPLACE INTO song_links (id,song_id,title,url,kind,version_id,sort_order) VALUES ('pisniua_66940_l8','pisniua_66940','YouTube','https://www.youtube.com/watch?v=Zxm62n-GHzk','video',NULL,8);
INSERT OR REPLACE INTO song_links (id,song_id,title,url,kind,version_id,sort_order) VALUES ('pisniua_66940_l9','pisniua_66940','Переглянути варіанти >>','https://www.pisni.org.ua/#variants','external',NULL,9);
INSERT OR REPLACE INTO songs (id,title,subtitle,lang,country,period,year,source,notes,lyrics,tags_json,lang_locked,status,created_at,updated_at) VALUES ('pisniua_66776','Козак гуляє','Музика: Іван Коваль Слова: Степан Пушик. Виконує: Сокира Перуна, Іван Коваль, Кобза','uk','ukraine_before_1917',NULL,NULL,'Пісенник "Заспіваймо собі" Ужгород "Закарпаття" 2001',NULL,'Козак гуляє, шинкарка носить,
Питає турок: "Чому не ллєш?"
Не пий, козаче! Козачка просить     |
"Не пий, козаче, — коня проп''єш!"   | (2)

Козак сміється, шинкарка носить,
Говорить турок: "Замало ллєш!"
Не пий, козаче! Козачка просить     |
"Не пий, козаче, — мене проп''єш!"   | (2)

Шинкарка швидко горілку носить,
Козацтво п''яне, регоче ніч.
"Не пийте, хлопці, —
Вкраїна просить. —     |
Не пийте, хлопці, — проп''єте Січ!"  | (2)

В шинку шинкарка напої носить,
І ллє горілочки, ллє вина.
"Не пийте, хлопці, — Вкраїна просить. — |
Не пийте, хлопці, — бо я одна."         | (2)','["pisni.org.ua", "cat:kozacki", "Козацькі пісні"]',1,'published',COALESCE((SELECT created_at FROM songs WHERE id='pisniua_66776'), datetime('now')),datetime('now'));
INSERT OR REPLACE INTO songs_fts(song_id,title,lyrics) VALUES ('pisniua_66776','Козак гуляє','Козак гуляє, шинкарка носить,
Питає турок: "Чому не ллєш?"
Не пий, козаче! Козачка просить     |
"Не пий, козаче, — коня проп''єш!"   | (2)

Козак сміється, шинкарка носить,
Говорить турок: "Замало ллєш!"
Не пий, козаче! Козачка просить     |
"Не пий, козаче, — мене проп''єш!"   | (2)

Шинкарка швидко горілку носить,
Козацтво п''яне, регоче ніч.
"Не пийте, хлопці, —
Вкраїна просить. —     |
Не пийте, хлопці, — проп''єте Січ!"  | (2)

В шинку шинкарка напої носить,
І ллє горілочки, ллє вина.
"Не пийте, хлопці, — Вкраїна просить. — |
Не пийте, хлопці, — бо я одна."         | (2)');
INSERT OR REPLACE INTO song_links (id,song_id,title,url,kind,version_id,sort_order) VALUES ('pisniua_66776_l1','pisniua_66776','YouTube','https://www.youtube.com/watch?v=Nsq8i4DGvjk','video',NULL,1);
INSERT OR REPLACE INTO song_links (id,song_id,title,url,kind,version_id,sort_order) VALUES ('pisniua_66776_l2','pisniua_66776','Переглянути варіанти >>','https://www.pisni.org.ua/#variants','external',NULL,2);
INSERT OR REPLACE INTO songs (id,title,subtitle,lang,country,period,year,source,notes,lyrics,tags_json,lang_locked,status,created_at,updated_at) VALUES ('pisniua_667353','Ой пряду, пряду','Українська народна пісня','uk','ukraine_before_1917',NULL,NULL,'Народні перлини. Українські народні пісні. Київ, Державне видавництво художньої літератури, 1961.','Варіанти куплетів: Ой, пряду, пряду, Спатоньки буду... Покладу я голівоньку На ячмінну соломоньку, Поки я засну. А свекор іде, Як той джміль гуде: "Сонливая, дрімливая, До роботи лінивая Невістка моя".','Ой пряду, пряду,
Спатоньки хочу...
Ой склоню я голівоньку
На білую постілоньку,
Може, я засну.

Аж свекруха йде,
Як змія гуде:
"Сонливая-дрімливая,
До роботи лінивая,
Невістко моя!"

Ой пряду, пряду,
Спатоньки хочу...
Ой склоню я голівоньку
На білую постілоньку,
Може, я засну.

Аж свекруха йде,
Як змія гуде:
"Сонливая-дрімливая,
До роботи лінивая,
Невістко моя!"

Ой пряду, пряду,
Спатоньки хочу...
Ой склоню я голівоньку
На білую постілоньку,
Може, я засну.

А мій милий йде,
Як голуб гуде:
"Ой спи, мила-хорошоя,
Пішла заміж молодая,
Не виспалася!"','["pisni.org.ua", "cat:socialno-pobutovi", "Соціально-побутові пісні"]',1,'published',COALESCE((SELECT created_at FROM songs WHERE id='pisniua_667353'), datetime('now')),datetime('now'));
INSERT OR REPLACE INTO songs_fts(song_id,title,lyrics) VALUES ('pisniua_667353','Ой пряду, пряду','Ой пряду, пряду,
Спатоньки хочу...
Ой склоню я голівоньку
На білую постілоньку,
Може, я засну.

Аж свекруха йде,
Як змія гуде:
"Сонливая-дрімливая,
До роботи лінивая,
Невістко моя!"

Ой пряду, пряду,
Спатоньки хочу...
Ой склоню я голівоньку
На білую постілоньку,
Може, я засну.

Аж свекруха йде,
Як змія гуде:
"Сонливая-дрімливая,
До роботи лінивая,
Невістко моя!"

Ой пряду, пряду,
Спатоньки хочу...
Ой склоню я голівоньку
На білую постілоньку,
Може, я засну.

А мій милий йде,
Як голуб гуде:
"Ой спи, мила-хорошоя,
Пішла заміж молодая,
Не виспалася!"');
INSERT OR REPLACE INTO song_links (id,song_id,title,url,kind,version_id,sort_order) VALUES ('pisniua_667353_l1','pisniua_667353','YouTube','https://www.youtube.com/watch?v=AxmO0QuNwCM','video',NULL,1);
INSERT OR REPLACE INTO songs (id,title,subtitle,lang,country,period,year,source,notes,lyrics,tags_json,lang_locked,status,created_at,updated_at) VALUES ('pisniua_667374','Розвійтеся з вітром, листочки зів''ялі','Музика: Яків Степовий Слова: Іван Франко','uk','ukraine_before_1917',NULL,NULL,'Струни серця. Українські народні пісні про кохання. Київ, Держлітвидав, 1969.',NULL,'Розвійтеся з вітром, листочки зів''ялі,
Розвійтесь, як тихе зітхання!
Незгоєні рани, невтишені жалі,
Завмерлеє в серці кохання.

В зів''ялих листочках хто може вгадати
Красу всю зеленого гаю?
Хто взнає, який я чуття скарб бaгатий
В ті вбогії вірші вкладаю?

Ті скарби найкращі душі молодої
Розтративши марно, без тями,
Жебрак одинокий, назустріч недолі
Піду я сумними стежками.','["pisni.org.ua", "cat:romansy", "Романси"]',1,'published',COALESCE((SELECT created_at FROM songs WHERE id='pisniua_667374'), datetime('now')),datetime('now'));
INSERT OR REPLACE INTO songs_fts(song_id,title,lyrics) VALUES ('pisniua_667374','Розвійтеся з вітром, листочки зів''ялі','Розвійтеся з вітром, листочки зів''ялі,
Розвійтесь, як тихе зітхання!
Незгоєні рани, невтишені жалі,
Завмерлеє в серці кохання.

В зів''ялих листочках хто може вгадати
Красу всю зеленого гаю?
Хто взнає, який я чуття скарб бaгатий
В ті вбогії вірші вкладаю?

Ті скарби найкращі душі молодої
Розтративши марно, без тями,
Жебрак одинокий, назустріч недолі
Піду я сумними стежками.');
INSERT OR REPLACE INTO song_links (id,song_id,title,url,kind,version_id,sort_order) VALUES ('pisniua_667374_l1','pisniua_667374','YouTube','https://www.youtube.com/watch?v=vcShWzDKwzo','video',NULL,1);
INSERT OR REPLACE INTO song_links (id,song_id,title,url,kind,version_id,sort_order) VALUES ('pisniua_667374_l2','pisniua_667374','YouTube','https://www.youtube.com/watch?v=ve1KudWAJMo','video',NULL,2);
INSERT OR REPLACE INTO song_links (id,song_id,title,url,kind,version_id,sort_order) VALUES ('pisniua_667374_l3','pisniua_667374','YouTube','https://www.youtube.com/watch?v=aj12ITrDQrg','video',NULL,3);
INSERT OR REPLACE INTO songs (id,title,subtitle,lang,country,period,year,source,notes,lyrics,tags_json,lang_locked,status,created_at,updated_at) VALUES ('pisniua_665879','Ой не ходи, Грицю','(Кохання до смерті). Українська народна пісня. Виконує: Раїса Кириченко','uk','ukraine_before_1917',NULL,NULL,'Народні перлини. Українські народні пісні. Київ, Державне видавництво художньої літератури, 1961.',NULL,'Ой не ходи, Грицю, та й на вечорниці,
Бо на вечорницях дівки чарівниці!
Котрая дівчина чорні брови має,      |
То тая дівчина усі чари знає.        | (2)

У неділю рано зіллячко копала,
А у понеділок переполоскала,
Прийшов вівторок - зіллячко варила,  |
А в середу рано Гриця отруїла.       | (2)

Як прийшов четвер - та вже Гриць помер.
Прийшла п''ятниця - поховали Гриця.
А в суботу рано мати дочку била:     |
"Нащо ти, дочко, Гриця отруїла?"     | (2)

"Ой мамо, мамо, Гриць жалю не має,
Нащо ж Гриць, мамо, разом двох кохає!
Нехай він не буде ні їй, ні мені,    |
Нехай достанеться Гриць сирій землі! | (2)

Оце тобі, Грицю, я так і зробила,
Що через тебе мати мене била!
Оце ж тобі, Грицю, за теє заплата -  |
Із чотирьох дощок дубовая хата!"     | (2)','["pisni.org.ua", "cat:narodni", "cat:zhartivlyvi", "Народні пісні", "Жартівливі пісні"]',1,'published',COALESCE((SELECT created_at FROM songs WHERE id='pisniua_665879'), datetime('now')),datetime('now'));
INSERT OR REPLACE INTO songs_fts(song_id,title,lyrics) VALUES ('pisniua_665879','Ой не ходи, Грицю','Ой не ходи, Грицю, та й на вечорниці,
Бо на вечорницях дівки чарівниці!
Котрая дівчина чорні брови має,      |
То тая дівчина усі чари знає.        | (2)

У неділю рано зіллячко копала,
А у понеділок переполоскала,
Прийшов вівторок - зіллячко варила,  |
А в середу рано Гриця отруїла.       | (2)

Як прийшов четвер - та вже Гриць помер.
Прийшла п''ятниця - поховали Гриця.
А в суботу рано мати дочку била:     |
"Нащо ти, дочко, Гриця отруїла?"     | (2)

"Ой мамо, мамо, Гриць жалю не має,
Нащо ж Гриць, мамо, разом двох кохає!
Нехай він не буде ні їй, ні мені,    |
Нехай достанеться Гриць сирій землі! | (2)

Оце тобі, Грицю, я так і зробила,
Що через тебе мати мене била!
Оце ж тобі, Грицю, за теє заплата -  |
Із чотирьох дощок дубовая хата!"     | (2)');
INSERT OR REPLACE INTO song_links (id,song_id,title,url,kind,version_id,sort_order) VALUES ('pisniua_665879_l1','pisniua_665879','YouTube','https://www.youtube.com/watch?v=ib34IRcOOxA','video',NULL,1);
INSERT OR REPLACE INTO song_links (id,song_id,title,url,kind,version_id,sort_order) VALUES ('pisniua_665879_l2','pisniua_665879','YouTube','https://www.youtube.com/watch?v=uws3Ys0S3gs','video',NULL,2);
INSERT OR REPLACE INTO song_links (id,song_id,title,url,kind,version_id,sort_order) VALUES ('pisniua_665879_l3','pisniua_665879','YouTube','https://www.youtube.com/watch?v=dPr3ZzXFbyQ','video',NULL,3);
INSERT OR REPLACE INTO song_links (id,song_id,title,url,kind,version_id,sort_order) VALUES ('pisniua_665879_l4','pisniua_665879','YouTube','https://www.youtube.com/watch?v=jMaXKU0HBMg','video',NULL,4);
INSERT OR REPLACE INTO songs (id,title,subtitle,lang,country,period,year,source,notes,lyrics,tags_json,lang_locked,status,created_at,updated_at) VALUES ('pisniua_670959','Ой, по полю, полю','Українська народна пісня. Виконує: Рутенія','uk','ukr_ssr_1919_1991',NULL,NULL,'аудіозапис',NULL,'Ой, по полю, полю -
Рілля ізорана
Чорні круки ходять,
Землю дзьобом ранять,
Шукають калину.

Чорні круки ходять,
Крила розправляють,
З вітром розмовляють.
З вітром розмовляють,
Дзьоби роззявляють.

Нас тут двадцять хлопців
Із-за горе крука
Сорок років тому
В землю залягали,
Кровію стікали.
Сорок років тому
Кровію стікали.

Ні один не здався
На поталу вражу,
Землю укропили,
Кров''ю освятили
Та й птахами стали.

А тепер літаєм,
З вітром розмовляєм,
Бог нас тілько знає,
І озера сині,
І дерева милі.

Бог нас тілько знає,
І озера милі,
І ліси зелені.

Сотня чорних хлопців,
Сотня чорних круків
Крильми лопотіли в небо
І знялися - волі захотіли.

Сотні славних хлопців
Із-за горе крука,
Що птахами стали.

Гори уповиті, славою укриті
Що птахами стали.

Ой, по полю, полю
Чорна галич ходить,
Крила розправляє,
До неба взлітає,
З вітром розмовляє...','["pisni.org.ua", "cat:povstanski", "Повстанські пісні"]',1,'published',COALESCE((SELECT created_at FROM songs WHERE id='pisniua_670959'), datetime('now')),datetime('now'));
INSERT OR REPLACE INTO songs_fts(song_id,title,lyrics) VALUES ('pisniua_670959','Ой, по полю, полю','Ой, по полю, полю -
Рілля ізорана
Чорні круки ходять,
Землю дзьобом ранять,
Шукають калину.

Чорні круки ходять,
Крила розправляють,
З вітром розмовляють.
З вітром розмовляють,
Дзьоби роззявляють.

Нас тут двадцять хлопців
Із-за горе крука
Сорок років тому
В землю залягали,
Кровію стікали.
Сорок років тому
Кровію стікали.

Ні один не здався
На поталу вражу,
Землю укропили,
Кров''ю освятили
Та й птахами стали.

А тепер літаєм,
З вітром розмовляєм,
Бог нас тілько знає,
І озера сині,
І дерева милі.

Бог нас тілько знає,
І озера милі,
І ліси зелені.

Сотня чорних хлопців,
Сотня чорних круків
Крильми лопотіли в небо
І знялися - волі захотіли.

Сотні славних хлопців
Із-за горе крука,
Що птахами стали.

Гори уповиті, славою укриті
Що птахами стали.

Ой, по полю, полю
Чорна галич ходить,
Крила розправляє,
До неба взлітає,
З вітром розмовляє...');
INSERT OR REPLACE INTO song_links (id,song_id,title,url,kind,version_id,sort_order) VALUES ('pisniua_670959_l1','pisniua_670959','YouTube','https://www.youtube.com/watch?v=MmidONPc6os','video',NULL,1);
INSERT OR REPLACE INTO songs (id,title,subtitle,lang,country,period,year,source,notes,lyrics,tags_json,lang_locked,status,created_at,updated_at) VALUES ('pisniua_669477','Калина','Музика: Трансформер Слова: Тарас Шевченко','uk','ukraine_before_1917',NULL,NULL,NULL,NULL,'Em
Зацвіла в долині
C
Червона калина
G
Ніби засміялась
D
Дівчина дитина
Любо любо стало
Пташечка зраділа
І защебетала

Почула дівчина,
І в білій свитині
З біленької хати
Вийшла погуляти
У гай на долину.
І вийшов до неї
З зеленого гаю
Козак молоденький;
Цілує, вітає,
І йдуть по долині
І йдучи співають.
Як діточок двоє,
Під тую калину
Прийшли, посідали
І поціловались.

Якого ж ми раю
У Бога благаєм?
Рай у серце лізе,
А ми в церкву лізем,
Заплющивши очі, —
Такого не хочем.
Сказав би я правду,
Та що з неї буде?
Самому завадить,
А попам та людям
Однаково буде.','["pisni.org.ua", "cat:socialno-pobutovi", "Соціально-побутові пісні"]',1,'published',COALESCE((SELECT created_at FROM songs WHERE id='pisniua_669477'), datetime('now')),datetime('now'));
INSERT OR REPLACE INTO songs_fts(song_id,title,lyrics) VALUES ('pisniua_669477','Калина','Em
Зацвіла в долині
C
Червона калина
G
Ніби засміялась
D
Дівчина дитина
Любо любо стало
Пташечка зраділа
І защебетала

Почула дівчина,
І в білій свитині
З біленької хати
Вийшла погуляти
У гай на долину.
І вийшов до неї
З зеленого гаю
Козак молоденький;
Цілує, вітає,
І йдуть по долині
І йдучи співають.
Як діточок двоє,
Під тую калину
Прийшли, посідали
І поціловались.

Якого ж ми раю
У Бога благаєм?
Рай у серце лізе,
А ми в церкву лізем,
Заплющивши очі, —
Такого не хочем.
Сказав би я правду,
Та що з неї буде?
Самому завадить,
А попам та людям
Однаково буде.');
INSERT OR REPLACE INTO songs (id,title,subtitle,lang,country,period,year,source,notes,lyrics,tags_json,lang_locked,status,created_at,updated_at) VALUES ('pisniua_671593','О, не забудь','Музика: Остап Нижанківський Слова: В. Масляк. Виконує: Марія Байко, Лілія Коструба, Олександра Ленишин','uk','ukraine_1991',NULL,NULL,'Нижанківський О. Солоспіви /Упоряд. М.Логойда. - Львів: Спів Митуси, 1997. - С.36-37.',NULL,'О, не забудь, молю тебе,
Про хвилю цю, блаженний час.
Як перший раз талан-судьба
З''єднала нас, з''єднала нас.
О, не забудь, молю тебе!

О, не забудь про день утіх,
Що я надії днем назвав,
Бо жар мені очей твоїх
За світ весь став, за світ весь став.
О, не забудь, молю тебе!

О, не забудь тих серця слів,
Що я у жертву ніс тобі,
Що я їх, наче квіти, сплів
В чудовім сні, в чудовім сні.
О, не забудь, молю тебе!

О, не забудь тих ясних зір,
Що були свідками тих мрій,
Як нам відкривсь небес простір,
І рай надій, і рай надій.
О, не забудь, молю тебе!','["pisni.org.ua", "cat:romansy", "Романси"]',1,'published',COALESCE((SELECT created_at FROM songs WHERE id='pisniua_671593'), datetime('now')),datetime('now'));
INSERT OR REPLACE INTO songs_fts(song_id,title,lyrics) VALUES ('pisniua_671593','О, не забудь','О, не забудь, молю тебе,
Про хвилю цю, блаженний час.
Як перший раз талан-судьба
З''єднала нас, з''єднала нас.
О, не забудь, молю тебе!

О, не забудь про день утіх,
Що я надії днем назвав,
Бо жар мені очей твоїх
За світ весь став, за світ весь став.
О, не забудь, молю тебе!

О, не забудь тих серця слів,
Що я у жертву ніс тобі,
Що я їх, наче квіти, сплів
В чудовім сні, в чудовім сні.
О, не забудь, молю тебе!

О, не забудь тих ясних зір,
Що були свідками тих мрій,
Як нам відкривсь небес простір,
І рай надій, і рай надій.
О, не забудь, молю тебе!');
INSERT OR REPLACE INTO song_links (id,song_id,title,url,kind,version_id,sort_order) VALUES ('pisniua_671593_l1','pisniua_671593','YouTube','https://www.youtube.com/watch?v=S1ztDqj8RFA','video',NULL,1);
INSERT OR REPLACE INTO songs (id,title,subtitle,lang,country,period,year,source,notes,lyrics,tags_json,lang_locked,status,created_at,updated_at) VALUES ('pisniua_668570','Я твій Дід Мороз','Музика: Олександр Пономарьов Слова: Олександр Пономарьов. Виконує: Олександр Пономарьов','uk','ukraine_1991',NULL,NULL,'аудіозапис',NULL,'Всіх! З Новим роком!
З новим щастям!
Співають всі в країні Oz!
З Новим роком!
З новим щастям!

Шукала у горах,
Шукала у лісі ти Діда Мороза,
Але не знайшла.
А я сумував за тобою у місті,
Чекав тебе довго, Снігурко моя!

Всіх! З Новим роком!
З новим щастям!
Співають всі в країні Oz!
З Новим роком!
З новим щастям!
Снігурко, де твій Дід Мороз?

Його загубила,
Чи він сам загубився?
А може, олені його підвели?
А може, за щось він на нас розлютився?
Снігурочка в шоці - її довели!

Всіх! З Новим роком!
З новим щастям!
Співають всі в країні Oz!
З Новим роком!
З новим щастям!
Снігурко, я твій Дід Мороз!

Наш Joulupukkі нарешті з''явився!
Наш Joulupukkі мішечок забув!
Здається мені, що він трохи напився!
Здається мені, що він добре гульнув!

Всіх! З Новим роком!
З новим щастям!
Співають всі в країні Oz!
З Новим роком!
З новим щастям!
Снігурко, я твій Дід Мороз!','["pisni.org.ua", "cat:new-year", "Пісні про Новий Рік"]',1,'published',COALESCE((SELECT created_at FROM songs WHERE id='pisniua_668570'), datetime('now')),datetime('now'));
INSERT OR REPLACE INTO songs_fts(song_id,title,lyrics) VALUES ('pisniua_668570','Я твій Дід Мороз','Всіх! З Новим роком!
З новим щастям!
Співають всі в країні Oz!
З Новим роком!
З новим щастям!

Шукала у горах,
Шукала у лісі ти Діда Мороза,
Але не знайшла.
А я сумував за тобою у місті,
Чекав тебе довго, Снігурко моя!

Всіх! З Новим роком!
З новим щастям!
Співають всі в країні Oz!
З Новим роком!
З новим щастям!
Снігурко, де твій Дід Мороз?

Його загубила,
Чи він сам загубився?
А може, олені його підвели?
А може, за щось він на нас розлютився?
Снігурочка в шоці - її довели!

Всіх! З Новим роком!
З новим щастям!
Співають всі в країні Oz!
З Новим роком!
З новим щастям!
Снігурко, я твій Дід Мороз!

Наш Joulupukkі нарешті з''явився!
Наш Joulupukkі мішечок забув!
Здається мені, що він трохи напився!
Здається мені, що він добре гульнув!

Всіх! З Новим роком!
З новим щастям!
Співають всі в країні Oz!
З Новим роком!
З новим щастям!
Снігурко, я твій Дід Мороз!');
INSERT OR REPLACE INTO song_links (id,song_id,title,url,kind,version_id,sort_order) VALUES ('pisniua_668570_l1','pisniua_668570','YouTube','https://www.youtube.com/watch?v=rm-sX3PE8Oo','video',NULL,1);
INSERT OR REPLACE INTO songs (id,title,subtitle,lang,country,period,year,source,notes,lyrics,tags_json,lang_locked,status,created_at,updated_at) VALUES ('pisniua_669042','Колискова','Музика: Ігор Поклад. Виконує: Віталій Білоножко','uk','ukraine_before_1917',NULL,NULL,'аудіозапис','альбом "Давайте разом заспіваєм, браття!"','Тепле сонечко сідає,
Синій вечір на поріг,
Наче човник пропливає
Срібний місяць угорі.

Тихі сутінки кружляють,
Мрії, сни прийшли до нас.
Колискової співають:
"На добраніч, спати час".

Капітанам море сниться,
А пілотам - висота,
Машиністам - залізниця,
Будівельникам - міста.

До нових планет рушають
Комнонавти в мріях, снах,
Щедрий урожай збирають
Хлібороби на ланах.

Хоч усюди ніч кружляє -
Прикордонник наш не спить,
Мирні сни охороняє
Й неба чистого блакить.

Вітерець нічний зітхає,
Зорі вкрили небеса.
Завтра день новий засяє,
Всі здійсняться чудеса.

Всі здійсняться чудеса...    Фонограма-мінус (mid)','["pisni.org.ua", "cat:kolyskovi", "Колискові"]',1,'published',COALESCE((SELECT created_at FROM songs WHERE id='pisniua_669042'), datetime('now')),datetime('now'));
INSERT OR REPLACE INTO songs_fts(song_id,title,lyrics) VALUES ('pisniua_669042','Колискова','Тепле сонечко сідає,
Синій вечір на поріг,
Наче човник пропливає
Срібний місяць угорі.

Тихі сутінки кружляють,
Мрії, сни прийшли до нас.
Колискової співають:
"На добраніч, спати час".

Капітанам море сниться,
А пілотам - висота,
Машиністам - залізниця,
Будівельникам - міста.

До нових планет рушають
Комнонавти в мріях, снах,
Щедрий урожай збирають
Хлібороби на ланах.

Хоч усюди ніч кружляє -
Прикордонник наш не спить,
Мирні сни охороняє
Й неба чистого блакить.

Вітерець нічний зітхає,
Зорі вкрили небеса.
Завтра день новий засяє,
Всі здійсняться чудеса.

Всі здійсняться чудеса...    Фонограма-мінус (mid)');
INSERT OR REPLACE INTO song_links (id,song_id,title,url,kind,version_id,sort_order) VALUES ('pisniua_669042_l1','pisniua_669042','YouTube','https://www.youtube.com/watch?v=yWMwQFrZbIY','video',NULL,1);
INSERT OR REPLACE INTO songs (id,title,subtitle,lang,country,period,year,source,notes,lyrics,tags_json,lang_locked,status,created_at,updated_at) VALUES ('pisniua_67050','Вернись із спогадів','(Танго без відповіді). Музика: Володимир Івасюк Слова: Ростислав Братунь. Виконує: Лілія Сандулеса, Капела бандуристок Дзвінга','uk','ukraine_1991',NULL,NULL,'http://ivasyuk.domivka.net/',NULL,'Не стань печаллю у моїм житті,
Не сійся смутком на моїй путі,
Бо смуток може болем прорости, —
Невже, невже хотіла б того ти?

Приспів:
Тебе благаю і тебе кляну,
Тебе, як долю, я не омину,
А долю можна тягарем нести, —
Невже, невже хотіла б того ти?

Не будь сльозою на моїх літах,
Не дай, щоб усміх спогаду зачах,
Бо спогад може тужно відплисти, —
Невже, невже хотіла б того ти?

Приспів.

Тобою марю і тобою сню,
Моя любов — як полум''я вогню,
А полум''я вдвох треба берегти, —
Невже, невже не хочеш того ти?!','["pisni.org.ua", "cat:dances", "cat:tango", "Пісні до танцю", "Танґо"]',1,'published',COALESCE((SELECT created_at FROM songs WHERE id='pisniua_67050'), datetime('now')),datetime('now'));
INSERT OR REPLACE INTO songs_fts(song_id,title,lyrics) VALUES ('pisniua_67050','Вернись із спогадів','Не стань печаллю у моїм житті,
Не сійся смутком на моїй путі,
Бо смуток може болем прорости, —
Невже, невже хотіла б того ти?

Приспів:
Тебе благаю і тебе кляну,
Тебе, як долю, я не омину,
А долю можна тягарем нести, —
Невже, невже хотіла б того ти?

Не будь сльозою на моїх літах,
Не дай, щоб усміх спогаду зачах,
Бо спогад може тужно відплисти, —
Невже, невже хотіла б того ти?

Приспів.

Тобою марю і тобою сню,
Моя любов — як полум''я вогню,
А полум''я вдвох треба берегти, —
Невже, невже не хочеш того ти?!');
INSERT OR REPLACE INTO song_links (id,song_id,title,url,kind,version_id,sort_order) VALUES ('pisniua_67050_l1','pisniua_67050','YouTube','https://www.youtube.com/watch?v=VDSQfR6SYvM','video',NULL,1);
INSERT OR REPLACE INTO song_links (id,song_id,title,url,kind,version_id,sort_order) VALUES ('pisniua_67050_l2','pisniua_67050','YouTube','https://www.youtube.com/watch?v=8Ok75LX3hOw','video',NULL,2);
INSERT OR REPLACE INTO song_links (id,song_id,title,url,kind,version_id,sort_order) VALUES ('pisniua_67050_l3','pisniua_67050','Переглянути варіанти >>','https://www.pisni.org.ua/#variants','external',NULL,3);
INSERT OR REPLACE INTO songs (id,title,subtitle,lang,country,period,year,source,notes,lyrics,tags_json,lang_locked,status,created_at,updated_at) VALUES ('pisniua_671440','Гей усі Поля Самарські почорніли','(Три Братіки Самарські). Українська народна пісня. Виконує: Єгор Мовчан','uk','ukraine_before_1917',NULL,NULL,'Українські релігійні роздуми про Спасіння © Видавництво "Павутинонька", Нью Йорк – Львів – Київ – Харків – Москва, 2003','Українські реліґійні роздуми про Воскресіння, Неволю і Спасіння. Пісні Великодні — Спасительні: світ не по Правді. Пісні-плачі Сокола-Прадіда. Ой Ми зіслані на Признаванє. Нема в світі Правди не зіскати. Що хто Вітцевої-Матчиної Молитви не забуває Того Господь Милосердний із Дна Моря винімає А єсть це нас Отцева-та-матчина Молитва покарала. Не єсть це нас Шабля Турецькая рубала. Гей усі Поля Самарські почорніли Ой всі Поля Самарськиї не зоряли Ой то не Пили то пилили Ей то се Брат не Сопротивна Хвиля затопляє. На Синьому Морі на Білому Камені сидить Сокіл Ясен Ой на Чорному Морі на Білому Камені Да ще ж хотілось швидше здобичі набірати. Гей на Чорному Морі та на Камені Біленькому Ой то не Пили то пилили Питається Дніпр Тихого Дуная Стали Отцеву-й-ненчину Молитву забувати. А не в Бору Сосна зашуміла У Святую Неділю як Та Бідна Вдова То ж вони Темний Похорон одправляли. Ой то не Пили то пилили І усіх вас Невольників із Темниці випускати. Голосна та Правдива як Господа слово. Листки з приводу цієї Пісні: Українські реліґійні пісні-роздуми про Неволю та Спасіння. Плач Сокола. Традиції Батька. Коляда і Великдень: Різдво і Відродження Світа. Рокове Коло. Стежки до листків про Українські традиції.','Гей-гей гей-гей...
Гей усі Поля Самарські почорніли
Ясними Пожарами погоріли
Тілки не згоріло коло Річки-Самарки
[та коло Криниці-Султанки
Три Терночки Дрібненьких
Три Байраченьки Зелененькі...
Гей...

То тим вони не згоріли що Там Три Братіки Рідненьких
[як Голубоньків Сивеньких
Постріляні та порубані
На рани їх широкі спочивали
То тим вони спочивали
Що рани їх постріляні та порубані
Дуже їх ізнимогали...
Гей...

То обзовецця Старший Брат
До Середульшого Брата словами
Обіллєцця гірко сльозами

Гей Братіку ти мій Середульший-милий
Як Голубонько Сивий
Добре ти учини
Хоть з Річки-Самарки або з Криниці-Султанки

Холодної Води знайди...
Рани мої постріляні та порубані
Окропи-охолоди...
Гей...

То Середульший Брат теє добре зачуває
Та до Старшого Брата словами промовляє

Гей Братіку ти мій / Старший-милий
Як Голубонько Сивий
Чи ти ж мені віроньки не ймаєш
Чи ти мене на сміх підіймаєш

Чи не одна нас Шабля Турецькая рубала
Чи не одна нас Куля Яничарськая стріляла
Що я маю на собі дев''ять ран рубаних-широких
А чотири стріляних-глибоких

Ой не можу я встати
Тобі Холодної Води дістати...
Гей...

Давай же ми з тобою добре учінімо
Та свого Найменшого Брата попросімо

Нехай же він добре дбає
Хай хоч на вколінка уставає
Та в головах Тонку Військову Суремочку достягає
Та жалібненько грає-виграває...
Гей...

Може будуть Подорожні Козаки проїжжьати
Будуть наші Ігри Козацькії-молодецькії зачувати
Будуть до нас прибувати
Тіло наше козацьке-молодецьке в Чистім Полі ховати
Звіреві-та-птиці на потал ни давати...
Гей...

То Найменший Брат теє добре зачуває
Та до Старших Братів Словами промовляє
Гей ви Братіки ви мої / Старші-милі
Як Голубоньки Сиві

Не єсть це нас Шабля Турецькая рубала
Не єсть це нас Куля Яничарськая стріляла
А єсть це нас Отцева-та-матчина Молитва покарала...
Гей...

Ой коли ми з дому в Охоче Військо виїжжьали
То ми з Отцем-та-з-маткою прощенія не брали
Старшу свою Сестру найгіршими словами угорчали
Ось за це ми Браття найбільший гріх і мали...

Ой коли ж ми будем
У Тонку Військову Суремочку жалібненько грати-вигравати
Будуть Турки-Яничари
[наші Ігри Козацькі-молодецькі зачувати
Будуть до нас забігати
Будуть нас стріляти та рубати
Тіло наше козацькеє-й-молодецьке
В Чистім Полі розкидати
Звіреві-та-птиці на потал давати...

Стала Чорна Хмара наступати
Став Дрібен Дощик накрапати
Стали Три Братіки Рідненьких як Голубоньків Сивеньких
В Чистім Полі помірати
Гей...

То полягла голова...
Трьох Братів Самарських...
Коло Річки-Самарки та коло Криниці-Султанки

Слава їх не вмре-не-загине
Отнині і довіку

Слухающим головам на Здоровля
На Многая Літа...','["pisni.org.ua", "cat:dumy", "cat:kozacki", "cat:socialno-pobutovi", "cat:suspilno-politychni", "Думи", "Козацькі пісні", "Соціально-побутові пісні", "Суспільно-політичні пісні"]',1,'published',COALESCE((SELECT created_at FROM songs WHERE id='pisniua_671440'), datetime('now')),datetime('now'));
INSERT OR REPLACE INTO songs_fts(song_id,title,lyrics) VALUES ('pisniua_671440','Гей усі Поля Самарські почорніли','Гей-гей гей-гей...
Гей усі Поля Самарські почорніли
Ясними Пожарами погоріли
Тілки не згоріло коло Річки-Самарки
[та коло Криниці-Султанки
Три Терночки Дрібненьких
Три Байраченьки Зелененькі...
Гей...

То тим вони не згоріли що Там Три Братіки Рідненьких
[як Голубоньків Сивеньких
Постріляні та порубані
На рани їх широкі спочивали
То тим вони спочивали
Що рани їх постріляні та порубані
Дуже їх ізнимогали...
Гей...

То обзовецця Старший Брат
До Середульшого Брата словами
Обіллєцця гірко сльозами

Гей Братіку ти мій Середульший-милий
Як Голубонько Сивий
Добре ти учини
Хоть з Річки-Самарки або з Криниці-Султанки

Холодної Води знайди...
Рани мої постріляні та порубані
Окропи-охолоди...
Гей...

То Середульший Брат теє добре зачуває
Та до Старшого Брата словами промовляє

Гей Братіку ти мій / Старший-милий
Як Голубонько Сивий
Чи ти ж мені віроньки не ймаєш
Чи ти мене на сміх підіймаєш

Чи не одна нас Шабля Турецькая рубала
Чи не одна нас Куля Яничарськая стріляла
Що я маю на собі дев''ять ран рубаних-широких
А чотири стріляних-глибоких

Ой не можу я встати
Тобі Холодної Води дістати...
Гей...

Давай же ми з тобою добре учінімо
Та свого Найменшого Брата попросімо

Нехай же він добре дбає
Хай хоч на вколінка уставає
Та в головах Тонку Військову Суремочку достягає
Та жалібненько грає-виграває...
Гей...

Може будуть Подорожні Козаки проїжжьати
Будуть наші Ігри Козацькії-молодецькії зачувати
Будуть до нас прибувати
Тіло наше козацьке-молодецьке в Чистім Полі ховати
Звіреві-та-птиці на потал ни давати...
Гей...

То Найменший Брат теє добре зачуває
Та до Старших Братів Словами промовляє
Гей ви Братіки ви мої / Старші-милі
Як Голубоньки Сиві

Не єсть це нас Шабля Турецькая рубала
Не єсть це нас Куля Яничарськая стріляла
А єсть це нас Отцева-та-матчина Молитва покарала...
Гей...

Ой коли ми з дому в Охоче Військо виїжжьали
То ми з Отцем-та-з-маткою прощенія не брали
Старшу свою Сестру найгіршими словами угорчали
Ось за це ми Браття найбільший гріх і мали...

Ой коли ж ми будем
У Тонку Військову Суремочку жалібненько грати-вигравати
Будуть Турки-Яничари
[наші Ігри Козацькі-молодецькі зачувати
Будуть до нас забігати
Будуть нас стріляти та рубати
Тіло наше козацькеє-й-молодецьке
В Чистім Полі розкидати
Звіреві-та-птиці на потал давати...

Стала Чорна Хмара наступати
Став Дрібен Дощик накрапати
Стали Три Братіки Рідненьких як Голубоньків Сивеньких
В Чистім Полі помірати
Гей...

То полягла голова...
Трьох Братів Самарських...
Коло Річки-Самарки та коло Криниці-Султанки

Слава їх не вмре-не-загине
Отнині і довіку

Слухающим головам на Здоровля
На Многая Літа...');
INSERT OR REPLACE INTO song_links (id,song_id,title,url,kind,version_id,sort_order) VALUES ('pisniua_671440_l1','pisniua_671440','YouTube','https://www.youtube.com/watch?v=aMu1iUGhIJg','video',NULL,1);
INSERT OR REPLACE INTO songs (id,title,subtitle,lang,country,period,year,source,notes,lyrics,tags_json,lang_locked,status,created_at,updated_at) VALUES ('pisniua_672644','Смерть козака на Кодині-долині',NULL,'uk','ukraine_before_1917',NULL,NULL,'"Думи. Історико-героїчний цикл". Київ, Дніпро, 1982.',NULL,'На узбоччі долини, біля двох сокорів козацьких,
Там козак, постреляний, порубаний, на рани смертельні знемагає.
І праведного судію з неба бажає;
При собі отця-неньки не має...
Постреляні - кров''ю зійшли,
Порубані - к серцю прийшли...
Тогді козак долину Кодину трьома клятьбами проклинає:
"Бодай ти, долино Кодино, мхами, болотами западала,
Щоб у весну божу ніколи не зоряла, не позоряла!
Що я на тобі третій раз гуляю -
В тебе козацької добичі собі ніякої не маю...
Первий раз гуляв, -
Коня вороного втеряв;
Другий раз гуляв, -
Товариша сердешного втеряв;
Третій раз гуляю, -
Сам голову вже козацькую покладаю".
Орли-чорнокрильці,
Козацькі дозірці
Налітають,
Козацьку душу доглядають.
То вже козак молодий отця й мати споминає:
"Поможи мені отцева-матчина молитва на коліньця встати.
Семип''ядну пищаль у руки достати,
По три мірці пороху підсипати,
По три кульки свинцевих набивати.
Орлам-чорнокрильцям,
Козацьким дозірцям
Великий подарунок посилати".
То вже козак молодий,
Товариш войськовий,
По три мірці підсипає,
По три кульки набиває,
Орлам-чорнокрильцям,
Козацьким дозірцям,
Великий подарунок посилає...
Сам на себе в землю щирим серцем впадає,
Тичячу пищаль на колінця одкидає,
Ще й на море поглядає,
Що море трьома цвітами процвітає:
Первим цвітом - островами,
Другим цвітом - кораблями,
Третім цвітом - молодими козаками.
Що козаки - добрі молодці -
На долину Кодину прибували,
Срібла-злота много набирали,
Козака постреляного, порубаного знахождали,
Шаблями, наділками яму копали;
В семип''ядну пищаль продзвонили:
Славу козацьку учинили,
Шапками, приполами семикопну висипали,
На могилі прапір устромляли:
Славу козацьку учиняли.
У неділю барзо рано-порану, зорями пораненьку
Сива зозуля налітала,
На могилі сідала,
Жалібненько закувала:
"Голово козацька, голово молодецька!
Да чи є в тебе на Русі отець, або мати,
Або сестра найменшая?
Якби отець або мати видали,
Білу кошулю на смерть би твою присилали,
Або сестра найменшая видала,
То в неділю б рано-раненько уставала,
Жалібненько оплакала,
Так як би зозуля окувала.
Голово козацька, голово молодецька!
Ти по чужих землях пробувала,
Дорогими кіньми трибувала,
А тепер не потребуєш ні шат дорогих, ні коней вороних,
А тільки потребуєш спасення з неба".
Ой помер козак;
Слава козацька не вмре, не поляже,
Од нині до віка.','["pisni.org.ua", "cat:dumy", "Думи"]',1,'published',COALESCE((SELECT created_at FROM songs WHERE id='pisniua_672644'), datetime('now')),datetime('now'));
INSERT OR REPLACE INTO songs_fts(song_id,title,lyrics) VALUES ('pisniua_672644','Смерть козака на Кодині-долині','На узбоччі долини, біля двох сокорів козацьких,
Там козак, постреляний, порубаний, на рани смертельні знемагає.
І праведного судію з неба бажає;
При собі отця-неньки не має...
Постреляні - кров''ю зійшли,
Порубані - к серцю прийшли...
Тогді козак долину Кодину трьома клятьбами проклинає:
"Бодай ти, долино Кодино, мхами, болотами западала,
Щоб у весну божу ніколи не зоряла, не позоряла!
Що я на тобі третій раз гуляю -
В тебе козацької добичі собі ніякої не маю...
Первий раз гуляв, -
Коня вороного втеряв;
Другий раз гуляв, -
Товариша сердешного втеряв;
Третій раз гуляю, -
Сам голову вже козацькую покладаю".
Орли-чорнокрильці,
Козацькі дозірці
Налітають,
Козацьку душу доглядають.
То вже козак молодий отця й мати споминає:
"Поможи мені отцева-матчина молитва на коліньця встати.
Семип''ядну пищаль у руки достати,
По три мірці пороху підсипати,
По три кульки свинцевих набивати.
Орлам-чорнокрильцям,
Козацьким дозірцям
Великий подарунок посилати".
То вже козак молодий,
Товариш войськовий,
По три мірці підсипає,
По три кульки набиває,
Орлам-чорнокрильцям,
Козацьким дозірцям,
Великий подарунок посилає...
Сам на себе в землю щирим серцем впадає,
Тичячу пищаль на колінця одкидає,
Ще й на море поглядає,
Що море трьома цвітами процвітає:
Первим цвітом - островами,
Другим цвітом - кораблями,
Третім цвітом - молодими козаками.
Що козаки - добрі молодці -
На долину Кодину прибували,
Срібла-злота много набирали,
Козака постреляного, порубаного знахождали,
Шаблями, наділками яму копали;
В семип''ядну пищаль продзвонили:
Славу козацьку учинили,
Шапками, приполами семикопну висипали,
На могилі прапір устромляли:
Славу козацьку учиняли.
У неділю барзо рано-порану, зорями пораненьку
Сива зозуля налітала,
На могилі сідала,
Жалібненько закувала:
"Голово козацька, голово молодецька!
Да чи є в тебе на Русі отець, або мати,
Або сестра найменшая?
Якби отець або мати видали,
Білу кошулю на смерть би твою присилали,
Або сестра найменшая видала,
То в неділю б рано-раненько уставала,
Жалібненько оплакала,
Так як би зозуля окувала.
Голово козацька, голово молодецька!
Ти по чужих землях пробувала,
Дорогими кіньми трибувала,
А тепер не потребуєш ні шат дорогих, ні коней вороних,
А тільки потребуєш спасення з неба".
Ой помер козак;
Слава козацька не вмре, не поляже,
Од нині до віка.');
INSERT OR REPLACE INTO songs (id,title,subtitle,lang,country,period,year,source,notes,lyrics,tags_json,lang_locked,status,created_at,updated_at) VALUES ('pisniua_67075','Ніч на Івана Купала',NULL,'uk','ukraine_before_1917',NULL,NULL,'http://www.navsi100.com/singers.phtml?page=songsid=1','Виконує група "2 ДД"','Кожен рік приходить час
Дивна ніч чарує нас теплом
Мов у казці ми разом
Спів дівочий у гаю
Сміх забави нас несуть до мрій
Кольорових снів подій

Приспів:
Настає ця казкова літня ніч
І вода стане сяйвом сотень свіч

Понесе твою долю мов стріла
Дивна ніч на Івана Купала

Все неначе уві сні
Зорі падають ясні
І світ наче полум`ям горить
Ніч кохання ніч забав
Місяць нас причарував
І ти свою долю відпустив

Приспів.

Кожен рік приходить час
Дивна ніч чарує нас теплом
Мов у казці ми разом
Спів дівочий у гаю
Сміх забави нас несуть до мрій
Кольорових снів подій

Приспів.','["pisni.org.ua", "cat:kupalski", "Купальські пісні"]',1,'published',COALESCE((SELECT created_at FROM songs WHERE id='pisniua_67075'), datetime('now')),datetime('now'));
INSERT OR REPLACE INTO songs_fts(song_id,title,lyrics) VALUES ('pisniua_67075','Ніч на Івана Купала','Кожен рік приходить час
Дивна ніч чарує нас теплом
Мов у казці ми разом
Спів дівочий у гаю
Сміх забави нас несуть до мрій
Кольорових снів подій

Приспів:
Настає ця казкова літня ніч
І вода стане сяйвом сотень свіч

Понесе твою долю мов стріла
Дивна ніч на Івана Купала

Все неначе уві сні
Зорі падають ясні
І світ наче полум`ям горить
Ніч кохання ніч забав
Місяць нас причарував
І ти свою долю відпустив

Приспів.

Кожен рік приходить час
Дивна ніч чарує нас теплом
Мов у казці ми разом
Спів дівочий у гаю
Сміх забави нас несуть до мрій
Кольорових снів подій

Приспів.');
INSERT OR REPLACE INTO songs (id,title,subtitle,lang,country,period,year,source,notes,lyrics,tags_json,lang_locked,status,created_at,updated_at) VALUES ('pisniua_669940','Зачарована Десна','(Розшумілись луги). Музика: Ігор Шамо Слова: Дмитро Луценко. Виконує: Хор імені Григорія Верьовки, Юрій Йосифович, Автентичний ансамбль Древо (Крячківка)','uk','ukraine_1991',NULL,NULL,NULL,NULL,'Розшумілись луги рясними калинами,
І верби старі в задумливих снах.
Де ходили з тобою крутими стежинами,       |
Рідним маревом хвиль чарувала нас тиха Десна. | (2)

Вечір кликав дівчат далекими зорями,
З долин і дібров пливла сивина.
І співала про щастя ночами прозорими       |
Світла юність моя - зачарована тиха Десна. | (2)

Промайнули літа з вітрами суворими,
Вогнями калин, як мрія ясна,
Та співає про щастя заквітчана зорями,     |
Мов дівчина-краса, зачарована тиха Десна.  | (2)','["pisni.org.ua", "cat:romansy", "Романси"]',1,'published',COALESCE((SELECT created_at FROM songs WHERE id='pisniua_669940'), datetime('now')),datetime('now'));
INSERT OR REPLACE INTO songs_fts(song_id,title,lyrics) VALUES ('pisniua_669940','Зачарована Десна','Розшумілись луги рясними калинами,
І верби старі в задумливих снах.
Де ходили з тобою крутими стежинами,       |
Рідним маревом хвиль чарувала нас тиха Десна. | (2)

Вечір кликав дівчат далекими зорями,
З долин і дібров пливла сивина.
І співала про щастя ночами прозорими       |
Світла юність моя - зачарована тиха Десна. | (2)

Промайнули літа з вітрами суворими,
Вогнями калин, як мрія ясна,
Та співає про щастя заквітчана зорями,     |
Мов дівчина-краса, зачарована тиха Десна.  | (2)');
INSERT OR REPLACE INTO song_links (id,song_id,title,url,kind,version_id,sort_order) VALUES ('pisniua_669940_l1','pisniua_669940','YouTube','https://www.youtube.com/watch?v=-ISudv9nrlw','video',NULL,1);
INSERT OR REPLACE INTO song_links (id,song_id,title,url,kind,version_id,sort_order) VALUES ('pisniua_669940_l2','pisniua_669940','YouTube','https://www.youtube.com/watch?v=O515SvxZapI','video',NULL,2);
INSERT OR REPLACE INTO songs (id,title,subtitle,lang,country,period,year,source,notes,lyrics,tags_json,lang_locked,status,created_at,updated_at) VALUES ('pisniua_671297','Відлітаю','Виконує: Яка існуЄ','uk','ukraine_1991',NULL,NULL,'http://www.yakaisnue.com/discography/accords/emotions/05_vidlitayu.txt',NULL,'Intro & Keyboards Solo

I
Після довгої бесіди з темним безсонням
Я прокинувся в ніч біля брами до раю
Двері до її серця для мене закриті
З нею в муках існую, без неі - вмираю.

II
По пір''їнах зібрав свої зламані крила
Компас в світ забуття прихопив із собою
Ця земля без кохання для мене немила -
Я - пташина у клітці, я хочу на волю!

Приспів:
Дивним маревом десь в далені розчинюся,
Парою водяною до неба подамся,
Запалаю  вогнем, снігом білим розтану.
Не тримайте мене - я відлітаю!

III
Із провалля життя мені вибратись важко,
Голова іде колом і жаль відступає,
Я зриваюсь, лечу додолу як камінь,
Криком хочу кричати, та щось заважає.

IV
Це напевно в горлянці душа стала комом,
Серце вдень гірко ниє, вночі палко б''ється.
Я заллю ці страждання гірким терпким ромом
Як побачить мене - увесь світ розсміється.

Приспів.

Outro & Keyboards Solo','["pisni.org.ua", "cat:emigration", "cat:manrivni", "Пісні про еміґрацію", "Пісні на мандрівну тематику"]',1,'published',COALESCE((SELECT created_at FROM songs WHERE id='pisniua_671297'), datetime('now')),datetime('now'));
INSERT OR REPLACE INTO songs_fts(song_id,title,lyrics) VALUES ('pisniua_671297','Відлітаю','Intro & Keyboards Solo

I
Після довгої бесіди з темним безсонням
Я прокинувся в ніч біля брами до раю
Двері до її серця для мене закриті
З нею в муках існую, без неі - вмираю.

II
По пір''їнах зібрав свої зламані крила
Компас в світ забуття прихопив із собою
Ця земля без кохання для мене немила -
Я - пташина у клітці, я хочу на волю!

Приспів:
Дивним маревом десь в далені розчинюся,
Парою водяною до неба подамся,
Запалаю  вогнем, снігом білим розтану.
Не тримайте мене - я відлітаю!

III
Із провалля життя мені вибратись важко,
Голова іде колом і жаль відступає,
Я зриваюсь, лечу додолу як камінь,
Криком хочу кричати, та щось заважає.

IV
Це напевно в горлянці душа стала комом,
Серце вдень гірко ниє, вночі палко б''ється.
Я заллю ці страждання гірким терпким ромом
Як побачить мене - увесь світ розсміється.

Приспів.

Outro & Keyboards Solo');
INSERT OR REPLACE INTO songs (id,title,subtitle,lang,country,period,year,source,notes,lyrics,tags_json,lang_locked,status,created_at,updated_at) VALUES ('pisniua_670542','На хвилях Світязя','Виконує: ВІА Світязь','uk','ukraine_1991',NULL,NULL,'аудіозапис',NULL,'Тут, у колі друзів, наче мить спливає час
І лунає пісня, що зібрала разом нас.
Радо і привітно сивий Світязь нас зустрів.
Тут, у колі друзів, зрозуміло все без слів.
На вітрилах мрії у далеку путь
Корабель надії хвилі понесуть.
На вітрилах мрії в даль через віки,
Щоб на небі запалить зірки.

Приспів:
На хвилях Світязя ми не прощаємось,
На хвилях Світязя ми зустрічаємось.
Нехай летять роки, не зупинити час,
На хвилях Світязя зустріне пісня нас.

Тут, у колі друзів, пролунає пісня знов,
Щоб лишити в наших душах щастя і любов,
Щоб вогонь кохання вже ніколи не погас
І нехай ця пісня стане спогадам для нас.
На вітрилах мрії у далеку путь
Корабель надії хвилі понесуть.
На вітрилах мрії в даль через віки,
Щоб на небі запалить зірки.

Приспів. (3)','["pisni.org.ua", "cat:druzhba", "Пісні про дружбу"]',1,'published',COALESCE((SELECT created_at FROM songs WHERE id='pisniua_670542'), datetime('now')),datetime('now'));
INSERT OR REPLACE INTO songs_fts(song_id,title,lyrics) VALUES ('pisniua_670542','На хвилях Світязя','Тут, у колі друзів, наче мить спливає час
І лунає пісня, що зібрала разом нас.
Радо і привітно сивий Світязь нас зустрів.
Тут, у колі друзів, зрозуміло все без слів.
На вітрилах мрії у далеку путь
Корабель надії хвилі понесуть.
На вітрилах мрії в даль через віки,
Щоб на небі запалить зірки.

Приспів:
На хвилях Світязя ми не прощаємось,
На хвилях Світязя ми зустрічаємось.
Нехай летять роки, не зупинити час,
На хвилях Світязя зустріне пісня нас.

Тут, у колі друзів, пролунає пісня знов,
Щоб лишити в наших душах щастя і любов,
Щоб вогонь кохання вже ніколи не погас
І нехай ця пісня стане спогадам для нас.
На вітрилах мрії у далеку путь
Корабель надії хвилі понесуть.
На вітрилах мрії в даль через віки,
Щоб на небі запалить зірки.

Приспів. (3)');
INSERT OR REPLACE INTO songs (id,title,subtitle,lang,country,period,year,source,notes,lyrics,tags_json,lang_locked,status,created_at,updated_at) VALUES ('pisniua_672797','Самійло Кішка',NULL,'uk','ukraine_before_1917',NULL,NULL,'"Думи. Історико-героїчний цикл". Київ, Дніпро, 1982.',NULL,'Ой із города із Трапезонта виступала галера,
Трьома цвітами процвітана, мальована.
Ой первим цвітом процвітана —
Златосиніми киндяками пообивана;
А другим цвітом процвітана —
Гарматами арештована;
Третім цвітом процвітана —
Турецькою білою габою  покровена.
То в тій галері Алкан-паша,
Трапезонськеє княжя,
Гуляє,
Собі ізбраного люду має:
Сімсот турків, яничар штириста
Да бідного невольника півчвартаста
Без старшини вйськової.
Первий старший між ними пробуває
Кішка Самійло, гетьман запорозьський;
Другий — Марко Рудий,
Суддя військовий;
Третій — Мусій Грач,
Військовий трубач;
Четвертий — Лях Бутурлак,
Ключник галерський,
Сотник переяславський,
Недовірок християнський,
Що був тридцять літ у неволі,
Двадцять штири як став по волі,
Потурчився, побусурманився
Для панства великого,
Для лакомства нещасного!..
В тій галері од пристані далеко одпускали,
Чорним морем далеко гуляли,
Проти Кефи-города приставали,
Там собі великий да довгий опочинок мали.
То представиться Алкану-пашаті,
Трапезонському княжаті,
Молодому паняті,
Сон дивен, барзо дивен, напрочуд...
То Алкан-паша,
Трапезонськеє княжя,
На турків-яничар, на бідних невольників покликає:
"Турки,— каже,— турки-яничари,
І ви, біднії невольники!
Которий би міг турчин-яничар сей сон одгадати,
Міг би йому три гради турецькії дарувати;
А которий би міг бідний невольник одгадати,
Міг би йому листи визволенні писати,
Щоб не міг ніхто нігде зачіпати!"
Сеє турки зачували,
Нічого не сказали,
Бідні невольники, хоч добре знали,
Собі промовчали.
Тільки обізветься між турків Лях Бутурлак,
Ключник галерський,
Сотник переяславський,
Недовірок християнський:
"Як же,— каже,— Алкане-пашо, твій сон одгадати,
Що ти не можеш нам повідати?"
"Такий мені, небожата, сон приснився,
Бодай ніколи не явився!
Видиться: моя галера цвіткована, мальована,
Стала вся обідрана, на пожарі спускана;
Видиться: мої турки-яничари
Стали всі впень порубані;
А видиться: мої біднії невольники,
Которії були у неволі,
То всі стали по волі;
Видиться: мене гетьман Кішка
На три часті розтяв,
В Чорнеє море помотав..."
То скоро теє Лях Бутурлак зачував,
К йому словами промовляв:
"Алкане-пашо, трапезонський княжату,
Молодий паняту!
Сей тобі сон не буде ні мало зачіпати,
Скажи мені получче бідного невольника доглядати,
3 ряду до ряду сажати,
По два, по три старії кайдани і новії ісправляти,
На руки, на ноги надівати,
3 ряду до ряду сажати.
Червоної таволги по два дубця брати,
По шиях затинати,
Кров християнськую на землю проливати!"
Скоро-то сеє зачували,
Од пристані галеру далеко одпускали.
Тогді бідних невольників
До опачин руками приймали,
Щироглибокої морської води доставали.
Скоро-то сеє зачували,
Од пристані галеру далеко одпускали,
До города до Козлова,
До дівки Санджаківни на зальоти поспішали.
То до города Козлова прибували,
Дівка Санджаківна навстрічу виходжає,
Алкана-пашу в город Козлов
Зо всім військом затягала,
Алкана-пашу за білу руку брала,
У світлиці-кам''яниці зазивала,
За білу скам''ю сажала,
Дорогими напитками напувала,
А військо серед ринку сажала.
То Алкан-паша,
Трапезонськеє княжя,
Не барзо дорогії напитки уживає,
Як до галери двох турчинів на підслухи посилає,
Щоб не міг Лях Бутурлак
Кішку Самійла одмикати,
Упоруч себе сажати!
То скоро ся тії два турчини до галери прибували...
То Кішка Самійло, гетьман запорозький,
Словами промовляє:
"Ай, Ляше Бутурлаче,
Брате старесенький!
Колись і ти був в такій неволі, як ми тепера,
Добро нам вчини,
Хоч нас, старшину, одімкни —
Хай би і ми у городі побували,
Панське весілля добре знали".
Каже Лях Бутурлак:
"Ой, Кішко Самійлу, гетьмане запорозький,
Батьку козацький!
Добро ти вчини,
Віру християнську під нозі підтопчи.
Хрест на собі поламни!
А ще будеш віру християнську під нозі топтати
Будеш у нашого пана молодого за рідного брата
пробувати!"
То скоро Кішка Самійло теє зачував,
Словами промовляв:
"Ой, Ляше Бутурлаче,
Сотнику переяславський,
Недовірку християнський!
Бодай же ти того не діждав,
Щоб я віру християнську під нозі топтав!
Хоч буду до смерті біду да неволю приймати,
А буду в землі козацькій голову християнську
покладати!
Ваша віра погана,
Земля проклята!"
Скоро Лях Бутурлак теє зачуває,
Кішку Самійла у щоку затинає;
"Ой,— каже,— Кішко Самійлу, гетьмане
запорозький!
Будеш ти мене в вірі християнській укоряти,
Буду тебе паче всіх невольників доглядати,
Старії і новії кайдани направляти,
Ланцюгами за поперек втроє буду тебе брати!"
То ті два турчини теє зачували,
До Алкана-паші прибували,
Словами промовляли:
"Алкане-пашо,
Трапезонськеє княжя!
Безпечно гуляй!
Доброго і вірного ключника маєш:
Кішку Самійла в щоку затинає,
В турецьку віру ввертає!"
То Алкан-паша,
Трапезонськеє княжя,
Великую радість мало,
Пополам дорогії напитки розділяло:
Половину на галеру одсилало,
Половину з дівкою Санджаківною уживало.
Став Лях Бутурлак дорогії напитки пити-підпивати,
Стали умисли козацьку голову ключника розбивати:
"Господи, єсть у мене що і спити і ісходити,
Тільки ні з ким об вірі християнській розговорити".
До Кішки Самійла прибуває,
Поруч себе сажає,
Дорогого напитка метає,
По два, по три кубки в руки наливає.
То Самійло Кішка по два, по три кубки в руки брав,
То у рукав, то в пазуху, крізь хусту третю додолу
пускав.
Лях Бутурлак по єдиному випивав,
То так напився,
Що з ніг звалився.
То Кішка Самійло да угадав:
Ляха Бутурлака до ліжка вмісто дитяти спати клав,
Сам вісімдесят чотири ключі з-під голів виймав,
На п''яти чоловік по ключу давав,
Словами стиха промовляв:
"Козаки -панове!
Добре майте,
Один другого одмикайте,
Кайдани із ніг, із рук не кидайте,
Полуночної години дожидайте!"
Тогді козаки один другого одмикали,
Кайдани із рук, із ніг не кидали,
Полуночної години дожидали.
А Кішка Самійло чогось догадав,
За бідного невольника ланцюгами втроє себе приняв,
Полуночної години дожидав.
Стала полуночная година наступати,
Став Алкан-паша з військом до галери прибувати,
То до галери прибував,
Словами промовляв;
"Ви, турки-яничари,
Помаленьку ячіте,
Мойого вірного ключника не збудіте!
Самі же добре поміж рядами прохожайте,
Всякого чоловіка осмотряйте,
Бо тепера він підгуляв,
Щоби кому пільги не дав".
То турки-яничари свічі у руки брали.
Поміж рядів прохожали,
Всякого чоловіка осмотряли,
Бог поміг — за замок руками не приймали!
"Алкане-пашо, безпечно почивай!
Доброго і вірного ключника маєш:
Він бідного невольника з ряду до ряду посажав,
По три, по два старії кайдани і новії посправляв,
А Кішку Самійла ланцюгами утроє приняв".
Тогді турки-яничари у галеру вхожали,
Безпечно спати полягали;
А котрії хмельні бували,
На сон знемагали,
Коло пристані козловської спати полягали...
Тогді Кішка Самійло полуночної години дождав,
Сам між козаків устав,
Кайдани із рук, із ніг у Чорнеє море пороняв;
У галеру вхожав,
Козаків побужає,
Саблі булатнії на вибір вибирає,
До козаків промовляє:
"Ви, панове-молодці,
Кайданами не стучіте,
Ясини не вчиніте,
Нікотрого турчина в галері не збудіте..."
То козаки добре зачували,
Самі з себе кайдани скидали,
У Чорнеє море кидали,
Ні одного турчина не збудили.
Тогді Кішка Самійло до козаків промовляє
"Ви, козаки-молодці,
Добре, братіє, майте,
Од города Козлова забігайте,
Турків-яничар упень рубайте,
Которих живцем у Чорнеє море бросайте!"
Тогді козаки од города Козлова забігали,
Турків-яничарів упень рубали,
Которих живих у Чорнее море бросали.
А Кішка Самійло Алкана-пашу із ліжка взяв,
На три часті розтяв,
У Чорнеє море побросав,
До козаків промовляв:
"Панове-молодці!
Добре дбайте,
Всіх у Чорнеє море бросайте,
Тільки Ляха Бутурлака не рубайте,
Между військом для порядку
За яризу військового зоставляйте!"
Тогді козаки добре мали,
Всіх турків у Чорнеє море пометали,
Тільки Ляха Бутурлака не зрубали.
Между військом для порядку
За яризу військового зоставляли.
Тогді галеру од пристані одпускали,
Самі Чорним морем далеко гуляли...
Да ще у неділю барзо рано-пораненьку
Не сива зозуля закувала,
Як дівка Санджаківна коло пристані похожала
Да білі руки ламала,
Словами промовляла:
"Алкане-пашо,
Трапезонськеє княжату,
Нащо ти на мене такеє великеє пересердіє маєш,
Що од мене сьогодня барзо рано виїжджаєш?
Когда би була од отця і матусі
Сорома і наруги приняла,
3 тобою хоч єдину ніч переночувала!.."
Скоро ся теє промовляли,
Галеру од пристані одпускали,
Самі Чорним морем далеко гуляли.
А ще у неділеньку,
У полуденну й годиноньку,
Лях Бутурлак од сна пробуджає,
По галері поглядає,
Що не єдиного турчина у галері немає.
Тогді Лях Бутурлак із ліжка вставає,
До Кішки Самійла прибуває,
У ноги впадає,
Словами промовляє:
"Ой Кішко Самійлу, гетьмане запорозький,
Батьку козацький!
Не будь же ти на мене,
Як я був на останці віка мойого на тебе!
Бог тобі да поміг неприятеля побідити,
Да не умітимеш у землю християнськую входити!
Добре ти учини:
Половину козаків у окови до опачин посади,
А половину у турецькев дорогеє плаття наряди,
Бо ще будемо од города Козлова до города Цареграда
гуляти,
Будуть із города Цареграда дванадцять галер вибігати,
Будуть Алкана-пашу  з дівкою Санджаківною
По зальотах поздравляти,
То як будеш  отвіт оддавати?"
Як Лях Бутурлак научив,
Так Кішка Самійло, гетьман запорозький, учинив:
Половину козаків до опачин у окови посадив,
А половину у турецькеє дорогеє плаття нарядив.
Стали од города Козлова до города Цареграда
гуляти,
Стали із Цареграда дванадцять галер вибігати
І галеру із гармати торкати,
Стали Алкана-пашу з дівкою Санджаківною
По зальотах поздравляти.
То Лях Бутурлак чогось догадав,
Сам на чердак виступав,
Турецьким біленьким завивалом махав;
Раз то мовить по-грецьки,
Удруге по-турецьки.
Каже: "Ви, турки-яничари, помаленьку, братія ячіте,
Од галери одверніте,
Бо тепера він підгуляв, на упокої почиває,
На похмілля знемагає,
До вас не встане, голови не зведе,
Казав: "Як буду назад гуляти,
То не буду вашої милості і повік забувати!"
Тогді турки-яничари од галери одвертали,
До города Цареграда убігали,
Із дванадцяти штук гармат гримали,
Ясу воздавали.
Тогді козаки собі добре дбали,
Сім штук гармат собі арештували,
Ясу воздавали,
На Лиман-ріку іспадали,
К Дніпру-Славуті низенько уклоняли:
"Хвалим тя, господи, і благодарим!
Були п''ятдесят штири годи у неволі,
А тепер чи не дасть нам бог хоч час по волі!"
А у Тендрові-острові Семен Скалозуб
3 військом на заставі стояв
Да на тую галеру поглядав,
До козаків словами промовляв:
"Козаки, панове-молодці!
Що сія галера чи блудить,
Чи світом нудить,
Чи много люду царського має,
Чи за великою добиччю ганяє?
То ви добре майте,
По дві штуки гармат набирайте,
Тую галеру із грозної гармати привітайте,
Гостинця їй дайте!
Єслі турки-яничари, то упень рубайте!
Єслі бідні невольники, то помочі дайте!"
Тогді козаки промовляли:
"Семене Скалозубе, гетьмане запорозький,
Батьку козацький!
Десь ти сам боїшся
І нас, козаків, страшишся,
Єслі сія галера не блудить,
Ні світом нудить,
Ні много люду царського має,
Ні за великою добиччю ганяє,
Се, може, є давній бідний невольник із неволі
утікає".
"Ви віри не доймайте,
Хоч по дві гармати набирайте,
Тую галеру із грозної гармати привітайте,
Гостинця їй дайте!
Як турки-яничари, то упень рубайте,
Єслі бідний невольник, то помочі дайте!"
Тогді козаки, як діти, негаразд починали,
По дві штуки гармат набирали,
Тую галеру із грозної гармати привітали,
Три доски у судні вибивали,
Води дніпровської напускали...
Тогді Кішка Самійло, гетьман запорозький,
Чогось одгадав,
Сам на чердак виступав,
Червонії, хрещатії давнії хорогви із кишені виймав,
Розпустив, до води похилив,
Сам низенько уклонив:
"Козаки, панове-молодці!
Сія галера не блудить,
Ні світом нудить,
Ні много люду царського має,
Ні за великою добиччю ганяє —
Се єсть давній, бідний невольник
Кішка Самійло із неволі утікає;
Були п''ятдесят штири годи у неволі,
Тепер чи не дасть бог хоть на час поволі..."
Тогді козаки у каюки скакали.
Тую галеру за мальовані облавки брали
Тогді: златосинії киндяки — на козаки,
Златоглави — на отамани,
Турецькую білую габу — на козаки, на біляки,
А галеру на пожар спускали,
А срібло, злато — на три часті паювали:
Первую часть брали, на церкви накладали,
На святого Межигорського спаса,
На Трехтемирівський монастир,
На святую Січовую покрову давали,
Которі давнім козацьким скарбом будували,
Щоб за їх, вставаючи і лягаючи,
Милосердного бога благали;
А другую часть поміж собою паювали;
А третюю часть брали,
Очертами сідали,
Пили да гуляли,
Із семип''ядних пищалей гримали,
Кішку Самійла по волі поздоровляли:
"Здоров,— кажуть,—здоров. Кішко Самійле,
Гетьмане запорозький!
Не загинув єси у неволі,
Не загинеш і з нами, козаками, по волі!"
Правда, панове,
Полягла Кішки Самійла голова
В Києві — Канові монастирі...
Слава не вмре, не поляже!
Буде слава славна
Поміж козаками,
Поміж друзями,
Поміж рицарями,
Поміж добрими молодцями!
Утверди, боже, люду царського,
Народу християнського,
Війська запорозького,
Донського,
3 усією черню дніпровою,
Низовою,
На многія літа,
До кінця віка!','["pisni.org.ua", "cat:dumy", "Думи"]',1,'published',COALESCE((SELECT created_at FROM songs WHERE id='pisniua_672797'), datetime('now')),datetime('now'));
INSERT OR REPLACE INTO songs_fts(song_id,title,lyrics) VALUES ('pisniua_672797','Самійло Кішка','Ой із города із Трапезонта виступала галера,
Трьома цвітами процвітана, мальована.
Ой первим цвітом процвітана —
Златосиніми киндяками пообивана;
А другим цвітом процвітана —
Гарматами арештована;
Третім цвітом процвітана —
Турецькою білою габою  покровена.
То в тій галері Алкан-паша,
Трапезонськеє княжя,
Гуляє,
Собі ізбраного люду має:
Сімсот турків, яничар штириста
Да бідного невольника півчвартаста
Без старшини вйськової.
Первий старший між ними пробуває
Кішка Самійло, гетьман запорозьський;
Другий — Марко Рудий,
Суддя військовий;
Третій — Мусій Грач,
Військовий трубач;
Четвертий — Лях Бутурлак,
Ключник галерський,
Сотник переяславський,
Недовірок християнський,
Що був тридцять літ у неволі,
Двадцять штири як став по волі,
Потурчився, побусурманився
Для панства великого,
Для лакомства нещасного!..
В тій галері од пристані далеко одпускали,
Чорним морем далеко гуляли,
Проти Кефи-города приставали,
Там собі великий да довгий опочинок мали.
То представиться Алкану-пашаті,
Трапезонському княжаті,
Молодому паняті,
Сон дивен, барзо дивен, напрочуд...
То Алкан-паша,
Трапезонськеє княжя,
На турків-яничар, на бідних невольників покликає:
"Турки,— каже,— турки-яничари,
І ви, біднії невольники!
Которий би міг турчин-яничар сей сон одгадати,
Міг би йому три гради турецькії дарувати;
А которий би міг бідний невольник одгадати,
Міг би йому листи визволенні писати,
Щоб не міг ніхто нігде зачіпати!"
Сеє турки зачували,
Нічого не сказали,
Бідні невольники, хоч добре знали,
Собі промовчали.
Тільки обізветься між турків Лях Бутурлак,
Ключник галерський,
Сотник переяславський,
Недовірок християнський:
"Як же,— каже,— Алкане-пашо, твій сон одгадати,
Що ти не можеш нам повідати?"
"Такий мені, небожата, сон приснився,
Бодай ніколи не явився!
Видиться: моя галера цвіткована, мальована,
Стала вся обідрана, на пожарі спускана;
Видиться: мої турки-яничари
Стали всі впень порубані;
А видиться: мої біднії невольники,
Которії були у неволі,
То всі стали по волі;
Видиться: мене гетьман Кішка
На три часті розтяв,
В Чорнеє море помотав..."
То скоро теє Лях Бутурлак зачував,
К йому словами промовляв:
"Алкане-пашо, трапезонський княжату,
Молодий паняту!
Сей тобі сон не буде ні мало зачіпати,
Скажи мені получче бідного невольника доглядати,
3 ряду до ряду сажати,
По два, по три старії кайдани і новії ісправляти,
На руки, на ноги надівати,
3 ряду до ряду сажати.
Червоної таволги по два дубця брати,
По шиях затинати,
Кров християнськую на землю проливати!"
Скоро-то сеє зачували,
Од пристані галеру далеко одпускали.
Тогді бідних невольників
До опачин руками приймали,
Щироглибокої морської води доставали.
Скоро-то сеє зачували,
Од пристані галеру далеко одпускали,
До города до Козлова,
До дівки Санджаківни на зальоти поспішали.
То до города Козлова прибували,
Дівка Санджаківна навстрічу виходжає,
Алкана-пашу в город Козлов
Зо всім військом затягала,
Алкана-пашу за білу руку брала,
У світлиці-кам''яниці зазивала,
За білу скам''ю сажала,
Дорогими напитками напувала,
А військо серед ринку сажала.
То Алкан-паша,
Трапезонськеє княжя,
Не барзо дорогії напитки уживає,
Як до галери двох турчинів на підслухи посилає,
Щоб не міг Лях Бутурлак
Кішку Самійла одмикати,
Упоруч себе сажати!
То скоро ся тії два турчини до галери прибували...
То Кішка Самійло, гетьман запорозький,
Словами промовляє:
"Ай, Ляше Бутурлаче,
Брате старесенький!
Колись і ти був в такій неволі, як ми тепера,
Добро нам вчини,
Хоч нас, старшину, одімкни —
Хай би і ми у городі побували,
Панське весілля добре знали".
Каже Лях Бутурлак:
"Ой, Кішко Самійлу, гетьмане запорозький,
Батьку козацький!
Добро ти вчини,
Віру християнську під нозі підтопчи.
Хрест на собі поламни!
А ще будеш віру християнську під нозі топтати
Будеш у нашого пана молодого за рідного брата
пробувати!"
То скоро Кішка Самійло теє зачував,
Словами промовляв:
"Ой, Ляше Бутурлаче,
Сотнику переяславський,
Недовірку християнський!
Бодай же ти того не діждав,
Щоб я віру християнську під нозі топтав!
Хоч буду до смерті біду да неволю приймати,
А буду в землі козацькій голову християнську
покладати!
Ваша віра погана,
Земля проклята!"
Скоро Лях Бутурлак теє зачуває,
Кішку Самійла у щоку затинає;
"Ой,— каже,— Кішко Самійлу, гетьмане
запорозький!
Будеш ти мене в вірі християнській укоряти,
Буду тебе паче всіх невольників доглядати,
Старії і новії кайдани направляти,
Ланцюгами за поперек втроє буду тебе брати!"
То ті два турчини теє зачували,
До Алкана-паші прибували,
Словами промовляли:
"Алкане-пашо,
Трапезонськеє княжя!
Безпечно гуляй!
Доброго і вірного ключника маєш:
Кішку Самійла в щоку затинає,
В турецьку віру ввертає!"
То Алкан-паша,
Трапезонськеє княжя,
Великую радість мало,
Пополам дорогії напитки розділяло:
Половину на галеру одсилало,
Половину з дівкою Санджаківною уживало.
Став Лях Бутурлак дорогії напитки пити-підпивати,
Стали умисли козацьку голову ключника розбивати:
"Господи, єсть у мене що і спити і ісходити,
Тільки ні з ким об вірі християнській розговорити".
До Кішки Самійла прибуває,
Поруч себе сажає,
Дорогого напитка метає,
По два, по три кубки в руки наливає.
То Самійло Кішка по два, по три кубки в руки брав,
То у рукав, то в пазуху, крізь хусту третю додолу
пускав.
Лях Бутурлак по єдиному випивав,
То так напився,
Що з ніг звалився.
То Кішка Самійло да угадав:
Ляха Бутурлака до ліжка вмісто дитяти спати клав,
Сам вісімдесят чотири ключі з-під голів виймав,
На п''яти чоловік по ключу давав,
Словами стиха промовляв:
"Козаки -панове!
Добре майте,
Один другого одмикайте,
Кайдани із ніг, із рук не кидайте,
Полуночної години дожидайте!"
Тогді козаки один другого одмикали,
Кайдани із рук, із ніг не кидали,
Полуночної години дожидали.
А Кішка Самійло чогось догадав,
За бідного невольника ланцюгами втроє себе приняв,
Полуночної години дожидав.
Стала полуночная година наступати,
Став Алкан-паша з військом до галери прибувати,
То до галери прибував,
Словами промовляв;
"Ви, турки-яничари,
Помаленьку ячіте,
Мойого вірного ключника не збудіте!
Самі же добре поміж рядами прохожайте,
Всякого чоловіка осмотряйте,
Бо тепера він підгуляв,
Щоби кому пільги не дав".
То турки-яничари свічі у руки брали.
Поміж рядів прохожали,
Всякого чоловіка осмотряли,
Бог поміг — за замок руками не приймали!
"Алкане-пашо, безпечно почивай!
Доброго і вірного ключника маєш:
Він бідного невольника з ряду до ряду посажав,
По три, по два старії кайдани і новії посправляв,
А Кішку Самійла ланцюгами утроє приняв".
Тогді турки-яничари у галеру вхожали,
Безпечно спати полягали;
А котрії хмельні бували,
На сон знемагали,
Коло пристані козловської спати полягали...
Тогді Кішка Самійло полуночної години дождав,
Сам між козаків устав,
Кайдани із рук, із ніг у Чорнеє море пороняв;
У галеру вхожав,
Козаків побужає,
Саблі булатнії на вибір вибирає,
До козаків промовляє:
"Ви, панове-молодці,
Кайданами не стучіте,
Ясини не вчиніте,
Нікотрого турчина в галері не збудіте..."
То козаки добре зачували,
Самі з себе кайдани скидали,
У Чорнеє море кидали,
Ні одного турчина не збудили.
Тогді Кішка Самійло до козаків промовляє
"Ви, козаки-молодці,
Добре, братіє, майте,
Од города Козлова забігайте,
Турків-яничар упень рубайте,
Которих живцем у Чорнеє море бросайте!"
Тогді козаки од города Козлова забігали,
Турків-яничарів упень рубали,
Которих живих у Чорнее море бросали.
А Кішка Самійло Алкана-пашу із ліжка взяв,
На три часті розтяв,
У Чорнеє море побросав,
До козаків промовляв:
"Панове-молодці!
Добре дбайте,
Всіх у Чорнеє море бросайте,
Тільки Ляха Бутурлака не рубайте,
Между військом для порядку
За яризу військового зоставляйте!"
Тогді козаки добре мали,
Всіх турків у Чорнеє море пометали,
Тільки Ляха Бутурлака не зрубали.
Между військом для порядку
За яризу військового зоставляли.
Тогді галеру од пристані одпускали,
Самі Чорним морем далеко гуляли...
Да ще у неділю барзо рано-пораненьку
Не сива зозуля закувала,
Як дівка Санджаківна коло пристані похожала
Да білі руки ламала,
Словами промовляла:
"Алкане-пашо,
Трапезонськеє княжату,
Нащо ти на мене такеє великеє пересердіє маєш,
Що од мене сьогодня барзо рано виїжджаєш?
Когда би була од отця і матусі
Сорома і наруги приняла,
3 тобою хоч єдину ніч переночувала!.."
Скоро ся теє промовляли,
Галеру од пристані одпускали,
Самі Чорним морем далеко гуляли.
А ще у неділеньку,
У полуденну й годиноньку,
Лях Бутурлак од сна пробуджає,
По галері поглядає,
Що не єдиного турчина у галері немає.
Тогді Лях Бутурлак із ліжка вставає,
До Кішки Самійла прибуває,
У ноги впадає,
Словами промовляє:
"Ой Кішко Самійлу, гетьмане запорозький,
Батьку козацький!
Не будь же ти на мене,
Як я був на останці віка мойого на тебе!
Бог тобі да поміг неприятеля побідити,
Да не умітимеш у землю християнськую входити!
Добре ти учини:
Половину козаків у окови до опачин посади,
А половину у турецькев дорогеє плаття наряди,
Бо ще будемо од города Козлова до города Цареграда
гуляти,
Будуть із города Цареграда дванадцять галер вибігати,
Будуть Алкана-пашу  з дівкою Санджаківною
По зальотах поздравляти,
То як будеш  отвіт оддавати?"
Як Лях Бутурлак научив,
Так Кішка Самійло, гетьман запорозький, учинив:
Половину козаків до опачин у окови посадив,
А половину у турецькеє дорогеє плаття нарядив.
Стали од города Козлова до города Цареграда
гуляти,
Стали із Цареграда дванадцять галер вибігати
І галеру із гармати торкати,
Стали Алкана-пашу з дівкою Санджаківною
По зальотах поздравляти.
То Лях Бутурлак чогось догадав,
Сам на чердак виступав,
Турецьким біленьким завивалом махав;
Раз то мовить по-грецьки,
Удруге по-турецьки.
Каже: "Ви, турки-яничари, помаленьку, братія ячіте,
Од галери одверніте,
Бо тепера він підгуляв, на упокої почиває,
На похмілля знемагає,
До вас не встане, голови не зведе,
Казав: "Як буду назад гуляти,
То не буду вашої милості і повік забувати!"
Тогді турки-яничари од галери одвертали,
До города Цареграда убігали,
Із дванадцяти штук гармат гримали,
Ясу воздавали.
Тогді козаки собі добре дбали,
Сім штук гармат собі арештували,
Ясу воздавали,
На Лиман-ріку іспадали,
К Дніпру-Славуті низенько уклоняли:
"Хвалим тя, господи, і благодарим!
Були п''ятдесят штири годи у неволі,
А тепер чи не дасть нам бог хоч час по волі!"
А у Тендрові-острові Семен Скалозуб
3 військом на заставі стояв
Да на тую галеру поглядав,
До козаків словами промовляв:
"Козаки, панове-молодці!
Що сія галера чи блудить,
Чи світом нудить,
Чи много люду царського має,
Чи за великою добиччю ганяє?
То ви добре майте,
По дві штуки гармат набирайте,
Тую галеру із грозної гармати привітайте,
Гостинця їй дайте!
Єслі турки-яничари, то упень рубайте!
Єслі бідні невольники, то помочі дайте!"
Тогді козаки промовляли:
"Семене Скалозубе, гетьмане запорозький,
Батьку козацький!
Десь ти сам боїшся
І нас, козаків, страшишся,
Єслі сія галера не блудить,
Ні світом нудить,
Ні много люду царського має,
Ні за великою добиччю ганяє,
Се, може, є давній бідний невольник із неволі
утікає".
"Ви віри не доймайте,
Хоч по дві гармати набирайте,
Тую галеру із грозної гармати привітайте,
Гостинця їй дайте!
Як турки-яничари, то упень рубайте,
Єслі бідний невольник, то помочі дайте!"
Тогді козаки, як діти, негаразд починали,
По дві штуки гармат набирали,
Тую галеру із грозної гармати привітали,
Три доски у судні вибивали,
Води дніпровської напускали...
Тогді Кішка Самійло, гетьман запорозький,
Чогось одгадав,
Сам на чердак виступав,
Червонії, хрещатії давнії хорогви із кишені виймав,
Розпустив, до води похилив,
Сам низенько уклонив:
"Козаки, панове-молодці!
Сія галера не блудить,
Ні світом нудить,
Ні много люду царського має,
Ні за великою добиччю ганяє —
Се єсть давній, бідний невольник
Кішка Самійло із неволі утікає;
Були п''ятдесят штири годи у неволі,
Тепер чи не дасть бог хоть на час поволі..."
Тогді козаки у каюки скакали.
Тую галеру за мальовані облавки брали
Тогді: златосинії киндяки — на козаки,
Златоглави — на отамани,
Турецькую білую габу — на козаки, на біляки,
А галеру на пожар спускали,
А срібло, злато — на три часті паювали:
Первую часть брали, на церкви накладали,
На святого Межигорського спаса,
На Трехтемирівський монастир,
На святую Січовую покрову давали,
Которі давнім козацьким скарбом будували,
Щоб за їх, вставаючи і лягаючи,
Милосердного бога благали;
А другую часть поміж собою паювали;
А третюю часть брали,
Очертами сідали,
Пили да гуляли,
Із семип''ядних пищалей гримали,
Кішку Самійла по волі поздоровляли:
"Здоров,— кажуть,—здоров. Кішко Самійле,
Гетьмане запорозький!
Не загинув єси у неволі,
Не загинеш і з нами, козаками, по волі!"
Правда, панове,
Полягла Кішки Самійла голова
В Києві — Канові монастирі...
Слава не вмре, не поляже!
Буде слава славна
Поміж козаками,
Поміж друзями,
Поміж рицарями,
Поміж добрими молодцями!
Утверди, боже, люду царського,
Народу християнського,
Війська запорозького,
Донського,
3 усією черню дніпровою,
Низовою,
На многія літа,
До кінця віка!');
INSERT OR REPLACE INTO songs (id,title,subtitle,lang,country,period,year,source,notes,lyrics,tags_json,lang_locked,status,created_at,updated_at) VALUES ('pisniua_672454','Чорна неділя у Сорочинцях',NULL,'uk','ukraine_before_1917',NULL,NULL,'"Думи. Історико-героїчний цикл". Київ, Дніпро, 1982.',NULL,'А чи то чорна хмара та синєє небо вкриває,
Та синєє небо вкриває,
Навкруги облягає,
Снігом-завірюхою доріженьки у полі замітає,
Ой, замітає та, ой, замітає!
А то ж з Миргорода, славного города,
Барабаш виїжджає,
Донців та черкесів за собою викликає:

"А нумо ж, черкеси й донці,
Славнії молодці,
Нумо у Сорочинці у гості!
Нумо у гості гостювати,
Пристава визволяти
Та царський маніфест у народа одбирати!
Та маніфест одбирати,
Зачинщиків у кайдани кувати,
Щоб нам, чиновникам, по вік вічний панувати,
Ніякого нового закону не знати,
Народ у вічній темноті держати!"','["pisni.org.ua", "cat:dumy", "Думи"]',1,'published',COALESCE((SELECT created_at FROM songs WHERE id='pisniua_672454'), datetime('now')),datetime('now'));
INSERT OR REPLACE INTO songs_fts(song_id,title,lyrics) VALUES ('pisniua_672454','Чорна неділя у Сорочинцях','А чи то чорна хмара та синєє небо вкриває,
Та синєє небо вкриває,
Навкруги облягає,
Снігом-завірюхою доріженьки у полі замітає,
Ой, замітає та, ой, замітає!
А то ж з Миргорода, славного города,
Барабаш виїжджає,
Донців та черкесів за собою викликає:

"А нумо ж, черкеси й донці,
Славнії молодці,
Нумо у Сорочинці у гості!
Нумо у гості гостювати,
Пристава визволяти
Та царський маніфест у народа одбирати!
Та маніфест одбирати,
Зачинщиків у кайдани кувати,
Щоб нам, чиновникам, по вік вічний панувати,
Ніякого нового закону не знати,
Народ у вічній темноті держати!"');
INSERT OR REPLACE INTO songs (id,title,subtitle,lang,country,period,year,source,notes,lyrics,tags_json,lang_locked,status,created_at,updated_at) VALUES ('pisniua_673542','Львів *','(Tyle jest miast). Музика: M. Hemar Слова: M. Hemar. Виконує: Піккардійська Терція','uk','ukraine_1991',NULL,NULL,NULL,'Пікардійська Терція (укр., пол.) Michał Bajor (пол.) Zofia Terne (пол.) Підбір акордів: ppa','Трудиться вигнане серце
В пошуках твоїх снів.
О місто людей веселих
І добрих співучих слів.
C
З зелених садів
E7
Лине цей спів,
Бути молодим - то у Львові.
Всюди панує слушна оказія
Для веселощів, сліз, для безсоння й фантазій.
C
Як в небі звізд -
E7
Стільки є міст,
Та знайдуть ці слова тебе знову.
Йди де бажаєш,
Чини все так як знаєш,
Хочеш в молодість знов - їдь до Львова.
Йди де бажаєш,
Чини все так як знаєш,
Хочеш в молодість знов - їдь до Львова.
У ратуші леви камінні
Варту при брамі несуть.
Знають вони, що незмінні
Юні мрії і цвіт бузку.
Музика грає,
Серце стискає,
Щастя хочеш - вернися до Львова.
Всюди панує слушна оказія
Для веселощів, сліз, для безсоння й фантазій
Стільки є міст,
Як в небі звізд,
Час позначив нас срібним покровом.
Йди, де бажаєш,                         |
Чини все так як знаєш,                  | (2)
Хочеш в молодість знов - їдь до Львова. |','["pisni.org.ua", "cat:halycki", "Пісні з Галичини"]',1,'published',COALESCE((SELECT created_at FROM songs WHERE id='pisniua_673542'), datetime('now')),datetime('now'));
INSERT OR REPLACE INTO songs_fts(song_id,title,lyrics) VALUES ('pisniua_673542','Львів *','Трудиться вигнане серце
В пошуках твоїх снів.
О місто людей веселих
І добрих співучих слів.
C
З зелених садів
E7
Лине цей спів,
Бути молодим - то у Львові.
Всюди панує слушна оказія
Для веселощів, сліз, для безсоння й фантазій.
C
Як в небі звізд -
E7
Стільки є міст,
Та знайдуть ці слова тебе знову.
Йди де бажаєш,
Чини все так як знаєш,
Хочеш в молодість знов - їдь до Львова.
Йди де бажаєш,
Чини все так як знаєш,
Хочеш в молодість знов - їдь до Львова.
У ратуші леви камінні
Варту при брамі несуть.
Знають вони, що незмінні
Юні мрії і цвіт бузку.
Музика грає,
Серце стискає,
Щастя хочеш - вернися до Львова.
Всюди панує слушна оказія
Для веселощів, сліз, для безсоння й фантазій
Стільки є міст,
Як в небі звізд,
Час позначив нас срібним покровом.
Йди, де бажаєш,                         |
Чини все так як знаєш,                  | (2)
Хочеш в молодість знов - їдь до Львова. |');
INSERT OR REPLACE INTO song_links (id,song_id,title,url,kind,version_id,sort_order) VALUES ('pisniua_673542_l1','pisniua_673542','Переглянути варіанти >>','https://www.pisni.org.ua/#variants','external',NULL,1);
INSERT OR REPLACE INTO songs (id,title,subtitle,lang,country,period,year,source,notes,lyrics,tags_json,lang_locked,status,created_at,updated_at) VALUES ('pisniua_673959','Сбором ідеме Полон несеме','Українська народна пісня','uk','ukraine_before_1917',NULL,NULL,'Староукраїнська традиція служби Богу © Видавництво "Павутинонька", Нью Йорк – Львів – Київ – Харків – Москва, 2004','Царинна Пісня: Староукраїнські Колядки і Щедрівки ― Царинні Містерії. Рокове Коло. А з Полянойки до Царинойки. Ачей би нам квітли всі Божі Віни.','Сбором ідеме Полон несеме
Виходжай Соборе с Села на Поле
А с Поляночки на Царинойки
А ви Дівойки війте Вінойки!

Ей вили-вили Бога просили
Ачей би нам квітли всі Божі Віни
Всі Божі Віни Наші Царини
Ачей би квітли Гори-долини
Гори-долини тай Полонини

Наша Царинойка Пречь-поорана
Сріблом-Золотом Пречь-засіяна
Стріцовим Пірком заволочена','["pisni.org.ua", "cat:zeleni-svyata", "Пісні до Зелених свят"]',1,'published',COALESCE((SELECT created_at FROM songs WHERE id='pisniua_673959'), datetime('now')),datetime('now'));
INSERT OR REPLACE INTO songs_fts(song_id,title,lyrics) VALUES ('pisniua_673959','Сбором ідеме Полон несеме','Сбором ідеме Полон несеме
Виходжай Соборе с Села на Поле
А с Поляночки на Царинойки
А ви Дівойки війте Вінойки!

Ей вили-вили Бога просили
Ачей би нам квітли всі Божі Віни
Всі Божі Віни Наші Царини
Ачей би квітли Гори-долини
Гори-долини тай Полонини

Наша Царинойка Пречь-поорана
Сріблом-Золотом Пречь-засіяна
Стріцовим Пірком заволочена');
INSERT OR REPLACE INTO songs (id,title,subtitle,lang,country,period,year,source,notes,lyrics,tags_json,lang_locked,status,created_at,updated_at) VALUES ('pisniua_672491','Дума про смерть Богдана Хмельницького',NULL,'uk','ukraine_before_1917',NULL,NULL,'"Думи. Історико-героїчний цикл". Київ, Дніпро, 1982.',NULL,'Ей, зажуриться, заклопочеться Хмельницького старая голова,
Що при йому-то не було ні сотників, ні полковників нема;
Тільки пробував при йому Іван Луговський,
Писар військовий,
Козак лейстровий.
Тогді-то вони стали у раді,
Як малії діти,
Од своїх рук листи писали,
По городах по полкових, по сотенних розсилали,
А до козаків у листах приписували:
"Ей, козаки, діти, друзі!
Прошу вас, добре дбайте,
Борошно зсипайте,
До Загребельної могили прибувайте,
Мене, Хмельницького, к собі на пораду ожидайте!"
От тогді ж то козаки добре дбали, Борошно зсипали,
До Загребельної могили прибували,
Воскресенія Христового дожидали, -
Хмельницького в вічі не видали,
Вознесенія Христового дожидали, -
Хмельницького в вічі не видали,
Петра й Павла дожидали, -
Хмельницького в вічі не врідали,
Іллі-пророка дожидали ,-
Хмельницького в вічі не видали,
Духа-тройці дожидали, -
Хмельницького в вічі не видали.
Тогді ж то козаки стали у раді,
Як малії діти:
"Хвалився нам гетьман Хмельницький,
Батю Зинов Богдану чигиринський,
У городі Суботові
На спаса-преображеніє ярмалок закликати..."
Тогді ж то козаки добре дбали,
До города Суботова прибували,
Хмельницького стрічали,
Штихи у суходіл стромляли,
Шлики із себе скидали,
Хмельницькому низький поклон послали:
"Пане гетьмане Хмельницький,
Батю Зинов наш чигиринський!
Нащо ти нас потребуєш?"
Тогді ж то Хмельницький стиха словами промовляє:
"Ей, козаки, діти, друзі!
Прошу я вас, добре дбайте,
Собі гетьмана настановляйте.
Чи нема между вами котрого козака старинного,
Отамана курінного?
Вже ж я час од часу хорію,
Между вами гетьманувати не здолію;
То велю я вам между собою козака на гетьманство обирати -
Буде между вами гетьманувати,
Вам козацькі порядки давати".
Тогді-то козаки стиха словами промовляли:
"Пане гетьмане Хмельницький,
Батю Зинов наш чигиринський!
Не можем ми самі между собою, козаками, гетьмана обібрати,
А жолаем од вашої милості послихати".
От тогді ж то Хмельницький стиха слова промовляє:
"Ей, козаки, діти, друзі!
Прошу я вас, добре дбайте,
Єсть у мене Іван Луговський,
Котрий у мене дванадцять літ за джуру пробував,
Всі мої козацькі звичаї познав,
Буде между вами, козаками, гетьманувати,
Буде вам козацькі порядки давати".
Тогді-то козаки стиха словами промовляли:
"Пане гетьмане Хмельницький,
Батю Зинов наш чигиринський!
Не хочем ми Івана Луговського:
Іван Луговський близько ляхів, мостивих панів, живе, -
Буде з ляхами, мостивими панами, накладати,
Буде нас, козаків, за нівіщо мати!"
Тогді-то Хмельницький стиха словами промовляє:
"Ей, козаки, діти, друзі!
Коли ви не хочете Івана Луговського,
Єсть у мене Павел Тетеренко".
"Не хочем ми Павла Тетеренка!"
"Дак скажіте, - говорить, - кого ви жолаєте?"
"Ми, - кажуть, - жолаєм Євраха Хмельниченка".
"Ще ж, - каже, - мойму Євраху Хмельниченку
Тільки всього дванадцять літ од роду,
Ще він возрастом мал, розумом не дійшлий".
"Будем, - говорять, - попліч його дванадцять персон саджати,
Будуть його добрими ділами наущати,
Буде между нами, козаками, гетьманувати,
Нам порядки давати".
От тогді-то козаки добре дбали,
Бунчук, булаву положили,
Єврася Хмельниченка на гетьманство настановили,
Тогді із разних пищаль погримали -
Хмельниченка гетьманом поздоровляли.
От тогді Хмельницький, як благословеніє синові здав,
Так і в дом одправився
І сказав йому:
"Гляди ж, - говорить, - сину мій!
Як будеш немного Ташликом-рікою гуляти,
На бубни, на цуромки вигравати,
Дак будеш отця живого заставати.
А як будеш много Ташликом-рікою гуляти,
На бубни, на цуромки вигравати,
Дак не будеш отця живого заставати".
Тогді ж то Єврась, гетьман молодий,
Ташликом-рікою довго гуляв,
На бубни, на цуромки вигравав,
Додому приїжджав
І отця живого не заставав.
Тогді-то велів у Штоминім дворі
На високій горі
Гроб копати.
Тогді ж то козаки штихами суходіл копали,
Шликами землю виносили,
Хмельницького похоронили;
Із разних пищаль подзвонили,
По Хмельницькому похорон зчинили.
Тогді ж то козаки, поки старую голову Хмельницького зачували,
Поти і Єврася Хмельниченка за гетьмана почитали,
А як не стали старої голови Хмельницького зачувати,
Не стали і Єврася Хмельниченка за гетьмана почитати:
"Ей, Єврасю Хмельниченку, гетьмане молодий!
Не подобало б тобі над нами, козаками, гетьманувати,
А подобало б тобі наші козацькі курені підмітати!"','["pisni.org.ua", "cat:dumy", "Думи"]',1,'published',COALESCE((SELECT created_at FROM songs WHERE id='pisniua_672491'), datetime('now')),datetime('now'));
INSERT OR REPLACE INTO songs_fts(song_id,title,lyrics) VALUES ('pisniua_672491','Дума про смерть Богдана Хмельницького','Ей, зажуриться, заклопочеться Хмельницького старая голова,
Що при йому-то не було ні сотників, ні полковників нема;
Тільки пробував при йому Іван Луговський,
Писар військовий,
Козак лейстровий.
Тогді-то вони стали у раді,
Як малії діти,
Од своїх рук листи писали,
По городах по полкових, по сотенних розсилали,
А до козаків у листах приписували:
"Ей, козаки, діти, друзі!
Прошу вас, добре дбайте,
Борошно зсипайте,
До Загребельної могили прибувайте,
Мене, Хмельницького, к собі на пораду ожидайте!"
От тогді ж то козаки добре дбали, Борошно зсипали,
До Загребельної могили прибували,
Воскресенія Христового дожидали, -
Хмельницького в вічі не видали,
Вознесенія Христового дожидали, -
Хмельницького в вічі не видали,
Петра й Павла дожидали, -
Хмельницького в вічі не врідали,
Іллі-пророка дожидали ,-
Хмельницького в вічі не видали,
Духа-тройці дожидали, -
Хмельницького в вічі не видали.
Тогді ж то козаки стали у раді,
Як малії діти:
"Хвалився нам гетьман Хмельницький,
Батю Зинов Богдану чигиринський,
У городі Суботові
На спаса-преображеніє ярмалок закликати..."
Тогді ж то козаки добре дбали,
До города Суботова прибували,
Хмельницького стрічали,
Штихи у суходіл стромляли,
Шлики із себе скидали,
Хмельницькому низький поклон послали:
"Пане гетьмане Хмельницький,
Батю Зинов наш чигиринський!
Нащо ти нас потребуєш?"
Тогді ж то Хмельницький стиха словами промовляє:
"Ей, козаки, діти, друзі!
Прошу я вас, добре дбайте,
Собі гетьмана настановляйте.
Чи нема между вами котрого козака старинного,
Отамана курінного?
Вже ж я час од часу хорію,
Между вами гетьманувати не здолію;
То велю я вам между собою козака на гетьманство обирати -
Буде между вами гетьманувати,
Вам козацькі порядки давати".
Тогді-то козаки стиха словами промовляли:
"Пане гетьмане Хмельницький,
Батю Зинов наш чигиринський!
Не можем ми самі между собою, козаками, гетьмана обібрати,
А жолаем од вашої милості послихати".
От тогді ж то Хмельницький стиха слова промовляє:
"Ей, козаки, діти, друзі!
Прошу я вас, добре дбайте,
Єсть у мене Іван Луговський,
Котрий у мене дванадцять літ за джуру пробував,
Всі мої козацькі звичаї познав,
Буде между вами, козаками, гетьманувати,
Буде вам козацькі порядки давати".
Тогді-то козаки стиха словами промовляли:
"Пане гетьмане Хмельницький,
Батю Зинов наш чигиринський!
Не хочем ми Івана Луговського:
Іван Луговський близько ляхів, мостивих панів, живе, -
Буде з ляхами, мостивими панами, накладати,
Буде нас, козаків, за нівіщо мати!"
Тогді-то Хмельницький стиха словами промовляє:
"Ей, козаки, діти, друзі!
Коли ви не хочете Івана Луговського,
Єсть у мене Павел Тетеренко".
"Не хочем ми Павла Тетеренка!"
"Дак скажіте, - говорить, - кого ви жолаєте?"
"Ми, - кажуть, - жолаєм Євраха Хмельниченка".
"Ще ж, - каже, - мойму Євраху Хмельниченку
Тільки всього дванадцять літ од роду,
Ще він возрастом мал, розумом не дійшлий".
"Будем, - говорять, - попліч його дванадцять персон саджати,
Будуть його добрими ділами наущати,
Буде между нами, козаками, гетьманувати,
Нам порядки давати".
От тогді-то козаки добре дбали,
Бунчук, булаву положили,
Єврася Хмельниченка на гетьманство настановили,
Тогді із разних пищаль погримали -
Хмельниченка гетьманом поздоровляли.
От тогді Хмельницький, як благословеніє синові здав,
Так і в дом одправився
І сказав йому:
"Гляди ж, - говорить, - сину мій!
Як будеш немного Ташликом-рікою гуляти,
На бубни, на цуромки вигравати,
Дак будеш отця живого заставати.
А як будеш много Ташликом-рікою гуляти,
На бубни, на цуромки вигравати,
Дак не будеш отця живого заставати".
Тогді ж то Єврась, гетьман молодий,
Ташликом-рікою довго гуляв,
На бубни, на цуромки вигравав,
Додому приїжджав
І отця живого не заставав.
Тогді-то велів у Штоминім дворі
На високій горі
Гроб копати.
Тогді ж то козаки штихами суходіл копали,
Шликами землю виносили,
Хмельницького похоронили;
Із разних пищаль подзвонили,
По Хмельницькому похорон зчинили.
Тогді ж то козаки, поки старую голову Хмельницького зачували,
Поти і Єврася Хмельниченка за гетьмана почитали,
А як не стали старої голови Хмельницького зачувати,
Не стали і Єврася Хмельниченка за гетьмана почитати:
"Ей, Єврасю Хмельниченку, гетьмане молодий!
Не подобало б тобі над нами, козаками, гетьманувати,
А подобало б тобі наші козацькі курені підмітати!"');
INSERT OR REPLACE INTO songs (id,title,subtitle,lang,country,period,year,source,notes,lyrics,tags_json,lang_locked,status,created_at,updated_at) VALUES ('pisniua_672757','Проводи козака до війська',NULL,'uk','ukraine_before_1917',NULL,NULL,'"Думи. Історико-героїчний цикл". Київ, Дніпро, 1982.',NULL,'Ой у неділю барзо рано-пораненьо
Не сива зозуля закувала -
Сестра брата своєго із подвірні своєї
В войсько виряджала,
Словами промовляла
І сльозами ридала:
"Ей же, мій брате рідненький,
Голубонько сивенький!
Відкіля тебе виглядати,
Із якої сторонки у гостині сподіватись:
Чи з Чорного моря,
Чи з чистого поля,
Чи з славного із войного люду, войська Запорожжя?"
"Ей, сестро моя рідненька,
Як голубка сивенька!
Не виглядай мене ні з Чорного моря,
Ні з чистого поля,
Ні з славного люду, войська Запорожжя.
А виглядай мене, сестро,
Як будуть о Петрі сині озера замерзати,
А о святім Василії калина білим цвітом процвітати".
"Ей, добре ж ти, братко, знаєш,
Добре, братко, ти відаєш:
Як синім озерам о Нетрі не замерзати,
А о святім Василії калині білим цвітом не процвітати...
То я іще скільки у світі проживала,
А у старих людей не чувала,
Щоб синім озерам о Петрі замерзати,
А о святім Василії калині білим цвітом процвітати".
"Добре ж ти, сестро, знаєш,
Добре ти, сестро, і відаєш:
Як синім озерам о Нетрі не замерзати,
А о святім Василії калині білим цвітом не процвітати,
Так мені вік-віком у гостинях не бувати..."
"Ей, як будеш ти, братко, на чужій стороні проживати,
Будеш ти пити і гуляти,
Будуть ранньою зорею і вечірньою
До тебе куми і побратими прихождати,
Будуть тебе рідним братком називати..."
При добрій годині -
Куми й побратими!
Як пристигла козака-летягу нещасливая година,
Злая хуртовина,
То одцуралася й притаманная родина.
На святую неділю люди з церкви йдуть,
Як бджоли гудуть,
Плече об плече торкаються,
Род з родом,
Брат із братом,
Сват із сватом
На здоров''є питаються;
А козака-летяги при нещасливій годині
Ніхто не займає
І на здоров''є не питає,
Наче б ніколи не бували
І хліба-солі не вживали!
Господи, утверди й подержи
Пана Грицька
І всіх вислухающих
На многії літа.','["pisni.org.ua", "cat:dumy", "Думи"]',1,'published',COALESCE((SELECT created_at FROM songs WHERE id='pisniua_672757'), datetime('now')),datetime('now'));
INSERT OR REPLACE INTO songs_fts(song_id,title,lyrics) VALUES ('pisniua_672757','Проводи козака до війська','Ой у неділю барзо рано-пораненьо
Не сива зозуля закувала -
Сестра брата своєго із подвірні своєї
В войсько виряджала,
Словами промовляла
І сльозами ридала:
"Ей же, мій брате рідненький,
Голубонько сивенький!
Відкіля тебе виглядати,
Із якої сторонки у гостині сподіватись:
Чи з Чорного моря,
Чи з чистого поля,
Чи з славного із войного люду, войська Запорожжя?"
"Ей, сестро моя рідненька,
Як голубка сивенька!
Не виглядай мене ні з Чорного моря,
Ні з чистого поля,
Ні з славного люду, войська Запорожжя.
А виглядай мене, сестро,
Як будуть о Петрі сині озера замерзати,
А о святім Василії калина білим цвітом процвітати".
"Ей, добре ж ти, братко, знаєш,
Добре, братко, ти відаєш:
Як синім озерам о Нетрі не замерзати,
А о святім Василії калині білим цвітом не процвітати...
То я іще скільки у світі проживала,
А у старих людей не чувала,
Щоб синім озерам о Петрі замерзати,
А о святім Василії калині білим цвітом процвітати".
"Добре ж ти, сестро, знаєш,
Добре ти, сестро, і відаєш:
Як синім озерам о Нетрі не замерзати,
А о святім Василії калині білим цвітом не процвітати,
Так мені вік-віком у гостинях не бувати..."
"Ей, як будеш ти, братко, на чужій стороні проживати,
Будеш ти пити і гуляти,
Будуть ранньою зорею і вечірньою
До тебе куми і побратими прихождати,
Будуть тебе рідним братком називати..."
При добрій годині -
Куми й побратими!
Як пристигла козака-летягу нещасливая година,
Злая хуртовина,
То одцуралася й притаманная родина.
На святую неділю люди з церкви йдуть,
Як бджоли гудуть,
Плече об плече торкаються,
Род з родом,
Брат із братом,
Сват із сватом
На здоров''є питаються;
А козака-летяги при нещасливій годині
Ніхто не займає
І на здоров''є не питає,
Наче б ніколи не бували
І хліба-солі не вживали!
Господи, утверди й подержи
Пана Грицька
І всіх вислухающих
На многії літа.');
INSERT OR REPLACE INTO songs (id,title,subtitle,lang,country,period,year,source,notes,lyrics,tags_json,lang_locked,status,created_at,updated_at) VALUES ('pisniua_675776','На зорі мене, мамо, збуди','Музика: Ю. Михайленко Слова: Ю. Михайленко','uk','ukraine_1991',NULL,NULL,'1. пісенник для християнської молоді "Боже, мій Боже, з тобою пісня..."',NULL,'На зорі мене, мамо, збуди
Хоч на дворі весни перешум.
Я тобі із криниці води,             |
На цілісінький день наношу.         |
На цілісінький день наношу.         | (2)
Хоч криниця далеко від нас,
Та до неї іти по стерні.
Снилась, мамо, мені ти не раз,      |
У далекій чужій стороні.            |
У далекій чужій стороні.            | (2)
Снилась, мамо, як йшла ти з дібров,
А навколо бриніла весна.
Як хотілось весняним теплом,        |
Прилетіти в цю мить до села.        |
Прилетіти в цю мить до села.        | (2)','["pisni.org.ua", "cat:pro-batkiv", "Пісні про любов до батьків"]',1,'published',COALESCE((SELECT created_at FROM songs WHERE id='pisniua_675776'), datetime('now')),datetime('now'));
INSERT OR REPLACE INTO songs_fts(song_id,title,lyrics) VALUES ('pisniua_675776','На зорі мене, мамо, збуди','На зорі мене, мамо, збуди
Хоч на дворі весни перешум.
Я тобі із криниці води,             |
На цілісінький день наношу.         |
На цілісінький день наношу.         | (2)
Хоч криниця далеко від нас,
Та до неї іти по стерні.
Снилась, мамо, мені ти не раз,      |
У далекій чужій стороні.            |
У далекій чужій стороні.            | (2)
Снилась, мамо, як йшла ти з дібров,
А навколо бриніла весна.
Як хотілось весняним теплом,        |
Прилетіти в цю мить до села.        |
Прилетіти в цю мить до села.        | (2)');
INSERT OR REPLACE INTO song_links (id,song_id,title,url,kind,version_id,sort_order) VALUES ('pisniua_675776_l1','pisniua_675776','YouTube','https://www.youtube.com/watch?v=IiHvem9JIH8','video',NULL,1);
INSERT OR REPLACE INTO songs (id,title,subtitle,lang,country,period,year,source,notes,lyrics,tags_json,lang_locked,status,created_at,updated_at) VALUES ('pisniua_671899','Було всюди тихо','Українська народна пісня','uk','ukr_ssr_1919_1991',NULL,'1939',NULL,'Пісню записав Козловський Степан Петрович, слухаючи виступ санінструкторів в м.Тернополі у 1942 р. Пісню складено на основі подій 1939 р. в селі Остальці Теребовлянського р-н. Тернопільської обл.','Було всюди тихо
Ні чутки про лихо,
Тихим ходом в село
Заїзжало авто.

Розбіглися кати
По-під наші хати,
Забирають друзів
За підпільну працю.

Кують їх в кайдани,
Вяжуть назад руки
І виводять до тюрми
На вічнії муки.

Їм три рази денно
Води приносили,
А сім раз на день
Нагаями били.

Так сиділи друзі
Більше як півроку,
Випустили друзів
Слухати вироку.

На смерть засудили,
Вирок прочитали,
Злопотіли скоростріли
Друзі повмирали.

Прощай Україно
І ти батьку й  мати,
За підпільну працю
Дістаєм ми плату

Не одна жертва
За Вкраїну впала,
Слава Україні!
І Героям слава!','["pisni.org.ua", "cat:halycki", "cat:istorychni", "cat:povstanski", "Пісні з Галичини", "Історичні пісні", "Повстанські пісні"]',1,'published',COALESCE((SELECT created_at FROM songs WHERE id='pisniua_671899'), datetime('now')),datetime('now'));
INSERT OR REPLACE INTO songs_fts(song_id,title,lyrics) VALUES ('pisniua_671899','Було всюди тихо','Було всюди тихо
Ні чутки про лихо,
Тихим ходом в село
Заїзжало авто.

Розбіглися кати
По-під наші хати,
Забирають друзів
За підпільну працю.

Кують їх в кайдани,
Вяжуть назад руки
І виводять до тюрми
На вічнії муки.

Їм три рази денно
Води приносили,
А сім раз на день
Нагаями били.

Так сиділи друзі
Більше як півроку,
Випустили друзів
Слухати вироку.

На смерть засудили,
Вирок прочитали,
Злопотіли скоростріли
Друзі повмирали.

Прощай Україно
І ти батьку й  мати,
За підпільну працю
Дістаєм ми плату

Не одна жертва
За Вкраїну впала,
Слава Україні!
І Героям слава!');
INSERT OR REPLACE INTO song_links (id,song_id,title,url,kind,version_id,sort_order) VALUES ('pisniua_671899_l1','pisniua_671899','Переглянути варіанти >>','https://www.pisni.org.ua/#variants','external',NULL,1);
INSERT OR REPLACE INTO songs (id,title,subtitle,lang,country,period,year,source,notes,lyrics,tags_json,lang_locked,status,created_at,updated_at) VALUES ('pisniua_676050','Радуйся, Маріє',NULL,'uk','ukraine_1991',NULL,NULL,'1. пісенник для християнської молоді "Боже, мій Боже, з тобою пісня..."','пісенник для християнської молоді "Боже, мій Боже, з тобою пісня..."','C
Раз зайшов я в храм старенький
Am
Та ікону там побачив.
На іконі ангел з неба
Так вітає Божу Матір.

Приспів:
Радуйся, Маріє, я перед Тобою.   |
Радуйся, Маріє, Господь з Тобою. |
Радуйся, Маріє, повна благодати. |
Радуйся, Маріє, Божая Мати.      | (2)

Тихо-тихо в церкві стало,
Серцем слухаю я знову:
Чи усе мені це здалось,
Чи провадить хтось розмову?
Чую, як шепоче Діва,
А на серці тривога.
Ангел Їй: "Не бійсь, Маріє,
Бо знайшла Ти ласку в Бога!"

Приспів.

Ти з''явився, як людина,
А звіщаєш слова Божі.
Як же я народжу Сина,
Коли я не знаю мужа?
"Коли Бог захоче того,
То зміняє лад природи,
Він пошле Духа Святого,
І Ісуса Ти народиш".

Приспів.

"Я сповнити все готова
І в покорі все приймаю.
Хай здійсниться Твоє слово,
Й душа Бога величає".
Я залишив храм старенький,
Та ікону в серці маю.
І спішу усім сказати,
Як Марія нас кохає.

Приспів.

Радуйся, радуйся Маріє           | (4)
Радуйся... Аве Марія...','["pisni.org.ua", "cat:christian", "cat:do-bohorodyci", "Пісні на християнську тематику", "Пісні до Богородиці"]',1,'published',COALESCE((SELECT created_at FROM songs WHERE id='pisniua_676050'), datetime('now')),datetime('now'));
INSERT OR REPLACE INTO songs_fts(song_id,title,lyrics) VALUES ('pisniua_676050','Радуйся, Маріє','C
Раз зайшов я в храм старенький
Am
Та ікону там побачив.
На іконі ангел з неба
Так вітає Божу Матір.

Приспів:
Радуйся, Маріє, я перед Тобою.   |
Радуйся, Маріє, Господь з Тобою. |
Радуйся, Маріє, повна благодати. |
Радуйся, Маріє, Божая Мати.      | (2)

Тихо-тихо в церкві стало,
Серцем слухаю я знову:
Чи усе мені це здалось,
Чи провадить хтось розмову?
Чую, як шепоче Діва,
А на серці тривога.
Ангел Їй: "Не бійсь, Маріє,
Бо знайшла Ти ласку в Бога!"

Приспів.

Ти з''явився, як людина,
А звіщаєш слова Божі.
Як же я народжу Сина,
Коли я не знаю мужа?
"Коли Бог захоче того,
То зміняє лад природи,
Він пошле Духа Святого,
І Ісуса Ти народиш".

Приспів.

"Я сповнити все готова
І в покорі все приймаю.
Хай здійсниться Твоє слово,
Й душа Бога величає".
Я залишив храм старенький,
Та ікону в серці маю.
І спішу усім сказати,
Як Марія нас кохає.

Приспів.

Радуйся, радуйся Маріє           | (4)
Радуйся... Аве Марія...');
INSERT OR REPLACE INTO songs (id,title,subtitle,lang,country,period,year,source,notes,lyrics,tags_json,lang_locked,status,created_at,updated_at) VALUES ('pisniua_673399','Ой, хотя би, Господи, та й повечоріло','Українська народна пісня','uk','ukraine_before_1917',NULL,NULL,'1. надіслав Ілля Самойлов',NULL,'Ой, хотя би, Господи, та й повечоріло,
Може, моє серденько та й до мене прийшло...

Ой, рада-рай-та -тір-да-рі-да-рай-да!     |
Може, моє серденько та й до мене прийшло. | (2)

Та й прийди до мене, до моєї хати,
Стукни під віконце, щоб не чула мати...

Ой, рада-рай-та -тір-да-рі-да-рай-да!     |
Стукни під віконце, щоб не чула мати.     | (2)

А мати почує, та й буде мовчати,
Про своє дитятко нічого сказати...

Ой, рада-рай-та -тір-да-рі-да-рай-да!     |
Про своє дитятко нічого сказати.          | (2)

Спала я й не спала, треба уставати,
Треба уставати, милого питати...

Ой, рада-рай-та -тір-да-рі-да-рай-да!     |
Треба уставати, милого питати.            | (2)

Чи ти, милий, любиш, чи з мене смієшся,
Що ти коло мене, як голубчик в''єшся?

Ой, рада-рай-та -тір-да-рі-да-рай-да!     |
Що ти коло мене, як голубчик в''єшся?      | (2)

А я тебе люблю, ще й любити буду,
І скажу по правді сватать тебе буду...

Ой, рада-рай-та -тір-да-рі-да-рай-да!     |
І скажу по правді сватать тебе буду!      | (4)','["pisni.org.ua", "cat:kubanski", "cat:socialno-pobutovi", "Кубанські пісні", "Соціально-побутові пісні"]',1,'published',COALESCE((SELECT created_at FROM songs WHERE id='pisniua_673399'), datetime('now')),datetime('now'));
INSERT OR REPLACE INTO songs_fts(song_id,title,lyrics) VALUES ('pisniua_673399','Ой, хотя би, Господи, та й повечоріло','Ой, хотя би, Господи, та й повечоріло,
Може, моє серденько та й до мене прийшло...

Ой, рада-рай-та -тір-да-рі-да-рай-да!     |
Може, моє серденько та й до мене прийшло. | (2)

Та й прийди до мене, до моєї хати,
Стукни під віконце, щоб не чула мати...

Ой, рада-рай-та -тір-да-рі-да-рай-да!     |
Стукни під віконце, щоб не чула мати.     | (2)

А мати почує, та й буде мовчати,
Про своє дитятко нічого сказати...

Ой, рада-рай-та -тір-да-рі-да-рай-да!     |
Про своє дитятко нічого сказати.          | (2)

Спала я й не спала, треба уставати,
Треба уставати, милого питати...

Ой, рада-рай-та -тір-да-рі-да-рай-да!     |
Треба уставати, милого питати.            | (2)

Чи ти, милий, любиш, чи з мене смієшся,
Що ти коло мене, як голубчик в''єшся?

Ой, рада-рай-та -тір-да-рі-да-рай-да!     |
Що ти коло мене, як голубчик в''єшся?      | (2)

А я тебе люблю, ще й любити буду,
І скажу по правді сватать тебе буду...

Ой, рада-рай-та -тір-да-рі-да-рай-да!     |
І скажу по правді сватать тебе буду!      | (4)');
INSERT OR REPLACE INTO song_links (id,song_id,title,url,kind,version_id,sort_order) VALUES ('pisniua_673399_l1','pisniua_673399','YouTube','https://www.youtube.com/watch?v=0wkovqM5zy0','video',NULL,1);
INSERT OR REPLACE INTO songs (id,title,subtitle,lang,country,period,year,source,notes,lyrics,tags_json,lang_locked,status,created_at,updated_at) VALUES ('pisniua_678477','Стою на асфальті, в лещата обутий…',NULL,'uk','ukraine_1991',NULL,NULL,NULL,NULL,'Стою на асфальті, в лещата обутий,
Лещата не їдуть, чи я гальманутий,
На-на-на-на-на-на-най здавайте лищатарство.
Вахоркін Микола сніданок варив,
Гурток "Хамелеони" до обіду недожив,
На-на-на-на-на-на-най здавайте куховарство.
Є у лісі пастка, гострі там кілки,
Необережна дівчинка потрапила туди,
На-на-на-на-на-на-най відійшла на вічну ватру.
Дівчата у полі квіточки збирали,
Хлопчики у полі індіанців грали,
Зелений нагнувся - у дупі сокира
Сильно, красно, обережно, бистро, влучно кидає розвідувач Данило.
На-на-на-на-на-на-най! Оп-оп!
Ти мене не любиш я тебе також,
Най тобі у дупу залізе п''яний йож,
На-на-на-на-на-на-най! Бережіть природу нашу, мать вашу!
Десь попід лісочком курінь п''яний йде,
Попереду куреня зв''язковий повзе,
Голова замотана бинт на голові,
Слід кривавий стелиться по сирій землі.
На-на-на-на-на-на-най! Шануйте зв''язкового!
Їжачок маленький виліз на дроти,
Струмом його вдарило, вилізли очі,
На-на-на-на-на-на-най! Купуйте їзострічку!
Мамо я на табір більше не поїду,
В мене сандалики вкрали у гаю,
На-на-на-на-на-на-най! Записуйтесь в УHCО!','["pisni.org.ua", "cat:plastovi", "Пластові пісні"]',1,'published',COALESCE((SELECT created_at FROM songs WHERE id='pisniua_678477'), datetime('now')),datetime('now'));
INSERT OR REPLACE INTO songs_fts(song_id,title,lyrics) VALUES ('pisniua_678477','Стою на асфальті, в лещата обутий…','Стою на асфальті, в лещата обутий,
Лещата не їдуть, чи я гальманутий,
На-на-на-на-на-на-най здавайте лищатарство.
Вахоркін Микола сніданок варив,
Гурток "Хамелеони" до обіду недожив,
На-на-на-на-на-на-най здавайте куховарство.
Є у лісі пастка, гострі там кілки,
Необережна дівчинка потрапила туди,
На-на-на-на-на-на-най відійшла на вічну ватру.
Дівчата у полі квіточки збирали,
Хлопчики у полі індіанців грали,
Зелений нагнувся - у дупі сокира
Сильно, красно, обережно, бистро, влучно кидає розвідувач Данило.
На-на-на-на-на-на-най! Оп-оп!
Ти мене не любиш я тебе також,
Най тобі у дупу залізе п''яний йож,
На-на-на-на-на-на-най! Бережіть природу нашу, мать вашу!
Десь попід лісочком курінь п''яний йде,
Попереду куреня зв''язковий повзе,
Голова замотана бинт на голові,
Слід кривавий стелиться по сирій землі.
На-на-на-на-на-на-най! Шануйте зв''язкового!
Їжачок маленький виліз на дроти,
Струмом його вдарило, вилізли очі,
На-на-на-на-на-на-най! Купуйте їзострічку!
Мамо я на табір більше не поїду,
В мене сандалики вкрали у гаю,
На-на-на-на-на-на-най! Записуйтесь в УHCО!');
INSERT OR REPLACE INTO songs (id,title,subtitle,lang,country,period,year,source,notes,lyrics,tags_json,lang_locked,status,created_at,updated_at) VALUES ('pisniua_673848','Ой там у саду','Українська народна пісня','uk','ukraine_before_1917',NULL,NULL,'1. надіслав Ілля Самойлов',NULL,'Ой, там у саду, під яблунькою
Там сидів голуб з голубонькою. | (2)

Вони сиділи, поривалися,
Сизими крильми, обнімалися.    | (2)

Де взявся стрілець, добрий молодець?
Розбив, розлучив пару голубів. | (2)

Він голуба вбив, голубку вловив,
Узяв підпалу, поніс до дому.   | (2)

Поніс до дому, пустив до долу,
Насипав пшонця аж по колінця.  | (2)

Голубка не їсть, голубка не п''є,
А в сад-виноград все плакать іде.  | (3)','["pisni.org.ua", "cat:kubanski", "Кубанські пісні"]',1,'published',COALESCE((SELECT created_at FROM songs WHERE id='pisniua_673848'), datetime('now')),datetime('now'));
INSERT OR REPLACE INTO songs_fts(song_id,title,lyrics) VALUES ('pisniua_673848','Ой там у саду','Ой, там у саду, під яблунькою
Там сидів голуб з голубонькою. | (2)

Вони сиділи, поривалися,
Сизими крильми, обнімалися.    | (2)

Де взявся стрілець, добрий молодець?
Розбив, розлучив пару голубів. | (2)

Він голуба вбив, голубку вловив,
Узяв підпалу, поніс до дому.   | (2)

Поніс до дому, пустив до долу,
Насипав пшонця аж по колінця.  | (2)

Голубка не їсть, голубка не п''є,
А в сад-виноград все плакать іде.  | (3)');
INSERT OR REPLACE INTO song_links (id,song_id,title,url,kind,version_id,sort_order) VALUES ('pisniua_673848_l1','pisniua_673848','Переглянути варіанти >>','https://www.pisni.org.ua/#variants','external',NULL,1);
INSERT OR REPLACE INTO songs (id,title,subtitle,lang,country,period,year,source,notes,lyrics,tags_json,lang_locked,status,created_at,updated_at) VALUES ('pisniua_680271','Мово моя','Музика: Василь Волощук Слова: Григорій Булах. Виконує: Василь Волощук','uk','ukraine_1991',NULL,NULL,NULL,NULL,'Я чую рідну мову українську
На вулицях, майданах і вітрах,
І я чую здалека, я чую зблизька
То рідна мова нашого Дніпра.
Тебе, моя кохана рідна мово
Топтали коні дикої орди,
Ти закипалась кров''ю на підковах,
Тебе терзали хани і кати.

Приспів:
Мово - моя рідна мово
До мого серця прилинь,
Мово моя колискова -
Неба високого синь.
Мово - моя рідна мово
Доля твоя непроста
В кожнім зраненім слові
Велич твоя вироста.

І я чую рідну мову українську
На континентах, в космосі, світах.
Ти моя дорога горезвісна
Та істина твоя завжди свята.
Тебе, моя кохана рідна мово,
В Сибіри гнали, в Соловки - тайгу,
Та оживало наше рідне слово
У морозах сивих і снігу.','["pisni.org.ua", "cat:pisni-pro-movy", "Пісні про рідну мову"]',1,'published',COALESCE((SELECT created_at FROM songs WHERE id='pisniua_680271'), datetime('now')),datetime('now'));
INSERT OR REPLACE INTO songs_fts(song_id,title,lyrics) VALUES ('pisniua_680271','Мово моя','Я чую рідну мову українську
На вулицях, майданах і вітрах,
І я чую здалека, я чую зблизька
То рідна мова нашого Дніпра.
Тебе, моя кохана рідна мово
Топтали коні дикої орди,
Ти закипалась кров''ю на підковах,
Тебе терзали хани і кати.

Приспів:
Мово - моя рідна мово
До мого серця прилинь,
Мово моя колискова -
Неба високого синь.
Мово - моя рідна мово
Доля твоя непроста
В кожнім зраненім слові
Велич твоя вироста.

І я чую рідну мову українську
На континентах, в космосі, світах.
Ти моя дорога горезвісна
Та істина твоя завжди свята.
Тебе, моя кохана рідна мово,
В Сибіри гнали, в Соловки - тайгу,
Та оживало наше рідне слово
У морозах сивих і снігу.');
INSERT OR REPLACE INTO songs (id,title,subtitle,lang,country,period,year,source,notes,lyrics,tags_json,lang_locked,status,created_at,updated_at) VALUES ('pisniua_677144','Я си хлопець молоденький','Українська народна пісня','uk','ukraine_before_1917',NULL,NULL,'аудіозапис','Пісню виконує Карпатія (альбом: Етнічна музика України).','Я си хлопець молоденький,
Ніхто про мня ніч не зна.
Я си хлопець молоденький,
Ніхто про мня ніч не зна.

Лем та єдна фраїречка,
Але вона не повість.
Лем та єдна фраїречка,
Але вона не повість.

Хоч би она повідала,
Але вона не може.
Хоч би она повідала,
Але вона не може.

Сама мене закликала -
От, Яничку, небоже.
Сама мене закликала -
От, Яничку, небоже.

Вона мене закликала
До комори, до своєй.
Подала мі пугарвина
До рученьки, до моїй.

Я си хлопець молоденький,
Ніхто про мня ніч не зна.
Лем та єдна фраїречка,
Але вона не повість.','["pisni.org.ua", "cat:lemkivski", "Лемківські пісні"]',1,'published',COALESCE((SELECT created_at FROM songs WHERE id='pisniua_677144'), datetime('now')),datetime('now'));
INSERT OR REPLACE INTO songs_fts(song_id,title,lyrics) VALUES ('pisniua_677144','Я си хлопець молоденький','Я си хлопець молоденький,
Ніхто про мня ніч не зна.
Я си хлопець молоденький,
Ніхто про мня ніч не зна.

Лем та єдна фраїречка,
Але вона не повість.
Лем та єдна фраїречка,
Але вона не повість.

Хоч би она повідала,
Але вона не може.
Хоч би она повідала,
Але вона не може.

Сама мене закликала -
От, Яничку, небоже.
Сама мене закликала -
От, Яничку, небоже.

Вона мене закликала
До комори, до своєй.
Подала мі пугарвина
До рученьки, до моїй.

Я си хлопець молоденький,
Ніхто про мня ніч не зна.
Лем та єдна фраїречка,
Але вона не повість.');
INSERT OR REPLACE INTO songs (id,title,subtitle,lang,country,period,year,source,notes,lyrics,tags_json,lang_locked,status,created_at,updated_at) VALUES ('pisniua_673991','На Оной Горі Оной Високой',NULL,'uk','ukraine_before_1917',NULL,NULL,'Староукраїнська традиція служби Богу © Видавництво "Павутинонька", Нью Йорк – Львів – Київ – Харків – Москва, 2004','Колядка стародавня (Господині): Староукраїнські Колядки і Щедрівки ― Царинні Містерії. Рокове Коло. Подібні Колядки: А з за Той Гори з за Чорнейкої Ей Горе Горе сам тя Бог оре На Оной Горі Оной Високой А з Полянойки до Царинойки. Там же ми оре Сам Милий Господь. Листки з приводу цієї пісні: Світові аналогії: традиції Різдва і Збору. Українські Містерії в часі повного розвитку Весни. Що означає Святий Збір? Містика Астральних Жнив. На Великдень Коляда!','На Оной Горі Оной Високой
Приспів:
Звеніли-звеніли
Чотири Воли в Золоті горіли

Там же ми оре Золотий Плужок
Там же ми оре Сам Милий Господь
А св. Петро Єму поганят
Божая Мати Насіня носить
Насіня Троє не Єднакоє
Єдно насіня Зелене Вино
Друге насіня Яра Пшеничка
Трете насіня Ладан Пахнячий
Яра Пшеничка на Божу Службу
Зелене Винце на Причащаня
Ладан Пахнячий до Кадильниці','["pisni.org.ua", "cat:zeleni-svyata", "Пісні до Зелених свят"]',1,'published',COALESCE((SELECT created_at FROM songs WHERE id='pisniua_673991'), datetime('now')),datetime('now'));
INSERT OR REPLACE INTO songs_fts(song_id,title,lyrics) VALUES ('pisniua_673991','На Оной Горі Оной Високой','На Оной Горі Оной Високой
Приспів:
Звеніли-звеніли
Чотири Воли в Золоті горіли

Там же ми оре Золотий Плужок
Там же ми оре Сам Милий Господь
А св. Петро Єму поганят
Божая Мати Насіня носить
Насіня Троє не Єднакоє
Єдно насіня Зелене Вино
Друге насіня Яра Пшеничка
Трете насіня Ладан Пахнячий
Яра Пшеничка на Божу Службу
Зелене Винце на Причащаня
Ладан Пахнячий до Кадильниці');
INSERT OR REPLACE INTO songs (id,title,subtitle,lang,country,period,year,source,notes,lyrics,tags_json,lang_locked,status,created_at,updated_at) VALUES ('pisniua_678797','Лицарський Хрест','Музика: Тартак Слова: Тартак. Виконує: Тартак','uk','ukraine_1991',NULL,NULL,NULL,'Підбір акордів: Вохрик','Вступ: Gm D# Gm D# Gm D# D D#
Gm
Дихає ліс,
D#
Пташка на гіллі
Пісню співає, що тішить мій слух.
Я довго ріс -
Йшов через цілі,
Що тіло гартують і зміцнюють дух.
Тиха роса
Зіб''ється з трав
Криком "вперед!", дружним тупотом ніг.
Я тут знайшов
Те, що шукав,
Славу здобув і себе переміг!

Приспів:
Gm
Мій лицарський хрест -
D#
Моя нагорода
За те, що не впав, за те, що не втік!
Мій лицарський хрест -
Яскрава пригода,
Що буде тривати в мені цілий вік!
Мій лицарський хрест...

Вступ.

Плинуть роки,
Їх заметілі
Скроні мої пофарбують у сніг.
Я, завдяки
Шрамам на тілі,
В пам''ять свою закарбую усіх
Друзів моїх
Та ворогів -
Кого любив і кого вбивав...
Може чогось
Я не зумів,
Та не згубив, не програв, не продав...

Приспів.

Тим, що загинули, й тим, що вижили,
Слово своє вдячно присвячую.
Хай ворог зиркає очима хижими,
Нехай гарчить - мені не лячно!
Хто вріс корінням, той не зламається.
Хто має стержень, той не зігнеться.
Любов до матері - найкраща порадниця.
Любов до вітчизни - ідея серця.
Лицарський хрест - відзнака для обраних -
Не завжди на грудях, а в діях і звершеннях.
Для тих, що в боях ставали хоробрими.
Для тих, що в атаки здіймалися першими.
Не відступитися від слова сказаного -
Дерти руками, зубами гризти.
У світі багато брудного й заразного,
Але той, хто хоче, залишається чистим!','["pisni.org.ua", "cat:patriotic", "Патріотичні пісні"]',1,'published',COALESCE((SELECT created_at FROM songs WHERE id='pisniua_678797'), datetime('now')),datetime('now'));
INSERT OR REPLACE INTO songs_fts(song_id,title,lyrics) VALUES ('pisniua_678797','Лицарський Хрест','Вступ: Gm D# Gm D# Gm D# D D#
Gm
Дихає ліс,
D#
Пташка на гіллі
Пісню співає, що тішить мій слух.
Я довго ріс -
Йшов через цілі,
Що тіло гартують і зміцнюють дух.
Тиха роса
Зіб''ється з трав
Криком "вперед!", дружним тупотом ніг.
Я тут знайшов
Те, що шукав,
Славу здобув і себе переміг!

Приспів:
Gm
Мій лицарський хрест -
D#
Моя нагорода
За те, що не впав, за те, що не втік!
Мій лицарський хрест -
Яскрава пригода,
Що буде тривати в мені цілий вік!
Мій лицарський хрест...

Вступ.

Плинуть роки,
Їх заметілі
Скроні мої пофарбують у сніг.
Я, завдяки
Шрамам на тілі,
В пам''ять свою закарбую усіх
Друзів моїх
Та ворогів -
Кого любив і кого вбивав...
Може чогось
Я не зумів,
Та не згубив, не програв, не продав...

Приспів.

Тим, що загинули, й тим, що вижили,
Слово своє вдячно присвячую.
Хай ворог зиркає очима хижими,
Нехай гарчить - мені не лячно!
Хто вріс корінням, той не зламається.
Хто має стержень, той не зігнеться.
Любов до матері - найкраща порадниця.
Любов до вітчизни - ідея серця.
Лицарський хрест - відзнака для обраних -
Не завжди на грудях, а в діях і звершеннях.
Для тих, що в боях ставали хоробрими.
Для тих, що в атаки здіймалися першими.
Не відступитися від слова сказаного -
Дерти руками, зубами гризти.
У світі багато брудного й заразного,
Але той, хто хоче, залишається чистим!');
INSERT OR REPLACE INTO song_links (id,song_id,title,url,kind,version_id,sort_order) VALUES ('pisniua_678797_l1','pisniua_678797','YouTube','https://www.youtube.com/watch?v=iaZZzI9YPN8','video',NULL,1);
INSERT OR REPLACE INTO song_links (id,song_id,title,url,kind,version_id,sort_order) VALUES ('pisniua_678797_l2','pisniua_678797','YouTube','https://www.youtube.com/watch?v=UxAm0sxUGhk','video',NULL,2);
INSERT OR REPLACE INTO songs (id,title,subtitle,lang,country,period,year,source,notes,lyrics,tags_json,lang_locked,status,created_at,updated_at) VALUES ('pisniua_673972','Ей Горе Горе сам тя Бог оре',NULL,'uk','ukraine_before_1917',NULL,NULL,'Староукраїнська традиція служби Богу © Видавництво "Павутинонька", Нью Йорк – Львів – Київ – Харків – Москва, 2004','Колядка стародавня (Господині): Староукраїнські Колядки і Щедрівки ― Царинні Містерії. Рокове Коло. Цю Колядку співають як Пісню Царинну в часі походу в поле в Літі (ідучи під гору), на благословення поля, на Лемківщині. Вираз Ой Горе-горе = ой Горо-горо! Гл. Сбором ідеме Полон несеме (2). Подібні Колядки: А з за Той Гори з за Чорнейкої Ей Горе Горе сам тя Бог оре На Оной Горі Оной Високой А з Полянойки до Царинойки. Зарод Божейку Насіня Троє. Листки з приводу цієї пісні: Світові аналогії: традиції Різдва і Збору. Українські Містерії в часі повного розвитку Весни. Що означає Святий Збір? Містика Астральних Жнив. На Великдень Коляда!','Ей Горе-горе сам тя Бог оре
Божа Матінка Насіня носит
Насіня носит і Бога просит
Зарод Божейку Насіня Троє
Насіня Троє не Єднакоє

Перше Насіня Яра Пшеничка
Друге Насіня Зелене Вино
Трете Насіня Пахнячій Ладан
Яра Пшеничка на Проскуройки
А на якії на Всенощнії
Зелене Вино до Служби Божой
На Причащаня Душ Очищаня
Пахнячій Ладан до Кадильнички','["pisni.org.ua", "cat:zeleni-svyata", "Пісні до Зелених свят"]',1,'published',COALESCE((SELECT created_at FROM songs WHERE id='pisniua_673972'), datetime('now')),datetime('now'));
INSERT OR REPLACE INTO songs_fts(song_id,title,lyrics) VALUES ('pisniua_673972','Ей Горе Горе сам тя Бог оре','Ей Горе-горе сам тя Бог оре
Божа Матінка Насіня носит
Насіня носит і Бога просит
Зарод Божейку Насіня Троє
Насіня Троє не Єднакоє

Перше Насіня Яра Пшеничка
Друге Насіня Зелене Вино
Трете Насіня Пахнячій Ладан
Яра Пшеничка на Проскуройки
А на якії на Всенощнії
Зелене Вино до Служби Божой
На Причащаня Душ Очищаня
Пахнячій Ладан до Кадильнички');
INSERT OR REPLACE INTO songs (id,title,subtitle,lang,country,period,year,source,notes,lyrics,tags_json,lang_locked,status,created_at,updated_at) VALUES ('pisniua_680297','Звучи, рідна мово!','Слова: Дмитро Павличко','uk','ukraine_1991',NULL,NULL,NULL,NULL,'Ти зрікся мови рідної,
Тобі земля твоя родити перестане,
Зелена гілка в лузі на вербі
Від доторку твого зів''яне.

Ти зрікся мови рідної -
Ганьба тебе зустріне
На шляху вузькому,
Впаде на тебе наче сніг журба,
Її не понесеш нікому.

Ти зрікся мови рідної,
Нема тепер у тебе роду ні народу,
Чужинця шани ждатимеш - дарма,
В твій слід він кине сміх погорду,
Ти зрікся мови рідної.','["pisni.org.ua", "cat:pisni-pro-movy", "Пісні про рідну мову"]',1,'published',COALESCE((SELECT created_at FROM songs WHERE id='pisniua_680297'), datetime('now')),datetime('now'));
INSERT OR REPLACE INTO songs_fts(song_id,title,lyrics) VALUES ('pisniua_680297','Звучи, рідна мово!','Ти зрікся мови рідної,
Тобі земля твоя родити перестане,
Зелена гілка в лузі на вербі
Від доторку твого зів''яне.

Ти зрікся мови рідної -
Ганьба тебе зустріне
На шляху вузькому,
Впаде на тебе наче сніг журба,
Її не понесеш нікому.

Ти зрікся мови рідної,
Нема тепер у тебе роду ні народу,
Чужинця шани ждатимеш - дарма,
В твій слід він кине сміх погорду,
Ти зрікся мови рідної.');
INSERT OR REPLACE INTO songs (id,title,subtitle,lang,country,period,year,source,notes,lyrics,tags_json,lang_locked,status,created_at,updated_at) VALUES ('pisniua_678042','Христос Воскрес','Музика: Тарас Курчик Слова: Н. Курян. Виконує: Тарас Курчик','uk','ukraine_1991',NULL,NULL,'аудіозапис',NULL,'Славимо всі,
Тебе Ісусе,
Завжди славимо... | (3)

День новий настає,
Силу й радість дає.
З Днем народження, День -
Світло нищить пітьму.
І ми знаєм тому,
І ми знаєм тому:
За велінням із небес
Сталось чудо із чудес.

Приспів:
Христос Воскрес, |
Христос Воскрес. | (2)

В Нім складне і просте,
Він у всьому росте,
Богу дякуєм ми
За щасливе буття,
За любов до життя
Від весни до весни.
За велінням із небес
Сталось чудо із чудес.

Приспів. (2)','["pisni.org.ua", "cat:cerkovni", "cat:voskresni", "Церковні пісні", "Воскресні пісні"]',1,'published',COALESCE((SELECT created_at FROM songs WHERE id='pisniua_678042'), datetime('now')),datetime('now'));
INSERT OR REPLACE INTO songs_fts(song_id,title,lyrics) VALUES ('pisniua_678042','Христос Воскрес','Славимо всі,
Тебе Ісусе,
Завжди славимо... | (3)

День новий настає,
Силу й радість дає.
З Днем народження, День -
Світло нищить пітьму.
І ми знаєм тому,
І ми знаєм тому:
За велінням із небес
Сталось чудо із чудес.

Приспів:
Христос Воскрес, |
Христос Воскрес. | (2)

В Нім складне і просте,
Він у всьому росте,
Богу дякуєм ми
За щасливе буття,
За любов до життя
Від весни до весни.
За велінням із небес
Сталось чудо із чудес.

Приспів. (2)');
INSERT OR REPLACE INTO songs (id,title,subtitle,lang,country,period,year,source,notes,lyrics,tags_json,lang_locked,status,created_at,updated_at) VALUES ('pisniua_681042','Любов останньою ніколи не буває','Музика: Микола Мозговий Слова: Микола Кликовка. Виконує: Ольга Макаренко','uk','ukraine_before_1917',NULL,NULL,NULL,NULL,'Тебе нема, нема тепла,
І день за два в журбі минає,
Коли тебе у снах нема
Я, прокидаючись, згораю...
Мовчить у промені струна,
Душа не споминах не грає...
Я, залишаючись одна,
Без тебе долю не признаю...

Приспів:
Пробач за сльози, що пекучими були,
Коли за чварами нас доля обіймала,
Пробач за весни, що для тебе не цвіли,
І не карай за те, що боляче кохала...
Веди мене через життя, як через храм,
Де пам''ять молодість закоханим вертає.
Не знаю хто, але так праведно сказав:
Любов останньою ніколи не буває!..

Як серце в роздумах болить
Ніхто за мене не відчує,
І тільки мить, щаслива мить,
Недолі рану залікує.
Мовчить у промені струна,
Душа не споминах не грає...
Я, залишаючись одна,
Без тебе долю не признаю...

Приспів.','["pisni.org.ua", "cat:lirychni", "Пісні про кохання, ліричні"]',1,'published',COALESCE((SELECT created_at FROM songs WHERE id='pisniua_681042'), datetime('now')),datetime('now'));
INSERT OR REPLACE INTO songs_fts(song_id,title,lyrics) VALUES ('pisniua_681042','Любов останньою ніколи не буває','Тебе нема, нема тепла,
І день за два в журбі минає,
Коли тебе у снах нема
Я, прокидаючись, згораю...
Мовчить у промені струна,
Душа не споминах не грає...
Я, залишаючись одна,
Без тебе долю не признаю...

Приспів:
Пробач за сльози, що пекучими були,
Коли за чварами нас доля обіймала,
Пробач за весни, що для тебе не цвіли,
І не карай за те, що боляче кохала...
Веди мене через життя, як через храм,
Де пам''ять молодість закоханим вертає.
Не знаю хто, але так праведно сказав:
Любов останньою ніколи не буває!..

Як серце в роздумах болить
Ніхто за мене не відчує,
І тільки мить, щаслива мить,
Недолі рану залікує.
Мовчить у промені струна,
Душа не споминах не грає...
Я, залишаючись одна,
Без тебе долю не признаю...

Приспів.');
INSERT OR REPLACE INTO song_links (id,song_id,title,url,kind,version_id,sort_order) VALUES ('pisniua_681042_l1','pisniua_681042','YouTube','https://www.youtube.com/watch?v=fTWuKmJnAXQ','video',NULL,1);
INSERT OR REPLACE INTO song_links (id,song_id,title,url,kind,version_id,sort_order) VALUES ('pisniua_681042_l2','pisniua_681042','YouTube','https://www.youtube.com/watch?v=6o-af8BPPd0','video',NULL,2);
INSERT OR REPLACE INTO song_links (id,song_id,title,url,kind,version_id,sort_order) VALUES ('pisniua_681042_l3','pisniua_681042','YouTube','https://www.youtube.com/watch?v=fsRIqPrwn3k','video',NULL,3);
INSERT OR REPLACE INTO song_links (id,song_id,title,url,kind,version_id,sort_order) VALUES ('pisniua_681042_l4','pisniua_681042','YouTube','https://www.youtube.com/watch?v=0vm2ILNnthQ','video',NULL,4);
INSERT OR REPLACE INTO song_links (id,song_id,title,url,kind,version_id,sort_order) VALUES ('pisniua_681042_l5','pisniua_681042','YouTube','https://www.youtube.com/watch?v=qlhKZaqAJ3c','video',NULL,5);
INSERT OR REPLACE INTO song_links (id,song_id,title,url,kind,version_id,sort_order) VALUES ('pisniua_681042_l6','pisniua_681042','YouTube','https://www.youtube.com/watch?v=BqOFwYeAMHQ','video',NULL,6);
INSERT OR REPLACE INTO songs (id,title,subtitle,lang,country,period,year,source,notes,lyrics,tags_json,lang_locked,status,created_at,updated_at) VALUES ('pisniua_680879','Прийшла весна з квітами','Українська народна пісня','uk','ukraine_before_1917',NULL,NULL,'Записано від фольклористки Євгенії Тондій з Вінниччини',NULL,'Прийшла весна з квітами. | (2)
Зеленими вітами          | (2)
Принесла нам літечко.    | (2)
Запашнеє зіллячко.       | (2)
Соболівські парубки      | (2)
Усі грають на дудки      | (2)
Лиш Василько не грає     | (2)
Женитися думає.          | (2)','["pisni.org.ua", "cat:podilski", "cat:vesnyanky-hayivky", "Пісні з Поділля", "Веснянки та гаївки"]',1,'published',COALESCE((SELECT created_at FROM songs WHERE id='pisniua_680879'), datetime('now')),datetime('now'));
INSERT OR REPLACE INTO songs_fts(song_id,title,lyrics) VALUES ('pisniua_680879','Прийшла весна з квітами','Прийшла весна з квітами. | (2)
Зеленими вітами          | (2)
Принесла нам літечко.    | (2)
Запашнеє зіллячко.       | (2)
Соболівські парубки      | (2)
Усі грають на дудки      | (2)
Лиш Василько не грає     | (2)
Женитися думає.          | (2)');
INSERT OR REPLACE INTO songs (id,title,subtitle,lang,country,period,year,source,notes,lyrics,tags_json,lang_locked,status,created_at,updated_at) VALUES ('pisniua_672151','Шлях до Тараса','Музика: Олександр Осадчий Слова: Юрій Рибчинський. Виконує: Василь Зінкевич','uk','ukraine_1991',NULL,NULL,'аудіозапис',NULL,'В дні перемог і в дні поразок,
Щасливі дні і в дні сумні
Іду з дитинства до Тараса,
Несу думки свої земні.

Коли в душі моїй тривога,
Коли в душі пекельний щем,
Іду до нього, до живого
У всесвіт віршів і поем.

Крізь вітер злий карбую кроки
І чую серцем кожну мить,
"Реве та стогне Дніпр широкий", |
Щоб розбудити всіх, хто спить.  | (2)

Ой червона рута на чолі твоїм,
Ой крута та круча, де Тарас стоїть
Ой крута та круча, де стоїть Тарас
І крізь роки кличе, кличе, кличе нас!

Я не один іду до нього -
Ідуть до нього тисячі,
Наче грішники до Бога
Свої печалі несучи.

І доки в римах Заповіту
Вогонь поезії не згас.
Той рух до сонця не спинити
Бо зветься сонце те Тарас.

Іду крізь свята, і крізь будні,
Крізь глум юрби, і суєту
Ні не в минуле, а в майбутнє
До тебе я, Тарасе, йду','["pisni.org.ua", "cat:devoted", "Пісні присвячені окремим особам"]',1,'published',COALESCE((SELECT created_at FROM songs WHERE id='pisniua_672151'), datetime('now')),datetime('now'));
INSERT OR REPLACE INTO songs_fts(song_id,title,lyrics) VALUES ('pisniua_672151','Шлях до Тараса','В дні перемог і в дні поразок,
Щасливі дні і в дні сумні
Іду з дитинства до Тараса,
Несу думки свої земні.

Коли в душі моїй тривога,
Коли в душі пекельний щем,
Іду до нього, до живого
У всесвіт віршів і поем.

Крізь вітер злий карбую кроки
І чую серцем кожну мить,
"Реве та стогне Дніпр широкий", |
Щоб розбудити всіх, хто спить.  | (2)

Ой червона рута на чолі твоїм,
Ой крута та круча, де Тарас стоїть
Ой крута та круча, де стоїть Тарас
І крізь роки кличе, кличе, кличе нас!

Я не один іду до нього -
Ідуть до нього тисячі,
Наче грішники до Бога
Свої печалі несучи.

І доки в римах Заповіту
Вогонь поезії не згас.
Той рух до сонця не спинити
Бо зветься сонце те Тарас.

Іду крізь свята, і крізь будні,
Крізь глум юрби, і суєту
Ні не в минуле, а в майбутнє
До тебе я, Тарасе, йду');
INSERT OR REPLACE INTO song_links (id,song_id,title,url,kind,version_id,sort_order) VALUES ('pisniua_672151_l1','pisniua_672151','YouTube','https://www.youtube.com/watch?v=qj4mSYPsnf8','video',NULL,1);
INSERT OR REPLACE INTO song_links (id,song_id,title,url,kind,version_id,sort_order) VALUES ('pisniua_672151_l2','pisniua_672151','YouTube','https://www.youtube.com/watch?v=fSw74kBHVVk','video',NULL,2);
INSERT OR REPLACE INTO songs (id,title,subtitle,lang,country,period,year,source,notes,lyrics,tags_json,lang_locked,status,created_at,updated_at) VALUES ('pisniua_682075','Хлопці, алярм!','Музика: Михайло Гайворонський Слова: Юрій Назарак','uk','ukraine_before_1917',NULL,'1914','1. Великий співаник "Червоної Калини" за редакцією З. Лиська. Львів, 1937. 2. Повік не зів''яне. Стрілецькі пісні Михайла Гайворонського. Упор. В. Подуфалий. Тернопіль, 1990.','сатирична пісня написана 1914 року в Карпатах. Входила до комічної опери "Штурм на полукіпки"','Хлопці, алярм! Гей, вставаймо,
Вже найвищий час,
Наступають на три шляхи
Вороги на нас.

Най повстане Україна,
Як море заграє,
І прапор блакитно-жовтий
Вгорі засіяє.','["pisni.org.ua", "cat:strilecki", "Стрілецькі пісні"]',1,'published',COALESCE((SELECT created_at FROM songs WHERE id='pisniua_682075'), datetime('now')),datetime('now'));
INSERT OR REPLACE INTO songs_fts(song_id,title,lyrics) VALUES ('pisniua_682075','Хлопці, алярм!','Хлопці, алярм! Гей, вставаймо,
Вже найвищий час,
Наступають на три шляхи
Вороги на нас.

Най повстане Україна,
Як море заграє,
І прапор блакитно-жовтий
Вгорі засіяє.');
INSERT OR REPLACE INTO songs (id,title,subtitle,lang,country,period,year,source,notes,lyrics,tags_json,lang_locked,status,created_at,updated_at) VALUES ('pisniua_68144','Наша Марися','Українська народна пісня','uk','ukraine_before_1917',NULL,NULL,'Філарет Колесса "Шкільний співаник"',NULL,'Треба би нам, треба стільця широкого,
Бо наша Марися роду великого.

Роду великого, батька багатого,
Треба би нам, треба стільця широкого','["pisni.org.ua", "cat:vesilni", "Весільні пісні"]',1,'published',COALESCE((SELECT created_at FROM songs WHERE id='pisniua_68144'), datetime('now')),datetime('now'));
INSERT OR REPLACE INTO songs_fts(song_id,title,lyrics) VALUES ('pisniua_68144','Наша Марися','Треба би нам, треба стільця широкого,
Бо наша Марися роду великого.

Роду великого, батька багатого,
Треба би нам, треба стільця широкого');
INSERT OR REPLACE INTO songs (id,title,subtitle,lang,country,period,year,source,notes,lyrics,tags_json,lang_locked,status,created_at,updated_at) VALUES ('pisniua_6797','Ми йдем вперід','Музика: Лев Лепкий Слова: Лев Лепкий','uk','ukrainian_peoples_republic_1917_1921',NULL,NULL,'Пісневир. Молодіжний співаник. Львів 2001',NULL,'Ми йдем вперед. Над нами вітер віє,
І рідні нам вклоняються жита.
Від радости аж серце мліє.
За волю смерть нам не страшна!

Ми йдем вперед. Над нами сонце сяє.
Гармати б''ють, здригається земля.
І гордість в грудях розпирає.
За волю смерть нам не страшна!

Ми йдем вперед. Здалека чути гуки.
Гармати б''ють, і крові всюди вщерть.
Не буде більш терпінь і муки!
Вперед! - Там воля або смерть!

Дзвенять шаблі, як ясне сонце, сяють,
Гримлять пісні, аж земленька свята
Дрижить під нами дорогая.
За волю смерть нам не страшна!

Ми йдем вперед. Над нами вітер віє,
І рідні нам вклоняються жита.
Від радості аж серце мліє.
За волю смерть нам не страшна!','["pisni.org.ua", "cat:strilecki", "Стрілецькі пісні"]',1,'published',COALESCE((SELECT created_at FROM songs WHERE id='pisniua_6797'), datetime('now')),datetime('now'));
INSERT OR REPLACE INTO songs_fts(song_id,title,lyrics) VALUES ('pisniua_6797','Ми йдем вперід','Ми йдем вперед. Над нами вітер віє,
І рідні нам вклоняються жита.
Від радости аж серце мліє.
За волю смерть нам не страшна!

Ми йдем вперед. Над нами сонце сяє.
Гармати б''ють, здригається земля.
І гордість в грудях розпирає.
За волю смерть нам не страшна!

Ми йдем вперед. Здалека чути гуки.
Гармати б''ють, і крові всюди вщерть.
Не буде більш терпінь і муки!
Вперед! - Там воля або смерть!

Дзвенять шаблі, як ясне сонце, сяють,
Гримлять пісні, аж земленька свята
Дрижить під нами дорогая.
За волю смерть нам не страшна!

Ми йдем вперед. Над нами вітер віє,
І рідні нам вклоняються жита.
Від радості аж серце мліє.
За волю смерть нам не страшна!');
INSERT OR REPLACE INTO song_links (id,song_id,title,url,kind,version_id,sort_order) VALUES ('pisniua_6797_l1','pisniua_6797','Переглянути варіанти >>','https://www.pisni.org.ua/#variants','external',NULL,1);
INSERT OR REPLACE INTO songs (id,title,subtitle,lang,country,period,year,source,notes,lyrics,tags_json,lang_locked,status,created_at,updated_at) VALUES ('pisniua_673374','Сонце низенько','Українська народна пісня. Виконує: Театр пісні Джерела','uk','ukraine_before_1917',NULL,NULL,'1. надіслав Ілля Самойлов',NULL,'Сонце низенько, вечір близенько
Сонце низенько, вечір близенько     |
Спішу до тебе, моє серденько!       | (2)
Спішу до тебе, та й не застану...
Спішу до тебе, та й не застану.     |
Вийду на гору, та й плакать стану.  | (2)
Голуб, голубчик, голуб сизенький...
Голуб, голубчик, голуб сизенький,   |
Скажи, голубчик, де мій миленький.  | (2)
А твій миленький там за рікою...
А твій миленький там за рікою,      |
Склонив головку, стоїть з другою.   | (2)
А як дівчина про це почула...
А як дівчина про це почула,         |
Лягла на землю, на вік заснула.     | (2)
Ой, біжить милий мостом дліненьким...
Ой, біжить милий мостом дліненьким, |
Накрив милую платком біленьким.     | (2)
Вставай, милая, довольно спати,     |
Як ми гуляли, будем гуляти...       | (2)
Не встану, милий, гуляй з другою...
Не встану, милий, гуляй з другою,   |
Бо моє серце вже під земльою.       | (2)','["pisni.org.ua", "cat:kubanski", "cat:lirychni", "cat:narodni", "Кубанські пісні", "Пісні про кохання, ліричні", "Народні пісні"]',1,'published',COALESCE((SELECT created_at FROM songs WHERE id='pisniua_673374'), datetime('now')),datetime('now'));
INSERT OR REPLACE INTO songs_fts(song_id,title,lyrics) VALUES ('pisniua_673374','Сонце низенько','Сонце низенько, вечір близенько
Сонце низенько, вечір близенько     |
Спішу до тебе, моє серденько!       | (2)
Спішу до тебе, та й не застану...
Спішу до тебе, та й не застану.     |
Вийду на гору, та й плакать стану.  | (2)
Голуб, голубчик, голуб сизенький...
Голуб, голубчик, голуб сизенький,   |
Скажи, голубчик, де мій миленький.  | (2)
А твій миленький там за рікою...
А твій миленький там за рікою,      |
Склонив головку, стоїть з другою.   | (2)
А як дівчина про це почула...
А як дівчина про це почула,         |
Лягла на землю, на вік заснула.     | (2)
Ой, біжить милий мостом дліненьким...
Ой, біжить милий мостом дліненьким, |
Накрив милую платком біленьким.     | (2)
Вставай, милая, довольно спати,     |
Як ми гуляли, будем гуляти...       | (2)
Не встану, милий, гуляй з другою...
Не встану, милий, гуляй з другою,   |
Бо моє серце вже під земльою.       | (2)');
INSERT OR REPLACE INTO song_links (id,song_id,title,url,kind,version_id,sort_order) VALUES ('pisniua_673374_l1','pisniua_673374','YouTube','https://www.youtube.com/watch?v=5vYncLeRdG4','video',NULL,1);
INSERT OR REPLACE INTO song_links (id,song_id,title,url,kind,version_id,sort_order) VALUES ('pisniua_673374_l2','pisniua_673374','YouTube','https://www.youtube.com/watch?v=ATgA17mdteM','video',NULL,2);
INSERT OR REPLACE INTO song_links (id,song_id,title,url,kind,version_id,sort_order) VALUES ('pisniua_673374_l3','pisniua_673374','YouTube','https://www.youtube.com/watch?v=VpuGM9m7oVQ','video',NULL,3);
INSERT OR REPLACE INTO song_links (id,song_id,title,url,kind,version_id,sort_order) VALUES ('pisniua_673374_l4','pisniua_673374','YouTube','https://www.youtube.com/watch?v=EmuqyaHHdJI','video',NULL,4);
INSERT OR REPLACE INTO song_links (id,song_id,title,url,kind,version_id,sort_order) VALUES ('pisniua_673374_l5','pisniua_673374','YouTube','https://www.youtube.com/watch?v=oCSuXiCriF0','video',NULL,5);
INSERT OR REPLACE INTO songs (id,title,subtitle,lang,country,period,year,source,notes,lyrics,tags_json,lang_locked,status,created_at,updated_at) VALUES ('pisniua_682093','Ой нагнувся дуб високий','Музика: Михайло Гайворонський Слова: Микола Голубець. Виконує: Михайло Мінський','uk','ukraine_before_1917',NULL,'1914','1. "Пісні УСС на однорідний хор". Випуск 3. М.О. Гайворонський, Нью Йорк, 1936. 2. Повік не зів''яне. Стрілецькі пісні Михайла Гайворонського. Упор. В. Подуфалий. Тернопіль, 1990.','написана в 1914 році','Ой нагнувся дуб високий понад став,
Ой по тобі жаль глибокий позістав.
Жовкне, в''яне дуб високий тут, то там, |
Ти далеко, світ широкий, а я сам.      | (2)

Ой, дивлюся: дуб високий віти гне...
Чи часом тобі, кохана, жаль мене...
Листя в''яне, ворон кряче, сірі дні...  |
Кажуть люди, що ти плачеш по мені.     | (2)','["pisni.org.ua", "cat:strilecki", "Стрілецькі пісні"]',1,'published',COALESCE((SELECT created_at FROM songs WHERE id='pisniua_682093'), datetime('now')),datetime('now'));
INSERT OR REPLACE INTO songs_fts(song_id,title,lyrics) VALUES ('pisniua_682093','Ой нагнувся дуб високий','Ой нагнувся дуб високий понад став,
Ой по тобі жаль глибокий позістав.
Жовкне, в''яне дуб високий тут, то там, |
Ти далеко, світ широкий, а я сам.      | (2)

Ой, дивлюся: дуб високий віти гне...
Чи часом тобі, кохана, жаль мене...
Листя в''яне, ворон кряче, сірі дні...  |
Кажуть люди, що ти плачеш по мені.     | (2)');
INSERT OR REPLACE INTO song_links (id,song_id,title,url,kind,version_id,sort_order) VALUES ('pisniua_682093_l1','pisniua_682093','YouTube','https://www.youtube.com/watch?v=yJ0krNW70yk','video',NULL,1);
INSERT OR REPLACE INTO songs (id,title,subtitle,lang,country,period,year,source,notes,lyrics,tags_json,lang_locked,status,created_at,updated_at) VALUES ('pisniua_682050','Заспів','(Отсе тая червона калина). Музика: Михайло Гайворонський Слова: Богдан Лепкий','uk','ukr_ssr_1919_1991',NULL,'1990','1. "Пісні УСС на однорідний хор". Випуск 3. М.О. Гайворонський, Нью Йорк, 1936. 2. Повік не зів''яне. Стрілецькі пісні Михайла Гайворонського. Упор. В. Подуфалий. Тернопіль, 1990.',NULL,'Отсе тая червона калина,
Що повік не зів''яне, -
Спогадає її Україна,         |
Як із мертвих повстане.      | (2)

Буде тую калину дитина
До серденька тулити -
Хоч і чорна настала година,  |
Є чим серце кріпити.         | (2)

Будуть тую червону калину
Поза образом класти -
Хоч пропали шаблі і рушниці, |
Славі не пропасти.           | (2)','["pisni.org.ua", "cat:strilecki", "Стрілецькі пісні"]',1,'published',COALESCE((SELECT created_at FROM songs WHERE id='pisniua_682050'), datetime('now')),datetime('now'));
INSERT OR REPLACE INTO songs_fts(song_id,title,lyrics) VALUES ('pisniua_682050','Заспів','Отсе тая червона калина,
Що повік не зів''яне, -
Спогадає її Україна,         |
Як із мертвих повстане.      | (2)

Буде тую калину дитина
До серденька тулити -
Хоч і чорна настала година,  |
Є чим серце кріпити.         | (2)

Будуть тую червону калину
Поза образом класти -
Хоч пропали шаблі і рушниці, |
Славі не пропасти.           | (2)');
INSERT OR REPLACE INTO songs (id,title,subtitle,lang,country,period,year,source,notes,lyrics,tags_json,lang_locked,status,created_at,updated_at) VALUES ('pisniua_682848','Мамина пісня','Музика: Олександр Лазарєв Слова: Олександр Лазарєв. Виконує: Олександр Лазарєв','uk','ukraine_1991',NULL,'2000','1. Авторське подання','7.12.2000 Долинська','Скільки сонця і скільки ж пісень!
Всяк, хто вміє, пісні ті складає.
Але тільки про маму мою
Іще жодної пісні немає.
Як розквітне садок навесні,
Повернуся до рідної хати,
Принесу в своїм серці пісні,
Буду їх моїй мамі співати.

Приспів:
Грай, мій баян! В любу годину
Грай-вигравай на всю Україну.
Грай, мій баян, так, як ніколи:
Хай розквіта мамина доля!

Хай згадає матуся моя
Про село і про батьківську хату,
Хай згадає велику сім''ю,
На добро і на пісню багату.
Голод-холод, війна промайне,
Там пройдуть її кращії роки,
Там вона своє щастя знайде
І кохання, як небо, високе.

Приспів.

Прожила вона з батьком в добрі.
Все по-людськи, до діла, робила,
Українські народні пісні
Більше всього співати любила.
Як приїдуть куми на свята
Та почнуть усі разом співати -
Перехоплює дух, що й казать,
Од пісень "розривається" хата.

Приспів.

Пролетіли, мов коні, літа,
Знов цвіте буйним квітом калина,
І у мами душа розквіта,
І радіє весні, як дитина.
Всім вгодить моя ненька свята,
Всіх зігріє, дасть їсти і пити,
Хоч вже й старість в вікно загляда,
І немає з ким долю ділити.

Приспів','["pisni.org.ua", "cat:bardivski", "Бардівські пісні"]',1,'published',COALESCE((SELECT created_at FROM songs WHERE id='pisniua_682848'), datetime('now')),datetime('now'));
INSERT OR REPLACE INTO songs_fts(song_id,title,lyrics) VALUES ('pisniua_682848','Мамина пісня','Скільки сонця і скільки ж пісень!
Всяк, хто вміє, пісні ті складає.
Але тільки про маму мою
Іще жодної пісні немає.
Як розквітне садок навесні,
Повернуся до рідної хати,
Принесу в своїм серці пісні,
Буду їх моїй мамі співати.

Приспів:
Грай, мій баян! В любу годину
Грай-вигравай на всю Україну.
Грай, мій баян, так, як ніколи:
Хай розквіта мамина доля!

Хай згадає матуся моя
Про село і про батьківську хату,
Хай згадає велику сім''ю,
На добро і на пісню багату.
Голод-холод, війна промайне,
Там пройдуть її кращії роки,
Там вона своє щастя знайде
І кохання, як небо, високе.

Приспів.

Прожила вона з батьком в добрі.
Все по-людськи, до діла, робила,
Українські народні пісні
Більше всього співати любила.
Як приїдуть куми на свята
Та почнуть усі разом співати -
Перехоплює дух, що й казать,
Од пісень "розривається" хата.

Приспів.

Пролетіли, мов коні, літа,
Знов цвіте буйним квітом калина,
І у мами душа розквіта,
І радіє весні, як дитина.
Всім вгодить моя ненька свята,
Всіх зігріє, дасть їсти і пити,
Хоч вже й старість в вікно загляда,
І немає з ким долю ділити.

Приспів');
INSERT OR REPLACE INTO songs (id,title,subtitle,lang,country,period,year,source,notes,lyrics,tags_json,lang_locked,status,created_at,updated_at) VALUES ('pisniua_67848','За поляном чорна роля','Українська народна пісня','uk','ukraine_before_1917',NULL,NULL,'З репертуару одного львівського лемківського хору.','Три останні рядки – двічі. Акорди надав Taras Hryvul.','За поляном чорна роля,
Я єй орав не буду.
За поляном чорна роля,
Я єй орав не буду.
D
Сяду собі на коника,
Сяду собі на коника,
Та й на війну поїду.

Я на війну, з війни домів,
А ти ся не видала.
Повідж же мі, моя мила,
На кого ти чекала.

Чекала я, мій миленький,
Чекала я на тебе,
Же як ти ся з війни вернеш,
То мя возьмеш до себе.

Тот перстеник, што-с мі дала,
Я го носив не буду.
Шмарю я го в бистру воду,
Зас на війну поїду.

Тоту хустку що-с мі дала,
За онучки-м собі взяв,
Жеби-с собі не думала,
Же я тебе в серцю мам.','["pisni.org.ua", "cat:lemkivski", "cat:rekrutski", "Лемківські пісні", "Рекрутські пісні"]',1,'published',COALESCE((SELECT created_at FROM songs WHERE id='pisniua_67848'), datetime('now')),datetime('now'));
INSERT OR REPLACE INTO songs_fts(song_id,title,lyrics) VALUES ('pisniua_67848','За поляном чорна роля','За поляном чорна роля,
Я єй орав не буду.
За поляном чорна роля,
Я єй орав не буду.
D
Сяду собі на коника,
Сяду собі на коника,
Та й на війну поїду.

Я на війну, з війни домів,
А ти ся не видала.
Повідж же мі, моя мила,
На кого ти чекала.

Чекала я, мій миленький,
Чекала я на тебе,
Же як ти ся з війни вернеш,
То мя возьмеш до себе.

Тот перстеник, што-с мі дала,
Я го носив не буду.
Шмарю я го в бистру воду,
Зас на війну поїду.

Тоту хустку що-с мі дала,
За онучки-м собі взяв,
Жеби-с собі не думала,
Же я тебе в серцю мам.');
INSERT OR REPLACE INTO songs (id,title,subtitle,lang,country,period,year,source,notes,lyrics,tags_json,lang_locked,status,created_at,updated_at) VALUES ('pisniua_683858','Вдаряй мечем!','Музика: Роман Купчинський Слова: Роман Купчинський','uk','ukr_ssr_1919_1991',NULL,'1990','Стрілецькі пісні Романа Купчинського "Як з бережан да кадри", Тернопіль. 1990 р.','Пісню співали під час обряду посвяти у лицарі','Вдаряй мечем,
Вдаряй, вдаряй,
Великий Комтуре Закона,
Щоб з нього честь
Була для нас,
А для Вкраїни оборона!','["pisni.org.ua", "cat:strilecki", "Стрілецькі пісні"]',1,'published',COALESCE((SELECT created_at FROM songs WHERE id='pisniua_683858'), datetime('now')),datetime('now'));
INSERT OR REPLACE INTO songs_fts(song_id,title,lyrics) VALUES ('pisniua_683858','Вдаряй мечем!','Вдаряй мечем,
Вдаряй, вдаряй,
Великий Комтуре Закона,
Щоб з нього честь
Була для нас,
А для Вкраїни оборона!');
INSERT OR REPLACE INTO songs (id,title,subtitle,lang,country,period,year,source,notes,lyrics,tags_json,lang_locked,status,created_at,updated_at) VALUES ('pisniua_682991','Пливи світами','Слова: о. Й. Кишакевич','uk','ukraine_1991',NULL,NULL,'http://upyu.plastscouting.org/spivanyk',NULL,'Пливи світами, пісне любови!
Хай звук Твій громом сотень гуде,
На нас спливає щастя чудове:        |
Сам Христос Господь у славі йде.    | (2)

В малій хатині в малім кивоті,
Гостить безмежне щастя, любов.
Сам Христос Господь, що на Голготі, |
За гріхи світу дав в жертві кров.   | (2)

О, Пресвятая Тайно любови!
Перед Тобою мудрість німа.
В час святой жертви Тіла і Крови,   |
Хай за нас мовить віра тверда.      | (2)

Хай за нас мовить і серце чисте,
Каяння, сльози в наших очах.
Витай між нами, Спасе наш, Христе,  |
Всесильний Боже, чудний в ділах.    | (2)    комп''ютерне відтворення (128 kbps)  (','["pisni.org.ua", "cat:cerkovni", "cat:christian", "Церковні пісні", "Пісні на християнську тематику"]',1,'published',COALESCE((SELECT created_at FROM songs WHERE id='pisniua_682991'), datetime('now')),datetime('now'));
INSERT OR REPLACE INTO songs_fts(song_id,title,lyrics) VALUES ('pisniua_682991','Пливи світами','Пливи світами, пісне любови!
Хай звук Твій громом сотень гуде,
На нас спливає щастя чудове:        |
Сам Христос Господь у славі йде.    | (2)

В малій хатині в малім кивоті,
Гостить безмежне щастя, любов.
Сам Христос Господь, що на Голготі, |
За гріхи світу дав в жертві кров.   | (2)

О, Пресвятая Тайно любови!
Перед Тобою мудрість німа.
В час святой жертви Тіла і Крови,   |
Хай за нас мовить віра тверда.      | (2)

Хай за нас мовить і серце чисте,
Каяння, сльози в наших очах.
Витай між нами, Спасе наш, Христе,  |
Всесильний Боже, чудний в ділах.    | (2)    комп''ютерне відтворення (128 kbps)  (');
INSERT OR REPLACE INTO songs (id,title,subtitle,lang,country,period,year,source,notes,lyrics,tags_json,lang_locked,status,created_at,updated_at) VALUES ('pisniua_683879','Як стрільці йшли з України','Музика: Роман Купчинський Слова: Роман Купчинський','uk','ukrainian_peoples_republic_1917_1921',NULL,'1918','Стрілецькі пісні Романа Купчинського "Як з бережан да кадри", упор. В.Подуфалий, Тернопіль. 1990 р.','Написано в Чернівцях, куди переїхали УСС в жовтні 1918 року','Як стрільці йшли з України,
То сльози тремтіли в очах,
Бо кожен кидав дівчину
На тих широких, на тих розлогих степах.

Розвіялись мрії рожевії,
Мрії мої, ах, мої.
А спомин про хвилі давнії, давнії,
Остався мені, остався мені.

В городі Єлизавети
Тужили дівчата в той день.
І нило серце з розпуки,
І чах у грудях, і чах в очах огень.

Розвіялись мрії рожевії,
Мрії мої, ах, мої.
А спомин про хвилі давнії, давнії,
Остався мені, остався мені.

Поїзд помчався стрілою
На призабутий запад,
А тільки пісня крилата
З димом була, з димом верталась назад.

Розвіялись мрії рожевії,
Мрії мої, ах, мої.
А спомин про хвилі давнії, давнії,
Остався мені, остався мені.','["pisni.org.ua", "cat:strilecki", "Стрілецькі пісні"]',1,'published',COALESCE((SELECT created_at FROM songs WHERE id='pisniua_683879'), datetime('now')),datetime('now'));
INSERT OR REPLACE INTO songs_fts(song_id,title,lyrics) VALUES ('pisniua_683879','Як стрільці йшли з України','Як стрільці йшли з України,
То сльози тремтіли в очах,
Бо кожен кидав дівчину
На тих широких, на тих розлогих степах.

Розвіялись мрії рожевії,
Мрії мої, ах, мої.
А спомин про хвилі давнії, давнії,
Остався мені, остався мені.

В городі Єлизавети
Тужили дівчата в той день.
І нило серце з розпуки,
І чах у грудях, і чах в очах огень.

Розвіялись мрії рожевії,
Мрії мої, ах, мої.
А спомин про хвилі давнії, давнії,
Остався мені, остався мені.

Поїзд помчався стрілою
На призабутий запад,
А тільки пісня крилата
З димом була, з димом верталась назад.

Розвіялись мрії рожевії,
Мрії мої, ах, мої.
А спомин про хвилі давнії, давнії,
Остався мені, остався мені.');
INSERT OR REPLACE INTO songs (id,title,subtitle,lang,country,period,year,source,notes,lyrics,tags_json,lang_locked,status,created_at,updated_at) VALUES ('pisniua_68297','Запроси мене у сни','Музика: Володимир Івасюк Слова: Богдан Стельмах. Виконує: Назарій Яремчук, Софія Ротару, Нічлава Блюз','uk','ukraine_before_1917',NULL,NULL,'1. http://ivasyuk.domivka.net/ 2. Аідіо-CD "Тарас Чубай та друзі. Наш Івасюк" (2002)','Акорди записано на слух за джерелом 2, подано спрощено. Тональність оригінальна. * Тут у джерелі 2: 1 строфа співається двічі. Підбір акордів: bohdanko (pisni.org.ua)','Йдуть літа — то не біда,
Тільки іноді шкода,
Що в мереживі доріг
Я знайти тебе не зміг. *
Приспів:
Запроси мене у сни свої,
В ті, що досі не збулись.
Запроси мене у сни свої,
F
В ті, що збудуться колись.
В ті, що збудуться колись.
Запроси мене у сни свої,
Хоч на мить, та запроси...
Запроси мене у сни свої,
Тугу в серці погаси.
Тугу в серці погаси.
Тугу в серці погаси.
Сніг на скронях — не печаль,
Та не раз проймає жаль,
Що я в плині днів не зміг
Розтопить в душі той сніг.
Приспів.','["pisni.org.ua", "cat:lirychni", "Пісні про кохання, ліричні"]',1,'published',COALESCE((SELECT created_at FROM songs WHERE id='pisniua_68297'), datetime('now')),datetime('now'));
INSERT OR REPLACE INTO songs_fts(song_id,title,lyrics) VALUES ('pisniua_68297','Запроси мене у сни','Йдуть літа — то не біда,
Тільки іноді шкода,
Що в мереживі доріг
Я знайти тебе не зміг. *
Приспів:
Запроси мене у сни свої,
В ті, що досі не збулись.
Запроси мене у сни свої,
F
В ті, що збудуться колись.
В ті, що збудуться колись.
Запроси мене у сни свої,
Хоч на мить, та запроси...
Запроси мене у сни свої,
Тугу в серці погаси.
Тугу в серці погаси.
Тугу в серці погаси.
Сніг на скронях — не печаль,
Та не раз проймає жаль,
Що я в плині днів не зміг
Розтопить в душі той сніг.
Приспів.');
INSERT OR REPLACE INTO song_links (id,song_id,title,url,kind,version_id,sort_order) VALUES ('pisniua_68297_l1','pisniua_68297','YouTube','https://www.youtube.com/watch?v=Nu4LQkWQtc4','video',NULL,1);
INSERT OR REPLACE INTO song_links (id,song_id,title,url,kind,version_id,sort_order) VALUES ('pisniua_68297_l2','pisniua_68297','YouTube','https://www.youtube.com/watch?v=ItCVpb19_fA','video',NULL,2);
INSERT OR REPLACE INTO song_links (id,song_id,title,url,kind,version_id,sort_order) VALUES ('pisniua_68297_l3','pisniua_68297','YouTube','https://www.youtube.com/watch?v=YYl-cGIxd3U','video',NULL,3);
INSERT OR REPLACE INTO song_links (id,song_id,title,url,kind,version_id,sort_order) VALUES ('pisniua_68297_l4','pisniua_68297','YouTube','https://www.youtube.com/watch?v=fJNEPujgWH0','video',NULL,4);
INSERT OR REPLACE INTO song_links (id,song_id,title,url,kind,version_id,sort_order) VALUES ('pisniua_68297_l5','pisniua_68297','YouTube','https://www.youtube.com/watch?v=SEbjZgCOvKI','video',NULL,5);
INSERT OR REPLACE INTO songs (id,title,subtitle,lang,country,period,year,source,notes,lyrics,tags_json,lang_locked,status,created_at,updated_at) VALUES ('pisniua_682246','Ой три шляхи широкії','Слова: Тарас Шевченко','uk','ukraine_before_1917',NULL,'1847','Кобзар','написано між 17 квітня і 19 травня 1847 року в Санкт-Петербурзі','Ой три шляхи широкії
Докупи зійшлися.
На чужину з України
Брати розійшлися.

Покинули стару матір.
Той жінку покинув,
А той сестру. А найменший
Молоду дівчину.

Посадила стара мати
Три ясени в полі.
А невістка посадила
Високу тополю.

Три явори посадила
Сестра при долині...
А дівчина заручена -
Червону калину.

Не прийнялись три ясени,
Тополя всихала,
Повсихали три явори,
Калина зов''яла.

Не вертаються три брати.
Плаче стара мати,
Плаче жінка з діточками
В нетопленій хаті.

Сестра плаче, йде шукати
Братів на чужину...
А дівчину заручену
Кладуть в домовину.

Не вертаються три брати,
По світу блукають,
А три шляхи широкії
Терном заростають.','["pisni.org.ua", "cat:socialno-pobutovi", "Соціально-побутові пісні"]',1,'published',COALESCE((SELECT created_at FROM songs WHERE id='pisniua_682246'), datetime('now')),datetime('now'));
INSERT OR REPLACE INTO songs_fts(song_id,title,lyrics) VALUES ('pisniua_682246','Ой три шляхи широкії','Ой три шляхи широкії
Докупи зійшлися.
На чужину з України
Брати розійшлися.

Покинули стару матір.
Той жінку покинув,
А той сестру. А найменший
Молоду дівчину.

Посадила стара мати
Три ясени в полі.
А невістка посадила
Високу тополю.

Три явори посадила
Сестра при долині...
А дівчина заручена -
Червону калину.

Не прийнялись три ясени,
Тополя всихала,
Повсихали три явори,
Калина зов''яла.

Не вертаються три брати.
Плаче стара мати,
Плаче жінка з діточками
В нетопленій хаті.

Сестра плаче, йде шукати
Братів на чужину...
А дівчину заручену
Кладуть в домовину.

Не вертаються три брати,
По світу блукають,
А три шляхи широкії
Терном заростають.');
INSERT OR REPLACE INTO songs (id,title,subtitle,lang,country,period,year,source,notes,lyrics,tags_json,lang_locked,status,created_at,updated_at) VALUES ('pisniua_684454','Ой, зійшла зоря вечеровая','Українська народна пісня. Виконує: Василь Жданкін','uk','ukraine_before_1917',NULL,NULL,'Український народний співаник, Мюнхен, 1946 р.','текст, котрий виконує Василь Жданкін, дещо відмінний від наведеного!','Ой, зійшла зоря вечеровая,
Над Почаївом стала,
Виступало турецькеє військо,
Як та чорна хмара.

Турки з татарами брами облягали,
Манастир звоювали,
Мати Божа Почаївськая
Буде нас рятувати.

Отець Заліло з келії вийшов,
Та слізьми умліває:
"Ой, рятуй, рятуй, Божая Мати,
Манастир загибає".

Ой, вийшла, вийшла, Божая Мати,
На хресті вона стала,
Кулі вертала, турків вбивала,
Манастир врятувала.

А ми люди всі, христіяни,
До Бога всі вдаряймо,
Матері Божій, Почаївській
Поклін всі віддаймо!','["pisni.org.ua", "cat:istorychni", "Історичні пісні"]',1,'published',COALESCE((SELECT created_at FROM songs WHERE id='pisniua_684454'), datetime('now')),datetime('now'));
INSERT OR REPLACE INTO songs_fts(song_id,title,lyrics) VALUES ('pisniua_684454','Ой, зійшла зоря вечеровая','Ой, зійшла зоря вечеровая,
Над Почаївом стала,
Виступало турецькеє військо,
Як та чорна хмара.

Турки з татарами брами облягали,
Манастир звоювали,
Мати Божа Почаївськая
Буде нас рятувати.

Отець Заліло з келії вийшов,
Та слізьми умліває:
"Ой, рятуй, рятуй, Божая Мати,
Манастир загибає".

Ой, вийшла, вийшла, Божая Мати,
На хресті вона стала,
Кулі вертала, турків вбивала,
Манастир врятувала.

А ми люди всі, христіяни,
До Бога всі вдаряймо,
Матері Божій, Почаївській
Поклін всі віддаймо!');
INSERT OR REPLACE INTO song_links (id,song_id,title,url,kind,version_id,sort_order) VALUES ('pisniua_684454_l1','pisniua_684454','YouTube','https://www.youtube.com/watch?v=rgJ2Me5a8kQ','video',NULL,1);
INSERT OR REPLACE INTO song_links (id,song_id,title,url,kind,version_id,sort_order) VALUES ('pisniua_684454_l2','pisniua_684454','YouTube','https://www.youtube.com/watch?v=mu857Knwen4','video',NULL,2);
INSERT OR REPLACE INTO song_links (id,song_id,title,url,kind,version_id,sort_order) VALUES ('pisniua_684454_l3','pisniua_684454','Переглянути варіанти >>','https://www.pisni.org.ua/#variants','external',NULL,3);
INSERT OR REPLACE INTO songs (id,title,subtitle,lang,country,period,year,source,notes,lyrics,tags_json,lang_locked,status,created_at,updated_at) VALUES ('pisniua_685848','Коли прийде рокувати','Музика: народна Слова: народ. Виконує: Чорні черешні','uk','ukraine_before_1917',NULL,NULL,'аудіозапис',NULL,'Коли прийде рокувати
Стануть ми ся сльози лляти
Чорні брива, карі очі,     |
Кучеряві мої ночі,         |
Кучеряві мої ночі.         | (2)

Кучеряві гори й доли,
Кучерява, моя доле,
Чи то нічка, чи то днинка? |
Любка моя молоденька,      |
Любко-рибко солоденька.    | (2)

Я тя буду споминати,
Тому буду ся втішати,
Бо як прийду, одрокую,     |
Біле личко поцілую,        |
Біле личко поцілую.        | (2)

Машинонька заки лише,
Серця моє ту ся лише,
Наші серця, наші душі,     |
Най ся нігде не порушать,  |
Най ся нігде не порушать.  | (2)

Ой вийдеме на дорогу
Та помолимося Богу:
"Господичку наш ласкавий,  |
Одведи нас від лукавих,    |
Одведи нас від лукавих."   | (2)','["pisni.org.ua", "cat:rekrutski", "Рекрутські пісні"]',1,'published',COALESCE((SELECT created_at FROM songs WHERE id='pisniua_685848'), datetime('now')),datetime('now'));
INSERT OR REPLACE INTO songs_fts(song_id,title,lyrics) VALUES ('pisniua_685848','Коли прийде рокувати','Коли прийде рокувати
Стануть ми ся сльози лляти
Чорні брива, карі очі,     |
Кучеряві мої ночі,         |
Кучеряві мої ночі.         | (2)

Кучеряві гори й доли,
Кучерява, моя доле,
Чи то нічка, чи то днинка? |
Любка моя молоденька,      |
Любко-рибко солоденька.    | (2)

Я тя буду споминати,
Тому буду ся втішати,
Бо як прийду, одрокую,     |
Біле личко поцілую,        |
Біле личко поцілую.        | (2)

Машинонька заки лише,
Серця моє ту ся лише,
Наші серця, наші душі,     |
Най ся нігде не порушать,  |
Най ся нігде не порушать.  | (2)

Ой вийдеме на дорогу
Та помолимося Богу:
"Господичку наш ласкавий,  |
Одведи нас від лукавих,    |
Одведи нас від лукавих."   | (2)');
INSERT OR REPLACE INTO songs (id,title,subtitle,lang,country,period,year,source,notes,lyrics,tags_json,lang_locked,status,created_at,updated_at) VALUES ('pisniua_684477','Ой, зза гори чорна хмара встала','Музика: народ Слова: народ','uk','ukraine_1991',NULL,NULL,'Український народний співаник, Мюнхен, 1946 р.',NULL,'Ой, зза гори чорна хмара встала,
Тож не хмара, - молоді гусари.

Тож не хмара, - молоді гусари...
Попереду їдуть генерали.

Попереду їдуть генерали,
А за ними б''ють у барабани.

А за ними б''ють у барабани:
"Не журіться, молоді гусари!"

"Ой, як же нам, братці, не журитися, -
Посилає за Дунай цариця!

За Дунаєм тяжко-важко жити:
Там не дають ні їсти, ні пити.

Там не дають ні їсти, ні пити,
Заставляють роботу робити.

Заставляють роботу робити -
Тесаками сиру землю бити.

Шабельками канави копати...
Ой, тут же нам, братці, помирати!..

Ой, тут же нам, братці, помирати, -
Не знатиме ні батько, ні мати!"','["pisni.org.ua", "cat:istorychni", "Історичні пісні"]',1,'published',COALESCE((SELECT created_at FROM songs WHERE id='pisniua_684477'), datetime('now')),datetime('now'));
INSERT OR REPLACE INTO songs_fts(song_id,title,lyrics) VALUES ('pisniua_684477','Ой, зза гори чорна хмара встала','Ой, зза гори чорна хмара встала,
Тож не хмара, - молоді гусари.

Тож не хмара, - молоді гусари...
Попереду їдуть генерали.

Попереду їдуть генерали,
А за ними б''ють у барабани.

А за ними б''ють у барабани:
"Не журіться, молоді гусари!"

"Ой, як же нам, братці, не журитися, -
Посилає за Дунай цариця!

За Дунаєм тяжко-важко жити:
Там не дають ні їсти, ні пити.

Там не дають ні їсти, ні пити,
Заставляють роботу робити.

Заставляють роботу робити -
Тесаками сиру землю бити.

Шабельками канави копати...
Ой, тут же нам, братці, помирати!..

Ой, тут же нам, братці, помирати, -
Не знатиме ні батько, ні мати!"');
INSERT OR REPLACE INTO song_links (id,song_id,title,url,kind,version_id,sort_order) VALUES ('pisniua_684477_l1','pisniua_684477','Переглянути варіанти >>','https://www.pisni.org.ua/#variants','external',NULL,1);
INSERT OR REPLACE INTO songs (id,title,subtitle,lang,country,period,year,source,notes,lyrics,tags_json,lang_locked,status,created_at,updated_at) VALUES ('pisniua_681776','Весільна пісня (батька)','Українська народна пісня','uk','ukraine_before_1917',NULL,NULL,'аудіозапис','Цю пісню на весіллі виконує батько нареченої.','Пісня зачалась,
Я дивлюсь на тебе,
Ангелю, білим зіткана...
Дай ми ручку, доню моя,
Потанцюємо разом
На твій весільний день.

Але як скоро
Цей часок минає,
Рік за роком летить.
Ти була маленька моя,
Може мала зо два рочки,
Я тебе на руках носив.

Але ся крутять
Ті спомини про тебе,
Сльози в очах, то веселі!..
Чи ти пам''ятаєш, доню,
Як до церкви ми ходили
В неділю раненько?

З маленьких зернок
Виросли два квіти:
Нове життя починайте,
Жийте з Богом, діти мої,
Щастя я вам бажаю
На ваш весільний день!    Гурт "3v1", аматорський запис','["pisni.org.ua", "cat:vesilni", "Весільні пісні"]',1,'published',COALESCE((SELECT created_at FROM songs WHERE id='pisniua_681776'), datetime('now')),datetime('now'));
INSERT OR REPLACE INTO songs_fts(song_id,title,lyrics) VALUES ('pisniua_681776','Весільна пісня (батька)','Пісня зачалась,
Я дивлюсь на тебе,
Ангелю, білим зіткана...
Дай ми ручку, доню моя,
Потанцюємо разом
На твій весільний день.

Але як скоро
Цей часок минає,
Рік за роком летить.
Ти була маленька моя,
Може мала зо два рочки,
Я тебе на руках носив.

Але ся крутять
Ті спомини про тебе,
Сльози в очах, то веселі!..
Чи ти пам''ятаєш, доню,
Як до церкви ми ходили
В неділю раненько?

З маленьких зернок
Виросли два квіти:
Нове життя починайте,
Жийте з Богом, діти мої,
Щастя я вам бажаю
На ваш весільний день!    Гурт "3v1", аматорський запис');
INSERT OR REPLACE INTO song_links (id,song_id,title,url,kind,version_id,sort_order) VALUES ('pisniua_681776_l1','pisniua_681776','Переглянути варіанти >>','https://www.pisni.org.ua/#variants','external',NULL,1);
INSERT OR REPLACE INTO songs (id,title,subtitle,lang,country,period,year,source,notes,lyrics,tags_json,lang_locked,status,created_at,updated_at) VALUES ('pisniua_682959','У радісну пору','Українська народна пісня','uk','ukraine_before_1917',NULL,NULL,'1. http://upyu.plastscouting.org/spivanyk',NULL,'У радісну пору, у зустрічі день
Із даля, з полудня, з півночі
Ідуть пластуни і співають пісень,
А вітер їх стяги лопоче.

Гей, Друзі і Подруги, станьмо в ряди,
Наша пісня пролине ланами,
Щоб з нами співали гаї і сади,
А прапор, як сонце над нами.

Ми віримо в правду, красу і добро,
І серцем до рідного ближні,
Любов свою ми Україні дамо,
Далекій бажаній Вітчизні.

Гей, Друже і Подруго, руку подай,
Веселий танок заведімо!
І радощі наші та юности май
З собою у мандри берімо!

Гартуймо змаганням юнацький наш дух
Готуймось на слушну годину -
У люту добу світових завірюх
Відстояти рідну країну.

Гей, Друже і Подруго, в коло ставай
І ватру до хмар запалімо,
Хай полум''ям ясним освітить весь край,
Щоб кожному в серці горіло!

Привіт Україні крізь сині моря,
Крізь гори, ліси і тумани.
Ми віримо: зійде над нею зоря
І день її волі настане.

Гей, Друзі і Подруги, стяг піднесім,
А вітер із рідного краю
Хай буйно розвіє й лопоче у нім -
Це рідна земля нас вітає!','["pisni.org.ua", "cat:plastovi", "Пластові пісні"]',1,'published',COALESCE((SELECT created_at FROM songs WHERE id='pisniua_682959'), datetime('now')),datetime('now'));
INSERT OR REPLACE INTO songs_fts(song_id,title,lyrics) VALUES ('pisniua_682959','У радісну пору','У радісну пору, у зустрічі день
Із даля, з полудня, з півночі
Ідуть пластуни і співають пісень,
А вітер їх стяги лопоче.

Гей, Друзі і Подруги, станьмо в ряди,
Наша пісня пролине ланами,
Щоб з нами співали гаї і сади,
А прапор, як сонце над нами.

Ми віримо в правду, красу і добро,
І серцем до рідного ближні,
Любов свою ми Україні дамо,
Далекій бажаній Вітчизні.

Гей, Друже і Подруго, руку подай,
Веселий танок заведімо!
І радощі наші та юности май
З собою у мандри берімо!

Гартуймо змаганням юнацький наш дух
Готуймось на слушну годину -
У люту добу світових завірюх
Відстояти рідну країну.

Гей, Друже і Подруго, в коло ставай
І ватру до хмар запалімо,
Хай полум''ям ясним освітить весь край,
Щоб кожному в серці горіло!

Привіт Україні крізь сині моря,
Крізь гори, ліси і тумани.
Ми віримо: зійде над нею зоря
І день її волі настане.

Гей, Друзі і Подруги, стяг піднесім,
А вітер із рідного краю
Хай буйно розвіє й лопоче у нім -
Це рідна земля нас вітає!');
INSERT OR REPLACE INTO songs (id,title,subtitle,lang,country,period,year,source,notes,lyrics,tags_json,lang_locked,status,created_at,updated_at) VALUES ('pisniua_687151','Хай живе Великий Комтур наш','Музика: Роман Купчинський Слова: Роман Купчинський','uk','ukraine_1991',NULL,NULL,'аудіозапис','Пісня ОЗО','Хай живе
Великий Комтур наш!
Ми добра,
Добра йому бажаєм!

І в піснях
Його все величаєм!
Хай живе
Великий Комтур наш!','["pisni.org.ua", "cat:plastovi", "Пластові пісні"]',1,'published',COALESCE((SELECT created_at FROM songs WHERE id='pisniua_687151'), datetime('now')),datetime('now'));
INSERT OR REPLACE INTO songs_fts(song_id,title,lyrics) VALUES ('pisniua_687151','Хай живе Великий Комтур наш','Хай живе
Великий Комтур наш!
Ми добра,
Добра йому бажаєм!

І в піснях
Його все величаєм!
Хай живе
Великий Комтур наш!');
INSERT OR REPLACE INTO songs (id,title,subtitle,lang,country,period,year,source,notes,lyrics,tags_json,lang_locked,status,created_at,updated_at) VALUES ('pisniua_684757','Ой на Івана, та й на Купала','Музика: народна Слова: народ','uk','ukraine_before_1917',NULL,NULL,'аудіозапис',NULL,'Ой на Івана, та й на Купала
Там дівчинонька квіти збирала.

Квіти збирала, в пучечки клала,
До річки несла, в воду пускала

"Ой світи, сонце, світи та й не грій,
Щоб мій віночок та й не згорів.

Щоб мій віночок живим зостався
Та й миленькому в руки дістався".

Пливи, віночку, по синій хвилі
До тої хати, де жиє милий.

Поплив віночок та й за водою,
Серце дівоче забрав з собою.','["pisni.org.ua", "cat:kupalski", "cat:narodni", "Купальські пісні", "Народні пісні"]',1,'published',COALESCE((SELECT created_at FROM songs WHERE id='pisniua_684757'), datetime('now')),datetime('now'));
INSERT OR REPLACE INTO songs_fts(song_id,title,lyrics) VALUES ('pisniua_684757','Ой на Івана, та й на Купала','Ой на Івана, та й на Купала
Там дівчинонька квіти збирала.

Квіти збирала, в пучечки клала,
До річки несла, в воду пускала

"Ой світи, сонце, світи та й не грій,
Щоб мій віночок та й не згорів.

Щоб мій віночок живим зостався
Та й миленькому в руки дістався".

Пливи, віночку, по синій хвилі
До тої хати, де жиє милий.

Поплив віночок та й за водою,
Серце дівоче забрав з собою.');
INSERT OR REPLACE INTO song_links (id,song_id,title,url,kind,version_id,sort_order) VALUES ('pisniua_684757_l1','pisniua_684757','YouTube','https://www.youtube.com/watch?v=gP79hN4EOwc','video',NULL,1);
INSERT OR REPLACE INTO song_links (id,song_id,title,url,kind,version_id,sort_order) VALUES ('pisniua_684757_l2','pisniua_684757','YouTube','https://www.youtube.com/watch?v=8kckTz-q3DE','video',NULL,2);
INSERT OR REPLACE INTO song_links (id,song_id,title,url,kind,version_id,sort_order) VALUES ('pisniua_684757_l3','pisniua_684757','Переглянути варіанти >>','https://www.pisni.org.ua/#variants','external',NULL,3);
INSERT OR REPLACE INTO songs (id,title,subtitle,lang,country,period,year,source,notes,lyrics,tags_json,lang_locked,status,created_at,updated_at) VALUES ('pisniua_683899','Максим, козак, Залізняк','Українська народна пісня','uk','ukraine_before_1917',NULL,NULL,'Український народний співаник, Мюнхен, 1946 р.',NULL,'Максим, козак, Залізняк,
Козак з Запорожа,
Як виїхав на Вкраїну,
Як повная рожа, рожа.

Зібрав війська, сорок тисяч
В місті Жаботині,
Обступили город Умань
У одній годині.

Обступили город Умань,
Поробили шанці;
Як вдарили з семи гармат
У середу вранці.

Як вдарили з семи гармат
У середу вранці,
Накидали у годині
Ляхів повні шанці.

Не одная лядськая вдова
З города втікала;
Не одная бідна мати
Із дітьми прощалась','["pisni.org.ua", "cat:istorychni", "cat:kozacki", "Історичні пісні", "Козацькі пісні"]',1,'published',COALESCE((SELECT created_at FROM songs WHERE id='pisniua_683899'), datetime('now')),datetime('now'));
INSERT OR REPLACE INTO songs_fts(song_id,title,lyrics) VALUES ('pisniua_683899','Максим, козак, Залізняк','Максим, козак, Залізняк,
Козак з Запорожа,
Як виїхав на Вкраїну,
Як повная рожа, рожа.

Зібрав війська, сорок тисяч
В місті Жаботині,
Обступили город Умань
У одній годині.

Обступили город Умань,
Поробили шанці;
Як вдарили з семи гармат
У середу вранці.

Як вдарили з семи гармат
У середу вранці,
Накидали у годині
Ляхів повні шанці.

Не одная лядськая вдова
З города втікала;
Не одная бідна мати
Із дітьми прощалась');
INSERT OR REPLACE INTO song_links (id,song_id,title,url,kind,version_id,sort_order) VALUES ('pisniua_683899_l1','pisniua_683899','YouTube','https://www.youtube.com/watch?v=qhGpknk5vGY','video',NULL,1);
INSERT OR REPLACE INTO song_links (id,song_id,title,url,kind,version_id,sort_order) VALUES ('pisniua_683899_l2','pisniua_683899','YouTube','https://www.youtube.com/watch?v=9l4VQG2YSLk','video',NULL,2);
INSERT OR REPLACE INTO songs (id,title,subtitle,lang,country,period,year,source,notes,lyrics,tags_json,lang_locked,status,created_at,updated_at) VALUES ('pisniua_687195','Київська Русь','Музика: Едуард Драч Слова: Едуард Драч. Виконує: Едуард Драч','uk','ukraine_1991',NULL,NULL,'аудіозапис',NULL,'Як від річки Росі
Підіймався росич
І в зльоті лелечім
Розправляла свої плечі
Ти, наша матінко,
Київська Русь.

І скелі долались,
Хащі відступали,
В небеса вростали
Київ, Коростень і Галич -
Ти, наша матінко,
Київська Русь.

І полки поганські
Й орди басурманські
Розбились об тебе,
Бо вросла корінням в небо
Ти, наша матінко,
Київська Русь.

Тільки в тебе
Дзвіниці до неба,
В твоїх дзвонах
Ясне небо тоне,
Завжди з нами
Твої давні храми.

Ти - наша матінко
Київська Русь!','["pisni.org.ua", "cat:istorychni", "Історичні пісні"]',1,'published',COALESCE((SELECT created_at FROM songs WHERE id='pisniua_687195'), datetime('now')),datetime('now'));
INSERT OR REPLACE INTO songs_fts(song_id,title,lyrics) VALUES ('pisniua_687195','Київська Русь','Як від річки Росі
Підіймався росич
І в зльоті лелечім
Розправляла свої плечі
Ти, наша матінко,
Київська Русь.

І скелі долались,
Хащі відступали,
В небеса вростали
Київ, Коростень і Галич -
Ти, наша матінко,
Київська Русь.

І полки поганські
Й орди басурманські
Розбились об тебе,
Бо вросла корінням в небо
Ти, наша матінко,
Київська Русь.

Тільки в тебе
Дзвіниці до неба,
В твоїх дзвонах
Ясне небо тоне,
Завжди з нами
Твої давні храми.

Ти - наша матінко
Київська Русь!');
INSERT OR REPLACE INTO songs (id,title,subtitle,lang,country,period,year,source,notes,lyrics,tags_json,lang_locked,status,created_at,updated_at) VALUES ('pisniua_684776','Якби в лісі гриби не родили','Музика: народна Слова: народ. Виконує: Театр пісні Джерела','uk','ukraine_before_1917',NULL,NULL,'аудіозапис',NULL,'Якби в лісі гриби не родили,
Якби дівки по них не ходили.
А я чорнява, гарна, кучерява,        |
Грибів не збирала, з козаком стояла. | (2)

Якби в лісі не цвіла калина,
Якби в батька не росла дівчина.
А я чорнява, гарна, кучерява,
Росла, виростала, хлопців чарувала.

Якби дівки вечорами шили,
На вулицю гулять не ходили.
А я чорнява, гарна, кучерява,        |
Шили, вишивала, парубкам моргала.    | (2)

Ой ви хлопці не робіть мороки,
Є у мене хлопець синьоокий.
А я чорнява, гарна, кучерява,        |
Його цілувала, рушником в''язала.     | (3)','["pisni.org.ua", "cat:zhartivlyvi", "Жартівливі пісні"]',1,'published',COALESCE((SELECT created_at FROM songs WHERE id='pisniua_684776'), datetime('now')),datetime('now'));
INSERT OR REPLACE INTO songs_fts(song_id,title,lyrics) VALUES ('pisniua_684776','Якби в лісі гриби не родили','Якби в лісі гриби не родили,
Якби дівки по них не ходили.
А я чорнява, гарна, кучерява,        |
Грибів не збирала, з козаком стояла. | (2)

Якби в лісі не цвіла калина,
Якби в батька не росла дівчина.
А я чорнява, гарна, кучерява,
Росла, виростала, хлопців чарувала.

Якби дівки вечорами шили,
На вулицю гулять не ходили.
А я чорнява, гарна, кучерява,        |
Шили, вишивала, парубкам моргала.    | (2)

Ой ви хлопці не робіть мороки,
Є у мене хлопець синьоокий.
А я чорнява, гарна, кучерява,        |
Його цілувала, рушником в''язала.     | (3)');
INSERT OR REPLACE INTO song_links (id,song_id,title,url,kind,version_id,sort_order) VALUES ('pisniua_684776_l1','pisniua_684776','YouTube','https://www.youtube.com/watch?v=cDADDR1Bw7g','video',NULL,1);
INSERT OR REPLACE INTO song_links (id,song_id,title,url,kind,version_id,sort_order) VALUES ('pisniua_684776_l2','pisniua_684776','YouTube','https://www.youtube.com/watch?v=hDJdJQhQsjg','video',NULL,2);
INSERT OR REPLACE INTO song_links (id,song_id,title,url,kind,version_id,sort_order) VALUES ('pisniua_684776_l3','pisniua_684776','YouTube','https://www.youtube.com/watch?v=cE-5GY9L1nQ','video',NULL,3);
INSERT OR REPLACE INTO song_links (id,song_id,title,url,kind,version_id,sort_order) VALUES ('pisniua_684776_l4','pisniua_684776','YouTube','https://www.youtube.com/watch?v=cZPH2k668lE','video',NULL,4);
INSERT OR REPLACE INTO songs (id,title,subtitle,lang,country,period,year,source,notes,lyrics,tags_json,lang_locked,status,created_at,updated_at) VALUES ('pisniua_687454','Гогія-гуцулія','Українська народна пісня','uk','ukraine_before_1917',NULL,NULL,'аудіозапис',NULL,'Приспів:
Гогія-гогія,
Гогія-гуцулія
Генацвалє задовбало,
Гогія-Галіція!

Наче річка з гір біжить
В спину зранений москаль,
Задалеко не втече -
Гралі глибоко сидят!

Приспів.

По стіні повзе джалізко
Без коробка швидкостей
І кому до того справа,
Бо ця пісня про кохання.

Приспів.

По стіні повзе цеглин,
А за ним іще один.,
Ну й нехай собі повзе,
Муха - також гвинтокрил.

Приспів.

Подніпру пливе грузин,
А за ним іще один.
Ну і хай собі пливуть,
Бо ця пісня про любов!

Приспів.

На столі стоїть вареник
Із SS Galіcіa.
Ну й нехай собі стоїть,
Може там його криївка.

Приспів.

На горі сидить орел
І дзьобає свій нога,
Кров текти, а він не бачить,
Ось який суворий птах!

Приспів.

У Карпатах є гора,
Джинджириста вся така.
У Карпатах є ріка,
Вся покручена така.

Приспів.

По ріці пливе джалізко
Дерев''яне, наче шкло,
Ну й нехай собі пливе,
Нам не треба пінопласт.
Всі записуйтесь у Пласт!

Приспів.','["pisni.org.ua", "cat:plastovi", "Пластові пісні"]',1,'published',COALESCE((SELECT created_at FROM songs WHERE id='pisniua_687454'), datetime('now')),datetime('now'));
INSERT OR REPLACE INTO songs_fts(song_id,title,lyrics) VALUES ('pisniua_687454','Гогія-гуцулія','Приспів:
Гогія-гогія,
Гогія-гуцулія
Генацвалє задовбало,
Гогія-Галіція!

Наче річка з гір біжить
В спину зранений москаль,
Задалеко не втече -
Гралі глибоко сидят!

Приспів.

По стіні повзе джалізко
Без коробка швидкостей
І кому до того справа,
Бо ця пісня про кохання.

Приспів.

По стіні повзе цеглин,
А за ним іще один.,
Ну й нехай собі повзе,
Муха - також гвинтокрил.

Приспів.

Подніпру пливе грузин,
А за ним іще один.
Ну і хай собі пливуть,
Бо ця пісня про любов!

Приспів.

На столі стоїть вареник
Із SS Galіcіa.
Ну й нехай собі стоїть,
Може там його криївка.

Приспів.

На горі сидить орел
І дзьобає свій нога,
Кров текти, а він не бачить,
Ось який суворий птах!

Приспів.

У Карпатах є гора,
Джинджириста вся така.
У Карпатах є ріка,
Вся покручена така.

Приспів.

По ріці пливе джалізко
Дерев''яне, наче шкло,
Ну й нехай собі пливе,
Нам не треба пінопласт.
Всі записуйтесь у Пласт!

Приспів.');
INSERT OR REPLACE INTO songs (id,title,subtitle,lang,country,period,year,source,notes,lyrics,tags_json,lang_locked,status,created_at,updated_at) VALUES ('pisniua_68879','У горах Карпатах...','Українська народна пісня','uk','ukraine_before_1917',NULL,NULL,'http://lemko.org/lemko/spivanky/19.html',NULL,'У горах Карпатах сумно дні минали,
Коли наши лемки гори опущали.(2х)
Гори опущали але не з радости.
Прийшов такий розказ од пана старости.(2х)
В неділю раненько як сонце вставало
А юж в наше село войско приїхало.(2х)
А як приїхали такий розказ дали,
Щоб за дві години всі ся вибирали.(2х)
Люде посмутніли, стали ся збирати,
"Скорше - кричит капраль, - пора виїжджати".(2х)
А як виїжджали - дзвони ударяли,
З гірким плачем люде село опускали.(2х)
До першой стації везли нас фурами,
Далі обіцяли везти потягами.(2х)
Найблищих знайомих порозділювали,
А і в Осьвєнцімі декотрих лишали.(2х)
Цілий час в дорозі ми так бідували,
Будьяком репетом людей годували.(2х)
Будьяк годували і нас потішали,
Що там на заході добре будем мали.(2х
Прийшли ми на захід сталися смотрити,
Ой Боже наш Боже, як ту будем жити.(2х)
Землі не орани, ани не сіяни,
А й будиночки порозвалювани.(2х)
Не хце нам ся жити, ани нич робити.
Боже, допомож нам, в гори повернути.(2х)
Гори наши гори, зелени Карпати,
Вас не забудемо поки жити будемо.(2х)    Фонограма-мінус (mp3)','["pisni.org.ua", "cat:istorychni", "cat:lemkivski", "Історичні пісні", "Лемківські пісні"]',1,'published',COALESCE((SELECT created_at FROM songs WHERE id='pisniua_68879'), datetime('now')),datetime('now'));
INSERT OR REPLACE INTO songs_fts(song_id,title,lyrics) VALUES ('pisniua_68879','У горах Карпатах...','У горах Карпатах сумно дні минали,
Коли наши лемки гори опущали.(2х)
Гори опущали але не з радости.
Прийшов такий розказ од пана старости.(2х)
В неділю раненько як сонце вставало
А юж в наше село войско приїхало.(2х)
А як приїхали такий розказ дали,
Щоб за дві години всі ся вибирали.(2х)
Люде посмутніли, стали ся збирати,
"Скорше - кричит капраль, - пора виїжджати".(2х)
А як виїжджали - дзвони ударяли,
З гірким плачем люде село опускали.(2х)
До першой стації везли нас фурами,
Далі обіцяли везти потягами.(2х)
Найблищих знайомих порозділювали,
А і в Осьвєнцімі декотрих лишали.(2х)
Цілий час в дорозі ми так бідували,
Будьяком репетом людей годували.(2х)
Будьяк годували і нас потішали,
Що там на заході добре будем мали.(2х
Прийшли ми на захід сталися смотрити,
Ой Боже наш Боже, як ту будем жити.(2х)
Землі не орани, ани не сіяни,
А й будиночки порозвалювани.(2х)
Не хце нам ся жити, ани нич робити.
Боже, допомож нам, в гори повернути.(2х)
Гори наши гори, зелени Карпати,
Вас не забудемо поки жити будемо.(2х)    Фонограма-мінус (mp3)');
INSERT OR REPLACE INTO songs (id,title,subtitle,lang,country,period,year,source,notes,lyrics,tags_json,lang_locked,status,created_at,updated_at) VALUES ('pisniua_686271','Свєта','Музика: Т.І.К. (Тік) Слова: Т.І.К. (Тік). Виконує: Т.І.К. (Тік)','uk','ukraine_before_1917',NULL,NULL,NULL,NULL,'Ти підійшла до мене нагло і красіво
Бажання стримати не було сили
Ми познакомились,сиділи щось болтали
А я запомнив тебе Свєта звали

Приспів
Свєта,а надворі було лєто
І як солодкі канхвєти
Твої поцілунки,Свєта
Лєто нам малювало портрети
Еротіки силуети
В кімнаті біля буфєта

А рано-вранці ти від мене утікла
Сказала:"Чао,мов у мене єсть діла"
Світило сонечко і море щось шептало
А я згадав,що тебе Свєта звали

Приспів
Свєта,а надворі було лєто
І як солодкі канхвєти
Твої поцілунки,Свєта
Свєта,а я купляв сігарєти
І побачив газєти
З моїми фотками,Свєта

Ти працювала у місцевій жовтій пресі
Про всіх подробності писала без жалю
Ти розказала всім який я сексі
І навіть то,шо я вночі хроплю

Приспів
Свєта,ну нафіга всьо ето
Ну причом тут канхвєти
І поцілунки,Свєта
Свєта,а я курив сігарєти
Я порвав всі газєти
Ну шо ти робиш,Свєта','["pisni.org.ua", "cat:zhartivlyvi", "Жартівливі пісні"]',1,'published',COALESCE((SELECT created_at FROM songs WHERE id='pisniua_686271'), datetime('now')),datetime('now'));
INSERT OR REPLACE INTO songs_fts(song_id,title,lyrics) VALUES ('pisniua_686271','Свєта','Ти підійшла до мене нагло і красіво
Бажання стримати не було сили
Ми познакомились,сиділи щось болтали
А я запомнив тебе Свєта звали

Приспів
Свєта,а надворі було лєто
І як солодкі канхвєти
Твої поцілунки,Свєта
Лєто нам малювало портрети
Еротіки силуети
В кімнаті біля буфєта

А рано-вранці ти від мене утікла
Сказала:"Чао,мов у мене єсть діла"
Світило сонечко і море щось шептало
А я згадав,що тебе Свєта звали

Приспів
Свєта,а надворі було лєто
І як солодкі канхвєти
Твої поцілунки,Свєта
Свєта,а я купляв сігарєти
І побачив газєти
З моїми фотками,Свєта

Ти працювала у місцевій жовтій пресі
Про всіх подробності писала без жалю
Ти розказала всім який я сексі
І навіть то,шо я вночі хроплю

Приспів
Свєта,ну нафіга всьо ето
Ну причом тут канхвєти
І поцілунки,Свєта
Свєта,а я курив сігарєти
Я порвав всі газєти
Ну шо ти робиш,Свєта');
INSERT OR REPLACE INTO song_links (id,song_id,title,url,kind,version_id,sort_order) VALUES ('pisniua_686271_l1','pisniua_686271','YouTube','https://www.youtube.com/watch?v=O6wdW1JWncg','video',NULL,1);
INSERT OR REPLACE INTO songs (id,title,subtitle,lang,country,period,year,source,notes,lyrics,tags_json,lang_locked,status,created_at,updated_at) VALUES ('pisniua_689879','У поточку прала','Українська народна пісня','uk','ukraine_before_1917',NULL,NULL,'тітка жила на Львівщині, звідти привезла цю пісню.','Anrzej: В останній в''язці виправлено "Аби людям знати, Як молоду знати." на "Аби старим знати, Як молоду брати."','У поточку прала,
На вербу складала.
Поможи, мій Пане Боже,
Що собі думала.         | (2)

Я собі думала
Хлопця молодого,
А мене віддали
За діда старого.        | (2)

Я діда-частюгу
Годувати мушу.
Поможи ж, мій Пане Боже,
Візьми з діда душу.     | (2)

Візьми з діда душу
Та й завісь на грушу,
Аби старим знати,
Як молоду брати.        | (2)','["pisni.org.ua", "cat:socialno-pobutovi", "Соціально-побутові пісні"]',1,'published',COALESCE((SELECT created_at FROM songs WHERE id='pisniua_689879'), datetime('now')),datetime('now'));
INSERT OR REPLACE INTO songs_fts(song_id,title,lyrics) VALUES ('pisniua_689879','У поточку прала','У поточку прала,
На вербу складала.
Поможи, мій Пане Боже,
Що собі думала.         | (2)

Я собі думала
Хлопця молодого,
А мене віддали
За діда старого.        | (2)

Я діда-частюгу
Годувати мушу.
Поможи ж, мій Пане Боже,
Візьми з діда душу.     | (2)

Візьми з діда душу
Та й завісь на грушу,
Аби старим знати,
Як молоду брати.        | (2)');
INSERT OR REPLACE INTO song_links (id,song_id,title,url,kind,version_id,sort_order) VALUES ('pisniua_689879_l1','pisniua_689879','Переглянути варіанти >>','https://www.pisni.org.ua/#variants','external',NULL,1);
INSERT OR REPLACE INTO songs (id,title,subtitle,lang,country,period,year,source,notes,lyrics,tags_json,lang_locked,status,created_at,updated_at) VALUES ('pisniua_683555','Ласкаво просимо','Музика: Ігор Білозір Слова: Вадим Крищенко. Виконує: Оксана Білозір, Ватра, Алла Кудлай, Ігор Яснюк, Світозари','uk','ukraine_1991',NULL,NULL,NULL,NULL,'Співа Дніпро, відлунюють Карпати,
Той голос чути сестрам і братам.
Ми хочемо усіх вас привітати,        |
У пояс поклонитись, друзі, вам.      | (2)

Приспів (2):
Ласкаво просимо, ласкаво просимо,
Вся Україна щиро промовля.
Ласкаво просимо, ласкаво просимо,
Братерством нашим світиться Земля.

А слово наше - скупане в любові,
Його почують люди звідусіль.
На світлому, як доля, рушникові      |
Дозвольте вам піднести хліб та сіль. | (2)

Приспів. (2)','["pisni.org.ua", "cat:patriotic", "Патріотичні пісні"]',1,'published',COALESCE((SELECT created_at FROM songs WHERE id='pisniua_683555'), datetime('now')),datetime('now'));
INSERT OR REPLACE INTO songs_fts(song_id,title,lyrics) VALUES ('pisniua_683555','Ласкаво просимо','Співа Дніпро, відлунюють Карпати,
Той голос чути сестрам і братам.
Ми хочемо усіх вас привітати,        |
У пояс поклонитись, друзі, вам.      | (2)

Приспів (2):
Ласкаво просимо, ласкаво просимо,
Вся Україна щиро промовля.
Ласкаво просимо, ласкаво просимо,
Братерством нашим світиться Земля.

А слово наше - скупане в любові,
Його почують люди звідусіль.
На світлому, як доля, рушникові      |
Дозвольте вам піднести хліб та сіль. | (2)

Приспів. (2)');
INSERT OR REPLACE INTO song_links (id,song_id,title,url,kind,version_id,sort_order) VALUES ('pisniua_683555_l1','pisniua_683555','YouTube','https://www.youtube.com/watch?v=44iOkIG6dYY','video',NULL,1);
INSERT OR REPLACE INTO song_links (id,song_id,title,url,kind,version_id,sort_order) VALUES ('pisniua_683555_l2','pisniua_683555','YouTube','https://www.youtube.com/watch?v=7JvU_4R9l2w','video',NULL,2);
INSERT OR REPLACE INTO songs (id,title,subtitle,lang,country,period,year,source,notes,lyrics,tags_json,lang_locked,status,created_at,updated_at) VALUES ('pisniua_687776','Один в нас в світі Пласт',NULL,'uk','ukraine_1991',NULL,NULL,'аудіозапис',NULL,'Недавно воїстину
Україна воскресла!
Назавжди - ми віримо -
Ждану волю принесла!
Пласту нам відкрився край -
Молодечий безжурний рай.
Побратимами станемо всі
І чарівні будуть дні!

Приспів:
Зустрічаємося, друзі,     |
В Україні і в діаспорі.   |
Від *** відлучить нас,    |
Один в нас в світі Пласт. | (2)

Пластове чемборі* -
Час мандрівок і пісень.
І речники юних мрій,
Нам безжурний кожен день.
А *** вночі крізь ***
Вічний вогник вже спалахнув
І *** у двох світах
Своїм теплом серця вдихнув.

Приспів. (2)','["pisni.org.ua", "cat:plastovi", "Пластові пісні"]',1,'published',COALESCE((SELECT created_at FROM songs WHERE id='pisniua_687776'), datetime('now')),datetime('now'));
INSERT OR REPLACE INTO songs_fts(song_id,title,lyrics) VALUES ('pisniua_687776','Один в нас в світі Пласт','Недавно воїстину
Україна воскресла!
Назавжди - ми віримо -
Ждану волю принесла!
Пласту нам відкрився край -
Молодечий безжурний рай.
Побратимами станемо всі
І чарівні будуть дні!

Приспів:
Зустрічаємося, друзі,     |
В Україні і в діаспорі.   |
Від *** відлучить нас,    |
Один в нас в світі Пласт. | (2)

Пластове чемборі* -
Час мандрівок і пісень.
І речники юних мрій,
Нам безжурний кожен день.
А *** вночі крізь ***
Вічний вогник вже спалахнув
І *** у двох світах
Своїм теплом серця вдихнув.

Приспів. (2)');
INSERT OR REPLACE INTO songs (id,title,subtitle,lang,country,period,year,source,notes,lyrics,tags_json,lang_locked,status,created_at,updated_at) VALUES ('pisniua_68899','Пісня про Київ','Слова: Андрій Малишко','uk','ukraine_1991',NULL,NULL,'Українські пісні про кохання "Струни серця"',NULL,'Білі каштани,
Світлі огні,
Де б не бував я, -
Любі мені.
Київські ночі,
Зустрічі в саду -
В серці, куди не піду.

Гори високі,
Синь дніпрова,
Молодість наша
Вічно жива.
Київські ночі,
Зустрічі в саду -
В серці, куди не піду.

Ми покохались
Там, де дуби,
В київськім небі
Два голуби
Кружать, здіймають
Крилоньки свої,
Наче ми в парі, в сім''ї.

Так воно стане,
Так воно є.
...Білі каштани,
Щастя моє.
Рідна столице, -
Ти моя весна,
Світла, погожа, ясна.

Київські ночі,
Зустрічі в саду -
В серці, куди не піду.','["pisni.org.ua", "cat:kyyiv", "Пісні про Київ"]',1,'published',COALESCE((SELECT created_at FROM songs WHERE id='pisniua_68899'), datetime('now')),datetime('now'));
INSERT OR REPLACE INTO songs_fts(song_id,title,lyrics) VALUES ('pisniua_68899','Пісня про Київ','Білі каштани,
Світлі огні,
Де б не бував я, -
Любі мені.
Київські ночі,
Зустрічі в саду -
В серці, куди не піду.

Гори високі,
Синь дніпрова,
Молодість наша
Вічно жива.
Київські ночі,
Зустрічі в саду -
В серці, куди не піду.

Ми покохались
Там, де дуби,
В київськім небі
Два голуби
Кружать, здіймають
Крилоньки свої,
Наче ми в парі, в сім''ї.

Так воно стане,
Так воно є.
...Білі каштани,
Щастя моє.
Рідна столице, -
Ти моя весна,
Світла, погожа, ясна.

Київські ночі,
Зустрічі в саду -
В серці, куди не піду.');
INSERT OR REPLACE INTO songs (id,title,subtitle,lang,country,period,year,source,notes,lyrics,tags_json,lang_locked,status,created_at,updated_at) VALUES ('pisniua_685353','Лебідка','Українська народна пісня','uk','ukraine_before_1917',NULL,NULL,NULL,NULL,'Лебідка згортає крила, коли помирає лебідь,
І каменем падає з неба на синє свічадо води.
Знаю, згортаючи крила, не житиму я без тебе,
Летітиму в даль шалено, неначе уламок звізди.

І ніколи буде спинитись, зігрітись у теплих долонях,
І буду я вже не людина, а лише життя політ,
І там, де я приземлюся, може розквітне півонія,
І з лету мого лишиться лише метеора слід.','["pisni.org.ua", "cat:plastovi", "Пластові пісні"]',1,'published',COALESCE((SELECT created_at FROM songs WHERE id='pisniua_685353'), datetime('now')),datetime('now'));
INSERT OR REPLACE INTO songs_fts(song_id,title,lyrics) VALUES ('pisniua_685353','Лебідка','Лебідка згортає крила, коли помирає лебідь,
І каменем падає з неба на синє свічадо води.
Знаю, згортаючи крила, не житиму я без тебе,
Летітиму в даль шалено, неначе уламок звізди.

І ніколи буде спинитись, зігрітись у теплих долонях,
І буду я вже не людина, а лише життя політ,
І там, де я приземлюся, може розквітне півонія,
І з лету мого лишиться лише метеора слід.');
INSERT OR REPLACE INTO songs (id,title,subtitle,lang,country,period,year,source,notes,lyrics,tags_json,lang_locked,status,created_at,updated_at) VALUES ('pisniua_686297','Святий Павле Святий Петре','Виконує: Волиняни','uk','ukraine_before_1917',NULL,NULL,NULL,'Рокове Коло. Стежки до листків про Українські традиції. Староукраїнські Колядки і Щедрівки: Святе Різдво (Свято Різдва Світа: Свят-Вечір – Коляда)... Щедрий Вечір (Свято Місяця й Прадіда: Новий Рік ― Святі Водорщі) ― Весілля: Дівич-Вечір... Великдень... Зелені Свята (Трійця) ― Царинні Містерії... Івана Купала... Астральні Жнива... Рокове Коло.','Святий Павле Святий Петре
Добрий Вечір Святий Вечір
Беріть Ключі Золотії
Відкривайте Раї-пекла       | (2)

Раї-пекла відкривайте
Грішні Душі випускайте
Тільки теї не пускати
Що зневажала Батька-й-матір | (2)

Батька-й-матір зневажала
Бідних в хату й не пускала
Не пускала не пригріла
Людям Добра не робила       | (2)','["pisni.org.ua", "cat:dumy", "Думи"]',1,'published',COALESCE((SELECT created_at FROM songs WHERE id='pisniua_686297'), datetime('now')),datetime('now'));
INSERT OR REPLACE INTO songs_fts(song_id,title,lyrics) VALUES ('pisniua_686297','Святий Павле Святий Петре','Святий Павле Святий Петре
Добрий Вечір Святий Вечір
Беріть Ключі Золотії
Відкривайте Раї-пекла       | (2)

Раї-пекла відкривайте
Грішні Душі випускайте
Тільки теї не пускати
Що зневажала Батька-й-матір | (2)

Батька-й-матір зневажала
Бідних в хату й не пускала
Не пускала не пригріла
Людям Добра не робила       | (2)');
INSERT OR REPLACE INTO songs (id,title,subtitle,lang,country,period,year,source,notes,lyrics,tags_json,lang_locked,status,created_at,updated_at) VALUES ('pisniua_693151','Ой, дай, Боже','Музика: народ Слова: народ. Виконує: Дударик','uk','ukraine_before_1917',NULL,NULL,'аудіозапис',NULL,'Речитатив:
Морозе, Морозе, йди до нас кутю їсти,
Морозе, Морозе, йди до нас на вечерю,
Як не йдеш, то не йди на жито-пшеницю,
Усяку пашницю.
Йди краще на моря, на ліси та на круті гори,
А нам шкоди не роби.
Чорні бурі та злії вітри, приходьте до нас
На Святу вечерю, та коли тепер не прийдете
На дари Божі, на страви ситі, на горілки палені,
На все велике добро, на яке ми вас просимо,
То не приходьте до нас у літі та не робіть нам
Шкоди на ярині і житі.

Ой, встало рано, рано,
Нам на зустріч з трону
Ой, дай, Боже! Ой, дай, Боже!
В корзно багряне вбране
Й в золоту корону
Ой, дай, Боже! Ой, дай, Боже!
Гей, сонце, гей!
Ой, дай, Боже, лад дай, Боже!
Ой, дай, Боже, лад дай, Боже!

Ой, в короні зі злота,
В червоних чоботях
Ой, дай, Боже! Ой, дай, Боже!
Ой, місяць із доньками,
Срібними зірками.
Ой, дай, Боже! Ой, дай, Боже!
Гей, славенно
Ой, дай, Боже, лад дай, Боже!
Ой, дай, Боже, лад дай, Боже!

Ой, ґаздо і ґаздине,
І дрібонькі діти
Ой, дай, Боже! Ой, дай, Боже!
Ой віншуємо нині
Ґаразду і літа.
Ой, дай, Боже! Ой, дай, Боже!
Гей, многая.
Ой, дай, Боже, лад дай, Боже!
Ой, дай, Боже, лад дай, Боже!','["pisni.org.ua", "cat:kolyadky", "Колядки"]',1,'published',COALESCE((SELECT created_at FROM songs WHERE id='pisniua_693151'), datetime('now')),datetime('now'));
INSERT OR REPLACE INTO songs_fts(song_id,title,lyrics) VALUES ('pisniua_693151','Ой, дай, Боже','Речитатив:
Морозе, Морозе, йди до нас кутю їсти,
Морозе, Морозе, йди до нас на вечерю,
Як не йдеш, то не йди на жито-пшеницю,
Усяку пашницю.
Йди краще на моря, на ліси та на круті гори,
А нам шкоди не роби.
Чорні бурі та злії вітри, приходьте до нас
На Святу вечерю, та коли тепер не прийдете
На дари Божі, на страви ситі, на горілки палені,
На все велике добро, на яке ми вас просимо,
То не приходьте до нас у літі та не робіть нам
Шкоди на ярині і житі.

Ой, встало рано, рано,
Нам на зустріч з трону
Ой, дай, Боже! Ой, дай, Боже!
В корзно багряне вбране
Й в золоту корону
Ой, дай, Боже! Ой, дай, Боже!
Гей, сонце, гей!
Ой, дай, Боже, лад дай, Боже!
Ой, дай, Боже, лад дай, Боже!

Ой, в короні зі злота,
В червоних чоботях
Ой, дай, Боже! Ой, дай, Боже!
Ой, місяць із доньками,
Срібними зірками.
Ой, дай, Боже! Ой, дай, Боже!
Гей, славенно
Ой, дай, Боже, лад дай, Боже!
Ой, дай, Боже, лад дай, Боже!

Ой, ґаздо і ґаздине,
І дрібонькі діти
Ой, дай, Боже! Ой, дай, Боже!
Ой віншуємо нині
Ґаразду і літа.
Ой, дай, Боже! Ой, дай, Боже!
Гей, многая.
Ой, дай, Боже, лад дай, Боже!
Ой, дай, Боже, лад дай, Боже!');
INSERT OR REPLACE INTO songs (id,title,subtitle,lang,country,period,year,source,notes,lyrics,tags_json,lang_locked,status,created_at,updated_at) VALUES ('pisniua_691093','На площі Ринок','(Стихає шум останнього трамваю). Музика: Михайло Мануляк Слова: Андрій Панчишин. Виконує: Андрій Панчишин','uk','ukraine_1991',NULL,NULL,'аудіозапис',NULL,'Стихає шум останнього трамваю,
На площі Ринок гаснуть ліхтарі,
Годинник про години забуває
І бринькає мелодії старі.

Під музику, що лине з високости,
Простуючи закам''янілий стан,
Спішить Діана до Нептуна в гості,
Вже два століття в неї з ним роман.

Діані люто заздрить Амфітрита,
Тому що літо, осінь, чи зима,
Сама в фонтані змушена сидіти,
Бо кавалєра гідного нема.

Колись вона з Адонісом ходила,
Згодив би ся і він кінець кінцем,
Але ж той батяр чоловічу силу,
Всю до останку виморив винцем.

Два леви, що нам Ратушу пильнують
Занюхали конячий теплий слід,
Довкола площі бігають, полюють, -
Кентавра хочуть з''їсти на обід.

А третій лев маленький, наче мишка,
В задумі сиві крила опустив
І втупився в якусь грубезну книжку,
Мабуть макулатурний детектив.

Почувся голос першого трамваю,
Забава припиняється в ту ж мить:
На постаментах леви завмирають,
Діана, спотикаючись, біжить у свій
Фонтан.

Над сірими дахами гаснуть зорі
І дряпає бруківку помело,
На площі Ринок все, як було вчора,
Так, начебто нічого й не було.

На площі Ринок все, як було вчора,
Так, начебто нічого й не було...','["pisni.org.ua", "cat:lviv", "Пісні про Львів"]',1,'published',COALESCE((SELECT created_at FROM songs WHERE id='pisniua_691093'), datetime('now')),datetime('now'));
INSERT OR REPLACE INTO songs_fts(song_id,title,lyrics) VALUES ('pisniua_691093','На площі Ринок','Стихає шум останнього трамваю,
На площі Ринок гаснуть ліхтарі,
Годинник про години забуває
І бринькає мелодії старі.

Під музику, що лине з високости,
Простуючи закам''янілий стан,
Спішить Діана до Нептуна в гості,
Вже два століття в неї з ним роман.

Діані люто заздрить Амфітрита,
Тому що літо, осінь, чи зима,
Сама в фонтані змушена сидіти,
Бо кавалєра гідного нема.

Колись вона з Адонісом ходила,
Згодив би ся і він кінець кінцем,
Але ж той батяр чоловічу силу,
Всю до останку виморив винцем.

Два леви, що нам Ратушу пильнують
Занюхали конячий теплий слід,
Довкола площі бігають, полюють, -
Кентавра хочуть з''їсти на обід.

А третій лев маленький, наче мишка,
В задумі сиві крила опустив
І втупився в якусь грубезну книжку,
Мабуть макулатурний детектив.

Почувся голос першого трамваю,
Забава припиняється в ту ж мить:
На постаментах леви завмирають,
Діана, спотикаючись, біжить у свій
Фонтан.

Над сірими дахами гаснуть зорі
І дряпає бруківку помело,
На площі Ринок все, як було вчора,
Так, начебто нічого й не було.

На площі Ринок все, як було вчора,
Так, начебто нічого й не було...');
INSERT OR REPLACE INTO songs (id,title,subtitle,lang,country,period,year,source,notes,lyrics,tags_json,lang_locked,status,created_at,updated_at) VALUES ('pisniua_689858','Обережно, СНІД','Музика: Андрій Панчишин Слова: Андрій Панчишин. Виконує: Андрій Панчишин','uk','ukraine_1991',NULL,NULL,'аудіозапис',NULL,'Панікує цілий світ,
Розповсюджується Спід.
Скажем правду всю відразу:
Небезпечна це зараза.

Легковажити не слід, увага, Спід!
На власному здоров''ї не варто економити,
Купуйте кишенькові спідометри.

Знає Захід, знає Схід,
Що передається Спід
В першу чергу через кров,
А за тим через любов
Ще й говорять через Спід,
Увага, Спід!

Тільки громадяни дуже недалекі
Нехтують вимогами техніки безпеки.
Кажуть голоси ворожі - медицина не поможе,
На нас грішних замість дусту -
Кара божа за розпусту.

Всім дорога на той світ,
Увага, Спід!

Смертельної загрози
Можете уникнути запросто -
Використовуйте засоби
Індивідуального захисту.

Прожиємо без еротики,
Небезпечні навіть дотики,
І не пробуй притулитися,
Ризикуєш заразитися.

Зберігати цноту слід,
Увага, Спід!
Послухай сам, розкажи сусідам!..','["pisni.org.ua", "cat:suspilno-politychni", "Суспільно-політичні пісні"]',1,'published',COALESCE((SELECT created_at FROM songs WHERE id='pisniua_689858'), datetime('now')),datetime('now'));
INSERT OR REPLACE INTO songs_fts(song_id,title,lyrics) VALUES ('pisniua_689858','Обережно, СНІД','Панікує цілий світ,
Розповсюджується Спід.
Скажем правду всю відразу:
Небезпечна це зараза.

Легковажити не слід, увага, Спід!
На власному здоров''ї не варто економити,
Купуйте кишенькові спідометри.

Знає Захід, знає Схід,
Що передається Спід
В першу чергу через кров,
А за тим через любов
Ще й говорять через Спід,
Увага, Спід!

Тільки громадяни дуже недалекі
Нехтують вимогами техніки безпеки.
Кажуть голоси ворожі - медицина не поможе,
На нас грішних замість дусту -
Кара божа за розпусту.

Всім дорога на той світ,
Увага, Спід!

Смертельної загрози
Можете уникнути запросто -
Використовуйте засоби
Індивідуального захисту.

Прожиємо без еротики,
Небезпечні навіть дотики,
І не пробуй притулитися,
Ризикуєш заразитися.

Зберігати цноту слід,
Увага, Спід!
Послухай сам, розкажи сусідам!..');
INSERT OR REPLACE INTO songs (id,title,subtitle,lang,country,period,year,source,notes,lyrics,tags_json,lang_locked,status,created_at,updated_at) VALUES ('pisniua_684797','О, соловію','Музика: Ярослав Барнич Слова: Роман Савицький. Виконує: Василь Білоцерківський, Фемій Мустафаєв','uk','ukraine_1991',NULL,NULL,'аудіозапис',NULL,'Вже сіло сонечко за гаєм
І соловей в саду співає,
А я весь вечір виглядаю,
Шукаю милую свою.

Приспів:
О, соловію, чому я так співать не вмію?
І не зумію я про кохання розказать.
А вечорами своїми спраглими вустами
Я про кохання, я про кохання розкажу.

А соловейко на калині
Чудові трелі виграва,
Моїй дівчині він любимій
Чарівні пісні дарував.

Приспів.

І знов над бистрою водою
Стою у парі із журбою,
Бо там стежиною густою
Вже з іншим любка моя йде.

А вечорами своїми спраглими вустами
Я про кохання, я про кохання розкажу.

Скажу я любці без вагання:
"На двох не ділиться кохання,
Отож скажу я на прощання -
Люби його, як я тебе".

Приспів.

А вечорами своїми спраглими вустами
Я про кохання, я про кохання розкажу','["pisni.org.ua", "cat:dances", "cat:tango", "Пісні до танцю", "Танґо"]',1,'published',COALESCE((SELECT created_at FROM songs WHERE id='pisniua_684797'), datetime('now')),datetime('now'));
INSERT OR REPLACE INTO songs_fts(song_id,title,lyrics) VALUES ('pisniua_684797','О, соловію','Вже сіло сонечко за гаєм
І соловей в саду співає,
А я весь вечір виглядаю,
Шукаю милую свою.

Приспів:
О, соловію, чому я так співать не вмію?
І не зумію я про кохання розказать.
А вечорами своїми спраглими вустами
Я про кохання, я про кохання розкажу.

А соловейко на калині
Чудові трелі виграва,
Моїй дівчині він любимій
Чарівні пісні дарував.

Приспів.

І знов над бистрою водою
Стою у парі із журбою,
Бо там стежиною густою
Вже з іншим любка моя йде.

А вечорами своїми спраглими вустами
Я про кохання, я про кохання розкажу.

Скажу я любці без вагання:
"На двох не ділиться кохання,
Отож скажу я на прощання -
Люби його, як я тебе".

Приспів.

А вечорами своїми спраглими вустами
Я про кохання, я про кохання розкажу');
INSERT OR REPLACE INTO song_links (id,song_id,title,url,kind,version_id,sort_order) VALUES ('pisniua_684797_l1','pisniua_684797','YouTube','https://www.youtube.com/watch?v=UFLcVPl4apk','video',NULL,1);
INSERT OR REPLACE INTO song_links (id,song_id,title,url,kind,version_id,sort_order) VALUES ('pisniua_684797_l2','pisniua_684797','YouTube','https://www.youtube.com/watch?v=AyNo9zF2Mtg','video',NULL,2);
INSERT OR REPLACE INTO song_links (id,song_id,title,url,kind,version_id,sort_order) VALUES ('pisniua_684797_l3','pisniua_684797','YouTube','https://www.youtube.com/watch?v=9tNchCZqor4','video',NULL,3);
INSERT OR REPLACE INTO song_links (id,song_id,title,url,kind,version_id,sort_order) VALUES ('pisniua_684797_l4','pisniua_684797','YouTube','https://www.youtube.com/watch?v=xdGgdAeivw4','video',NULL,4);
INSERT OR REPLACE INTO song_links (id,song_id,title,url,kind,version_id,sort_order) VALUES ('pisniua_684797_l5','pisniua_684797','YouTube','https://www.youtube.com/watch?v=yTyqKui6H0U','video',NULL,5);
INSERT OR REPLACE INTO song_links (id,song_id,title,url,kind,version_id,sort_order) VALUES ('pisniua_684797_l6','pisniua_684797','Переглянути варіанти >>','https://www.pisni.org.ua/#variants','external',NULL,6);
INSERT OR REPLACE INTO songs (id,title,subtitle,lang,country,period,year,source,notes,lyrics,tags_json,lang_locked,status,created_at,updated_at) VALUES ('pisniua_693348','Ганьба','Музика: Сергій Кузьминський Слова: Сергій Кузьминський. Виконує: Віка Врадій','uk','ukraine_1991',NULL,NULL,'аудіозапис',NULL,'Кричу: "Ганьба!", але моє волання
Не долітає до престолу,
Була одна, тепер нас - тисячі,
І стали в коло,
І дивимся одне на одного,
Як молоді телєта.
Він каже: "Ето самі прості
Національного самосознанія."
Але без него знаю я:

Приспів:
Хто не живе, той не вмирає,
Хто не заснув, той си не просинає,
Хто очі не відкрив, той ніц не баче,
За тобою, Морозенко, вся Вкраїна плаче.

Знов кричу: "Ганьба тобі! -
Людських сердець загальна мрія."
Ми колисали тебе стілько років,
Думали - свята, а ти - повія,
Тепер хто знає як воно: руйнуй чи бережи,
Ти знову кажеш жи: "То наслідки
Закоханого самолюбованія",
Але єдине знаю я:

Приспів.

Ось ви радуєте за чистоту української мови,
А мені все єдно: ковбаса чи колбаса,
Аби вона була.
Ганьба! Ганьба! Ганьба! Ганьба!
Але я знаю:

Приспів.

Кричу "Ганьба!" Кому? Собі!
А вам дарую слід від ярма на шиї,
Дітей, забувших рідну мову,
І жаль за ваші літа молодії,
Коли "Ура!" кричали на любу промову.
Замовкни, вчений жиду, облиш переконання!
Тепер вже точно знаю я:

Приспів. (3)

Вся Вкраїна плаче! Вся Вкраїна плаче!
Вся Вкраїна плаче!','["pisni.org.ua", "cat:suspilno-politychni", "Суспільно-політичні пісні"]',1,'published',COALESCE((SELECT created_at FROM songs WHERE id='pisniua_693348'), datetime('now')),datetime('now'));
INSERT OR REPLACE INTO songs_fts(song_id,title,lyrics) VALUES ('pisniua_693348','Ганьба','Кричу: "Ганьба!", але моє волання
Не долітає до престолу,
Була одна, тепер нас - тисячі,
І стали в коло,
І дивимся одне на одного,
Як молоді телєта.
Він каже: "Ето самі прості
Національного самосознанія."
Але без него знаю я:

Приспів:
Хто не живе, той не вмирає,
Хто не заснув, той си не просинає,
Хто очі не відкрив, той ніц не баче,
За тобою, Морозенко, вся Вкраїна плаче.

Знов кричу: "Ганьба тобі! -
Людських сердець загальна мрія."
Ми колисали тебе стілько років,
Думали - свята, а ти - повія,
Тепер хто знає як воно: руйнуй чи бережи,
Ти знову кажеш жи: "То наслідки
Закоханого самолюбованія",
Але єдине знаю я:

Приспів.

Ось ви радуєте за чистоту української мови,
А мені все єдно: ковбаса чи колбаса,
Аби вона була.
Ганьба! Ганьба! Ганьба! Ганьба!
Але я знаю:

Приспів.

Кричу "Ганьба!" Кому? Собі!
А вам дарую слід від ярма на шиї,
Дітей, забувших рідну мову,
І жаль за ваші літа молодії,
Коли "Ура!" кричали на любу промову.
Замовкни, вчений жиду, облиш переконання!
Тепер вже точно знаю я:

Приспів. (3)

Вся Вкраїна плаче! Вся Вкраїна плаче!
Вся Вкраїна плаче!');
INSERT OR REPLACE INTO songs (id,title,subtitle,lang,country,period,year,source,notes,lyrics,tags_json,lang_locked,status,created_at,updated_at) VALUES ('pisniua_688695','Ми до Тебе прибігаємо','Музика: Богдан Косопуд Слова: Богдан Косопуд. Виконує: Богдан Косопуд','uk','ukraine_1991',NULL,NULL,'1. Авторське подання',NULL,'Ми до Тебе прибігаємо, Матінко Небесна,
Молимо Тебе, благаємо, спаси, Пречудесна.

Розкажи, допоможи нам, зрозуміти Бога      |
Нас, дітей твоїх земних, приведи до Нього! | (2)

Ми до Тебе, Непорочна, молимось в покорі,
Ти заступниця усім нам, в радощах і в горі.

Захисти, охорони нас, Матінко Маріє,
Покровою Пресвятою, Ти - наша надія.

Ми до Тебе прибігаємо, Матінко Небесна,
Молимо Тебе, благаємо, спаси, Пречудесна.

Будемо Тебе, Пречиста, в піснях величати   |
І молитви наші щирі прийми, Божа Мати.     | (2)','["pisni.org.ua", "cat:do-bohorodyci", "Пісні до Богородиці"]',1,'published',COALESCE((SELECT created_at FROM songs WHERE id='pisniua_688695'), datetime('now')),datetime('now'));
INSERT OR REPLACE INTO songs_fts(song_id,title,lyrics) VALUES ('pisniua_688695','Ми до Тебе прибігаємо','Ми до Тебе прибігаємо, Матінко Небесна,
Молимо Тебе, благаємо, спаси, Пречудесна.

Розкажи, допоможи нам, зрозуміти Бога      |
Нас, дітей твоїх земних, приведи до Нього! | (2)

Ми до Тебе, Непорочна, молимось в покорі,
Ти заступниця усім нам, в радощах і в горі.

Захисти, охорони нас, Матінко Маріє,
Покровою Пресвятою, Ти - наша надія.

Ми до Тебе прибігаємо, Матінко Небесна,
Молимо Тебе, благаємо, спаси, Пречудесна.

Будемо Тебе, Пречиста, в піснях величати   |
І молитви наші щирі прийми, Божа Мати.     | (2)');
INSERT OR REPLACE INTO song_links (id,song_id,title,url,kind,version_id,sort_order) VALUES ('pisniua_688695_l1','pisniua_688695','YouTube','https://www.youtube.com/watch?v=uJl97JrCoOw','video',NULL,1);
INSERT OR REPLACE INTO songs (id,title,subtitle,lang,country,period,year,source,notes,lyrics,tags_json,lang_locked,status,created_at,updated_at) VALUES ('pisniua_694246','Сам пан у злоті','Музика: народна Слова: народ. Виконує: Бурдон','uk','ukraine_before_1917',NULL,NULL,'http://burdon.lviv.ua','давня гуцульська коляда з польових записів Остапа Костюка','Сам пан, у злоті єго челядочка,
Гордий і пишний гречний леґіню,
У злоті
Гарно же собі ти починаєш,
Конями граєш, мечем махаєш
Та й на Київ вже виступаєш.

Та й у неділю та всі міщани
Зачєли ж они в бубні бубніти,
В бубні бубніти, дзвони дзвонити.
Та й зачели раду робити -
Єкі же дари сему пану дати.
Видали ж йему коника в сідлі,
Коника в сідлі, стремена срібні.

Ой він на тото тай не дививсі
Тай ще гірше він розлютивсі,
Конями грає, мечем махає
Та й до Києва вже приступає.

Як тото вчули усі міщани,
Зачєли ж они в бубни бубніти,
В бубни бубніти, в дзвони дзвонити
Та й зачели знов сі сходити.

Радочку радити, думку гадати -
Єкі же дари й сему пану дати.
Видали ж йему й коника в сідлі,
Коника в сідлі, стремена срібні.

Тай ще до цего дівчину в вінци.
Ой він на тото тай подививсі
Та й до дівчинки він прихиливсі,
Дівчинку любу повів до шлюбу.

Горох ізїли тай зелененьке,
Кому весіллє та й веселеньке,
Вам колідочка, нам пива бочка,
Бочка і бочка, хоч коновочка.

Та й сего смішку хоч по келішку,
Вінчуємо ж ті щасті-здоров''є,
Щасті-здоров''я та й з родичами,
Зо всіма твоїми приятелями
У злоті.','["pisni.org.ua", "cat:socialno-pobutovi", "Соціально-побутові пісні"]',1,'published',COALESCE((SELECT created_at FROM songs WHERE id='pisniua_694246'), datetime('now')),datetime('now'));
INSERT OR REPLACE INTO songs_fts(song_id,title,lyrics) VALUES ('pisniua_694246','Сам пан у злоті','Сам пан, у злоті єго челядочка,
Гордий і пишний гречний леґіню,
У злоті
Гарно же собі ти починаєш,
Конями граєш, мечем махаєш
Та й на Київ вже виступаєш.

Та й у неділю та всі міщани
Зачєли ж они в бубні бубніти,
В бубні бубніти, дзвони дзвонити.
Та й зачели раду робити -
Єкі же дари сему пану дати.
Видали ж йему коника в сідлі,
Коника в сідлі, стремена срібні.

Ой він на тото тай не дививсі
Тай ще гірше він розлютивсі,
Конями грає, мечем махає
Та й до Києва вже приступає.

Як тото вчули усі міщани,
Зачєли ж они в бубни бубніти,
В бубни бубніти, в дзвони дзвонити
Та й зачели знов сі сходити.

Радочку радити, думку гадати -
Єкі же дари й сему пану дати.
Видали ж йему й коника в сідлі,
Коника в сідлі, стремена срібні.

Тай ще до цего дівчину в вінци.
Ой він на тото тай подививсі
Та й до дівчинки він прихиливсі,
Дівчинку любу повів до шлюбу.

Горох ізїли тай зелененьке,
Кому весіллє та й веселеньке,
Вам колідочка, нам пива бочка,
Бочка і бочка, хоч коновочка.

Та й сего смішку хоч по келішку,
Вінчуємо ж ті щасті-здоров''є,
Щасті-здоров''я та й з родичами,
Зо всіма твоїми приятелями
У злоті.');
INSERT OR REPLACE INTO songs (id,title,subtitle,lang,country,period,year,source,notes,lyrics,tags_json,lang_locked,status,created_at,updated_at) VALUES ('pisniua_6940','Гей, браття опришки','Музика: народна Слова: Микола Устиянович. Виконує: Ансамбль Львівського Університету "Черемош", Журборіз, Василь Лютий','uk','ukraine_before_1917',NULL,NULL,'1. Пісневир: Молодіжний співаник.— Львів, 2001 2. Книга "Пісні "Черемоша"','Текст взято з джерела 1, суттєво виправлено й доповнено за джерелом 2. * Тут у джерелі 1 було інакше: До ватри доверште ще дров. Акорди підібрано на слух за нотами. Оригінальна тональність: Em. Підбір акордів: bohdanko (pisni.org.ua)','Гей, браття опришки, налийте горілки,
До ватри довержте ще дров. *
Настрійте ми горло голосом сопілки,
А я вам співати готов.
Гуляймо ми, браття, в угорській границі.
Годі нас дігнати конем.
Одіж ми дістанем в жидівській крамниці,
А жида до дверей приб''єм.
Де гори та бори, яруги скалисті,
Там є наша воля і власть.
Маємо що пити, маємо що їсти,
Любощів гуцулка нам дасть.
Гуляймо ми, браття, де трави зелені,
Де росов вкривається лист.
По корчах сплетених, де сосна звалена,
Не знайде нас, певно, і біс.
Гуляймо ми, браття, бо більше не будем,
Не будем гуляти ми тут.
Як сніги упадуть - голови складемо,
Не дадуть співати нам тут.
Гуляймо ми, браття, поки ще весело
І поки ще яснії дні.
Краще раз злетіти соколом у небо,
Аніж вічно жити в ярмі.
Акорди (у тональності Em):
Гей, браття опришки, налийте горілки,
До ватри довержте ще дров.
Настрійте ми горло голосом сопілки,  |
А я вам співати готов.               | (2)
Акорди (у тональності Hm):
Гей, браття опришки, налийте горілки,
До ватри довержте ще дров.
Настрійте ми горло голосом сопілки,  |
А я вам співати готов.               | (2)','["pisni.org.ua", "cat:huculski", "cat:suspilno-politychni", "Гуцульські пісні", "Суспільно-політичні пісні"]',1,'published',COALESCE((SELECT created_at FROM songs WHERE id='pisniua_6940'), datetime('now')),datetime('now'));
INSERT OR REPLACE INTO songs_fts(song_id,title,lyrics) VALUES ('pisniua_6940','Гей, браття опришки','Гей, браття опришки, налийте горілки,
До ватри довержте ще дров. *
Настрійте ми горло голосом сопілки,
А я вам співати готов.
Гуляймо ми, браття, в угорській границі.
Годі нас дігнати конем.
Одіж ми дістанем в жидівській крамниці,
А жида до дверей приб''єм.
Де гори та бори, яруги скалисті,
Там є наша воля і власть.
Маємо що пити, маємо що їсти,
Любощів гуцулка нам дасть.
Гуляймо ми, браття, де трави зелені,
Де росов вкривається лист.
По корчах сплетених, де сосна звалена,
Не знайде нас, певно, і біс.
Гуляймо ми, браття, бо більше не будем,
Не будем гуляти ми тут.
Як сніги упадуть - голови складемо,
Не дадуть співати нам тут.
Гуляймо ми, браття, поки ще весело
І поки ще яснії дні.
Краще раз злетіти соколом у небо,
Аніж вічно жити в ярмі.
Акорди (у тональності Em):
Гей, браття опришки, налийте горілки,
До ватри довержте ще дров.
Настрійте ми горло голосом сопілки,  |
А я вам співати готов.               | (2)
Акорди (у тональності Hm):
Гей, браття опришки, налийте горілки,
До ватри довержте ще дров.
Настрійте ми горло голосом сопілки,  |
А я вам співати готов.               | (2)');
INSERT OR REPLACE INTO song_links (id,song_id,title,url,kind,version_id,sort_order) VALUES ('pisniua_6940_l1','pisniua_6940','YouTube','https://www.youtube.com/watch?v=pH_CEqUKiuU','video',NULL,1);
INSERT OR REPLACE INTO song_links (id,song_id,title,url,kind,version_id,sort_order) VALUES ('pisniua_6940_l2','pisniua_6940','Переглянути варіанти >>','https://www.pisni.org.ua/#variants','external',NULL,2);
INSERT OR REPLACE INTO songs (id,title,subtitle,lang,country,period,year,source,notes,lyrics,tags_json,lang_locked,status,created_at,updated_at) VALUES ('pisniua_693491','Три славнії царі','Українська народна пісня. Виконує: Ярослав-на','uk','ukraine_before_1917',NULL,NULL,'1. http://www.nik-mykachiv.narod.ru/ 2. Аудіозапис','* варіянт: пісні Рокове Коло. Стежки до листків про Українські традиції. Староукраїнські Колядки і Щедрівки: Святе Різдво (Свято Різдва Світа: Свят-Вечір – Коляда) ― Святий Збір (Трійця) ― Щедрий Вечір (Свято Місяця й Прадіда: Новий Рік ― Святі Водорщі) ― Весілля: Дівич-Вечір... Великдень... Зелені Свята (Трійця) ― Царинні Містерії... Івана Купала... Астральні Жнива... Рокове Коло.','Три славнії царі, звідки ви прийшли?
З далекого краю, за звіздою йшли.
Щоб побачить рожденного Христа Бога правдивого. |
З Пречистої Діви, Діви Марії.                   | (2)

З далекого Сходу ми сюди прийшли.
Злато, смирну й ладан — дари принесли.
Щоб Дитятко звеселіло і нас всіх благословило.  |
Його прославляймо, славу* співаймо.             | (2)

Ангели співають, Славу віщають.
Пастирі щасливі Людям сповіщають.
Що Христос Бог народився,                       |
в людське тіло воплотився.        |
Слава Рожденному й Матінці Його.                | (2)','["pisni.org.ua", "cat:cerkovni", "cat:christian", "cat:narodni", "Церковні пісні", "Пісні на християнську тематику", "Народні пісні"]',1,'published',COALESCE((SELECT created_at FROM songs WHERE id='pisniua_693491'), datetime('now')),datetime('now'));
INSERT OR REPLACE INTO songs_fts(song_id,title,lyrics) VALUES ('pisniua_693491','Три славнії царі','Три славнії царі, звідки ви прийшли?
З далекого краю, за звіздою йшли.
Щоб побачить рожденного Христа Бога правдивого. |
З Пречистої Діви, Діви Марії.                   | (2)

З далекого Сходу ми сюди прийшли.
Злато, смирну й ладан — дари принесли.
Щоб Дитятко звеселіло і нас всіх благословило.  |
Його прославляймо, славу* співаймо.             | (2)

Ангели співають, Славу віщають.
Пастирі щасливі Людям сповіщають.
Що Христос Бог народився,                       |
в людське тіло воплотився.        |
Слава Рожденному й Матінці Його.                | (2)');
INSERT OR REPLACE INTO song_links (id,song_id,title,url,kind,version_id,sort_order) VALUES ('pisniua_693491_l1','pisniua_693491','YouTube','https://www.youtube.com/watch?v=qim8gGMcCFQ','video',NULL,1);
INSERT OR REPLACE INTO song_links (id,song_id,title,url,kind,version_id,sort_order) VALUES ('pisniua_693491_l2','pisniua_693491','YouTube','https://www.youtube.com/watch?v=oebrInqF430','video',NULL,2);
INSERT OR REPLACE INTO songs (id,title,subtitle,lang,country,period,year,source,notes,lyrics,tags_json,lang_locked,status,created_at,updated_at) VALUES ('pisniua_692899','Неповторність','Музика: Олександр Злотник Слова: Андрій Демиденко. Виконує: Оксана Білозір','uk','ukraine_1991',NULL,NULL,'аудіозапис',NULL,'Будь щасливою, людино,
Зустрінь свій час, не запізнись.
Цінуймо світ цей щохвилинно -
Він не повториться на біс.
То засіяє яворино,
А то громами засурмить.
Цінуймо світ цей щохвилини -
Він неповторний, як і ми.

Приспів:
Кожна доля єдина, єдина,
Все навкруг не повториться знов.
Неповторна кожна людина,
Неповторна кожна любов.

То квітнуть весни білопінно,
А то вже осінь б''є крильми.
Цінуймо світ цей щохвилинно -
Він неповторний, як і ми.
Тобі моє не пережити,
Мені тебе не повторить.
Ми тим прекрасні в цьому світі,
Що неповторні кожну мить.

Приспів. (3)','["pisni.org.ua", "cat:zahalni-cinnosti", "Пісні про загальнолюдські цінності"]',1,'published',COALESCE((SELECT created_at FROM songs WHERE id='pisniua_692899'), datetime('now')),datetime('now'));
INSERT OR REPLACE INTO songs_fts(song_id,title,lyrics) VALUES ('pisniua_692899','Неповторність','Будь щасливою, людино,
Зустрінь свій час, не запізнись.
Цінуймо світ цей щохвилинно -
Він не повториться на біс.
То засіяє яворино,
А то громами засурмить.
Цінуймо світ цей щохвилини -
Він неповторний, як і ми.

Приспів:
Кожна доля єдина, єдина,
Все навкруг не повториться знов.
Неповторна кожна людина,
Неповторна кожна любов.

То квітнуть весни білопінно,
А то вже осінь б''є крильми.
Цінуймо світ цей щохвилинно -
Він неповторний, як і ми.
Тобі моє не пережити,
Мені тебе не повторить.
Ми тим прекрасні в цьому світі,
Що неповторні кожну мить.

Приспів. (3)');
INSERT OR REPLACE INTO song_links (id,song_id,title,url,kind,version_id,sort_order) VALUES ('pisniua_692899_l1','pisniua_692899','YouTube','https://www.youtube.com/watch?v=m-Ekvt4tN_Y','video',NULL,1);
INSERT OR REPLACE INTO songs (id,title,subtitle,lang,country,period,year,source,notes,lyrics,tags_json,lang_locked,status,created_at,updated_at) VALUES ('pisniua_690797','Найсвітліше свято','Музика: Богдан Косопуд Слова: Богдан Косопуд. Виконує: Богдан Косопуд','uk','ukraine_1991',NULL,NULL,'Авторське подання',NULL,'Найсвітліше свято із всіх свят -
Воскресіння Господа Ісуса.
Він своїм розп''яттям нам довів,
Як збороти злобу і спокуси.

Поборов він силу сатани,          |
Подолавши смерть у Воскресінні.   |
За його страждання на хресті      |
І пролиту кров усі ми винні.      | (2)

Він прийшов народи всі спасти,
У гріхах розкаятись благав нас,
Та Святою Кров''ю освятив
Нас назавжди - нині і повсякчас.

Люди, будьмо люди і любім         |
Щиро всіх - і ближнього, і брата, |
Бо спокуси й силу сатани          |
Лиш любов''ю можна подолати.       | (2)

Поборов він силу сатани,
Подолавши смерть у Воскресінні.
За його страждання на хресті
І пролиту кров усі ми винні.

Люди, будьмо люди та любім
Щиро всіх - і ближнього, і брата,
Бо спокуси й силу сатани
Лиш любов''ю можна подолати','["pisni.org.ua", "cat:cerkovni", "cat:voskresni", "Церковні пісні", "Воскресні пісні"]',1,'published',COALESCE((SELECT created_at FROM songs WHERE id='pisniua_690797'), datetime('now')),datetime('now'));
INSERT OR REPLACE INTO songs_fts(song_id,title,lyrics) VALUES ('pisniua_690797','Найсвітліше свято','Найсвітліше свято із всіх свят -
Воскресіння Господа Ісуса.
Він своїм розп''яттям нам довів,
Як збороти злобу і спокуси.

Поборов він силу сатани,          |
Подолавши смерть у Воскресінні.   |
За його страждання на хресті      |
І пролиту кров усі ми винні.      | (2)

Він прийшов народи всі спасти,
У гріхах розкаятись благав нас,
Та Святою Кров''ю освятив
Нас назавжди - нині і повсякчас.

Люди, будьмо люди і любім         |
Щиро всіх - і ближнього, і брата, |
Бо спокуси й силу сатани          |
Лиш любов''ю можна подолати.       | (2)

Поборов він силу сатани,
Подолавши смерть у Воскресінні.
За його страждання на хресті
І пролиту кров усі ми винні.

Люди, будьмо люди та любім
Щиро всіх - і ближнього, і брата,
Бо спокуси й силу сатани
Лиш любов''ю можна подолати');
INSERT OR REPLACE INTO song_links (id,song_id,title,url,kind,version_id,sort_order) VALUES ('pisniua_690797_l1','pisniua_690797','YouTube','https://www.youtube.com/watch?v=A_k8giMhtpY','video',NULL,1);
INSERT OR REPLACE INTO songs (id,title,subtitle,lang,country,period,year,source,notes,lyrics,tags_json,lang_locked,status,created_at,updated_at) VALUES ('pisniua_689899','Я маю право','Музика: Андрій Панчишин Слова: Андрій Панчишин. Виконує: Андрій Панчишин','uk','ukraine_1991',NULL,NULL,'аудіозапис',NULL,'Я маю право їсти і пити,
І регулярно з жінкою жити.
Я маю право митися в бані
І годувати рибок в фонтані.

Я такий щасливий,
Я такий щасливий,
Бо я маю право мати право,
Я маю право мати право.

Я маю право випити пива
І у відпустку жити красиво,
Я маю право служити в війську
І розмовляти по українськи.

Я такий щасливий,
Я такий щасливий,
Бо я маю право мати право.

Я маю право жити до смерті
І в персональному ліжку померти.

Я такий щасливий,
Я такий щасливий,
Бо я маю право мати право.

Ти такий щасливий,
Ти такий щасливий,
Бо ти маєш право мати право.

Ми такі щасливі,
Ми такі щасливі,
Бо ми маєм право мати право.

І, всі такі щасливі,
Всі такі щасливі,
Бо всі мають право мати право.','["pisni.org.ua", "cat:suspilno-politychni", "Суспільно-політичні пісні"]',1,'published',COALESCE((SELECT created_at FROM songs WHERE id='pisniua_689899'), datetime('now')),datetime('now'));
INSERT OR REPLACE INTO songs_fts(song_id,title,lyrics) VALUES ('pisniua_689899','Я маю право','Я маю право їсти і пити,
І регулярно з жінкою жити.
Я маю право митися в бані
І годувати рибок в фонтані.

Я такий щасливий,
Я такий щасливий,
Бо я маю право мати право,
Я маю право мати право.

Я маю право випити пива
І у відпустку жити красиво,
Я маю право служити в війську
І розмовляти по українськи.

Я такий щасливий,
Я такий щасливий,
Бо я маю право мати право.

Я маю право жити до смерті
І в персональному ліжку померти.

Я такий щасливий,
Я такий щасливий,
Бо я маю право мати право.

Ти такий щасливий,
Ти такий щасливий,
Бо ти маєш право мати право.

Ми такі щасливі,
Ми такі щасливі,
Бо ми маєм право мати право.

І, всі такі щасливі,
Всі такі щасливі,
Бо всі мають право мати право.');
INSERT OR REPLACE INTO songs (id,title,subtitle,lang,country,period,year,source,notes,lyrics,tags_json,lang_locked,status,created_at,updated_at) VALUES ('pisniua_698271','Різдвяна','Музика: Марія Бурмака Слова: Олекса Стефанович. Виконує: Марія Бурмака','uk','ukraine_before_1917',NULL,NULL,'аудіозапис',NULL,'Свіжеє сіно, ясла кленові,
В яслах дитина.
Діва Марія коси шовкові
Стеле для сина.

Біле ягнятко дише на Бога,
Сивеє дише, дише на Бога,
Щоби для його було тепліше.

В небі черкають крила об крила
Янголів сила.
В небі ніколи зірка зраділа -
Так не дзвонила.

Дзвонить ялина десь у діброві,
В лузі калина.
Свіжеє сіно в яслах кленових,
В яслах дитина.','["pisni.org.ua", "cat:shchedrivky", "cat:suchasni-pisni-rizdvo", "Щедрівки", "Сучасні пісні про Різдвяні свята"]',1,'published',COALESCE((SELECT created_at FROM songs WHERE id='pisniua_698271'), datetime('now')),datetime('now'));
INSERT OR REPLACE INTO songs_fts(song_id,title,lyrics) VALUES ('pisniua_698271','Різдвяна','Свіжеє сіно, ясла кленові,
В яслах дитина.
Діва Марія коси шовкові
Стеле для сина.

Біле ягнятко дише на Бога,
Сивеє дише, дише на Бога,
Щоби для його було тепліше.

В небі черкають крила об крила
Янголів сила.
В небі ніколи зірка зраділа -
Так не дзвонила.

Дзвонить ялина десь у діброві,
В лузі калина.
Свіжеє сіно в яслах кленових,
В яслах дитина.');
INSERT OR REPLACE INTO songs (id,title,subtitle,lang,country,period,year,source,notes,lyrics,tags_json,lang_locked,status,created_at,updated_at) VALUES ('pisniua_69797','Над морем','Музика: Володимир Івасюк Слова: Дмитро Павличко. Виконує: Ватра, Русичі, Тарас Чубай, Назар Савко','uk','ukraine_1991',NULL,NULL,'текст: http://ivasyuk.domivka.net/ Акорди: DNko_кізюк','Підбір акордів: DNko_кізюк','В морі я хотів печаль свою втопить,
Я до моря вийшов рано - море спить,
І мені його будити стало жаль,
Залишилася мені моя печаль
Ополуднi йду до моря і здаля
Бачу що воно сміється, як маля,
І мені його смутити стало жаль,
Залишилася мені моя печаль.
Уночі до моря, знову, я прибіг,
А воно ридало біля ніг моїх
І мені його самого стало жаль,
Залишилася мені моя  печаль.','["pisni.org.ua", "cat:krasa-pryrody", "Пісні про красу природи"]',1,'published',COALESCE((SELECT created_at FROM songs WHERE id='pisniua_69797'), datetime('now')),datetime('now'));
INSERT OR REPLACE INTO songs_fts(song_id,title,lyrics) VALUES ('pisniua_69797','Над морем','В морі я хотів печаль свою втопить,
Я до моря вийшов рано - море спить,
І мені його будити стало жаль,
Залишилася мені моя печаль
Ополуднi йду до моря і здаля
Бачу що воно сміється, як маля,
І мені його смутити стало жаль,
Залишилася мені моя печаль.
Уночі до моря, знову, я прибіг,
А воно ридало біля ніг моїх
І мені його самого стало жаль,
Залишилася мені моя  печаль.');
INSERT OR REPLACE INTO song_links (id,song_id,title,url,kind,version_id,sort_order) VALUES ('pisniua_69797_l1','pisniua_69797','YouTube','https://www.youtube.com/watch?v=Fi2Mp4iTBW0','video',NULL,1);
INSERT OR REPLACE INTO song_links (id,song_id,title,url,kind,version_id,sort_order) VALUES ('pisniua_69797_l2','pisniua_69797','YouTube','https://www.youtube.com/watch?v=PQPLzMIBZD8','video',NULL,2);
INSERT OR REPLACE INTO songs (id,title,subtitle,lang,country,period,year,source,notes,lyrics,tags_json,lang_locked,status,created_at,updated_at) VALUES ('pisniua_69757','Мила моя','Музика: Володимир Івасюк Слова: Володимир Івасюк. Виконує: Василь Зінкевич, Володимир Івасюк, Карпати','uk','ukraine_before_1917',NULL,NULL,'http://ivasyuk.domivka.net/',NULL,'Я піду в далекі гори
У вечірнюю годину
І попрошу вітра зворів,
Щоб не спав, не спав до днини.

Щоб летів на вільних крилах
У широкі полонини
І приніс до ранку квіти,
Що так люблять очі сині.

Приспів:
Мила моя, люба моя,
Квіте ясен цвіт,
Я несу в очах до тебе
Весь блакитний світ.
Я несу в устах цілунки,
Радісні пісні,
А в руках несу я ласку
Й квіти весняні.

Якщо ж вітер полетіти
В полонини не захоче,
Все одно знайду я квіти,
Що так люблять сині очі.

Перейду я бистрі ріки
І піднімусь аж за хмари,
І шляхи мені покажуть
Твоя врода, твої чари.

Приспів.','["pisni.org.ua", "cat:lirychni", "Пісні про кохання, ліричні"]',1,'published',COALESCE((SELECT created_at FROM songs WHERE id='pisniua_69757'), datetime('now')),datetime('now'));
INSERT OR REPLACE INTO songs_fts(song_id,title,lyrics) VALUES ('pisniua_69757','Мила моя','Я піду в далекі гори
У вечірнюю годину
І попрошу вітра зворів,
Щоб не спав, не спав до днини.

Щоб летів на вільних крилах
У широкі полонини
І приніс до ранку квіти,
Що так люблять очі сині.

Приспів:
Мила моя, люба моя,
Квіте ясен цвіт,
Я несу в очах до тебе
Весь блакитний світ.
Я несу в устах цілунки,
Радісні пісні,
А в руках несу я ласку
Й квіти весняні.

Якщо ж вітер полетіти
В полонини не захоче,
Все одно знайду я квіти,
Що так люблять сині очі.

Перейду я бистрі ріки
І піднімусь аж за хмари,
І шляхи мені покажуть
Твоя врода, твої чари.

Приспів.');
INSERT OR REPLACE INTO song_links (id,song_id,title,url,kind,version_id,sort_order) VALUES ('pisniua_69757_l1','pisniua_69757','YouTube','https://www.youtube.com/watch?v=V3i7Pr9S1G0','video',NULL,1);
INSERT OR REPLACE INTO song_links (id,song_id,title,url,kind,version_id,sort_order) VALUES ('pisniua_69757_l2','pisniua_69757','YouTube','https://www.youtube.com/watch?v=XolO5uz8e34','video',NULL,2);
INSERT OR REPLACE INTO song_links (id,song_id,title,url,kind,version_id,sort_order) VALUES ('pisniua_69757_l3','pisniua_69757','Переглянути варіанти >>','https://www.pisni.org.ua/#variants','external',NULL,3);
INSERT OR REPLACE INTO songs (id,title,subtitle,lang,country,period,year,source,notes,lyrics,tags_json,lang_locked,status,created_at,updated_at) VALUES ('pisniua_699348','Перша вчителька','Музика: Михайло Герц Слова: Лариса Бегун','uk','ukraine_1991',NULL,NULL,'збірка пісень "Різвяна зіронька"',NULL,'Ось і закінчилось літо,
В школу збиратись вже час.
Двері у школі відкриті,
Школа чекає на нас.

Приспів:
Вчительку першу і школу
Кожний в душі збереже.
Нам не забути ніколи,
Вчителько перша тебе.

2.

3.','["pisni.org.ua", "cat:shkilni", "Пісні про школу"]',1,'published',COALESCE((SELECT created_at FROM songs WHERE id='pisniua_699348'), datetime('now')),datetime('now'));
INSERT OR REPLACE INTO songs_fts(song_id,title,lyrics) VALUES ('pisniua_699348','Перша вчителька','Ось і закінчилось літо,
В школу збиратись вже час.
Двері у школі відкриті,
Школа чекає на нас.

Приспів:
Вчительку першу і школу
Кожний в душі збереже.
Нам не забути ніколи,
Вчителько перша тебе.

2.

3.');
INSERT OR REPLACE INTO songs (id,title,subtitle,lang,country,period,year,source,notes,lyrics,tags_json,lang_locked,status,created_at,updated_at) VALUES ('pisniua_698252','Ой у полі при дорозі','Музика: народ Слова: народ. Виконує: Марія Бурмака','uk','ukraine_before_1917',NULL,NULL,'аудіозапис',NULL,'Добрий вечір, щедрий вечір,
Добрий вечір, щедрий вечір.

Ой у полі при дорозі.
Щедрий вечір, добрий вечір!

Там Василько сіно косить.
Щедрий вечір, добрий вечір!

Сіно косить, коню носить.
Щедрий вечір, добрий вечір!

Коню носить, коня просить.
Щедрий вечір, добрий вечір!

Коню носить, коня просить.
Щедрий вечір, добрий вечір!
Буде йому три дорозі.
Щедрий вечір, добрий вечір!

А що перша - до батечка.
Щедрий вечір, добрий вечір!

А другая - до матінки.
Щедрий вечір, добрий вечір!

А що третя - до дівчини.
Щедрий вечір, добрий вечір!

До дівчини по хусточку.
Щедрий вечір, добрий вечір!

До матінки по шапочку.
Щедрий вечір, добрий вечір!

До батечка по сорочку.
Щедрий вечір, добрий вечір!

Ой у полі при дорозі.
Щедрий вечір, добрий вечір!

Там Василько сіно косить.
Щедрий вечір, добрий вечір!

Коню носить, коня просить.
Щедрий вечір, добрий вечір!

Буде йому три дорозі.
Щедрий вечір, добрий вечір!

Добрий вечір, щедрий вечір,
Добрий вечір, щедрий вечір.','["pisni.org.ua", "cat:shchedrivky", "Щедрівки"]',1,'published',COALESCE((SELECT created_at FROM songs WHERE id='pisniua_698252'), datetime('now')),datetime('now'));
INSERT OR REPLACE INTO songs_fts(song_id,title,lyrics) VALUES ('pisniua_698252','Ой у полі при дорозі','Добрий вечір, щедрий вечір,
Добрий вечір, щедрий вечір.

Ой у полі при дорозі.
Щедрий вечір, добрий вечір!

Там Василько сіно косить.
Щедрий вечір, добрий вечір!

Сіно косить, коню носить.
Щедрий вечір, добрий вечір!

Коню носить, коня просить.
Щедрий вечір, добрий вечір!

Коню носить, коня просить.
Щедрий вечір, добрий вечір!
Буде йому три дорозі.
Щедрий вечір, добрий вечір!

А що перша - до батечка.
Щедрий вечір, добрий вечір!

А другая - до матінки.
Щедрий вечір, добрий вечір!

А що третя - до дівчини.
Щедрий вечір, добрий вечір!

До дівчини по хусточку.
Щедрий вечір, добрий вечір!

До матінки по шапочку.
Щедрий вечір, добрий вечір!

До батечка по сорочку.
Щедрий вечір, добрий вечір!

Ой у полі при дорозі.
Щедрий вечір, добрий вечір!

Там Василько сіно косить.
Щедрий вечір, добрий вечір!

Коню носить, коня просить.
Щедрий вечір, добрий вечір!

Буде йому три дорозі.
Щедрий вечір, добрий вечір!

Добрий вечір, щедрий вечір,
Добрий вечір, щедрий вечір.');
INSERT OR REPLACE INTO songs (id,title,subtitle,lang,country,period,year,source,notes,lyrics,tags_json,lang_locked,status,created_at,updated_at) VALUES ('pisniua_699644','Розмова Павла Полуботка з Петром Першим','Музика: Ігор Жук Слова: Ігор Жук. Виконує: Ігор Жук','uk','ukraine_1991',NULL,NULL,'аудіо',NULL,'Чи був я гетьман, чи твій слуга
Спасибі, Петре, за булаву!
Ми нині квити, я не в боргах
Життя скінчилось то й не живу.

Життя скінчилось - та лиш моє
Бо ще не вмерла, бо вже встає
Розправить плечі земля моя
З плечей, як муху, змахне царя.

Цікаві, Петре, в нас імена!
У тій фортеці, що їх єдна
В твоєму Бурзі, як битий пес
Стоїш і просиш щоб я воскрес.

Ну що ти, Петре - чи я Христос?
Душі ж козацькій не помирать
А кості ляжуть до тих кісток
На котрих стіни твої стоять.

Ми всі не вічні близька вже мить
Коли й тобі хтось шепне: "Пора!"
І впаде тіло, душа злетить
І Бог розсудить Павла й Петра.','["pisni.org.ua", "cat:istorychni", "Історичні пісні"]',1,'published',COALESCE((SELECT created_at FROM songs WHERE id='pisniua_699644'), datetime('now')),datetime('now'));
INSERT OR REPLACE INTO songs_fts(song_id,title,lyrics) VALUES ('pisniua_699644','Розмова Павла Полуботка з Петром Першим','Чи був я гетьман, чи твій слуга
Спасибі, Петре, за булаву!
Ми нині квити, я не в боргах
Життя скінчилось то й не живу.

Життя скінчилось - та лиш моє
Бо ще не вмерла, бо вже встає
Розправить плечі земля моя
З плечей, як муху, змахне царя.

Цікаві, Петре, в нас імена!
У тій фортеці, що їх єдна
В твоєму Бурзі, як битий пес
Стоїш і просиш щоб я воскрес.

Ну що ти, Петре - чи я Христос?
Душі ж козацькій не помирать
А кості ляжуть до тих кісток
На котрих стіни твої стоять.

Ми всі не вічні близька вже мить
Коли й тобі хтось шепне: "Пора!"
І впаде тіло, душа злетить
І Бог розсудить Павла й Петра.');
INSERT OR REPLACE INTO songs (id,title,subtitle,lang,country,period,year,source,notes,lyrics,tags_json,lang_locked,status,created_at,updated_at) VALUES ('pisniua_697656','Розкидана країна','Музика: Леся Горова Слова: Леся Горова. Виконує: Леся Горова','uk','ukraine_1991',NULL,NULL,'аудіозапис',NULL,'Австралія, Європа, Америка, Канада -
Розкинулась широко українська громада.
Немов листки за вітром, порозлітались люди,
Не знаючи, що з ними в краю далекім буде.

Приспів:
Розкидана країна
По цілому світу.
Питає Україна:
- Як там мої діти?
Назавжди зупинились
У краю чужому,
Чи світу надивились,
Вертаються додому?

Когось лиха недоля із домом розлучила,
На чужині далекій самотнім залишила.
Хтось їхав за коханням, а хтось тікав від нього, -
Шукати свого щастя покликала дорога.

Приспів.

Ми рознесем по світу українську пісню
І вишиту сорочку, і зоряне намисто.
І де б не опинились, духом ми єдині,
Ми сильні і незламні, і вірні Україні.

Приспів.','["pisni.org.ua", "cat:emigration", "Пісні про еміґрацію"]',1,'published',COALESCE((SELECT created_at FROM songs WHERE id='pisniua_697656'), datetime('now')),datetime('now'));
INSERT OR REPLACE INTO songs_fts(song_id,title,lyrics) VALUES ('pisniua_697656','Розкидана країна','Австралія, Європа, Америка, Канада -
Розкинулась широко українська громада.
Немов листки за вітром, порозлітались люди,
Не знаючи, що з ними в краю далекім буде.

Приспів:
Розкидана країна
По цілому світу.
Питає Україна:
- Як там мої діти?
Назавжди зупинились
У краю чужому,
Чи світу надивились,
Вертаються додому?

Когось лиха недоля із домом розлучила,
На чужині далекій самотнім залишила.
Хтось їхав за коханням, а хтось тікав від нього, -
Шукати свого щастя покликала дорога.

Приспів.

Ми рознесем по світу українську пісню
І вишиту сорочку, і зоряне намисто.
І де б не опинились, духом ми єдині,
Ми сильні і незламні, і вірні Україні.

Приспів.');
INSERT OR REPLACE INTO song_links (id,song_id,title,url,kind,version_id,sort_order) VALUES ('pisniua_697656_l1','pisniua_697656','YouTube','https://www.youtube.com/watch?v=O4O7PR-PhZk','video',NULL,1);
INSERT OR REPLACE INTO songs (id,title,subtitle,lang,country,period,year,source,notes,lyrics,tags_json,lang_locked,status,created_at,updated_at) VALUES ('pisniua_69940','У долі своя весна','Музика: Володимир Івасюк Слова: Юрій Рибчинський. Виконує: Софія Ротару, Лілія Сандулеса, Ані Лорак, Наталка Карпа','uk','ukraine_before_1917',NULL,NULL,'http://ivasyuk.domivka.net/',NULL,'Ти вернешся колись в той перший день,
Ти вернешся і все згадаєш знов.
Я хочу, щоб збулись слова пісень,
Я хочу, щоб збулась любов.

Приспів:
У тебе любов — одна.
У мене любов — одна.
Крізь роки веде вона
У той найперший день.
У щастя — своя струна,
У долі — своя весна.
Хай буде завжди вона
В полоні у пісень.

Сім кроків до весни — та знову сніг,
Той ніжний білий сніг вінчає нас.
Я хочу, щоб збулись зимові сни,
Я хочу, щоб любов збулась.

Приспів.

Нехай іще зима — та все одно
Я двері відчиню своїй весні.
І щастя прилетить в моє вікно
І сонце принесе мені.

Приспів','["pisni.org.ua", "cat:lirychni", "cat:nostalgia", "Пісні про кохання, ліричні", "Пісні з ностальгічними мотивами"]',1,'published',COALESCE((SELECT created_at FROM songs WHERE id='pisniua_69940'), datetime('now')),datetime('now'));
INSERT OR REPLACE INTO songs_fts(song_id,title,lyrics) VALUES ('pisniua_69940','У долі своя весна','Ти вернешся колись в той перший день,
Ти вернешся і все згадаєш знов.
Я хочу, щоб збулись слова пісень,
Я хочу, щоб збулась любов.

Приспів:
У тебе любов — одна.
У мене любов — одна.
Крізь роки веде вона
У той найперший день.
У щастя — своя струна,
У долі — своя весна.
Хай буде завжди вона
В полоні у пісень.

Сім кроків до весни — та знову сніг,
Той ніжний білий сніг вінчає нас.
Я хочу, щоб збулись зимові сни,
Я хочу, щоб любов збулась.

Приспів.

Нехай іще зима — та все одно
Я двері відчиню своїй весні.
І щастя прилетить в моє вікно
І сонце принесе мені.

Приспів');
INSERT OR REPLACE INTO song_links (id,song_id,title,url,kind,version_id,sort_order) VALUES ('pisniua_69940_l1','pisniua_69940','YouTube','https://www.youtube.com/watch?v=kHmoqUtBlao','video',NULL,1);
INSERT OR REPLACE INTO song_links (id,song_id,title,url,kind,version_id,sort_order) VALUES ('pisniua_69940_l2','pisniua_69940','YouTube','https://www.youtube.com/watch?v=1hcka1mRMmM','video',NULL,2);
INSERT OR REPLACE INTO song_links (id,song_id,title,url,kind,version_id,sort_order) VALUES ('pisniua_69940_l3','pisniua_69940','YouTube','https://www.youtube.com/watch?v=8Ui78gsb4XA','video',NULL,3);
INSERT OR REPLACE INTO song_links (id,song_id,title,url,kind,version_id,sort_order) VALUES ('pisniua_69940_l4','pisniua_69940','YouTube','https://www.youtube.com/watch?v=MTnOpGSUtuk','video',NULL,4);
INSERT OR REPLACE INTO songs (id,title,subtitle,lang,country,period,year,source,notes,lyrics,tags_json,lang_locked,status,created_at,updated_at) VALUES ('pisniua_699757','Як у нас на Україні','Українська народна пісня. Виконує: Катерина Бужинська','uk','ukraine_before_1917',NULL,NULL,NULL,NULL,'Am
Тече річка-невеличка,
Через гори, через гай.
Am
Рано вранці небо кличе,
G
Вставай сонце - вставай.
C
Розбуди усе навколо,
Хай почує рідний край.
Am
Пісню гарну, серцю милу,
E
Добрим людям співай.

Приспів (2):
Як у нас на Україні -
E
Всі лани квітучі,
Так у нас на Україні -
E
Люди всі співучі.
Хай же щастя в домі
E7
І пісень багато,
Бо без пісні в Україні
E7
Не буває свята.

Тече річка в синє море,
Прокладає собі путь.
І малі струмки прозорі,
Сил мені додають.

По землі вода гуляє,
Напуває рідний край.
Все довкола оживає,
Співай земле, співай.

Приспів.','["pisni.org.ua", "cat:patriotic", "Патріотичні пісні"]',1,'published',COALESCE((SELECT created_at FROM songs WHERE id='pisniua_699757'), datetime('now')),datetime('now'));
INSERT OR REPLACE INTO songs_fts(song_id,title,lyrics) VALUES ('pisniua_699757','Як у нас на Україні','Am
Тече річка-невеличка,
Через гори, через гай.
Am
Рано вранці небо кличе,
G
Вставай сонце - вставай.
C
Розбуди усе навколо,
Хай почує рідний край.
Am
Пісню гарну, серцю милу,
E
Добрим людям співай.

Приспів (2):
Як у нас на Україні -
E
Всі лани квітучі,
Так у нас на Україні -
E
Люди всі співучі.
Хай же щастя в домі
E7
І пісень багато,
Бо без пісні в Україні
E7
Не буває свята.

Тече річка в синє море,
Прокладає собі путь.
І малі струмки прозорі,
Сил мені додають.

По землі вода гуляє,
Напуває рідний край.
Все довкола оживає,
Співай земле, співай.

Приспів.');
INSERT OR REPLACE INTO song_links (id,song_id,title,url,kind,version_id,sort_order) VALUES ('pisniua_699757_l1','pisniua_699757','YouTube','https://www.youtube.com/watch?v=QT_B0crOiWw','video',NULL,1);
INSERT OR REPLACE INTO song_links (id,song_id,title,url,kind,version_id,sort_order) VALUES ('pisniua_699757_l2','pisniua_699757','YouTube','https://www.youtube.com/watch?v=FrCMKP2zA88','video',NULL,2);
INSERT OR REPLACE INTO song_links (id,song_id,title,url,kind,version_id,sort_order) VALUES ('pisniua_699757_l3','pisniua_699757','YouTube','https://www.youtube.com/watch?v=BkW0_MBKxQo','video',NULL,3);
INSERT OR REPLACE INTO songs (id,title,subtitle,lang,country,period,year,source,notes,lyrics,tags_json,lang_locked,status,created_at,updated_at) VALUES ('pisniua_693776','Колискова для матері','Музика: Богдан-Юрій Янівський Слова: Богдан Стельмах. Виконує: Богдан Косопуд','uk','ukraine_before_1917',NULL,NULL,'аудіозапис',NULL,'Шуміло десять яворів
Літаками в піднебесся.
Ішли сини від матерів,
А від нашої, нашої десять,
А від нашої сивої, сивої,
Ой щоднини по синові, синові...
Десять довгих, тривожних прощань
Пригортали її до плеча...

"Люлі, синку, люлі!
Промінь сонця згас.
Хай ворожі кулі
Оминають вас".

Явори поснулі мріють просто неба
Та при битій дорозі,
Та при битій дорозі...
Ішло дивізій і полків
За життя Батьківщини.
Упало дев''ять юнаків і десятий,
Десятий загинув.
По одному і парами, парами
Хлопці падали, падали, падали...
Не на шлях під осіннім дощем -
Впали мамі своїй на плече...

"Люлі, мамо, люлі!
Промінь сонця згас.
Ой ворожі кулі
Не минули нас".

Явори поснулі мріють просто неба
Та при битій дорозі,
Та при битій дорозі...
Шумлять дерева в білий світ
До небес, до розстань...
Виходить мати до воріт,
А сини, а сини не вертають.
Лиш дощами і холодом, холодом
Попід вікнами ходимо, ходимо,
А як ніч, а як ніч настає,
Біля матері разом стаєм...

"Люлі, мамо, люлі!
Промінь сонця згас.
Ой, ворожі кулі
Не минули нас".

Явори поснулі мріють просто неба
Та при битій дорозі,
Та при битій дорозі...
Закують зозулі!
Іншим жити треба.
Ранок став на порозі!
Ранок став на порозі!','["pisni.org.ua", "cat:kolyskovi", "Колискові"]',1,'published',COALESCE((SELECT created_at FROM songs WHERE id='pisniua_693776'), datetime('now')),datetime('now'));
INSERT OR REPLACE INTO songs_fts(song_id,title,lyrics) VALUES ('pisniua_693776','Колискова для матері','Шуміло десять яворів
Літаками в піднебесся.
Ішли сини від матерів,
А від нашої, нашої десять,
А від нашої сивої, сивої,
Ой щоднини по синові, синові...
Десять довгих, тривожних прощань
Пригортали її до плеча...

"Люлі, синку, люлі!
Промінь сонця згас.
Хай ворожі кулі
Оминають вас".

Явори поснулі мріють просто неба
Та при битій дорозі,
Та при битій дорозі...
Ішло дивізій і полків
За життя Батьківщини.
Упало дев''ять юнаків і десятий,
Десятий загинув.
По одному і парами, парами
Хлопці падали, падали, падали...
Не на шлях під осіннім дощем -
Впали мамі своїй на плече...

"Люлі, мамо, люлі!
Промінь сонця згас.
Ой ворожі кулі
Не минули нас".

Явори поснулі мріють просто неба
Та при битій дорозі,
Та при битій дорозі...
Шумлять дерева в білий світ
До небес, до розстань...
Виходить мати до воріт,
А сини, а сини не вертають.
Лиш дощами і холодом, холодом
Попід вікнами ходимо, ходимо,
А як ніч, а як ніч настає,
Біля матері разом стаєм...

"Люлі, мамо, люлі!
Промінь сонця згас.
Ой, ворожі кулі
Не минули нас".

Явори поснулі мріють просто неба
Та при битій дорозі,
Та при битій дорозі...
Закують зозулі!
Іншим жити треба.
Ранок став на порозі!
Ранок став на порозі!');
INSERT OR REPLACE INTO songs (id,title,subtitle,lang,country,period,year,source,notes,lyrics,tags_json,lang_locked,status,created_at,updated_at) VALUES ('pisniua_7102666','Косо ж моя дрібненькая','Українська народна пісня. Виконує: Софія Практика','uk','ukraine_before_1917',NULL,NULL,'1. Практика Софія Михайлівна; село Деревні, Жовківський район, Львівська область.','Транскрипція тексту: Катерина Практика Транскрипція нотна: Андрій Вовчак Весілля у селі Деревні Жовківського району Львівської області Пісню співають під час обряду розплітання коси','Косо ж моя дрібненькая, косо ж моя дрімна,
Ой то я ті розчесала, головонько бідна,

То''м ті розчесала,
Не одної суботоньки нічки не доспала','["pisni.org.ua", "cat:halycki", "Пісні з Галичини"]',1,'published',COALESCE((SELECT created_at FROM songs WHERE id='pisniua_7102666'), datetime('now')),datetime('now'));
INSERT OR REPLACE INTO songs_fts(song_id,title,lyrics) VALUES ('pisniua_7102666','Косо ж моя дрібненькая','Косо ж моя дрібненькая, косо ж моя дрімна,
Ой то я ті розчесала, головонько бідна,

То''м ті розчесала,
Не одної суботоньки нічки не доспала');
INSERT OR REPLACE INTO songs (id,title,subtitle,lang,country,period,year,source,notes,lyrics,tags_json,lang_locked,status,created_at,updated_at) VALUES ('pisniua_695271','Дорога до Господа','Музика: Іво Бобул Слова: Вадим Крищенко. Виконує: Іво Бобул','uk','ukraine_1991',NULL,NULL,NULL,NULL,'Я іду по життю як по каменях іду,
Не минаючи біль і тривогу,
Поєднавши в душі тиху ласку й біду
Все шукаю до Бога дорогу.
Давня віра, яка ще з дитинства жива,
Слову словом церковним озветься
І молитви господні, і віщі слова  |
Притулю я до вічного серця.       | (2)

Приспів
Господи - дай нам уміння чути твій голос небес,
Щоб не всихало коріння, щоб день для щастя воскрес.
Господи — дай нам любові, щоб не пропасти в журбі,
В тисячолітній обнові молимось всі ми тобі...

З нас ніхто не святий, кожен має свій гріх,
Хоч вдягаємо маску на лиця,
Все частіше моли і за себе й за всіх
Й тихо хочеться стать помолиться.
В час земних катастроф  та людських протиріч
Не надійсь на удачу та силу,
І зринають слова, наче кредо сторіч - |
Боже, Боже — спаси і помилуй.         | (2)','["pisni.org.ua", "cat:zahalni-cinnosti", "Пісні про загальнолюдські цінності"]',1,'published',COALESCE((SELECT created_at FROM songs WHERE id='pisniua_695271'), datetime('now')),datetime('now'));
INSERT OR REPLACE INTO songs_fts(song_id,title,lyrics) VALUES ('pisniua_695271','Дорога до Господа','Я іду по життю як по каменях іду,
Не минаючи біль і тривогу,
Поєднавши в душі тиху ласку й біду
Все шукаю до Бога дорогу.
Давня віра, яка ще з дитинства жива,
Слову словом церковним озветься
І молитви господні, і віщі слова  |
Притулю я до вічного серця.       | (2)

Приспів
Господи - дай нам уміння чути твій голос небес,
Щоб не всихало коріння, щоб день для щастя воскрес.
Господи — дай нам любові, щоб не пропасти в журбі,
В тисячолітній обнові молимось всі ми тобі...

З нас ніхто не святий, кожен має свій гріх,
Хоч вдягаємо маску на лиця,
Все частіше моли і за себе й за всіх
Й тихо хочеться стать помолиться.
В час земних катастроф  та людських протиріч
Не надійсь на удачу та силу,
І зринають слова, наче кредо сторіч - |
Боже, Боже — спаси і помилуй.         | (2)');
INSERT OR REPLACE INTO song_links (id,song_id,title,url,kind,version_id,sort_order) VALUES ('pisniua_695271_l1','pisniua_695271','YouTube','https://www.youtube.com/watch?v=T77uIP0RcnY','video',NULL,1);
INSERT OR REPLACE INTO song_links (id,song_id,title,url,kind,version_id,sort_order) VALUES ('pisniua_695271_l2','pisniua_695271','YouTube','https://www.youtube.com/watch?v=6bVyrewzj4s','video',NULL,2);
INSERT OR REPLACE INTO song_links (id,song_id,title,url,kind,version_id,sort_order) VALUES ('pisniua_695271_l3','pisniua_695271','YouTube','https://www.youtube.com/watch?v=CTSjwC4gUc0','video',NULL,3);
INSERT OR REPLACE INTO song_links (id,song_id,title,url,kind,version_id,sort_order) VALUES ('pisniua_695271_l4','pisniua_695271','YouTube','https://www.youtube.com/watch?v=iNkO9vIUGFw','video',NULL,4);
INSERT OR REPLACE INTO songs (id,title,subtitle,lang,country,period,year,source,notes,lyrics,tags_json,lang_locked,status,created_at,updated_at) VALUES ('pisniua_710044','Іванку, Іванку','Українська народна пісня','uk','ukraine_before_1917',NULL,NULL,'"Жемчужины Украины", М.,2002;Изд."Современная музыка"','Текст доповнив Anrzej','Dm     Dm7+
Іванку,Іванку,
З того боку ярку,
З того боку ярку,
A#
Пішла бим до тебе, |
Dm                 |
Пішла бим до тебе, | (2)
Взяла вода кладку. |

Іванку,Іванку,
Прийди до мя тайком,
Прийди до мя тайком,
Дам я тобі знати,   |
Як вийдуть із хати, | (2)
І ненько і мати.    |

На плоті солома
Не йди старі дома,
Не йди старі дома,
А як буде сіно,     |
А як буде сіно      | (2)
Можеш іти сміло.    |

Жалі, мої жалі,
Много я вас маю,
Много я вас маю,
Спишу вас на листи, |
Спишу вас на листи  | (2)
Вержу до Дунаю.     |

Дунай буде плисти,
Жалі мої нести,
Жалі мої нести,
До мого Іванка,     |
До чорнобривого,    | (2)
До наймилішого.     |','["pisni.org.ua", "cat:zhartivlyvi", "Жартівливі пісні"]',1,'published',COALESCE((SELECT created_at FROM songs WHERE id='pisniua_710044'), datetime('now')),datetime('now'));
INSERT OR REPLACE INTO songs_fts(song_id,title,lyrics) VALUES ('pisniua_710044','Іванку, Іванку','Dm     Dm7+
Іванку,Іванку,
З того боку ярку,
З того боку ярку,
A#
Пішла бим до тебе, |
Dm                 |
Пішла бим до тебе, | (2)
Взяла вода кладку. |

Іванку,Іванку,
Прийди до мя тайком,
Прийди до мя тайком,
Дам я тобі знати,   |
Як вийдуть із хати, | (2)
І ненько і мати.    |

На плоті солома
Не йди старі дома,
Не йди старі дома,
А як буде сіно,     |
А як буде сіно      | (2)
Можеш іти сміло.    |

Жалі, мої жалі,
Много я вас маю,
Много я вас маю,
Спишу вас на листи, |
Спишу вас на листи  | (2)
Вержу до Дунаю.     |

Дунай буде плисти,
Жалі мої нести,
Жалі мої нести,
До мого Іванка,     |
До чорнобривого,    | (2)
До наймилішого.     |');
INSERT OR REPLACE INTO song_links (id,song_id,title,url,kind,version_id,sort_order) VALUES ('pisniua_710044_l1','pisniua_710044','YouTube','https://www.youtube.com/watch?v=u2Z3bu-5DMw','video',NULL,1);
INSERT OR REPLACE INTO song_links (id,song_id,title,url,kind,version_id,sort_order) VALUES ('pisniua_710044_l2','pisniua_710044','YouTube','https://www.youtube.com/watch?v=Clm_7lk8r60','video',NULL,2);
INSERT OR REPLACE INTO song_links (id,song_id,title,url,kind,version_id,sort_order) VALUES ('pisniua_710044_l3','pisniua_710044','Переглянути варіанти >>','https://www.pisni.org.ua/#variants','external',NULL,3);
INSERT OR REPLACE INTO songs (id,title,subtitle,lang,country,period,year,source,notes,lyrics,tags_json,lang_locked,status,created_at,updated_at) VALUES ('pisniua_7103941','Прощай, прощай, да, Марусю','Українська народна пісня. Виконує: Берви','uk','ukraine_before_1917',NULL,NULL,'аудіозапис',NULL,'Прощай, прощай,
Да, Марусю,
Сестро наша.

Сестро наша,
Ми твої подружечки
Ти - не наша.

Ти - не наша,
Ти вже того пана,
З ким гуляла.','["pisni.org.ua", "cat:poliski", "Пісні з Полісся"]',1,'published',COALESCE((SELECT created_at FROM songs WHERE id='pisniua_7103941'), datetime('now')),datetime('now'));
INSERT OR REPLACE INTO songs_fts(song_id,title,lyrics) VALUES ('pisniua_7103941','Прощай, прощай, да, Марусю','Прощай, прощай,
Да, Марусю,
Сестро наша.

Сестро наша,
Ми твої подружечки
Ти - не наша.

Ти - не наша,
Ти вже того пана,
З ким гуляла.');
INSERT OR REPLACE INTO songs (id,title,subtitle,lang,country,period,year,source,notes,lyrics,tags_json,lang_locked,status,created_at,updated_at) VALUES ('pisniua_7102745','Ой дівчино молоденька','Українська народна пісня. Виконує: Софія Практика','uk','ukraine_before_1917',NULL,NULL,'Практика Софія Михайлівна; село Деревні, Жовківський район, Львівська область.','Транскрипція тексту: Катерина Практика Весілля у селі Деревні Жовківського району Львівської області','Ой дівчино молоденька, нащо ж ти сі впала?
Чи на тії чорні сподні, що їх будеш прала?

Вони не перут сі,
Вони тобі, дівчинонько, назнаки дадут сі','["pisni.org.ua", "cat:halycki", "cat:vesilni", "Пісні з Галичини", "Весільні пісні"]',1,'published',COALESCE((SELECT created_at FROM songs WHERE id='pisniua_7102745'), datetime('now')),datetime('now'));
INSERT OR REPLACE INTO songs_fts(song_id,title,lyrics) VALUES ('pisniua_7102745','Ой дівчино молоденька','Ой дівчино молоденька, нащо ж ти сі впала?
Чи на тії чорні сподні, що їх будеш прала?

Вони не перут сі,
Вони тобі, дівчинонько, назнаки дадут сі');
INSERT OR REPLACE INTO songs (id,title,subtitle,lang,country,period,year,source,notes,lyrics,tags_json,lang_locked,status,created_at,updated_at) VALUES ('pisniua_698555','Колискова','(Спала природа під ковдрою білою...). Музика: Марія Бурмака Слова: Олександр Олесь. Виконує: Марія Бурмака','uk','ukraine_before_1917',NULL,NULL,'аудіозапис',NULL,'Спала природа
Під ковдрою білою,
Снилось їй море
Наскрізь прозоре,
Дно його ясно-зелене,
Хвилі чи хмари над ним.

Снились їй ночі
В серпанках сріблястих,
Зір тихосяйні лампади,
Крики пташечі, зітхання,
Шелест шовкових степів.

Ось вони стеляться,
Стеляться, стеляться.
Спала природа,
А з неба Мірошник,
Руки простягши над нею,
Сіяв із хмари муку','["pisni.org.ua", "cat:kolyskovi", "Колискові"]',1,'published',COALESCE((SELECT created_at FROM songs WHERE id='pisniua_698555'), datetime('now')),datetime('now'));
INSERT OR REPLACE INTO songs_fts(song_id,title,lyrics) VALUES ('pisniua_698555','Колискова','Спала природа
Під ковдрою білою,
Снилось їй море
Наскрізь прозоре,
Дно його ясно-зелене,
Хвилі чи хмари над ним.

Снились їй ночі
В серпанках сріблястих,
Зір тихосяйні лампади,
Крики пташечі, зітхання,
Шелест шовкових степів.

Ось вони стеляться,
Стеляться, стеляться.
Спала природа,
А з неба Мірошник,
Руки простягши над нею,
Сіяв із хмари муку');
INSERT OR REPLACE INTO song_links (id,song_id,title,url,kind,version_id,sort_order) VALUES ('pisniua_698555_l1','pisniua_698555','http://burmaka.com.ua/al_vesno.htm','http://burmaka.com.ua/al_vesno.htm','external',NULL,1);
INSERT OR REPLACE INTO songs (id,title,subtitle,lang,country,period,year,source,notes,lyrics,tags_json,lang_locked,status,created_at,updated_at) VALUES ('pisniua_7103565','Богородице, до Тебе прибігаємо','Музика: Дмитро Бортнянський Слова: народні. Виконує: Хор імені Григорія Верьовки','uk','ukraine_before_1917',NULL,NULL,'аудіозапис',NULL,'Богородице,
До Тебе нині прибігаєм ми грішнії
І на коліна припадаємо,
Спасіння благаючи.

Владичице, поможи,
Змилосердившись над нами.

Рятуй, бо загибаєм!
Рятуй, бо загибаєм!
Рятуй нас, погибаємо!

Від множества наших провин,
Від множества наших провин,
Від множества наших провин.

Не відпусти дітей своїх,
На тебе єдину надію маємо.

Пресвятая Богодице, спаси нас!
Пресвятая Богодице, спаси нас!
Пресвятая Богодице, спаси нас!','["pisni.org.ua", "cat:cerkovni", "Церковні пісні"]',1,'published',COALESCE((SELECT created_at FROM songs WHERE id='pisniua_7103565'), datetime('now')),datetime('now'));
INSERT OR REPLACE INTO songs_fts(song_id,title,lyrics) VALUES ('pisniua_7103565','Богородице, до Тебе прибігаємо','Богородице,
До Тебе нині прибігаєм ми грішнії
І на коліна припадаємо,
Спасіння благаючи.

Владичице, поможи,
Змилосердившись над нами.

Рятуй, бо загибаєм!
Рятуй, бо загибаєм!
Рятуй нас, погибаємо!

Від множества наших провин,
Від множества наших провин,
Від множества наших провин.

Не відпусти дітей своїх,
На тебе єдину надію маємо.

Пресвятая Богодице, спаси нас!
Пресвятая Богодице, спаси нас!
Пресвятая Богодице, спаси нас!');
INSERT OR REPLACE INTO song_links (id,song_id,title,url,kind,version_id,sort_order) VALUES ('pisniua_7103565_l1','pisniua_7103565','YouTube','https://www.youtube.com/watch?v=CxDe1nGzzfc','video',NULL,1);
INSERT OR REPLACE INTO songs (id,title,subtitle,lang,country,period,year,source,notes,lyrics,tags_json,lang_locked,status,created_at,updated_at) VALUES ('pisniua_7102060','Бабський козачок','Українська народна пісня. Виконує: Володар','uk','ukraine_before_1917',NULL,NULL,'аудіозапис',NULL,'На вулиці скрипка грає,
Мене мати не пускає,
На вулиці скрипка й бас,
Пусти мене хоч на час!

Ой, не грай, ремінець,
Бо так буде жарко,
Іди з нашого села,
Поки іще жартом!

Ой, мамуся, мамуся,
Пожаліла та й мене -
На вулицю біжать,
З хлопцями постоять.

Ой, ой, ой, ой, ой,
Гарний хлопець та не мой,
Що я буду робити,
Як покине любити?
Що я буду робити,
Як покине любити?

Ой, мамцю моя,
А я - доня твоя,
Було мене научать
Як маленькой була.

А тепер я велика,
Треба мене чоловіка
Не старого, не малого,
Хлопчика молодого.

Ой, гуляла дівчинонька,
Ой, гуляла вельми,
Прищемила гуляннячко
Дубовими дверми.

Ой, гуляйте, дівочки
З вечора до свєта,
Будете споминать
Дівочеє літо!

Ой, гуляли дівочки
З вечора до ранку,
То будете споминать
Дівочу гулянку!
То будете споминать
Дівочу гулянку!

Прийди до мя,
Козаченьку,
Дай я тобі кусок сала,
Щоб я була твоя!

Я музиці пирога,
Я музиці сала,
А музика, як здуріла,
Грати перестала.
А музика, як здуріла,
Грати перестала.','["pisni.org.ua", "cat:kolomyyky", "Коломийки"]',1,'published',COALESCE((SELECT created_at FROM songs WHERE id='pisniua_7102060'), datetime('now')),datetime('now'));
INSERT OR REPLACE INTO songs_fts(song_id,title,lyrics) VALUES ('pisniua_7102060','Бабський козачок','На вулиці скрипка грає,
Мене мати не пускає,
На вулиці скрипка й бас,
Пусти мене хоч на час!

Ой, не грай, ремінець,
Бо так буде жарко,
Іди з нашого села,
Поки іще жартом!

Ой, мамуся, мамуся,
Пожаліла та й мене -
На вулицю біжать,
З хлопцями постоять.

Ой, ой, ой, ой, ой,
Гарний хлопець та не мой,
Що я буду робити,
Як покине любити?
Що я буду робити,
Як покине любити?

Ой, мамцю моя,
А я - доня твоя,
Було мене научать
Як маленькой була.

А тепер я велика,
Треба мене чоловіка
Не старого, не малого,
Хлопчика молодого.

Ой, гуляла дівчинонька,
Ой, гуляла вельми,
Прищемила гуляннячко
Дубовими дверми.

Ой, гуляйте, дівочки
З вечора до свєта,
Будете споминать
Дівочеє літо!

Ой, гуляли дівочки
З вечора до ранку,
То будете споминать
Дівочу гулянку!
То будете споминать
Дівочу гулянку!

Прийди до мя,
Козаченьку,
Дай я тобі кусок сала,
Щоб я була твоя!

Я музиці пирога,
Я музиці сала,
А музика, як здуріла,
Грати перестала.
А музика, як здуріла,
Грати перестала.');
INSERT OR REPLACE INTO songs (id,title,subtitle,lang,country,period,year,source,notes,lyrics,tags_json,lang_locked,status,created_at,updated_at) VALUES ('pisniua_69644','Гей, зі Львова до Мукачева','Виконує: Соколи, Іван Мацялко','uk','ukrainian_peoples_republic_1917_1921',NULL,NULL,NULL,'* варіант (надав Володимир Селіванов) Клич, що знає наша лава, - | "Є Українська Держава!". |(2)','Гей, зі Львова до Мукачева,
З Мукачева до Київа, -
Кождий буде пам''ятати,
Що не мож українських
Стільців зачіпати.

На далекій скрізь чужині
І на славній Україні, -
Кождий буде пам''ятати,
Що не мож українських
Стільців зачіпати.

На Макіївці, чи на Липі,
Над Дністром, чи вже на Стріпі, -
Кождий буде пам''ятати, *
Що не мож українських
Стільців зачіпати.

Як москаль нас нападає,
То розбитий все вертає, -
Кождий буде пам''ятати,
Що не мож українських
Стільців зачіпати.

Клич, що знає наша лава:
Є Українська держава, -
Кождий буде пам''ятати,
Що не мож українських
Стільців зачіпати.    Фонограма-мінус (mp3, 128 kbps)  (','["pisni.org.ua", "cat:strilecki", "Стрілецькі пісні"]',1,'published',COALESCE((SELECT created_at FROM songs WHERE id='pisniua_69644'), datetime('now')),datetime('now'));
INSERT OR REPLACE INTO songs_fts(song_id,title,lyrics) VALUES ('pisniua_69644','Гей, зі Львова до Мукачева','Гей, зі Львова до Мукачева,
З Мукачева до Київа, -
Кождий буде пам''ятати,
Що не мож українських
Стільців зачіпати.

На далекій скрізь чужині
І на славній Україні, -
Кождий буде пам''ятати,
Що не мож українських
Стільців зачіпати.

На Макіївці, чи на Липі,
Над Дністром, чи вже на Стріпі, -
Кождий буде пам''ятати, *
Що не мож українських
Стільців зачіпати.

Як москаль нас нападає,
То розбитий все вертає, -
Кождий буде пам''ятати,
Що не мож українських
Стільців зачіпати.

Клич, що знає наша лава:
Є Українська держава, -
Кождий буде пам''ятати,
Що не мож українських
Стільців зачіпати.    Фонограма-мінус (mp3, 128 kbps)  (');
INSERT OR REPLACE INTO song_links (id,song_id,title,url,kind,version_id,sort_order) VALUES ('pisniua_69644_l1','pisniua_69644','YouTube','https://www.youtube.com/watch?v=Ou22DooJpts','video',NULL,1);
INSERT OR REPLACE INTO songs (id,title,subtitle,lang,country,period,year,source,notes,lyrics,tags_json,lang_locked,status,created_at,updated_at) VALUES ('pisniua_7105446','Ельдорадо','Музика: Кому Вниз Слова: Володимир Самійленко. Виконує: Кому Вниз','uk','ukraine_1991',NULL,NULL,'аудіозапис',NULL,'Десь далеко є країна
Щира, чиста, щастям горда,
Кожний там живе щасливо.
Держиморда! Держиморда!
Там говорять по-французьки
Не то значні, а й лакеї,
І пани всі мови знають
Крім своєї, крім своєї!

Приспів:
Гей, гей!
Ельдорадо, гей!
Гей, гей!
Ельдорадо, гей!

Там велика воля слову,
Кожний пише все, що знає
І цензура ліберальна
Все черкає і черкає.
Там письменникам за працю
Сам уряд складає дяку
І з тріумфом їх провадить
В Сибіряку, в Сибіряку!

Приспів.

Там живуть усі народи:
Москалі, хахли, поляки,
І живуть вони так дружно,
Як собаки, як собаки.
Там живе племін усяких
Престрашенна мішанина,
І зате той край зоветься
Русь Єдина, Русь Єдина!

Приспів. (2)

Гей!','["pisni.org.ua", "cat:suspilno-politychni", "Суспільно-політичні пісні"]',1,'published',COALESCE((SELECT created_at FROM songs WHERE id='pisniua_7105446'), datetime('now')),datetime('now'));
INSERT OR REPLACE INTO songs_fts(song_id,title,lyrics) VALUES ('pisniua_7105446','Ельдорадо','Десь далеко є країна
Щира, чиста, щастям горда,
Кожний там живе щасливо.
Держиморда! Держиморда!
Там говорять по-французьки
Не то значні, а й лакеї,
І пани всі мови знають
Крім своєї, крім своєї!

Приспів:
Гей, гей!
Ельдорадо, гей!
Гей, гей!
Ельдорадо, гей!

Там велика воля слову,
Кожний пише все, що знає
І цензура ліберальна
Все черкає і черкає.
Там письменникам за працю
Сам уряд складає дяку
І з тріумфом їх провадить
В Сибіряку, в Сибіряку!

Приспів.

Там живуть усі народи:
Москалі, хахли, поляки,
І живуть вони так дружно,
Як собаки, як собаки.
Там живе племін усяких
Престрашенна мішанина,
І зате той край зоветься
Русь Єдина, Русь Єдина!

Приспів. (2)

Гей!');
INSERT OR REPLACE INTO song_links (id,song_id,title,url,kind,version_id,sort_order) VALUES ('pisniua_7105446_l1','pisniua_7105446','YouTube','https://www.youtube.com/watch?v=YM5l4-voZ_s','video',NULL,1);
INSERT OR REPLACE INTO songs (id,title,subtitle,lang,country,period,year,source,notes,lyrics,tags_json,lang_locked,status,created_at,updated_at) VALUES ('pisniua_7113161','Гайдук','Українська народна пісня. Виконує: Берегиня','uk','ukraine_before_1917',NULL,NULL,'http://www.franko.lviv.ua/',NULL,'У неділю пила,
В понеділок пила,
А, як прийшла додомоньку,
Свого мужа била.

Била його в сінях,
Била його в хаті,
Настукала,нагрюкала,
Чи є дрова в хаті.

Чим я тобі, моя мила,
Чим я тобі не вгодив,
Чи я тобі, моя мила,
Вечеряти не зварив?

А, як наварив си,
То й вечеряй стиха,
То й не роби ти мені
Серед людей лиха.

А ти, мужичище,
Вчини мені волю
Та й піди но гайдука,
Та й переді мною.

А мій мужичище
Взявся за божище,
Сюда-туда гайдука,
Жінка йому свище.

Дивуються мені люди
Ще й сусіди зблизька,
Що я свого мужика
Та й навчила гайдука.

Догадався чоловік,
Як ту жінку вчити:
Запряг її в борону,
Їде волочити.

Випрягає з борони,
Запрягає в ярма:
Гей же, гей же, моя мила,
Не їж хліба дарма.

Випрягає з ярма,
Запряга в візочок:
Гей же, гей же, моя мила,
По дрова в лісочок.

Не бич то взяв він,
Чотири колодці:
Це за тоє, моя мила,
Що любила хлопців.','["pisni.org.ua", "cat:socialno-pobutovi", "Соціально-побутові пісні"]',1,'published',COALESCE((SELECT created_at FROM songs WHERE id='pisniua_7113161'), datetime('now')),datetime('now'));
INSERT OR REPLACE INTO songs_fts(song_id,title,lyrics) VALUES ('pisniua_7113161','Гайдук','У неділю пила,
В понеділок пила,
А, як прийшла додомоньку,
Свого мужа била.

Била його в сінях,
Била його в хаті,
Настукала,нагрюкала,
Чи є дрова в хаті.

Чим я тобі, моя мила,
Чим я тобі не вгодив,
Чи я тобі, моя мила,
Вечеряти не зварив?

А, як наварив си,
То й вечеряй стиха,
То й не роби ти мені
Серед людей лиха.

А ти, мужичище,
Вчини мені волю
Та й піди но гайдука,
Та й переді мною.

А мій мужичище
Взявся за божище,
Сюда-туда гайдука,
Жінка йому свище.

Дивуються мені люди
Ще й сусіди зблизька,
Що я свого мужика
Та й навчила гайдука.

Догадався чоловік,
Як ту жінку вчити:
Запряг її в борону,
Їде волочити.

Випрягає з борони,
Запрягає в ярма:
Гей же, гей же, моя мила,
Не їж хліба дарма.

Випрягає з ярма,
Запряга в візочок:
Гей же, гей же, моя мила,
По дрова в лісочок.

Не бич то взяв він,
Чотири колодці:
Це за тоє, моя мила,
Що любила хлопців.');
INSERT OR REPLACE INTO songs (id,title,subtitle,lang,country,period,year,source,notes,lyrics,tags_json,lang_locked,status,created_at,updated_at) VALUES ('pisniua_7103044','Додому повернусь','Музика: Володимир Домшинський Слова: Вадим Крищенко. Виконує: Віктор Грибик, Дмитро Андрієць','uk','ukraine_1991',NULL,NULL,NULL,'5-й рядок 2-го куплету ******* не можу розібрати','Як до гнізда вертає птах,
Так я спішу, спішу додому -
Тут все і звичне і знайоме,
Не так, як на семи вітрах.
Удома і солодший сон,
Смачніше ніби страва їсться,
До рідного вертатись місця -
Це мій неписаний закон.

Приспів:
Додому повернусь, де б я не був і з ким не був,
Додому повернусь, вклонитись кленові старому,
Додому повернусь, вчорашню відігнать журбу,
Додому повернусь, від всіх печалей та утіх,
Додому повернусь, схилившись до землі,
Цілую батьківський поріг.

Почую батьківські слова
І в мамині загляну очі,
Що не кажіть - а серце хоче,
Щоби рідня навкруг була.
Як пахне мамин м''ятний чай,
Отак сидіти б й говорити
Але, промовивши "добридень",
Вже треба мовить і "прощай".

Приспів.

У кінці
Як хочеться знову
Повернутися до рідного дому','["pisni.org.ua", "cat:pro-batkiv", "Пісні про любов до батьків"]',1,'published',COALESCE((SELECT created_at FROM songs WHERE id='pisniua_7103044'), datetime('now')),datetime('now'));
INSERT OR REPLACE INTO songs_fts(song_id,title,lyrics) VALUES ('pisniua_7103044','Додому повернусь','Як до гнізда вертає птах,
Так я спішу, спішу додому -
Тут все і звичне і знайоме,
Не так, як на семи вітрах.
Удома і солодший сон,
Смачніше ніби страва їсться,
До рідного вертатись місця -
Це мій неписаний закон.

Приспів:
Додому повернусь, де б я не був і з ким не був,
Додому повернусь, вклонитись кленові старому,
Додому повернусь, вчорашню відігнать журбу,
Додому повернусь, від всіх печалей та утіх,
Додому повернусь, схилившись до землі,
Цілую батьківський поріг.

Почую батьківські слова
І в мамині загляну очі,
Що не кажіть - а серце хоче,
Щоби рідня навкруг була.
Як пахне мамин м''ятний чай,
Отак сидіти б й говорити
Але, промовивши "добридень",
Вже треба мовить і "прощай".

Приспів.

У кінці
Як хочеться знову
Повернутися до рідного дому');
INSERT OR REPLACE INTO song_links (id,song_id,title,url,kind,version_id,sort_order) VALUES ('pisniua_7103044_l1','pisniua_7103044','YouTube','https://www.youtube.com/watch?v=XDBV5U8jSqI','video',NULL,1);
INSERT OR REPLACE INTO songs (id,title,subtitle,lang,country,period,year,source,notes,lyrics,tags_json,lang_locked,status,created_at,updated_at) VALUES ('pisniua_698297','Ой гула, гула крутая гора','Музика: народ Слова: народ. Виконує: Марія Бурмака','uk','ukraine_before_1917',NULL,NULL,'аудіозапис',NULL,'Ой гула, гула крутая гора
Щедрий вечір!
Ой гула, гула крутая гора
Добрий вечір!

Що й не зродила шовкова трава
Щедрий вечір!
Що й не зродила шовкова трава
Добрий вечір!

А й уродило та й гірке вино
Щедрий вечір!
А й уродило та й гірке вино
Добрий вечір!

Чия то дочка вино стерегла?
Щедрий вечір!
Нам, колядникам, вино принесла.
Добрий вечір!

Вино принесла красна панночка.
Щедрий вечір!
Красна панночка дівка Манічка.
Добрий вечір!

Пан-господарю, гостей зустрічай,
Щедрий вечір!
Гостей зустрічай, столи застеляй.
Добрий вечір!

І у гаразді ти бувай здоров!
Щедрий вечір!
А на другий рік прийдемо ми знов!
Добрий вечір!','["pisni.org.ua", "cat:shchedrivky", "Щедрівки"]',1,'published',COALESCE((SELECT created_at FROM songs WHERE id='pisniua_698297'), datetime('now')),datetime('now'));
INSERT OR REPLACE INTO songs_fts(song_id,title,lyrics) VALUES ('pisniua_698297','Ой гула, гула крутая гора','Ой гула, гула крутая гора
Щедрий вечір!
Ой гула, гула крутая гора
Добрий вечір!

Що й не зродила шовкова трава
Щедрий вечір!
Що й не зродила шовкова трава
Добрий вечір!

А й уродило та й гірке вино
Щедрий вечір!
А й уродило та й гірке вино
Добрий вечір!

Чия то дочка вино стерегла?
Щедрий вечір!
Нам, колядникам, вино принесла.
Добрий вечір!

Вино принесла красна панночка.
Щедрий вечір!
Красна панночка дівка Манічка.
Добрий вечір!

Пан-господарю, гостей зустрічай,
Щедрий вечір!
Гостей зустрічай, столи застеляй.
Добрий вечір!

І у гаразді ти бувай здоров!
Щедрий вечір!
А на другий рік прийдемо ми знов!
Добрий вечір!');
INSERT OR REPLACE INTO song_links (id,song_id,title,url,kind,version_id,sort_order) VALUES ('pisniua_698297_l1','pisniua_698297','YouTube','https://www.youtube.com/watch?v=BBFuolERDdk','video',NULL,1);
INSERT OR REPLACE INTO songs (id,title,subtitle,lang,country,period,year,source,notes,lyrics,tags_json,lang_locked,status,created_at,updated_at) VALUES ('pisniua_710565','Чом дуб не зелений','Українська народна пісня. Виконує: Дует "Червоне та чорне"','uk','ukraine_before_1917',NULL,NULL,NULL,'Дует "ЧЕРВОНЕ ТА ЧОРНЕ", аудіоальбом "ЛЕМКІВСЬКЕ ВЕСІЛЛЯ-3" www.lemky.iatp.org.ua','Чом дуб не зелений, бо го туча збила,
Жовнір невеселий, доля нещаслива.     | (2)

А як же я маю веселенький бути,
Любив я дівчину, тяженько забути.     | (2)

Любив я дівчину за півдруга рочка,
Ніж ся не дізнали вороженьки з бочка. | (2)

А як ся дізнали, дівча відобрали,
Мене молодого до войска забрали.      | (2)

Взяли мя до войска, як пташка з дубини,
Жаль було лишити молодой дівчини .    | (2)

Чекай ти дівчино, горе тобі буде,
Як підеш від мами медже чужи люде.    | (2)','["pisni.org.ua", "cat:lemkivski", "cat:rekrutski", "Лемківські пісні", "Рекрутські пісні"]',1,'published',COALESCE((SELECT created_at FROM songs WHERE id='pisniua_710565'), datetime('now')),datetime('now'));
INSERT OR REPLACE INTO songs_fts(song_id,title,lyrics) VALUES ('pisniua_710565','Чом дуб не зелений','Чом дуб не зелений, бо го туча збила,
Жовнір невеселий, доля нещаслива.     | (2)

А як же я маю веселенький бути,
Любив я дівчину, тяженько забути.     | (2)

Любив я дівчину за півдруга рочка,
Ніж ся не дізнали вороженьки з бочка. | (2)

А як ся дізнали, дівча відобрали,
Мене молодого до войска забрали.      | (2)

Взяли мя до войска, як пташка з дубини,
Жаль було лишити молодой дівчини .    | (2)

Чекай ти дівчино, горе тобі буде,
Як підеш від мами медже чужи люде.    | (2)');
INSERT OR REPLACE INTO song_links (id,song_id,title,url,kind,version_id,sort_order) VALUES ('pisniua_710565_l1','pisniua_710565','Переглянути варіанти >>','https://www.pisni.org.ua/#variants','external',NULL,1);
INSERT OR REPLACE INTO songs (id,title,subtitle,lang,country,period,year,source,notes,lyrics,tags_json,lang_locked,status,created_at,updated_at) VALUES ('pisniua_7112868','Подай, мамо, стакан рому','Українська народна пісня. Виконує: Берегиня','uk','ukraine_before_1917',NULL,NULL,'http://www.franko.lviv.ua/',NULL,'Подай, мамо, стакан рому,
Бо я йду до прийому,
Подай, мамо, стакан рому,
Бо я йду до прийому,
Гей, гей, уха-ха,
Бо я йду до прийому.

А в прийомі, за дверями
Стоїть ящик з номерами,
Гей, гей, уха-ха,
Стоїть ящик з номерами.

Вийняв номер сороковий,
Всі сказали, що здоровий,
Гей, гей, уха-ха,
Всі сказали, що здоровий.

Вийняв номер сорок п''ятий,
Всі сказали, що прийнятий,
Гей, гей, уха-ха,
Всі сказали, що прийнятий.

Подай, мамо, стакан чаю,
Бо я скоро від''їжджаю,
Гей, гей, уха-ха, Бо я скоро від''їжджаю...','["pisni.org.ua", "cat:rekrutski", "Рекрутські пісні"]',1,'published',COALESCE((SELECT created_at FROM songs WHERE id='pisniua_7112868'), datetime('now')),datetime('now'));
INSERT OR REPLACE INTO songs_fts(song_id,title,lyrics) VALUES ('pisniua_7112868','Подай, мамо, стакан рому','Подай, мамо, стакан рому,
Бо я йду до прийому,
Подай, мамо, стакан рому,
Бо я йду до прийому,
Гей, гей, уха-ха,
Бо я йду до прийому.

А в прийомі, за дверями
Стоїть ящик з номерами,
Гей, гей, уха-ха,
Стоїть ящик з номерами.

Вийняв номер сороковий,
Всі сказали, що здоровий,
Гей, гей, уха-ха,
Всі сказали, що здоровий.

Вийняв номер сорок п''ятий,
Всі сказали, що прийнятий,
Гей, гей, уха-ха,
Всі сказали, що прийнятий.

Подай, мамо, стакан чаю,
Бо я скоро від''їжджаю,
Гей, гей, уха-ха, Бо я скоро від''їжджаю...');
INSERT OR REPLACE INTO songs (id,title,subtitle,lang,country,period,year,source,notes,lyrics,tags_json,lang_locked,status,created_at,updated_at) VALUES ('pisniua_7114147','Вже криниці висихають','Українська народна пісня','uk','ukraine_before_1917',NULL,NULL,'Українські пісні з нотами. Збірник перший / упорядник П.Ф. Бунт, В. Шаравський. Київ. Видавниче товариство "Час", 1929.',NULL,'Вже криниці висихають,
Бистрі ріки не течуть,
Беруть хлопців у солдати,
Дівкам жалю завдають.

Пішов козак долиною,
А дівчина - бережком,
Махнув козак шапочкою,
А дівчина - фартушком.

Як не було, та не буде,
Щоб я пішла за вдівця,
Я молода, як ягода,
А він сивий, як вівця.

Як не було, так не буде,
Щоб я тую вдову взяв,
Щоб я її дрібні діти
Своїм хлібом годував.','["pisni.org.ua", "cat:rekrutski", "Рекрутські пісні"]',1,'published',COALESCE((SELECT created_at FROM songs WHERE id='pisniua_7114147'), datetime('now')),datetime('now'));
INSERT OR REPLACE INTO songs_fts(song_id,title,lyrics) VALUES ('pisniua_7114147','Вже криниці висихають','Вже криниці висихають,
Бистрі ріки не течуть,
Беруть хлопців у солдати,
Дівкам жалю завдають.

Пішов козак долиною,
А дівчина - бережком,
Махнув козак шапочкою,
А дівчина - фартушком.

Як не було, та не буде,
Щоб я пішла за вдівця,
Я молода, як ягода,
А він сивий, як вівця.

Як не було, так не буде,
Щоб я тую вдову взяв,
Щоб я її дрібні діти
Своїм хлібом годував.');
INSERT OR REPLACE INTO songs (id,title,subtitle,lang,country,period,year,source,notes,lyrics,tags_json,lang_locked,status,created_at,updated_at) VALUES ('pisniua_7100868','Зима','Українська народна пісня. Виконує: Руслана, Олександр Пономарьов, Тарас Чубай','uk','ukraine_before_1917',NULL,NULL,'аудіозапис',NULL,'Ой, зима-зима, будь же сніжною,
Не шкодуй для нас снігу ніжного,
Подаруй казкових митєй свят зимових
В новорічну ніч і Різдво Христове.
Ой, зима-зима, ти на радість щедра,
Я бажаю всім, щоб радість ця не щезла,
Щоб дожили в згоді до наступної зими,
Щоб діждали нових свят любові ми.

Приспів:
Хай збуваються мрії
В ніч новорічну ясну!
Хай живуть в нас надії
На кращий час, на весну!
Нехай з Різдвом Христовим
Прийде в Ваш дім теплота!
Хай буде настрій святковий!
Зичимо щастя й добра!

Ой, зима-зима, чаруй Колядою,
Ясна зірка запалає над тобою
І над нами розіллється світло в небесах,
Ангел там сміється наче в дивних снах.

Приспів. (2)','["pisni.org.ua", "cat:krasa-pryrody", "cat:new-year", "Пісні про красу природи", "Пісні про Новий Рік"]',1,'published',COALESCE((SELECT created_at FROM songs WHERE id='pisniua_7100868'), datetime('now')),datetime('now'));
INSERT OR REPLACE INTO songs_fts(song_id,title,lyrics) VALUES ('pisniua_7100868','Зима','Ой, зима-зима, будь же сніжною,
Не шкодуй для нас снігу ніжного,
Подаруй казкових митєй свят зимових
В новорічну ніч і Різдво Христове.
Ой, зима-зима, ти на радість щедра,
Я бажаю всім, щоб радість ця не щезла,
Щоб дожили в згоді до наступної зими,
Щоб діждали нових свят любові ми.

Приспів:
Хай збуваються мрії
В ніч новорічну ясну!
Хай живуть в нас надії
На кращий час, на весну!
Нехай з Різдвом Христовим
Прийде в Ваш дім теплота!
Хай буде настрій святковий!
Зичимо щастя й добра!

Ой, зима-зима, чаруй Колядою,
Ясна зірка запалає над тобою
І над нами розіллється світло в небесах,
Ангел там сміється наче в дивних снах.

Приспів. (2)');
INSERT OR REPLACE INTO songs (id,title,subtitle,lang,country,period,year,source,notes,lyrics,tags_json,lang_locked,status,created_at,updated_at) VALUES ('pisniua_7105969','Цвіте, цвіте черемшина','Українська народна пісня. Виконує: Раїса Кириченко','uk','ukraine_before_1917',NULL,NULL,'аудіозапис',NULL,'Гой, я - приймак, гой, я - приймак,
Гой, я горе знаю:
У лавченьки під боченьки  |
Та й спати лягаю.         | (2)

Цвіте, цвіте черемшина,
Ягідок не має,
А хто в приймах не буває, |
Той горя не знає.         | (2)

Як поїхав приймаченько
У поле орати
Та й не дала йому теща
Хліба, солі взяти.

Оре, оре приймаченько,
На шлях поглядає,
Усім жінки несуть їсти,   |
А йому не має.            | (2)

Цвіте, цвіте черемшина,
Ягідок не має,
А хто в приймах не буває, |
Той горя не знає.         | (2)

Їде, їде приймаченько,
У дудочку свище:
Давай, тещо, хліб і сало,
Їде приймачище!

Не успів же приймаченько
На лавочку сісти,
Наказала йому теща:       |
"Неси курам їсти!"        | (2)

Щоб ті кури поздихали
І хата згоріла,
Ой, як мені приймацькеє   |
Життя надоїло.            | (2)

Цвіте, цвіте черемшина,
Ягідок не має,
А хто в приймах не буває, |
Той горя не знає.         | (2)

Цвіте, цвіте черемшина,
Ягідок не має,
А хто в приймах не буває, |
Той горя не знає!         | (2)','["pisni.org.ua", "cat:narodni", "cat:socialno-pobutovi", "Народні пісні", "Соціально-побутові пісні"]',1,'published',COALESCE((SELECT created_at FROM songs WHERE id='pisniua_7105969'), datetime('now')),datetime('now'));
INSERT OR REPLACE INTO songs_fts(song_id,title,lyrics) VALUES ('pisniua_7105969','Цвіте, цвіте черемшина','Гой, я - приймак, гой, я - приймак,
Гой, я горе знаю:
У лавченьки під боченьки  |
Та й спати лягаю.         | (2)

Цвіте, цвіте черемшина,
Ягідок не має,
А хто в приймах не буває, |
Той горя не знає.         | (2)

Як поїхав приймаченько
У поле орати
Та й не дала йому теща
Хліба, солі взяти.

Оре, оре приймаченько,
На шлях поглядає,
Усім жінки несуть їсти,   |
А йому не має.            | (2)

Цвіте, цвіте черемшина,
Ягідок не має,
А хто в приймах не буває, |
Той горя не знає.         | (2)

Їде, їде приймаченько,
У дудочку свище:
Давай, тещо, хліб і сало,
Їде приймачище!

Не успів же приймаченько
На лавочку сісти,
Наказала йому теща:       |
"Неси курам їсти!"        | (2)

Щоб ті кури поздихали
І хата згоріла,
Ой, як мені приймацькеє   |
Життя надоїло.            | (2)

Цвіте, цвіте черемшина,
Ягідок не має,
А хто в приймах не буває, |
Той горя не знає.         | (2)

Цвіте, цвіте черемшина,
Ягідок не має,
А хто в приймах не буває, |
Той горя не знає!         | (2)');
INSERT OR REPLACE INTO song_links (id,song_id,title,url,kind,version_id,sort_order) VALUES ('pisniua_7105969_l1','pisniua_7105969','YouTube','https://www.youtube.com/watch?v=56rtIj0onjQ','video',NULL,1);
INSERT OR REPLACE INTO song_links (id,song_id,title,url,kind,version_id,sort_order) VALUES ('pisniua_7105969_l2','pisniua_7105969','YouTube','https://www.youtube.com/watch?v=3HCdmavrfr8','video',NULL,2);
INSERT OR REPLACE INTO song_links (id,song_id,title,url,kind,version_id,sort_order) VALUES ('pisniua_7105969_l3','pisniua_7105969','YouTube','https://www.youtube.com/watch?v=GUI6C7KoRj0','video',NULL,3);
INSERT OR REPLACE INTO songs (id,title,subtitle,lang,country,period,year,source,notes,lyrics,tags_json,lang_locked,status,created_at,updated_at) VALUES ('pisniua_71044','Пустельник','Музика: Володимир Якимець Слова: Дзвінка Сумарук. Виконує: Піккардійська Терція','uk','ukraine_1991',NULL,NULL,'Пісневир. Молодіжний співаник. Львів 2001.',NULL,'Є на світі цім   пустельний берег,
Там живе пустельник   із моїм ім’ям.
Не шумлять на березі осока і верби —
Випалена і мертва кам’яна земля...
E7
Кам’яна земля.

Приспів:
Має той пустельник хату із каміння,
Ложе кам’яне, свічку кам’яну,
Крила кам’яні приросли корінням
До закам’янілого, вицвілого сну.

Я не знаю, хто ви — смерть чи воскресіння,
Я не знаю, що ви принесли мені.
Доторкніться поглядом до того каміння,
Може з нього зацвітуть вам мої пісні...
Вам мої пісні вам мої пісні.

Приспів.','["pisni.org.ua", "cat:philosophic", "Філософські пісні"]',1,'published',COALESCE((SELECT created_at FROM songs WHERE id='pisniua_71044'), datetime('now')),datetime('now'));
INSERT OR REPLACE INTO songs_fts(song_id,title,lyrics) VALUES ('pisniua_71044','Пустельник','Є на світі цім   пустельний берег,
Там живе пустельник   із моїм ім’ям.
Не шумлять на березі осока і верби —
Випалена і мертва кам’яна земля...
E7
Кам’яна земля.

Приспів:
Має той пустельник хату із каміння,
Ложе кам’яне, свічку кам’яну,
Крила кам’яні приросли корінням
До закам’янілого, вицвілого сну.

Я не знаю, хто ви — смерть чи воскресіння,
Я не знаю, що ви принесли мені.
Доторкніться поглядом до того каміння,
Може з нього зацвітуть вам мої пісні...
Вам мої пісні вам мої пісні.

Приспів.');
INSERT OR REPLACE INTO song_links (id,song_id,title,url,kind,version_id,sort_order) VALUES ('pisniua_71044_l1','pisniua_71044','YouTube','https://www.youtube.com/watch?v=lNmxeiwzIAE','video',NULL,1);
INSERT OR REPLACE INTO songs (id,title,subtitle,lang,country,period,year,source,notes,lyrics,tags_json,lang_locked,status,created_at,updated_at) VALUES ('pisniua_7114060','Ой, по горі, по горі','Українська народна пісня','uk','ukraine_before_1917',NULL,NULL,'Українські пісні з нотами. Збірник перший / упорядник П.Ф. Бунт, В. Шаравський. Київ. Видавниче товариство "Час", 1929.',NULL,'Ой, по горі, по горі
Вівчар вівці зганяє,
Вівчар вівці зганяє,
Та й на хлопців гукає:

Ой, ви, хлопці молодці, (2)
Накажіте дівоньці,
Що в червоній плахотці, -
Нехай мене та й не жде, (2)
Нехай собі заміж йде.

Вона дівка багата,
В неї плахта черчата,
А я чабан молодий
Ще й до того убогий.

Як це дівка зачула (2)
Та й з вулиці майнула.
Не добігла до хати,
Стала бога благати:

- Ой, боже мій, боже мій,
Що я буду робити,
Не став вівчар любити", -
- "Біжи, доню, до гаю,
Та назбирай розмаю".
- "Я розмаю не знаю,
Хіба людей спитаю".

Ще й до гаю не дійшла,
Вже й розмаю ізнайшла.
Та принесла додому,
Приставила до печі,
Промовила три речі:

"Кипи, кипи, корінець,
Поки прийде молодець", -
Ще й корінець не вкипів,
А молодець прилетів.

- "Ой, чого ж ти прилетів,
Коли любить не схотів?"
- "Як же мені не літать,
Коли вмієш чарувать?"

- "Тільки ж мої чароньки,
Що чорнії брівоньки,
Тільки ж моя принада,
Що сама я молода"','["pisni.org.ua", "cat:rekrutski", "Рекрутські пісні"]',1,'published',COALESCE((SELECT created_at FROM songs WHERE id='pisniua_7114060'), datetime('now')),datetime('now'));
INSERT OR REPLACE INTO songs_fts(song_id,title,lyrics) VALUES ('pisniua_7114060','Ой, по горі, по горі','Ой, по горі, по горі
Вівчар вівці зганяє,
Вівчар вівці зганяє,
Та й на хлопців гукає:

Ой, ви, хлопці молодці, (2)
Накажіте дівоньці,
Що в червоній плахотці, -
Нехай мене та й не жде, (2)
Нехай собі заміж йде.

Вона дівка багата,
В неї плахта черчата,
А я чабан молодий
Ще й до того убогий.

Як це дівка зачула (2)
Та й з вулиці майнула.
Не добігла до хати,
Стала бога благати:

- Ой, боже мій, боже мій,
Що я буду робити,
Не став вівчар любити", -
- "Біжи, доню, до гаю,
Та назбирай розмаю".
- "Я розмаю не знаю,
Хіба людей спитаю".

Ще й до гаю не дійшла,
Вже й розмаю ізнайшла.
Та принесла додому,
Приставила до печі,
Промовила три речі:

"Кипи, кипи, корінець,
Поки прийде молодець", -
Ще й корінець не вкипів,
А молодець прилетів.

- "Ой, чого ж ти прилетів,
Коли любить не схотів?"
- "Як же мені не літать,
Коли вмієш чарувать?"

- "Тільки ж мої чароньки,
Що чорнії брівоньки,
Тільки ж моя принада,
Що сама я молода"');
INSERT OR REPLACE INTO songs (id,title,subtitle,lang,country,period,year,source,notes,lyrics,tags_json,lang_locked,status,created_at,updated_at) VALUES ('pisniua_7118262','Бабуся','Українська народна пісня','uk','ukr_ssr_1919_1991',NULL,NULL,'Співаник УПА. Борці за волю України. упор. О.Бобикевич, Ю.Лаврівський, О.Плешкевич та ін. Львів: Меморіал. 1992. - 190 с.',NULL,'Бабусю, бабусю!
Чого тебе ніччю
У відділ занесло сюди?
Не знаю, синочку, не знаю, молодче, —
Іду та не знаю куди.

А звідки ж ти родом?
Чому ти старенька
В хатину свою не ідеш?
До тла погоріло село моє рідне
І хати ти вже не знайдеш.

А де ж е дідусь твій,
Куди він подався?
Де діти твої, де сини?
Над дідом, дочкою, гранат розірвався —
Синів постріляли кати.

Ночами І днями
Блукаю самітна,
Шукаю притулку і сна.
Сьогодні я рада, сьогодні щаслива,
Бо вас, бо героїв знайшла.','["pisni.org.ua", "cat:povstanski", "cat:viyskovi", "Повстанські пісні", "Пісні на військову тематику"]',1,'published',COALESCE((SELECT created_at FROM songs WHERE id='pisniua_7118262'), datetime('now')),datetime('now'));
INSERT OR REPLACE INTO songs_fts(song_id,title,lyrics) VALUES ('pisniua_7118262','Бабуся','Бабусю, бабусю!
Чого тебе ніччю
У відділ занесло сюди?
Не знаю, синочку, не знаю, молодче, —
Іду та не знаю куди.

А звідки ж ти родом?
Чому ти старенька
В хатину свою не ідеш?
До тла погоріло село моє рідне
І хати ти вже не знайдеш.

А де ж е дідусь твій,
Куди він подався?
Де діти твої, де сини?
Над дідом, дочкою, гранат розірвався —
Синів постріляли кати.

Ночами І днями
Блукаю самітна,
Шукаю притулку і сна.
Сьогодні я рада, сьогодні щаслива,
Бо вас, бо героїв знайшла.');
INSERT OR REPLACE INTO songs (id,title,subtitle,lang,country,period,year,source,notes,lyrics,tags_json,lang_locked,status,created_at,updated_at) VALUES ('pisniua_7106044','Спився козак','Українська народна пісня','uk','ukraine_before_1917',NULL,NULL,'http://www.pisennyk.kgb.pl/',NULL,'Спився козак, спився,
Спився, спився, розгулявся.
Його кінь вороний
Та й на стайні застоявся.

Молода дівчина
Коза-козака любила,
Взяла коня в руки
Та й по стайні поводила.

Водила, та й водила,
Взяла, взяла за гуздала,
Шовкове поводя
Козакові в руки дала.

На ж тобі, козаче,
Ті по-, ті поводя в руки
Та й не роби, коню,
Межи нами розлуки.','["pisni.org.ua", "cat:socialno-pobutovi", "Соціально-побутові пісні"]',1,'published',COALESCE((SELECT created_at FROM songs WHERE id='pisniua_7106044'), datetime('now')),datetime('now'));
INSERT OR REPLACE INTO songs_fts(song_id,title,lyrics) VALUES ('pisniua_7106044','Спився козак','Спився козак, спився,
Спився, спився, розгулявся.
Його кінь вороний
Та й на стайні застоявся.

Молода дівчина
Коза-козака любила,
Взяла коня в руки
Та й по стайні поводила.

Водила, та й водила,
Взяла, взяла за гуздала,
Шовкове поводя
Козакові в руки дала.

На ж тобі, козаче,
Ті по-, ті поводя в руки
Та й не роби, коню,
Межи нами розлуки.');
INSERT OR REPLACE INTO song_links (id,song_id,title,url,kind,version_id,sort_order) VALUES ('pisniua_7106044_l1','pisniua_7106044','YouTube','https://www.youtube.com/watch?v=vXTuHzh0XBY','video',NULL,1);
INSERT OR REPLACE INTO song_links (id,song_id,title,url,kind,version_id,sort_order) VALUES ('pisniua_7106044_l2','pisniua_7106044','YouTube','https://www.youtube.com/watch?v=5wnKgQKEyrc','video',NULL,2);
INSERT OR REPLACE INTO songs (id,title,subtitle,lang,country,period,year,source,notes,lyrics,tags_json,lang_locked,status,created_at,updated_at) VALUES ('pisniua_7118642','Достойно єсть',NULL,'uk','ukraine_1991',NULL,NULL,'http://www.bazylianie.pl/mlolytownyk/pisni.htm',NULL,'Достойно єсть, о, Божа Мати,
Воістинну достойно єсть
Пренепорочну величати,
Присноблаженній дати честь.

Над херувимів Ти засіла,
Тобі ся клонить серафим,
Ти Бога Слово нам зродила,
Ми прославляєм тя враз з ним.

Над херувимів Ти засіла,
Тобі ся клонить серафим,
Ти Бога Слово нам зродила,
Ми прославляєм тя враз з ним.','["pisni.org.ua", "cat:cerkovni", "cat:do-bohorodyci", "Церковні пісні", "Пісні до Богородиці"]',1,'published',COALESCE((SELECT created_at FROM songs WHERE id='pisniua_7118642'), datetime('now')),datetime('now'));
INSERT OR REPLACE INTO songs_fts(song_id,title,lyrics) VALUES ('pisniua_7118642','Достойно єсть','Достойно єсть, о, Божа Мати,
Воістинну достойно єсть
Пренепорочну величати,
Присноблаженній дати честь.

Над херувимів Ти засіла,
Тобі ся клонить серафим,
Ти Бога Слово нам зродила,
Ми прославляєм тя враз з ним.

Над херувимів Ти засіла,
Тобі ся клонить серафим,
Ти Бога Слово нам зродила,
Ми прославляєм тя враз з ним.');
INSERT OR REPLACE INTO songs (id,title,subtitle,lang,country,period,year,source,notes,lyrics,tags_json,lang_locked,status,created_at,updated_at) VALUES ('pisniua_7118565','О, Богородице Діво, Маріє','Музика: о.В.Матюк Слова: о.В.Матюк','uk','ukraine_1991',NULL,NULL,'http://www.bazylianie.pl/mlolytownyk/pisni.htm',NULL,'О, Богородице Діво, Маріє,
Радуйся, радуйсь, небес леліє,
Сонцем прибрана, крита дугою,
Маріє чиста, Господь з Тобою! | (2)

Благословенний плід чрева Твого,
Ти, Ненько Спаса, Бога самого,
Для нас спасення в Тобі ся криє,
Радуйся, радуй, неба леліє!   | (2)','["pisni.org.ua", "cat:cerkovni", "cat:do-bohorodyci", "Церковні пісні", "Пісні до Богородиці"]',1,'published',COALESCE((SELECT created_at FROM songs WHERE id='pisniua_7118565'), datetime('now')),datetime('now'));
INSERT OR REPLACE INTO songs_fts(song_id,title,lyrics) VALUES ('pisniua_7118565','О, Богородице Діво, Маріє','О, Богородице Діво, Маріє,
Радуйся, радуйсь, небес леліє,
Сонцем прибрана, крита дугою,
Маріє чиста, Господь з Тобою! | (2)

Благословенний плід чрева Твого,
Ти, Ненько Спаса, Бога самого,
Для нас спасення в Тобі ся криє,
Радуйся, радуй, неба леліє!   | (2)');
INSERT OR REPLACE INTO songs (id,title,subtitle,lang,country,period,year,source,notes,lyrics,tags_json,lang_locked,status,created_at,updated_at) VALUES ('pisniua_7117666','Ой на Івана на купала *','Українська народна пісня','uk','ukraine_before_1917',NULL,NULL,'Пісні Шевченкового краю. Записи, впорядкування і примітки Олекси Ошуркевича. Луцьк: Волинська обласна друкарня, 2006. - 484 с.',NULL,'Ой на Івана, на Купала
Вийшла Марія гарно вбрана.

На неї хлопці зглядалися,
Та й по копійці скидалися.

А той Іван же найбільше дав,
Собі МАрію найкращу взяв.

- Ой ти ж, Маріє, папірова,
Чого ж у тебе набік брова?

- Я ж на Івана дивилася,
Набік брівонька схилилася.

А як ще буду дивитися,
То й буде друга хилитися.','["pisni.org.ua", "cat:kupalski", "Купальські пісні"]',1,'published',COALESCE((SELECT created_at FROM songs WHERE id='pisniua_7117666'), datetime('now')),datetime('now'));
INSERT OR REPLACE INTO songs_fts(song_id,title,lyrics) VALUES ('pisniua_7117666','Ой на Івана на купала *','Ой на Івана, на Купала
Вийшла Марія гарно вбрана.

На неї хлопці зглядалися,
Та й по копійці скидалися.

А той Іван же найбільше дав,
Собі МАрію найкращу взяв.

- Ой ти ж, Маріє, папірова,
Чого ж у тебе набік брова?

- Я ж на Івана дивилася,
Набік брівонька схилилася.

А як ще буду дивитися,
То й буде друга хилитися.');
INSERT OR REPLACE INTO songs (id,title,subtitle,lang,country,period,year,source,notes,lyrics,tags_json,lang_locked,status,created_at,updated_at) VALUES ('pisniua_7109868','Будьте здорові','Українська народна пісня. Виконує: Театр пісні Джерела','uk','ukraine_before_1917',NULL,NULL,'http://dzherela.com.ua',NULL,'Будьте здорові, ми вже їдемо,
Йдемо
І за коляду Вам дякуємо.

Дай Бог діждати року нового,
Дай Бог діждати року нового,
Ми ще повернем до дому цього.

Христу младому славу віддаймо.
Щастя й достатку ми Вам зичимо.

Дай Бог діждати року нового,
Дай Бог діждати року нового,
Ми ще повернем до дому цього.','["pisni.org.ua", "cat:kolyadky", "Колядки"]',1,'published',COALESCE((SELECT created_at FROM songs WHERE id='pisniua_7109868'), datetime('now')),datetime('now'));
INSERT OR REPLACE INTO songs_fts(song_id,title,lyrics) VALUES ('pisniua_7109868','Будьте здорові','Будьте здорові, ми вже їдемо,
Йдемо
І за коляду Вам дякуємо.

Дай Бог діждати року нового,
Дай Бог діждати року нового,
Ми ще повернем до дому цього.

Христу младому славу віддаймо.
Щастя й достатку ми Вам зичимо.

Дай Бог діждати року нового,
Дай Бог діждати року нового,
Ми ще повернем до дому цього.');
INSERT OR REPLACE INTO song_links (id,song_id,title,url,kind,version_id,sort_order) VALUES ('pisniua_7109868_l1','pisniua_7109868','YouTube','https://www.youtube.com/watch?v=A6h4Ww0k2vc','video',NULL,1);
INSERT OR REPLACE INTO songs (id,title,subtitle,lang,country,period,year,source,notes,lyrics,tags_json,lang_locked,status,created_at,updated_at) VALUES ('pisniua_7103868','Ой, да жито жала','Українська народна пісня. Виконує: Берви','uk','ukraine_before_1917',NULL,NULL,'аудіозапис',NULL,'Ой, да жито жала,
Жи жито жала,
Снопики в''язала.

Снопики в''язала,
Да зболіла ж головонька,
Нездорова стала.

І да нездорова стала,
Ох, жаль ми тої неділеньки,
Що ж я й не гуляла.

Що я й не гуляла,
Да й жаль мне вечоронька,
Що я не розмовлявляла.

Що й не розмовляла,
Да й половина саду цвіте,
Половина в''яне.

Половина в''яне,
Да любив барін баріночку,
А тепер й не гляне.

А тепер й не гляне,
Одну ж любив на Волині,
Другу на Вкраїні.

Другу ж на Вкраїні,
Розривається ж моє серце
На дві половини.','["pisni.org.ua", "cat:poliski", "Пісні з Полісся"]',1,'published',COALESCE((SELECT created_at FROM songs WHERE id='pisniua_7103868'), datetime('now')),datetime('now'));
INSERT OR REPLACE INTO songs_fts(song_id,title,lyrics) VALUES ('pisniua_7103868','Ой, да жито жала','Ой, да жито жала,
Жи жито жала,
Снопики в''язала.

Снопики в''язала,
Да зболіла ж головонька,
Нездорова стала.

І да нездорова стала,
Ох, жаль ми тої неділеньки,
Що ж я й не гуляла.

Що я й не гуляла,
Да й жаль мне вечоронька,
Що я не розмовлявляла.

Що й не розмовляла,
Да й половина саду цвіте,
Половина в''яне.

Половина в''яне,
Да любив барін баріночку,
А тепер й не гляне.

А тепер й не гляне,
Одну ж любив на Волині,
Другу на Вкраїні.

Другу ж на Вкраїні,
Розривається ж моє серце
На дві половини.');
INSERT OR REPLACE INTO songs (id,title,subtitle,lang,country,period,year,source,notes,lyrics,tags_json,lang_locked,status,created_at,updated_at) VALUES ('pisniua_7116767','Ой, з-за гори, та із-за кручі','Українська народна пісня','uk','ukraine_before_1917',NULL,NULL,'Українські пісні з нотами. Збірник перший / упорядник П.Ф. Бунт, В. Шаравський. Київ. Видавниче товариство "Час", 1929.',NULL,'Ой, з-за гори, та із-за кручі
Та риплять вози йдучи,
Попереду та чумаченько,
Та вигукуючи.
Ой, хоч вигукуй, хоч і не вигукуй,
Та пригодонька буде.

Гей, буде ж тобі та пригодонька, (2)
Та у чистому полі:
Та вивернеш аж чотири мажі,
Та на роздолі соли.

- Ой, сюди, сюди, молода дівчино,
Та соли купувати,
Ой, не так соли та купувати,
Як жалю завдавати.

- Гей, годі ж тобі, молодий чумаче,
Та під возами лежати:
Бери косу, іди в росу
Та травиченьку тяти.

- Ой, бодай же ти, молода дівчино,
Та того й не діждала,
Ой, щоб моя смоляна ручка
Та травиченьку тяла.

- Гей, годі ж тобі, молодий чумаче,
Та під возами лежати,
Бери серпа та йди в степи
Та пшениченьку жати.

- Ой, бодай же ти, молода дівчино,
Та того й не діждала,
Гей, щоб моя смольна ручка
Та пшениченьку жала.','["pisni.org.ua", "cat:chumacki", "cat:socialno-pobutovi", "Чумацькі пісні", "Соціально-побутові пісні"]',1,'published',COALESCE((SELECT created_at FROM songs WHERE id='pisniua_7116767'), datetime('now')),datetime('now'));
INSERT OR REPLACE INTO songs_fts(song_id,title,lyrics) VALUES ('pisniua_7116767','Ой, з-за гори, та із-за кручі','Ой, з-за гори, та із-за кручі
Та риплять вози йдучи,
Попереду та чумаченько,
Та вигукуючи.
Ой, хоч вигукуй, хоч і не вигукуй,
Та пригодонька буде.

Гей, буде ж тобі та пригодонька, (2)
Та у чистому полі:
Та вивернеш аж чотири мажі,
Та на роздолі соли.

- Ой, сюди, сюди, молода дівчино,
Та соли купувати,
Ой, не так соли та купувати,
Як жалю завдавати.

- Гей, годі ж тобі, молодий чумаче,
Та під возами лежати:
Бери косу, іди в росу
Та травиченьку тяти.

- Ой, бодай же ти, молода дівчино,
Та того й не діждала,
Ой, щоб моя смоляна ручка
Та травиченьку тяла.

- Гей, годі ж тобі, молодий чумаче,
Та під возами лежати,
Бери серпа та йди в степи
Та пшениченьку жати.

- Ой, бодай же ти, молода дівчино,
Та того й не діждала,
Гей, щоб моя смольна ручка
Та пшениченьку жала.');
INSERT OR REPLACE INTO songs (id,title,subtitle,lang,country,period,year,source,notes,lyrics,tags_json,lang_locked,status,created_at,updated_at) VALUES ('pisniua_7119464','Очерет мені був за колиску','Музика: Д. Фальківський, народна Слова: Д. Фальківський. Виконує: Валерій Маренич','uk','ukraine_before_1917',NULL,NULL,'Аудіоальбом: Валерій Маренич, Пісні волинських авторів (2005)','Частину куплетів цієї пісні, я знав ще з дитинства. Мій батько співав її ще за Польщі. був дещо інший варіант тексту. Під цю мелодію танцювали, а називали ще її "Поліський фокстрот". Згодом протягом багатьох років я намагався знайти її у збірниках, народних піснях, та дарма. Лише рік тому купив цей альбом на Хрещатику у виконанні Валерія Маренича. Згодом надішлю вам і музичний додаток.','Очерет мені був за колиску,
в болотах я родився і зріс,
я люблю свою хату поліську,
я люблю свій зажурений ліс.

Що там тропіки, пишні Пампаси,
загляніть но у душу до нас,
я оддав би за неї одразу
і Тібет, і Урал, і Кавказ.

А поліські похмурні болота
пів-Полісся вода зайняла,
тільки де-не-де хутір самотній,
тільки де-не-де клапоть села.

І не дивно, що любимо змалку
буйні води і буйні пісні,
наше серце - то серце рибалки,
а життя наше - книга борні.

Хоч у злиднях живемо, у бруді,
та привілля яке по весні,
коли виставиш вітрові груди
і летиш, і летиш на човні.

А вода і хлюпоче, і плаче,
захлинається в лютій злобі,
ну скажіть, в кого серце гаряче,
як весну, по весні не любить.

І укриють безкраї простори
білокурі чайки і човни,
тільки слухай, як води говорять
в буйнім заспіві свята весни.

Тільки слухай, як хвилі хлюпочуть,
як нестримано повінь гуде,
зайвий рух - і на обрій заскочиш,
зайвий рух - і навік пропадеш.

А коли зарегоче негода,
отоді не кепкуй із води,
як для неї чортяки не вгодиш,
ох, зазнаєш ти брате біди.

Так гартує природа до бою
нас із самих малесеньких літ,
ми зрослись, побратались з водою
і живемо, як вміємо жить','["pisni.org.ua", "cat:socialno-pobutovi", "Соціально-побутові пісні"]',1,'published',COALESCE((SELECT created_at FROM songs WHERE id='pisniua_7119464'), datetime('now')),datetime('now'));
INSERT OR REPLACE INTO songs_fts(song_id,title,lyrics) VALUES ('pisniua_7119464','Очерет мені був за колиску','Очерет мені був за колиску,
в болотах я родився і зріс,
я люблю свою хату поліську,
я люблю свій зажурений ліс.

Що там тропіки, пишні Пампаси,
загляніть но у душу до нас,
я оддав би за неї одразу
і Тібет, і Урал, і Кавказ.

А поліські похмурні болота
пів-Полісся вода зайняла,
тільки де-не-де хутір самотній,
тільки де-не-де клапоть села.

І не дивно, що любимо змалку
буйні води і буйні пісні,
наше серце - то серце рибалки,
а життя наше - книга борні.

Хоч у злиднях живемо, у бруді,
та привілля яке по весні,
коли виставиш вітрові груди
і летиш, і летиш на човні.

А вода і хлюпоче, і плаче,
захлинається в лютій злобі,
ну скажіть, в кого серце гаряче,
як весну, по весні не любить.

І укриють безкраї простори
білокурі чайки і човни,
тільки слухай, як води говорять
в буйнім заспіві свята весни.

Тільки слухай, як хвилі хлюпочуть,
як нестримано повінь гуде,
зайвий рух - і на обрій заскочиш,
зайвий рух - і навік пропадеш.

А коли зарегоче негода,
отоді не кепкуй із води,
як для неї чортяки не вгодиш,
ох, зазнаєш ти брате біди.

Так гартує природа до бою
нас із самих малесеньких літ,
ми зрослись, побратались з водою
і живемо, як вміємо жить');
INSERT OR REPLACE INTO song_links (id,song_id,title,url,kind,version_id,sort_order) VALUES ('pisniua_7119464_l1','pisniua_7119464','YouTube','https://www.youtube.com/watch?v=iH6n0E9vC7s','video',NULL,1);
INSERT OR REPLACE INTO song_links (id,song_id,title,url,kind,version_id,sort_order) VALUES ('pisniua_7119464_l2','pisniua_7119464','Переглянути варіанти >>','https://www.pisni.org.ua/#variants','external',NULL,2);
INSERT OR REPLACE INTO songs (id,title,subtitle,lang,country,period,year,source,notes,lyrics,tags_json,lang_locked,status,created_at,updated_at) VALUES ('pisniua_7123363','Твій голос','Українська народна пісня. Виконує: Наталка Карпа','uk','ukraine_before_1917',NULL,NULL,'аудіозапис',NULL,'- Ти був для мене всім...
- А... Тепер?
- А тепер я маю тільки спогади і твій голос...

Ти знаєш, як яскраво світять зорі?
Як сонця промені торкаються землі?
Як цілий світ купається у морі?
Ти знаєш все, то розкажи мені.
Ти зможеш розповісти про тумани,
Що солодко закутують тебе у сни,
Що вітер той, який здалека манить,
Приніс мене і я кажу тобі:
Поверни мене...

Приспів:
Я хочу завжди слухати твій голос,  |
Вдихати душу твоїх ніжних слів.    |
Ти прошепчи мені, як зможеш, може, |
Сказати те, що досі не зумів.      | (2)

Не зумів...                        | (5)

"Не відпускай" - сказали твої очі.
Тримай відверто поки серце так кричить.
Не відпускай! Твоєю бути хочу,
Твоєю бути хочу кожну мить...
Тобі віддам, мій любий, все, що маю:
Кохання, мрії, щастя, все моє життя,
Скажи лиш просто - "Я тебе чекаю",
Мені потрібні твої почуття.
Поверни мене...

Приспів.

Не зумів...                        | (4)

Приспів.

Не зумів...','["pisni.org.ua", "cat:lviv", "Пісні про Львів"]',1,'published',COALESCE((SELECT created_at FROM songs WHERE id='pisniua_7123363'), datetime('now')),datetime('now'));
INSERT OR REPLACE INTO songs_fts(song_id,title,lyrics) VALUES ('pisniua_7123363','Твій голос','- Ти був для мене всім...
- А... Тепер?
- А тепер я маю тільки спогади і твій голос...

Ти знаєш, як яскраво світять зорі?
Як сонця промені торкаються землі?
Як цілий світ купається у морі?
Ти знаєш все, то розкажи мені.
Ти зможеш розповісти про тумани,
Що солодко закутують тебе у сни,
Що вітер той, який здалека манить,
Приніс мене і я кажу тобі:
Поверни мене...

Приспів:
Я хочу завжди слухати твій голос,  |
Вдихати душу твоїх ніжних слів.    |
Ти прошепчи мені, як зможеш, може, |
Сказати те, що досі не зумів.      | (2)

Не зумів...                        | (5)

"Не відпускай" - сказали твої очі.
Тримай відверто поки серце так кричить.
Не відпускай! Твоєю бути хочу,
Твоєю бути хочу кожну мить...
Тобі віддам, мій любий, все, що маю:
Кохання, мрії, щастя, все моє життя,
Скажи лиш просто - "Я тебе чекаю",
Мені потрібні твої почуття.
Поверни мене...

Приспів.

Не зумів...                        | (4)

Приспів.

Не зумів...');
INSERT OR REPLACE INTO songs (id,title,subtitle,lang,country,period,year,source,notes,lyrics,tags_json,lang_locked,status,created_at,updated_at) VALUES ('pisniua_7120147','Гой, ду-ду-ду','Українська народна пісня','uk','ukraine_before_1917',NULL,NULL,'З пам''яті','Можливо, текст неповний, решту додадуть дописувачі. Так само, як ім''я авторив музики та слів. З програми "На добраніч, діти", УТБ','Спи, дитино, засинай,
Ду-ду-ду, баю-бай.
Карі очка закривай,
Ду-ду-ду, бай.
Коник спить, спить ведмідь,
І маленька бджілка,
Горобця-молодця
Колисає гілка.

Приспів:
Гой, ду-ду-ду,
Гой, ду-ду-ду,
І маленька бджілка,
Гой, ду-ду-ду,
Гой, ду-ду-ду,
Колисає гілка.    Фонограма-мінус (mp3)','["pisni.org.ua", "cat:dytyachi", "cat:kolyskovi", "Дитячі пісні", "Колискові"]',1,'published',COALESCE((SELECT created_at FROM songs WHERE id='pisniua_7120147'), datetime('now')),datetime('now'));
INSERT OR REPLACE INTO songs_fts(song_id,title,lyrics) VALUES ('pisniua_7120147','Гой, ду-ду-ду','Спи, дитино, засинай,
Ду-ду-ду, баю-бай.
Карі очка закривай,
Ду-ду-ду, бай.
Коник спить, спить ведмідь,
І маленька бджілка,
Горобця-молодця
Колисає гілка.

Приспів:
Гой, ду-ду-ду,
Гой, ду-ду-ду,
І маленька бджілка,
Гой, ду-ду-ду,
Гой, ду-ду-ду,
Колисає гілка.    Фонограма-мінус (mp3)');
INSERT OR REPLACE INTO song_links (id,song_id,title,url,kind,version_id,sort_order) VALUES ('pisniua_7120147_l1','pisniua_7120147','YouTube','https://www.youtube.com/watch?v=mdgWN0fotNg','video',NULL,1);
