DELETE FROM song_links WHERE song_id = 'pisniua_6517050';
DELETE FROM song_versions WHERE song_id = 'pisniua_6517050';
DELETE FROM songs_fts WHERE song_id = 'pisniua_6517050';
DELETE FROM songs WHERE id = 'pisniua_6517050';
INSERT OR REPLACE INTO songs (id,title,subtitle,lang,country,period,year,source,notes,lyrics,tags_json,lang_locked,status,created_at,updated_at) VALUES ('pisniua_6517050','Ой, чумаче, чумаче','Українська народна пісня','uk','ukraine_before_1917',NULL,NULL,'аудіозапис','с. Козичанка, Фастівський район, Київська область.','Ой, чумаче, чумаче,
Ой, чумаче, чумаче,
Життя твоє собаче.

Життя твоє собаче,
Життя твоє собаче,
А личенько козаче.

Чом не сієш, не ореш,
Чом не сієш, не ореш,
Чом не рано з Криму їдеш?

Чом не рано з Криму їдеш?
Чом не рано з Криму їдеш?
Не всіх чумаків ведеш?

Ой, я сію, я й і ору,
Ой, я сію, я й і ору,
Ой, я рано з Криму їду.

Ой, я рано з Криму їду,
Ой, я рано з Криму їду,
Всіх чумаченьків веду.','[''pisni.org.ua'', ''cat:chumacki'', ''Чумацькі пісні'']',1,'published',COALESCE((SELECT created_at FROM songs WHERE id='pisniua_6517050'), datetime('now')),datetime('now'));
INSERT OR REPLACE INTO songs_fts(song_id,title,lyrics) VALUES ('pisniua_6517050','Ой, чумаче, чумаче','Ой, чумаче, чумаче,
Ой, чумаче, чумаче,
Життя твоє собаче.

Життя твоє собаче,
Життя твоє собаче,
А личенько козаче.

Чом не сієш, не ореш,
Чом не сієш, не ореш,
Чом не рано з Криму їдеш?

Чом не рано з Криму їдеш?
Чом не рано з Криму їдеш?
Не всіх чумаків ведеш?

Ой, я сію, я й і ору,
Ой, я сію, я й і ору,
Ой, я рано з Криму їду.

Ой, я рано з Криму їду,
Ой, я рано з Криму їду,
Всіх чумаченьків веду.');
INSERT OR REPLACE INTO song_links (id,song_id,title,url,kind,version_id,sort_order) VALUES ('pisniua_6517050_l1','pisniua_6517050','YouTube','https://www.youtube.com/watch?v=Dki0gODNQeo','video',NULL,1);
DELETE FROM song_links WHERE song_id = 'pisniua_6535399';
DELETE FROM song_versions WHERE song_id = 'pisniua_6535399';
DELETE FROM songs_fts WHERE song_id = 'pisniua_6535399';
DELETE FROM songs WHERE id = 'pisniua_6535399';
INSERT OR REPLACE INTO songs (id,title,subtitle,lang,country,period,year,source,notes,lyrics,tags_json,lang_locked,status,created_at,updated_at) VALUES ('pisniua_6535399','Ще не вмерла Україна','Музика: народна Слова: Павло Чубинський, Тарас Шевченко. Виконує: Хорея Козацька','uk','ukraine_before_1917',NULL,NULL,'записи виконання Хореї Козацької',NULL,'Ще не вмерла Україна,
Ні сла-, ні слава, ні воля,
Ще й нам, браття молоденькі, |
Й усміхнеться доля!          | (2)

Згинуть наші воріженьки,
Як ро, як роса на сонці,
Запануємо й ми, браття,      |
У своїй сторонці!            | (2)

Було колись на Вкраїні:
Гримі-, гриміли гармати,
Було колись: запорожці       |
Вміли панувати!              | (2)

Панували, добували
І сла-, і слави і волі -
Тепер тільки осталися        |
Могили на полі!              | (2)

Наливайко і Павлюк,
Ще й Та, ще й Тарас Трясило,
Із могили кличуть нас        |
На святеє діло!              | (2)

Душу й тіло ми положим
За сво-, за свою свободу,
Ще й докажем, що ми, браття, |
Козацького роду!             | (2)','[''pisni.org.ua'', ''cat:himny-marshi'', ''Гимни та марші'']',1,'published',COALESCE((SELECT created_at FROM songs WHERE id='pisniua_6535399'), datetime('now')),datetime('now'));
INSERT OR REPLACE INTO songs_fts(song_id,title,lyrics) VALUES ('pisniua_6535399','Ще не вмерла Україна','Ще не вмерла Україна,
Ні сла-, ні слава, ні воля,
Ще й нам, браття молоденькі, |
Й усміхнеться доля!          | (2)

Згинуть наші воріженьки,
Як ро, як роса на сонці,
Запануємо й ми, браття,      |
У своїй сторонці!            | (2)

Було колись на Вкраїні:
Гримі-, гриміли гармати,
Було колись: запорожці       |
Вміли панувати!              | (2)

Панували, добували
І сла-, і слави і волі -
Тепер тільки осталися        |
Могили на полі!              | (2)

Наливайко і Павлюк,
Ще й Та, ще й Тарас Трясило,
Із могили кличуть нас        |
На святеє діло!              | (2)

Душу й тіло ми положим
За сво-, за свою свободу,
Ще й докажем, що ми, браття, |
Козацького роду!             | (2)');
INSERT OR REPLACE INTO song_links (id,song_id,title,url,kind,version_id,sort_order) VALUES ('pisniua_6535399_l1','pisniua_6535399','YouTube','https://www.youtube.com/watch?v=EfymoS9CFBA','video',NULL,1);
DELETE FROM song_links WHERE song_id = 'pisniua_6534757';
DELETE FROM song_versions WHERE song_id = 'pisniua_6534757';
DELETE FROM songs_fts WHERE song_id = 'pisniua_6534757';
DELETE FROM songs WHERE id = 'pisniua_6534757';
INSERT OR REPLACE INTO songs (id,title,subtitle,lang,country,period,year,source,notes,lyrics,tags_json,lang_locked,status,created_at,updated_at) VALUES ('pisniua_6534757','Боже дитятко','Музика: Мирослав Венгель Слова: Надія Самсін','uk','ukraine_1991',NULL,NULL,'аудіозапис',NULL,'У вбогій стаєнці у вечір на сіні
Родився Ісусик у бідній родині,
Нам Ангел із неба про це сповістив,
Новиною світ увесь вмить звеселив!

Приспів:
І зіронька ясна на небі сіяла,    |
Пречисту Марію із Сином вітала!   |
А Матінка Божа дитя пригортає     |
І пісеньку тихо для нього співає. | (2)

Спи, Сину маленький, моє ангелятко,
Потіхо моя, миле Боже дитятко,
Ти маєш рости і скоріше мужніти,
Щоб світу людей від гріха відкупити.

Приспів.

Спи, Сину маленький, моє ангелятко,
Потіхо моя, миле Боже дитятко,
Ти маєш рости і скоріше мужніти,
Щоб світу людей від гріха відкупити.

Приспів.','[''pisni.org.ua'', ''cat:suchasni-pisni-rizdvo'', ''Сучасні пісні про Різдвяні свята'']',1,'published',COALESCE((SELECT created_at FROM songs WHERE id='pisniua_6534757'), datetime('now')),datetime('now'));
INSERT OR REPLACE INTO songs_fts(song_id,title,lyrics) VALUES ('pisniua_6534757','Боже дитятко','У вбогій стаєнці у вечір на сіні
Родився Ісусик у бідній родині,
Нам Ангел із неба про це сповістив,
Новиною світ увесь вмить звеселив!

Приспів:
І зіронька ясна на небі сіяла,    |
Пречисту Марію із Сином вітала!   |
А Матінка Божа дитя пригортає     |
І пісеньку тихо для нього співає. | (2)

Спи, Сину маленький, моє ангелятко,
Потіхо моя, миле Боже дитятко,
Ти маєш рости і скоріше мужніти,
Щоб світу людей від гріха відкупити.

Приспів.

Спи, Сину маленький, моє ангелятко,
Потіхо моя, миле Боже дитятко,
Ти маєш рости і скоріше мужніти,
Щоб світу людей від гріха відкупити.

Приспів.');
INSERT OR REPLACE INTO song_links (id,song_id,title,url,kind,version_id,sort_order) VALUES ('pisniua_6534757_l1','pisniua_6534757','YouTube','https://www.youtube.com/watch?v=vxcE8Oj7Vbk','video',NULL,1);
DELETE FROM song_links WHERE song_id = 'pisniua_6526093';
DELETE FROM song_versions WHERE song_id = 'pisniua_6526093';
DELETE FROM songs_fts WHERE song_id = 'pisniua_6526093';
DELETE FROM songs WHERE id = 'pisniua_6526093';
INSERT OR REPLACE INTO songs (id,title,subtitle,lang,country,period,year,source,notes,lyrics,tags_json,lang_locked,status,created_at,updated_at) VALUES ('pisniua_6526093','Шовковиця','Музика: Олександр Кварта Слова: Роман Кахович. Виконує: Олександр Кварта','uk','ukraine_before_1917',NULL,NULL,'авторське подання','Аранжування Ігоря Юзюка.','Журилась Богородиця,
Сварила сина мати,
Як бралась від шовковиці
Його сорочку прати.
Шукала ненька злагоди
Та й плакала все знову,
А син втікав по ягоди з дому.
Лишила та шовковиця
Провину на сорочці,
А пляма не виводиться,
А пляма не виводиться,
А пляма не виводиться, хлопці!

І кликала околиця,
Коли ще був безвусим,
І свідчила шовковиця,
Де він пізнав спокусу,
Як чорнобрива звабила,
Що й серцем занедужав,
Пішла собі, і втратив він душу.
А пам''ять, як шовковиця,
Лишилась на сорочці,
І пляма не виводиться,
І пляма не виводиться,
І пляма не виводиться, хлопці!

Біда прийшла, мов віхоло,
У рідний край з війною,
Вдягнув свої доспіхи він
Та в поле став до бою.
З козацькою відвагою
Злетів він на редути,
Та підла куля вдарила в груди!
Кровило, як шовковиця,
Червоним на сорочці,
І пляма не виводиться,
А пляма не виводиться,
І пляма не виводиться, хлопці!

Сльозами та молитвою
Омила сина мати,
І стала божевільною
Його сорочку прати.
Віднесла під шовковицю,
Повісила на сонці,
А пляма не виводиться,
А пляма не виводиться,
А пляма не виводиться, хлопці!','[''pisni.org.ua'', ''cat:kozacki'', ''cat:pro-ditey'', ''Козацькі пісні'', ''Пісні про любов до дітей'']',1,'published',COALESCE((SELECT created_at FROM songs WHERE id='pisniua_6526093'), datetime('now')),datetime('now'));
INSERT OR REPLACE INTO songs_fts(song_id,title,lyrics) VALUES ('pisniua_6526093','Шовковиця','Журилась Богородиця,
Сварила сина мати,
Як бралась від шовковиці
Його сорочку прати.
Шукала ненька злагоди
Та й плакала все знову,
А син втікав по ягоди з дому.
Лишила та шовковиця
Провину на сорочці,
А пляма не виводиться,
А пляма не виводиться,
А пляма не виводиться, хлопці!

І кликала околиця,
Коли ще був безвусим,
І свідчила шовковиця,
Де він пізнав спокусу,
Як чорнобрива звабила,
Що й серцем занедужав,
Пішла собі, і втратив він душу.
А пам''ять, як шовковиця,
Лишилась на сорочці,
І пляма не виводиться,
І пляма не виводиться,
І пляма не виводиться, хлопці!

Біда прийшла, мов віхоло,
У рідний край з війною,
Вдягнув свої доспіхи він
Та в поле став до бою.
З козацькою відвагою
Злетів він на редути,
Та підла куля вдарила в груди!
Кровило, як шовковиця,
Червоним на сорочці,
І пляма не виводиться,
А пляма не виводиться,
І пляма не виводиться, хлопці!

Сльозами та молитвою
Омила сина мати,
І стала божевільною
Його сорочку прати.
Віднесла під шовковицю,
Повісила на сонці,
А пляма не виводиться,
А пляма не виводиться,
А пляма не виводиться, хлопці!');
INSERT OR REPLACE INTO song_links (id,song_id,title,url,kind,version_id,sort_order) VALUES ('pisniua_6526093_l1','pisniua_6526093','YouTube','https://www.youtube.com/watch?v=SZ2JBBx7Fqo','video',NULL,1);
INSERT OR REPLACE INTO song_links (id,song_id,title,url,kind,version_id,sort_order) VALUES ('pisniua_6526093_l2','pisniua_6526093','YouTube','https://www.youtube.com/watch?v=FZWdd-SqQDI','video',NULL,2);
DELETE FROM song_links WHERE song_id = 'pisniua_6529656';
DELETE FROM song_versions WHERE song_id = 'pisniua_6529656';
DELETE FROM songs_fts WHERE song_id = 'pisniua_6529656';
DELETE FROM songs WHERE id = 'pisniua_6529656';
INSERT OR REPLACE INTO songs (id,title,subtitle,lang,country,period,year,source,notes,lyrics,tags_json,lang_locked,status,created_at,updated_at) VALUES ('pisniua_6529656','Бути щасливими','Музика: Anna Maria Слова: Anna Maria','uk','ukraine_1991',NULL,NULL,'аудіозапис',NULL,'І під сонцем, і під зливами
Ми живемо, аби бути щасливими!
Обіймати руками сильними
Тих, кого любимо!
І під сонцем, і під зливами
Ми живемо, аби бути щасливими!
Тільки дай, небо-небо сили нам!

Я напишу на чистому папері
Усе, за що я дякую життю:
За те, що серед безлічі доріг
Завжди я обираю свою!
За те, що є зі мною друзі,
Які пройшли крізь воду і вогонь,
І навіть попри тисячі проблем,
Знаю, що світ врятує любов!

Приспів:
І під сонцем, і під зливами
Ми живемо, аби бути щасливими!
Обіймати руками сильними
Тих, кого любимо!
Молодими, або вже сивими
Ми живемо, аби бути щасливими!
Тільки дай, небо-небо сили нам,
Щоб бути щасливими!

Ти подивись, цей світ для тебе,
Ти пам''ятай,
Цей Всесвіт лиш для нас,
І не чекай, сказати "Люблю!",
Саме зараз час!
І нехай ми не знаєм,
Що готує завтра нам, нехай!
Ти пам''ятай, що все в твоїх руках,
Тому ніколи їх не опускай!

Приспів.','[''pisni.org.ua'', ''cat:philosophic'', ''cat:zahalni-cinnosti'', ''Філософські пісні'', ''Пісні про загальнолюдські цінності'']',1,'published',COALESCE((SELECT created_at FROM songs WHERE id='pisniua_6529656'), datetime('now')),datetime('now'));
INSERT OR REPLACE INTO songs_fts(song_id,title,lyrics) VALUES ('pisniua_6529656','Бути щасливими','І під сонцем, і під зливами
Ми живемо, аби бути щасливими!
Обіймати руками сильними
Тих, кого любимо!
І під сонцем, і під зливами
Ми живемо, аби бути щасливими!
Тільки дай, небо-небо сили нам!

Я напишу на чистому папері
Усе, за що я дякую життю:
За те, що серед безлічі доріг
Завжди я обираю свою!
За те, що є зі мною друзі,
Які пройшли крізь воду і вогонь,
І навіть попри тисячі проблем,
Знаю, що світ врятує любов!

Приспів:
І під сонцем, і під зливами
Ми живемо, аби бути щасливими!
Обіймати руками сильними
Тих, кого любимо!
Молодими, або вже сивими
Ми живемо, аби бути щасливими!
Тільки дай, небо-небо сили нам,
Щоб бути щасливими!

Ти подивись, цей світ для тебе,
Ти пам''ятай,
Цей Всесвіт лиш для нас,
І не чекай, сказати "Люблю!",
Саме зараз час!
І нехай ми не знаєм,
Що готує завтра нам, нехай!
Ти пам''ятай, що все в твоїх руках,
Тому ніколи їх не опускай!

Приспів.');
INSERT OR REPLACE INTO song_links (id,song_id,title,url,kind,version_id,sort_order) VALUES ('pisniua_6529656_l1','pisniua_6529656','YouTube','https://www.youtube.com/watch?v=hzSJVdTIa8Y','video',NULL,1);
INSERT OR REPLACE INTO song_links (id,song_id,title,url,kind,version_id,sort_order) VALUES ('pisniua_6529656_l2','pisniua_6529656','YouTube','https://www.youtube.com/watch?v=uVYGGoyZRqI','video',NULL,2);
INSERT OR REPLACE INTO song_links (id,song_id,title,url,kind,version_id,sort_order) VALUES ('pisniua_6529656_l3','pisniua_6529656','YouTube','https://www.youtube.com/watch?v=sVqgXo4hYPQ','video',NULL,3);
DELETE FROM song_links WHERE song_id = 'pisniua_6527570';
DELETE FROM song_versions WHERE song_id = 'pisniua_6527570';
DELETE FROM songs_fts WHERE song_id = 'pisniua_6527570';
DELETE FROM songs WHERE id = 'pisniua_6527570';
INSERT OR REPLACE INTO songs (id,title,subtitle,lang,country,period,year,source,notes,lyrics,tags_json,lang_locked,status,created_at,updated_at) VALUES ('pisniua_6527570','Десь далеко журавлі полетіли',NULL,'uk','ukraine_1991',NULL,NULL,'аудіозапис',NULL,'Десь далеко, далеко,
Далеко журавлі полетіли
За луги, за ліси,
За поля, де нема заметілі.
А летіть журавлям,              |
А летіть журавлям нема сили,    |
І спочити вони                  |
На галявину в лісі присіли...   | (2)

А на ранок знялись
І на південь усі полетіли,
Лиш один залишивсь,
Бо його вже покинули сили...
Він кричав їм услід:            |
Поможіть, я благаю вас, братці, |
Бо не маю я сил                 |
У повітря за вами піднятися!..  | (2)

І спустились вони
З допомогою бідному брату,
Хоч і знали про те,
Що цей шлях буде важко здолати...
У небеса піднялась              |
Журавлів білокрилая зграя,      |
Вони брата з собою              |
Несли до південного краю...     | (2)

Так і в нашім житті - хтось
Відбивсь від крилатої зграї,
Хоч і знає про дружбу,
Й причин для того немає.
Ну, а доля тоді починає         |
Із тебе сміятись,               |
Друзі всі обійдуть,             |
І ніхто не поможе піднятись...  | (2)

Подивімось навкруг -
Скільки в мирі поранених братів,
Що забули Христа,
Опинились в обіймах прокляття...
Допоможемо ж їм,                |
Поруч із ними у бідах пройдемо, |
Ісусу Христу ми молитву         |
За них вознесемо!..             | (2)','[''pisni.org.ua'', ''cat:zahalni-cinnosti'', ''Пісні про загальнолюдські цінності'']',1,'published',COALESCE((SELECT created_at FROM songs WHERE id='pisniua_6527570'), datetime('now')),datetime('now'));
INSERT OR REPLACE INTO songs_fts(song_id,title,lyrics) VALUES ('pisniua_6527570','Десь далеко журавлі полетіли','Десь далеко, далеко,
Далеко журавлі полетіли
За луги, за ліси,
За поля, де нема заметілі.
А летіть журавлям,              |
А летіть журавлям нема сили,    |
І спочити вони                  |
На галявину в лісі присіли...   | (2)

А на ранок знялись
І на південь усі полетіли,
Лиш один залишивсь,
Бо його вже покинули сили...
Він кричав їм услід:            |
Поможіть, я благаю вас, братці, |
Бо не маю я сил                 |
У повітря за вами піднятися!..  | (2)

І спустились вони
З допомогою бідному брату,
Хоч і знали про те,
Що цей шлях буде важко здолати...
У небеса піднялась              |
Журавлів білокрилая зграя,      |
Вони брата з собою              |
Несли до південного краю...     | (2)

Так і в нашім житті - хтось
Відбивсь від крилатої зграї,
Хоч і знає про дружбу,
Й причин для того немає.
Ну, а доля тоді починає         |
Із тебе сміятись,               |
Друзі всі обійдуть,             |
І ніхто не поможе піднятись...  | (2)

Подивімось навкруг -
Скільки в мирі поранених братів,
Що забули Христа,
Опинились в обіймах прокляття...
Допоможемо ж їм,                |
Поруч із ними у бідах пройдемо, |
Ісусу Христу ми молитву         |
За них вознесемо!..             | (2)');
INSERT OR REPLACE INTO song_links (id,song_id,title,url,kind,version_id,sort_order) VALUES ('pisniua_6527570_l1','pisniua_6527570','YouTube','https://www.youtube.com/watch?v=PLzVH20eZy8','video',NULL,1);
DELETE FROM song_links WHERE song_id = 'pisniua_6536555';
DELETE FROM song_versions WHERE song_id = 'pisniua_6536555';
DELETE FROM songs_fts WHERE song_id = 'pisniua_6536555';
DELETE FROM songs WHERE id = 'pisniua_6536555';
INSERT OR REPLACE INTO songs (id,title,subtitle,lang,country,period,year,source,notes,lyrics,tags_json,lang_locked,status,created_at,updated_at) VALUES ('pisniua_6536555','Хай Ісус в різдвяну мить','Музика: Валентина Шевченко Слова: Валентина Шевченко','uk','ukraine_before_1917',NULL,NULL,'аудіозапис',NULL,'Чи чекали ви нас,
Господарю й господине?
Хай сьогодні для вас
Коляда у хаті лине!

Приспів:
Хай Ісус в різдвяну мить
Вас добром благословить,
Щоб усі були щасливі,
Дужі і багаті!
Хай Ісус в різдвяну мить
Вас добром благословить,
Щоб у всіх було здоров''я
І достаток в хаті!

Ми принесли для вас
Коники й панянки гарні,
Щоб зростали у вас
Козаки й дівчатка славні!

Приспів.

Речитатив:
Христос народився!
Славімо Його!
Христос народився!
Славімо Його!
Щастя вам, люди,
Радості й добра!
І миру нашій Україні!
Славімо Його!

Хай зоря золота
В кожній засія родині!..
Просим Бога-Христа
Миру нашій Україні!

Приспів.','[''pisni.org.ua'', ''cat:kolyadky'', ''cat:shchedrivky'', ''cat:suchasni-pisni-rizdvo'', ''Колядки'', ''Щедрівки'', ''Сучасні пісні про Різдвяні свята'']',1,'published',COALESCE((SELECT created_at FROM songs WHERE id='pisniua_6536555'), datetime('now')),datetime('now'));
INSERT OR REPLACE INTO songs_fts(song_id,title,lyrics) VALUES ('pisniua_6536555','Хай Ісус в різдвяну мить','Чи чекали ви нас,
Господарю й господине?
Хай сьогодні для вас
Коляда у хаті лине!

Приспів:
Хай Ісус в різдвяну мить
Вас добром благословить,
Щоб усі були щасливі,
Дужі і багаті!
Хай Ісус в різдвяну мить
Вас добром благословить,
Щоб у всіх було здоров''я
І достаток в хаті!

Ми принесли для вас
Коники й панянки гарні,
Щоб зростали у вас
Козаки й дівчатка славні!

Приспів.

Речитатив:
Христос народився!
Славімо Його!
Христос народився!
Славімо Його!
Щастя вам, люди,
Радості й добра!
І миру нашій Україні!
Славімо Його!

Хай зоря золота
В кожній засія родині!..
Просим Бога-Христа
Миру нашій Україні!

Приспів.');
INSERT OR REPLACE INTO song_links (id,song_id,title,url,kind,version_id,sort_order) VALUES ('pisniua_6536555_l1','pisniua_6536555','YouTube','https://www.youtube.com/watch?v=8jmgIlKOwQI','video',NULL,1);
DELETE FROM song_links WHERE song_id = 'pisniua_6520075';
DELETE FROM song_versions WHERE song_id = 'pisniua_6520075';
DELETE FROM songs_fts WHERE song_id = 'pisniua_6520075';
DELETE FROM songs WHERE id = 'pisniua_6520075';
INSERT OR REPLACE INTO songs (id,title,subtitle,lang,country,period,year,source,notes,lyrics,tags_json,lang_locked,status,created_at,updated_at) VALUES ('pisniua_6520075','Їде дах','Музика: Klavdia Petrivna Слова: Klavdia Petrivna, Masha Kondratenko','uk','ukraine_1991',NULL,NULL,'аудіозапис',NULL,'Приспів:
Як біжить швидко час,
Я надіюсь, він за нас!
В мене їде дах у всіх на очах...
Я спалила листи,
Щоб забути, хто ти!..
В мене їде дах у всіх на очах...

Треба заспокоїтись і почати спочатку,
Має бути краще в любому випадку!
Ніде ніколи не було порядку,
Щоб було інакше - почніть спочатку!
Де не піду, біди нароблю,
Я не одна така, точно знаю,
Зато, коли граю, вас запевняю,
Я ніколи нікому не програю!
- Клава, може, ти вже заспокоїшся сама?
- Ну, то заспокой мене!

Приспів.

- О, є перерва!

Я шукала тебе, не знайшла та й пішла,
І мене вже не гребе,
Які на смак твої вуста!
Завжди кінець - це початок нового
Хорошого, чи ні, неважливо якого!
Кидай, що не треба, знайди душі миле,
І хай будуть поруч усі вищі сили!
- Боже, які вищі сили, Маш?
- Тю, ну а шо?

Приспів.

В голові птах, їде дах...
Все пречудове залишилось в снах...
Пусто в очах, пусто в руках,
Одним словом - жах!..
Плине час... Плине час... |
І походу не за нас!..     | (4)

Приспів.','[''pisni.org.ua'', ''cat:philosophic'', ''Філософські пісні'']',1,'published',COALESCE((SELECT created_at FROM songs WHERE id='pisniua_6520075'), datetime('now')),datetime('now'));
INSERT OR REPLACE INTO songs_fts(song_id,title,lyrics) VALUES ('pisniua_6520075','Їде дах','Приспів:
Як біжить швидко час,
Я надіюсь, він за нас!
В мене їде дах у всіх на очах...
Я спалила листи,
Щоб забути, хто ти!..
В мене їде дах у всіх на очах...

Треба заспокоїтись і почати спочатку,
Має бути краще в любому випадку!
Ніде ніколи не було порядку,
Щоб було інакше - почніть спочатку!
Де не піду, біди нароблю,
Я не одна така, точно знаю,
Зато, коли граю, вас запевняю,
Я ніколи нікому не програю!
- Клава, може, ти вже заспокоїшся сама?
- Ну, то заспокой мене!

Приспів.

- О, є перерва!

Я шукала тебе, не знайшла та й пішла,
І мене вже не гребе,
Які на смак твої вуста!
Завжди кінець - це початок нового
Хорошого, чи ні, неважливо якого!
Кидай, що не треба, знайди душі миле,
І хай будуть поруч усі вищі сили!
- Боже, які вищі сили, Маш?
- Тю, ну а шо?

Приспів.

В голові птах, їде дах...
Все пречудове залишилось в снах...
Пусто в очах, пусто в руках,
Одним словом - жах!..
Плине час... Плине час... |
І походу не за нас!..     | (4)

Приспів.');
INSERT OR REPLACE INTO song_links (id,song_id,title,url,kind,version_id,sort_order) VALUES ('pisniua_6520075_l1','pisniua_6520075','YouTube','https://www.youtube.com/watch?v=1roiuzbLJ8g','video',NULL,1);
INSERT OR REPLACE INTO song_links (id,song_id,title,url,kind,version_id,sort_order) VALUES ('pisniua_6520075_l2','pisniua_6520075','YouTube','https://www.youtube.com/watch?v=TPTs_2rGP-k','video',NULL,2);
DELETE FROM song_links WHERE song_id = 'pisniua_6526246';
DELETE FROM song_versions WHERE song_id = 'pisniua_6526246';
DELETE FROM songs_fts WHERE song_id = 'pisniua_6526246';
DELETE FROM songs WHERE id = 'pisniua_6526246';
INSERT OR REPLACE INTO songs (id,title,subtitle,lang,country,period,year,source,notes,lyrics,tags_json,lang_locked,status,created_at,updated_at) VALUES ('pisniua_6526246','Донечка','Музика: Юлія Лущинська Слова: Юлія Лущинська','uk','ukraine_1991',NULL,NULL,'аудіозапис',NULL,'Згадаю день, світлий день,
Коли з''явився сенс життя:
Я відчула перший поштовх,
Стукіт серця мого дитя -
Це найкраща мить моя, моя!
Я і тато завжди поруч,
Просто пам''ятай,
Вір у себе! Не здавайся!
Захищатимем надійно, знай!
Ти, як сонечко, яскраво
Сяй! Сяй! Сяй! Сяй! Сяй! Сяй!

Приспів:
Донечка моя! Донечка моя!      |
Люблю сильно я тебе, моя душа! |
Донечка моя! Донечка моя,      |
Будь щасливою все своє життя!  | (2)

Моя найбільша нагорода -
Це усмішка твоя!
У небі зірка запалала,
Хай світить, не згаса!
Народжена від неземного кохання,
Я хочу, щоб здійснились
Всі твої бажання!

Приспів.

Речитатив:
Дякую, що обрала мене мамою!
Я тебе не підведу!
Буду ніжною, ласкавою,
Пригорну і обійму!
Обіцяю, що підтримаю
Маленьку дівчинку свою!
Тільки будь завжди щасливою!
Я тебе сильно люблю!
Я тебе сильно люблю!

Приспів.','[''pisni.org.ua'', ''cat:pro-ditey'', ''Пісні про любов до дітей'']',1,'published',COALESCE((SELECT created_at FROM songs WHERE id='pisniua_6526246'), datetime('now')),datetime('now'));
INSERT OR REPLACE INTO songs_fts(song_id,title,lyrics) VALUES ('pisniua_6526246','Донечка','Згадаю день, світлий день,
Коли з''явився сенс життя:
Я відчула перший поштовх,
Стукіт серця мого дитя -
Це найкраща мить моя, моя!
Я і тато завжди поруч,
Просто пам''ятай,
Вір у себе! Не здавайся!
Захищатимем надійно, знай!
Ти, як сонечко, яскраво
Сяй! Сяй! Сяй! Сяй! Сяй! Сяй!

Приспів:
Донечка моя! Донечка моя!      |
Люблю сильно я тебе, моя душа! |
Донечка моя! Донечка моя,      |
Будь щасливою все своє життя!  | (2)

Моя найбільша нагорода -
Це усмішка твоя!
У небі зірка запалала,
Хай світить, не згаса!
Народжена від неземного кохання,
Я хочу, щоб здійснились
Всі твої бажання!

Приспів.

Речитатив:
Дякую, що обрала мене мамою!
Я тебе не підведу!
Буду ніжною, ласкавою,
Пригорну і обійму!
Обіцяю, що підтримаю
Маленьку дівчинку свою!
Тільки будь завжди щасливою!
Я тебе сильно люблю!
Я тебе сильно люблю!

Приспів.');
INSERT OR REPLACE INTO song_links (id,song_id,title,url,kind,version_id,sort_order) VALUES ('pisniua_6526246_l1','pisniua_6526246','YouTube','https://www.youtube.com/watch?v=OhHWcdDzgFo','video',NULL,1);
DELETE FROM song_links WHERE song_id = 'pisniua_6536879';
DELETE FROM song_versions WHERE song_id = 'pisniua_6536879';
DELETE FROM songs_fts WHERE song_id = 'pisniua_6536879';
DELETE FROM songs WHERE id = 'pisniua_6536879';
INSERT OR REPLACE INTO songs (id,title,subtitle,lang,country,period,year,source,notes,lyrics,tags_json,lang_locked,status,created_at,updated_at) VALUES ('pisniua_6536879','Різдвяна ніч','Музика: Ігор Юрковський Слова: Надія Зінченко','uk','ukraine_1991',NULL,NULL,'аудіозапис',NULL,'Кожен звук, серця стук,
Радість і любов навколо!
Білий сніг на поріг,
Щастя і родини коло!
Гра картин, шум машин,
Метушня людей у місті,
Ряд вітрин, плин хвилин,
Мрії і надії чисті!..

Приспів:
Загадаю я бажання
У чудову ніч Різдвяну:
Хай буде палке кохання!
Маю віру, сил дістану!
Загадаю я бажання:
Всім здоров''я і доволі!
Біль мине, гірке страждання...
Миру, злагоди і волі!
Миру, злагоди і волі!

Старший вік, Новий рік
Поспішає знов у хати.
Сяйво свіч, тиха ніч,
Зникли смутку темні грати!..
Перший крок, блиск зірок,
Вже чекають всіх дарунки.
Рій думок, світ казок,
Сонця промінь і цілунки!

Приспів.','[''pisni.org.ua'', ''cat:suchasni-pisni-rizdvo'', ''Сучасні пісні про Різдвяні свята'']',1,'published',COALESCE((SELECT created_at FROM songs WHERE id='pisniua_6536879'), datetime('now')),datetime('now'));
INSERT OR REPLACE INTO songs_fts(song_id,title,lyrics) VALUES ('pisniua_6536879','Різдвяна ніч','Кожен звук, серця стук,
Радість і любов навколо!
Білий сніг на поріг,
Щастя і родини коло!
Гра картин, шум машин,
Метушня людей у місті,
Ряд вітрин, плин хвилин,
Мрії і надії чисті!..

Приспів:
Загадаю я бажання
У чудову ніч Різдвяну:
Хай буде палке кохання!
Маю віру, сил дістану!
Загадаю я бажання:
Всім здоров''я і доволі!
Біль мине, гірке страждання...
Миру, злагоди і волі!
Миру, злагоди і волі!

Старший вік, Новий рік
Поспішає знов у хати.
Сяйво свіч, тиха ніч,
Зникли смутку темні грати!..
Перший крок, блиск зірок,
Вже чекають всіх дарунки.
Рій думок, світ казок,
Сонця промінь і цілунки!

Приспів.');
INSERT OR REPLACE INTO song_links (id,song_id,title,url,kind,version_id,sort_order) VALUES ('pisniua_6536879_l1','pisniua_6536879','YouTube','https://www.youtube.com/watch?v=_ShaesyIZXM','video',NULL,1);
DELETE FROM song_links WHERE song_id = 'pisniua_6536297';
DELETE FROM song_versions WHERE song_id = 'pisniua_6536297';
DELETE FROM songs_fts WHERE song_id = 'pisniua_6536297';
DELETE FROM songs WHERE id = 'pisniua_6536297';
INSERT OR REPLACE INTO songs (id,title,subtitle,lang,country,period,year,source,notes,lyrics,tags_json,lang_locked,status,created_at,updated_at) VALUES ('pisniua_6536297','А там зійде зоря над Вифлеємом',NULL,'uk','ukraine_1991',NULL,NULL,'авторське подання','Колядку виконують Юрій Василиця та Наталія Деда.','Готується земля зустріти Бога,
Маленького Ісусика прихід.
Зникає, відступає геть тривога,    |
І погляд всіх повернений на схід.  | (2)

Приспів:
А там зійде зоря над Вифлеємом,    |
Появиться найперше пастушкам,      |
Укаже, що прийшла Свята Дитина     |
На радість і спасіння усім нам!    | (2)

А того, хто це небо посідає,
І перед ким всі ангели тремтять,
На сіні Божа мати пеленає,         |
І волики з ягнятками стоять.       | (2)

Приспів.

І ангели співають херувими,
Возносять Богу славу до небес!
На землю з неба мир несуть людині, |
Бо народився Божий Син і Спас.     | (2)

Приспів.','[''pisni.org.ua'', ''cat:suchasni-pisni-rizdvo'', ''Сучасні пісні про Різдвяні свята'']',1,'published',COALESCE((SELECT created_at FROM songs WHERE id='pisniua_6536297'), datetime('now')),datetime('now'));
INSERT OR REPLACE INTO songs_fts(song_id,title,lyrics) VALUES ('pisniua_6536297','А там зійде зоря над Вифлеємом','Готується земля зустріти Бога,
Маленького Ісусика прихід.
Зникає, відступає геть тривога,    |
І погляд всіх повернений на схід.  | (2)

Приспів:
А там зійде зоря над Вифлеємом,    |
Появиться найперше пастушкам,      |
Укаже, що прийшла Свята Дитина     |
На радість і спасіння усім нам!    | (2)

А того, хто це небо посідає,
І перед ким всі ангели тремтять,
На сіні Божа мати пеленає,         |
І волики з ягнятками стоять.       | (2)

Приспів.

І ангели співають херувими,
Возносять Богу славу до небес!
На землю з неба мир несуть людині, |
Бо народився Божий Син і Спас.     | (2)

Приспів.');
INSERT OR REPLACE INTO song_links (id,song_id,title,url,kind,version_id,sort_order) VALUES ('pisniua_6536297_l1','pisniua_6536297','YouTube','https://www.youtube.com/watch?v=kRUK-x4g7do','video',NULL,1);
DELETE FROM song_links WHERE song_id = 'pisniua_6536746';
DELETE FROM song_versions WHERE song_id = 'pisniua_6536746';
DELETE FROM songs_fts WHERE song_id = 'pisniua_6536746';
DELETE FROM songs WHERE id = 'pisniua_6536746';
INSERT OR REPLACE INTO songs (id,title,subtitle,lang,country,period,year,source,notes,lyrics,tags_json,lang_locked,status,created_at,updated_at) VALUES ('pisniua_6536746','З днем народження Ісуса','Музика: Tanya Navrotski Слова: Natalya Martynyuk','uk','ukraine_1991',NULL,NULL,'аудіозапис',NULL,'Співи Ангелів знову линуть
В яслах бідних, в добрий час
Народилася Дитина,
Щоб спасти від горя нас!
У Різдво прийшов Месія!
Дивним приходом Своїм
Морок ночі Він розсіяв,
І приніс спасіння всім!

Приспів:
З днем народження Ісуса
Привітати хочу я!
В ніч Різдва Йому вклонюся,
Його Славлячи Ім''я!
Він - Прекрасний, особливий,
І по вірі у цю ніч
З незрівнянним Божим дивом
Я зустрінусь віч-на-віч!

Хоч і золота я не маю,
Ладану, як в мудреців,
Серце Господу своє вручаю,
Замість всіх земних дарів!
Народився Він і для тебе,
На Дитя це подивись...
Бо до нас зійшов Він із Неба,
Щоб ми в Небо піднялись!

Приспів.','[''pisni.org.ua'', ''cat:suchasni-pisni-rizdvo'', ''Сучасні пісні про Різдвяні свята'']',1,'published',COALESCE((SELECT created_at FROM songs WHERE id='pisniua_6536746'), datetime('now')),datetime('now'));
INSERT OR REPLACE INTO songs_fts(song_id,title,lyrics) VALUES ('pisniua_6536746','З днем народження Ісуса','Співи Ангелів знову линуть
В яслах бідних, в добрий час
Народилася Дитина,
Щоб спасти від горя нас!
У Різдво прийшов Месія!
Дивним приходом Своїм
Морок ночі Він розсіяв,
І приніс спасіння всім!

Приспів:
З днем народження Ісуса
Привітати хочу я!
В ніч Різдва Йому вклонюся,
Його Славлячи Ім''я!
Він - Прекрасний, особливий,
І по вірі у цю ніч
З незрівнянним Божим дивом
Я зустрінусь віч-на-віч!

Хоч і золота я не маю,
Ладану, як в мудреців,
Серце Господу своє вручаю,
Замість всіх земних дарів!
Народився Він і для тебе,
На Дитя це подивись...
Бо до нас зійшов Він із Неба,
Щоб ми в Небо піднялись!

Приспів.');
INSERT OR REPLACE INTO song_links (id,song_id,title,url,kind,version_id,sort_order) VALUES ('pisniua_6536746_l1','pisniua_6536746','YouTube','https://www.youtube.com/watch?v=PhbgQz32i9U','video',NULL,1);
DELETE FROM song_links WHERE song_id = 'pisniua_6532353';
DELETE FROM song_versions WHERE song_id = 'pisniua_6532353';
DELETE FROM songs_fts WHERE song_id = 'pisniua_6532353';
DELETE FROM songs WHERE id = 'pisniua_6532353';
INSERT OR REPLACE INTO songs (id,title,subtitle,lang,country,period,year,source,notes,lyrics,tags_json,lang_locked,status,created_at,updated_at) VALUES ('pisniua_6532353','До побачення','Музика: Мирослав Кувалдін Слова: Мирослав Кувалдін','uk','ukraine_1991',NULL,NULL,'аудіозапис','"До побачення" — пісня, що пронизана світлою журбою за побратимами, які продовжують жити доти, доки ми памʼятаємо про них. Це пісня про цінності людей, вчинки яких стали героїчними. "Збройні сили — це велика родина, і тому втрата кожного побратима відгукується в душі, наче втрата найближчого родича. З цим важко жити. Важко знайти слова, які могли б полегшити цей тягар. Ми лише мовчимо. Хвилина мовчання стає єдиним способом вшанувати загиблих. Але навіть у цьому мовчанні голоси загиблих продовжують лунати у твоїй голові, їхні слова не зникають, а обличчя стоять перед очима. Це залишається з тобою назавжди. Саме так народилася пісня "До побачення" – з потреби знайти зцілення. Для мене вона стала способом прийняти втрати", — автор композиції Мирослав Кувалдін. Відео є частиною ініціативи "Культурного десанту" із запису пісень і кліпів, присвячених боротьбі українців за свободу. Кліп створено у співпраці з платформою пам''яті "Меморіал", яка надала світлини загиблих воїнів.','Сьогодні все, все, як завжди,
Хіба що з неба більше падає води,
Ті самі сни, ті самі ми,
Так само нам іще далеко до весни,
За кадром кадр, за миттю мить,
Кіно назад ніхто не в змозі прокрутить...
Минає ніч, мине і день,
Ми не почуєм твоїх жартів і пісень...

Приспів:
Всі прості слова набули значення.
Ти вже зробив більше, ніж хотів.
Не прощаюсь, брате, до побачення!..
Ще зустрінемось в кращім зі світів!..

Ти чесно жив своє життя,
Любив до сліз і бив до забуття,
Ти цінував звання бійця,
І все обіцяне доводив до кінця.
Ти всім світив, як сто багать,
Всіх переконував, що янголи не сплять,
Все було так, як ти й казав,
Коли твій янгол на секунду задрімав...

Приспів.

Допоки сестри і брати
Здіймають в небо прапори,
Допоки молодість горить,
Ти посміхаєшся з гори.
Вогонь запеклих не пече,
Я відчуваю за плечем
Твоє гаряче серце.
Знаю, ми зустрінемось іще
З тобою! Друже, ми зустрінемось
Іще після всіх воїн!..

Всі прості слова набули значення.
Ти вже зробив більше, ніж хотів.
Не прощаюсь, брате, до побачення!..
Ще зустрінемось!.. Ще зустрінемось!..','[''pisni.org.ua'', ''cat:ato'', ''cat:devoted'', ''cat:viyskovi'', ''cat:zahalni-cinnosti'', ''Пісні російсько-української війни та АТО'', ''Пісні присвячені окремим особам'', ''Пісні на військову тематику'', ''Пісні про загальнолюдські цінності'']',1,'published',COALESCE((SELECT created_at FROM songs WHERE id='pisniua_6532353'), datetime('now')),datetime('now'));
INSERT OR REPLACE INTO songs_fts(song_id,title,lyrics) VALUES ('pisniua_6532353','До побачення','Сьогодні все, все, як завжди,
Хіба що з неба більше падає води,
Ті самі сни, ті самі ми,
Так само нам іще далеко до весни,
За кадром кадр, за миттю мить,
Кіно назад ніхто не в змозі прокрутить...
Минає ніч, мине і день,
Ми не почуєм твоїх жартів і пісень...

Приспів:
Всі прості слова набули значення.
Ти вже зробив більше, ніж хотів.
Не прощаюсь, брате, до побачення!..
Ще зустрінемось в кращім зі світів!..

Ти чесно жив своє життя,
Любив до сліз і бив до забуття,
Ти цінував звання бійця,
І все обіцяне доводив до кінця.
Ти всім світив, як сто багать,
Всіх переконував, що янголи не сплять,
Все було так, як ти й казав,
Коли твій янгол на секунду задрімав...

Приспів.

Допоки сестри і брати
Здіймають в небо прапори,
Допоки молодість горить,
Ти посміхаєшся з гори.
Вогонь запеклих не пече,
Я відчуваю за плечем
Твоє гаряче серце.
Знаю, ми зустрінемось іще
З тобою! Друже, ми зустрінемось
Іще після всіх воїн!..

Всі прості слова набули значення.
Ти вже зробив більше, ніж хотів.
Не прощаюсь, брате, до побачення!..
Ще зустрінемось!.. Ще зустрінемось!..');
INSERT OR REPLACE INTO song_links (id,song_id,title,url,kind,version_id,sort_order) VALUES ('pisniua_6532353_l1','pisniua_6532353','YouTube','https://www.youtube.com/watch?v=v093tXnH6Vg','video',NULL,1);
DELETE FROM song_links WHERE song_id = 'pisniua_6537348';
DELETE FROM song_versions WHERE song_id = 'pisniua_6537348';
DELETE FROM songs_fts WHERE song_id = 'pisniua_6537348';
DELETE FROM songs WHERE id = 'pisniua_6537348';
INSERT OR REPLACE INTO songs (id,title,subtitle,lang,country,period,year,source,notes,lyrics,tags_json,lang_locked,status,created_at,updated_at) VALUES ('pisniua_6537348','Хай на крилах віри лине коляда','Слова: Наталія Погребняк','uk','ukraine_1991',NULL,NULL,'аудіозапис',NULL,'Одяглась зима до свята,
Вкрила снігом всі поля,
Щоб весела і багата
На Різдво була земля!
Сяють радістю обличчя,
Є надія у очах!
Тож славімо всі велично
Сина Божого в піснях!

Приспів:
Хай на крилах віри лине коляда!
Хай щоденно в дім ваш сонце загляда!
Будьте ж ви здорові, діти і батьки!
Вам усім бажаєм щастя на віки!

Ось прийшла жадана днина:
Вже зійшла зоря свята,
Тут зібралася родина,
Щоб прославити Христа!
Хай ввійде Свят-вечір тихо
В кожне серце, в кожен дім!
Обминає вас хай лихо,
Благодаті зичим всім!

Приспів.','[''pisni.org.ua'', ''cat:suchasni-pisni-rizdvo'', ''Сучасні пісні про Різдвяні свята'']',1,'published',COALESCE((SELECT created_at FROM songs WHERE id='pisniua_6537348'), datetime('now')),datetime('now'));
INSERT OR REPLACE INTO songs_fts(song_id,title,lyrics) VALUES ('pisniua_6537348','Хай на крилах віри лине коляда','Одяглась зима до свята,
Вкрила снігом всі поля,
Щоб весела і багата
На Різдво була земля!
Сяють радістю обличчя,
Є надія у очах!
Тож славімо всі велично
Сина Божого в піснях!

Приспів:
Хай на крилах віри лине коляда!
Хай щоденно в дім ваш сонце загляда!
Будьте ж ви здорові, діти і батьки!
Вам усім бажаєм щастя на віки!

Ось прийшла жадана днина:
Вже зійшла зоря свята,
Тут зібралася родина,
Щоб прославити Христа!
Хай ввійде Свят-вечір тихо
В кожне серце, в кожен дім!
Обминає вас хай лихо,
Благодаті зичим всім!

Приспів.');
DELETE FROM song_links WHERE song_id = 'pisniua_6526673';
DELETE FROM song_versions WHERE song_id = 'pisniua_6526673';
DELETE FROM songs_fts WHERE song_id = 'pisniua_6526673';
DELETE FROM songs WHERE id = 'pisniua_6526673';
INSERT OR REPLACE INTO songs (id,title,subtitle,lang,country,period,year,source,notes,lyrics,tags_json,lang_locked,status,created_at,updated_at) VALUES ('pisniua_6526673','Я тебе народила, сину','Музика: Валентина Шевченко Слова: Валентина Шевченко','uk','ukraine_1991',NULL,NULL,'аудіозапис',NULL,'Ти з''явився на світ,
І наповнилось світлом моє життя!..
Моє серце, мій янгол,
Моє ти найкраще у світі дитя!..
Тобі вимолю в Бога
Щасливую доленьку, наче рай!..
Тільки ти, мій синочку,
У мирі і радості підростай!..

Приспів:
Я тебе народила, сину, не для війни!..
Хочу я, щоб були щасливі усі сини!..
Щоб світило ласкаве сонце їм на зорі!..
І не плакали більш ніколи їх матері!..
Свої милі долоньки до мене ти простягни!..
Я тебе народила, сину, не для війни!..

Підростай, мій синочку,
А я пригорну тобі цілий світ...
Хай молитва моя і любов
Полетить за тобою услід!..
Станеш сильним і мужнім,
Я знаю - опорою будеш мені!..
Хай наповнить Всевишній добром,
Благодаттю усі твої дні!..

Приспів.

Сину, серце моє,    |
Хай не буде воєн,   |
Хай усі герої       |
Вернуться із бою!.. | (2)

Приспів.','[''pisni.org.ua'', ''cat:pro-ditey'', ''Пісні про любов до дітей'']',1,'published',COALESCE((SELECT created_at FROM songs WHERE id='pisniua_6526673'), datetime('now')),datetime('now'));
INSERT OR REPLACE INTO songs_fts(song_id,title,lyrics) VALUES ('pisniua_6526673','Я тебе народила, сину','Ти з''явився на світ,
І наповнилось світлом моє життя!..
Моє серце, мій янгол,
Моє ти найкраще у світі дитя!..
Тобі вимолю в Бога
Щасливую доленьку, наче рай!..
Тільки ти, мій синочку,
У мирі і радості підростай!..

Приспів:
Я тебе народила, сину, не для війни!..
Хочу я, щоб були щасливі усі сини!..
Щоб світило ласкаве сонце їм на зорі!..
І не плакали більш ніколи їх матері!..
Свої милі долоньки до мене ти простягни!..
Я тебе народила, сину, не для війни!..

Підростай, мій синочку,
А я пригорну тобі цілий світ...
Хай молитва моя і любов
Полетить за тобою услід!..
Станеш сильним і мужнім,
Я знаю - опорою будеш мені!..
Хай наповнить Всевишній добром,
Благодаттю усі твої дні!..

Приспів.

Сину, серце моє,    |
Хай не буде воєн,   |
Хай усі герої       |
Вернуться із бою!.. | (2)

Приспів.');
INSERT OR REPLACE INTO song_links (id,song_id,title,url,kind,version_id,sort_order) VALUES ('pisniua_6526673_l1','pisniua_6526673','YouTube','https://www.youtube.com/watch?v=gNdgLY4g7PA','video',NULL,1);
DELETE FROM song_links WHERE song_id = 'pisniua_65271';
DELETE FROM song_versions WHERE song_id = 'pisniua_65271';
DELETE FROM songs_fts WHERE song_id = 'pisniua_65271';
DELETE FROM songs WHERE id = 'pisniua_65271';
INSERT OR REPLACE INTO songs (id,title,subtitle,lang,country,period,year,source,notes,lyrics,tags_json,lang_locked,status,created_at,updated_at) VALUES ('pisniua_65271','То моє море','Музика: Володимир Бебешко Слова: Володимир Бебешко. Виконує: Віка Врадій','uk','ukraine_1991',NULL,NULL,'Співаник тернопільського туристичного клубу "Кристал"',NULL,'Най цілий світ пропада, я пожити хочу сам.
Кругом одні вар''яти, я вар''ятом ледь не став.
Я маю досить лажі, злих і ненормальних слів.
Я хочу бути корабльом на своєму морі снів.
То моє море...
Зелені люди ходять самі на себе злі.
Зелені торби носять, а вони такі тяжкі.
Я хочу своє море, я хочу бути сам.
І свої дикі сни я нікому не віддам.
То моє море...
Далеко в лісі ходять маленькі мурахи.
Про щось своє говорять, всі свої і всі чужі.
А в мене риби ходять тихо так, як я.
Я маю своє море, то моя німа сім''я.
То моє море...','[''pisni.org.ua'', ''cat:philosophic'', ''Філософські пісні'']',1,'published',COALESCE((SELECT created_at FROM songs WHERE id='pisniua_65271'), datetime('now')),datetime('now'));
INSERT OR REPLACE INTO songs_fts(song_id,title,lyrics) VALUES ('pisniua_65271','То моє море','Най цілий світ пропада, я пожити хочу сам.
Кругом одні вар''яти, я вар''ятом ледь не став.
Я маю досить лажі, злих і ненормальних слів.
Я хочу бути корабльом на своєму морі снів.
То моє море...
Зелені люди ходять самі на себе злі.
Зелені торби носять, а вони такі тяжкі.
Я хочу своє море, я хочу бути сам.
І свої дикі сни я нікому не віддам.
То моє море...
Далеко в лісі ходять маленькі мурахи.
Про щось своє говорять, всі свої і всі чужі.
А в мене риби ходять тихо так, як я.
Я маю своє море, то моя німа сім''я.
То моє море...');
INSERT OR REPLACE INTO song_links (id,song_id,title,url,kind,version_id,sort_order) VALUES ('pisniua_65271_l1','pisniua_65271','YouTube','https://www.youtube.com/watch?v=xGaE2a1qObE','video',NULL,1);
DELETE FROM song_links WHERE song_id = 'pisniua_6537195';
DELETE FROM song_versions WHERE song_id = 'pisniua_6537195';
DELETE FROM songs_fts WHERE song_id = 'pisniua_6537195';
DELETE FROM songs WHERE id = 'pisniua_6537195';
INSERT OR REPLACE INTO songs (id,title,subtitle,lang,country,period,year,source,notes,lyrics,tags_json,lang_locked,status,created_at,updated_at) VALUES ('pisniua_6537195','Небо схилилось','Музика: Edge Worship Слова: Edge Worship','uk','ukraine_1991',NULL,NULL,'аудіозапис',NULL,'Серце її б''ється сильніше за вітер,
Тепло у душі, але тривога росте,
Дитя у руках обіймає тендітно!..
Ангели славу Йому віддають!
Матір у роздумах, як все здійсниться,
Тихо до серця шепоче: Мій Бог...

Приспів:
О, Різдво це нова надія!
Небо схилилося до землі!
Радість і страх у серці Марії,
Слава Всевишньому на віки!

Її руки тремтять, як полум''я свічки,
Та очі шукають небесних шляхів.
Бог вибрав її серед всіх на землі!
Ангели славу Йому віддають!
Матір у роздумах, як все здійсниться,
Тихо до серця шепоче: Мій Бог...

Приспів.

Чи розумів цей світ,
Як любов прийшла?
Дитя в яслах -
Марія плаче й співає,
Її радість, надія у серці її!

Приспів. (2)

Слава Всевишньому! —
Спів без кінця,
Це день, коли Бог
Дарував свого Сина!','[''pisni.org.ua'', ''cat:suchasni-pisni-rizdvo'', ''Сучасні пісні про Різдвяні свята'']',1,'published',COALESCE((SELECT created_at FROM songs WHERE id='pisniua_6537195'), datetime('now')),datetime('now'));
INSERT OR REPLACE INTO songs_fts(song_id,title,lyrics) VALUES ('pisniua_6537195','Небо схилилось','Серце її б''ється сильніше за вітер,
Тепло у душі, але тривога росте,
Дитя у руках обіймає тендітно!..
Ангели славу Йому віддають!
Матір у роздумах, як все здійсниться,
Тихо до серця шепоче: Мій Бог...

Приспів:
О, Різдво це нова надія!
Небо схилилося до землі!
Радість і страх у серці Марії,
Слава Всевишньому на віки!

Її руки тремтять, як полум''я свічки,
Та очі шукають небесних шляхів.
Бог вибрав її серед всіх на землі!
Ангели славу Йому віддають!
Матір у роздумах, як все здійсниться,
Тихо до серця шепоче: Мій Бог...

Приспів.

Чи розумів цей світ,
Як любов прийшла?
Дитя в яслах -
Марія плаче й співає,
Її радість, надія у серці її!

Приспів. (2)

Слава Всевишньому! —
Спів без кінця,
Це день, коли Бог
Дарував свого Сина!');
INSERT OR REPLACE INTO song_links (id,song_id,title,url,kind,version_id,sort_order) VALUES ('pisniua_6537195_l1','pisniua_6537195','YouTube','https://www.youtube.com/watch?v=u9aNZ6Jw7vg','video',NULL,1);
DELETE FROM song_links WHERE song_id = 'pisniua_6535353';
DELETE FROM song_versions WHERE song_id = 'pisniua_6535353';
DELETE FROM songs_fts WHERE song_id = 'pisniua_6535353';
DELETE FROM songs WHERE id = 'pisniua_6535353';
INSERT OR REPLACE INTO songs (id,title,subtitle,lang,country,period,year,source,notes,lyrics,tags_json,lang_locked,status,created_at,updated_at) VALUES ('pisniua_6535353','Наша славна Україна','Музика: Володимир Самійленко Слова: Володимир Самійленко. Виконує: Хорея Козацька','uk','ukraine_1991',NULL,NULL,'записи виконання Хореї Козацької',NULL,'Наша славна Україна,
Наше щастя і наш рай,
Чи на світі є країна
Ще миліша за наш край?..
І в щасливі, злі години
Ми для неї живемо!
На Вкраїні й для Вкраїни      |
Будем жити й помремо!         | (2)

Нас не зможуть супостати
Взяти в кайдани свої -
Ми бороним наші хати,
Наші тихії гаї!
Не вмирає наша слава,
Не вмирає наша честь,
Бо живе в нас сила жвава,     |
Бо робітники в нас єсть!      | (2)

Гей, хто хоче всім свободи,   |
Поєднаймось, як брати!        |
Сонцем правди, світлом згоди, |
Боже, шлях наш освіти!        |
Хай забудеться недоля         |
І неслава давніх літ -        |
Щастє ж рівне й рівна воля    |
Засияють на весь світ!        |
Щастє ж рівне й рівна воля    |
Засияють на весь світ!        | (2)','[''pisni.org.ua'', ''cat:himny-marshi'', ''Гимни та марші'']',1,'published',COALESCE((SELECT created_at FROM songs WHERE id='pisniua_6535353'), datetime('now')),datetime('now'));
INSERT OR REPLACE INTO songs_fts(song_id,title,lyrics) VALUES ('pisniua_6535353','Наша славна Україна','Наша славна Україна,
Наше щастя і наш рай,
Чи на світі є країна
Ще миліша за наш край?..
І в щасливі, злі години
Ми для неї живемо!
На Вкраїні й для Вкраїни      |
Будем жити й помремо!         | (2)

Нас не зможуть супостати
Взяти в кайдани свої -
Ми бороним наші хати,
Наші тихії гаї!
Не вмирає наша слава,
Не вмирає наша честь,
Бо живе в нас сила жвава,     |
Бо робітники в нас єсть!      | (2)

Гей, хто хоче всім свободи,   |
Поєднаймось, як брати!        |
Сонцем правди, світлом згоди, |
Боже, шлях наш освіти!        |
Хай забудеться недоля         |
І неслава давніх літ -        |
Щастє ж рівне й рівна воля    |
Засияють на весь світ!        |
Щастє ж рівне й рівна воля    |
Засияють на весь світ!        | (2)');
INSERT OR REPLACE INTO song_links (id,song_id,title,url,kind,version_id,sort_order) VALUES ('pisniua_6535353_l1','pisniua_6535353','YouTube','https://www.youtube.com/watch?v=rZnoiihtSxk','video',NULL,1);
DELETE FROM song_links WHERE song_id = 'pisniua_6536440';
DELETE FROM song_versions WHERE song_id = 'pisniua_6536440';
DELETE FROM songs_fts WHERE song_id = 'pisniua_6536440';
DELETE FROM songs WHERE id = 'pisniua_6536440';
INSERT OR REPLACE INTO songs (id,title,subtitle,lang,country,period,year,source,notes,lyrics,tags_json,lang_locked,status,created_at,updated_at) VALUES ('pisniua_6536440','Три сестри','Музика: Vlad Darwin Слова: Vlad Darwin','uk','ukraine_1991',NULL,NULL,'аудіозапис',NULL,'У садибі на осонні
Три красуні-доні
Аманда, Лінда і Роуз,
Аманда, Лінда і Роуз!..
Малювали акварелі
Мрійниці веселі -
Аманда, Лінда і Роуз!
Аманда, Лінда і Роуз!
Старша намалювала трон,
Середня намалювала вогонь,
А наймолодша — вірную любов!

Приспів:
А що коїть любов?
Коїть любов все, що хочеш!
А як зрадиш любов,
Зрадиш любов — жить не зможеш!
Якщо любиш — палай!
Любиш — палай та не сердься!
А розлюбиш — благай,
Бога благай,
Щоб любов жила в серці!
Бо любов жива!
Щоб любов жила в серці!
Бо любов жива!

А зоря на небосхилі
Лагідно світила
Аманді, Лінді і Роуз!
Аманді, Лінді і Роуз!
Та дороги в дальні далі
Різні обирали
Аманда, Лінда і Роуз!
Аманда, Лінда і Роуз!
Бо старша вірила королю,
Середня вірила мудрецю,
А наймолодша вірила в любов!

Приспів.

Промайнуло днів чимало,
Світом розкидало
Аманду, Лінду і Роуз,
Аманду, Лінду і Роуз.
Виглядали у дзеркала,
Осінь зустрічали
Аманда, Лінда і Роуз,
Аманда, Лінда і Роуз.
Старша зустріла у голоді,
Середня зустріла у холоді,
А наймолодша — у любові з мрій!

Приспів.

У садибі на осонні
Три красуні-доні
Аманда, Лінда і Роуз,
Аманда, Лінда і Роуз!..','[''pisni.org.ua'', ''cat:philosophic'', ''cat:zahalni-cinnosti'', ''Філософські пісні'', ''Пісні про загальнолюдські цінності'']',1,'published',COALESCE((SELECT created_at FROM songs WHERE id='pisniua_6536440'), datetime('now')),datetime('now'));
INSERT OR REPLACE INTO songs_fts(song_id,title,lyrics) VALUES ('pisniua_6536440','Три сестри','У садибі на осонні
Три красуні-доні
Аманда, Лінда і Роуз,
Аманда, Лінда і Роуз!..
Малювали акварелі
Мрійниці веселі -
Аманда, Лінда і Роуз!
Аманда, Лінда і Роуз!
Старша намалювала трон,
Середня намалювала вогонь,
А наймолодша — вірную любов!

Приспів:
А що коїть любов?
Коїть любов все, що хочеш!
А як зрадиш любов,
Зрадиш любов — жить не зможеш!
Якщо любиш — палай!
Любиш — палай та не сердься!
А розлюбиш — благай,
Бога благай,
Щоб любов жила в серці!
Бо любов жива!
Щоб любов жила в серці!
Бо любов жива!

А зоря на небосхилі
Лагідно світила
Аманді, Лінді і Роуз!
Аманді, Лінді і Роуз!
Та дороги в дальні далі
Різні обирали
Аманда, Лінда і Роуз!
Аманда, Лінда і Роуз!
Бо старша вірила королю,
Середня вірила мудрецю,
А наймолодша вірила в любов!

Приспів.

Промайнуло днів чимало,
Світом розкидало
Аманду, Лінду і Роуз,
Аманду, Лінду і Роуз.
Виглядали у дзеркала,
Осінь зустрічали
Аманда, Лінда і Роуз,
Аманда, Лінда і Роуз.
Старша зустріла у голоді,
Середня зустріла у холоді,
А наймолодша — у любові з мрій!

Приспів.

У садибі на осонні
Три красуні-доні
Аманда, Лінда і Роуз,
Аманда, Лінда і Роуз!..');
INSERT OR REPLACE INTO song_links (id,song_id,title,url,kind,version_id,sort_order) VALUES ('pisniua_6536440_l1','pisniua_6536440','YouTube','https://www.youtube.com/watch?v=QRpUPd8C7ns','video',NULL,1);
DELETE FROM song_links WHERE song_id = 'pisniua_6544848';
DELETE FROM song_versions WHERE song_id = 'pisniua_6544848';
DELETE FROM songs_fts WHERE song_id = 'pisniua_6544848';
DELETE FROM songs WHERE id = 'pisniua_6544848';
INSERT OR REPLACE INTO songs (id,title,subtitle,lang,country,period,year,source,notes,lyrics,tags_json,lang_locked,status,created_at,updated_at) VALUES ('pisniua_6544848','Коси','Музика: Andriy Samchuk, Maks Burla Слова: Andriy Samchuk, Maks Burla','uk','ukraine_1991',NULL,NULL,'аудіозапис',NULL,'Приспів:
І, коли вона розпустила коси,
Запалав вогонь у очах моїх,
Я вже був без тебе - досить!
Я би зорі з неба до твоїх ніг!
І, коли вона розпустила коси,
Я став п''яніти і без вина,
Моя нова залежність - не папіроси,
Моя нова залежність - вона сама!

І лише в твоїх обіймах
Я почуваю себе наче вдома,
Без тебе все не те,
Без тебе наче в комі,
І все навколо в чорно-білих кольорах,
Без тебе їде дах, без тебе!..
Без тебе сонця немає і нема чому радіти
Холод відчуваю, хоч цвітуть на полі квіти
Бо ти - спонсор мого ендорфіну в житті!

І, коли вона розпустила коси,
Запалав вогонь у очах моїх,
Я вже був без тебе - досить!..
З мене досить!..

Приспів.

Терпи мене і без сил в нестомі
Люби мене або, ні, то вбий мене,
Якщо буде бажання нестримане!..
Знову всі нові пісні тобі мої,
Все життя і лиш тобі одній тепер!
Нова історія, і всю душу
Для мене лиш сповідай!..
Знайди у закутку свого серця місце,
І я урочисто відмовлюсь від усіх!..

Приспів.','[''pisni.org.ua'', ''cat:devoted'', ''Пісні присвячені окремим особам'']',1,'published',COALESCE((SELECT created_at FROM songs WHERE id='pisniua_6544848'), datetime('now')),datetime('now'));
INSERT OR REPLACE INTO songs_fts(song_id,title,lyrics) VALUES ('pisniua_6544848','Коси','Приспів:
І, коли вона розпустила коси,
Запалав вогонь у очах моїх,
Я вже був без тебе - досить!
Я би зорі з неба до твоїх ніг!
І, коли вона розпустила коси,
Я став п''яніти і без вина,
Моя нова залежність - не папіроси,
Моя нова залежність - вона сама!

І лише в твоїх обіймах
Я почуваю себе наче вдома,
Без тебе все не те,
Без тебе наче в комі,
І все навколо в чорно-білих кольорах,
Без тебе їде дах, без тебе!..
Без тебе сонця немає і нема чому радіти
Холод відчуваю, хоч цвітуть на полі квіти
Бо ти - спонсор мого ендорфіну в житті!

І, коли вона розпустила коси,
Запалав вогонь у очах моїх,
Я вже був без тебе - досить!..
З мене досить!..

Приспів.

Терпи мене і без сил в нестомі
Люби мене або, ні, то вбий мене,
Якщо буде бажання нестримане!..
Знову всі нові пісні тобі мої,
Все життя і лиш тобі одній тепер!
Нова історія, і всю душу
Для мене лиш сповідай!..
Знайди у закутку свого серця місце,
І я урочисто відмовлюсь від усіх!..

Приспів.');
INSERT OR REPLACE INTO song_links (id,song_id,title,url,kind,version_id,sort_order) VALUES ('pisniua_6544848_l1','pisniua_6544848','YouTube','https://www.youtube.com/watch?v=fpEUML4CRx8','video',NULL,1);
DELETE FROM song_links WHERE song_id = 'pisniua_6550050';
DELETE FROM song_versions WHERE song_id = 'pisniua_6550050';
DELETE FROM songs_fts WHERE song_id = 'pisniua_6550050';
DELETE FROM songs WHERE id = 'pisniua_6550050';
INSERT OR REPLACE INTO songs (id,title,subtitle,lang,country,period,year,source,notes,lyrics,tags_json,lang_locked,status,created_at,updated_at) VALUES ('pisniua_6550050','Смарагдове небо','Музика: Maksym Derevianchuk Слова: Maksym Derevianchuk','uk','ukraine_1991',NULL,NULL,'аудіозапис',NULL,'Світанком біля моря,
Мрійним промінням сонця,
All up to you!
All up to you!
На це хибує більшість,
Вірність бракує цінність,
All up to you!
All up to you!

Приспів:
Смарагдове небо
Чекає нас завтра,
А я йду до тебе,
Я йду назад!
Смарагдове небо,
Загадуй бажання,
Я йду до тебе!
Я йду назад!

Смарагдове небо! | (3)

Мені прислали пісню,
Немає більше місця,
В моєму злому серці
Давно уже війна...
Давай забудемо, де ми,
Пробудемо всі проблеми.
Мені пора на сцену
Сказати ці слова!

Приспів.

Смарагдове небо! | (3)

Смарагдове небо,
Загадуй бажання,
Я йду до тебе!..

Приспів. (2)','[''pisni.org.ua'', ''cat:philosophic'', ''Філософські пісні'']',1,'published',COALESCE((SELECT created_at FROM songs WHERE id='pisniua_6550050'), datetime('now')),datetime('now'));
INSERT OR REPLACE INTO songs_fts(song_id,title,lyrics) VALUES ('pisniua_6550050','Смарагдове небо','Світанком біля моря,
Мрійним промінням сонця,
All up to you!
All up to you!
На це хибує більшість,
Вірність бракує цінність,
All up to you!
All up to you!

Приспів:
Смарагдове небо
Чекає нас завтра,
А я йду до тебе,
Я йду назад!
Смарагдове небо,
Загадуй бажання,
Я йду до тебе!
Я йду назад!

Смарагдове небо! | (3)

Мені прислали пісню,
Немає більше місця,
В моєму злому серці
Давно уже війна...
Давай забудемо, де ми,
Пробудемо всі проблеми.
Мені пора на сцену
Сказати ці слова!

Приспів.

Смарагдове небо! | (3)

Смарагдове небо,
Загадуй бажання,
Я йду до тебе!..

Приспів. (2)');
INSERT OR REPLACE INTO song_links (id,song_id,title,url,kind,version_id,sort_order) VALUES ('pisniua_6550050_l1','pisniua_6550050','YouTube','https://www.youtube.com/watch?v=r6FA4j-kGa4','video',NULL,1);
DELETE FROM song_links WHERE song_id = 'pisniua_6549178';
DELETE FROM song_versions WHERE song_id = 'pisniua_6549178';
DELETE FROM songs_fts WHERE song_id = 'pisniua_6549178';
DELETE FROM songs WHERE id = 'pisniua_6549178';
INSERT OR REPLACE INTO songs (id,title,subtitle,lang,country,period,year,source,notes,lyrics,tags_json,lang_locked,status,created_at,updated_at) VALUES ('pisniua_6549178','Холодна гора','Музика: Собаки, Курган, Agregat Слова: Сергій Жадан','uk','ukraine_before_1917',NULL,NULL,'аудіозапис',NULL,'Приспів:
Теплі хрущовки, темні двори,
Пацан спускається з холодної гори,
Щоденний хіп-хоп, щоденний рок-н-рол,
В кишені бовтається парацетамол.
Місто аптек, місто блокпостів
Довго спускається в сторону мостів,
Котяться на захід ранкові поїзди,
Виросту, вивчусь — дам усім пи*ди!

У ранньому дитинстві ти тримаєшся своїх,
Брат легкоатлет ще до війни кудись заліг,
Вітчим щоранку підіймався на завод,
Світ складався із приходів та пригод.
Мама — надія, кожен ранок, як подія,
Демони метро передають тобі привіт.
Будеш бити, але хочеться любити,
Хочеться спалити цей дорослий світ!

Приспів.

Сірий: знову те саме, давай щось мінять
Та без питань

Сиджу з серйозним жалом,
З предметом в кармані можу ужалить,
Спортивки пальоні, Армані,
Вчора їздив на барік,
Ранковий бадун жити мішає,
Але вечером водку з пивом мішаю.
Бо, пива без водки, як паспорт без фотки,
Я вийду раніше, хай плате хтось інший.
Тут вуличні звуки це гальма маршрутки,
А вулиці голос це харківський Металіст!

Приспів.

Виросту, вивчусь — дам усім пи*ди!
Виросту, вивчусь — дам усім пи*ди!

Приспів.','[''pisni.org.ua'', ''cat:socialno-pobutovi'', ''cat:zahalni-cinnosti'', ''Соціально-побутові пісні'', ''Пісні про загальнолюдські цінності'']',1,'published',COALESCE((SELECT created_at FROM songs WHERE id='pisniua_6549178'), datetime('now')),datetime('now'));
INSERT OR REPLACE INTO songs_fts(song_id,title,lyrics) VALUES ('pisniua_6549178','Холодна гора','Приспів:
Теплі хрущовки, темні двори,
Пацан спускається з холодної гори,
Щоденний хіп-хоп, щоденний рок-н-рол,
В кишені бовтається парацетамол.
Місто аптек, місто блокпостів
Довго спускається в сторону мостів,
Котяться на захід ранкові поїзди,
Виросту, вивчусь — дам усім пи*ди!

У ранньому дитинстві ти тримаєшся своїх,
Брат легкоатлет ще до війни кудись заліг,
Вітчим щоранку підіймався на завод,
Світ складався із приходів та пригод.
Мама — надія, кожен ранок, як подія,
Демони метро передають тобі привіт.
Будеш бити, але хочеться любити,
Хочеться спалити цей дорослий світ!

Приспів.

Сірий: знову те саме, давай щось мінять
Та без питань

Сиджу з серйозним жалом,
З предметом в кармані можу ужалить,
Спортивки пальоні, Армані,
Вчора їздив на барік,
Ранковий бадун жити мішає,
Але вечером водку з пивом мішаю.
Бо, пива без водки, як паспорт без фотки,
Я вийду раніше, хай плате хтось інший.
Тут вуличні звуки це гальма маршрутки,
А вулиці голос це харківський Металіст!

Приспів.

Виросту, вивчусь — дам усім пи*ди!
Виросту, вивчусь — дам усім пи*ди!

Приспів.');
INSERT OR REPLACE INTO song_links (id,song_id,title,url,kind,version_id,sort_order) VALUES ('pisniua_6549178_l1','pisniua_6549178','YouTube','https://www.youtube.com/watch?v=4lsfD50chao','video',NULL,1);
DELETE FROM song_links WHERE song_id = 'pisniua_6536593';
DELETE FROM song_versions WHERE song_id = 'pisniua_6536593';
DELETE FROM songs_fts WHERE song_id = 'pisniua_6536593';
DELETE FROM songs WHERE id = 'pisniua_6536593';
INSERT OR REPLACE INTO songs (id,title,subtitle,lang,country,period,year,source,notes,lyrics,tags_json,lang_locked,status,created_at,updated_at) VALUES ('pisniua_6536593','Щаслива я','Музика: Олександр Мирошниченко Слова: Наталія Харасайло','uk','ukraine_1991',NULL,NULL,'аудіозапис',NULL,'Щаслива я, бо ви мене любили,
Зима сміялась дзвінко за вікном.
В кімнату вітер добивавсь щосили, |
Та зігрівали ви своїм теплом...   | (2)

Щаслива я, бо ви мене любили,
Колядки Щедрий вечір розсипав.
Щаслива я, що ви мене зустріли,   |
Щаслива я, бо хтось мене кохав!.. | (2)

Бо хтось очима усміхавсь до мене
І ніжно мені руки цілував.
Казав, що знав мене іще в Едемі,  |
І пензлем в небі зорі малював.    | (2)

Щаслива я любов''ю неземною,
За течією почуттів пливу.
Моя любов вмиратиме зі мною       |
І житиме, допоки я живу!          | (2)','[''pisni.org.ua'', ''cat:romansy'', ''Романси'']',1,'published',COALESCE((SELECT created_at FROM songs WHERE id='pisniua_6536593'), datetime('now')),datetime('now'));
INSERT OR REPLACE INTO songs_fts(song_id,title,lyrics) VALUES ('pisniua_6536593','Щаслива я','Щаслива я, бо ви мене любили,
Зима сміялась дзвінко за вікном.
В кімнату вітер добивавсь щосили, |
Та зігрівали ви своїм теплом...   | (2)

Щаслива я, бо ви мене любили,
Колядки Щедрий вечір розсипав.
Щаслива я, що ви мене зустріли,   |
Щаслива я, бо хтось мене кохав!.. | (2)

Бо хтось очима усміхавсь до мене
І ніжно мені руки цілував.
Казав, що знав мене іще в Едемі,  |
І пензлем в небі зорі малював.    | (2)

Щаслива я любов''ю неземною,
За течією почуттів пливу.
Моя любов вмиратиме зі мною       |
І житиме, допоки я живу!          | (2)');
INSERT OR REPLACE INTO song_links (id,song_id,title,url,kind,version_id,sort_order) VALUES ('pisniua_6536593_l1','pisniua_6536593','YouTube','https://www.youtube.com/watch?v=0q7nV71SG3E','video',NULL,1);
DELETE FROM song_links WHERE song_id = 'pisniua_6553399';
DELETE FROM song_versions WHERE song_id = 'pisniua_6553399';
DELETE FROM songs_fts WHERE song_id = 'pisniua_6553399';
DELETE FROM songs WHERE id = 'pisniua_6553399';
INSERT OR REPLACE INTO songs (id,title,subtitle,lang,country,period,year,source,notes,lyrics,tags_json,lang_locked,status,created_at,updated_at) VALUES ('pisniua_6553399','Ти не забудь','Музика: Volodymyr Dantes Слова: Volodymyr Dantes','uk','ukraine_1991',NULL,NULL,'аудіозапис',NULL,'І могли з тобою не зустрітись,
Потягом поїхала б в проклятий Хелм.
На пероні залишились квіти,
Зв''язок заглушив би РЕБ...
Чому тебе поцілував я?..
Чому не обирав складний маршрут?..
Часу буває завжди мало,
Часом не повернешся в момент!..

Приспів:
Ти не забудь -                 |
Всі квіти лиш для нас цвітуть! |
На відстані                    |
Любов отруєна, мов ртуть.      | (2)

Любов отруєна, мов ртуть...

Місяцями не відповідала,
Загубився я у твоєм DM.
Залицявся може я не вдало?
Але все змінив момент.
Ти та, яку так чекав я,
Ти така тендітна, мов роса.
Ти так скажеш, відчуваю,
Я - твій, ти - моя!

Приспів.

Обійми мене дужче
І тримай, не відпускай!
Відстань близькість порушить,
Ти знай...

Приспів.

Любов отруєна, мов ртуть...

Приспів. (2)

Любов отруєна, мов ртуть...
Любов отруєна...','[''pisni.org.ua'', ''cat:zahalni-cinnosti'', ''Пісні про загальнолюдські цінності'']',1,'published',COALESCE((SELECT created_at FROM songs WHERE id='pisniua_6553399'), datetime('now')),datetime('now'));
INSERT OR REPLACE INTO songs_fts(song_id,title,lyrics) VALUES ('pisniua_6553399','Ти не забудь','І могли з тобою не зустрітись,
Потягом поїхала б в проклятий Хелм.
На пероні залишились квіти,
Зв''язок заглушив би РЕБ...
Чому тебе поцілував я?..
Чому не обирав складний маршрут?..
Часу буває завжди мало,
Часом не повернешся в момент!..

Приспів:
Ти не забудь -                 |
Всі квіти лиш для нас цвітуть! |
На відстані                    |
Любов отруєна, мов ртуть.      | (2)

Любов отруєна, мов ртуть...

Місяцями не відповідала,
Загубився я у твоєм DM.
Залицявся може я не вдало?
Але все змінив момент.
Ти та, яку так чекав я,
Ти така тендітна, мов роса.
Ти так скажеш, відчуваю,
Я - твій, ти - моя!

Приспів.

Обійми мене дужче
І тримай, не відпускай!
Відстань близькість порушить,
Ти знай...

Приспів.

Любов отруєна, мов ртуть...

Приспів. (2)

Любов отруєна, мов ртуть...
Любов отруєна...');
INSERT OR REPLACE INTO song_links (id,song_id,title,url,kind,version_id,sort_order) VALUES ('pisniua_6553399_l1','pisniua_6553399','YouTube','https://www.youtube.com/watch?v=drVFfAE6aPo','video',NULL,1);
DELETE FROM song_links WHERE song_id = 'pisniua_6540797';
DELETE FROM song_versions WHERE song_id = 'pisniua_6540797';
DELETE FROM songs_fts WHERE song_id = 'pisniua_6540797';
DELETE FROM songs WHERE id = 'pisniua_6540797';
INSERT OR REPLACE INTO songs (id,title,subtitle,lang,country,period,year,source,notes,lyrics,tags_json,lang_locked,status,created_at,updated_at) VALUES ('pisniua_6540797','Мамине серце','Музика: Ольга Животкова (Бажана), Ольга Старовойт Слова: Ольга Животкова (Бажана), Ольга Старовойт','uk','ukraine_1991',NULL,NULL,'аудіозапис',NULL,'Під маминим серцем
Росте цілий всесвіт
Із ніжності і віри в краще!
У ньому надії,
У ньому майбутнє,
Бо кожна з нас виношує щастя!
У кожної мами,
У донечки й сина
Збуватися мають мрії!
Молюсь за нас з вами!
Ти ж мама так само,
Пресвята Діва Марія!

Приспів:
Збережи дітей України!
Діти не бувають чужими!
Щасливими вони бути мають,
Нехай війни і болю не знають!
Збережи дітей України!
Ти і я - одна родина!
Нехай в любові діти зростають,
А мами колискові співають!..
Баю-бай... Баю-бай... Баю-бай...

З тобою я буду
У радість і скруту,
Я стану першим другом твоїм!
В життя проводжаю,
І, доки жива я,
Ділитимусь з тобой всім своїм!
У кожної мами,
У донечки й сина
Збуватися мають мрії!
Молюсь за нас з вами!
Ти ж мама так само,
Пресвята Діва Марія!

Приспів.

Речитатив:
Збережи! Захисти серденько кожне!
Поруч будь! Не забудь, прошу тебе, Боже!
Бо наші діти - майбутнє країни
Хай вони ростуть на славу України!

Збережи дітей України!
Ти і я - одна родина!
Нехай в любові діти зростають,
А мами колискові співають!..
Баю-бай... Баю-бай... Баю-бай...','[''pisni.org.ua'', ''cat:do-bohorodyci'', ''cat:pro-ditey'', ''Пісні до Богородиці'', ''Пісні про любов до дітей'']',1,'published',COALESCE((SELECT created_at FROM songs WHERE id='pisniua_6540797'), datetime('now')),datetime('now'));
INSERT OR REPLACE INTO songs_fts(song_id,title,lyrics) VALUES ('pisniua_6540797','Мамине серце','Під маминим серцем
Росте цілий всесвіт
Із ніжності і віри в краще!
У ньому надії,
У ньому майбутнє,
Бо кожна з нас виношує щастя!
У кожної мами,
У донечки й сина
Збуватися мають мрії!
Молюсь за нас з вами!
Ти ж мама так само,
Пресвята Діва Марія!

Приспів:
Збережи дітей України!
Діти не бувають чужими!
Щасливими вони бути мають,
Нехай війни і болю не знають!
Збережи дітей України!
Ти і я - одна родина!
Нехай в любові діти зростають,
А мами колискові співають!..
Баю-бай... Баю-бай... Баю-бай...

З тобою я буду
У радість і скруту,
Я стану першим другом твоїм!
В життя проводжаю,
І, доки жива я,
Ділитимусь з тобой всім своїм!
У кожної мами,
У донечки й сина
Збуватися мають мрії!
Молюсь за нас з вами!
Ти ж мама так само,
Пресвята Діва Марія!

Приспів.

Речитатив:
Збережи! Захисти серденько кожне!
Поруч будь! Не забудь, прошу тебе, Боже!
Бо наші діти - майбутнє країни
Хай вони ростуть на славу України!

Збережи дітей України!
Ти і я - одна родина!
Нехай в любові діти зростають,
А мами колискові співають!..
Баю-бай... Баю-бай... Баю-бай...');
INSERT OR REPLACE INTO song_links (id,song_id,title,url,kind,version_id,sort_order) VALUES ('pisniua_6540797_l1','pisniua_6540797','YouTube','https://www.youtube.com/watch?v=D03jhKAiHo0','video',NULL,1);
DELETE FROM song_links WHERE song_id = 'pisniua_6552776';
DELETE FROM song_versions WHERE song_id = 'pisniua_6552776';
DELETE FROM songs_fts WHERE song_id = 'pisniua_6552776';
DELETE FROM songs WHERE id = 'pisniua_6552776';
INSERT OR REPLACE INTO songs (id,title,subtitle,lang,country,period,year,source,notes,lyrics,tags_json,lang_locked,status,created_at,updated_at) VALUES ('pisniua_6552776','Пізнє кохання',NULL,'uk','ukraine_1991',NULL,NULL,'аудіозапис',NULL,'Зустрів тебе я на краю життя,
Коли вже осінь стукала в віконце.
Та серце запалало почуттям,
І ти для мене знов зійшла, як сонце!
Здавалось, що давно минула мить,
Коли кохання може все змінити.
Та погляд твій у серці так горить,
Що хочеться з тобою тільки жити!

Приспів:
Пізнє кохання, як диво осіннє,
Знову у серці розквітло тепло!
Хай воно пізнє та дуже щасливе,
Наче весною у душу зайшло!
Пізнє кохання, мов зірка остання,
Світить яскраво крізь далі років.
Знаю тепер я, що справжнє кохання
Не має ні часу, ні меж й берегів!..

Я довго йшов життям, не знаючи тебе,
І думав, що вже більше не зустріну.
Але сьогодні ти — моє святе,
Єдина у житті моїм людина!..
І хоч зима уже в волоссі в нас,
Та в серці знов палає юна сила!..
І кожен день тепер — безцінний час,
Бо ти мені надію запалила!..

Приспів.

Хай світ говорить,
Що пізно вже любити,
Невже раніш ні в кого не було?
Коли є ти, я знову хочу жити,
З тобою серце знову розцвіло!..

Приспів.','[''pisni.org.ua'', ''cat:devoted'', ''cat:zahalni-cinnosti'', ''Пісні присвячені окремим особам'', ''Пісні про загальнолюдські цінності'']',1,'published',COALESCE((SELECT created_at FROM songs WHERE id='pisniua_6552776'), datetime('now')),datetime('now'));
INSERT OR REPLACE INTO songs_fts(song_id,title,lyrics) VALUES ('pisniua_6552776','Пізнє кохання','Зустрів тебе я на краю життя,
Коли вже осінь стукала в віконце.
Та серце запалало почуттям,
І ти для мене знов зійшла, як сонце!
Здавалось, що давно минула мить,
Коли кохання може все змінити.
Та погляд твій у серці так горить,
Що хочеться з тобою тільки жити!

Приспів:
Пізнє кохання, як диво осіннє,
Знову у серці розквітло тепло!
Хай воно пізнє та дуже щасливе,
Наче весною у душу зайшло!
Пізнє кохання, мов зірка остання,
Світить яскраво крізь далі років.
Знаю тепер я, що справжнє кохання
Не має ні часу, ні меж й берегів!..

Я довго йшов життям, не знаючи тебе,
І думав, що вже більше не зустріну.
Але сьогодні ти — моє святе,
Єдина у житті моїм людина!..
І хоч зима уже в волоссі в нас,
Та в серці знов палає юна сила!..
І кожен день тепер — безцінний час,
Бо ти мені надію запалила!..

Приспів.

Хай світ говорить,
Що пізно вже любити,
Невже раніш ні в кого не було?
Коли є ти, я знову хочу жити,
З тобою серце знову розцвіло!..

Приспів.');
INSERT OR REPLACE INTO song_links (id,song_id,title,url,kind,version_id,sort_order) VALUES ('pisniua_6552776_l1','pisniua_6552776','YouTube','https://www.youtube.com/watch?v=aaYLpdmw8mE','video',NULL,1);
DELETE FROM song_links WHERE song_id = 'pisniua_6554297';
DELETE FROM song_versions WHERE song_id = 'pisniua_6554297';
DELETE FROM songs_fts WHERE song_id = 'pisniua_6554297';
DELETE FROM songs WHERE id = 'pisniua_6554297';
INSERT OR REPLACE INTO songs (id,title,subtitle,lang,country,period,year,source,notes,lyrics,tags_json,lang_locked,status,created_at,updated_at) VALUES ('pisniua_6554297','Було літо','Українська народна пісня','uk','ukraine_before_1917',NULL,NULL,'аудіозапис',NULL,'Було літо, було літо,
Та й стала зима,
Як не було пригодоньки,
Гей, то й тепер нема...

Була колись пригодонька
З Криму ідучи,
В чистім полі край дороги,
Гей, воли пасучи.

Занедужав чумаченько,
Упав та й лежить,
Ніхто ж його не спитає,
Гей, що в нього болить.

Болить в нього молодого
Серце й голова,
Помирає чумаченько,
Гей, а роду нема...

Гей, ревнули сірі воли,
Тіло везучи,
Заплакали чумаченьки,
За ним ідучи...

Гей, ревнули сірі воли
В новому ярмі,
Поховали чумаченька,
Гей, в чужій стороні...','[''pisni.org.ua'', ''cat:chumacki'', ''Чумацькі пісні'']',1,'published',COALESCE((SELECT created_at FROM songs WHERE id='pisniua_6554297'), datetime('now')),datetime('now'));
INSERT OR REPLACE INTO songs_fts(song_id,title,lyrics) VALUES ('pisniua_6554297','Було літо','Було літо, було літо,
Та й стала зима,
Як не було пригодоньки,
Гей, то й тепер нема...

Була колись пригодонька
З Криму ідучи,
В чистім полі край дороги,
Гей, воли пасучи.

Занедужав чумаченько,
Упав та й лежить,
Ніхто ж його не спитає,
Гей, що в нього болить.

Болить в нього молодого
Серце й голова,
Помирає чумаченько,
Гей, а роду нема...

Гей, ревнули сірі воли,
Тіло везучи,
Заплакали чумаченьки,
За ним ідучи...

Гей, ревнули сірі воли
В новому ярмі,
Поховали чумаченька,
Гей, в чужій стороні...');
INSERT OR REPLACE INTO song_links (id,song_id,title,url,kind,version_id,sort_order) VALUES ('pisniua_6554297_l1','pisniua_6554297','YouTube','https://www.youtube.com/watch?v=KBTBJiI46xs','video',NULL,1);
DELETE FROM song_links WHERE song_id = 'pisniua_6553374';
DELETE FROM song_versions WHERE song_id = 'pisniua_6553374';
DELETE FROM songs_fts WHERE song_id = 'pisniua_6553374';
DELETE FROM songs WHERE id = 'pisniua_6553374';
INSERT OR REPLACE INTO songs (id,title,subtitle,lang,country,period,year,source,notes,lyrics,tags_json,lang_locked,status,created_at,updated_at) VALUES ('pisniua_6553374','Падав туман','Музика: Д. Баскаков, В. Ступак, І. Клименко, В. Кудрявець Слова: Д. Баскаков, І. Клименко, Є. Пронін, В. Кудрявець','uk','ukraine_1991',NULL,NULL,'аудіозапис',NULL,'Приспів:
На воду падав туман, на підлогу - сльози, |
Останній роман залишив занози...          |
Любов гірка була, та з неї досить,        |
Більше в його руках вона не вивозить!..   | (2)

Покохав, але їй цього було замало,
Вона на нього запала та потім все зламала.
Колихав, але лиш красивими словами,
Допоки падав туман... На воду падав туман...
Скільки раз ховала сльози під холодний душ,
Пробачить і плаче, поки не змиє туш...
Та зрозумій: любов не річ, яка не підійшла,
Ти просто не того знайшла!..

Приспів.

І ще один пустий дзвінок із його телефону,
Він пропонує все по-новій і по-новому.
Це виглядає як поганий комедійний фільм,
Бо вже не смішно їй!..
Скільки раз ховала сльози під холодний душ,
Пробачить і плаче, поки не змиє туш...
Та зрозумій: любов не річ, яка не підійшла,
Ти просто не того знайшла!..
Запроси мене на останній танець,
Можливо я залишусь, але не зарікаюсь.
Запроси мене на останню каву,
Скажу: Мені не цікаво!

Приспів.','[''pisni.org.ua'', ''cat:devoted'', ''cat:nostalgia'', ''cat:zahalni-cinnosti'', ''Пісні присвячені окремим особам'', ''Пісні з ностальгічними мотивами'', ''Пісні про загальнолюдські цінності'']',1,'published',COALESCE((SELECT created_at FROM songs WHERE id='pisniua_6553374'), datetime('now')),datetime('now'));
INSERT OR REPLACE INTO songs_fts(song_id,title,lyrics) VALUES ('pisniua_6553374','Падав туман','Приспів:
На воду падав туман, на підлогу - сльози, |
Останній роман залишив занози...          |
Любов гірка була, та з неї досить,        |
Більше в його руках вона не вивозить!..   | (2)

Покохав, але їй цього було замало,
Вона на нього запала та потім все зламала.
Колихав, але лиш красивими словами,
Допоки падав туман... На воду падав туман...
Скільки раз ховала сльози під холодний душ,
Пробачить і плаче, поки не змиє туш...
Та зрозумій: любов не річ, яка не підійшла,
Ти просто не того знайшла!..

Приспів.

І ще один пустий дзвінок із його телефону,
Він пропонує все по-новій і по-новому.
Це виглядає як поганий комедійний фільм,
Бо вже не смішно їй!..
Скільки раз ховала сльози під холодний душ,
Пробачить і плаче, поки не змиє туш...
Та зрозумій: любов не річ, яка не підійшла,
Ти просто не того знайшла!..
Запроси мене на останній танець,
Можливо я залишусь, але не зарікаюсь.
Запроси мене на останню каву,
Скажу: Мені не цікаво!

Приспів.');
INSERT OR REPLACE INTO song_links (id,song_id,title,url,kind,version_id,sort_order) VALUES ('pisniua_6553374_l1','pisniua_6553374','YouTube','https://www.youtube.com/watch?v=agYRgoeidQs','video',NULL,1);
INSERT OR REPLACE INTO song_links (id,song_id,title,url,kind,version_id,sort_order) VALUES ('pisniua_6553374_l2','pisniua_6553374','YouTube','https://www.youtube.com/watch?v=uCD72hv4x3c','video',NULL,2);
DELETE FROM song_links WHERE song_id = 'pisniua_6538972';
DELETE FROM song_versions WHERE song_id = 'pisniua_6538972';
DELETE FROM songs_fts WHERE song_id = 'pisniua_6538972';
DELETE FROM songs WHERE id = 'pisniua_6538972';
INSERT OR REPLACE INTO songs (id,title,subtitle,lang,country,period,year,source,notes,lyrics,tags_json,lang_locked,status,created_at,updated_at) VALUES ('pisniua_6538972','Приходять тіні і мовчать','Музика: ШІ Слова: Віталій Орловський','uk','ukraine_1991',NULL,NULL,'аудіозапис',NULL,'Приходять тіні - і мовчать,
І заглядають мені в душу:
Так, ніби маю їх стрічать.
Вони шепочуть: "Як ти, друже?"

І я витягую з пітьми
Обличчя мертвих побратимів.
"Не бійся, брате. Так, це - ми", -
Стоять бліді, немов у гримі.

Окоп стає таким малим,
До болю схожим на могилу.
Війна страшний наносить грим,
Несе в труні бійців до тилу.

"Дивіться, хлопці: я один
Із двадцять другого лишився.
Складаю пазл із домовин,
Рахую смерті - з ліку збився".

А тіні курять, і мені
Крізь форму видно їх легені.
Серця спинились кам''яні,
Застигла кров у кожній вені.

"Пробачте, хлопці, що живу.
Якби ж я міг вас повернути!"
Світанок падає в траву
І не дає мені заснути...','[''pisni.org.ua'', ''cat:druzhba'', ''Пісні про дружбу'']',1,'published',COALESCE((SELECT created_at FROM songs WHERE id='pisniua_6538972'), datetime('now')),datetime('now'));
INSERT OR REPLACE INTO songs_fts(song_id,title,lyrics) VALUES ('pisniua_6538972','Приходять тіні і мовчать','Приходять тіні - і мовчать,
І заглядають мені в душу:
Так, ніби маю їх стрічать.
Вони шепочуть: "Як ти, друже?"

І я витягую з пітьми
Обличчя мертвих побратимів.
"Не бійся, брате. Так, це - ми", -
Стоять бліді, немов у гримі.

Окоп стає таким малим,
До болю схожим на могилу.
Війна страшний наносить грим,
Несе в труні бійців до тилу.

"Дивіться, хлопці: я один
Із двадцять другого лишився.
Складаю пазл із домовин,
Рахую смерті - з ліку збився".

А тіні курять, і мені
Крізь форму видно їх легені.
Серця спинились кам''яні,
Застигла кров у кожній вені.

"Пробачте, хлопці, що живу.
Якби ж я міг вас повернути!"
Світанок падає в траву
І не дає мені заснути...');
INSERT OR REPLACE INTO song_links (id,song_id,title,url,kind,version_id,sort_order) VALUES ('pisniua_6538972_l1','pisniua_6538972','YouTube','https://www.youtube.com/watch?v=WAGfWCDXCz4','video',NULL,1);
DELETE FROM song_links WHERE song_id = 'pisniua_65593';
DELETE FROM song_versions WHERE song_id = 'pisniua_65593';
DELETE FROM songs_fts WHERE song_id = 'pisniua_65593';
DELETE FROM songs WHERE id = 'pisniua_65593';
INSERT OR REPLACE INTO songs (id,title,subtitle,lang,country,period,year,source,notes,lyrics,tags_json,lang_locked,status,created_at,updated_at) VALUES ('pisniua_65593','Цілісіньку нічку','Виконує: Ексампей, Не журись!','uk','ukraine_before_1917',NULL,NULL,'аудіозапис','Ймовірно, "Не журись!" не виконували цієї пісні (Інформацію надав Віктор Морозов, http://www.mo-productions.com). Потрібне уточнення!','Куплет 1:
Цілісіньку нічку
Колиса нам свічку.
Колиса нам свічку.
H7
Гей!
З вечора до рана
Ятрилася рана.
Ятрилася рана.
Гей!
Куплет 2:
Цілісіньку нічку
Колиса нам свічку.
Колиса нам свічку.
A7
Гей!
Ми тепер без тата -
Впав у руки ката.
Впав у руки ката.
Гей!
Куплет 3 (акорди з Куплету 1):
Цілісіньку нічку
Колиса нам свічку.  (2)
Гей!
Вогнику восковий,
Згасив тя войсковий.  (2)
Гей!
Куплет 4 (акорди з Куплету 2):
Цілісіньку нічку
Колиса нам свічку.  (2)
Гей!
Політай, синочку,
В крилатім візочку.  (2)
Гей!','[''pisni.org.ua'', ''cat:bardivski'', ''cat:kolyskovi'', ''Бардівські пісні'', ''Колискові'']',1,'published',COALESCE((SELECT created_at FROM songs WHERE id='pisniua_65593'), datetime('now')),datetime('now'));
INSERT OR REPLACE INTO songs_fts(song_id,title,lyrics) VALUES ('pisniua_65593','Цілісіньку нічку','Куплет 1:
Цілісіньку нічку
Колиса нам свічку.
Колиса нам свічку.
H7
Гей!
З вечора до рана
Ятрилася рана.
Ятрилася рана.
Гей!
Куплет 2:
Цілісіньку нічку
Колиса нам свічку.
Колиса нам свічку.
A7
Гей!
Ми тепер без тата -
Впав у руки ката.
Впав у руки ката.
Гей!
Куплет 3 (акорди з Куплету 1):
Цілісіньку нічку
Колиса нам свічку.  (2)
Гей!
Вогнику восковий,
Згасив тя войсковий.  (2)
Гей!
Куплет 4 (акорди з Куплету 2):
Цілісіньку нічку
Колиса нам свічку.  (2)
Гей!
Політай, синочку,
В крилатім візочку.  (2)
Гей!');
DELETE FROM song_links WHERE song_id = 'pisniua_6537477';
DELETE FROM song_versions WHERE song_id = 'pisniua_6537477';
DELETE FROM songs_fts WHERE song_id = 'pisniua_6537477';
DELETE FROM songs WHERE id = 'pisniua_6537477';
INSERT OR REPLACE INTO songs (id,title,subtitle,lang,country,period,year,source,notes,lyrics,tags_json,lang_locked,status,created_at,updated_at) VALUES ('pisniua_6537477','Ой, ходили коліднички','Українська народна пісня','uk','ukraine_before_1917',NULL,NULL,'аудіозапис',NULL,'Ой, ходили коліднички
Від хати до хати,
Щоби панам господарям
Заколєдувати!

Щоби панам господарям
Заколєдувати,
Вам всім щістє та й здоров''я
Хочем побажати!

Вам всім щістє та й здоров''я
Хочем побажати!
Тай Пречисту Діву Матір
Будем прославляти!

Там Пречиста Діва Мати
Породила Сина
Та й у місті Вифлеємі
На сіні сповила!

Та й у місті Вифлеємі
На сіні сповила!
Бог Предвічний народивсі -
Велика новина!

Бог Предвічний народивсі -
Велика новина!
На спасіння всього світу
Божая дитина!..','[''pisni.org.ua'', ''cat:huculski'', ''Гуцульські пісні'']',1,'published',COALESCE((SELECT created_at FROM songs WHERE id='pisniua_6537477'), datetime('now')),datetime('now'));
INSERT OR REPLACE INTO songs_fts(song_id,title,lyrics) VALUES ('pisniua_6537477','Ой, ходили коліднички','Ой, ходили коліднички
Від хати до хати,
Щоби панам господарям
Заколєдувати!

Щоби панам господарям
Заколєдувати,
Вам всім щістє та й здоров''я
Хочем побажати!

Вам всім щістє та й здоров''я
Хочем побажати!
Тай Пречисту Діву Матір
Будем прославляти!

Там Пречиста Діва Мати
Породила Сина
Та й у місті Вифлеємі
На сіні сповила!

Та й у місті Вифлеємі
На сіні сповила!
Бог Предвічний народивсі -
Велика новина!

Бог Предвічний народивсі -
Велика новина!
На спасіння всього світу
Божая дитина!..');
INSERT OR REPLACE INTO song_links (id,song_id,title,url,kind,version_id,sort_order) VALUES ('pisniua_6537477_l1','pisniua_6537477','YouTube','https://www.youtube.com/watch?v=XqKGrFiJlvk','video',NULL,1);
DELETE FROM song_links WHERE song_id = 'pisniua_6554879';
DELETE FROM song_versions WHERE song_id = 'pisniua_6554879';
DELETE FROM songs_fts WHERE song_id = 'pisniua_6554879';
DELETE FROM songs WHERE id = 'pisniua_6554879';
INSERT OR REPLACE INTO songs (id,title,subtitle,lang,country,period,year,source,notes,lyrics,tags_json,lang_locked,status,created_at,updated_at) VALUES ('pisniua_6554879','Згадай','Українська народна пісня','uk','ukraine_before_1917',NULL,NULL,'аудіозапис','Народний романс від Галини Якимівни Попко з Крячківки.','Згадай-пригадай ти той час,
Як ми вперше зустрілись з тобою,
Як ми вперше в кохання вп''ялись,
І зорю зустрічали весною!..

Згадай, твоя пишна коса
На колінах у мене лежала,
І на ній, мовби срідна роса,
Самоцвітним камінням блищала...

Згадай той вишневий садок,
Який цвів немов снігом облитий,
Як і кожен із нас тоді мріяв,
До могили у парі прожити!..

Згадай-пригадай ти той час,
Як я вперше про зраду дізнався,
Соловейко в саду не співав,
Тільки пугач в гаю заливався...
Соловейко в саду не співав,
Тільки пугач в гаю заливався...

Згадай-пригадай ти той час,
Як ми вперше зустрілись з тобою,
Як ми вперше в кохання вп''ялись,
І зорю зустрічали весною!..','[''pisni.org.ua'', ''cat:romansy'', ''Романси'']',1,'published',COALESCE((SELECT created_at FROM songs WHERE id='pisniua_6554879'), datetime('now')),datetime('now'));
INSERT OR REPLACE INTO songs_fts(song_id,title,lyrics) VALUES ('pisniua_6554879','Згадай','Згадай-пригадай ти той час,
Як ми вперше зустрілись з тобою,
Як ми вперше в кохання вп''ялись,
І зорю зустрічали весною!..

Згадай, твоя пишна коса
На колінах у мене лежала,
І на ній, мовби срідна роса,
Самоцвітним камінням блищала...

Згадай той вишневий садок,
Який цвів немов снігом облитий,
Як і кожен із нас тоді мріяв,
До могили у парі прожити!..

Згадай-пригадай ти той час,
Як я вперше про зраду дізнався,
Соловейко в саду не співав,
Тільки пугач в гаю заливався...
Соловейко в саду не співав,
Тільки пугач в гаю заливався...

Згадай-пригадай ти той час,
Як ми вперше зустрілись з тобою,
Як ми вперше в кохання вп''ялись,
І зорю зустрічали весною!..');
INSERT OR REPLACE INTO song_links (id,song_id,title,url,kind,version_id,sort_order) VALUES ('pisniua_6554879_l1','pisniua_6554879','YouTube','https://www.youtube.com/watch?v=HiEWFvhWGl4','video',NULL,1);
DELETE FROM song_links WHERE song_id = 'pisniua_6565848';
DELETE FROM song_versions WHERE song_id = 'pisniua_6565848';
DELETE FROM songs_fts WHERE song_id = 'pisniua_6565848';
DELETE FROM songs WHERE id = 'pisniua_6565848';
INSERT OR REPLACE INTO songs (id,title,subtitle,lang,country,period,year,source,notes,lyrics,tags_json,lang_locked,status,created_at,updated_at) VALUES ('pisniua_6565848','Ой, як важко','Музика: Олександр Пономарьов Слова: Олександр Пономарьов. Виконує: Олександр Пономарьов, Михайло Хома','uk','ukraine_1991',NULL,NULL,'аудіозапис','Українські артисти Олександр Пономарьов та Михайло Хома презентують спільну композицію "Ой як важко..." — присвяту всім, хто сьогодні далеко від рідного дому, щиру історію про тугу, пам''ять і незгасну силу повернення. Це пісня для тих, хто був змушений залишити свій дім, але щодня носить його у серці. Ця пісня про пам''ять, яка береже нас, і про дорогу, яка обов''язково приведе додому. Ця пісня для всіх українців, відірваних від своїх домівок, але нерозривно пов''язаних між собою!..','Ой, як важко мені на чужині,
Так далеко від рідної хати,
І від річечки, що там тече в далині,   |
Так далеко, де батько і мати...        | (2)

Ой, як важко мені на чужині...
Соловейко тут так не співає,
А в душі у моїй десь, отам, в глибині, |
Він, як вдома, співає, літає...        | (2)

Ой, як важко мені на чужині,
Все не рідне, чуже, ой, не знаю...
Я би птахом летів десь у вишині,       |
Я б летів би до рідного краю!..        | (2)

Ой, як важко мені на чужині!..
Ой, як важко мені на чужині...
Прийде час - повернуся до хати,
І до річечки, що там тече в далині,    |
Повернуся, де батько і мати!..         | (2)','[''pisni.org.ua'', ''cat:emigration'', ''Пісні про еміґрацію'']',1,'published',COALESCE((SELECT created_at FROM songs WHERE id='pisniua_6565848'), datetime('now')),datetime('now'));
INSERT OR REPLACE INTO songs_fts(song_id,title,lyrics) VALUES ('pisniua_6565848','Ой, як важко','Ой, як важко мені на чужині,
Так далеко від рідної хати,
І від річечки, що там тече в далині,   |
Так далеко, де батько і мати...        | (2)

Ой, як важко мені на чужині...
Соловейко тут так не співає,
А в душі у моїй десь, отам, в глибині, |
Він, як вдома, співає, літає...        | (2)

Ой, як важко мені на чужині,
Все не рідне, чуже, ой, не знаю...
Я би птахом летів десь у вишині,       |
Я б летів би до рідного краю!..        | (2)

Ой, як важко мені на чужині!..
Ой, як важко мені на чужині...
Прийде час - повернуся до хати,
І до річечки, що там тече в далині,    |
Повернуся, де батько і мати!..         | (2)');
INSERT OR REPLACE INTO song_links (id,song_id,title,url,kind,version_id,sort_order) VALUES ('pisniua_6565848_l1','pisniua_6565848','YouTube','https://www.youtube.com/watch?v=se-8OzySfP0','video',NULL,1);
DELETE FROM song_links WHERE song_id = 'pisniua_65570';
DELETE FROM song_versions WHERE song_id = 'pisniua_65570';
DELETE FROM songs_fts WHERE song_id = 'pisniua_65570';
DELETE FROM songs WHERE id = 'pisniua_65570';
INSERT OR REPLACE INTO songs (id,title,subtitle,lang,country,period,year,source,notes,lyrics,tags_json,lang_locked,status,created_at,updated_at) VALUES ('pisniua_65570','Качечка','(Ой летіла качечка). Музика: Ексампей Слова: Борис Мозолевський. Виконує: Ексампей','uk','ukraine_1991',NULL,NULL,'аудіозапис',NULL,'Передмова:
Краплинами крові виглядають ще восени
кущі шипшини на Гаймановій могилі.
У ній похований скіф у вічних обіймах своєї нареченої.
Вона пішла за ним із священною вірою у потойбічне життя,
із священною вірою у невмирущість любові.
Вступ:  Dm C Dm  (2)
Ой летіла качечка до схід сонечка.
Була в мами Опія - люба донечка.
Програш:  Dm C Dm
Ой летіла качечка. Квітло зіллячко.
Несла в дзьобі амфору на весіллячко.
Програш. (9)
А що те весіллячко плачем линуло -
Повінчалась Опія з домовиною.
Програш.
Туга коса чорная, білі грудоньки.
Чого ж тепер плакати, добрі людоньки?
Програш.
А щоб не подумали, що не добрі бо
У віночок качечку тобі зробимо.
Програш.
Золотая качечка, в дзьобі амфора.
А із тихих уст її крівця капала.
Програш.
...крівця капала.
Програш.
...крівця капала.','[''pisni.org.ua'', ''cat:bardivski'', ''Бардівські пісні'']',1,'published',COALESCE((SELECT created_at FROM songs WHERE id='pisniua_65570'), datetime('now')),datetime('now'));
INSERT OR REPLACE INTO songs_fts(song_id,title,lyrics) VALUES ('pisniua_65570','Качечка','Передмова:
Краплинами крові виглядають ще восени
кущі шипшини на Гаймановій могилі.
У ній похований скіф у вічних обіймах своєї нареченої.
Вона пішла за ним із священною вірою у потойбічне життя,
із священною вірою у невмирущість любові.
Вступ:  Dm C Dm  (2)
Ой летіла качечка до схід сонечка.
Була в мами Опія - люба донечка.
Програш:  Dm C Dm
Ой летіла качечка. Квітло зіллячко.
Несла в дзьобі амфору на весіллячко.
Програш. (9)
А що те весіллячко плачем линуло -
Повінчалась Опія з домовиною.
Програш.
Туга коса чорная, білі грудоньки.
Чого ж тепер плакати, добрі людоньки?
Програш.
А щоб не подумали, що не добрі бо
У віночок качечку тобі зробимо.
Програш.
Золотая качечка, в дзьобі амфора.
А із тихих уст її крівця капала.
Програш.
...крівця капала.
Програш.
...крівця капала.');
DELETE FROM song_links WHERE song_id = 'pisniua_6552491';
DELETE FROM song_versions WHERE song_id = 'pisniua_6552491';
DELETE FROM songs_fts WHERE song_id = 'pisniua_6552491';
DELETE FROM songs WHERE id = 'pisniua_6552491';
INSERT OR REPLACE INTO songs (id,title,subtitle,lang,country,period,year,source,notes,lyrics,tags_json,lang_locked,status,created_at,updated_at) VALUES ('pisniua_6552491','На Йвана Купала','Музика: Оксана Пічугіна Слова: Оксана Пічугіна','uk','ukraine_before_1917',NULL,NULL,'аудіозапис',NULL,'Зелена травичка,
Синій барвіночок,
На Йвана Купала          |
Я сплету віночок!        | (2)

На дівочу вроду,
На щастя, на долю,
Та й на бистру воду      |
Відпущу на волю!         | (2)

Свічечка палає,
Як моє серденько,
Лиш віночок знає,        |
Де ж ти мій миленький!.. | (2)','[''pisni.org.ua'', ''cat:kupalski'', ''Купальські пісні'']',1,'published',COALESCE((SELECT created_at FROM songs WHERE id='pisniua_6552491'), datetime('now')),datetime('now'));
INSERT OR REPLACE INTO songs_fts(song_id,title,lyrics) VALUES ('pisniua_6552491','На Йвана Купала','Зелена травичка,
Синій барвіночок,
На Йвана Купала          |
Я сплету віночок!        | (2)

На дівочу вроду,
На щастя, на долю,
Та й на бистру воду      |
Відпущу на волю!         | (2)

Свічечка палає,
Як моє серденько,
Лиш віночок знає,        |
Де ж ти мій миленький!.. | (2)');
INSERT OR REPLACE INTO song_links (id,song_id,title,url,kind,version_id,sort_order) VALUES ('pisniua_6552491_l1','pisniua_6552491','YouTube','https://www.youtube.com/watch?v=9-1nylrP6xY','video',NULL,1);
INSERT OR REPLACE INTO song_links (id,song_id,title,url,kind,version_id,sort_order) VALUES ('pisniua_6552491_l2','pisniua_6552491','YouTube','https://www.youtube.com/watch?v=HRal1hjSfCo','video',NULL,2);
DELETE FROM song_links WHERE song_id = 'pisniua_6552757';
DELETE FROM song_versions WHERE song_id = 'pisniua_6552757';
DELETE FROM songs_fts WHERE song_id = 'pisniua_6552757';
DELETE FROM songs WHERE id = 'pisniua_6552757';
INSERT OR REPLACE INTO songs (id,title,subtitle,lang,country,period,year,source,notes,lyrics,tags_json,lang_locked,status,created_at,updated_at) VALUES ('pisniua_6552757','Ненормальна','Музика: Оля Цибульська Слова: Оля Цибульська','uk','ukraine_1991',NULL,NULL,'аудіозапис',NULL,'Приспів:
Що скажуть люди, мені по солов''ю!      |
Живу я так як вмію, себе я I love you! | (2)

Знову вітер розплутав волосся,
Наша зустріч з тобою - фатальна.
Ні, шановний, тобі не здалося,         |
Це нормально, що я - ненормальна!      | (2)

Приспів.

Я куплю собі сукню червону -
Так поправлю здоров''я ментальне!
Ні, шановний, тобі не здалося,
Це нормально, що я - ненормальна!
Ні, шановні, вам всім не здалося,
Це нормально, що я - ненормальна!

Приспів.

Це нормально! Це нормально!            |
Це нормально, що я - ненормальна!      | (4)

Приспів.

Живу я так як вмію, себе я I love you!','[''pisni.org.ua'', ''cat:zahalni-cinnosti'', ''Пісні про загальнолюдські цінності'']',1,'published',COALESCE((SELECT created_at FROM songs WHERE id='pisniua_6552757'), datetime('now')),datetime('now'));
INSERT OR REPLACE INTO songs_fts(song_id,title,lyrics) VALUES ('pisniua_6552757','Ненормальна','Приспів:
Що скажуть люди, мені по солов''ю!      |
Живу я так як вмію, себе я I love you! | (2)

Знову вітер розплутав волосся,
Наша зустріч з тобою - фатальна.
Ні, шановний, тобі не здалося,         |
Це нормально, що я - ненормальна!      | (2)

Приспів.

Я куплю собі сукню червону -
Так поправлю здоров''я ментальне!
Ні, шановний, тобі не здалося,
Це нормально, що я - ненормальна!
Ні, шановні, вам всім не здалося,
Це нормально, що я - ненормальна!

Приспів.

Це нормально! Це нормально!            |
Це нормально, що я - ненормальна!      | (4)

Приспів.

Живу я так як вмію, себе я I love you!');
INSERT OR REPLACE INTO song_links (id,song_id,title,url,kind,version_id,sort_order) VALUES ('pisniua_6552757_l1','pisniua_6552757','YouTube','https://www.youtube.com/watch?v=thOweflW6VI','video',NULL,1);
DELETE FROM song_links WHERE song_id = 'pisniua_6563858';
DELETE FROM song_versions WHERE song_id = 'pisniua_6563858';
DELETE FROM songs_fts WHERE song_id = 'pisniua_6563858';
DELETE FROM songs WHERE id = 'pisniua_6563858';
INSERT OR REPLACE INTO songs (id,title,subtitle,lang,country,period,year,source,notes,lyrics,tags_json,lang_locked,status,created_at,updated_at) VALUES ('pisniua_6563858','Миколай, в гості не барися','Музика: Наталія Май Слова: Наталія Май','uk','ukraine_1991',NULL,NULL,'аудіозапис',NULL,'На порозі Миколай -
Подарунки, втіха,
На санчатах довелось
До малят приїхать!

Приспів:
Миколай! Миколай,
В гості не барися!
Миколай! Миколай,
Заспівай нам пісню!

В нього біла борода,
Кожушок червоний,
Замориться - не біда,
Плещемо в долоні!

Приспів.','[''pisni.org.ua'', ''cat:svyatyy-mykolay'', ''Пісні про Святого Миколая'']',1,'published',COALESCE((SELECT created_at FROM songs WHERE id='pisniua_6563858'), datetime('now')),datetime('now'));
INSERT OR REPLACE INTO songs_fts(song_id,title,lyrics) VALUES ('pisniua_6563858','Миколай, в гості не барися','На порозі Миколай -
Подарунки, втіха,
На санчатах довелось
До малят приїхать!

Приспів:
Миколай! Миколай,
В гості не барися!
Миколай! Миколай,
Заспівай нам пісню!

В нього біла борода,
Кожушок червоний,
Замориться - не біда,
Плещемо в долоні!

Приспів.');
INSERT OR REPLACE INTO song_links (id,song_id,title,url,kind,version_id,sort_order) VALUES ('pisniua_6563858_l1','pisniua_6563858','YouTube','https://www.youtube.com/watch?v=Tb7nDf3KiZs','video',NULL,1);
DELETE FROM song_links WHERE song_id = 'pisniua_6564454';
DELETE FROM song_versions WHERE song_id = 'pisniua_6564454';
DELETE FROM songs_fts WHERE song_id = 'pisniua_6564454';
DELETE FROM songs WHERE id = 'pisniua_6564454';
INSERT OR REPLACE INTO songs (id,title,subtitle,lang,country,period,year,source,notes,lyrics,tags_json,lang_locked,status,created_at,updated_at) VALUES ('pisniua_6564454','Я нарешті повернувся в Україну','Музика: ШІ Слова: Сергій Льовін','uk','ukraine_1991',NULL,NULL,'авторське подання','Пісню виконує ШІ. https://youtube.com/shorts/ru-sEnxCGDs?feature=','Я, нарешті, повернувся в Україну,
Де, на щастя, народився і зростав,
Щоб ніколи ані доньці, ані сину
Емігрантами не бути, Боже збав!

Тут земля, куди ведуть усі дороги,
Тут коріння стародавньої Русі.
Де б не був, завжди сюди доставлять ноги,
То про неї я: Помилуй і спаси

Ці поля і ріки -  віддані і вільні,
Розмальовані, доглянуті хати,
Цих людей відкритих, працьовитих, сильних
В оберігах-вишиванках - захисти!

А в Московії і холодно, і дико,
За колючим дротом — все одне кіно:
Богом кинута, брудна, багатолика,
Як тепер, так і колись, давним-давно.','[''pisni.org.ua'', ''cat:emigration'', ''Пісні про еміґрацію'']',1,'published',COALESCE((SELECT created_at FROM songs WHERE id='pisniua_6564454'), datetime('now')),datetime('now'));
INSERT OR REPLACE INTO songs_fts(song_id,title,lyrics) VALUES ('pisniua_6564454','Я нарешті повернувся в Україну','Я, нарешті, повернувся в Україну,
Де, на щастя, народився і зростав,
Щоб ніколи ані доньці, ані сину
Емігрантами не бути, Боже збав!

Тут земля, куди ведуть усі дороги,
Тут коріння стародавньої Русі.
Де б не був, завжди сюди доставлять ноги,
То про неї я: Помилуй і спаси

Ці поля і ріки -  віддані і вільні,
Розмальовані, доглянуті хати,
Цих людей відкритих, працьовитих, сильних
В оберігах-вишиванках - захисти!

А в Московії і холодно, і дико,
За колючим дротом — все одне кіно:
Богом кинута, брудна, багатолика,
Як тепер, так і колись, давним-давно.');
DELETE FROM song_links WHERE song_id = 'pisniua_6556972';
DELETE FROM song_versions WHERE song_id = 'pisniua_6556972';
DELETE FROM songs_fts WHERE song_id = 'pisniua_6556972';
DELETE FROM songs WHERE id = 'pisniua_6556972';
INSERT OR REPLACE INTO songs (id,title,subtitle,lang,country,period,year,source,notes,lyrics,tags_json,lang_locked,status,created_at,updated_at) VALUES ('pisniua_6556972','Ніч','Музика: Андрій Сидоряк Слова: Андрій Сидоряк','uk','ukraine_1991',NULL,NULL,'аудіозапис',NULL,'Світло згасає в вікнах чужих,
Місто без тебе звучить голосніш,
Твої обійми, як дим у пітьмі,
Я вже не плачу, вже не на дні!..

Приспів:
Холодна ніч, бокал просеко,     |
Твою любов залишу в ехо...      |
У серці б''ється ритм диско-еко, |
Я вже не та!.. Я вже далеко!..  | (2)

Вулиці блищать, і я теж блищу,
Твоє ім''я забуваю, мов тінь у дощу...
Я не твоя і ніколи не була,
Ти ж не побачив, як душа цвіла...
Я наливаю ще — хай горить
За кожну ніч, де могла не боліть!
Зі мною музика, з нею мій шлях,
Давно вже ти — в чужих снах!..

Приспів.','[''pisni.org.ua'', ''cat:devoted'', ''Пісні присвячені окремим особам'']',1,'published',COALESCE((SELECT created_at FROM songs WHERE id='pisniua_6556972'), datetime('now')),datetime('now'));
INSERT OR REPLACE INTO songs_fts(song_id,title,lyrics) VALUES ('pisniua_6556972','Ніч','Світло згасає в вікнах чужих,
Місто без тебе звучить голосніш,
Твої обійми, як дим у пітьмі,
Я вже не плачу, вже не на дні!..

Приспів:
Холодна ніч, бокал просеко,     |
Твою любов залишу в ехо...      |
У серці б''ється ритм диско-еко, |
Я вже не та!.. Я вже далеко!..  | (2)

Вулиці блищать, і я теж блищу,
Твоє ім''я забуваю, мов тінь у дощу...
Я не твоя і ніколи не була,
Ти ж не побачив, як душа цвіла...
Я наливаю ще — хай горить
За кожну ніч, де могла не боліть!
Зі мною музика, з нею мій шлях,
Давно вже ти — в чужих снах!..

Приспів.');
INSERT OR REPLACE INTO song_links (id,song_id,title,url,kind,version_id,sort_order) VALUES ('pisniua_6556972_l1','pisniua_6556972','YouTube','https://www.youtube.com/watch?v=ZnuUxWsm_s0','video',NULL,1);
INSERT OR REPLACE INTO song_links (id,song_id,title,url,kind,version_id,sort_order) VALUES ('pisniua_6556972_l2','pisniua_6556972','YouTube','https://www.youtube.com/watch?v=0mBqM53W0Mk','video',NULL,2);
DELETE FROM song_links WHERE song_id = 'pisniua_65555';
DELETE FROM song_versions WHERE song_id = 'pisniua_65555';
DELETE FROM songs_fts WHERE song_id = 'pisniua_65555';
DELETE FROM songs WHERE id = 'pisniua_65555';
INSERT OR REPLACE INTO songs (id,title,subtitle,lang,country,period,year,source,notes,lyrics,tags_json,lang_locked,status,created_at,updated_at) VALUES ('pisniua_65555','Люблю Тебе',NULL,'uk','ukraine_1991',NULL,NULL,'1. Пісенник прочанина УМХ 2. Пісенник для християнської молоді "Боже, мій Боже, з тобою пісня..."',NULL,'Люблю Тебе, люблю всім серцем, Боже
Як людське серце полюбити може!
Мені Ти - світ і ціль життя дороги.      |
І світ, і ціль - без них життя убоге.    |

Коли заплачу, Ти мене потішиш,
Коли упаду, з поміччю поспішиш.
Навчи мене в недолі сльози втерти,       |
Навчи мене в любові жити й вмерти.       | (2)

Навчи мене, як зберегти побожність,
А в рухах чемність, в мові осторожність.
Слівцем найменшим, думкою одною          |
Не провинитися перед Тобою.              | (2)

І ворога приймати все прихильно
Навчи трудитись терпливо, пильно.
Навчи людей судити обережно,             |
Прощати всім, як Ти прощав безмежно.     | (2)

Під свій покров прийми свою дитину,
Служить Тобі до смерті, до загину.
В Твоїх руках моя спочине доля,          |
Нехай Твоя свята сповниться воля!        | (2)','[''pisni.org.ua'', ''cat:christian'', ''Пісні на християнську тематику'']',1,'published',COALESCE((SELECT created_at FROM songs WHERE id='pisniua_65555'), datetime('now')),datetime('now'));
INSERT OR REPLACE INTO songs_fts(song_id,title,lyrics) VALUES ('pisniua_65555','Люблю Тебе','Люблю Тебе, люблю всім серцем, Боже
Як людське серце полюбити може!
Мені Ти - світ і ціль життя дороги.      |
І світ, і ціль - без них життя убоге.    |

Коли заплачу, Ти мене потішиш,
Коли упаду, з поміччю поспішиш.
Навчи мене в недолі сльози втерти,       |
Навчи мене в любові жити й вмерти.       | (2)

Навчи мене, як зберегти побожність,
А в рухах чемність, в мові осторожність.
Слівцем найменшим, думкою одною          |
Не провинитися перед Тобою.              | (2)

І ворога приймати все прихильно
Навчи трудитись терпливо, пильно.
Навчи людей судити обережно,             |
Прощати всім, як Ти прощав безмежно.     | (2)

Під свій покров прийми свою дитину,
Служить Тобі до смерті, до загину.
В Твоїх руках моя спочине доля,          |
Нехай Твоя свята сповниться воля!        | (2)');
INSERT OR REPLACE INTO song_links (id,song_id,title,url,kind,version_id,sort_order) VALUES ('pisniua_65555_l1','pisniua_65555','YouTube','https://www.youtube.com/watch?v=ReL9JjWA0Kw','video',NULL,1);
INSERT OR REPLACE INTO song_links (id,song_id,title,url,kind,version_id,sort_order) VALUES ('pisniua_65555_l2','pisniua_65555','YouTube','https://www.youtube.com/watch?v=2ZhnU3jMsHU','video',NULL,2);
DELETE FROM song_links WHERE song_id = 'pisniua_6545252';
DELETE FROM song_versions WHERE song_id = 'pisniua_6545252';
DELETE FROM songs_fts WHERE song_id = 'pisniua_6545252';
DELETE FROM songs WHERE id = 'pisniua_6545252';
INSERT OR REPLACE INTO songs (id,title,subtitle,lang,country,period,year,source,notes,lyrics,tags_json,lang_locked,status,created_at,updated_at) VALUES ('pisniua_6545252','Роже слічная','(Пісня Пресвятій Богородиці). Виконує: Хорея Козацька','uk','ukraine_1991',NULL,NULL,'аудіозапис','Пісню також виконував дует RELIGIMUZ (Олег Колос та Надія Пакош). Записи та https://www.youtube.com/watch?v=LcJon1z03qk','Роже слічная, Діво чистая,
Так вдячне пахнучая.
Приспів:
Подай нам руку, не дай на муку, |
Матко милосердна!               | (2)
Біла лелія, Діво Марія,
Так вдячне пахнучая.
Приспів.
Чертоже славний, квітами вславний,
Ти-с Христу зготованний,
Приспів.
Руно златоє, в небо взятоє,
Одесную посажденноє.
Приспів.
Остань із нами, своїми слугами,
Визволь нас із неволі.
Приспів.
Покрий нас покровом, своїм омохвором,
Царице небесная!
Приспів.
Подай нам обі, прийми нас к собі,
Матко милосердная!
Приспів.
Роже слічная, Діво чистая,
Так вдячне пахнучая.
Приспів.','[''pisni.org.ua'', ''cat:do-bohorodyci'', ''Пісні до Богородиці'']',1,'published',COALESCE((SELECT created_at FROM songs WHERE id='pisniua_6545252'), datetime('now')),datetime('now'));
INSERT OR REPLACE INTO songs_fts(song_id,title,lyrics) VALUES ('pisniua_6545252','Роже слічная','Роже слічная, Діво чистая,
Так вдячне пахнучая.
Приспів:
Подай нам руку, не дай на муку, |
Матко милосердна!               | (2)
Біла лелія, Діво Марія,
Так вдячне пахнучая.
Приспів.
Чертоже славний, квітами вславний,
Ти-с Христу зготованний,
Приспів.
Руно златоє, в небо взятоє,
Одесную посажденноє.
Приспів.
Остань із нами, своїми слугами,
Визволь нас із неволі.
Приспів.
Покрий нас покровом, своїм омохвором,
Царице небесная!
Приспів.
Подай нам обі, прийми нас к собі,
Матко милосердная!
Приспів.
Роже слічная, Діво чистая,
Так вдячне пахнучая.
Приспів.');
INSERT OR REPLACE INTO song_links (id,song_id,title,url,kind,version_id,sort_order) VALUES ('pisniua_6545252_l1','pisniua_6545252','YouTube','https://www.youtube.com/watch?v=LcJon1z03qk','video',NULL,1);
INSERT OR REPLACE INTO song_links (id,song_id,title,url,kind,version_id,sort_order) VALUES ('pisniua_6545252_l2','pisniua_6545252','YouTube','https://www.youtube.com/watch?v=5ue3Z0vfG-Y','video',NULL,2);
INSERT OR REPLACE INTO song_links (id,song_id,title,url,kind,version_id,sort_order) VALUES ('pisniua_6545252_l3','pisniua_6545252','YouTube','https://www.youtube.com/watch?v=4eyxcIE8cJc','video',NULL,3);
INSERT OR REPLACE INTO song_links (id,song_id,title,url,kind,version_id,sort_order) VALUES ('pisniua_6545252_l4','pisniua_6545252','YouTube','https://www.youtube.com/watch?v=QNEkte9sq9U','video',NULL,4);
DELETE FROM song_links WHERE song_id = 'pisniua_6543477';
DELETE FROM song_versions WHERE song_id = 'pisniua_6543477';
DELETE FROM songs_fts WHERE song_id = 'pisniua_6543477';
DELETE FROM songs WHERE id = 'pisniua_6543477';
INSERT OR REPLACE INTO songs (id,title,subtitle,lang,country,period,year,source,notes,lyrics,tags_json,lang_locked,status,created_at,updated_at) VALUES ('pisniua_6543477','Вимолив','Музика: Євген Хмара Слова: Юрій Іздрик, Jerry Heil','uk','ukraine_1991',NULL,NULL,'аудіозапис',NULL,'Пам''ять дощами вимило,
Розум вітрами вимело.
Хто тебе, мила, вимолив?
Хто тебе з неба виманив?
Звідки ти, щастя, випало?
Взяло мене і випило.
Хто тебе в Бога вигадав?
І для чиєї вигоди?

Приспів:
Я тебе, мила, вимолив,
З Божого саду виламав!
І небеса відкрили ми,
І обгорнули крилами!
І не забракне сили нам,
Поки шепочуть губи:
Мила, а хто ти, мила?
Любий, а хто ти, любий?

Мила, а хто ти?..
Любий, а хто ти?..

А не було вже виходу,
Окрім дурного випадку:
Сам ти мене і вихопив,
Як випадкову вигадку.
Сам же мене і вимислив,
Сам же мене і вичислив,
І як пречистий вимисел
Поміж рядками вичитав.

Приспів. (3)

Любий, а хто ти, любий?..
Мила, а хто ти?.. Хто ти?..
Любий, а хто ти, любий?
Мила, а хто ти?..
Люба, хто ти?..
Любий, а хто ти?..
Мила, а хто ти?..','[''pisni.org.ua'', ''cat:philosophic'', ''Філософські пісні'']',1,'published',COALESCE((SELECT created_at FROM songs WHERE id='pisniua_6543477'), datetime('now')),datetime('now'));
INSERT OR REPLACE INTO songs_fts(song_id,title,lyrics) VALUES ('pisniua_6543477','Вимолив','Пам''ять дощами вимило,
Розум вітрами вимело.
Хто тебе, мила, вимолив?
Хто тебе з неба виманив?
Звідки ти, щастя, випало?
Взяло мене і випило.
Хто тебе в Бога вигадав?
І для чиєї вигоди?

Приспів:
Я тебе, мила, вимолив,
З Божого саду виламав!
І небеса відкрили ми,
І обгорнули крилами!
І не забракне сили нам,
Поки шепочуть губи:
Мила, а хто ти, мила?
Любий, а хто ти, любий?

Мила, а хто ти?..
Любий, а хто ти?..

А не було вже виходу,
Окрім дурного випадку:
Сам ти мене і вихопив,
Як випадкову вигадку.
Сам же мене і вимислив,
Сам же мене і вичислив,
І як пречистий вимисел
Поміж рядками вичитав.

Приспів. (3)

Любий, а хто ти, любий?..
Мила, а хто ти?.. Хто ти?..
Любий, а хто ти, любий?
Мила, а хто ти?..
Люба, хто ти?..
Любий, а хто ти?..
Мила, а хто ти?..');
INSERT OR REPLACE INTO song_links (id,song_id,title,url,kind,version_id,sort_order) VALUES ('pisniua_6543477_l1','pisniua_6543477','YouTube','https://www.youtube.com/watch?v=HGihmMSuaAc','video',NULL,1);
DELETE FROM song_links WHERE song_id = 'pisniua_6566570';
DELETE FROM song_versions WHERE song_id = 'pisniua_6566570';
DELETE FROM songs_fts WHERE song_id = 'pisniua_6566570';
DELETE FROM songs WHERE id = 'pisniua_6566570';
INSERT OR REPLACE INTO songs (id,title,subtitle,lang,country,period,year,source,notes,lyrics,tags_json,lang_locked,status,created_at,updated_at) VALUES ('pisniua_6566570','Привіт, мій любий!','Музика: GenSouls Слова: Наталія Сінєльнікова','uk','ukraine_1991',NULL,NULL,'аудіозапис',NULL,'А ти приснись мені, будь ласка,
Поруч побудемо хоч мить,
Бо лиш з тобою, ніби в казці,
Сердечко так моє тремтить!
І обіймаючи подушку,
Зустріну з нею знов світанок,
Прошепочу я їй на вушко:
Привіт, мій любий. Добрий ранок!

Приспів:
Привіт, мій любий,
Добрий ранок!
Одна, лиш кава на столі...
Такий самотній мій сніданок,
Бо мусиш буть далеко ти...
А як хотілося б, щоб разом,
Ковточок ти, ковточок я!
І так і буде, тільки з часом,
Бо ми з тобою - одна сім''я!..

Мій день сьогодні буде звичним:
Робота, дім, думки про нас.
Здається все, ніби ритмічно,
Чекаю звісточку весь час.
Сумуючи, лягаю спати,
Cкоріш побачити б світанок,
І в телефоні написати:
Привіт, мій любий. Добрий ранок!

Приспів.

І як з''явишся ти на порозі,
Я згадаю як пахне життя,
І дихати буде не в змозі,
Лише чути серцебиття...
І ніжно так пригорнувшись,
Зустрінем з тобою світанок!
Скажу тобі я усміхнувшись:
Привіт, мій любий. Добрий ранок!

Приспів. (2)

Привіт, мій любий!..','[''pisni.org.ua'', ''cat:devoted'', ''cat:zahalni-cinnosti'', ''Пісні присвячені окремим особам'', ''Пісні про загальнолюдські цінності'']',1,'published',COALESCE((SELECT created_at FROM songs WHERE id='pisniua_6566570'), datetime('now')),datetime('now'));
INSERT OR REPLACE INTO songs_fts(song_id,title,lyrics) VALUES ('pisniua_6566570','Привіт, мій любий!','А ти приснись мені, будь ласка,
Поруч побудемо хоч мить,
Бо лиш з тобою, ніби в казці,
Сердечко так моє тремтить!
І обіймаючи подушку,
Зустріну з нею знов світанок,
Прошепочу я їй на вушко:
Привіт, мій любий. Добрий ранок!

Приспів:
Привіт, мій любий,
Добрий ранок!
Одна, лиш кава на столі...
Такий самотній мій сніданок,
Бо мусиш буть далеко ти...
А як хотілося б, щоб разом,
Ковточок ти, ковточок я!
І так і буде, тільки з часом,
Бо ми з тобою - одна сім''я!..

Мій день сьогодні буде звичним:
Робота, дім, думки про нас.
Здається все, ніби ритмічно,
Чекаю звісточку весь час.
Сумуючи, лягаю спати,
Cкоріш побачити б світанок,
І в телефоні написати:
Привіт, мій любий. Добрий ранок!

Приспів.

І як з''явишся ти на порозі,
Я згадаю як пахне життя,
І дихати буде не в змозі,
Лише чути серцебиття...
І ніжно так пригорнувшись,
Зустрінем з тобою світанок!
Скажу тобі я усміхнувшись:
Привіт, мій любий. Добрий ранок!

Приспів. (2)

Привіт, мій любий!..');
INSERT OR REPLACE INTO song_links (id,song_id,title,url,kind,version_id,sort_order) VALUES ('pisniua_6566570_l1','pisniua_6566570','YouTube','https://www.youtube.com/watch?v=cVzbAqYAzdE','video',NULL,1);
DELETE FROM song_links WHERE song_id = 'pisniua_6565991';
DELETE FROM song_versions WHERE song_id = 'pisniua_6565991';
DELETE FROM songs_fts WHERE song_id = 'pisniua_6565991';
DELETE FROM songs WHERE id = 'pisniua_6565991';
INSERT OR REPLACE INTO songs (id,title,subtitle,lang,country,period,year,source,notes,lyrics,tags_json,lang_locked,status,created_at,updated_at) VALUES ('pisniua_6565991','Заведу кота','Музика: Ivan Klymenko, BangBlazeMusic, Олег Шкарпета (Шугар) Слова: Ivan Klymenko, Олег Шкарпета (Шугар), Владислава Кіцелюк','uk','ukraine_before_1917',NULL,NULL,'аудіозапис','"Заведу кота" — це пісня про свободу бути собою. За легкою іронією у тексті ховається глибокий сенс: як часто ми намагаємось підлаштуватися під чужі стандарти, як виглядати, як поводитися, що казати, але справжня свобода у прийнятті себе. Головні герої втомилися від оцінок і ролей, які нав''язує суспільство і їх вибір символічний і простий: вони заводять кота, бо кіт не питає, "чому ти така", не засуджує, не вимагає.','Приспів:
І якщо усім не та я
І тобі не та, то я
Заведу кота! Заведу кота!
Раз я не свята і для кота
Буду саме та!
Він не запитає, де я там?..
Заведу кота! Заведу кота!
І для кота буду саме та,
Раз комусь не та!...

Ти можеш бути ким захочеш
І не слухать тих людей,
Які не ті!..
Не ті, не ті, не ті!..
Бо, на відміну від кота,
У тебе лиш одне,
А не дев''ять життів!
Дев''ять життів...
Нікого не слухай, мила,
Просто будь собою!
Як комусь гірка,
То хай собі зап''ють водою!
Думай! Думай! Думай,
Як для себе стати тою,
Хто через роки буде
Пишатися собою!

Приспів.

Я не так виглядаю,
Як би комусь хотілось,
Я не так одяглась,
Не так встала, не так присіла.
Навіщо це все терпіла?..
Моє тіло - моє діло!
Я люблю тільки кота,
І це так мило!

Приспів.','[''pisni.org.ua'', ''cat:socialno-pobutovi'', ''Соціально-побутові пісні'']',1,'published',COALESCE((SELECT created_at FROM songs WHERE id='pisniua_6565991'), datetime('now')),datetime('now'));
INSERT OR REPLACE INTO songs_fts(song_id,title,lyrics) VALUES ('pisniua_6565991','Заведу кота','Приспів:
І якщо усім не та я
І тобі не та, то я
Заведу кота! Заведу кота!
Раз я не свята і для кота
Буду саме та!
Він не запитає, де я там?..
Заведу кота! Заведу кота!
І для кота буду саме та,
Раз комусь не та!...

Ти можеш бути ким захочеш
І не слухать тих людей,
Які не ті!..
Не ті, не ті, не ті!..
Бо, на відміну від кота,
У тебе лиш одне,
А не дев''ять життів!
Дев''ять життів...
Нікого не слухай, мила,
Просто будь собою!
Як комусь гірка,
То хай собі зап''ють водою!
Думай! Думай! Думай,
Як для себе стати тою,
Хто через роки буде
Пишатися собою!

Приспів.

Я не так виглядаю,
Як би комусь хотілось,
Я не так одяглась,
Не так встала, не так присіла.
Навіщо це все терпіла?..
Моє тіло - моє діло!
Я люблю тільки кота,
І це так мило!

Приспів.');
INSERT OR REPLACE INTO song_links (id,song_id,title,url,kind,version_id,sort_order) VALUES ('pisniua_6565991_l1','pisniua_6565991','YouTube','https://www.youtube.com/watch?v=6pDXEZsLkIo','video',NULL,1);
DELETE FROM song_links WHERE song_id = 'pisniua_6569252';
DELETE FROM song_versions WHERE song_id = 'pisniua_6569252';
DELETE FROM songs_fts WHERE song_id = 'pisniua_6569252';
DELETE FROM songs WHERE id = 'pisniua_6569252';
INSERT OR REPLACE INTO songs (id,title,subtitle,lang,country,period,year,source,notes,lyrics,tags_json,lang_locked,status,created_at,updated_at) VALUES ('pisniua_6569252','Колискова','Музика: Віталія Грицак, Жоржини Слова: Володимир Вакуленко','uk','ukraine_before_1917',NULL,NULL,'авторське подання','Пісню виконують Віталія Грицак та Жоржини.','А-аа-а-а... А-аа-а-а...

Осінь надворі добра
З золота свого листя
Шиє звіряткам ковдри,
Хмари блакитно чисті
Для місяця осінь спушить,
В небі його колисанка:
Спи, мій маленький друже,
Ніч на віконних фіранках...

А-аа-а-а... А-аа-а-а...

Космосу пісню шепоче
Про галактичні квіти,
Спи, мій маленький хлопче...
На павутинці вітер
Гойдає нічку спати,
Щоб народилася тиша,
Спи-засинай біля тата,
Сонечно вранці потішиш...

А-аа-а-а... А-аа-а-а...

Осінь надворі добра
З золота свого листя
Шиє звіряткам ковдри,
Хмари блакитно чисті
Для місяця осінь спушить,
В небі його колисанка:
Спи, мій маленький друже,
Ніч на віконних фіранках...

А-аа-а-а... А-аа-а-а...','[''pisni.org.ua'', ''cat:kolyskovi'', ''Колискові'']',1,'published',COALESCE((SELECT created_at FROM songs WHERE id='pisniua_6569252'), datetime('now')),datetime('now'));
INSERT OR REPLACE INTO songs_fts(song_id,title,lyrics) VALUES ('pisniua_6569252','Колискова','А-аа-а-а... А-аа-а-а...

Осінь надворі добра
З золота свого листя
Шиє звіряткам ковдри,
Хмари блакитно чисті
Для місяця осінь спушить,
В небі його колисанка:
Спи, мій маленький друже,
Ніч на віконних фіранках...

А-аа-а-а... А-аа-а-а...

Космосу пісню шепоче
Про галактичні квіти,
Спи, мій маленький хлопче...
На павутинці вітер
Гойдає нічку спати,
Щоб народилася тиша,
Спи-засинай біля тата,
Сонечно вранці потішиш...

А-аа-а-а... А-аа-а-а...

Осінь надворі добра
З золота свого листя
Шиє звіряткам ковдри,
Хмари блакитно чисті
Для місяця осінь спушить,
В небі його колисанка:
Спи, мій маленький друже,
Ніч на віконних фіранках...

А-аа-а-а... А-аа-а-а...');
INSERT OR REPLACE INTO song_links (id,song_id,title,url,kind,version_id,sort_order) VALUES ('pisniua_6569252_l1','pisniua_6569252','YouTube','https://www.youtube.com/watch?v=TBpdDJDVZcE','video',NULL,1);
DELETE FROM song_links WHERE song_id = 'pisniua_6563593';
DELETE FROM song_versions WHERE song_id = 'pisniua_6563593';
DELETE FROM songs_fts WHERE song_id = 'pisniua_6563593';
DELETE FROM songs WHERE id = 'pisniua_6563593';
INSERT OR REPLACE INTO songs (id,title,subtitle,lang,country,period,year,source,notes,lyrics,tags_json,lang_locked,status,created_at,updated_at) VALUES ('pisniua_6563593','Панічка','Музика: Oleg Shkarpeta, Ivan Liulenov, Bangblazemusic, Emil Galis Слова: Oleg Shkarpeta, Ivan Liulenov','uk','ukraine_1991',NULL,NULL,'аудіозапис',NULL,'Панічка!.. Панічка!.. Панічка!..

Пані та панове,

Приспів:
Яка гарна нічка, в мене знов панічка,      |
Якось дуже швидко помінялось моє личко.    |
Притулю до себе, ти мені так треба,        |
Руки так тремтять, але походу не від тебе. | (2)

Я так чекав тебе! Я так хотів тебе!
Я покохав тебе, тільки тебе!
Така художня, а я - тривожнік.
Ну як так можна?..
Я привів тебе на річку, на річку!..
Ти красива, як ця нічка, ця нічка!..
Пані та панове,

Приспів.

А ти - фонтанічна!
В мене знов панічка!..
А ти - феєрична!
В мене знов панічка!..
А ти - фантастична!
В мене знов панічка!..
Яка гарна нічка! Яка гарна нічка!
Тендітна, знову насниться,
Відчепіться та ідіть на!
На неї подивіться,
Так схожа на вікна, на запотілі,
Її тіло, фантастична!
Яка гарна нічка!
Цей біт в нас вогонь розпалює,
Навалює, тендітна.
Ти подивись, яка в ній талія помітна.
Вона - Італія, заманює бандитка,
В мене знов панічка!..

Приспів.

А ти - фонтанічна!
В мене знов панічка!..
А ти - феєрична!
В мене знов панічка!..
А ти - фантастична!
В мене знов панічка!..
Яка гарна нічка! Яка гарна нічка!
Пані та панове, увага, дроп!..','[''pisni.org.ua'', ''cat:devoted'', ''Пісні присвячені окремим особам'']',1,'published',COALESCE((SELECT created_at FROM songs WHERE id='pisniua_6563593'), datetime('now')),datetime('now'));
INSERT OR REPLACE INTO songs_fts(song_id,title,lyrics) VALUES ('pisniua_6563593','Панічка','Панічка!.. Панічка!.. Панічка!..

Пані та панове,

Приспів:
Яка гарна нічка, в мене знов панічка,      |
Якось дуже швидко помінялось моє личко.    |
Притулю до себе, ти мені так треба,        |
Руки так тремтять, але походу не від тебе. | (2)

Я так чекав тебе! Я так хотів тебе!
Я покохав тебе, тільки тебе!
Така художня, а я - тривожнік.
Ну як так можна?..
Я привів тебе на річку, на річку!..
Ти красива, як ця нічка, ця нічка!..
Пані та панове,

Приспів.

А ти - фонтанічна!
В мене знов панічка!..
А ти - феєрична!
В мене знов панічка!..
А ти - фантастична!
В мене знов панічка!..
Яка гарна нічка! Яка гарна нічка!
Тендітна, знову насниться,
Відчепіться та ідіть на!
На неї подивіться,
Так схожа на вікна, на запотілі,
Її тіло, фантастична!
Яка гарна нічка!
Цей біт в нас вогонь розпалює,
Навалює, тендітна.
Ти подивись, яка в ній талія помітна.
Вона - Італія, заманює бандитка,
В мене знов панічка!..

Приспів.

А ти - фонтанічна!
В мене знов панічка!..
А ти - феєрична!
В мене знов панічка!..
А ти - фантастична!
В мене знов панічка!..
Яка гарна нічка! Яка гарна нічка!
Пані та панове, увага, дроп!..');
INSERT OR REPLACE INTO song_links (id,song_id,title,url,kind,version_id,sort_order) VALUES ('pisniua_6563593_l1','pisniua_6563593','YouTube','https://www.youtube.com/watch?v=99_BlENf9rE','video',NULL,1);
DELETE FROM song_links WHERE song_id = 'pisniua_6574695';
DELETE FROM song_versions WHERE song_id = 'pisniua_6574695';
DELETE FROM songs_fts WHERE song_id = 'pisniua_6574695';
DELETE FROM songs WHERE id = 'pisniua_6574695';
INSERT OR REPLACE INTO songs (id,title,subtitle,lang,country,period,year,source,notes,lyrics,tags_json,lang_locked,status,created_at,updated_at) VALUES ('pisniua_6574695','Келих свободи','Музика: Олена Рассуждай, ШІ Слова: Олена Рассуждай','uk','ukraine_1991',NULL,NULL,'аудіозапис',NULL,'Стисну в кулак усі ті жалі,
Лиш дай знак, живи у мені,
Надіє палка, ти рани лікуєш!
Не згасне іскра, знов світло даруєш!

Приспів:
І навіть у тьмі знаходжу я шлях,
Бо віра в мені ламає мій страх!
Де світло в душі ніколи не гасне, —
Там навіть в імлі можу бачити ясно!

Солодко там, де мрії цвітуть,
Де щастя, як стан, а життя має суть.
Там зорі ясніють, там світло живе,
І крила надії ведуть у нове!

Приспів.

Я вип''ю до дна келих свободи,
Щоб жити сповна, без болю й незгоди.
Я душу відкрию для правди й добра,
Щоб в серці надія, як квітка, цвіла!

Приспів.','[''pisni.org.ua'', ''cat:philosophic'', ''cat:zahalni-cinnosti'', ''Філософські пісні'', ''Пісні про загальнолюдські цінності'']',1,'published',COALESCE((SELECT created_at FROM songs WHERE id='pisniua_6574695'), datetime('now')),datetime('now'));
INSERT OR REPLACE INTO songs_fts(song_id,title,lyrics) VALUES ('pisniua_6574695','Келих свободи','Стисну в кулак усі ті жалі,
Лиш дай знак, живи у мені,
Надіє палка, ти рани лікуєш!
Не згасне іскра, знов світло даруєш!

Приспів:
І навіть у тьмі знаходжу я шлях,
Бо віра в мені ламає мій страх!
Де світло в душі ніколи не гасне, —
Там навіть в імлі можу бачити ясно!

Солодко там, де мрії цвітуть,
Де щастя, як стан, а життя має суть.
Там зорі ясніють, там світло живе,
І крила надії ведуть у нове!

Приспів.

Я вип''ю до дна келих свободи,
Щоб жити сповна, без болю й незгоди.
Я душу відкрию для правди й добра,
Щоб в серці надія, як квітка, цвіла!

Приспів.');
INSERT OR REPLACE INTO song_links (id,song_id,title,url,kind,version_id,sort_order) VALUES ('pisniua_6574695_l1','pisniua_6574695','YouTube','https://www.youtube.com/watch?v=zcVkfOLohYM','video',NULL,1);
DELETE FROM song_links WHERE song_id = 'pisniua_6574246';
DELETE FROM song_versions WHERE song_id = 'pisniua_6574246';
DELETE FROM songs_fts WHERE song_id = 'pisniua_6574246';
DELETE FROM songs WHERE id = 'pisniua_6574246';
INSERT OR REPLACE INTO songs (id,title,subtitle,lang,country,period,year,source,notes,lyrics,tags_json,lang_locked,status,created_at,updated_at) VALUES ('pisniua_6574246','Вперед завжди летиш','Музика: George Kooymans, Barry Hay Слова: Юрій Жерновий','uk','ukraine_1991',NULL,NULL,'авторське подання (Юрій Жерновий)','Пісню виконує ШІ.','Ед завжди мені дзвонив,
Найкращим другом був...
Де б не їхав він, куди б не плив,
Чую, дзвонить: як ти, друг?
Він виглядав як в кіно артист,
А посміхавсь, наче принц...
Любив він байк, машину ні...
Другом був мені...

Обійняти даму міг,
Танцювати любив,
І лунав його чистий сміх,
Він просто друг завжди...
Він одягався як байкер,
В волосся їм вітер дув,
Коли брати рушали разом,
Кулак вгорі, дим і гул...

Вперед завжди летиш, ти - янгол!
Вперед завжди летиш, ти - янгол!
І пекло, і рай, все для тебе в цю ніч!
Доля твоя в цю ніч!
Шлях твій до небес, ти вічний янгол!

На Харлі під жорсткий рок
Мчав він до зірок...
Потім хтось розкаже нам,
Що шлях привів його в небеса...
Він виглядав як в кіно артист,
А посміхавсь, наче принц...
Любив він байк, машину ні...
Був другом він мені...

Вперед завжди летиш, ти - янгол!
Вперед завжди летиш, ти - янгол!
Вогонь крил сліпить всіх нас в цю ніч...
Так горить цілу ніч...
Шлях твій до небес, ти вічний янгол!

Шлях твій до небес, ти - янгол!
Це вічний шлях твій до небес, ти - янгол!
І пекло, і рай, все для тебе в цю ніч!
Доля твоя в цю ніч!
Шлях твій до небес, ти вічний янгол!
Шлях твій до небес, ти - янгол!
Шлях твій до небес, ти - янгол!','[''pisni.org.ua'', ''cat:druzhba'', ''Пісні про дружбу'']',1,'published',COALESCE((SELECT created_at FROM songs WHERE id='pisniua_6574246'), datetime('now')),datetime('now'));
INSERT OR REPLACE INTO songs_fts(song_id,title,lyrics) VALUES ('pisniua_6574246','Вперед завжди летиш','Ед завжди мені дзвонив,
Найкращим другом був...
Де б не їхав він, куди б не плив,
Чую, дзвонить: як ти, друг?
Він виглядав як в кіно артист,
А посміхавсь, наче принц...
Любив він байк, машину ні...
Другом був мені...

Обійняти даму міг,
Танцювати любив,
І лунав його чистий сміх,
Він просто друг завжди...
Він одягався як байкер,
В волосся їм вітер дув,
Коли брати рушали разом,
Кулак вгорі, дим і гул...

Вперед завжди летиш, ти - янгол!
Вперед завжди летиш, ти - янгол!
І пекло, і рай, все для тебе в цю ніч!
Доля твоя в цю ніч!
Шлях твій до небес, ти вічний янгол!

На Харлі під жорсткий рок
Мчав він до зірок...
Потім хтось розкаже нам,
Що шлях привів його в небеса...
Він виглядав як в кіно артист,
А посміхавсь, наче принц...
Любив він байк, машину ні...
Був другом він мені...

Вперед завжди летиш, ти - янгол!
Вперед завжди летиш, ти - янгол!
Вогонь крил сліпить всіх нас в цю ніч...
Так горить цілу ніч...
Шлях твій до небес, ти вічний янгол!

Шлях твій до небес, ти - янгол!
Це вічний шлях твій до небес, ти - янгол!
І пекло, і рай, все для тебе в цю ніч!
Доля твоя в цю ніч!
Шлях твій до небес, ти вічний янгол!
Шлях твій до небес, ти - янгол!
Шлях твій до небес, ти - янгол!');
INSERT OR REPLACE INTO song_links (id,song_id,title,url,kind,version_id,sort_order) VALUES ('pisniua_6574246_l1','pisniua_6574246','YouTube','https://www.youtube.com/watch?v=yDJzvW9O-HU','video',NULL,1);
DELETE FROM song_links WHERE song_id = 'pisniua_6567491';
DELETE FROM song_versions WHERE song_id = 'pisniua_6567491';
DELETE FROM songs_fts WHERE song_id = 'pisniua_6567491';
DELETE FROM songs WHERE id = 'pisniua_6567491';
INSERT OR REPLACE INTO songs (id,title,subtitle,lang,country,period,year,source,notes,lyrics,tags_json,lang_locked,status,created_at,updated_at) VALUES ('pisniua_6567491','Для тебе','Музика: ШІ Слова: Любов Веремієнко','uk','ukraine_1991',NULL,'2024','авторське подання','Пісня написана авторкою 06 серпня 2024 р. Ютуб авторки https://www.youtube.com/@Lubov-video','Заглянуло сонце у твоє вікно,
На цей день чекала ти дуже давно.
Подарунки, квіти, телефон і я —
Прийми привітання, подруго моя!

Приспів:
Подарую море — так, як любиш ти,
Наповню здоров''ям, додам доброти!
Зірву всі троянди, передам вітрами —
Хай міцніє дружба наша із роками!

Не сумуй ніколи, радо посміхайся,
Як біда чи горе — ти їм не здавайся!
Пам''ятай, подруго: життя раз дається —
Нехай тобі завжди все в ньому вдається!

Приспів.','[''pisni.org.ua'', ''cat:druzhba'', ''Пісні про дружбу'']',1,'published',COALESCE((SELECT created_at FROM songs WHERE id='pisniua_6567491'), datetime('now')),datetime('now'));
INSERT OR REPLACE INTO songs_fts(song_id,title,lyrics) VALUES ('pisniua_6567491','Для тебе','Заглянуло сонце у твоє вікно,
На цей день чекала ти дуже давно.
Подарунки, квіти, телефон і я —
Прийми привітання, подруго моя!

Приспів:
Подарую море — так, як любиш ти,
Наповню здоров''ям, додам доброти!
Зірву всі троянди, передам вітрами —
Хай міцніє дружба наша із роками!

Не сумуй ніколи, радо посміхайся,
Як біда чи горе — ти їм не здавайся!
Пам''ятай, подруго: життя раз дається —
Нехай тобі завжди все в ньому вдається!

Приспів.');
DELETE FROM song_links WHERE song_id = 'pisniua_6566252';
DELETE FROM song_versions WHERE song_id = 'pisniua_6566252';
DELETE FROM songs_fts WHERE song_id = 'pisniua_6566252';
DELETE FROM songs WHERE id = 'pisniua_6566252';
INSERT OR REPLACE INTO songs (id,title,subtitle,lang,country,period,year,source,notes,lyrics,tags_json,lang_locked,status,created_at,updated_at) VALUES ('pisniua_6566252','Верба листя ронить','Музика: Богдан Крижанівський Слова: Василь Бобинський','uk','ukrainian_peoples_republic_1917_1921',NULL,NULL,'аудіозапис',NULL,'Йшов стрілець у чужину,
Покидав дівчину,
Біль давив зболілу грудь:
Ах, прощай, кохана,
Хоч на серці рана,
Ти забудь мене, забудь!..

Дівчина банує,
Плаче та нудьгує:
Милий, де ти? Ах, верни!
Милий на мураві             |
Стоптаній кривавій...       |
Йому сняться райські сни... | (2)

Вітер полем гонить,
Верба листя ронить,
На могилку лист паде...
Плаче стара мати,           |
Вклала доню спати,          |
Доню, сину, де ви, де?..    | (2)','[''pisni.org.ua'', ''cat:strilecki'', ''Стрілецькі пісні'']',1,'published',COALESCE((SELECT created_at FROM songs WHERE id='pisniua_6566252'), datetime('now')),datetime('now'));
INSERT OR REPLACE INTO songs_fts(song_id,title,lyrics) VALUES ('pisniua_6566252','Верба листя ронить','Йшов стрілець у чужину,
Покидав дівчину,
Біль давив зболілу грудь:
Ах, прощай, кохана,
Хоч на серці рана,
Ти забудь мене, забудь!..

Дівчина банує,
Плаче та нудьгує:
Милий, де ти? Ах, верни!
Милий на мураві             |
Стоптаній кривавій...       |
Йому сняться райські сни... | (2)

Вітер полем гонить,
Верба листя ронить,
На могилку лист паде...
Плаче стара мати,           |
Вклала доню спати,          |
Доню, сину, де ви, де?..    | (2)');
INSERT OR REPLACE INTO song_links (id,song_id,title,url,kind,version_id,sort_order) VALUES ('pisniua_6566252_l1','pisniua_6566252','YouTube','https://www.youtube.com/watch?v=u43GneMupn8','video',NULL,1);
DELETE FROM song_links WHERE song_id = 'pisniua_66151';
DELETE FROM song_versions WHERE song_id = 'pisniua_66151';
DELETE FROM songs_fts WHERE song_id = 'pisniua_66151';
DELETE FROM songs WHERE id = 'pisniua_66151';
INSERT OR REPLACE INTO songs (id,title,subtitle,lang,country,period,year,source,notes,lyrics,tags_json,lang_locked,status,created_at,updated_at) VALUES ('pisniua_66151','Верховино, мати моя','Музика: Михайло Машкін Слова: Михайло Машкін. Виконує: Іван Попович','uk','ukraine_1991',NULL,NULL,'Пісенник "Заспіваймо собі" Ужгород. Видавництво "Закарпаття" 2001',NULL,'У трембітоньку заграю,
Заграю, загуду,
З своїм милим рідним краєм
Розмову поведу.
Верховино, мати моя,
Вся краса чудова твоя,
Вся краса чудова твоя
У мене на виду!
Дана, шіді, річка, дана, дана (2)
Вся краса чудова твоя
У мене на виду. (2)

Стелиться туман над звором,
Лягає на груні,
За горами далі гори
Синіють вдалині.
А над ними хмари плинуть,
Наче вівці в полонині,
Наче вівці в полонині
Пасуться навесні!
Дана, шіді, річка, дана, дана (2)
Наче вівці в полонині
Пасуться навесні. (2)

Хвилюється у долинах
Пшениця золота,
Спів заводів в полонину
До мене доліта.
Верховино, мій ти краю,
Хто твої тепер пізнає,
Хто твої тепер пізнає
І села, і міста?
Дана, шіді, річка, дана, дана (2)
Хто твої тепер пізнає
І села, і міста? (2)

Я сміюсь на повні груди,
Радію, мов дитя,
Перетворюють в нас люди
І край свій, і життя.
З високої полонини
Бачу твоє, Верховино,
Бачу, рідна Верховино,
Щасливе майбуття!
Дана, шіді, річка, дана, дана (2)
Бачу твоє, Верховино,
Щасливе майбуття! (2)','[''pisni.org.ua'', ''cat:krasa-pryrody'', ''Пісні про красу природи'']',1,'published',COALESCE((SELECT created_at FROM songs WHERE id='pisniua_66151'), datetime('now')),datetime('now'));
INSERT OR REPLACE INTO songs_fts(song_id,title,lyrics) VALUES ('pisniua_66151','Верховино, мати моя','У трембітоньку заграю,
Заграю, загуду,
З своїм милим рідним краєм
Розмову поведу.
Верховино, мати моя,
Вся краса чудова твоя,
Вся краса чудова твоя
У мене на виду!
Дана, шіді, річка, дана, дана (2)
Вся краса чудова твоя
У мене на виду. (2)

Стелиться туман над звором,
Лягає на груні,
За горами далі гори
Синіють вдалині.
А над ними хмари плинуть,
Наче вівці в полонині,
Наче вівці в полонині
Пасуться навесні!
Дана, шіді, річка, дана, дана (2)
Наче вівці в полонині
Пасуться навесні. (2)

Хвилюється у долинах
Пшениця золота,
Спів заводів в полонину
До мене доліта.
Верховино, мій ти краю,
Хто твої тепер пізнає,
Хто твої тепер пізнає
І села, і міста?
Дана, шіді, річка, дана, дана (2)
Хто твої тепер пізнає
І села, і міста? (2)

Я сміюсь на повні груди,
Радію, мов дитя,
Перетворюють в нас люди
І край свій, і життя.
З високої полонини
Бачу твоє, Верховино,
Бачу, рідна Верховино,
Щасливе майбуття!
Дана, шіді, річка, дана, дана (2)
Бачу твоє, Верховино,
Щасливе майбуття! (2)');
INSERT OR REPLACE INTO song_links (id,song_id,title,url,kind,version_id,sort_order) VALUES ('pisniua_66151_l1','pisniua_66151','Переглянути варіанти >>','https://www.pisni.org.ua/#variants','external',NULL,1);
DELETE FROM song_links WHERE song_id = 'pisniua_660042';
DELETE FROM song_versions WHERE song_id = 'pisniua_660042';
DELETE FROM songs_fts WHERE song_id = 'pisniua_660042';
DELETE FROM songs WHERE id = 'pisniua_660042';
INSERT OR REPLACE INTO songs (id,title,subtitle,lang,country,period,year,source,notes,lyrics,tags_json,lang_locked,status,created_at,updated_at) VALUES ('pisniua_660042','Ой на горі вогонь горить','Українська народна пісня','uk','ukraine_before_1917',NULL,NULL,'Надав В.Лисенко','Totik (користувач): Співає моя мама,якій 82 роки','Ой на горі вогонь горить,
А в долині козак лежить.

Постріляний, порубаний,
Китайкою накриваний.

Накрив очі китайкою
Червоною козацькою.

Не стій, коню, наді мною,
Не бий землі під собою.

Біжи, коню, дорогою,
Степовою широкою.

Щоб татари не зайняли,
Сіделечка не здійняли.

Сіделечка золотого
З тебе, коня вороного.

Як прибіжиш під батьків двір,
Стукни, грюкни об частокіл.

Вийде батько - розгнуздає,
А матінка - розпитає.

"Ой ти коню вороненький,
А де ж син мій молоденький?"

Візьми ж мати піску жменю,
Посій його на каменю.

А коли той пісок зійде,
Тоді син твій з війська прийде.

Нема піску, нема сходу,
Нема сина із походу.

Нема піску, вода змила,
Нема сина, куля взяла.

"Не плач, мати, не журися:
Бо вже син твій оженився.

Взяв він собі паняночку -
В чистім полі земляночку"','[''pisni.org.ua'', ''cat:kozacki'', ''cat:narodni'', ''cat:patriotic'', ''Козацькі пісні'', ''Народні пісні'', ''Патріотичні пісні'']',1,'published',COALESCE((SELECT created_at FROM songs WHERE id='pisniua_660042'), datetime('now')),datetime('now'));
INSERT OR REPLACE INTO songs_fts(song_id,title,lyrics) VALUES ('pisniua_660042','Ой на горі вогонь горить','Ой на горі вогонь горить,
А в долині козак лежить.

Постріляний, порубаний,
Китайкою накриваний.

Накрив очі китайкою
Червоною козацькою.

Не стій, коню, наді мною,
Не бий землі під собою.

Біжи, коню, дорогою,
Степовою широкою.

Щоб татари не зайняли,
Сіделечка не здійняли.

Сіделечка золотого
З тебе, коня вороного.

Як прибіжиш під батьків двір,
Стукни, грюкни об частокіл.

Вийде батько - розгнуздає,
А матінка - розпитає.

"Ой ти коню вороненький,
А де ж син мій молоденький?"

Візьми ж мати піску жменю,
Посій його на каменю.

А коли той пісок зійде,
Тоді син твій з війська прийде.

Нема піску, нема сходу,
Нема сина із походу.

Нема піску, вода змила,
Нема сина, куля взяла.

"Не плач, мати, не журися:
Бо вже син твій оженився.

Взяв він собі паняночку -
В чистім полі земляночку"');
INSERT OR REPLACE INTO song_links (id,song_id,title,url,kind,version_id,sort_order) VALUES ('pisniua_660042_l1','pisniua_660042','YouTube','https://www.youtube.com/watch?v=Z5KEExNg-K4','video',NULL,1);
INSERT OR REPLACE INTO song_links (id,song_id,title,url,kind,version_id,sort_order) VALUES ('pisniua_660042_l2','pisniua_660042','YouTube','https://www.youtube.com/watch?v=TbQ69rtmB_s','video',NULL,2);
INSERT OR REPLACE INTO song_links (id,song_id,title,url,kind,version_id,sort_order) VALUES ('pisniua_660042_l3','pisniua_660042','YouTube','https://www.youtube.com/watch?v=uZ49qCr_ZgA','video',NULL,3);
INSERT OR REPLACE INTO song_links (id,song_id,title,url,kind,version_id,sort_order) VALUES ('pisniua_660042_l4','pisniua_660042','YouTube','https://www.youtube.com/watch?v=35pp_mQZbTY','video',NULL,4);
INSERT OR REPLACE INTO song_links (id,song_id,title,url,kind,version_id,sort_order) VALUES ('pisniua_660042_l5','pisniua_660042','YouTube','https://www.youtube.com/watch?v=Gppe9w7qtc4','video',NULL,5);
INSERT OR REPLACE INTO song_links (id,song_id,title,url,kind,version_id,sort_order) VALUES ('pisniua_660042_l6','pisniua_660042','YouTube','https://www.youtube.com/watch?v=kqeVgSFuTCs','video',NULL,6);
INSERT OR REPLACE INTO song_links (id,song_id,title,url,kind,version_id,sort_order) VALUES ('pisniua_660042_l7','pisniua_660042','Переглянути варіанти >>','https://www.pisni.org.ua/#variants','external',NULL,7);
DELETE FROM song_links WHERE song_id = 'pisniua_65858';
DELETE FROM song_versions WHERE song_id = 'pisniua_65858';
DELETE FROM songs_fts WHERE song_id = 'pisniua_65858';
DELETE FROM songs WHERE id = 'pisniua_65858';
INSERT OR REPLACE INTO songs (id,title,subtitle,lang,country,period,year,source,notes,lyrics,tags_json,lang_locked,status,created_at,updated_at) VALUES ('pisniua_65858','Піду втоплюся','Музика: Андрій Миколайчук Слова: Андрій Миколайчук. Виконує: Андрій Миколайчук','uk','ukraine_before_1917',NULL,NULL,'Аудіо-альбом "Андрій Миколайчук. "Піду втоплюся"','Текст уточнено, виправлено й доповнено за аудіо-записом. Акорди записано на слух з аудіо-запису. Тональність оригінальна. * Тут акорд G звучить тільки за першим разом. ** Тут за другим разом у програші є перехід на 2 півтони вгору, і тоді пісня до кінця виконується у тональності "Hm". Підбір акордів: bohdanko (www.pisni.org.ua)','Передмова:
Ти, розлюбила мене, мила...
Навіки я тебе люблю.
Як нам прийшла пора прощатись,
Піду на річку - і втоплюсь.

Вступ:  Am C G Am (x2)

Скінчилось кохання, скінчилося все,
Заглядає сонце у вікна осель.
Там люди щасливі, та сумно мені -
Піду утоплюся, спочину на дні.

Приспів:
Піду втоплюся у річці глибокій,       |
Шукати стануть - не скоро знайдуть.   |
Ти будеш плакать - спливатимуть роки, |
E         E7      Am   (G)* |
Мене до смерті не зможеш забуть.      |

Програш (як Вступ).

Життя, як той камінь, на груди лягло.
Зроблю, що надумав Марічці на зло.
Прощай, мамо люба, і тато, прощай,
Учителька, друзі, прощай, милий край!

Приспів.

Програш (як Вступ). **

А річка страшною, мов відьма, була.
Відходи заводу у море несла.
Я річку чистеньку шукати піду -
Шукатиму доти, поки не знайду.

Приспів.','[''pisni.org.ua'', ''cat:lirychni'', ''cat:zhartivlyvi'', ''Пісні про кохання, ліричні'', ''Жартівливі пісні'']',1,'published',COALESCE((SELECT created_at FROM songs WHERE id='pisniua_65858'), datetime('now')),datetime('now'));
INSERT OR REPLACE INTO songs_fts(song_id,title,lyrics) VALUES ('pisniua_65858','Піду втоплюся','Передмова:
Ти, розлюбила мене, мила...
Навіки я тебе люблю.
Як нам прийшла пора прощатись,
Піду на річку - і втоплюсь.

Вступ:  Am C G Am (x2)

Скінчилось кохання, скінчилося все,
Заглядає сонце у вікна осель.
Там люди щасливі, та сумно мені -
Піду утоплюся, спочину на дні.

Приспів:
Піду втоплюся у річці глибокій,       |
Шукати стануть - не скоро знайдуть.   |
Ти будеш плакать - спливатимуть роки, |
E         E7      Am   (G)* |
Мене до смерті не зможеш забуть.      |

Програш (як Вступ).

Життя, як той камінь, на груди лягло.
Зроблю, що надумав Марічці на зло.
Прощай, мамо люба, і тато, прощай,
Учителька, друзі, прощай, милий край!

Приспів.

Програш (як Вступ). **

А річка страшною, мов відьма, була.
Відходи заводу у море несла.
Я річку чистеньку шукати піду -
Шукатиму доти, поки не знайду.

Приспів.');
INSERT OR REPLACE INTO song_links (id,song_id,title,url,kind,version_id,sort_order) VALUES ('pisniua_65858_l1','pisniua_65858','YouTube','https://www.youtube.com/watch?v=2S6zJ_GxQqE','video',NULL,1);
INSERT OR REPLACE INTO song_links (id,song_id,title,url,kind,version_id,sort_order) VALUES ('pisniua_65858_l2','pisniua_65858','YouTube','https://www.youtube.com/watch?v=qksTXwSWtoI','video',NULL,2);
INSERT OR REPLACE INTO song_links (id,song_id,title,url,kind,version_id,sort_order) VALUES ('pisniua_65858_l3','pisniua_65858','YouTube','https://www.youtube.com/watch?v=sdGJUnr2iUA','video',NULL,3);
INSERT OR REPLACE INTO song_links (id,song_id,title,url,kind,version_id,sort_order) VALUES ('pisniua_65858_l4','pisniua_65858','YouTube','https://www.youtube.com/watch?v=uaPDMl8t8jA','video',NULL,4);
INSERT OR REPLACE INTO song_links (id,song_id,title,url,kind,version_id,sort_order) VALUES ('pisniua_65858_l5','pisniua_65858','YouTube','https://www.youtube.com/watch?v=meH94nwGUzo','video',NULL,5);
DELETE FROM song_links WHERE song_id = 'pisniua_662899';
DELETE FROM song_versions WHERE song_id = 'pisniua_662899';
DELETE FROM songs_fts WHERE song_id = 'pisniua_662899';
DELETE FROM songs WHERE id = 'pisniua_662899';
INSERT OR REPLACE INTO songs (id,title,subtitle,lang,country,period,year,source,notes,lyrics,tags_json,lang_locked,status,created_at,updated_at) VALUES ('pisniua_662899','Новорічна - Різдвяна','Музика: Анатолій Карпенко Слова: Т. Давиденко. Виконує: Жанна Боднарук','uk','ukraine_1991',NULL,NULL,NULL,NULL,'Приходить день новий, і рік, і час,
Щоб всіх зібрати, поєднати нас,
Шлях в Віфлеєм нам вказує зоря,
Радіє все - і небо, і земля.
Всміхнуться срібні зорі нам,
Для всіх людей земля одна.

Приспів:
Разом друзі всі збираються,
Пісня луна,
Мрії всіх людей збуваються,
Ніч різдвяна.
Нам планета посміхається,
Йде рік новий,
Рік добра, любові й радості,
Рік нових надій.

На всій планеті рік новий один
Для всіх країн, народів і родин,
Свічу бажань на щастя запали,
В різдвяну казку друзів запроси.
Всміхнуться срібні зорі нам,
Для всіх людей земля одна.

Приспів. (2)

Рік нових надій...','[''pisni.org.ua'', ''cat:new-year'', ''Пісні про Новий Рік'']',1,'published',COALESCE((SELECT created_at FROM songs WHERE id='pisniua_662899'), datetime('now')),datetime('now'));
INSERT OR REPLACE INTO songs_fts(song_id,title,lyrics) VALUES ('pisniua_662899','Новорічна - Різдвяна','Приходить день новий, і рік, і час,
Щоб всіх зібрати, поєднати нас,
Шлях в Віфлеєм нам вказує зоря,
Радіє все - і небо, і земля.
Всміхнуться срібні зорі нам,
Для всіх людей земля одна.

Приспів:
Разом друзі всі збираються,
Пісня луна,
Мрії всіх людей збуваються,
Ніч різдвяна.
Нам планета посміхається,
Йде рік новий,
Рік добра, любові й радості,
Рік нових надій.

На всій планеті рік новий один
Для всіх країн, народів і родин,
Свічу бажань на щастя запали,
В різдвяну казку друзів запроси.
Всміхнуться срібні зорі нам,
Для всіх людей земля одна.

Приспів. (2)

Рік нових надій...');
DELETE FROM song_links WHERE song_id = 'pisniua_663757';
DELETE FROM song_versions WHERE song_id = 'pisniua_663757';
DELETE FROM songs_fts WHERE song_id = 'pisniua_663757';
DELETE FROM songs WHERE id = 'pisniua_663757';
INSERT OR REPLACE INTO songs (id,title,subtitle,lang,country,period,year,source,notes,lyrics,tags_json,lang_locked,status,created_at,updated_at) VALUES ('pisniua_663757','Ой куди ж ви, голубочки','Українська народна пісня. Виконує: Жанна Боднарук','uk','ukraine_before_1917',NULL,NULL,'http://nashe.com.ua/',NULL,'Ой куди ж ви, голубочки, та й полетите?
Куди ж моє дівування та й понесете?
Та й понесете...

Полетіли голубочки та й по небі.
А уже ж мені дівування та й не треба.
Та й не треба...

Зав''яжу я дівування у хустину,
Покладу я дівування в нову скриню.
В нову скриню...

Відчиню я тую скриню, подивлюся,
По своєму дівуванню пожурюся...','[''pisni.org.ua'', ''cat:socialno-pobutovi'', ''Соціально-побутові пісні'']',1,'published',COALESCE((SELECT created_at FROM songs WHERE id='pisniua_663757'), datetime('now')),datetime('now'));
INSERT OR REPLACE INTO songs_fts(song_id,title,lyrics) VALUES ('pisniua_663757','Ой куди ж ви, голубочки','Ой куди ж ви, голубочки, та й полетите?
Куди ж моє дівування та й понесете?
Та й понесете...

Полетіли голубочки та й по небі.
А уже ж мені дівування та й не треба.
Та й не треба...

Зав''яжу я дівування у хустину,
Покладу я дівування в нову скриню.
В нову скриню...

Відчиню я тую скриню, подивлюся,
По своєму дівуванню пожурюся...');
DELETE FROM song_links WHERE song_id = 'pisniua_663776';
DELETE FROM song_versions WHERE song_id = 'pisniua_663776';
DELETE FROM songs_fts WHERE song_id = 'pisniua_663776';
DELETE FROM songs WHERE id = 'pisniua_663776';
INSERT OR REPLACE INTO songs (id,title,subtitle,lang,country,period,year,source,notes,lyrics,tags_json,lang_locked,status,created_at,updated_at) VALUES ('pisniua_663776','Сірий цісар','Музика: Андрій Шусть Слова: Володимир Цибулько. Виконує: Жанна Боднарук','uk','ukraine_1991',NULL,NULL,'http://nashe.com.ua/',NULL,'Долітався, орле,
Долітався, сизий,
Більше не пригорнуть
Тебе небеса.
Впав на поле чорне,
Впав на поле чорне,
Як з очей Вітчизни сльоза.

Дотікався, лисе,
Домотався, мідний,
Більше не сховає
Тебе чорний ліс.
З проржавілим крісом
Ходить хтось під лісом,
А Вітчизна плаче без сліз...

Сірий цісар косить,
Сірий цісар піє
Про зелене жито і ліс.
Житечко проб''ється,
Житечко доспіє,
Зіржавіє в схованці кріс.

Сірий цісар знає,
Сірий цісар вміє
Стрілити у лиса,
Стрілити в орла...
Срібний таляр зблисне,
Цісар обімліє
Й випалить Вітчизну дотла...

Докипілась, крове,
Запеклась вишнево,
Більше не розгорне
Знамено на бій.
Лисові й орлові
Вистачило крові,
Вистачить, Вітчизно, й тобі.

Сірий цісар косить,
Сірий цісар піє
Про зелене жито і ліс.
Житечко проб''ється,
Житечко доспіє,
Зіржавіє в схованці кріс.

Сірий цісар знає,
Сірий цісар вміє
Стрілити у лиса,
Стрілити в орла...
Срібний таляр зблисне,
Цісар обімліє
Й випалить Вітчизну дотла...','[''pisni.org.ua'', ''cat:istorychni'', ''Історичні пісні'']',1,'published',COALESCE((SELECT created_at FROM songs WHERE id='pisniua_663776'), datetime('now')),datetime('now'));
INSERT OR REPLACE INTO songs_fts(song_id,title,lyrics) VALUES ('pisniua_663776','Сірий цісар','Долітався, орле,
Долітався, сизий,
Більше не пригорнуть
Тебе небеса.
Впав на поле чорне,
Впав на поле чорне,
Як з очей Вітчизни сльоза.

Дотікався, лисе,
Домотався, мідний,
Більше не сховає
Тебе чорний ліс.
З проржавілим крісом
Ходить хтось під лісом,
А Вітчизна плаче без сліз...

Сірий цісар косить,
Сірий цісар піє
Про зелене жито і ліс.
Житечко проб''ється,
Житечко доспіє,
Зіржавіє в схованці кріс.

Сірий цісар знає,
Сірий цісар вміє
Стрілити у лиса,
Стрілити в орла...
Срібний таляр зблисне,
Цісар обімліє
Й випалить Вітчизну дотла...

Докипілась, крове,
Запеклась вишнево,
Більше не розгорне
Знамено на бій.
Лисові й орлові
Вистачило крові,
Вистачить, Вітчизно, й тобі.

Сірий цісар косить,
Сірий цісар піє
Про зелене жито і ліс.
Житечко проб''ється,
Житечко доспіє,
Зіржавіє в схованці кріс.

Сірий цісар знає,
Сірий цісар вміє
Стрілити у лиса,
Стрілити в орла...
Срібний таляр зблисне,
Цісар обімліє
Й випалить Вітчизну дотла...');
DELETE FROM song_links WHERE song_id = 'pisniua_664093';
DELETE FROM song_versions WHERE song_id = 'pisniua_664093';
DELETE FROM songs_fts WHERE song_id = 'pisniua_664093';
DELETE FROM songs WHERE id = 'pisniua_664093';
INSERT OR REPLACE INTO songs (id,title,subtitle,lang,country,period,year,source,notes,lyrics,tags_json,lang_locked,status,created_at,updated_at) VALUES ('pisniua_664093','Три янголи','Музика: народна','uk','ukraine_before_1917',NULL,NULL,'http://torban.org',NULL,'Ой, шли-пройшли та три янголи,
ой задивили душу грішную.

Ой, щож ти, душa, мимо раю пройшла?
Ой, чим ти душа провинилася?

Чи за скупощі? Чи за глупощі?
Чи душу погубив? Чи в''янець порушив?

Біля райських воріт стоїть Дерево,
Стоїть Дерево, купоросовоє.

А на тому древу птиці райськиї.
Голосочки у них серафімськиї.

Голосочки у них серафімськиї,
Поють пісні вони херувімськиї.

Ой у нашому раю жити весело,
Жити весело- та нема кому.....','[''pisni.org.ua'', ''cat:poliski'', ''Пісні з Полісся'']',1,'published',COALESCE((SELECT created_at FROM songs WHERE id='pisniua_664093'), datetime('now')),datetime('now'));
INSERT OR REPLACE INTO songs_fts(song_id,title,lyrics) VALUES ('pisniua_664093','Три янголи','Ой, шли-пройшли та три янголи,
ой задивили душу грішную.

Ой, щож ти, душa, мимо раю пройшла?
Ой, чим ти душа провинилася?

Чи за скупощі? Чи за глупощі?
Чи душу погубив? Чи в''янець порушив?

Біля райських воріт стоїть Дерево,
Стоїть Дерево, купоросовоє.

А на тому древу птиці райськиї.
Голосочки у них серафімськиї.

Голосочки у них серафімськиї,
Поють пісні вони херувімськиї.

Ой у нашому раю жити весело,
Жити весело- та нема кому.....');
INSERT OR REPLACE INTO song_links (id,song_id,title,url,kind,version_id,sort_order) VALUES ('pisniua_664093_l1','pisniua_664093','YouTube','https://www.youtube.com/watch?v=qYjf5aYkdz8','video',NULL,1);
INSERT OR REPLACE INTO song_links (id,song_id,title,url,kind,version_id,sort_order) VALUES ('pisniua_664093_l2','pisniua_664093','YouTube','https://www.youtube.com/watch?v=qEFO5CT-sFQ','video',NULL,2);
DELETE FROM song_links WHERE song_id = 'pisniua_66348';
DELETE FROM song_versions WHERE song_id = 'pisniua_66348';
DELETE FROM songs_fts WHERE song_id = 'pisniua_66348';
DELETE FROM songs WHERE id = 'pisniua_66348';
INSERT OR REPLACE INTO songs (id,title,subtitle,lang,country,period,year,source,notes,lyrics,tags_json,lang_locked,status,created_at,updated_at) VALUES ('pisniua_66348','Ясени','Музика: Олександр Білаш Слова: Михайло Ткач. Виконує: Дмитро Гнатюк, Олександр Таранець, Микола Кондратюк, Василь Зінкевич, Рушничок, Олесь Царук, Василь Білоцерківський','uk','ukraine_1991',NULL,NULL,'О. Білаш "Любисток" Київ "Музична Україна" 1970','Акорди від piwtorachok.','Ясени, ясени,
Бачу вас за селом край дороги,
E
Бачу вас у красі,
Коли світиться ранок в росі.
Ви приходите в сни,
Як дитинство моє босоноге,
Ви приходите в сни,
Кучеряві мої ясени.
Ясени, ясени,
Наді мною шумлять ваші крона,
І,неначе літа,
Жовте листя за вітром зліта.
Перший сніг сивини
Я приніс, як тривогу, на скронях,
Перший сніг сивини
Впав на скроні мої, ясени.
Ясени, ясени,
За селом прокричали лелеки
І холодний, як лід,
Залишили на обрії слід,
Їм шукати весни
І летіти далеко-далеко,
Їм шукати весни
І вертатись до вас, ясени.
Ясени, ясени,
Бачу вас за селом край дороги,
Вам вклоняюсь до ніг,
Як вертаю з далеких доріг.
Ви приходите в сни,
Як дитинство моє босоноге,
Ви приходите в сни,
Кучеряві мої ясени.
Ясени, ясени,
Ви приходите в сни...','[''pisni.org.ua'', ''cat:krasa-pryrody'', ''cat:nostalgia'', ''Пісні про красу природи'', ''Пісні з ностальгічними мотивами'']',1,'published',COALESCE((SELECT created_at FROM songs WHERE id='pisniua_66348'), datetime('now')),datetime('now'));
INSERT OR REPLACE INTO songs_fts(song_id,title,lyrics) VALUES ('pisniua_66348','Ясени','Ясени, ясени,
Бачу вас за селом край дороги,
E
Бачу вас у красі,
Коли світиться ранок в росі.
Ви приходите в сни,
Як дитинство моє босоноге,
Ви приходите в сни,
Кучеряві мої ясени.
Ясени, ясени,
Наді мною шумлять ваші крона,
І,неначе літа,
Жовте листя за вітром зліта.
Перший сніг сивини
Я приніс, як тривогу, на скронях,
Перший сніг сивини
Впав на скроні мої, ясени.
Ясени, ясени,
За селом прокричали лелеки
І холодний, як лід,
Залишили на обрії слід,
Їм шукати весни
І летіти далеко-далеко,
Їм шукати весни
І вертатись до вас, ясени.
Ясени, ясени,
Бачу вас за селом край дороги,
Вам вклоняюсь до ніг,
Як вертаю з далеких доріг.
Ви приходите в сни,
Як дитинство моє босоноге,
Ви приходите в сни,
Кучеряві мої ясени.
Ясени, ясени,
Ви приходите в сни...');
INSERT OR REPLACE INTO song_links (id,song_id,title,url,kind,version_id,sort_order) VALUES ('pisniua_66348_l1','pisniua_66348','YouTube','https://www.youtube.com/watch?v=IXgInWEU2do','video',NULL,1);
INSERT OR REPLACE INTO song_links (id,song_id,title,url,kind,version_id,sort_order) VALUES ('pisniua_66348_l2','pisniua_66348','YouTube','https://www.youtube.com/watch?v=NOXHgnqaw4A','video',NULL,2);
INSERT OR REPLACE INTO song_links (id,song_id,title,url,kind,version_id,sort_order) VALUES ('pisniua_66348_l3','pisniua_66348','YouTube','https://www.youtube.com/watch?v=dAtndPgCTEQ','video',NULL,3);
INSERT OR REPLACE INTO song_links (id,song_id,title,url,kind,version_id,sort_order) VALUES ('pisniua_66348_l4','pisniua_66348','YouTube','https://www.youtube.com/watch?v=CBD2MhcZXnY','video',NULL,4);
INSERT OR REPLACE INTO song_links (id,song_id,title,url,kind,version_id,sort_order) VALUES ('pisniua_66348_l5','pisniua_66348','YouTube','https://www.youtube.com/watch?v=8fk1YU4kha0','video',NULL,5);
INSERT OR REPLACE INTO song_links (id,song_id,title,url,kind,version_id,sort_order) VALUES ('pisniua_66348_l6','pisniua_66348','YouTube','https://www.youtube.com/watch?v=G6_oxl5vXsE','video',NULL,6);
INSERT OR REPLACE INTO song_links (id,song_id,title,url,kind,version_id,sort_order) VALUES ('pisniua_66348_l7','pisniua_66348','YouTube','https://www.youtube.com/watch?v=eKv90ed6gOA','video',NULL,7);
INSERT OR REPLACE INTO song_links (id,song_id,title,url,kind,version_id,sort_order) VALUES ('pisniua_66348_l8','pisniua_66348','YouTube','https://www.youtube.com/watch?v=xXASM9UtqvM','video',NULL,8);
INSERT OR REPLACE INTO song_links (id,song_id,title,url,kind,version_id,sort_order) VALUES ('pisniua_66348_l9','pisniua_66348','http://schoolmusic.narod.ru/muzika_r.html','http://schoolmusic.narod.ru/muzika_r.html','external',NULL,9);
DELETE FROM song_links WHERE song_id = 'pisniua_6572570';
DELETE FROM song_versions WHERE song_id = 'pisniua_6572570';
DELETE FROM songs_fts WHERE song_id = 'pisniua_6572570';
DELETE FROM songs WHERE id = 'pisniua_6572570';
INSERT OR REPLACE INTO songs (id,title,subtitle,lang,country,period,year,source,notes,lyrics,tags_json,lang_locked,status,created_at,updated_at) VALUES ('pisniua_6572570','Коло тебе','Музика: Василь Білоус Слова: Василь Білоус','uk','ukraine_1991',NULL,NULL,'аудіозапис',NULL,'Приспів:
А коло тебе тепло, як коло вогня,  |
Коло тебе раєм стала вся земля!..  |
І хоч нечасто кажу, як тебе люблю, |
Та заради тебе я світ переверну!   | (2)

Ти, неначе зірка, що прокладає шлях,
Ти, неначе космос, поміщений в очах!
Не хочу я казати забагато слів,
Ти все зрозумієш з ось цих рядків:

Приспів.

Пролітають хвилини, пролітають години,
Коли поруч зі мною є ти...
Ти - моє єдине сонячне проміння
У ці сірі дні!..
Я без тебе не можу!
Я без тебе не хочу!
Ти - велика залежність моя!..
Бо інакше без тебе
Я неначе без неба,
Як моряк без корабля...

Приспів.','[''pisni.org.ua'', ''cat:devoted'', ''cat:zahalni-cinnosti'', ''Пісні присвячені окремим особам'', ''Пісні про загальнолюдські цінності'']',1,'published',COALESCE((SELECT created_at FROM songs WHERE id='pisniua_6572570'), datetime('now')),datetime('now'));
INSERT OR REPLACE INTO songs_fts(song_id,title,lyrics) VALUES ('pisniua_6572570','Коло тебе','Приспів:
А коло тебе тепло, як коло вогня,  |
Коло тебе раєм стала вся земля!..  |
І хоч нечасто кажу, як тебе люблю, |
Та заради тебе я світ переверну!   | (2)

Ти, неначе зірка, що прокладає шлях,
Ти, неначе космос, поміщений в очах!
Не хочу я казати забагато слів,
Ти все зрозумієш з ось цих рядків:

Приспів.

Пролітають хвилини, пролітають години,
Коли поруч зі мною є ти...
Ти - моє єдине сонячне проміння
У ці сірі дні!..
Я без тебе не можу!
Я без тебе не хочу!
Ти - велика залежність моя!..
Бо інакше без тебе
Я неначе без неба,
Як моряк без корабля...

Приспів.');
INSERT OR REPLACE INTO song_links (id,song_id,title,url,kind,version_id,sort_order) VALUES ('pisniua_6572570_l1','pisniua_6572570','YouTube','https://www.youtube.com/watch?v=dVDpKTWX0bc','video',NULL,1);
DELETE FROM song_links WHERE song_id = 'pisniua_6571848';
DELETE FROM song_versions WHERE song_id = 'pisniua_6571848';
DELETE FROM songs_fts WHERE song_id = 'pisniua_6571848';
DELETE FROM songs WHERE id = 'pisniua_6571848';
INSERT OR REPLACE INTO songs (id,title,subtitle,lang,country,period,year,source,notes,lyrics,tags_json,lang_locked,status,created_at,updated_at) VALUES ('pisniua_6571848','Зірка ясна','Музика: Мар''яна Романишин Слова: Ігор Целип','uk','ukraine_before_1917',NULL,NULL,'аудіозапис',NULL,'Зірка ясна засвітила,
Нам новину сповістила:
Там, в бідній яскині,   |
У яслах на сіні,        |
Діва Сина породила!     | (2)

Пастушки зорю уздріли,
До вертепу поспішили.
Там, в тихій долині,
При Божій Дитині
Серця свої прихилили!

Ангели вгорі співають,
Бога в тілі прославляють.
Пречиста Марія,         |
Ісусик маленький        |
Мир на землю посилають! | (2)

Колядуймо разом нині
Для Ісуса, що в яскині!
Поможи нам, Боже,       |
Мир хай переможе        |
В нашій рідній Україні! | (2)','[''pisni.org.ua'', ''cat:shchedrivky'', ''cat:suchasni-pisni-rizdvo'', ''Щедрівки'', ''Сучасні пісні про Різдвяні свята'']',1,'published',COALESCE((SELECT created_at FROM songs WHERE id='pisniua_6571848'), datetime('now')),datetime('now'));
INSERT OR REPLACE INTO songs_fts(song_id,title,lyrics) VALUES ('pisniua_6571848','Зірка ясна','Зірка ясна засвітила,
Нам новину сповістила:
Там, в бідній яскині,   |
У яслах на сіні,        |
Діва Сина породила!     | (2)

Пастушки зорю уздріли,
До вертепу поспішили.
Там, в тихій долині,
При Божій Дитині
Серця свої прихилили!

Ангели вгорі співають,
Бога в тілі прославляють.
Пречиста Марія,         |
Ісусик маленький        |
Мир на землю посилають! | (2)

Колядуймо разом нині
Для Ісуса, що в яскині!
Поможи нам, Боже,       |
Мир хай переможе        |
В нашій рідній Україні! | (2)');
INSERT OR REPLACE INTO song_links (id,song_id,title,url,kind,version_id,sort_order) VALUES ('pisniua_6571848_l1','pisniua_6571848','YouTube','https://www.youtube.com/watch?v=gx9RKHdpy8Y','video',NULL,1);
DELETE FROM song_links WHERE song_id = 'pisniua_660454';
DELETE FROM song_versions WHERE song_id = 'pisniua_660454';
DELETE FROM songs_fts WHERE song_id = 'pisniua_660454';
DELETE FROM songs WHERE id = 'pisniua_660454';
INSERT OR REPLACE INTO songs (id,title,subtitle,lang,country,period,year,source,notes,lyrics,tags_json,lang_locked,status,created_at,updated_at) VALUES ('pisniua_660454','Чорнобильський метелик','Музика: Тризубий Стас Слова: Тризубий Стас. Виконує: Тризубий Стас','uk','ukraine_1991',NULL,NULL,'http://www.itc.ua/forum/showthread.php?t=3075',NULL,'Чорнобильський метелик крилятами маха,
Учора народився, а нині вже здиха.
Над чорною землею німий люнає біль,
Отак і розпочався цей чорний водевіль.
Отак і розпочався цей чорний водевіль.

Я на танго запрошую усіх, хто з МінАтомЕнерго,
Щоб море орденів аж сяяло з уславлених грудей.
Луна веселий сміх, шикується у стрій добірна черга
Готових танцювать танго і на кістках своїх дітей.

Давай джаз-банда, така була команда,
Хай не шкодує гітара своїх струн,
А як обанці не витримають танцю,
Хай вистачить на всіх дубових трун.
Хай вистачить на всіх дубових трун.

Чиновник в апараті паперами маха,
Гнилий, вже ледве диша, але ще не здиха,
Державну має владу, живе собі як гість,
Вчепився за посаду і паскудить там де їсть.
Вчепився за посаду і паскудить там де їсть.

Я на танго запрошую усіх, хто має білу шкіру,
Тоді на чорнім тлі їх сором будуть бачити усі.
А як у них нема ні сорому, ні совісті й ні віри,
Нехай той свій танок танцюють із косою у руці.

А в Чигирині розрили поле свині,
Там по святині бульдозери гудуть.
Бо замість Бога "свєтлая дорога"
Із тих, що так нікуди й не ведуть.
Із тих, що так нікуди й не ведуть.

З трибуни на параді начальство нам маха.
Реактором рвануло - воно собі "ха-ха".
Дітей евакуювало, а з ними і жінок,
Кагору засмоктало і готове на танок.
Кагору засмоктало і готове на танок.

Я на танго запрошую усіх, танцюйте разом з нами,
Спускайтеся з трибун у ґамма-нуклеідові ями,
Бо може лиш тоді, коли ви поміняєтесь ролями з мерцями,
Захочеться вам стать не свинями, а гідними людьми.

Ви ж потайнцюйте і добре поміркуйте,
І в вас питання народиться в момент:
Які ж засранці придумали ті танці,
І хто у тій джаз-банді деригент.
І хто у тій джаз-банді деригент.
І хто у тій джаз-банді деригент.

Я на танго запрошую усіх...','[''pisni.org.ua'', ''cat:suspilno-politychni'', ''Суспільно-політичні пісні'']',1,'published',COALESCE((SELECT created_at FROM songs WHERE id='pisniua_660454'), datetime('now')),datetime('now'));
INSERT OR REPLACE INTO songs_fts(song_id,title,lyrics) VALUES ('pisniua_660454','Чорнобильський метелик','Чорнобильський метелик крилятами маха,
Учора народився, а нині вже здиха.
Над чорною землею німий люнає біль,
Отак і розпочався цей чорний водевіль.
Отак і розпочався цей чорний водевіль.

Я на танго запрошую усіх, хто з МінАтомЕнерго,
Щоб море орденів аж сяяло з уславлених грудей.
Луна веселий сміх, шикується у стрій добірна черга
Готових танцювать танго і на кістках своїх дітей.

Давай джаз-банда, така була команда,
Хай не шкодує гітара своїх струн,
А як обанці не витримають танцю,
Хай вистачить на всіх дубових трун.
Хай вистачить на всіх дубових трун.

Чиновник в апараті паперами маха,
Гнилий, вже ледве диша, але ще не здиха,
Державну має владу, живе собі як гість,
Вчепився за посаду і паскудить там де їсть.
Вчепився за посаду і паскудить там де їсть.

Я на танго запрошую усіх, хто має білу шкіру,
Тоді на чорнім тлі їх сором будуть бачити усі.
А як у них нема ні сорому, ні совісті й ні віри,
Нехай той свій танок танцюють із косою у руці.

А в Чигирині розрили поле свині,
Там по святині бульдозери гудуть.
Бо замість Бога "свєтлая дорога"
Із тих, що так нікуди й не ведуть.
Із тих, що так нікуди й не ведуть.

З трибуни на параді начальство нам маха.
Реактором рвануло - воно собі "ха-ха".
Дітей евакуювало, а з ними і жінок,
Кагору засмоктало і готове на танок.
Кагору засмоктало і готове на танок.

Я на танго запрошую усіх, танцюйте разом з нами,
Спускайтеся з трибун у ґамма-нуклеідові ями,
Бо може лиш тоді, коли ви поміняєтесь ролями з мерцями,
Захочеться вам стать не свинями, а гідними людьми.

Ви ж потайнцюйте і добре поміркуйте,
І в вас питання народиться в момент:
Які ж засранці придумали ті танці,
І хто у тій джаз-банді деригент.
І хто у тій джаз-банді деригент.
І хто у тій джаз-банді деригент.

Я на танго запрошую усіх...');
INSERT OR REPLACE INTO song_links (id,song_id,title,url,kind,version_id,sort_order) VALUES ('pisniua_660454_l1','pisniua_660454','YouTube','https://www.youtube.com/watch?v=Usubr0o9Frg','video',NULL,1);
DELETE FROM song_links WHERE song_id = 'pisniua_664848';
DELETE FROM song_versions WHERE song_id = 'pisniua_664848';
DELETE FROM songs_fts WHERE song_id = 'pisniua_664848';
DELETE FROM songs WHERE id = 'pisniua_664848';
INSERT OR REPLACE INTO songs (id,title,subtitle,lang,country,period,year,source,notes,lyrics,tags_json,lang_locked,status,created_at,updated_at) VALUES ('pisniua_664848','Через сад','Українська народна пісня. Виконує: Соломія Крушельницька','uk','ukraine_before_1917',NULL,NULL,'Текст, ноти: Народні пісні з села Соломії Крушельницької: Записані в селі Біла Тернопільського р­ну Тернопільської обл. / Упоряд. П. Медведик. –Тернопіль: Збруч, 1993. – С. 173-174.',NULL,'Через сад-виноград по воду ходила
Та не дав мені Бог, кого я любила    | (2)

Та не дав мені Бог, кого я кохала
Та за той перебір, що перебирала.    | (2)

Посію я руту круту межи берегами,
Тяжко мені в світі жити межи ворогами.    | (2)

Ой брехали вороженьки, як настало літо,
Була правда і неправда, було розмаїто.    | (2)

Ой брехали вороженьки, як настала зима,
Вже ся тепер довідали, що я ніц не винна. | (2)

Брешіть, брешіть, вороженьки, - най вам буде трясця!
А ми, серце, кохаймося, дай нам Боже щастя. | (2)

Брешіть, брешіть, вороженьки, - най вам буде трісця!
А ми таки любімося, дай нам Боже щистя.   | (2)','[''pisni.org.ua'', ''cat:podilski'', ''Пісні з Поділля'']',1,'published',COALESCE((SELECT created_at FROM songs WHERE id='pisniua_664848'), datetime('now')),datetime('now'));
INSERT OR REPLACE INTO songs_fts(song_id,title,lyrics) VALUES ('pisniua_664848','Через сад','Через сад-виноград по воду ходила
Та не дав мені Бог, кого я любила    | (2)

Та не дав мені Бог, кого я кохала
Та за той перебір, що перебирала.    | (2)

Посію я руту круту межи берегами,
Тяжко мені в світі жити межи ворогами.    | (2)

Ой брехали вороженьки, як настало літо,
Була правда і неправда, було розмаїто.    | (2)

Ой брехали вороженьки, як настала зима,
Вже ся тепер довідали, що я ніц не винна. | (2)

Брешіть, брешіть, вороженьки, - най вам буде трясця!
А ми, серце, кохаймося, дай нам Боже щастя. | (2)

Брешіть, брешіть, вороженьки, - най вам буде трісця!
А ми таки любімося, дай нам Боже щистя.   | (2)');
INSERT OR REPLACE INTO song_links (id,song_id,title,url,kind,version_id,sort_order) VALUES ('pisniua_664848_l1','pisniua_664848','YouTube','https://www.youtube.com/watch?v=esMiMQW7YVc','video',NULL,1);
DELETE FROM song_links WHERE song_id = 'pisniua_6568399';
DELETE FROM song_versions WHERE song_id = 'pisniua_6568399';
DELETE FROM songs_fts WHERE song_id = 'pisniua_6568399';
DELETE FROM songs WHERE id = 'pisniua_6568399';
INSERT OR REPLACE INTO songs (id,title,subtitle,lang,country,period,year,source,notes,lyrics,tags_json,lang_locked,status,created_at,updated_at) VALUES ('pisniua_6568399','Закохана','Музика: Alena Omargalieva, Світлана Крись Слова: Alena Omargalieva, Світлана Крись','uk','ukraine_1991',NULL,NULL,'аудіозапис',NULL,'Ой, я не п''яна, я просто закохана!  |
Ой, так співає сьогодні душа моя!   |
Ой, за тобою босоніж на край землі! |
Ой, так потрібен мені тільки ти!    | (2)

Слава Богу, у мене є ти!
Слава Богу, у мене є ти!

Приспів:
Ой, я не п''яна, я просто закохана!
Ой, так співає сьогодні душа моя!
Ой, за тобою босоніж на край землі!
Ой, Слава Богу, у мене є ти!

Думала, що вже немає хороших чоловіків.
Думала, тепер назавжди залишусь сама...
Подруги мені казали: Забудь про романтиків!
Всіх хороших розібрали, свого не знайшла...
А ти з''являєшся, неначе сон,
Такий красивий, ніби Аполлон!..

Приспів.

Від солодких поцілунків твоїх прокидаюся,
І дві кави на столі - аромат моїх мрій!
Я дозволила собі так закохатися,
Хоч і досі я не вірила мріям своїм!
А ти з''являєшся, неначе сон,
Такий красивий, ніби Аполлон!..

Приспів.','[''pisni.org.ua'', ''cat:devoted'', ''cat:zahalni-cinnosti'', ''Пісні присвячені окремим особам'', ''Пісні про загальнолюдські цінності'']',1,'published',COALESCE((SELECT created_at FROM songs WHERE id='pisniua_6568399'), datetime('now')),datetime('now'));
INSERT OR REPLACE INTO songs_fts(song_id,title,lyrics) VALUES ('pisniua_6568399','Закохана','Ой, я не п''яна, я просто закохана!  |
Ой, так співає сьогодні душа моя!   |
Ой, за тобою босоніж на край землі! |
Ой, так потрібен мені тільки ти!    | (2)

Слава Богу, у мене є ти!
Слава Богу, у мене є ти!

Приспів:
Ой, я не п''яна, я просто закохана!
Ой, так співає сьогодні душа моя!
Ой, за тобою босоніж на край землі!
Ой, Слава Богу, у мене є ти!

Думала, що вже немає хороших чоловіків.
Думала, тепер назавжди залишусь сама...
Подруги мені казали: Забудь про романтиків!
Всіх хороших розібрали, свого не знайшла...
А ти з''являєшся, неначе сон,
Такий красивий, ніби Аполлон!..

Приспів.

Від солодких поцілунків твоїх прокидаюся,
І дві кави на столі - аромат моїх мрій!
Я дозволила собі так закохатися,
Хоч і досі я не вірила мріям своїм!
А ти з''являєшся, неначе сон,
Такий красивий, ніби Аполлон!..

Приспів.');
INSERT OR REPLACE INTO song_links (id,song_id,title,url,kind,version_id,sort_order) VALUES ('pisniua_6568399_l1','pisniua_6568399','YouTube','https://www.youtube.com/watch?v=etVD0bF6WY8','video',NULL,1);
DELETE FROM song_links WHERE song_id = 'pisniua_665252';
DELETE FROM song_versions WHERE song_id = 'pisniua_665252';
DELETE FROM songs_fts WHERE song_id = 'pisniua_665252';
DELETE FROM songs WHERE id = 'pisniua_665252';
INSERT OR REPLACE INTO songs (id,title,subtitle,lang,country,period,year,source,notes,lyrics,tags_json,lang_locked,status,created_at,updated_at) VALUES ('pisniua_665252','Загублені діти','Музика: Андрій Кузьменко Слова: Андрій Кузьменко. Виконує: Скрябін','uk','ukraine_before_1917',NULL,NULL,'альбом "Про любов"',NULL,'Як обірване листя,
Як поламані вітром квіти,
Бродять недобрим світом
Некохані, загублені діти.
Просто їх не хотіли,
Ніби мама і ніби тато,
Просто їх загубили,
І не хоче їх підібрати
Ніхто, ніхто...

Приспів:
Мама, знайди мене - я тут! |
Мама, ще трохи - я помру!  | (2)

Як нічиї собаки,
Лишні люди у нашій схемі,
Плід дурної любові,
Кінець фільму - закрита тема.
З розіп''ятим сердечком
Носить їх по землі бідою.
Люди, бійтеся Бога,
Розберіться самі з собою!

Приспів. (2)','[''pisni.org.ua'', ''cat:socialno-pobutovi'', ''Соціально-побутові пісні'']',1,'published',COALESCE((SELECT created_at FROM songs WHERE id='pisniua_665252'), datetime('now')),datetime('now'));
INSERT OR REPLACE INTO songs_fts(song_id,title,lyrics) VALUES ('pisniua_665252','Загублені діти','Як обірване листя,
Як поламані вітром квіти,
Бродять недобрим світом
Некохані, загублені діти.
Просто їх не хотіли,
Ніби мама і ніби тато,
Просто їх загубили,
І не хоче їх підібрати
Ніхто, ніхто...

Приспів:
Мама, знайди мене - я тут! |
Мама, ще трохи - я помру!  | (2)

Як нічиї собаки,
Лишні люди у нашій схемі,
Плід дурної любові,
Кінець фільму - закрита тема.
З розіп''ятим сердечком
Носить їх по землі бідою.
Люди, бійтеся Бога,
Розберіться самі з собою!

Приспів. (2)');
INSERT OR REPLACE INTO song_links (id,song_id,title,url,kind,version_id,sort_order) VALUES ('pisniua_665252_l1','pisniua_665252','YouTube','https://www.youtube.com/watch?v=J1eEZJq9Y9E','video',NULL,1);
DELETE FROM song_links WHERE song_id = 'pisniua_662144';
DELETE FROM song_versions WHERE song_id = 'pisniua_662144';
DELETE FROM songs_fts WHERE song_id = 'pisniua_662144';
DELETE FROM songs WHERE id = 'pisniua_662144';
INSERT OR REPLACE INTO songs (id,title,subtitle,lang,country,period,year,source,notes,lyrics,tags_json,lang_locked,status,created_at,updated_at) VALUES ('pisniua_662144','Місто Лева','Музика: Андрій Євтушенко Слова: Андрій Євтушенко. Виконує: Андрій Євтушенко','uk','ukraine_1991',NULL,NULL,NULL,NULL,'Приспів:
Той добре знає, хто приїжджає
До міста Лева хоч би на день,
Що його стріне завжди незмінно
Трамвай веселий: "Дзень-дзень-дзелень!"

Людські потоки змінюють кроки:
Зелене світло чека народ.
Хто - до броварні, хто - до кав''ярні,
Хто - до науки, хто - на завод.
На площу Pинок спішать новини
Добрі й не дуже, та голосні,
Шукають думку в тихих провулках
І прогнозують майбутні дні.

Вірші Франкові в смутку й любові,
Пісні Колесси, балади, рок,
Незгасна ватра слави театру,
Гала-концерти нових зірок.
Стрічає ранок Високий замок
У скверах, парках крилатий спів.
Лине птахами вік за віками
Та не старіє наш древній Львів.','[''pisni.org.ua'', ''cat:lviv'', ''Пісні про Львів'']',1,'published',COALESCE((SELECT created_at FROM songs WHERE id='pisniua_662144'), datetime('now')),datetime('now'));
INSERT OR REPLACE INTO songs_fts(song_id,title,lyrics) VALUES ('pisniua_662144','Місто Лева','Приспів:
Той добре знає, хто приїжджає
До міста Лева хоч би на день,
Що його стріне завжди незмінно
Трамвай веселий: "Дзень-дзень-дзелень!"

Людські потоки змінюють кроки:
Зелене світло чека народ.
Хто - до броварні, хто - до кав''ярні,
Хто - до науки, хто - на завод.
На площу Pинок спішать новини
Добрі й не дуже, та голосні,
Шукають думку в тихих провулках
І прогнозують майбутні дні.

Вірші Франкові в смутку й любові,
Пісні Колесси, балади, рок,
Незгасна ватра слави театру,
Гала-концерти нових зірок.
Стрічає ранок Високий замок
У скверах, парках крилатий спів.
Лине птахами вік за віками
Та не старіє наш древній Львів.');
DELETE FROM song_links WHERE song_id = 'pisniua_665746';
DELETE FROM song_versions WHERE song_id = 'pisniua_665746';
DELETE FROM songs_fts WHERE song_id = 'pisniua_665746';
DELETE FROM songs WHERE id = 'pisniua_665746';
INSERT OR REPLACE INTO songs (id,title,subtitle,lang,country,period,year,source,notes,lyrics,tags_json,lang_locked,status,created_at,updated_at) VALUES ('pisniua_665746','Наступає чорна хмара','Українська народна пісня','uk','ukraine_before_1917',NULL,NULL,'Народні перлини. Українські народні пісні. Київ, Державне видавництво художньої літератури, 1961.',NULL,'Наступає чорна хмара,
А другая синя,
Не заступить син за батька,
А батько за сина.
Женуть батька в степ косити,
Сина молотити,
Третю дочку-паняночку
Тютюну садити.
А невістку з свекрухою
У лан жито жати.
Сіли вони обідати -
Гіркий нам обіде!
Озирнуться позад себе -
Аж економ їде.
Підїжджає пан економ,
Канчук розпускає,
- Чому, чому, білозерці,
Усіх вас немає?
- Економе добродію,
Що маєм робити?
Покидали малих діток,
Нікому глядіти.
- А я велю малих діток
В ставках потопити,
Та всім же вам, білозерцям,
В роботу ходити, -
У нашої економші
Червона спідниця,
Ой виходять білозерці,
Як сходить зірниця.
У нашого економа
Сивая кобила.
Ой побила білозерців
Лихая година.
У нашого Білозера
Червоная хустка.
Остається в Білозера
Не одна хата пустка.
У нашої економки
Уподовж мережки.
Йдуть додому білозерці,
Як не видно стежки.','[''pisni.org.ua'', ''cat:socialno-pobutovi'', ''Соціально-побутові пісні'']',1,'published',COALESCE((SELECT created_at FROM songs WHERE id='pisniua_665746'), datetime('now')),datetime('now'));
INSERT OR REPLACE INTO songs_fts(song_id,title,lyrics) VALUES ('pisniua_665746','Наступає чорна хмара','Наступає чорна хмара,
А другая синя,
Не заступить син за батька,
А батько за сина.
Женуть батька в степ косити,
Сина молотити,
Третю дочку-паняночку
Тютюну садити.
А невістку з свекрухою
У лан жито жати.
Сіли вони обідати -
Гіркий нам обіде!
Озирнуться позад себе -
Аж економ їде.
Підїжджає пан економ,
Канчук розпускає,
- Чому, чому, білозерці,
Усіх вас немає?
- Економе добродію,
Що маєм робити?
Покидали малих діток,
Нікому глядіти.
- А я велю малих діток
В ставках потопити,
Та всім же вам, білозерцям,
В роботу ходити, -
У нашої економші
Червона спідниця,
Ой виходять білозерці,
Як сходить зірниця.
У нашого економа
Сивая кобила.
Ой побила білозерців
Лихая година.
У нашого Білозера
Червоная хустка.
Остається в Білозера
Не одна хата пустка.
У нашої економки
Уподовж мережки.
Йдуть додому білозерці,
Як не видно стежки.');
DELETE FROM song_links WHERE song_id = 'pisniua_666178';
DELETE FROM song_versions WHERE song_id = 'pisniua_666178';
DELETE FROM songs_fts WHERE song_id = 'pisniua_666178';
DELETE FROM songs WHERE id = 'pisniua_666178';
INSERT OR REPLACE INTO songs (id,title,subtitle,lang,country,period,year,source,notes,lyrics,tags_json,lang_locked,status,created_at,updated_at) VALUES ('pisniua_666178','Japan TV','Музика: Андрій Кузьменко Слова: Андрій Кузьменко. Виконує: Скрябін','uk','ukraine_1991',NULL,NULL,'альбом "Модна країна"',NULL,'Не хотів би бути міністром,
Вмерти від інфаркта під кріслом.
Не хотів би бути травою,
Шоб корови не ганяли за мною.
Не хотів би бути я милом,
Мити руки різним дибілам.
Не хотів би бути коротким,
Бо коротких все не видно на фотках.

Приспів:
Нарі-нарі-нарі-нарі,
Я хочу новий телевізор,
Нарі-нарі-нарі-нарі,
Японський новий телевізор,
Нарі-нарі-нарі-нарі,
Великий, новий, кольоровий,
Нарі-нарі-нарі-нарі,
За нього я на всьо готовий.

Не хотів би бути таксистом,
Шоб тікати від маньяків за містом,
Не хотів би в космос літати,
Там не можна ні їсти, ні пити,
Не хотів би я пейджером бути,
Посилати нафік цифри і букви,
Не хотів би бути диваном,
Шоби терлися об мене штанами...

Приспів.','[''pisni.org.ua'', ''cat:suspilno-politychni'', ''Суспільно-політичні пісні'']',1,'published',COALESCE((SELECT created_at FROM songs WHERE id='pisniua_666178'), datetime('now')),datetime('now'));
INSERT OR REPLACE INTO songs_fts(song_id,title,lyrics) VALUES ('pisniua_666178','Japan TV','Не хотів би бути міністром,
Вмерти від інфаркта під кріслом.
Не хотів би бути травою,
Шоб корови не ганяли за мною.
Не хотів би бути я милом,
Мити руки різним дибілам.
Не хотів би бути коротким,
Бо коротких все не видно на фотках.

Приспів:
Нарі-нарі-нарі-нарі,
Я хочу новий телевізор,
Нарі-нарі-нарі-нарі,
Японський новий телевізор,
Нарі-нарі-нарі-нарі,
Великий, новий, кольоровий,
Нарі-нарі-нарі-нарі,
За нього я на всьо готовий.

Не хотів би бути таксистом,
Шоб тікати від маньяків за містом,
Не хотів би в космос літати,
Там не можна ні їсти, ні пити,
Не хотів би я пейджером бути,
Посилати нафік цифри і букви,
Не хотів би бути диваном,
Шоби терлися об мене штанами...

Приспів.');
DELETE FROM song_links WHERE song_id = 'pisniua_666042';
DELETE FROM song_versions WHERE song_id = 'pisniua_666042';
DELETE FROM songs_fts WHERE song_id = 'pisniua_666042';
DELETE FROM songs WHERE id = 'pisniua_666042';
INSERT OR REPLACE INTO songs (id,title,subtitle,lang,country,period,year,source,notes,lyrics,tags_json,lang_locked,status,created_at,updated_at) VALUES ('pisniua_666042','Ой що ж бо то та й за ворон','Українська народна пісня','uk','ukraine_before_1917',NULL,NULL,'Народні перлини. Українські народні пісні. Київ, Державне видавництво художньої літератури, 1961.',NULL,'Ой що ж бо то та й за ворон,
Що по морю кракає,
Ой що ж бо то за бурлака, |
Що всіх бурлак збирає.    | (2)

Збирайтеся, панове молодці
Та все народ молодий,
Та й підемо, панове молодці, |
У той лісок Лебедин.         | (2)

Ой що ж бо то, панове молодці,
Щось у хмарі гуде,
Ой щось-бо нам, панове молодці, |
За пригодoнька буде.            | (2)

Рости, рости, а клeн-дерево,
Рости вгору високо, -
Поховали пана-отамана |
В сиру землю глибоко. | (2)

Рости, рости, а клен-дерево,
Рости вгору ще вище, -
Поховали пана-отамана   |
В сиру землю ще глибше. | (2)','[''pisni.org.ua'', ''cat:istorychni'', ''Історичні пісні'']',1,'published',COALESCE((SELECT created_at FROM songs WHERE id='pisniua_666042'), datetime('now')),datetime('now'));
INSERT OR REPLACE INTO songs_fts(song_id,title,lyrics) VALUES ('pisniua_666042','Ой що ж бо то та й за ворон','Ой що ж бо то та й за ворон,
Що по морю кракає,
Ой що ж бо то за бурлака, |
Що всіх бурлак збирає.    | (2)

Збирайтеся, панове молодці
Та все народ молодий,
Та й підемо, панове молодці, |
У той лісок Лебедин.         | (2)

Ой що ж бо то, панове молодці,
Щось у хмарі гуде,
Ой щось-бо нам, панове молодці, |
За пригодoнька буде.            | (2)

Рости, рости, а клeн-дерево,
Рости вгору високо, -
Поховали пана-отамана |
В сиру землю глибоко. | (2)

Рости, рости, а клен-дерево,
Рости вгору ще вище, -
Поховали пана-отамана   |
В сиру землю ще глибше. | (2)');
DELETE FROM song_links WHERE song_id = 'pisniua_663491';
DELETE FROM song_versions WHERE song_id = 'pisniua_663491';
DELETE FROM songs_fts WHERE song_id = 'pisniua_663491';
DELETE FROM songs WHERE id = 'pisniua_663491';
INSERT OR REPLACE INTO songs (id,title,subtitle,lang,country,period,year,source,notes,lyrics,tags_json,lang_locked,status,created_at,updated_at) VALUES ('pisniua_663491','Пішов Іван','Українська народна пісня. Виконує: Софія Ротару, Червона Рута, Бандурна Розмова, Богдан Косопуд, Іван Попович','uk','ukraine_before_1917',NULL,NULL,'1. http://www.fortuna-rotaru.com 2. Туристський пісенник "Де гори Карпати, де Писаний Камінь". — Літо, 1982. (Самвидав)','Anrzej: Текст виправлений і доповнений за джерелом 2. Звідти ж і акорди.','Пішов Іван в полонину косити,
Пішло за ним дев''ять дівок сушити;
Та й накосив дев''ять валів в один день,
Не посушать дев''ять дівок за тиждень!
Ой, на горі сніг біленький, гей-я-гой!
Прийди до ня, моя мила, гой-я-гой!
Прийди-прийди на словечко, гей-я-гой!
Поцілуй ня в біле личко, гей-я-гой!
Женив би-м ся, а боюся, гей-я-гой!
Аж натраплю жону-біса, гой-я-гой!
Ще два рочки полегіню, гей-я-гой!
На найкращій ся оженю, гой-я-гой!
Не любила-м лиш одного, гей-я-гой!
Кажуть люди, гріх за нього, гой-я-гой!
Я ся гріха побояла, гей-я-гой!
Сімох зразу зчарувала, гой-я-гой!
Любила-с ня цілий тиждень, гей-я-гой!
Забула-с на восьмий день, гой-я-гой!
Невелика серцю туга, гей-я-гой!
Не будеш ти - буде друга, гой-я-гой!
Акорди:
Пішов Іван в полонину косити,
Пішло за ним дев''ять дівок сушити;
Та й накосив дев''ять валів в один день,
Не посушать дев''ять дівок за тиждень!','[''pisni.org.ua'', ''cat:huculski'', ''cat:socialno-pobutovi'', ''cat:zakarpatski'', ''Гуцульські пісні'', ''Соціально-побутові пісні'', ''Закарпатські пісні'']',1,'published',COALESCE((SELECT created_at FROM songs WHERE id='pisniua_663491'), datetime('now')),datetime('now'));
INSERT OR REPLACE INTO songs_fts(song_id,title,lyrics) VALUES ('pisniua_663491','Пішов Іван','Пішов Іван в полонину косити,
Пішло за ним дев''ять дівок сушити;
Та й накосив дев''ять валів в один день,
Не посушать дев''ять дівок за тиждень!
Ой, на горі сніг біленький, гей-я-гой!
Прийди до ня, моя мила, гой-я-гой!
Прийди-прийди на словечко, гей-я-гой!
Поцілуй ня в біле личко, гей-я-гой!
Женив би-м ся, а боюся, гей-я-гой!
Аж натраплю жону-біса, гой-я-гой!
Ще два рочки полегіню, гей-я-гой!
На найкращій ся оженю, гой-я-гой!
Не любила-м лиш одного, гей-я-гой!
Кажуть люди, гріх за нього, гой-я-гой!
Я ся гріха побояла, гей-я-гой!
Сімох зразу зчарувала, гой-я-гой!
Любила-с ня цілий тиждень, гей-я-гой!
Забула-с на восьмий день, гой-я-гой!
Невелика серцю туга, гей-я-гой!
Не будеш ти - буде друга, гой-я-гой!
Акорди:
Пішов Іван в полонину косити,
Пішло за ним дев''ять дівок сушити;
Та й накосив дев''ять валів в один день,
Не посушать дев''ять дівок за тиждень!');
INSERT OR REPLACE INTO song_links (id,song_id,title,url,kind,version_id,sort_order) VALUES ('pisniua_663491_l1','pisniua_663491','YouTube','https://www.youtube.com/watch?v=vKLttdia628','video',NULL,1);
INSERT OR REPLACE INTO song_links (id,song_id,title,url,kind,version_id,sort_order) VALUES ('pisniua_663491_l2','pisniua_663491','YouTube','https://www.youtube.com/watch?v=BF5ml5v2Ses','video',NULL,2);
INSERT OR REPLACE INTO song_links (id,song_id,title,url,kind,version_id,sort_order) VALUES ('pisniua_663491_l3','pisniua_663491','YouTube','https://www.youtube.com/watch?v=cTB3lgvLClU','video',NULL,3);
INSERT OR REPLACE INTO song_links (id,song_id,title,url,kind,version_id,sort_order) VALUES ('pisniua_663491_l4','pisniua_663491','Переглянути варіанти >>','https://www.pisni.org.ua/#variants','external',NULL,4);
DELETE FROM song_links WHERE song_id = 'pisniua_667399';
DELETE FROM song_versions WHERE song_id = 'pisniua_667399';
DELETE FROM songs_fts WHERE song_id = 'pisniua_667399';
DELETE FROM songs WHERE id = 'pisniua_667399';
INSERT OR REPLACE INTO songs (id,title,subtitle,lang,country,period,year,source,notes,lyrics,tags_json,lang_locked,status,created_at,updated_at) VALUES ('pisniua_667399','В чарах кохання','Слова: Кесар Білиловський','uk','ukraine_before_1917',NULL,NULL,'Струни серця. Українські народні пісні про кохання. Київ, Держлітвидав, 1969.',NULL,'В чарах кохання моє дівування
Хочу я вільно, як пташка, прожить:
Вільне обрання і вільне кохання,
Серденьку воля, як хоче любить!
Шкода й розмови: святої любові
Силою в серце не можна вложить...

Поки шовкові чорнітимуть брови, -
Дайте-бо жить мені, дайте-бо жить.

Той мені шепче... той руки цілує,
Той тут навколішки смирно стає,
Той мені вірші любовні віршує,
Той аж поклони, мов богові, б''є...
З них же один мені бачиться всюди,
До одного тільки серце лежить...

Поки горять мої полум''ям груди, -
Дайте-бо жить мені, дайте-бо жить.

Нащо питати, якого кохати? -
Серденько зразу вгадало само.
Нащо шукати, котрий багатий? -
Там, де багатство, там певне ярмо.
Ненька зітхає, а батенько лає;
Слава недобра про мене біжить...

Суд-пересуд... Але все те минає.
Дайте-бо жить мені, дайте-бо жить.

Що тут і батько, і рідная мати?
Що тут всі родичі, що увест мир?
Все мені байдуже! Годі й казати...
Байдуже глум і людський поговір!
Серденько б''ється, і ниє, і рветься,
Поки аж молодість красна минеться, -
Дайте-бо жить мені, дайте-бо жить!','[''pisni.org.ua'', ''cat:romansy'', ''Романси'']',1,'published',COALESCE((SELECT created_at FROM songs WHERE id='pisniua_667399'), datetime('now')),datetime('now'));
INSERT OR REPLACE INTO songs_fts(song_id,title,lyrics) VALUES ('pisniua_667399','В чарах кохання','В чарах кохання моє дівування
Хочу я вільно, як пташка, прожить:
Вільне обрання і вільне кохання,
Серденьку воля, як хоче любить!
Шкода й розмови: святої любові
Силою в серце не можна вложить...

Поки шовкові чорнітимуть брови, -
Дайте-бо жить мені, дайте-бо жить.

Той мені шепче... той руки цілує,
Той тут навколішки смирно стає,
Той мені вірші любовні віршує,
Той аж поклони, мов богові, б''є...
З них же один мені бачиться всюди,
До одного тільки серце лежить...

Поки горять мої полум''ям груди, -
Дайте-бо жить мені, дайте-бо жить.

Нащо питати, якого кохати? -
Серденько зразу вгадало само.
Нащо шукати, котрий багатий? -
Там, де багатство, там певне ярмо.
Ненька зітхає, а батенько лає;
Слава недобра про мене біжить...

Суд-пересуд... Але все те минає.
Дайте-бо жить мені, дайте-бо жить.

Що тут і батько, і рідная мати?
Що тут всі родичі, що увест мир?
Все мені байдуже! Годі й казати...
Байдуже глум і людський поговір!
Серденько б''ється, і ниє, і рветься,
Поки аж молодість красна минеться, -
Дайте-бо жить мені, дайте-бо жить!');
DELETE FROM song_links WHERE song_id = 'pisniua_664353';
DELETE FROM song_versions WHERE song_id = 'pisniua_664353';
DELETE FROM songs_fts WHERE song_id = 'pisniua_664353';
DELETE FROM songs WHERE id = 'pisniua_664353';
INSERT OR REPLACE INTO songs (id,title,subtitle,lang,country,period,year,source,notes,lyrics,tags_json,lang_locked,status,created_at,updated_at) VALUES ('pisniua_664353','Колиска яворова','Музика: Богдан Кучер Слова: Богдан Кучер. Виконує: Соколи, Іван Мацялко','uk','ukraine_before_1917',NULL,NULL,'аудіозапис',NULL,'Чужої мови я не знаю,
А чи на світі є чужа?
Та лиш тією заспіваю,
Котрою мати нарекла.
Як не зречешся ти тієї,
Що у колисонці чував,
Душа засвітиться зорею.
Зорю, щоб людям ти віддав.

Приспів:
Колиско моя яворова,
На денці лона твого,
Дитино, колишиться слово,
Начувайся сину його.

Леліймо слово колискове,
Нехай пра-правнукам буде.
Нехай і їх щодень додому
Колиска мамина зове.
Бо там краплина милосердя,
Там доброта гойдає світ
І не остудиться там серце,
Душа прийдешня, маків цвіт.

Приспів. (2)

Від діда прадіда твого,
Зорею буде повік
Священне вкраїнськеє слово,
На тому стоятиме рід.','[''pisni.org.ua'', ''cat:kolyskovi'', ''Колискові'']',1,'published',COALESCE((SELECT created_at FROM songs WHERE id='pisniua_664353'), datetime('now')),datetime('now'));
INSERT OR REPLACE INTO songs_fts(song_id,title,lyrics) VALUES ('pisniua_664353','Колиска яворова','Чужої мови я не знаю,
А чи на світі є чужа?
Та лиш тією заспіваю,
Котрою мати нарекла.
Як не зречешся ти тієї,
Що у колисонці чував,
Душа засвітиться зорею.
Зорю, щоб людям ти віддав.

Приспів:
Колиско моя яворова,
На денці лона твого,
Дитино, колишиться слово,
Начувайся сину його.

Леліймо слово колискове,
Нехай пра-правнукам буде.
Нехай і їх щодень додому
Колиска мамина зове.
Бо там краплина милосердя,
Там доброта гойдає світ
І не остудиться там серце,
Душа прийдешня, маків цвіт.

Приспів. (2)

Від діда прадіда твого,
Зорею буде повік
Священне вкраїнськеє слово,
На тому стоятиме рід.');
DELETE FROM song_links WHERE song_id = 'pisniua_665899';
DELETE FROM song_versions WHERE song_id = 'pisniua_665899';
DELETE FROM songs_fts WHERE song_id = 'pisniua_665899';
DELETE FROM songs WHERE id = 'pisniua_665899';
INSERT OR REPLACE INTO songs (id,title,subtitle,lang,country,period,year,source,notes,lyrics,tags_json,lang_locked,status,created_at,updated_at) VALUES ('pisniua_665899','Ой у лузі, в лузі','Українська народна пісня','uk','ukraine_before_1917',NULL,NULL,'Струни серця. Українські народні пісні про кохання. Київ, Держлітвидав, 1969.',NULL,'Ой у лузі, в лузі,
Там калина стояла,
А на тій калині,
Там зозуля кувала.

Вона ж не кувала,
Вона правду сказала,
Що вже наших хлопців
У рекрути забрали.

Що вже наших хлопців
У рекрути забрали,
А мого милого
Та у військо погнали.

Дали йому коня,
А коня вороного.
Та й погнали його
Поперед війська всього.

Попереду ідуть -
В барабани вибивають.
А позаду ідуть -
Дрібні сльози проливають.','[''pisni.org.ua'', ''cat:rekrutski'', ''Рекрутські пісні'']',1,'published',COALESCE((SELECT created_at FROM songs WHERE id='pisniua_665899'), datetime('now')),datetime('now'));
INSERT OR REPLACE INTO songs_fts(song_id,title,lyrics) VALUES ('pisniua_665899','Ой у лузі, в лузі','Ой у лузі, в лузі,
Там калина стояла,
А на тій калині,
Там зозуля кувала.

Вона ж не кувала,
Вона правду сказала,
Що вже наших хлопців
У рекрути забрали.

Що вже наших хлопців
У рекрути забрали,
А мого милого
Та у військо погнали.

Дали йому коня,
А коня вороного.
Та й погнали його
Поперед війська всього.

Попереду ідуть -
В барабани вибивають.
А позаду ідуть -
Дрібні сльози проливають.');
DELETE FROM song_links WHERE song_id = 'pisniua_66757';
DELETE FROM song_versions WHERE song_id = 'pisniua_66757';
DELETE FROM songs_fts WHERE song_id = 'pisniua_66757';
DELETE FROM songs WHERE id = 'pisniua_66757';
INSERT OR REPLACE INTO songs (id,title,subtitle,lang,country,period,year,source,notes,lyrics,tags_json,lang_locked,status,created_at,updated_at) VALUES ('pisniua_66757','Гей ви, стрільці січовії','Музика: Клим Гутковський Слова: Клим Гутковський. Виконує: Ансамбль Львівського Університету "Черемош", Квартет Явір','uk','ukraine_before_1917',NULL,'1914','Пісенник "Заспіваймо собі" Ужгород "Закарпаття" 2001','Цю пісню часто сприймають як українську народну. Насправді ж це жартівливий стрілецький переспів пісні, популярної у народів-сусідів. Польськомовний варіант військової пісні на цю ж мелодію я зустрів у записах гурту "Zespol Starling": "Dalej, bracia" (Piosenka lwowskich legionistów. Marsz. 1914 r.) "...Немалий слід залишив на стрілецьких піснях побут на Закарпатті. Там принялися деякі закарпатські й лемківські мелодії, там прослизнулися й деякі чисто мадярські, до яких підкладено український текст. Такі пісні, як "Гей, ви стрільці січовії" або "Ой, сусідко" – то були для стрільців тільки пісні-жарти. Проте згодом вони, особливо ж "Сусідка", розповсюдилися і – з шкодою – стали входити у програми концертів українських народних пісень..." (Витвицький Василь. Михайло Гайворонський. Життя і творчість. – Нью-Йорк, 1954; http://ozo.org.ua/spivanyk.php?sid=2).','Гей, ви, стрільці січовії,
Раз, два, три,
В наших дівчат серце мліє,
Раз два, три.
Ви вперед все поступайтесь,
Ні на що не оглядайтесь,
Раз, два, раз, два, раз, два, три.

Попереду сотник їде,
Раз, два, три.
Він до пекла з нами піде.
Раз, два, три.
Сам із себе хлопець бравий.
Під ним коник дуже жвавий,
Раз, два, раз, два, раз, два, три.

Пане сотник, що то стало,
Раз, два, три,
Що в нас грошей дуже мало?
Раз, два, три.
Три дні хліба ми не їли,
Лиш холодну воду пили,
Раз, два, раз, два, раз, два, три.

Не кажіть же нам у очі,
Раз, два, три,
Що не брали наших грошей,
Раз, два, три.
Скажіть, скажіть, що то стало,
Що в нас грошей дуже мало,
Раз, два, раз, два, раз, два, три.

Пане сотник, чи ви чули,
Раз, два, три.
Як музики в корчмі гули,
Раз, два, три.
За чиї ж ви гроші пили
І циганочок любили?
Раз, два, раз, два, раз, два, три.

Пам''ятайте, командири,
Раз, два, три,
Щоб не злетіли ковніри,
Раз, два, три.
Бо стрільці всі тайни знають,
Але вас не поважають,
Раз, два, раз, два, раз, два, три.

Гей, ви, стрільці січовії,
Раз, два, три,
В наших дівчат серце мліє,
Раз два, три.
Ви вперед все поступайтесь,
Ні на що не оглядайтесь,
Раз, два, раз, два, раз, два, три','[''pisni.org.ua'', ''cat:himny-marshi'', ''cat:lirychni'', ''cat:patriotic'', ''cat:strilecki'', ''cat:zhartivlyvi'', ''Гимни та марші'', ''Пісні про кохання, ліричні'', ''Патріотичні пісні'', ''Стрілецькі пісні'', ''Жартівливі пісні'']',1,'published',COALESCE((SELECT created_at FROM songs WHERE id='pisniua_66757'), datetime('now')),datetime('now'));
INSERT OR REPLACE INTO songs_fts(song_id,title,lyrics) VALUES ('pisniua_66757','Гей ви, стрільці січовії','Гей, ви, стрільці січовії,
Раз, два, три,
В наших дівчат серце мліє,
Раз два, три.
Ви вперед все поступайтесь,
Ні на що не оглядайтесь,
Раз, два, раз, два, раз, два, три.

Попереду сотник їде,
Раз, два, три.
Він до пекла з нами піде.
Раз, два, три.
Сам із себе хлопець бравий.
Під ним коник дуже жвавий,
Раз, два, раз, два, раз, два, три.

Пане сотник, що то стало,
Раз, два, три,
Що в нас грошей дуже мало?
Раз, два, три.
Три дні хліба ми не їли,
Лиш холодну воду пили,
Раз, два, раз, два, раз, два, три.

Не кажіть же нам у очі,
Раз, два, три,
Що не брали наших грошей,
Раз, два, три.
Скажіть, скажіть, що то стало,
Що в нас грошей дуже мало,
Раз, два, раз, два, раз, два, три.

Пане сотник, чи ви чули,
Раз, два, три.
Як музики в корчмі гули,
Раз, два, три.
За чиї ж ви гроші пили
І циганочок любили?
Раз, два, раз, два, раз, два, три.

Пам''ятайте, командири,
Раз, два, три,
Щоб не злетіли ковніри,
Раз, два, три.
Бо стрільці всі тайни знають,
Але вас не поважають,
Раз, два, раз, два, раз, два, три.

Гей, ви, стрільці січовії,
Раз, два, три,
В наших дівчат серце мліє,
Раз два, три.
Ви вперед все поступайтесь,
Ні на що не оглядайтесь,
Раз, два, раз, два, раз, два, три');
INSERT OR REPLACE INTO song_links (id,song_id,title,url,kind,version_id,sort_order) VALUES ('pisniua_66757_l1','pisniua_66757','YouTube','https://www.youtube.com/watch?v=arV7mYDTU5E','video',NULL,1);
INSERT OR REPLACE INTO song_links (id,song_id,title,url,kind,version_id,sort_order) VALUES ('pisniua_66757_l2','pisniua_66757','YouTube','https://www.youtube.com/watch?v=40a1Fz6skmY','video',NULL,2);
INSERT OR REPLACE INTO song_links (id,song_id,title,url,kind,version_id,sort_order) VALUES ('pisniua_66757_l3','pisniua_66757','Переглянути варіанти >>','https://www.pisni.org.ua/#variants','external',NULL,3);
DELETE FROM song_links WHERE song_id = 'pisniua_6644';
DELETE FROM song_versions WHERE song_id = 'pisniua_6644';
DELETE FROM songs_fts WHERE song_id = 'pisniua_6644';
DELETE FROM songs WHERE id = 'pisniua_6644';
INSERT OR REPLACE INTO songs (id,title,subtitle,lang,country,period,year,source,notes,lyrics,tags_json,lang_locked,status,created_at,updated_at) VALUES ('pisniua_6644','Пісня про Довбуша','Українська народна пісня. Виконує: Ансамбль Львівського Університету "Черемош"','uk','ukraine_before_1917',NULL,NULL,NULL,NULL,'Хто там опівночі по лісу блукає?
То опришко Довбуш легінів збирає.
Сап''янці червоні з тими бовтичками,    |
Крисанка ряджена, ще й з павками.      | (2)

Рано до схід сонця сосна завиває
То ота Марічка Довбуша шукає.
Ой, легіні милі, хто ж його побаче?    |
За опришком Верховина плаче.           | (2)

Ой ти моя мати, Верховино мила,
Скажи ж мені правду, де с го загубила.
Чи го порубали гострими мечами?        |
Чи го поховали ще й з свічками?        | (2)

Хто там опівночі по лісу блукає,
То опришко Довбуш легінів збирає.
Сап''янці червоні з тими бовтичками,    |
Крисанка ряджена, ще й з павками.      | (2)','[''pisni.org.ua'', ''cat:huculski'', ''Гуцульські пісні'']',1,'published',COALESCE((SELECT created_at FROM songs WHERE id='pisniua_6644'), datetime('now')),datetime('now'));
INSERT OR REPLACE INTO songs_fts(song_id,title,lyrics) VALUES ('pisniua_6644','Пісня про Довбуша','Хто там опівночі по лісу блукає?
То опришко Довбуш легінів збирає.
Сап''янці червоні з тими бовтичками,    |
Крисанка ряджена, ще й з павками.      | (2)

Рано до схід сонця сосна завиває
То ота Марічка Довбуша шукає.
Ой, легіні милі, хто ж його побаче?    |
За опришком Верховина плаче.           | (2)

Ой ти моя мати, Верховино мила,
Скажи ж мені правду, де с го загубила.
Чи го порубали гострими мечами?        |
Чи го поховали ще й з свічками?        | (2)

Хто там опівночі по лісу блукає,
То опришко Довбуш легінів збирає.
Сап''янці червоні з тими бовтичками,    |
Крисанка ряджена, ще й з павками.      | (2)');
DELETE FROM song_links WHERE song_id = 'pisniua_664399';
DELETE FROM song_versions WHERE song_id = 'pisniua_664399';
DELETE FROM songs_fts WHERE song_id = 'pisniua_664399';
DELETE FROM songs WHERE id = 'pisniua_664399';
INSERT OR REPLACE INTO songs (id,title,subtitle,lang,country,period,year,source,notes,lyrics,tags_json,lang_locked,status,created_at,updated_at) VALUES ('pisniua_664399','До маминих очей','Музика: Ярослав Борута Слова: Вадим Крищенко. Виконує: Ярослав Борута, Надія Шестак','uk','ukraine_1991',NULL,NULL,'http://svitlytsia.crimea.ua/',NULL,'У маминих очах, неначе цвіт лілеї
І жар зорі - це бачила не раз.
Коли нам гірко - ми приходимо до неї,
І забуваємо її в солодкий час.

Приспів:
Мамо, тобі низесенько вклонюсь,
Мамо, на теплі руки нахилюсь,
Мамо, пробач мені пекучий гріх,
Мамо, ти найдорожча за усіх.
Мамо, тобі низесенько вклонюсь,
Мамо, за тебе Богу помолюсь,
Мамо, прийду я знов на твій поріг,
Мамо, ти найдорожча за усіх.

Цю праведну любов, яку беру в дорогу,
І доброту - від матері дано.
Куди б не йшла, тамуючи тривогу.
Для мене світить мамине вікно.

Приспів','[''pisni.org.ua'', ''cat:pro-batkiv'', ''Пісні про любов до батьків'']',1,'published',COALESCE((SELECT created_at FROM songs WHERE id='pisniua_664399'), datetime('now')),datetime('now'));
INSERT OR REPLACE INTO songs_fts(song_id,title,lyrics) VALUES ('pisniua_664399','До маминих очей','У маминих очах, неначе цвіт лілеї
І жар зорі - це бачила не раз.
Коли нам гірко - ми приходимо до неї,
І забуваємо її в солодкий час.

Приспів:
Мамо, тобі низесенько вклонюсь,
Мамо, на теплі руки нахилюсь,
Мамо, пробач мені пекучий гріх,
Мамо, ти найдорожча за усіх.
Мамо, тобі низесенько вклонюсь,
Мамо, за тебе Богу помолюсь,
Мамо, прийду я знов на твій поріг,
Мамо, ти найдорожча за усіх.

Цю праведну любов, яку беру в дорогу,
І доброту - від матері дано.
Куди б не йшла, тамуючи тривогу.
Для мене світить мамине вікно.

Приспів');
DELETE FROM song_links WHERE song_id = 'pisniua_664959';
DELETE FROM song_versions WHERE song_id = 'pisniua_664959';
DELETE FROM songs_fts WHERE song_id = 'pisniua_664959';
DELETE FROM songs WHERE id = 'pisniua_664959';
INSERT OR REPLACE INTO songs (id,title,subtitle,lang,country,period,year,source,notes,lyrics,tags_json,lang_locked,status,created_at,updated_at) VALUES ('pisniua_664959','Добрий ангел','Музика: Сергій Василюк Слова: Сергій Василюк. Виконує: Сергій Василюк','uk','ukraine_1991',NULL,NULL,'аудіозапис',NULL,'Під небесною блакиттю грають явори,
Твої очі - світла казка, що не говори.
І ти знов мене окрилиш у бездомну вись.
Добрий ангел не іди, залишись...
Твої крила - сила неба в білих пелюстках,
Та дозволь тебе понести на своїх руках,
Будемо летіти світом, мріями нестись.
Добрий ангел не іди, залишись...
Чи вина заходу сонця, холоду вночі,
Чи вина того, що вітер нам несе дощі?
Не вини все те, що було у мені колись.
Добрий ангел не іди, залишись... (3)','[''pisni.org.ua'', ''cat:bardivski'', ''Бардівські пісні'']',1,'published',COALESCE((SELECT created_at FROM songs WHERE id='pisniua_664959'), datetime('now')),datetime('now'));
INSERT OR REPLACE INTO songs_fts(song_id,title,lyrics) VALUES ('pisniua_664959','Добрий ангел','Під небесною блакиттю грають явори,
Твої очі - світла казка, що не говори.
І ти знов мене окрилиш у бездомну вись.
Добрий ангел не іди, залишись...
Твої крила - сила неба в білих пелюстках,
Та дозволь тебе понести на своїх руках,
Будемо летіти світом, мріями нестись.
Добрий ангел не іди, залишись...
Чи вина заходу сонця, холоду вночі,
Чи вина того, що вітер нам несе дощі?
Не вини все те, що було у мені колись.
Добрий ангел не іди, залишись... (3)');
INSERT OR REPLACE INTO song_links (id,song_id,title,url,kind,version_id,sort_order) VALUES ('pisniua_664959_l1','pisniua_664959','YouTube','https://www.youtube.com/watch?v=u2o44lW7GTE','video',NULL,1);
INSERT OR REPLACE INTO song_links (id,song_id,title,url,kind,version_id,sort_order) VALUES ('pisniua_664959_l2','pisniua_664959','YouTube','https://www.youtube.com/watch?v=6eweVqd8GRo','video',NULL,2);
INSERT OR REPLACE INTO song_links (id,song_id,title,url,kind,version_id,sort_order) VALUES ('pisniua_664959_l3','pisniua_664959','YouTube','https://www.youtube.com/watch?v=Lc6aDL9wM1U','video',NULL,3);
INSERT OR REPLACE INTO song_links (id,song_id,title,url,kind,version_id,sort_order) VALUES ('pisniua_664959_l4','pisniua_664959','YouTube','https://www.youtube.com/watch?v=aINsymnjLdA','video',NULL,4);
DELETE FROM song_links WHERE song_id = 'pisniua_66940';
DELETE FROM song_versions WHERE song_id = 'pisniua_66940';
DELETE FROM songs_fts WHERE song_id = 'pisniua_66940';
DELETE FROM songs WHERE id = 'pisniua_66940';
INSERT OR REPLACE INTO songs (id,title,subtitle,lang,country,period,year,source,notes,lyrics,tags_json,lang_locked,status,created_at,updated_at) VALUES ('pisniua_66940','Ти з любови собі не жартуй','Музика: Богдан Весоловський Слова: Богдан Весоловський. Виконує: Ансамбль Орфей','uk','ukraine_1991',NULL,NULL,'Богдан Весоловський "Прийде ще час..." Львів "Галицька видавнича спілка" 2001',NULL,'Як почуєш серця зов,
Як заграє скорше кров,
Не турбуйся, не лякайся,
Бо це любов,

А любов - це річ дивна,
Незбагнута, чарівна,
Їй опертися не в силі
Ні ти, ні я...

Ти з любови собі не жартуй
І з моїх почувань не шуткуй,
Бо що сталось мені, може статися й тобі,
І за це ти мене не винуй,

Бо не знати години, ні дня,
Як в один такт заб''ються серця,
Не поможе тоді вже ніщо й ніхто тобі,
Як до тебе любов завіта','[''pisni.org.ua'', ''cat:dances'', ''cat:foxtrots'', ''Пісні до танцю'', ''Фокстроти'']',1,'published',COALESCE((SELECT created_at FROM songs WHERE id='pisniua_66940'), datetime('now')),datetime('now'));
INSERT OR REPLACE INTO songs_fts(song_id,title,lyrics) VALUES ('pisniua_66940','Ти з любови собі не жартуй','Як почуєш серця зов,
Як заграє скорше кров,
Не турбуйся, не лякайся,
Бо це любов,

А любов - це річ дивна,
Незбагнута, чарівна,
Їй опертися не в силі
Ні ти, ні я...

Ти з любови собі не жартуй
І з моїх почувань не шуткуй,
Бо що сталось мені, може статися й тобі,
І за це ти мене не винуй,

Бо не знати години, ні дня,
Як в один такт заб''ються серця,
Не поможе тоді вже ніщо й ніхто тобі,
Як до тебе любов завіта');
INSERT OR REPLACE INTO song_links (id,song_id,title,url,kind,version_id,sort_order) VALUES ('pisniua_66940_l1','pisniua_66940','YouTube','https://www.youtube.com/watch?v=cwda-FxWq1U','video',NULL,1);
INSERT OR REPLACE INTO song_links (id,song_id,title,url,kind,version_id,sort_order) VALUES ('pisniua_66940_l2','pisniua_66940','YouTube','https://www.youtube.com/watch?v=UFFMowYm0BI','video',NULL,2);
INSERT OR REPLACE INTO song_links (id,song_id,title,url,kind,version_id,sort_order) VALUES ('pisniua_66940_l3','pisniua_66940','YouTube','https://www.youtube.com/watch?v=4p4E3Ufvz1w','video',NULL,3);
INSERT OR REPLACE INTO song_links (id,song_id,title,url,kind,version_id,sort_order) VALUES ('pisniua_66940_l4','pisniua_66940','YouTube','https://www.youtube.com/watch?v=hPI5l-hFXAE','video',NULL,4);
INSERT OR REPLACE INTO song_links (id,song_id,title,url,kind,version_id,sort_order) VALUES ('pisniua_66940_l5','pisniua_66940','YouTube','https://www.youtube.com/watch?v=4vnPjeKvz0I','video',NULL,5);
INSERT OR REPLACE INTO song_links (id,song_id,title,url,kind,version_id,sort_order) VALUES ('pisniua_66940_l6','pisniua_66940','YouTube','https://www.youtube.com/watch?v=DuEnmOZIALA','video',NULL,6);
INSERT OR REPLACE INTO song_links (id,song_id,title,url,kind,version_id,sort_order) VALUES ('pisniua_66940_l7','pisniua_66940','YouTube','https://www.youtube.com/watch?v=BYN9ZgWeJXQ','video',NULL,7);
INSERT OR REPLACE INTO song_links (id,song_id,title,url,kind,version_id,sort_order) VALUES ('pisniua_66940_l8','pisniua_66940','YouTube','https://www.youtube.com/watch?v=Zxm62n-GHzk','video',NULL,8);
INSERT OR REPLACE INTO song_links (id,song_id,title,url,kind,version_id,sort_order) VALUES ('pisniua_66940_l9','pisniua_66940','Переглянути варіанти >>','https://www.pisni.org.ua/#variants','external',NULL,9);
DELETE FROM song_links WHERE song_id = 'pisniua_66776';
DELETE FROM song_versions WHERE song_id = 'pisniua_66776';
DELETE FROM songs_fts WHERE song_id = 'pisniua_66776';
DELETE FROM songs WHERE id = 'pisniua_66776';
INSERT OR REPLACE INTO songs (id,title,subtitle,lang,country,period,year,source,notes,lyrics,tags_json,lang_locked,status,created_at,updated_at) VALUES ('pisniua_66776','Козак гуляє','Музика: Іван Коваль Слова: Степан Пушик. Виконує: Сокира Перуна, Іван Коваль, Кобза','uk','ukraine_before_1917',NULL,NULL,'Пісенник "Заспіваймо собі" Ужгород "Закарпаття" 2001',NULL,'Козак гуляє, шинкарка носить,
Питає турок: "Чому не ллєш?"
Не пий, козаче! Козачка просить     |
"Не пий, козаче, — коня проп''єш!"   | (2)

Козак сміється, шинкарка носить,
Говорить турок: "Замало ллєш!"
Не пий, козаче! Козачка просить     |
"Не пий, козаче, — мене проп''єш!"   | (2)

Шинкарка швидко горілку носить,
Козацтво п''яне, регоче ніч.
"Не пийте, хлопці, —
Вкраїна просить. —     |
Не пийте, хлопці, — проп''єте Січ!"  | (2)

В шинку шинкарка напої носить,
І ллє горілочки, ллє вина.
"Не пийте, хлопці, — Вкраїна просить. — |
Не пийте, хлопці, — бо я одна."         | (2)','[''pisni.org.ua'', ''cat:kozacki'', ''Козацькі пісні'']',1,'published',COALESCE((SELECT created_at FROM songs WHERE id='pisniua_66776'), datetime('now')),datetime('now'));
INSERT OR REPLACE INTO songs_fts(song_id,title,lyrics) VALUES ('pisniua_66776','Козак гуляє','Козак гуляє, шинкарка носить,
Питає турок: "Чому не ллєш?"
Не пий, козаче! Козачка просить     |
"Не пий, козаче, — коня проп''єш!"   | (2)

Козак сміється, шинкарка носить,
Говорить турок: "Замало ллєш!"
Не пий, козаче! Козачка просить     |
"Не пий, козаче, — мене проп''єш!"   | (2)

Шинкарка швидко горілку носить,
Козацтво п''яне, регоче ніч.
"Не пийте, хлопці, —
Вкраїна просить. —     |
Не пийте, хлопці, — проп''єте Січ!"  | (2)

В шинку шинкарка напої носить,
І ллє горілочки, ллє вина.
"Не пийте, хлопці, — Вкраїна просить. — |
Не пийте, хлопці, — бо я одна."         | (2)');
INSERT OR REPLACE INTO song_links (id,song_id,title,url,kind,version_id,sort_order) VALUES ('pisniua_66776_l1','pisniua_66776','YouTube','https://www.youtube.com/watch?v=Nsq8i4DGvjk','video',NULL,1);
INSERT OR REPLACE INTO song_links (id,song_id,title,url,kind,version_id,sort_order) VALUES ('pisniua_66776_l2','pisniua_66776','Переглянути варіанти >>','https://www.pisni.org.ua/#variants','external',NULL,2);
DELETE FROM song_links WHERE song_id = 'pisniua_667353';
DELETE FROM song_versions WHERE song_id = 'pisniua_667353';
DELETE FROM songs_fts WHERE song_id = 'pisniua_667353';
DELETE FROM songs WHERE id = 'pisniua_667353';
INSERT OR REPLACE INTO songs (id,title,subtitle,lang,country,period,year,source,notes,lyrics,tags_json,lang_locked,status,created_at,updated_at) VALUES ('pisniua_667353','Ой пряду, пряду','Українська народна пісня','uk','ukraine_before_1917',NULL,NULL,'Народні перлини. Українські народні пісні. Київ, Державне видавництво художньої літератури, 1961.','Варіанти куплетів: Ой, пряду, пряду, Спатоньки буду... Покладу я голівоньку На ячмінну соломоньку, Поки я засну. А свекор іде, Як той джміль гуде: "Сонливая, дрімливая, До роботи лінивая Невістка моя".','Ой пряду, пряду,
Спатоньки хочу...
Ой склоню я голівоньку
На білую постілоньку,
Може, я засну.

Аж свекруха йде,
Як змія гуде:
"Сонливая-дрімливая,
До роботи лінивая,
Невістко моя!"

Ой пряду, пряду,
Спатоньки хочу...
Ой склоню я голівоньку
На білую постілоньку,
Може, я засну.

Аж свекруха йде,
Як змія гуде:
"Сонливая-дрімливая,
До роботи лінивая,
Невістко моя!"

Ой пряду, пряду,
Спатоньки хочу...
Ой склоню я голівоньку
На білую постілоньку,
Може, я засну.

А мій милий йде,
Як голуб гуде:
"Ой спи, мила-хорошоя,
Пішла заміж молодая,
Не виспалася!"','[''pisni.org.ua'', ''cat:socialno-pobutovi'', ''Соціально-побутові пісні'']',1,'published',COALESCE((SELECT created_at FROM songs WHERE id='pisniua_667353'), datetime('now')),datetime('now'));
INSERT OR REPLACE INTO songs_fts(song_id,title,lyrics) VALUES ('pisniua_667353','Ой пряду, пряду','Ой пряду, пряду,
Спатоньки хочу...
Ой склоню я голівоньку
На білую постілоньку,
Може, я засну.

Аж свекруха йде,
Як змія гуде:
"Сонливая-дрімливая,
До роботи лінивая,
Невістко моя!"

Ой пряду, пряду,
Спатоньки хочу...
Ой склоню я голівоньку
На білую постілоньку,
Може, я засну.

Аж свекруха йде,
Як змія гуде:
"Сонливая-дрімливая,
До роботи лінивая,
Невістко моя!"

Ой пряду, пряду,
Спатоньки хочу...
Ой склоню я голівоньку
На білую постілоньку,
Може, я засну.

А мій милий йде,
Як голуб гуде:
"Ой спи, мила-хорошоя,
Пішла заміж молодая,
Не виспалася!"');
INSERT OR REPLACE INTO song_links (id,song_id,title,url,kind,version_id,sort_order) VALUES ('pisniua_667353_l1','pisniua_667353','YouTube','https://www.youtube.com/watch?v=AxmO0QuNwCM','video',NULL,1);
DELETE FROM song_links WHERE song_id = 'pisniua_667374';
DELETE FROM song_versions WHERE song_id = 'pisniua_667374';
DELETE FROM songs_fts WHERE song_id = 'pisniua_667374';
DELETE FROM songs WHERE id = 'pisniua_667374';
INSERT OR REPLACE INTO songs (id,title,subtitle,lang,country,period,year,source,notes,lyrics,tags_json,lang_locked,status,created_at,updated_at) VALUES ('pisniua_667374','Розвійтеся з вітром, листочки зів''ялі','Музика: Яків Степовий Слова: Іван Франко','uk','ukraine_before_1917',NULL,NULL,'Струни серця. Українські народні пісні про кохання. Київ, Держлітвидав, 1969.',NULL,'Розвійтеся з вітром, листочки зів''ялі,
Розвійтесь, як тихе зітхання!
Незгоєні рани, невтишені жалі,
Завмерлеє в серці кохання.

В зів''ялих листочках хто може вгадати
Красу всю зеленого гаю?
Хто взнає, який я чуття скарб бaгатий
В ті вбогії вірші вкладаю?

Ті скарби найкращі душі молодої
Розтративши марно, без тями,
Жебрак одинокий, назустріч недолі
Піду я сумними стежками.','[''pisni.org.ua'', ''cat:romansy'', ''Романси'']',1,'published',COALESCE((SELECT created_at FROM songs WHERE id='pisniua_667374'), datetime('now')),datetime('now'));
INSERT OR REPLACE INTO songs_fts(song_id,title,lyrics) VALUES ('pisniua_667374','Розвійтеся з вітром, листочки зів''ялі','Розвійтеся з вітром, листочки зів''ялі,
Розвійтесь, як тихе зітхання!
Незгоєні рани, невтишені жалі,
Завмерлеє в серці кохання.

В зів''ялих листочках хто може вгадати
Красу всю зеленого гаю?
Хто взнає, який я чуття скарб бaгатий
В ті вбогії вірші вкладаю?

Ті скарби найкращі душі молодої
Розтративши марно, без тями,
Жебрак одинокий, назустріч недолі
Піду я сумними стежками.');
INSERT OR REPLACE INTO song_links (id,song_id,title,url,kind,version_id,sort_order) VALUES ('pisniua_667374_l1','pisniua_667374','YouTube','https://www.youtube.com/watch?v=vcShWzDKwzo','video',NULL,1);
INSERT OR REPLACE INTO song_links (id,song_id,title,url,kind,version_id,sort_order) VALUES ('pisniua_667374_l2','pisniua_667374','YouTube','https://www.youtube.com/watch?v=ve1KudWAJMo','video',NULL,2);
INSERT OR REPLACE INTO song_links (id,song_id,title,url,kind,version_id,sort_order) VALUES ('pisniua_667374_l3','pisniua_667374','YouTube','https://www.youtube.com/watch?v=aj12ITrDQrg','video',NULL,3);
DELETE FROM song_links WHERE song_id = 'pisniua_665879';
DELETE FROM song_versions WHERE song_id = 'pisniua_665879';
DELETE FROM songs_fts WHERE song_id = 'pisniua_665879';
DELETE FROM songs WHERE id = 'pisniua_665879';
INSERT OR REPLACE INTO songs (id,title,subtitle,lang,country,period,year,source,notes,lyrics,tags_json,lang_locked,status,created_at,updated_at) VALUES ('pisniua_665879','Ой не ходи, Грицю','(Кохання до смерті). Українська народна пісня. Виконує: Раїса Кириченко','uk','ukraine_before_1917',NULL,NULL,'Народні перлини. Українські народні пісні. Київ, Державне видавництво художньої літератури, 1961.',NULL,'Ой не ходи, Грицю, та й на вечорниці,
Бо на вечорницях дівки чарівниці!
Котрая дівчина чорні брови має,      |
То тая дівчина усі чари знає.        | (2)

У неділю рано зіллячко копала,
А у понеділок переполоскала,
Прийшов вівторок - зіллячко варила,  |
А в середу рано Гриця отруїла.       | (2)

Як прийшов четвер - та вже Гриць помер.
Прийшла п''ятниця - поховали Гриця.
А в суботу рано мати дочку била:     |
"Нащо ти, дочко, Гриця отруїла?"     | (2)

"Ой мамо, мамо, Гриць жалю не має,
Нащо ж Гриць, мамо, разом двох кохає!
Нехай він не буде ні їй, ні мені,    |
Нехай достанеться Гриць сирій землі! | (2)

Оце тобі, Грицю, я так і зробила,
Що через тебе мати мене била!
Оце ж тобі, Грицю, за теє заплата -  |
Із чотирьох дощок дубовая хата!"     | (2)','[''pisni.org.ua'', ''cat:narodni'', ''cat:zhartivlyvi'', ''Народні пісні'', ''Жартівливі пісні'']',1,'published',COALESCE((SELECT created_at FROM songs WHERE id='pisniua_665879'), datetime('now')),datetime('now'));
INSERT OR REPLACE INTO songs_fts(song_id,title,lyrics) VALUES ('pisniua_665879','Ой не ходи, Грицю','Ой не ходи, Грицю, та й на вечорниці,
Бо на вечорницях дівки чарівниці!
Котрая дівчина чорні брови має,      |
То тая дівчина усі чари знає.        | (2)

У неділю рано зіллячко копала,
А у понеділок переполоскала,
Прийшов вівторок - зіллячко варила,  |
А в середу рано Гриця отруїла.       | (2)

Як прийшов четвер - та вже Гриць помер.
Прийшла п''ятниця - поховали Гриця.
А в суботу рано мати дочку била:     |
"Нащо ти, дочко, Гриця отруїла?"     | (2)

"Ой мамо, мамо, Гриць жалю не має,
Нащо ж Гриць, мамо, разом двох кохає!
Нехай він не буде ні їй, ні мені,    |
Нехай достанеться Гриць сирій землі! | (2)

Оце тобі, Грицю, я так і зробила,
Що через тебе мати мене била!
Оце ж тобі, Грицю, за теє заплата -  |
Із чотирьох дощок дубовая хата!"     | (2)');
INSERT OR REPLACE INTO song_links (id,song_id,title,url,kind,version_id,sort_order) VALUES ('pisniua_665879_l1','pisniua_665879','YouTube','https://www.youtube.com/watch?v=ib34IRcOOxA','video',NULL,1);
INSERT OR REPLACE INTO song_links (id,song_id,title,url,kind,version_id,sort_order) VALUES ('pisniua_665879_l2','pisniua_665879','YouTube','https://www.youtube.com/watch?v=uws3Ys0S3gs','video',NULL,2);
INSERT OR REPLACE INTO song_links (id,song_id,title,url,kind,version_id,sort_order) VALUES ('pisniua_665879_l3','pisniua_665879','YouTube','https://www.youtube.com/watch?v=dPr3ZzXFbyQ','video',NULL,3);
INSERT OR REPLACE INTO song_links (id,song_id,title,url,kind,version_id,sort_order) VALUES ('pisniua_665879_l4','pisniua_665879','YouTube','https://www.youtube.com/watch?v=jMaXKU0HBMg','video',NULL,4);
DELETE FROM song_links WHERE song_id = 'pisniua_670959';
DELETE FROM song_versions WHERE song_id = 'pisniua_670959';
DELETE FROM songs_fts WHERE song_id = 'pisniua_670959';
DELETE FROM songs WHERE id = 'pisniua_670959';
INSERT OR REPLACE INTO songs (id,title,subtitle,lang,country,period,year,source,notes,lyrics,tags_json,lang_locked,status,created_at,updated_at) VALUES ('pisniua_670959','Ой, по полю, полю','Українська народна пісня. Виконує: Рутенія','uk','ukr_ssr_1919_1991',NULL,NULL,'аудіозапис',NULL,'Ой, по полю, полю -
Рілля ізорана
Чорні круки ходять,
Землю дзьобом ранять,
Шукають калину.

Чорні круки ходять,
Крила розправляють,
З вітром розмовляють.
З вітром розмовляють,
Дзьоби роззявляють.

Нас тут двадцять хлопців
Із-за горе крука
Сорок років тому
В землю залягали,
Кровію стікали.
Сорок років тому
Кровію стікали.

Ні один не здався
На поталу вражу,
Землю укропили,
Кров''ю освятили
Та й птахами стали.

А тепер літаєм,
З вітром розмовляєм,
Бог нас тілько знає,
І озера сині,
І дерева милі.

Бог нас тілько знає,
І озера милі,
І ліси зелені.

Сотня чорних хлопців,
Сотня чорних круків
Крильми лопотіли в небо
І знялися - волі захотіли.

Сотні славних хлопців
Із-за горе крука,
Що птахами стали.

Гори уповиті, славою укриті
Що птахами стали.

Ой, по полю, полю
Чорна галич ходить,
Крила розправляє,
До неба взлітає,
З вітром розмовляє...','[''pisni.org.ua'', ''cat:povstanski'', ''Повстанські пісні'']',1,'published',COALESCE((SELECT created_at FROM songs WHERE id='pisniua_670959'), datetime('now')),datetime('now'));
INSERT OR REPLACE INTO songs_fts(song_id,title,lyrics) VALUES ('pisniua_670959','Ой, по полю, полю','Ой, по полю, полю -
Рілля ізорана
Чорні круки ходять,
Землю дзьобом ранять,
Шукають калину.

Чорні круки ходять,
Крила розправляють,
З вітром розмовляють.
З вітром розмовляють,
Дзьоби роззявляють.

Нас тут двадцять хлопців
Із-за горе крука
Сорок років тому
В землю залягали,
Кровію стікали.
Сорок років тому
Кровію стікали.

Ні один не здався
На поталу вражу,
Землю укропили,
Кров''ю освятили
Та й птахами стали.

А тепер літаєм,
З вітром розмовляєм,
Бог нас тілько знає,
І озера сині,
І дерева милі.

Бог нас тілько знає,
І озера милі,
І ліси зелені.

Сотня чорних хлопців,
Сотня чорних круків
Крильми лопотіли в небо
І знялися - волі захотіли.

Сотні славних хлопців
Із-за горе крука,
Що птахами стали.

Гори уповиті, славою укриті
Що птахами стали.

Ой, по полю, полю
Чорна галич ходить,
Крила розправляє,
До неба взлітає,
З вітром розмовляє...');
INSERT OR REPLACE INTO song_links (id,song_id,title,url,kind,version_id,sort_order) VALUES ('pisniua_670959_l1','pisniua_670959','YouTube','https://www.youtube.com/watch?v=MmidONPc6os','video',NULL,1);
DELETE FROM song_links WHERE song_id = 'pisniua_669477';
DELETE FROM song_versions WHERE song_id = 'pisniua_669477';
DELETE FROM songs_fts WHERE song_id = 'pisniua_669477';
DELETE FROM songs WHERE id = 'pisniua_669477';
INSERT OR REPLACE INTO songs (id,title,subtitle,lang,country,period,year,source,notes,lyrics,tags_json,lang_locked,status,created_at,updated_at) VALUES ('pisniua_669477','Калина','Музика: Трансформер Слова: Тарас Шевченко','uk','ukraine_before_1917',NULL,NULL,NULL,NULL,'Em
Зацвіла в долині
C
Червона калина
G
Ніби засміялась
D
Дівчина дитина
Любо любо стало
Пташечка зраділа
І защебетала

Почула дівчина,
І в білій свитині
З біленької хати
Вийшла погуляти
У гай на долину.
І вийшов до неї
З зеленого гаю
Козак молоденький;
Цілує, вітає,
І йдуть по долині
І йдучи співають.
Як діточок двоє,
Під тую калину
Прийшли, посідали
І поціловались.

Якого ж ми раю
У Бога благаєм?
Рай у серце лізе,
А ми в церкву лізем,
Заплющивши очі, —
Такого не хочем.
Сказав би я правду,
Та що з неї буде?
Самому завадить,
А попам та людям
Однаково буде.','[''pisni.org.ua'', ''cat:socialno-pobutovi'', ''Соціально-побутові пісні'']',1,'published',COALESCE((SELECT created_at FROM songs WHERE id='pisniua_669477'), datetime('now')),datetime('now'));
INSERT OR REPLACE INTO songs_fts(song_id,title,lyrics) VALUES ('pisniua_669477','Калина','Em
Зацвіла в долині
C
Червона калина
G
Ніби засміялась
D
Дівчина дитина
Любо любо стало
Пташечка зраділа
І защебетала

Почула дівчина,
І в білій свитині
З біленької хати
Вийшла погуляти
У гай на долину.
І вийшов до неї
З зеленого гаю
Козак молоденький;
Цілує, вітає,
І йдуть по долині
І йдучи співають.
Як діточок двоє,
Під тую калину
Прийшли, посідали
І поціловались.

Якого ж ми раю
У Бога благаєм?
Рай у серце лізе,
А ми в церкву лізем,
Заплющивши очі, —
Такого не хочем.
Сказав би я правду,
Та що з неї буде?
Самому завадить,
А попам та людям
Однаково буде.');
DELETE FROM song_links WHERE song_id = 'pisniua_671593';
DELETE FROM song_versions WHERE song_id = 'pisniua_671593';
DELETE FROM songs_fts WHERE song_id = 'pisniua_671593';
DELETE FROM songs WHERE id = 'pisniua_671593';
INSERT OR REPLACE INTO songs (id,title,subtitle,lang,country,period,year,source,notes,lyrics,tags_json,lang_locked,status,created_at,updated_at) VALUES ('pisniua_671593','О, не забудь','Музика: Остап Нижанківський Слова: В. Масляк. Виконує: Марія Байко, Лілія Коструба, Олександра Ленишин','uk','ukraine_1991',NULL,NULL,'Нижанківський О. Солоспіви /Упоряд. М.Логойда. - Львів: Спів Митуси, 1997. - С.36-37.',NULL,'О, не забудь, молю тебе,
Про хвилю цю, блаженний час.
Як перший раз талан-судьба
З''єднала нас, з''єднала нас.
О, не забудь, молю тебе!

О, не забудь про день утіх,
Що я надії днем назвав,
Бо жар мені очей твоїх
За світ весь став, за світ весь став.
О, не забудь, молю тебе!

О, не забудь тих серця слів,
Що я у жертву ніс тобі,
Що я їх, наче квіти, сплів
В чудовім сні, в чудовім сні.
О, не забудь, молю тебе!

О, не забудь тих ясних зір,
Що були свідками тих мрій,
Як нам відкривсь небес простір,
І рай надій, і рай надій.
О, не забудь, молю тебе!','[''pisni.org.ua'', ''cat:romansy'', ''Романси'']',1,'published',COALESCE((SELECT created_at FROM songs WHERE id='pisniua_671593'), datetime('now')),datetime('now'));
INSERT OR REPLACE INTO songs_fts(song_id,title,lyrics) VALUES ('pisniua_671593','О, не забудь','О, не забудь, молю тебе,
Про хвилю цю, блаженний час.
Як перший раз талан-судьба
З''єднала нас, з''єднала нас.
О, не забудь, молю тебе!

О, не забудь про день утіх,
Що я надії днем назвав,
Бо жар мені очей твоїх
За світ весь став, за світ весь став.
О, не забудь, молю тебе!

О, не забудь тих серця слів,
Що я у жертву ніс тобі,
Що я їх, наче квіти, сплів
В чудовім сні, в чудовім сні.
О, не забудь, молю тебе!

О, не забудь тих ясних зір,
Що були свідками тих мрій,
Як нам відкривсь небес простір,
І рай надій, і рай надій.
О, не забудь, молю тебе!');
INSERT OR REPLACE INTO song_links (id,song_id,title,url,kind,version_id,sort_order) VALUES ('pisniua_671593_l1','pisniua_671593','YouTube','https://www.youtube.com/watch?v=S1ztDqj8RFA','video',NULL,1);
DELETE FROM song_links WHERE song_id = 'pisniua_668570';
DELETE FROM song_versions WHERE song_id = 'pisniua_668570';
DELETE FROM songs_fts WHERE song_id = 'pisniua_668570';
DELETE FROM songs WHERE id = 'pisniua_668570';
INSERT OR REPLACE INTO songs (id,title,subtitle,lang,country,period,year,source,notes,lyrics,tags_json,lang_locked,status,created_at,updated_at) VALUES ('pisniua_668570','Я твій Дід Мороз','Музика: Олександр Пономарьов Слова: Олександр Пономарьов. Виконує: Олександр Пономарьов','uk','ukraine_1991',NULL,NULL,'аудіозапис',NULL,'Всіх! З Новим роком!
З новим щастям!
Співають всі в країні Oz!
З Новим роком!
З новим щастям!

Шукала у горах,
Шукала у лісі ти Діда Мороза,
Але не знайшла.
А я сумував за тобою у місті,
Чекав тебе довго, Снігурко моя!

Всіх! З Новим роком!
З новим щастям!
Співають всі в країні Oz!
З Новим роком!
З новим щастям!
Снігурко, де твій Дід Мороз?

Його загубила,
Чи він сам загубився?
А може, олені його підвели?
А може, за щось він на нас розлютився?
Снігурочка в шоці - її довели!

Всіх! З Новим роком!
З новим щастям!
Співають всі в країні Oz!
З Новим роком!
З новим щастям!
Снігурко, я твій Дід Мороз!

Наш Joulupukkі нарешті з''явився!
Наш Joulupukkі мішечок забув!
Здається мені, що він трохи напився!
Здається мені, що він добре гульнув!

Всіх! З Новим роком!
З новим щастям!
Співають всі в країні Oz!
З Новим роком!
З новим щастям!
Снігурко, я твій Дід Мороз!','[''pisni.org.ua'', ''cat:new-year'', ''Пісні про Новий Рік'']',1,'published',COALESCE((SELECT created_at FROM songs WHERE id='pisniua_668570'), datetime('now')),datetime('now'));
INSERT OR REPLACE INTO songs_fts(song_id,title,lyrics) VALUES ('pisniua_668570','Я твій Дід Мороз','Всіх! З Новим роком!
З новим щастям!
Співають всі в країні Oz!
З Новим роком!
З новим щастям!

Шукала у горах,
Шукала у лісі ти Діда Мороза,
Але не знайшла.
А я сумував за тобою у місті,
Чекав тебе довго, Снігурко моя!

Всіх! З Новим роком!
З новим щастям!
Співають всі в країні Oz!
З Новим роком!
З новим щастям!
Снігурко, де твій Дід Мороз?

Його загубила,
Чи він сам загубився?
А може, олені його підвели?
А може, за щось він на нас розлютився?
Снігурочка в шоці - її довели!

Всіх! З Новим роком!
З новим щастям!
Співають всі в країні Oz!
З Новим роком!
З новим щастям!
Снігурко, я твій Дід Мороз!

Наш Joulupukkі нарешті з''явився!
Наш Joulupukkі мішечок забув!
Здається мені, що він трохи напився!
Здається мені, що він добре гульнув!

Всіх! З Новим роком!
З новим щастям!
Співають всі в країні Oz!
З Новим роком!
З новим щастям!
Снігурко, я твій Дід Мороз!');
INSERT OR REPLACE INTO song_links (id,song_id,title,url,kind,version_id,sort_order) VALUES ('pisniua_668570_l1','pisniua_668570','YouTube','https://www.youtube.com/watch?v=rm-sX3PE8Oo','video',NULL,1);
DELETE FROM song_links WHERE song_id = 'pisniua_669042';
DELETE FROM song_versions WHERE song_id = 'pisniua_669042';
DELETE FROM songs_fts WHERE song_id = 'pisniua_669042';
DELETE FROM songs WHERE id = 'pisniua_669042';
INSERT OR REPLACE INTO songs (id,title,subtitle,lang,country,period,year,source,notes,lyrics,tags_json,lang_locked,status,created_at,updated_at) VALUES ('pisniua_669042','Колискова','Музика: Ігор Поклад. Виконує: Віталій Білоножко','uk','ukraine_before_1917',NULL,NULL,'аудіозапис','альбом "Давайте разом заспіваєм, браття!"','Тепле сонечко сідає,
Синій вечір на поріг,
Наче човник пропливає
Срібний місяць угорі.

Тихі сутінки кружляють,
Мрії, сни прийшли до нас.
Колискової співають:
"На добраніч, спати час".

Капітанам море сниться,
А пілотам - висота,
Машиністам - залізниця,
Будівельникам - міста.

До нових планет рушають
Комнонавти в мріях, снах,
Щедрий урожай збирають
Хлібороби на ланах.

Хоч усюди ніч кружляє -
Прикордонник наш не спить,
Мирні сни охороняє
Й неба чистого блакить.

Вітерець нічний зітхає,
Зорі вкрили небеса.
Завтра день новий засяє,
Всі здійсняться чудеса.

Всі здійсняться чудеса...    Фонограма-мінус (mid)','[''pisni.org.ua'', ''cat:kolyskovi'', ''Колискові'']',1,'published',COALESCE((SELECT created_at FROM songs WHERE id='pisniua_669042'), datetime('now')),datetime('now'));
INSERT OR REPLACE INTO songs_fts(song_id,title,lyrics) VALUES ('pisniua_669042','Колискова','Тепле сонечко сідає,
Синій вечір на поріг,
Наче човник пропливає
Срібний місяць угорі.

Тихі сутінки кружляють,
Мрії, сни прийшли до нас.
Колискової співають:
"На добраніч, спати час".

Капітанам море сниться,
А пілотам - висота,
Машиністам - залізниця,
Будівельникам - міста.

До нових планет рушають
Комнонавти в мріях, снах,
Щедрий урожай збирають
Хлібороби на ланах.

Хоч усюди ніч кружляє -
Прикордонник наш не спить,
Мирні сни охороняє
Й неба чистого блакить.

Вітерець нічний зітхає,
Зорі вкрили небеса.
Завтра день новий засяє,
Всі здійсняться чудеса.

Всі здійсняться чудеса...    Фонограма-мінус (mid)');
INSERT OR REPLACE INTO song_links (id,song_id,title,url,kind,version_id,sort_order) VALUES ('pisniua_669042_l1','pisniua_669042','YouTube','https://www.youtube.com/watch?v=yWMwQFrZbIY','video',NULL,1);
DELETE FROM song_links WHERE song_id = 'pisniua_67050';
DELETE FROM song_versions WHERE song_id = 'pisniua_67050';
DELETE FROM songs_fts WHERE song_id = 'pisniua_67050';
DELETE FROM songs WHERE id = 'pisniua_67050';
INSERT OR REPLACE INTO songs (id,title,subtitle,lang,country,period,year,source,notes,lyrics,tags_json,lang_locked,status,created_at,updated_at) VALUES ('pisniua_67050','Вернись із спогадів','(Танго без відповіді). Музика: Володимир Івасюк Слова: Ростислав Братунь. Виконує: Лілія Сандулеса, Капела бандуристок Дзвінга','uk','ukraine_1991',NULL,NULL,'http://ivasyuk.domivka.net/',NULL,'Не стань печаллю у моїм житті,
Не сійся смутком на моїй путі,
Бо смуток може болем прорости, —
Невже, невже хотіла б того ти?

Приспів:
Тебе благаю і тебе кляну,
Тебе, як долю, я не омину,
А долю можна тягарем нести, —
Невже, невже хотіла б того ти?

Не будь сльозою на моїх літах,
Не дай, щоб усміх спогаду зачах,
Бо спогад може тужно відплисти, —
Невже, невже хотіла б того ти?

Приспів.

Тобою марю і тобою сню,
Моя любов — як полум''я вогню,
А полум''я вдвох треба берегти, —
Невже, невже не хочеш того ти?!','[''pisni.org.ua'', ''cat:dances'', ''cat:tango'', ''Пісні до танцю'', ''Танґо'']',1,'published',COALESCE((SELECT created_at FROM songs WHERE id='pisniua_67050'), datetime('now')),datetime('now'));
INSERT OR REPLACE INTO songs_fts(song_id,title,lyrics) VALUES ('pisniua_67050','Вернись із спогадів','Не стань печаллю у моїм житті,
Не сійся смутком на моїй путі,
Бо смуток може болем прорости, —
Невже, невже хотіла б того ти?

Приспів:
Тебе благаю і тебе кляну,
Тебе, як долю, я не омину,
А долю можна тягарем нести, —
Невже, невже хотіла б того ти?

Не будь сльозою на моїх літах,
Не дай, щоб усміх спогаду зачах,
Бо спогад може тужно відплисти, —
Невже, невже хотіла б того ти?

Приспів.

Тобою марю і тобою сню,
Моя любов — як полум''я вогню,
А полум''я вдвох треба берегти, —
Невже, невже не хочеш того ти?!');
INSERT OR REPLACE INTO song_links (id,song_id,title,url,kind,version_id,sort_order) VALUES ('pisniua_67050_l1','pisniua_67050','YouTube','https://www.youtube.com/watch?v=VDSQfR6SYvM','video',NULL,1);
INSERT OR REPLACE INTO song_links (id,song_id,title,url,kind,version_id,sort_order) VALUES ('pisniua_67050_l2','pisniua_67050','YouTube','https://www.youtube.com/watch?v=8Ok75LX3hOw','video',NULL,2);
INSERT OR REPLACE INTO song_links (id,song_id,title,url,kind,version_id,sort_order) VALUES ('pisniua_67050_l3','pisniua_67050','Переглянути варіанти >>','https://www.pisni.org.ua/#variants','external',NULL,3);
DELETE FROM song_links WHERE song_id = 'pisniua_671440';
DELETE FROM song_versions WHERE song_id = 'pisniua_671440';
DELETE FROM songs_fts WHERE song_id = 'pisniua_671440';
DELETE FROM songs WHERE id = 'pisniua_671440';
INSERT OR REPLACE INTO songs (id,title,subtitle,lang,country,period,year,source,notes,lyrics,tags_json,lang_locked,status,created_at,updated_at) VALUES ('pisniua_671440','Гей усі Поля Самарські почорніли','(Три Братіки Самарські). Українська народна пісня. Виконує: Єгор Мовчан','uk','ukraine_before_1917',NULL,NULL,'Українські релігійні роздуми про Спасіння © Видавництво "Павутинонька", Нью Йорк – Львів – Київ – Харків – Москва, 2003','Українські реліґійні роздуми про Воскресіння, Неволю і Спасіння. Пісні Великодні — Спасительні: світ не по Правді. Пісні-плачі Сокола-Прадіда. Ой Ми зіслані на Признаванє. Нема в світі Правди не зіскати. Що хто Вітцевої-Матчиної Молитви не забуває Того Господь Милосердний із Дна Моря винімає А єсть це нас Отцева-та-матчина Молитва покарала. Не єсть це нас Шабля Турецькая рубала. Гей усі Поля Самарські почорніли Ой всі Поля Самарськиї не зоряли Ой то не Пили то пилили Ей то се Брат не Сопротивна Хвиля затопляє. На Синьому Морі на Білому Камені сидить Сокіл Ясен Ой на Чорному Морі на Білому Камені Да ще ж хотілось швидше здобичі набірати. Гей на Чорному Морі та на Камені Біленькому Ой то не Пили то пилили Питається Дніпр Тихого Дуная Стали Отцеву-й-ненчину Молитву забувати. А не в Бору Сосна зашуміла У Святую Неділю як Та Бідна Вдова То ж вони Темний Похорон одправляли. Ой то не Пили то пилили І усіх вас Невольників із Темниці випускати. Голосна та Правдива як Господа слово. Листки з приводу цієї Пісні: Українські реліґійні пісні-роздуми про Неволю та Спасіння. Плач Сокола. Традиції Батька. Коляда і Великдень: Різдво і Відродження Світа. Рокове Коло. Стежки до листків про Українські традиції.','Гей-гей гей-гей...
Гей усі Поля Самарські почорніли
Ясними Пожарами погоріли
Тілки не згоріло коло Річки-Самарки
[та коло Криниці-Султанки
Три Терночки Дрібненьких
Три Байраченьки Зелененькі...
Гей...

То тим вони не згоріли що Там Три Братіки Рідненьких
[як Голубоньків Сивеньких
Постріляні та порубані
На рани їх широкі спочивали
То тим вони спочивали
Що рани їх постріляні та порубані
Дуже їх ізнимогали...
Гей...

То обзовецця Старший Брат
До Середульшого Брата словами
Обіллєцця гірко сльозами

Гей Братіку ти мій Середульший-милий
Як Голубонько Сивий
Добре ти учини
Хоть з Річки-Самарки або з Криниці-Султанки

Холодної Води знайди...
Рани мої постріляні та порубані
Окропи-охолоди...
Гей...

То Середульший Брат теє добре зачуває
Та до Старшого Брата словами промовляє

Гей Братіку ти мій / Старший-милий
Як Голубонько Сивий
Чи ти ж мені віроньки не ймаєш
Чи ти мене на сміх підіймаєш

Чи не одна нас Шабля Турецькая рубала
Чи не одна нас Куля Яничарськая стріляла
Що я маю на собі дев''ять ран рубаних-широких
А чотири стріляних-глибоких

Ой не можу я встати
Тобі Холодної Води дістати...
Гей...

Давай же ми з тобою добре учінімо
Та свого Найменшого Брата попросімо

Нехай же він добре дбає
Хай хоч на вколінка уставає
Та в головах Тонку Військову Суремочку достягає
Та жалібненько грає-виграває...
Гей...

Може будуть Подорожні Козаки проїжжьати
Будуть наші Ігри Козацькії-молодецькії зачувати
Будуть до нас прибувати
Тіло наше козацьке-молодецьке в Чистім Полі ховати
Звіреві-та-птиці на потал ни давати...
Гей...

То Найменший Брат теє добре зачуває
Та до Старших Братів Словами промовляє
Гей ви Братіки ви мої / Старші-милі
Як Голубоньки Сиві

Не єсть це нас Шабля Турецькая рубала
Не єсть це нас Куля Яничарськая стріляла
А єсть це нас Отцева-та-матчина Молитва покарала...
Гей...

Ой коли ми з дому в Охоче Військо виїжжьали
То ми з Отцем-та-з-маткою прощенія не брали
Старшу свою Сестру найгіршими словами угорчали
Ось за це ми Браття найбільший гріх і мали...

Ой коли ж ми будем
У Тонку Військову Суремочку жалібненько грати-вигравати
Будуть Турки-Яничари
[наші Ігри Козацькі-молодецькі зачувати
Будуть до нас забігати
Будуть нас стріляти та рубати
Тіло наше козацькеє-й-молодецьке
В Чистім Полі розкидати
Звіреві-та-птиці на потал давати...

Стала Чорна Хмара наступати
Став Дрібен Дощик накрапати
Стали Три Братіки Рідненьких як Голубоньків Сивеньких
В Чистім Полі помірати
Гей...

То полягла голова...
Трьох Братів Самарських...
Коло Річки-Самарки та коло Криниці-Султанки

Слава їх не вмре-не-загине
Отнині і довіку

Слухающим головам на Здоровля
На Многая Літа...','[''pisni.org.ua'', ''cat:dumy'', ''cat:kozacki'', ''cat:socialno-pobutovi'', ''cat:suspilno-politychni'', ''Думи'', ''Козацькі пісні'', ''Соціально-побутові пісні'', ''Суспільно-політичні пісні'']',1,'published',COALESCE((SELECT created_at FROM songs WHERE id='pisniua_671440'), datetime('now')),datetime('now'));
INSERT OR REPLACE INTO songs_fts(song_id,title,lyrics) VALUES ('pisniua_671440','Гей усі Поля Самарські почорніли','Гей-гей гей-гей...
Гей усі Поля Самарські почорніли
Ясними Пожарами погоріли
Тілки не згоріло коло Річки-Самарки
[та коло Криниці-Султанки
Три Терночки Дрібненьких
Три Байраченьки Зелененькі...
Гей...

То тим вони не згоріли що Там Три Братіки Рідненьких
[як Голубоньків Сивеньких
Постріляні та порубані
На рани їх широкі спочивали
То тим вони спочивали
Що рани їх постріляні та порубані
Дуже їх ізнимогали...
Гей...

То обзовецця Старший Брат
До Середульшого Брата словами
Обіллєцця гірко сльозами

Гей Братіку ти мій Середульший-милий
Як Голубонько Сивий
Добре ти учини
Хоть з Річки-Самарки або з Криниці-Султанки

Холодної Води знайди...
Рани мої постріляні та порубані
Окропи-охолоди...
Гей...

То Середульший Брат теє добре зачуває
Та до Старшого Брата словами промовляє

Гей Братіку ти мій / Старший-милий
Як Голубонько Сивий
Чи ти ж мені віроньки не ймаєш
Чи ти мене на сміх підіймаєш

Чи не одна нас Шабля Турецькая рубала
Чи не одна нас Куля Яничарськая стріляла
Що я маю на собі дев''ять ран рубаних-широких
А чотири стріляних-глибоких

Ой не можу я встати
Тобі Холодної Води дістати...
Гей...

Давай же ми з тобою добре учінімо
Та свого Найменшого Брата попросімо

Нехай же він добре дбає
Хай хоч на вколінка уставає
Та в головах Тонку Військову Суремочку достягає
Та жалібненько грає-виграває...
Гей...

Може будуть Подорожні Козаки проїжжьати
Будуть наші Ігри Козацькії-молодецькії зачувати
Будуть до нас прибувати
Тіло наше козацьке-молодецьке в Чистім Полі ховати
Звіреві-та-птиці на потал ни давати...
Гей...

То Найменший Брат теє добре зачуває
Та до Старших Братів Словами промовляє
Гей ви Братіки ви мої / Старші-милі
Як Голубоньки Сиві

Не єсть це нас Шабля Турецькая рубала
Не єсть це нас Куля Яничарськая стріляла
А єсть це нас Отцева-та-матчина Молитва покарала...
Гей...

Ой коли ми з дому в Охоче Військо виїжжьали
То ми з Отцем-та-з-маткою прощенія не брали
Старшу свою Сестру найгіршими словами угорчали
Ось за це ми Браття найбільший гріх і мали...

Ой коли ж ми будем
У Тонку Військову Суремочку жалібненько грати-вигравати
Будуть Турки-Яничари
[наші Ігри Козацькі-молодецькі зачувати
Будуть до нас забігати
Будуть нас стріляти та рубати
Тіло наше козацькеє-й-молодецьке
В Чистім Полі розкидати
Звіреві-та-птиці на потал давати...

Стала Чорна Хмара наступати
Став Дрібен Дощик накрапати
Стали Три Братіки Рідненьких як Голубоньків Сивеньких
В Чистім Полі помірати
Гей...

То полягла голова...
Трьох Братів Самарських...
Коло Річки-Самарки та коло Криниці-Султанки

Слава їх не вмре-не-загине
Отнині і довіку

Слухающим головам на Здоровля
На Многая Літа...');
INSERT OR REPLACE INTO song_links (id,song_id,title,url,kind,version_id,sort_order) VALUES ('pisniua_671440_l1','pisniua_671440','YouTube','https://www.youtube.com/watch?v=aMu1iUGhIJg','video',NULL,1);
DELETE FROM song_links WHERE song_id = 'pisniua_672644';
DELETE FROM song_versions WHERE song_id = 'pisniua_672644';
DELETE FROM songs_fts WHERE song_id = 'pisniua_672644';
DELETE FROM songs WHERE id = 'pisniua_672644';
INSERT OR REPLACE INTO songs (id,title,subtitle,lang,country,period,year,source,notes,lyrics,tags_json,lang_locked,status,created_at,updated_at) VALUES ('pisniua_672644','Смерть козака на Кодині-долині',NULL,'uk','ukraine_before_1917',NULL,NULL,'"Думи. Історико-героїчний цикл". Київ, Дніпро, 1982.',NULL,'На узбоччі долини, біля двох сокорів козацьких,
Там козак, постреляний, порубаний, на рани смертельні знемагає.
І праведного судію з неба бажає;
При собі отця-неньки не має...
Постреляні - кров''ю зійшли,
Порубані - к серцю прийшли...
Тогді козак долину Кодину трьома клятьбами проклинає:
"Бодай ти, долино Кодино, мхами, болотами западала,
Щоб у весну божу ніколи не зоряла, не позоряла!
Що я на тобі третій раз гуляю -
В тебе козацької добичі собі ніякої не маю...
Первий раз гуляв, -
Коня вороного втеряв;
Другий раз гуляв, -
Товариша сердешного втеряв;
Третій раз гуляю, -
Сам голову вже козацькую покладаю".
Орли-чорнокрильці,
Козацькі дозірці
Налітають,
Козацьку душу доглядають.
То вже козак молодий отця й мати споминає:
"Поможи мені отцева-матчина молитва на коліньця встати.
Семип''ядну пищаль у руки достати,
По три мірці пороху підсипати,
По три кульки свинцевих набивати.
Орлам-чорнокрильцям,
Козацьким дозірцям
Великий подарунок посилати".
То вже козак молодий,
Товариш войськовий,
По три мірці підсипає,
По три кульки набиває,
Орлам-чорнокрильцям,
Козацьким дозірцям,
Великий подарунок посилає...
Сам на себе в землю щирим серцем впадає,
Тичячу пищаль на колінця одкидає,
Ще й на море поглядає,
Що море трьома цвітами процвітає:
Первим цвітом - островами,
Другим цвітом - кораблями,
Третім цвітом - молодими козаками.
Що козаки - добрі молодці -
На долину Кодину прибували,
Срібла-злота много набирали,
Козака постреляного, порубаного знахождали,
Шаблями, наділками яму копали;
В семип''ядну пищаль продзвонили:
Славу козацьку учинили,
Шапками, приполами семикопну висипали,
На могилі прапір устромляли:
Славу козацьку учиняли.
У неділю барзо рано-порану, зорями пораненьку
Сива зозуля налітала,
На могилі сідала,
Жалібненько закувала:
"Голово козацька, голово молодецька!
Да чи є в тебе на Русі отець, або мати,
Або сестра найменшая?
Якби отець або мати видали,
Білу кошулю на смерть би твою присилали,
Або сестра найменшая видала,
То в неділю б рано-раненько уставала,
Жалібненько оплакала,
Так як би зозуля окувала.
Голово козацька, голово молодецька!
Ти по чужих землях пробувала,
Дорогими кіньми трибувала,
А тепер не потребуєш ні шат дорогих, ні коней вороних,
А тільки потребуєш спасення з неба".
Ой помер козак;
Слава козацька не вмре, не поляже,
Од нині до віка.','[''pisni.org.ua'', ''cat:dumy'', ''Думи'']',1,'published',COALESCE((SELECT created_at FROM songs WHERE id='pisniua_672644'), datetime('now')),datetime('now'));
INSERT OR REPLACE INTO songs_fts(song_id,title,lyrics) VALUES ('pisniua_672644','Смерть козака на Кодині-долині','На узбоччі долини, біля двох сокорів козацьких,
Там козак, постреляний, порубаний, на рани смертельні знемагає.
І праведного судію з неба бажає;
При собі отця-неньки не має...
Постреляні - кров''ю зійшли,
Порубані - к серцю прийшли...
Тогді козак долину Кодину трьома клятьбами проклинає:
"Бодай ти, долино Кодино, мхами, болотами западала,
Щоб у весну божу ніколи не зоряла, не позоряла!
Що я на тобі третій раз гуляю -
В тебе козацької добичі собі ніякої не маю...
Первий раз гуляв, -
Коня вороного втеряв;
Другий раз гуляв, -
Товариша сердешного втеряв;
Третій раз гуляю, -
Сам голову вже козацькую покладаю".
Орли-чорнокрильці,
Козацькі дозірці
Налітають,
Козацьку душу доглядають.
То вже козак молодий отця й мати споминає:
"Поможи мені отцева-матчина молитва на коліньця встати.
Семип''ядну пищаль у руки достати,
По три мірці пороху підсипати,
По три кульки свинцевих набивати.
Орлам-чорнокрильцям,
Козацьким дозірцям
Великий подарунок посилати".
То вже козак молодий,
Товариш войськовий,
По три мірці підсипає,
По три кульки набиває,
Орлам-чорнокрильцям,
Козацьким дозірцям,
Великий подарунок посилає...
Сам на себе в землю щирим серцем впадає,
Тичячу пищаль на колінця одкидає,
Ще й на море поглядає,
Що море трьома цвітами процвітає:
Первим цвітом - островами,
Другим цвітом - кораблями,
Третім цвітом - молодими козаками.
Що козаки - добрі молодці -
На долину Кодину прибували,
Срібла-злота много набирали,
Козака постреляного, порубаного знахождали,
Шаблями, наділками яму копали;
В семип''ядну пищаль продзвонили:
Славу козацьку учинили,
Шапками, приполами семикопну висипали,
На могилі прапір устромляли:
Славу козацьку учиняли.
У неділю барзо рано-порану, зорями пораненьку
Сива зозуля налітала,
На могилі сідала,
Жалібненько закувала:
"Голово козацька, голово молодецька!
Да чи є в тебе на Русі отець, або мати,
Або сестра найменшая?
Якби отець або мати видали,
Білу кошулю на смерть би твою присилали,
Або сестра найменшая видала,
То в неділю б рано-раненько уставала,
Жалібненько оплакала,
Так як би зозуля окувала.
Голово козацька, голово молодецька!
Ти по чужих землях пробувала,
Дорогими кіньми трибувала,
А тепер не потребуєш ні шат дорогих, ні коней вороних,
А тільки потребуєш спасення з неба".
Ой помер козак;
Слава козацька не вмре, не поляже,
Од нині до віка.');
DELETE FROM song_links WHERE song_id = 'pisniua_67075';
DELETE FROM song_versions WHERE song_id = 'pisniua_67075';
DELETE FROM songs_fts WHERE song_id = 'pisniua_67075';
DELETE FROM songs WHERE id = 'pisniua_67075';
INSERT OR REPLACE INTO songs (id,title,subtitle,lang,country,period,year,source,notes,lyrics,tags_json,lang_locked,status,created_at,updated_at) VALUES ('pisniua_67075','Ніч на Івана Купала',NULL,'uk','ukraine_before_1917',NULL,NULL,'http://www.navsi100.com/singers.phtml?page=songsid=1','Виконує група "2 ДД"','Кожен рік приходить час
Дивна ніч чарує нас теплом
Мов у казці ми разом
Спів дівочий у гаю
Сміх забави нас несуть до мрій
Кольорових снів подій

Приспів:
Настає ця казкова літня ніч
І вода стане сяйвом сотень свіч

Понесе твою долю мов стріла
Дивна ніч на Івана Купала

Все неначе уві сні
Зорі падають ясні
І світ наче полум`ям горить
Ніч кохання ніч забав
Місяць нас причарував
І ти свою долю відпустив

Приспів.

Кожен рік приходить час
Дивна ніч чарує нас теплом
Мов у казці ми разом
Спів дівочий у гаю
Сміх забави нас несуть до мрій
Кольорових снів подій

Приспів.','[''pisni.org.ua'', ''cat:kupalski'', ''Купальські пісні'']',1,'published',COALESCE((SELECT created_at FROM songs WHERE id='pisniua_67075'), datetime('now')),datetime('now'));
INSERT OR REPLACE INTO songs_fts(song_id,title,lyrics) VALUES ('pisniua_67075','Ніч на Івана Купала','Кожен рік приходить час
Дивна ніч чарує нас теплом
Мов у казці ми разом
Спів дівочий у гаю
Сміх забави нас несуть до мрій
Кольорових снів подій

Приспів:
Настає ця казкова літня ніч
І вода стане сяйвом сотень свіч

Понесе твою долю мов стріла
Дивна ніч на Івана Купала

Все неначе уві сні
Зорі падають ясні
І світ наче полум`ям горить
Ніч кохання ніч забав
Місяць нас причарував
І ти свою долю відпустив

Приспів.

Кожен рік приходить час
Дивна ніч чарує нас теплом
Мов у казці ми разом
Спів дівочий у гаю
Сміх забави нас несуть до мрій
Кольорових снів подій

Приспів.');
DELETE FROM song_links WHERE song_id = 'pisniua_669940';
DELETE FROM song_versions WHERE song_id = 'pisniua_669940';
DELETE FROM songs_fts WHERE song_id = 'pisniua_669940';
DELETE FROM songs WHERE id = 'pisniua_669940';
INSERT OR REPLACE INTO songs (id,title,subtitle,lang,country,period,year,source,notes,lyrics,tags_json,lang_locked,status,created_at,updated_at) VALUES ('pisniua_669940','Зачарована Десна','(Розшумілись луги). Музика: Ігор Шамо Слова: Дмитро Луценко. Виконує: Хор імені Григорія Верьовки, Юрій Йосифович, Автентичний ансамбль Древо (Крячківка)','uk','ukraine_1991',NULL,NULL,NULL,NULL,'Розшумілись луги рясними калинами,
І верби старі в задумливих снах.
Де ходили з тобою крутими стежинами,       |
Рідним маревом хвиль чарувала нас тиха Десна. | (2)

Вечір кликав дівчат далекими зорями,
З долин і дібров пливла сивина.
І співала про щастя ночами прозорими       |
Світла юність моя - зачарована тиха Десна. | (2)

Промайнули літа з вітрами суворими,
Вогнями калин, як мрія ясна,
Та співає про щастя заквітчана зорями,     |
Мов дівчина-краса, зачарована тиха Десна.  | (2)','[''pisni.org.ua'', ''cat:romansy'', ''Романси'']',1,'published',COALESCE((SELECT created_at FROM songs WHERE id='pisniua_669940'), datetime('now')),datetime('now'));
INSERT OR REPLACE INTO songs_fts(song_id,title,lyrics) VALUES ('pisniua_669940','Зачарована Десна','Розшумілись луги рясними калинами,
І верби старі в задумливих снах.
Де ходили з тобою крутими стежинами,       |
Рідним маревом хвиль чарувала нас тиха Десна. | (2)

Вечір кликав дівчат далекими зорями,
З долин і дібров пливла сивина.
І співала про щастя ночами прозорими       |
Світла юність моя - зачарована тиха Десна. | (2)

Промайнули літа з вітрами суворими,
Вогнями калин, як мрія ясна,
Та співає про щастя заквітчана зорями,     |
Мов дівчина-краса, зачарована тиха Десна.  | (2)');
INSERT OR REPLACE INTO song_links (id,song_id,title,url,kind,version_id,sort_order) VALUES ('pisniua_669940_l1','pisniua_669940','YouTube','https://www.youtube.com/watch?v=-ISudv9nrlw','video',NULL,1);
INSERT OR REPLACE INTO song_links (id,song_id,title,url,kind,version_id,sort_order) VALUES ('pisniua_669940_l2','pisniua_669940','YouTube','https://www.youtube.com/watch?v=O515SvxZapI','video',NULL,2);
DELETE FROM song_links WHERE song_id = 'pisniua_671297';
DELETE FROM song_versions WHERE song_id = 'pisniua_671297';
DELETE FROM songs_fts WHERE song_id = 'pisniua_671297';
DELETE FROM songs WHERE id = 'pisniua_671297';
INSERT OR REPLACE INTO songs (id,title,subtitle,lang,country,period,year,source,notes,lyrics,tags_json,lang_locked,status,created_at,updated_at) VALUES ('pisniua_671297','Відлітаю','Виконує: Яка існуЄ','uk','ukraine_1991',NULL,NULL,'http://www.yakaisnue.com/discography/accords/emotions/05_vidlitayu.txt',NULL,'Intro & Keyboards Solo

I
Після довгої бесіди з темним безсонням
Я прокинувся в ніч біля брами до раю
Двері до її серця для мене закриті
З нею в муках існую, без неі - вмираю.

II
По пір''їнах зібрав свої зламані крила
Компас в світ забуття прихопив із собою
Ця земля без кохання для мене немила -
Я - пташина у клітці, я хочу на волю!

Приспів:
Дивним маревом десь в далені розчинюся,
Парою водяною до неба подамся,
Запалаю  вогнем, снігом білим розтану.
Не тримайте мене - я відлітаю!

III
Із провалля життя мені вибратись важко,
Голова іде колом і жаль відступає,
Я зриваюсь, лечу додолу як камінь,
Криком хочу кричати, та щось заважає.

IV
Це напевно в горлянці душа стала комом,
Серце вдень гірко ниє, вночі палко б''ється.
Я заллю ці страждання гірким терпким ромом
Як побачить мене - увесь світ розсміється.

Приспів.

Outro & Keyboards Solo','[''pisni.org.ua'', ''cat:emigration'', ''cat:manrivni'', ''Пісні про еміґрацію'', ''Пісні на мандрівну тематику'']',1,'published',COALESCE((SELECT created_at FROM songs WHERE id='pisniua_671297'), datetime('now')),datetime('now'));
INSERT OR REPLACE INTO songs_fts(song_id,title,lyrics) VALUES ('pisniua_671297','Відлітаю','Intro & Keyboards Solo

I
Після довгої бесіди з темним безсонням
Я прокинувся в ніч біля брами до раю
Двері до її серця для мене закриті
З нею в муках існую, без неі - вмираю.

II
По пір''їнах зібрав свої зламані крила
Компас в світ забуття прихопив із собою
Ця земля без кохання для мене немила -
Я - пташина у клітці, я хочу на волю!

Приспів:
Дивним маревом десь в далені розчинюся,
Парою водяною до неба подамся,
Запалаю  вогнем, снігом білим розтану.
Не тримайте мене - я відлітаю!

III
Із провалля життя мені вибратись важко,
Голова іде колом і жаль відступає,
Я зриваюсь, лечу додолу як камінь,
Криком хочу кричати, та щось заважає.

IV
Це напевно в горлянці душа стала комом,
Серце вдень гірко ниє, вночі палко б''ється.
Я заллю ці страждання гірким терпким ромом
Як побачить мене - увесь світ розсміється.

Приспів.

Outro & Keyboards Solo');
DELETE FROM song_links WHERE song_id = 'pisniua_670542';
DELETE FROM song_versions WHERE song_id = 'pisniua_670542';
DELETE FROM songs_fts WHERE song_id = 'pisniua_670542';
DELETE FROM songs WHERE id = 'pisniua_670542';
INSERT OR REPLACE INTO songs (id,title,subtitle,lang,country,period,year,source,notes,lyrics,tags_json,lang_locked,status,created_at,updated_at) VALUES ('pisniua_670542','На хвилях Світязя','Виконує: ВІА Світязь','uk','ukraine_1991',NULL,NULL,'аудіозапис',NULL,'Тут, у колі друзів, наче мить спливає час
І лунає пісня, що зібрала разом нас.
Радо і привітно сивий Світязь нас зустрів.
Тут, у колі друзів, зрозуміло все без слів.
На вітрилах мрії у далеку путь
Корабель надії хвилі понесуть.
На вітрилах мрії в даль через віки,
Щоб на небі запалить зірки.

Приспів:
На хвилях Світязя ми не прощаємось,
На хвилях Світязя ми зустрічаємось.
Нехай летять роки, не зупинити час,
На хвилях Світязя зустріне пісня нас.

Тут, у колі друзів, пролунає пісня знов,
Щоб лишити в наших душах щастя і любов,
Щоб вогонь кохання вже ніколи не погас
І нехай ця пісня стане спогадам для нас.
На вітрилах мрії у далеку путь
Корабель надії хвилі понесуть.
На вітрилах мрії в даль через віки,
Щоб на небі запалить зірки.

Приспів. (3)','[''pisni.org.ua'', ''cat:druzhba'', ''Пісні про дружбу'']',1,'published',COALESCE((SELECT created_at FROM songs WHERE id='pisniua_670542'), datetime('now')),datetime('now'));
INSERT OR REPLACE INTO songs_fts(song_id,title,lyrics) VALUES ('pisniua_670542','На хвилях Світязя','Тут, у колі друзів, наче мить спливає час
І лунає пісня, що зібрала разом нас.
Радо і привітно сивий Світязь нас зустрів.
Тут, у колі друзів, зрозуміло все без слів.
На вітрилах мрії у далеку путь
Корабель надії хвилі понесуть.
На вітрилах мрії в даль через віки,
Щоб на небі запалить зірки.

Приспів:
На хвилях Світязя ми не прощаємось,
На хвилях Світязя ми зустрічаємось.
Нехай летять роки, не зупинити час,
На хвилях Світязя зустріне пісня нас.

Тут, у колі друзів, пролунає пісня знов,
Щоб лишити в наших душах щастя і любов,
Щоб вогонь кохання вже ніколи не погас
І нехай ця пісня стане спогадам для нас.
На вітрилах мрії у далеку путь
Корабель надії хвилі понесуть.
На вітрилах мрії в даль через віки,
Щоб на небі запалить зірки.

Приспів. (3)');
DELETE FROM song_links WHERE song_id = 'pisniua_672797';
DELETE FROM song_versions WHERE song_id = 'pisniua_672797';
DELETE FROM songs_fts WHERE song_id = 'pisniua_672797';
DELETE FROM songs WHERE id = 'pisniua_672797';
INSERT OR REPLACE INTO songs (id,title,subtitle,lang,country,period,year,source,notes,lyrics,tags_json,lang_locked,status,created_at,updated_at) VALUES ('pisniua_672797','Самійло Кішка',NULL,'uk','ukraine_before_1917',NULL,NULL,'"Думи. Історико-героїчний цикл". Київ, Дніпро, 1982.',NULL,'Ой із города із Трапезонта виступала галера,
Трьома цвітами процвітана, мальована.
Ой первим цвітом процвітана —
Златосиніми киндяками пообивана;
А другим цвітом процвітана —
Гарматами арештована;
Третім цвітом процвітана —
Турецькою білою габою  покровена.
То в тій галері Алкан-паша,
Трапезонськеє княжя,
Гуляє,
Собі ізбраного люду має:
Сімсот турків, яничар штириста
Да бідного невольника півчвартаста
Без старшини вйськової.
Первий старший між ними пробуває
Кішка Самійло, гетьман запорозьський;
Другий — Марко Рудий,
Суддя військовий;
Третій — Мусій Грач,
Військовий трубач;
Четвертий — Лях Бутурлак,
Ключник галерський,
Сотник переяславський,
Недовірок християнський,
Що був тридцять літ у неволі,
Двадцять штири як став по волі,
Потурчився, побусурманився
Для панства великого,
Для лакомства нещасного!..
В тій галері од пристані далеко одпускали,
Чорним морем далеко гуляли,
Проти Кефи-города приставали,
Там собі великий да довгий опочинок мали.
То представиться Алкану-пашаті,
Трапезонському княжаті,
Молодому паняті,
Сон дивен, барзо дивен, напрочуд...
То Алкан-паша,
Трапезонськеє княжя,
На турків-яничар, на бідних невольників покликає:
"Турки,— каже,— турки-яничари,
І ви, біднії невольники!
Которий би міг турчин-яничар сей сон одгадати,
Міг би йому три гради турецькії дарувати;
А которий би міг бідний невольник одгадати,
Міг би йому листи визволенні писати,
Щоб не міг ніхто нігде зачіпати!"
Сеє турки зачували,
Нічого не сказали,
Бідні невольники, хоч добре знали,
Собі промовчали.
Тільки обізветься між турків Лях Бутурлак,
Ключник галерський,
Сотник переяславський,
Недовірок християнський:
"Як же,— каже,— Алкане-пашо, твій сон одгадати,
Що ти не можеш нам повідати?"
"Такий мені, небожата, сон приснився,
Бодай ніколи не явився!
Видиться: моя галера цвіткована, мальована,
Стала вся обідрана, на пожарі спускана;
Видиться: мої турки-яничари
Стали всі впень порубані;
А видиться: мої біднії невольники,
Которії були у неволі,
То всі стали по волі;
Видиться: мене гетьман Кішка
На три часті розтяв,
В Чорнеє море помотав..."
То скоро теє Лях Бутурлак зачував,
К йому словами промовляв:
"Алкане-пашо, трапезонський княжату,
Молодий паняту!
Сей тобі сон не буде ні мало зачіпати,
Скажи мені получче бідного невольника доглядати,
3 ряду до ряду сажати,
По два, по три старії кайдани і новії ісправляти,
На руки, на ноги надівати,
3 ряду до ряду сажати.
Червоної таволги по два дубця брати,
По шиях затинати,
Кров християнськую на землю проливати!"
Скоро-то сеє зачували,
Од пристані галеру далеко одпускали.
Тогді бідних невольників
До опачин руками приймали,
Щироглибокої морської води доставали.
Скоро-то сеє зачували,
Од пристані галеру далеко одпускали,
До города до Козлова,
До дівки Санджаківни на зальоти поспішали.
То до города Козлова прибували,
Дівка Санджаківна навстрічу виходжає,
Алкана-пашу в город Козлов
Зо всім військом затягала,
Алкана-пашу за білу руку брала,
У світлиці-кам''яниці зазивала,
За білу скам''ю сажала,
Дорогими напитками напувала,
А військо серед ринку сажала.
То Алкан-паша,
Трапезонськеє княжя,
Не барзо дорогії напитки уживає,
Як до галери двох турчинів на підслухи посилає,
Щоб не міг Лях Бутурлак
Кішку Самійла одмикати,
Упоруч себе сажати!
То скоро ся тії два турчини до галери прибували...
То Кішка Самійло, гетьман запорозький,
Словами промовляє:
"Ай, Ляше Бутурлаче,
Брате старесенький!
Колись і ти був в такій неволі, як ми тепера,
Добро нам вчини,
Хоч нас, старшину, одімкни —
Хай би і ми у городі побували,
Панське весілля добре знали".
Каже Лях Бутурлак:
"Ой, Кішко Самійлу, гетьмане запорозький,
Батьку козацький!
Добро ти вчини,
Віру християнську під нозі підтопчи.
Хрест на собі поламни!
А ще будеш віру християнську під нозі топтати
Будеш у нашого пана молодого за рідного брата
пробувати!"
То скоро Кішка Самійло теє зачував,
Словами промовляв:
"Ой, Ляше Бутурлаче,
Сотнику переяславський,
Недовірку християнський!
Бодай же ти того не діждав,
Щоб я віру християнську під нозі топтав!
Хоч буду до смерті біду да неволю приймати,
А буду в землі козацькій голову християнську
покладати!
Ваша віра погана,
Земля проклята!"
Скоро Лях Бутурлак теє зачуває,
Кішку Самійла у щоку затинає;
"Ой,— каже,— Кішко Самійлу, гетьмане
запорозький!
Будеш ти мене в вірі християнській укоряти,
Буду тебе паче всіх невольників доглядати,
Старії і новії кайдани направляти,
Ланцюгами за поперек втроє буду тебе брати!"
То ті два турчини теє зачували,
До Алкана-паші прибували,
Словами промовляли:
"Алкане-пашо,
Трапезонськеє княжя!
Безпечно гуляй!
Доброго і вірного ключника маєш:
Кішку Самійла в щоку затинає,
В турецьку віру ввертає!"
То Алкан-паша,
Трапезонськеє княжя,
Великую радість мало,
Пополам дорогії напитки розділяло:
Половину на галеру одсилало,
Половину з дівкою Санджаківною уживало.
Став Лях Бутурлак дорогії напитки пити-підпивати,
Стали умисли козацьку голову ключника розбивати:
"Господи, єсть у мене що і спити і ісходити,
Тільки ні з ким об вірі християнській розговорити".
До Кішки Самійла прибуває,
Поруч себе сажає,
Дорогого напитка метає,
По два, по три кубки в руки наливає.
То Самійло Кішка по два, по три кубки в руки брав,
То у рукав, то в пазуху, крізь хусту третю додолу
пускав.
Лях Бутурлак по єдиному випивав,
То так напився,
Що з ніг звалився.
То Кішка Самійло да угадав:
Ляха Бутурлака до ліжка вмісто дитяти спати клав,
Сам вісімдесят чотири ключі з-під голів виймав,
На п''яти чоловік по ключу давав,
Словами стиха промовляв:
"Козаки -панове!
Добре майте,
Один другого одмикайте,
Кайдани із ніг, із рук не кидайте,
Полуночної години дожидайте!"
Тогді козаки один другого одмикали,
Кайдани із рук, із ніг не кидали,
Полуночної години дожидали.
А Кішка Самійло чогось догадав,
За бідного невольника ланцюгами втроє себе приняв,
Полуночної години дожидав.
Стала полуночная година наступати,
Став Алкан-паша з військом до галери прибувати,
То до галери прибував,
Словами промовляв;
"Ви, турки-яничари,
Помаленьку ячіте,
Мойого вірного ключника не збудіте!
Самі же добре поміж рядами прохожайте,
Всякого чоловіка осмотряйте,
Бо тепера він підгуляв,
Щоби кому пільги не дав".
То турки-яничари свічі у руки брали.
Поміж рядів прохожали,
Всякого чоловіка осмотряли,
Бог поміг — за замок руками не приймали!
"Алкане-пашо, безпечно почивай!
Доброго і вірного ключника маєш:
Він бідного невольника з ряду до ряду посажав,
По три, по два старії кайдани і новії посправляв,
А Кішку Самійла ланцюгами утроє приняв".
Тогді турки-яничари у галеру вхожали,
Безпечно спати полягали;
А котрії хмельні бували,
На сон знемагали,
Коло пристані козловської спати полягали...
Тогді Кішка Самійло полуночної години дождав,
Сам між козаків устав,
Кайдани із рук, із ніг у Чорнеє море пороняв;
У галеру вхожав,
Козаків побужає,
Саблі булатнії на вибір вибирає,
До козаків промовляє:
"Ви, панове-молодці,
Кайданами не стучіте,
Ясини не вчиніте,
Нікотрого турчина в галері не збудіте..."
То козаки добре зачували,
Самі з себе кайдани скидали,
У Чорнеє море кидали,
Ні одного турчина не збудили.
Тогді Кішка Самійло до козаків промовляє
"Ви, козаки-молодці,
Добре, братіє, майте,
Од города Козлова забігайте,
Турків-яничар упень рубайте,
Которих живцем у Чорнеє море бросайте!"
Тогді козаки од города Козлова забігали,
Турків-яничарів упень рубали,
Которих живих у Чорнее море бросали.
А Кішка Самійло Алкана-пашу із ліжка взяв,
На три часті розтяв,
У Чорнеє море побросав,
До козаків промовляв:
"Панове-молодці!
Добре дбайте,
Всіх у Чорнеє море бросайте,
Тільки Ляха Бутурлака не рубайте,
Между військом для порядку
За яризу військового зоставляйте!"
Тогді козаки добре мали,
Всіх турків у Чорнеє море пометали,
Тільки Ляха Бутурлака не зрубали.
Между військом для порядку
За яризу військового зоставляли.
Тогді галеру од пристані одпускали,
Самі Чорним морем далеко гуляли...
Да ще у неділю барзо рано-пораненьку
Не сива зозуля закувала,
Як дівка Санджаківна коло пристані похожала
Да білі руки ламала,
Словами промовляла:
"Алкане-пашо,
Трапезонськеє княжату,
Нащо ти на мене такеє великеє пересердіє маєш,
Що од мене сьогодня барзо рано виїжджаєш?
Когда би була од отця і матусі
Сорома і наруги приняла,
3 тобою хоч єдину ніч переночувала!.."
Скоро ся теє промовляли,
Галеру од пристані одпускали,
Самі Чорним морем далеко гуляли.
А ще у неділеньку,
У полуденну й годиноньку,
Лях Бутурлак од сна пробуджає,
По галері поглядає,
Що не єдиного турчина у галері немає.
Тогді Лях Бутурлак із ліжка вставає,
До Кішки Самійла прибуває,
У ноги впадає,
Словами промовляє:
"Ой Кішко Самійлу, гетьмане запорозький,
Батьку козацький!
Не будь же ти на мене,
Як я був на останці віка мойого на тебе!
Бог тобі да поміг неприятеля побідити,
Да не умітимеш у землю християнськую входити!
Добре ти учини:
Половину козаків у окови до опачин посади,
А половину у турецькев дорогеє плаття наряди,
Бо ще будемо од города Козлова до города Цареграда
гуляти,
Будуть із города Цареграда дванадцять галер вибігати,
Будуть Алкана-пашу  з дівкою Санджаківною
По зальотах поздравляти,
То як будеш  отвіт оддавати?"
Як Лях Бутурлак научив,
Так Кішка Самійло, гетьман запорозький, учинив:
Половину козаків до опачин у окови посадив,
А половину у турецькеє дорогеє плаття нарядив.
Стали од города Козлова до города Цареграда
гуляти,
Стали із Цареграда дванадцять галер вибігати
І галеру із гармати торкати,
Стали Алкана-пашу з дівкою Санджаківною
По зальотах поздравляти.
То Лях Бутурлак чогось догадав,
Сам на чердак виступав,
Турецьким біленьким завивалом махав;
Раз то мовить по-грецьки,
Удруге по-турецьки.
Каже: "Ви, турки-яничари, помаленьку, братія ячіте,
Од галери одверніте,
Бо тепера він підгуляв, на упокої почиває,
На похмілля знемагає,
До вас не встане, голови не зведе,
Казав: "Як буду назад гуляти,
То не буду вашої милості і повік забувати!"
Тогді турки-яничари од галери одвертали,
До города Цареграда убігали,
Із дванадцяти штук гармат гримали,
Ясу воздавали.
Тогді козаки собі добре дбали,
Сім штук гармат собі арештували,
Ясу воздавали,
На Лиман-ріку іспадали,
К Дніпру-Славуті низенько уклоняли:
"Хвалим тя, господи, і благодарим!
Були п''ятдесят штири годи у неволі,
А тепер чи не дасть нам бог хоч час по волі!"
А у Тендрові-острові Семен Скалозуб
3 військом на заставі стояв
Да на тую галеру поглядав,
До козаків словами промовляв:
"Козаки, панове-молодці!
Що сія галера чи блудить,
Чи світом нудить,
Чи много люду царського має,
Чи за великою добиччю ганяє?
То ви добре майте,
По дві штуки гармат набирайте,
Тую галеру із грозної гармати привітайте,
Гостинця їй дайте!
Єслі турки-яничари, то упень рубайте!
Єслі бідні невольники, то помочі дайте!"
Тогді козаки промовляли:
"Семене Скалозубе, гетьмане запорозький,
Батьку козацький!
Десь ти сам боїшся
І нас, козаків, страшишся,
Єслі сія галера не блудить,
Ні світом нудить,
Ні много люду царського має,
Ні за великою добиччю ганяє,
Се, може, є давній бідний невольник із неволі
утікає".
"Ви віри не доймайте,
Хоч по дві гармати набирайте,
Тую галеру із грозної гармати привітайте,
Гостинця їй дайте!
Як турки-яничари, то упень рубайте,
Єслі бідний невольник, то помочі дайте!"
Тогді козаки, як діти, негаразд починали,
По дві штуки гармат набирали,
Тую галеру із грозної гармати привітали,
Три доски у судні вибивали,
Води дніпровської напускали...
Тогді Кішка Самійло, гетьман запорозький,
Чогось одгадав,
Сам на чердак виступав,
Червонії, хрещатії давнії хорогви із кишені виймав,
Розпустив, до води похилив,
Сам низенько уклонив:
"Козаки, панове-молодці!
Сія галера не блудить,
Ні світом нудить,
Ні много люду царського має,
Ні за великою добиччю ганяє —
Се єсть давній, бідний невольник
Кішка Самійло із неволі утікає;
Були п''ятдесят штири годи у неволі,
Тепер чи не дасть бог хоть на час поволі..."
Тогді козаки у каюки скакали.
Тую галеру за мальовані облавки брали
Тогді: златосинії киндяки — на козаки,
Златоглави — на отамани,
Турецькую білую габу — на козаки, на біляки,
А галеру на пожар спускали,
А срібло, злато — на три часті паювали:
Первую часть брали, на церкви накладали,
На святого Межигорського спаса,
На Трехтемирівський монастир,
На святую Січовую покрову давали,
Которі давнім козацьким скарбом будували,
Щоб за їх, вставаючи і лягаючи,
Милосердного бога благали;
А другую часть поміж собою паювали;
А третюю часть брали,
Очертами сідали,
Пили да гуляли,
Із семип''ядних пищалей гримали,
Кішку Самійла по волі поздоровляли:
"Здоров,— кажуть,—здоров. Кішко Самійле,
Гетьмане запорозький!
Не загинув єси у неволі,
Не загинеш і з нами, козаками, по волі!"
Правда, панове,
Полягла Кішки Самійла голова
В Києві — Канові монастирі...
Слава не вмре, не поляже!
Буде слава славна
Поміж козаками,
Поміж друзями,
Поміж рицарями,
Поміж добрими молодцями!
Утверди, боже, люду царського,
Народу християнського,
Війська запорозького,
Донського,
3 усією черню дніпровою,
Низовою,
На многія літа,
До кінця віка!','[''pisni.org.ua'', ''cat:dumy'', ''Думи'']',1,'published',COALESCE((SELECT created_at FROM songs WHERE id='pisniua_672797'), datetime('now')),datetime('now'));
INSERT OR REPLACE INTO songs_fts(song_id,title,lyrics) VALUES ('pisniua_672797','Самійло Кішка','Ой із города із Трапезонта виступала галера,
Трьома цвітами процвітана, мальована.
Ой первим цвітом процвітана —
Златосиніми киндяками пообивана;
А другим цвітом процвітана —
Гарматами арештована;
Третім цвітом процвітана —
Турецькою білою габою  покровена.
То в тій галері Алкан-паша,
Трапезонськеє княжя,
Гуляє,
Собі ізбраного люду має:
Сімсот турків, яничар штириста
Да бідного невольника півчвартаста
Без старшини вйськової.
Первий старший між ними пробуває
Кішка Самійло, гетьман запорозьський;
Другий — Марко Рудий,
Суддя військовий;
Третій — Мусій Грач,
Військовий трубач;
Четвертий — Лях Бутурлак,
Ключник галерський,
Сотник переяславський,
Недовірок християнський,
Що був тридцять літ у неволі,
Двадцять штири як став по волі,
Потурчився, побусурманився
Для панства великого,
Для лакомства нещасного!..
В тій галері од пристані далеко одпускали,
Чорним морем далеко гуляли,
Проти Кефи-города приставали,
Там собі великий да довгий опочинок мали.
То представиться Алкану-пашаті,
Трапезонському княжаті,
Молодому паняті,
Сон дивен, барзо дивен, напрочуд...
То Алкан-паша,
Трапезонськеє княжя,
На турків-яничар, на бідних невольників покликає:
"Турки,— каже,— турки-яничари,
І ви, біднії невольники!
Которий би міг турчин-яничар сей сон одгадати,
Міг би йому три гради турецькії дарувати;
А которий би міг бідний невольник одгадати,
Міг би йому листи визволенні писати,
Щоб не міг ніхто нігде зачіпати!"
Сеє турки зачували,
Нічого не сказали,
Бідні невольники, хоч добре знали,
Собі промовчали.
Тільки обізветься між турків Лях Бутурлак,
Ключник галерський,
Сотник переяславський,
Недовірок християнський:
"Як же,— каже,— Алкане-пашо, твій сон одгадати,
Що ти не можеш нам повідати?"
"Такий мені, небожата, сон приснився,
Бодай ніколи не явився!
Видиться: моя галера цвіткована, мальована,
Стала вся обідрана, на пожарі спускана;
Видиться: мої турки-яничари
Стали всі впень порубані;
А видиться: мої біднії невольники,
Которії були у неволі,
То всі стали по волі;
Видиться: мене гетьман Кішка
На три часті розтяв,
В Чорнеє море помотав..."
То скоро теє Лях Бутурлак зачував,
К йому словами промовляв:
"Алкане-пашо, трапезонський княжату,
Молодий паняту!
Сей тобі сон не буде ні мало зачіпати,
Скажи мені получче бідного невольника доглядати,
3 ряду до ряду сажати,
По два, по три старії кайдани і новії ісправляти,
На руки, на ноги надівати,
3 ряду до ряду сажати.
Червоної таволги по два дубця брати,
По шиях затинати,
Кров християнськую на землю проливати!"
Скоро-то сеє зачували,
Од пристані галеру далеко одпускали.
Тогді бідних невольників
До опачин руками приймали,
Щироглибокої морської води доставали.
Скоро-то сеє зачували,
Од пристані галеру далеко одпускали,
До города до Козлова,
До дівки Санджаківни на зальоти поспішали.
То до города Козлова прибували,
Дівка Санджаківна навстрічу виходжає,
Алкана-пашу в город Козлов
Зо всім військом затягала,
Алкана-пашу за білу руку брала,
У світлиці-кам''яниці зазивала,
За білу скам''ю сажала,
Дорогими напитками напувала,
А військо серед ринку сажала.
То Алкан-паша,
Трапезонськеє княжя,
Не барзо дорогії напитки уживає,
Як до галери двох турчинів на підслухи посилає,
Щоб не міг Лях Бутурлак
Кішку Самійла одмикати,
Упоруч себе сажати!
То скоро ся тії два турчини до галери прибували...
То Кішка Самійло, гетьман запорозький,
Словами промовляє:
"Ай, Ляше Бутурлаче,
Брате старесенький!
Колись і ти був в такій неволі, як ми тепера,
Добро нам вчини,
Хоч нас, старшину, одімкни —
Хай би і ми у городі побували,
Панське весілля добре знали".
Каже Лях Бутурлак:
"Ой, Кішко Самійлу, гетьмане запорозький,
Батьку козацький!
Добро ти вчини,
Віру християнську під нозі підтопчи.
Хрест на собі поламни!
А ще будеш віру християнську під нозі топтати
Будеш у нашого пана молодого за рідного брата
пробувати!"
То скоро Кішка Самійло теє зачував,
Словами промовляв:
"Ой, Ляше Бутурлаче,
Сотнику переяславський,
Недовірку християнський!
Бодай же ти того не діждав,
Щоб я віру християнську під нозі топтав!
Хоч буду до смерті біду да неволю приймати,
А буду в землі козацькій голову християнську
покладати!
Ваша віра погана,
Земля проклята!"
Скоро Лях Бутурлак теє зачуває,
Кішку Самійла у щоку затинає;
"Ой,— каже,— Кішко Самійлу, гетьмане
запорозький!
Будеш ти мене в вірі християнській укоряти,
Буду тебе паче всіх невольників доглядати,
Старії і новії кайдани направляти,
Ланцюгами за поперек втроє буду тебе брати!"
То ті два турчини теє зачували,
До Алкана-паші прибували,
Словами промовляли:
"Алкане-пашо,
Трапезонськеє княжя!
Безпечно гуляй!
Доброго і вірного ключника маєш:
Кішку Самійла в щоку затинає,
В турецьку віру ввертає!"
То Алкан-паша,
Трапезонськеє княжя,
Великую радість мало,
Пополам дорогії напитки розділяло:
Половину на галеру одсилало,
Половину з дівкою Санджаківною уживало.
Став Лях Бутурлак дорогії напитки пити-підпивати,
Стали умисли козацьку голову ключника розбивати:
"Господи, єсть у мене що і спити і ісходити,
Тільки ні з ким об вірі християнській розговорити".
До Кішки Самійла прибуває,
Поруч себе сажає,
Дорогого напитка метає,
По два, по три кубки в руки наливає.
То Самійло Кішка по два, по три кубки в руки брав,
То у рукав, то в пазуху, крізь хусту третю додолу
пускав.
Лях Бутурлак по єдиному випивав,
То так напився,
Що з ніг звалився.
То Кішка Самійло да угадав:
Ляха Бутурлака до ліжка вмісто дитяти спати клав,
Сам вісімдесят чотири ключі з-під голів виймав,
На п''яти чоловік по ключу давав,
Словами стиха промовляв:
"Козаки -панове!
Добре майте,
Один другого одмикайте,
Кайдани із ніг, із рук не кидайте,
Полуночної години дожидайте!"
Тогді козаки один другого одмикали,
Кайдани із рук, із ніг не кидали,
Полуночної години дожидали.
А Кішка Самійло чогось догадав,
За бідного невольника ланцюгами втроє себе приняв,
Полуночної години дожидав.
Стала полуночная година наступати,
Став Алкан-паша з військом до галери прибувати,
То до галери прибував,
Словами промовляв;
"Ви, турки-яничари,
Помаленьку ячіте,
Мойого вірного ключника не збудіте!
Самі же добре поміж рядами прохожайте,
Всякого чоловіка осмотряйте,
Бо тепера він підгуляв,
Щоби кому пільги не дав".
То турки-яничари свічі у руки брали.
Поміж рядів прохожали,
Всякого чоловіка осмотряли,
Бог поміг — за замок руками не приймали!
"Алкане-пашо, безпечно почивай!
Доброго і вірного ключника маєш:
Він бідного невольника з ряду до ряду посажав,
По три, по два старії кайдани і новії посправляв,
А Кішку Самійла ланцюгами утроє приняв".
Тогді турки-яничари у галеру вхожали,
Безпечно спати полягали;
А котрії хмельні бували,
На сон знемагали,
Коло пристані козловської спати полягали...
Тогді Кішка Самійло полуночної години дождав,
Сам між козаків устав,
Кайдани із рук, із ніг у Чорнеє море пороняв;
У галеру вхожав,
Козаків побужає,
Саблі булатнії на вибір вибирає,
До козаків промовляє:
"Ви, панове-молодці,
Кайданами не стучіте,
Ясини не вчиніте,
Нікотрого турчина в галері не збудіте..."
То козаки добре зачували,
Самі з себе кайдани скидали,
У Чорнеє море кидали,
Ні одного турчина не збудили.
Тогді Кішка Самійло до козаків промовляє
"Ви, козаки-молодці,
Добре, братіє, майте,
Од города Козлова забігайте,
Турків-яничар упень рубайте,
Которих живцем у Чорнеє море бросайте!"
Тогді козаки од города Козлова забігали,
Турків-яничарів упень рубали,
Которих живих у Чорнее море бросали.
А Кішка Самійло Алкана-пашу із ліжка взяв,
На три часті розтяв,
У Чорнеє море побросав,
До козаків промовляв:
"Панове-молодці!
Добре дбайте,
Всіх у Чорнеє море бросайте,
Тільки Ляха Бутурлака не рубайте,
Между військом для порядку
За яризу військового зоставляйте!"
Тогді козаки добре мали,
Всіх турків у Чорнеє море пометали,
Тільки Ляха Бутурлака не зрубали.
Между військом для порядку
За яризу військового зоставляли.
Тогді галеру од пристані одпускали,
Самі Чорним морем далеко гуляли...
Да ще у неділю барзо рано-пораненьку
Не сива зозуля закувала,
Як дівка Санджаківна коло пристані похожала
Да білі руки ламала,
Словами промовляла:
"Алкане-пашо,
Трапезонськеє княжату,
Нащо ти на мене такеє великеє пересердіє маєш,
Що од мене сьогодня барзо рано виїжджаєш?
Когда би була од отця і матусі
Сорома і наруги приняла,
3 тобою хоч єдину ніч переночувала!.."
Скоро ся теє промовляли,
Галеру од пристані одпускали,
Самі Чорним морем далеко гуляли.
А ще у неділеньку,
У полуденну й годиноньку,
Лях Бутурлак од сна пробуджає,
По галері поглядає,
Що не єдиного турчина у галері немає.
Тогді Лях Бутурлак із ліжка вставає,
До Кішки Самійла прибуває,
У ноги впадає,
Словами промовляє:
"Ой Кішко Самійлу, гетьмане запорозький,
Батьку козацький!
Не будь же ти на мене,
Як я був на останці віка мойого на тебе!
Бог тобі да поміг неприятеля побідити,
Да не умітимеш у землю християнськую входити!
Добре ти учини:
Половину козаків у окови до опачин посади,
А половину у турецькев дорогеє плаття наряди,
Бо ще будемо од города Козлова до города Цареграда
гуляти,
Будуть із города Цареграда дванадцять галер вибігати,
Будуть Алкана-пашу  з дівкою Санджаківною
По зальотах поздравляти,
То як будеш  отвіт оддавати?"
Як Лях Бутурлак научив,
Так Кішка Самійло, гетьман запорозький, учинив:
Половину козаків до опачин у окови посадив,
А половину у турецькеє дорогеє плаття нарядив.
Стали од города Козлова до города Цареграда
гуляти,
Стали із Цареграда дванадцять галер вибігати
І галеру із гармати торкати,
Стали Алкана-пашу з дівкою Санджаківною
По зальотах поздравляти.
То Лях Бутурлак чогось догадав,
Сам на чердак виступав,
Турецьким біленьким завивалом махав;
Раз то мовить по-грецьки,
Удруге по-турецьки.
Каже: "Ви, турки-яничари, помаленьку, братія ячіте,
Од галери одверніте,
Бо тепера він підгуляв, на упокої почиває,
На похмілля знемагає,
До вас не встане, голови не зведе,
Казав: "Як буду назад гуляти,
То не буду вашої милості і повік забувати!"
Тогді турки-яничари од галери одвертали,
До города Цареграда убігали,
Із дванадцяти штук гармат гримали,
Ясу воздавали.
Тогді козаки собі добре дбали,
Сім штук гармат собі арештували,
Ясу воздавали,
На Лиман-ріку іспадали,
К Дніпру-Славуті низенько уклоняли:
"Хвалим тя, господи, і благодарим!
Були п''ятдесят штири годи у неволі,
А тепер чи не дасть нам бог хоч час по волі!"
А у Тендрові-острові Семен Скалозуб
3 військом на заставі стояв
Да на тую галеру поглядав,
До козаків словами промовляв:
"Козаки, панове-молодці!
Що сія галера чи блудить,
Чи світом нудить,
Чи много люду царського має,
Чи за великою добиччю ганяє?
То ви добре майте,
По дві штуки гармат набирайте,
Тую галеру із грозної гармати привітайте,
Гостинця їй дайте!
Єслі турки-яничари, то упень рубайте!
Єслі бідні невольники, то помочі дайте!"
Тогді козаки промовляли:
"Семене Скалозубе, гетьмане запорозький,
Батьку козацький!
Десь ти сам боїшся
І нас, козаків, страшишся,
Єслі сія галера не блудить,
Ні світом нудить,
Ні много люду царського має,
Ні за великою добиччю ганяє,
Се, може, є давній бідний невольник із неволі
утікає".
"Ви віри не доймайте,
Хоч по дві гармати набирайте,
Тую галеру із грозної гармати привітайте,
Гостинця їй дайте!
Як турки-яничари, то упень рубайте,
Єслі бідний невольник, то помочі дайте!"
Тогді козаки, як діти, негаразд починали,
По дві штуки гармат набирали,
Тую галеру із грозної гармати привітали,
Три доски у судні вибивали,
Води дніпровської напускали...
Тогді Кішка Самійло, гетьман запорозький,
Чогось одгадав,
Сам на чердак виступав,
Червонії, хрещатії давнії хорогви із кишені виймав,
Розпустив, до води похилив,
Сам низенько уклонив:
"Козаки, панове-молодці!
Сія галера не блудить,
Ні світом нудить,
Ні много люду царського має,
Ні за великою добиччю ганяє —
Се єсть давній, бідний невольник
Кішка Самійло із неволі утікає;
Були п''ятдесят штири годи у неволі,
Тепер чи не дасть бог хоть на час поволі..."
Тогді козаки у каюки скакали.
Тую галеру за мальовані облавки брали
Тогді: златосинії киндяки — на козаки,
Златоглави — на отамани,
Турецькую білую габу — на козаки, на біляки,
А галеру на пожар спускали,
А срібло, злато — на три часті паювали:
Первую часть брали, на церкви накладали,
На святого Межигорського спаса,
На Трехтемирівський монастир,
На святую Січовую покрову давали,
Которі давнім козацьким скарбом будували,
Щоб за їх, вставаючи і лягаючи,
Милосердного бога благали;
А другую часть поміж собою паювали;
А третюю часть брали,
Очертами сідали,
Пили да гуляли,
Із семип''ядних пищалей гримали,
Кішку Самійла по волі поздоровляли:
"Здоров,— кажуть,—здоров. Кішко Самійле,
Гетьмане запорозький!
Не загинув єси у неволі,
Не загинеш і з нами, козаками, по волі!"
Правда, панове,
Полягла Кішки Самійла голова
В Києві — Канові монастирі...
Слава не вмре, не поляже!
Буде слава славна
Поміж козаками,
Поміж друзями,
Поміж рицарями,
Поміж добрими молодцями!
Утверди, боже, люду царського,
Народу християнського,
Війська запорозького,
Донського,
3 усією черню дніпровою,
Низовою,
На многія літа,
До кінця віка!');
DELETE FROM song_links WHERE song_id = 'pisniua_672454';
DELETE FROM song_versions WHERE song_id = 'pisniua_672454';
DELETE FROM songs_fts WHERE song_id = 'pisniua_672454';
DELETE FROM songs WHERE id = 'pisniua_672454';
INSERT OR REPLACE INTO songs (id,title,subtitle,lang,country,period,year,source,notes,lyrics,tags_json,lang_locked,status,created_at,updated_at) VALUES ('pisniua_672454','Чорна неділя у Сорочинцях',NULL,'uk','ukraine_before_1917',NULL,NULL,'"Думи. Історико-героїчний цикл". Київ, Дніпро, 1982.',NULL,'А чи то чорна хмара та синєє небо вкриває,
Та синєє небо вкриває,
Навкруги облягає,
Снігом-завірюхою доріженьки у полі замітає,
Ой, замітає та, ой, замітає!
А то ж з Миргорода, славного города,
Барабаш виїжджає,
Донців та черкесів за собою викликає:

"А нумо ж, черкеси й донці,
Славнії молодці,
Нумо у Сорочинці у гості!
Нумо у гості гостювати,
Пристава визволяти
Та царський маніфест у народа одбирати!
Та маніфест одбирати,
Зачинщиків у кайдани кувати,
Щоб нам, чиновникам, по вік вічний панувати,
Ніякого нового закону не знати,
Народ у вічній темноті держати!"','[''pisni.org.ua'', ''cat:dumy'', ''Думи'']',1,'published',COALESCE((SELECT created_at FROM songs WHERE id='pisniua_672454'), datetime('now')),datetime('now'));
INSERT OR REPLACE INTO songs_fts(song_id,title,lyrics) VALUES ('pisniua_672454','Чорна неділя у Сорочинцях','А чи то чорна хмара та синєє небо вкриває,
Та синєє небо вкриває,
Навкруги облягає,
Снігом-завірюхою доріженьки у полі замітає,
Ой, замітає та, ой, замітає!
А то ж з Миргорода, славного города,
Барабаш виїжджає,
Донців та черкесів за собою викликає:

"А нумо ж, черкеси й донці,
Славнії молодці,
Нумо у Сорочинці у гості!
Нумо у гості гостювати,
Пристава визволяти
Та царський маніфест у народа одбирати!
Та маніфест одбирати,
Зачинщиків у кайдани кувати,
Щоб нам, чиновникам, по вік вічний панувати,
Ніякого нового закону не знати,
Народ у вічній темноті держати!"');
DELETE FROM song_links WHERE song_id = 'pisniua_673542';
DELETE FROM song_versions WHERE song_id = 'pisniua_673542';
DELETE FROM songs_fts WHERE song_id = 'pisniua_673542';
DELETE FROM songs WHERE id = 'pisniua_673542';
INSERT OR REPLACE INTO songs (id,title,subtitle,lang,country,period,year,source,notes,lyrics,tags_json,lang_locked,status,created_at,updated_at) VALUES ('pisniua_673542','Львів *','(Tyle jest miast). Музика: M. Hemar Слова: M. Hemar. Виконує: Піккардійська Терція','uk','ukraine_1991',NULL,NULL,NULL,'Пікардійська Терція (укр., пол.) Michał Bajor (пол.) Zofia Terne (пол.) Підбір акордів: ppa','Трудиться вигнане серце
В пошуках твоїх снів.
О місто людей веселих
І добрих співучих слів.
C
З зелених садів
E7
Лине цей спів,
Бути молодим - то у Львові.
Всюди панує слушна оказія
Для веселощів, сліз, для безсоння й фантазій.
C
Як в небі звізд -
E7
Стільки є міст,
Та знайдуть ці слова тебе знову.
Йди де бажаєш,
Чини все так як знаєш,
Хочеш в молодість знов - їдь до Львова.
Йди де бажаєш,
Чини все так як знаєш,
Хочеш в молодість знов - їдь до Львова.
У ратуші леви камінні
Варту при брамі несуть.
Знають вони, що незмінні
Юні мрії і цвіт бузку.
Музика грає,
Серце стискає,
Щастя хочеш - вернися до Львова.
Всюди панує слушна оказія
Для веселощів, сліз, для безсоння й фантазій
Стільки є міст,
Як в небі звізд,
Час позначив нас срібним покровом.
Йди, де бажаєш,                         |
Чини все так як знаєш,                  | (2)
Хочеш в молодість знов - їдь до Львова. |','[''pisni.org.ua'', ''cat:halycki'', ''Пісні з Галичини'']',1,'published',COALESCE((SELECT created_at FROM songs WHERE id='pisniua_673542'), datetime('now')),datetime('now'));
INSERT OR REPLACE INTO songs_fts(song_id,title,lyrics) VALUES ('pisniua_673542','Львів *','Трудиться вигнане серце
В пошуках твоїх снів.
О місто людей веселих
І добрих співучих слів.
C
З зелених садів
E7
Лине цей спів,
Бути молодим - то у Львові.
Всюди панує слушна оказія
Для веселощів, сліз, для безсоння й фантазій.
C
Як в небі звізд -
E7
Стільки є міст,
Та знайдуть ці слова тебе знову.
Йди де бажаєш,
Чини все так як знаєш,
Хочеш в молодість знов - їдь до Львова.
Йди де бажаєш,
Чини все так як знаєш,
Хочеш в молодість знов - їдь до Львова.
У ратуші леви камінні
Варту при брамі несуть.
Знають вони, що незмінні
Юні мрії і цвіт бузку.
Музика грає,
Серце стискає,
Щастя хочеш - вернися до Львова.
Всюди панує слушна оказія
Для веселощів, сліз, для безсоння й фантазій
Стільки є міст,
Як в небі звізд,
Час позначив нас срібним покровом.
Йди, де бажаєш,                         |
Чини все так як знаєш,                  | (2)
Хочеш в молодість знов - їдь до Львова. |');
INSERT OR REPLACE INTO song_links (id,song_id,title,url,kind,version_id,sort_order) VALUES ('pisniua_673542_l1','pisniua_673542','Переглянути варіанти >>','https://www.pisni.org.ua/#variants','external',NULL,1);
DELETE FROM song_links WHERE song_id = 'pisniua_673959';
DELETE FROM song_versions WHERE song_id = 'pisniua_673959';
DELETE FROM songs_fts WHERE song_id = 'pisniua_673959';
DELETE FROM songs WHERE id = 'pisniua_673959';
INSERT OR REPLACE INTO songs (id,title,subtitle,lang,country,period,year,source,notes,lyrics,tags_json,lang_locked,status,created_at,updated_at) VALUES ('pisniua_673959','Сбором ідеме Полон несеме','Українська народна пісня','uk','ukraine_before_1917',NULL,NULL,'Староукраїнська традиція служби Богу © Видавництво "Павутинонька", Нью Йорк – Львів – Київ – Харків – Москва, 2004','Царинна Пісня: Староукраїнські Колядки і Щедрівки ― Царинні Містерії. Рокове Коло. А з Полянойки до Царинойки. Ачей би нам квітли всі Божі Віни.','Сбором ідеме Полон несеме
Виходжай Соборе с Села на Поле
А с Поляночки на Царинойки
А ви Дівойки війте Вінойки!

Ей вили-вили Бога просили
Ачей би нам квітли всі Божі Віни
Всі Божі Віни Наші Царини
Ачей би квітли Гори-долини
Гори-долини тай Полонини

Наша Царинойка Пречь-поорана
Сріблом-Золотом Пречь-засіяна
Стріцовим Пірком заволочена','[''pisni.org.ua'', ''cat:zeleni-svyata'', ''Пісні до Зелених свят'']',1,'published',COALESCE((SELECT created_at FROM songs WHERE id='pisniua_673959'), datetime('now')),datetime('now'));
INSERT OR REPLACE INTO songs_fts(song_id,title,lyrics) VALUES ('pisniua_673959','Сбором ідеме Полон несеме','Сбором ідеме Полон несеме
Виходжай Соборе с Села на Поле
А с Поляночки на Царинойки
А ви Дівойки війте Вінойки!

Ей вили-вили Бога просили
Ачей би нам квітли всі Божі Віни
Всі Божі Віни Наші Царини
Ачей би квітли Гори-долини
Гори-долини тай Полонини

Наша Царинойка Пречь-поорана
Сріблом-Золотом Пречь-засіяна
Стріцовим Пірком заволочена');
DELETE FROM song_links WHERE song_id = 'pisniua_672491';
DELETE FROM song_versions WHERE song_id = 'pisniua_672491';
DELETE FROM songs_fts WHERE song_id = 'pisniua_672491';
DELETE FROM songs WHERE id = 'pisniua_672491';
INSERT OR REPLACE INTO songs (id,title,subtitle,lang,country,period,year,source,notes,lyrics,tags_json,lang_locked,status,created_at,updated_at) VALUES ('pisniua_672491','Дума про смерть Богдана Хмельницького',NULL,'uk','ukraine_before_1917',NULL,NULL,'"Думи. Історико-героїчний цикл". Київ, Дніпро, 1982.',NULL,'Ей, зажуриться, заклопочеться Хмельницького старая голова,
Що при йому-то не було ні сотників, ні полковників нема;
Тільки пробував при йому Іван Луговський,
Писар військовий,
Козак лейстровий.
Тогді-то вони стали у раді,
Як малії діти,
Од своїх рук листи писали,
По городах по полкових, по сотенних розсилали,
А до козаків у листах приписували:
"Ей, козаки, діти, друзі!
Прошу вас, добре дбайте,
Борошно зсипайте,
До Загребельної могили прибувайте,
Мене, Хмельницького, к собі на пораду ожидайте!"
От тогді ж то козаки добре дбали, Борошно зсипали,
До Загребельної могили прибували,
Воскресенія Христового дожидали, -
Хмельницького в вічі не видали,
Вознесенія Христового дожидали, -
Хмельницького в вічі не видали,
Петра й Павла дожидали, -
Хмельницького в вічі не врідали,
Іллі-пророка дожидали ,-
Хмельницького в вічі не видали,
Духа-тройці дожидали, -
Хмельницького в вічі не видали.
Тогді ж то козаки стали у раді,
Як малії діти:
"Хвалився нам гетьман Хмельницький,
Батю Зинов Богдану чигиринський,
У городі Суботові
На спаса-преображеніє ярмалок закликати..."
Тогді ж то козаки добре дбали,
До города Суботова прибували,
Хмельницького стрічали,
Штихи у суходіл стромляли,
Шлики із себе скидали,
Хмельницькому низький поклон послали:
"Пане гетьмане Хмельницький,
Батю Зинов наш чигиринський!
Нащо ти нас потребуєш?"
Тогді ж то Хмельницький стиха словами промовляє:
"Ей, козаки, діти, друзі!
Прошу я вас, добре дбайте,
Собі гетьмана настановляйте.
Чи нема между вами котрого козака старинного,
Отамана курінного?
Вже ж я час од часу хорію,
Между вами гетьманувати не здолію;
То велю я вам между собою козака на гетьманство обирати -
Буде между вами гетьманувати,
Вам козацькі порядки давати".
Тогді-то козаки стиха словами промовляли:
"Пане гетьмане Хмельницький,
Батю Зинов наш чигиринський!
Не можем ми самі между собою, козаками, гетьмана обібрати,
А жолаем од вашої милості послихати".
От тогді ж то Хмельницький стиха слова промовляє:
"Ей, козаки, діти, друзі!
Прошу я вас, добре дбайте,
Єсть у мене Іван Луговський,
Котрий у мене дванадцять літ за джуру пробував,
Всі мої козацькі звичаї познав,
Буде между вами, козаками, гетьманувати,
Буде вам козацькі порядки давати".
Тогді-то козаки стиха словами промовляли:
"Пане гетьмане Хмельницький,
Батю Зинов наш чигиринський!
Не хочем ми Івана Луговського:
Іван Луговський близько ляхів, мостивих панів, живе, -
Буде з ляхами, мостивими панами, накладати,
Буде нас, козаків, за нівіщо мати!"
Тогді-то Хмельницький стиха словами промовляє:
"Ей, козаки, діти, друзі!
Коли ви не хочете Івана Луговського,
Єсть у мене Павел Тетеренко".
"Не хочем ми Павла Тетеренка!"
"Дак скажіте, - говорить, - кого ви жолаєте?"
"Ми, - кажуть, - жолаєм Євраха Хмельниченка".
"Ще ж, - каже, - мойму Євраху Хмельниченку
Тільки всього дванадцять літ од роду,
Ще він возрастом мал, розумом не дійшлий".
"Будем, - говорять, - попліч його дванадцять персон саджати,
Будуть його добрими ділами наущати,
Буде между нами, козаками, гетьманувати,
Нам порядки давати".
От тогді-то козаки добре дбали,
Бунчук, булаву положили,
Єврася Хмельниченка на гетьманство настановили,
Тогді із разних пищаль погримали -
Хмельниченка гетьманом поздоровляли.
От тогді Хмельницький, як благословеніє синові здав,
Так і в дом одправився
І сказав йому:
"Гляди ж, - говорить, - сину мій!
Як будеш немного Ташликом-рікою гуляти,
На бубни, на цуромки вигравати,
Дак будеш отця живого заставати.
А як будеш много Ташликом-рікою гуляти,
На бубни, на цуромки вигравати,
Дак не будеш отця живого заставати".
Тогді ж то Єврась, гетьман молодий,
Ташликом-рікою довго гуляв,
На бубни, на цуромки вигравав,
Додому приїжджав
І отця живого не заставав.
Тогді-то велів у Штоминім дворі
На високій горі
Гроб копати.
Тогді ж то козаки штихами суходіл копали,
Шликами землю виносили,
Хмельницького похоронили;
Із разних пищаль подзвонили,
По Хмельницькому похорон зчинили.
Тогді ж то козаки, поки старую голову Хмельницького зачували,
Поти і Єврася Хмельниченка за гетьмана почитали,
А як не стали старої голови Хмельницького зачувати,
Не стали і Єврася Хмельниченка за гетьмана почитати:
"Ей, Єврасю Хмельниченку, гетьмане молодий!
Не подобало б тобі над нами, козаками, гетьманувати,
А подобало б тобі наші козацькі курені підмітати!"','[''pisni.org.ua'', ''cat:dumy'', ''Думи'']',1,'published',COALESCE((SELECT created_at FROM songs WHERE id='pisniua_672491'), datetime('now')),datetime('now'));
INSERT OR REPLACE INTO songs_fts(song_id,title,lyrics) VALUES ('pisniua_672491','Дума про смерть Богдана Хмельницького','Ей, зажуриться, заклопочеться Хмельницького старая голова,
Що при йому-то не було ні сотників, ні полковників нема;
Тільки пробував при йому Іван Луговський,
Писар військовий,
Козак лейстровий.
Тогді-то вони стали у раді,
Як малії діти,
Од своїх рук листи писали,
По городах по полкових, по сотенних розсилали,
А до козаків у листах приписували:
"Ей, козаки, діти, друзі!
Прошу вас, добре дбайте,
Борошно зсипайте,
До Загребельної могили прибувайте,
Мене, Хмельницького, к собі на пораду ожидайте!"
От тогді ж то козаки добре дбали, Борошно зсипали,
До Загребельної могили прибували,
Воскресенія Христового дожидали, -
Хмельницького в вічі не видали,
Вознесенія Христового дожидали, -
Хмельницького в вічі не видали,
Петра й Павла дожидали, -
Хмельницького в вічі не врідали,
Іллі-пророка дожидали ,-
Хмельницького в вічі не видали,
Духа-тройці дожидали, -
Хмельницького в вічі не видали.
Тогді ж то козаки стали у раді,
Як малії діти:
"Хвалився нам гетьман Хмельницький,
Батю Зинов Богдану чигиринський,
У городі Суботові
На спаса-преображеніє ярмалок закликати..."
Тогді ж то козаки добре дбали,
До города Суботова прибували,
Хмельницького стрічали,
Штихи у суходіл стромляли,
Шлики із себе скидали,
Хмельницькому низький поклон послали:
"Пане гетьмане Хмельницький,
Батю Зинов наш чигиринський!
Нащо ти нас потребуєш?"
Тогді ж то Хмельницький стиха словами промовляє:
"Ей, козаки, діти, друзі!
Прошу я вас, добре дбайте,
Собі гетьмана настановляйте.
Чи нема между вами котрого козака старинного,
Отамана курінного?
Вже ж я час од часу хорію,
Между вами гетьманувати не здолію;
То велю я вам между собою козака на гетьманство обирати -
Буде между вами гетьманувати,
Вам козацькі порядки давати".
Тогді-то козаки стиха словами промовляли:
"Пане гетьмане Хмельницький,
Батю Зинов наш чигиринський!
Не можем ми самі между собою, козаками, гетьмана обібрати,
А жолаем од вашої милості послихати".
От тогді ж то Хмельницький стиха слова промовляє:
"Ей, козаки, діти, друзі!
Прошу я вас, добре дбайте,
Єсть у мене Іван Луговський,
Котрий у мене дванадцять літ за джуру пробував,
Всі мої козацькі звичаї познав,
Буде между вами, козаками, гетьманувати,
Буде вам козацькі порядки давати".
Тогді-то козаки стиха словами промовляли:
"Пане гетьмане Хмельницький,
Батю Зинов наш чигиринський!
Не хочем ми Івана Луговського:
Іван Луговський близько ляхів, мостивих панів, живе, -
Буде з ляхами, мостивими панами, накладати,
Буде нас, козаків, за нівіщо мати!"
Тогді-то Хмельницький стиха словами промовляє:
"Ей, козаки, діти, друзі!
Коли ви не хочете Івана Луговського,
Єсть у мене Павел Тетеренко".
"Не хочем ми Павла Тетеренка!"
"Дак скажіте, - говорить, - кого ви жолаєте?"
"Ми, - кажуть, - жолаєм Євраха Хмельниченка".
"Ще ж, - каже, - мойму Євраху Хмельниченку
Тільки всього дванадцять літ од роду,
Ще він возрастом мал, розумом не дійшлий".
"Будем, - говорять, - попліч його дванадцять персон саджати,
Будуть його добрими ділами наущати,
Буде между нами, козаками, гетьманувати,
Нам порядки давати".
От тогді-то козаки добре дбали,
Бунчук, булаву положили,
Єврася Хмельниченка на гетьманство настановили,
Тогді із разних пищаль погримали -
Хмельниченка гетьманом поздоровляли.
От тогді Хмельницький, як благословеніє синові здав,
Так і в дом одправився
І сказав йому:
"Гляди ж, - говорить, - сину мій!
Як будеш немного Ташликом-рікою гуляти,
На бубни, на цуромки вигравати,
Дак будеш отця живого заставати.
А як будеш много Ташликом-рікою гуляти,
На бубни, на цуромки вигравати,
Дак не будеш отця живого заставати".
Тогді ж то Єврась, гетьман молодий,
Ташликом-рікою довго гуляв,
На бубни, на цуромки вигравав,
Додому приїжджав
І отця живого не заставав.
Тогді-то велів у Штоминім дворі
На високій горі
Гроб копати.
Тогді ж то козаки штихами суходіл копали,
Шликами землю виносили,
Хмельницького похоронили;
Із разних пищаль подзвонили,
По Хмельницькому похорон зчинили.
Тогді ж то козаки, поки старую голову Хмельницького зачували,
Поти і Єврася Хмельниченка за гетьмана почитали,
А як не стали старої голови Хмельницького зачувати,
Не стали і Єврася Хмельниченка за гетьмана почитати:
"Ей, Єврасю Хмельниченку, гетьмане молодий!
Не подобало б тобі над нами, козаками, гетьманувати,
А подобало б тобі наші козацькі курені підмітати!"');
DELETE FROM song_links WHERE song_id = 'pisniua_672757';
DELETE FROM song_versions WHERE song_id = 'pisniua_672757';
DELETE FROM songs_fts WHERE song_id = 'pisniua_672757';
DELETE FROM songs WHERE id = 'pisniua_672757';
INSERT OR REPLACE INTO songs (id,title,subtitle,lang,country,period,year,source,notes,lyrics,tags_json,lang_locked,status,created_at,updated_at) VALUES ('pisniua_672757','Проводи козака до війська',NULL,'uk','ukraine_before_1917',NULL,NULL,'"Думи. Історико-героїчний цикл". Київ, Дніпро, 1982.',NULL,'Ой у неділю барзо рано-пораненьо
Не сива зозуля закувала -
Сестра брата своєго із подвірні своєї
В войсько виряджала,
Словами промовляла
І сльозами ридала:
"Ей же, мій брате рідненький,
Голубонько сивенький!
Відкіля тебе виглядати,
Із якої сторонки у гостині сподіватись:
Чи з Чорного моря,
Чи з чистого поля,
Чи з славного із войного люду, войська Запорожжя?"
"Ей, сестро моя рідненька,
Як голубка сивенька!
Не виглядай мене ні з Чорного моря,
Ні з чистого поля,
Ні з славного люду, войська Запорожжя.
А виглядай мене, сестро,
Як будуть о Петрі сині озера замерзати,
А о святім Василії калина білим цвітом процвітати".
"Ей, добре ж ти, братко, знаєш,
Добре, братко, ти відаєш:
Як синім озерам о Нетрі не замерзати,
А о святім Василії калині білим цвітом не процвітати...
То я іще скільки у світі проживала,
А у старих людей не чувала,
Щоб синім озерам о Петрі замерзати,
А о святім Василії калині білим цвітом процвітати".
"Добре ж ти, сестро, знаєш,
Добре ти, сестро, і відаєш:
Як синім озерам о Нетрі не замерзати,
А о святім Василії калині білим цвітом не процвітати,
Так мені вік-віком у гостинях не бувати..."
"Ей, як будеш ти, братко, на чужій стороні проживати,
Будеш ти пити і гуляти,
Будуть ранньою зорею і вечірньою
До тебе куми і побратими прихождати,
Будуть тебе рідним братком називати..."
При добрій годині -
Куми й побратими!
Як пристигла козака-летягу нещасливая година,
Злая хуртовина,
То одцуралася й притаманная родина.
На святую неділю люди з церкви йдуть,
Як бджоли гудуть,
Плече об плече торкаються,
Род з родом,
Брат із братом,
Сват із сватом
На здоров''є питаються;
А козака-летяги при нещасливій годині
Ніхто не займає
І на здоров''є не питає,
Наче б ніколи не бували
І хліба-солі не вживали!
Господи, утверди й подержи
Пана Грицька
І всіх вислухающих
На многії літа.','[''pisni.org.ua'', ''cat:dumy'', ''Думи'']',1,'published',COALESCE((SELECT created_at FROM songs WHERE id='pisniua_672757'), datetime('now')),datetime('now'));
INSERT OR REPLACE INTO songs_fts(song_id,title,lyrics) VALUES ('pisniua_672757','Проводи козака до війська','Ой у неділю барзо рано-пораненьо
Не сива зозуля закувала -
Сестра брата своєго із подвірні своєї
В войсько виряджала,
Словами промовляла
І сльозами ридала:
"Ей же, мій брате рідненький,
Голубонько сивенький!
Відкіля тебе виглядати,
Із якої сторонки у гостині сподіватись:
Чи з Чорного моря,
Чи з чистого поля,
Чи з славного із войного люду, войська Запорожжя?"
"Ей, сестро моя рідненька,
Як голубка сивенька!
Не виглядай мене ні з Чорного моря,
Ні з чистого поля,
Ні з славного люду, войська Запорожжя.
А виглядай мене, сестро,
Як будуть о Петрі сині озера замерзати,
А о святім Василії калина білим цвітом процвітати".
"Ей, добре ж ти, братко, знаєш,
Добре, братко, ти відаєш:
Як синім озерам о Нетрі не замерзати,
А о святім Василії калині білим цвітом не процвітати...
То я іще скільки у світі проживала,
А у старих людей не чувала,
Щоб синім озерам о Петрі замерзати,
А о святім Василії калині білим цвітом процвітати".
"Добре ж ти, сестро, знаєш,
Добре ти, сестро, і відаєш:
Як синім озерам о Нетрі не замерзати,
А о святім Василії калині білим цвітом не процвітати,
Так мені вік-віком у гостинях не бувати..."
"Ей, як будеш ти, братко, на чужій стороні проживати,
Будеш ти пити і гуляти,
Будуть ранньою зорею і вечірньою
До тебе куми і побратими прихождати,
Будуть тебе рідним братком називати..."
При добрій годині -
Куми й побратими!
Як пристигла козака-летягу нещасливая година,
Злая хуртовина,
То одцуралася й притаманная родина.
На святую неділю люди з церкви йдуть,
Як бджоли гудуть,
Плече об плече торкаються,
Род з родом,
Брат із братом,
Сват із сватом
На здоров''є питаються;
А козака-летяги при нещасливій годині
Ніхто не займає
І на здоров''є не питає,
Наче б ніколи не бували
І хліба-солі не вживали!
Господи, утверди й подержи
Пана Грицька
І всіх вислухающих
На многії літа.');
DELETE FROM song_links WHERE song_id = 'pisniua_675776';
DELETE FROM song_versions WHERE song_id = 'pisniua_675776';
DELETE FROM songs_fts WHERE song_id = 'pisniua_675776';
DELETE FROM songs WHERE id = 'pisniua_675776';
INSERT OR REPLACE INTO songs (id,title,subtitle,lang,country,period,year,source,notes,lyrics,tags_json,lang_locked,status,created_at,updated_at) VALUES ('pisniua_675776','На зорі мене, мамо, збуди','Музика: Ю. Михайленко Слова: Ю. Михайленко','uk','ukraine_1991',NULL,NULL,'1. пісенник для християнської молоді "Боже, мій Боже, з тобою пісня..."',NULL,'На зорі мене, мамо, збуди
Хоч на дворі весни перешум.
Я тобі із криниці води,             |
На цілісінький день наношу.         |
На цілісінький день наношу.         | (2)
Хоч криниця далеко від нас,
Та до неї іти по стерні.
Снилась, мамо, мені ти не раз,      |
У далекій чужій стороні.            |
У далекій чужій стороні.            | (2)
Снилась, мамо, як йшла ти з дібров,
А навколо бриніла весна.
Як хотілось весняним теплом,        |
Прилетіти в цю мить до села.        |
Прилетіти в цю мить до села.        | (2)','[''pisni.org.ua'', ''cat:pro-batkiv'', ''Пісні про любов до батьків'']',1,'published',COALESCE((SELECT created_at FROM songs WHERE id='pisniua_675776'), datetime('now')),datetime('now'));
INSERT OR REPLACE INTO songs_fts(song_id,title,lyrics) VALUES ('pisniua_675776','На зорі мене, мамо, збуди','На зорі мене, мамо, збуди
Хоч на дворі весни перешум.
Я тобі із криниці води,             |
На цілісінький день наношу.         |
На цілісінький день наношу.         | (2)
Хоч криниця далеко від нас,
Та до неї іти по стерні.
Снилась, мамо, мені ти не раз,      |
У далекій чужій стороні.            |
У далекій чужій стороні.            | (2)
Снилась, мамо, як йшла ти з дібров,
А навколо бриніла весна.
Як хотілось весняним теплом,        |
Прилетіти в цю мить до села.        |
Прилетіти в цю мить до села.        | (2)');
INSERT OR REPLACE INTO song_links (id,song_id,title,url,kind,version_id,sort_order) VALUES ('pisniua_675776_l1','pisniua_675776','YouTube','https://www.youtube.com/watch?v=IiHvem9JIH8','video',NULL,1);
