INSERT OR REPLACE INTO songs (id,title,subtitle,lang,country,period,year,source,notes,lyrics,tags_json,lang_locked,status,created_at,updated_at) VALUES ('pisniua_925281','Червона калина, листячко зелене','Українська народна пісня','uk','ukraine_before_1917',NULL,NULL,'Записав на початку 80-х ХХ ст. на Миколаївщині (Львівщина).','Можливо пісня має оригінальну мелодію, але я чув її на мелодію пісні "Висит япко, висит".','Червона калина,
Листячко зелене,
Зачекай, дівчино,   |
Зачекай, кохана,    |(2)
Два роки на мене.   |

Як я буду, милий,
На тебе чекати,
Коли мене мати,     |
Коли мене мати      |(2)
Заміж хоче дати.    |

Як тя буде мати
Заміж видавати -
Передай, дівчино,   |
Передай, кохана,    |(2)
До войська ми знати.|

Як же я, мій милий,
Дам до тебе знати,
Коли я не вмію,     |
Коли я не вмію      |(2)
Листа написати.     |

Напиши, напиши
Чужими руками,
Передай, дівчино,   |
Передай, кохана,    |(2)
Буйними вітрами.    |

Буйний вітер віє
Аж дерева гнуться,
Милий лист читає,   |
Милий лист читає -  |(2)
Сльози йому ллються.|

Пане капітане,
Відпустіть додому,
Залишив дівчину,    |
Залишив кохану      |(2)
Сам не знаю кому.   |

Пущу тя, пущу тя,
Лише не самого -
Дам ти осідлати,    |
Дам ти осідлати     |(2)
Коня вороного.      |

Взяли ня до войська,
Взяли на два роки,
Дівка віддавайся,   |
Дівка віддавайся    |(2)
На чотири боки.     |','["pisni.org.ua", "cat:halycki", "cat:lirychni", "cat:narodni", "cat:rekrutski", "Пісні з Галичини", "Пісні про кохання, ліричні", "Народні пісні", "Рекрутські пісні"]',1,'published',COALESCE((SELECT created_at FROM songs WHERE id='pisniua_925281'), datetime('now')),datetime('now'));
INSERT OR REPLACE INTO songs_fts(song_id,title,lyrics) VALUES ('pisniua_925281','Червона калина, листячко зелене','Червона калина,
Листячко зелене,
Зачекай, дівчино,   |
Зачекай, кохана,    |(2)
Два роки на мене.   |

Як я буду, милий,
На тебе чекати,
Коли мене мати,     |
Коли мене мати      |(2)
Заміж хоче дати.    |

Як тя буде мати
Заміж видавати -
Передай, дівчино,   |
Передай, кохана,    |(2)
До войська ми знати.|

Як же я, мій милий,
Дам до тебе знати,
Коли я не вмію,     |
Коли я не вмію      |(2)
Листа написати.     |

Напиши, напиши
Чужими руками,
Передай, дівчино,   |
Передай, кохана,    |(2)
Буйними вітрами.    |

Буйний вітер віє
Аж дерева гнуться,
Милий лист читає,   |
Милий лист читає -  |(2)
Сльози йому ллються.|

Пане капітане,
Відпустіть додому,
Залишив дівчину,    |
Залишив кохану      |(2)
Сам не знаю кому.   |

Пущу тя, пущу тя,
Лише не самого -
Дам ти осідлати,    |
Дам ти осідлати     |(2)
Коня вороного.      |

Взяли ня до войська,
Взяли на два роки,
Дівка віддавайся,   |
Дівка віддавайся    |(2)
На чотири боки.     |');
INSERT OR REPLACE INTO song_links (id,song_id,title,url,kind,version_id,sort_order) VALUES ('pisniua_925281_l1','pisniua_925281','YouTube','https://www.youtube.com/watch?v=SkL1oN4tLzM','video',NULL,1);
INSERT OR REPLACE INTO songs (id,title,subtitle,lang,country,period,year,source,notes,lyrics,tags_json,lang_locked,status,created_at,updated_at) VALUES ('pisniua_9253580','Я сумую за тобою','Українська народна пісня. Виконує: Михайло Хома, Андрій Бема','uk','ukraine_before_1917',NULL,NULL,'vk.com',NULL,'Вечір, тихий вечір
Обійняв мене, як брат,
Зорі з неба - білі свічі,
Ніби очі мамині горять.

Приспів:
Я сумую за тобою... Сил нема,
Розділяє нас з тобою далина...
Я сумую за тобою... Де ти?.. Де?..
Бо без тебе моя доля не цвіте!

Вітер, буйний вітер,
Пожалій мене хоч ти,
Мама у чужому світі,
А ти бачиш все із висоти!

Приспів.

Сльози, світлі сльози
Обпекли, немов вогонь,
Хочу доторкнутись дуже
До ласкавих маминих долонь.

Приспів.','["pisni.org.ua", "cat:nostalgia", "cat:pro-batkiv", "Пісні з ностальгічними мотивами", "Пісні про любов до батьків"]',1,'published',COALESCE((SELECT created_at FROM songs WHERE id='pisniua_9253580'), datetime('now')),datetime('now'));
INSERT OR REPLACE INTO songs_fts(song_id,title,lyrics) VALUES ('pisniua_9253580','Я сумую за тобою','Вечір, тихий вечір
Обійняв мене, як брат,
Зорі з неба - білі свічі,
Ніби очі мамині горять.

Приспів:
Я сумую за тобою... Сил нема,
Розділяє нас з тобою далина...
Я сумую за тобою... Де ти?.. Де?..
Бо без тебе моя доля не цвіте!

Вітер, буйний вітер,
Пожалій мене хоч ти,
Мама у чужому світі,
А ти бачиш все із висоти!

Приспів.

Сльози, світлі сльози
Обпекли, немов вогонь,
Хочу доторкнутись дуже
До ласкавих маминих долонь.

Приспів.');
INSERT OR REPLACE INTO song_links (id,song_id,title,url,kind,version_id,sort_order) VALUES ('pisniua_9253580_l1','pisniua_9253580','YouTube','https://www.youtube.com/watch?v=kqCzovpIong','video',NULL,1);
INSERT OR REPLACE INTO song_links (id,song_id,title,url,kind,version_id,sort_order) VALUES ('pisniua_9253580_l2','pisniua_9253580','YouTube','https://www.youtube.com/watch?v=N4wLU7ek-kQ','video',NULL,2);
INSERT OR REPLACE INTO songs (id,title,subtitle,lang,country,period,year,source,notes,lyrics,tags_json,lang_locked,status,created_at,updated_at) VALUES ('pisniua_92585','Коли ви вмирали','Музика: Михайло Гайворонський Слова: Михайло Курах. Виконує: Акорд, Народний хор Орфей, Не журись!','uk','ukr_ssr_1919_1991',NULL,'1990','1. http://poetry.uazone.net/stril/stril07.html; 2. Аудіо-CD "Октет "Орфей". Українські популярні пісні" (2004) 3. Повік не зів''яне. Стрілецькі пісні Михайла Гайворонського. Упор. В. Подуфалий. Тернопіль, 1990.','Основний текст взято з джерел 1 і 2. Інший варіант 3-ї строфи - з невідомого джерела. * У джерелі 1 тут інакше: Сплять хлопці-соколи, сини України. Акорди підідбрав: Андрій Підбір акордів: Андрій','Коли ви вмирали, вам дзвони не грали,
Ніхто не заплакав за вами.
F                С         E      Am |
Лиш в чистому полі ревіли гармати,   |
А зорі вмивались сльозами.           |

Коли хоронили у темну могилу
Від крови земля почорніла.
Під хмарами круки стадами літали,    |
І бурею битва гриміла.               | (2)

На ваших могилах хрести похилились,
Берези схилились додолу.
Спіть, хлопці-соколи, сини України,* |
Що впали за волю, за долю.           | (2)

Інший варіант 3-ї строфи:

На ваших могилах хрести похилились,
Калина нагнулась додолу.
Спіть орли-соколи, стрільці січовії, |
Гармати розбудять вас знову.         | (2)

Інший варіант 3-ї строфи:

На ваших могилах хрести похилились,
Калина зігнулась додолу.
Спіть хлопці-соколи! Ми гостримо зброю |
І ждемо на поклик: До бою!             | (2)','["pisni.org.ua", "cat:strilecki", "Стрілецькі пісні"]',1,'published',COALESCE((SELECT created_at FROM songs WHERE id='pisniua_92585'), datetime('now')),datetime('now'));
INSERT OR REPLACE INTO songs_fts(song_id,title,lyrics) VALUES ('pisniua_92585','Коли ви вмирали','Коли ви вмирали, вам дзвони не грали,
Ніхто не заплакав за вами.
F                С         E      Am |
Лиш в чистому полі ревіли гармати,   |
А зорі вмивались сльозами.           |

Коли хоронили у темну могилу
Від крови земля почорніла.
Під хмарами круки стадами літали,    |
І бурею битва гриміла.               | (2)

На ваших могилах хрести похилились,
Берези схилились додолу.
Спіть, хлопці-соколи, сини України,* |
Що впали за волю, за долю.           | (2)

Інший варіант 3-ї строфи:

На ваших могилах хрести похилились,
Калина нагнулась додолу.
Спіть орли-соколи, стрільці січовії, |
Гармати розбудять вас знову.         | (2)

Інший варіант 3-ї строфи:

На ваших могилах хрести похилились,
Калина зігнулась додолу.
Спіть хлопці-соколи! Ми гостримо зброю |
І ждемо на поклик: До бою!             | (2)');
INSERT OR REPLACE INTO song_links (id,song_id,title,url,kind,version_id,sort_order) VALUES ('pisniua_92585_l1','pisniua_92585','YouTube','https://www.youtube.com/watch?v=TDaczdSiCpI','video',NULL,1);
INSERT OR REPLACE INTO song_links (id,song_id,title,url,kind,version_id,sort_order) VALUES ('pisniua_92585_l2','pisniua_92585','YouTube','https://www.youtube.com/watch?v=AmUcu2spnI4','video',NULL,2);
INSERT OR REPLACE INTO song_links (id,song_id,title,url,kind,version_id,sort_order) VALUES ('pisniua_92585_l3','pisniua_92585','YouTube','https://www.youtube.com/watch?v=RXh0618wvhA','video',NULL,3);
INSERT OR REPLACE INTO song_links (id,song_id,title,url,kind,version_id,sort_order) VALUES ('pisniua_92585_l4','pisniua_92585','YouTube','https://www.youtube.com/watch?v=gn_1u5ZfOYk','video',NULL,4);
INSERT OR REPLACE INTO song_links (id,song_id,title,url,kind,version_id,sort_order) VALUES ('pisniua_92585_l5','pisniua_92585','Переглянути варіанти >>','https://www.pisni.org.ua/#variants','external',NULL,5);
INSERT OR REPLACE INTO songs (id,title,subtitle,lang,country,period,year,source,notes,lyrics,tags_json,lang_locked,status,created_at,updated_at) VALUES ('pisniua_9260188','Ой, три літа, три неділі','Українська народна пісня','uk','ukraine_before_1917',NULL,NULL,'аудіозапис','Пісню виконує Борисове Поле.','Ой, три літа, три неділі, гей-я-гей,
Ой, три літа, три неділі,
Як козака турки вбили, гей-я-гей,
Як козака турки вбили, гей.

Під явором зелененьким, гей-я-гей,
Під явором зелененьким
Лежить козак молоденький, гей-я-гей,
Лежить козак молоденький, гей.

Над ним коник нахилився, гей-я-гей,
Над ним коник нахилився
По коліна в землю вбився, гей-я-гей,
По коліна в землю вбився, гей.

Не стій, коню, наді мною, гей-я-гей,
Біжи, коню, дорогою
Широкою, степовою, гей-я-гей,
Широкою, степовою, гей.

Вийде батько, розсідлає, гей-я-гей,
Вийде батько, розсідлає,
Вийде мати - розпитає, гей-я-гей,
Вийде мати - розпитає, гей.

Ой, коню ж мій вороненький, гей-я-гей,
Ой, коню ж мій вороненький,
А де ж мій син молоденький? Гей-я-гей,
А де ж мій син молоденький? Гей.

Та не плач, мати, не журися, гей-я-гей,
Не плач, мати, не журися,
Бо вже твій син оженився, гей-я-гей,
Бо вже твій син оженився, гей.

Та й узяв собі паняночку, гей-я-гей,
Та взяв собі паняночку -
В чистім полі земляночку, гей-я-гей,
В чистім полі земляночку, гей.

*** *** *** *** *** ***

Візьми, мати, піску жменю, гей-я-гей,
Візьми, мати, піску жменю,
Посій його на каменю, гей-я-гей,
Посій його на каменю, гей.

Коли з піску жито зійде, гей-я-гей,
Коли з піску жито зійде,
Тоді син додому прийде, гей-я-гей,
Тоді син додому прийде, гей.

Нема жита, нема сходу, гей-я-гей,
Нема жита, нема сходу,
Нема сина із походу, гей-я-гей,
Нема сина із походу, гей.','["pisni.org.ua", "cat:kozacki", "Козацькі пісні"]',1,'published',COALESCE((SELECT created_at FROM songs WHERE id='pisniua_9260188'), datetime('now')),datetime('now'));
INSERT OR REPLACE INTO songs_fts(song_id,title,lyrics) VALUES ('pisniua_9260188','Ой, три літа, три неділі','Ой, три літа, три неділі, гей-я-гей,
Ой, три літа, три неділі,
Як козака турки вбили, гей-я-гей,
Як козака турки вбили, гей.

Під явором зелененьким, гей-я-гей,
Під явором зелененьким
Лежить козак молоденький, гей-я-гей,
Лежить козак молоденький, гей.

Над ним коник нахилився, гей-я-гей,
Над ним коник нахилився
По коліна в землю вбився, гей-я-гей,
По коліна в землю вбився, гей.

Не стій, коню, наді мною, гей-я-гей,
Біжи, коню, дорогою
Широкою, степовою, гей-я-гей,
Широкою, степовою, гей.

Вийде батько, розсідлає, гей-я-гей,
Вийде батько, розсідлає,
Вийде мати - розпитає, гей-я-гей,
Вийде мати - розпитає, гей.

Ой, коню ж мій вороненький, гей-я-гей,
Ой, коню ж мій вороненький,
А де ж мій син молоденький? Гей-я-гей,
А де ж мій син молоденький? Гей.

Та не плач, мати, не журися, гей-я-гей,
Не плач, мати, не журися,
Бо вже твій син оженився, гей-я-гей,
Бо вже твій син оженився, гей.

Та й узяв собі паняночку, гей-я-гей,
Та взяв собі паняночку -
В чистім полі земляночку, гей-я-гей,
В чистім полі земляночку, гей.

*** *** *** *** *** ***

Візьми, мати, піску жменю, гей-я-гей,
Візьми, мати, піску жменю,
Посій його на каменю, гей-я-гей,
Посій його на каменю, гей.

Коли з піску жито зійде, гей-я-гей,
Коли з піску жито зійде,
Тоді син додому прийде, гей-я-гей,
Тоді син додому прийде, гей.

Нема жита, нема сходу, гей-я-гей,
Нема жита, нема сходу,
Нема сина із походу, гей-я-гей,
Нема сина із походу, гей.');
INSERT OR REPLACE INTO song_links (id,song_id,title,url,kind,version_id,sort_order) VALUES ('pisniua_9260188_l1','pisniua_9260188','YouTube','https://www.youtube.com/watch?v=Cj4CqmiICPk','video',NULL,1);
INSERT OR REPLACE INTO songs (id,title,subtitle,lang,country,period,year,source,notes,lyrics,tags_json,lang_locked,status,created_at,updated_at) VALUES ('pisniua_9269585','Вже надходить ніч чарівна (Миколай, Миколай)','Музика: І. Шевчук Слова: І. Шевчук','uk','ukraine_1991',NULL,NULL,'аудіозапис',NULL,'Вже надходить ніч чарівна,
Спить увесь рідненький край.
Ось, ось в наші всі оселі
Завітає Миколай.

Приспів:
Миколай, Миколай,
Ти до нас завітай.
Всім малятам усміхнись
Щирим серцем пригорнись.

Жде його малеча вся,
Ой, радіє дітвора,
І усі, усі дорослі,
Миколая ждуть у гості.

Приспів.

Вже ідуть морози люті
І паде пухнастий сніг,
Миколая ждуть усюди,
Всі в у цю чарівну ніч.

Приспів. (2)','["pisni.org.ua", "cat:svyatyy-mykolay", "Пісні про Святого Миколая"]',1,'published',COALESCE((SELECT created_at FROM songs WHERE id='pisniua_9269585'), datetime('now')),datetime('now'));
INSERT OR REPLACE INTO songs_fts(song_id,title,lyrics) VALUES ('pisniua_9269585','Вже надходить ніч чарівна (Миколай, Миколай)','Вже надходить ніч чарівна,
Спить увесь рідненький край.
Ось, ось в наші всі оселі
Завітає Миколай.

Приспів:
Миколай, Миколай,
Ти до нас завітай.
Всім малятам усміхнись
Щирим серцем пригорнись.

Жде його малеча вся,
Ой, радіє дітвора,
І усі, усі дорослі,
Миколая ждуть у гості.

Приспів.

Вже ідуть морози люті
І паде пухнастий сніг,
Миколая ждуть усюди,
Всі в у цю чарівну ніч.

Приспів. (2)');
INSERT OR REPLACE INTO song_links (id,song_id,title,url,kind,version_id,sort_order) VALUES ('pisniua_9269585_l1','pisniua_9269585','YouTube','https://www.youtube.com/watch?v=vZRYi9Tz45E','video',NULL,1);
INSERT OR REPLACE INTO song_links (id,song_id,title,url,kind,version_id,sort_order) VALUES ('pisniua_9269585_l2','pisniua_9269585','YouTube','https://www.youtube.com/watch?v=cKWDPBcUrrY','video',NULL,2);
INSERT OR REPLACE INTO songs (id,title,subtitle,lang,country,period,year,source,notes,lyrics,tags_json,lang_locked,status,created_at,updated_at) VALUES ('pisniua_927384','Та, що танцює з вітром','Виконує: Ті що падають вгору','uk','ukraine_1991',NULL,NULL,'Текст і акорди надіслала "halika"',NULL,'Тікає день, щасливий сон
Голубить нас п''янким туманом,
Бере назавжди у полон,
Кидає в прірву, у нірвану.

І ось серед нічних ланів
З''являється вона покірно.
Від неї лине подих снів,
Коли вона танцює з вітром.

Приспів:
Та, що танцює з вітром,
Та, що летить за ним,
Та, що танцює з вітром,
Там, де нема води.

На очі впаде срібний пил,
Вона як пробіжить по небу,
Накриють трави пишний стіл,
Та тільки їй цього не треба.

Вона летить до берегів,
Вітається привітно з вітром,
Вмирає в росах тих років,
Бо там вона танцює з вітром.

Приспів.','["pisni.org.ua", "cat:philosophic", "Філософські пісні"]',1,'published',COALESCE((SELECT created_at FROM songs WHERE id='pisniua_927384'), datetime('now')),datetime('now'));
INSERT OR REPLACE INTO songs_fts(song_id,title,lyrics) VALUES ('pisniua_927384','Та, що танцює з вітром','Тікає день, щасливий сон
Голубить нас п''янким туманом,
Бере назавжди у полон,
Кидає в прірву, у нірвану.

І ось серед нічних ланів
З''являється вона покірно.
Від неї лине подих снів,
Коли вона танцює з вітром.

Приспів:
Та, що танцює з вітром,
Та, що летить за ним,
Та, що танцює з вітром,
Там, де нема води.

На очі впаде срібний пил,
Вона як пробіжить по небу,
Накриють трави пишний стіл,
Та тільки їй цього не треба.

Вона летить до берегів,
Вітається привітно з вітром,
Вмирає в росах тих років,
Бо там вона танцює з вітром.

Приспів.');
INSERT OR REPLACE INTO song_links (id,song_id,title,url,kind,version_id,sort_order) VALUES ('pisniua_927384_l1','pisniua_927384','YouTube','https://www.youtube.com/watch?v=cPd_-d7KONE','video',NULL,1);
INSERT OR REPLACE INTO songs (id,title,subtitle,lang,country,period,year,source,notes,lyrics,tags_json,lang_locked,status,created_at,updated_at) VALUES ('pisniua_925686','Ой слава ж Тобі, Боже...','Українська народна пісня','uk','ukraine_before_1917',NULL,NULL,'Українські народні мелодії / Зібрав і зредаґував Зіновій Лисько. Т. 7 (Мелодії 6440-7716).- Торонто - Нью Йорк: Українська вільна академія наук у США і Канаді, 1981','Місцевість: Глубічок Малий Першоджерело: Придаткевич, Збір. пісень','1. Ой слава ж Тобі, Боже, (2)
Обробили ми збоже. (2)
2. Перепіленько мала, (2)
Де будеш ся ховала? (2)
3. А в літі під копоньку, (2)
А в зимі під стиртоньку. (2)
і т. д.    Мелодія для 1 голосу','["pisni.org.ua", "cat:obzhynkovi", "Обжинкові пісні"]',1,'published',COALESCE((SELECT created_at FROM songs WHERE id='pisniua_925686'), datetime('now')),datetime('now'));
INSERT OR REPLACE INTO songs_fts(song_id,title,lyrics) VALUES ('pisniua_925686','Ой слава ж Тобі, Боже...','1. Ой слава ж Тобі, Боже, (2)
Обробили ми збоже. (2)
2. Перепіленько мала, (2)
Де будеш ся ховала? (2)
3. А в літі під копоньку, (2)
А в зимі під стиртоньку. (2)
і т. д.    Мелодія для 1 голосу');
INSERT OR REPLACE INTO songs (id,title,subtitle,lang,country,period,year,source,notes,lyrics,tags_json,lang_locked,status,created_at,updated_at) VALUES ('pisniua_9272585','Світле сонце моє','(Дорога моя вчителько). Українська народна пісня','uk','ukraine_before_1917',NULL,NULL,NULL,NULL,'Світле сонце моє, дорога моя вчителько,
Вдячні долі без меж, ми за те, що ви є
І де в світі знайти ці слова, щоби висловить
Те, що сповнює ніжністю серце моє?..

Приспів:
Найдорожча моя, дорога моя вчителько,
В ваших рідних очах океан доброти,
Хай у вашім житті, дорога моя вчителько,
Буде завжди весна, свято щастя й краси!

Літо бабине знов осінь в гості запрошує,
Але Ви як завжди все ж така молода,
Не старійте ніколи, ми дуже Вас просимо
І хай в серці у Вас буде завжди весна!

Приспів. (2)','["pisni.org.ua", "cat:shkilni", "Пісні про школу"]',1,'published',COALESCE((SELECT created_at FROM songs WHERE id='pisniua_9272585'), datetime('now')),datetime('now'));
INSERT OR REPLACE INTO songs_fts(song_id,title,lyrics) VALUES ('pisniua_9272585','Світле сонце моє','Світле сонце моє, дорога моя вчителько,
Вдячні долі без меж, ми за те, що ви є
І де в світі знайти ці слова, щоби висловить
Те, що сповнює ніжністю серце моє?..

Приспів:
Найдорожча моя, дорога моя вчителько,
В ваших рідних очах океан доброти,
Хай у вашім житті, дорога моя вчителько,
Буде завжди весна, свято щастя й краси!

Літо бабине знов осінь в гості запрошує,
Але Ви як завжди все ж така молода,
Не старійте ніколи, ми дуже Вас просимо
І хай в серці у Вас буде завжди весна!

Приспів. (2)');
INSERT OR REPLACE INTO songs (id,title,subtitle,lang,country,period,year,source,notes,lyrics,tags_json,lang_locked,status,created_at,updated_at) VALUES ('pisniua_9266282','Єрусалим, що сходить з неба','Українська народна пісня. Виконує: Джордж Давидюк','uk','ukraine_before_1917',NULL,NULL,'http://skinia.org.ua/sbornik-hristianskih-pesen/erusalim',NULL,'Єрусалим, що сходить з неба
В проміннях ясних свого Царя.
Em
Там світла сонця більш не потрібно:
В нім Агнець Божий - рання зоря.

Приспів:
Оце оселя свята Бога з людьми,
Де будем жити із Богом ми.
Там усі сльози Ісус з очей зітре,
Смерті не буде, біль промине.

Єрусалим - нове це місто,
Перлові брами відкриті в нім.
Хто прагне пити - нехай приходить,
Джерельні води течуть у нім.

Приспів.

Єрусалим, тебе кохаю,
В тобі панує вічна любов.
Усі народи в тобі зійдуться,
Прославлять Спаса за Його кров.

Приспів. (2)','["pisni.org.ua", "cat:christian", "Пісні на християнську тематику"]',1,'published',COALESCE((SELECT created_at FROM songs WHERE id='pisniua_9266282'), datetime('now')),datetime('now'));
INSERT OR REPLACE INTO songs_fts(song_id,title,lyrics) VALUES ('pisniua_9266282','Єрусалим, що сходить з неба','Єрусалим, що сходить з неба
В проміннях ясних свого Царя.
Em
Там світла сонця більш не потрібно:
В нім Агнець Божий - рання зоря.

Приспів:
Оце оселя свята Бога з людьми,
Де будем жити із Богом ми.
Там усі сльози Ісус з очей зітре,
Смерті не буде, біль промине.

Єрусалим - нове це місто,
Перлові брами відкриті в нім.
Хто прагне пити - нехай приходить,
Джерельні води течуть у нім.

Приспів.

Єрусалим, тебе кохаю,
В тобі панує вічна любов.
Усі народи в тобі зійдуться,
Прославлять Спаса за Його кров.

Приспів. (2)');
INSERT OR REPLACE INTO song_links (id,song_id,title,url,kind,version_id,sort_order) VALUES ('pisniua_9266282_l1','pisniua_9266282','YouTube','https://www.youtube.com/watch?v=WOZjhT2PHaU','video',NULL,1);
INSERT OR REPLACE INTO song_links (id,song_id,title,url,kind,version_id,sort_order) VALUES ('pisniua_9266282_l2','pisniua_9266282','YouTube','https://www.youtube.com/watch?v=rZhuImJzmQE','video',NULL,2);
INSERT OR REPLACE INTO songs (id,title,subtitle,lang,country,period,year,source,notes,lyrics,tags_json,lang_locked,status,created_at,updated_at) VALUES ('pisniua_9276384','Триголовий горбоконик','Музика: Анатолій Рибін Слова: Анатолій Рибін. Виконує: Анатолій Рибін','uk','ukraine_1991',NULL,'2014','Інформаційний бюлетень ІКААПУ Інформ №5 (278) 2014 рік.',NULL,'Все нові й нові герої з''являються у нашім краю,
І ніхто вже не має сумніву щодо їхніх докорів чи жалю,
Мало-помалу утворився й такий собі герой,
У котрого спереду три голови, а позаду суцільний геморой...

Дивна річ - створіння з трьома головами,
Про такий витвір природи у сусідів ми давно вже знали,
От і наш герой - нам з дитинства знайомий
Казковий лицар Горбоконик - став тепер триголовий...

Невтішні ж справи вже на кожнім кроці,
Хоч геморой у коника один, але більмо він має в кожнім оці,
І через хворі очі вже не бачить він куди стрибати,
Де б геморой болючий краще лікувати...

То вліво він стрибне, то вправо,
Але ж три голови - не дуже гарна справа,
Бо коли права хоче спершу дати раду геморою,
Дві інші сліпо вірять - треба йти до мовного двобою...

Двобій сліпих з глухими теж погана річ,
Бо геморой сам по собі болить весь день і, особливо, в ніч,
Болячку цю тепер так просто не вгамуєш,
Хоч вуха і глухі - та все-одно її відчуєш...

Незрячі очі і погані вуха...
Одні не можуть бачити, а інші вже давно позбулись слуху,
Хоча на золотому унітазі й непотрібно мати слух,
Та скільки вже не лий води - лишається завжди смердючий дух...

Якщо ти вірив з самого дитинства,
Що Горбоконик твій герой,
Іди й роби сучасним монстрам не удаваний,
А справжній геморой!..','["pisni.org.ua", "cat:euromaydan", "Пісні Євромайдану"]',1,'published',COALESCE((SELECT created_at FROM songs WHERE id='pisniua_9276384'), datetime('now')),datetime('now'));
INSERT OR REPLACE INTO songs_fts(song_id,title,lyrics) VALUES ('pisniua_9276384','Триголовий горбоконик','Все нові й нові герої з''являються у нашім краю,
І ніхто вже не має сумніву щодо їхніх докорів чи жалю,
Мало-помалу утворився й такий собі герой,
У котрого спереду три голови, а позаду суцільний геморой...

Дивна річ - створіння з трьома головами,
Про такий витвір природи у сусідів ми давно вже знали,
От і наш герой - нам з дитинства знайомий
Казковий лицар Горбоконик - став тепер триголовий...

Невтішні ж справи вже на кожнім кроці,
Хоч геморой у коника один, але більмо він має в кожнім оці,
І через хворі очі вже не бачить він куди стрибати,
Де б геморой болючий краще лікувати...

То вліво він стрибне, то вправо,
Але ж три голови - не дуже гарна справа,
Бо коли права хоче спершу дати раду геморою,
Дві інші сліпо вірять - треба йти до мовного двобою...

Двобій сліпих з глухими теж погана річ,
Бо геморой сам по собі болить весь день і, особливо, в ніч,
Болячку цю тепер так просто не вгамуєш,
Хоч вуха і глухі - та все-одно її відчуєш...

Незрячі очі і погані вуха...
Одні не можуть бачити, а інші вже давно позбулись слуху,
Хоча на золотому унітазі й непотрібно мати слух,
Та скільки вже не лий води - лишається завжди смердючий дух...

Якщо ти вірив з самого дитинства,
Що Горбоконик твій герой,
Іди й роби сучасним монстрам не удаваний,
А справжній геморой!..');
INSERT OR REPLACE INTO songs (id,title,subtitle,lang,country,period,year,source,notes,lyrics,tags_json,lang_locked,status,created_at,updated_at) VALUES ('pisniua_925889','Металева пісня','(Металево з міста Лева). Музика: Тарас Чубай Слова: Тарас Чубай. Виконує: Тарас Чубай','uk','ukraine_1991',NULL,NULL,'За аудіозаписом концерту в Москві 19 березня 1989 року.',NULL,'Металевим ранком встав,
Металеву щітку взяв,
Металеві зуби чистив,
Металевий погляд, звісно,
Металевий з міста Лева
Мен.

І пішов він на уроки
Металево тяжким кроком,
Металево сів за парту,
Металевого він гарту
Металевий з міста Лева
Мен.

А та школа метальова
Була чисто авангардова -
Металевий там буфет,
Металевий теж клозет,
І ніколи школу цю
Не візьме іржа.

У тій школі на перерві
Грає метал безперервно,
Металеві вчителі
Металевих вчать учнів,
Металевих з міста Лева
Вчать.

Вчать їх пити кока-колу,
Вчать їх грати рок-н-роли,
Вчать заклепки забивати,
Вчать їх плюти і лапати,
Металевих з міста Лева
Вчать.

Супершкола металова -
Вчаться мени там зі Львова -
Супермени, вищий клас,
Попивають львівський квас,
З міста Лева попивають
Львівський квас.

Отака є вмісті Лева
Супершкола метелева,
Супершкола-авангард
Металевий має гарт
І ніколи, ніколи не візьме її
Іржа.
У-є-е-а-а-а...','["pisni.org.ua", "cat:bardivski", "cat:lviv", "Бардівські пісні", "Пісні про Львів"]',1,'published',COALESCE((SELECT created_at FROM songs WHERE id='pisniua_925889'), datetime('now')),datetime('now'));
INSERT OR REPLACE INTO songs_fts(song_id,title,lyrics) VALUES ('pisniua_925889','Металева пісня','Металевим ранком встав,
Металеву щітку взяв,
Металеві зуби чистив,
Металевий погляд, звісно,
Металевий з міста Лева
Мен.

І пішов він на уроки
Металево тяжким кроком,
Металево сів за парту,
Металевого він гарту
Металевий з міста Лева
Мен.

А та школа метальова
Була чисто авангардова -
Металевий там буфет,
Металевий теж клозет,
І ніколи школу цю
Не візьме іржа.

У тій школі на перерві
Грає метал безперервно,
Металеві вчителі
Металевих вчать учнів,
Металевих з міста Лева
Вчать.

Вчать їх пити кока-колу,
Вчать їх грати рок-н-роли,
Вчать заклепки забивати,
Вчать їх плюти і лапати,
Металевих з міста Лева
Вчать.

Супершкола металова -
Вчаться мени там зі Львова -
Супермени, вищий клас,
Попивають львівський квас,
З міста Лева попивають
Львівський квас.

Отака є вмісті Лева
Супершкола метелева,
Супершкола-авангард
Металевий має гарт
І ніколи, ніколи не візьме її
Іржа.
У-є-е-а-а-а...');
INSERT OR REPLACE INTO songs (id,title,subtitle,lang,country,period,year,source,notes,lyrics,tags_json,lang_locked,status,created_at,updated_at) VALUES ('pisniua_9270181','Мої батьки','Музика: Олег Винник Слова: Олег Винник. Виконує: Олег Винник','uk','ukraine_1991',NULL,NULL,'аудіозапис',NULL,'Маленька пташко, ти така багата,
Співаєш вдома, я - на чужині,
А десь далеко, сиві мати й батько
З сльозами слухають усі мої пісні.
В думках про вас, я виміряв дорогу,
Передавав вітання я дощем,
І сонце посилав довашого порогу,
Щоб ви не знали безсонних ночей.
Приспів:
Мої батьки, ви - сивії лелеки,
Простіть мене, що так від вас далеко
Та в серці ви моєму навіки,
Мої батьки, мої батьки!..
Маленька пташко, час рікою плине,
Усе здолав, печаль не переміг,
Я на поріг ступну, почую тихе "Сину!" -
Як цю картину я в душі беріг.
Приспів. (2)','["pisni.org.ua", "cat:nostalgia", "cat:pro-batkiv", "Пісні з ностальгічними мотивами", "Пісні про любов до батьків"]',1,'published',COALESCE((SELECT created_at FROM songs WHERE id='pisniua_9270181'), datetime('now')),datetime('now'));
INSERT OR REPLACE INTO songs_fts(song_id,title,lyrics) VALUES ('pisniua_9270181','Мої батьки','Маленька пташко, ти така багата,
Співаєш вдома, я - на чужині,
А десь далеко, сиві мати й батько
З сльозами слухають усі мої пісні.
В думках про вас, я виміряв дорогу,
Передавав вітання я дощем,
І сонце посилав довашого порогу,
Щоб ви не знали безсонних ночей.
Приспів:
Мої батьки, ви - сивії лелеки,
Простіть мене, що так від вас далеко
Та в серці ви моєму навіки,
Мої батьки, мої батьки!..
Маленька пташко, час рікою плине,
Усе здолав, печаль не переміг,
Я на поріг ступну, почую тихе "Сину!" -
Як цю картину я в душі беріг.
Приспів. (2)');
INSERT OR REPLACE INTO song_links (id,song_id,title,url,kind,version_id,sort_order) VALUES ('pisniua_9270181_l1','pisniua_9270181','YouTube','https://www.youtube.com/watch?v=vQInwwwD_jI','video',NULL,1);
INSERT OR REPLACE INTO song_links (id,song_id,title,url,kind,version_id,sort_order) VALUES ('pisniua_9270181_l2','pisniua_9270181','YouTube','https://www.youtube.com/watch?v=QBcYOlROH3w','video',NULL,2);
INSERT OR REPLACE INTO songs (id,title,subtitle,lang,country,period,year,source,notes,lyrics,tags_json,lang_locked,status,created_at,updated_at) VALUES ('pisniua_9275188','У нас на Майдані','Музика: Григорій Вагапов, Ю. Косьмина Слова: Григорій Вагапов, Ю. Косьмина. Виконує: Вперше Чую','uk','ukraine_1991',NULL,'2013','Інформаційний бюлетень ІКААПУ Інформ №45 (271) 2013 рік',NULL,'Ця пісня може застаріти
До того, як буде написана,
Бо ті, що вчора приносили квіти,
Сьогодні з вилами та зі списами.
Ця пісня може запізнитись
До того, як буде проспівана,
Бо ті, хто божився нас боронити,
Кийки на світанках встромляють у спину нам.
Ніхто не знає, що буде далі
В нас на Майдані, в нас на Майдані.

Ніхто не знає - гострити палі
Чи терти свої персональні дані.
Ця пісня, на щастя, не дасть прогнозів,
Від неї, на жаль, не почуєш відповідь:
Чи вистоїть розум, чи вщухнуть морози,
Чи зможемо в очі дивитися світові.
Цю пісню не чутимуть за щитами,
Її не співатимуть на барикадах,
Бо досі ніхто не збагнув і не втямив,
Що ж там попереду, хто ж там позаду.
Ніхто не знає, що буде далі
В нас на Майдані, в нас на Майдані.

Ніхто не знає - гострити палі
Чи терти свої персональні дані.
Ця пісня може навіть померти
До того, як буде народжена.
Бо комусь потрібні наступні жертви,
А комусь - нові нагородження.
Ця пісня не зцілить розгніваний мозок,
Потрощені ребра й роз''ятрене серце,
Це просто слова про одвічну загрозу
Віддати єдине, що в нас зостається.','["pisni.org.ua", "cat:euromaydan", "Пісні Євромайдану"]',1,'published',COALESCE((SELECT created_at FROM songs WHERE id='pisniua_9275188'), datetime('now')),datetime('now'));
INSERT OR REPLACE INTO songs_fts(song_id,title,lyrics) VALUES ('pisniua_9275188','У нас на Майдані','Ця пісня може застаріти
До того, як буде написана,
Бо ті, що вчора приносили квіти,
Сьогодні з вилами та зі списами.
Ця пісня може запізнитись
До того, як буде проспівана,
Бо ті, хто божився нас боронити,
Кийки на світанках встромляють у спину нам.
Ніхто не знає, що буде далі
В нас на Майдані, в нас на Майдані.

Ніхто не знає - гострити палі
Чи терти свої персональні дані.
Ця пісня, на щастя, не дасть прогнозів,
Від неї, на жаль, не почуєш відповідь:
Чи вистоїть розум, чи вщухнуть морози,
Чи зможемо в очі дивитися світові.
Цю пісню не чутимуть за щитами,
Її не співатимуть на барикадах,
Бо досі ніхто не збагнув і не втямив,
Що ж там попереду, хто ж там позаду.
Ніхто не знає, що буде далі
В нас на Майдані, в нас на Майдані.

Ніхто не знає - гострити палі
Чи терти свої персональні дані.
Ця пісня може навіть померти
До того, як буде народжена.
Бо комусь потрібні наступні жертви,
А комусь - нові нагородження.
Ця пісня не зцілить розгніваний мозок,
Потрощені ребра й роз''ятрене серце,
Це просто слова про одвічну загрозу
Віддати єдине, що в нас зостається.');
INSERT OR REPLACE INTO song_links (id,song_id,title,url,kind,version_id,sort_order) VALUES ('pisniua_9275188_l1','pisniua_9275188','YouTube','https://www.youtube.com/watch?v=ruz9pPRShiU','video',NULL,1);
INSERT OR REPLACE INTO songs (id,title,subtitle,lang,country,period,year,source,notes,lyrics,tags_json,lang_locked,status,created_at,updated_at) VALUES ('pisniua_927683','Голодні студенти','(Всяка худобинка крихітна...). Музика: Тризубий Стас Слова: Тризубий Стас. Виконує: Тризубий Стас','uk','ukraine_1991',NULL,NULL,'Альбом "Тризубий Стас. "Я повертаюся" (vol.2) - http://www.ukrmusic.com.ua/ukr/album.php?id=543',NULL,'Всяка худобинка крихітна
хоче поїсти зрання.
Добре на шлунок і вигідно
їжу приймати щодня.
Тут не існують
якісь вихідні —
людоньки, їжте, не будьте
дурні!
Боженьку милий,
як хочеться жерти мені!

В мозок голодний, ображений
лізе усяка фігня:
індик там ходить
підсмажений,
бродить варена свиня...
Тягнуться руки
до тої свині,
і я засинаю
в кошмарному сні...
Боженьку милий, як хочеться
їсти мені!

Прийдуть ті часи,
коли в мене буде
шматок ковбаси.
Вона не пошкодить знанням.
Ням-ням-ням-
ням-ням-ням-ням!

Я написав Президентові —
хай він мені відповість:
як далі жити студентові,
котрий вже місяць не їсть.
Я його бачив лишень у кіні.
А він мене бачив
у капцях в труні...
Боженьку милий,
як хочеться їсти мені!

Я у кафе під серветкою
сирник надкушений вкрав.
Пах він старою шкарпеткою,
я його тиждень жував.
А потім ще
згадував його три дні
і захлинався у власній слині...
Боженьку милий, як хочеться їсти мені!

Прийдуть ті часи,
коли в мене буде кіло ковбаси.
Вона не пошкодить знанням.
Ням-ням-ням-
ням-ням-ням-ням!','["pisni.org.ua", "cat:bardivski", "cat:suspilno-politychni", "Бардівські пісні", "Суспільно-політичні пісні"]',1,'published',COALESCE((SELECT created_at FROM songs WHERE id='pisniua_927683'), datetime('now')),datetime('now'));
INSERT OR REPLACE INTO songs_fts(song_id,title,lyrics) VALUES ('pisniua_927683','Голодні студенти','Всяка худобинка крихітна
хоче поїсти зрання.
Добре на шлунок і вигідно
їжу приймати щодня.
Тут не існують
якісь вихідні —
людоньки, їжте, не будьте
дурні!
Боженьку милий,
як хочеться жерти мені!

В мозок голодний, ображений
лізе усяка фігня:
індик там ходить
підсмажений,
бродить варена свиня...
Тягнуться руки
до тої свині,
і я засинаю
в кошмарному сні...
Боженьку милий, як хочеться
їсти мені!

Прийдуть ті часи,
коли в мене буде
шматок ковбаси.
Вона не пошкодить знанням.
Ням-ням-ням-
ням-ням-ням-ням!

Я написав Президентові —
хай він мені відповість:
як далі жити студентові,
котрий вже місяць не їсть.
Я його бачив лишень у кіні.
А він мене бачив
у капцях в труні...
Боженьку милий,
як хочеться їсти мені!

Я у кафе під серветкою
сирник надкушений вкрав.
Пах він старою шкарпеткою,
я його тиждень жував.
А потім ще
згадував його три дні
і захлинався у власній слині...
Боженьку милий, як хочеться їсти мені!

Прийдуть ті часи,
коли в мене буде кіло ковбаси.
Вона не пошкодить знанням.
Ням-ням-ням-
ням-ням-ням-ням!');
INSERT OR REPLACE INTO song_links (id,song_id,title,url,kind,version_id,sort_order) VALUES ('pisniua_927683_l1','pisniua_927683','Переглянути варіанти >>','https://www.pisni.org.ua/#variants','external',NULL,1);
INSERT OR REPLACE INTO songs (id,title,subtitle,lang,country,period,year,source,notes,lyrics,tags_json,lang_locked,status,created_at,updated_at) VALUES ('pisniua_926282','Летять, ніби чайки...','Музика: Юдіф Рожавська Слова: Лада Рева. Виконує: Дмитро Гнатюк','uk','ukraine_1991',NULL,NULL,'1. http://ivasyuk.domivka.net/for.php?l=uk&p=skrypka_graye 2. Пісні про кохання. Пісенник. Випуск 1. Упорядник Р. П. Сабадаш. - К.: Музична Україна, 1972. - 96 с.',NULL,'Летять, ніби чайки, і дні, і ночі
В синю даль, в синю даль,
А серце мені шепоче:
- Кинь печаль, кинь печаль.

Ген, сонце у хвилях заграло,
І радість витає навкруг!
Наче в світі не стало      | (3)
Розлук...

Хай весни, мов птиці, казково - сині,
Відлетять, відлетять,
Я тільки тебе єдину
Буду ждать, буду ждать.

Я вірю - повернеться щастя,
З тобою зустрінемось знов.
Ти скажи, чи не згасла     | (3)
Любов...

Летять, ніби чайки, і дні, і ночі
В синю даль, в синю даль,
А серце мені шепоче:
- Кинь печаль, кинь печаль','["pisni.org.ua", "cat:philosophic", "cat:romansy", "Філософські пісні", "Романси"]',1,'published',COALESCE((SELECT created_at FROM songs WHERE id='pisniua_926282'), datetime('now')),datetime('now'));
INSERT OR REPLACE INTO songs_fts(song_id,title,lyrics) VALUES ('pisniua_926282','Летять, ніби чайки...','Летять, ніби чайки, і дні, і ночі
В синю даль, в синю даль,
А серце мені шепоче:
- Кинь печаль, кинь печаль.

Ген, сонце у хвилях заграло,
І радість витає навкруг!
Наче в світі не стало      | (3)
Розлук...

Хай весни, мов птиці, казково - сині,
Відлетять, відлетять,
Я тільки тебе єдину
Буду ждать, буду ждать.

Я вірю - повернеться щастя,
З тобою зустрінемось знов.
Ти скажи, чи не згасла     | (3)
Любов...

Летять, ніби чайки, і дні, і ночі
В синю даль, в синю даль,
А серце мені шепоче:
- Кинь печаль, кинь печаль');
INSERT OR REPLACE INTO song_links (id,song_id,title,url,kind,version_id,sort_order) VALUES ('pisniua_926282_l1','pisniua_926282','YouTube','https://www.youtube.com/watch?v=PMnRipTi-FA','video',NULL,1);
INSERT OR REPLACE INTO song_links (id,song_id,title,url,kind,version_id,sort_order) VALUES ('pisniua_926282_l2','pisniua_926282','YouTube','https://www.youtube.com/watch?v=hu5cQu95Gko','video',NULL,2);
INSERT OR REPLACE INTO song_links (id,song_id,title,url,kind,version_id,sort_order) VALUES ('pisniua_926282_l3','pisniua_926282','YouTube','https://www.youtube.com/watch?v=ZangVduA7WQ','video',NULL,3);
INSERT OR REPLACE INTO songs (id,title,subtitle,lang,country,period,year,source,notes,lyrics,tags_json,lang_locked,status,created_at,updated_at) VALUES ('pisniua_927484','Колискова','Слова: Quadragesima. Виконує: Quadragesima','uk','ukraine_before_1917',NULL,NULL,NULL,NULL,'Час іде, все забирає. Трохи спогадів лишає. Мої мрії віддаляє.
То скоріший він за подих, то повільний як чекання.
Мої береги заносить сивим снігом, я не бачу їх...
Скільки я з тобою поруч, так тебе й не зрозумів...

Баю-баю-баю-бай... Спи кохана, засинай.
Провались в мягки обійми.
Я навчивсь тебе чекати, через силу відпускати,
До мети іти по долі, в суходолі буде море.

Ніхто не знає де ти жевеш,
Ніхто не знає коли ти помреш,
Ніхто не бачив твого обличчя,
Ніхто не знає, що таке - вічні...','["pisni.org.ua", "cat:kolyskovi", "Колискові"]',1,'published',COALESCE((SELECT created_at FROM songs WHERE id='pisniua_927484'), datetime('now')),datetime('now'));
INSERT OR REPLACE INTO songs_fts(song_id,title,lyrics) VALUES ('pisniua_927484','Колискова','Час іде, все забирає. Трохи спогадів лишає. Мої мрії віддаляє.
То скоріший він за подих, то повільний як чекання.
Мої береги заносить сивим снігом, я не бачу їх...
Скільки я з тобою поруч, так тебе й не зрозумів...

Баю-баю-баю-бай... Спи кохана, засинай.
Провались в мягки обійми.
Я навчивсь тебе чекати, через силу відпускати,
До мети іти по долі, в суходолі буде море.

Ніхто не знає де ти жевеш,
Ніхто не знає коли ти помреш,
Ніхто не бачив твого обличчя,
Ніхто не знає, що таке - вічні...');
INSERT OR REPLACE INTO songs (id,title,subtitle,lang,country,period,year,source,notes,lyrics,tags_json,lang_locked,status,created_at,updated_at) VALUES ('pisniua_9276982','Майдан','Музика: Сергій Буревісник Слова: Сергій Буревісник','uk','ukraine_1991',NULL,'2014','Інформаційний бюлетень ІКААПУ Інформ №3 (276) 2014 рік.',NULL,'Ми в школі цій вивчаєм географію
Чудової країни -
Від гір карпатських до луганських териконів,
Від Рівного до Криму.

Проходимо в ній наново історію
Великого народу -
З глибин віків до нинішньої миті,
І Заходу, і Сходу.

З воскрешеної рідної абетки
Зросли слова любові.
Священні переймаєм заповіти
І гідності основи.

Інспекторів суворих із кийками
В цю школу присилали,
Щоб бездоганно ми засвоїли предмети
І їх не забували.

Та ми самі про рівень знань подбаєм,
Дамо собі ще раду
І, коли треба, проекзаменуєм
Й бездарну владу.

Старанний в школі днює і ночує -
Навчився сам, вже багатьох навчив.
Я другий клас закінчую із трійками,
А хтось іще і в перший не вступив...','["pisni.org.ua", "cat:euromaydan", "Пісні Євромайдану"]',1,'published',COALESCE((SELECT created_at FROM songs WHERE id='pisniua_9276982'), datetime('now')),datetime('now'));
INSERT OR REPLACE INTO songs_fts(song_id,title,lyrics) VALUES ('pisniua_9276982','Майдан','Ми в школі цій вивчаєм географію
Чудової країни -
Від гір карпатських до луганських териконів,
Від Рівного до Криму.

Проходимо в ній наново історію
Великого народу -
З глибин віків до нинішньої миті,
І Заходу, і Сходу.

З воскрешеної рідної абетки
Зросли слова любові.
Священні переймаєм заповіти
І гідності основи.

Інспекторів суворих із кийками
В цю школу присилали,
Щоб бездоганно ми засвоїли предмети
І їх не забували.

Та ми самі про рівень знань подбаєм,
Дамо собі ще раду
І, коли треба, проекзаменуєм
Й бездарну владу.

Старанний в школі днює і ночує -
Навчився сам, вже багатьох навчив.
Я другий клас закінчую із трійками,
А хтось іще і в перший не вступив...');
INSERT OR REPLACE INTO songs (id,title,subtitle,lang,country,period,year,source,notes,lyrics,tags_json,lang_locked,status,created_at,updated_at) VALUES ('pisniua_9271080','Страшна хвиля наступає',NULL,'uk','ukraine_1991',NULL,NULL,'Пісенник молодіжної спільноти церкви святого Миколая на Аскольдовій Могилі. - м. Київ. - 2011.',NULL,'Страшна хвиля наступає,
На хресті Ісус вмирає.
Скровавлений, збитий,
Ранами покритий.

Уста мовчки стягнув з болю,
Схилив голову додолю.
Кров з ран святих ллється,
Серце ледве б''ється.

Ясне сонце затемніло,
Щоб на муки не дивилось.
Земля мов злякалась,
Зі страху здригалась.

В той час воїн приступає,
Бік Христові прибиває.
Із правого боку,
Рану страх глибоку.

З рани вийшла кров з водою,
Та Ісус не чув вже болю -
Терпіння скінчилось,
Серце отворилось.

Наближімся всі до Нього
І скажім до Спаса Свого:
О Ісусе, Пане,
Скрий нас в свої рани','["pisni.org.ua", "cat:strasni", "Страсні пісні"]',1,'published',COALESCE((SELECT created_at FROM songs WHERE id='pisniua_9271080'), datetime('now')),datetime('now'));
INSERT OR REPLACE INTO songs_fts(song_id,title,lyrics) VALUES ('pisniua_9271080','Страшна хвиля наступає','Страшна хвиля наступає,
На хресті Ісус вмирає.
Скровавлений, збитий,
Ранами покритий.

Уста мовчки стягнув з болю,
Схилив голову додолю.
Кров з ран святих ллється,
Серце ледве б''ється.

Ясне сонце затемніло,
Щоб на муки не дивилось.
Земля мов злякалась,
Зі страху здригалась.

В той час воїн приступає,
Бік Христові прибиває.
Із правого боку,
Рану страх глибоку.

З рани вийшла кров з водою,
Та Ісус не чув вже болю -
Терпіння скінчилось,
Серце отворилось.

Наближімся всі до Нього
І скажім до Спаса Свого:
О Ісусе, Пане,
Скрий нас в свої рани');
INSERT OR REPLACE INTO songs (id,title,subtitle,lang,country,period,year,source,notes,lyrics,tags_json,lang_locked,status,created_at,updated_at) VALUES ('pisniua_9278188','Де Вірменія й де – Україна...','Музика: Сергій Цушко Слова: Сергій Цушко','uk','ukraine_1991',NULL,'2014','Інформаційний бюлетень ІКААПУ Інформ №10 (283) 2014 рік','Гаястан* – Вірменія. Фідаїн** – народний месник. Хачкар*** – камінь у вигляді хреста або стели з художнім різьбленням.','Де Вірменія й де - Україна.
Та все ближчий мені Гаястан*,
Бо пов''язує нас пуповина -
Це Майдан, це Сергій Нігоян.

Це у храмах скорботні лампади
Над печаллю Спітакських руїн,
На Грушевського барикади
Й одчайдух-захисник фідаїн**.

Це пронизливий спів Комітаса,
Голокосту кривавий рубець.
Це проникливе слово Тараса
Й полум''яний чорнявий читець.

Спільний біль, наша спільна утрата,
Що єднає, тримає гуртом.
І священний хачкар*** Арарата
Постає над безсмертним Дніпром.','["pisni.org.ua", "cat:euromaydan", "Пісні Євромайдану"]',1,'published',COALESCE((SELECT created_at FROM songs WHERE id='pisniua_9278188'), datetime('now')),datetime('now'));
INSERT OR REPLACE INTO songs_fts(song_id,title,lyrics) VALUES ('pisniua_9278188','Де Вірменія й де – Україна...','Де Вірменія й де - Україна.
Та все ближчий мені Гаястан*,
Бо пов''язує нас пуповина -
Це Майдан, це Сергій Нігоян.

Це у храмах скорботні лампади
Над печаллю Спітакських руїн,
На Грушевського барикади
Й одчайдух-захисник фідаїн**.

Це пронизливий спів Комітаса,
Голокосту кривавий рубець.
Це проникливе слово Тараса
Й полум''яний чорнявий читець.

Спільний біль, наша спільна утрата,
Що єднає, тримає гуртом.
І священний хачкар*** Арарата
Постає над безсмертним Дніпром.');
INSERT OR REPLACE INTO songs (id,title,subtitle,lang,country,period,year,source,notes,lyrics,tags_json,lang_locked,status,created_at,updated_at) VALUES ('pisniua_9268281','Було у Матері чотири сини','Музика: Геннадій Володько Слова: Михайло Рох. Виконує: Геннадій Володько','uk','ukraine_before_1917',NULL,NULL,'http://www.stihi.ru/2013/01/25/3691',NULL,'Ой, у лузі, лузі червона калина,
За дітьми своїми тужить Україна.
Навіть сліз немає, виплакала Ненька,
Чом же дітки стали гірш, ніж вороженьки?
Як такеє сталось все не втямить Мати,
Що пішов війною кровний брат на брата?
А які ж чудові були в Неньки дітки
Гуртом зустрічали її біля хвіртки,
Дружно працювали і гуляли разом,
Якось одночасно помужніли з часом...

Хлопці високі й стрункі, як тополі -
Матері поміч дома, і в полі.
Сила козацька, доля жебрацька...
Вдарили громи з неба зненацька
І розкидало діток війною:
Хто у Петлюри, хто у червоних.
Той під знамена чорні подався...
Тільки молодший дома зостався.

Плаче Матуся, жде біля хати
Нікому жито стиглеє жати...
Плаче-ридає, зжалось серденько
Передчуває Лихо старенька.
Ой, у лузі, лузі червона калина
За дітьми своїми тужить Україна.

Братова куля вдарила в груди
Ладанку Неньці принесли люди.
Лава на лаву, сила на силу...
Курінь ховає старшого сина.
Шабля козацька, слава вояцька...
Ген, над рікою могила братська.
Лава на лаву, сила на силу...
Більше немає другого сина.

А десь на сході білі гармати,
Рознесли роту третього брата.
Лава на лаву, сила на силу...
Рота ховає третього сина.
Ой, у лузі, лузі червона калина
За дітьми своїми тужить Україна.

Військо на військо, сила на силу
Кулі та шаблі хлопців косили.
Криваві жнива війна збирала
І все було їй лютій замало.
Пришкандибало Лихо до хати:
Взяли "зелені" меншого брата.
Лава на лаву, сила на силу...
Було у Неньки чотири сини.

Плаче старенька, плаче-ридає
За що Всесвятий Так нас карає?
За що те лихо, нашій країні?
Чом брат на брата йде і донині?..
Ой, у лузі, лузі червона калина,
За дітьми своїми тужить Україна.
Навіть сліз немає, виплакала Ненька,
Чом же дітки стали гірш ніж вороженьки?','["pisni.org.ua", "cat:dumy", "Думи"]',1,'published',COALESCE((SELECT created_at FROM songs WHERE id='pisniua_9268281'), datetime('now')),datetime('now'));
INSERT OR REPLACE INTO songs_fts(song_id,title,lyrics) VALUES ('pisniua_9268281','Було у Матері чотири сини','Ой, у лузі, лузі червона калина,
За дітьми своїми тужить Україна.
Навіть сліз немає, виплакала Ненька,
Чом же дітки стали гірш, ніж вороженьки?
Як такеє сталось все не втямить Мати,
Що пішов війною кровний брат на брата?
А які ж чудові були в Неньки дітки
Гуртом зустрічали її біля хвіртки,
Дружно працювали і гуляли разом,
Якось одночасно помужніли з часом...

Хлопці високі й стрункі, як тополі -
Матері поміч дома, і в полі.
Сила козацька, доля жебрацька...
Вдарили громи з неба зненацька
І розкидало діток війною:
Хто у Петлюри, хто у червоних.
Той під знамена чорні подався...
Тільки молодший дома зостався.

Плаче Матуся, жде біля хати
Нікому жито стиглеє жати...
Плаче-ридає, зжалось серденько
Передчуває Лихо старенька.
Ой, у лузі, лузі червона калина
За дітьми своїми тужить Україна.

Братова куля вдарила в груди
Ладанку Неньці принесли люди.
Лава на лаву, сила на силу...
Курінь ховає старшого сина.
Шабля козацька, слава вояцька...
Ген, над рікою могила братська.
Лава на лаву, сила на силу...
Більше немає другого сина.

А десь на сході білі гармати,
Рознесли роту третього брата.
Лава на лаву, сила на силу...
Рота ховає третього сина.
Ой, у лузі, лузі червона калина
За дітьми своїми тужить Україна.

Військо на військо, сила на силу
Кулі та шаблі хлопців косили.
Криваві жнива війна збирала
І все було їй лютій замало.
Пришкандибало Лихо до хати:
Взяли "зелені" меншого брата.
Лава на лаву, сила на силу...
Було у Неньки чотири сини.

Плаче старенька, плаче-ридає
За що Всесвятий Так нас карає?
За що те лихо, нашій країні?
Чом брат на брата йде і донині?..
Ой, у лузі, лузі червона калина,
За дітьми своїми тужить Україна.
Навіть сліз немає, виплакала Ненька,
Чом же дітки стали гірш ніж вороженьки?');
INSERT OR REPLACE INTO song_links (id,song_id,title,url,kind,version_id,sort_order) VALUES ('pisniua_9268281_l1','pisniua_9268281','YouTube','https://www.youtube.com/watch?v=a305lF9ecG8','video',NULL,1);
INSERT OR REPLACE INTO songs (id,title,subtitle,lang,country,period,year,source,notes,lyrics,tags_json,lang_locked,status,created_at,updated_at) VALUES ('pisniua_9279085','Рушник вишиваний','Музика: Сергій Родько Слова: Алла Бінцаровська. Виконує: Наталія Цар, Гурт Струни Серця, Діана Симотюк','uk','ukraine_1991',NULL,NULL,'http://vk.com/audios-41907118',NULL,'Рушник святковий вишивала мама,
Щоб ним мене благословити в світ.
Весняними ясними кольорами,
Як цвіт калини, як волошки цвіт.
На нім веселка-райдуга барвиста,
На нім перлина сонця золота
І мамина молитва промениста,
Що до небес підносили уста.

Приспів:
Рушник вишиваний - як долі доріжка,
Тут квіти багряні й матусі усмішка.
Рушник вишиваний - як долі стежина,
Тут рідні краяни й моя Україна.

Рушник квітчастий хай дорогу світлу
Вистеляє мережкою мені.
Мій оберіг на доленьку розквітлу,
На щире слово й сонячні пісні.

Приспів.','["pisni.org.ua", "cat:pro-batkiv", "Пісні про любов до батьків"]',1,'published',COALESCE((SELECT created_at FROM songs WHERE id='pisniua_9279085'), datetime('now')),datetime('now'));
INSERT OR REPLACE INTO songs_fts(song_id,title,lyrics) VALUES ('pisniua_9279085','Рушник вишиваний','Рушник святковий вишивала мама,
Щоб ним мене благословити в світ.
Весняними ясними кольорами,
Як цвіт калини, як волошки цвіт.
На нім веселка-райдуга барвиста,
На нім перлина сонця золота
І мамина молитва промениста,
Що до небес підносили уста.

Приспів:
Рушник вишиваний - як долі доріжка,
Тут квіти багряні й матусі усмішка.
Рушник вишиваний - як долі стежина,
Тут рідні краяни й моя Україна.

Рушник квітчастий хай дорогу світлу
Вистеляє мережкою мені.
Мій оберіг на доленьку розквітлу,
На щире слово й сонячні пісні.

Приспів.');
INSERT OR REPLACE INTO song_links (id,song_id,title,url,kind,version_id,sort_order) VALUES ('pisniua_9279085_l1','pisniua_9279085','YouTube','https://www.youtube.com/watch?v=xcKEdGDmYeU','video',NULL,1);
INSERT OR REPLACE INTO songs (id,title,subtitle,lang,country,period,year,source,notes,lyrics,tags_json,lang_locked,status,created_at,updated_at) VALUES ('pisniua_9268989','Мукачівський вальс','Музика: Ігор Білик Слова: Валентина Попелюшка','uk','ukraine_before_1917',NULL,NULL,'Мукачево','Оранжування Олександра Ухача (Ужгород). Оригінал на сайті автора Валентини Попелюшки http://popeljushka.blogspot.com ================================== Оголошення конкурсу виконавців, призовий фонд на форумі сайту http://www.pisni.org.ua/forum.php?ntid=2024&start=1','Окрилено, натхненно, урочисто
Під музику кохання і весни
Танцює юність на долонях міста,
І цілий світ їй бачиться тісним.
Одна із найчарівніших мелодій:
Кохання і весна - вони для вас!
І дивляться Кирило і Мефодій
На площу Миру, де панує вальс.

Приспів:
Кружляють білі сукні, як на крилах,
До неба кожна пташкою зліта.
Здається, що Мефодія й Кирила
На танець кличуть юності літа.

Усе, як у житті, у тому танці:
Вперед-назад, іде з-під ніг земля.
Проснеться древнє місто завтра вранці,
У ритмі вальсу знову закружля.
Купають верби в Латориці віти,
У травах чисті роси ранок п''є.
Мелодією щастя оповите,
Цвіти, кружляй, Мукачево моє!

Приспів.    Аранжування  Олександр Ухач','["pisni.org.ua", "cat:all-ukraine", "cat:himny-marshi", "cat:socialno-pobutovi", "cat:zakarpatski", "Загальноукраїнські пісні", "Гимни та марші", "Соціально-побутові пісні", "Закарпатські пісні"]',1,'published',COALESCE((SELECT created_at FROM songs WHERE id='pisniua_9268989'), datetime('now')),datetime('now'));
INSERT OR REPLACE INTO songs_fts(song_id,title,lyrics) VALUES ('pisniua_9268989','Мукачівський вальс','Окрилено, натхненно, урочисто
Під музику кохання і весни
Танцює юність на долонях міста,
І цілий світ їй бачиться тісним.
Одна із найчарівніших мелодій:
Кохання і весна - вони для вас!
І дивляться Кирило і Мефодій
На площу Миру, де панує вальс.

Приспів:
Кружляють білі сукні, як на крилах,
До неба кожна пташкою зліта.
Здається, що Мефодія й Кирила
На танець кличуть юності літа.

Усе, як у житті, у тому танці:
Вперед-назад, іде з-під ніг земля.
Проснеться древнє місто завтра вранці,
У ритмі вальсу знову закружля.
Купають верби в Латориці віти,
У травах чисті роси ранок п''є.
Мелодією щастя оповите,
Цвіти, кружляй, Мукачево моє!

Приспів.    Аранжування  Олександр Ухач');
INSERT OR REPLACE INTO song_links (id,song_id,title,url,kind,version_id,sort_order) VALUES ('pisniua_9268989_l1','pisniua_9268989','YouTube','https://www.youtube.com/watch?v=LgVT3O5-gAM','video',NULL,1);
INSERT OR REPLACE INTO songs (id,title,subtitle,lang,country,period,year,source,notes,lyrics,tags_json,lang_locked,status,created_at,updated_at) VALUES ('pisniua_9274889','Ой, у городі у частоколі','Українська народна пісня','uk','ukraine_before_1917',NULL,NULL,'Надав Дід Срібновіт',NULL,'Ой, у городі, у частоколі, зелєно.
Ой, зелєно віно рано в недільку саджено.

Ой там Олєнка ружу щипала, зелєно.
Ой, зелєно віно рано в недільку саджено.

Вона щипала, ще й промовляла, зелєно.
Ой, зелєно віно рано в недільку саджено.

От я такая, як рожа цяя, зелєно.
Ой, зелєно віно рано в недільку саджено.

Шоб я пошла за круглявіца, зелєно.
Ой, зелєно віно рано в недільку саджено.

За круглявіцем та добре жити, зелєно.
Ой, зелєно віно рано в недільку саджено.

Та добре жити, та файно пити, зелєно.
Ой, зелєно віно рано в недільку саджено.

Та й не робити, не креслі сидіти, зелєно.
Ой, зелєно віно рано в недільку саджено.

На креслі сидіти, грошики лічити, зелєно.
Ой, зелєно віно рано в недільку саджено.    Ой у городі, у частоколі','["pisni.org.ua", "cat:lemkivski", "Лемківські пісні"]',1,'published',COALESCE((SELECT created_at FROM songs WHERE id='pisniua_9274889'), datetime('now')),datetime('now'));
INSERT OR REPLACE INTO songs_fts(song_id,title,lyrics) VALUES ('pisniua_9274889','Ой, у городі у частоколі','Ой, у городі, у частоколі, зелєно.
Ой, зелєно віно рано в недільку саджено.

Ой там Олєнка ружу щипала, зелєно.
Ой, зелєно віно рано в недільку саджено.

Вона щипала, ще й промовляла, зелєно.
Ой, зелєно віно рано в недільку саджено.

От я такая, як рожа цяя, зелєно.
Ой, зелєно віно рано в недільку саджено.

Шоб я пошла за круглявіца, зелєно.
Ой, зелєно віно рано в недільку саджено.

За круглявіцем та добре жити, зелєно.
Ой, зелєно віно рано в недільку саджено.

Та добре жити, та файно пити, зелєно.
Ой, зелєно віно рано в недільку саджено.

Та й не робити, не креслі сидіти, зелєно.
Ой, зелєно віно рано в недільку саджено.

На креслі сидіти, грошики лічити, зелєно.
Ой, зелєно віно рано в недільку саджено.    Ой у городі, у частоколі');
INSERT OR REPLACE INTO songs (id,title,subtitle,lang,country,period,year,source,notes,lyrics,tags_json,lang_locked,status,created_at,updated_at) VALUES ('pisniua_92786','Ми - гайдамаки','Слова: Осип Маковей. Виконує: Соколи, Іван Мацялко','uk','ukraine_1991',NULL,NULL,'Сьпіваник Українських Січових Стрільців. Відень, 1918.','*або: І ножі свячені наситять скажених, Постануть знов потоптані раби. **або: Бо ми гайдамаки, месники завзяті, Нам за народ і смерть не є страшна.','Ми - гайдамаки, всі ми однакі,
Всі ненавидим ляцькеє ярмо.
Йшли діди на муки, підуть і правнуки,
Ми за народ життя своє дамо.

Не тішся, враже, сотня поляже,
Тисяч натомість стане до борби.
За чорну зневагу складали присягу
Вести борбу поневолені раби.*

Наша присяга: Бог, честь, відвага,
Воля Вкраїни, кривджених добро.
Ними ся клянемо, пок живі будемо,
Ломить, палить кайдани і ярмо.

Пірвем кайдани, які тирани
Кріпше і кріпше сковують щодня.
Бо ми - гайдамаки, як один, однакі,
Не боїмось куль, ножів ні огня.**','["pisni.org.ua", "cat:himny-marshi", "Гимни та марші"]',1,'published',COALESCE((SELECT created_at FROM songs WHERE id='pisniua_92786'), datetime('now')),datetime('now'));
INSERT OR REPLACE INTO songs_fts(song_id,title,lyrics) VALUES ('pisniua_92786','Ми - гайдамаки','Ми - гайдамаки, всі ми однакі,
Всі ненавидим ляцькеє ярмо.
Йшли діди на муки, підуть і правнуки,
Ми за народ життя своє дамо.

Не тішся, враже, сотня поляже,
Тисяч натомість стане до борби.
За чорну зневагу складали присягу
Вести борбу поневолені раби.*

Наша присяга: Бог, честь, відвага,
Воля Вкраїни, кривджених добро.
Ними ся клянемо, пок живі будемо,
Ломить, палить кайдани і ярмо.

Пірвем кайдани, які тирани
Кріпше і кріпше сковують щодня.
Бо ми - гайдамаки, як один, однакі,
Не боїмось куль, ножів ні огня.**');
INSERT OR REPLACE INTO song_links (id,song_id,title,url,kind,version_id,sort_order) VALUES ('pisniua_92786_l1','pisniua_92786','YouTube','https://www.youtube.com/watch?v=Qrk968q4Y_w','video',NULL,1);
INSERT OR REPLACE INTO song_links (id,song_id,title,url,kind,version_id,sort_order) VALUES ('pisniua_92786_l2','pisniua_92786','YouTube','https://www.youtube.com/watch?v=3K_vomZNnrI','video',NULL,2);
INSERT OR REPLACE INTO song_links (id,song_id,title,url,kind,version_id,sort_order) VALUES ('pisniua_92786_l3','pisniua_92786','YouTube','https://www.youtube.com/watch?v=v3kuTdYEX1s','video',NULL,3);
INSERT OR REPLACE INTO songs (id,title,subtitle,lang,country,period,year,source,notes,lyrics,tags_json,lang_locked,status,created_at,updated_at) VALUES ('pisniua_9280080','Коли з шкільного двору ми підем',NULL,'uk','ukraine_1991',NULL,NULL,'аудіозапис',NULL,'Коли з шкільного двору ми підем
Під звуки вічно молодого вальсу,
Учитель до воріт нас проведе,
А потім знов його теж саме жде:
Стрічай, навчай, прийде пора - прощайся,
Коли зі школи рідної підем...

Ти по шкільних пройдися поверхах -
Тут пережито й пізнано не мало,
Тут біля дошки з крейдою в руках
Був успіхом окрилений, мов птах.
Якщо твоя удача заблукала,
Ти по шкільних пройдися поверхах.

Завжди нам буде школа світом мрій,
Відчинить двері, подарує спомин
Про той далекий Перший дзвоник твій,
І дівчинку, портфель носив якій.
Нехай ці дні не вернуться ніколи,
Завжди нам буде школа світом мрій.

Спасибі за одвічний той урок,
Що без перерви вів і без зупину,
Життя - предмет, який за кроком крок,
Свої оцінки виставить у срок,
А ти знайди ту відповідь єдину,
Спасибі за одвічний той урок!
Спасибі за одвічний той урок!','["pisni.org.ua", "cat:shkilni", "Пісні про школу"]',1,'published',COALESCE((SELECT created_at FROM songs WHERE id='pisniua_9280080'), datetime('now')),datetime('now'));
INSERT OR REPLACE INTO songs_fts(song_id,title,lyrics) VALUES ('pisniua_9280080','Коли з шкільного двору ми підем','Коли з шкільного двору ми підем
Під звуки вічно молодого вальсу,
Учитель до воріт нас проведе,
А потім знов його теж саме жде:
Стрічай, навчай, прийде пора - прощайся,
Коли зі школи рідної підем...

Ти по шкільних пройдися поверхах -
Тут пережито й пізнано не мало,
Тут біля дошки з крейдою в руках
Був успіхом окрилений, мов птах.
Якщо твоя удача заблукала,
Ти по шкільних пройдися поверхах.

Завжди нам буде школа світом мрій,
Відчинить двері, подарує спомин
Про той далекий Перший дзвоник твій,
І дівчинку, портфель носив якій.
Нехай ці дні не вернуться ніколи,
Завжди нам буде школа світом мрій.

Спасибі за одвічний той урок,
Що без перерви вів і без зупину,
Життя - предмет, який за кроком крок,
Свої оцінки виставить у срок,
А ти знайди ту відповідь єдину,
Спасибі за одвічний той урок!
Спасибі за одвічний той урок!');
INSERT OR REPLACE INTO songs (id,title,subtitle,lang,country,period,year,source,notes,lyrics,tags_json,lang_locked,status,created_at,updated_at) VALUES ('pisniua_9284487','Пісня виховників НВК "Любисток"','Українська народна пісня','uk','ukraine_before_1917',NULL,NULL,'аудіозапис',NULL,'Вранці діточки встають, у "Любисток" поспішають,
Вихователі їх радо до групи приймають.
В  садочку дитині цікаво щодня:
Тут різні забави, гуртки, творча гра.

Спортивний майдан і сенсорна кімната,
Заняття цікаві, книжок є багато.
Натхненно працює тут музкерівник
Таланти шукає - до цього він звик.

Таночки веселі, пісні голосні,
Гурток драматичний, артисти - ляльки.
Є класи просторі і їжа смачна,
Школярики вчаться, бо є в них мета:

Зростати швиденько, здоровими бути,
Найкращі знання у "Любистку" здобути.
Щоб тішились ними учителі,
Гордилися дуже їхні батьки.

А сад який чудовий навколо НВК,
Пташки, повітря чисте і білочка метка.
По дереві стрибає, горішки там шукає,
Все трудиться, клопочеться і діток розважає!','["pisni.org.ua", "cat:himny-marshi", "Гимни та марші"]',1,'published',COALESCE((SELECT created_at FROM songs WHERE id='pisniua_9284487'), datetime('now')),datetime('now'));
INSERT OR REPLACE INTO songs_fts(song_id,title,lyrics) VALUES ('pisniua_9284487','Пісня виховників НВК "Любисток"','Вранці діточки встають, у "Любисток" поспішають,
Вихователі їх радо до групи приймають.
В  садочку дитині цікаво щодня:
Тут різні забави, гуртки, творча гра.

Спортивний майдан і сенсорна кімната,
Заняття цікаві, книжок є багато.
Натхненно працює тут музкерівник
Таланти шукає - до цього він звик.

Таночки веселі, пісні голосні,
Гурток драматичний, артисти - ляльки.
Є класи просторі і їжа смачна,
Школярики вчаться, бо є в них мета:

Зростати швиденько, здоровими бути,
Найкращі знання у "Любистку" здобути.
Щоб тішились ними учителі,
Гордилися дуже їхні батьки.

А сад який чудовий навколо НВК,
Пташки, повітря чисте і білочка метка.
По дереві стрибає, горішки там шукає,
Все трудиться, клопочеться і діток розважає!');
INSERT OR REPLACE INTO songs (id,title,subtitle,lang,country,period,year,source,notes,lyrics,tags_json,lang_locked,status,created_at,updated_at) VALUES ('pisniua_9285484','Фізкульт-ура!','Музика: Ю. Чичков Слова: З. Петрова','uk','ukraine_before_1917',NULL,NULL,'аудіозапис',NULL,'Щоб рости і гартуватись,
Стать міцними, як броня,
Фізкультурою займатись
Треба, друзі, нам щодня!

Приспів:
Як слід загартуватись
Настала нам пора.
Фізкульт-ура! Фізкульт-ура!
Фізкульт-ура!

Нам пілюлі та мікстуру
В зимовий холодний день
Заміняють фізкультура,
Обтирання крижане.

Приспів.

Чи ангіні, чи застудам
Кажем: "Геть з-перед очей!"
Ковзани і лижі любим,
Дружим з шайбою, м''ячем.

Приспів.','["pisni.org.ua", "cat:socialno-pobutovi", "Соціально-побутові пісні"]',1,'published',COALESCE((SELECT created_at FROM songs WHERE id='pisniua_9285484'), datetime('now')),datetime('now'));
INSERT OR REPLACE INTO songs_fts(song_id,title,lyrics) VALUES ('pisniua_9285484','Фізкульт-ура!','Щоб рости і гартуватись,
Стать міцними, як броня,
Фізкультурою займатись
Треба, друзі, нам щодня!

Приспів:
Як слід загартуватись
Настала нам пора.
Фізкульт-ура! Фізкульт-ура!
Фізкульт-ура!

Нам пілюлі та мікстуру
В зимовий холодний день
Заміняють фізкультура,
Обтирання крижане.

Приспів.

Чи ангіні, чи застудам
Кажем: "Геть з-перед очей!"
Ковзани і лижі любим,
Дружим з шайбою, м''ячем.

Приспів.');
INSERT OR REPLACE INTO songs (id,title,subtitle,lang,country,period,year,source,notes,lyrics,tags_json,lang_locked,status,created_at,updated_at) VALUES ('pisniua_9282787','Реквієм','(Пливуть гроби по морю, як човни). Музика: Євгенія Таранюк Слова: Мар''яна Савка','uk','ukraine_1991',NULL,NULL,'аудіозапис',NULL,'Пливуть гроби по морю, як човни -
По морю рук, по морю сліз і гніву.
Пливуть в човнах розтерзані сини
На хвилі молитов і переспіву.

Так ніби в жилах замерзає кров,
А потім б''є у скроні голос крові
За тим, хто тихо жив, а відійшов
У дзвонах слави праведним Героєм.

Пливуть човни, гойдає кожну лодь
Людська долоня, тепла і тремтяча,
Човнами править втишений Господь,
А серце розривається і плаче.

І кожна мати плаче, і пече
Їй кожна рана у чужого сина.
Стоїть Майдан братів - плече в плече
І разом з ним ридає Україна.

Нехай же вам, Герої, віддає
Святий Петро ключі від того раю,
Де убієнний ангелом стає,
Бо він - герой. Герої не вмирають!

Герої не вмирають! Просто йдуть
З Майдану - в небо. В лицарі - зі смерті!
Пливуть човни. Пливуть човни. Пливуть...
Героєм слава - вписано у серці!','["pisni.org.ua", "cat:euromaydan", "Пісні Євромайдану"]',1,'published',COALESCE((SELECT created_at FROM songs WHERE id='pisniua_9282787'), datetime('now')),datetime('now'));
INSERT OR REPLACE INTO songs_fts(song_id,title,lyrics) VALUES ('pisniua_9282787','Реквієм','Пливуть гроби по морю, як човни -
По морю рук, по морю сліз і гніву.
Пливуть в човнах розтерзані сини
На хвилі молитов і переспіву.

Так ніби в жилах замерзає кров,
А потім б''є у скроні голос крові
За тим, хто тихо жив, а відійшов
У дзвонах слави праведним Героєм.

Пливуть човни, гойдає кожну лодь
Людська долоня, тепла і тремтяча,
Човнами править втишений Господь,
А серце розривається і плаче.

І кожна мати плаче, і пече
Їй кожна рана у чужого сина.
Стоїть Майдан братів - плече в плече
І разом з ним ридає Україна.

Нехай же вам, Герої, віддає
Святий Петро ключі від того раю,
Де убієнний ангелом стає,
Бо він - герой. Герої не вмирають!

Герої не вмирають! Просто йдуть
З Майдану - в небо. В лицарі - зі смерті!
Пливуть човни. Пливуть човни. Пливуть...
Героєм слава - вписано у серці!');
INSERT OR REPLACE INTO songs (id,title,subtitle,lang,country,period,year,source,notes,lyrics,tags_json,lang_locked,status,created_at,updated_at) VALUES ('pisniua_92888','Ну і що ж, як прийдеться нам вмерти','Слова: Святослав Ольшенко-Вільха','uk','ukr_ssr_1919_1991',NULL,NULL,'Полум''я (часопис тернопільських пластунів). Співаник.',NULL,'Ну і що ж як прийдеться нам вмерти
У похідній шинелі в житах,
Ми у вічі сміємося смерті,
А вмирати прийдеться лиш раз.

Будуть нас недаремно дівчата
На воротях прощати ждучи,
Будуть нам маршової співати
До атаки гранати рвучись.

Наша сотня ударна, залізна,
Наша сотня в бою - богатир.
Нас тризуба веде знам''я грізне,
І відважний наш друг командир.

За надругану честь України,
За споганьблену землю святу.
Ми ідемо до бою, щоб вмерти
За вкраїнську державу нову.','["pisni.org.ua", "cat:povstanski", "Повстанські пісні"]',1,'published',COALESCE((SELECT created_at FROM songs WHERE id='pisniua_92888'), datetime('now')),datetime('now'));
INSERT OR REPLACE INTO songs_fts(song_id,title,lyrics) VALUES ('pisniua_92888','Ну і що ж, як прийдеться нам вмерти','Ну і що ж як прийдеться нам вмерти
У похідній шинелі в житах,
Ми у вічі сміємося смерті,
А вмирати прийдеться лиш раз.

Будуть нас недаремно дівчата
На воротях прощати ждучи,
Будуть нам маршової співати
До атаки гранати рвучись.

Наша сотня ударна, залізна,
Наша сотня в бою - богатир.
Нас тризуба веде знам''я грізне,
І відважний наш друг командир.

За надругану честь України,
За споганьблену землю святу.
Ми ідемо до бою, щоб вмерти
За вкраїнську державу нову.');
INSERT OR REPLACE INTO songs (id,title,subtitle,lang,country,period,year,source,notes,lyrics,tags_json,lang_locked,status,created_at,updated_at) VALUES ('pisniua_9282982','Пісня про бабусю','Музика: Наталія Май Слова: Наталія Май. Виконує: Наталія Май','uk','ukraine_1991',NULL,NULL,NULL,NULL,'Вечір на дворі, сонце скотилось,
Зорі тривожно сяють в вікні,
Рідна бабуся, лагідна й мила,
Пісню тихенько співає мені.

Пісня до болю, душу відкриє,
Стомлені очі повні жалю,
Мила бабусю, горлиця сива,
Я тебе рідна дуже люблю!..

Я пригорнуся, міцно до тебе
І поцілую очі сумні.
Чуєш бабусю, суму не треба,
Хочеш, сама заспіваю тобі?

Пісню що твою, душу зігріє,
Щоб не бувало в серці жалю,
Мила бабусю, горлиця сива,
Я тебе рідна дуже люблю!','["pisni.org.ua", "cat:pro-batkiv", "Пісні про любов до батьків"]',1,'published',COALESCE((SELECT created_at FROM songs WHERE id='pisniua_9282982'), datetime('now')),datetime('now'));
INSERT OR REPLACE INTO songs_fts(song_id,title,lyrics) VALUES ('pisniua_9282982','Пісня про бабусю','Вечір на дворі, сонце скотилось,
Зорі тривожно сяють в вікні,
Рідна бабуся, лагідна й мила,
Пісню тихенько співає мені.

Пісня до болю, душу відкриє,
Стомлені очі повні жалю,
Мила бабусю, горлиця сива,
Я тебе рідна дуже люблю!..

Я пригорнуся, міцно до тебе
І поцілую очі сумні.
Чуєш бабусю, суму не треба,
Хочеш, сама заспіваю тобі?

Пісню що твою, душу зігріє,
Щоб не бувало в серці жалю,
Мила бабусю, горлиця сива,
Я тебе рідна дуже люблю!');
INSERT OR REPLACE INTO song_links (id,song_id,title,url,kind,version_id,sort_order) VALUES ('pisniua_9282982_l1','pisniua_9282982','YouTube','https://www.youtube.com/watch?v=SsoMYB4AvO0','video',NULL,1);
INSERT OR REPLACE INTO song_links (id,song_id,title,url,kind,version_id,sort_order) VALUES ('pisniua_9282982_l2','pisniua_9282982','YouTube','https://www.youtube.com/watch?v=emNJJX-bDYA','video',NULL,2);
INSERT OR REPLACE INTO song_links (id,song_id,title,url,kind,version_id,sort_order) VALUES ('pisniua_9282982_l3','pisniua_9282982','YouTube','https://www.youtube.com/watch?v=EC08qOJCKVk','video',NULL,3);
INSERT OR REPLACE INTO songs (id,title,subtitle,lang,country,period,year,source,notes,lyrics,tags_json,lang_locked,status,created_at,updated_at) VALUES ('pisniua_9291484','Я дочекаюсь тебе','Музика: Христина Панасюк Слова: Христина Панасюк. Виконує: Христина Панасюк','uk','ukraine_1991',NULL,NULL,'аудіозапис',NULL,'Я дочекаюсь тебе, любий сину,
Повір дочекаюсь!
Я Божу Матір прошу,
Щоб від тебе біду відвела!
Слізьми омиті ікони           |
І в серці вогонь не згасає,   |
Бо я пишаюсь тобою,           |
Болюча кровинка моя!          | (2)

Я дочекаюсь тебе, мій коханий,
Повір дочекаюсь
І я в обійми твої,
Наче зірка з небес упаду!
І я зізнаюсь тобі,            |
Що кохаю, як вперше зізнаюсь, |
Своїм теплом я, коханий,      |
Від тебе біду відведу!        | (2)

Я дочекаюсь тебе, любий тато,
Повір дочекаюсь,
А поки ляльку свою бережу,
Ту, що ти дарував,
Я мрію, щоб ти побачив,       |
Як я в білій сукні кружляю.   |
Прошу тебе, повернись,        |
Ти найкращий у світі татусь!  | (2)

Ти повернешся, бо знаєш,
Що рідні серця відчувають!
Ти повернешся, бо чуєш,
Як молять вони до небес!
Ти повернешся, ми віримо,     |
Знаємо й вірно чекаєм!        |
Наші гарячі серця             |
В злу негоду зігріють тебе!   | (2)','["pisni.org.ua", "cat:ato", "Пісні російсько-української війни та АТО"]',1,'published',COALESCE((SELECT created_at FROM songs WHERE id='pisniua_9291484'), datetime('now')),datetime('now'));
INSERT OR REPLACE INTO songs_fts(song_id,title,lyrics) VALUES ('pisniua_9291484','Я дочекаюсь тебе','Я дочекаюсь тебе, любий сину,
Повір дочекаюсь!
Я Божу Матір прошу,
Щоб від тебе біду відвела!
Слізьми омиті ікони           |
І в серці вогонь не згасає,   |
Бо я пишаюсь тобою,           |
Болюча кровинка моя!          | (2)

Я дочекаюсь тебе, мій коханий,
Повір дочекаюсь
І я в обійми твої,
Наче зірка з небес упаду!
І я зізнаюсь тобі,            |
Що кохаю, як вперше зізнаюсь, |
Своїм теплом я, коханий,      |
Від тебе біду відведу!        | (2)

Я дочекаюсь тебе, любий тато,
Повір дочекаюсь,
А поки ляльку свою бережу,
Ту, що ти дарував,
Я мрію, щоб ти побачив,       |
Як я в білій сукні кружляю.   |
Прошу тебе, повернись,        |
Ти найкращий у світі татусь!  | (2)

Ти повернешся, бо знаєш,
Що рідні серця відчувають!
Ти повернешся, бо чуєш,
Як молять вони до небес!
Ти повернешся, ми віримо,     |
Знаємо й вірно чекаєм!        |
Наші гарячі серця             |
В злу негоду зігріють тебе!   | (2)');
INSERT OR REPLACE INTO song_links (id,song_id,title,url,kind,version_id,sort_order) VALUES ('pisniua_9291484_l1','pisniua_9291484','YouTube','https://www.youtube.com/watch?v=JiwYFKZKgqc','video',NULL,1);
INSERT OR REPLACE INTO songs (id,title,subtitle,lang,country,period,year,source,notes,lyrics,tags_json,lang_locked,status,created_at,updated_at) VALUES ('pisniua_929282','Дивувалась зима чом се тають снiги','Музика: Святослав Силенко Слова: Іван Франко. Виконує: Святослав Силенко','uk','ukraine_1991',NULL,'2005','слова записано на слух','Співає Святослав Силенко: сл. Ів. Франка, муз. Св. Силенка. — Дух не вмирає, дух не згасає. Олег Скрипка презентує пісні барикад. Пісні Помаранчевого повстання. Кружало, 2005. Стежки до інших листків про Українські пісні. Вірш Івана Франка: http://www.interklasa.pl/portal/dokumenty/r_mowa/strony_ukr/fr01.htm http://lib.ru/SU/UKRAINA/FRANKO/poetry.txt дивувалась зима чом се тають снiги чом льоди присли(1) всi на широкiй рiцi дивувалась зима чом так слабне вона де той легiт(2) бересь що теплом пронима дивувалась зима як се скрiпла земля наливаєсь теплом оживав щодня дивувалась зима як посмiли над снiг проклюнутись квiтки запахущi дрiбнi і дунула на них вiтром з уст льодяних і пластом почала снiг метати на них похилились квiтки посумнiли замклись(3) шуря-буря пройшла вони знов пiднялись і найдужче над тим дивувалась зима що на цвiт той дрiбний в неї сили нема (1) Приснути - розламатися. (2) Легiт - легкий вiтерець. (3) Замклитись – закритись','Дивувалась зима, чом це тануть снiги,
Чом льоди скресли всi на широкiй рiцi

Дивувалась зима, як посмiли над снiг
Проклюнутись квiтки запахущi дрiбнi

І дунула на них вiтром з уст ледяних
І пластом почала снiг метати на них

Похилились квiтки, посумнiли, замклись
Шуря-буря пройшла вони знов пiднялись

І найдужче над тим  дивувалась зима,
Що на цвiт той дрiбний в неї сили нема | (2)','["pisni.org.ua", "cat:krasa-pryrody", "cat:philosophic", "Пісні про красу природи", "Філософські пісні"]',1,'published',COALESCE((SELECT created_at FROM songs WHERE id='pisniua_929282'), datetime('now')),datetime('now'));
INSERT OR REPLACE INTO songs_fts(song_id,title,lyrics) VALUES ('pisniua_929282','Дивувалась зима чом се тають снiги','Дивувалась зима, чом це тануть снiги,
Чом льоди скресли всi на широкiй рiцi

Дивувалась зима, як посмiли над снiг
Проклюнутись квiтки запахущi дрiбнi

І дунула на них вiтром з уст ледяних
І пластом почала снiг метати на них

Похилились квiтки, посумнiли, замклись
Шуря-буря пройшла вони знов пiднялись

І найдужче над тим  дивувалась зима,
Що на цвiт той дрiбний в неї сили нема | (2)');
INSERT OR REPLACE INTO songs (id,title,subtitle,lang,country,period,year,source,notes,lyrics,tags_json,lang_locked,status,created_at,updated_at) VALUES ('pisniua_929585','Побратався Сокіл з Сизокрилим Орлом *','Українська народна пісня. Виконує: Микола Будник','uk','ukraine_before_1917',NULL,NULL,'1. Співає зі старосвітською бандурою кобзар Микола Будник: Воскресні та Спасительні пісні © Видавництво "Павутинонька", Нью Йорк – Львів – Київ – Харків – Москва, 2003 2. Перлини української народної пісні. - К.: Музична Україна, 1989','Українські реліґійні роздуми про Воскресіння, Неволю і Спасіння. Пісні Великодні — Спасительні: світ не по Правді. Пісні-плачі Сокола-Прадіда. Ой Ми зіслані на Признаванє. Бездільне Своє та Безрідне Ясне Соколя утеряв. Гей Брате Мій Орле а де ж Мої Маленькії Діти? Терня порубали Соколят забрали. Ой піду я Лугом Лугом-Долиною Ой Соколе Соколоньку Побратався Сокіл з Сизокрилим Орлом Заплакала Україна така її Доля. Плаче Сокіл плаче Сльозами ридає. Листки з приводу цієї Пісні: Передріздвяний Святочний час: Упереджуючі знаки, Михайла 21.11. Українське Свято Воведення 4.12 - Передріздвяний Святочний час. Еротичні містерії, Катерини 7.12 — Передріздвяний Святочний час. Рокове Коло. Стежки до листків про Українські традиції.','Побратався Сокіл з Сизокрилим Орлом
Гей Брате-мій-брате Сизокрилий Орле

Оставляю Тобі усі мої Пожитки
Усі мої пожитки ще й Маленькі Діти

А сам я полину в Чужу Сторононьку
У Чужую Сторону шукати Талану

Ой як Добре буде то я забарюся
А як не буде то назад вернуся

Літа Сокіл Літо літа Сокіл Друге
А на Третє Літо Сокіл прилітає

Сокіл прилітає да Орла питає
Гей Брате-мій Орле а де ж Мої Маленькії Діти

Твої Брате Діти полинули в Луги
Полинули в Луги з Великої Туги

А сіли Твої Діти на Високім Дереві
На Високому Дереві Колючому Терні

Приїхали пани з Чужої Сторони
Терня порубали Соколят забрали

Плаче Сокіл плаче Сльозами ридає
Дрібними Сльозами всі Луки стопляє','["pisni.org.ua", "cat:dumy", "cat:kozacki", "cat:socialno-pobutovi", "cat:suspilno-politychni", "Думи", "Козацькі пісні", "Соціально-побутові пісні", "Суспільно-політичні пісні"]',1,'published',COALESCE((SELECT created_at FROM songs WHERE id='pisniua_929585'), datetime('now')),datetime('now'));
INSERT OR REPLACE INTO songs_fts(song_id,title,lyrics) VALUES ('pisniua_929585','Побратався Сокіл з Сизокрилим Орлом *','Побратався Сокіл з Сизокрилим Орлом
Гей Брате-мій-брате Сизокрилий Орле

Оставляю Тобі усі мої Пожитки
Усі мої пожитки ще й Маленькі Діти

А сам я полину в Чужу Сторононьку
У Чужую Сторону шукати Талану

Ой як Добре буде то я забарюся
А як не буде то назад вернуся

Літа Сокіл Літо літа Сокіл Друге
А на Третє Літо Сокіл прилітає

Сокіл прилітає да Орла питає
Гей Брате-мій Орле а де ж Мої Маленькії Діти

Твої Брате Діти полинули в Луги
Полинули в Луги з Великої Туги

А сіли Твої Діти на Високім Дереві
На Високому Дереві Колючому Терні

Приїхали пани з Чужої Сторони
Терня порубали Соколят забрали

Плаче Сокіл плаче Сльозами ридає
Дрібними Сльозами всі Луки стопляє');
INSERT OR REPLACE INTO songs (id,title,subtitle,lang,country,period,year,source,notes,lyrics,tags_json,lang_locked,status,created_at,updated_at) VALUES ('pisniua_929487','Вже більше літ двісті як козак в неволі','Українська народна пісня','uk','ukraine_before_1917',NULL,NULL,'Українські релігійні роздуми про Спасіння © Видавництво "Павутинонька", Нью Йорк – Львів – Київ – Харків – Москва, 2003','Див. також: А. Свидницький, Бібліотека Української Літератури, Київ, Наукова Думка, 1985, с. 550: Вже більше літ двісті, як Козак в неволі...Кинь плуг, козаче, бери ніж, де здибаєш вороженька, там і ріж. Гей вийди Доле із Води визволь мене Серденько із біди. Висловлювання: Ци держи Віру Старовіцкую? Якби ви вчились так, як треба, то й мудрість би була своя. А то залізите на небо: І ми не ми, і я не я, І все те бачив, і все знаю, нема ні пекла, ані раю, Немає й бога, тілько я! та куций німець узловатий, А більш нікого!.. – Добре, брате, що ж ти такеє? Нехай скаже Німець. Ми не знаєм. Отак-то ви навчаєтесь у чужому краю! Німець скаже: Ви моголи — Моголи! моголи! Золотого Тамерлана онучата голі. Німець скаже: Ви слав''яне — Слав''яне! Слав''яне! Славних прадідів великих правнукі погані! — Тарас Шевченко','Вже більше літ двісті як Козак в неволі
Понад Дніпром ходить викликає Долю
Гей вийди Доле із Води визволь мене Серденько із біди  | (2)

Не вийду Козаче не вийду Соколе
Хоть рада б не вийду бо сама в неволі
Гей у неволі у ярмі під московським караулом у тюрмі   | (2)

Мене Молодую Козацькую Долю
Запродали в тяжку московську неволю
Гей у неволю в кайдани ой чи думав ти гетьмане Богдане | (2)

Із ратищ козацьких серпи поробили
А списи шаблюки в коси поломили
Де ж наші Коні Соколи самі Козаченьки як Орли          | (2)

Коні наші в Лузі а Козак за плугом
Мужик виглядає за Широким Лугом
Гей ти Козаче покинь плуг тай на Коня і на волю швидше в Луг | (2)','["pisni.org.ua", "cat:dumy", "cat:istorychni", "cat:kozacki", "cat:suspilno-politychni", "Думи", "Історичні пісні", "Козацькі пісні", "Суспільно-політичні пісні"]',1,'published',COALESCE((SELECT created_at FROM songs WHERE id='pisniua_929487'), datetime('now')),datetime('now'));
INSERT OR REPLACE INTO songs_fts(song_id,title,lyrics) VALUES ('pisniua_929487','Вже більше літ двісті як козак в неволі','Вже більше літ двісті як Козак в неволі
Понад Дніпром ходить викликає Долю
Гей вийди Доле із Води визволь мене Серденько із біди  | (2)

Не вийду Козаче не вийду Соколе
Хоть рада б не вийду бо сама в неволі
Гей у неволі у ярмі під московським караулом у тюрмі   | (2)

Мене Молодую Козацькую Долю
Запродали в тяжку московську неволю
Гей у неволю в кайдани ой чи думав ти гетьмане Богдане | (2)

Із ратищ козацьких серпи поробили
А списи шаблюки в коси поломили
Де ж наші Коні Соколи самі Козаченьки як Орли          | (2)

Коні наші в Лузі а Козак за плугом
Мужик виглядає за Широким Лугом
Гей ти Козаче покинь плуг тай на Коня і на волю швидше в Луг | (2)');
INSERT OR REPLACE INTO song_links (id,song_id,title,url,kind,version_id,sort_order) VALUES ('pisniua_929487_l1','pisniua_929487','YouTube','https://www.youtube.com/watch?v=UTn5RUeVsA8','video',NULL,1);
INSERT OR REPLACE INTO song_links (id,song_id,title,url,kind,version_id,sort_order) VALUES ('pisniua_929487_l2','pisniua_929487','Переглянути варіанти >>','https://www.pisni.org.ua/#variants','external',NULL,2);
INSERT OR REPLACE INTO songs (id,title,subtitle,lang,country,period,year,source,notes,lyrics,tags_json,lang_locked,status,created_at,updated_at) VALUES ('pisniua_9303384','Дванадцять нас в гурті Котів','Музика: Іван Недільський Слова: Микола Угрин-Безгрішний','uk','ukr_ssr_1919_1991',NULL,'1947','аудіозапис','Пісня гуртка пл. юнаків "Чорні Коти" у Байроті, створена на еміґрації 1947 року.','Дванадцять нас в гурті Котів,
Вже силу творимо в боях,
Не боїмось гірських хребтів,
Ні моря трав в лугах-степах.

Наш прапор чорний, мов ця ніч,
Як гай зелений, - барви дві.
Ідемо з ним, мов горда Січ,
Байдужі нам і громів дні.

Бо ми коти - гнучкі, як сталь,
Берем яри, безмежну даль,
І кожен з нас дванадцятьох
Глибоко вірить гаслу "тох".','["pisni.org.ua", "cat:plastovi", "Пластові пісні"]',1,'published',COALESCE((SELECT created_at FROM songs WHERE id='pisniua_9303384'), datetime('now')),datetime('now'));
INSERT OR REPLACE INTO songs_fts(song_id,title,lyrics) VALUES ('pisniua_9303384','Дванадцять нас в гурті Котів','Дванадцять нас в гурті Котів,
Вже силу творимо в боях,
Не боїмось гірських хребтів,
Ні моря трав в лугах-степах.

Наш прапор чорний, мов ця ніч,
Як гай зелений, - барви дві.
Ідемо з ним, мов горда Січ,
Байдужі нам і громів дні.

Бо ми коти - гнучкі, як сталь,
Берем яри, безмежну даль,
І кожен з нас дванадцятьох
Глибоко вірить гаслу "тох".');
INSERT OR REPLACE INTO songs (id,title,subtitle,lang,country,period,year,source,notes,lyrics,tags_json,lang_locked,status,created_at,updated_at) VALUES ('pisniua_9303787','"Огоньок" український, повстанський','Слова: Михайло Ісаковський','uk','ukr_ssr_1919_1991',NULL,NULL,'Мій власний вільний переклад',NULL,'Попід хатою дівчина
Провела мене в ліс.
Побажала, найліпші щоб
Сподівання збулись.
І допоки виднілося
Те віконце мені,
Вогник цяткою білою
Все блищав у вікні.

Мене стрінула радісно
Побратимів сім''я.
Важко битись зібралися,
Разом з ними і я.
Та щодня, щогодини я
Вогник той пам''ятав,
Що світила дівчина та,
Яку вірно кохав.

А дівчина з нагодою
Звістку передала,
Що дівоча любов її
Ще міцніш, ніж була.
Скільки треба, чекатиме,
Вірить, прийде наш час,
Що поверну до хати я,
де ще вогник не згас.

І так звістка та втішила
На війні вояка.
Вдвічі сила побільшала,
Вже ніщо не зляка.
І заброду неситого
Битиму без жалю
За Вкраїну омріяну,
За кохану свою!','["pisni.org.ua", "cat:povstanski", "Повстанські пісні"]',1,'published',COALESCE((SELECT created_at FROM songs WHERE id='pisniua_9303787'), datetime('now')),datetime('now'));
INSERT OR REPLACE INTO songs_fts(song_id,title,lyrics) VALUES ('pisniua_9303787','"Огоньок" український, повстанський','Попід хатою дівчина
Провела мене в ліс.
Побажала, найліпші щоб
Сподівання збулись.
І допоки виднілося
Те віконце мені,
Вогник цяткою білою
Все блищав у вікні.

Мене стрінула радісно
Побратимів сім''я.
Важко битись зібралися,
Разом з ними і я.
Та щодня, щогодини я
Вогник той пам''ятав,
Що світила дівчина та,
Яку вірно кохав.

А дівчина з нагодою
Звістку передала,
Що дівоча любов її
Ще міцніш, ніж була.
Скільки треба, чекатиме,
Вірить, прийде наш час,
Що поверну до хати я,
де ще вогник не згас.

І так звістка та втішила
На війні вояка.
Вдвічі сила побільшала,
Вже ніщо не зляка.
І заброду неситого
Битиму без жалю
За Вкраїну омріяну,
За кохану свою!');
INSERT OR REPLACE INTO songs (id,title,subtitle,lang,country,period,year,source,notes,lyrics,tags_json,lang_locked,status,created_at,updated_at) VALUES ('pisniua_9301686','Найкращій бабусі','Музика: Анна Олєйнікова Слова: Євгенія Левченко. Виконує: Анна Ткаченко','uk','ukraine_1991',NULL,NULL,'http://natakarpovich.blogspot.is/p/blog-page_20.html',NULL,'Бабуся моя - чарівниця,
Вона все уміє у нас:
Пече пироги й паляниці,
І радісно всім у цей час.
А ще може вишить сорочку,
Рушник вишиває мені...
Бабусі, моїй чарівниці,
Співаю хороші пісні.

Приспів:
Бабусі співаю, всміхаюся їй,
Бабусі, бабусі - найкращій моїй.
Бабусю, бабусю, голубко моя,
Як добре, бабусю, що в тебе є я!

Спасибі, бабусенько мила,
За те, що у мене ти є,
Що любиш мене і лелієш,
Зігрію я серце твоє.

Приспів.','["pisni.org.ua", "cat:pro-batkiv", "Пісні про любов до батьків"]',1,'published',COALESCE((SELECT created_at FROM songs WHERE id='pisniua_9301686'), datetime('now')),datetime('now'));
INSERT OR REPLACE INTO songs_fts(song_id,title,lyrics) VALUES ('pisniua_9301686','Найкращій бабусі','Бабуся моя - чарівниця,
Вона все уміє у нас:
Пече пироги й паляниці,
І радісно всім у цей час.
А ще може вишить сорочку,
Рушник вишиває мені...
Бабусі, моїй чарівниці,
Співаю хороші пісні.

Приспів:
Бабусі співаю, всміхаюся їй,
Бабусі, бабусі - найкращій моїй.
Бабусю, бабусю, голубко моя,
Як добре, бабусю, що в тебе є я!

Спасибі, бабусенько мила,
За те, що у мене ти є,
Що любиш мене і лелієш,
Зігрію я серце твоє.

Приспів.');
INSERT OR REPLACE INTO song_links (id,song_id,title,url,kind,version_id,sort_order) VALUES ('pisniua_9301686_l1','pisniua_9301686','YouTube','https://www.youtube.com/watch?v=IvLttGLh_Rc','video',NULL,1);
INSERT OR REPLACE INTO songs (id,title,subtitle,lang,country,period,year,source,notes,lyrics,tags_json,lang_locked,status,created_at,updated_at) VALUES ('pisniua_9304580','Ми - Україна','Музика: Брія Блессінг Слова: Брія Блессінг. Виконує: Брія Блессінг','uk','ukraine_1991',NULL,NULL,'http://fon-ki.com/load/13-1-0-3645','Це актуальна патріотична пісня.','Всі чорні птахи
Злетілись на схід,
Закрили нам сонце й світлі дні,
А наші летять -
В них страху нема,
Ще трохи й розійдеться пітьма,
І знаєм ми

Приспів:
Це синьо-жовта земля,
Єдина наша країна,
В нас є світле майбуття,
Так, Україна жива!
З вершин хай всі заспівають разом:
Ми - Україна!

О, мамо, мамо, не плач,
За мене молись,
Підтримуй любов''ю Ти мене,
І в серці завжди
З Тобою я є,
І в серці моєму будеш Ти,
І пам''ятай

Приспів.

Ми - Україна!

Небесний наш Ти Отець,
Хай прийде царство Твоє,
Хай буде воля Твоя,
Тобі вся слава й хвала!
Благаєм, Ти бережи
Наших сестер і братів,
Тримай у Своїх руках
Й святиться Твоє ім''я!

Приспів. (2)

Ми - Україна!
Ми - Україна!','["pisni.org.ua", "cat:patriotic", "Патріотичні пісні"]',1,'published',COALESCE((SELECT created_at FROM songs WHERE id='pisniua_9304580'), datetime('now')),datetime('now'));
INSERT OR REPLACE INTO songs_fts(song_id,title,lyrics) VALUES ('pisniua_9304580','Ми - Україна','Всі чорні птахи
Злетілись на схід,
Закрили нам сонце й світлі дні,
А наші летять -
В них страху нема,
Ще трохи й розійдеться пітьма,
І знаєм ми

Приспів:
Це синьо-жовта земля,
Єдина наша країна,
В нас є світле майбуття,
Так, Україна жива!
З вершин хай всі заспівають разом:
Ми - Україна!

О, мамо, мамо, не плач,
За мене молись,
Підтримуй любов''ю Ти мене,
І в серці завжди
З Тобою я є,
І в серці моєму будеш Ти,
І пам''ятай

Приспів.

Ми - Україна!

Небесний наш Ти Отець,
Хай прийде царство Твоє,
Хай буде воля Твоя,
Тобі вся слава й хвала!
Благаєм, Ти бережи
Наших сестер і братів,
Тримай у Своїх руках
Й святиться Твоє ім''я!

Приспів. (2)

Ми - Україна!
Ми - Україна!');
INSERT OR REPLACE INTO song_links (id,song_id,title,url,kind,version_id,sort_order) VALUES ('pisniua_9304580_l1','pisniua_9304580','YouTube','https://www.youtube.com/watch?v=w59L4_JN3_Q','video',NULL,1);
INSERT OR REPLACE INTO songs (id,title,subtitle,lang,country,period,year,source,notes,lyrics,tags_json,lang_locked,status,created_at,updated_at) VALUES ('pisniua_9295080','Алілуя, наш Господь',NULL,'uk','ukraine_1991',NULL,NULL,'християнський пісенник',NULL,'Алілуя, наш Господь
Повстав з гробу з сяйвом дня!
Заспіваймо з усіх серць
Цілим світом нову піснь.
Алілуя! Алілуя! Алілуя! Алілуя!

Ганьбу хреста для нас зніс,
Прийняв муку, прийняв смерть.
Знову тішить нас в цей день
Воскресіння осяйне.
Алілуя! Алілуя! Алілуя! Алілуя!

Вже скінчилась гріху ніч,
Перемогла Божа міць,
Настав перемоги день,
Співаймо радісних пісень.
Алілуя! Алілуя! Алілуя! Алілуя!

Хай радіє Божий люд,
Хай хор Ангелів співа.
Радій, Матір, бо Твій Син
В сяйві слави знов живе!
Алілуя! Алілуя! Алілуя! Алілуя!','["pisni.org.ua", "cat:voskresni", "Воскресні пісні"]',1,'published',COALESCE((SELECT created_at FROM songs WHERE id='pisniua_9295080'), datetime('now')),datetime('now'));
INSERT OR REPLACE INTO songs_fts(song_id,title,lyrics) VALUES ('pisniua_9295080','Алілуя, наш Господь','Алілуя, наш Господь
Повстав з гробу з сяйвом дня!
Заспіваймо з усіх серць
Цілим світом нову піснь.
Алілуя! Алілуя! Алілуя! Алілуя!

Ганьбу хреста для нас зніс,
Прийняв муку, прийняв смерть.
Знову тішить нас в цей день
Воскресіння осяйне.
Алілуя! Алілуя! Алілуя! Алілуя!

Вже скінчилась гріху ніч,
Перемогла Божа міць,
Настав перемоги день,
Співаймо радісних пісень.
Алілуя! Алілуя! Алілуя! Алілуя!

Хай радіє Божий люд,
Хай хор Ангелів співа.
Радій, Матір, бо Твій Син
В сяйві слави знов живе!
Алілуя! Алілуя! Алілуя! Алілуя!');
INSERT OR REPLACE INTO songs (id,title,subtitle,lang,country,period,year,source,notes,lyrics,tags_json,lang_locked,status,created_at,updated_at) VALUES ('pisniua_9279982','Абеткову пісенька','Музика: Володимир Лепешкo Слова: Софія Андрухович','uk','ukraine_1991',NULL,NULL,'аудіозапис',NULL,'Абеткову пісеньку весело співать.
Абеткову пісеньку треба добре знать!

А, Бе, Ве - коник у траві живе,
Ге, Ге, Де, Е - мама донечку веде,
Є, Же, Зе - по стежині жук повзе,
И, І, Ї, Й - гріється на сонці змій.

Ка, еЛ, еМ - лисенятко під кущем,
еН, О, Пе - песик носиком сопе,
еР, еС, Те - в полі житечко росте,
У, еФ, Ха - я сміюся - ха-ха-ха!

Це, Ча, Ша - кіт в дорогу вируша,
Ща, Ю, Я - гарна пісенька моя.
Знак м''який Ь - помічник мовчазний,
Не мовчи, а абеточку учи!','["pisni.org.ua", "cat:dytyachi", "Дитячі пісні"]',1,'published',COALESCE((SELECT created_at FROM songs WHERE id='pisniua_9279982'), datetime('now')),datetime('now'));
INSERT OR REPLACE INTO songs_fts(song_id,title,lyrics) VALUES ('pisniua_9279982','Абеткову пісенька','Абеткову пісеньку весело співать.
Абеткову пісеньку треба добре знать!

А, Бе, Ве - коник у траві живе,
Ге, Ге, Де, Е - мама донечку веде,
Є, Же, Зе - по стежині жук повзе,
И, І, Ї, Й - гріється на сонці змій.

Ка, еЛ, еМ - лисенятко під кущем,
еН, О, Пе - песик носиком сопе,
еР, еС, Те - в полі житечко росте,
У, еФ, Ха - я сміюся - ха-ха-ха!

Це, Ча, Ша - кіт в дорогу вируша,
Ща, Ю, Я - гарна пісенька моя.
Знак м''який Ь - помічник мовчазний,
Не мовчи, а абеточку учи!');
INSERT OR REPLACE INTO songs (id,title,subtitle,lang,country,period,year,source,notes,lyrics,tags_json,lang_locked,status,created_at,updated_at) VALUES ('pisniua_929188','Боже, Боже, якій то жаль','Українська народна пісня','uk','ukraine_before_1917',NULL,NULL,'Самвидавний туристський пісенник: Там на Лемковині помедже горами. - Літо 1981.','Вказаний у джерелі пісенник створений українцем з Польщі Лехом Ляхом. Ймовірно, що обробка тексту й мелодії, підбір акордів здійснені ним. Діалектизми: быв - був; вера - правда, справді (на мой веру - направду, насправді); всяды - всюди; вшелеякій, вшелиякий - всілякий; гмерла - вмерла; добрі - добре; заглавок (загвавок), загововок - подушка; кады - куди; лавка - місце для спання в хаті; мам, ма - маю, має; мня - мене; ниґда - ніколи; попатриц - поглянути; хоц - хоч, хоча; ци - чи. Відміна пісні: Добрі тому Коса косит','Боже, Боже, якій то жаль,
Ей, до мня ходив, иншу си взяв,
Ей, до мня ходив зо два рочкы,   |
Гей, з иншом буде стискав бочкы! |

Добрі тому коса косит,
Ей, што му мила їсти носит,
Ей, не шкодит му горбок, яма,    |
Гей, хоц и коса не клепана.      |(2)

Иду, иду, не знам кады,
Ей, дує вітер на мня всяды,
Ей, дує, дує вшелеякій,          |
Гей, бодай ниґда не быв такій!   |(2)

Добрі тому, хто ма жену,
Ей, не подперат людску стену,
Ей, а я не мам, на мой веру,     |
Гей, бо мі гмерла на холеру.     |(2)

Боже, Боже, ци то не жаль,
Ей, як попатриц, де я лежав?
Ей, як попатриц на ту лавку,     |
Гей, де я лежав на заглавку!     |(2)','["pisni.org.ua", "cat:lemkivski", "Лемківські пісні"]',1,'published',COALESCE((SELECT created_at FROM songs WHERE id='pisniua_929188'), datetime('now')),datetime('now'));
INSERT OR REPLACE INTO songs_fts(song_id,title,lyrics) VALUES ('pisniua_929188','Боже, Боже, якій то жаль','Боже, Боже, якій то жаль,
Ей, до мня ходив, иншу си взяв,
Ей, до мня ходив зо два рочкы,   |
Гей, з иншом буде стискав бочкы! |

Добрі тому коса косит,
Ей, што му мила їсти носит,
Ей, не шкодит му горбок, яма,    |
Гей, хоц и коса не клепана.      |(2)

Иду, иду, не знам кады,
Ей, дує вітер на мня всяды,
Ей, дує, дує вшелеякій,          |
Гей, бодай ниґда не быв такій!   |(2)

Добрі тому, хто ма жену,
Ей, не подперат людску стену,
Ей, а я не мам, на мой веру,     |
Гей, бо мі гмерла на холеру.     |(2)

Боже, Боже, ци то не жаль,
Ей, як попатриц, де я лежав?
Ей, як попатриц на ту лавку,     |
Гей, де я лежав на заглавку!     |(2)');
INSERT OR REPLACE INTO songs (id,title,subtitle,lang,country,period,year,source,notes,lyrics,tags_json,lang_locked,status,created_at,updated_at) VALUES ('pisniua_9302487','Зустріч випускників',NULL,'uk','ukraine_1991',NULL,NULL,'аудіозапис',NULL,'Зашуми, великий зале,
Більше оплесків давай,
Всіх випускників колишніх,
Рідна школа, привітай!
Хай лунає наша пісня
На межі тисячоліть!
Зустрічайтесь, покоління,
Многая вам й блага літ!

Приспів:
Наша зустріч незабутня
Нагадає знов і знов
Про дитинство і про юність,
Про навчання й про любов!

Веселіше посміхайтесь,
Як у юності колись.
Пригадати шкільні будні
Шкільні друзі всі зійшлись.
Хоч літа пливуть нестримно,
Вже й на скронях сивина,
Будьмо учнями сьогодні:
Школа в нас усіх одна!

Приспів. (2)','["pisni.org.ua", "cat:shkilni", "Пісні про школу"]',1,'published',COALESCE((SELECT created_at FROM songs WHERE id='pisniua_9302487'), datetime('now')),datetime('now'));
INSERT OR REPLACE INTO songs_fts(song_id,title,lyrics) VALUES ('pisniua_9302487','Зустріч випускників','Зашуми, великий зале,
Більше оплесків давай,
Всіх випускників колишніх,
Рідна школа, привітай!
Хай лунає наша пісня
На межі тисячоліть!
Зустрічайтесь, покоління,
Многая вам й блага літ!

Приспів:
Наша зустріч незабутня
Нагадає знов і знов
Про дитинство і про юність,
Про навчання й про любов!

Веселіше посміхайтесь,
Як у юності колись.
Пригадати шкільні будні
Шкільні друзі всі зійшлись.
Хоч літа пливуть нестримно,
Вже й на скронях сивина,
Будьмо учнями сьогодні:
Школа в нас усіх одна!

Приспів. (2)');
INSERT OR REPLACE INTO songs (id,title,subtitle,lang,country,period,year,source,notes,lyrics,tags_json,lang_locked,status,created_at,updated_at) VALUES ('pisniua_927982','Вийшли в поле косарі','Українська народна пісня','uk','ukraine_before_1917',NULL,NULL,'http://www.artdevice.dp.ua/work/dyk/song/song2.html','Із того, що переглянув в інтернеті, це — найповніший варіант, окрім того там були й ноти. Джерело не вказане. Пісню використав Микола Куліш у "Мині Мазайлі". У минулі десятиліття ця пісня без приспіву та останнього куплету публікувалася у дитячих книжечках як пісенька чи віршик для дітей; принаймні у такий спосіб новому поколінню передавалася дещиця автентичного фольклору.','Вийшли в поле косарі
Косить ранком на зорі.
Приспів:
Гей, нуте, косарі,
Бо нерано почали;
Хоч не рано почали,
Так багато утяли!
До обіду покосили,
Гострі коси потупили.
Приспів.
По обіді спочивали,
Гострі коси поклепали.
Приспів.
Увечері холодком
Йшли додому всі рядком.
Приспів.
А в стоги як пометаєм,
То добряче погуляєм!
Приспів.    Фонограма мінус (mp3)','["pisni.org.ua", "cat:narodni", "cat:obzhynkovi", "Народні пісні", "Обжинкові пісні"]',1,'published',COALESCE((SELECT created_at FROM songs WHERE id='pisniua_927982'), datetime('now')),datetime('now'));
INSERT OR REPLACE INTO songs_fts(song_id,title,lyrics) VALUES ('pisniua_927982','Вийшли в поле косарі','Вийшли в поле косарі
Косить ранком на зорі.
Приспів:
Гей, нуте, косарі,
Бо нерано почали;
Хоч не рано почали,
Так багато утяли!
До обіду покосили,
Гострі коси потупили.
Приспів.
По обіді спочивали,
Гострі коси поклепали.
Приспів.
Увечері холодком
Йшли додому всі рядком.
Приспів.
А в стоги як пометаєм,
То добряче погуляєм!
Приспів.    Фонограма мінус (mp3)');
INSERT OR REPLACE INTO song_links (id,song_id,title,url,kind,version_id,sort_order) VALUES ('pisniua_927982_l1','pisniua_927982','YouTube','https://www.youtube.com/watch?v=PcDdHeYXHCs','video',NULL,1);
INSERT OR REPLACE INTO song_links (id,song_id,title,url,kind,version_id,sort_order) VALUES ('pisniua_927982_l2','pisniua_927982','YouTube','https://www.youtube.com/watch?v=XqRwzrfRVg4','video',NULL,2);
INSERT OR REPLACE INTO song_links (id,song_id,title,url,kind,version_id,sort_order) VALUES ('pisniua_927982_l3','pisniua_927982','YouTube','https://www.youtube.com/watch?v=SDyi1H0VXnw','video',NULL,3);
INSERT OR REPLACE INTO song_links (id,song_id,title,url,kind,version_id,sort_order) VALUES ('pisniua_927982_l4','pisniua_927982','YouTube','https://www.youtube.com/watch?v=8hsGXTTiEjc','video',NULL,4);
INSERT OR REPLACE INTO song_links (id,song_id,title,url,kind,version_id,sort_order) VALUES ('pisniua_927982_l5','pisniua_927982','http://gomin.uazone.net/song.php?song=70','http://gomin.uazone.net/song.php?song=70','external',NULL,5);
INSERT OR REPLACE INTO song_links (id,song_id,title,url,kind,version_id,sort_order) VALUES ('pisniua_927982_l6','pisniua_927982','http://www.artdevice.dp.ua/work/dyk/song/song2.html','http://www.artdevice.dp.ua/work/dyk/song/song2.html','external',NULL,6);
INSERT OR REPLACE INTO songs (id,title,subtitle,lang,country,period,year,source,notes,lyrics,tags_json,lang_locked,status,created_at,updated_at) VALUES ('pisniua_930787','Щедрий Вечор Добрий Вечор','Українська народна пісня','uk','ukraine_before_1917',NULL,NULL,'Староукраїнські релігійні роздуми про Бога © Видавництво "Павутинонька", Нью Йорк – Львів – Київ – Харків – Москва, 2004','Щедрий Вечор Добрий Вечор — Колядка стародавня: Українське Різдво Світа. Рай розвився Господь звеселився. Читати листки, які посилаються на цю Пісню: Бог, Різдво Світа, Дідух і Лицарі. Українські релігійні роздуми про Бога: Яблучко. Св. Микола 19.12 – Народний речник перед Богом і Прадід. Стежки до інших листків про Українські традиції.','Щедрий Вечор Добрий Вечор
Добрим Людям на Здоров''є

Стояла Світілка Новозрублена
А в Туй Світьолці Три Оконечка

В Першім оконечку Ясний Місяць
В Другім оконці Ясне Сонце
В Третім оконці Ясниї Зірки

Щож Місячик то Господарик
Що Сонечко то Господинька
Ясниї Зірки то Його Дітки

Щедрий Вечор Добрий Вечор
Добрим Людям на Здоров''є','["pisni.org.ua", "cat:shchedrivky", "Щедрівки"]',1,'published',COALESCE((SELECT created_at FROM songs WHERE id='pisniua_930787'), datetime('now')),datetime('now'));
INSERT OR REPLACE INTO songs_fts(song_id,title,lyrics) VALUES ('pisniua_930787','Щедрий Вечор Добрий Вечор','Щедрий Вечор Добрий Вечор
Добрим Людям на Здоров''є

Стояла Світілка Новозрублена
А в Туй Світьолці Три Оконечка

В Першім оконечку Ясний Місяць
В Другім оконці Ясне Сонце
В Третім оконці Ясниї Зірки

Щож Місячик то Господарик
Що Сонечко то Господинька
Ясниї Зірки то Його Дітки

Щедрий Вечор Добрий Вечор
Добрим Людям на Здоров''є');
INSERT OR REPLACE INTO songs (id,title,subtitle,lang,country,period,year,source,notes,lyrics,tags_json,lang_locked,status,created_at,updated_at) VALUES ('pisniua_93085','Розпрощався стрілець','Українська народна пісня. Виконує: Буття, Етнографічний хор Гомін','uk','ukrainian_peoples_republic_1917_1921',NULL,NULL,NULL,'Текст доповнив: Anrzej Михайло (гість): на касеті ансамблю "Фавор" дещо інший варіант (наводжу на слух і по пам''яті). Перші 2 куплети такі ж, далі: Ой, коню мій, коню, не стій ти даремно, І землі не розтопуй копитом, Біжи ж, коню мій, скажи неньці моїй, Що я лежу у лісі убитий. Нехай батько, і мати, і ріднії сестри, Нехай вони за мною не плачуть -- Я вбитий лежу, за ріднею тужу, Чорний крук наді мною лиш кряче. Ряди ж за рядами ідуть партизани, до походу гармати їм грають, За народну честь, за знущання і смерть вони ката усюди карають','Розпрощався стрілець із своєю ріднею,
Сам поїхав в далеку дорогу.
Bm
За рідний свій край, за стрілецький звичай,
Впав в бою за свою перемогу.

А вітер колише зелену траву,
Молодий дуб додолу схилився,
Листя шелестить. Вбитий стрілець лежить -
Hад ним коник його зажурився.

Ой, коню, мій коню, не плач наді мною,
Я тим часом полежу в степу...
Біжи, коню мій, скажи мамі моїй,
Що я в степу лежу вже убитий.

Hехай брати і сестри та рідная мати,
Hехай вони за мною не плачуть.
Я в степу лежу за Вкраїну свою.
Чорний крук наді мною вже кряче.

Стрілецькая слава не вмре, не загине,
Будуть про неї внуки співати,
Що були козаки, та й за волю лягли,
Тепер можемо тільки згадати','["pisni.org.ua", "cat:strilecki", "Стрілецькі пісні"]',1,'published',COALESCE((SELECT created_at FROM songs WHERE id='pisniua_93085'), datetime('now')),datetime('now'));
INSERT OR REPLACE INTO songs_fts(song_id,title,lyrics) VALUES ('pisniua_93085','Розпрощався стрілець','Розпрощався стрілець із своєю ріднею,
Сам поїхав в далеку дорогу.
Bm
За рідний свій край, за стрілецький звичай,
Впав в бою за свою перемогу.

А вітер колише зелену траву,
Молодий дуб додолу схилився,
Листя шелестить. Вбитий стрілець лежить -
Hад ним коник його зажурився.

Ой, коню, мій коню, не плач наді мною,
Я тим часом полежу в степу...
Біжи, коню мій, скажи мамі моїй,
Що я в степу лежу вже убитий.

Hехай брати і сестри та рідная мати,
Hехай вони за мною не плачуть.
Я в степу лежу за Вкраїну свою.
Чорний крук наді мною вже кряче.

Стрілецькая слава не вмре, не загине,
Будуть про неї внуки співати,
Що були козаки, та й за волю лягли,
Тепер можемо тільки згадати');
INSERT OR REPLACE INTO song_links (id,song_id,title,url,kind,version_id,sort_order) VALUES ('pisniua_93085_l1','pisniua_93085','YouTube','https://www.youtube.com/watch?v=Cbsx5hR7Ot0','video',NULL,1);
INSERT OR REPLACE INTO song_links (id,song_id,title,url,kind,version_id,sort_order) VALUES ('pisniua_93085_l2','pisniua_93085','YouTube','https://www.youtube.com/watch?v=nf4PyVAXZFk','video',NULL,2);
INSERT OR REPLACE INTO song_links (id,song_id,title,url,kind,version_id,sort_order) VALUES ('pisniua_93085_l3','pisniua_93085','Переглянути варіанти >>','https://www.pisni.org.ua/#variants','external',NULL,3);
INSERT OR REPLACE INTO songs (id,title,subtitle,lang,country,period,year,source,notes,lyrics,tags_json,lang_locked,status,created_at,updated_at) VALUES ('pisniua_929888','Три зірочки та й до купочки','Українська народна пісня','uk','ukr_ssr_1919_1991',NULL,'1952','Шевченків край: Історико-культурологічні нариси. - Київ, 2005. С. 452.','Записано у с. Старосілля Корсунь-Шевченківського району Черкаської області від групи дівчат. Експедиція Інституту мистецтвознавства, фольклору й етнографії АН України, 1952 р. Розшифрував Леопольд Ященко. Пісня з добірки Леопольда Ященка.','Три зірочки та й до купочки,
А вечірня різно.
А вечірня різно...

Не лай мене, моя мати,
Що я ходжу пізно.
Що я ходжу пізно...

Ой я ходжу та й гуляю -
Добрий розум маю.
Добрий розум маю...

Невірному та недоброму
Віри не доймаю.
Віри не доймаю...

Хоч я йому та й віри дойму,
Та правди не скажу.','["pisni.org.ua", "cat:vesnyanky-hayivky", "Веснянки та гаївки"]',1,'published',COALESCE((SELECT created_at FROM songs WHERE id='pisniua_929888'), datetime('now')),datetime('now'));
INSERT OR REPLACE INTO songs_fts(song_id,title,lyrics) VALUES ('pisniua_929888','Три зірочки та й до купочки','Три зірочки та й до купочки,
А вечірня різно.
А вечірня різно...

Не лай мене, моя мати,
Що я ходжу пізно.
Що я ходжу пізно...

Ой я ходжу та й гуляю -
Добрий розум маю.
Добрий розум маю...

Невірному та недоброму
Віри не доймаю.
Віри не доймаю...

Хоч я йому та й віри дойму,
Та правди не скажу.');
INSERT OR REPLACE INTO songs (id,title,subtitle,lang,country,period,year,source,notes,lyrics,tags_json,lang_locked,status,created_at,updated_at) VALUES ('pisniua_9307686','Дякую тобі, мамо','Музика: Катя Бойко Слова: Катя Бойко. Виконує: Катя Бойко','uk','ukraine_1991',NULL,NULL,NULL,NULL,'Ти, навчила мене відрізняти -
Чесне слово від злої неправди.
І любити навколишній світ,
Розуміти кохання і гріх.
Ти співала мені колискові,
Вчила вірі надії любові
І в садочку, і в школі казали:
"В світі все починається з мами!".

Приспів:
Дякую тобі, Мамо,                |
Все життя в боргу перед вами...  |
За турботу, любов і віру в себе, |
Дякую, моя нене!                 | (2)

Ти, мене до грудей пригортала,
Коли було мені так погано,
Цілувала ніжно в чоло -
Світило сонце і щастя цвіло.
Ти співала мені колискові,
Вчила вірі надії любові
І в садочку, і в школі казали:
"В світі все починається з мами!".

Приспів. (2)','["pisni.org.ua", "cat:pro-batkiv", "Пісні про любов до батьків"]',1,'published',COALESCE((SELECT created_at FROM songs WHERE id='pisniua_9307686'), datetime('now')),datetime('now'));
INSERT OR REPLACE INTO songs_fts(song_id,title,lyrics) VALUES ('pisniua_9307686','Дякую тобі, мамо','Ти, навчила мене відрізняти -
Чесне слово від злої неправди.
І любити навколишній світ,
Розуміти кохання і гріх.
Ти співала мені колискові,
Вчила вірі надії любові
І в садочку, і в школі казали:
"В світі все починається з мами!".

Приспів:
Дякую тобі, Мамо,                |
Все життя в боргу перед вами...  |
За турботу, любов і віру в себе, |
Дякую, моя нене!                 | (2)

Ти, мене до грудей пригортала,
Коли було мені так погано,
Цілувала ніжно в чоло -
Світило сонце і щастя цвіло.
Ти співала мені колискові,
Вчила вірі надії любові
І в садочку, і в школі казали:
"В світі все починається з мами!".

Приспів. (2)');
INSERT OR REPLACE INTO song_links (id,song_id,title,url,kind,version_id,sort_order) VALUES ('pisniua_9307686_l1','pisniua_9307686','YouTube','https://www.youtube.com/watch?v=2_8KyQqhYHs','video',NULL,1);
INSERT OR REPLACE INTO songs (id,title,subtitle,lang,country,period,year,source,notes,lyrics,tags_json,lang_locked,status,created_at,updated_at) VALUES ('pisniua_9297484','Жартівливі коломийки','Українська народна пісня','uk','ukraine_before_1917',NULL,NULL,'аудіозапис',NULL,'Ой, смійтеся, дівчаточка, та й ви, молодиці,
Посіяв я файку жита, а цибух пшениці.

На припічку молотив, у запічку віяв,
Під припічком наорав, пшениці насіяв.

Ой, Іван-подолян ходив з посторонком,
Вперезався комишем, підпирався ворком.

Тримав став на печі, черпав воду саком,
Ловив рибу грабельками, стріляв птахи маком.

Як ся став запалив, риби погоріли,
Попалені щупаки до лісу летіли.

Ой, дівчино, дівчинонько, вмієш ся пишити,
А не вмієш до сорочки рукава пришити.

Ой, ти, білява, білявино, чого така біла?
Бо на мені пудерику до півтора кіла.

Ой, ішов я з вечорниць та попід городи,
Замотався в гарбузи та й наробив шкоди.

Як зачали старі баби кочергами гнати,
То я мусив гачі дерти, гарбузи латати.

Утікав я од Параски через перелазки,
Якась біда ударила по штанах три разки.

А я кричу: - Ґвалту, люди, чого біда хоче? -
А по мені четвертий раз: - Не ходи поночі!

Як ішов я через село, курка мене вздріла,
Якби не та паличенька, була б мене з''їла.

Гей скрипочка би не грала, якби не той смичок,
Не була би жінка бита, якби не язичок.

Та журюся, хлоп молодий, що ми жона схудне:
Доки зварить дещо їсти, то уже полуднє.

Ой, мала я миленького, ой мала я, мала,
Поставила на ворота, та й ворона вкрала.

Ой, мала я хлопця, ой хлопця Андруха,
Посадила над водою, та й украла муха.

Роботящий легінище, нема що казати:
До півночі за дівками, до полудня - спати.

Егей, файна дівка, срайна, шкода, що лінива:
Штири днини горшки мокли, а п''ятої мила.

Та чотири легіники сіно обертали,
Миша в сіні шелеснула - вони повтікали.

Ой, скажіте, добрі люди, чим Андрій хворіє:
На роботі - замерзає, коло миски - пріє.','["pisni.org.ua", "cat:kolomyyky", "Коломийки"]',1,'published',COALESCE((SELECT created_at FROM songs WHERE id='pisniua_9297484'), datetime('now')),datetime('now'));
INSERT OR REPLACE INTO songs_fts(song_id,title,lyrics) VALUES ('pisniua_9297484','Жартівливі коломийки','Ой, смійтеся, дівчаточка, та й ви, молодиці,
Посіяв я файку жита, а цибух пшениці.

На припічку молотив, у запічку віяв,
Під припічком наорав, пшениці насіяв.

Ой, Іван-подолян ходив з посторонком,
Вперезався комишем, підпирався ворком.

Тримав став на печі, черпав воду саком,
Ловив рибу грабельками, стріляв птахи маком.

Як ся став запалив, риби погоріли,
Попалені щупаки до лісу летіли.

Ой, дівчино, дівчинонько, вмієш ся пишити,
А не вмієш до сорочки рукава пришити.

Ой, ти, білява, білявино, чого така біла?
Бо на мені пудерику до півтора кіла.

Ой, ішов я з вечорниць та попід городи,
Замотався в гарбузи та й наробив шкоди.

Як зачали старі баби кочергами гнати,
То я мусив гачі дерти, гарбузи латати.

Утікав я од Параски через перелазки,
Якась біда ударила по штанах три разки.

А я кричу: - Ґвалту, люди, чого біда хоче? -
А по мені четвертий раз: - Не ходи поночі!

Як ішов я через село, курка мене вздріла,
Якби не та паличенька, була б мене з''їла.

Гей скрипочка би не грала, якби не той смичок,
Не була би жінка бита, якби не язичок.

Та журюся, хлоп молодий, що ми жона схудне:
Доки зварить дещо їсти, то уже полуднє.

Ой, мала я миленького, ой мала я, мала,
Поставила на ворота, та й ворона вкрала.

Ой, мала я хлопця, ой хлопця Андруха,
Посадила над водою, та й украла муха.

Роботящий легінище, нема що казати:
До півночі за дівками, до полудня - спати.

Егей, файна дівка, срайна, шкода, що лінива:
Штири днини горшки мокли, а п''ятої мила.

Та чотири легіники сіно обертали,
Миша в сіні шелеснула - вони повтікали.

Ой, скажіте, добрі люди, чим Андрій хворіє:
На роботі - замерзає, коло миски - пріє.');
INSERT OR REPLACE INTO songs (id,title,subtitle,lang,country,period,year,source,notes,lyrics,tags_json,lang_locked,status,created_at,updated_at) VALUES ('pisniua_9286580','Ішов солдат за владу рад','Музика: Дмитро Луценко Слова: Анатолій Пашкевич. Виконує: Хор імені Григорія Верьовки','uk','ukr_ssr_1919_1991',NULL,NULL,NULL,NULL,'Йшов солдат по гарячій землі,
Йшов солдат у вечірній імлі,
І вогнем закресали шаблі...
Йшов солдат за Владу Рад.

За батьків, шо життя нам дали,
За дітей, щоб щасливі росли,
За братів, що в боях полягли
Йшов солдат за Владу Рад.

Через степи и долини йшов,
Чтоб жила заповідна любов,
А в степах тільки грози да кров...
Йшов солдат за Владу Рад.

Не забуть тих вогненних доріг.
Він в бою за Вітчизну поліг,
Нам жіття кров''ю серця зберіг.
Йшов солдат за Владу Рад','["pisni.org.ua", "cat:ussr", "Радянська ідеологія"]',1,'published',COALESCE((SELECT created_at FROM songs WHERE id='pisniua_9286580'), datetime('now')),datetime('now'));
INSERT OR REPLACE INTO songs_fts(song_id,title,lyrics) VALUES ('pisniua_9286580','Ішов солдат за владу рад','Йшов солдат по гарячій землі,
Йшов солдат у вечірній імлі,
І вогнем закресали шаблі...
Йшов солдат за Владу Рад.

За батьків, шо життя нам дали,
За дітей, щоб щасливі росли,
За братів, що в боях полягли
Йшов солдат за Владу Рад.

Через степи и долини йшов,
Чтоб жила заповідна любов,
А в степах тільки грози да кров...
Йшов солдат за Владу Рад.

Не забуть тих вогненних доріг.
Він в бою за Вітчизну поліг,
Нам жіття кров''ю серця зберіг.
Йшов солдат за Владу Рад');
INSERT OR REPLACE INTO songs (id,title,subtitle,lang,country,period,year,source,notes,lyrics,tags_json,lang_locked,status,created_at,updated_at) VALUES ('pisniua_930982','Напучування сільського вчителя','Музика: Віктор Морозов Слова: Іван Малкович. Виконує: Віктор Морозов','uk','ukr_ssr_1919_1991',NULL,'1985','1. http://poetry.uazone.net/malkovych/kluch40.html. 2. Аудіо-альбом "Не журись!" (1989)','Вірш датовано: 11-18 грудня 1985 [1]. Текст доповнено за джерелом 2. Акорди записано на слух за джерелом 2, подано спрощено. Тональність оригінальна. Підбір акордів: bohdanko (pisni.org.ua)','Вступ: (x2)
Em(VII) Am(V) Hm(II) D(V) Em
Em Am(V) Hm(II) Em

Основна тема:
Em(VII) Am(V) Hm(II) D(V) Em
Em Am(V) Hm(II) Em

Хай це, можливо, і не найсуттєвіше,
але ти, дитино,
покликана захищати своїми долоньками
крихітну свічечку букви "ї",
а також,
витягнувшись на пальчиках,
оберігати місячний серпик
букви "є",
що зрізаний з неба
разом із ниточкою.

Приспів:  (x2)
Am
Бо кажуть, дитино,
що мова наша - солов''їна.
Am
Бо кажуть, дитино,
що мова наша - солов''їна.

Правильно кажуть.
Але затям собі,
що колись
можуть настати і такі часи,
коли нашої мови
не буде пам''ятати
навіть найменший соловейко.
...найменший соловейко.

Приспів:  (x2)
Am
Тому не можна покладатися
тільки на солов''їв, дитино.
Am
Тому не можна покладатися
тільки на солов''їв, дитино.

Am
...Тому не можна покладатися
тільки   на солов''їв, дитино.','["pisni.org.ua", "cat:bardivski", "cat:pisni-pro-movy", "cat:suspilno-politychni", "Бардівські пісні", "Пісні про рідну мову", "Суспільно-політичні пісні"]',1,'published',COALESCE((SELECT created_at FROM songs WHERE id='pisniua_930982'), datetime('now')),datetime('now'));
INSERT OR REPLACE INTO songs_fts(song_id,title,lyrics) VALUES ('pisniua_930982','Напучування сільського вчителя','Вступ: (x2)
Em(VII) Am(V) Hm(II) D(V) Em
Em Am(V) Hm(II) Em

Основна тема:
Em(VII) Am(V) Hm(II) D(V) Em
Em Am(V) Hm(II) Em

Хай це, можливо, і не найсуттєвіше,
але ти, дитино,
покликана захищати своїми долоньками
крихітну свічечку букви "ї",
а також,
витягнувшись на пальчиках,
оберігати місячний серпик
букви "є",
що зрізаний з неба
разом із ниточкою.

Приспів:  (x2)
Am
Бо кажуть, дитино,
що мова наша - солов''їна.
Am
Бо кажуть, дитино,
що мова наша - солов''їна.

Правильно кажуть.
Але затям собі,
що колись
можуть настати і такі часи,
коли нашої мови
не буде пам''ятати
навіть найменший соловейко.
...найменший соловейко.

Приспів:  (x2)
Am
Тому не можна покладатися
тільки на солов''їв, дитино.
Am
Тому не можна покладатися
тільки на солов''їв, дитино.

Am
...Тому не можна покладатися
тільки   на солов''їв, дитино.');
INSERT OR REPLACE INTO songs (id,title,subtitle,lang,country,period,year,source,notes,lyrics,tags_json,lang_locked,status,created_at,updated_at) VALUES ('pisniua_930384','Наш Спаситель народився!','Українська народна пісня','uk','ukraine_before_1917',NULL,NULL,NULL,NULL,'Наш Спаситель народився,
Завітав з небес.
Бог днесь стався чоловіком -
Чудо це з чудес!

Тую вістку Ангел Божий
Пастирям звістив,
Нею грішне людське плем''я
Вельми звеселив.

В шопі пастирі знаходять
Біднеє дитя:
В нім пізнали свого Бога,
Світу короля.

Із далекої країни
Три царі ідуть,
Хі собою для Дитятка
Дар вони несуть.

Ливан золото і миро
Віддають Йому,
Яко свому Богу, Спасу,
Пану і Царю.

Ми Тобі, Дитятко Боже,
Дар несем любви,
І Тебе смиренно просим:
Жертву цю прийми.','["pisni.org.ua", "cat:cerkovni", "Церковні пісні"]',1,'published',COALESCE((SELECT created_at FROM songs WHERE id='pisniua_930384'), datetime('now')),datetime('now'));
INSERT OR REPLACE INTO songs_fts(song_id,title,lyrics) VALUES ('pisniua_930384','Наш Спаситель народився!','Наш Спаситель народився,
Завітав з небес.
Бог днесь стався чоловіком -
Чудо це з чудес!

Тую вістку Ангел Божий
Пастирям звістив,
Нею грішне людське плем''я
Вельми звеселив.

В шопі пастирі знаходять
Біднеє дитя:
В нім пізнали свого Бога,
Світу короля.

Із далекої країни
Три царі ідуть,
Хі собою для Дитятка
Дар вони несуть.

Ливан золото і миро
Віддають Йому,
Яко свому Богу, Спасу,
Пану і Царю.

Ми Тобі, Дитятко Боже,
Дар несем любви,
І Тебе смиренно просим:
Жертву цю прийми.');
INSERT OR REPLACE INTO songs (id,title,subtitle,lang,country,period,year,source,notes,lyrics,tags_json,lang_locked,status,created_at,updated_at) VALUES ('pisniua_931383','Ой на Горі Калина під Горою Малина (1)','Українська народна пісня','uk','ukraine_before_1917',NULL,NULL,'Потаємні пісні любощів і кохання © Видавництво „Павутинонька“, Нью Йорк – Львів – Київ – Харків – Москва, 2002','Ой на Горі Калина під Горою Малина (1) — Еротика: Катерини – Калета – Андрія... Зелені Свята... Гаївки-Великдень... Весілля... Кругом Нього зелененько всередині веселенько. Читати листки, де є згадка з приводу цієї Пісні: Еротичні містерії, Катерини 7.12 — Передріздвяний Святочний час. Еротичні містерії, Калета 13.12 — Передріздвяний Святочний час. Стежки до інших листків про Українські традиції. У вас поети співають народові, а в нас... народ співає поетам. – Маркіян Шашкевич','Ой на Горі Калина
Під Горою Малина
Приспів, співається двічі: Калина-Малина Моя
Ой Калинонька-Малинонька Моя

Там стояла Дівчина
Цвіт-Калину ламала

Цвіт-Калину ламала
Та в Пучечки в''язала

Ой на Горі Калина
Під Горою Малина','["pisni.org.ua", "cat:vesnyanky-hayivky", "Веснянки та гаївки"]',1,'published',COALESCE((SELECT created_at FROM songs WHERE id='pisniua_931383'), datetime('now')),datetime('now'));
INSERT OR REPLACE INTO songs_fts(song_id,title,lyrics) VALUES ('pisniua_931383','Ой на Горі Калина під Горою Малина (1)','Ой на Горі Калина
Під Горою Малина
Приспів, співається двічі: Калина-Малина Моя
Ой Калинонька-Малинонька Моя

Там стояла Дівчина
Цвіт-Калину ламала

Цвіт-Калину ламала
Та в Пучечки в''язала

Ой на Горі Калина
Під Горою Малина');
INSERT OR REPLACE INTO songs (id,title,subtitle,lang,country,period,year,source,notes,lyrics,tags_json,lang_locked,status,created_at,updated_at) VALUES ('pisniua_931686','Ой в Ліску в Ліску на Жовтім Піску','Українська народна пісня','uk','ukraine_before_1917',NULL,NULL,'1. Староукраїнські релігійні роздуми про Бога © Видавництво "Павутинонька", Нью Йорк – Львів – Київ – Харків – Москва, 2004 2. Щедрий вечір. Українські народні пісні. Упор. та передм. Н.Д.Якименко. - К.: Музична Україна, 1989. - 192 с.','Колядка стародавня: Українське Різдво Світа. Українські релігійні роздуми про Воскресіння, Неволю і Спасіння. Ой Ми зіслані на признаванє. Судочку судять Радочку радять. Ой уся Правда тепер погасла. Нема в світі Правди не зіскати. Що не так тепер як Стародавно. Листки з приводу цієї Пісні: Еротичні містерії, Катерини 7.12 — Передріздвяний Святочний час. Св. Микола 19.12 – Народний речник перед Богом і Прадід. Українські реліґійні роздуми про Неволю та Спасіння Коляда і Великдень: Різдво і Відродження Світа. Чи Ти мене Кумцю не любиш Стежки до листків про Українські пісні.','Ой в Ліску в Ліску на Жовтім Піску

Приспів:
Славен єс славен єс Боже
По Всьому Світу!

Росте Деревце Високе Тонке
Високе Тонке в Корінь Глибоке
В Корінь Глибоке в Листок Широке
В Вершок Кудряве а в Цвіт Багряне

А на тім Кудрі Сам Сокіл сидить
Ой сидить-сидить далеко видить
Далеко видить по Краю Дунаю
А на тім Дунаї Кораблі плавають
А в тих Кораблях самі Панове
Самі Панове і Старі Люди

Судочку судять Радочку радять
Тай Раду радять Первовічную
Первовічную Довговічную

Що не так тепер як Стародавно
Похилилося-посмутилося
Що син на Вітця руку здіймає
Донька Матері  не послухалася
Що брат на брата міч витягає
Сестра на сестру чарів шукає
Що кум до кума звечора не йде
Сусід сусіда в біду тягне

Ой уся Правда тепер погасла
Правда пропала кривда постала','["pisni.org.ua", "cat:shchedrivky", "cat:suspilno-politychni", "Щедрівки", "Суспільно-політичні пісні"]',1,'published',COALESCE((SELECT created_at FROM songs WHERE id='pisniua_931686'), datetime('now')),datetime('now'));
INSERT OR REPLACE INTO songs_fts(song_id,title,lyrics) VALUES ('pisniua_931686','Ой в Ліску в Ліску на Жовтім Піску','Ой в Ліску в Ліску на Жовтім Піску

Приспів:
Славен єс славен єс Боже
По Всьому Світу!

Росте Деревце Високе Тонке
Високе Тонке в Корінь Глибоке
В Корінь Глибоке в Листок Широке
В Вершок Кудряве а в Цвіт Багряне

А на тім Кудрі Сам Сокіл сидить
Ой сидить-сидить далеко видить
Далеко видить по Краю Дунаю
А на тім Дунаї Кораблі плавають
А в тих Кораблях самі Панове
Самі Панове і Старі Люди

Судочку судять Радочку радять
Тай Раду радять Первовічную
Первовічную Довговічную

Що не так тепер як Стародавно
Похилилося-посмутилося
Що син на Вітця руку здіймає
Донька Матері  не послухалася
Що брат на брата міч витягає
Сестра на сестру чарів шукає
Що кум до кума звечора не йде
Сусід сусіда в біду тягне

Ой уся Правда тепер погасла
Правда пропала кривда постала');
INSERT OR REPLACE INTO song_links (id,song_id,title,url,kind,version_id,sort_order) VALUES ('pisniua_931686_l1','pisniua_931686','Переглянути варіанти >>','https://www.pisni.org.ua/#variants','external',NULL,1);
INSERT OR REPLACE INTO songs (id,title,subtitle,lang,country,period,year,source,notes,lyrics,tags_json,lang_locked,status,created_at,updated_at) VALUES ('pisniua_928889','Пісня світла','Музика: Вадим Красноокий Слова: Вадим Красноокий. Виконує: Mad Heads (XL)','uk','ukraine_1991',NULL,NULL,'Вадим Красноокий, лідер Mad Heads (XL)',NULL,'Немає біди і зла нема
Ніхто не один і не сама
Є тільки радість любов і сміх
Є світло від сонця одне на всіх

Немає невдач і помилок
Немає розлук нема тривог
Та є дороги і є мости
Є світло в вікні де потрібен ти

Немає сліз нема війни
Страху нема і нема пітьми
Є тільки тіні нових пісень
Де ночі на зміну приходить день

У що віриш те і буде
Про що мрієш те і буде
Як захочеш так і буде і буде і буде
Що собі ти уявляєш
Про що думаєш то маєш
Як захочеш так і буде і буде і буде
Як що злишся то і будеш
Як боїшся то і будеш
Як захочеш так і буде і буде і буде
І буде і буде і буде','["pisni.org.ua", "cat:nostalgia", "Пісні з ностальгічними мотивами"]',1,'published',COALESCE((SELECT created_at FROM songs WHERE id='pisniua_928889'), datetime('now')),datetime('now'));
INSERT OR REPLACE INTO songs_fts(song_id,title,lyrics) VALUES ('pisniua_928889','Пісня світла','Немає біди і зла нема
Ніхто не один і не сама
Є тільки радість любов і сміх
Є світло від сонця одне на всіх

Немає невдач і помилок
Немає розлук нема тривог
Та є дороги і є мости
Є світло в вікні де потрібен ти

Немає сліз нема війни
Страху нема і нема пітьми
Є тільки тіні нових пісень
Де ночі на зміну приходить день

У що віриш те і буде
Про що мрієш те і буде
Як захочеш так і буде і буде і буде
Що собі ти уявляєш
Про що думаєш то маєш
Як захочеш так і буде і буде і буде
Як що злишся то і будеш
Як боїшся то і будеш
Як захочеш так і буде і буде і буде
І буде і буде і буде');
INSERT OR REPLACE INTO song_links (id,song_id,title,url,kind,version_id,sort_order) VALUES ('pisniua_928889_l1','pisniua_928889','YouTube','https://www.youtube.com/watch?v=npCp8BV8W-s','video',NULL,1);
INSERT OR REPLACE INTO songs (id,title,subtitle,lang,country,period,year,source,notes,lyrics,tags_json,lang_locked,status,created_at,updated_at) VALUES ('pisniua_9313383','Гречаники','Українська народна пісня','uk','ukr_ssr_1919_1991',NULL,'1932',NULL,'Сатирично - трагічна версія "Гречаників", що звучала в голодній Україні в 1932-1933р','Пішла мати на село,
А у селі пусто,
Ні пшениці, ні муки
Лиш сталінські образки.

Приспів:
Гоп! Мої гречаники,
Комуністи начальники,
А мужики - патраки,
А сталінці - дураки.

Позбирались у сільраді,
Усі лежні дуже раді.
Будем куркулів ділити
І не будемо робити.

Приспів.

Нема хліба, нема сала
Все комунія забрала,
Ні корови, ні свині.
Тілько Сталін на стіні!

Приспів.

Сталін в хаті, Ленін з двору.
Ворушилось у коморі.
Все то вожді комуністи.
Комуністи - страхаїсти.

Приспів.

Мужики - дураки,
А ми - комуністи.
Мужики будуть робити,
А ми будем їсти.

Приспів.

Я маленька колгоспниця
Заробила трудодень.
Мати ходить без спідниці,
А батенько без сподень.

Приспів.

Сидить баба на рядні
Все чекає трудодні.
Має сорок і оден,
Дайте хліба хоч на день.

Приспів.

Працювала десять день
Заробила трудодень,
А од того трудодня
Голодую я щодня.

Приспів.

У колгоспі добре жить,
Один - робить, сім - лежить
А як сонце припече,
То й останній утече!

Приспів.

Подивися Сталін сам,
Як танцює "Комнезам"
Працювати не схотів,
Записався в "коллектив".

Приспів.

Ой, гоп! Ти диви!
Їде Сталін на свині,
Кукурудзой поганяє
"П''ятій лєтку" доганяє.

Приспів.

Їде Сталін на тарані,
Оселедець у кармані.
Часником він поганяє,
Америку доганяє!

Приспів.

Встань Тарасе, подивися
До чого ми дожилися
Хата впала, клуня боком
І корова з одним оком!

Приспів.','["pisni.org.ua", "cat:narodni", "Народні пісні"]',1,'published',COALESCE((SELECT created_at FROM songs WHERE id='pisniua_9313383'), datetime('now')),datetime('now'));
INSERT OR REPLACE INTO songs_fts(song_id,title,lyrics) VALUES ('pisniua_9313383','Гречаники','Пішла мати на село,
А у селі пусто,
Ні пшениці, ні муки
Лиш сталінські образки.

Приспів:
Гоп! Мої гречаники,
Комуністи начальники,
А мужики - патраки,
А сталінці - дураки.

Позбирались у сільраді,
Усі лежні дуже раді.
Будем куркулів ділити
І не будемо робити.

Приспів.

Нема хліба, нема сала
Все комунія забрала,
Ні корови, ні свині.
Тілько Сталін на стіні!

Приспів.

Сталін в хаті, Ленін з двору.
Ворушилось у коморі.
Все то вожді комуністи.
Комуністи - страхаїсти.

Приспів.

Мужики - дураки,
А ми - комуністи.
Мужики будуть робити,
А ми будем їсти.

Приспів.

Я маленька колгоспниця
Заробила трудодень.
Мати ходить без спідниці,
А батенько без сподень.

Приспів.

Сидить баба на рядні
Все чекає трудодні.
Має сорок і оден,
Дайте хліба хоч на день.

Приспів.

Працювала десять день
Заробила трудодень,
А од того трудодня
Голодую я щодня.

Приспів.

У колгоспі добре жить,
Один - робить, сім - лежить
А як сонце припече,
То й останній утече!

Приспів.

Подивися Сталін сам,
Як танцює "Комнезам"
Працювати не схотів,
Записався в "коллектив".

Приспів.

Ой, гоп! Ти диви!
Їде Сталін на свині,
Кукурудзой поганяє
"П''ятій лєтку" доганяє.

Приспів.

Їде Сталін на тарані,
Оселедець у кармані.
Часником він поганяє,
Америку доганяє!

Приспів.

Встань Тарасе, подивися
До чого ми дожилися
Хата впала, клуня боком
І корова з одним оком!

Приспів.');
INSERT OR REPLACE INTO song_links (id,song_id,title,url,kind,version_id,sort_order) VALUES ('pisniua_9313383_l1','pisniua_9313383','YouTube','https://www.youtube.com/watch?v=WrKFOmBZVpA','video',NULL,1);
INSERT OR REPLACE INTO songs (id,title,subtitle,lang,country,period,year,source,notes,lyrics,tags_json,lang_locked,status,created_at,updated_at) VALUES ('pisniua_9315683','Все починається з мами','Музика: Анна Олєйнікова Слова: Микола Пономаренко. Виконує: Анастасія Боднарчук','uk','ukraine_1991',NULL,NULL,'аудіозапис',NULL,'Якщо говорити між нами,
То все починається з мами:
І казочка перша у світі,
І сонячна подорож в літо.
І казочка перша у світі,
І сонячна подорож в літо.

Приспів:
Мама - найкраща людина у світі,
Знають це всі: і дорослі, і діти
Тож поговорим відверто між нами:
В світі усе починається з мами!
Тож поговорим відверто між нами:
В світі усе починається з мами!

Найперші легенькі сніжинки
І сяюче диво - ялинка.
Від мами - і літери, й слово,
І зроблена разом обнова....
Від мами - і літери, й слово,
І зроблена разом обнова....

Приспів. (2)

Все починається з мами!..','["pisni.org.ua", "cat:pro-batkiv", "Пісні про любов до батьків"]',1,'published',COALESCE((SELECT created_at FROM songs WHERE id='pisniua_9315683'), datetime('now')),datetime('now'));
INSERT OR REPLACE INTO songs_fts(song_id,title,lyrics) VALUES ('pisniua_9315683','Все починається з мами','Якщо говорити між нами,
То все починається з мами:
І казочка перша у світі,
І сонячна подорож в літо.
І казочка перша у світі,
І сонячна подорож в літо.

Приспів:
Мама - найкраща людина у світі,
Знають це всі: і дорослі, і діти
Тож поговорим відверто між нами:
В світі усе починається з мами!
Тож поговорим відверто між нами:
В світі усе починається з мами!

Найперші легенькі сніжинки
І сяюче диво - ялинка.
Від мами - і літери, й слово,
І зроблена разом обнова....
Від мами - і літери, й слово,
І зроблена разом обнова....

Приспів. (2)

Все починається з мами!..');
INSERT OR REPLACE INTO song_links (id,song_id,title,url,kind,version_id,sort_order) VALUES ('pisniua_9315683_l1','pisniua_9315683','YouTube','https://www.youtube.com/watch?v=lPZnljBejqs','video',NULL,1);
INSERT OR REPLACE INTO songs (id,title,subtitle,lang,country,period,year,source,notes,lyrics,tags_json,lang_locked,status,created_at,updated_at) VALUES ('pisniua_932585','Наше Купайло з Верби з Верби (2)','Українська народна пісня','uk','ukraine_before_1917',NULL,NULL,'1. Староукраїнські релігійні роздуми про Бога © Видавництво "Павутинонька", Нью Йорк – Львів – Київ – Харків – Москва, 2004 2. Купальські пісні. Українські народні пісні. Пісенник. Упорядник О. Ю Чебанюк. - К.: Музична Україна, 1989. - 196 с.','Пара - любощі: Душа-Пара. Астральні Заручини — Українське містичне Весілля: Різдво Світа / Купала. Закликання Купала. Еротика, жарти, забави: Катерини – Калета – Андрія... Гаїлки-Великдень... Зелені Свята... Івана Купала... Весілля... – Щедровечірнє й Новорічне: Маланки-Василь. Коза. Кіт... – Мед і Ябка... Рай розвився Господь звеселився. Івана Купала тай в Воду упала. А Ти Іване прийди-прийди. Бо якби Вони за нас дбали. Були Світилки Яснії Зірки. Листки з приводу цієї Пісні: Українські релігійні роздуми про Бога. Про Свято Івана Купала Стежки до листків про Українські традиції.','Наше Купайло з Верби з Верби
А Ти Іване прийди-прийди

Бо як не прийдеш на Купайла
То вийде з Тебе Душа й Пара

Наше Купайло із Гилляки
А Наші Хлопці роззявляки

Бо якби Вони за нас дбали
То б нам Купайло вирубали','["pisni.org.ua", "cat:kupalski", "Купальські пісні"]',1,'published',COALESCE((SELECT created_at FROM songs WHERE id='pisniua_932585'), datetime('now')),datetime('now'));
INSERT OR REPLACE INTO songs_fts(song_id,title,lyrics) VALUES ('pisniua_932585','Наше Купайло з Верби з Верби (2)','Наше Купайло з Верби з Верби
А Ти Іване прийди-прийди

Бо як не прийдеш на Купайла
То вийде з Тебе Душа й Пара

Наше Купайло із Гилляки
А Наші Хлопці роззявляки

Бо якби Вони за нас дбали
То б нам Купайло вирубали');
INSERT OR REPLACE INTO songs (id,title,subtitle,lang,country,period,year,source,notes,lyrics,tags_json,lang_locked,status,created_at,updated_at) VALUES ('pisniua_932487','Туман Яром Туман Долиною - Золоте Відерце','Українська народна пісня','uk','ukraine_before_1917',NULL,NULL,'Староукраїнські релігійні роздуми про Бога © Видавництво "Павутинонька", Нью Йорк – Львів – Київ – Харків – Москва, 2004','Стародавні Колядки-Щедрівки - Купальські: Українське Різдво / Купала. Еротика: Катерини – Калета – Андрія... Зелені Свята... Гаївки-Великдень... Весілля... Були Світилки Яснії Зірки. Читати листки з приводу цієї Пісні: Передріздвяний Святочний час: Упереджуючі знаки, Михайла 21.11. Українське Свято Воведення 4.12 - Передріздвяний Святочний час. Стежки до інших листків про Українські традиції.','Туман Яром Туман Долиною - 2
За Туманом нічого не видно - 2
Тільки видно Дуба Зеленого - 2
Під тим Дубом Криниця стояла - 2
Там Дівчина Воду набирала - 2
Та впустила Золоте Відерце - 2
Заболіло в Дівчиноньки серце - 2
А хто ж моє Відерце дістане - 2
Той зі мною на Рушничок стане - 2
Обізвався Козак Молоденький - 2
Відміни:
Туман Яром Туман Долиною
Туман Яром Туман Долиною
За Туманом нічого не видно
Тільки видно Дуба Зеленого
Під тим Дубом Криниця стояла
В тій Криниці Дівка Воду брала
Тай впустила Золоте Відерце
Засмутила Козакові серце
А хто ж мені Відерце дістане
Той зі мною на Рушничок стане
Обізвався Козак Молоденький
Обізвався Козак Молоденький
А я Твоє Відерце дістану
І з Тобою на Рушничок стану
Хай виплива Туман Долиною
Якщо Доля заберу Дівчину
Ой я Твоє Відерце дістану - 2
І з Тобою на Рушничок стану - 2    Мелодія','["pisni.org.ua", "cat:kupalski", "cat:vesilni", "cat:vesnyanky-hayivky", "Купальські пісні", "Весільні пісні", "Веснянки та гаївки"]',1,'published',COALESCE((SELECT created_at FROM songs WHERE id='pisniua_932487'), datetime('now')),datetime('now'));
INSERT OR REPLACE INTO songs_fts(song_id,title,lyrics) VALUES ('pisniua_932487','Туман Яром Туман Долиною - Золоте Відерце','Туман Яром Туман Долиною - 2
За Туманом нічого не видно - 2
Тільки видно Дуба Зеленого - 2
Під тим Дубом Криниця стояла - 2
Там Дівчина Воду набирала - 2
Та впустила Золоте Відерце - 2
Заболіло в Дівчиноньки серце - 2
А хто ж моє Відерце дістане - 2
Той зі мною на Рушничок стане - 2
Обізвався Козак Молоденький - 2
Відміни:
Туман Яром Туман Долиною
Туман Яром Туман Долиною
За Туманом нічого не видно
Тільки видно Дуба Зеленого
Під тим Дубом Криниця стояла
В тій Криниці Дівка Воду брала
Тай впустила Золоте Відерце
Засмутила Козакові серце
А хто ж мені Відерце дістане
Той зі мною на Рушничок стане
Обізвався Козак Молоденький
Обізвався Козак Молоденький
А я Твоє Відерце дістану
І з Тобою на Рушничок стану
Хай виплива Туман Долиною
Якщо Доля заберу Дівчину
Ой я Твоє Відерце дістану - 2
І з Тобою на Рушничок стану - 2    Мелодія');
INSERT OR REPLACE INTO song_links (id,song_id,title,url,kind,version_id,sort_order) VALUES ('pisniua_932487_l1','pisniua_932487','YouTube','https://www.youtube.com/watch?v=fMaBQ0RSriA','video',NULL,1);
INSERT OR REPLACE INTO song_links (id,song_id,title,url,kind,version_id,sort_order) VALUES ('pisniua_932487_l2','pisniua_932487','YouTube','https://www.youtube.com/watch?v=ZleLFYPBrYI','video',NULL,2);
INSERT OR REPLACE INTO songs (id,title,subtitle,lang,country,period,year,source,notes,lyrics,tags_json,lang_locked,status,created_at,updated_at) VALUES ('pisniua_9326888','В чистім полі','Музика: Сергій Доценко Слова: Сергій Доценко. Виконує: Марія Яремчук','uk','ukraine_1991',NULL,NULL,'аудіозапис',NULL,'В чистім полі, в чистім полі
Бродить ніч біля тополі,
Ходить-бродить, сонечко чека...
Після Січі, після бою
Із ворожою ордою
Козаченько молодий лежить...
Ніч схилилась наді мною,       |
Над моєю головою...            |
В чистім полі сонечко встає... | (2)

В чистім полі, в чистім полі
Ще шумлять мої тополі,
Ще сади в минулому житті...
Що на диво прийнялися,
В сум верхівками вп''ялися...
Може, ті тополі вже не ті?..
Їм самотніми ставати,          |
Їм без мене сумувати...        |
В чистім полі сонечко встає... | (2)

Ніч незримими очима
Тінь розвіє за плечима
Тіло відболіло, неживе...
Не жалую, не шкодую,
Почуттів своїх не чую...
В чистім полі сонечко встає...

Не чекайте мене, мамо,
Не відпустять вражі рани
Моє серце в ріднії краї!..
Не чекай мене, кохана,
Ти - моя остання рана,
В чистім полі сонечко встає!..

Не чекайте, мої діти,
Ви - мої останні квіти,
В чистім полі...
В чистім полі сонечко встає... | (2)','["pisni.org.ua", "cat:nostalgia", "Пісні з ностальгічними мотивами"]',1,'published',COALESCE((SELECT created_at FROM songs WHERE id='pisniua_9326888'), datetime('now')),datetime('now'));
INSERT OR REPLACE INTO songs_fts(song_id,title,lyrics) VALUES ('pisniua_9326888','В чистім полі','В чистім полі, в чистім полі
Бродить ніч біля тополі,
Ходить-бродить, сонечко чека...
Після Січі, після бою
Із ворожою ордою
Козаченько молодий лежить...
Ніч схилилась наді мною,       |
Над моєю головою...            |
В чистім полі сонечко встає... | (2)

В чистім полі, в чистім полі
Ще шумлять мої тополі,
Ще сади в минулому житті...
Що на диво прийнялися,
В сум верхівками вп''ялися...
Може, ті тополі вже не ті?..
Їм самотніми ставати,          |
Їм без мене сумувати...        |
В чистім полі сонечко встає... | (2)

Ніч незримими очима
Тінь розвіє за плечима
Тіло відболіло, неживе...
Не жалую, не шкодую,
Почуттів своїх не чую...
В чистім полі сонечко встає...

Не чекайте мене, мамо,
Не відпустять вражі рани
Моє серце в ріднії краї!..
Не чекай мене, кохана,
Ти - моя остання рана,
В чистім полі сонечко встає!..

Не чекайте, мої діти,
Ви - мої останні квіти,
В чистім полі...
В чистім полі сонечко встає... | (2)');
INSERT OR REPLACE INTO song_links (id,song_id,title,url,kind,version_id,sort_order) VALUES ('pisniua_9326888_l1','pisniua_9326888','YouTube','https://www.youtube.com/watch?v=ACK_LZcJ8hU','video',NULL,1);
INSERT OR REPLACE INTO song_links (id,song_id,title,url,kind,version_id,sort_order) VALUES ('pisniua_9326888_l2','pisniua_9326888','YouTube','https://www.youtube.com/watch?v=iSNPuin8bZM','video',NULL,2);
INSERT OR REPLACE INTO songs (id,title,subtitle,lang,country,period,year,source,notes,lyrics,tags_json,lang_locked,status,created_at,updated_at) VALUES ('pisniua_933181','Красная Панна Сад садила','Українська народна пісня','uk','ukraine_before_1917',NULL,NULL,'1. Староукраїнські релігійні роздуми про Бога © Видавництво "Павутинонька", Нью Йорк – Львів – Київ – Харків – Москва, 2004 2. Щедрий вечір. Українські народні пісні. Упор. та передм. Н.Д.Якименко. - К.: Музична Україна, 1989. - 192 с.','Богу молився щоб Світ творився. Десь узялася Молода Дівчина. Сад садили Сад поливали. Сад садила Бога просила. Тую Кору позбирала. Рокове Коло. Стежки до листків про Українські традиції. Староукраїнські Колядки і Щедрівки: Святе Різдво (Свято Різдва Світа: Свят-Вечір – Коляда)... Щедрий Вечір (Свято Місяця й Прадіда: Новий Рік ― Святі Водорщі) ― Весілля: Дівич-Вечір... Великдень... Зелені Свята (Трійця) ― Царинні Містерії... Івана Купала... Астральні Жнива... Рокове Коло.','Красная Панна Сад садила
Приспів: Щедрий Вечір Святий Вечір!

Сад садила Бога просила
Зароди Боже Вишню-й-черешню
Вишню-й-черешню й Білую Березу
В Тої Берези Золотая Кора

Де взялися Разния Птахи
Тую Кору общекотали
Общекотали й общебетали

Де взялася Красная Панна
Тую Кору позбирала
До Золотника одослала
Ой Золотнику-золотниченьку
Іскуй мені Обручечку
Бо мні треба рано встати
Рано встати Косу розчесати
Косу розчесати на Шлюб стати
На Шлюб стати Перстня поміняти','["pisni.org.ua", "cat:shchedrivky", "cat:vesilni", "Щедрівки", "Весільні пісні"]',1,'published',COALESCE((SELECT created_at FROM songs WHERE id='pisniua_933181'), datetime('now')),datetime('now'));
INSERT OR REPLACE INTO songs_fts(song_id,title,lyrics) VALUES ('pisniua_933181','Красная Панна Сад садила','Красная Панна Сад садила
Приспів: Щедрий Вечір Святий Вечір!

Сад садила Бога просила
Зароди Боже Вишню-й-черешню
Вишню-й-черешню й Білую Березу
В Тої Берези Золотая Кора

Де взялися Разния Птахи
Тую Кору общекотали
Общекотали й общебетали

Де взялася Красная Панна
Тую Кору позбирала
До Золотника одослала
Ой Золотнику-золотниченьку
Іскуй мені Обручечку
Бо мні треба рано встати
Рано встати Косу розчесати
Косу розчесати на Шлюб стати
На Шлюб стати Перстня поміняти');
INSERT OR REPLACE INTO songs (id,title,subtitle,lang,country,period,year,source,notes,lyrics,tags_json,lang_locked,status,created_at,updated_at) VALUES ('pisniua_931080','За Сінечками за Дверечками','Українська народна пісня','uk','ukraine_before_1917',NULL,NULL,'Потаємні пісні любощів і кохання © Видавництво „Павутинонька“, Нью Йорк – Львів – Київ – Харків – Москва, 2002','Еротика, жарти, забави: Катерини – Калета – Андрія... Гаїлки-Великдень... Зелені Свята... Івана Купала... Весілля... – Щедровечірнє й Новорічне: Маланки-Василь. Коза. Кіт... – Мед і Ябка... Хто Дудочку зробив Пісеньку навчив. Гляди Сопілоньку щоб гарненько грала. Вийди Грицю на Вулицю За Сінечками за Дверечками Ой вийду я на Вулицю Куделицю прясти Ой Ти Зелена Дубровонько Прийшла Весна з Квітками Кругом Нього зелененько всередині веселенько. Прийди-прийди Серденя на Пухові Подушки. Листки з приводу цієї Пісні: Еротичні містерії, тиждень від Катерини 7.12 до Калети. Еротичні містерії, Калета 13.12 - Передріздвяний Святочний час. Стежки до інших листків про Українські пісні. Пісні теж паруються. Можлива Пісня-Пара до цієї — Весільна: А в Покоїку за Двірочками Стоїть Постелька з Подушечками На тій Постельці Маруся лежить Між ногами... держить Ой треба добре Марусі просити Щоб дала... зажити Вовк Федір. Шлюбний ритуал та обряди на Україні. (Чуб., № 1592) В Студії з української етнографії та антропології, Київ, Мистецтво, 1995, с. 219-323.','За Сінечками за Дверечками
Стоїть Лежечок з Подушечками

А в тім Люлечку Парубок лежить
В Правій рученьці Дудочку держить

Дудочка грає жалю завдає
З ким Моя Мила спати лягає

Ой спала-спала сама з собою
Права рученька під головою

Права рученька під головою
Прийди Серденько буду з Тобою','["pisni.org.ua", "cat:vesilni", "Весільні пісні"]',1,'published',COALESCE((SELECT created_at FROM songs WHERE id='pisniua_931080'), datetime('now')),datetime('now'));
INSERT OR REPLACE INTO songs_fts(song_id,title,lyrics) VALUES ('pisniua_931080','За Сінечками за Дверечками','За Сінечками за Дверечками
Стоїть Лежечок з Подушечками

А в тім Люлечку Парубок лежить
В Правій рученьці Дудочку держить

Дудочка грає жалю завдає
З ким Моя Мила спати лягає

Ой спала-спала сама з собою
Права рученька під головою

Права рученька під головою
Прийди Серденько буду з Тобою');
INSERT OR REPLACE INTO songs (id,title,subtitle,lang,country,period,year,source,notes,lyrics,tags_json,lang_locked,status,created_at,updated_at) VALUES ('pisniua_9323585','Вже зайшло сонце, згасли зорі','Українська народна пісня','uk','ukr_ssr_1919_1991',NULL,'1930',NULL,'Уснословесний жанр повстанська пісня Місце побутування смт Запитів, Кам''янка-Бузький район, Львівська область Респондент Максимишин Марія Олексіївна, 1930 р.н. Збирачі Вовчак Андрій, Мартиник Соломія','Вже зайшло сонце, згасли зорі,
У тихі ночі люди сплять,
А вороги в цю ніч чудову
Кайдани людям готовлять.

Складають з зрадниками списки
Найкращих людей по селу,
Вночі, вкрадаючись у хати,
Їх забирають у тюрму.

А як завезли в Львівську тюрму -
Страшно їх били вороги,
Щоби зріклися України,
Щоб не були її сини.

Та всі вони мовчали мужньо,
Хоть страшні муки терпіли,
І всі загинули в тих муках,
Та України не зрадили!

О, Україно, о, люба ненько,
За свої діти пам''ятай,
За тих, що згинули у муках,
Про них віки не забувай!','["pisni.org.ua", "cat:povstanski", "Повстанські пісні"]',1,'published',COALESCE((SELECT created_at FROM songs WHERE id='pisniua_9323585'), datetime('now')),datetime('now'));
INSERT OR REPLACE INTO songs_fts(song_id,title,lyrics) VALUES ('pisniua_9323585','Вже зайшло сонце, згасли зорі','Вже зайшло сонце, згасли зорі,
У тихі ночі люди сплять,
А вороги в цю ніч чудову
Кайдани людям готовлять.

Складають з зрадниками списки
Найкращих людей по селу,
Вночі, вкрадаючись у хати,
Їх забирають у тюрму.

А як завезли в Львівську тюрму -
Страшно їх били вороги,
Щоби зріклися України,
Щоб не були її сини.

Та всі вони мовчали мужньо,
Хоть страшні муки терпіли,
І всі загинули в тих муках,
Та України не зрадили!

О, Україно, о, люба ненько,
За свої діти пам''ятай,
За тих, що згинули у муках,
Про них віки не забувай!');
INSERT OR REPLACE INTO songs (id,title,subtitle,lang,country,period,year,source,notes,lyrics,tags_json,lang_locked,status,created_at,updated_at) VALUES ('pisniua_9333085','Жук','Музика: Ігор Білик Слова: Лариса Бегун. Виконує: Яночка Решко','uk','ukraine_1991',NULL,NULL,'аудіозапис',NULL,'Жив на світі
Добрий чорний жук,
Були в нього крила
І багато рук,
Він між квітами літав,
Тиху пісеньку співав:
Жу-жу-жу, жу-жу-жу-жу, жу-жу!
Жу-жу-жу, жу-жу-жу-жу, жу-жу!
Жу-жу-жу, жу-жу-жу-жу, жу-жу!
Я у квіточці сиджу,
Я вам казку розкажу-жу-жу-жу-жу!

У старій коморі
Жив один павук,
Мав павук багато
Довгих ніг та рук,
Він у павутинні спав
І усіх комах лякав:
Жу-жу-жу, жу-жу-жу-жу, жу-жу!
Жу-жу-жу, жу-жу-жу-жу, жу-жу!
Жу-жу-жу, жу-жу-жу-жу, жу-жу!
Я усім вам покажу,
Всіх спіймаю і зв''яжу-жу-жу-жу-жу!

Жив собі пухнастий джміль,
Мед збирав він звідусіль,
А коли відпочивав,
Тиху пісеньку співав:
Жу-жу-жу, жу-жу-жу-жу, жу-жу!
Жу-жу-жу, жу-жу-жу-жу, жу-жу!
Жу-жу-жу, жу-жу-жу-жу, жу-жу!
Я у вулику сиджу,
Мед солодкий бережу-жу-жу-жу-жу!','["pisni.org.ua", "cat:dytyachi", "Дитячі пісні"]',1,'published',COALESCE((SELECT created_at FROM songs WHERE id='pisniua_9333085'), datetime('now')),datetime('now'));
INSERT OR REPLACE INTO songs_fts(song_id,title,lyrics) VALUES ('pisniua_9333085','Жук','Жив на світі
Добрий чорний жук,
Були в нього крила
І багато рук,
Він між квітами літав,
Тиху пісеньку співав:
Жу-жу-жу, жу-жу-жу-жу, жу-жу!
Жу-жу-жу, жу-жу-жу-жу, жу-жу!
Жу-жу-жу, жу-жу-жу-жу, жу-жу!
Я у квіточці сиджу,
Я вам казку розкажу-жу-жу-жу-жу!

У старій коморі
Жив один павук,
Мав павук багато
Довгих ніг та рук,
Він у павутинні спав
І усіх комах лякав:
Жу-жу-жу, жу-жу-жу-жу, жу-жу!
Жу-жу-жу, жу-жу-жу-жу, жу-жу!
Жу-жу-жу, жу-жу-жу-жу, жу-жу!
Я усім вам покажу,
Всіх спіймаю і зв''яжу-жу-жу-жу-жу!

Жив собі пухнастий джміль,
Мед збирав він звідусіль,
А коли відпочивав,
Тиху пісеньку співав:
Жу-жу-жу, жу-жу-жу-жу, жу-жу!
Жу-жу-жу, жу-жу-жу-жу, жу-жу!
Жу-жу-жу, жу-жу-жу-жу, жу-жу!
Я у вулику сиджу,
Мед солодкий бережу-жу-жу-жу-жу!');
INSERT OR REPLACE INTO song_links (id,song_id,title,url,kind,version_id,sort_order) VALUES ('pisniua_9333085_l1','pisniua_9333085','YouTube','https://www.youtube.com/watch?v=9Y05ID-GvSw','video',NULL,1);
INSERT OR REPLACE INTO songs (id,title,subtitle,lang,country,period,year,source,notes,lyrics,tags_json,lang_locked,status,created_at,updated_at) VALUES ('pisniua_9334080','Нехай буде сніг!','Музика: Дует Анна-Марія Слова: Дует Анна-Марія','uk','ukraine_1991',NULL,NULL,'аудіозапис',NULL,'Ми всі готові! Він майже тут,
Треба гучніше робити звук!
О-у-є! О-у-є! О-у-є!
І на три-чотири:
Радість приходить у кожен дім! -
І не сумуй, ай, ти не один!
О-у-є! О-у-є! О-у-є!

Приспів:
І нехай всюди кажуть,
Що все не так,
Ти забудь про все
І рухайся з нами так!
Хай ця хвиля новорічна
Тебе несе,
В цих снах новорічних
Можливо все! Це
Новий! Новий! Новий!
Новий! Новий! Новий Рік!
Новий! Новий! Новий!
Новий! Новий! Новий!
Новий! Новий! Новий Рік!
Нехай буде сніг!

Тепло в обіймах твоїх мені,
Навіть у зиму хай буде сніг,
О-у-є! О-у-є! О-у-є!

Приспів.

Новий! Новий! Новий!
Новий! Новий! Новий Рік!
Новий! Новий! Новий!
Новий! Новий! Новий!
Новий! Новий! Новий Рік!
Нехай буде сніг!','["pisni.org.ua", "cat:new-year", "Пісні про Новий Рік"]',1,'published',COALESCE((SELECT created_at FROM songs WHERE id='pisniua_9334080'), datetime('now')),datetime('now'));
INSERT OR REPLACE INTO songs_fts(song_id,title,lyrics) VALUES ('pisniua_9334080','Нехай буде сніг!','Ми всі готові! Він майже тут,
Треба гучніше робити звук!
О-у-є! О-у-є! О-у-є!
І на три-чотири:
Радість приходить у кожен дім! -
І не сумуй, ай, ти не один!
О-у-є! О-у-є! О-у-є!

Приспів:
І нехай всюди кажуть,
Що все не так,
Ти забудь про все
І рухайся з нами так!
Хай ця хвиля новорічна
Тебе несе,
В цих снах новорічних
Можливо все! Це
Новий! Новий! Новий!
Новий! Новий! Новий Рік!
Новий! Новий! Новий!
Новий! Новий! Новий!
Новий! Новий! Новий Рік!
Нехай буде сніг!

Тепло в обіймах твоїх мені,
Навіть у зиму хай буде сніг,
О-у-є! О-у-є! О-у-є!

Приспів.

Новий! Новий! Новий!
Новий! Новий! Новий Рік!
Новий! Новий! Новий!
Новий! Новий! Новий!
Новий! Новий! Новий Рік!
Нехай буде сніг!');
INSERT OR REPLACE INTO song_links (id,song_id,title,url,kind,version_id,sort_order) VALUES ('pisniua_9334080_l1','pisniua_9334080','YouTube','https://www.youtube.com/watch?v=5-rQPLjivKs','video',NULL,1);
INSERT OR REPLACE INTO songs (id,title,subtitle,lang,country,period,year,source,notes,lyrics,tags_json,lang_locked,status,created_at,updated_at) VALUES ('pisniua_933484','Чи є Дома Пан Господар','Українська народна пісня','uk','ukraine_before_1917',NULL,NULL,'Староукраїнські релігійні роздуми про Бога © Видавництво "Павутинонька", Нью Йорк – Львів – Київ – Харків – Москва, 2004','Колядка стародавня: Українське Різдво Світа. Буде в Тебе Господь на Вечері. Ой там виxодило та Три Товариші. Читати листки з приводу цієї Пісні: Ідея Бога на Свят-Вечер. День реліґійно-філософських роздумів на Астральні теми, Варвари 17.12. Українські релігійні роздуми про Бога: Яблучко. Стежки до інших листків про Українські традиції.','Чи є Дома Пан Господар

Приспів:
Щедрий Вечір на Святий Вечір!

А я знаю що є в Дома
Сидить собі Конець Стола
Коло Його Жена Його
Коло неї Дітки Її
А їсть Кутю Пшеничную
А п''є Воду Кринишную','["pisni.org.ua", "cat:shchedrivky", "Щедрівки"]',1,'published',COALESCE((SELECT created_at FROM songs WHERE id='pisniua_933484'), datetime('now')),datetime('now'));
INSERT OR REPLACE INTO songs_fts(song_id,title,lyrics) VALUES ('pisniua_933484','Чи є Дома Пан Господар','Чи є Дома Пан Господар

Приспів:
Щедрий Вечір на Святий Вечір!

А я знаю що є в Дома
Сидить собі Конець Стола
Коло Його Жена Його
Коло неї Дітки Її
А їсть Кутю Пшеничную
А п''є Воду Кринишную');
INSERT OR REPLACE INTO songs (id,title,subtitle,lang,country,period,year,source,notes,lyrics,tags_json,lang_locked,status,created_at,updated_at) VALUES ('pisniua_933085','Віншуєм Тя, Господарю','Українська народна пісня','uk','ukr_ssr_1919_1991',NULL,'1990','Багатотиражка Дрогобиччини "Галицька зоря" за 5 січня 1991 року.','Записана 1990 року від аматорів хору "Відродження" Дрогобицького Товариства української мови "Просвіта" імені Тараса Шевченка.','Віншуєм Тя, Господарю
Із тим Новим Роком,
Щастя, Сили і Здоров''я,
І з новим Доробком.

Той старий Рік хай ніколи
До Нас не вертає,
Всяким лихом вовік віки
Нехай пропадає.

Той Новий Рік щоб приніс Вам
Здоров''я та Сили,
А щоби-Сте, Господарю,
Много Літ прожили!    Мелодія для одного голосу','["pisni.org.ua", "cat:halycki", "cat:shchedrivky", "Пісні з Галичини", "Щедрівки"]',1,'published',COALESCE((SELECT created_at FROM songs WHERE id='pisniua_933085'), datetime('now')),datetime('now'));
INSERT OR REPLACE INTO songs_fts(song_id,title,lyrics) VALUES ('pisniua_933085','Віншуєм Тя, Господарю','Віншуєм Тя, Господарю
Із тим Новим Роком,
Щастя, Сили і Здоров''я,
І з новим Доробком.

Той старий Рік хай ніколи
До Нас не вертає,
Всяким лихом вовік віки
Нехай пропадає.

Той Новий Рік щоб приніс Вам
Здоров''я та Сили,
А щоби-Сте, Господарю,
Много Літ прожили!    Мелодія для одного голосу');
INSERT OR REPLACE INTO songs (id,title,subtitle,lang,country,period,year,source,notes,lyrics,tags_json,lang_locked,status,created_at,updated_at) VALUES ('pisniua_9333982','Завітала зимонька','Музика: Валентин Лисенко Слова: Валентин Лисенко','uk','ukraine_1991',NULL,NULL,'аудіозапис',NULL,'На поле, на лужок
Сипався сніжок -
Стежиночкою йшла зима.
І падав білий пух
На вишитий кожух
Та усміхалася вона!

Приспів:
В добрий час,       |
В добрий час        |
Завітала ти до нас, |
Завітала ти до нас, |
Наша Зимонька!      | (2)

У зоряний ріжок
Тоненький голосок
Заграла зимонька-зима
І сипався сніжок,
На поле, на лужок
І усміхалася вона!

Приспів.

Зимонька...','["pisni.org.ua", "cat:dytyachi", "cat:krasa-pryrody", "Дитячі пісні", "Пісні про красу природи"]',1,'published',COALESCE((SELECT created_at FROM songs WHERE id='pisniua_9333982'), datetime('now')),datetime('now'));
INSERT OR REPLACE INTO songs_fts(song_id,title,lyrics) VALUES ('pisniua_9333982','Завітала зимонька','На поле, на лужок
Сипався сніжок -
Стежиночкою йшла зима.
І падав білий пух
На вишитий кожух
Та усміхалася вона!

Приспів:
В добрий час,       |
В добрий час        |
Завітала ти до нас, |
Завітала ти до нас, |
Наша Зимонька!      | (2)

У зоряний ріжок
Тоненький голосок
Заграла зимонька-зима
І сипався сніжок,
На поле, на лужок
І усміхалася вона!

Приспів.

Зимонька...');
INSERT OR REPLACE INTO song_links (id,song_id,title,url,kind,version_id,sort_order) VALUES ('pisniua_9333982_l1','pisniua_9333982','YouTube','https://www.youtube.com/watch?v=ywEegcWR_b8','video',NULL,1);
INSERT OR REPLACE INTO songs (id,title,subtitle,lang,country,period,year,source,notes,lyrics,tags_json,lang_locked,status,created_at,updated_at) VALUES ('pisniua_933787','E-mail','Музика: Бумбокс Слова: Андрій Хливнюк. Виконує: Бумбокс','uk','ukraine_1991',NULL,NULL,'За матеріалами форумів',NULL,'Переливали ванни через край
Зачекай, ну постривай
Це є Київ, не LA
І не Де-Жанейро.
Перелетів би гори, але ні,
Бачив я тебе уві сні.
І відносини сумні танцювали капуейро.

Приспів:
Зграя без крил - ватага,
Що у мене є, є в мене рага.
Інше питання: чи треба?
Ще чого мені благати у неба?
Ліс без дощу - пустеля.
Я твоя підлога, ти моя стеля,
Знаєш сама: не варто,
Переводим листування на жарти.

Загарбати приладдя та піти,
Справді, вихід то дуже простий.
Файли ти мої утреш, і я теж.
Зі столу посміхаєшся мені,
Зміни зберегти чи ні.
Реанімували ми опцію зими.

Приспів.

Переливали ванни через край,
Забувай, не діставай.
Так, це Київ, не LA
І не Де-Жанейро.
В словах моїх повтори, але ні,
Бачу я тебе уві сні.
Та відносини сумні
Вже не танцюють капуейро.

Приспів.','["pisni.org.ua", "cat:philosophic", "Філософські пісні"]',1,'published',COALESCE((SELECT created_at FROM songs WHERE id='pisniua_933787'), datetime('now')),datetime('now'));
INSERT OR REPLACE INTO songs_fts(song_id,title,lyrics) VALUES ('pisniua_933787','E-mail','Переливали ванни через край
Зачекай, ну постривай
Це є Київ, не LA
І не Де-Жанейро.
Перелетів би гори, але ні,
Бачив я тебе уві сні.
І відносини сумні танцювали капуейро.

Приспів:
Зграя без крил - ватага,
Що у мене є, є в мене рага.
Інше питання: чи треба?
Ще чого мені благати у неба?
Ліс без дощу - пустеля.
Я твоя підлога, ти моя стеля,
Знаєш сама: не варто,
Переводим листування на жарти.

Загарбати приладдя та піти,
Справді, вихід то дуже простий.
Файли ти мої утреш, і я теж.
Зі столу посміхаєшся мені,
Зміни зберегти чи ні.
Реанімували ми опцію зими.

Приспів.

Переливали ванни через край,
Забувай, не діставай.
Так, це Київ, не LA
І не Де-Жанейро.
В словах моїх повтори, але ні,
Бачу я тебе уві сні.
Та відносини сумні
Вже не танцюють капуейро.

Приспів.');
INSERT OR REPLACE INTO song_links (id,song_id,title,url,kind,version_id,sort_order) VALUES ('pisniua_933787_l1','pisniua_933787','YouTube','https://www.youtube.com/watch?v=NQeeuzSZb3g','video',NULL,1);
INSERT OR REPLACE INTO songs (id,title,subtitle,lang,country,period,year,source,notes,lyrics,tags_json,lang_locked,status,created_at,updated_at) VALUES ('pisniua_9339181','Хорт і вовк','Українська народна пісня','uk','ukraine_before_1917',NULL,NULL,'аудіозапис','Опис: молодь стає ряд за рядом по 5-7 осіб. У кожному ряді беруться між собою за руки, творячи таким чином "вулиці" між рядами. Кожного разу після того, як проспівали всі слова гри, розмикають руки, роблять одночасно півоберта праворуч і беруться за руки вже в новому ряді, творячи нові "вулиці". Так "вулиці" змінюються доти, доки триває гра. На " вовка" і" хорта" вибирають двох учасників, бажано однакового віку, які наздоганяють один одного тими "вулицями".','Ой, дзвони дзвонять,
Хорти вовка гонять
По болотах, очеретах,
Де люди не ходять.

Ой, дзвони дзвонять,
Хорти вовка гонять
По болотах, очеретах,
Де люди не ходять.

Ой, дзвони дзвонять,
Хорти вовка гонять
По болотах, очеретах,
Де люди не ходять.','["pisni.org.ua", "cat:vesnyanky-hayivky", "Веснянки та гаївки"]',1,'published',COALESCE((SELECT created_at FROM songs WHERE id='pisniua_9339181'), datetime('now')),datetime('now'));
INSERT OR REPLACE INTO songs_fts(song_id,title,lyrics) VALUES ('pisniua_9339181','Хорт і вовк','Ой, дзвони дзвонять,
Хорти вовка гонять
По болотах, очеретах,
Де люди не ходять.

Ой, дзвони дзвонять,
Хорти вовка гонять
По болотах, очеретах,
Де люди не ходять.

Ой, дзвони дзвонять,
Хорти вовка гонять
По болотах, очеретах,
Де люди не ходять.');
INSERT OR REPLACE INTO songs (id,title,subtitle,lang,country,period,year,source,notes,lyrics,tags_json,lang_locked,status,created_at,updated_at) VALUES ('pisniua_931989','Тече вода каламутна, чого, моя мила, смутна','Українська народна пісня','uk','ukraine_before_1917',NULL,NULL,'Потаємні пісні любощів і кохання © Видавництво "Павутинонька", Нью Йорк – Львів – Київ – Харків – Москва, 2002','Еротика: Катерини – Калета – Андрія... Зелені Свята... Гаївки-Великдень... Весілля... Правой ручкою обняла ще й поцілувала. Читати листки, де є згадка з приводу цієї Пісні: Еротичні містерії, Катерини 7.12 — Передріздвяний Святочний час. Еротичні містерії, Калета 13.12 — Передріздвяний Святочний час. Стежки до інших листків про Українські пісні.','Тече вода каламутна, чого, моя мила, смутна?
Я не смутна, лем сердита, ой, бо я зночі була бита!   | (2)

Била мене Мати зночі за Йванкові карі очі,
Ще й казала буде бити, ой, щоб Іванка не любити!      | (2)

Мамко моя солоденька, як ти була молоденька,
Ти бігала так за Татком, ой, як я тепер за Іванком!   | (2)

Тобі було легко, Мати, між своїми вибирати,
Ти вийшла за мого Татка, ой, я ж люблю чужого Йванка! | (2)

Ой, я Йвана так любую, де зійдуся, там цілую,
Ой, Іванку, серце моє, ой, нема таких, як ми двоє!    | (2)

Тече вода коло млина, мамко моя, я не винна,
Бо ми такі паровані, ой, як горнятка мальовані!       | (2)    Тече вода каламутна','["pisni.org.ua", "cat:vesilni", "cat:vesnyanky-hayivky", "Весільні пісні", "Веснянки та гаївки"]',1,'published',COALESCE((SELECT created_at FROM songs WHERE id='pisniua_931989'), datetime('now')),datetime('now'));
INSERT OR REPLACE INTO songs_fts(song_id,title,lyrics) VALUES ('pisniua_931989','Тече вода каламутна, чого, моя мила, смутна','Тече вода каламутна, чого, моя мила, смутна?
Я не смутна, лем сердита, ой, бо я зночі була бита!   | (2)

Била мене Мати зночі за Йванкові карі очі,
Ще й казала буде бити, ой, щоб Іванка не любити!      | (2)

Мамко моя солоденька, як ти була молоденька,
Ти бігала так за Татком, ой, як я тепер за Іванком!   | (2)

Тобі було легко, Мати, між своїми вибирати,
Ти вийшла за мого Татка, ой, я ж люблю чужого Йванка! | (2)

Ой, я Йвана так любую, де зійдуся, там цілую,
Ой, Іванку, серце моє, ой, нема таких, як ми двоє!    | (2)

Тече вода коло млина, мамко моя, я не винна,
Бо ми такі паровані, ой, як горнятка мальовані!       | (2)    Тече вода каламутна');
INSERT OR REPLACE INTO song_links (id,song_id,title,url,kind,version_id,sort_order) VALUES ('pisniua_931989_l1','pisniua_931989','Переглянути варіанти >>','https://www.pisni.org.ua/#variants','external',NULL,1);
INSERT OR REPLACE INTO songs (id,title,subtitle,lang,country,period,year,source,notes,lyrics,tags_json,lang_locked,status,created_at,updated_at) VALUES ('pisniua_9339085','В гори Карпати','Слова: Володимир Дашавський','uk','ukraine_before_1917',NULL,NULL,'авторське подання',NULL,'Я піду високо в гори зелені,
На полонину найвищу зійду
Та й погляну на рідні простори,
На рідний край, де родився й живу.

Приспів:
Карпати, чарівні Карпати,
Край, де зустрів я першу весну,
Карпати, милі серцю Карпати,
Край, де знайшов любов я свою.

До смереки підійду молодої,
За віти її ніжно візьму,
І повітря, що так пахне смолою,
На повні груди його я вдихну.

Приспів.

Тут на поляні квітучій присяду,
Чарівну сопілку в руки візьму,
Коломийку веселу в горах заграю,
Розраду для серця свого я знайду.

Приспів.

На сопілці голосно пісню  заграю,
Що луною, аж попід небом піде,
Коник почує її у зеленій траві
І коломийку  біля мене утне .

Приспів.','["pisni.org.ua", "cat:boykivski", "Пісні з Бойківщини"]',1,'published',COALESCE((SELECT created_at FROM songs WHERE id='pisniua_9339085'), datetime('now')),datetime('now'));
INSERT OR REPLACE INTO songs_fts(song_id,title,lyrics) VALUES ('pisniua_9339085','В гори Карпати','Я піду високо в гори зелені,
На полонину найвищу зійду
Та й погляну на рідні простори,
На рідний край, де родився й живу.

Приспів:
Карпати, чарівні Карпати,
Край, де зустрів я першу весну,
Карпати, милі серцю Карпати,
Край, де знайшов любов я свою.

До смереки підійду молодої,
За віти її ніжно візьму,
І повітря, що так пахне смолою,
На повні груди його я вдихну.

Приспів.

Тут на поляні квітучій присяду,
Чарівну сопілку в руки візьму,
Коломийку веселу в горах заграю,
Розраду для серця свого я знайду.

Приспів.

На сопілці голосно пісню  заграю,
Що луною, аж попід небом піде,
Коник почує її у зеленій траві
І коломийку  біля мене утне .

Приспів.');
INSERT OR REPLACE INTO songs (id,title,subtitle,lang,country,period,year,source,notes,lyrics,tags_json,lang_locked,status,created_at,updated_at) VALUES ('pisniua_9335888','Ворожка','Українська народна пісня. Виконує: Maxima (Юлія Донченко)','uk','ukraine_before_1917',NULL,NULL,'аудіозапис',NULL,'Мені ворожка ворожила,
Щоб не любила хлопців я,
Бо хлопець любить та й покине, |
А ти, дівчино, жий сама!..     | (2)

Покине карі оченята,
Покине личко цілувать,
Покине дівчину любити          |
Ще й миленькою називать...     | (2)

Як я любила - ти сміявся
Як я любила - ти жартував
І так жартуючи признався,      |
Що ти другую покохав...        | (2)

Нехай багачка тебе любить,
Нехай багачка за тебе йде,
Вона любити так не буде,       |
Як любила колись тебе!..       | (2)

Піду до лісу, заблужуся -
Нехай шукає він мене,
Піду до моря, утоплюся -       |
Нехай не буде більш мене!..    | (2)

Мені ворожка ворожила,
Щоб не любила хлопців я,
Бо хлопець любить та й покине, |
А ти, дівчино, жий сама!..     | (2)','["pisni.org.ua", "cat:narodni", "cat:nostalgia", "Народні пісні", "Пісні з ностальгічними мотивами"]',1,'published',COALESCE((SELECT created_at FROM songs WHERE id='pisniua_9335888'), datetime('now')),datetime('now'));
INSERT OR REPLACE INTO songs_fts(song_id,title,lyrics) VALUES ('pisniua_9335888','Ворожка','Мені ворожка ворожила,
Щоб не любила хлопців я,
Бо хлопець любить та й покине, |
А ти, дівчино, жий сама!..     | (2)

Покине карі оченята,
Покине личко цілувать,
Покине дівчину любити          |
Ще й миленькою називать...     | (2)

Як я любила - ти сміявся
Як я любила - ти жартував
І так жартуючи признався,      |
Що ти другую покохав...        | (2)

Нехай багачка тебе любить,
Нехай багачка за тебе йде,
Вона любити так не буде,       |
Як любила колись тебе!..       | (2)

Піду до лісу, заблужуся -
Нехай шукає він мене,
Піду до моря, утоплюся -       |
Нехай не буде більш мене!..    | (2)

Мені ворожка ворожила,
Щоб не любила хлопців я,
Бо хлопець любить та й покине, |
А ти, дівчино, жий сама!..     | (2)');
INSERT OR REPLACE INTO song_links (id,song_id,title,url,kind,version_id,sort_order) VALUES ('pisniua_9335888_l1','pisniua_9335888','YouTube','https://www.youtube.com/watch?v=BJolKsBGmJw','video',NULL,1);
INSERT OR REPLACE INTO song_links (id,song_id,title,url,kind,version_id,sort_order) VALUES ('pisniua_9335888_l2','pisniua_9335888','YouTube','https://www.youtube.com/watch?v=-gCOrhM0vMI','video',NULL,2);
INSERT OR REPLACE INTO songs (id,title,subtitle,lang,country,period,year,source,notes,lyrics,tags_json,lang_locked,status,created_at,updated_at) VALUES ('pisniua_933683','Небо і земля ликує',NULL,'uk','ukraine_1991',NULL,NULL,'Видавництво Отців Василіан "Місіонер" 1998 р. Львів',NULL,'Небо і земля щиро днесь ликує,
І збір пророчий разом торжествує.
Бо Христос вродився,  в пелени повився,
Ожиданий давно
Він на світі явно
В яслах положився.

Вифлеєм - місто тішиться-радіє,
Що це сповнилась вже його надія.
Ясла десь сіяють, три царі вітають,
А пастирі грають, піснь Христу співають,
Ангельські хори.

"Слава во вишніх" - Ангели співають,
Мир на землі всім людям звіщають.
Ірод засмутився, що Цар народився,
Його земне царство і все володарство
Марно упадає.

Зоря на небі ясна світить Богу,
До Вифлеєма вказує дорогу.
А персидські  царі поспішають з дари,
Віддають в покорі, в Його біднім дворі
Новому Цареві.

Бідні пастирі весело співають,
Про славне чудо всім оповідають,
Що Христос у плоти ліг помежи скоти,
В пелени повитий хоче відкупити
Віруючих в Нього.

Вродився Творець нині всеї твари,
Цар над царями, Він не має пари!
Добре всі це знають, й скоти відчувають
Голови схиляють, дарунки складають
Творцеві своєму.

Пречиста Діва на руках тримає,
Та немовлятко грудьми накормляє.
"О, прекрасний цвіте, Ти мій ясний світе,
Сину мій коханий, з неба нам посланий
Від Святого Духа!"

Йосиф старенький Дитяткові служить,
Пісні співає, на рученьках носить:
"Люляй же, маленьке Дитя дорогеньке,
На потіху всьому світу загиблому
З небес послане".

І ми веселу пісню заспіваймо,
Нарожденого Царя привітаймо,
Щоби ми у вірі, спокої і мирі
На землі прожили, а в небі узріли
Світ Божества Його!','["pisni.org.ua", "cat:cerkovni", "Церковні пісні"]',1,'published',COALESCE((SELECT created_at FROM songs WHERE id='pisniua_933683'), datetime('now')),datetime('now'));
INSERT OR REPLACE INTO songs_fts(song_id,title,lyrics) VALUES ('pisniua_933683','Небо і земля ликує','Небо і земля щиро днесь ликує,
І збір пророчий разом торжествує.
Бо Христос вродився,  в пелени повився,
Ожиданий давно
Він на світі явно
В яслах положився.

Вифлеєм - місто тішиться-радіє,
Що це сповнилась вже його надія.
Ясла десь сіяють, три царі вітають,
А пастирі грають, піснь Христу співають,
Ангельські хори.

"Слава во вишніх" - Ангели співають,
Мир на землі всім людям звіщають.
Ірод засмутився, що Цар народився,
Його земне царство і все володарство
Марно упадає.

Зоря на небі ясна світить Богу,
До Вифлеєма вказує дорогу.
А персидські  царі поспішають з дари,
Віддають в покорі, в Його біднім дворі
Новому Цареві.

Бідні пастирі весело співають,
Про славне чудо всім оповідають,
Що Христос у плоти ліг помежи скоти,
В пелени повитий хоче відкупити
Віруючих в Нього.

Вродився Творець нині всеї твари,
Цар над царями, Він не має пари!
Добре всі це знають, й скоти відчувають
Голови схиляють, дарунки складають
Творцеві своєму.

Пречиста Діва на руках тримає,
Та немовлятко грудьми накормляє.
"О, прекрасний цвіте, Ти мій ясний світе,
Сину мій коханий, з неба нам посланий
Від Святого Духа!"

Йосиф старенький Дитяткові служить,
Пісні співає, на рученьках носить:
"Люляй же, маленьке Дитя дорогеньке,
На потіху всьому світу загиблому
З небес послане".

І ми веселу пісню заспіваймо,
Нарожденого Царя привітаймо,
Щоби ми у вірі, спокої і мирі
На землі прожили, а в небі узріли
Світ Божества Його!');
INSERT OR REPLACE INTO songs (id,title,subtitle,lang,country,period,year,source,notes,lyrics,tags_json,lang_locked,status,created_at,updated_at) VALUES ('pisniua_932282','Ой Дивноє Народження Божого Сина (2)','Українська народна пісня','uk','ukraine_before_1917',NULL,NULL,'Староукраїнські релігійні роздуми про Бога © Видавництво "Павутинонька", Нью Йорк – Львів – Київ – Харків – Москва, 2004','Ой у Львові рано зранку --> Колядки-Щедрівки: Українські Різдво Світа і Щедрий Вечір. Пречиста Діва Сина рождає. Листки з приводу цієї Пісні: Українська традиція Святого Збору. Святий Збір як політичний ідеал: Що таке Кийовство? Стежки до листків про Українські традиції.','Ой Дивноє Народження Божого Сина
Що породила Суса Христа Діва Марія           | (2)
Вона Його породила не сповивала
Темної Ночі Ясної Зорі спатоньки клала       | (2)
Десь узялись Три Янголи з Небес летючи
З Небес летячи Темної Ночі Христа славлючи   | (2)
А ми ж Тебе Хазяїне не понижаєм
Ісусом Христом Святим Рожеством поздоровляєм | (2)','["pisni.org.ua", "cat:kolyadky", "Колядки"]',1,'published',COALESCE((SELECT created_at FROM songs WHERE id='pisniua_932282'), datetime('now')),datetime('now'));
INSERT OR REPLACE INTO songs_fts(song_id,title,lyrics) VALUES ('pisniua_932282','Ой Дивноє Народження Божого Сина (2)','Ой Дивноє Народження Божого Сина
Що породила Суса Христа Діва Марія           | (2)
Вона Його породила не сповивала
Темної Ночі Ясної Зорі спатоньки клала       | (2)
Десь узялись Три Янголи з Небес летючи
З Небес летячи Темної Ночі Христа славлючи   | (2)
А ми ж Тебе Хазяїне не понижаєм
Ісусом Христом Святим Рожеством поздоровляєм | (2)');
INSERT OR REPLACE INTO song_links (id,song_id,title,url,kind,version_id,sort_order) VALUES ('pisniua_932282_l1','pisniua_932282','YouTube','https://www.youtube.com/watch?v=QVN9sotnOec','video',NULL,1);
INSERT OR REPLACE INTO songs (id,title,subtitle,lang,country,period,year,source,notes,lyrics,tags_json,lang_locked,status,created_at,updated_at) VALUES ('pisniua_934281','Нехай і холод, і вітри','Музика: Піккардійська Терція Слова: Роберт Бернс. Виконує: Піккардійська Терція','uk','ukraine_1991',NULL,NULL,NULL,'Підбір акордів: Юльчик','A
Нехай і холод, і вітри,
І сніг з дощем, і сніг з дощем, -
Я від негоди захищу тебе плащем,
Тебе плащем, тебе плащем.
Нехай і горе, і біда,
І море тьми, і море тьми, -
Я від негоди заслоню тебе грудьми,
Тебе грудьми, тебе грудьми.
Нехай я стану злидарем
В чужім краю, в чужім краю.
З тобою буде скрізь мені, як у раю,
Як у раю, як у раю.
Нехай я стану владарем
На цілий світ, на цілий світ.
В моїй короні будеш ти, як самоцвіт,
Як самоцвіт, як самоцвіт.','["pisni.org.ua", "cat:romansy", "Романси"]',1,'published',COALESCE((SELECT created_at FROM songs WHERE id='pisniua_934281'), datetime('now')),datetime('now'));
INSERT OR REPLACE INTO songs_fts(song_id,title,lyrics) VALUES ('pisniua_934281','Нехай і холод, і вітри','A
Нехай і холод, і вітри,
І сніг з дощем, і сніг з дощем, -
Я від негоди захищу тебе плащем,
Тебе плащем, тебе плащем.
Нехай і горе, і біда,
І море тьми, і море тьми, -
Я від негоди заслоню тебе грудьми,
Тебе грудьми, тебе грудьми.
Нехай я стану злидарем
В чужім краю, в чужім краю.
З тобою буде скрізь мені, як у раю,
Як у раю, як у раю.
Нехай я стану владарем
На цілий світ, на цілий світ.
В моїй короні будеш ти, як самоцвіт,
Як самоцвіт, як самоцвіт.');
INSERT OR REPLACE INTO song_links (id,song_id,title,url,kind,version_id,sort_order) VALUES ('pisniua_934281_l1','pisniua_934281','YouTube','https://www.youtube.com/watch?v=7QngRCwMG8o','video',NULL,1);
INSERT OR REPLACE INTO song_links (id,song_id,title,url,kind,version_id,sort_order) VALUES ('pisniua_934281_l2','pisniua_934281','Переглянути варіанти >>','https://www.pisni.org.ua/#variants','external',NULL,2);
INSERT OR REPLACE INTO songs (id,title,subtitle,lang,country,period,year,source,notes,lyrics,tags_json,lang_locked,status,created_at,updated_at) VALUES ('pisniua_933982','Чи в Дома вдома Господар дума','Українська народна пісня','uk','ukraine_before_1917',NULL,NULL,'Староукраїнські релігійні роздуми про Бога © Видавництво "Павутинонька", Нью Йорк – Львів – Київ – Харків – Москва, 2004','Отвор Віконко Наше Серденько: серденько як віконко до Світа! Колядка стародавня: Українське Різдво Світа. Ой там виxодило та Три Товариші. Радуйся Земле Коляда іде! Багацтво ідей в Українськім імені Коляда. Називають Колядою — саме Свято Різдвяне: Коляда — це друга технічна назва Різдвяного Свята. Хлібом-Колядою обдаровують Колядників-співаків, яких уважає нарід за Небесних післанців або за Святочних Духівників. Називає отже нарід Колядниками цих ідеальних своїх Духівників-піснярів, які є уособленням Старовіцьких Українських традицій і мрій про Послів Небесних, звіщаючих народові велику світову містерію, тайну Різдва Світа і появу Господа. Постаті тих Колядників зливаються в уяві народу з мітольоґічною Астральною Трійцею, що приходить в гостину до ідеального Господаря. В дивнім загально поширенім містицизмі Різдвяних Свят, який заволодів усією народною психікою, оці Духівники-Колядники стають в очах народу оповиті таємним німбом Святости, — вони самі собою приявляють Первовічні Небесні явища, тобто Астральну Трійцю. Їх називає нарід "Божими Служеньками", Трьома Небесними Товаришами, Трьома Братами, (Трьома) Королями. Вони звіщають народові давні таїнниці Світа, приходячи в гостину до Господаря несуть йому благословенство для роду і плоду і всяке добро і щастя від Господа. Колядників можуть бути більші гуртки та все між ними є три передові. Звичайно однакож гурт Колядників, виступаючи колядувати, ділиться на гуртки по три особи і так, Трійками, розходяться колядувати (принагідно "щедрувати"). В Тебе на Мості Рокові гості Рокові гості Божі Служеньки Божі Служеньки Колядниченьки Називаються Колядами або Колядками — Святоріздвяні старинні пісні, що проголошують та поширюють між народом провідні ідеї Свята Коляди, всю його містику, весь його реліґійний чар і зміст. Староукраїнські Колядки мають в першій мірі всі характер культово-реліґійний, з кількома відмінами реліґійного шанування відповідно до культурно-історичного розвитку Українського народу. Та основою цього шанування є ідея Почину Світа і його Творця. Для того всі Українські Колядки можна визначити як міти про Почин Світа і Первовічне людське життя. Тому то і традиції про первісне господарське й суспільне життя народу містяться в Колядках........................................................... Читати листки з приводу цієї Пісні: Що означає ім''я "Коляда"? Що означає "Дідух"? Співаймо Світові-Дитині: Колядки, Щедрівки, Колискові... Стежки до інших листків про Українські традиції.','Чи в Дома-вдома Господар дума

Приспів:
Бог у Тебе!
Отвор Віконко покаж Личенько
Наші Серденька до Тебе!

В Тебе на Мості Рокові гості
Рокові гості Божі Служеньки
Божі Служеньки Колядниченьки

Ми Тя любимо не обходимо
Отвор Віконко Наше Серденько','["pisni.org.ua", "cat:shchedrivky", "Щедрівки"]',1,'published',COALESCE((SELECT created_at FROM songs WHERE id='pisniua_933982'), datetime('now')),datetime('now'));
INSERT OR REPLACE INTO songs_fts(song_id,title,lyrics) VALUES ('pisniua_933982','Чи в Дома вдома Господар дума','Чи в Дома-вдома Господар дума

Приспів:
Бог у Тебе!
Отвор Віконко покаж Личенько
Наші Серденька до Тебе!

В Тебе на Мості Рокові гості
Рокові гості Божі Служеньки
Божі Служеньки Колядниченьки

Ми Тя любимо не обходимо
Отвор Віконко Наше Серденько');
INSERT OR REPLACE INTO songs (id,title,subtitle,lang,country,period,year,source,notes,lyrics,tags_json,lang_locked,status,created_at,updated_at) VALUES ('pisniua_9335487','Цвіркунчик','Музика: Наталія Май Слова: Наталія Май','uk','ukraine_1991',NULL,NULL,'аудіозапис','Пісню виконує дует "Зелений вітер".','У небі синім шматочком сиру
Поволі жовтий місяць пропливав,
Тихенько пісню свою несмілу
Цвіркун в травиці шовковій співав.

Приспів:
Туру-ру-ру-ру, туру-ру-ру-ру,
Туру-ру-ру-ру, туру-ру-ру-ру,
Туру-ру-ру-ру, туру-ру-ру-ру,
Туру-ру-ру-ру, туру-ру-ру-ру.

Скотився вечір бузку на плечі,
І зорі засвітилися ясні,
Заснула міцно уся малеча
Під лагідні цвіркунчика пісні.

Приспів.

Нічна розмова, як колискова,
І сни солодкі бавили малят,
Раділо пісні усе довкола
І до світанку чулося здаля:

Приспів. (2)','["pisni.org.ua", "cat:krasa-pryrody", "Пісні про красу природи"]',1,'published',COALESCE((SELECT created_at FROM songs WHERE id='pisniua_9335487'), datetime('now')),datetime('now'));
INSERT OR REPLACE INTO songs_fts(song_id,title,lyrics) VALUES ('pisniua_9335487','Цвіркунчик','У небі синім шматочком сиру
Поволі жовтий місяць пропливав,
Тихенько пісню свою несмілу
Цвіркун в травиці шовковій співав.

Приспів:
Туру-ру-ру-ру, туру-ру-ру-ру,
Туру-ру-ру-ру, туру-ру-ру-ру,
Туру-ру-ру-ру, туру-ру-ру-ру,
Туру-ру-ру-ру, туру-ру-ру-ру.

Скотився вечір бузку на плечі,
І зорі засвітилися ясні,
Заснула міцно уся малеча
Під лагідні цвіркунчика пісні.

Приспів.

Нічна розмова, як колискова,
І сни солодкі бавили малят,
Раділо пісні усе довкола
І до світанку чулося здаля:

Приспів. (2)');
INSERT OR REPLACE INTO song_links (id,song_id,title,url,kind,version_id,sort_order) VALUES ('pisniua_9335487_l1','pisniua_9335487','YouTube','https://www.youtube.com/watch?v=YLxDVVBVhQo','video',NULL,1);
INSERT OR REPLACE INTO songs (id,title,subtitle,lang,country,period,year,source,notes,lyrics,tags_json,lang_locked,status,created_at,updated_at) VALUES ('pisniua_9328686','Не та ружа, що за садом','Українська народна пісня','uk','ukr_ssr_1919_1991',NULL,'1951',NULL,'Уснословесний жанр любовна пісня Жанр (народне визначення) українська народна пісня Місце побутування с. Вовче, Вовченська сільрада, Турківський район, Львівська область Респонденти Вовчанська Катерина Дмитрівна, 1951 р.н., Шийовець Анна Іванівна, 1945 р.н. Збирачі Корчагіна Світлана, Чигінь Марія','Не та ружа, що за садом,
А та ружа - що в саду.
Не той милий, що двох любит, |
А той милий - що одну.       | (2)

Уже листя пожовтіло,
А ти, травко, зеленій.
Мене вдома б''ют та й лают,   |
А ти, милий, пожалій.        | (2)

Пожалів би тебе, мила,
Якби думав тебе брать.
Через місяць, може, ранше,   |
Думаю тебе лешать.           | (2)

Як лишаєш мене, милий,
Як лишаєш - так лишай.
Все, що було поміж нами,     |
Нікому не виявляй.           | (2)

Не виявлю, моя мила,
Бо я дуже тя любив.
Так зробили лихі люде,       |
Що я тебе полишив.           | (2)

Раз прийшла я на висілля,
Стала собі в стороні, -
Покотились йому сльози       |
Ще й скоріше, як мені.       | (2)','["pisni.org.ua", "cat:narodni", "Народні пісні"]',1,'published',COALESCE((SELECT created_at FROM songs WHERE id='pisniua_9328686'), datetime('now')),datetime('now'));
INSERT OR REPLACE INTO songs_fts(song_id,title,lyrics) VALUES ('pisniua_9328686','Не та ружа, що за садом','Не та ружа, що за садом,
А та ружа - що в саду.
Не той милий, що двох любит, |
А той милий - що одну.       | (2)

Уже листя пожовтіло,
А ти, травко, зеленій.
Мене вдома б''ют та й лают,   |
А ти, милий, пожалій.        | (2)

Пожалів би тебе, мила,
Якби думав тебе брать.
Через місяць, може, ранше,   |
Думаю тебе лешать.           | (2)

Як лишаєш мене, милий,
Як лишаєш - так лишай.
Все, що було поміж нами,     |
Нікому не виявляй.           | (2)

Не виявлю, моя мила,
Бо я дуже тя любив.
Так зробили лихі люде,       |
Що я тебе полишив.           | (2)

Раз прийшла я на висілля,
Стала собі в стороні, -
Покотились йому сльози       |
Ще й скоріше, як мені.       | (2)');
INSERT OR REPLACE INTO song_links (id,song_id,title,url,kind,version_id,sort_order) VALUES ('pisniua_9328686_l1','pisniua_9328686','YouTube','https://www.youtube.com/watch?v=80ECKWHZji0','video',NULL,1);
INSERT OR REPLACE INTO songs (id,title,subtitle,lang,country,period,year,source,notes,lyrics,tags_json,lang_locked,status,created_at,updated_at) VALUES ('pisniua_9348982','Мені тебе не вистачає','Музика: Леся Репецька Слова: Роман Семисал','uk','ukraine_1991',NULL,NULL,'аудіозапис','Пісню виконують Роман Семисал & ТЕЛЬНЮК Сестри.','Прийшла у березні зима,
Прийшла негода, як чума,
Бʹє по обличчю до одчаю...
Мені тебе не вистачає...
Тільки тебе... Тільки тебе...
Тільки тебе не вистачає...
Тільки тебе... Тільки тебе...

Заледенів грубезний дуб,
І плащ зелений мій задуб,
Далеко ще до молочаю...
Мені тебе не вистачає...
Тільки тебе... Тільки тебе...
Тільки тебе не вистачає...
Тільки тебе... Тільки тебе...

Гримить за Сіверським Донцем,
Мозолю пальці олівцем,
Як кулі рими витрачаю...
Мені тебе не вистачає...
Тільки тебе... Тільки тебе...
Тільки тебе не вистачає...
Тільки тебе... Тільки тебе...

Мовчить старенька БМП,
Собака солодко хропе,
Не гасне печія од чаю...
Мені тебе не вистачає...
Тільки тебе... Тільки тебе...
Тільки тебе не вистачає...
Тільки тебе... Тільки тебе...

Вмирають іскри на льоту,
Хапають руки пустоту,
Заводжу пісню і скінчаю...
Мені тебе не вистачає...
Тільки тебе... Тільки тебе... |
Тільки тебе не вистачає...    |
Тільки тебе... Тільки тебе... | (2)','["pisni.org.ua", "cat:ato", "Пісні російсько-української війни та АТО"]',1,'published',COALESCE((SELECT created_at FROM songs WHERE id='pisniua_9348982'), datetime('now')),datetime('now'));
INSERT OR REPLACE INTO songs_fts(song_id,title,lyrics) VALUES ('pisniua_9348982','Мені тебе не вистачає','Прийшла у березні зима,
Прийшла негода, як чума,
Бʹє по обличчю до одчаю...
Мені тебе не вистачає...
Тільки тебе... Тільки тебе...
Тільки тебе не вистачає...
Тільки тебе... Тільки тебе...

Заледенів грубезний дуб,
І плащ зелений мій задуб,
Далеко ще до молочаю...
Мені тебе не вистачає...
Тільки тебе... Тільки тебе...
Тільки тебе не вистачає...
Тільки тебе... Тільки тебе...

Гримить за Сіверським Донцем,
Мозолю пальці олівцем,
Як кулі рими витрачаю...
Мені тебе не вистачає...
Тільки тебе... Тільки тебе...
Тільки тебе не вистачає...
Тільки тебе... Тільки тебе...

Мовчить старенька БМП,
Собака солодко хропе,
Не гасне печія од чаю...
Мені тебе не вистачає...
Тільки тебе... Тільки тебе...
Тільки тебе не вистачає...
Тільки тебе... Тільки тебе...

Вмирають іскри на льоту,
Хапають руки пустоту,
Заводжу пісню і скінчаю...
Мені тебе не вистачає...
Тільки тебе... Тільки тебе... |
Тільки тебе не вистачає...    |
Тільки тебе... Тільки тебе... | (2)');
INSERT OR REPLACE INTO song_links (id,song_id,title,url,kind,version_id,sort_order) VALUES ('pisniua_9348982_l1','pisniua_9348982','YouTube','https://www.youtube.com/watch?v=yQeHIXtFIeQ','video',NULL,1);
INSERT OR REPLACE INTO songs (id,title,subtitle,lang,country,period,year,source,notes,lyrics,tags_json,lang_locked,status,created_at,updated_at) VALUES ('pisniua_9340383','Емігрантко, повертай додому...','Слова: Марія Чайківчанка','uk','ukraine_1991',NULL,NULL,'авторське подання',NULL,'Із заквітчаного літа іду в осінь золоту,
І наді мною кружляє кленове листя,
Похилили голівку троянди в саду,
Із небес відлунює журавлина пісня...

Осінь задзвенить вересневим дзвіночком,
І птахи гуртуються у теплі краї вдалину,
На крило беруть літа вплетені віночком,
І плаче небо дощем, а душа лиє сльозу...

Чужина, чужина, ти забрала молоді літа -
Сизу птаху закувала в клітку, в неволю,
Ти, як у полі билина, зажурена сирота,
Побиваєшся за рідними і час малює скроні...

Скажи, хто ти така на чужій стороні?..
Ти - підневільна пташка, рабиня, чужинка...
Емігрантко, повертайся додому, до землі,
Де пахнуть трави, знайома кожна стежинка...','["pisni.org.ua", "cat:emigration", "Пісні про еміґрацію"]',1,'published',COALESCE((SELECT created_at FROM songs WHERE id='pisniua_9340383'), datetime('now')),datetime('now'));
INSERT OR REPLACE INTO songs_fts(song_id,title,lyrics) VALUES ('pisniua_9340383','Емігрантко, повертай додому...','Із заквітчаного літа іду в осінь золоту,
І наді мною кружляє кленове листя,
Похилили голівку троянди в саду,
Із небес відлунює журавлина пісня...

Осінь задзвенить вересневим дзвіночком,
І птахи гуртуються у теплі краї вдалину,
На крило беруть літа вплетені віночком,
І плаче небо дощем, а душа лиє сльозу...

Чужина, чужина, ти забрала молоді літа -
Сизу птаху закувала в клітку, в неволю,
Ти, як у полі билина, зажурена сирота,
Побиваєшся за рідними і час малює скроні...

Скажи, хто ти така на чужій стороні?..
Ти - підневільна пташка, рабиня, чужинка...
Емігрантко, повертайся додому, до землі,
Де пахнуть трави, знайома кожна стежинка...');
INSERT OR REPLACE INTO songs (id,title,subtitle,lang,country,period,year,source,notes,lyrics,tags_json,lang_locked,status,created_at,updated_at) VALUES ('pisniua_9351982','Колискова для сина','Музика: Сергій Ярунський Слова: Лариса Лук''янець. Виконує: Ольга Яриновська','uk','ukraine_before_1917',NULL,NULL,'https://www.youtube.com/watch?v=w0qmRPV7_EE&t=2s',NULL,'Гасне вечір тихо-тихо,
Нічка зорі розсипає,
Вже моя маленька втіха
Оченята закриває.
Натомився мій дзвіночок,
Щось крізь сон собі зітхає,
Мій промінчик, мій синочок
В гості казочку чекає...

Баю-бай, баю-бай,
Щось крізь сон собі зітхає...
Баю-бай, баю-бай,
В гості казочку чекає...

Янголята пролетіли,
Сни його оберігають,
Спить моя відрада мила,
Мов у щастя небокраї.
Спи, журавлику маленький,
Хай крилята підростають,
Із усіх доріг до неньки
Стежечку не забувають.

Баю-бай, баю-бай,
Хай крилята підростають...
Баю-бай, баю-бай,
Стежечку не забувають...

Гасне вечір тихо-тихо,
Нічка зорі розсипає,
Вже моя маленька втіха
Оченята закриває','["pisni.org.ua", "cat:kolyskovi", "Колискові"]',1,'published',COALESCE((SELECT created_at FROM songs WHERE id='pisniua_9351982'), datetime('now')),datetime('now'));
INSERT OR REPLACE INTO songs_fts(song_id,title,lyrics) VALUES ('pisniua_9351982','Колискова для сина','Гасне вечір тихо-тихо,
Нічка зорі розсипає,
Вже моя маленька втіха
Оченята закриває.
Натомився мій дзвіночок,
Щось крізь сон собі зітхає,
Мій промінчик, мій синочок
В гості казочку чекає...

Баю-бай, баю-бай,
Щось крізь сон собі зітхає...
Баю-бай, баю-бай,
В гості казочку чекає...

Янголята пролетіли,
Сни його оберігають,
Спить моя відрада мила,
Мов у щастя небокраї.
Спи, журавлику маленький,
Хай крилята підростають,
Із усіх доріг до неньки
Стежечку не забувають.

Баю-бай, баю-бай,
Хай крилята підростають...
Баю-бай, баю-бай,
Стежечку не забувають...

Гасне вечір тихо-тихо,
Нічка зорі розсипає,
Вже моя маленька втіха
Оченята закриває');
INSERT OR REPLACE INTO song_links (id,song_id,title,url,kind,version_id,sort_order) VALUES ('pisniua_9351982_l1','pisniua_9351982','YouTube','https://www.youtube.com/watch?v=w0qmRPV7_EE','video',NULL,1);
INSERT OR REPLACE INTO songs (id,title,subtitle,lang,country,period,year,source,notes,lyrics,tags_json,lang_locked,status,created_at,updated_at) VALUES ('pisniua_9351787','Дзень–дзелень',NULL,'uk','ukraine_1991',NULL,NULL,'аудіозапис','Пісню виконують Станіславські малюки.','На Різдво Христове
Від хати до хати
Із вертепом діти
Йдуть колядувати.

Приспів:
Дзінь-дзілінь,     |
Дзень-дзелень, -   |
Весело співаймо!   |
Дзінь-дзілінь,     |
Дзень-дзелень, -   |
Бога прославляймо! | (2)

Попереду зірка
Шлях нам осяває,
Пастушки у полі
На сопілках грають.

Приспів.

Звіздарі низенько
Голови схиляють,
Ангели у небі
Весело співають.

Приспів.

Колядуймо дзвінко,
Щоб світ веселився,
Радій, Україно -
Христос народився!

Приспів.','["pisni.org.ua", "cat:dytyachi", "Дитячі пісні"]',1,'published',COALESCE((SELECT created_at FROM songs WHERE id='pisniua_9351787'), datetime('now')),datetime('now'));
INSERT OR REPLACE INTO songs_fts(song_id,title,lyrics) VALUES ('pisniua_9351787','Дзень–дзелень','На Різдво Христове
Від хати до хати
Із вертепом діти
Йдуть колядувати.

Приспів:
Дзінь-дзілінь,     |
Дзень-дзелень, -   |
Весело співаймо!   |
Дзінь-дзілінь,     |
Дзень-дзелень, -   |
Бога прославляймо! | (2)

Попереду зірка
Шлях нам осяває,
Пастушки у полі
На сопілках грають.

Приспів.

Звіздарі низенько
Голови схиляють,
Ангели у небі
Весело співають.

Приспів.

Колядуймо дзвінко,
Щоб світ веселився,
Радій, Україно -
Христос народився!

Приспів.');
INSERT OR REPLACE INTO song_links (id,song_id,title,url,kind,version_id,sort_order) VALUES ('pisniua_9351787_l1','pisniua_9351787','YouTube','https://www.youtube.com/watch?v=9SysXlIlB4c','video',NULL,1);
INSERT OR REPLACE INTO songs (id,title,subtitle,lang,country,period,year,source,notes,lyrics,tags_json,lang_locked,status,created_at,updated_at) VALUES ('pisniua_9339982','Сльози матері','Музика: Іван Стратієнко Слова: Іван Стратієнко. Виконує: Іван Стратієнко','uk','ukraine_1991',NULL,NULL,'аудіозапис',NULL,'Рідне сонце зійшло, знову нам повезло,
Перестала вже рватись земля,
Помолилися ми, нічку пережили
І на волю знов рветься сльоза...
Посміхається брат, знову чути комбат:
Всі живі і підносим бокал,
Смачно куримо ми після жаху пітьми
І тремтить знов в пилюці рука...

Приспів:
Не плач, моя мамо,
Благаю, не плач!
Ми повернем з цієї війни!
Бо почали це пекло не ми!..
За страждання  і сльози пробач!
Проснись, мій народе!
Благаю, проснись!
І лицем до біди повернись,
Бо в вогні і у крові земля,
А земля ця - твоя і моя!

Загорілась земля, насипає арта,
Відправляє у ад ворогів,
Дешибе і застава, і піхота - красава,
Боже, ти бережи всіх синів!
Хто дасть звіт про 200-х і про знищення роти?
Хто за зраду накаже щурів?
Про плени і про муки, і відірвані руки,
І за сльози, і біль матерів!

Приспів.

Ще не вмерла, жива Україна моя,
І до бою готові брати,
І героям всім слава! - Україна повстала!
Тільки ми можем все зберегти!
Сила тільки в єднанні,
Помста всім за страждання,
Наказати за смерті братів.
З нами Бог! З нами сила!
Побратимів могили
І молитви за вбитих синів!

Приспів.

Звільни душу й серденько від сатани!
Правлять зрадники і брехуни,
Рветься серце Вкраїно моя...
Скільки цвіту твого вже нема...

Друже, а земля ця - твоя і моя!..','["pisni.org.ua", "cat:ato", "Пісні російсько-української війни та АТО"]',1,'published',COALESCE((SELECT created_at FROM songs WHERE id='pisniua_9339982'), datetime('now')),datetime('now'));
INSERT OR REPLACE INTO songs_fts(song_id,title,lyrics) VALUES ('pisniua_9339982','Сльози матері','Рідне сонце зійшло, знову нам повезло,
Перестала вже рватись земля,
Помолилися ми, нічку пережили
І на волю знов рветься сльоза...
Посміхається брат, знову чути комбат:
Всі живі і підносим бокал,
Смачно куримо ми після жаху пітьми
І тремтить знов в пилюці рука...

Приспів:
Не плач, моя мамо,
Благаю, не плач!
Ми повернем з цієї війни!
Бо почали це пекло не ми!..
За страждання  і сльози пробач!
Проснись, мій народе!
Благаю, проснись!
І лицем до біди повернись,
Бо в вогні і у крові земля,
А земля ця - твоя і моя!

Загорілась земля, насипає арта,
Відправляє у ад ворогів,
Дешибе і застава, і піхота - красава,
Боже, ти бережи всіх синів!
Хто дасть звіт про 200-х і про знищення роти?
Хто за зраду накаже щурів?
Про плени і про муки, і відірвані руки,
І за сльози, і біль матерів!

Приспів.

Ще не вмерла, жива Україна моя,
І до бою готові брати,
І героям всім слава! - Україна повстала!
Тільки ми можем все зберегти!
Сила тільки в єднанні,
Помста всім за страждання,
Наказати за смерті братів.
З нами Бог! З нами сила!
Побратимів могили
І молитви за вбитих синів!

Приспів.

Звільни душу й серденько від сатани!
Правлять зрадники і брехуни,
Рветься серце Вкраїно моя...
Скільки цвіту твого вже нема...

Друже, а земля ця - твоя і моя!..');
INSERT OR REPLACE INTO song_links (id,song_id,title,url,kind,version_id,sort_order) VALUES ('pisniua_9339982_l1','pisniua_9339982','YouTube','https://www.youtube.com/watch?v=kv-Kd-YXCo8','video',NULL,1);
INSERT OR REPLACE INTO songs (id,title,subtitle,lang,country,period,year,source,notes,lyrics,tags_json,lang_locked,status,created_at,updated_at) VALUES ('pisniua_9339787','Батьківське слово','Музика: Павло Зібров Слова: Юрій Рибчинський. Виконує: Павло Зібров','uk','ukraine_1991',NULL,NULL,'аудіозапис',NULL,'Мамині очі стали вологі:
Час проводжати сина в дорогу.
Час тобі, батьку, слово казати,
Добру пораду синові дати.
Я тобі, сину, заповідаю
Землю і небо рідного краю,
Мову джерельну, пісню крилату,
Сивий Славутич, сині Карпати!

Приспів:
Щиро бажаю я тобі, сину,
Друзів надійних, вірну дружину!
Хай тебе будять першії півні,
Хай в тебе будуть діти чарівні!
І, щоб було їх кому колисати,
Хай живуть довго твій батько і мати!

Хай в твоїм серці грають цимбали,
Дай тобі, Боже, не знати печалі
Від небезпеки й ворога злого
Хай береже тебе батьківське слово!

Приспів.','["pisni.org.ua", "cat:pro-ditey", "Пісні про любов до дітей"]',1,'published',COALESCE((SELECT created_at FROM songs WHERE id='pisniua_9339787'), datetime('now')),datetime('now'));
INSERT OR REPLACE INTO songs_fts(song_id,title,lyrics) VALUES ('pisniua_9339787','Батьківське слово','Мамині очі стали вологі:
Час проводжати сина в дорогу.
Час тобі, батьку, слово казати,
Добру пораду синові дати.
Я тобі, сину, заповідаю
Землю і небо рідного краю,
Мову джерельну, пісню крилату,
Сивий Славутич, сині Карпати!

Приспів:
Щиро бажаю я тобі, сину,
Друзів надійних, вірну дружину!
Хай тебе будять першії півні,
Хай в тебе будуть діти чарівні!
І, щоб було їх кому колисати,
Хай живуть довго твій батько і мати!

Хай в твоїм серці грають цимбали,
Дай тобі, Боже, не знати печалі
Від небезпеки й ворога злого
Хай береже тебе батьківське слово!

Приспів.');
INSERT OR REPLACE INTO songs (id,title,subtitle,lang,country,period,year,source,notes,lyrics,tags_json,lang_locked,status,created_at,updated_at) VALUES ('pisniua_9337889','Ясноока наречена','Музика: Павло Зібров Слова: Петро Мага. Виконує: Павло Зібров','uk','ukraine_1991',NULL,NULL,'аудіозапис',NULL,'Лунає дзвін і гості на місцях,
І музики, і квітів так багато,
Веде за руку доню до вінця,
Схвильований і урочистий тато...
До ніг лягають пелюстки троянд,
На білому, мов крапельки червоні,
А час не повертається назад,
Коли ж ти підросла, маленька доню?..

Приспів:
Наречена, ясноока наречена,
Ще учора, наче гілонька зелена,
А сьогодні білим цвітом розцвітає
І від мами білим птахом відлітає...
Наречена, мов голубка на долоні,
Стільки років, юних років просто доня,
Найдорожча в світі, татова єдина,
Та у неї вже тепер своя родина!

Танцює слово "Гірко" на столах,
Красивий вальс під музику розлуки,
Сьогодні мама доню віддала,
Та вірить, що в надійні теплі руки!..
У доні поцілунки на вустах,
І очі, мов закохані безодні,
Та чисті сльози в мами на очах,
Коли ж ти підросла, маленька доню?..

Приспів.','["pisni.org.ua", "cat:pro-ditey", "Пісні про любов до дітей"]',1,'published',COALESCE((SELECT created_at FROM songs WHERE id='pisniua_9337889'), datetime('now')),datetime('now'));
INSERT OR REPLACE INTO songs_fts(song_id,title,lyrics) VALUES ('pisniua_9337889','Ясноока наречена','Лунає дзвін і гості на місцях,
І музики, і квітів так багато,
Веде за руку доню до вінця,
Схвильований і урочистий тато...
До ніг лягають пелюстки троянд,
На білому, мов крапельки червоні,
А час не повертається назад,
Коли ж ти підросла, маленька доню?..

Приспів:
Наречена, ясноока наречена,
Ще учора, наче гілонька зелена,
А сьогодні білим цвітом розцвітає
І від мами білим птахом відлітає...
Наречена, мов голубка на долоні,
Стільки років, юних років просто доня,
Найдорожча в світі, татова єдина,
Та у неї вже тепер своя родина!

Танцює слово "Гірко" на столах,
Красивий вальс під музику розлуки,
Сьогодні мама доню віддала,
Та вірить, що в надійні теплі руки!..
У доні поцілунки на вустах,
І очі, мов закохані безодні,
Та чисті сльози в мами на очах,
Коли ж ти підросла, маленька доню?..

Приспів.');
INSERT OR REPLACE INTO song_links (id,song_id,title,url,kind,version_id,sort_order) VALUES ('pisniua_9337889_l1','pisniua_9337889','YouTube','https://www.youtube.com/watch?v=djU9hErg8Eg','video',NULL,1);
INSERT OR REPLACE INTO songs (id,title,subtitle,lang,country,period,year,source,notes,lyrics,tags_json,lang_locked,status,created_at,updated_at) VALUES ('pisniua_935282','Тиха-Тиха','Музика: народна, Тартак Слова: народні, Тартак. Виконує: Тартак, Гуляйгород','uk','ukraine_before_1917',NULL,NULL,'http://www.tartak.com.ua',NULL,'Тиха-тиха на дворі погода
Нема мого милого з походу.
Як приїхав мій милий з походу
Зустрів милу в сінях на порозі.
Здрастуй, мила, здрастуй, чорнобрива,
Чия в тебе на руках дитина?

Довго-довго тебе чекала,
Плакала ночами, але сліз не вистачало.
Не вистачало, щоб наповнити море,
Щоб змити біль розлуки, щоб затопити горе.
Довго-довго тебе чекала,
Час минав, але вірила, знала,
Що повернешся живим і здоровим,
Її до себе пригортатимеш знову.
Сама у хаті, сама у полі,
І вся робота - на ній, та не жалілась долі.
Але від тебе нема жодної звісточки,
А може просто обірвалася ниточка?
А може вже десь там наклав головою,
Уже згорів у вогні стрімкого бою?
Уже накрився чужою землею,
І більш ніколи не топтамимеш своєї?...
Минали дні, минали довгі ночі,
І засихало марно серце дівоче.
Думки сушили мозок - хто витримає все це?
І вже зневіра гадюкою заповзала в серце...

Була ж в мене циганочка Дуня,
Вона в мене дитину забула.
Брешеш, мила, брешеш, чорнобрива,
Не такая циганська дитина.
А циганське чорне та патлате,
А це біле, біле гарнувате.
Давай, мила, коника сідлати,
Та й поїдем, циганку шукати.

Ходім, милий, із сіней у хату,
Буду тобі правдоньку казати.
Був у мене козак аж три ночі,
Він покинув оці карі очі','["pisni.org.ua", "cat:suspilno-politychni", "Суспільно-політичні пісні"]',1,'published',COALESCE((SELECT created_at FROM songs WHERE id='pisniua_935282'), datetime('now')),datetime('now'));
INSERT OR REPLACE INTO songs_fts(song_id,title,lyrics) VALUES ('pisniua_935282','Тиха-Тиха','Тиха-тиха на дворі погода
Нема мого милого з походу.
Як приїхав мій милий з походу
Зустрів милу в сінях на порозі.
Здрастуй, мила, здрастуй, чорнобрива,
Чия в тебе на руках дитина?

Довго-довго тебе чекала,
Плакала ночами, але сліз не вистачало.
Не вистачало, щоб наповнити море,
Щоб змити біль розлуки, щоб затопити горе.
Довго-довго тебе чекала,
Час минав, але вірила, знала,
Що повернешся живим і здоровим,
Її до себе пригортатимеш знову.
Сама у хаті, сама у полі,
І вся робота - на ній, та не жалілась долі.
Але від тебе нема жодної звісточки,
А може просто обірвалася ниточка?
А може вже десь там наклав головою,
Уже згорів у вогні стрімкого бою?
Уже накрився чужою землею,
І більш ніколи не топтамимеш своєї?...
Минали дні, минали довгі ночі,
І засихало марно серце дівоче.
Думки сушили мозок - хто витримає все це?
І вже зневіра гадюкою заповзала в серце...

Була ж в мене циганочка Дуня,
Вона в мене дитину забула.
Брешеш, мила, брешеш, чорнобрива,
Не такая циганська дитина.
А циганське чорне та патлате,
А це біле, біле гарнувате.
Давай, мила, коника сідлати,
Та й поїдем, циганку шукати.

Ходім, милий, із сіней у хату,
Буду тобі правдоньку казати.
Був у мене козак аж три ночі,
Він покинув оці карі очі');
INSERT OR REPLACE INTO song_links (id,song_id,title,url,kind,version_id,sort_order) VALUES ('pisniua_935282_l1','pisniua_935282','YouTube','https://www.youtube.com/watch?v=oiSjNPbE7Io','video',NULL,1);
INSERT OR REPLACE INTO songs (id,title,subtitle,lang,country,period,year,source,notes,lyrics,tags_json,lang_locked,status,created_at,updated_at) VALUES ('pisniua_9354384','З Новим роком!','Музика: Luis Fonsi, Daddy Yankee Слова: Руслана Довбуш','uk','ukraine_1991',NULL,NULL,'аудіозапис',NULL,'Свято! Свято! І посмішок багато!
Радіють дорослі, тішаться малята!
Пісні нам пролунають!
З танцювальним кроком
Скажем з Новим Щастям!
Скажем з Новим Роком!

Там за горами до нас Новий рік іде,
Радість і любов його веде!
Всі довкола люди в казковім передчутті,
Що зміни нас чекають у житті!
Тут всюди сонце, свято, посмішки й вогні,
І веселі, щирі, радісні пісні,
Будемо вітати ми усіх довкола!
Ти друже мій повір сьогодні у дива
Новорічна казка, щоби ожила,
Станемо разом усі ми в дружнє коло!

Приспів:
З Новим Роком щиро ми усіх вітаєм!
Щастя й радості бажаєм!
Новорічне диво хай навкруг витає!
З Новим Роком
Всіх ми хочем привітати!
Нових звершень побажати!
Щирих друзів обійняти!

Не сумуй, мій друже,
Краще ти довкола озирнися,
За руку ближнього візьмися
І ти до нього посміхнися!
Вже ялинка засіяла
У своїх вогнях красиво,
Моргнула тобі ігриво -
Почалось казкове диво!
До нас мчиться Новий рік,
Він відрахує новий лік,
Дороги снігом замело
У кожне місто і село.
Навідається він до нас,
В мішку принесе свято,
І буде у дітей й дорослих
Посмішок багато!
Не треба перейматися,
У нас чудові справи,
Бо Дід Мороз з Снігуркою
Приїдуть на забави!
Горять вогні гірлянди,
Ялинки все довкола,
І всі стають у коло,
Велике дружнє коло!
Свято! Свято! І посмішок багато!  |
Радіють дорослі, тішаться малята! |
Пісні нам пролунають!             |
З танцювальним кроком             |
Скажем з Новим Щастям!            |
Скажем з Новим Роком!             | (2)

Приспів.

Не сумуй, мій друже,
Краще ти довкола озирнися,
За руку ближнього візьмися
І ти до нього посміхнися!
Вже ялинка засіяла
У своїх вогнях красиво,
Моргнула тобі ігриво -
Почалось казкове диво!

Свято! Свято! І посмішок багато!
Радіють дорослі, тішаться малята!
Пісні нам пролунають!
З танцювальним кроком
Скажем з Новим Щастям!
Скажем з Новим Роком!

Приспів.','["pisni.org.ua", "cat:new-year", "Пісні про Новий Рік"]',1,'published',COALESCE((SELECT created_at FROM songs WHERE id='pisniua_9354384'), datetime('now')),datetime('now'));
INSERT OR REPLACE INTO songs_fts(song_id,title,lyrics) VALUES ('pisniua_9354384','З Новим роком!','Свято! Свято! І посмішок багато!
Радіють дорослі, тішаться малята!
Пісні нам пролунають!
З танцювальним кроком
Скажем з Новим Щастям!
Скажем з Новим Роком!

Там за горами до нас Новий рік іде,
Радість і любов його веде!
Всі довкола люди в казковім передчутті,
Що зміни нас чекають у житті!
Тут всюди сонце, свято, посмішки й вогні,
І веселі, щирі, радісні пісні,
Будемо вітати ми усіх довкола!
Ти друже мій повір сьогодні у дива
Новорічна казка, щоби ожила,
Станемо разом усі ми в дружнє коло!

Приспів:
З Новим Роком щиро ми усіх вітаєм!
Щастя й радості бажаєм!
Новорічне диво хай навкруг витає!
З Новим Роком
Всіх ми хочем привітати!
Нових звершень побажати!
Щирих друзів обійняти!

Не сумуй, мій друже,
Краще ти довкола озирнися,
За руку ближнього візьмися
І ти до нього посміхнися!
Вже ялинка засіяла
У своїх вогнях красиво,
Моргнула тобі ігриво -
Почалось казкове диво!
До нас мчиться Новий рік,
Він відрахує новий лік,
Дороги снігом замело
У кожне місто і село.
Навідається він до нас,
В мішку принесе свято,
І буде у дітей й дорослих
Посмішок багато!
Не треба перейматися,
У нас чудові справи,
Бо Дід Мороз з Снігуркою
Приїдуть на забави!
Горять вогні гірлянди,
Ялинки все довкола,
І всі стають у коло,
Велике дружнє коло!
Свято! Свято! І посмішок багато!  |
Радіють дорослі, тішаться малята! |
Пісні нам пролунають!             |
З танцювальним кроком             |
Скажем з Новим Щастям!            |
Скажем з Новим Роком!             | (2)

Приспів.

Не сумуй, мій друже,
Краще ти довкола озирнися,
За руку ближнього візьмися
І ти до нього посміхнися!
Вже ялинка засіяла
У своїх вогнях красиво,
Моргнула тобі ігриво -
Почалось казкове диво!

Свято! Свято! І посмішок багато!
Радіють дорослі, тішаться малята!
Пісні нам пролунають!
З танцювальним кроком
Скажем з Новим Щастям!
Скажем з Новим Роком!

Приспів.');
INSERT OR REPLACE INTO song_links (id,song_id,title,url,kind,version_id,sort_order) VALUES ('pisniua_9354384_l1','pisniua_9354384','YouTube','https://www.youtube.com/watch?v=3WhNYmrF3VQ','video',NULL,1);
INSERT OR REPLACE INTO songs (id,title,subtitle,lang,country,period,year,source,notes,lyrics,tags_json,lang_locked,status,created_at,updated_at) VALUES ('pisniua_935487','Ой там у Львові, на Високім Замку','Українська народна пісня. Виконує: Гурт Розмай','uk','ukr_ssr_1919_1991',NULL,'1946','1. Пісні з Львівщини. - К.: Музична Україна, 1988. - С. 112.','Записана 1946 року в с. Крушельниця Сколівського району Львівської області від І. О. Корчинської. Підбір акордів: Ігор Сусяк','С
Ой там у Львові, на Високім Замку,
Там соловейко собі заспівав,
А молодий жовняр, стоячи на варті,   |
Сперся на кріса та й ся задумав.     |

- Ой соловію, веселенький пташку,
Лети в Карпати, рідну сторону,
Там побачиш милу мою чорнобриву,     |
Вістку від неї передай нову.         |(2)

А пташка мовить: - Молодий вояче,
Твоя дівчина як день, так ніч плаче:
Її рідна мати, треба тобі знати,     |
Заміж за діда буде віддавати.        |(2)

Ой там у Львові, на Високім Замку,
Туман холодний на землю упав...
А молодий жовняр, стоячи на варті,   |
Сперся на кріса та й ся задумав.     |(2)','["pisni.org.ua", "cat:halycki", "cat:nostalgia", "cat:rekrutski", "Пісні з Галичини", "Пісні з ностальгічними мотивами", "Рекрутські пісні"]',1,'published',COALESCE((SELECT created_at FROM songs WHERE id='pisniua_935487'), datetime('now')),datetime('now'));
INSERT OR REPLACE INTO songs_fts(song_id,title,lyrics) VALUES ('pisniua_935487','Ой там у Львові, на Високім Замку','С
Ой там у Львові, на Високім Замку,
Там соловейко собі заспівав,
А молодий жовняр, стоячи на варті,   |
Сперся на кріса та й ся задумав.     |

- Ой соловію, веселенький пташку,
Лети в Карпати, рідну сторону,
Там побачиш милу мою чорнобриву,     |
Вістку від неї передай нову.         |(2)

А пташка мовить: - Молодий вояче,
Твоя дівчина як день, так ніч плаче:
Її рідна мати, треба тобі знати,     |
Заміж за діда буде віддавати.        |(2)

Ой там у Львові, на Високім Замку,
Туман холодний на землю упав...
А молодий жовняр, стоячи на варті,   |
Сперся на кріса та й ся задумав.     |(2)');
INSERT OR REPLACE INTO song_links (id,song_id,title,url,kind,version_id,sort_order) VALUES ('pisniua_935487_l1','pisniua_935487','YouTube','https://www.youtube.com/watch?v=OXax0okpqN8','video',NULL,1);
INSERT OR REPLACE INTO songs (id,title,subtitle,lang,country,period,year,source,notes,lyrics,tags_json,lang_locked,status,created_at,updated_at) VALUES ('pisniua_935585','Дозвілля молоді','Українська народна пісня','uk','ukraine_before_1917',NULL,NULL,'"Закувала зозуленька", Київ, "Веселка", 1998','Детальніше про коломийки читайте тут.','Ой співанки-коломийки, в''язанку з них в''яжу,
Як попросять заспівати, я ся не відкажу.

Як я стану коломийки співати, співати,
Засмієшся, і затужиш, і станеш гадати.

Ой дрібонько коломийка, дрібонька, дрібонька,
Одна мила, друга люба, третя солодонька

- Звідки мої співаночки! - питаються люди.
В полонинах, буковинах ростуть вони всюди.

Та я собі заспіваю, тоненько засвищу,
Стільки знаю співаночок, як трави та листу.

Ой повіяв буйний вітер, повіяв, повіяв,
Та він мої коломийки по горах розсіяв.

Коломийку заспіваю, як ми веселенько,
Коломийку заспіваю, як болить серденько.

Коли собі заспіваю, то жура щезає,
Бо тог наша коломийка такі чари має.

Ой Матію та Матію, відколи тя прошу.
Зроби мені коновочки, най співанки ношу.

Зроби одну, зроби одну та зроби ще другу,
Одна буде про весілля, а друга про тугу.

Ой я собі заспіваю двома голосами.
Один піде понад лугом, а другий лісами.

Ой щебече соловейко у мене на груші,
Кожен так собі співає, як йому на душі.

Співаночки-складаночки, я вас не складала,
Складали вас пару бочки, а я переймала.

Я посію пшенечиньку, вродиться льоночик,
Коби таки до роботи, як до співаночок.

А я годна льонок брати та годна стелити,
А я годна заспівати та й годна робити.

Ой коби ми, подружечко, голосочки склали,
Ми би своїх легіників співанками вкрали.

Та хоч би всі зорі впали й писарями стали,
Ще би наших співаночок не переписали.

Через тиждень була хвора, бо робота була,
А в неділю подужчала, бо музику вчула.

Коломийку заспівати, коломийку грати,
Або тоту коломийку легко танцювати.

Коломийка, коломийка та й коломийочка,
Кості би ся розписали, якби не сорочка.

Чи ти мене, моя мамко, купала в романці,
Що я така охочая в неділю до танців.

Ой дрімуча коломийка, дрібуча, дрібуча,
Ото мені спобоболося дівчина робоча.

Ой пішов я танцювати, та змилив ногами,
Більше я ся та й підпирав носом і руками.

Ой пішов би козака та й пішов би польки,
Коби миска кисилеці та миска фасольки.

Черевички невелички, ніженька маленька,
Танцюй, танцюй, дівчинонько, доки молоденька.

Та я міхом обертаю, та я міхом кручу,
День би тебе дівко побив, як ся з тобою мучу!

Ой буде вже коломийки, ой буду, ой буде,
Бо вже мене, молодого, болить попід груди.

Але файно скрипка грає, нікому співати,
Сидить милий за ворітьми, ніким наказати.

А я йому наказую перепеличками,
А він мене відсилає та й ластівочками.

Ластівочки-щебетушки не хочуть сідати,
Не корить мня заспівати, лишень погуляти.

Тато добрий, тато добрий, мати не лихая,
Не боронять погуляти, поки молодая.

Ой як мені не гуляти, коли в мене мати
Ой постилить і укриє. - Лягай доню спати!','["pisni.org.ua", "cat:kolomyyky", "cat:narodni", "cat:zhartivlyvi", "Коломийки", "Народні пісні", "Жартівливі пісні"]',1,'published',COALESCE((SELECT created_at FROM songs WHERE id='pisniua_935585'), datetime('now')),datetime('now'));
INSERT OR REPLACE INTO songs_fts(song_id,title,lyrics) VALUES ('pisniua_935585','Дозвілля молоді','Ой співанки-коломийки, в''язанку з них в''яжу,
Як попросять заспівати, я ся не відкажу.

Як я стану коломийки співати, співати,
Засмієшся, і затужиш, і станеш гадати.

Ой дрібонько коломийка, дрібонька, дрібонька,
Одна мила, друга люба, третя солодонька

- Звідки мої співаночки! - питаються люди.
В полонинах, буковинах ростуть вони всюди.

Та я собі заспіваю, тоненько засвищу,
Стільки знаю співаночок, як трави та листу.

Ой повіяв буйний вітер, повіяв, повіяв,
Та він мої коломийки по горах розсіяв.

Коломийку заспіваю, як ми веселенько,
Коломийку заспіваю, як болить серденько.

Коли собі заспіваю, то жура щезає,
Бо тог наша коломийка такі чари має.

Ой Матію та Матію, відколи тя прошу.
Зроби мені коновочки, най співанки ношу.

Зроби одну, зроби одну та зроби ще другу,
Одна буде про весілля, а друга про тугу.

Ой я собі заспіваю двома голосами.
Один піде понад лугом, а другий лісами.

Ой щебече соловейко у мене на груші,
Кожен так собі співає, як йому на душі.

Співаночки-складаночки, я вас не складала,
Складали вас пару бочки, а я переймала.

Я посію пшенечиньку, вродиться льоночик,
Коби таки до роботи, як до співаночок.

А я годна льонок брати та годна стелити,
А я годна заспівати та й годна робити.

Ой коби ми, подружечко, голосочки склали,
Ми би своїх легіників співанками вкрали.

Та хоч би всі зорі впали й писарями стали,
Ще би наших співаночок не переписали.

Через тиждень була хвора, бо робота була,
А в неділю подужчала, бо музику вчула.

Коломийку заспівати, коломийку грати,
Або тоту коломийку легко танцювати.

Коломийка, коломийка та й коломийочка,
Кості би ся розписали, якби не сорочка.

Чи ти мене, моя мамко, купала в романці,
Що я така охочая в неділю до танців.

Ой дрімуча коломийка, дрібуча, дрібуча,
Ото мені спобоболося дівчина робоча.

Ой пішов я танцювати, та змилив ногами,
Більше я ся та й підпирав носом і руками.

Ой пішов би козака та й пішов би польки,
Коби миска кисилеці та миска фасольки.

Черевички невелички, ніженька маленька,
Танцюй, танцюй, дівчинонько, доки молоденька.

Та я міхом обертаю, та я міхом кручу,
День би тебе дівко побив, як ся з тобою мучу!

Ой буде вже коломийки, ой буду, ой буде,
Бо вже мене, молодого, болить попід груди.

Але файно скрипка грає, нікому співати,
Сидить милий за ворітьми, ніким наказати.

А я йому наказую перепеличками,
А він мене відсилає та й ластівочками.

Ластівочки-щебетушки не хочуть сідати,
Не корить мня заспівати, лишень погуляти.

Тато добрий, тато добрий, мати не лихая,
Не боронять погуляти, поки молодая.

Ой як мені не гуляти, коли в мене мати
Ой постилить і укриє. - Лягай доню спати!');
INSERT OR REPLACE INTO song_links (id,song_id,title,url,kind,version_id,sort_order) VALUES ('pisniua_935585_l1','pisniua_935585','YouTube','https://www.youtube.com/watch?v=ZI9LmsBfg3s','video',NULL,1);
INSERT OR REPLACE INTO songs (id,title,subtitle,lang,country,period,year,source,notes,lyrics,tags_json,lang_locked,status,created_at,updated_at) VALUES ('pisniua_93484','В вифлеємській страні','Українська народна пісня','uk','ukraine_before_1917',NULL,NULL,'народна коляда',NULL,'В вифлеємській страні
Вифлеєм стоїть,
Звізда над вертепом,
Низенько блищить.

Пастушки на полі
Стадо стерегли,
Як Пречисту Діву
В вертепі знайшли.

Прийшли до вертепу
Стаду корму дати
Посмотрят у яслі,
А там Божа мати.

На ручках тримає
І кормить його
І в ручки цілує
Сина своєго.

О, Господи Боже,
Всемогущий наш
Ти нам благословив
Сей веселий час.

Отворіть окно
Скажу вам чудо, чилядко
Родився Христос
Во Вифлеємі раненько.

Місяць му світив
Овци горіють во стайні.
Погани плачуть,
Царі ся прячуть в палаті.

Адам і Єва,
Встануть із гроба на сей день
Будуть спасенні
Через Ісуса на небі.

І ми воздайме
Хвалу Богові на сей день.
Бо прийшов ко нам
Сам Ісус Христос - Спаситель.','["pisni.org.ua", "cat:christian", "cat:kolyadky", "cat:zakarpatski", "Пісні на християнську тематику", "Колядки", "Закарпатські пісні"]',1,'published',COALESCE((SELECT created_at FROM songs WHERE id='pisniua_93484'), datetime('now')),datetime('now'));
INSERT OR REPLACE INTO songs_fts(song_id,title,lyrics) VALUES ('pisniua_93484','В вифлеємській страні','В вифлеємській страні
Вифлеєм стоїть,
Звізда над вертепом,
Низенько блищить.

Пастушки на полі
Стадо стерегли,
Як Пречисту Діву
В вертепі знайшли.

Прийшли до вертепу
Стаду корму дати
Посмотрят у яслі,
А там Божа мати.

На ручках тримає
І кормить його
І в ручки цілує
Сина своєго.

О, Господи Боже,
Всемогущий наш
Ти нам благословив
Сей веселий час.

Отворіть окно
Скажу вам чудо, чилядко
Родився Христос
Во Вифлеємі раненько.

Місяць му світив
Овци горіють во стайні.
Погани плачуть,
Царі ся прячуть в палаті.

Адам і Єва,
Встануть із гроба на сей день
Будуть спасенні
Через Ісуса на небі.

І ми воздайме
Хвалу Богові на сей день.
Бо прийшов ко нам
Сам Ісус Христос - Спаситель.');
INSERT OR REPLACE INTO songs (id,title,subtitle,lang,country,period,year,source,notes,lyrics,tags_json,lang_locked,status,created_at,updated_at) VALUES ('pisniua_9360181','Де твоя лінія?','Музика: Олег Каданов, Євген Турчинов Слова: Сергій Жадан. Виконує: Лінія Маннергейма','uk','ukraine_1991',NULL,NULL,'аудіозапис',NULL,'Наша єресь тримається на вірі,
Починаються зачистки в прямому ефірі:
Перші погроми, спалені пороми,
Витворюється лінія оборони...
Все, що і далі лишається з тобою -
Рваний простір для любові та бою.
Небо перетворюється на свинчатку,
Холодна війна починається спочатку...
Жар випалює балкони і тераси,
Демони звертають із нічної автотраси,
Підпалюють твою початкову школу,
Ставлять розп''яття серед танцполу...
Демон виростав серед друзів на бійні,
В демона рухи - навчені й повільні,
В демона серце - криваве і тепле,
Демон ридає і звертається до тебе:

Приспів:
Де твоя лінія Маннергейма?..
Де твоя лінія Маннергейма?..
Трофейна форма, місячна норма...
Заповнюється скаутами
Перша платформа...
Лінія відлучення, лінія болю,
Лінія, що тягнеться весь час за тобою...
Небесна Палестина, внутрішня Лівія...
Де твоя лінія?.. Ей, де твоя лінія?..

Світ проходить там, де ти стоїш,
Світ торкається найглибшої із тиш...
Світ виникає зі світла й пітьми,
Справжня історія твориться дітьми...
Повітря складається зі світла й води,
Далі відступати немає куди...
В повітрі ховається сорок голосів,
Час зламався, зупинився і осів...
Час втомився і нікуди не йде,
Затопленим лінкором зупиняє свій хід...
Де твоя лінія долі, де?..
Кому тепер від тебе передати привіт?..
Відданість складається з розбитих сердець,
Демон грає на армійській трубі,
Місяць підіймається холодний, як мрець,
Світить тобі, підспівує тобі...
З неба звалюється спека липнева,
Де проходить твоя лінія неба?..
Лінія пам''яті, лінія відриву,
Лінія, де хвилі перетворюються в кригу?
Птахи над тобою схожі на каміння,
Демонів пропалює сонячне проміння,
Сонце зліплене з трави та алюмінію,
Бог боїться заступити за лінію...
Де твоя лінія Маннергейма?..
Де твоя лінія Маннергейма?..
Трофейна торба, місячна норма...
Рветься по шву
Піхотинська уніформа...
Лінія відлучення, лінія болю,
Лінія, що йде все життя за тобою...
Чорне, випалене покоління,
Де твоя лінія?.. Ей, де твоя лінія?..

Приспів.','["pisni.org.ua", "cat:philosophic", "Філософські пісні"]',1,'published',COALESCE((SELECT created_at FROM songs WHERE id='pisniua_9360181'), datetime('now')),datetime('now'));
INSERT OR REPLACE INTO songs_fts(song_id,title,lyrics) VALUES ('pisniua_9360181','Де твоя лінія?','Наша єресь тримається на вірі,
Починаються зачистки в прямому ефірі:
Перші погроми, спалені пороми,
Витворюється лінія оборони...
Все, що і далі лишається з тобою -
Рваний простір для любові та бою.
Небо перетворюється на свинчатку,
Холодна війна починається спочатку...
Жар випалює балкони і тераси,
Демони звертають із нічної автотраси,
Підпалюють твою початкову школу,
Ставлять розп''яття серед танцполу...
Демон виростав серед друзів на бійні,
В демона рухи - навчені й повільні,
В демона серце - криваве і тепле,
Демон ридає і звертається до тебе:

Приспів:
Де твоя лінія Маннергейма?..
Де твоя лінія Маннергейма?..
Трофейна форма, місячна норма...
Заповнюється скаутами
Перша платформа...
Лінія відлучення, лінія болю,
Лінія, що тягнеться весь час за тобою...
Небесна Палестина, внутрішня Лівія...
Де твоя лінія?.. Ей, де твоя лінія?..

Світ проходить там, де ти стоїш,
Світ торкається найглибшої із тиш...
Світ виникає зі світла й пітьми,
Справжня історія твориться дітьми...
Повітря складається зі світла й води,
Далі відступати немає куди...
В повітрі ховається сорок голосів,
Час зламався, зупинився і осів...
Час втомився і нікуди не йде,
Затопленим лінкором зупиняє свій хід...
Де твоя лінія долі, де?..
Кому тепер від тебе передати привіт?..
Відданість складається з розбитих сердець,
Демон грає на армійській трубі,
Місяць підіймається холодний, як мрець,
Світить тобі, підспівує тобі...
З неба звалюється спека липнева,
Де проходить твоя лінія неба?..
Лінія пам''яті, лінія відриву,
Лінія, де хвилі перетворюються в кригу?
Птахи над тобою схожі на каміння,
Демонів пропалює сонячне проміння,
Сонце зліплене з трави та алюмінію,
Бог боїться заступити за лінію...
Де твоя лінія Маннергейма?..
Де твоя лінія Маннергейма?..
Трофейна торба, місячна норма...
Рветься по шву
Піхотинська уніформа...
Лінія відлучення, лінія болю,
Лінія, що йде все життя за тобою...
Чорне, випалене покоління,
Де твоя лінія?.. Ей, де твоя лінія?..

Приспів.');
INSERT OR REPLACE INTO song_links (id,song_id,title,url,kind,version_id,sort_order) VALUES ('pisniua_9360181_l1','pisniua_9360181','YouTube','https://www.youtube.com/watch?v=Gbv5ZQ_eUbQ','video',NULL,1);
INSERT OR REPLACE INTO songs (id,title,subtitle,lang,country,period,year,source,notes,lyrics,tags_json,lang_locked,status,created_at,updated_at) VALUES ('pisniua_9360982','Мамина вишиванка','Слова: Марія Чайківчанка','uk','ukraine_1991',NULL,NULL,'авторське подання',NULL,'Вишивала мати сину вишиванку:
Виводила хрестиком ниточку золоту,
Щоб сяяли кольори, як пречисті ранки,
І стелилась доля, як на вишитім рушнику!..

Козаку до лиця мамина вишиванка,
На ній ясне сонечко, синя блакить,
Немов мати усміхається світанком,
Дарує щастя і радість прекрасну мить.

Бережи мамин подарунок, любий сину,
Що мережили гладдю тобі руки золоті,
Тут колосяться жита, а в них волошки сині
Зігріють теплом, де б не був ти на землі!..

Свою душу у любові вкладала у вишиття,
Щоб на ній у росах цвіли квіти запашні...
У світи злітав птахом, повертав до гнізда,
Де у садочку жде мати, співають солов''ї...','["pisni.org.ua", "cat:pro-ditey", "Пісні про любов до дітей"]',1,'published',COALESCE((SELECT created_at FROM songs WHERE id='pisniua_9360982'), datetime('now')),datetime('now'));
INSERT OR REPLACE INTO songs_fts(song_id,title,lyrics) VALUES ('pisniua_9360982','Мамина вишиванка','Вишивала мати сину вишиванку:
Виводила хрестиком ниточку золоту,
Щоб сяяли кольори, як пречисті ранки,
І стелилась доля, як на вишитім рушнику!..

Козаку до лиця мамина вишиванка,
На ній ясне сонечко, синя блакить,
Немов мати усміхається світанком,
Дарує щастя і радість прекрасну мить.

Бережи мамин подарунок, любий сину,
Що мережили гладдю тобі руки золоті,
Тут колосяться жита, а в них волошки сині
Зігріють теплом, де б не був ти на землі!..

Свою душу у любові вкладала у вишиття,
Щоб на ній у росах цвіли квіти запашні...
У світи злітав птахом, повертав до гнізда,
Де у садочку жде мати, співають солов''ї...');
INSERT OR REPLACE INTO songs (id,title,subtitle,lang,country,period,year,source,notes,lyrics,tags_json,lang_locked,status,created_at,updated_at) VALUES ('pisniua_9365585','Запорізька Січ','Українська народна пісня','uk','ukraine_before_1917',NULL,NULL,'аудіозапис','Пісню виконує ансамбль Обрій.','Голови ворожі падали із пліч,
Волю боронила Запорізька Січ!
Волю боронила, волю берегла,
Щоби Україна в спокою жила!

Приспів:
Б''ються коні копитами,
А козаки - шабельками!
Покотилась Україною луна,
Гей!
Попереду з булавою
Гетьман кличе всіх до бою,
І ніяка сила, і ніяка сила,
І ніяка сила
Запорожцям не страшна!

Не страшні султани, ані королі,
Козаки - господарі на своїй землі!
Кожне озеречко і густа трава
У двобою з ворогом їм допомога!

Приспів.

Мчали із походів коні вороні,
Як завжди - попереду гетьман на коні,
І лунає й досі слава із сторіч
Про козацьку вольницю - Запорізьку Січ!

Приспів.','["pisni.org.ua", "cat:kozacki", "Козацькі пісні"]',1,'published',COALESCE((SELECT created_at FROM songs WHERE id='pisniua_9365585'), datetime('now')),datetime('now'));
INSERT OR REPLACE INTO songs_fts(song_id,title,lyrics) VALUES ('pisniua_9365585','Запорізька Січ','Голови ворожі падали із пліч,
Волю боронила Запорізька Січ!
Волю боронила, волю берегла,
Щоби Україна в спокою жила!

Приспів:
Б''ються коні копитами,
А козаки - шабельками!
Покотилась Україною луна,
Гей!
Попереду з булавою
Гетьман кличе всіх до бою,
І ніяка сила, і ніяка сила,
І ніяка сила
Запорожцям не страшна!

Не страшні султани, ані королі,
Козаки - господарі на своїй землі!
Кожне озеречко і густа трава
У двобою з ворогом їм допомога!

Приспів.

Мчали із походів коні вороні,
Як завжди - попереду гетьман на коні,
І лунає й досі слава із сторіч
Про козацьку вольницю - Запорізьку Січ!

Приспів.');
INSERT OR REPLACE INTO songs (id,title,subtitle,lang,country,period,year,source,notes,lyrics,tags_json,lang_locked,status,created_at,updated_at) VALUES ('pisniua_9375484','Величальна Академії','(Нехай живе наш храм науки). Музика: Ганна Гаврилець Слова: Федір Млинченко. Виконує: Етнографічний хор Гомін','uk','ukraine_1991',NULL,NULL,'аудіозапис',NULL,'Нехай живе наш храм науки,
Торує шлях в широкий світ!
Ми - славних лицарів онуки -
Не осоромимо свій рід!

Приспів:
Ти - наша честь і честь держави,
Завзяті ми тебе зміцнить!
О, Академіє преславна,
Хай Матір Божа нас хранить!

Ми висповідуєм свободу,
Дух волі в стінах цих живе!
По всій землі в ім''я народу,
Ми возвеличимо тебе!

Приспів.

Одна нас мрія тут гуртує,
Нема святішої мети -
Хай Україну світ шанує,
Хай слава йде на всі світи!

Приспів.','["pisni.org.ua", "cat:himny-marshi", "Гимни та марші"]',1,'published',COALESCE((SELECT created_at FROM songs WHERE id='pisniua_9375484'), datetime('now')),datetime('now'));
INSERT OR REPLACE INTO songs_fts(song_id,title,lyrics) VALUES ('pisniua_9375484','Величальна Академії','Нехай живе наш храм науки,
Торує шлях в широкий світ!
Ми - славних лицарів онуки -
Не осоромимо свій рід!

Приспів:
Ти - наша честь і честь держави,
Завзяті ми тебе зміцнить!
О, Академіє преславна,
Хай Матір Божа нас хранить!

Ми висповідуєм свободу,
Дух волі в стінах цих живе!
По всій землі в ім''я народу,
Ми возвеличимо тебе!

Приспів.

Одна нас мрія тут гуртує,
Нема святішої мети -
Хай Україну світ шанує,
Хай слава йде на всі світи!

Приспів.');
INSERT OR REPLACE INTO songs (id,title,subtitle,lang,country,period,year,source,notes,lyrics,tags_json,lang_locked,status,created_at,updated_at) VALUES ('pisniua_9342384','Батьківська хата','Музика: Ніколо Петраш Слова: Вадим Крищенко. Виконує: Дмитро Андрієць','uk','ukraine_1991',NULL,NULL,'авторське подання',NULL,'Де б я не був, де б не слались дороги,
Гріє мене рідний голос матусі,
Наче в дитинство своє босоноге,
В батьківську хату я знов повернуся.
Мальви рожеві там квітнуть повсюди,
Груші розкидала дичка горбата,
Я пам''ятаю усе, не забуду
Те, що дали мені батько і мати!

Приспів:
Батьківська хата, батьківська хата -
Вікна маленькі та сонця багато.
Сонце світило хлопчині в обличчя,
Батьківська хата, ти знов мене кличеш!
Батьківська хата, батьківська хата -
Тут моя доля зростала завзята!
Піснею цею, де райдужні звуки,
Низько вклонюсь за добро і науку!

Юність минає, любов не минеться,
Голос далекий запитує: "Хто це?"
Знову відчув біля спраглого серця
Батьківська хата відкрила віконце.
Гляну в минуле в тумані мовчання:
Знову побачу і маму, і тата...
Тішмося, друзі, що нас десь чекає
Світла, як правдонька, батьківська хата!

Приспів','["pisni.org.ua", "cat:pro-batkiv", "Пісні про любов до батьків"]',1,'published',COALESCE((SELECT created_at FROM songs WHERE id='pisniua_9342384'), datetime('now')),datetime('now'));
INSERT OR REPLACE INTO songs_fts(song_id,title,lyrics) VALUES ('pisniua_9342384','Батьківська хата','Де б я не був, де б не слались дороги,
Гріє мене рідний голос матусі,
Наче в дитинство своє босоноге,
В батьківську хату я знов повернуся.
Мальви рожеві там квітнуть повсюди,
Груші розкидала дичка горбата,
Я пам''ятаю усе, не забуду
Те, що дали мені батько і мати!

Приспів:
Батьківська хата, батьківська хата -
Вікна маленькі та сонця багато.
Сонце світило хлопчині в обличчя,
Батьківська хата, ти знов мене кличеш!
Батьківська хата, батьківська хата -
Тут моя доля зростала завзята!
Піснею цею, де райдужні звуки,
Низько вклонюсь за добро і науку!

Юність минає, любов не минеться,
Голос далекий запитує: "Хто це?"
Знову відчув біля спраглого серця
Батьківська хата відкрила віконце.
Гляну в минуле в тумані мовчання:
Знову побачу і маму, і тата...
Тішмося, друзі, що нас десь чекає
Світла, як правдонька, батьківська хата!

Приспів');
INSERT OR REPLACE INTO song_links (id,song_id,title,url,kind,version_id,sort_order) VALUES ('pisniua_9342384_l1','pisniua_9342384','YouTube','https://www.youtube.com/watch?v=7Gb7zLJdPpQ','video',NULL,1);
INSERT OR REPLACE INTO song_links (id,song_id,title,url,kind,version_id,sort_order) VALUES ('pisniua_9342384_l2','pisniua_9342384','YouTube','https://www.youtube.com/watch?v=6g-O_RW-dpY','video',NULL,2);
INSERT OR REPLACE INTO song_links (id,song_id,title,url,kind,version_id,sort_order) VALUES ('pisniua_9342384_l3','pisniua_9342384','YouTube','https://www.youtube.com/watch?v=s1NqsACeQ8g','video',NULL,3);
INSERT OR REPLACE INTO song_links (id,song_id,title,url,kind,version_id,sort_order) VALUES ('pisniua_9342384_l4','pisniua_9342384','YouTube','https://www.youtube.com/watch?v=qvxc2j6qSfo','video',NULL,4);
INSERT OR REPLACE INTO song_links (id,song_id,title,url,kind,version_id,sort_order) VALUES ('pisniua_9342384_l5','pisniua_9342384','YouTube','https://www.youtube.com/watch?v=SRWwBRTEEc0','video',NULL,5);
INSERT OR REPLACE INTO song_links (id,song_id,title,url,kind,version_id,sort_order) VALUES ('pisniua_9342384_l6','pisniua_9342384','YouTube','https://www.youtube.com/watch?v=0j-0QVYcNaM','video',NULL,6);
INSERT OR REPLACE INTO songs (id,title,subtitle,lang,country,period,year,source,notes,lyrics,tags_json,lang_locked,status,created_at,updated_at) VALUES ('pisniua_937383','А в Кривому Танцю не вивести Концю','Українська народна пісня','uk','ukraine_before_1917',NULL,NULL,'1. Народні пісні в записах Лесі Українки та з її співу. - К.: Музична Україна, 1971.','Мелодію записав М.Лисенко від Лесі Українки (відділ фондів ІМФЕ ім. М.Т.Рильського АН УРСР, ф. 24-5, од. зб. 31, арк. 78, N 15а) з позначкою: "З Колодяжного". Текст записала Леся Українка (рукописна зб., цикл "Бородарі", N 3). Цей варіант пісні вперше опублікований у джерелі 1. Гаївки-Великдень: Українське свято Відродження Світа. Гра-коловід Змії/Змія. Весна Світа. Еротика, жарти, забави: Катерини – Калета – Андрія... Гаїлки-Великдень... Зелені Свята... Івана Купала... Весілля... – Щедровечірнє й Новорічне: Маланки-Василь. Коза. Кіт... – Мед і Ябка... А ми Йому Кінця не знайдем.','А в Кривому Танцю         |(2)
Не вивести Концю.*        |(2)
Коню Вороненький,         |(2)
Танець по-німецькій.      |(2)
Ой хто в Луцьку бряжчить? |(2)
Молода Клюшниця.          |(2)
Там вона ходила,          |(2)
Слуги пребудила:          |(2)
- Ой устаньте, слуги,     |(2)
Встаньте, не лежіте,      |(2)
Замків стережіте,         |(2)
Ой щоб не украли          |(2)
Дівоцької Краси.          |(2)
Дівоцькая Краса,          |(2)
Як літняя Роса:           |(2)
На Дунаї прана,           |(2)
На Сонці сушана,          |(2)
У Скриню схована.         |(2)
Парубоцька Краса -        |(2)
Кропива Зелена.           |(2)
Парубоцька Краса          |(2)
В калюжі випрана,         |(2)
На хмарі сушана,          |(2)
На призьбі скачана,       |(2)
У яму схована.            |(2)
*Варіант:
А в Кривого Танця
Не виведу Конця','["pisni.org.ua", "cat:vesnyanky-hayivky", "Веснянки та гаївки"]',1,'published',COALESCE((SELECT created_at FROM songs WHERE id='pisniua_937383'), datetime('now')),datetime('now'));
INSERT OR REPLACE INTO songs_fts(song_id,title,lyrics) VALUES ('pisniua_937383','А в Кривому Танцю не вивести Концю','А в Кривому Танцю         |(2)
Не вивести Концю.*        |(2)
Коню Вороненький,         |(2)
Танець по-німецькій.      |(2)
Ой хто в Луцьку бряжчить? |(2)
Молода Клюшниця.          |(2)
Там вона ходила,          |(2)
Слуги пребудила:          |(2)
- Ой устаньте, слуги,     |(2)
Встаньте, не лежіте,      |(2)
Замків стережіте,         |(2)
Ой щоб не украли          |(2)
Дівоцької Краси.          |(2)
Дівоцькая Краса,          |(2)
Як літняя Роса:           |(2)
На Дунаї прана,           |(2)
На Сонці сушана,          |(2)
У Скриню схована.         |(2)
Парубоцька Краса -        |(2)
Кропива Зелена.           |(2)
Парубоцька Краса          |(2)
В калюжі випрана,         |(2)
На хмарі сушана,          |(2)
На призьбі скачана,       |(2)
У яму схована.            |(2)
*Варіант:
А в Кривого Танця
Не виведу Конця');
INSERT OR REPLACE INTO song_links (id,song_id,title,url,kind,version_id,sort_order) VALUES ('pisniua_937383_l1','pisniua_937383','YouTube','https://www.youtube.com/watch?v=xO5YF3PXNzE','video',NULL,1);
INSERT OR REPLACE INTO songs (id,title,subtitle,lang,country,period,year,source,notes,lyrics,tags_json,lang_locked,status,created_at,updated_at) VALUES ('pisniua_9373281','Веснянка','Музика: Наталія Антоник Слова: Юлія Хандожинська','uk','ukraine_before_1917',NULL,NULL,'аудіозапис',NULL,'Ой, проснулась веснонька,
До всіх завітала,
Та й лелечим клекотом
В небі закружляла.
Та й дощами - росами
Впала на долину,
Напувала річечку
Й червону калину.

Приспів:
Ой, весна-весняночко,
Чарівнице-диво,
Від твоєї вроди
Стало так красиво.
Ой, весна-весняночко,
Все зазеленіло,
Заспівало, загуло
І загомоніло!

Як проснулась веснонька,
Птахи заспівали,
А сади з дібровами
Цвітом забуяли,
Біло-білим вкрилися
Рясним покривалом,
Ой, веснонько,
Як тебе нам не вистачало!

Приспів.','["pisni.org.ua", "cat:vesnyanky-hayivky", "Веснянки та гаївки"]',1,'published',COALESCE((SELECT created_at FROM songs WHERE id='pisniua_9373281'), datetime('now')),datetime('now'));
INSERT OR REPLACE INTO songs_fts(song_id,title,lyrics) VALUES ('pisniua_9373281','Веснянка','Ой, проснулась веснонька,
До всіх завітала,
Та й лелечим клекотом
В небі закружляла.
Та й дощами - росами
Впала на долину,
Напувала річечку
Й червону калину.

Приспів:
Ой, весна-весняночко,
Чарівнице-диво,
Від твоєї вроди
Стало так красиво.
Ой, весна-весняночко,
Все зазеленіло,
Заспівало, загуло
І загомоніло!

Як проснулась веснонька,
Птахи заспівали,
А сади з дібровами
Цвітом забуяли,
Біло-білим вкрилися
Рясним покривалом,
Ой, веснонько,
Як тебе нам не вистачало!

Приспів.');
INSERT OR REPLACE INTO song_links (id,song_id,title,url,kind,version_id,sort_order) VALUES ('pisniua_9373281_l1','pisniua_9373281','YouTube','https://www.youtube.com/watch?v=oQGNna6ypGw','video',NULL,1);
INSERT OR REPLACE INTO songs (id,title,subtitle,lang,country,period,year,source,notes,lyrics,tags_json,lang_locked,status,created_at,updated_at) VALUES ('pisniua_9366384','Люляй, Ісусе','Слова: Люба Лучкевич','uk','ukraine_1991',NULL,NULL,'аудіозапис','Пісню виконує тріо священників "Новий Час".','Стомилось сонце, лягає спати,
Бо завтра знову йому сіяти.
Сил набирайся, поки маленький,
Тихо горнися до грудей неньки...

Люляй, Синочку, пізня година...
Люляй, Ісусе, мала дитина...

Зірка - зірниця над Вифлеємом,
Йосиф старенький клопочеться в хаті,
Завтра йому також рано вставати,
Тихо спочила родина свята...

Люляй, Ісусе, дитино мала,
Люляй Синочку, пізня година...
Люляй, Ісусе, мала дитина,
Зірка - зірниця над Вифлеємом...

Люляй синочку, відпочивай,
Мудрістю й миром світ повивай!..
Із немовляти Спаситель росте,
Він свій народ від неволі спасе!..','["pisni.org.ua", "cat:christ", "Пісні до Ісуса Христа"]',1,'published',COALESCE((SELECT created_at FROM songs WHERE id='pisniua_9366384'), datetime('now')),datetime('now'));
INSERT OR REPLACE INTO songs_fts(song_id,title,lyrics) VALUES ('pisniua_9366384','Люляй, Ісусе','Стомилось сонце, лягає спати,
Бо завтра знову йому сіяти.
Сил набирайся, поки маленький,
Тихо горнися до грудей неньки...

Люляй, Синочку, пізня година...
Люляй, Ісусе, мала дитина...

Зірка - зірниця над Вифлеємом,
Йосиф старенький клопочеться в хаті,
Завтра йому також рано вставати,
Тихо спочила родина свята...

Люляй, Ісусе, дитино мала,
Люляй Синочку, пізня година...
Люляй, Ісусе, мала дитина,
Зірка - зірниця над Вифлеємом...

Люляй синочку, відпочивай,
Мудрістю й миром світ повивай!..
Із немовляти Спаситель росте,
Він свій народ від неволі спасе!..');
INSERT OR REPLACE INTO songs (id,title,subtitle,lang,country,period,year,source,notes,lyrics,tags_json,lang_locked,status,created_at,updated_at) VALUES ('pisniua_9377188','Копав, копав криниченьку','Українська народна пісня','uk','ukraine_before_1917',NULL,NULL,'аудіозапис',NULL,'Копав, копав криниченьку
Неділеньку, дві,
Любив козак дівчиноньку
Людям − не собі.

Приспів:
Ой, жаль, жаль не помалу -
Любив дівчину змалу.
Любив дівчину змалу,
Любив, та й не взяв!
Ой, жаль, жаль мені буде:
Візьмуть її люде.
Візьмуть її люде −
Моя й не буде...
Ой, жаль, жаль!..

А вже з тої криниченьки
Орли воду п''ють,
А вже ж тую дівчиноньку
До шлюбу ведуть.

Приспів.

Один веде за рученьку,
Другий за рукав,
Третій стоїть, гірко плаче -
Любив та й не взяв!

Приспів.

А вже ж тая криниченька
Терном заросла,
А вже ж тая дівчинонька
Та й заміж пішла!

Приспів.

А вже ж тая криниченька
Замулилася,
А вже ж тая дівчинонька
Зажурилася.

Приспів.','["pisni.org.ua", "cat:naddnipryanski", "cat:nostalgia", "Наддніпрянські пісні", "Пісні з ностальгічними мотивами"]',1,'published',COALESCE((SELECT created_at FROM songs WHERE id='pisniua_9377188'), datetime('now')),datetime('now'));
INSERT OR REPLACE INTO songs_fts(song_id,title,lyrics) VALUES ('pisniua_9377188','Копав, копав криниченьку','Копав, копав криниченьку
Неділеньку, дві,
Любив козак дівчиноньку
Людям − не собі.

Приспів:
Ой, жаль, жаль не помалу -
Любив дівчину змалу.
Любив дівчину змалу,
Любив, та й не взяв!
Ой, жаль, жаль мені буде:
Візьмуть її люде.
Візьмуть її люде −
Моя й не буде...
Ой, жаль, жаль!..

А вже з тої криниченьки
Орли воду п''ють,
А вже ж тую дівчиноньку
До шлюбу ведуть.

Приспів.

Один веде за рученьку,
Другий за рукав,
Третій стоїть, гірко плаче -
Любив та й не взяв!

Приспів.

А вже ж тая криниченька
Терном заросла,
А вже ж тая дівчинонька
Та й заміж пішла!

Приспів.

А вже ж тая криниченька
Замулилася,
А вже ж тая дівчинонька
Зажурилася.

Приспів.');
INSERT OR REPLACE INTO song_links (id,song_id,title,url,kind,version_id,sort_order) VALUES ('pisniua_9377188_l1','pisniua_9377188','YouTube','https://www.youtube.com/watch?v=MRErn2-t3g4','video',NULL,1);
INSERT OR REPLACE INTO songs (id,title,subtitle,lang,country,period,year,source,notes,lyrics,tags_json,lang_locked,status,created_at,updated_at) VALUES ('pisniua_9375181','Прийшли вже катюги до хати',NULL,'uk','ukr_ssr_1919_1991',NULL,NULL,'аудіозапис','Місце побутування: с. Лопушанка, Хащівська сільрада, Турківський район, Львівська область. Респондент: Мицяк Василь Федорович. Збирачі: Винницька Ліля, Кльок Юлія, Маханець Лесик.','Прийшли вже катюги до хати
І брата з постелі вже беруть,
Прощайте, батьку, і, ненько,
Мене вже, напевно, уб''ють.

А брати так сумно дивились,
Як брат так жалібно промовляв,
За братом зайшли аж за хату,
А батько так гірко заридав:

Беріть ''мя, катюги, з собою,
Зруйнуйте, що тільки в мене є,
Лиш тую дитину пустіть,
Нехай ще на світі проживе.

Катюги на це не зважали
І п''ять куль у грудь йому дали,
Зв''язали йому руки і ноги,
І взяли в могилу кинули.','["pisni.org.ua", "cat:povstanski", "Повстанські пісні"]',1,'published',COALESCE((SELECT created_at FROM songs WHERE id='pisniua_9375181'), datetime('now')),datetime('now'));
INSERT OR REPLACE INTO songs_fts(song_id,title,lyrics) VALUES ('pisniua_9375181','Прийшли вже катюги до хати','Прийшли вже катюги до хати
І брата з постелі вже беруть,
Прощайте, батьку, і, ненько,
Мене вже, напевно, уб''ють.

А брати так сумно дивились,
Як брат так жалібно промовляв,
За братом зайшли аж за хату,
А батько так гірко заридав:

Беріть ''мя, катюги, з собою,
Зруйнуйте, що тільки в мене є,
Лиш тую дитину пустіть,
Нехай ще на світі проживе.

Катюги на це не зважали
І п''ять куль у грудь йому дали,
Зв''язали йому руки і ноги,
І взяли в могилу кинули.');
INSERT OR REPLACE INTO songs (id,title,subtitle,lang,country,period,year,source,notes,lyrics,tags_json,lang_locked,status,created_at,updated_at) VALUES ('pisniua_9371282','Пісня про тата','Музика: Володимир Домшинський Слова: Марина Романюк','uk','ukraine_1991',NULL,NULL,'аудіозапис','Пісню виконує Марина Романюк.','Сидить на лаві батько біля хати
І дивиться в небесну далечінь,
Задумався, бо є про що згадати,
Немало пережив він у житті...
Немало пережив він у житті...

Приспів:
Живи, мій любий рідний тату,      |
На многії і радісні літа!         |
Хай буде кожен день як свято,     |
Добро і щастя в дім твій приліта! | (2)

В саду, що посадили твої руки,
Так пахнуть вишні, яблуні цвітуть,
Сюди діти приходять діти і онуки,
Дасть Бог і правнуки в твій сад прийдуть!
Дасть Бог і правнуки в твій сад прийдуть!

Приспів.','["pisni.org.ua", "cat:pro-batkiv", "Пісні про любов до батьків"]',1,'published',COALESCE((SELECT created_at FROM songs WHERE id='pisniua_9371282'), datetime('now')),datetime('now'));
INSERT OR REPLACE INTO songs_fts(song_id,title,lyrics) VALUES ('pisniua_9371282','Пісня про тата','Сидить на лаві батько біля хати
І дивиться в небесну далечінь,
Задумався, бо є про що згадати,
Немало пережив він у житті...
Немало пережив він у житті...

Приспів:
Живи, мій любий рідний тату,      |
На многії і радісні літа!         |
Хай буде кожен день як свято,     |
Добро і щастя в дім твій приліта! | (2)

В саду, що посадили твої руки,
Так пахнуть вишні, яблуні цвітуть,
Сюди діти приходять діти і онуки,
Дасть Бог і правнуки в твій сад прийдуть!
Дасть Бог і правнуки в твій сад прийдуть!

Приспів.');
INSERT OR REPLACE INTO song_links (id,song_id,title,url,kind,version_id,sort_order) VALUES ('pisniua_9371282_l1','pisniua_9371282','YouTube','https://www.youtube.com/watch?v=Qp6KeYqxHls','video',NULL,1);
INSERT OR REPLACE INTO songs (id,title,subtitle,lang,country,period,year,source,notes,lyrics,tags_json,lang_locked,status,created_at,updated_at) VALUES ('pisniua_936683','Ой Кривого Танця та не виведем Кінця','Українська народна пісня','uk','ukraine_before_1917',NULL,NULL,'Потаємні пісні любощів і кохання © Видавництво „Павутинонька“, Нью Йорк – Львів – Київ – Харків – Москва, 2002','Гаївки-Великдень: Українське свято Відродження Світа. Гра-коловід Змії/Змія. Весна Світа. Еротика, жарти, забави: Катерини – Калета – Андрія... Гаїлки-Великдень... Зелені Свята... Івана Купала... Весілля... – Щедровечірнє й Новорічне: Маланки-Василь. Коза. Кіт... – Мед і Ябка... А ми Йому Кінця не знайдем.','Ой Кривого Танця та не виведем Кінця
Треба Його та виводити Кінець Йому та находити
Ой Вінцю наш Вінцю Хрещатий Барвінцю
Я ж Тебе плела вила ще учора ізвечора
Повісила Тебе в Терені у Терені та на Дереві
А Мачуха взяла та Нелюбові дала
Колиб же я була знала та надвоє перервала
Та надвоє перервала під ніженьки потоптала
Жовтими Чобітками Золотими Підківками','["pisni.org.ua", "cat:vesnyanky-hayivky", "Веснянки та гаївки"]',1,'published',COALESCE((SELECT created_at FROM songs WHERE id='pisniua_936683'), datetime('now')),datetime('now'));
INSERT OR REPLACE INTO songs_fts(song_id,title,lyrics) VALUES ('pisniua_936683','Ой Кривого Танця та не виведем Кінця','Ой Кривого Танця та не виведем Кінця
Треба Його та виводити Кінець Йому та находити
Ой Вінцю наш Вінцю Хрещатий Барвінцю
Я ж Тебе плела вила ще учора ізвечора
Повісила Тебе в Терені у Терені та на Дереві
А Мачуха взяла та Нелюбові дала
Колиб же я була знала та надвоє перервала
Та надвоє перервала під ніженьки потоптала
Жовтими Чобітками Золотими Підківками');
INSERT OR REPLACE INTO songs (id,title,subtitle,lang,country,period,year,source,notes,lyrics,tags_json,lang_locked,status,created_at,updated_at) VALUES ('pisniua_9382383','Ой, музико, музиченьку','Українська народна пісня','uk','ukraine_before_1917',NULL,NULL,'аудіозапис',NULL,'Ой, музико, музиченьку,
Най ти добре буде,
Тось не одну нічку не спав,
Забавляв ісь люде.

Ой, музико, музиченьку,
Видів бись гаразду,
Не з одного батяруги
Ти вже зробив ґазду.

Ой, музико, музиченьку,
Ти, масний язичку,
Не з одної дівчиноньки
Зробив молодичку.','["pisni.org.ua", "cat:kolomyyky", "Коломийки"]',1,'published',COALESCE((SELECT created_at FROM songs WHERE id='pisniua_9382383'), datetime('now')),datetime('now'));
INSERT OR REPLACE INTO songs_fts(song_id,title,lyrics) VALUES ('pisniua_9382383','Ой, музико, музиченьку','Ой, музико, музиченьку,
Най ти добре буде,
Тось не одну нічку не спав,
Забавляв ісь люде.

Ой, музико, музиченьку,
Видів бись гаразду,
Не з одного батяруги
Ти вже зробив ґазду.

Ой, музико, музиченьку,
Ти, масний язичку,
Не з одної дівчиноньки
Зробив молодичку.');
INSERT OR REPLACE INTO songs (id,title,subtitle,lang,country,period,year,source,notes,lyrics,tags_json,lang_locked,status,created_at,updated_at) VALUES ('pisniua_936181','Голубка *','Українська народна пісня','uk','ukraine_before_1917',NULL,NULL,NULL,NULL,'Ми голуба голубили,
Надівколо обступили:
"Ой, голубе, чого тужиш,
Вибирай, кого ти любиш."

Ой. Піду я в ліс, за гору,
Чи не знайду кращу долю?
А як знайду - то ся верну,
За собою тя поверну.','["pisni.org.ua", "cat:vesnyanky-hayivky", "Веснянки та гаївки"]',1,'published',COALESCE((SELECT created_at FROM songs WHERE id='pisniua_936181'), datetime('now')),datetime('now'));
INSERT OR REPLACE INTO songs_fts(song_id,title,lyrics) VALUES ('pisniua_936181','Голубка *','Ми голуба голубили,
Надівколо обступили:
"Ой, голубе, чого тужиш,
Вибирай, кого ти любиш."

Ой. Піду я в ліс, за гору,
Чи не знайду кращу долю?
А як знайду - то ся верну,
За собою тя поверну.');
INSERT OR REPLACE INTO songs (id,title,subtitle,lang,country,period,year,source,notes,lyrics,tags_json,lang_locked,status,created_at,updated_at) VALUES ('pisniua_937281','Гей у Неділю та бардзо рано пораненьку','Українська народна пісня. Виконує: Гуртоправці, Тарас Компаніченко','uk','ukraine_before_1917',NULL,NULL,'Ой давно-давно. Найдавніша і новіша етнічна музика Українців. Гурти "Древо", "Володар" і "Гуртоправці". Укл. Ірина Клименко. 2003','Українські реліґійні роздуми про Воскресіння, Неволю і Спасіння. Пісні Великодні — Спасительні: світ не по Правді. Пісні-плачі Сокола-Прадіда. У Чистому Степу собі Живности доставати. Ей то-ж-то у панів єсть що пить і їсти.','Гей у Неділю та бардзо рано-пораненьку
Ой налетіли Соколи гей
С Чужої Дальньої Сторони
Та сіли вони впали у Лісі гей
На Преудобному Древі на Оpіcі
Тай сплели вони Гніздо Шарлатнеє гей
Ізнесли Яйце Жемчужноє
Тай сплодили вони Дитя гей
Бездольнеє Безроднеє Соколя

Ой полетів Ясен Сокіл гей
У Чистеє Поле та Живности доставати
А Живности то він не достав а своє Дитя
Та Безроднеє Бездольноє Соколя утеряв

Ой то Сокіл прилітає а його Соколяти немає
Ото Сокіл політає та Орла питає

Орле-брате чи не бачив ти мого Дитяти
Бездольного Безродного Соколяти
А чи ж то його Буйнії Вітри заносили
А чи ж його Сильнії Дошчі затопили

Ой Соколе-брате а твого Дитяти
Бездольного Безродного Соколяти
Ані Буйні Вітри не заносили
Ані Сильнії Дошчі не затопили

А ішли ж то Стрільці Булаховці гей
З Чужої Сторони
Та набачили ж то вони Гніздо Шарлатноє
Та і твоє Дитя Бездольноє Безродної Соколя
У срібнії пута запутали
Та жемчужжю очі завішали
Та і понесли його у город у Царигород гей
До Івана Богословця

А Іван жеж то Богословець
Та по Царгороду ходить
Та твоє Дитя Бездольнеє Безроднеє Соколя
Та на руці носить

Ой та колиб ти добре дбав
Та над Город-цари-город налітав
Та на валу сідав
Та жалібненько квилив-проквиляв
Та тебе б то твоє Дитя Бездольнеє Соколя
Зачувало та смутненько ся мало
Та жалібненько квилило-проквиляло
Та крильця опускало та головку склоняло
Та чи ж тоді б то Іван Богословець
Ти чи не великий бо жаль почував
Та твоє Дитя Бездольнеє Соколя
Та на вал виношав

Ой та Сокіл добре дбав
Ой та до Города-Царегорода налітав
Та на валу сідав
Та жалібненько квилив-проквиляв

Отоді ж то
Його Соколя Бездольнеє Безроднеє Дитя
Зачувало та смутненько ся мало
Та крильця опускало та голівку склоняло

Отоді ж то Іван Богословець
Добре дбав та на свої слуги покликав
Гей озьміте ви ж
Те Бездольнеє Безроднеє Соколя
Тай з ніг йому срібнії пута познімайте
Тай з очей жемчуг позабірайте
Та на вал виношайте
То як буде воно утікати
Та будем ми назад його повертати

Ото Сокіл то налітав ой
Та своє Дитя та Бездольнеє Безроднеє Соколя
Та на крила брав
Та на Високую Висоту та піднімав
Та у Свої Сторони і забірав

Ой тоді ж то Сокіл промовляє
Та своє Дитя та Бездольноє Безродноє Соколя  научає
Гей та не моє ж то Соколя Бездольнеє Безроднеє Дитя

Та лучше ж то ми будемо
У Чистому Степу собі Живности доставати
А як у неволі у великих панів проживати
А шо у великих панів а є шо їсти-пити
А не волен то світ-по-світу й походити','["pisni.org.ua", "cat:dumy", "cat:kozacki", "cat:socialno-pobutovi", "cat:suspilno-politychni", "Думи", "Козацькі пісні", "Соціально-побутові пісні", "Суспільно-політичні пісні"]',1,'published',COALESCE((SELECT created_at FROM songs WHERE id='pisniua_937281'), datetime('now')),datetime('now'));
INSERT OR REPLACE INTO songs_fts(song_id,title,lyrics) VALUES ('pisniua_937281','Гей у Неділю та бардзо рано пораненьку','Гей у Неділю та бардзо рано-пораненьку
Ой налетіли Соколи гей
С Чужої Дальньої Сторони
Та сіли вони впали у Лісі гей
На Преудобному Древі на Оpіcі
Тай сплели вони Гніздо Шарлатнеє гей
Ізнесли Яйце Жемчужноє
Тай сплодили вони Дитя гей
Бездольнеє Безроднеє Соколя

Ой полетів Ясен Сокіл гей
У Чистеє Поле та Живности доставати
А Живности то він не достав а своє Дитя
Та Безроднеє Бездольноє Соколя утеряв

Ой то Сокіл прилітає а його Соколяти немає
Ото Сокіл політає та Орла питає

Орле-брате чи не бачив ти мого Дитяти
Бездольного Безродного Соколяти
А чи ж то його Буйнії Вітри заносили
А чи ж його Сильнії Дошчі затопили

Ой Соколе-брате а твого Дитяти
Бездольного Безродного Соколяти
Ані Буйні Вітри не заносили
Ані Сильнії Дошчі не затопили

А ішли ж то Стрільці Булаховці гей
З Чужої Сторони
Та набачили ж то вони Гніздо Шарлатноє
Та і твоє Дитя Бездольноє Безродної Соколя
У срібнії пута запутали
Та жемчужжю очі завішали
Та і понесли його у город у Царигород гей
До Івана Богословця

А Іван жеж то Богословець
Та по Царгороду ходить
Та твоє Дитя Бездольнеє Безроднеє Соколя
Та на руці носить

Ой та колиб ти добре дбав
Та над Город-цари-город налітав
Та на валу сідав
Та жалібненько квилив-проквиляв
Та тебе б то твоє Дитя Бездольнеє Соколя
Зачувало та смутненько ся мало
Та жалібненько квилило-проквиляло
Та крильця опускало та головку склоняло
Та чи ж тоді б то Іван Богословець
Ти чи не великий бо жаль почував
Та твоє Дитя Бездольнеє Соколя
Та на вал виношав

Ой та Сокіл добре дбав
Ой та до Города-Царегорода налітав
Та на валу сідав
Та жалібненько квилив-проквиляв

Отоді ж то
Його Соколя Бездольнеє Безроднеє Дитя
Зачувало та смутненько ся мало
Та крильця опускало та голівку склоняло

Отоді ж то Іван Богословець
Добре дбав та на свої слуги покликав
Гей озьміте ви ж
Те Бездольнеє Безроднеє Соколя
Тай з ніг йому срібнії пута познімайте
Тай з очей жемчуг позабірайте
Та на вал виношайте
То як буде воно утікати
Та будем ми назад його повертати

Ото Сокіл то налітав ой
Та своє Дитя та Бездольнеє Безроднеє Соколя
Та на крила брав
Та на Високую Висоту та піднімав
Та у Свої Сторони і забірав

Ой тоді ж то Сокіл промовляє
Та своє Дитя та Бездольноє Безродноє Соколя  научає
Гей та не моє ж то Соколя Бездольнеє Безроднеє Дитя

Та лучше ж то ми будемо
У Чистому Степу собі Живности доставати
А як у неволі у великих панів проживати
А шо у великих панів а є шо їсти-пити
А не волен то світ-по-світу й походити');
INSERT OR REPLACE INTO songs (id,title,subtitle,lang,country,period,year,source,notes,lyrics,tags_json,lang_locked,status,created_at,updated_at) VALUES ('pisniua_9382080','Ой, Карпати зелененькі','Українська народна пісня','uk','ukraine_before_1917',NULL,NULL,'аудіозапис',NULL,'Ой, Карпати зелененькі,
На врожаї бідні,
Ой, прикуте до вас серце,
Бо ви мені рідні!

Вже зозуля кує, кує,
Ббо весноньку чує,
А соловій вже щебече,
Бо бук листя мече.

Ой, кувала зозуленька
Тонким голосочком,
Тай поки ся не вдавила
Житнім колосочком.

Ой, кувала зозуленька,
А далі засипла,
Скоро лише покушіла
Колосочок жита.','["pisni.org.ua", "cat:kolomyyky", "Коломийки"]',1,'published',COALESCE((SELECT created_at FROM songs WHERE id='pisniua_9382080'), datetime('now')),datetime('now'));
INSERT OR REPLACE INTO songs_fts(song_id,title,lyrics) VALUES ('pisniua_9382080','Ой, Карпати зелененькі','Ой, Карпати зелененькі,
На врожаї бідні,
Ой, прикуте до вас серце,
Бо ви мені рідні!

Вже зозуля кує, кує,
Ббо весноньку чує,
А соловій вже щебече,
Бо бук листя мече.

Ой, кувала зозуленька
Тонким голосочком,
Тай поки ся не вдавила
Житнім колосочком.

Ой, кувала зозуленька,
А далі засипла,
Скоро лише покушіла
Колосочок жита.');
INSERT OR REPLACE INTO songs (id,title,subtitle,lang,country,period,year,source,notes,lyrics,tags_json,lang_locked,status,created_at,updated_at) VALUES ('pisniua_9376281','Печальне танго','Музика: Ірена Чума Слова: Зоя Кучерява. Виконує: Володимир Турець','uk','ukraine_1991',NULL,NULL,'аудіозапис',NULL,'Відгомоніли весна і літо,
Пожовкло листя, зів''яли квіти,
Пливуть журливо у небі хмари...
В дощах осінніх зника дорога,
Де ми ходили з тобою в парі,
А, може, все мені здалось?..
Звучить в моїй душі
Печальне танго про те,
Що у коханні не збулось...

Приспів:
Любов минула!..
Пройшла як злива навесні...
Була як перша і остання
Тиха музика в мені...
Були такі щасливі дні,
Та тільки спогади сумні,
Немов ілюзія кохання...

Пили у літі медовий трунок,
Ти, мов згоріла в моїх цілунках,
Чи не зігрів я тебе? - Не знаю!..
Тепла шукати пішла куди ти?..
Холодну осінь прошу-благаю:
Мені кохання поверни!..
А то звучить в душі
Печальне танго,
І тільки гірко пахнуть полини...

Приспів.

Були такі щасливі дні,
Та тільки спогади сумні,
Немов ілюзія кохання...

Приспів.

Немов ілюзія кохання...','["pisni.org.ua", "cat:dances", "cat:tango", "Пісні до танцю", "Танґо"]',1,'published',COALESCE((SELECT created_at FROM songs WHERE id='pisniua_9376281'), datetime('now')),datetime('now'));
INSERT OR REPLACE INTO songs_fts(song_id,title,lyrics) VALUES ('pisniua_9376281','Печальне танго','Відгомоніли весна і літо,
Пожовкло листя, зів''яли квіти,
Пливуть журливо у небі хмари...
В дощах осінніх зника дорога,
Де ми ходили з тобою в парі,
А, може, все мені здалось?..
Звучить в моїй душі
Печальне танго про те,
Що у коханні не збулось...

Приспів:
Любов минула!..
Пройшла як злива навесні...
Була як перша і остання
Тиха музика в мені...
Були такі щасливі дні,
Та тільки спогади сумні,
Немов ілюзія кохання...

Пили у літі медовий трунок,
Ти, мов згоріла в моїх цілунках,
Чи не зігрів я тебе? - Не знаю!..
Тепла шукати пішла куди ти?..
Холодну осінь прошу-благаю:
Мені кохання поверни!..
А то звучить в душі
Печальне танго,
І тільки гірко пахнуть полини...

Приспів.

Були такі щасливі дні,
Та тільки спогади сумні,
Немов ілюзія кохання...

Приспів.

Немов ілюзія кохання...');
INSERT OR REPLACE INTO song_links (id,song_id,title,url,kind,version_id,sort_order) VALUES ('pisniua_9376281_l1','pisniua_9376281','YouTube','https://www.youtube.com/watch?v=Pr9DLHPI9FI','video',NULL,1);
INSERT OR REPLACE INTO songs (id,title,subtitle,lang,country,period,year,source,notes,lyrics,tags_json,lang_locked,status,created_at,updated_at) VALUES ('pisniua_936384','Великодні файні Свйита','Українська народна пісня','uk','ukraine_before_1917',NULL,NULL,'1. Народні співи Галичини. Гаївки. Зібрав та упорядкував М. Мишанич. - Львів: Гердан, 1991','Запис із с. Івана Франка Дрогобицького району Львівської області Гаївки-Великдень: Українське свято Відродження Світа. Листки з приводу цієї Пісні: Коляда і Великдень: Різдво і Відродження Світа. Гаїлки-Великдень: Українське Свято Відродження Світа. (Вибір Пісень) Стежки до інших листків про Українські традиції.','Великодні файні Свйита
Бо сі бавлют всі Дівчита
У Неділю з Пасочками
В Понеділок з Писанками
А в Вівторок на Гаївку
Каждий Хлопець веде Дівку
Та й до корчми уступає
Та й сі пива напиває
Дівки кажут - Ходім спати
Далі прийде по нас мати
Хлопці кажут - Не бійтесі
Мати дома з діточками
Мати дома з діточками
Та й не прийдут з паличками','["pisni.org.ua", "cat:vesnyanky-hayivky", "Веснянки та гаївки"]',1,'published',COALESCE((SELECT created_at FROM songs WHERE id='pisniua_936384'), datetime('now')),datetime('now'));
INSERT OR REPLACE INTO songs_fts(song_id,title,lyrics) VALUES ('pisniua_936384','Великодні файні Свйита','Великодні файні Свйита
Бо сі бавлют всі Дівчита
У Неділю з Пасочками
В Понеділок з Писанками
А в Вівторок на Гаївку
Каждий Хлопець веде Дівку
Та й до корчми уступає
Та й сі пива напиває
Дівки кажут - Ходім спати
Далі прийде по нас мати
Хлопці кажут - Не бійтесі
Мати дома з діточками
Мати дома з діточками
Та й не прийдут з паличками');
INSERT OR REPLACE INTO songs (id,title,subtitle,lang,country,period,year,source,notes,lyrics,tags_json,lang_locked,status,created_at,updated_at) VALUES ('pisniua_9382686','Ой, дала-с мні, моя ненько','Українська народна пісня','uk','ukraine_before_1917',NULL,NULL,'аудіозапис',NULL,'Ой, дала-с мні, моя ненько,
За річку, за річку,
Воліла-с ми засвітити
Конець голов свічку.

Свічка би сі посвітила
Та би сі задула,
Ти би, ненько, поплакала
Та й би-сь призабула.

Як же мені не тужити,
Як же не плакати?
Покидати тата, маму,
Іти бідувати.

Дала-с мене, моя мати,
За високі гори,
Не дала-с ми більше віна,
Тілько єдні пчоли.

А пчоли си розлетіли,
А я си лишила,
Буде мені лиха доля
Головку сушила.

Дала да ня, люба мамка,
За гори бивати,
Чей си, мамко, не потятко
По горах літати.

Дала да ми, люба мамка,
Корову з телятком,
Та аби-м я не ходила
По селу з горнятком.','["pisni.org.ua", "cat:kolomyyky", "Коломийки"]',1,'published',COALESCE((SELECT created_at FROM songs WHERE id='pisniua_9382686'), datetime('now')),datetime('now'));
INSERT OR REPLACE INTO songs_fts(song_id,title,lyrics) VALUES ('pisniua_9382686','Ой, дала-с мні, моя ненько','Ой, дала-с мні, моя ненько,
За річку, за річку,
Воліла-с ми засвітити
Конець голов свічку.

Свічка би сі посвітила
Та би сі задула,
Ти би, ненько, поплакала
Та й би-сь призабула.

Як же мені не тужити,
Як же не плакати?
Покидати тата, маму,
Іти бідувати.

Дала-с мене, моя мати,
За високі гори,
Не дала-с ми більше віна,
Тілько єдні пчоли.

А пчоли си розлетіли,
А я си лишила,
Буде мені лиха доля
Головку сушила.

Дала да ня, люба мамка,
За гори бивати,
Чей си, мамко, не потятко
По горах літати.

Дала да ми, люба мамка,
Корову з телятком,
Та аби-м я не ходила
По селу з горнятком.');
INSERT OR REPLACE INTO songs (id,title,subtitle,lang,country,period,year,source,notes,lyrics,tags_json,lang_locked,status,created_at,updated_at) VALUES ('pisniua_937686','Вийди Грицю на Вулицю','Українська народна пісня','uk','ukr_ssr_1919_1991',NULL,'1958','1. Українські народні пісні в записах Миколи Лисенка. Комплект листівок. Художник А.Базилевич. - К.: Мистецтво, 1966','Ноти у джерелі 1 подані за: М.В.Лисенко. Зібрання творів у двадцяти томах. К.: Мистецтво, 1958 Еротика, жарти, забави: Катерини – Калета – Андрія... Гаїлки-Великдень... Зелені Свята... Івана Купала... Весілля... – Щедровечірнє й Новорічне: Маланки-Василь. Коза. Кіт... – Мед і Ябка... Хто Дудочку зробив Пісеньку навчив. Гляди Сопілоньку щоб гарненько грала. Вийди Грицю на Вулицю За Сінечками за Дверечками Ой вийду я на Вулицю Куделицю прясти Ой Ти Зелена Дубровонько Прийшла Весна з Квітками Кругом Нього зелененько всередині веселенько. Прийди-прийди Серденя на Пухові Подушки. Листки з приводу цієї Пісні: Еротичні містерії, тиждень від Катерини 7.12 до Калети. Еротичні містерії, Калета 13.12 - Передріздвяний Святочний час. Стежки до інших листків про Українські пісні.','Вийди Грицю на Вулицю
І ти Коваленку
Заграй мені в Свистілочку
Стиха - помаленьку

Заграй мені в Свистілочку
Стиха - помаленьку
Свистілочка як Бджілочка
В Білих Ручках гуде

Ти Місяцю-перекрою
Зайди за комору
Не бачила Миленького
Не піду додому

Хоч бачила не бачила
Ніде не зачую
Не стояла сюю нічку
Й не переночую

Весняночко-паняночко
Де Ти зимувала?
У Садочку на кілочку
Пряла на Сорочку

Що виведу Нитку
Та пошию Свитку

А з тих Торочок
Та нашию Сорочок

А з тих Кінців
Та нашию Штанців

Леле Тату леле Мамо
Леле Коваленку
Заграй мені у Дудочку
Стиха - помаленьку

Леле-леле а Млин меле
А Колесо креше
А Дівчина Правду каже
Козаченько бреше','["pisni.org.ua", "cat:vesnyanky-hayivky", "Веснянки та гаївки"]',1,'published',COALESCE((SELECT created_at FROM songs WHERE id='pisniua_937686'), datetime('now')),datetime('now'));
INSERT OR REPLACE INTO songs_fts(song_id,title,lyrics) VALUES ('pisniua_937686','Вийди Грицю на Вулицю','Вийди Грицю на Вулицю
І ти Коваленку
Заграй мені в Свистілочку
Стиха - помаленьку

Заграй мені в Свистілочку
Стиха - помаленьку
Свистілочка як Бджілочка
В Білих Ручках гуде

Ти Місяцю-перекрою
Зайди за комору
Не бачила Миленького
Не піду додому

Хоч бачила не бачила
Ніде не зачую
Не стояла сюю нічку
Й не переночую

Весняночко-паняночко
Де Ти зимувала?
У Садочку на кілочку
Пряла на Сорочку

Що виведу Нитку
Та пошию Свитку

А з тих Торочок
Та нашию Сорочок

А з тих Кінців
Та нашию Штанців

Леле Тату леле Мамо
Леле Коваленку
Заграй мені у Дудочку
Стиха - помаленьку

Леле-леле а Млин меле
А Колесо креше
А Дівчина Правду каже
Козаченько бреше');
INSERT OR REPLACE INTO song_links (id,song_id,title,url,kind,version_id,sort_order) VALUES ('pisniua_937686_l1','pisniua_937686','YouTube','https://www.youtube.com/watch?v=-idcUcSaQFA','video',NULL,1);
INSERT OR REPLACE INTO songs (id,title,subtitle,lang,country,period,year,source,notes,lyrics,tags_json,lang_locked,status,created_at,updated_at) VALUES ('pisniua_9382281','Ой, у твого чоловіка','Українська народна пісня','uk','ukraine_before_1917',NULL,NULL,'аудіозапис',NULL,'Ой, у твого чоловіка
Дрібнийкії кости,
Він тя часто буде бити,
Доста має злости.

Ой, як бде тя дуже бити,
Щоби сь не тікала,
Туди сюди обернися
І бись му віддала.

Як тя буде дуже бити,
Ти його не бійся,
Туди сюди обернися
Та й до нього смійся.','["pisni.org.ua", "cat:kolomyyky", "Коломийки"]',1,'published',COALESCE((SELECT created_at FROM songs WHERE id='pisniua_9382281'), datetime('now')),datetime('now'));
INSERT OR REPLACE INTO songs_fts(song_id,title,lyrics) VALUES ('pisniua_9382281','Ой, у твого чоловіка','Ой, у твого чоловіка
Дрібнийкії кости,
Він тя часто буде бити,
Доста має злости.

Ой, як бде тя дуже бити,
Щоби сь не тікала,
Туди сюди обернися
І бись му віддала.

Як тя буде дуже бити,
Ти його не бійся,
Туди сюди обернися
Та й до нього смійся.');
INSERT OR REPLACE INTO songs (id,title,subtitle,lang,country,period,year,source,notes,lyrics,tags_json,lang_locked,status,created_at,updated_at) VALUES ('pisniua_9382580','Мати моя старенькая, поворожи мині','Українська народна пісня','uk','ukraine_before_1917',NULL,NULL,'аудіозапис',NULL,'Мати моя старенькая,
Поворожи мині,
Би ми серце не вмлівало
За тими леґіні!

Дочко моя молодая,
Поворожу тобі,
Є у мене паличенька,
Пломлю на тобі!

Ой, де ж ти сі забавила,
Моя куца Ганко?
За горами з парубками,
Рідна моя мамко!

Ой, мамуню, мамуненько,
За що ви мні били?
Як ви були молоденькі,
Вас хлопці любили.

Ой, загину, моя мати,
Загину, загину,
Коли того чорнявого
Любити покину.','["pisni.org.ua", "cat:kolomyyky", "Коломийки"]',1,'published',COALESCE((SELECT created_at FROM songs WHERE id='pisniua_9382580'), datetime('now')),datetime('now'));
INSERT OR REPLACE INTO songs_fts(song_id,title,lyrics) VALUES ('pisniua_9382580','Мати моя старенькая, поворожи мині','Мати моя старенькая,
Поворожи мині,
Би ми серце не вмлівало
За тими леґіні!

Дочко моя молодая,
Поворожу тобі,
Є у мене паличенька,
Пломлю на тобі!

Ой, де ж ти сі забавила,
Моя куца Ганко?
За горами з парубками,
Рідна моя мамко!

Ой, мамуню, мамуненько,
За що ви мні били?
Як ви були молоденькі,
Вас хлопці любили.

Ой, загину, моя мати,
Загину, загину,
Коли того чорнявого
Любити покину.');
INSERT OR REPLACE INTO songs (id,title,subtitle,lang,country,period,year,source,notes,lyrics,tags_json,lang_locked,status,created_at,updated_at) VALUES ('pisniua_938487','Прилетіли ангелята','Українська народна пісня. Виконує: Інеса Братущик','uk','ukraine_before_1917',NULL,NULL,NULL,NULL,'Прилетіли Ангелята,
Як пташата з неба
І співали всі Дитятку
Весело, як треба:
"Гей же гей же! О Ісусе!
Гей же гей же! Слава!"
Та будили там пастирів
Всю нічку до рана.

Голосили, що на світі
Сталася новина:
Діва в яслах днесь на сіні
Породила Сина,
Боже Дитя, всіх владику.
Пастирі, вставайте,
Біжіть скоро до вертепу,
Його привітайте!
Слава! Слава! - голосили
В час Твого приходу,
І мир людям, як відкрив Бог
Нам свою природу,
Він для людського спасіння
В тілі народився,
Творець світа, Давець скарбів
В яслах положився.

Поспішім ми до вертепу,
Поклін Му віддаймо
І весело: гей же гей же!
Йому заспіваймо.
Гей же гейже! О Ісусе
Гей же гей же! Слава!
За щасливу твою нічку
Вічна тобі хвала!','["pisni.org.ua", "cat:cerkovni", "cat:christian", "cat:dytyachi", "cat:kolyadky", "cat:narodni", "Церковні пісні", "Пісні на християнську тематику", "Дитячі пісні", "Колядки", "Народні пісні"]',1,'published',COALESCE((SELECT created_at FROM songs WHERE id='pisniua_938487'), datetime('now')),datetime('now'));
INSERT OR REPLACE INTO songs_fts(song_id,title,lyrics) VALUES ('pisniua_938487','Прилетіли ангелята','Прилетіли Ангелята,
Як пташата з неба
І співали всі Дитятку
Весело, як треба:
"Гей же гей же! О Ісусе!
Гей же гей же! Слава!"
Та будили там пастирів
Всю нічку до рана.

Голосили, що на світі
Сталася новина:
Діва в яслах днесь на сіні
Породила Сина,
Боже Дитя, всіх владику.
Пастирі, вставайте,
Біжіть скоро до вертепу,
Його привітайте!
Слава! Слава! - голосили
В час Твого приходу,
І мир людям, як відкрив Бог
Нам свою природу,
Він для людського спасіння
В тілі народився,
Творець світа, Давець скарбів
В яслах положився.

Поспішім ми до вертепу,
Поклін Му віддаймо
І весело: гей же гей же!
Йому заспіваймо.
Гей же гейже! О Ісусе
Гей же гей же! Слава!
За щасливу твою нічку
Вічна тобі хвала!');
INSERT OR REPLACE INTO song_links (id,song_id,title,url,kind,version_id,sort_order) VALUES ('pisniua_938487_l1','pisniua_938487','YouTube','https://www.youtube.com/watch?v=HcX8qxmfVF8','video',NULL,1);
INSERT OR REPLACE INTO song_links (id,song_id,title,url,kind,version_id,sort_order) VALUES ('pisniua_938487_l2','pisniua_938487','YouTube','https://www.youtube.com/watch?v=ldXmgwNua_0','video',NULL,2);
INSERT OR REPLACE INTO song_links (id,song_id,title,url,kind,version_id,sort_order) VALUES ('pisniua_938487_l3','pisniua_938487','YouTube','https://www.youtube.com/watch?v=zWWeKy7m4-A','video',NULL,3);
INSERT OR REPLACE INTO songs (id,title,subtitle,lang,country,period,year,source,notes,lyrics,tags_json,lang_locked,status,created_at,updated_at) VALUES ('pisniua_9385580','Про друзів','Українська народна пісня','uk','ukraine_before_1917',NULL,NULL,'аудіозапис',NULL,'Щасливий я, бо друзів поруч маю,
Не як сім''я, а дружба всіх єднає.
Не можу уявити життя без них на світі,
Як добре, що хороші друзі є!
Коли я сам, не хочеться співати,
Без друзів нам самотньо в ігри гратись.
Мій смуток друг розгонить,
Дбайливо підбадьорить,
Надійний друг знайде для мене час!

Приспів:
Якщо комусь потрібна допомога,
Мерщій своє плече йому підстав!
Коли ми разом - буде перемога!
Чудово, що мені Бог друзів добрих дав!

Як добре нам хорошим другом бути,
І прагну я слова ці не забути!
Всіх друзів цінувати, в біді не залишати,
Ділити з ними радість і печаль!

Приспів.','["pisni.org.ua", "cat:druzhba", "Пісні про дружбу"]',1,'published',COALESCE((SELECT created_at FROM songs WHERE id='pisniua_9385580'), datetime('now')),datetime('now'));
INSERT OR REPLACE INTO songs_fts(song_id,title,lyrics) VALUES ('pisniua_9385580','Про друзів','Щасливий я, бо друзів поруч маю,
Не як сім''я, а дружба всіх єднає.
Не можу уявити життя без них на світі,
Як добре, що хороші друзі є!
Коли я сам, не хочеться співати,
Без друзів нам самотньо в ігри гратись.
Мій смуток друг розгонить,
Дбайливо підбадьорить,
Надійний друг знайде для мене час!

Приспів:
Якщо комусь потрібна допомога,
Мерщій своє плече йому підстав!
Коли ми разом - буде перемога!
Чудово, що мені Бог друзів добрих дав!

Як добре нам хорошим другом бути,
І прагну я слова ці не забути!
Всіх друзів цінувати, в біді не залишати,
Ділити з ними радість і печаль!

Приспів.');
INSERT OR REPLACE INTO songs (id,title,subtitle,lang,country,period,year,source,notes,lyrics,tags_json,lang_locked,status,created_at,updated_at) VALUES ('pisniua_9385383','Новий рік летить!','Українська народна пісня','uk','ukraine_before_1917',NULL,NULL,'аудіозапис',NULL,'Де співають хуртовини,
Де в снігах живуть пінгвіни,
Там, на Півночі далекій,
Народився рік Новий!
Дня святкового діждався
І в далеку путь зібрався,
Дід Мороз його везе нам
У колисці сніговій!

Приспів:
Настає та мить -
Новий рік летить!
Завітає він на поріг!
Швидко плине час,
Б''є дванадцять раз,
Новий рік іде до нас!
Новий рік!

Новий рік - найкраще свято
І дорослим, і малятам,
Він дарує гарний настрій,
Подарунків цілий віз!
Він дарує нам надію,
Він здійснює кожні мрії!
Новий рік це свято щастя,
Де пісні лунають скрізь!

Приспів.','["pisni.org.ua", "cat:new-year", "Пісні про Новий Рік"]',1,'published',COALESCE((SELECT created_at FROM songs WHERE id='pisniua_9385383'), datetime('now')),datetime('now'));
INSERT OR REPLACE INTO songs_fts(song_id,title,lyrics) VALUES ('pisniua_9385383','Новий рік летить!','Де співають хуртовини,
Де в снігах живуть пінгвіни,
Там, на Півночі далекій,
Народився рік Новий!
Дня святкового діждався
І в далеку путь зібрався,
Дід Мороз його везе нам
У колисці сніговій!

Приспів:
Настає та мить -
Новий рік летить!
Завітає він на поріг!
Швидко плине час,
Б''є дванадцять раз,
Новий рік іде до нас!
Новий рік!

Новий рік - найкраще свято
І дорослим, і малятам,
Він дарує гарний настрій,
Подарунків цілий віз!
Він дарує нам надію,
Він здійснює кожні мрії!
Новий рік це свято щастя,
Де пісні лунають скрізь!

Приспів.');
INSERT OR REPLACE INTO songs (id,title,subtitle,lang,country,period,year,source,notes,lyrics,tags_json,lang_locked,status,created_at,updated_at) VALUES ('pisniua_9384384','Люба веснонька-весна','Слова: Катерина Перелісна','uk','ukraine_1991',NULL,NULL,'аудіозапис',NULL,'Що весною настає?
Сніг у полі розтає!
А чому то так буває?
Сонце землю зігріває!

Приспів:
Це вона, це вона,
Люба веснонька-весна!
Це вона, це вона,
Люба веснонька-весна!

Що синіє на землі?
Ніжні проліски малі!
А над полем що бринить?
Любий жайворон дзвенить!

Приспів.','["pisni.org.ua", "cat:krasa-pryrody", "Пісні про красу природи"]',1,'published',COALESCE((SELECT created_at FROM songs WHERE id='pisniua_9384384'), datetime('now')),datetime('now'));
INSERT OR REPLACE INTO songs_fts(song_id,title,lyrics) VALUES ('pisniua_9384384','Люба веснонька-весна','Що весною настає?
Сніг у полі розтає!
А чому то так буває?
Сонце землю зігріває!

Приспів:
Це вона, це вона,
Люба веснонька-весна!
Це вона, це вона,
Люба веснонька-весна!

Що синіє на землі?
Ніжні проліски малі!
А над полем що бринить?
Любий жайворон дзвенить!

Приспів.');
INSERT OR REPLACE INTO song_links (id,song_id,title,url,kind,version_id,sort_order) VALUES ('pisniua_9384384_l1','pisniua_9384384','YouTube','https://www.youtube.com/watch?v=di4Rjlj5M8U','video',NULL,1);
INSERT OR REPLACE INTO song_links (id,song_id,title,url,kind,version_id,sort_order) VALUES ('pisniua_9384384_l2','pisniua_9384384','YouTube','https://www.youtube.com/watch?v=lJX9rXPYbmQ','video',NULL,2);
INSERT OR REPLACE INTO song_links (id,song_id,title,url,kind,version_id,sort_order) VALUES ('pisniua_9384384_l3','pisniua_9384384','YouTube','https://www.youtube.com/watch?v=yh_osCzd5fk','video',NULL,3);
INSERT OR REPLACE INTO songs (id,title,subtitle,lang,country,period,year,source,notes,lyrics,tags_json,lang_locked,status,created_at,updated_at) VALUES ('pisniua_93787','Ой, весно, весно','Українська народна пісня','uk','ukraine_before_1917',NULL,NULL,NULL,'Дуже журлива весняночка. Але з оптимізмом.','Ой, весно, весно, та й весняночка,
Де ж твоя дочка, та й паняночка?    | (2)

Десь у садочку шиє сорочку,
Шовком та біллю та й вишиває.       | (2)

Шовком та біллю та й вишиває -
Своєму милому пересилає.            | (2)

Надівай її щонеділеньки,
Споминай мене щогодиноньки.         | (2)','["pisni.org.ua", "cat:vesnyanky-hayivky", "Веснянки та гаївки"]',1,'published',COALESCE((SELECT created_at FROM songs WHERE id='pisniua_93787'), datetime('now')),datetime('now'));
INSERT OR REPLACE INTO songs_fts(song_id,title,lyrics) VALUES ('pisniua_93787','Ой, весно, весно','Ой, весно, весно, та й весняночка,
Де ж твоя дочка, та й паняночка?    | (2)

Десь у садочку шиє сорочку,
Шовком та біллю та й вишиває.       | (2)

Шовком та біллю та й вишиває -
Своєму милому пересилає.            | (2)

Надівай її щонеділеньки,
Споминай мене щогодиноньки.         | (2)');
INSERT OR REPLACE INTO songs (id,title,subtitle,lang,country,period,year,source,notes,lyrics,tags_json,lang_locked,status,created_at,updated_at) VALUES ('pisniua_938786','На Тарілці Білий Сир Білий Сир','Українська народна пісня','uk','ukraine_before_1917',NULL,NULL,'1. Староукраїнські релігійні роздуми про Бога © Видавництво "Павутинонька", Нью Йорк – Львів – Київ – Харків – Москва, 2004 2. Купальські пісні. Українські народні пісні. Пісенник. Упорядник О. Ю Чебанюк. - К.: Музична Україна, 1989. - 196 с.','Межи Ними така Мова була — межи ким, Ними? Пара - любощі: Білий Сир - Тарілка. Вибір Пари. Астральні Заручини — Українське містичне Весілля: Різдво Світа / Купала. Еротика, жарти, забави: Катерини – Калета – Андрія... Гаїлки-Великдень... Зелені Свята... Івана Купала... Весілля... – Щедровечірнє й Новорічне: Маланки-Василь. Коза. Кіт... – Мед і Ябка... Рай розвився Господь звеселився. Івана Купала тай в Воду упала. Буде гарна Парочка-Парочка. Були Світилки Яснії Зірки. Листки з приводу цієї Пісні: Українська Астрально-мітольоґічна реліґійна концепція. Українські релігійні роздуми про Бога. Про Свято Івана Купала Стежки до листків про Українські традиції.','На Тарілці Білий Сир Білий Сир
А в Миколи Гарний Син Гарний Син

А у Мотрі ще й Дочка ще й дочка
Буде гарна Парочка-Парочка

Межи Ними така Мова була
Щоби Галя Васильова була','["pisni.org.ua", "cat:kupalski", "Купальські пісні"]',1,'published',COALESCE((SELECT created_at FROM songs WHERE id='pisniua_938786'), datetime('now')),datetime('now'));
INSERT OR REPLACE INTO songs_fts(song_id,title,lyrics) VALUES ('pisniua_938786','На Тарілці Білий Сир Білий Сир','На Тарілці Білий Сир Білий Сир
А в Миколи Гарний Син Гарний Син

А у Мотрі ще й Дочка ще й дочка
Буде гарна Парочка-Парочка

Межи Ними така Мова була
Щоби Галя Васильова була');
INSERT OR REPLACE INTO songs (id,title,subtitle,lang,country,period,year,source,notes,lyrics,tags_json,lang_locked,status,created_at,updated_at) VALUES ('pisniua_938888','Чому твої очі','Українська народна пісня','uk','ukraine_before_1917',NULL,NULL,'"Є.П." 1997 р.','Надійся на Господа, будь сильний, і хай буде міцне твоє серце (Пс,27?14) Дивись також: "Припадаю до Тебе, мій Христе"','Чому твої очі сльозами блищать,
Чому рани серця болять і болять?
І сумніви , й смутки пригноблють враз,
І вогник молитви святої погас.

Чи віри забракло у серці твоїм,
Чи втратив надію на Бога зовсім? -
Твій Бог так великий, Всесильний, згадай,
До Нього з молитвою ти поспішай.

Як тільки до Спаса в молитві прийдеш -
Тоді ти і радість, і спокій знайдеш.
Загояться рани, твій дух оживе
І радісна пісня з душі попливе.    мелодія (чотириголосся)','["pisni.org.ua", "cat:cerkovni", "Церковні пісні"]',1,'published',COALESCE((SELECT created_at FROM songs WHERE id='pisniua_938888'), datetime('now')),datetime('now'));
INSERT OR REPLACE INTO songs_fts(song_id,title,lyrics) VALUES ('pisniua_938888','Чому твої очі','Чому твої очі сльозами блищать,
Чому рани серця болять і болять?
І сумніви , й смутки пригноблють враз,
І вогник молитви святої погас.

Чи віри забракло у серці твоїм,
Чи втратив надію на Бога зовсім? -
Твій Бог так великий, Всесильний, згадай,
До Нього з молитвою ти поспішай.

Як тільки до Спаса в молитві прийдеш -
Тоді ти і радість, і спокій знайдеш.
Загояться рани, твій дух оживе
І радісна пісня з душі попливе.    мелодія (чотириголосся)');
INSERT OR REPLACE INTO songs (id,title,subtitle,lang,country,period,year,source,notes,lyrics,tags_json,lang_locked,status,created_at,updated_at) VALUES ('pisniua_939181','Була на Купали посмалила Гали','Українська народна пісня','uk','ukraine_before_1917',NULL,NULL,'1. Пісні з Волині. Упорядкування текстів та примітки О. Ф. Ошуркевича. Упорядкування нотних матеріалів М. С. Стефанишина. - К.: Музична Україна, 1970. - 336 с. 2. Купальські пісні. Українські народні пісні. Пісенник. Упорядник О. Ю Чебанюк. - К.: Музична Україна, 1989. - 196 с.','*Гали - ноги','Була на Купали посмалила Гали *
Не піду додому боюся сорому
Сором за Порогом Женихи за Столом
Не піду до Хати Женихів вітати','["pisni.org.ua", "cat:kupalski", "Купальські пісні"]',1,'published',COALESCE((SELECT created_at FROM songs WHERE id='pisniua_939181'), datetime('now')),datetime('now'));
INSERT OR REPLACE INTO songs_fts(song_id,title,lyrics) VALUES ('pisniua_939181','Була на Купали посмалила Гали','Була на Купали посмалила Гали *
Не піду додому боюся сорому
Сором за Порогом Женихи за Столом
Не піду до Хати Женихів вітати');
INSERT OR REPLACE INTO songs (id,title,subtitle,lang,country,period,year,source,notes,lyrics,tags_json,lang_locked,status,created_at,updated_at) VALUES ('pisniua_9385889','Лапландія','Українська народна пісня','uk','ukraine_before_1917',NULL,NULL,'аудіозапис',NULL,'В Лапландії, в хатинці живе один старий,
Його весь рік чекає, дорослий і малий.
Він в новорічне свято в дорогу вируша,
Він жодної дитини у світі не мина!

Приспів:
В Лапландії, в Лапландії
Без льоду всі мости!
В Лапландію, в Лапландію
Напишем ми листи!
В Лапландії, в Лапландії
Живе казковий дід!
З Лапландії, з Лапландії
Прийде нам Новий рік!

Поставимо ялинку, прикрасимо її,
Для дідуся готуєм і вірші, і пісні.
І так його чекаєм, не гаєм марно час,
З онукою, з ялинкою прийди мерщій до нас!

Приспів.','["pisni.org.ua", "cat:new-year", "Пісні про Новий Рік"]',1,'published',COALESCE((SELECT created_at FROM songs WHERE id='pisniua_9385889'), datetime('now')),datetime('now'));
INSERT OR REPLACE INTO songs_fts(song_id,title,lyrics) VALUES ('pisniua_9385889','Лапландія','В Лапландії, в хатинці живе один старий,
Його весь рік чекає, дорослий і малий.
Він в новорічне свято в дорогу вируша,
Він жодної дитини у світі не мина!

Приспів:
В Лапландії, в Лапландії
Без льоду всі мости!
В Лапландію, в Лапландію
Напишем ми листи!
В Лапландії, в Лапландії
Живе казковий дід!
З Лапландії, з Лапландії
Прийде нам Новий рік!

Поставимо ялинку, прикрасимо її,
Для дідуся готуєм і вірші, і пісні.
І так його чекаєм, не гаєм марно час,
З онукою, з ялинкою прийди мерщій до нас!

Приспів.');
INSERT OR REPLACE INTO songs (id,title,subtitle,lang,country,period,year,source,notes,lyrics,tags_json,lang_locked,status,created_at,updated_at) VALUES ('pisniua_9394080','Чи знала ти, Маріє?','Музика: Бадді Грін Слова: Марк Лаурі. Виконує: Брія Блессінг','uk','ukraine_1991',NULL,NULL,'аудіозапис',NULL,'Чи знала ти, Маріє, що твоє дитя
Піде по хвилях моря?..
Чи знала ти, Маріє, що твоє дитя
Врятує світ від горя?..
Твій малюк переможе знов
В одвічній боротьбі!
Народжений тобою син
Дасть спасіння і тобі!

Чи знала ти, Маріє, що твоє дитя
Сліпому зір дарує?..
Чи знала ти, Маріє, що твоє дитя
Рукою шторм вгамує?..
Він ходив там, де неба край,
Де янголів серця,
Коли ти цілуєш сина -
Ти торкаєшся творця!..

Сліпому - зір, глухому - слух,
А мертвому - життя,
Із вуст німих пісні Творцю
До неба полетять!..

Чи знала ти, Маріє, що твоє дитя
Покаже шлях спасіння?..
Чи знала ти, Маріє, що твоє дитя
Господь всього творіння?..
Немовля, що тихенько спить
У тебе на руках -
Досконала жертва Богу
І Сущий Бог в віках!','["pisni.org.ua", "cat:christian", "Пісні на християнську тематику"]',1,'published',COALESCE((SELECT created_at FROM songs WHERE id='pisniua_9394080'), datetime('now')),datetime('now'));
INSERT OR REPLACE INTO songs_fts(song_id,title,lyrics) VALUES ('pisniua_9394080','Чи знала ти, Маріє?','Чи знала ти, Маріє, що твоє дитя
Піде по хвилях моря?..
Чи знала ти, Маріє, що твоє дитя
Врятує світ від горя?..
Твій малюк переможе знов
В одвічній боротьбі!
Народжений тобою син
Дасть спасіння і тобі!

Чи знала ти, Маріє, що твоє дитя
Сліпому зір дарує?..
Чи знала ти, Маріє, що твоє дитя
Рукою шторм вгамує?..
Він ходив там, де неба край,
Де янголів серця,
Коли ти цілуєш сина -
Ти торкаєшся творця!..

Сліпому - зір, глухому - слух,
А мертвому - життя,
Із вуст німих пісні Творцю
До неба полетять!..

Чи знала ти, Маріє, що твоє дитя
Покаже шлях спасіння?..
Чи знала ти, Маріє, що твоє дитя
Господь всього творіння?..
Немовля, що тихенько спить
У тебе на руках -
Досконала жертва Богу
І Сущий Бог в віках!');
INSERT OR REPLACE INTO song_links (id,song_id,title,url,kind,version_id,sort_order) VALUES ('pisniua_9394080_l1','pisniua_9394080','YouTube','https://www.youtube.com/watch?v=ADhgodiTyUc','video',NULL,1);
INSERT OR REPLACE INTO song_links (id,song_id,title,url,kind,version_id,sort_order) VALUES ('pisniua_9394080_l2','pisniua_9394080','YouTube','https://www.youtube.com/watch?v=hDNFUv8GbfY','video',NULL,2);
INSERT OR REPLACE INTO songs (id,title,subtitle,lang,country,period,year,source,notes,lyrics,tags_json,lang_locked,status,created_at,updated_at) VALUES ('pisniua_939085','Моя дівчина, ти – це моя юність','Музика: Євген Шантир Слова: Євген Шантир. Виконує: Євген Шантир','uk','ukraine_1991',NULL,NULL,NULL,NULL,'Я пам''ятаю той чудовий вечір
Весняної вродливої пори,
Сподобалась мені тоді дівчина
Довірлива, як квітка у руці.
Моя дівчина, ти - це моя юність,
Яка минає швидко у житті,
Чому ж сумую я, коли побачу,
Що знову відлітають журавлі.
На небі, мабуть, спалахнула зірка,
Коли, затамувавши подих я,
Свою дівчину проводжав до дому
І ледь поцілував її вуста.
Моя дівчина, ти - це моя юність,
Яка минає швидко у житті,
Чому ж сумую я, коли побачу,
Що знову відлітають журавлі.
Нехай нас віддаляють час і доля,
Прохаю Бога щиро і молю,
Мої до тебе почуття, дівчина,
Тобі подарувати у раю.
Моя дівчина, ти - це моя юність,
Яка минає швидко у житті,
Чому ж сумую я, коли побачу,
Що знову відлітають журавлі.
Вважаю я себе щасливим завжди
Тому, що в ріднім краї на весні,
Моя дівчина пролісками ніжно
Щороку посміхається мені.
Моя дівчина, ти - це моя юність,
Яка минає швидко у житті,
Чому ж сумую я, коли побачу,
Що знову відлітають журавлі.','["pisni.org.ua", "cat:romansy", "Романси"]',1,'published',COALESCE((SELECT created_at FROM songs WHERE id='pisniua_939085'), datetime('now')),datetime('now'));
INSERT OR REPLACE INTO songs_fts(song_id,title,lyrics) VALUES ('pisniua_939085','Моя дівчина, ти – це моя юність','Я пам''ятаю той чудовий вечір
Весняної вродливої пори,
Сподобалась мені тоді дівчина
Довірлива, як квітка у руці.
Моя дівчина, ти - це моя юність,
Яка минає швидко у житті,
Чому ж сумую я, коли побачу,
Що знову відлітають журавлі.
На небі, мабуть, спалахнула зірка,
Коли, затамувавши подих я,
Свою дівчину проводжав до дому
І ледь поцілував її вуста.
Моя дівчина, ти - це моя юність,
Яка минає швидко у житті,
Чому ж сумую я, коли побачу,
Що знову відлітають журавлі.
Нехай нас віддаляють час і доля,
Прохаю Бога щиро і молю,
Мої до тебе почуття, дівчина,
Тобі подарувати у раю.
Моя дівчина, ти - це моя юність,
Яка минає швидко у житті,
Чому ж сумую я, коли побачу,
Що знову відлітають журавлі.
Вважаю я себе щасливим завжди
Тому, що в ріднім краї на весні,
Моя дівчина пролісками ніжно
Щороку посміхається мені.
Моя дівчина, ти - це моя юність,
Яка минає швидко у житті,
Чому ж сумую я, коли побачу,
Що знову відлітають журавлі.');
INSERT OR REPLACE INTO songs (id,title,subtitle,lang,country,period,year,source,notes,lyrics,tags_json,lang_locked,status,created_at,updated_at) VALUES ('pisniua_9389888','Ой, орел ти, орел','Українська народна пісня','uk','ukraine_before_1917',NULL,NULL,'аудіозапис',NULL,'Ой, орел ти, орел,
Сизокрилий орел,
Ти літаєш високо,     |
Ти видаєш далеко.     | (2)

Чи літав ти, орел,
На Вкраїноньку,
Чи не бачив ти, орел, |
Мою миленьку?         | (2)

А дівчина твоя
Стоїть журиться,
Стоїть журиться       |
Ще й печалиться.      | (2)

Стоїть журиться
Ще й печалиться,
За тобою, козаком,    |
Побивається.          | (2)

Ой, орел, ти, орел
Сизокриленький,
Занеси ж ти мене      |
До дівчиноньки!       | (2)','["pisni.org.ua", "cat:poliski", "Пісні з Полісся"]',1,'published',COALESCE((SELECT created_at FROM songs WHERE id='pisniua_9389888'), datetime('now')),datetime('now'));
INSERT OR REPLACE INTO songs_fts(song_id,title,lyrics) VALUES ('pisniua_9389888','Ой, орел ти, орел','Ой, орел ти, орел,
Сизокрилий орел,
Ти літаєш високо,     |
Ти видаєш далеко.     | (2)

Чи літав ти, орел,
На Вкраїноньку,
Чи не бачив ти, орел, |
Мою миленьку?         | (2)

А дівчина твоя
Стоїть журиться,
Стоїть журиться       |
Ще й печалиться.      | (2)

Стоїть журиться
Ще й печалиться,
За тобою, козаком,    |
Побивається.          | (2)

Ой, орел, ти, орел
Сизокриленький,
Занеси ж ти мене      |
До дівчиноньки!       | (2)');
INSERT OR REPLACE INTO songs (id,title,subtitle,lang,country,period,year,source,notes,lyrics,tags_json,lang_locked,status,created_at,updated_at) VALUES ('pisniua_9397383','Хай буде мир','Музика: Наталія Май Слова: Наталія Май','uk','ukraine_1991',NULL,NULL,'https://youtu.be/y63-6F1UIiA',NULL,'Там зорі не падають,
Їм страшно на землю летіти.
Там бомби і кулі,
І сонце у чорній імлі.
Там люди загадують
Бажання єдине на світі,
Щоб більше ніколи, ніколи-ніколи,
Не було на світі війни!

Приспів:
Хай буде мир на Україні!    |
Долоні здіймемо свої!       |
Хай буде мир на Україні!    |
Хай буде мир на всій землі! | (2)

Дитинство, що спалене,
І міни у трави закуті,
І дні наче марево,
І сльози у сивих солдат...
Доросліші стали ми,
Ми стали дружнішими люди,
Щоб вистоять, виплакать,
Витримать бій цей
Усі ми постанемо в ряд!

Приспів.','["pisni.org.ua", "cat:patriotic", "Патріотичні пісні"]',1,'published',COALESCE((SELECT created_at FROM songs WHERE id='pisniua_9397383'), datetime('now')),datetime('now'));
INSERT OR REPLACE INTO songs_fts(song_id,title,lyrics) VALUES ('pisniua_9397383','Хай буде мир','Там зорі не падають,
Їм страшно на землю летіти.
Там бомби і кулі,
І сонце у чорній імлі.
Там люди загадують
Бажання єдине на світі,
Щоб більше ніколи, ніколи-ніколи,
Не було на світі війни!

Приспів:
Хай буде мир на Україні!    |
Долоні здіймемо свої!       |
Хай буде мир на Україні!    |
Хай буде мир на всій землі! | (2)

Дитинство, що спалене,
І міни у трави закуті,
І дні наче марево,
І сльози у сивих солдат...
Доросліші стали ми,
Ми стали дружнішими люди,
Щоб вистоять, виплакать,
Витримать бій цей
Усі ми постанемо в ряд!

Приспів.');
INSERT OR REPLACE INTO song_links (id,song_id,title,url,kind,version_id,sort_order) VALUES ('pisniua_9397383_l1','pisniua_9397383','YouTube','https://www.youtube.com/watch?v=y63-6F1UIiA','video',NULL,1);
INSERT OR REPLACE INTO songs (id,title,subtitle,lang,country,period,year,source,notes,lyrics,tags_json,lang_locked,status,created_at,updated_at) VALUES ('pisniua_938188','Кохання','Музика: Євген Шантир Слова: Євген Шантир. Виконує: Євген Шантир','uk','ukraine_before_1917',NULL,NULL,NULL,NULL,'Моя Україно, скажи,
Ну як це вдалося тобі:
В душі моїй завжди цвіте
Кохання твоє золоте!
Приспів:
Кохання, кохання, -
Душі моїй щире вітання!
Кохання, кохання, -
Життя мого вічне світання!
Дніпро свої води несе,
Як юність кохання своє,
На хвилях козацьких його
Виблискує сяйвом воно!
Приспів.
Вклоняюсь я, рідне село,
Відверто тобі і чоло
Схиляю своє до землі
І вдячно співаю тобі!
Приспів.
Звичайно роки і мені
Дарують відмітки свої,
Але з кожним днем, знаю я,
Зростає моє почуття!
Приспів.','["pisni.org.ua", "cat:bardivski", "cat:kozacki", "cat:vesilni", "cat:zahalni-cinnosti", "Бардівські пісні", "Козацькі пісні", "Весільні пісні", "Пісні про загальнолюдські цінності"]',1,'published',COALESCE((SELECT created_at FROM songs WHERE id='pisniua_938188'), datetime('now')),datetime('now'));
INSERT OR REPLACE INTO songs_fts(song_id,title,lyrics) VALUES ('pisniua_938188','Кохання','Моя Україно, скажи,
Ну як це вдалося тобі:
В душі моїй завжди цвіте
Кохання твоє золоте!
Приспів:
Кохання, кохання, -
Душі моїй щире вітання!
Кохання, кохання, -
Життя мого вічне світання!
Дніпро свої води несе,
Як юність кохання своє,
На хвилях козацьких його
Виблискує сяйвом воно!
Приспів.
Вклоняюсь я, рідне село,
Відверто тобі і чоло
Схиляю своє до землі
І вдячно співаю тобі!
Приспів.
Звичайно роки і мені
Дарують відмітки свої,
Але з кожним днем, знаю я,
Зростає моє почуття!
Приспів.');
INSERT OR REPLACE INTO songs (id,title,subtitle,lang,country,period,year,source,notes,lyrics,tags_json,lang_locked,status,created_at,updated_at) VALUES ('pisniua_9394686','Бабуся і інтернет','Українська народна пісня','uk','ukraine_before_1917',NULL,NULL,'https://youtu.be/YedGBXF9xhc','Мінус караоке до пісні https://youtu.be/eM_5wuKiZXg.','Каша булькає в каструлі,
Чайник зараз засвистить,
Та бабусенька не чує,
У комп''ютері сидить,
То по Скайпу розмовляє,
То у Вайбері висить,
Все у нас бабуся знає,
З нею дружить цілий світ.

Приспів:
Адже за вікном 21 вік,
І не хоче відставати від усіх!
Адже за вікном 21 вік,
І не хоче відставати від усіх!

Торт зашкодить для фігури,
І пельмені, голубці,
Та всміхається бабуся
Завжди з мишкою руці.
Хай забуде про каструлі,
Хай від нас не відстає,
Від сьогодні у бабусі
Нова мультиварка є!

Приспів.','["pisni.org.ua", "cat:zhartivlyvi", "Жартівливі пісні"]',1,'published',COALESCE((SELECT created_at FROM songs WHERE id='pisniua_9394686'), datetime('now')),datetime('now'));
INSERT OR REPLACE INTO songs_fts(song_id,title,lyrics) VALUES ('pisniua_9394686','Бабуся і інтернет','Каша булькає в каструлі,
Чайник зараз засвистить,
Та бабусенька не чує,
У комп''ютері сидить,
То по Скайпу розмовляє,
То у Вайбері висить,
Все у нас бабуся знає,
З нею дружить цілий світ.

Приспів:
Адже за вікном 21 вік,
І не хоче відставати від усіх!
Адже за вікном 21 вік,
І не хоче відставати від усіх!

Торт зашкодить для фігури,
І пельмені, голубці,
Та всміхається бабуся
Завжди з мишкою руці.
Хай забуде про каструлі,
Хай від нас не відстає,
Від сьогодні у бабусі
Нова мультиварка є!

Приспів.');
INSERT OR REPLACE INTO song_links (id,song_id,title,url,kind,version_id,sort_order) VALUES ('pisniua_9394686_l1','pisniua_9394686','YouTube','https://www.youtube.com/watch?v=eM_5wuKiZXg','video',NULL,1);
INSERT OR REPLACE INTO songs (id,title,subtitle,lang,country,period,year,source,notes,lyrics,tags_json,lang_locked,status,created_at,updated_at) VALUES ('pisniua_9393085','А цей Новий Рік','Музика: Єлизавета Кравчук Слова: Єлизавета Кравчук','uk','ukraine_1991',NULL,NULL,'аудіозапис','Пісню виконують Нотки.','Приспів:
А цей Новий Рік це Милість Христа
Нова, нам дарована!
Щоб встигли усі сказати:
Моя душа Ним врятована!
Твої минулі роки щастя не принесли,
Та ти його знайдеш:
Якщо Новий рік, якщо ти цей Новий рік
З Богом розпочнеш!

Білий-білий сніг не для кожного білий,
А небеса не для кожного то є "дім",
Ти даремно в Ісуса не вірив,
Він все одно залишається Цар Царів!
Та в цей новий день падає білий сніг,
Хочеш і ти станеш чистим-чистим?..
Станеш новим-новим, бо в Його любові
Ще є ще є для тебе місце...

Приспів.

Так багато мріють про зміни,
Але насправді не хочуть змінитися.
Просять сили, просять більше віри,
Але не хочуть Богу вклонитися!
Та в цей новий день падає білий сніг,
Хочеш і ти станеш чистим-чистим?..
Станеш новим-новим, бо в Його любові
Ще є ще є для тебе місце...

Приспів.','["pisni.org.ua", "cat:new-year", "Пісні про Новий Рік"]',1,'published',COALESCE((SELECT created_at FROM songs WHERE id='pisniua_9393085'), datetime('now')),datetime('now'));
INSERT OR REPLACE INTO songs_fts(song_id,title,lyrics) VALUES ('pisniua_9393085','А цей Новий Рік','Приспів:
А цей Новий Рік це Милість Христа
Нова, нам дарована!
Щоб встигли усі сказати:
Моя душа Ним врятована!
Твої минулі роки щастя не принесли,
Та ти його знайдеш:
Якщо Новий рік, якщо ти цей Новий рік
З Богом розпочнеш!

Білий-білий сніг не для кожного білий,
А небеса не для кожного то є "дім",
Ти даремно в Ісуса не вірив,
Він все одно залишається Цар Царів!
Та в цей новий день падає білий сніг,
Хочеш і ти станеш чистим-чистим?..
Станеш новим-новим, бо в Його любові
Ще є ще є для тебе місце...

Приспів.

Так багато мріють про зміни,
Але насправді не хочуть змінитися.
Просять сили, просять більше віри,
Але не хочуть Богу вклонитися!
Та в цей новий день падає білий сніг,
Хочеш і ти станеш чистим-чистим?..
Станеш новим-новим, бо в Його любові
Ще є ще є для тебе місце...

Приспів.');
INSERT OR REPLACE INTO song_links (id,song_id,title,url,kind,version_id,sort_order) VALUES ('pisniua_9393085_l1','pisniua_9393085','YouTube','https://www.youtube.com/watch?v=Q5ZBWqzPXoA','video',NULL,1);
INSERT OR REPLACE INTO songs (id,title,subtitle,lang,country,period,year,source,notes,lyrics,tags_json,lang_locked,status,created_at,updated_at) VALUES ('pisniua_938585','А на Яна на Янонька горіла нам Собітонька','Українська народна пісня','uk','ukraine_before_1917',NULL,NULL,'1. Староукраїнські релігійні роздуми про Бога © Видавництво "Павутинонька", Нью Йорк – Львів – Київ – Харків – Москва, 2004 2. Купальські пісні. Українські народні пісні. Пісенник. Упорядник О. Ю Чебанюк. - К.: Музична Україна, 1989. - 196 с.','Пара - любощі: Вогонь-Вода. Астральні Заручини — Українське містичне Весілля: Різдво Світа / Купала. Розкладання Вогню. Еротика, жарти, забави: Катерини – Калета – Андрія... Гаїлки-Великдень... Зелені Свята... Івана Купала... Весілля... – Щедровечірнє й Новорічне: Маланки-Василь. Коза. Кіт... – Мед і Ябка... Рай розвився Господь звеселився. Івана Купала тай в Воду упала. Не могла го йо допрати мусів Василь помагати. Були Світилки Яснії Зірки. Листки з приводу цієї Пісні: Українські релігійні роздуми про Бога. Щедрий Вечер, 13-14 січня. Маланки-Василь. Коза. Про Свято Івана Купала Стежки до листків про Українські традиції.','А на Яна на Янонька
А на Яна на Янонька
Горіла нам Собітонька

Як горіла так палала Анна Кабат заляпала
Не могла го йо допрати мусів Василь помагати
Не могла го розкрутити мусів Василь послужити
А на Яна на Курделя впечеме ми Хлопцям Теля','["pisni.org.ua", "cat:kupalski", "Купальські пісні"]',1,'published',COALESCE((SELECT created_at FROM songs WHERE id='pisniua_938585'), datetime('now')),datetime('now'));
INSERT OR REPLACE INTO songs_fts(song_id,title,lyrics) VALUES ('pisniua_938585','А на Яна на Янонька горіла нам Собітонька','А на Яна на Янонька
А на Яна на Янонька
Горіла нам Собітонька

Як горіла так палала Анна Кабат заляпала
Не могла го йо допрати мусів Василь помагати
Не могла го розкрутити мусів Василь послужити
А на Яна на Курделя впечеме ми Хлопцям Теля');
INSERT OR REPLACE INTO songs (id,title,subtitle,lang,country,period,year,source,notes,lyrics,tags_json,lang_locked,status,created_at,updated_at) VALUES ('pisniua_939484','А у нашому шалаші...','Слова: Олег Геращенко','uk','ukraine_before_1917',NULL,NULL,'http://www.midi.ru/home/137554/',NULL,'Пляшка до чарочки тягнеться,
Чарочка чарочці бока б''є,
Легка рука в господарочки,
Наше весілля горілку п''є.

Приспів:
А в нашому шалаші нема трезвої душі,
А в нашому шалаші - пісні,
На нашому весіллі гості всі на веселі,
І подвір''я і город тісні.

Ой не питай коровайницю,
Як їй ту ніч ночувалося,
Як їй горілочка пилася,
Як у калюжі їй спалося.

Приспів:

Йшли дружечки всі із города,
Ще й дуже крепко пишалися,
А парубки та й не гордо так,
Іншим дівчатам дісталися.

Приспів:

Вип''ємо свашко по чарочці,
Як усе добре складається,
Ще ж бо учора були чужі,
А від тепер породалися.

Приспів:','["pisni.org.ua", "cat:vesilni", "cat:zhartivlyvi", "Весільні пісні", "Жартівливі пісні"]',1,'published',COALESCE((SELECT created_at FROM songs WHERE id='pisniua_939484'), datetime('now')),datetime('now'));
INSERT OR REPLACE INTO songs_fts(song_id,title,lyrics) VALUES ('pisniua_939484','А у нашому шалаші...','Пляшка до чарочки тягнеться,
Чарочка чарочці бока б''є,
Легка рука в господарочки,
Наше весілля горілку п''є.

Приспів:
А в нашому шалаші нема трезвої душі,
А в нашому шалаші - пісні,
На нашому весіллі гості всі на веселі,
І подвір''я і город тісні.

Ой не питай коровайницю,
Як їй ту ніч ночувалося,
Як їй горілочка пилася,
Як у калюжі їй спалося.

Приспів:

Йшли дружечки всі із города,
Ще й дуже крепко пишалися,
А парубки та й не гордо так,
Іншим дівчатам дісталися.

Приспів:

Вип''ємо свашко по чарочці,
Як усе добре складається,
Ще ж бо учора були чужі,
А від тепер породалися.

Приспів:');
INSERT OR REPLACE INTO songs (id,title,subtitle,lang,country,period,year,source,notes,lyrics,tags_json,lang_locked,status,created_at,updated_at) VALUES ('pisniua_9398188','О, Ісусе',NULL,'uk','ukraine_1991',NULL,NULL,'аудіозапис',NULL,'О, Ісусе, як страждаєш
На хресті кривавому!
Які болі переносиш
У вінку терновому!

О, прийди, прийди,
Ісусе,
Моє серце звесели,
Повне смутку і журби.

О, Ісусе, Сину Божий,
Терпиш муки Ти страшні,
Кров''ю голова зрошена
За людські гріхи земні.

О, Ісусе, Царю неба,
Як Ти тяжко умирав!
Щоб спасти людей від пекла,
Ти життя своє віддав.

О, Ісусе, наш Владико
Над живими й мертвими,
Хочемо з Тобою жити
У Небеснім Царстві ми!','["pisni.org.ua", "cat:strasni", "Страсні пісні"]',1,'published',COALESCE((SELECT created_at FROM songs WHERE id='pisniua_9398188'), datetime('now')),datetime('now'));
INSERT OR REPLACE INTO songs_fts(song_id,title,lyrics) VALUES ('pisniua_9398188','О, Ісусе','О, Ісусе, як страждаєш
На хресті кривавому!
Які болі переносиш
У вінку терновому!

О, прийди, прийди,
Ісусе,
Моє серце звесели,
Повне смутку і журби.

О, Ісусе, Сину Божий,
Терпиш муки Ти страшні,
Кров''ю голова зрошена
За людські гріхи земні.

О, Ісусе, Царю неба,
Як Ти тяжко умирав!
Щоб спасти людей від пекла,
Ти життя своє віддав.

О, Ісусе, наш Владико
Над живими й мертвими,
Хочемо з Тобою жити
У Небеснім Царстві ми!');
INSERT OR REPLACE INTO songs (id,title,subtitle,lang,country,period,year,source,notes,lyrics,tags_json,lang_locked,status,created_at,updated_at) VALUES ('pisniua_9397686','Боже, у жертву я Тобі складаю',NULL,'uk','ukraine_1991',NULL,NULL,'аудіозапис',NULL,'Боже, у жертву я Тобі складаю
Скарби духовні, що у серці маю.
Ти добре знаєш, що я є убогий,
Що у житті лиш смуток і тривоги.
Душа моя за спокоєм сумує,
Лише на Тебе вся моя надія.
Діву Святую буду я благати,
Бо Матір Божа - то й моя є мати!

Як вже остання б''є для нас година,
Своє минуле згадує людина.
Той спогад давній ятрить лише душу,
Та моє серце зовсім він не тішить.
Хто від досади нині нас закриє?
Хто скарб любові нині нам відкриє?
Діву Святую буду я благати,
Бо Матір Божа - то й моя є мати!','["pisni.org.ua", "cat:do-bohorodyci", "Пісні до Богородиці"]',1,'published',COALESCE((SELECT created_at FROM songs WHERE id='pisniua_9397686'), datetime('now')),datetime('now'));
INSERT OR REPLACE INTO songs_fts(song_id,title,lyrics) VALUES ('pisniua_9397686','Боже, у жертву я Тобі складаю','Боже, у жертву я Тобі складаю
Скарби духовні, що у серці маю.
Ти добре знаєш, що я є убогий,
Що у житті лиш смуток і тривоги.
Душа моя за спокоєм сумує,
Лише на Тебе вся моя надія.
Діву Святую буду я благати,
Бо Матір Божа - то й моя є мати!

Як вже остання б''є для нас година,
Своє минуле згадує людина.
Той спогад давній ятрить лише душу,
Та моє серце зовсім він не тішить.
Хто від досади нині нас закриє?
Хто скарб любові нині нам відкриє?
Діву Святую буду я благати,
Бо Матір Божа - то й моя є мати!');
INSERT OR REPLACE INTO songs (id,title,subtitle,lang,country,period,year,source,notes,lyrics,tags_json,lang_locked,status,created_at,updated_at) VALUES ('pisniua_9399982','Як весна',NULL,'uk','ukraine_1991',NULL,NULL,'аудіозапис',NULL,'Як весна, була тиха і мила,
Жила просто й звичайно, як ми.
Вона Бога всім нам породила -
На землі найщасливіші дні засіяли...

Приспів:
Мати, яка все розуміє,
До Серця пригорне кожного з нас!
Мати знайти добро в нас уміє,
Мати із нами повсякчас!

Світ втомився в ненависті жити,
Хай мине весь неспокій і зло.
Треба Бога як Батька любити
І усім дарувати добро так, як Мати!

Приспів.','["pisni.org.ua", "cat:do-bohorodyci", "Пісні до Богородиці"]',1,'published',COALESCE((SELECT created_at FROM songs WHERE id='pisniua_9399982'), datetime('now')),datetime('now'));
INSERT OR REPLACE INTO songs_fts(song_id,title,lyrics) VALUES ('pisniua_9399982','Як весна','Як весна, була тиха і мила,
Жила просто й звичайно, як ми.
Вона Бога всім нам породила -
На землі найщасливіші дні засіяли...

Приспів:
Мати, яка все розуміє,
До Серця пригорне кожного з нас!
Мати знайти добро в нас уміє,
Мати із нами повсякчас!

Світ втомився в ненависті жити,
Хай мине весь неспокій і зло.
Треба Бога як Батька любити
І усім дарувати добро так, як Мати!

Приспів.');
INSERT OR REPLACE INTO songs (id,title,subtitle,lang,country,period,year,source,notes,lyrics,tags_json,lang_locked,status,created_at,updated_at) VALUES ('pisniua_9400580','Любімо Пана, нашого Бога',NULL,'uk','ukraine_1991',NULL,NULL,'аудіозапис',NULL,'Любімо Пана, нашого Бога,
Він нас пригорне до Серця свого,
За нас Христові завдана рана!
Любімо Пана! Любімо Пана!

За добрі справи, святу науку
Серцю Ісуса зложим подяку!
Перед Христом склонімо коліна!
Любімо Пана! Любімо Пана!

Прийдіть до Нього, грішнії люди,
Плями гріхів Він змивати буде!
Біліше снігу серденько стане!
Любімо Пана! Любімо Пана!

Кров''ю Ісуса весь світ обмитий,
Щоби могли ми праведно жити!
За тяжкі муки, криваві рани
Любімо Пана! Любімо Пана!','["pisni.org.ua", "cat:christ", "Пісні до Ісуса Христа"]',1,'published',COALESCE((SELECT created_at FROM songs WHERE id='pisniua_9400580'), datetime('now')),datetime('now'));
INSERT OR REPLACE INTO songs_fts(song_id,title,lyrics) VALUES ('pisniua_9400580','Любімо Пана, нашого Бога','Любімо Пана, нашого Бога,
Він нас пригорне до Серця свого,
За нас Христові завдана рана!
Любімо Пана! Любімо Пана!

За добрі справи, святу науку
Серцю Ісуса зложим подяку!
Перед Христом склонімо коліна!
Любімо Пана! Любімо Пана!

Прийдіть до Нього, грішнії люди,
Плями гріхів Він змивати буде!
Біліше снігу серденько стане!
Любімо Пана! Любімо Пана!

Кров''ю Ісуса весь світ обмитий,
Щоби могли ми праведно жити!
За тяжкі муки, криваві рани
Любімо Пана! Любімо Пана!');
INSERT OR REPLACE INTO songs (id,title,subtitle,lang,country,period,year,source,notes,lyrics,tags_json,lang_locked,status,created_at,updated_at) VALUES ('pisniua_9400686','Ісусе милосердний',NULL,'uk','ukraine_1991',NULL,NULL,'аудіозапис',NULL,'Ісусе милосердний,
Серед земних тривог
Тебе я прикликаю,
О, мій Господь і Бог!
У кожному терпінні
До Тебе я взиваю:
Ісусе милосердний,
На Тебе уповаю.

Коли із Серця свого
Ти воду й Кров пролив,
Ти двері милосердя
Для душ усіх відкрив.
Твоє пробите Серце
На грішника чекає -
Хто увійде в ці двері,
Той милості зазнає.

Вдивляючись, Ісусе,
У лик Твій пресвятий,
Прохаю: в милосерді
Мене з гріха обмий,
Вдихни любов у серце,
Нехай її проміння
Дорогу осяває
До вічного спасіння!

Ісусе милосердний,
Серед земних тривог
Тебе я прикликаю,
О, мій Господь і Бог!
Усі свої стремління
До ніг Твоїх складаю -
Ісусе милосердний,
На Тебе уповаю!','["pisni.org.ua", "cat:christ", "Пісні до Ісуса Христа"]',1,'published',COALESCE((SELECT created_at FROM songs WHERE id='pisniua_9400686'), datetime('now')),datetime('now'));
INSERT OR REPLACE INTO songs_fts(song_id,title,lyrics) VALUES ('pisniua_9400686','Ісусе милосердний','Ісусе милосердний,
Серед земних тривог
Тебе я прикликаю,
О, мій Господь і Бог!
У кожному терпінні
До Тебе я взиваю:
Ісусе милосердний,
На Тебе уповаю.

Коли із Серця свого
Ти воду й Кров пролив,
Ти двері милосердя
Для душ усіх відкрив.
Твоє пробите Серце
На грішника чекає -
Хто увійде в ці двері,
Той милості зазнає.

Вдивляючись, Ісусе,
У лик Твій пресвятий,
Прохаю: в милосерді
Мене з гріха обмий,
Вдихни любов у серце,
Нехай її проміння
Дорогу осяває
До вічного спасіння!

Ісусе милосердний,
Серед земних тривог
Тебе я прикликаю,
О, мій Господь і Бог!
Усі свої стремління
До ніг Твоїх складаю -
Ісусе милосердний,
На Тебе уповаю!');
INSERT OR REPLACE INTO songs (id,title,subtitle,lang,country,period,year,source,notes,lyrics,tags_json,lang_locked,status,created_at,updated_at) VALUES ('pisniua_9397889','Заспівайте, серця наші',NULL,'uk','ukraine_1991',NULL,NULL,'аудіозапис',NULL,'Наречена Святого Духа,
Біжімо разом до Бога,
Наречений нас чекає.

Приспів:
Заспівайте, серця наші,
Ось — це Мати Бога!
Ми берем її до себе,
Ось — це Мати наша!

Гляньмо на Царя в короні,
Котру дала Йому Його Мати.
Ось день нашого вінчання —
Це радість Його серця.

Приспів.

Іконо Божої любові,
Маріє, Мати Церкви.
Грайте, весільні
Струни й сопілки,
Рука Господня
Спочила на нас.

Приспів.','["pisni.org.ua", "cat:do-bohorodyci", "Пісні до Богородиці"]',1,'published',COALESCE((SELECT created_at FROM songs WHERE id='pisniua_9397889'), datetime('now')),datetime('now'));
INSERT OR REPLACE INTO songs_fts(song_id,title,lyrics) VALUES ('pisniua_9397889','Заспівайте, серця наші','Наречена Святого Духа,
Біжімо разом до Бога,
Наречений нас чекає.

Приспів:
Заспівайте, серця наші,
Ось — це Мати Бога!
Ми берем її до себе,
Ось — це Мати наша!

Гляньмо на Царя в короні,
Котру дала Йому Його Мати.
Ось день нашого вінчання —
Це радість Його серця.

Приспів.

Іконо Божої любові,
Маріє, Мати Церкви.
Грайте, весільні
Струни й сопілки,
Рука Господня
Спочила на нас.

Приспів.');
INSERT OR REPLACE INTO song_links (id,song_id,title,url,kind,version_id,sort_order) VALUES ('pisniua_9397889_l1','pisniua_9397889','YouTube','https://www.youtube.com/watch?v=MDf6KEwh7n8','video',NULL,1);
INSERT OR REPLACE INTO songs (id,title,subtitle,lang,country,period,year,source,notes,lyrics,tags_json,lang_locked,status,created_at,updated_at) VALUES ('pisniua_9406889','Чи ви, люди, спите, спите?','Українська народна пісня. Виконує: NAVKA','uk','ukraine_before_1917',NULL,NULL,'аудіозапис',NULL,'Чи ви, люди, спите, спите?
Чи ви, люди, не чуєте?
Турки село обграбували
Та дві рідні сестри вкрали...

Самі їдуть кониками,           |
А їх ведуть тернинками...      | (2)

Терня в ноги дуже колить,      |
Ніхто й слова не промовить...  | (2)

Проси, сестро, турка свого
Та най дасть ножа острого...
Проси, сестро, турка свого
Най ножа дасть...

Най рубаю русу косу            |
Та най кину ї на фосу...       | (2)

Прийде мати воду брати,
Стане коси впізнавати.
Прийшла мати воду брати,
Стала коси впізнавати...

Де ж ви, доньки, шлюбок брали, |
Що вам коси повтинали?..       | (2)

Під явором зелененьким         |
З татарином молоденьким...     | (2)

Там, мамко, шлюбок брали,      |
Там коси повтинали...          |
Там, мамко, мамко,             |
Коси повтинали...              | (2)

Коси повтинали...','["pisni.org.ua", "cat:istorychni", "Історичні пісні"]',1,'published',COALESCE((SELECT created_at FROM songs WHERE id='pisniua_9406889'), datetime('now')),datetime('now'));
INSERT OR REPLACE INTO songs_fts(song_id,title,lyrics) VALUES ('pisniua_9406889','Чи ви, люди, спите, спите?','Чи ви, люди, спите, спите?
Чи ви, люди, не чуєте?
Турки село обграбували
Та дві рідні сестри вкрали...

Самі їдуть кониками,           |
А їх ведуть тернинками...      | (2)

Терня в ноги дуже колить,      |
Ніхто й слова не промовить...  | (2)

Проси, сестро, турка свого
Та най дасть ножа острого...
Проси, сестро, турка свого
Най ножа дасть...

Най рубаю русу косу            |
Та най кину ї на фосу...       | (2)

Прийде мати воду брати,
Стане коси впізнавати.
Прийшла мати воду брати,
Стала коси впізнавати...

Де ж ви, доньки, шлюбок брали, |
Що вам коси повтинали?..       | (2)

Під явором зелененьким         |
З татарином молоденьким...     | (2)

Там, мамко, шлюбок брали,      |
Там коси повтинали...          |
Там, мамко, мамко,             |
Коси повтинали...              | (2)

Коси повтинали...');
INSERT OR REPLACE INTO song_links (id,song_id,title,url,kind,version_id,sort_order) VALUES ('pisniua_9406889_l1','pisniua_9406889','YouTube','https://www.youtube.com/watch?v=6G0E8AM_BBE','video',NULL,1);
INSERT OR REPLACE INTO songs (id,title,subtitle,lang,country,period,year,source,notes,lyrics,tags_json,lang_locked,status,created_at,updated_at) VALUES ('pisniua_939683','Там, на Лемківщині','(Лемківщина). Музика: Костянтин Павляк Слова: Костянтин Павляк. Виконує: Богдан Лялька','uk','ukr_ssr_1919_1991',NULL,'1989','1. Пісня "Лемківщина" Пісня "Украдені гори (Лемківщина)" (варіант з 1989 року) 2. Пісня "Лемківщина" (Братський варіант)','Цей адаптований варіант – це поєднання оригінального варіанту тексту (з 1989 року) і популярного братського варіанту мелодії.','Авторський (оригінал) текст пісні:
1.
Як часто я бачу вві сні украдені гори,
Котрі стережуть від мене прикордонні дозори.
Я там ніколи не був, і хтозна, чи потраплю коли,
Хоч ще півстоліття тому мої там батьки жили.
Приспів 1:
Там, на Лемківщині, наші місця святі.
Там, на Лемківщині, ще стоять наші хати.
Як ти, Лемківщино, живеш без нас в самоті?
Чи не зогнили, не зоржавіли хрести
На могилах дідів?
2.
І я ночами не сплю, мов сновида який.
Я знаю - мій шлях туди не буде легкий.
Бо там, де рівняють кордони, там щастя нема.
У нас різні закони, та однакова тюрма.
Приспів 2:
Але там, на Лемківщині, наші місця святі.
Але там, на Лемківщині, ще стоять наші хати.
Як ти, Лемківщино, живеш без нас в самоті?
Чи не зогнили, не зоржавіли хрести
На могилах дідів?
3.
Ми по світу розкидані, неначе жиди.
Хто дав вам право вершить нашу долю,
наші "старші брати"?
Сповиті гори туманом - хто ж нам їх верне?
Я знаю - десь там, понад Сяном
є ті, що чекають мене...
Приспів 3:
Десь там, на Лемківщині, де стоять наші хати.
Десь там, на Лемківщині, де наші місця святі.
Як ти, Лемківщино, живеш без нас в самоті?
Чи не зогнили, не зоржавіли хрести
На могилах дідів?
Акорди:
1.
Як часто я бачу вві сні украдені гори,
Котрі стережуть від мене прикордонні дозори.
Я там ніколи не був, і хтозна, чи потраплю коли,
Хоч ще півстоліття тому мої там батьки жили.
Приспів 1:
Там, на Лемківщині, наші місця святі.
Там, на Лемківщині, ще стоять наші хати.
Як ти, Лемківщино, живеш без нас в самоті?
Чи не зогнили, не зоржавіли хрести
На могилах дідів?
2.
І я ночами не сплю, мов сновида який.
Я знаю - мій шлях туди не буде легкий.
Бо там, де рівняють кордони, там щастя нема.
У нас різні закони, та однакова тюрма.
Приспів 2:
Але там, на Лемківщині, наші місця святі.
Але там, на Лемківщині, ще стоять наші хати.
Як ти, Лемківщино, живеш без нас в самоті?
Чи не зогнили, не зоржавіли хрести
На могилах дідів?
3.
Ми по світу розкидані, неначе жиди.
Em
Хто дав вам право вершить нашу долю,
наші "старші брати"?
Сповиті гори туманом - хто ж нам їх верне?
Я знаю - десь там, понад Сяном
є ті, що чекають мене...
Приспів 3:
Десь там, на Лемківщині, де стоять наші хати.
Десь там, на Лемківщині, де наші місця святі.
Як ти, Лемківщино, живеш без нас в самоті?
Чи не зогнили, не зоржавіли хрести
На могилах дідів?','["pisni.org.ua", "cat:bardivski", "Бардівські пісні"]',1,'published',COALESCE((SELECT created_at FROM songs WHERE id='pisniua_939683'), datetime('now')),datetime('now'));
INSERT OR REPLACE INTO songs_fts(song_id,title,lyrics) VALUES ('pisniua_939683','Там, на Лемківщині','Авторський (оригінал) текст пісні:
1.
Як часто я бачу вві сні украдені гори,
Котрі стережуть від мене прикордонні дозори.
Я там ніколи не був, і хтозна, чи потраплю коли,
Хоч ще півстоліття тому мої там батьки жили.
Приспів 1:
Там, на Лемківщині, наші місця святі.
Там, на Лемківщині, ще стоять наші хати.
Як ти, Лемківщино, живеш без нас в самоті?
Чи не зогнили, не зоржавіли хрести
На могилах дідів?
2.
І я ночами не сплю, мов сновида який.
Я знаю - мій шлях туди не буде легкий.
Бо там, де рівняють кордони, там щастя нема.
У нас різні закони, та однакова тюрма.
Приспів 2:
Але там, на Лемківщині, наші місця святі.
Але там, на Лемківщині, ще стоять наші хати.
Як ти, Лемківщино, живеш без нас в самоті?
Чи не зогнили, не зоржавіли хрести
На могилах дідів?
3.
Ми по світу розкидані, неначе жиди.
Хто дав вам право вершить нашу долю,
наші "старші брати"?
Сповиті гори туманом - хто ж нам їх верне?
Я знаю - десь там, понад Сяном
є ті, що чекають мене...
Приспів 3:
Десь там, на Лемківщині, де стоять наші хати.
Десь там, на Лемківщині, де наші місця святі.
Як ти, Лемківщино, живеш без нас в самоті?
Чи не зогнили, не зоржавіли хрести
На могилах дідів?
Акорди:
1.
Як часто я бачу вві сні украдені гори,
Котрі стережуть від мене прикордонні дозори.
Я там ніколи не був, і хтозна, чи потраплю коли,
Хоч ще півстоліття тому мої там батьки жили.
Приспів 1:
Там, на Лемківщині, наші місця святі.
Там, на Лемківщині, ще стоять наші хати.
Як ти, Лемківщино, живеш без нас в самоті?
Чи не зогнили, не зоржавіли хрести
На могилах дідів?
2.
І я ночами не сплю, мов сновида який.
Я знаю - мій шлях туди не буде легкий.
Бо там, де рівняють кордони, там щастя нема.
У нас різні закони, та однакова тюрма.
Приспів 2:
Але там, на Лемківщині, наші місця святі.
Але там, на Лемківщині, ще стоять наші хати.
Як ти, Лемківщино, живеш без нас в самоті?
Чи не зогнили, не зоржавіли хрести
На могилах дідів?
3.
Ми по світу розкидані, неначе жиди.
Em
Хто дав вам право вершить нашу долю,
наші "старші брати"?
Сповиті гори туманом - хто ж нам їх верне?
Я знаю - десь там, понад Сяном
є ті, що чекають мене...
Приспів 3:
Десь там, на Лемківщині, де стоять наші хати.
Десь там, на Лемківщині, де наші місця святі.
Як ти, Лемківщино, живеш без нас в самоті?
Чи не зогнили, не зоржавіли хрести
На могилах дідів?');
INSERT OR REPLACE INTO song_links (id,song_id,title,url,kind,version_id,sort_order) VALUES ('pisniua_939683_l1','pisniua_939683','Переглянути варіанти >>','https://www.pisni.org.ua/#variants','external',NULL,1);
INSERT OR REPLACE INTO songs (id,title,subtitle,lang,country,period,year,source,notes,lyrics,tags_json,lang_locked,status,created_at,updated_at) VALUES ('pisniua_9393683','З Новим роком!','Музика: Луїс Фонсі Слова: Руслана Довбуш','uk','ukraine_1991',NULL,NULL,'аудіозапис',NULL,'Там за горами до нас Новий рік іде,
Радість і любов його веде!
Всі довкола люди в казковім передчутті,
Зміни нас чекають у житті!
Тут всюди сонце свято посмішки й вогні
І веселі щирі радісні пісні,
Будемо вітати ми усіх довкола!
Ти, друже мій, повір сьогодні у дива,
Новорічна казка, щоби ожила,
Станемо разом усі ми в дружнє коло!

Приспів:
З Новим Роком
Щиро ми усіх вітаєм!
Щастя, радості бажаєм!
Новорічне диво хай навкруг витає!
З Новим Роком
Всіх ми хочем привітати!
Нових звершень побажати,
Щирих друзів обійняти!

Не сумуй, мій друже,
Краще ти довкола озирнися,
За руку з нами візьмися
І ти до нього посміхнися!
Вже ялинка засіяла
У своїх вогнях красиво,
Моргнула тобі ігриво,
Почалось казкове диво!
До нас мчиться Новий рік,
Він відрахує новий лік,
Дороги снігом замело
У кожне місто і село!
Навідається він до нас,
В мішку принесе свято -
І буде у дітей в дорослих
Посмішок багато!
Не треба перейматися,
У нас чудові справи,
Бо Дід Мороз з Снігуркою
Приїдуть на забави!
Горять вогні гірлянди,
Ялинки все довкола
І всі стають у коло,
Велике дружнє коло!
Свято, свято,           |
І посмішок багато,      |
Радіють дорослі,        |
Тішаться малята!        |
Пісні нам пролунають    |
З танцювальним кроком,  |
Скажем: з Новим Щастям! |
Скажем: з Новим Роком!  | (2)

Приспів.

Свято, свято,
І посмішок багато,
Радіють дорослі,
Тішаться малята!
Пісні нам пролунають
З танцювальним кроком,
Скажем: з Новим Щастям!
Скажем: з Новим Роком!

З Новим Роком
Щиро ми усіх вітаєм!
Щастя, радості бажаєм!
Новорічне диво хай навкруг витає!
З Новим Роком
Всіх ми хочем привітати!
Нових звершень побажати,
Щирих друзів обійняти!
З Новим Роком !','["pisni.org.ua", "cat:new-year", "Пісні про Новий Рік"]',1,'published',COALESCE((SELECT created_at FROM songs WHERE id='pisniua_9393683'), datetime('now')),datetime('now'));
INSERT OR REPLACE INTO songs_fts(song_id,title,lyrics) VALUES ('pisniua_9393683','З Новим роком!','Там за горами до нас Новий рік іде,
Радість і любов його веде!
Всі довкола люди в казковім передчутті,
Зміни нас чекають у житті!
Тут всюди сонце свято посмішки й вогні
І веселі щирі радісні пісні,
Будемо вітати ми усіх довкола!
Ти, друже мій, повір сьогодні у дива,
Новорічна казка, щоби ожила,
Станемо разом усі ми в дружнє коло!

Приспів:
З Новим Роком
Щиро ми усіх вітаєм!
Щастя, радості бажаєм!
Новорічне диво хай навкруг витає!
З Новим Роком
Всіх ми хочем привітати!
Нових звершень побажати,
Щирих друзів обійняти!

Не сумуй, мій друже,
Краще ти довкола озирнися,
За руку з нами візьмися
І ти до нього посміхнися!
Вже ялинка засіяла
У своїх вогнях красиво,
Моргнула тобі ігриво,
Почалось казкове диво!
До нас мчиться Новий рік,
Він відрахує новий лік,
Дороги снігом замело
У кожне місто і село!
Навідається він до нас,
В мішку принесе свято -
І буде у дітей в дорослих
Посмішок багато!
Не треба перейматися,
У нас чудові справи,
Бо Дід Мороз з Снігуркою
Приїдуть на забави!
Горять вогні гірлянди,
Ялинки все довкола
І всі стають у коло,
Велике дружнє коло!
Свято, свято,           |
І посмішок багато,      |
Радіють дорослі,        |
Тішаться малята!        |
Пісні нам пролунають    |
З танцювальним кроком,  |
Скажем: з Новим Щастям! |
Скажем: з Новим Роком!  | (2)

Приспів.

Свято, свято,
І посмішок багато,
Радіють дорослі,
Тішаться малята!
Пісні нам пролунають
З танцювальним кроком,
Скажем: з Новим Щастям!
Скажем: з Новим Роком!

З Новим Роком
Щиро ми усіх вітаєм!
Щастя, радості бажаєм!
Новорічне диво хай навкруг витає!
З Новим Роком
Всіх ми хочем привітати!
Нових звершень побажати,
Щирих друзів обійняти!
З Новим Роком !');
INSERT OR REPLACE INTO song_links (id,song_id,title,url,kind,version_id,sort_order) VALUES ('pisniua_9393683_l1','pisniua_9393683','YouTube','https://www.youtube.com/watch?v=3WhNYmrF3VQ','video',NULL,1);
INSERT OR REPLACE INTO songs (id,title,subtitle,lang,country,period,year,source,notes,lyrics,tags_json,lang_locked,status,created_at,updated_at) VALUES ('pisniua_9410786','Матінко Божая','Музика: Т. Ралько Слова: М. Зоріна','uk','ukraine_1991',NULL,NULL,'аудіозапис','Пісню виконує Христина Васкул.','Матінко Божая, охорониця світу,
До тебе усі звертаються діти,
Прощення просять за всі
Незчисленії гріхи.
Матінко Божая, прости нас, прости...

Приспів:
Своїм омофором усіх нас прикрий,
І хай береже нас Дух Бога Святий!
Щоб правильним шляхом ішли ми в життя, |
І славили Бога величне ім''я!           | (2)

О, Матінко Божая, ми - твої діти,
До тебе складаємо свої молитви,
Охорони нас від зла і гріха,
І благослови нас на добрі діла!

Приспів.

Не залишай нас наодинці з думками,
Будь всюди й завжди, Матінко, з нами,
Просим науки і твоїх порад,
Будь берегинею кожному з нас.

Приспів.

Ми виростаєм із Господа словом,
І захищені твоїм омофором.
Сонце дарує проміння свої,
Щоб вічна любов жила на землі!

Приспів.','["pisni.org.ua", "cat:do-bohorodyci", "Пісні до Богородиці"]',1,'published',COALESCE((SELECT created_at FROM songs WHERE id='pisniua_9410786'), datetime('now')),datetime('now'));
INSERT OR REPLACE INTO songs_fts(song_id,title,lyrics) VALUES ('pisniua_9410786','Матінко Божая','Матінко Божая, охорониця світу,
До тебе усі звертаються діти,
Прощення просять за всі
Незчисленії гріхи.
Матінко Божая, прости нас, прости...

Приспів:
Своїм омофором усіх нас прикрий,
І хай береже нас Дух Бога Святий!
Щоб правильним шляхом ішли ми в життя, |
І славили Бога величне ім''я!           | (2)

О, Матінко Божая, ми - твої діти,
До тебе складаємо свої молитви,
Охорони нас від зла і гріха,
І благослови нас на добрі діла!

Приспів.

Не залишай нас наодинці з думками,
Будь всюди й завжди, Матінко, з нами,
Просим науки і твоїх порад,
Будь берегинею кожному з нас.

Приспів.

Ми виростаєм із Господа словом,
І захищені твоїм омофором.
Сонце дарує проміння свої,
Щоб вічна любов жила на землі!

Приспів.');
INSERT OR REPLACE INTO songs (id,title,subtitle,lang,country,period,year,source,notes,lyrics,tags_json,lang_locked,status,created_at,updated_at) VALUES ('pisniua_9413188','Ялиночка','Музика: Ерік Литвин Слова: Юлія Хандожинська','uk','ukraine_1991',NULL,NULL,'авторське подання',NULL,'А у нашому дворі
Є ялиночка святкова,
На ялиночці вгорі
Горить зірочка червона
І багато ще прикрас
Лісова красуня має,
І на свято новорічне
Всіх до себе закликає!

Приспів:
Нумо, швидше, веселіш
Всі гуртом, малята,
Поспішайте до ялинки
Свято починати!

Біля нашої ялинки
Затанцюємо танок,
Заспіваєм пісню дзвінко,
Хай лунає до зірок!
Ось така у нас зима
На сніжок багата,
І красуня лісова
Всіх звела на свято!

Приспів.','["pisni.org.ua", "cat:new-year", "Пісні про Новий Рік"]',1,'published',COALESCE((SELECT created_at FROM songs WHERE id='pisniua_9413188'), datetime('now')),datetime('now'));
INSERT OR REPLACE INTO songs_fts(song_id,title,lyrics) VALUES ('pisniua_9413188','Ялиночка','А у нашому дворі
Є ялиночка святкова,
На ялиночці вгорі
Горить зірочка червона
І багато ще прикрас
Лісова красуня має,
І на свято новорічне
Всіх до себе закликає!

Приспів:
Нумо, швидше, веселіш
Всі гуртом, малята,
Поспішайте до ялинки
Свято починати!

Біля нашої ялинки
Затанцюємо танок,
Заспіваєм пісню дзвінко,
Хай лунає до зірок!
Ось така у нас зима
На сніжок багата,
І красуня лісова
Всіх звела на свято!

Приспів.');
INSERT OR REPLACE INTO song_links (id,song_id,title,url,kind,version_id,sort_order) VALUES ('pisniua_9413188_l1','pisniua_9413188','YouTube','https://www.youtube.com/watch?v=iXS6ewrHlMU','video',NULL,1);
INSERT OR REPLACE INTO songs (id,title,subtitle,lang,country,period,year,source,notes,lyrics,tags_json,lang_locked,status,created_at,updated_at) VALUES ('pisniua_9418080','Оберіг','Музика: Святослав Вакарчук Слова: Святослав Вакарчук. Виконує: Святослав Вакарчук','uk','ukraine_1991',NULL,NULL,'аудіозапис',NULL,'Не бери сумного,
Не бери до голови!
Не зважай, все переживи!
Не кажи нікому,
Як воно тебе пече!
Журба най в море потече!..

Приспів:
І нехай десь там буде дощ,
І нехай десь там впаде сніг,
Але твоя сила жива,
Бо давно в тебе
Бо давно в тебе є оберіг!

Не бери чужого,
Не бери до голови!
Не дрімай, зірку уяви!
Не кажи нікому,
Як вона тобі горить!
Мрія най в небо полетить!..

Приспів. (2)

Оберіг! Оберіг! Оберіг!','["pisni.org.ua", "cat:philosophic", "Філософські пісні"]',1,'published',COALESCE((SELECT created_at FROM songs WHERE id='pisniua_9418080'), datetime('now')),datetime('now'));
INSERT OR REPLACE INTO songs_fts(song_id,title,lyrics) VALUES ('pisniua_9418080','Оберіг','Не бери сумного,
Не бери до голови!
Не зважай, все переживи!
Не кажи нікому,
Як воно тебе пече!
Журба най в море потече!..

Приспів:
І нехай десь там буде дощ,
І нехай десь там впаде сніг,
Але твоя сила жива,
Бо давно в тебе
Бо давно в тебе є оберіг!

Не бери чужого,
Не бери до голови!
Не дрімай, зірку уяви!
Не кажи нікому,
Як вона тобі горить!
Мрія най в небо полетить!..

Приспів. (2)

Оберіг! Оберіг! Оберіг!');
INSERT OR REPLACE INTO song_links (id,song_id,title,url,kind,version_id,sort_order) VALUES ('pisniua_9418080_l1','pisniua_9418080','YouTube','https://www.youtube.com/watch?v=o3CxdoJH2QY','video',NULL,1);
INSERT OR REPLACE INTO songs (id,title,subtitle,lang,country,period,year,source,notes,lyrics,tags_json,lang_locked,status,created_at,updated_at) VALUES ('pisniua_9400383','Спас переміг смерть',NULL,'uk','ukraine_1991',NULL,NULL,'аудіозапис',NULL,'Спас переміг смерть і всі темні сили,
На третій день Він вийшов із могили.
В серця невірних увійшла тривога,
Що у могилі вже немає Бога.

Земля здригнулась, вартові зомліли,
Як Він виходив з своєї могили.
Ангел із неба звісткою втішає:
Дивіться, в гробі вже Його немає!

Хай нас покинуть смутки і печалі,
Бо наш Спаситель поміж нами в славі.
Отця Свого Він виповнив веління:
Повстав із гробу, давши нам спасіння.

Дякуєм, Спасе, за дари чудові,
Щоб ми єднались у Твоїй любові!
Дякуєм, Христе, за наше спасіння
І за чудове Твоє воскресіння!','["pisni.org.ua", "cat:voskresni", "Воскресні пісні"]',1,'published',COALESCE((SELECT created_at FROM songs WHERE id='pisniua_9400383'), datetime('now')),datetime('now'));
INSERT OR REPLACE INTO songs_fts(song_id,title,lyrics) VALUES ('pisniua_9400383','Спас переміг смерть','Спас переміг смерть і всі темні сили,
На третій день Він вийшов із могили.
В серця невірних увійшла тривога,
Що у могилі вже немає Бога.

Земля здригнулась, вартові зомліли,
Як Він виходив з своєї могили.
Ангел із неба звісткою втішає:
Дивіться, в гробі вже Його немає!

Хай нас покинуть смутки і печалі,
Бо наш Спаситель поміж нами в славі.
Отця Свого Він виповнив веління:
Повстав із гробу, давши нам спасіння.

Дякуєм, Спасе, за дари чудові,
Щоб ми єднались у Твоїй любові!
Дякуєм, Христе, за наше спасіння
І за чудове Твоє воскресіння!');
INSERT OR REPLACE INTO songs (id,title,subtitle,lang,country,period,year,source,notes,lyrics,tags_json,lang_locked,status,created_at,updated_at) VALUES ('pisniua_9420683','Вона знає','Музика: Сергій Бабкін Слова: Сергій Бабкін. Виконує: Сергій Бабкін','uk','ukraine_1991',NULL,NULL,'аудіозапис',NULL,'Приспів:
Вона знає
Про що я думаю, коли лягаю...
Вона знає,
Коли відкритий я і що ховаю...
Вона знає,
Коли я прошу, а коли благаю...
Вона знає!.. Вона все знає!..

Іноді важко збагнути,
Чому я насправді радію...
Мозок пасує, коли беруть
Верх неземні почуття...
Я, як і ти, в цьому світі
Без неї нічого не вдію,
Бо в нас на двох
Одне серцебиття!..

Приспів.

Оберігаю її,
Ніби найзаповітнішу мрію,
Від залицяння отруйних думок,
Що убивають злиття!..
Наші обійми лягають на землю
Єдиною тінню...
Я буду назавжди для неї
Маленьким дитям!..

Приспів.

В пазл твоя любов         |
Візерунки душі збирає...  |
Ліки від зайвих розмов... |
Мить, яка завмирає...     | (2)

Приспів.','["pisni.org.ua", "cat:devoted", "Пісні присвячені окремим особам"]',1,'published',COALESCE((SELECT created_at FROM songs WHERE id='pisniua_9420683'), datetime('now')),datetime('now'));
INSERT OR REPLACE INTO songs_fts(song_id,title,lyrics) VALUES ('pisniua_9420683','Вона знає','Приспів:
Вона знає
Про що я думаю, коли лягаю...
Вона знає,
Коли відкритий я і що ховаю...
Вона знає,
Коли я прошу, а коли благаю...
Вона знає!.. Вона все знає!..

Іноді важко збагнути,
Чому я насправді радію...
Мозок пасує, коли беруть
Верх неземні почуття...
Я, як і ти, в цьому світі
Без неї нічого не вдію,
Бо в нас на двох
Одне серцебиття!..

Приспів.

Оберігаю її,
Ніби найзаповітнішу мрію,
Від залицяння отруйних думок,
Що убивають злиття!..
Наші обійми лягають на землю
Єдиною тінню...
Я буду назавжди для неї
Маленьким дитям!..

Приспів.

В пазл твоя любов         |
Візерунки душі збирає...  |
Ліки від зайвих розмов... |
Мить, яка завмирає...     | (2)

Приспів.');
INSERT OR REPLACE INTO song_links (id,song_id,title,url,kind,version_id,sort_order) VALUES ('pisniua_9420683_l1','pisniua_9420683','YouTube','https://www.youtube.com/watch?v=IvlIdH12h0o','video',NULL,1);
INSERT OR REPLACE INTO songs (id,title,subtitle,lang,country,period,year,source,notes,lyrics,tags_json,lang_locked,status,created_at,updated_at) VALUES ('pisniua_9422282','Ми випускаєм Вас','Слова: Андрій Козій','uk','ukraine_1991',NULL,NULL,'аудіозапис',NULL,'Ну, ось настав для нас прощання час,
Бал випускний зібрав сьогодні нас...
Він самий перший, перший випуск Ваш,
Ми будемо ніжно з любов''ю згадувать Вас!..

Приспів:
Ніжно звучить вальс, любимо ми Вас!
Неначе журавлики, ще покружляйте!..
Ми випускаєм Вас в цей незабутній час...
Щасливими будьте в житті!.. Прощавайте!..

Як непомітно тут біжать роки,
Коли батьки привели вперше вас,
Були тоді іще ви малюки...
Сьогодні ж ми з гордістю дивимось,
Діти, на Вас!..

Приспів.','["pisni.org.ua", "cat:pro-ditey", "cat:shkilni", "Пісні про любов до дітей", "Пісні про школу"]',1,'published',COALESCE((SELECT created_at FROM songs WHERE id='pisniua_9422282'), datetime('now')),datetime('now'));
INSERT OR REPLACE INTO songs_fts(song_id,title,lyrics) VALUES ('pisniua_9422282','Ми випускаєм Вас','Ну, ось настав для нас прощання час,
Бал випускний зібрав сьогодні нас...
Він самий перший, перший випуск Ваш,
Ми будемо ніжно з любов''ю згадувать Вас!..

Приспів:
Ніжно звучить вальс, любимо ми Вас!
Неначе журавлики, ще покружляйте!..
Ми випускаєм Вас в цей незабутній час...
Щасливими будьте в житті!.. Прощавайте!..

Як непомітно тут біжать роки,
Коли батьки привели вперше вас,
Були тоді іще ви малюки...
Сьогодні ж ми з гордістю дивимось,
Діти, на Вас!..

Приспів.');
INSERT OR REPLACE INTO song_links (id,song_id,title,url,kind,version_id,sort_order) VALUES ('pisniua_9422282_l1','pisniua_9422282','YouTube','https://www.youtube.com/watch?v=wPErhHtx4fs','video',NULL,1);
INSERT OR REPLACE INTO songs (id,title,subtitle,lang,country,period,year,source,notes,lyrics,tags_json,lang_locked,status,created_at,updated_at) VALUES ('pisniua_9412686','Про Миколая','Музика: Михайло Назарець Слова: Юлія Хандожинська','uk','ukraine_1991',NULL,NULL,'авторське подання',NULL,'Нишком-тишком підкрадеться
На санчатах із гори,
Завітає тихо-тихо
Уночі до дітвори.
Подаруночком веселим
Привітає Миколай,
Ти лише йому завчасно
Напиши і зачекай!

Приспів:
Миколай, Миколай -
Вісник дива і добра,
Завітає в кожну хату,
Щоби радість розцвіла!

У очах маленьких радість,
У очах маленьких сміх,
Миколай до всіх приходить,
Коли сипить білий сніг.
Ні про кого, ні про кого
Не забуде Миколай!
Ти лише йому завчасно
Напиши і зачекай!

Приспів.','["pisni.org.ua", "cat:svyatyy-mykolay", "Пісні про Святого Миколая"]',1,'published',COALESCE((SELECT created_at FROM songs WHERE id='pisniua_9412686'), datetime('now')),datetime('now'));
INSERT OR REPLACE INTO songs_fts(song_id,title,lyrics) VALUES ('pisniua_9412686','Про Миколая','Нишком-тишком підкрадеться
На санчатах із гори,
Завітає тихо-тихо
Уночі до дітвори.
Подаруночком веселим
Привітає Миколай,
Ти лише йому завчасно
Напиши і зачекай!

Приспів:
Миколай, Миколай -
Вісник дива і добра,
Завітає в кожну хату,
Щоби радість розцвіла!

У очах маленьких радість,
У очах маленьких сміх,
Миколай до всіх приходить,
Коли сипить білий сніг.
Ні про кого, ні про кого
Не забуде Миколай!
Ти лише йому завчасно
Напиши і зачекай!

Приспів.');
INSERT OR REPLACE INTO song_links (id,song_id,title,url,kind,version_id,sort_order) VALUES ('pisniua_9412686_l1','pisniua_9412686','YouTube','https://www.youtube.com/watch?v=ZclLnSCxF68','video',NULL,1);
INSERT OR REPLACE INTO songs (id,title,subtitle,lang,country,period,year,source,notes,lyrics,tags_json,lang_locked,status,created_at,updated_at) VALUES ('pisniua_9398282','Світло незгасне',NULL,'uk','ukraine_1991',NULL,NULL,'аудіозапис',NULL,'Світло незгасне
Сяє вічно з висоти,
Любов''ю справжньою
Всі серця зігрієш Ти.
Логос Божественний,
Що прийшов во плоті.
Божий Ковчег святий,
Призваний нас спасти.

Шлях в Царство Боже
Нам любов''ю освіти.
Окрім тебе, Христе,
Нема іншої путі.
Серце надією,
Господи, укріпи,
Дай світло віри нам,
Розп''ятий на хресті.

Манно небесна,
З неба даний Хліб
Живий, кров''ю святою
Всі гріхи людей змий.
Хай серце сповнює
Дух Твій рікою:
Щастя перебувати
Вічно з Тобою!','["pisni.org.ua", "cat:strasni", "Страсні пісні"]',1,'published',COALESCE((SELECT created_at FROM songs WHERE id='pisniua_9398282'), datetime('now')),datetime('now'));
INSERT OR REPLACE INTO songs_fts(song_id,title,lyrics) VALUES ('pisniua_9398282','Світло незгасне','Світло незгасне
Сяє вічно з висоти,
Любов''ю справжньою
Всі серця зігрієш Ти.
Логос Божественний,
Що прийшов во плоті.
Божий Ковчег святий,
Призваний нас спасти.

Шлях в Царство Боже
Нам любов''ю освіти.
Окрім тебе, Христе,
Нема іншої путі.
Серце надією,
Господи, укріпи,
Дай світло віри нам,
Розп''ятий на хресті.

Манно небесна,
З неба даний Хліб
Живий, кров''ю святою
Всі гріхи людей змий.
Хай серце сповнює
Дух Твій рікою:
Щастя перебувати
Вічно з Тобою!');
INSERT OR REPLACE INTO songs (id,title,subtitle,lang,country,period,year,source,notes,lyrics,tags_json,lang_locked,status,created_at,updated_at) VALUES ('pisniua_9399683','О, Непорочна Діва і Мати',NULL,'uk','ukraine_1991',NULL,NULL,'аудіозапис',NULL,'О, Непорочна Діва і Мати,
Схиляємося до Тебе покірно.
Підносимо свої серця, як квіти,
Благаючи прийняти дар душ наших.

Ми прагнемо любити Тебе, як діти,
І прославляти непорочність Твою.
А Ти підтримуй нас в кожній справі
І в небо поможи нам піднестись.

Ти повна ласки у Твого Сина,
Нам можеш випросити Його ласк.
Молитва Твоя перед Його престолом
Охороняє нас від ворогів.','["pisni.org.ua", "cat:do-bohorodyci", "Пісні до Богородиці"]',1,'published',COALESCE((SELECT created_at FROM songs WHERE id='pisniua_9399683'), datetime('now')),datetime('now'));
INSERT OR REPLACE INTO songs_fts(song_id,title,lyrics) VALUES ('pisniua_9399683','О, Непорочна Діва і Мати','О, Непорочна Діва і Мати,
Схиляємося до Тебе покірно.
Підносимо свої серця, як квіти,
Благаючи прийняти дар душ наших.

Ми прагнемо любити Тебе, як діти,
І прославляти непорочність Твою.
А Ти підтримуй нас в кожній справі
І в небо поможи нам піднестись.

Ти повна ласки у Твого Сина,
Нам можеш випросити Його ласк.
Молитва Твоя перед Його престолом
Охороняє нас від ворогів.');
INSERT OR REPLACE INTO songs (id,title,subtitle,lang,country,period,year,source,notes,lyrics,tags_json,lang_locked,status,created_at,updated_at) VALUES ('pisniua_9406080','Романс прощання','Музика: Ігор Поклад Слова: Олександра Самарцева. Виконує: Люцина Хворост','uk','ukraine_1991',NULL,'2020','вірш Олександри Самарцевої','Аранжування Валерія Чуйкова. Звукозапис студії Ice-Records (м. Харків, 2020 р.).','Хай любов пропаде -
Нам давно на пропаще наврочено...
Я назад поверну,
Обминувши твій теплий поріг...
І остання зоря,
Розімлівши в заметах столочених,
Пожаліє мене
І сховає в темницю мій гріх...

Теплі зернятка слів
На зимовім багатті обвугляться,
Обпікаючи губи,
На землю німу опадуть...
І розколеться навпіл
Ця сонна засніжена вулиця,
Й дві дороги від тебе
Мене в синю ніч поведуть...

А на вікнах твоїх,
Так химерно заплетених інеєм,
Слід маленьких долонь
Припорошить завбачливий сніг.
І кохання мого
Ледь помітну, тонесеньку лінію
Перекреслить чужий,
Переповнений чарами сміх...','["pisni.org.ua", "cat:romansy", "Романси"]',1,'published',COALESCE((SELECT created_at FROM songs WHERE id='pisniua_9406080'), datetime('now')),datetime('now'));
INSERT OR REPLACE INTO songs_fts(song_id,title,lyrics) VALUES ('pisniua_9406080','Романс прощання','Хай любов пропаде -
Нам давно на пропаще наврочено...
Я назад поверну,
Обминувши твій теплий поріг...
І остання зоря,
Розімлівши в заметах столочених,
Пожаліє мене
І сховає в темницю мій гріх...

Теплі зернятка слів
На зимовім багатті обвугляться,
Обпікаючи губи,
На землю німу опадуть...
І розколеться навпіл
Ця сонна засніжена вулиця,
Й дві дороги від тебе
Мене в синю ніч поведуть...

А на вікнах твоїх,
Так химерно заплетених інеєм,
Слід маленьких долонь
Припорошить завбачливий сніг.
І кохання мого
Ледь помітну, тонесеньку лінію
Перекреслить чужий,
Переповнений чарами сміх...');
INSERT OR REPLACE INTO song_links (id,song_id,title,url,kind,version_id,sort_order) VALUES ('pisniua_9406080_l1','pisniua_9406080','YouTube','https://www.youtube.com/watch?v=uHr4uI3okV0','video',NULL,1);
INSERT OR REPLACE INTO songs (id,title,subtitle,lang,country,period,year,source,notes,lyrics,tags_json,lang_locked,status,created_at,updated_at) VALUES ('pisniua_9397989','Маріє - України Царице',NULL,'uk','ukraine_1991',NULL,NULL,'аудіозапис',NULL,'Маріє - України Царице,
Пречиста, ясна, райська зірнице,
Всевладна Панно Ти над світами,
Радуйся! Радуйся! Радуй між нами!

О, благодатна, чиста, єдина,
В дівоцтві Мати Божого Сина,
Невісто-Діво поміж жонами,
Радуйся! Радуйся! Радуй між нами!

Пренепорочний цвіте, леліє,
Свята, Пречиста Діво Маріє,
Царице перша над ангелами,
Радуйся! Радуйся! Радуй між нами!

Ти, що єднаєш небо з землею,
Будь нам до Раю шляхом-зорею.
Тебе ми славим із небесами,
Радуйся! Радуйся! Радуй між нами!','["pisni.org.ua", "cat:do-bohorodyci", "Пісні до Богородиці"]',1,'published',COALESCE((SELECT created_at FROM songs WHERE id='pisniua_9397989'), datetime('now')),datetime('now'));
INSERT OR REPLACE INTO songs_fts(song_id,title,lyrics) VALUES ('pisniua_9397989','Маріє - України Царице','Маріє - України Царице,
Пречиста, ясна, райська зірнице,
Всевладна Панно Ти над світами,
Радуйся! Радуйся! Радуй між нами!

О, благодатна, чиста, єдина,
В дівоцтві Мати Божого Сина,
Невісто-Діво поміж жонами,
Радуйся! Радуйся! Радуй між нами!

Пренепорочний цвіте, леліє,
Свята, Пречиста Діво Маріє,
Царице перша над ангелами,
Радуйся! Радуйся! Радуй між нами!

Ти, що єднаєш небо з землею,
Будь нам до Раю шляхом-зорею.
Тебе ми славим із небесами,
Радуйся! Радуйся! Радуй між нами!');
INSERT OR REPLACE INTO songs (id,title,subtitle,lang,country,period,year,source,notes,lyrics,tags_json,lang_locked,status,created_at,updated_at) VALUES ('pisniua_9422786','Додому','Музика: KALUSH, Skofka Слова: KALUSH, Skofka. Виконує: KALUSH, Skofka','uk','ukraine_1991',NULL,NULL,'аудіозапис',NULL,'Приспів:
Де би не був, не забуду дім!             |
Хочеш, закрути мене як бігуді,           |
Я з закритими очима знайду, де мій двір, |
Бо де би не був, не забуду дім!          | (2)

Де б не носило Скофа по чужих краях,
Я вертатимусь додому по дорогах і полях,
Боляче, коли побачив вдалині рідний маяк,
І хочеш море переплить до нього, але нема як...
Рідна хата пахне пирогами з вишнями із печі,
Снилось як світив фарами ближніми уночі,
І бачив баба з дідом в хаті крутили калачі,
От би зараз діда постукать би по плечі...

Приспів.

Скрипнув двері. Мама вдома.
Квіти на стіл. Стіл, вечеря -
Ситний маминий суп,
Татові все мало солі.
Спритно радий несу маминий суп!
А знову світла ніч в мене в Калуші палала,
Мовила мені, твого двору вже нема...
Покоління мінялося, запамятали стіни,
Як дитина ці писала імені на віки.
А знову світла ніч, но без мене вже гуляла,
А, може, коли-небудь, я вже би не жалів
За минуле, шо летіло в даль, неначе ворон,
А я вдома, зберігаю свою ностальгію...
Я до тебе все прийду!.. П''яним уночі знайду!..
Хай не будеш на виду, тебе знайду!..
Хай дорогу замете, із курсу не зіб''є мене!..

Приспів.','["pisni.org.ua", "cat:nostalgia", "cat:pro-batkiv", "Пісні з ностальгічними мотивами", "Пісні про любов до батьків"]',1,'published',COALESCE((SELECT created_at FROM songs WHERE id='pisniua_9422786'), datetime('now')),datetime('now'));
INSERT OR REPLACE INTO songs_fts(song_id,title,lyrics) VALUES ('pisniua_9422786','Додому','Приспів:
Де би не був, не забуду дім!             |
Хочеш, закрути мене як бігуді,           |
Я з закритими очима знайду, де мій двір, |
Бо де би не був, не забуду дім!          | (2)

Де б не носило Скофа по чужих краях,
Я вертатимусь додому по дорогах і полях,
Боляче, коли побачив вдалині рідний маяк,
І хочеш море переплить до нього, але нема як...
Рідна хата пахне пирогами з вишнями із печі,
Снилось як світив фарами ближніми уночі,
І бачив баба з дідом в хаті крутили калачі,
От би зараз діда постукать би по плечі...

Приспів.

Скрипнув двері. Мама вдома.
Квіти на стіл. Стіл, вечеря -
Ситний маминий суп,
Татові все мало солі.
Спритно радий несу маминий суп!
А знову світла ніч в мене в Калуші палала,
Мовила мені, твого двору вже нема...
Покоління мінялося, запамятали стіни,
Як дитина ці писала імені на віки.
А знову світла ніч, но без мене вже гуляла,
А, може, коли-небудь, я вже би не жалів
За минуле, шо летіло в даль, неначе ворон,
А я вдома, зберігаю свою ностальгію...
Я до тебе все прийду!.. П''яним уночі знайду!..
Хай не будеш на виду, тебе знайду!..
Хай дорогу замете, із курсу не зіб''є мене!..

Приспів.');
INSERT OR REPLACE INTO song_links (id,song_id,title,url,kind,version_id,sort_order) VALUES ('pisniua_9422786_l1','pisniua_9422786','YouTube','https://www.youtube.com/watch?v=OF7bh0Y3vyo','video',NULL,1);
INSERT OR REPLACE INTO songs (id,title,subtitle,lang,country,period,year,source,notes,lyrics,tags_json,lang_locked,status,created_at,updated_at) VALUES ('pisniua_9424281','Гей, сивий вітер плаче','Музика: Василь Лютий Слова: Володимир Даник. Виконує: GONTA','uk','ukraine_1991',NULL,NULL,'аудіозапис',NULL,'Гей, сивий вітер плаче:
Не вмирай козаче, трохи поживи!
Ех, рад би я пожити,                |
Кров моя розлита по густій траві!.. |

Гей, вітер хмари гонить:
А тебе твій коник жде як і колись...
Ех, мабуть, я не встану,            |
Бо глибокі рани і не підвестись...  | (2)

Гей, вітер все ворожить:
Дівчину хорошу, друже, полюби!
Ех, рад би я любити,                |
Та не бачать світу очі голубі...    | (2)

Гей, вітер завиває, по степу гуляє:
Погуляй і ти!
Ех, мені не гуляти,                 |
Світу не видати, долі не знайти!..  | (2)

Гей, сивий вітер плаче:
Не вмирай козаче, трохи поживи!
Ех, рад би я пожити!..
Ех, рад би я пожити!..

Гей, вітер став казати:
Жде на тебе мати, знову не засне...
Ех, це б дійти до неньки,           |
Та моє серденько надто мовчазне...  | (2)','["pisni.org.ua", "cat:ato", "cat:euromaydan", "Пісні російсько-української війни та АТО", "Пісні Євромайдану"]',1,'published',COALESCE((SELECT created_at FROM songs WHERE id='pisniua_9424281'), datetime('now')),datetime('now'));
INSERT OR REPLACE INTO songs_fts(song_id,title,lyrics) VALUES ('pisniua_9424281','Гей, сивий вітер плаче','Гей, сивий вітер плаче:
Не вмирай козаче, трохи поживи!
Ех, рад би я пожити,                |
Кров моя розлита по густій траві!.. |

Гей, вітер хмари гонить:
А тебе твій коник жде як і колись...
Ех, мабуть, я не встану,            |
Бо глибокі рани і не підвестись...  | (2)

Гей, вітер все ворожить:
Дівчину хорошу, друже, полюби!
Ех, рад би я любити,                |
Та не бачать світу очі голубі...    | (2)

Гей, вітер завиває, по степу гуляє:
Погуляй і ти!
Ех, мені не гуляти,                 |
Світу не видати, долі не знайти!..  | (2)

Гей, сивий вітер плаче:
Не вмирай козаче, трохи поживи!
Ех, рад би я пожити!..
Ех, рад би я пожити!..

Гей, вітер став казати:
Жде на тебе мати, знову не засне...
Ех, це б дійти до неньки,           |
Та моє серденько надто мовчазне...  | (2)');
INSERT OR REPLACE INTO song_links (id,song_id,title,url,kind,version_id,sort_order) VALUES ('pisniua_9424281_l1','pisniua_9424281','YouTube','https://www.youtube.com/watch?v=TShUCmtckYk','video',NULL,1);
INSERT OR REPLACE INTO songs (id,title,subtitle,lang,country,period,year,source,notes,lyrics,tags_json,lang_locked,status,created_at,updated_at) VALUES ('pisniua_942484','Подарунок від Святого Миколая','Музика: Наталія Роман Слова: Наталія Роман','uk','ukraine_1991',NULL,NULL,NULL,NULL,'Подарунок він приніс
В зимову, холодну ніч.
Я його чекав весь рік, Миколай.
В ніч, яку, на жаль проспав,
Під  подушечку поклав
Свій гостинець Миколай, Миколай

Приспів:
Лиш раз в рік таке буває
Господь небо відкриває
І на землю поспішає Миколай
В кожну хаточку, домівку,
Чемним дітям під голівку
Ласку Божу залишає Миколай.

Мріють кожен рік малята
Ніч чудесну не проспати
І побачить як приходить Миколай
Та якби сон не підкрався
Кожен певно дочекався б
І побачив твою велич Миколай.

Приспів.','["pisni.org.ua", "cat:cerkovni", "cat:christian", "cat:dytyachi", "cat:svyatyy-mykolay", "Церковні пісні", "Пісні на християнську тематику", "Дитячі пісні", "Пісні про Святого Миколая"]',1,'published',COALESCE((SELECT created_at FROM songs WHERE id='pisniua_942484'), datetime('now')),datetime('now'));
INSERT OR REPLACE INTO songs_fts(song_id,title,lyrics) VALUES ('pisniua_942484','Подарунок від Святого Миколая','Подарунок він приніс
В зимову, холодну ніч.
Я його чекав весь рік, Миколай.
В ніч, яку, на жаль проспав,
Під  подушечку поклав
Свій гостинець Миколай, Миколай

Приспів:
Лиш раз в рік таке буває
Господь небо відкриває
І на землю поспішає Миколай
В кожну хаточку, домівку,
Чемним дітям під голівку
Ласку Божу залишає Миколай.

Мріють кожен рік малята
Ніч чудесну не проспати
І побачить як приходить Миколай
Та якби сон не підкрався
Кожен певно дочекався б
І побачив твою велич Миколай.

Приспів.');
INSERT OR REPLACE INTO song_links (id,song_id,title,url,kind,version_id,sort_order) VALUES ('pisniua_942484_l1','pisniua_942484','YouTube','https://www.youtube.com/watch?v=yov78gG5ztU','video',NULL,1);
INSERT OR REPLACE INTO songs (id,title,subtitle,lang,country,period,year,source,notes,lyrics,tags_json,lang_locked,status,created_at,updated_at) VALUES ('pisniua_9424580','Вчителі і діти','Слова: невідомий','uk','ukraine_1991',NULL,NULL,'аудіозапис',NULL,'Сонечко всміхається,
Радісно вітається,
В школі починається
Не один урок.
Діти намагаються,
Вчителі стараються,
У майбутнє впевнено
Робимо ми крок!

Приспів:
Сонце радісно сія,
Школа двері відчиня!
Як тут не радіти?
Бо найкращі друзі - ми,
З перших днів і назавжди -
Вчителі і діти!

Формули і правила
Вивчимо старанно ми,
Будемо розумними,
Добрими дітьми!
Бо бажають від душі
Мами, тати, вчителі,
Щоб усі ми виросли
Справжніми людьми!

Приспів.

Діти можуть по морям
Плавать капітанами,
Будувати, чи пекти,
Навіть одяг шить.
Керувать слухняними
Машинами і кранами,
Цього лише треба нас
Трішечки навчить!

Приспів.','["pisni.org.ua", "cat:shkilni", "Пісні про школу"]',1,'published',COALESCE((SELECT created_at FROM songs WHERE id='pisniua_9424580'), datetime('now')),datetime('now'));
INSERT OR REPLACE INTO songs_fts(song_id,title,lyrics) VALUES ('pisniua_9424580','Вчителі і діти','Сонечко всміхається,
Радісно вітається,
В школі починається
Не один урок.
Діти намагаються,
Вчителі стараються,
У майбутнє впевнено
Робимо ми крок!

Приспів:
Сонце радісно сія,
Школа двері відчиня!
Як тут не радіти?
Бо найкращі друзі - ми,
З перших днів і назавжди -
Вчителі і діти!

Формули і правила
Вивчимо старанно ми,
Будемо розумними,
Добрими дітьми!
Бо бажають від душі
Мами, тати, вчителі,
Щоб усі ми виросли
Справжніми людьми!

Приспів.

Діти можуть по морям
Плавать капітанами,
Будувати, чи пекти,
Навіть одяг шить.
Керувать слухняними
Машинами і кранами,
Цього лише треба нас
Трішечки навчить!

Приспів.');
INSERT OR REPLACE INTO song_links (id,song_id,title,url,kind,version_id,sort_order) VALUES ('pisniua_9424580_l1','pisniua_9424580','YouTube','https://www.youtube.com/watch?v=xyjoC8WWGR4','video',NULL,1);
INSERT OR REPLACE INTO songs (id,title,subtitle,lang,country,period,year,source,notes,lyrics,tags_json,lang_locked,status,created_at,updated_at) VALUES ('pisniua_94281','Дружба','Музика: Б.Савельєв Слова: М.Пляцковський. Виконує: Гурт "Морські Піщинки"','uk','ukraine_1991',NULL,NULL,'мій комп',NULL,'Дружба вiрная не зламається
Не розклеїться від дощів і хуг
Друг в біді не лишить
Добрим словом втішить _
Ось який він незвичайний справжній друг!

Друг в біді мене завжди виручить
Не-розлий-вода  кажуть всі навкруг.
У важку хвилину, і вночі, і в днину _
Ось який він незвичайний справжній друг!','["pisni.org.ua", "cat:dytyachi", "Дитячі пісні"]',1,'published',COALESCE((SELECT created_at FROM songs WHERE id='pisniua_94281'), datetime('now')),datetime('now'));
INSERT OR REPLACE INTO songs_fts(song_id,title,lyrics) VALUES ('pisniua_94281','Дружба','Дружба вiрная не зламається
Не розклеїться від дощів і хуг
Друг в біді не лишить
Добрим словом втішить _
Ось який він незвичайний справжній друг!

Друг в біді мене завжди виручить
Не-розлий-вода  кажуть всі навкруг.
У важку хвилину, і вночі, і в днину _
Ось який він незвичайний справжній друг!');
INSERT OR REPLACE INTO songs (id,title,subtitle,lang,country,period,year,source,notes,lyrics,tags_json,lang_locked,status,created_at,updated_at) VALUES ('pisniua_9425786','Лісова ялинка','Українська народна пісня','uk','ukraine_before_1917',NULL,NULL,'аудіозапис',NULL,'В лісі випав білий сніг,
Наступає Новий рік!
Стали думати звірята,     |
Як зустріть чудове свято. | (2)

Ось ялинка зелененька,
Ні велика, ні маленька,
Ми прикрасимо її,         |
Заспіваємо пісні!         | (2)

Білка принесла горішки,
Їжачок - гриби і шишки,
Ведмежатко - пряники      |
Та смачні медяники!       | (2)

Дятли, снігурі й синиці
Посідали на ялинці
І сказали: Пишну хвою     |
Ми прикрасимо собою!      | (2)

В лісі випав білий сніг,
Наступає Новий рік!
Так придумали звірята,    |
Як зустріть чудове свято! | (2)

Як зустріть чудове свято! | (2)','["pisni.org.ua", "cat:new-year", "Пісні про Новий Рік"]',1,'published',COALESCE((SELECT created_at FROM songs WHERE id='pisniua_9425786'), datetime('now')),datetime('now'));
INSERT OR REPLACE INTO songs_fts(song_id,title,lyrics) VALUES ('pisniua_9425786','Лісова ялинка','В лісі випав білий сніг,
Наступає Новий рік!
Стали думати звірята,     |
Як зустріть чудове свято. | (2)

Ось ялинка зелененька,
Ні велика, ні маленька,
Ми прикрасимо її,         |
Заспіваємо пісні!         | (2)

Білка принесла горішки,
Їжачок - гриби і шишки,
Ведмежатко - пряники      |
Та смачні медяники!       | (2)

Дятли, снігурі й синиці
Посідали на ялинці
І сказали: Пишну хвою     |
Ми прикрасимо собою!      | (2)

В лісі випав білий сніг,
Наступає Новий рік!
Так придумали звірята,    |
Як зустріть чудове свято! | (2)

Як зустріть чудове свято! | (2)');
INSERT OR REPLACE INTO song_links (id,song_id,title,url,kind,version_id,sort_order) VALUES ('pisniua_9425786_l1','pisniua_9425786','YouTube','https://www.youtube.com/watch?v=0Gb24zEbccs','video',NULL,1);
INSERT OR REPLACE INTO song_links (id,song_id,title,url,kind,version_id,sort_order) VALUES ('pisniua_9425786_l2','pisniua_9425786','YouTube','https://www.youtube.com/watch?v=NGeVlvsgFyI','video',NULL,2);
INSERT OR REPLACE INTO songs (id,title,subtitle,lang,country,period,year,source,notes,lyrics,tags_json,lang_locked,status,created_at,updated_at) VALUES ('pisniua_942384','Колискова','(Спи, моя люба). Музика: Тарас Чубай Слова: Олег Лишега. Виконує: Плач Єремії, Тарас Чубай','uk','ukraine_1991',NULL,'1992','1. http://www.mo-productions.com/ukr/zironkatapelyrics.html 2. http://accords.com.ua','Вперше пісня увійшла до альбому "ЧЕРЕЗ ЗІРОНЬКУ ЯСНУ (1992) (Українські колискові пісні) (книжка й музична касета) Використані акорди: H11/F# [2 0 1 4 2 0] Em/C [x 3 2 0 0 0] Підбір акордів: невідомий','Em Em/C H11/F# Hsus4 H7
Спи,       моя люба,      усе засинає,
Попивши на ніч з pіки молока.
Циферблат будильника
поріс сухим очеретом, дрімає.
Колиска твоя,
всміхнувшись прощально
білосніжним сміхом,
загойдалась на вітрі,
підвішена до неба снами.
Я заплету твої коси до завтра,
ранком нахилюсь над тобою в інеї,
стрічки яскраві, багряні.
...стрічки яскраві.
Спи, моя люба,
в домі очерету горить свічка,
запалена мною, бездомним.
Крига над тобою, крига під тобою.
Полум''я відігріє пам''ять.
Спи, моя люба, усе засинає,
попивши на ніч з ріки молока.
Кpига над тобою, кpига під тобою. (2)
Полум''я відігpіє пам''ять. (Кpига над тобою) (4)
Спи, моя люба, усе засинає,
попивши на ніч з pіки молока...
А-а...','["pisni.org.ua", "cat:kolyskovi", "Колискові"]',1,'published',COALESCE((SELECT created_at FROM songs WHERE id='pisniua_942384'), datetime('now')),datetime('now'));
INSERT OR REPLACE INTO songs_fts(song_id,title,lyrics) VALUES ('pisniua_942384','Колискова','Em Em/C H11/F# Hsus4 H7
Спи,       моя люба,      усе засинає,
Попивши на ніч з pіки молока.
Циферблат будильника
поріс сухим очеретом, дрімає.
Колиска твоя,
всміхнувшись прощально
білосніжним сміхом,
загойдалась на вітрі,
підвішена до неба снами.
Я заплету твої коси до завтра,
ранком нахилюсь над тобою в інеї,
стрічки яскраві, багряні.
...стрічки яскраві.
Спи, моя люба,
в домі очерету горить свічка,
запалена мною, бездомним.
Крига над тобою, крига під тобою.
Полум''я відігріє пам''ять.
Спи, моя люба, усе засинає,
попивши на ніч з ріки молока.
Кpига над тобою, кpига під тобою. (2)
Полум''я відігpіє пам''ять. (Кpига над тобою) (4)
Спи, моя люба, усе засинає,
попивши на ніч з pіки молока...
А-а...');
INSERT OR REPLACE INTO song_links (id,song_id,title,url,kind,version_id,sort_order) VALUES ('pisniua_942384_l1','pisniua_942384','YouTube','https://www.youtube.com/watch?v=SL6mkEOfuBE','video',NULL,1);
INSERT OR REPLACE INTO songs (id,title,subtitle,lang,country,period,year,source,notes,lyrics,tags_json,lang_locked,status,created_at,updated_at) VALUES ('pisniua_9424686','Сонце','Музика: Вова зі Львова, Morphom Слова: Вова зі Львова, Morphom. Виконує: Вова зі Львова, Morphom','uk','ukraine_1991',NULL,NULL,'аудіозапис',NULL,'Приспів:
Сонце, ти світиш однаково всім,
Навчи мене бути таким,
Навчи мене просто світити!
Сонце і навіть тоді, коли грім,
Ти прикладом будеш моїм,
Як сяяти і не згоріти!

Харюсь на людей дорослих,
Швидко, як маленькі діти,
Це на вигляд і на запах
Десь так як зів''ялі квіти.
Це по суті і по факту
Ознака незрілості,
Відсутність розуміння,
Присутність зарозумілості,
Бажання всіх навчити,
Але не вчитись самому,
Бажання всіх розбудити,
Коли сам сплю, наче кома.
Бажання всім розказати
Те, що не треба нікому,
Бажання всіх врятувати,
Коли ніхто не тоне,
Або тонуть усі та не шарить ніхто.
Я приходжу у храм, але там шапіто,
Я тікаю до себе, тікаю від них,
Я не вірю у всі їхні байки про гріх,
Я забув, шо вони теж шукають своє,
Я забув, шо над ними теж сонечко є,
Подивився на нього, а потім на себе
І все пригадалося - сяяти треба!

Приспів.

Подивлюсь на сонце і згадаю
Для чого я тут,
Щоб для наших братиків бути,
Як запасний парашут,
Щоб для наших сестричок
Бути запасним летовищем.
У вас не видно сонця там?
Не страшно, ненадовго ще.
Подивлюсь на сонце і все
Стане спокійно і ясно,
Пригадаю, що все тут доречно
І все тут є вчасно.
Пригадаю: той, хто іншим віддає,
Той не збідніє
І тому задурно сонце світить,
Вітер в спину віє,
Ми не побачимо з тобою ніч,
Тінями нам не бути,
Безліч усміхнених облич
Не дадуть нам заснути...
Забуду про себе, забуду про его,
Забуду тривожність, забуду бентегу,
Забуду про втечу, забуду-забуду,
Залишуся з ними й світити їм буду,
Залишуся з нами, вони це і є ми.
Без нас і без сонця ми просто згниємо,
Тому, коли сонця не видно з-за хмари,
Я також світитиму даром!

Приспів.','["pisni.org.ua", "cat:philosophic", "Філософські пісні"]',1,'published',COALESCE((SELECT created_at FROM songs WHERE id='pisniua_9424686'), datetime('now')),datetime('now'));
INSERT OR REPLACE INTO songs_fts(song_id,title,lyrics) VALUES ('pisniua_9424686','Сонце','Приспів:
Сонце, ти світиш однаково всім,
Навчи мене бути таким,
Навчи мене просто світити!
Сонце і навіть тоді, коли грім,
Ти прикладом будеш моїм,
Як сяяти і не згоріти!

Харюсь на людей дорослих,
Швидко, як маленькі діти,
Це на вигляд і на запах
Десь так як зів''ялі квіти.
Це по суті і по факту
Ознака незрілості,
Відсутність розуміння,
Присутність зарозумілості,
Бажання всіх навчити,
Але не вчитись самому,
Бажання всіх розбудити,
Коли сам сплю, наче кома.
Бажання всім розказати
Те, що не треба нікому,
Бажання всіх врятувати,
Коли ніхто не тоне,
Або тонуть усі та не шарить ніхто.
Я приходжу у храм, але там шапіто,
Я тікаю до себе, тікаю від них,
Я не вірю у всі їхні байки про гріх,
Я забув, шо вони теж шукають своє,
Я забув, шо над ними теж сонечко є,
Подивився на нього, а потім на себе
І все пригадалося - сяяти треба!

Приспів.

Подивлюсь на сонце і згадаю
Для чого я тут,
Щоб для наших братиків бути,
Як запасний парашут,
Щоб для наших сестричок
Бути запасним летовищем.
У вас не видно сонця там?
Не страшно, ненадовго ще.
Подивлюсь на сонце і все
Стане спокійно і ясно,
Пригадаю, що все тут доречно
І все тут є вчасно.
Пригадаю: той, хто іншим віддає,
Той не збідніє
І тому задурно сонце світить,
Вітер в спину віє,
Ми не побачимо з тобою ніч,
Тінями нам не бути,
Безліч усміхнених облич
Не дадуть нам заснути...
Забуду про себе, забуду про его,
Забуду тривожність, забуду бентегу,
Забуду про втечу, забуду-забуду,
Залишуся з ними й світити їм буду,
Залишуся з нами, вони це і є ми.
Без нас і без сонця ми просто згниємо,
Тому, коли сонця не видно з-за хмари,
Я також світитиму даром!

Приспів.');
INSERT OR REPLACE INTO song_links (id,song_id,title,url,kind,version_id,sort_order) VALUES ('pisniua_9424686_l1','pisniua_9424686','YouTube','https://www.youtube.com/watch?v=9bcFCPU7j-8','video',NULL,1);
INSERT OR REPLACE INTO songs (id,title,subtitle,lang,country,period,year,source,notes,lyrics,tags_json,lang_locked,status,created_at,updated_at) VALUES ('pisniua_9425282','Випускник','Музика: Михайло Хома Слова: Наталія Харибіна','uk','ukraine_1991',NULL,NULL,'аудіозапис',NULL,'Я зі школою дружу,
Чесно, друзі, вам скажу,
Що без школи я - слабак!
Тож на витівки мастак!
Я навчатися любив,
Поважав учителів
І читав книжки, як є,
Телефони - не моє!

Приспів:
Я такий увесь крутий,      |
Випускник - я ще й який,   |
Волю я словам даю,         |
Без книжок не їм, не сплю! | (2)

Хай сміються з мене ті,
Хто до школи не ходив,
Хто не вивчив ЗНО,
І боїться хто його!
Не любити школу гріх:
Буде горе, а не сміх,
Пам''ятатиму "святу"
Школу рідну, золоту!

Приспів.','["pisni.org.ua", "cat:shkilni", "Пісні про школу"]',1,'published',COALESCE((SELECT created_at FROM songs WHERE id='pisniua_9425282'), datetime('now')),datetime('now'));
INSERT OR REPLACE INTO songs_fts(song_id,title,lyrics) VALUES ('pisniua_9425282','Випускник','Я зі школою дружу,
Чесно, друзі, вам скажу,
Що без школи я - слабак!
Тож на витівки мастак!
Я навчатися любив,
Поважав учителів
І читав книжки, як є,
Телефони - не моє!

Приспів:
Я такий увесь крутий,      |
Випускник - я ще й який,   |
Волю я словам даю,         |
Без книжок не їм, не сплю! | (2)

Хай сміються з мене ті,
Хто до школи не ходив,
Хто не вивчив ЗНО,
І боїться хто його!
Не любити школу гріх:
Буде горе, а не сміх,
Пам''ятатиму "святу"
Школу рідну, золоту!

Приспів.');
INSERT OR REPLACE INTO song_links (id,song_id,title,url,kind,version_id,sort_order) VALUES ('pisniua_9425282_l1','pisniua_9425282','YouTube','https://www.youtube.com/watch?v=bKqS218yNOA','video',NULL,1);
INSERT OR REPLACE INTO songs (id,title,subtitle,lang,country,period,year,source,notes,lyrics,tags_json,lang_locked,status,created_at,updated_at) VALUES ('pisniua_9434282','Ой, летять сніжинки','Музика: Микола Ведмедеря Слова: Г. Бойко','uk','ukraine_1991',NULL,NULL,'аудіозапис',NULL,'Ой, летять, летять сніжинки
На доріжки, на стежинки,
На ліси і на поля -
Біла, біла вся земля! Ех!

Приспів:
Сніг летить, летить, летить!
Новий Рік до нас спішить!
Сніг кружляє, виграє,
Новий Рік вже настає!

В кульках вся ялинка сяє,
Дітвора пісень співає,
В хороводі закружля,
Веселиться вся земля! Ех!

Приспів.','["pisni.org.ua", "cat:new-year", "Пісні про Новий Рік"]',1,'published',COALESCE((SELECT created_at FROM songs WHERE id='pisniua_9434282'), datetime('now')),datetime('now'));
INSERT OR REPLACE INTO songs_fts(song_id,title,lyrics) VALUES ('pisniua_9434282','Ой, летять сніжинки','Ой, летять, летять сніжинки
На доріжки, на стежинки,
На ліси і на поля -
Біла, біла вся земля! Ех!

Приспів:
Сніг летить, летить, летить!
Новий Рік до нас спішить!
Сніг кружляє, виграє,
Новий Рік вже настає!

В кульках вся ялинка сяє,
Дітвора пісень співає,
В хороводі закружля,
Веселиться вся земля! Ех!

Приспів.');
INSERT OR REPLACE INTO song_links (id,song_id,title,url,kind,version_id,sort_order) VALUES ('pisniua_9434282_l1','pisniua_9434282','YouTube','https://www.youtube.com/watch?v=qn5iO8BqUSQ','video',NULL,1);
INSERT OR REPLACE INTO song_links (id,song_id,title,url,kind,version_id,sort_order) VALUES ('pisniua_9434282_l2','pisniua_9434282','YouTube','https://www.youtube.com/watch?v=0cIyW03VBaM','video',NULL,2);
INSERT OR REPLACE INTO songs (id,title,subtitle,lang,country,period,year,source,notes,lyrics,tags_json,lang_locked,status,created_at,updated_at) VALUES ('pisniua_942181','Світи, місяченьку','Українська народна пісня. Виконує: Ансамбль Львівського Університету "Черемош", Піккардійська Терція','uk','ukraine_before_1917',NULL,NULL,NULL,'Черемош (це парубоцька пісня, тому в ідеалі мали б виконувати самі хлопці) Цю пісню Черемош виконував кілька разів у складі октету хлопців (по двоє на кожен голос)','Світи місяченько,
Світи за діброву.
Нехай я перейду, нехай я перейду
До дівчини на розмову
Нехай я перейду, нехай я перейду
До дівчини на розмову

Світи місяченько,
Світи через річку.
Нехай я перейду, нехай я перейду
До милої на всю нічку.
Нехай я перейду, нехай я перейду
До милої на всю нічку.

Нехай я перейду
Чобіт не замочу
Най ніхто не знає, Най ніхто не знає
До котрої я ходжу.
Най ніхто не знає, Най ніхто не знає
До котрої я ходжу.

Світив місяченько,
Та й зайшов за хмари.
А я, бідний, плачу, а я, бідний, тужу,
Що не маю собі пари.
А я, бідний, плачу, а я, бідний, тужу,
Що не маю собі пари','["pisni.org.ua", "cat:lirychni", "cat:narodni", "Пісні про кохання, ліричні", "Народні пісні"]',1,'published',COALESCE((SELECT created_at FROM songs WHERE id='pisniua_942181'), datetime('now')),datetime('now'));
INSERT OR REPLACE INTO songs_fts(song_id,title,lyrics) VALUES ('pisniua_942181','Світи, місяченьку','Світи місяченько,
Світи за діброву.
Нехай я перейду, нехай я перейду
До дівчини на розмову
Нехай я перейду, нехай я перейду
До дівчини на розмову

Світи місяченько,
Світи через річку.
Нехай я перейду, нехай я перейду
До милої на всю нічку.
Нехай я перейду, нехай я перейду
До милої на всю нічку.

Нехай я перейду
Чобіт не замочу
Най ніхто не знає, Най ніхто не знає
До котрої я ходжу.
Най ніхто не знає, Най ніхто не знає
До котрої я ходжу.

Світив місяченько,
Та й зайшов за хмари.
А я, бідний, плачу, а я, бідний, тужу,
Що не маю собі пари.
А я, бідний, плачу, а я, бідний, тужу,
Що не маю собі пари');
INSERT OR REPLACE INTO song_links (id,song_id,title,url,kind,version_id,sort_order) VALUES ('pisniua_942181_l1','pisniua_942181','YouTube','https://www.youtube.com/watch?v=2dzBF0S5LKI','video',NULL,1);
INSERT OR REPLACE INTO song_links (id,song_id,title,url,kind,version_id,sort_order) VALUES ('pisniua_942181_l2','pisniua_942181','YouTube','https://www.youtube.com/watch?v=9UQm9DshwlQ','video',NULL,2);
INSERT OR REPLACE INTO songs (id,title,subtitle,lang,country,period,year,source,notes,lyrics,tags_json,lang_locked,status,created_at,updated_at) VALUES ('pisniua_9425487','Мама Мія','Музика: Даріо Фаріна Слова: Марія Демків','uk','ukraine_1991',NULL,NULL,'аудіозапис',NULL,'Нам так багато потрібно знати,
Щоби отримати атестати.
Йду на екзамен - душа тріпоче,
О, як же здати я на дванадцять хочу!
Як важко гризти граніт науки,
Запам''ятати все - справжня мука!
Уже, нарешті, дзвінок останній,
Пора забути вже про школу, про навчання!
О, Ма-Ма! О, мама Мія, Ма! | (4)

Нам так багато потрібно знати,
Щоби отримати атестати.
Йду на екзамен - душа тріпоче,
О, як же здати я на дванадцять хочу!
Шпаргалки часто нас виручали,
Ми їх з собою так багато брали!
Тепер позаду наука в школі,
Ми не забудемо цих років ніколи!
О, Ма-Ма! О, мама Мія, Ма! | (4)','["pisni.org.ua", "cat:shkilni", "Пісні про школу"]',1,'published',COALESCE((SELECT created_at FROM songs WHERE id='pisniua_9425487'), datetime('now')),datetime('now'));
INSERT OR REPLACE INTO songs_fts(song_id,title,lyrics) VALUES ('pisniua_9425487','Мама Мія','Нам так багато потрібно знати,
Щоби отримати атестати.
Йду на екзамен - душа тріпоче,
О, як же здати я на дванадцять хочу!
Як важко гризти граніт науки,
Запам''ятати все - справжня мука!
Уже, нарешті, дзвінок останній,
Пора забути вже про школу, про навчання!
О, Ма-Ма! О, мама Мія, Ма! | (4)

Нам так багато потрібно знати,
Щоби отримати атестати.
Йду на екзамен - душа тріпоче,
О, як же здати я на дванадцять хочу!
Шпаргалки часто нас виручали,
Ми їх з собою так багато брали!
Тепер позаду наука в школі,
Ми не забудемо цих років ніколи!
О, Ма-Ма! О, мама Мія, Ма! | (4)');
INSERT OR REPLACE INTO songs (id,title,subtitle,lang,country,period,year,source,notes,lyrics,tags_json,lang_locked,status,created_at,updated_at) VALUES ('pisniua_943080','Ох і не стелися, хрещатий барвінку (три голоси)','Українська народна пісня. Виконує: Хор "Чумаки", Михайло Гришко','uk','ukr_ssr_1919_1991',NULL,'1991','1. http://www.ukrlib.com.ua/ 2. Перлини української народної пісні. Упорядник В. М. Гордійчук. - К.: Музична Україна, 1989. - 392 с. 3. Надав Василь Триліс','Чоловічий народний хор "Чумаки" п/о Василя Триліса. Солісти: Святослав Стус (тенор) та Андрій Климович (баритон). Запис 1991 року. У виконанні хору "Чумаки" звучать 1, 2, 4, 5 в''язки пісні.','Ох і не стелися,
Хрещатий барвінку,
Та і по крутій горі...
Гей, не втішайтесь,
Злії воріженьки,
Та пригодоньці мої!

Бо моя пригода —
Козацька врода,
Як та ранняя роса:
Що вітер повіє,
Сонечко пригріє,
Роса на землю впаде.

Що вітер повіє,
Сонечко пригріє,
Роса на землю впаде,
Так моя неслава,
Людська поговірка,
Усе марно пропаде!

Наїхали пани
Та ще й орандарі
Воли й вози забирать...
Гей, беріть же ви
Усю худібоньку -
Не маю вам що й казать!

А я, як жив буду,
Усе те забуду,
Воли й вози покуплю,
Мережані ярма,
Тернові занози -
То все сам я пороблю!

На людськую славу
Й тую поговірку
Ще раз у Крим ісхожу;
Повні вози солі,
Повні мажі риби
Ще додому привезу','["pisni.org.ua", "cat:chumacki", "cat:suspilno-politychni", "Чумацькі пісні", "Суспільно-політичні пісні"]',1,'published',COALESCE((SELECT created_at FROM songs WHERE id='pisniua_943080'), datetime('now')),datetime('now'));
INSERT OR REPLACE INTO songs_fts(song_id,title,lyrics) VALUES ('pisniua_943080','Ох і не стелися, хрещатий барвінку (три голоси)','Ох і не стелися,
Хрещатий барвінку,
Та і по крутій горі...
Гей, не втішайтесь,
Злії воріженьки,
Та пригодоньці мої!

Бо моя пригода —
Козацька врода,
Як та ранняя роса:
Що вітер повіє,
Сонечко пригріє,
Роса на землю впаде.

Що вітер повіє,
Сонечко пригріє,
Роса на землю впаде,
Так моя неслава,
Людська поговірка,
Усе марно пропаде!

Наїхали пани
Та ще й орандарі
Воли й вози забирать...
Гей, беріть же ви
Усю худібоньку -
Не маю вам що й казать!

А я, як жив буду,
Усе те забуду,
Воли й вози покуплю,
Мережані ярма,
Тернові занози -
То все сам я пороблю!

На людськую славу
Й тую поговірку
Ще раз у Крим ісхожу;
Повні вози солі,
Повні мажі риби
Ще додому привезу');
INSERT OR REPLACE INTO song_links (id,song_id,title,url,kind,version_id,sort_order) VALUES ('pisniua_943080_l1','pisniua_943080','YouTube','https://www.youtube.com/watch?v=TiZu6IwBUp8','video',NULL,1);
INSERT OR REPLACE INTO song_links (id,song_id,title,url,kind,version_id,sort_order) VALUES ('pisniua_943080_l2','pisniua_943080','YouTube','https://www.youtube.com/watch?v=A9fjnvylR8o','video',NULL,2);
INSERT OR REPLACE INTO song_links (id,song_id,title,url,kind,version_id,sort_order) VALUES ('pisniua_943080_l3','pisniua_943080','YouTube','https://www.youtube.com/watch?v=ZyU6n7LArxc','video',NULL,3);
INSERT OR REPLACE INTO song_links (id,song_id,title,url,kind,version_id,sort_order) VALUES ('pisniua_943080_l4','pisniua_943080','YouTube','https://www.youtube.com/watch?v=Theqdzky3Wc','video',NULL,4);
INSERT OR REPLACE INTO song_links (id,song_id,title,url,kind,version_id,sort_order) VALUES ('pisniua_943080_l5','pisniua_943080','YouTube','https://www.youtube.com/watch?v=7NLINN3xzhk','video',NULL,5);
INSERT OR REPLACE INTO songs (id,title,subtitle,lang,country,period,year,source,notes,lyrics,tags_json,lang_locked,status,created_at,updated_at) VALUES ('pisniua_9433383','Остання путь','Українська народна пісня','uk','ukraine_before_1917',NULL,NULL,'аудіозапис',NULL,'Прийдіть сьогодні всі,
Прийдіть сьогодні всі
Зі мною попрощатись,
Бо я вже йду від вас,
Бо я вже йду від вас
До Бога відчитатись...

Приспів:
Остання путь,
Остання путь,
Останняя дорога...
Остання путь,
Остання путь
Від рідного порога...

Колись моє життя,
Колись моє життя,
Як квітка процвітало,
Тепер я вже лежу,
Тепер я вже лежу,
Як та трава зів''яла...

Приспів.

Не плачте, не прийду,
Не плачте, не прийду,
Не буду з вами жити,
Бо я вже йду від вас,
Бо я вже йду від вас,
Де буде Бог судити.

Приспів.

А, може, ще прийдеш?
А, може, ще прийдеш?
Ми будем виглядати!
Бо хто же нам буде,
Бо хто же нам буде
У горі помагати?..

Приспів.

Не будем плакати,
Не будем плакати,
Будемо ся молити,
Щоб Господь дав душі,
Щоб Господь дав душі
У Його царстві жити.

Приспів.','["pisni.org.ua", "cat:nostalgia", "Пісні з ностальгічними мотивами"]',1,'published',COALESCE((SELECT created_at FROM songs WHERE id='pisniua_9433383'), datetime('now')),datetime('now'));
INSERT OR REPLACE INTO songs_fts(song_id,title,lyrics) VALUES ('pisniua_9433383','Остання путь','Прийдіть сьогодні всі,
Прийдіть сьогодні всі
Зі мною попрощатись,
Бо я вже йду від вас,
Бо я вже йду від вас
До Бога відчитатись...

Приспів:
Остання путь,
Остання путь,
Останняя дорога...
Остання путь,
Остання путь
Від рідного порога...

Колись моє життя,
Колись моє життя,
Як квітка процвітало,
Тепер я вже лежу,
Тепер я вже лежу,
Як та трава зів''яла...

Приспів.

Не плачте, не прийду,
Не плачте, не прийду,
Не буду з вами жити,
Бо я вже йду від вас,
Бо я вже йду від вас,
Де буде Бог судити.

Приспів.

А, може, ще прийдеш?
А, може, ще прийдеш?
Ми будем виглядати!
Бо хто же нам буде,
Бо хто же нам буде
У горі помагати?..

Приспів.

Не будем плакати,
Не будем плакати,
Будемо ся молити,
Щоб Господь дав душі,
Щоб Господь дав душі
У Його царстві жити.

Приспів.');
INSERT OR REPLACE INTO song_links (id,song_id,title,url,kind,version_id,sort_order) VALUES ('pisniua_9433383_l1','pisniua_9433383','YouTube','https://www.youtube.com/watch?v=xCjfe1kx_qA','video',NULL,1);
INSERT OR REPLACE INTO songs (id,title,subtitle,lang,country,period,year,source,notes,lyrics,tags_json,lang_locked,status,created_at,updated_at) VALUES ('pisniua_9434188','Дзвоники дзвенять','Музика: Нелі Марковська Слова: Нелі Марковська','uk','ukraine_1991',NULL,NULL,'аудіозапис',NULL,'Падає тихесенько перший сніг пухнатий,
Засніжив віконечко, залетів до хати.
Весь поріг засипав, ділі-ділі-дон,
Зачепив годинник - бом-бом-бом!..

Приспів:
Ділі-ділі-дон!
Дзвоники дзвенять!
Ділі-ділі-дон!
Дзвоники не сплять! Дон!
Ділі-ділі-ділі-ділі!
Дін-дін-дін!
Лунає Веселий перезвін!

Падають, кружляються зірочки-сніжинки,
Білим пухом падають на ялинки.
Світяться барвисто, ділі-ділі-дон,
Сріблястим намистом, бом-бом-бом!

Приспів.

І веселий настрій в новорічне свято
Будуть подаруночки нам усім багато.
Хай дзвенять дзвіночки, сипле сніговій,
Ми зустрінем разом рік Новий!

Приспів.','["pisni.org.ua", "cat:dytyachi", "cat:new-year", "Дитячі пісні", "Пісні про Новий Рік"]',1,'published',COALESCE((SELECT created_at FROM songs WHERE id='pisniua_9434188'), datetime('now')),datetime('now'));
INSERT OR REPLACE INTO songs_fts(song_id,title,lyrics) VALUES ('pisniua_9434188','Дзвоники дзвенять','Падає тихесенько перший сніг пухнатий,
Засніжив віконечко, залетів до хати.
Весь поріг засипав, ділі-ділі-дон,
Зачепив годинник - бом-бом-бом!..

Приспів:
Ділі-ділі-дон!
Дзвоники дзвенять!
Ділі-ділі-дон!
Дзвоники не сплять! Дон!
Ділі-ділі-ділі-ділі!
Дін-дін-дін!
Лунає Веселий перезвін!

Падають, кружляються зірочки-сніжинки,
Білим пухом падають на ялинки.
Світяться барвисто, ділі-ділі-дон,
Сріблястим намистом, бом-бом-бом!

Приспів.

І веселий настрій в новорічне свято
Будуть подаруночки нам усім багато.
Хай дзвенять дзвіночки, сипле сніговій,
Ми зустрінем разом рік Новий!

Приспів.');
INSERT OR REPLACE INTO song_links (id,song_id,title,url,kind,version_id,sort_order) VALUES ('pisniua_9434188_l1','pisniua_9434188','YouTube','https://www.youtube.com/watch?v=ICuqEqeAmrE','video',NULL,1);
INSERT OR REPLACE INTO song_links (id,song_id,title,url,kind,version_id,sort_order) VALUES ('pisniua_9434188_l2','pisniua_9434188','YouTube','https://www.youtube.com/watch?v=qsGtF_amkbY','video',NULL,2);
INSERT OR REPLACE INTO song_links (id,song_id,title,url,kind,version_id,sort_order) VALUES ('pisniua_9434188_l3','pisniua_9434188','YouTube','https://www.youtube.com/watch?v=g_SOZW6tOGo','video',NULL,3);
INSERT OR REPLACE INTO songs (id,title,subtitle,lang,country,period,year,source,notes,lyrics,tags_json,lang_locked,status,created_at,updated_at) VALUES ('pisniua_9439889','Я вам бажаю щастя','Музика: Олексій Малахов Слова: Лариса Флінта. Виконує: Наталія Валевська','uk','ukraine_1991',NULL,NULL,'аудіозапис',NULL,'Приспів:
Я вам бажаю щастя без краю!
Вітер надасть сили знов!
І кожен день нехай вас зустрічає
Віра, Надія, Любов!

Хай щастя ваші плечі
Окутає крилом!
Хай кожен теплий вечір
Дарує вам любов!
Нехай усмішки сяють
Та радують слова,
А всі, хто вірить,
Мають в житті лише дива!

Приспів. (2)

Завжди подяку майте
За кожен новий день,
Та серцем зігрівайте
Близьких до вас людей!
Хай ллється водограєм
Дітей щасливий сміх!
Примножимо, що маєм,
Розділимо на всіх!

Приспів. (4)

І кожен день нехай вас зустрічає
Віра, Надія, Любов!','["pisni.org.ua", "cat:zahalni-cinnosti", "Пісні про загальнолюдські цінності"]',1,'published',COALESCE((SELECT created_at FROM songs WHERE id='pisniua_9439889'), datetime('now')),datetime('now'));
INSERT OR REPLACE INTO songs_fts(song_id,title,lyrics) VALUES ('pisniua_9439889','Я вам бажаю щастя','Приспів:
Я вам бажаю щастя без краю!
Вітер надасть сили знов!
І кожен день нехай вас зустрічає
Віра, Надія, Любов!

Хай щастя ваші плечі
Окутає крилом!
Хай кожен теплий вечір
Дарує вам любов!
Нехай усмішки сяють
Та радують слова,
А всі, хто вірить,
Мають в житті лише дива!

Приспів. (2)

Завжди подяку майте
За кожен новий день,
Та серцем зігрівайте
Близьких до вас людей!
Хай ллється водограєм
Дітей щасливий сміх!
Примножимо, що маєм,
Розділимо на всіх!

Приспів. (4)

І кожен день нехай вас зустрічає
Віра, Надія, Любов!');
INSERT OR REPLACE INTO song_links (id,song_id,title,url,kind,version_id,sort_order) VALUES ('pisniua_9439889_l1','pisniua_9439889','YouTube','https://www.youtube.com/watch?v=4e5BnKu3z90','video',NULL,1);
INSERT OR REPLACE INTO songs (id,title,subtitle,lang,country,period,year,source,notes,lyrics,tags_json,lang_locked,status,created_at,updated_at) VALUES ('pisniua_9438181','Новий рiк','Музика: Андрій Ігначенко Слова: Анна Фешенко. Виконує: Kamaliya','uk','ukraine_1991',NULL,NULL,'аудіозапис',NULL,'Приспів:
Загадай бажання в Новий Рік,
Як в казці здійсниться,
Ти лиш посміхнися!..
Щастя в дім приходить на поріг
І свято так близько,
Піднімем ігристе у Новий Рік!

За вікном сніжинки падають,
Чути звуки музики й салют,
А ти зі мною поруч будь!
В новорічну ніч любов свою
Я тобі дарую й мрією
Назустріч всім дивам лечу!
Маски знімемо й з почуттями щирими!

Приспів.

У Новий рік! У Новий рік!
У Новий рік!

Ніч засяє сотнями гірлянд,
П''ять хвилин, куранти б''ють
І скрізь лунає голосно моя
Пісня, що наповнює серця!
В Новорічну ніч усі разом
Любов''ю землю зігріва!
Маски знімемо й з почуттями щирими!

Приспів.

У Новий рік! У Новий рік!
У Новий рік!

Приспів. (2)','["pisni.org.ua", "cat:new-year", "Пісні про Новий Рік"]',1,'published',COALESCE((SELECT created_at FROM songs WHERE id='pisniua_9438181'), datetime('now')),datetime('now'));
INSERT OR REPLACE INTO songs_fts(song_id,title,lyrics) VALUES ('pisniua_9438181','Новий рiк','Приспів:
Загадай бажання в Новий Рік,
Як в казці здійсниться,
Ти лиш посміхнися!..
Щастя в дім приходить на поріг
І свято так близько,
Піднімем ігристе у Новий Рік!

За вікном сніжинки падають,
Чути звуки музики й салют,
А ти зі мною поруч будь!
В новорічну ніч любов свою
Я тобі дарую й мрією
Назустріч всім дивам лечу!
Маски знімемо й з почуттями щирими!

Приспів.

У Новий рік! У Новий рік!
У Новий рік!

Ніч засяє сотнями гірлянд,
П''ять хвилин, куранти б''ють
І скрізь лунає голосно моя
Пісня, що наповнює серця!
В Новорічну ніч усі разом
Любов''ю землю зігріва!
Маски знімемо й з почуттями щирими!

Приспів.

У Новий рік! У Новий рік!
У Новий рік!

Приспів. (2)');
INSERT OR REPLACE INTO song_links (id,song_id,title,url,kind,version_id,sort_order) VALUES ('pisniua_9438181_l1','pisniua_9438181','YouTube','https://www.youtube.com/watch?v=jvHYTCYrGho','video',NULL,1);
INSERT OR REPLACE INTO songs (id,title,subtitle,lang,country,period,year,source,notes,lyrics,tags_json,lang_locked,status,created_at,updated_at) VALUES ('pisniua_942982','Откаль Сонечко сходило','Українська народна пісня','uk','ukraine_before_1917',NULL,NULL,'1. Лемківські співанки. Зібрав і упорядкував М. Соболевський. — К.: Музична Україна, 1967. — 320 с.','Пісня з добірки М.Соболевського: Лемківські співанки Діалектизми: єдно - одне; иде - іде; конколя - кукіль; коприва - кропива; мі - мені; младий - молодий; откаль - звідки; росне - росте; росний - рости (наказовий спосіб); урод - вроди, уроди; червене - червоне; яблін, яблінка - яблуня.','Откаль Сонечко сходило
Там Дівча Яблін садило
Росний Яблінко високо
А по при Земли широко
Урод Яблочко або Дві
Єдно Милому Друге мі
Урод Яблочко Червене
Як моє Личко Рум''яне

Як ся достане Младому
Легко буде Серцу мойому
Як ся достане Старому
Тяжко буде Серцу мойому
Як Старий иде до Млина
То росне за Ним Коприва
Як Старий иде до Поля
То росне за Ним Конколя','["pisni.org.ua", "cat:kupalski", "cat:lemkivski", "cat:vesnyanky-hayivky", "cat:zeleni-svyata", "Купальські пісні", "Лемківські пісні", "Веснянки та гаївки", "Пісні до Зелених свят"]',1,'published',COALESCE((SELECT created_at FROM songs WHERE id='pisniua_942982'), datetime('now')),datetime('now'));
INSERT OR REPLACE INTO songs_fts(song_id,title,lyrics) VALUES ('pisniua_942982','Откаль Сонечко сходило','Откаль Сонечко сходило
Там Дівча Яблін садило
Росний Яблінко високо
А по при Земли широко
Урод Яблочко або Дві
Єдно Милому Друге мі
Урод Яблочко Червене
Як моє Личко Рум''яне

Як ся достане Младому
Легко буде Серцу мойому
Як ся достане Старому
Тяжко буде Серцу мойому
Як Старий иде до Млина
То росне за Ним Коприва
Як Старий иде до Поля
То росне за Ним Конколя');
INSERT OR REPLACE INTO songs (id,title,subtitle,lang,country,period,year,source,notes,lyrics,tags_json,lang_locked,status,created_at,updated_at) VALUES ('pisniua_9429484','Святий Миколай','Музика: Анастасія Комлікова Слова: Лариса Дубас','uk','ukraine_1991',NULL,NULL,'аудіозапис',NULL,'Друже всіх дітей й дорослих,
Любий Миколаю,
Завітай до нас у гості,
Добрий Миколаю!
Усмішками щирими
Ми тебе зустрінемо,
Святий Миколаю!..
Святий Миколаю!..

Ми на тебе так чекали,
Любий Миколаю,
Іграшки всі поскладали,
Добрий Миколаю!
Чистота в усіх оселях,
Чути пісеньки веселі,
Святий Миколаю!..
Святий Миколаю!..

Віримо у твою ласку,
Любий Миколаю!
Завітай у світлу казку,
Добрий Миколаю!
Коли вся земля радіє,   |
Коли здійснюються мрії, |
Святий Миколаю!..       |
Святий Миколаю!..       | (2)','["pisni.org.ua", "cat:svyatyy-mykolay", "Пісні про Святого Миколая"]',1,'published',COALESCE((SELECT created_at FROM songs WHERE id='pisniua_9429484'), datetime('now')),datetime('now'));
INSERT OR REPLACE INTO songs_fts(song_id,title,lyrics) VALUES ('pisniua_9429484','Святий Миколай','Друже всіх дітей й дорослих,
Любий Миколаю,
Завітай до нас у гості,
Добрий Миколаю!
Усмішками щирими
Ми тебе зустрінемо,
Святий Миколаю!..
Святий Миколаю!..

Ми на тебе так чекали,
Любий Миколаю,
Іграшки всі поскладали,
Добрий Миколаю!
Чистота в усіх оселях,
Чути пісеньки веселі,
Святий Миколаю!..
Святий Миколаю!..

Віримо у твою ласку,
Любий Миколаю!
Завітай у світлу казку,
Добрий Миколаю!
Коли вся земля радіє,   |
Коли здійснюються мрії, |
Святий Миколаю!..       |
Святий Миколаю!..       | (2)');
INSERT OR REPLACE INTO song_links (id,song_id,title,url,kind,version_id,sort_order) VALUES ('pisniua_9429484_l1','pisniua_9429484','YouTube','https://www.youtube.com/watch?v=rLwr_X5Cu6A','video',NULL,1);
INSERT OR REPLACE INTO songs (id,title,subtitle,lang,country,period,year,source,notes,lyrics,tags_json,lang_locked,status,created_at,updated_at) VALUES ('pisniua_9440786','Зачарований вінок','Музика: Михайло Назарець Слова: Юлія Хандожинська','uk','ukraine_before_1917',NULL,NULL,'авторське подання',NULL,'На Івана, на Купала,
Ой, віночок виплітала
Ой, віночок виплітала,
В воду биструю пускала.
Ти пливи, пливи, віночок,
Під зелений бережочок,
Ти пливи, не заблудися,
Де коханий подивися.

Приспів:
А вінок в воді купається,
А душа на двоє крається...
Ой, подійте диво-чари,
Не залишитись без пари.
В ніч липневу, в ніч медову
Розплету косу шовкову,
На траву намисто кину,
Своє щастя не покину!..

А вінок пливе тихенько,
Грай, музико, веселенько!
Ідіть, хлопці, до водиці
Та й скоріш на вечорниці!
Вечір, сонечко сідає,
Вже й багаття догоряє...
У сорочці вишиваній
Хлопець мій вінок тримає!..

Приспів.','["pisni.org.ua", "cat:kupalski", "Купальські пісні"]',1,'published',COALESCE((SELECT created_at FROM songs WHERE id='pisniua_9440786'), datetime('now')),datetime('now'));
INSERT OR REPLACE INTO songs_fts(song_id,title,lyrics) VALUES ('pisniua_9440786','Зачарований вінок','На Івана, на Купала,
Ой, віночок виплітала
Ой, віночок виплітала,
В воду биструю пускала.
Ти пливи, пливи, віночок,
Під зелений бережочок,
Ти пливи, не заблудися,
Де коханий подивися.

Приспів:
А вінок в воді купається,
А душа на двоє крається...
Ой, подійте диво-чари,
Не залишитись без пари.
В ніч липневу, в ніч медову
Розплету косу шовкову,
На траву намисто кину,
Своє щастя не покину!..

А вінок пливе тихенько,
Грай, музико, веселенько!
Ідіть, хлопці, до водиці
Та й скоріш на вечорниці!
Вечір, сонечко сідає,
Вже й багаття догоряє...
У сорочці вишиваній
Хлопець мій вінок тримає!..

Приспів.');
INSERT OR REPLACE INTO songs (id,title,subtitle,lang,country,period,year,source,notes,lyrics,tags_json,lang_locked,status,created_at,updated_at) VALUES ('pisniua_9441787','Любить Миколай','Музика: Микола Ведмедеря Слова: Марія Яновська','uk','ukraine_1991',NULL,NULL,'аудіозапис',NULL,'Коли мороз пощипує за щічки,
Покриє льодом тихий став і річку,
Як білим снігом вкриє сад і гай —
Для всіх несе гостинці Миколай!

Приспів:
Такий привітний, у новім кожушку,
Кладе гостинці тихо під подушку.
Слухняним будь! Собі запам''ятай,
Що тільки чемних любить Миколай!

Де спить дитина, знає дуже добре,
Дід Миколай ласкавий і хоробрий
У шапці-невидимці уночі
Заходить тихо в хату, без ключів!

Приспів.','["pisni.org.ua", "cat:svyatyy-mykolay", "Пісні про Святого Миколая"]',1,'published',COALESCE((SELECT created_at FROM songs WHERE id='pisniua_9441787'), datetime('now')),datetime('now'));
INSERT OR REPLACE INTO songs_fts(song_id,title,lyrics) VALUES ('pisniua_9441787','Любить Миколай','Коли мороз пощипує за щічки,
Покриє льодом тихий став і річку,
Як білим снігом вкриє сад і гай —
Для всіх несе гостинці Миколай!

Приспів:
Такий привітний, у новім кожушку,
Кладе гостинці тихо під подушку.
Слухняним будь! Собі запам''ятай,
Що тільки чемних любить Миколай!

Де спить дитина, знає дуже добре,
Дід Миколай ласкавий і хоробрий
У шапці-невидимці уночі
Заходить тихо в хату, без ключів!

Приспів.');
INSERT OR REPLACE INTO songs (id,title,subtitle,lang,country,period,year,source,notes,lyrics,tags_json,lang_locked,status,created_at,updated_at) VALUES ('pisniua_9435982','Чарівний Миколай','Музика: Марія Демків Слова: І. Корнійчук','uk','ukraine_1991',NULL,NULL,'аудіозапис',NULL,'На землю України,
У наш прекрасний край
Зійшов з самого неба
Чарівний Миколай!

Приспів:
Святий наш Миколаю,
Ти снишся нам вночі,
Тебе ми дуже любим, |
І молимось тобі!    | (2)

Цукерки й мандаринки,
І яблучка смачні
Розносиш в ніч чарівну
Щасливій дітворі!

Приспів.

Радіють всюди діти,
І вірять в чудеса:
Що із небес дорога
На землю пролягла!

Приспів.','["pisni.org.ua", "cat:svyatyy-mykolay", "Пісні про Святого Миколая"]',1,'published',COALESCE((SELECT created_at FROM songs WHERE id='pisniua_9435982'), datetime('now')),datetime('now'));
INSERT OR REPLACE INTO songs_fts(song_id,title,lyrics) VALUES ('pisniua_9435982','Чарівний Миколай','На землю України,
У наш прекрасний край
Зійшов з самого неба
Чарівний Миколай!

Приспів:
Святий наш Миколаю,
Ти снишся нам вночі,
Тебе ми дуже любим, |
І молимось тобі!    | (2)

Цукерки й мандаринки,
І яблучка смачні
Розносиш в ніч чарівну
Щасливій дітворі!

Приспів.

Радіють всюди діти,
І вірять в чудеса:
Що із небес дорога
На землю пролягла!

Приспів.');
INSERT OR REPLACE INTO songs (id,title,subtitle,lang,country,period,year,source,notes,lyrics,tags_json,lang_locked,status,created_at,updated_at) VALUES ('pisniua_9442580','Стефанія','(Stefania). Музика: Тимофій Музичук, Ігор Діденчук, Віталій Дужик Слова: Олег Псюк, Іван Кліменко. Виконує: Kalush Orchestra','uk','ukraine_1991',NULL,NULL,'аудіозапис',NULL,'Приспів:
Стефанія мамо! Мамо Стефанія!
Розквітає поле, а вона сивіє!..
Заспівай мені, мамо, колискову,
Хочу ще почути твоє рідне слово!..

Вона мене колисала, дала мені ритм,
І, напевне, силу волі
Не забрати в мене, бо дала вона!
Напевне знала може більше і від Соломона.
Ламаними дорогами прийду я завжди до тебе!
Вона не розбудить,
Не будить мене в сильні бурі,
Забере в бабулі дві дулі, ніби вони кулі...
Дуже добре знала мене, не була обманута,
Як була дуже втомлена, гойдала мене в такт
Люлі... Люлі... Люлі...

Приспів.

Я не в пеленах, но, ма, но, ма,
Хватить, якби я не виріс на виріст
За речі платить...
Я - не мала дитина, вона далі нерви тратить,
Я гуляв, шляк би тебе трафив!..
Ти все молода, о, мамо, на піку,
Якщо не ціню опіку на піку слави -
Мені в тупику... Забивайте піку цю піку,
Я би попік спік своєю любов''ю...
Люлі... Люлі... Люлі...

Приспів. (2)','["pisni.org.ua", "cat:pro-batkiv", "Пісні про любов до батьків"]',1,'published',COALESCE((SELECT created_at FROM songs WHERE id='pisniua_9442580'), datetime('now')),datetime('now'));
INSERT OR REPLACE INTO songs_fts(song_id,title,lyrics) VALUES ('pisniua_9442580','Стефанія','Приспів:
Стефанія мамо! Мамо Стефанія!
Розквітає поле, а вона сивіє!..
Заспівай мені, мамо, колискову,
Хочу ще почути твоє рідне слово!..

Вона мене колисала, дала мені ритм,
І, напевне, силу волі
Не забрати в мене, бо дала вона!
Напевне знала може більше і від Соломона.
Ламаними дорогами прийду я завжди до тебе!
Вона не розбудить,
Не будить мене в сильні бурі,
Забере в бабулі дві дулі, ніби вони кулі...
Дуже добре знала мене, не була обманута,
Як була дуже втомлена, гойдала мене в такт
Люлі... Люлі... Люлі...

Приспів.

Я не в пеленах, но, ма, но, ма,
Хватить, якби я не виріс на виріст
За речі платить...
Я - не мала дитина, вона далі нерви тратить,
Я гуляв, шляк би тебе трафив!..
Ти все молода, о, мамо, на піку,
Якщо не ціню опіку на піку слави -
Мені в тупику... Забивайте піку цю піку,
Я би попік спік своєю любов''ю...
Люлі... Люлі... Люлі...

Приспів. (2)');
INSERT OR REPLACE INTO song_links (id,song_id,title,url,kind,version_id,sort_order) VALUES ('pisniua_9442580_l1','pisniua_9442580','YouTube','https://www.youtube.com/watch?v=5nRQWc4YKGU','video',NULL,1);
INSERT OR REPLACE INTO song_links (id,song_id,title,url,kind,version_id,sort_order) VALUES ('pisniua_9442580_l2','pisniua_9442580','YouTube','https://www.youtube.com/watch?v=9mxqYaNpvnY','video',NULL,2);
INSERT OR REPLACE INTO song_links (id,song_id,title,url,kind,version_id,sort_order) VALUES ('pisniua_9442580_l3','pisniua_9442580','YouTube','https://www.youtube.com/watch?v=NPns2ShboT8','video',NULL,3);
INSERT OR REPLACE INTO song_links (id,song_id,title,url,kind,version_id,sort_order) VALUES ('pisniua_9442580_l4','pisniua_9442580','YouTube','https://www.youtube.com/watch?v=aW9xbvE3jdQ','video',NULL,4);
INSERT OR REPLACE INTO songs (id,title,subtitle,lang,country,period,year,source,notes,lyrics,tags_json,lang_locked,status,created_at,updated_at) VALUES ('pisniua_9447181','Рідні мої','Музика: Vanek Klimenko Слова: Альона Савраненко (alyona alyona), Jerry Heil. Виконує: Альона Савраненко (alyona alyona), Jerry Heil','uk','ukraine_1991',NULL,NULL,'аудіозапис',NULL,'Приспів:
Будь ласка,
Відпустіть на Пасху
До сім''ї,
Де мене знають без маски.
На зорі,
Де читала баба казки,
Де в ціні любов,
А не заслуги і поразки!.. | (2)

Рідні мої, рідні мої,
Я знаю, чекаєте в гості,
Я вам обіцяла весною,
Очима моргнула — а вже руда осінь...
Рідні мої, рідні мої,
Я бачу, як вужчає коло,
Тепер уже менше стільців
Стоїть біля столу святкового...
Рідні мої, рідні мої,
Розмови до пізньої ночі,
В печі закипатиме горщик,
І свічка світитиме в очі...
Рідні мої, рідні мої,
Іконами із рушниками
Колись зустрічали,
Тепер проводжають усіх,
Хто більше не з нами...

Приспів.

Рідні мої, рідні мої,
Куди розлітаєтесь стрімко?
Хай птахи летять із гнізда,
А то ж ваші стіни, то ваша стріха.
Рідні мої, рідні мої,
Із буди не гавка собака,
І котик на ґанку уже не мурчить,
Щоб діти навколо не плакали...
Рідні мої, рідні мої,
Чому ваші коси сивіють?
Я знаю, як дати нове життя,
Старе ж повертати не вмію...
Рідні мої, рідні мої,
Я хочу вам пообіцяти,
Що я берегтиму традиції цої сім''ї!..

Приспів.

Будь ласка...','["pisni.org.ua", "cat:devoted", "Пісні присвячені окремим особам"]',1,'published',COALESCE((SELECT created_at FROM songs WHERE id='pisniua_9447181'), datetime('now')),datetime('now'));
INSERT OR REPLACE INTO songs_fts(song_id,title,lyrics) VALUES ('pisniua_9447181','Рідні мої','Приспів:
Будь ласка,
Відпустіть на Пасху
До сім''ї,
Де мене знають без маски.
На зорі,
Де читала баба казки,
Де в ціні любов,
А не заслуги і поразки!.. | (2)

Рідні мої, рідні мої,
Я знаю, чекаєте в гості,
Я вам обіцяла весною,
Очима моргнула — а вже руда осінь...
Рідні мої, рідні мої,
Я бачу, як вужчає коло,
Тепер уже менше стільців
Стоїть біля столу святкового...
Рідні мої, рідні мої,
Розмови до пізньої ночі,
В печі закипатиме горщик,
І свічка світитиме в очі...
Рідні мої, рідні мої,
Іконами із рушниками
Колись зустрічали,
Тепер проводжають усіх,
Хто більше не з нами...

Приспів.

Рідні мої, рідні мої,
Куди розлітаєтесь стрімко?
Хай птахи летять із гнізда,
А то ж ваші стіни, то ваша стріха.
Рідні мої, рідні мої,
Із буди не гавка собака,
І котик на ґанку уже не мурчить,
Щоб діти навколо не плакали...
Рідні мої, рідні мої,
Чому ваші коси сивіють?
Я знаю, як дати нове життя,
Старе ж повертати не вмію...
Рідні мої, рідні мої,
Я хочу вам пообіцяти,
Що я берегтиму традиції цої сім''ї!..

Приспів.

Будь ласка...');
INSERT OR REPLACE INTO song_links (id,song_id,title,url,kind,version_id,sort_order) VALUES ('pisniua_9447181_l1','pisniua_9447181','YouTube','https://www.youtube.com/watch?v=eZslMJsyKdw','video',NULL,1);
INSERT OR REPLACE INTO songs (id,title,subtitle,lang,country,period,year,source,notes,lyrics,tags_json,lang_locked,status,created_at,updated_at) VALUES ('pisniua_9447484','Купалася дівка Маринка','Українська народна пісня','uk','ukraine_before_1917',NULL,NULL,'Олена Гончаренко',NULL,'Купалася дівка Маринка,
Купала на Йвана!

Купаючи, вона змерзла,
Купала на Йвана!

Та нігде їй перегрітися,
Купала на Йвана!

У Іванка пуд рукою,
Купала на Йвана!

Пуд рукою, пуд полою,
Купала на Йвана!','["pisni.org.ua", "cat:kupalski", "Купальські пісні"]',1,'published',COALESCE((SELECT created_at FROM songs WHERE id='pisniua_9447484'), datetime('now')),datetime('now'));
INSERT OR REPLACE INTO songs_fts(song_id,title,lyrics) VALUES ('pisniua_9447484','Купалася дівка Маринка','Купалася дівка Маринка,
Купала на Йвана!

Купаючи, вона змерзла,
Купала на Йвана!

Та нігде їй перегрітися,
Купала на Йвана!

У Іванка пуд рукою,
Купала на Йвана!

Пуд рукою, пуд полою,
Купала на Йвана!');
INSERT OR REPLACE INTO songs (id,title,subtitle,lang,country,period,year,source,notes,lyrics,tags_json,lang_locked,status,created_at,updated_at) VALUES ('pisniua_944282','Прощальний романс','Музика: Михайло Зарічний Слова: Олександр Ірванець. Виконує: ПереBANDя, Михайло Зарічний','uk','ukraine_1991',NULL,NULL,'1. Надав М. Зарічний','Підбір акордів: М. Зарічний','Bm
А я тебе кидаю
Em7
В світі такому холодному.
A7
Всі клятви й обіцянки
F#7              Bm7+
Раптом упали в ціні.
І тільки два слова,
Два слова сумління колотимуть:
G7
Пробачиш мені?
C                F#9+
Моя мила, пробачиш мені?

Пробач мені, мила,
Яви свою милість, пробач мені.
Звільни мою душу
Від того, що так їй пече.
Тому ми й прощання
Назвали останнім побаченням,
Щоб мати надію -
А раптом побачимось ще.

Але ти мовчиш.
Головою печально похитуєш
І стук твоїх кроків
Відлунює в скроні мої:
"Навіщо ти кидаєш милу,
На-ві-що ти ки-да-єш?
Це ж, може, остання любов,
Тож не кидай її!..."

Останні вагання
Змиває і злизує злива.
Останніх благань
Благенькі блакитні вогні.
А я тебе кидаю,
Я тебе кидаю, мила,
Мов круг рятувальний,
Якого хтось кинув мені.','["pisni.org.ua", "cat:bardivski", "Бардівські пісні"]',1,'published',COALESCE((SELECT created_at FROM songs WHERE id='pisniua_944282'), datetime('now')),datetime('now'));
INSERT OR REPLACE INTO songs_fts(song_id,title,lyrics) VALUES ('pisniua_944282','Прощальний романс','Bm
А я тебе кидаю
Em7
В світі такому холодному.
A7
Всі клятви й обіцянки
F#7              Bm7+
Раптом упали в ціні.
І тільки два слова,
Два слова сумління колотимуть:
G7
Пробачиш мені?
C                F#9+
Моя мила, пробачиш мені?

Пробач мені, мила,
Яви свою милість, пробач мені.
Звільни мою душу
Від того, що так їй пече.
Тому ми й прощання
Назвали останнім побаченням,
Щоб мати надію -
А раптом побачимось ще.

Але ти мовчиш.
Головою печально похитуєш
І стук твоїх кроків
Відлунює в скроні мої:
"Навіщо ти кидаєш милу,
На-ві-що ти ки-да-єш?
Це ж, може, остання любов,
Тож не кидай її!..."

Останні вагання
Змиває і злизує злива.
Останніх благань
Благенькі блакитні вогні.
А я тебе кидаю,
Я тебе кидаю, мила,
Мов круг рятувальний,
Якого хтось кинув мені.');
INSERT OR REPLACE INTO songs (id,title,subtitle,lang,country,period,year,source,notes,lyrics,tags_json,lang_locked,status,created_at,updated_at) VALUES ('pisniua_9436580','Ріка','Музика: Євген Турчинов Слова: Сергій Жадан. Виконує: Жадан і Собаки','uk','ukraine_1991',NULL,NULL,'аудіозапис',NULL,'Приспів:
І немає різниці при цій ріці,            |
Що відбивають твої зіниці...             |
Твої вилиці, тінь на твоєму лиці,        |
Наприкінці не буде різниці...            |
Не матиме значення жодне з учень,        |
І мовчання нічне не матиме значення...   |
Освячена кожна з твоїх речей,            |
До побачення, ніжна моя, до побачення!.. | (2)

Тихо так, наче падає сніг,
Тьмяно зникаючи між небесами,
Лишається світло з усіх утіх,
І небо наповнюється голосами...
Палає вогонь для усіх, хто пішов,
І звістка здається такою гіркою...
Місце прощання болюче, як шов,
Ніби стоїш над нічною рікою...

Приспів.

Дивно так починається рік,
Наче хтось переписує ріки.
Кожна, з прописаних нами доріг,
Тьмою лягатиме на повіки...
Світло так, наче палять вогні,
І течія вигорає зісподу,
Все відчитається на глибині,
І ступаєш у відданість, ніби у воду...

Приспів.','["pisni.org.ua", "cat:philosophic", "Філософські пісні"]',1,'published',COALESCE((SELECT created_at FROM songs WHERE id='pisniua_9436580'), datetime('now')),datetime('now'));
INSERT OR REPLACE INTO songs_fts(song_id,title,lyrics) VALUES ('pisniua_9436580','Ріка','Приспів:
І немає різниці при цій ріці,            |
Що відбивають твої зіниці...             |
Твої вилиці, тінь на твоєму лиці,        |
Наприкінці не буде різниці...            |
Не матиме значення жодне з учень,        |
І мовчання нічне не матиме значення...   |
Освячена кожна з твоїх речей,            |
До побачення, ніжна моя, до побачення!.. | (2)

Тихо так, наче падає сніг,
Тьмяно зникаючи між небесами,
Лишається світло з усіх утіх,
І небо наповнюється голосами...
Палає вогонь для усіх, хто пішов,
І звістка здається такою гіркою...
Місце прощання болюче, як шов,
Ніби стоїш над нічною рікою...

Приспів.

Дивно так починається рік,
Наче хтось переписує ріки.
Кожна, з прописаних нами доріг,
Тьмою лягатиме на повіки...
Світло так, наче палять вогні,
І течія вигорає зісподу,
Все відчитається на глибині,
І ступаєш у відданість, ніби у воду...

Приспів.');
INSERT OR REPLACE INTO song_links (id,song_id,title,url,kind,version_id,sort_order) VALUES ('pisniua_9436580_l1','pisniua_9436580','YouTube','https://www.youtube.com/watch?v=szad9NmyYd4','video',NULL,1);
INSERT OR REPLACE INTO songs (id,title,subtitle,lang,country,period,year,source,notes,lyrics,tags_json,lang_locked,status,created_at,updated_at) VALUES ('pisniua_943281','Балада про бабусю і онука','Музика: Олег Сухарєв Слова: Олег Сухарєв. Виконує: Олег Сухарєв','uk','ukraine_1991',NULL,NULL,NULL,'Підбір акордів: фофка','Іван був з вінницької області,
ходив напувати худобу за село...
Але доля мала свої пристрасті
і його до столиці занесло.

Вона була прекрасная шполяночка,
осьо уся оси осина.
І там у друга була п''яночка
так Іван покохав Христину

Вона навчалась в інституті,
була дуже вумна, знала похідні,
займалась спортом, скакала на батуті,
грати на гітарі ходила в вихідні.

Іван був хлопець роботящий,
він на заводі танки випускав,
він токар був з усіх в цеху найкращий
і дошку пошани завжди прикрашав...

- Виходь за мене, Христю, заміж,
твоїм навік я обіцяю бути.
- Не вийду я за тебе заміж,
я про це не хочу навіть чути.

- Але не на того ти попала, віриш,
Іван характером був хлопець впертий.
Або під вінець ти зі мною підеш,
або краще мені тоді вмерти...

"Гірко", "Гірко" кричали п''яні гості.
Дай вам, Боже, щєстя многії літа
музики змовкли тільки десь о шостій,
в кімнаті молодих не стало світла...

...Мати збирала ковбаси і сиру,
мати проводжала діток до столиці,
"Станемо ми, мамо в чергу на квартиру,
дай-но на прощання напитися водиці..."

Так все сталося, як і гадалося -
все відбулося належним чином.
слава богу хотілось, слава богу моглося,
навесну Христина принесла сина...

Три вісімсот, назвали Андрієм,
знов мати збирає ковбаси і сиру,
Христина посміхається, Іван радіє,
як враз підійшла черга на квартиру...

Хлопчик підростав до наук придатний,
вивчав комп''ютори й англійську мову,
чемний був і акуратний,
- ну що там  школі? - п''ятірка знову..

Літо. Канікули. Весела пора.
Телеграма. Будь ласка. Розпишіться. Ручка.
"Іванку, Христинко, а чи не пора
показати мені мого онучка?

Їхали на поїзді і на автобУсі,
сірими грунтівками пилюки наковтались.
Вона вже на порозі. "Біжи, синку, до бабусі!"
Іванко і Христинка з матір''ю вітались.

- А ти, чому мовчиш, любий мій онуче?
в тобі ж, малятко, козацькая кров є...
я молока наллю тобі повную кружку...
- Здравстуйтє, бабушка, как ваше здаров''є?','["pisni.org.ua", "cat:bardivski", "Бардівські пісні"]',1,'published',COALESCE((SELECT created_at FROM songs WHERE id='pisniua_943281'), datetime('now')),datetime('now'));
INSERT OR REPLACE INTO songs_fts(song_id,title,lyrics) VALUES ('pisniua_943281','Балада про бабусю і онука','Іван був з вінницької області,
ходив напувати худобу за село...
Але доля мала свої пристрасті
і його до столиці занесло.

Вона була прекрасная шполяночка,
осьо уся оси осина.
І там у друга була п''яночка
так Іван покохав Христину

Вона навчалась в інституті,
була дуже вумна, знала похідні,
займалась спортом, скакала на батуті,
грати на гітарі ходила в вихідні.

Іван був хлопець роботящий,
він на заводі танки випускав,
він токар був з усіх в цеху найкращий
і дошку пошани завжди прикрашав...

- Виходь за мене, Христю, заміж,
твоїм навік я обіцяю бути.
- Не вийду я за тебе заміж,
я про це не хочу навіть чути.

- Але не на того ти попала, віриш,
Іван характером був хлопець впертий.
Або під вінець ти зі мною підеш,
або краще мені тоді вмерти...

"Гірко", "Гірко" кричали п''яні гості.
Дай вам, Боже, щєстя многії літа
музики змовкли тільки десь о шостій,
в кімнаті молодих не стало світла...

...Мати збирала ковбаси і сиру,
мати проводжала діток до столиці,
"Станемо ми, мамо в чергу на квартиру,
дай-но на прощання напитися водиці..."

Так все сталося, як і гадалося -
все відбулося належним чином.
слава богу хотілось, слава богу моглося,
навесну Христина принесла сина...

Три вісімсот, назвали Андрієм,
знов мати збирає ковбаси і сиру,
Христина посміхається, Іван радіє,
як враз підійшла черга на квартиру...

Хлопчик підростав до наук придатний,
вивчав комп''ютори й англійську мову,
чемний був і акуратний,
- ну що там  школі? - п''ятірка знову..

Літо. Канікули. Весела пора.
Телеграма. Будь ласка. Розпишіться. Ручка.
"Іванку, Христинко, а чи не пора
показати мені мого онучка?

Їхали на поїзді і на автобУсі,
сірими грунтівками пилюки наковтались.
Вона вже на порозі. "Біжи, синку, до бабусі!"
Іванко і Христинка з матір''ю вітались.

- А ти, чому мовчиш, любий мій онуче?
в тобі ж, малятко, козацькая кров є...
я молока наллю тобі повную кружку...
- Здравстуйтє, бабушка, как ваше здаров''є?');
INSERT OR REPLACE INTO song_links (id,song_id,title,url,kind,version_id,sort_order) VALUES ('pisniua_943281_l1','pisniua_943281','YouTube','https://www.youtube.com/watch?v=z1flEAoO344','video',NULL,1);
INSERT OR REPLACE INTO songs (id,title,subtitle,lang,country,period,year,source,notes,lyrics,tags_json,lang_locked,status,created_at,updated_at) VALUES ('pisniua_945085','Темна ніч настала','Українська народна пісня. Виконує: Курінь','uk','ukr_ssr_1919_1991',NULL,NULL,'Аудіо-записи дуету "Курінь"','Текст і акорди записано на слух з аудіо.','Вступ: Em Am Em Am Em

Темна ніч наста- ла.
Всюди було тихо.
До села з-під лісу  |
Вже підходить лихо. |

Приїжджають кати
Попід кожну хату,
Арештують друзів    |
За підпільну працю. |(2)

Друзів арештують,
Закувають руки,
Тай вивозять шляхом |
до тюрми на муки.   |(2)

Так сиділи друзі
По півтора року,
Тай виводять друзів |
Слухати вироку.     |(2)

Вирок прочитали,
На смерть засудили.
Тарахтить скоростріл - |
Друзі повалились.      |(2)

Але їхня слава,
Слава не пропала!
Слава Україні!     |
Всім Героям слава! |(2)','["pisni.org.ua", "cat:povstanski", "Повстанські пісні"]',1,'published',COALESCE((SELECT created_at FROM songs WHERE id='pisniua_945085'), datetime('now')),datetime('now'));
INSERT OR REPLACE INTO songs_fts(song_id,title,lyrics) VALUES ('pisniua_945085','Темна ніч настала','Вступ: Em Am Em Am Em

Темна ніч наста- ла.
Всюди було тихо.
До села з-під лісу  |
Вже підходить лихо. |

Приїжджають кати
Попід кожну хату,
Арештують друзів    |
За підпільну працю. |(2)

Друзів арештують,
Закувають руки,
Тай вивозять шляхом |
до тюрми на муки.   |(2)

Так сиділи друзі
По півтора року,
Тай виводять друзів |
Слухати вироку.     |(2)

Вирок прочитали,
На смерть засудили.
Тарахтить скоростріл - |
Друзі повалились.      |(2)

Але їхня слава,
Слава не пропала!
Слава Україні!     |
Всім Героям слава! |(2)');
INSERT OR REPLACE INTO song_links (id,song_id,title,url,kind,version_id,sort_order) VALUES ('pisniua_945085_l1','pisniua_945085','Переглянути варіанти >>','https://www.pisni.org.ua/#variants','external',NULL,1);
INSERT OR REPLACE INTO songs (id,title,subtitle,lang,country,period,year,source,notes,lyrics,tags_json,lang_locked,status,created_at,updated_at) VALUES ('pisniua_9454383','День народження','Музика: Юрій Ящук Слова: Юрій Шмегельський','uk','ukraine_1991',NULL,NULL,'аудіозапис',NULL,'Ось настав цей святковий день,
Ти вітання скоріш приймай!
Щирих друзів, своїх гостей,
Ти на свято усіх скликай!
І нехай веселяться всі,
Хай зігріє тебе любов!
Поздоровлення від душі
Лиш для тебе лунають знов!

Приспів:
Цей день щасливий,
Він для тебе особливий!
Вір у те, що все можливо
В твій день народження!
Цей день щасливий
Ми відсвяткуємо бурхливо!
Знаєш ти, що все можливо
В твій день народження!

Хай здійсняється безліч мрій,
І щастить у житті не раз! -
Зичать друзі усі твої
В цей шалений святковий час!
І лунає веселий спів,
І у тебе в душі весна,
Скільки квітів і теплих слів,
Що закрутиться голова!

Приспів.','["pisni.org.ua", "cat:druzhba", "Пісні про дружбу"]',1,'published',COALESCE((SELECT created_at FROM songs WHERE id='pisniua_9454383'), datetime('now')),datetime('now'));
INSERT OR REPLACE INTO songs_fts(song_id,title,lyrics) VALUES ('pisniua_9454383','День народження','Ось настав цей святковий день,
Ти вітання скоріш приймай!
Щирих друзів, своїх гостей,
Ти на свято усіх скликай!
І нехай веселяться всі,
Хай зігріє тебе любов!
Поздоровлення від душі
Лиш для тебе лунають знов!

Приспів:
Цей день щасливий,
Він для тебе особливий!
Вір у те, що все можливо
В твій день народження!
Цей день щасливий
Ми відсвяткуємо бурхливо!
Знаєш ти, що все можливо
В твій день народження!

Хай здійсняється безліч мрій,
І щастить у житті не раз! -
Зичать друзі усі твої
В цей шалений святковий час!
І лунає веселий спів,
І у тебе в душі весна,
Скільки квітів і теплих слів,
Що закрутиться голова!

Приспів.');
INSERT OR REPLACE INTO song_links (id,song_id,title,url,kind,version_id,sort_order) VALUES ('pisniua_9454383_l1','pisniua_9454383','YouTube','https://www.youtube.com/watch?v=oCUhmpcNzSA','video',NULL,1);
INSERT OR REPLACE INTO songs (id,title,subtitle,lang,country,period,year,source,notes,lyrics,tags_json,lang_locked,status,created_at,updated_at) VALUES ('pisniua_9446786','Паляниця','Музика: Олег Винник Слова: KATERYNA','uk','ukraine_1991',NULL,NULL,'аудіозапис',NULL,'Падав безжалісно Град,
Била блискавиця,
Били російських солдат
Прямо на границі!
Хай ці фашисти ідуть
На*ер з України!
Будем мочити їх тут!
З нами Джавеліни!

Мами російськтих солдат,   |
Вам спиться чи не спиться? |
Доки тут ваші сини         |
Вчать слово "Паляниця!"    |
Вірили, що за три дні      |
Візьмуть вони Київ,        |
Але дізнались всю міць     |
Нашої країни!              | (2)','["pisni.org.ua", "cat:viyskovi", "Пісні на військову тематику"]',1,'published',COALESCE((SELECT created_at FROM songs WHERE id='pisniua_9446786'), datetime('now')),datetime('now'));
INSERT OR REPLACE INTO songs_fts(song_id,title,lyrics) VALUES ('pisniua_9446786','Паляниця','Падав безжалісно Град,
Била блискавиця,
Били російських солдат
Прямо на границі!
Хай ці фашисти ідуть
На*ер з України!
Будем мочити їх тут!
З нами Джавеліни!

Мами російськтих солдат,   |
Вам спиться чи не спиться? |
Доки тут ваші сини         |
Вчать слово "Паляниця!"    |
Вірили, що за три дні      |
Візьмуть вони Київ,        |
Але дізнались всю міць     |
Нашої країни!              | (2)');
INSERT OR REPLACE INTO song_links (id,song_id,title,url,kind,version_id,sort_order) VALUES ('pisniua_9446786_l1','pisniua_9446786','YouTube','https://www.youtube.com/watch?v=mGGn7DeSE4Q','video',NULL,1);
INSERT OR REPLACE INTO songs (id,title,subtitle,lang,country,period,year,source,notes,lyrics,tags_json,lang_locked,status,created_at,updated_at) VALUES ('pisniua_9447384','Великодні дзвони',NULL,'uk','ukraine_1991',NULL,NULL,'аудіозапис',NULL,'Дзвонять дзвони величаво,
Радості багато,
Бо прийшов до нас Великдень - |
Наймиліше свято!              | (2)

На майдані, біля храму
Кошики з пасками.
У них свічі пломеніють        |
Ясними вогнями.               | (2)

Дзвонять дзвони урочисто,
Отці добро святять.
Христос Воскрес! Тож радіймо
Великоднім святам!
Христос Воскрес! Тож радіймо
Цим великим святам!','["pisni.org.ua", "cat:cerkovni", "cat:voskresni", "Церковні пісні", "Воскресні пісні"]',1,'published',COALESCE((SELECT created_at FROM songs WHERE id='pisniua_9447384'), datetime('now')),datetime('now'));
INSERT OR REPLACE INTO songs_fts(song_id,title,lyrics) VALUES ('pisniua_9447384','Великодні дзвони','Дзвонять дзвони величаво,
Радості багато,
Бо прийшов до нас Великдень - |
Наймиліше свято!              | (2)

На майдані, біля храму
Кошики з пасками.
У них свічі пломеніють        |
Ясними вогнями.               | (2)

Дзвонять дзвони урочисто,
Отці добро святять.
Христос Воскрес! Тож радіймо
Великоднім святам!
Христос Воскрес! Тож радіймо
Цим великим святам!');
INSERT OR REPLACE INTO song_links (id,song_id,title,url,kind,version_id,sort_order) VALUES ('pisniua_9447384_l1','pisniua_9447384','YouTube','https://www.youtube.com/watch?v=zeU19lgZyhE','video',NULL,1);
INSERT OR REPLACE INTO songs (id,title,subtitle,lang,country,period,year,source,notes,lyrics,tags_json,lang_locked,status,created_at,updated_at) VALUES ('pisniua_9454989','У матері над хатою','Музика: Андрій Грановський Слова: Валерій Ковтуненко','uk','ukraine_1991',NULL,NULL,'аудіозапис',NULL,'У матері над хатою лелеки цокотять...
У матері над хатою два лебеді летять...
У матері над хатою пливе весна, весна...       |
У матері над хатою, а мати все одна...         | (2)

А мати жде, надіється, що в ріднії краї
Повернуться, повернуться ті дітоньки її...
Накрила стіл під грушею, заслала рушники,      |
На них дрібненько падають квітневі пелюстки... | (2)

Та дітоньки, вже виросли, покинули свій дім,
А матінка лиш молиться, прохая щастя всім!..
І сивина закралася до неї на виски,            |
Накрила білим інеєм травневі пелюстки...       | (2)

У матері над хатою молитви чуть слова,
Вона молитись буде ще поки є жива!..
Молитва матері завжди відчутна на душі,        |
На серці не згасає ні в день, ні у ночі!..     | (2)

Пора прийшла, сніг падає, надворі вже зима,
А в хаті тій нетопленій вже матері нема...
Лише в саду під грушею лишились навіки         |
Снігами припорошені квітчасті рушники...       | (2)','["pisni.org.ua", "cat:nostalgia", "cat:pro-batkiv", "cat:pro-ditey", "Пісні з ностальгічними мотивами", "Пісні про любов до батьків", "Пісні про любов до дітей"]',1,'published',COALESCE((SELECT created_at FROM songs WHERE id='pisniua_9454989'), datetime('now')),datetime('now'));
INSERT OR REPLACE INTO songs_fts(song_id,title,lyrics) VALUES ('pisniua_9454989','У матері над хатою','У матері над хатою лелеки цокотять...
У матері над хатою два лебеді летять...
У матері над хатою пливе весна, весна...       |
У матері над хатою, а мати все одна...         | (2)

А мати жде, надіється, що в ріднії краї
Повернуться, повернуться ті дітоньки її...
Накрила стіл під грушею, заслала рушники,      |
На них дрібненько падають квітневі пелюстки... | (2)

Та дітоньки, вже виросли, покинули свій дім,
А матінка лиш молиться, прохая щастя всім!..
І сивина закралася до неї на виски,            |
Накрила білим інеєм травневі пелюстки...       | (2)

У матері над хатою молитви чуть слова,
Вона молитись буде ще поки є жива!..
Молитва матері завжди відчутна на душі,        |
На серці не згасає ні в день, ні у ночі!..     | (2)

Пора прийшла, сніг падає, надворі вже зима,
А в хаті тій нетопленій вже матері нема...
Лише в саду під грушею лишились навіки         |
Снігами припорошені квітчасті рушники...       | (2)');
INSERT OR REPLACE INTO song_links (id,song_id,title,url,kind,version_id,sort_order) VALUES ('pisniua_9454989_l1','pisniua_9454989','YouTube','https://www.youtube.com/watch?v=5es3senbCco','video',NULL,1);
INSERT OR REPLACE INTO songs (id,title,subtitle,lang,country,period,year,source,notes,lyrics,tags_json,lang_locked,status,created_at,updated_at) VALUES ('pisniua_9446282','Розстріляна весна','(Буча). Музика: Ірина Федишин Слова: о. Петро Половко. Виконує: Ірина Федишин','uk','ukraine_1991',NULL,NULL,'аудіозапис',NULL,'Здригнувся світ, це біль пекуча,
Мов на хресті розп''ята Буча,
Немає сонця, тільки ночі,
Нема життя, закриті очі...
Нема весни, її спалили,
Ні це не сни, їх взяли й вбили,
Бо їх вина, що українці,
Це 41-ший, фашисти, німці...

Приспів:
Розстріляна весна...    |
Розстріляні мрії...     |
І стогне від болю земля |
В моїй Україні...       | (2)

До Бога хочеться кричати,
І битись в груди, не мовчати,
Але і Ти був на хресті,
Зв''язали руки теж Тобі...
Сміялись, били і плювали,
І одіж твою роздирали,
Хоч мав Ти силу всю могучу,
Згадай, Ісусе, нашу Бучу!..
Поглянь на свіжі ще могили,
Одне прошу, подай нам сили,
Вже не питаюся, чому?..
Лиш зупиги оцю війну!..

Приспів.

Пробач, до зла ми стали спішні,
І визнаєм, що ми є грішні...
Помилуй, Боже, ще хоч раз,
Помилуй нас!.. Помилуй нас!..
Здригнувся світ, що кров текуча,
Побачив світ, розп''ята Буча,
Весна розстріляна і мрія,
Побачив світ, яка росія...

Приспів.

В моїй Україні...','["pisni.org.ua", "cat:christian", "cat:devoted", "cat:viyskovi", "Пісні на християнську тематику", "Пісні присвячені окремим особам", "Пісні на військову тематику"]',1,'published',COALESCE((SELECT created_at FROM songs WHERE id='pisniua_9446282'), datetime('now')),datetime('now'));
INSERT OR REPLACE INTO songs_fts(song_id,title,lyrics) VALUES ('pisniua_9446282','Розстріляна весна','Здригнувся світ, це біль пекуча,
Мов на хресті розп''ята Буча,
Немає сонця, тільки ночі,
Нема життя, закриті очі...
Нема весни, її спалили,
Ні це не сни, їх взяли й вбили,
Бо їх вина, що українці,
Це 41-ший, фашисти, німці...

Приспів:
Розстріляна весна...    |
Розстріляні мрії...     |
І стогне від болю земля |
В моїй Україні...       | (2)

До Бога хочеться кричати,
І битись в груди, не мовчати,
Але і Ти був на хресті,
Зв''язали руки теж Тобі...
Сміялись, били і плювали,
І одіж твою роздирали,
Хоч мав Ти силу всю могучу,
Згадай, Ісусе, нашу Бучу!..
Поглянь на свіжі ще могили,
Одне прошу, подай нам сили,
Вже не питаюся, чому?..
Лиш зупиги оцю війну!..

Приспів.

Пробач, до зла ми стали спішні,
І визнаєм, що ми є грішні...
Помилуй, Боже, ще хоч раз,
Помилуй нас!.. Помилуй нас!..
Здригнувся світ, що кров текуча,
Побачив світ, розп''ята Буча,
Весна розстріляна і мрія,
Побачив світ, яка росія...

Приспів.

В моїй Україні...');
INSERT OR REPLACE INTO song_links (id,song_id,title,url,kind,version_id,sort_order) VALUES ('pisniua_9446282_l1','pisniua_9446282','YouTube','https://www.youtube.com/watch?v=42m6YNW5XAQ','video',NULL,1);
INSERT OR REPLACE INTO song_links (id,song_id,title,url,kind,version_id,sort_order) VALUES ('pisniua_9446282_l2','pisniua_9446282','YouTube','https://www.youtube.com/watch?v=PWCkvs_dokc','video',NULL,2);
INSERT OR REPLACE INTO songs (id,title,subtitle,lang,country,period,year,source,notes,lyrics,tags_json,lang_locked,status,created_at,updated_at) VALUES ('pisniua_9455487','Повернись живим!','Музика: Марія Бурмака Слова: Марія Бурмака. Виконує: Марія Бурмака','uk','ukraine_1991',NULL,NULL,'аудіозапис','Повернись живим - це молитва і заклинання всіх, хто любить. Вночі і вдень, щохвилини і щосекунди. На війні немає атеїстів, і коли навіть вже надії немає – любов, єдине що береже, це і є той самий Ангел Охоронець!','Де моя душа -
Там ідуть бої,
Ми не віддамо
Рідної землі!
Де моя земля -
Серце моє там,
Я війні тебе,
Милий, не віддам!

Приспів:
Повернись живим! -
Я тебе молю!..
Знає тільки Бог,
Як тебе люблю!
Там, де ти тепер,
Лиш війна і дим,
Але я молю:
Повернись живим!

Плачуть голоси
Рідних і близьких,
По світах війна
Розкидала їх...
Розпинають нас,
Але ми стоїм!
Тільки я прошу:
Повернись живим!

Приспів.

Україна вся,
Як один кулак,
І важливий лиш
Перемоги знак!
Хай тебе в бою
На передовій
Ангел захистить,
Огорне крильми!

Приспів.','["pisni.org.ua", "cat:ato", "Пісні російсько-української війни та АТО"]',1,'published',COALESCE((SELECT created_at FROM songs WHERE id='pisniua_9455487'), datetime('now')),datetime('now'));
INSERT OR REPLACE INTO songs_fts(song_id,title,lyrics) VALUES ('pisniua_9455487','Повернись живим!','Де моя душа -
Там ідуть бої,
Ми не віддамо
Рідної землі!
Де моя земля -
Серце моє там,
Я війні тебе,
Милий, не віддам!

Приспів:
Повернись живим! -
Я тебе молю!..
Знає тільки Бог,
Як тебе люблю!
Там, де ти тепер,
Лиш війна і дим,
Але я молю:
Повернись живим!

Плачуть голоси
Рідних і близьких,
По світах війна
Розкидала їх...
Розпинають нас,
Але ми стоїм!
Тільки я прошу:
Повернись живим!

Приспів.

Україна вся,
Як один кулак,
І важливий лиш
Перемоги знак!
Хай тебе в бою
На передовій
Ангел захистить,
Огорне крильми!

Приспів.');
INSERT OR REPLACE INTO song_links (id,song_id,title,url,kind,version_id,sort_order) VALUES ('pisniua_9455487_l1','pisniua_9455487','YouTube','https://www.youtube.com/watch?v=RdbiipY-eJA','video',NULL,1);
INSERT OR REPLACE INTO song_links (id,song_id,title,url,kind,version_id,sort_order) VALUES ('pisniua_9455487_l2','pisniua_9455487','YouTube','https://www.youtube.com/watch?v=YV2fiw5Eiac','video',NULL,2);
INSERT OR REPLACE INTO songs (id,title,subtitle,lang,country,period,year,source,notes,lyrics,tags_json,lang_locked,status,created_at,updated_at) VALUES ('pisniua_944888','Дивлюсь в твої карі очі','(Карі очі). Музика: Роман Бурлак Слова: Роман Бурлак. Виконує: Роман Бурлак','uk','ukraine_before_1917',NULL,NULL,NULL,NULL,'Я знаю як то сталось,
на те є Всевишнього воля,
що у цьому світі ми зустрілися з тобою.
І відколи ми знайомі, над тим не думав я ніколи.
Але ж воно насправді так і є -
мені Бог подарував тебе.

Дивлюсь в твої карі очі, а в їх глибині -
О, дай Боже утопитись як в гірській воді.
І так любо посміхаються твої уста,
і у серці зазвучала ніжності струна.

Я не знаю що радість, а що - гріх.
Та щастя в світі не для всіх.
І я несу свій дар в життя.
Ти - моя, лише моя.
Завжди.
З тобою поряд ідем
І свою чашу ми до дна доп''єм.
Якщо кохаєм - то значить ми живем.

Дивлюсь в твої карі очі...','["pisni.org.ua", "cat:dumy", "Думи"]',1,'published',COALESCE((SELECT created_at FROM songs WHERE id='pisniua_944888'), datetime('now')),datetime('now'));
INSERT OR REPLACE INTO songs_fts(song_id,title,lyrics) VALUES ('pisniua_944888','Дивлюсь в твої карі очі','Я знаю як то сталось,
на те є Всевишнього воля,
що у цьому світі ми зустрілися з тобою.
І відколи ми знайомі, над тим не думав я ніколи.
Але ж воно насправді так і є -
мені Бог подарував тебе.

Дивлюсь в твої карі очі, а в їх глибині -
О, дай Боже утопитись як в гірській воді.
І так любо посміхаються твої уста,
і у серці зазвучала ніжності струна.

Я не знаю що радість, а що - гріх.
Та щастя в світі не для всіх.
І я несу свій дар в життя.
Ти - моя, лише моя.
Завжди.
З тобою поряд ідем
І свою чашу ми до дна доп''єм.
Якщо кохаєм - то значить ми живем.

Дивлюсь в твої карі очі...');
INSERT OR REPLACE INTO songs (id,title,subtitle,lang,country,period,year,source,notes,lyrics,tags_json,lang_locked,status,created_at,updated_at) VALUES ('pisniua_945484','Ревуть, стогнуть гори-хвилі','Музика: Марко Кропивницький Слова: Марко Кропивницький. Виконує: Хор "Чумаки"','uk','ukraine_1991',NULL,'1994','1. "Пісні боротьби та волі", упор. О. Міньківський, "Мистецтво", К., 1967. 2. Триліс В.','Пісня з вистави Марка Кропивницького "Невольник" (за Т. Шевченком). Дослідники вважають М. Кропивницького автором слів і мелодії, проте достовірної інформації про авторство, як і про найперший варіант пісні, немає. За загальними поетичними та мелодійними ознаками пісня сприймається як народна. Виконувалась чи не кожним чоловічим хором в Україні. З 1994 року - в постійному репертуарі чоловічого народного хору "Чумаки" п/о В. Триліса (м. Київ).','Ревуть, стогнуть гори-хвилі
В синесенькім морі,
Плачуть, тужать козаченьки  |
В турецькій неволі.         |(2)

Вже два роки у кайданах
Терпнуть наші руки.
За що, Боже милосердний,    |
Нам послав ці муки?         |(2)

Підборкали яничари
Орлят України,
Підборкали та й кинули      |
Живих в домовину.           |(2)

Де ж ви, славні запорожці,
Сини вольной волі?
Чом не йдете визволяти      |
З важкої неволі?            |(2)','["pisni.org.ua", "cat:istorychni", "cat:kozacki", "Історичні пісні", "Козацькі пісні"]',1,'published',COALESCE((SELECT created_at FROM songs WHERE id='pisniua_945484'), datetime('now')),datetime('now'));
INSERT OR REPLACE INTO songs_fts(song_id,title,lyrics) VALUES ('pisniua_945484','Ревуть, стогнуть гори-хвилі','Ревуть, стогнуть гори-хвилі
В синесенькім морі,
Плачуть, тужать козаченьки  |
В турецькій неволі.         |(2)

Вже два роки у кайданах
Терпнуть наші руки.
За що, Боже милосердний,    |
Нам послав ці муки?         |(2)

Підборкали яничари
Орлят України,
Підборкали та й кинули      |
Живих в домовину.           |(2)

Де ж ви, славні запорожці,
Сини вольной волі?
Чом не йдете визволяти      |
З важкої неволі?            |(2)');
INSERT OR REPLACE INTO song_links (id,song_id,title,url,kind,version_id,sort_order) VALUES ('pisniua_945484_l1','pisniua_945484','YouTube','https://www.youtube.com/watch?v=tg2VvfKpQr8','video',NULL,1);
INSERT OR REPLACE INTO song_links (id,song_id,title,url,kind,version_id,sort_order) VALUES ('pisniua_945484_l2','pisniua_945484','YouTube','https://www.youtube.com/watch?v=iYQnj_SY3HE','video',NULL,2);
INSERT OR REPLACE INTO song_links (id,song_id,title,url,kind,version_id,sort_order) VALUES ('pisniua_945484_l3','pisniua_945484','Переглянути варіанти >>','https://www.pisni.org.ua/#variants','external',NULL,3);
INSERT OR REPLACE INTO songs (id,title,subtitle,lang,country,period,year,source,notes,lyrics,tags_json,lang_locked,status,created_at,updated_at) VALUES ('pisniua_9449585','Ой, добраніч, широкеє поле',NULL,'uk','ukraine_before_1917',NULL,NULL,'аудіозапис',NULL,'Ой добраніч, широкеє поле,
Жито ядренеє!
Добраніч, на здоров''я,
Жнії молодії, серпи золотії!

Приходьте завтра ранесенько,
Як солнійко зійде, росиця опаде,
Та приносьте по бохону хліба,
По білому сиру.

Вже солнійко зійшло, росиця опала,
А мої жнійки не бували.
Чи повтомилися, чи поморилися,
Чи на мене, нивку, забулися?

Ми не позморилися, не повтомилися,
І на тебе, нивку, не забувалися!','["pisni.org.ua", "cat:obzhynkovi", "Обжинкові пісні"]',1,'published',COALESCE((SELECT created_at FROM songs WHERE id='pisniua_9449585'), datetime('now')),datetime('now'));
INSERT OR REPLACE INTO songs_fts(song_id,title,lyrics) VALUES ('pisniua_9449585','Ой, добраніч, широкеє поле','Ой добраніч, широкеє поле,
Жито ядренеє!
Добраніч, на здоров''я,
Жнії молодії, серпи золотії!

Приходьте завтра ранесенько,
Як солнійко зійде, росиця опаде,
Та приносьте по бохону хліба,
По білому сиру.

Вже солнійко зійшло, росиця опала,
А мої жнійки не бували.
Чи повтомилися, чи поморилися,
Чи на мене, нивку, забулися?

Ми не позморилися, не повтомилися,
І на тебе, нивку, не забувалися!');
INSERT OR REPLACE INTO songs (id,title,subtitle,lang,country,period,year,source,notes,lyrics,tags_json,lang_locked,status,created_at,updated_at) VALUES ('pisniua_9454580','До війни','Музика: Тоні Браско Слова: Тоні Браско','uk','ukraine_1991',NULL,NULL,'аудіозапис',NULL,'Приспів:
За крок від кохання і до війни
Ми стількі не бачились від тепер
Одна із так бажанних мною мрій,
Лише цілувати тебе!
Кохати тебе більше, ніж до війни,
Шукаючи репостом серед людей!
Навіщо ці крила мені, скажи?
Навіщо вони, коли немає тебе?

У кожну мить та кожен день
На самоті... Це саме те,
Щоб згадувати колір твоїх очей
До болі в скронях та й запаморочень...
Поки лунають постріли і все в вогні,
Я не маю ім''я, лише позивний.
Двадцять четвертого лютого вранці ми
Навчились цінувати з тобою кожну мить!..
Знаю твоє серце - це мій приют,
Тепер лінія життя - це лінія вогню.
Коли скінчиться все, прошу, мені подаруй
У парку Горького солодкий поцілунок!
Життя нове, країна мрій,
Це буде скоро, тільки це зрозумій!
Ми зустрінемось влітку у Харкові,
І в Одесу поїдемо восени!..

Приспів.

Мій рідний Харків, потерпи ще трішки!
Знаю, тобі важко лишитись колишнім...
Зацвітуть Шевченкові сади та вишні
І ми від Дарвіна до Площі пішки.
Сховавшись від дощу під улюблену арку,
Потім за руку від Сумської до парку,
Чи, зголоднівши, по Культури до Маку
Не боючись гуляти з ночі до ранку!..
Тільки сонце сіятиме кожен день,
Що до Саржиного яру знову нас веде,
А навкруги замість сліз посмішки дітей,
Ми обіцяємо, що відбудуємо тебе!
Ми о дев''ятій, помовчавши хвилину,
Згадаєм хлопців, захищавших країну!
Усі разом посидимо біля Кофеїну,
Тому що далі знаєш, Все буде Україна!

Приспів.','["pisni.org.ua", "cat:ato", "cat:viyskovi", "Пісні російсько-української війни та АТО", "Пісні на військову тематику"]',1,'published',COALESCE((SELECT created_at FROM songs WHERE id='pisniua_9454580'), datetime('now')),datetime('now'));
INSERT OR REPLACE INTO songs_fts(song_id,title,lyrics) VALUES ('pisniua_9454580','До війни','Приспів:
За крок від кохання і до війни
Ми стількі не бачились від тепер
Одна із так бажанних мною мрій,
Лише цілувати тебе!
Кохати тебе більше, ніж до війни,
Шукаючи репостом серед людей!
Навіщо ці крила мені, скажи?
Навіщо вони, коли немає тебе?

У кожну мить та кожен день
На самоті... Це саме те,
Щоб згадувати колір твоїх очей
До болі в скронях та й запаморочень...
Поки лунають постріли і все в вогні,
Я не маю ім''я, лише позивний.
Двадцять четвертого лютого вранці ми
Навчились цінувати з тобою кожну мить!..
Знаю твоє серце - це мій приют,
Тепер лінія життя - це лінія вогню.
Коли скінчиться все, прошу, мені подаруй
У парку Горького солодкий поцілунок!
Життя нове, країна мрій,
Це буде скоро, тільки це зрозумій!
Ми зустрінемось влітку у Харкові,
І в Одесу поїдемо восени!..

Приспів.

Мій рідний Харків, потерпи ще трішки!
Знаю, тобі важко лишитись колишнім...
Зацвітуть Шевченкові сади та вишні
І ми від Дарвіна до Площі пішки.
Сховавшись від дощу під улюблену арку,
Потім за руку від Сумської до парку,
Чи, зголоднівши, по Культури до Маку
Не боючись гуляти з ночі до ранку!..
Тільки сонце сіятиме кожен день,
Що до Саржиного яру знову нас веде,
А навкруги замість сліз посмішки дітей,
Ми обіцяємо, що відбудуємо тебе!
Ми о дев''ятій, помовчавши хвилину,
Згадаєм хлопців, захищавших країну!
Усі разом посидимо біля Кофеїну,
Тому що далі знаєш, Все буде Україна!

Приспів.');
INSERT OR REPLACE INTO song_links (id,song_id,title,url,kind,version_id,sort_order) VALUES ('pisniua_9454580_l1','pisniua_9454580','YouTube','https://www.youtube.com/watch?v=733a9K291kY','video',NULL,1);
INSERT OR REPLACE INTO songs (id,title,subtitle,lang,country,period,year,source,notes,lyrics,tags_json,lang_locked,status,created_at,updated_at) VALUES ('pisniua_9460383','Рідна','Музика: Макс Бурла Слова: Макс Бурла','uk','ukraine_1991',NULL,NULL,'аудіозапис',NULL,'Ай, пара з землі - пала чорнозем,
Козак на коні із іржавим мечем
На жовто блакитному фоні розсікає
Проміні сонця, що світять на рідне
Замучене, прямо до корню обвите
Почуттям боргу за свою Батьківщину,
За свою родину до смерті
В Києві чи на Волині...

Сонця нема, та ти сумна,
Сльози та сум біля вікна...
Милого не видно через туман,
Молитвами в слід і по вітрам...
В колодці зазеленіла вода,
Лелеки полетіли від суму на даль...
Чекати рідне дома чи медаль,
Ватман вицвів і засох пензаль...

Зібрати в кулак всю ту міць України,
Забрати своє, нехай навіть руїни,
Пройшовши по кісткам братів і до нині
Незламні, незабуті, навіть, в домовині.
А ви, орки, що як далі?
Із самого початку видно, що у фіналі
Червоним шатром для вас кінчиться
Акт і ми підем далі!

Рідна, рідна мова моя!
Рідна, рідна воля моя!
Лови, лови колорит!
Рідне слово, рідний ритм!
Видно, видно моє поле,
З вікна в Криму моє море!
Видно кораблі ідуть -
Покажем їм путь, ей!

Уже зав''явші вуха від постійного гулу,
Напружені руки від злості й задуло
Попелом моє подвір''я, забули,
Що таке спокій, щасливе минуле,
Щасливе майбутнє і правда за нами!
Зареве Дніпро і кручі з містами,
Скаже Путін на площі останні слова,
І буде забитий камнями!..

І розірвавши прям до атома
Майбутнє десь на два тома,
Грози нема, нема грома,
Не мочуть ливні прапора,
Але із смогу йде війна...
На плитах точуть імена,
Свободу топче сатана,
Доки земля заплакана...

Мова моя!.. Воля моя!..
Колорит... Моє поле!..
Моє море!.. Покажем їм путь!..
Рідна, рідна мова моя!
Рідна, рідна воля моя!
Лови, лови колорит!
Рідне слово, рідний ритм!
Видно, видно моє поле,
З вікна в Криму моє море!
Видно кораблі ідуть -
Покажем їм путь, ей!','["pisni.org.ua", "cat:ato", "Пісні російсько-української війни та АТО"]',1,'published',COALESCE((SELECT created_at FROM songs WHERE id='pisniua_9460383'), datetime('now')),datetime('now'));
INSERT OR REPLACE INTO songs_fts(song_id,title,lyrics) VALUES ('pisniua_9460383','Рідна','Ай, пара з землі - пала чорнозем,
Козак на коні із іржавим мечем
На жовто блакитному фоні розсікає
Проміні сонця, що світять на рідне
Замучене, прямо до корню обвите
Почуттям боргу за свою Батьківщину,
За свою родину до смерті
В Києві чи на Волині...

Сонця нема, та ти сумна,
Сльози та сум біля вікна...
Милого не видно через туман,
Молитвами в слід і по вітрам...
В колодці зазеленіла вода,
Лелеки полетіли від суму на даль...
Чекати рідне дома чи медаль,
Ватман вицвів і засох пензаль...

Зібрати в кулак всю ту міць України,
Забрати своє, нехай навіть руїни,
Пройшовши по кісткам братів і до нині
Незламні, незабуті, навіть, в домовині.
А ви, орки, що як далі?
Із самого початку видно, що у фіналі
Червоним шатром для вас кінчиться
Акт і ми підем далі!

Рідна, рідна мова моя!
Рідна, рідна воля моя!
Лови, лови колорит!
Рідне слово, рідний ритм!
Видно, видно моє поле,
З вікна в Криму моє море!
Видно кораблі ідуть -
Покажем їм путь, ей!

Уже зав''явші вуха від постійного гулу,
Напружені руки від злості й задуло
Попелом моє подвір''я, забули,
Що таке спокій, щасливе минуле,
Щасливе майбутнє і правда за нами!
Зареве Дніпро і кручі з містами,
Скаже Путін на площі останні слова,
І буде забитий камнями!..

І розірвавши прям до атома
Майбутнє десь на два тома,
Грози нема, нема грома,
Не мочуть ливні прапора,
Але із смогу йде війна...
На плитах точуть імена,
Свободу топче сатана,
Доки земля заплакана...

Мова моя!.. Воля моя!..
Колорит... Моє поле!..
Моє море!.. Покажем їм путь!..
Рідна, рідна мова моя!
Рідна, рідна воля моя!
Лови, лови колорит!
Рідне слово, рідний ритм!
Видно, видно моє поле,
З вікна в Криму моє море!
Видно кораблі ідуть -
Покажем їм путь, ей!');
INSERT OR REPLACE INTO song_links (id,song_id,title,url,kind,version_id,sort_order) VALUES ('pisniua_9460383_l1','pisniua_9460383','YouTube','https://www.youtube.com/watch?v=gjmTpoYOieY','video',NULL,1);
INSERT OR REPLACE INTO songs (id,title,subtitle,lang,country,period,year,source,notes,lyrics,tags_json,lang_locked,status,created_at,updated_at) VALUES ('pisniua_9457383','Маємо жити','Музика: Люся Кава Слова: Люся Кава. Виконує: Люся Кава','uk','ukraine_1991',NULL,NULL,'аудіозапис',NULL,'Нам дає силу мати-земля,
Наше дитинство, наша сім''я!
Вчили батьки з малечку літ:
Любити людей, любити весь світ!
Любити країну, любити своє!
Народ України, це наше святе!
Ніде не знайти краще землі,
Знаю це я, знаєш це ти!

Приспів:
Маємо жити!
Кохати! Любити!
Витворяти! Творити
На своїй землі!
Маємо жити!
Кохати! Любити,
Щоб росли наші діти
На своїй землі!
Маємо жити, Ма! |
Маємо жити!     |
Маємо жити      |
На своїй землі! | (2)

Янголи наші з нами завжди,
Нам дають віру далі іти!
Ніколи ніхто не завадить мені,
Вільно живу на своїй я землі!

Приспів.','["pisni.org.ua", "cat:ato", "cat:viyskovi", "Пісні російсько-української війни та АТО", "Пісні на військову тематику"]',1,'published',COALESCE((SELECT created_at FROM songs WHERE id='pisniua_9457383'), datetime('now')),datetime('now'));
INSERT OR REPLACE INTO songs_fts(song_id,title,lyrics) VALUES ('pisniua_9457383','Маємо жити','Нам дає силу мати-земля,
Наше дитинство, наша сім''я!
Вчили батьки з малечку літ:
Любити людей, любити весь світ!
Любити країну, любити своє!
Народ України, це наше святе!
Ніде не знайти краще землі,
Знаю це я, знаєш це ти!

Приспів:
Маємо жити!
Кохати! Любити!
Витворяти! Творити
На своїй землі!
Маємо жити!
Кохати! Любити,
Щоб росли наші діти
На своїй землі!
Маємо жити, Ма! |
Маємо жити!     |
Маємо жити      |
На своїй землі! | (2)

Янголи наші з нами завжди,
Нам дають віру далі іти!
Ніколи ніхто не завадить мені,
Вільно живу на своїй я землі!

Приспів.');
INSERT OR REPLACE INTO song_links (id,song_id,title,url,kind,version_id,sort_order) VALUES ('pisniua_9457383_l1','pisniua_9457383','YouTube','https://www.youtube.com/watch?v=D9GvuzzuZ_I','video',NULL,1);
INSERT OR REPLACE INTO songs (id,title,subtitle,lang,country,period,year,source,notes,lyrics,tags_json,lang_locked,status,created_at,updated_at) VALUES ('pisniua_9459982','КоляГаля','Музика: Геля Зозуля Слова: Геля Зозуля','uk','ukraine_before_1917',NULL,NULL,'аудіозапис',NULL,'Коля! Коля!
Коля, така в тебе доля...

Коля каже: Серце коле,
Галю, йди, поможи!
Галя Колі не поможе,
Хоч, шо хоч їй кажи!..
Вона не хоче, вона не може,
Йому лиш Бог тепер поможе!
Вона не хоче, вона не буде,
Вона про нього геть забуде!

Галю, мила, ну згадай же,
Як ми разом були!
Галя каже: Не згадаю!
Йди, гуляй й не тужи!
А я не помню, а я забула,
А може того і не було...
А я не помню, а то не я,
То гірка до денька моя...

Їх звела гіркая доля
І ще капля алкоголя.
Але Коля ще не знає,
Галя ніц не пам''ятає,
Не пам''ятає...
І не згадає, вона забула,
Бо того всього і не було!
Вона забула, то не вона,
І то вже не її вина!

Вона не хоче, вона не може,
Йому лиш Бог тепер поможе!
Вона не хоче, вона не буде,
Вона про нього геть забуде!
І не згадає, вона забула,
Бо того всього і не було!
Вона забула, то не вона,
І то вже не її вина!
Вина випила вона...
Коля, така в тебе доля!

Галя колі не поможе,
Бо тепер вона не може,
Бо тепер немає сили,
Що б у неї не просили,
Навіть, якщо Колі коле!','["pisni.org.ua", "cat:zhartivlyvi", "Жартівливі пісні"]',1,'published',COALESCE((SELECT created_at FROM songs WHERE id='pisniua_9459982'), datetime('now')),datetime('now'));
INSERT OR REPLACE INTO songs_fts(song_id,title,lyrics) VALUES ('pisniua_9459982','КоляГаля','Коля! Коля!
Коля, така в тебе доля...

Коля каже: Серце коле,
Галю, йди, поможи!
Галя Колі не поможе,
Хоч, шо хоч їй кажи!..
Вона не хоче, вона не може,
Йому лиш Бог тепер поможе!
Вона не хоче, вона не буде,
Вона про нього геть забуде!

Галю, мила, ну згадай же,
Як ми разом були!
Галя каже: Не згадаю!
Йди, гуляй й не тужи!
А я не помню, а я забула,
А може того і не було...
А я не помню, а то не я,
То гірка до денька моя...

Їх звела гіркая доля
І ще капля алкоголя.
Але Коля ще не знає,
Галя ніц не пам''ятає,
Не пам''ятає...
І не згадає, вона забула,
Бо того всього і не було!
Вона забула, то не вона,
І то вже не її вина!

Вона не хоче, вона не може,
Йому лиш Бог тепер поможе!
Вона не хоче, вона не буде,
Вона про нього геть забуде!
І не згадає, вона забула,
Бо того всього і не було!
Вона забула, то не вона,
І то вже не її вина!
Вина випила вона...
Коля, така в тебе доля!

Галя колі не поможе,
Бо тепер вона не може,
Бо тепер немає сили,
Що б у неї не просили,
Навіть, якщо Колі коле!');
INSERT OR REPLACE INTO song_links (id,song_id,title,url,kind,version_id,sort_order) VALUES ('pisniua_9459982_l1','pisniua_9459982','YouTube','https://www.youtube.com/watch?v=aNP0k4WOjhE','video',NULL,1);
INSERT OR REPLACE INTO songs (id,title,subtitle,lang,country,period,year,source,notes,lyrics,tags_json,lang_locked,status,created_at,updated_at) VALUES ('pisniua_9454686','Синочку, уцілій!','Музика: Валентина Шевченко Слова: Валентина Шевченко','uk','ukraine_1991',NULL,NULL,'аудіозапис',NULL,'Читаю твій лист і в рідних буквах
Бачу твою любов!.. Стаю на коліна
І молюсь Богородиці знов і знов!..
Дивлюсь на світлину, і тихо сльозу утираю
І серцем своїм від кулі тебе закриваю!..

Приспів:
Синочку, синку рідний мій,
Тебе благаю, уцілій!
Відважним, гідним будь, моя дитино!
Бо ти не мій лиш син, а й України!

Вже літо прийшло, троянди розквітли
У ріднім дворі, лелеки курличуть,
Співа соловейко на ранній зорі,
А ти десь далеко у бронижилеті і берцях,
Але щосекунди ти вдома, ти в маминім серці!..

Приспів.

Для мене - дитя, а для України
Ти - мужній солдат! Прошу я у Бога,
Нехай обмине тебе клятий град!..
Мій красень, мій син
Пішов ти свій рідний край захищати!..
Прошу повернись,
Тобі іще ж жити і кохати!..

Приспів.','["pisni.org.ua", "cat:ato", "cat:pro-ditey", "Пісні російсько-української війни та АТО", "Пісні про любов до дітей"]',1,'published',COALESCE((SELECT created_at FROM songs WHERE id='pisniua_9454686'), datetime('now')),datetime('now'));
INSERT OR REPLACE INTO songs_fts(song_id,title,lyrics) VALUES ('pisniua_9454686','Синочку, уцілій!','Читаю твій лист і в рідних буквах
Бачу твою любов!.. Стаю на коліна
І молюсь Богородиці знов і знов!..
Дивлюсь на світлину, і тихо сльозу утираю
І серцем своїм від кулі тебе закриваю!..

Приспів:
Синочку, синку рідний мій,
Тебе благаю, уцілій!
Відважним, гідним будь, моя дитино!
Бо ти не мій лиш син, а й України!

Вже літо прийшло, троянди розквітли
У ріднім дворі, лелеки курличуть,
Співа соловейко на ранній зорі,
А ти десь далеко у бронижилеті і берцях,
Але щосекунди ти вдома, ти в маминім серці!..

Приспів.

Для мене - дитя, а для України
Ти - мужній солдат! Прошу я у Бога,
Нехай обмине тебе клятий град!..
Мій красень, мій син
Пішов ти свій рідний край захищати!..
Прошу повернись,
Тобі іще ж жити і кохати!..

Приспів.');
INSERT OR REPLACE INTO song_links (id,song_id,title,url,kind,version_id,sort_order) VALUES ('pisniua_9454686_l1','pisniua_9454686','YouTube','https://www.youtube.com/watch?v=jK6IZM514iU','video',NULL,1);
INSERT OR REPLACE INTO songs (id,title,subtitle,lang,country,period,year,source,notes,lyrics,tags_json,lang_locked,status,created_at,updated_at) VALUES ('pisniua_94580','Сумний святий вечір','Українська народна пісня','uk','ukraine_before_1917',NULL,NULL,NULL,'*Тут можливі й інші варіанти тексту: - "В сорок першім році" - "В сорок сьомім році"','Сумний святий вечір
В сорок шостім році.*
По всій нашій Україні
Плач на кожнім кроці.

Сіли до вечері
Мати з діточками
Замість мали вечеряти
Облились сльозами.

"Мамо де наш тато", -
Діти ся питають.
- Чому з нами не сідають,
- Чом не вечеряють.

"Тата вороги вбили,
Села попалили.
Ті прокляті яничари,
Руїни лишили".

Там далеко, далеко.
В далекій чужині,
Споминають святий вечір
В нашій славній Україні.    Фрагмент аудіо','["pisni.org.ua", "cat:halycki", "cat:istorychni", "Пісні з Галичини", "Історичні пісні"]',1,'published',COALESCE((SELECT created_at FROM songs WHERE id='pisniua_94580'), datetime('now')),datetime('now'));
INSERT OR REPLACE INTO songs_fts(song_id,title,lyrics) VALUES ('pisniua_94580','Сумний святий вечір','Сумний святий вечір
В сорок шостім році.*
По всій нашій Україні
Плач на кожнім кроці.

Сіли до вечері
Мати з діточками
Замість мали вечеряти
Облились сльозами.

"Мамо де наш тато", -
Діти ся питають.
- Чому з нами не сідають,
- Чом не вечеряють.

"Тата вороги вбили,
Села попалили.
Ті прокляті яничари,
Руїни лишили".

Там далеко, далеко.
В далекій чужині,
Споминають святий вечір
В нашій славній Україні.    Фрагмент аудіо');
INSERT OR REPLACE INTO song_links (id,song_id,title,url,kind,version_id,sort_order) VALUES ('pisniua_94580_l1','pisniua_94580','YouTube','https://www.youtube.com/watch?v=pc7HolrF_xc','video',NULL,1);
INSERT OR REPLACE INTO song_links (id,song_id,title,url,kind,version_id,sort_order) VALUES ('pisniua_94580_l2','pisniua_94580','YouTube','https://www.youtube.com/watch?v=HYai7zF1UPA','video',NULL,2);
INSERT OR REPLACE INTO song_links (id,song_id,title,url,kind,version_id,sort_order) VALUES ('pisniua_94580_l3','pisniua_94580','Переглянути варіанти >>','https://www.pisni.org.ua/#variants','external',NULL,3);
INSERT OR REPLACE INTO songs (id,title,subtitle,lang,country,period,year,source,notes,lyrics,tags_json,lang_locked,status,created_at,updated_at) VALUES ('pisniua_9456384','Жінка на чужині','Музика: Валентина Шевченко Слова: Валентина Шевченко','uk','ukraine_1991',NULL,NULL,'аудіозапис',NULL,'Так холодно і порожньо у краї чужім,
Бо небо тут чуже, й не рідна мова...
Щомиті повертається думками в рідний дім,
І чує ніжну пісню колискову!..
Подивиться у небо, де летять журавлі,
Так хочеться із ними полетіти,
Полинути хоча б на мить до рідної землі,
В той дім, де так чекають її діти!..

Приспів:
Жінка на чужині,
Ніби та птаха безкрила,
Бачить вона у сні
Діточок посмішку милу!..
Господа молить вночі,
Щоб дав терпіння й сили!..
Жінка на чужині,
Ніби та птаха безкрила...

Змарніла і утомлена змахне сльозу з очей,
Дитячі фото ніжно поцілує,
Засушену калиноньку пригорне до грудей
І за вкраїнським небом засумує...
І серце заболить, що так невпинно час іде,
В дворі без неї вишні відцвітають...
І звернеться до Бога, щоб простив її за те,
Що діточки без неї підростають...

Приспів.

Речитатив:
Який же не солодкий
І тяжкий хліб чужий,
Де почуття жіночі неважливі...
Багато, що продати і купити
Можна в світі цім,
Але вкраїнську душу неможливо!..

Приспів.','["pisni.org.ua", "cat:emigration", "Пісні про еміґрацію"]',1,'published',COALESCE((SELECT created_at FROM songs WHERE id='pisniua_9456384'), datetime('now')),datetime('now'));
INSERT OR REPLACE INTO songs_fts(song_id,title,lyrics) VALUES ('pisniua_9456384','Жінка на чужині','Так холодно і порожньо у краї чужім,
Бо небо тут чуже, й не рідна мова...
Щомиті повертається думками в рідний дім,
І чує ніжну пісню колискову!..
Подивиться у небо, де летять журавлі,
Так хочеться із ними полетіти,
Полинути хоча б на мить до рідної землі,
В той дім, де так чекають її діти!..

Приспів:
Жінка на чужині,
Ніби та птаха безкрила,
Бачить вона у сні
Діточок посмішку милу!..
Господа молить вночі,
Щоб дав терпіння й сили!..
Жінка на чужині,
Ніби та птаха безкрила...

Змарніла і утомлена змахне сльозу з очей,
Дитячі фото ніжно поцілує,
Засушену калиноньку пригорне до грудей
І за вкраїнським небом засумує...
І серце заболить, що так невпинно час іде,
В дворі без неї вишні відцвітають...
І звернеться до Бога, щоб простив її за те,
Що діточки без неї підростають...

Приспів.

Речитатив:
Який же не солодкий
І тяжкий хліб чужий,
Де почуття жіночі неважливі...
Багато, що продати і купити
Можна в світі цім,
Але вкраїнську душу неможливо!..

Приспів.');
INSERT OR REPLACE INTO song_links (id,song_id,title,url,kind,version_id,sort_order) VALUES ('pisniua_9456384_l1','pisniua_9456384','YouTube','https://www.youtube.com/watch?v=PjdqfG1uNF0','video',NULL,1);
INSERT OR REPLACE INTO songs (id,title,subtitle,lang,country,period,year,source,notes,lyrics,tags_json,lang_locked,status,created_at,updated_at) VALUES ('pisniua_94686','Добрий вечір всім Вам!',NULL,'uk','ukraine_before_1917',NULL,NULL,NULL,NULL,'Добрий вечір всім Вам
Хочем побажати!
Чи дозволиш, господарю Заколядувати?

Не лінуйся встати, свічку запалити,
З нами разом в своїм домі
Бога  восхвалити.

Ми прийшли здалека, хочем Вам сказати,
Що Син Божий народився
В Пречистої Мати.

Мати Благодати,  дозволь запитати,
Яким будеш свого Сина
Ім’ям називати?

Пречиста Мати Ісусом назвала
По всій землі Іудейській
Залунала слава.

Йосифу старому дав
Господь звістити
Щоб мати з Ісусом Могла ся іскрити.

На ослі втікала Із Ісусом Мати -
Ірод лютий з своїм військом
Почав їх шукати.

Мати зрадувалась Христу, своєму Сину,-
Лютий Ірод дав зрубати
Найменшу дитину.

З Вифлеєму Діва  в Єгипет втікала,
Свого Сина від Ірода
В пустелі сховала.

Господня Сила Дитя схоронила,
Через Христа душа наша
Спасенною стала.

І ми, господарю,
прийшли поклін дати
Ісусові  і Йосифу, і Пречистій Мати.

І весь мир радіє у Різдво Христове,
Колядує в кожній хаті
І дитя малоє.

Слава Тобі, Боже, за те величество,
Щосьмо діждали видіти
Христове Рождество.

І ми тепер будем Господа просити,
Щоби дав щастя і здоров’я
Во вік віков жити.','["pisni.org.ua", "cat:kolyadky", "cat:zakarpatski", "Колядки", "Закарпатські пісні"]',1,'published',COALESCE((SELECT created_at FROM songs WHERE id='pisniua_94686'), datetime('now')),datetime('now'));
INSERT OR REPLACE INTO songs_fts(song_id,title,lyrics) VALUES ('pisniua_94686','Добрий вечір всім Вам!','Добрий вечір всім Вам
Хочем побажати!
Чи дозволиш, господарю Заколядувати?

Не лінуйся встати, свічку запалити,
З нами разом в своїм домі
Бога  восхвалити.

Ми прийшли здалека, хочем Вам сказати,
Що Син Божий народився
В Пречистої Мати.

Мати Благодати,  дозволь запитати,
Яким будеш свого Сина
Ім’ям називати?

Пречиста Мати Ісусом назвала
По всій землі Іудейській
Залунала слава.

Йосифу старому дав
Господь звістити
Щоб мати з Ісусом Могла ся іскрити.

На ослі втікала Із Ісусом Мати -
Ірод лютий з своїм військом
Почав їх шукати.

Мати зрадувалась Христу, своєму Сину,-
Лютий Ірод дав зрубати
Найменшу дитину.

З Вифлеєму Діва  в Єгипет втікала,
Свого Сина від Ірода
В пустелі сховала.

Господня Сила Дитя схоронила,
Через Христа душа наша
Спасенною стала.

І ми, господарю,
прийшли поклін дати
Ісусові  і Йосифу, і Пречистій Мати.

І весь мир радіє у Різдво Христове,
Колядує в кожній хаті
І дитя малоє.

Слава Тобі, Боже, за те величество,
Щосьмо діждали видіти
Христове Рождество.

І ми тепер будем Господа просити,
Щоби дав щастя і здоров’я
Во вік віков жити.');
INSERT OR REPLACE INTO songs (id,title,subtitle,lang,country,period,year,source,notes,lyrics,tags_json,lang_locked,status,created_at,updated_at) VALUES ('pisniua_9455282','Коли мине війна','Музика: Настя Каменських Слова: Настя Каменських','uk','ukraine_1991',NULL,NULL,'аудіозапис',NULL,'Ой-на... Ой-на...
Ой-на... Ой-на...
Ой, я знаю,
Людям важко...

Я закриваю руками очі,
Я так робила тисячі разів,
Я так відчути тебе знову хочу,
Я чути хочу твій рідний спів!..

Ой-на... Ой-на... Жито зелене...
Ой, не можу жити без тебе!..
Ой, я знаю, знаю сама,
Будеш ти любити мене,
Коли мине війна!..
Воу-воу!.. На-на-на-на!.. |
Будеш ти любити мене,     |
Коли мине війна!..        |
Воу-воу!.. На-на-на-на!.. |
Будеш ти любити мене!..   | (2)

Всюди люди, всі дні і ночі
Тільки шукаю твої карі очі!..
Хочу, щоб ти так пишався
Коханням моїм!.. Ти знай,
Навколо мене люди... Люди...
Сумую без тебе... Де ти?..
Я птахом злітаю у небо,
В обійми, щоб ти пригорнув!
Тихо прошепотів: Я скоро
Повернусь, тільки дочекайся!..

Приспів.','["pisni.org.ua", "cat:viyskovi", "Пісні на військову тематику"]',1,'published',COALESCE((SELECT created_at FROM songs WHERE id='pisniua_9455282'), datetime('now')),datetime('now'));
INSERT OR REPLACE INTO songs_fts(song_id,title,lyrics) VALUES ('pisniua_9455282','Коли мине війна','Ой-на... Ой-на...
Ой-на... Ой-на...
Ой, я знаю,
Людям важко...

Я закриваю руками очі,
Я так робила тисячі разів,
Я так відчути тебе знову хочу,
Я чути хочу твій рідний спів!..

Ой-на... Ой-на... Жито зелене...
Ой, не можу жити без тебе!..
Ой, я знаю, знаю сама,
Будеш ти любити мене,
Коли мине війна!..
Воу-воу!.. На-на-на-на!.. |
Будеш ти любити мене,     |
Коли мине війна!..        |
Воу-воу!.. На-на-на-на!.. |
Будеш ти любити мене!..   | (2)

Всюди люди, всі дні і ночі
Тільки шукаю твої карі очі!..
Хочу, щоб ти так пишався
Коханням моїм!.. Ти знай,
Навколо мене люди... Люди...
Сумую без тебе... Де ти?..
Я птахом злітаю у небо,
В обійми, щоб ти пригорнув!
Тихо прошепотів: Я скоро
Повернусь, тільки дочекайся!..

Приспів.');
INSERT OR REPLACE INTO song_links (id,song_id,title,url,kind,version_id,sort_order) VALUES ('pisniua_9455282_l1','pisniua_9455282','YouTube','https://www.youtube.com/watch?v=0D257gaWMPI','video',NULL,1);
INSERT OR REPLACE INTO songs (id,title,subtitle,lang,country,period,year,source,notes,lyrics,tags_json,lang_locked,status,created_at,updated_at) VALUES ('pisniua_9462787','Доньці','Музика: KOLA Слова: Павло Вишебаба. Виконує: Vyshebaba, KOLA','uk','ukraine_1991',NULL,NULL,'аудіозапис',NULL,'Тільки не пиши мені про війну,
Розкажи, чи є біля тебе сад,
Чи там повзають равлики по в''юну?
Чи ти чуєш коників і цикад?
І як люди кличуть своїх котів
В тих далеких-далеких від нас краях?
Те, чого найбільше би я хотів,
Щоб не було смутку в твоїх рядках.

Приспів:
Очі, мов той океан, і щоночі
Бачити їх - то є найдорожче!
Хай буде так, щоб кожна донька
Батька-героя свого обняла!
Очі дітей - океан, навіть мовчки
Знають усе, бо вже стали дорослі.
Хай буде так, щоб кожне маля
З батьком-героєм обіймалося!

Чи цвіте там вишня та абрикос?
І якщо подарують тобі букет,
Розкажи, як добре нам тут жилось.
Не кажи, як бігла ти від ракет,
Перш ніж повернутися з чужини,
Запроси в Україну до нас гостей,
Ми покажемо кожному по війні,
Як ми вдячні за спокій своїх дітей.

Приспів.','["pisni.org.ua", "cat:ato", "cat:pro-ditey", "Пісні російсько-української війни та АТО", "Пісні про любов до дітей"]',1,'published',COALESCE((SELECT created_at FROM songs WHERE id='pisniua_9462787'), datetime('now')),datetime('now'));
INSERT OR REPLACE INTO songs_fts(song_id,title,lyrics) VALUES ('pisniua_9462787','Доньці','Тільки не пиши мені про війну,
Розкажи, чи є біля тебе сад,
Чи там повзають равлики по в''юну?
Чи ти чуєш коників і цикад?
І як люди кличуть своїх котів
В тих далеких-далеких від нас краях?
Те, чого найбільше би я хотів,
Щоб не було смутку в твоїх рядках.

Приспів:
Очі, мов той океан, і щоночі
Бачити їх - то є найдорожче!
Хай буде так, щоб кожна донька
Батька-героя свого обняла!
Очі дітей - океан, навіть мовчки
Знають усе, бо вже стали дорослі.
Хай буде так, щоб кожне маля
З батьком-героєм обіймалося!

Чи цвіте там вишня та абрикос?
І якщо подарують тобі букет,
Розкажи, як добре нам тут жилось.
Не кажи, як бігла ти від ракет,
Перш ніж повернутися з чужини,
Запроси в Україну до нас гостей,
Ми покажемо кожному по війні,
Як ми вдячні за спокій своїх дітей.

Приспів.');
INSERT OR REPLACE INTO song_links (id,song_id,title,url,kind,version_id,sort_order) VALUES ('pisniua_9462787_l1','pisniua_9462787','YouTube','https://www.youtube.com/watch?v=EVnqSP7aRzk','video',NULL,1);
INSERT OR REPLACE INTO songs (id,title,subtitle,lang,country,period,year,source,notes,lyrics,tags_json,lang_locked,status,created_at,updated_at) VALUES ('pisniua_9456484','Згурівській школі-інтернату','Музика: Володимир Проценко Слова: Володимир Проценко. Виконує: Володимир Проценко','uk','ukraine_1991',NULL,'2018','збірка "Диліжанс хрещатої долини" 2018 рік.',NULL,'Згадав далекі дні сирітства,
Братів, сестер і рідну школу...
Як це бентежить, навіть, більше,
Не можу Вам сказати слово...

У Згурівці хати в осаді,
Обгорнуті в сніги пестиві.
Серед вітрів і снігопадів
Наш інтернат сумний і сивий...

У спадщину його лишили,
Для дітвори він був затишним...
Не знав ніколи самотини,
Ми вікували в ньому вічно...

Морозні зими гріли долю
В шкільному, рідному багатті.
Тепер розхристаний до болю,
Малий і трохи тіснуватий...

Роки вернути - недоречно,
Учителів лишилось мало,
Але без всяких заперечень
Вони в думках назавжди з нами...

В дзвінких дитячих переливах,
І досі дбають, як лелеки.
На їх легких і рідних крилах
Ми летимо в життя далеке!..','["pisni.org.ua", "cat:druzhba", "Пісні про дружбу"]',1,'published',COALESCE((SELECT created_at FROM songs WHERE id='pisniua_9456484'), datetime('now')),datetime('now'));
INSERT OR REPLACE INTO songs_fts(song_id,title,lyrics) VALUES ('pisniua_9456484','Згурівській школі-інтернату','Згадав далекі дні сирітства,
Братів, сестер і рідну школу...
Як це бентежить, навіть, більше,
Не можу Вам сказати слово...

У Згурівці хати в осаді,
Обгорнуті в сніги пестиві.
Серед вітрів і снігопадів
Наш інтернат сумний і сивий...

У спадщину його лишили,
Для дітвори він був затишним...
Не знав ніколи самотини,
Ми вікували в ньому вічно...

Морозні зими гріли долю
В шкільному, рідному багатті.
Тепер розхристаний до болю,
Малий і трохи тіснуватий...

Роки вернути - недоречно,
Учителів лишилось мало,
Але без всяких заперечень
Вони в думках назавжди з нами...

В дзвінких дитячих переливах,
І досі дбають, як лелеки.
На їх легких і рідних крилах
Ми летимо в життя далеке!..');
INSERT OR REPLACE INTO song_links (id,song_id,title,url,kind,version_id,sort_order) VALUES ('pisniua_9456484_l1','pisniua_9456484','YouTube','https://www.youtube.com/watch?v=9fCE_bTYa5k','video',NULL,1);
INSERT OR REPLACE INTO songs (id,title,subtitle,lang,country,period,year,source,notes,lyrics,tags_json,lang_locked,status,created_at,updated_at) VALUES ('pisniua_9459181','Як ти?','Музика: Віктор Морозов Слова: Катерина Міхаліцина. Виконує: Віктор Морозов','uk','ukraine_1991',NULL,NULL,'аудіозапис',NULL,'Як ти? - запитуєш.
І нині це наш пароль,
Наша перепустка в "далі"
Хистке й нетривале...

Але осмислене,
Але оспільнене.
Роль цього паролю -
Щоб вужче стискалися лави,
Й так вже ущільнені,
Й так вже до болю міцні...

Там, за цим "Як ти?"
Сховалися діти, як миші,
Або кажанчики
В темних підвалах.
Гучні гаркання градів
І тиша, стократно гучніша...

Майже оглушлива,
Сперта на темінь і страх,
Недолічитись своїх -
Глибший, ніж недожити.
Дім, що хитається,
Дім, що сичить по кутках...

Яблуко... Келих...
Ангелик у цяточку... Квіти
Ще довоєнні книжки
І підбірки пісень,
Сукня, сандалі і все,
На що вистачить літер...

Там, за цим "Як ти?",
Є ранок, а може, і день,
Ще один день, щоб стояти
І слухати вітер...

Як ти? - запитуєш.
І нині це наш пароль...','["pisni.org.ua", "cat:druzhba", "Пісні про дружбу"]',1,'published',COALESCE((SELECT created_at FROM songs WHERE id='pisniua_9459181'), datetime('now')),datetime('now'));
INSERT OR REPLACE INTO songs_fts(song_id,title,lyrics) VALUES ('pisniua_9459181','Як ти?','Як ти? - запитуєш.
І нині це наш пароль,
Наша перепустка в "далі"
Хистке й нетривале...

Але осмислене,
Але оспільнене.
Роль цього паролю -
Щоб вужче стискалися лави,
Й так вже ущільнені,
Й так вже до болю міцні...

Там, за цим "Як ти?"
Сховалися діти, як миші,
Або кажанчики
В темних підвалах.
Гучні гаркання градів
І тиша, стократно гучніша...

Майже оглушлива,
Сперта на темінь і страх,
Недолічитись своїх -
Глибший, ніж недожити.
Дім, що хитається,
Дім, що сичить по кутках...

Яблуко... Келих...
Ангелик у цяточку... Квіти
Ще довоєнні книжки
І підбірки пісень,
Сукня, сандалі і все,
На що вистачить літер...

Там, за цим "Як ти?",
Є ранок, а може, і день,
Ще один день, щоб стояти
І слухати вітер...

Як ти? - запитуєш.
І нині це наш пароль...');
INSERT OR REPLACE INTO song_links (id,song_id,title,url,kind,version_id,sort_order) VALUES ('pisniua_9459181_l1','pisniua_9459181','YouTube','https://www.youtube.com/watch?v=dXcLbuuMSBo','video',NULL,1);
INSERT OR REPLACE INTO songs (id,title,subtitle,lang,country,period,year,source,notes,lyrics,tags_json,lang_locked,status,created_at,updated_at) VALUES ('pisniua_9467487','Різдво','Музика: Софія Куценко Слова: Софія Куценко','uk','ukraine_1991',NULL,NULL,'аудіозапис',NULL,'А з неба сніг упаде на мою долонь,
Ніхто б не зміг зупинити думок полон,
Бо всі слова візерунками на вікні,
І ця зима щось відкриє тобі й мені...

Приспів:
Нам Різдво несе дива! -
Скажеш ти і скажу я,
Що в душі живуть і в серці
Мрії, зорі й почуття!
Нам Різдво несе дива!
Я скажу тобі сама,
Що зимовий сон здійсниться!
Нам Різдво несе дива!

А сніг летить і сніжинки немов птахи,
Казкова мить пише небу немов листи
Про це Різдво і про нас, про майбудні дні,
Немов в вікно я побачу різдвяні сни!

Приспів.','["pisni.org.ua", "cat:suchasni-pisni-rizdvo", "Сучасні пісні про Різдвяні свята"]',1,'published',COALESCE((SELECT created_at FROM songs WHERE id='pisniua_9467487'), datetime('now')),datetime('now'));
INSERT OR REPLACE INTO songs_fts(song_id,title,lyrics) VALUES ('pisniua_9467487','Різдво','А з неба сніг упаде на мою долонь,
Ніхто б не зміг зупинити думок полон,
Бо всі слова візерунками на вікні,
І ця зима щось відкриє тобі й мені...

Приспів:
Нам Різдво несе дива! -
Скажеш ти і скажу я,
Що в душі живуть і в серці
Мрії, зорі й почуття!
Нам Різдво несе дива!
Я скажу тобі сама,
Що зимовий сон здійсниться!
Нам Різдво несе дива!

А сніг летить і сніжинки немов птахи,
Казкова мить пише небу немов листи
Про це Різдво і про нас, про майбудні дні,
Немов в вікно я побачу різдвяні сни!

Приспів.');
INSERT OR REPLACE INTO song_links (id,song_id,title,url,kind,version_id,sort_order) VALUES ('pisniua_9467487_l1','pisniua_9467487','YouTube','https://www.youtube.com/watch?v=jHZVdNVVrPs','video',NULL,1);
INSERT OR REPLACE INTO songs (id,title,subtitle,lang,country,period,year,source,notes,lyrics,tags_json,lang_locked,status,created_at,updated_at) VALUES ('pisniua_9470487','Кайдани','Музика: Максим Бурла, Карим Хушвахтов Слова: Максим Бурла, Карим Хушвахтов','uk','ukraine_1991',NULL,NULL,'аудіозапис',NULL,'Під теплою ковдрою зустрінем ранок
Десь у Гурзуфі, на пляжі в Криму.
Дивитись на "рускій воєнний корабль"
Втонувший, покинутий, як сироту...
Ржавілий й запльований пам''ятник "русичам",
Від cтиду зігнувший корму з надписом:
"Рускій воєнний корабль, іди-ка ти на х*й!
Слава ЗСУ!"
Денацифікая, спецоперація, утилізація,
В мусор пакет, замість насіння,
В карманах рублі і пару безцінних монет.
Можеш чекати від путіна проводи:
Музика, барабан, гроб і кларнет.
Прошу чекати ще трохи, будь-ласка,
Бо кожному з нас він повинен мінет.
Страх перед смертю виверне
На світ таємне і покаже нутро.
Бабок багато і весь такий козир,
Сходи заплати, щоб не прилетіло.
Прилетить чи ні, загули сирени,
І як казино - чорне "zero"
Вірно підскаже лиш доля,
Або священник і вірне кадило...

Приспів:
Заморили рідну, неньку Україну.              |
Протримайся трохи, доки нечисть досі в тилу! |
Забувайте страхи й кайдани порвіте           |
І вражою злою, кров''ю волю окропіте!         | (2)

Затягнувши рани, протверезів від кошмарів,
Торкнувшись губами до кохання, що було далеко...
Тільки з нами порвала розлука, зараз тихше,
Бур''янами, глибше біль у серці лиш словами...
Зібравши порване намисто, в лодоні кріпко стисну,
Не терпівши злих думок про тих, хто ніс руїни в місто.
Наша свобода й совість чиста!
І тільки українець знає скільки в словах змісту...
А може забудеться і з поколіннями
Буде записане тільки в книжках?..
Дай, Боже, дітям не знати
Що таке бомби, паніка, що таке жах!..
24-го всі зрозуміли
Хто кому близький, хто кому - так.
На дно пішов руській корабль,
Слідом і руський літак...

Приспів.','["pisni.org.ua", "cat:ato", "Пісні російсько-української війни та АТО"]',1,'published',COALESCE((SELECT created_at FROM songs WHERE id='pisniua_9470487'), datetime('now')),datetime('now'));
INSERT OR REPLACE INTO songs_fts(song_id,title,lyrics) VALUES ('pisniua_9470487','Кайдани','Під теплою ковдрою зустрінем ранок
Десь у Гурзуфі, на пляжі в Криму.
Дивитись на "рускій воєнний корабль"
Втонувший, покинутий, як сироту...
Ржавілий й запльований пам''ятник "русичам",
Від cтиду зігнувший корму з надписом:
"Рускій воєнний корабль, іди-ка ти на х*й!
Слава ЗСУ!"
Денацифікая, спецоперація, утилізація,
В мусор пакет, замість насіння,
В карманах рублі і пару безцінних монет.
Можеш чекати від путіна проводи:
Музика, барабан, гроб і кларнет.
Прошу чекати ще трохи, будь-ласка,
Бо кожному з нас він повинен мінет.
Страх перед смертю виверне
На світ таємне і покаже нутро.
Бабок багато і весь такий козир,
Сходи заплати, щоб не прилетіло.
Прилетить чи ні, загули сирени,
І як казино - чорне "zero"
Вірно підскаже лиш доля,
Або священник і вірне кадило...

Приспів:
Заморили рідну, неньку Україну.              |
Протримайся трохи, доки нечисть досі в тилу! |
Забувайте страхи й кайдани порвіте           |
І вражою злою, кров''ю волю окропіте!         | (2)

Затягнувши рани, протверезів від кошмарів,
Торкнувшись губами до кохання, що було далеко...
Тільки з нами порвала розлука, зараз тихше,
Бур''янами, глибше біль у серці лиш словами...
Зібравши порване намисто, в лодоні кріпко стисну,
Не терпівши злих думок про тих, хто ніс руїни в місто.
Наша свобода й совість чиста!
І тільки українець знає скільки в словах змісту...
А може забудеться і з поколіннями
Буде записане тільки в книжках?..
Дай, Боже, дітям не знати
Що таке бомби, паніка, що таке жах!..
24-го всі зрозуміли
Хто кому близький, хто кому - так.
На дно пішов руській корабль,
Слідом і руський літак...

Приспів.');
INSERT OR REPLACE INTO song_links (id,song_id,title,url,kind,version_id,sort_order) VALUES ('pisniua_9470487_l1','pisniua_9470487','YouTube','https://www.youtube.com/watch?v=oh7L13PS5IA','video',NULL,1);
INSERT OR REPLACE INTO songs (id,title,subtitle,lang,country,period,year,source,notes,lyrics,tags_json,lang_locked,status,created_at,updated_at) VALUES ('pisniua_9475281','Порічка','Музика: YAKTAK, KOLA Слова: YAKTAK, KOLA','uk','ukraine_before_1917',NULL,NULL,'аудіозапис',NULL,'Спека так розкриває сукню білу,
Небо, ніби посилає мені знак,
Зранку все відкриває штору сіру,
Серце твоє б''ється все зі мною в такт...
Де взяла ти очі ці лісові?
Гвинтокрилі метелики в животі
Вилітають, та гріють на холоді,
А ти зі смаком ягоди:

Приспів:
Солодка порічка,        |
Що росте по річках,     |
В твою квіткову стрічку |
Нас заховає нічка!..    | (2)

Мов сніг, тану, загорнувшися тобою,
Не шукаю більше я від долі знак,
Так не буває, але між нами сталось,
Стрімко по річках я бігла і розквітала...
Де ти взяв очі свої глибокі?..
Скрізь мороз, а ти, мов теплий спокій,
Запишу кожні твої слова в щоденник серця я!..

Приспів.

Порічка!.. Порічка!.. Порічка!..
Порічка!.. Порічка!.. Порічка!..
Порічка!.. Порічка!.. Порічка!..
Порічка!.. Ти наче солодка порічка!..

Приспів.','["pisni.org.ua", "cat:lirychni", "Пісні про кохання, ліричні"]',1,'published',COALESCE((SELECT created_at FROM songs WHERE id='pisniua_9475281'), datetime('now')),datetime('now'));
INSERT OR REPLACE INTO songs_fts(song_id,title,lyrics) VALUES ('pisniua_9475281','Порічка','Спека так розкриває сукню білу,
Небо, ніби посилає мені знак,
Зранку все відкриває штору сіру,
Серце твоє б''ється все зі мною в такт...
Де взяла ти очі ці лісові?
Гвинтокрилі метелики в животі
Вилітають, та гріють на холоді,
А ти зі смаком ягоди:

Приспів:
Солодка порічка,        |
Що росте по річках,     |
В твою квіткову стрічку |
Нас заховає нічка!..    | (2)

Мов сніг, тану, загорнувшися тобою,
Не шукаю більше я від долі знак,
Так не буває, але між нами сталось,
Стрімко по річках я бігла і розквітала...
Де ти взяв очі свої глибокі?..
Скрізь мороз, а ти, мов теплий спокій,
Запишу кожні твої слова в щоденник серця я!..

Приспів.

Порічка!.. Порічка!.. Порічка!..
Порічка!.. Порічка!.. Порічка!..
Порічка!.. Порічка!.. Порічка!..
Порічка!.. Ти наче солодка порічка!..

Приспів.');
INSERT OR REPLACE INTO song_links (id,song_id,title,url,kind,version_id,sort_order) VALUES ('pisniua_9475281_l1','pisniua_9475281','YouTube','https://www.youtube.com/watch?v=88Pt8XIUdFE','video',NULL,1);
INSERT OR REPLACE INTO songs (id,title,subtitle,lang,country,period,year,source,notes,lyrics,tags_json,lang_locked,status,created_at,updated_at) VALUES ('pisniua_9467585','Радій, Земля!','Музика: IXTIS_BAND Слова: IXTIS_BAND','uk','ukraine_before_1917',NULL,NULL,'аудіозапис',NULL,'Мирно, тихо люди спочивали,
Раптом хори ангелів святих
Славну нову пісню заспівали,
Що родивсь для світу Божий Син!

Приспів:
Радій, Земля!
Прослав Спасителя Христа!
Божий Син прийшов,
Щоб світ спасти!
І хай в серцях знайдеться
Місце для Христа,
Щоб Він сьогодні
Теж там народивсь!

Пастухи, почувши цю новину,
З радістю пішли у Вифлеєм,
Там лежав у яслах, вкритий сіном,
Цар, Спаситель світу, Божий Син!

Приспів.

Так як мудрецям зоря світила
І вказала шлях їм до Христа,
У цей день Різдва любов''ю й миром
Хай засвітяться людські серця!

Приспів.','["pisni.org.ua", "cat:shchedrivky", "cat:suchasni-pisni-rizdvo", "Щедрівки", "Сучасні пісні про Різдвяні свята"]',1,'published',COALESCE((SELECT created_at FROM songs WHERE id='pisniua_9467585'), datetime('now')),datetime('now'));
INSERT OR REPLACE INTO songs_fts(song_id,title,lyrics) VALUES ('pisniua_9467585','Радій, Земля!','Мирно, тихо люди спочивали,
Раптом хори ангелів святих
Славну нову пісню заспівали,
Що родивсь для світу Божий Син!

Приспів:
Радій, Земля!
Прослав Спасителя Христа!
Божий Син прийшов,
Щоб світ спасти!
І хай в серцях знайдеться
Місце для Христа,
Щоб Він сьогодні
Теж там народивсь!

Пастухи, почувши цю новину,
З радістю пішли у Вифлеєм,
Там лежав у яслах, вкритий сіном,
Цар, Спаситель світу, Божий Син!

Приспів.

Так як мудрецям зоря світила
І вказала шлях їм до Христа,
У цей день Різдва любов''ю й миром
Хай засвітяться людські серця!

Приспів.');
INSERT OR REPLACE INTO song_links (id,song_id,title,url,kind,version_id,sort_order) VALUES ('pisniua_9467585_l1','pisniua_9467585','YouTube','https://www.youtube.com/watch?v=SGtohf4UZTE','video',NULL,1);
INSERT OR REPLACE INTO songs (id,title,subtitle,lang,country,period,year,source,notes,lyrics,tags_json,lang_locked,status,created_at,updated_at) VALUES ('pisniua_946281','Ангел Божий','Слова: невідомий','uk','ukraine_1991',NULL,NULL,NULL,'Церковна пісня на благовіщення. Записано у Закарпатті.','Ангел Божий вість Марії
З неба приносить.
Благодатная радуйся!
Її голосить.
Зачнеш Сина Діво чиста,
І породиш Спаса Христа
На спасіння всіх!    (2)

Як же станесь та новина
Скажи Гавриле?
Як із мого дівства зродись
Бог Емануїл?
О предивна се новина,
Щоб повила Діва Сина
Мужа невістна. (2)

"Дух святий на Тебе зійде,
Сей Тя осінить,
Непоняте чудес чудо
В Тобі ся сповнить,
І Ти приймеш в своїм лоні
Бога Слова, що в Сіоні
Вічно владієть"!  (2)

Я послушна слуга Божа,
Нехай так буде,
Що звіщаєш, Я приймаю,
Най живуть люди".
І почала Діва Бога
З того радість в небі многа,
І по всій землі. (2)    мелодія  (','["pisni.org.ua", "cat:cerkovni", "Церковні пісні"]',1,'published',COALESCE((SELECT created_at FROM songs WHERE id='pisniua_946281'), datetime('now')),datetime('now'));
INSERT OR REPLACE INTO songs_fts(song_id,title,lyrics) VALUES ('pisniua_946281','Ангел Божий','Ангел Божий вість Марії
З неба приносить.
Благодатная радуйся!
Її голосить.
Зачнеш Сина Діво чиста,
І породиш Спаса Христа
На спасіння всіх!    (2)

Як же станесь та новина
Скажи Гавриле?
Як із мого дівства зродись
Бог Емануїл?
О предивна се новина,
Щоб повила Діва Сина
Мужа невістна. (2)

"Дух святий на Тебе зійде,
Сей Тя осінить,
Непоняте чудес чудо
В Тобі ся сповнить,
І Ти приймеш в своїм лоні
Бога Слова, що в Сіоні
Вічно владієть"!  (2)

Я послушна слуга Божа,
Нехай так буде,
Що звіщаєш, Я приймаю,
Най живуть люди".
І почала Діва Бога
З того радість в небі многа,
І по всій землі. (2)    мелодія  (');
INSERT OR REPLACE INTO song_links (id,song_id,title,url,kind,version_id,sort_order) VALUES ('pisniua_946281_l1','pisniua_946281','YouTube','https://www.youtube.com/watch?v=k5i88FC4Vos','video',NULL,1);
INSERT OR REPLACE INTO songs (id,title,subtitle,lang,country,period,year,source,notes,lyrics,tags_json,lang_locked,status,created_at,updated_at) VALUES ('pisniua_946889','В дні прожиті','Музика: Ольга Богомолець Слова: Ліна Костенко. Виконує: Ольга Богомолець, Сестри Тельнюк','uk','ukraine_1991',NULL,NULL,NULL,NULL,'В дні, прожиті печально і просто,
Все було як незайманий сніг.
Темнооким чудесним гостем
Я чекала тебе з доріг.

Забарився, прийшов нескоро.
Марнувала я дні в жалю.
І в недобру для серця пору
Я сказала комусь: - Люблю.

Хтось підносив мене до неба,
Я вдихала його, голубе...
І не мріяла вже про тебе,
Щоби цим не образить тебе.

А буває - спинюсь на місці,
Простягаю руки без слів,
Ніби жду чудесної вісті
З невідомих нікому країв...

Є для серця така покута -
Забувати скоріше зло,
Аніж те, що мусило бути
І чого в житті не було.','["pisni.org.ua", "cat:bardivski", "Бардівські пісні"]',1,'published',COALESCE((SELECT created_at FROM songs WHERE id='pisniua_946889'), datetime('now')),datetime('now'));
INSERT OR REPLACE INTO songs_fts(song_id,title,lyrics) VALUES ('pisniua_946889','В дні прожиті','В дні, прожиті печально і просто,
Все було як незайманий сніг.
Темнооким чудесним гостем
Я чекала тебе з доріг.

Забарився, прийшов нескоро.
Марнувала я дні в жалю.
І в недобру для серця пору
Я сказала комусь: - Люблю.

Хтось підносив мене до неба,
Я вдихала його, голубе...
І не мріяла вже про тебе,
Щоби цим не образить тебе.

А буває - спинюсь на місці,
Простягаю руки без слів,
Ніби жду чудесної вісті
З невідомих нікому країв...

Є для серця така покута -
Забувати скоріше зло,
Аніж те, що мусило бути
І чого в житті не було.');
INSERT OR REPLACE INTO songs (id,title,subtitle,lang,country,period,year,source,notes,lyrics,tags_json,lang_locked,status,created_at,updated_at) VALUES ('pisniua_9479487','З Днем народження, мамо!','Музика: Анатолій Розанов Слова: Тетяна Шершова. Виконує: Діти Фрістайла','uk','ukraine_1991',NULL,NULL,'авторське подання',NULL,'Хоч я і вдалині, та не забула, ні
Купити квіти в особливий день.
Не обійму, на жаль, тому в душі печаль,
Не подарую я своїх пісень...
І фото у руках, де блиск в твоїх очах,
Сімнадцять років радісних твоїх.
Вже старша стала я, давно своя сім''я,
Почуй слова ти побажань моїх.

Приспів:
Хай минають роки,
Ми з тобою навіки,
Рідна матінко, єдина моя!
Всі печалі пройдуть,
Тільки ти щаслива будь
В день народження тобі зичу я!

Неначе день жила, закохана була,
І легкою була твоя хода.
Холоднії вітри сипнули сивини
Та ти для мене, мамо, молода.
Мудріший погляд твій та сповнений надій,
Шкода, що час невпинно так летить.
За ласку знов і знов, і за твою любов,
Я вдячна кожен день і кожну мить.

Приспів.

Додому довгий шлях, та все в моїх руках,
Ріднесенька, до тебе я лечу.
До себе притулю, віддам любов свою,
Наплачемось з тобою досхочу.
Тепло і ніжність рук, тремтливий серця стук,
Це почуття насправді неземне.
Пройшла я сто доріг, і ось він, мій поріг.
Твоя молитва зберегла мене!..

Приспів.','["pisni.org.ua", "cat:pro-ditey", "Пісні про любов до дітей"]',1,'published',COALESCE((SELECT created_at FROM songs WHERE id='pisniua_9479487'), datetime('now')),datetime('now'));
INSERT OR REPLACE INTO songs_fts(song_id,title,lyrics) VALUES ('pisniua_9479487','З Днем народження, мамо!','Хоч я і вдалині, та не забула, ні
Купити квіти в особливий день.
Не обійму, на жаль, тому в душі печаль,
Не подарую я своїх пісень...
І фото у руках, де блиск в твоїх очах,
Сімнадцять років радісних твоїх.
Вже старша стала я, давно своя сім''я,
Почуй слова ти побажань моїх.

Приспів:
Хай минають роки,
Ми з тобою навіки,
Рідна матінко, єдина моя!
Всі печалі пройдуть,
Тільки ти щаслива будь
В день народження тобі зичу я!

Неначе день жила, закохана була,
І легкою була твоя хода.
Холоднії вітри сипнули сивини
Та ти для мене, мамо, молода.
Мудріший погляд твій та сповнений надій,
Шкода, що час невпинно так летить.
За ласку знов і знов, і за твою любов,
Я вдячна кожен день і кожну мить.

Приспів.

Додому довгий шлях, та все в моїх руках,
Ріднесенька, до тебе я лечу.
До себе притулю, віддам любов свою,
Наплачемось з тобою досхочу.
Тепло і ніжність рук, тремтливий серця стук,
Це почуття насправді неземне.
Пройшла я сто доріг, і ось він, мій поріг.
Твоя молитва зберегла мене!..

Приспів.');
INSERT OR REPLACE INTO song_links (id,song_id,title,url,kind,version_id,sort_order) VALUES ('pisniua_9479487_l1','pisniua_9479487','YouTube','https://www.youtube.com/watch?v=6qnmA29-7F4','video',NULL,1);
INSERT OR REPLACE INTO songs (id,title,subtitle,lang,country,period,year,source,notes,lyrics,tags_json,lang_locked,status,created_at,updated_at) VALUES ('pisniua_9463889','Хай нам, брате, пощастить!','Музика: YARMAK Слова: YARMAK. Виконує: YARMAK','uk','ukraine_1991',NULL,NULL,'аудіозапис',NULL,'Хай нам, брате, пощастить!
Хай нас небо захистить!
Тризуб, що несу на грудях!

Лютий нас розбудив рано-вранці,
Дикуни вже прорвали терени,
Я стояв серед тих новобранців,
Не моє - підвивати сиренам!..
Доля не питала мене, піду я чи ні,
Я б не зміг дивитися на все вдалечині,
Ця війна підкралася в країну нашу підло,
І мені за честь стояти з воїнами світла!
Вперше я одягаю наш піксель,
Вперше нас всіх шикують у лави,
І я впевнений ще нам на вік цей
Всім дістанеться волі і слави!
І нехай, брате, кулі минають!
Я нам всім лиш одне побажаю:
Все пройти, хай зірки прикривають,
Бо хоробрих і смерть поважає!

Приспів:
Хай нам, брате, пощастить!
Хай нас небо захистить!
Тризуб, що несу на грудях,
То і є моя броня!
Хай нам, брате, пощастить!
Все палає і свистить,
А ми йдемо в бій,
Бо це наш край, наша земля!

Ми ніколи не хилимо гриви!
Ця дорога шліфує героїв!
Нас лякали вже ядерним грибом,
Та тут кожен, як атомна зброя!
Подавай-подавай в кулемет набої,
Призивали пацаном, а переможе воїн!
Не питай, не питай,
Хто із нас повернеться!
І куди мене дорога долі ще заверне ця,
Скільки там ще попереду герцю,
Скільки вже натерпілись ці люди,
У нас крига тепер замість серця!
Це найдовший в житті місяць лютий...
Рідне поле засіяне гільзами,
Кров наповнює маки червоні,
А нас доля несе в новий бій за мить,
Через пекло у Бога в долоні!

Приспів.

Хай нам, брате, пощастить!
Хай нас небо захистить!

Приспів.

Хай нам, брате, пощастить!','["pisni.org.ua", "cat:ato", "cat:devoted", "cat:viyskovi", "Пісні російсько-української війни та АТО", "Пісні присвячені окремим особам", "Пісні на військову тематику"]',1,'published',COALESCE((SELECT created_at FROM songs WHERE id='pisniua_9463889'), datetime('now')),datetime('now'));
INSERT OR REPLACE INTO songs_fts(song_id,title,lyrics) VALUES ('pisniua_9463889','Хай нам, брате, пощастить!','Хай нам, брате, пощастить!
Хай нас небо захистить!
Тризуб, що несу на грудях!

Лютий нас розбудив рано-вранці,
Дикуни вже прорвали терени,
Я стояв серед тих новобранців,
Не моє - підвивати сиренам!..
Доля не питала мене, піду я чи ні,
Я б не зміг дивитися на все вдалечині,
Ця війна підкралася в країну нашу підло,
І мені за честь стояти з воїнами світла!
Вперше я одягаю наш піксель,
Вперше нас всіх шикують у лави,
І я впевнений ще нам на вік цей
Всім дістанеться волі і слави!
І нехай, брате, кулі минають!
Я нам всім лиш одне побажаю:
Все пройти, хай зірки прикривають,
Бо хоробрих і смерть поважає!

Приспів:
Хай нам, брате, пощастить!
Хай нас небо захистить!
Тризуб, що несу на грудях,
То і є моя броня!
Хай нам, брате, пощастить!
Все палає і свистить,
А ми йдемо в бій,
Бо це наш край, наша земля!

Ми ніколи не хилимо гриви!
Ця дорога шліфує героїв!
Нас лякали вже ядерним грибом,
Та тут кожен, як атомна зброя!
Подавай-подавай в кулемет набої,
Призивали пацаном, а переможе воїн!
Не питай, не питай,
Хто із нас повернеться!
І куди мене дорога долі ще заверне ця,
Скільки там ще попереду герцю,
Скільки вже натерпілись ці люди,
У нас крига тепер замість серця!
Це найдовший в житті місяць лютий...
Рідне поле засіяне гільзами,
Кров наповнює маки червоні,
А нас доля несе в новий бій за мить,
Через пекло у Бога в долоні!

Приспів.

Хай нам, брате, пощастить!
Хай нас небо захистить!

Приспів.

Хай нам, брате, пощастить!');
INSERT OR REPLACE INTO song_links (id,song_id,title,url,kind,version_id,sort_order) VALUES ('pisniua_9463889_l1','pisniua_9463889','YouTube','https://www.youtube.com/watch?v=4IiJxK3Y4SM','video',NULL,1);
INSERT OR REPLACE INTO song_links (id,song_id,title,url,kind,version_id,sort_order) VALUES ('pisniua_9463889_l2','pisniua_9463889','YouTube','https://www.youtube.com/watch?v=4KmQNAAEfSI','video',NULL,2);
INSERT OR REPLACE INTO songs (id,title,subtitle,lang,country,period,year,source,notes,lyrics,tags_json,lang_locked,status,created_at,updated_at) VALUES ('pisniua_9474484','Лють','Музика: Сергій Соловій Слова: Сергій Соловій. Виконує: Kozak System','uk','ukraine_1991',NULL,NULL,'аудіозапис',NULL,'Я лють свою перетворю на зброю,
Я смерть несу проклятим ворогам,
Бо справжній я - непереможний воїн!  |
Честь всім героям: сестрам і братам! | (2)

Я лють свою перетворю на волю,
Свобода у крові моїй тече!
За цю можливість дякую я долі,       |
Бо цей вогонь запеклих не пече!      | (2)

Я лють свою перетворю на вітер,
Як сокіл в небі бачу ворогів!
Я рознесу їх, мов шалений вихор,     |
Побачать наш вони священний гнів!    | (2)

Я лють свою перетворю на щит,
Міста і села вкрию в тяжку мить!
Я всі вогні візьму лише на себе,     |
Мов скеля, мужньо я прийму цей бій!  | (2)

Я лють свою перетворю на віру,
Я вірю в наші славні імена!
Я вірю в перемогу України!           |
Вона єдина! Вона у нас одна!         | (2)

Вона єдина! Вона у нас одна!','["pisni.org.ua", "cat:ato", "cat:viyskovi", "cat:zahalni-cinnosti", "Пісні російсько-української війни та АТО", "Пісні на військову тематику", "Пісні про загальнолюдські цінності"]',1,'published',COALESCE((SELECT created_at FROM songs WHERE id='pisniua_9474484'), datetime('now')),datetime('now'));
INSERT OR REPLACE INTO songs_fts(song_id,title,lyrics) VALUES ('pisniua_9474484','Лють','Я лють свою перетворю на зброю,
Я смерть несу проклятим ворогам,
Бо справжній я - непереможний воїн!  |
Честь всім героям: сестрам і братам! | (2)

Я лють свою перетворю на волю,
Свобода у крові моїй тече!
За цю можливість дякую я долі,       |
Бо цей вогонь запеклих не пече!      | (2)

Я лють свою перетворю на вітер,
Як сокіл в небі бачу ворогів!
Я рознесу їх, мов шалений вихор,     |
Побачать наш вони священний гнів!    | (2)

Я лють свою перетворю на щит,
Міста і села вкрию в тяжку мить!
Я всі вогні візьму лише на себе,     |
Мов скеля, мужньо я прийму цей бій!  | (2)

Я лють свою перетворю на віру,
Я вірю в наші славні імена!
Я вірю в перемогу України!           |
Вона єдина! Вона у нас одна!         | (2)

Вона єдина! Вона у нас одна!');
INSERT OR REPLACE INTO song_links (id,song_id,title,url,kind,version_id,sort_order) VALUES ('pisniua_9474484_l1','pisniua_9474484','YouTube','https://www.youtube.com/watch?v=2IqZva_43bs','video',NULL,1);
INSERT OR REPLACE INTO song_links (id,song_id,title,url,kind,version_id,sort_order) VALUES ('pisniua_9474484_l2','pisniua_9474484','YouTube','https://www.youtube.com/watch?v=lyFSNv0M40w','video',NULL,2);
INSERT OR REPLACE INTO songs (id,title,subtitle,lang,country,period,year,source,notes,lyrics,tags_json,lang_locked,status,created_at,updated_at) VALUES ('pisniua_947188','У середу родилася','Українська народна пісня','uk','ukraine_before_1917',NULL,NULL,'Записано зі слуху',NULL,'У середу родилася - горе ж мені, горе
Не піду я за старого - бородою коле

А піду я за такого, що сміються вуса
Він до мене кивне-моргне, а я засміюся

Він до мене кивнув-моргнув - я засміялася
Вийшла мати воду брати та й догадалася

Чого ж доню, чого ж доню так часто смієшся?
Полюбила козаченька, та не признаєшся

Тобі, мамцю, не питати, мені не казати
Як набрала відро води, то й іди до хати

Ой пий, мамцю, тую воду, що я наносила
Приймай мамцю того зятя, що я полюбила

Буду пити, буду пити, буду розливати
Недоброго зятя маю - буду чарувати

Чарувала ручки, ніжки ще й чорнії очі
Щоб не ходив до дівчини темненької ночі','["pisni.org.ua", "cat:volynski", "Пісні з Волині"]',1,'published',COALESCE((SELECT created_at FROM songs WHERE id='pisniua_947188'), datetime('now')),datetime('now'));
INSERT OR REPLACE INTO songs_fts(song_id,title,lyrics) VALUES ('pisniua_947188','У середу родилася','У середу родилася - горе ж мені, горе
Не піду я за старого - бородою коле

А піду я за такого, що сміються вуса
Він до мене кивне-моргне, а я засміюся

Він до мене кивнув-моргнув - я засміялася
Вийшла мати воду брати та й догадалася

Чого ж доню, чого ж доню так часто смієшся?
Полюбила козаченька, та не признаєшся

Тобі, мамцю, не питати, мені не казати
Як набрала відро води, то й іди до хати

Ой пий, мамцю, тую воду, що я наносила
Приймай мамцю того зятя, що я полюбила

Буду пити, буду пити, буду розливати
Недоброго зятя маю - буду чарувати

Чарувала ручки, ніжки ще й чорнії очі
Щоб не ходив до дівчини темненької ночі');
INSERT OR REPLACE INTO songs (id,title,subtitle,lang,country,period,year,source,notes,lyrics,tags_json,lang_locked,status,created_at,updated_at) VALUES ('pisniua_9486982','Народжені Вільними!','Музика: Злата Огнєвіч, Without Limits (Без Обмежень) Слова: Злата Огнєвіч, Without Limits (Без Обмежень). Виконує: Злата Огнєвіч, Without Limits (Без Обмежень)','uk','ukraine_1991',NULL,NULL,'аудіозапис',NULL,'Заливає дощем нас, але в серці немає страху!
Розчинилась у фальш - біль...
І всередині щем та гарні люди на нашім шляху,
Переможемо цей біль!
Подивись, тепер ми по світу скрізь іншим світимо,
По серед химер, вибухів і сліз ми не впадемо!

Приспів:
Чуєш, ми, ми народжені вільними, народжені сильними!
Не спинити! Межу перетнули ви і греблю вже зірвано!

Вони думали,
Що ми вдягнемо ярмо рабів і впадемо на коліна,
Але, що розбудили силу, наша воля не тлінна!
Чуєш, як реве Черемош, Дніпро, Сіверський Донець?..
Ми шляхи пройдем звільнимо Азов! Там імлі кінець!

Приспів. (2)

Через тугу і біль не забракне зусиль,
Щоб вогнем і мечем їх на потяв!
Наші хлопці, як сталь, розіб''ють на кришталь
Ту ворожу орду, дай запалу!

Приспів.','["pisni.org.ua", "cat:ato", "cat:devoted", "cat:viyskovi", "cat:zahalni-cinnosti", "Пісні російсько-української війни та АТО", "Пісні присвячені окремим особам", "Пісні на військову тематику", "Пісні про загальнолюдські цінності"]',1,'published',COALESCE((SELECT created_at FROM songs WHERE id='pisniua_9486982'), datetime('now')),datetime('now'));
INSERT OR REPLACE INTO songs_fts(song_id,title,lyrics) VALUES ('pisniua_9486982','Народжені Вільними!','Заливає дощем нас, але в серці немає страху!
Розчинилась у фальш - біль...
І всередині щем та гарні люди на нашім шляху,
Переможемо цей біль!
Подивись, тепер ми по світу скрізь іншим світимо,
По серед химер, вибухів і сліз ми не впадемо!

Приспів:
Чуєш, ми, ми народжені вільними, народжені сильними!
Не спинити! Межу перетнули ви і греблю вже зірвано!

Вони думали,
Що ми вдягнемо ярмо рабів і впадемо на коліна,
Але, що розбудили силу, наша воля не тлінна!
Чуєш, як реве Черемош, Дніпро, Сіверський Донець?..
Ми шляхи пройдем звільнимо Азов! Там імлі кінець!

Приспів. (2)

Через тугу і біль не забракне зусиль,
Щоб вогнем і мечем їх на потяв!
Наші хлопці, як сталь, розіб''ють на кришталь
Ту ворожу орду, дай запалу!

Приспів.');
INSERT OR REPLACE INTO song_links (id,song_id,title,url,kind,version_id,sort_order) VALUES ('pisniua_9486982_l1','pisniua_9486982','YouTube','https://www.youtube.com/watch?v=EaG11N7hYmk','video',NULL,1);
INSERT OR REPLACE INTO songs (id,title,subtitle,lang,country,period,year,source,notes,lyrics,tags_json,lang_locked,status,created_at,updated_at) VALUES ('pisniua_947282','Кривий Танець','Українська народна пісня. Виконує: Тінь сонця','uk','ukraine_before_1917',NULL,NULL,'http://www.sunshadow.com.ua/','Гаївки-Великдень: Українське свято Відродження Світа. Гра-коловід Змії/Змія. Весна Світа. Еротика, жарти, забави: Катерини – Калета – Андрія... Гаїлки-Великдень... Зелені Свята... Івана Купала... Весілля... – Щедровечірнє й Новорічне: Маланки-Василь. Коза. Кіт... – Мед і Ябка... А ми Йому Кінця не знайдем.','А ми Кривого Танцю йдем, Танцю йдем,
А ми Йому Кінця не знайдем, не знайдем,
А Вода  по Каменю,
А Вода по Білому,
Стиха йде стиха йде.

Ішли Дівчата через Двір, через Двір.
На них Хусточки як Мак цвів, як Мак цвів.
Стали Хусточки маяти,
Стала Діброва палати.
Стали Дівчата гасити,
Решетом Воду носити.
Скільки в Решеті Водиці,
Стільки в дівчатках правдиці.','["pisni.org.ua", "cat:all-ukraine", "cat:vesnyanky-hayivky", "Загальноукраїнські пісні", "Веснянки та гаївки"]',1,'published',COALESCE((SELECT created_at FROM songs WHERE id='pisniua_947282'), datetime('now')),datetime('now'));
INSERT OR REPLACE INTO songs_fts(song_id,title,lyrics) VALUES ('pisniua_947282','Кривий Танець','А ми Кривого Танцю йдем, Танцю йдем,
А ми Йому Кінця не знайдем, не знайдем,
А Вода  по Каменю,
А Вода по Білому,
Стиха йде стиха йде.

Ішли Дівчата через Двір, через Двір.
На них Хусточки як Мак цвів, як Мак цвів.
Стали Хусточки маяти,
Стала Діброва палати.
Стали Дівчата гасити,
Решетом Воду носити.
Скільки в Решеті Водиці,
Стільки в дівчатках правдиці.');
INSERT OR REPLACE INTO song_links (id,song_id,title,url,kind,version_id,sort_order) VALUES ('pisniua_947282_l1','pisniua_947282','Переглянути варіанти >>','https://www.pisni.org.ua/#variants','external',NULL,1);
INSERT OR REPLACE INTO songs (id,title,subtitle,lang,country,period,year,source,notes,lyrics,tags_json,lang_locked,status,created_at,updated_at) VALUES ('pisniua_9472580','Борітеся — поборете!','Музика: Павло Табаков Слова: Тарас Шевченко','uk','ukraine_1991',NULL,NULL,'аудіозапис',NULL,'Приспів:
Борітеся — поборете!
Хай Вам Бог помагає!
За вас правда, |
За вас слава   |
І воля святая! | (2)

За горами гори, хмарою повиті,
Засіяні горем, кровію политі.
Споконвіку Прометея
Там орел карає,
Що день Божий ребра
Й серце розбиває.
Розбиває, та не вип''є
Живущої крові, —
Серце знову оживає
І сміється знову.
Не вмирає душа наша,
Не вмирає воля.
І неситий не виоре
На дні моря поле.

Приспів.

Не скує душі живої
І слова живого.
Не понесе слави Бога,
Великого Бога.
Ми віруєм Твоїй силі
І Духу живому.
Встане правда! встане воля!
І тобі одному
Помоляться всі язики
Вовіки і віки.
А поки ще течуть ріки,
Кривавії ріки!
За горами гори, хмарою повиті,
Засіяні горем, кровію политі.

Приспів.','["pisni.org.ua", "cat:patriotic", "Патріотичні пісні"]',1,'published',COALESCE((SELECT created_at FROM songs WHERE id='pisniua_9472580'), datetime('now')),datetime('now'));
INSERT OR REPLACE INTO songs_fts(song_id,title,lyrics) VALUES ('pisniua_9472580','Борітеся — поборете!','Приспів:
Борітеся — поборете!
Хай Вам Бог помагає!
За вас правда, |
За вас слава   |
І воля святая! | (2)

За горами гори, хмарою повиті,
Засіяні горем, кровію политі.
Споконвіку Прометея
Там орел карає,
Що день Божий ребра
Й серце розбиває.
Розбиває, та не вип''є
Живущої крові, —
Серце знову оживає
І сміється знову.
Не вмирає душа наша,
Не вмирає воля.
І неситий не виоре
На дні моря поле.

Приспів.

Не скує душі живої
І слова живого.
Не понесе слави Бога,
Великого Бога.
Ми віруєм Твоїй силі
І Духу живому.
Встане правда! встане воля!
І тобі одному
Помоляться всі язики
Вовіки і віки.
А поки ще течуть ріки,
Кривавії ріки!
За горами гори, хмарою повиті,
Засіяні горем, кровію политі.

Приспів.');
INSERT OR REPLACE INTO song_links (id,song_id,title,url,kind,version_id,sort_order) VALUES ('pisniua_9472580_l1','pisniua_9472580','YouTube','https://www.youtube.com/watch?v=2fhkw3p0iYM','video',NULL,1);
INSERT OR REPLACE INTO song_links (id,song_id,title,url,kind,version_id,sort_order) VALUES ('pisniua_9472580_l2','pisniua_9472580','YouTube','https://www.youtube.com/watch?v=LPiiPeY6sU8','video',NULL,2);
INSERT OR REPLACE INTO song_links (id,song_id,title,url,kind,version_id,sort_order) VALUES ('pisniua_9472580_l3','pisniua_9472580','YouTube','https://www.youtube.com/watch?v=-hEFTcEFwhM','video',NULL,3);
INSERT OR REPLACE INTO songs (id,title,subtitle,lang,country,period,year,source,notes,lyrics,tags_json,lang_locked,status,created_at,updated_at) VALUES ('pisniua_9488786','Вище хмар','Музика: Shumei Слова: Shumei','uk','ukraine_before_1917',NULL,NULL,'аудіозапис',NULL,'Не благай почуття, будь обережна...
Не біжи за вчорашнім днем ​​безмежним...
Затушу свою тінь до міліметра...
Закричи та біжи у свої тенета...
Тихо я прошепчу, та хто почує...
Серце хоче кричати, ніхто не чує!..
І сльозою розтопити міцні кайдани,
Плаче дощ, плачу я і небо з нами!..

Приспів:
Вище хмар злечу, щоб почати все спочатку,
Я тебе люблю все життя і до останку!
Вище хмар злечу, щоб почати все спочатку,
Я тебе люблю все життя і до останку!

Та чому кожен раз, коли злітаєш,
Щось тримає тебе і ти не знаєш,
Як любов зберегти, але це тайна...
І до зустрічі - сказати, та не буквально!
Тихо я прошепчу, та хто почує...
Серце хоче кричать, ніхто не чує!..
Моя воля міцна, та хто повірить,
І я знаю, сльозам ніхто не вірить...

Приспів.

Все життя і до останку!..

Приспів.','["pisni.org.ua", "cat:lirychni", "Пісні про кохання, ліричні"]',1,'published',COALESCE((SELECT created_at FROM songs WHERE id='pisniua_9488786'), datetime('now')),datetime('now'));
INSERT OR REPLACE INTO songs_fts(song_id,title,lyrics) VALUES ('pisniua_9488786','Вище хмар','Не благай почуття, будь обережна...
Не біжи за вчорашнім днем ​​безмежним...
Затушу свою тінь до міліметра...
Закричи та біжи у свої тенета...
Тихо я прошепчу, та хто почує...
Серце хоче кричати, ніхто не чує!..
І сльозою розтопити міцні кайдани,
Плаче дощ, плачу я і небо з нами!..

Приспів:
Вище хмар злечу, щоб почати все спочатку,
Я тебе люблю все життя і до останку!
Вище хмар злечу, щоб почати все спочатку,
Я тебе люблю все життя і до останку!

Та чому кожен раз, коли злітаєш,
Щось тримає тебе і ти не знаєш,
Як любов зберегти, але це тайна...
І до зустрічі - сказати, та не буквально!
Тихо я прошепчу, та хто почує...
Серце хоче кричать, ніхто не чує!..
Моя воля міцна, та хто повірить,
І я знаю, сльозам ніхто не вірить...

Приспів.

Все життя і до останку!..

Приспів.');
INSERT OR REPLACE INTO song_links (id,song_id,title,url,kind,version_id,sort_order) VALUES ('pisniua_9488786_l1','pisniua_9488786','YouTube','https://www.youtube.com/watch?v=eBIitwsLq34','video',NULL,1);
INSERT OR REPLACE INTO song_links (id,song_id,title,url,kind,version_id,sort_order) VALUES ('pisniua_9488786_l2','pisniua_9488786','YouTube','https://www.youtube.com/watch?v=yFgm94JUGT8','video',NULL,2);
INSERT OR REPLACE INTO songs (id,title,subtitle,lang,country,period,year,source,notes,lyrics,tags_json,lang_locked,status,created_at,updated_at) VALUES ('pisniua_9480384','Діти війни','Музика: Сергій Нехаєвський Слова: Оля Киця','uk','ukraine_1991',NULL,NULL,'авторське подання',NULL,'Em
Стоїть малюк, закривши оченята,
На личку рана, куртка вся брудна,
До ротика підносить рученята,
А у кремлі радіє сатана!
Де дівся дім? Де іграшки поділись?
Де ліжечко, в якому тихо спав?
Де теплий плед, під ним із татом грілись,
Коли мороз за носика щипав.
Am\H7\Em\C\Am\H7\Em\
М-М-М-М-М-М-М-М  -....
Де книжечка із добрими казками?
Машинки, ними грався з дідусем?
А, де усе, що так любила мама?
Куди, скажіть, поділося усе?
Стоїть малюк, не може зрозуміти,
Що він зробив поганого комусь.
Чому сидять заплаканії діти,
І стогне чийсь згорьований татусь?..
Am\H7\Em\C\Am\H7\Em\
А-А-А-А-А-А-А  -....
Бабуся в крик і падає на землю,
Благає всіх: "Рятуйте, поможіть!"
Бо десь отам, у цій руїні темній
Її донька з онуками лежить.
Це будуть перші згадки із дитинства:
Руїни, сльози, страх і крик людей.
Навіки закарбується це звірство
У душах всіх скалічених дітей,
Війною покалічених дітей...
Am\H7\Em\C\Am\H7\Em\
М-М-М-М-М-М-М-М  -....','["pisni.org.ua", "cat:ato", "cat:pro-ditey", "Пісні російсько-української війни та АТО", "Пісні про любов до дітей"]',1,'published',COALESCE((SELECT created_at FROM songs WHERE id='pisniua_9480384'), datetime('now')),datetime('now'));
INSERT OR REPLACE INTO songs_fts(song_id,title,lyrics) VALUES ('pisniua_9480384','Діти війни','Em
Стоїть малюк, закривши оченята,
На личку рана, куртка вся брудна,
До ротика підносить рученята,
А у кремлі радіє сатана!
Де дівся дім? Де іграшки поділись?
Де ліжечко, в якому тихо спав?
Де теплий плед, під ним із татом грілись,
Коли мороз за носика щипав.
Am\H7\Em\C\Am\H7\Em\
М-М-М-М-М-М-М-М  -....
Де книжечка із добрими казками?
Машинки, ними грався з дідусем?
А, де усе, що так любила мама?
Куди, скажіть, поділося усе?
Стоїть малюк, не може зрозуміти,
Що він зробив поганого комусь.
Чому сидять заплаканії діти,
І стогне чийсь згорьований татусь?..
Am\H7\Em\C\Am\H7\Em\
А-А-А-А-А-А-А  -....
Бабуся в крик і падає на землю,
Благає всіх: "Рятуйте, поможіть!"
Бо десь отам, у цій руїні темній
Її донька з онуками лежить.
Це будуть перші згадки із дитинства:
Руїни, сльози, страх і крик людей.
Навіки закарбується це звірство
У душах всіх скалічених дітей,
Війною покалічених дітей...
Am\H7\Em\C\Am\H7\Em\
М-М-М-М-М-М-М-М  -....');
INSERT OR REPLACE INTO song_links (id,song_id,title,url,kind,version_id,sort_order) VALUES ('pisniua_9480384_l1','pisniua_9480384','YouTube','https://www.youtube.com/watch?v=Tc9Wc7YzF2o','video',NULL,1);
INSERT OR REPLACE INTO song_links (id,song_id,title,url,kind,version_id,sort_order) VALUES ('pisniua_9480384_l2','pisniua_9480384','YouTube','https://www.youtube.com/watch?v=B8lVHfcgGLc','video',NULL,2);
INSERT OR REPLACE INTO songs (id,title,subtitle,lang,country,period,year,source,notes,lyrics,tags_json,lang_locked,status,created_at,updated_at) VALUES ('pisniua_9489085','Схилилась мати','Музика: Олександр Келеберда Слова: Марина Лавришин','uk','ukraine_1991',NULL,NULL,'аудіозапис',NULL,'Схилилась мати на могилі сина,
Заплакала і тихо промовля:
Ну що ж, синочку, так тебе просила:
Не йди! А ти: Хто піде, як не я?!

Просила, сину рідний мій, єдиний,
Ти бережи себе на цій війні!
Не чую вже твій голос "солов''їний",
Якби ж ти знав, як боляче мені!..

Не для війни тебе я народила,
Тебе ростила, берегла тебе!
Не вберегла, ворожа куля вбила,   |
Забрала смерть частиночку мене!.. | (2)

Надіялася - в старості доглянеш,
Як схочу пити - принесеш води.
З Днем матері тихенько привітаєш...
А ти лежиш й мовчиш, мовчиш, мовчиш...

Сиділа мати, плакала й молилась,
Щоб душу сина Бог до неба взяв!
Мовчання увесь цвинтар оповило,
І дощик з неба плакати почав...','["pisni.org.ua", "cat:pro-ditey", "cat:zahalni-cinnosti", "Пісні про любов до дітей", "Пісні про загальнолюдські цінності"]',1,'published',COALESCE((SELECT created_at FROM songs WHERE id='pisniua_9489085'), datetime('now')),datetime('now'));
INSERT OR REPLACE INTO songs_fts(song_id,title,lyrics) VALUES ('pisniua_9489085','Схилилась мати','Схилилась мати на могилі сина,
Заплакала і тихо промовля:
Ну що ж, синочку, так тебе просила:
Не йди! А ти: Хто піде, як не я?!

Просила, сину рідний мій, єдиний,
Ти бережи себе на цій війні!
Не чую вже твій голос "солов''їний",
Якби ж ти знав, як боляче мені!..

Не для війни тебе я народила,
Тебе ростила, берегла тебе!
Не вберегла, ворожа куля вбила,   |
Забрала смерть частиночку мене!.. | (2)

Надіялася - в старості доглянеш,
Як схочу пити - принесеш води.
З Днем матері тихенько привітаєш...
А ти лежиш й мовчиш, мовчиш, мовчиш...

Сиділа мати, плакала й молилась,
Щоб душу сина Бог до неба взяв!
Мовчання увесь цвинтар оповило,
І дощик з неба плакати почав...');
INSERT OR REPLACE INTO song_links (id,song_id,title,url,kind,version_id,sort_order) VALUES ('pisniua_9489085_l1','pisniua_9489085','YouTube','https://www.youtube.com/watch?v=2YXzDw3E6J8','video',NULL,1);
INSERT OR REPLACE INTO songs (id,title,subtitle,lang,country,period,year,source,notes,lyrics,tags_json,lang_locked,status,created_at,updated_at) VALUES ('pisniua_9490686','Син і дочка','Музика: Мар''яна Яромій (YAROMIYA) Слова: Мар''яна Яромій (YAROMIYA)','uk','ukraine_1991',NULL,NULL,'аудіозапис',NULL,'Маленькі ручки,
Маленькі кроки,
І розбігаються в різні боки,
Невинні щирі оченята,
В них добра так багато.
Знай, це схожість твоя!
Знай, це гордість твоя!
Знай, що вже дорожчих нема,
Ті, що говорять:
Люблю тебе, ма!

Приспів:
А у садочку сидить син і дочка,      |
Такі маленькі, такі вони схожі!      |
Щаслива? люблю без особливих причин! |
Моя радість і світло - дочка і син!  | (2)

І син!..

Тихенько час біжить,
І ростуть щохвилини,
Та все міцніша любов
До доньки і сина!
Вже дорослі такі,
Та для мене дитина.
Більше щастя нема -
Мати дочку і сина!
Знай, це схожість твоя!
Знай, це гордість твоя!
Знай, що вже дорожчих нема,
Ті, що говорять:
Люблю тебе, ма!

Приспів.

І син!..','["pisni.org.ua", "cat:pro-ditey", "Пісні про любов до дітей"]',1,'published',COALESCE((SELECT created_at FROM songs WHERE id='pisniua_9490686'), datetime('now')),datetime('now'));
INSERT OR REPLACE INTO songs_fts(song_id,title,lyrics) VALUES ('pisniua_9490686','Син і дочка','Маленькі ручки,
Маленькі кроки,
І розбігаються в різні боки,
Невинні щирі оченята,
В них добра так багато.
Знай, це схожість твоя!
Знай, це гордість твоя!
Знай, що вже дорожчих нема,
Ті, що говорять:
Люблю тебе, ма!

Приспів:
А у садочку сидить син і дочка,      |
Такі маленькі, такі вони схожі!      |
Щаслива? люблю без особливих причин! |
Моя радість і світло - дочка і син!  | (2)

І син!..

Тихенько час біжить,
І ростуть щохвилини,
Та все міцніша любов
До доньки і сина!
Вже дорослі такі,
Та для мене дитина.
Більше щастя нема -
Мати дочку і сина!
Знай, це схожість твоя!
Знай, це гордість твоя!
Знай, що вже дорожчих нема,
Ті, що говорять:
Люблю тебе, ма!

Приспів.

І син!..');
INSERT OR REPLACE INTO song_links (id,song_id,title,url,kind,version_id,sort_order) VALUES ('pisniua_9490686_l1','pisniua_9490686','YouTube','https://www.youtube.com/watch?v=fsKZ647ofOY','video',NULL,1);
INSERT OR REPLACE INTO songs (id,title,subtitle,lang,country,period,year,source,notes,lyrics,tags_json,lang_locked,status,created_at,updated_at) VALUES ('pisniua_9479786','А знаєте, війна колись закінчиться...','Музика: Timothy Rusavuk Слова: Марія Скочиліс','uk','ukraine_1991',NULL,NULL,'аудіозапис',NULL,'А знаєте...
А знаєте, війна колись закінчиться,
І з часом відбудуються міста,
Але ніколи більше не повернуться
Всі ті, кого забрали небеса...

Їх вже немає, безліч їх загинуло,
Але за що?.. Чому така ціна?..
Вони на небі, мабуть, поруч з ангелами,
Їм там спокійніше, бо на землі війна...

Це все так боляче, що серце розривається,
Де правда і в чиїх руках життя?..
Чому війна лише простих людей торкається?
А для політиків здається просто гра...

Знову до неба я з молитвою звертаюся,
Благаю, Боже, спокою пошли,
Щоб моя рідна серцю Україна
Не знала більше пострілів війни!..

А знаєте, війна колись закінчиться,
І тільки спогади залишаться в серцях...
Благаю, Боже, збережи мою країну,
Молюсь до Тебе, збережи усім життя!..','["pisni.org.ua", "cat:devoted", "cat:nostalgia", "cat:viyskovi", "Пісні присвячені окремим особам", "Пісні з ностальгічними мотивами", "Пісні на військову тематику"]',1,'published',COALESCE((SELECT created_at FROM songs WHERE id='pisniua_9479786'), datetime('now')),datetime('now'));
INSERT OR REPLACE INTO songs_fts(song_id,title,lyrics) VALUES ('pisniua_9479786','А знаєте, війна колись закінчиться...','А знаєте...
А знаєте, війна колись закінчиться,
І з часом відбудуються міста,
Але ніколи більше не повернуться
Всі ті, кого забрали небеса...

Їх вже немає, безліч їх загинуло,
Але за що?.. Чому така ціна?..
Вони на небі, мабуть, поруч з ангелами,
Їм там спокійніше, бо на землі війна...

Це все так боляче, що серце розривається,
Де правда і в чиїх руках життя?..
Чому війна лише простих людей торкається?
А для політиків здається просто гра...

Знову до неба я з молитвою звертаюся,
Благаю, Боже, спокою пошли,
Щоб моя рідна серцю Україна
Не знала більше пострілів війни!..

А знаєте, війна колись закінчиться,
І тільки спогади залишаться в серцях...
Благаю, Боже, збережи мою країну,
Молюсь до Тебе, збережи усім життя!..');
INSERT OR REPLACE INTO song_links (id,song_id,title,url,kind,version_id,sort_order) VALUES ('pisniua_9479786_l1','pisniua_9479786','YouTube','https://www.youtube.com/watch?v=L67z9D-Qgjo','video',NULL,1);
INSERT OR REPLACE INTO songs (id,title,subtitle,lang,country,period,year,source,notes,lyrics,tags_json,lang_locked,status,created_at,updated_at) VALUES ('pisniua_9497888','Твій Син прийде до кожного у серце','Музика: Олександр Тяптін Слова: Олександр Тяптін','uk','ukraine_1991',NULL,NULL,'авторська різдвяна пісня',NULL,'Як над вертепом зірка блискотіла,
Марія людям Сина привела.
За Сина Богу свічку засвітила,
Його Різдвом, народженням жила.

Приспів:
Твій Син прийде до кожного у серце,
Людей полюбить і утішить їх!
І подолає смерть в небеснім герці,
Воскресне сам і воскресить усіх!

Ти встелиш ясла м''якше від постелі,
І усміхнешся, плачучи в журбі.
Ти вбережеш Його від лиха у пустелі.
І вбережеш від сумнівів в собі.

Приспів.

Ти будеш щастя так Йому бажати,
Як розуміють людськії серця.
А Він земного щастя не захоче,
Лиш виконати Заповіт Отця!

Приспів.

Коли прийшли Його випробування,
Коли, здалось, лишився без Отця,
Ти з серцем в ранах,
Серцем, ледь не вбитим,
Була із ним до самого кінця.

Приспів.','["pisni.org.ua", "cat:suchasni-pisni-rizdvo", "Сучасні пісні про Різдвяні свята"]',1,'published',COALESCE((SELECT created_at FROM songs WHERE id='pisniua_9497888'), datetime('now')),datetime('now'));
INSERT OR REPLACE INTO songs_fts(song_id,title,lyrics) VALUES ('pisniua_9497888','Твій Син прийде до кожного у серце','Як над вертепом зірка блискотіла,
Марія людям Сина привела.
За Сина Богу свічку засвітила,
Його Різдвом, народженням жила.

Приспів:
Твій Син прийде до кожного у серце,
Людей полюбить і утішить їх!
І подолає смерть в небеснім герці,
Воскресне сам і воскресить усіх!

Ти встелиш ясла м''якше від постелі,
І усміхнешся, плачучи в журбі.
Ти вбережеш Його від лиха у пустелі.
І вбережеш від сумнівів в собі.

Приспів.

Ти будеш щастя так Йому бажати,
Як розуміють людськії серця.
А Він земного щастя не захоче,
Лиш виконати Заповіт Отця!

Приспів.

Коли прийшли Його випробування,
Коли, здалось, лишився без Отця,
Ти з серцем в ранах,
Серцем, ледь не вбитим,
Була із ним до самого кінця.

Приспів.');
INSERT OR REPLACE INTO songs (id,title,subtitle,lang,country,period,year,source,notes,lyrics,tags_json,lang_locked,status,created_at,updated_at) VALUES ('pisniua_9497188','На Святого Миколая','Музика: Наталія Май Слова: Наталія Май','uk','ukraine_1991',NULL,NULL,'аудіозапис',NULL,'На святого Миколая
В небі зорі ясно сяють,
І святкова гарна пісня
Всіх єднає на землі!
На святого Миколая
Бог усім допомагає,
І радіють всі на світі:
І великі, і малі!

На святого Миколая
В небі янголи співають,
І святкова гарна пісня
Всіх єднає на землі!
На святого Миколая
Бог усім допомагає,
Щоб усі були добріші,
Щоб щасливими були!

Речитатив:
Боже наш Всемилостивий,
Уклінно благаємо Тебе:
Пошли нашій Україні
Спокою, щастя
Та процвітання!

На святого Миколая
Бог усім допомагає,
І радіють всі на світі:
І великі, і малі!
На святого Миколая
Бог усім допомагає,
Щоб усі були добріші,
Щоб щасливими!
Зі святом Вас!','["pisni.org.ua", "cat:dytyachi", "cat:svyatyy-mykolay", "Дитячі пісні", "Пісні про Святого Миколая"]',1,'published',COALESCE((SELECT created_at FROM songs WHERE id='pisniua_9497188'), datetime('now')),datetime('now'));
INSERT OR REPLACE INTO songs_fts(song_id,title,lyrics) VALUES ('pisniua_9497188','На Святого Миколая','На святого Миколая
В небі зорі ясно сяють,
І святкова гарна пісня
Всіх єднає на землі!
На святого Миколая
Бог усім допомагає,
І радіють всі на світі:
І великі, і малі!

На святого Миколая
В небі янголи співають,
І святкова гарна пісня
Всіх єднає на землі!
На святого Миколая
Бог усім допомагає,
Щоб усі були добріші,
Щоб щасливими були!

Речитатив:
Боже наш Всемилостивий,
Уклінно благаємо Тебе:
Пошли нашій Україні
Спокою, щастя
Та процвітання!

На святого Миколая
Бог усім допомагає,
І радіють всі на світі:
І великі, і малі!
На святого Миколая
Бог усім допомагає,
Щоб усі були добріші,
Щоб щасливими!
Зі святом Вас!');
INSERT OR REPLACE INTO song_links (id,song_id,title,url,kind,version_id,sort_order) VALUES ('pisniua_9497188_l1','pisniua_9497188','YouTube','https://www.youtube.com/watch?v=OcW0hR5Wxlo','video',NULL,1);
INSERT OR REPLACE INTO songs (id,title,subtitle,lang,country,period,year,source,notes,lyrics,tags_json,lang_locked,status,created_at,updated_at) VALUES ('pisniua_9492384','Танцюєш і плачеш','Музика: Назарій Савчук, Владислав Ступак Слова: Назарій Савчук, Владислав Ступак','uk','ukraine_1991',NULL,NULL,'аудіозапис',NULL,'І крізь вуаль
Я побачу твою печаль...
Твої очі, як кришталь,
А з них сльози
І мені так жаль...

Приспів:
Все, як ти хотіла:
Ти в білому платті,
Але цей вальс
Ти танцюєш і плачеш,
Серце розбила і полетіла,
А моїх очей, мабуть,
Вже не побачиш...
Все, як ти хотіла:
Ти в білому платті,
Але цей вальс
Ти танцюєш і плачеш,
Серце розбила і полетіла,
Але не з тим
Танцювати хотіла...

Скажіть, по чому кохання?..
Я куплю, щоб більше
Не мати страждання.
Чи краще, щоб просто
Відрізали пам''ять,
Бо серце це вам не камінь...
Це рани, які залишились
На пам''ять, це біль,
Яку не залити стаканом...
Навчи мене жити, щоб ніколи,
Нікого, як тебе не любити!..
Згадаєш ще не раз
Ті наші ночі, як на зорі
Я дивився в твої очі,
Блакитні очі...
Ти говорила, що кохаєш,
А насправді просто моє серце
Спопеляєш, холодом вбиваєш...

Все, як ти хотіла:
Ти в білому платті,
Але цей вальс
Ти танцюєш і плачеш,
Серце розбила і полетіла,
Але не з тим
Танцювати хотіла...
І крізь вуаль
Я побачу твою печаль...
Твої очі, як кришталь,
А з них сльози
І мені так жаль...

Я знайшов тебе,
Де більше таких нема,
А зараз на тобі
Печаль і біла фата...
Я кохав тебе, неначе
Це солодкий сон,
Я зараз сам на самоті,
Шкода, що це не сон...
Забуваю твої очі,
Задихаючись, а ти кружляєш
В сукні з ним,
Слізьми вкриваючись...
Не забувай моє ім''я,
Хоч може й треба так,
Мабуть, щаслива будеш ти,
А я - самотній птах...

Приспів.

І крізь вуаль
Я побачу твою печаль...
Твої очі, як кришталь,
А з них сльози
І мені так жаль...','["pisni.org.ua", "cat:nostalgia", "Пісні з ностальгічними мотивами"]',1,'published',COALESCE((SELECT created_at FROM songs WHERE id='pisniua_9492384'), datetime('now')),datetime('now'));
INSERT OR REPLACE INTO songs_fts(song_id,title,lyrics) VALUES ('pisniua_9492384','Танцюєш і плачеш','І крізь вуаль
Я побачу твою печаль...
Твої очі, як кришталь,
А з них сльози
І мені так жаль...

Приспів:
Все, як ти хотіла:
Ти в білому платті,
Але цей вальс
Ти танцюєш і плачеш,
Серце розбила і полетіла,
А моїх очей, мабуть,
Вже не побачиш...
Все, як ти хотіла:
Ти в білому платті,
Але цей вальс
Ти танцюєш і плачеш,
Серце розбила і полетіла,
Але не з тим
Танцювати хотіла...

Скажіть, по чому кохання?..
Я куплю, щоб більше
Не мати страждання.
Чи краще, щоб просто
Відрізали пам''ять,
Бо серце це вам не камінь...
Це рани, які залишились
На пам''ять, це біль,
Яку не залити стаканом...
Навчи мене жити, щоб ніколи,
Нікого, як тебе не любити!..
Згадаєш ще не раз
Ті наші ночі, як на зорі
Я дивився в твої очі,
Блакитні очі...
Ти говорила, що кохаєш,
А насправді просто моє серце
Спопеляєш, холодом вбиваєш...

Все, як ти хотіла:
Ти в білому платті,
Але цей вальс
Ти танцюєш і плачеш,
Серце розбила і полетіла,
Але не з тим
Танцювати хотіла...
І крізь вуаль
Я побачу твою печаль...
Твої очі, як кришталь,
А з них сльози
І мені так жаль...

Я знайшов тебе,
Де більше таких нема,
А зараз на тобі
Печаль і біла фата...
Я кохав тебе, неначе
Це солодкий сон,
Я зараз сам на самоті,
Шкода, що це не сон...
Забуваю твої очі,
Задихаючись, а ти кружляєш
В сукні з ним,
Слізьми вкриваючись...
Не забувай моє ім''я,
Хоч може й треба так,
Мабуть, щаслива будеш ти,
А я - самотній птах...

Приспів.

І крізь вуаль
Я побачу твою печаль...
Твої очі, як кришталь,
А з них сльози
І мені так жаль...');
INSERT OR REPLACE INTO song_links (id,song_id,title,url,kind,version_id,sort_order) VALUES ('pisniua_9492384_l1','pisniua_9492384','YouTube','https://www.youtube.com/watch?v=OqgdIwQhCqQ','video',NULL,1);
INSERT OR REPLACE INTO songs (id,title,subtitle,lang,country,period,year,source,notes,lyrics,tags_json,lang_locked,status,created_at,updated_at) VALUES ('pisniua_94989','Божий Син днесь народився *','Українська народна пісня','uk','ukraine_before_1917',NULL,NULL,'Видавництво Отців Василіан "Місіонер"',NULL,'Божий Син днесь народився,
З небес Він до  нас знизився,
З Діви  Пречистої Непорочної Воплотився
всім на землі.

Породила Бога-Слово
З покоління Давидова,
Марія Пречиста, Божая невіста,
В Вифлеємі.

Там ся Ангели з''явили,
Прихід Спаса прославляли,
Як Його рождества
Із чоловічества
Вже прийшов час.

Взяв на себе наше тіло
Й людським сином звався сміло,
Як тоє вже давно
Пророки нам явно
Предсказали.

І злучив Він невіддільно
Дві природи обі спільно,
І в одній особі
А двійній природі
Нам явився.

Вже й вертеп ся украшає,
Небо зірку посилає,
Щоб вказала місто,
Де Бога Пречиста
Леліяла.

В полях пастирі зраділи,
Як лиш Ангелів узріли,
Що славили Первенця,
Ісуса Молодця,
У вертепі.

Три царі прийшли зі Сходу
І Царю усього роду
Золото, ливан, миро
Принесли все щиро,
Жертвували.

Спас зійшов мир просвітити,
І всіх грішних відкупити,
Й з людтої вражої
Неволі вічної
Піддвигнути.

Тож ми Спаса величаймо,
І всі разом прославляймо,
Кожная людина
Перед ним коліна
Хай приклонить.    мелодія  (','["pisni.org.ua", "cat:christian", "cat:halycki", "cat:kolyadky", "Пісні на християнську тематику", "Пісні з Галичини", "Колядки"]',1,'published',COALESCE((SELECT created_at FROM songs WHERE id='pisniua_94989'), datetime('now')),datetime('now'));
INSERT OR REPLACE INTO songs_fts(song_id,title,lyrics) VALUES ('pisniua_94989','Божий Син днесь народився *','Божий Син днесь народився,
З небес Він до  нас знизився,
З Діви  Пречистої Непорочної Воплотився
всім на землі.

Породила Бога-Слово
З покоління Давидова,
Марія Пречиста, Божая невіста,
В Вифлеємі.

Там ся Ангели з''явили,
Прихід Спаса прославляли,
Як Його рождества
Із чоловічества
Вже прийшов час.

Взяв на себе наше тіло
Й людським сином звався сміло,
Як тоє вже давно
Пророки нам явно
Предсказали.

І злучив Він невіддільно
Дві природи обі спільно,
І в одній особі
А двійній природі
Нам явився.

Вже й вертеп ся украшає,
Небо зірку посилає,
Щоб вказала місто,
Де Бога Пречиста
Леліяла.

В полях пастирі зраділи,
Як лиш Ангелів узріли,
Що славили Первенця,
Ісуса Молодця,
У вертепі.

Три царі прийшли зі Сходу
І Царю усього роду
Золото, ливан, миро
Принесли все щиро,
Жертвували.

Спас зійшов мир просвітити,
І всіх грішних відкупити,
Й з людтої вражої
Неволі вічної
Піддвигнути.

Тож ми Спаса величаймо,
І всі разом прославляймо,
Кожная людина
Перед ним коліна
Хай приклонить.    мелодія  (');
INSERT OR REPLACE INTO song_links (id,song_id,title,url,kind,version_id,sort_order) VALUES ('pisniua_94989_l1','pisniua_94989','YouTube','https://www.youtube.com/watch?v=jIAYshMcVb8','video',NULL,1);
INSERT OR REPLACE INTO song_links (id,song_id,title,url,kind,version_id,sort_order) VALUES ('pisniua_94989_l2','pisniua_94989','Переглянути варіанти >>','https://www.pisni.org.ua/#variants','external',NULL,2);
INSERT OR REPLACE INTO songs (id,title,subtitle,lang,country,period,year,source,notes,lyrics,tags_json,lang_locked,status,created_at,updated_at) VALUES ('pisniua_949989','Ти любов моя','Музика: Герман Жуковський Слова: Олекса Новицький','uk','ukr_ssr_1919_1991',NULL,'1953','1. Зіронька. Пісенник. — К.: Держ. в-во образ. м-ва і муз л-ри, 1963. — 144 с.','Пісня з кінофільму "Доля Марини" режисерів Віктора Івченка та Ісаака Шмарука (1953)','Ой дівчино, чим ти полонила
Юне сеpце в той вечіpній час?

Ти любов моя,      |
Ой ти, дівчинонько |(2)
Гоpдая!            |

Пеpейду несходжені доpоги,
Пpонесу в душі твоє ім''я.

Ти любов моя,      |
Ой ти, дівчинонько |(2)
Гоpдая!            |

Все без тебе я,
Ой ти, любов моя
Ніжная.

Ти любов моя,
Ой ти, дiвчинонько
Гоpдая!    Фонограма-мінус (MP3 з MIDI)','["pisni.org.ua", "cat:films", "Українські пісні в кінофільмах"]',1,'published',COALESCE((SELECT created_at FROM songs WHERE id='pisniua_949989'), datetime('now')),datetime('now'));
INSERT OR REPLACE INTO songs_fts(song_id,title,lyrics) VALUES ('pisniua_949989','Ти любов моя','Ой дівчино, чим ти полонила
Юне сеpце в той вечіpній час?

Ти любов моя,      |
Ой ти, дівчинонько |(2)
Гоpдая!            |

Пеpейду несходжені доpоги,
Пpонесу в душі твоє ім''я.

Ти любов моя,      |
Ой ти, дівчинонько |(2)
Гоpдая!            |

Все без тебе я,
Ой ти, любов моя
Ніжная.

Ти любов моя,
Ой ти, дiвчинонько
Гоpдая!    Фонограма-мінус (MP3 з MIDI)');
INSERT OR REPLACE INTO song_links (id,song_id,title,url,kind,version_id,sort_order) VALUES ('pisniua_949989_l1','pisniua_949989','YouTube','https://www.youtube.com/watch?v=VvK46wNvD8Y','video',NULL,1);
INSERT OR REPLACE INTO song_links (id,song_id,title,url,kind,version_id,sort_order) VALUES ('pisniua_949989_l2','pisniua_949989','YouTube','https://www.youtube.com/watch?v=5nCaF4FQcFE','video',NULL,2);
INSERT OR REPLACE INTO song_links (id,song_id,title,url,kind,version_id,sort_order) VALUES ('pisniua_949989_l3','pisniua_949989','YouTube','https://www.youtube.com/watch?v=mGdFO2ssM2M','video',NULL,3);
INSERT OR REPLACE INTO song_links (id,song_id,title,url,kind,version_id,sort_order) VALUES ('pisniua_949989_l4','pisniua_949989','YouTube','https://www.youtube.com/watch?v=h901Xyuggig','video',NULL,4);
INSERT OR REPLACE INTO songs (id,title,subtitle,lang,country,period,year,source,notes,lyrics,tags_json,lang_locked,status,created_at,updated_at) VALUES ('pisniua_9512585','Вишита сорочка','Музика: Мар''яна Яромій (YAROMIYA) Слова: Мар''яна Яромій (YAROMIYA)','uk','ukraine_1991',NULL,NULL,'аудіозапис',NULL,'Вишиту сорочку шила рано мати
Різними нитками, сиділа біля хати,
Шила-вишивала і тихо щось співала,
Хай складеться доля - щоразу промовляла.
Щоразу промовляла...

Приспів:
Сорочку вишивала тобі, доню!
Червоні маки й жовті колоски!
Щасливу, щоб ти мала завжди долю!
Неси у світ традиції свої!

За вікном вже місяць вигляда із хмари,
Свій промінчик, мов ту ниточку, дає.
А мати час не гає, та за вікном світає,
Для доньки вишиває, сорочку-оберіг дає!

Приспів. (2)','["pisni.org.ua", "cat:pro-ditey", "cat:zahalni-cinnosti", "Пісні про любов до дітей", "Пісні про загальнолюдські цінності"]',1,'published',COALESCE((SELECT created_at FROM songs WHERE id='pisniua_9512585'), datetime('now')),datetime('now'));
INSERT OR REPLACE INTO songs_fts(song_id,title,lyrics) VALUES ('pisniua_9512585','Вишита сорочка','Вишиту сорочку шила рано мати
Різними нитками, сиділа біля хати,
Шила-вишивала і тихо щось співала,
Хай складеться доля - щоразу промовляла.
Щоразу промовляла...

Приспів:
Сорочку вишивала тобі, доню!
Червоні маки й жовті колоски!
Щасливу, щоб ти мала завжди долю!
Неси у світ традиції свої!

За вікном вже місяць вигляда із хмари,
Свій промінчик, мов ту ниточку, дає.
А мати час не гає, та за вікном світає,
Для доньки вишиває, сорочку-оберіг дає!

Приспів. (2)');
INSERT OR REPLACE INTO song_links (id,song_id,title,url,kind,version_id,sort_order) VALUES ('pisniua_9512585_l1','pisniua_9512585','YouTube','https://www.youtube.com/watch?v=gnK6BNXEq2A','video',NULL,1);
INSERT OR REPLACE INTO songs (id,title,subtitle,lang,country,period,year,source,notes,lyrics,tags_json,lang_locked,status,created_at,updated_at) VALUES ('pisniua_9502080','Холодно','Музика: Oleksandr Surov, Dmytro Skliarov Слова: Oleksandr Surov, Dmytro Skliarov','uk','ukraine_1991',NULL,NULL,'аудіозапис',NULL,'У моїм серці розбиті мрії,
Але в сумних очах живе надія!..
Стріляли в душу, ламали крила
Але не знали, в чому моя сила..
Я нікому не віддам своє!
Свобода - все, що в мене є!
Я ніколи свого не віддам,
Яка би не прийшла біда!..

Приспів:
Холодно...
В домі моєму холодно,
Та його не залишу!..
Все одно, все одно
Я чекатиму, я чекатиму тишу!..
Ходимо...
Під небом синім ходимо,
Воно бачить і чує!..
Все одно, все одно,
Хто забрав тепло,
Той холод відчує!..

Мені не страшно - я добре знаю,
Ніякий ворог не злякає
Мою, твою зграю!..
І все що маю - одне бажання:
Нехай цей холод лютий
Буде у мене востаннє!..
Я нікому не віддам своє!
Свобода - все, що в мене є!
Я ніколи свого не віддам,
Яка би не прийшла біда!..

Приспів.

Холодно!.. Холодно!..
Холодно!.. Холодно!..
Холодно!.. Холодно!..
Холодно!.. Холодно!..
Холодно!.. Холодно!..
Холодно...
В небі моєму холодно,
Та його не залишу!..
Все одно, все одно
Я чекатиму, я чекатиму тишу!..','["pisni.org.ua", "cat:ato", "cat:philosophic", "cat:viyskovi", "Пісні російсько-української війни та АТО", "Філософські пісні", "Пісні на військову тематику"]',1,'published',COALESCE((SELECT created_at FROM songs WHERE id='pisniua_9502080'), datetime('now')),datetime('now'));
INSERT OR REPLACE INTO songs_fts(song_id,title,lyrics) VALUES ('pisniua_9502080','Холодно','У моїм серці розбиті мрії,
Але в сумних очах живе надія!..
Стріляли в душу, ламали крила
Але не знали, в чому моя сила..
Я нікому не віддам своє!
Свобода - все, що в мене є!
Я ніколи свого не віддам,
Яка би не прийшла біда!..

Приспів:
Холодно...
В домі моєму холодно,
Та його не залишу!..
Все одно, все одно
Я чекатиму, я чекатиму тишу!..
Ходимо...
Під небом синім ходимо,
Воно бачить і чує!..
Все одно, все одно,
Хто забрав тепло,
Той холод відчує!..

Мені не страшно - я добре знаю,
Ніякий ворог не злякає
Мою, твою зграю!..
І все що маю - одне бажання:
Нехай цей холод лютий
Буде у мене востаннє!..
Я нікому не віддам своє!
Свобода - все, що в мене є!
Я ніколи свого не віддам,
Яка би не прийшла біда!..

Приспів.

Холодно!.. Холодно!..
Холодно!.. Холодно!..
Холодно!.. Холодно!..
Холодно!.. Холодно!..
Холодно!.. Холодно!..
Холодно...
В небі моєму холодно,
Та його не залишу!..
Все одно, все одно
Я чекатиму, я чекатиму тишу!..');
INSERT OR REPLACE INTO song_links (id,song_id,title,url,kind,version_id,sort_order) VALUES ('pisniua_9502080_l1','pisniua_9502080','YouTube','https://www.youtube.com/watch?v=rhPpQWGm7Tk','video',NULL,1);
INSERT OR REPLACE INTO song_links (id,song_id,title,url,kind,version_id,sort_order) VALUES ('pisniua_9502080_l2','pisniua_9502080','YouTube','https://www.youtube.com/watch?v=_E5sjGErmKg','video',NULL,2);
INSERT OR REPLACE INTO songs (id,title,subtitle,lang,country,period,year,source,notes,lyrics,tags_json,lang_locked,status,created_at,updated_at) VALUES ('pisniua_9513982','Гімн команди "Первоцвіт" (Заводська Школа)',NULL,'uk','ukraine_1991',NULL,NULL,'аудіозапис','Пісню виконують дітки зі Школи.','Ми - нащадки добрі,
Славного народу - дух!
І старання Славу принесе
По душі і серці
Цвіту Первоціту!

З нами Україна!
З нами наш народ!
Тож, крокуй, Первоцвіт!

Хай лунає пісня "Привіт!"
Хай лине нам,
Цінить і любить
Наш собою цвіт Первоцвіт!','["pisni.org.ua", "cat:himny-marshi", "Гимни та марші"]',1,'published',COALESCE((SELECT created_at FROM songs WHERE id='pisniua_9513982'), datetime('now')),datetime('now'));
INSERT OR REPLACE INTO songs_fts(song_id,title,lyrics) VALUES ('pisniua_9513982','Гімн команди "Первоцвіт" (Заводська Школа)','Ми - нащадки добрі,
Славного народу - дух!
І старання Славу принесе
По душі і серці
Цвіту Первоціту!

З нами Україна!
З нами наш народ!
Тож, крокуй, Первоцвіт!

Хай лунає пісня "Привіт!"
Хай лине нам,
Цінить і любить
Наш собою цвіт Первоцвіт!');
INSERT OR REPLACE INTO songs (id,title,subtitle,lang,country,period,year,source,notes,lyrics,tags_json,lang_locked,status,created_at,updated_at) VALUES ('pisniua_9496080','Сучасна я ялиночка',NULL,'uk','ukraine_1991',NULL,NULL,'аудіозапис',NULL,'Сучасна я ялиночка,
Красуня й веселиночка,
Дарую всім цілуночки,
Й ховаю подаруночки.
Я - ялинка зелененька,
Кожна голочка гарненька,
Промінцями кульки грають,
Оченята в діток сяють!
Я - ялинка зелененька,
Кожна голочка гарненька,
Промінцями кульки грають,
Оченята сяють!

На святі я - красунечка,
Радію, мов пустуночка,
Бо хочу бути новою,
Сучасно-суперовою!
Гарна шубка й рукавички,
І підбори, і спідничка.
В мене зачіска святкова,
Я - ялиночка чудова!
Гарна шубка й рукавички,
І підбори, і спідничка.
В мене зачіска святкова,
Я така чудова!

Сучасна я ялиночка,
На святі, мов перлиночка.
Тут мрії всі збуваються,
Все діткам дозволяється!
З Новим роком всіх вітаю!
В хороводі закружляю.
Ручки всі дамо, малята,
І підемо танцювати!
З Новим роком всіх вітаю!
В хороводі закружляю.
Ручки всі дамо, малята,
Разом танцювати!','["pisni.org.ua", "cat:new-year", "Пісні про Новий Рік"]',1,'published',COALESCE((SELECT created_at FROM songs WHERE id='pisniua_9496080'), datetime('now')),datetime('now'));
INSERT OR REPLACE INTO songs_fts(song_id,title,lyrics) VALUES ('pisniua_9496080','Сучасна я ялиночка','Сучасна я ялиночка,
Красуня й веселиночка,
Дарую всім цілуночки,
Й ховаю подаруночки.
Я - ялинка зелененька,
Кожна голочка гарненька,
Промінцями кульки грають,
Оченята в діток сяють!
Я - ялинка зелененька,
Кожна голочка гарненька,
Промінцями кульки грають,
Оченята сяють!

На святі я - красунечка,
Радію, мов пустуночка,
Бо хочу бути новою,
Сучасно-суперовою!
Гарна шубка й рукавички,
І підбори, і спідничка.
В мене зачіска святкова,
Я - ялиночка чудова!
Гарна шубка й рукавички,
І підбори, і спідничка.
В мене зачіска святкова,
Я така чудова!

Сучасна я ялиночка,
На святі, мов перлиночка.
Тут мрії всі збуваються,
Все діткам дозволяється!
З Новим роком всіх вітаю!
В хороводі закружляю.
Ручки всі дамо, малята,
І підемо танцювати!
З Новим роком всіх вітаю!
В хороводі закружляю.
Ручки всі дамо, малята,
Разом танцювати!');
INSERT OR REPLACE INTO song_links (id,song_id,title,url,kind,version_id,sort_order) VALUES ('pisniua_9496080_l1','pisniua_9496080','YouTube','https://www.youtube.com/watch?v=ds_XzTb1R1A','video',NULL,1);
INSERT OR REPLACE INTO songs (id,title,subtitle,lang,country,period,year,source,notes,lyrics,tags_json,lang_locked,status,created_at,updated_at) VALUES ('pisniua_9492484','Стою на колінах, вмиваюсь сльозами','Слова: Леся Данильчик','uk','ukraine_1991',NULL,NULL,'аудіозапис',NULL,'Стою на колінах, вмиваюсь сльозами,
Не можу молитву сказати словами.
Та Ти наперед усе, Господи, знаєш
І кожну сльозу із очей витираєш.

Мій Боже, молитва моя не за себе,
Не прагну даремно тривожити небо.
Усе, що потрібно я, Господи, маю.
За інших людей Тебе, нині благаю!

За тих, хто сьогодні в підвалах ночують,
Хто вдень і вночі страшні вибухи чують,
Хто вже призабув запах свіжого хліба,
У кого від дому немає вже й сліду...

За тих матерів і батьків, що ніколи
Не будуть вести своїх діток до школи...
За доньку і сина, що плачуть ночами,
Бо вже не побачать ні тата, ні мами...

Сьогодні, мій Боже, до Тебе молюся
За діда старого, за сиву бабусю,
Що дні доживають в холодних оселях, -
Тікати стареньким від горя несила...

Молюся й за тих, хто лишивши родину,
Пішов захищати державу Вкраїну!..
За тих, хто людей від поранень лікує,
За тих, хто з вогню кожну душу рятує!..

Молитву оцю я щодня в серці ношу.
І милості, милості, Господи, прошу!
Помилуй, потіш, підкріпи кожне серце,
Спаси й збережи від тенет злої смерті!..

Зміцни, звесели, в кого руки охляли,
І тих, хто про Тебе ніколи не знали,
Поклич за Собою, дай справжнє прозріння,
Хай кожному явиться Боже спасіння!

Благаю Тебе, щоб серця не стверділи,
Щоб вміли прощати й любити уміли!...
Нехай душа кожна впаде на коліна
Й пізнає, що в Тебе є поміч і сила!

Стою на колінах, молитву шепочу...
За інших людей Тебе, Господи, прошу.
Нехай в небеса ця молитва полине, -
Помилуй, мій Боже, народ України!..','["pisni.org.ua", "cat:ato", "Пісні російсько-української війни та АТО"]',1,'published',COALESCE((SELECT created_at FROM songs WHERE id='pisniua_9492484'), datetime('now')),datetime('now'));
INSERT OR REPLACE INTO songs_fts(song_id,title,lyrics) VALUES ('pisniua_9492484','Стою на колінах, вмиваюсь сльозами','Стою на колінах, вмиваюсь сльозами,
Не можу молитву сказати словами.
Та Ти наперед усе, Господи, знаєш
І кожну сльозу із очей витираєш.

Мій Боже, молитва моя не за себе,
Не прагну даремно тривожити небо.
Усе, що потрібно я, Господи, маю.
За інших людей Тебе, нині благаю!

За тих, хто сьогодні в підвалах ночують,
Хто вдень і вночі страшні вибухи чують,
Хто вже призабув запах свіжого хліба,
У кого від дому немає вже й сліду...

За тих матерів і батьків, що ніколи
Не будуть вести своїх діток до школи...
За доньку і сина, що плачуть ночами,
Бо вже не побачать ні тата, ні мами...

Сьогодні, мій Боже, до Тебе молюся
За діда старого, за сиву бабусю,
Що дні доживають в холодних оселях, -
Тікати стареньким від горя несила...

Молюся й за тих, хто лишивши родину,
Пішов захищати державу Вкраїну!..
За тих, хто людей від поранень лікує,
За тих, хто з вогню кожну душу рятує!..

Молитву оцю я щодня в серці ношу.
І милості, милості, Господи, прошу!
Помилуй, потіш, підкріпи кожне серце,
Спаси й збережи від тенет злої смерті!..

Зміцни, звесели, в кого руки охляли,
І тих, хто про Тебе ніколи не знали,
Поклич за Собою, дай справжнє прозріння,
Хай кожному явиться Боже спасіння!

Благаю Тебе, щоб серця не стверділи,
Щоб вміли прощати й любити уміли!...
Нехай душа кожна впаде на коліна
Й пізнає, що в Тебе є поміч і сила!

Стою на колінах, молитву шепочу...
За інших людей Тебе, Господи, прошу.
Нехай в небеса ця молитва полине, -
Помилуй, мій Боже, народ України!..');
INSERT OR REPLACE INTO song_links (id,song_id,title,url,kind,version_id,sort_order) VALUES ('pisniua_9492484_l1','pisniua_9492484','YouTube','https://www.youtube.com/watch?v=6iUnjmSpn24','video',NULL,1);
INSERT OR REPLACE INTO songs (id,title,subtitle,lang,country,period,year,source,notes,lyrics,tags_json,lang_locked,status,created_at,updated_at) VALUES ('pisniua_9488188','Наші діти','Слова: Оксана Пічугіна','uk','ukraine_1991',NULL,NULL,'аудіозапис',NULL,'Зараз мріють наші діти в Україні
Не про кубики, машинки і ляльки.
По ночах не сплять спокійно і донині,
Все у світі, певно, стало навпаки!

Приспів:
Тільки діти, то є діти,
Їм так хочеться радіти!
Та розуміють все малі,
І просять в Бога миру на землі!

Зараз мріють наші діти в Україні:
Тільки б швидше вже закінчився цей жах!
І дорослі, щоб, напевно, знали ціну
Тим сльозинкам у довірливих очах...

Речитатив:
Наші діти мають право просто жити,
Мати дім, садочок, школу і родину!

Наші діти мають право просто жити!
Без війни! Під мирним небом України!

Приспів.','["pisni.org.ua", "cat:devoted", "cat:viyskovi", "cat:zahalni-cinnosti", "Пісні присвячені окремим особам", "Пісні на військову тематику", "Пісні про загальнолюдські цінності"]',1,'published',COALESCE((SELECT created_at FROM songs WHERE id='pisniua_9488188'), datetime('now')),datetime('now'));
INSERT OR REPLACE INTO songs_fts(song_id,title,lyrics) VALUES ('pisniua_9488188','Наші діти','Зараз мріють наші діти в Україні
Не про кубики, машинки і ляльки.
По ночах не сплять спокійно і донині,
Все у світі, певно, стало навпаки!

Приспів:
Тільки діти, то є діти,
Їм так хочеться радіти!
Та розуміють все малі,
І просять в Бога миру на землі!

Зараз мріють наші діти в Україні:
Тільки б швидше вже закінчився цей жах!
І дорослі, щоб, напевно, знали ціну
Тим сльозинкам у довірливих очах...

Речитатив:
Наші діти мають право просто жити,
Мати дім, садочок, школу і родину!

Наші діти мають право просто жити!
Без війни! Під мирним небом України!

Приспів.');
INSERT OR REPLACE INTO song_links (id,song_id,title,url,kind,version_id,sort_order) VALUES ('pisniua_9488188_l1','pisniua_9488188','YouTube','https://www.youtube.com/watch?v=AcgiGqEbkd0','video',NULL,1);
INSERT OR REPLACE INTO songs (id,title,subtitle,lang,country,period,year,source,notes,lyrics,tags_json,lang_locked,status,created_at,updated_at) VALUES ('pisniua_94889','Пісня про Палія','Музика: Володимир Скоробський Слова: Левко Боровиковський. Виконує: Володимир Скоробський, Журборіз, Михайло Коваль','uk','ukraine_before_1917',NULL,NULL,'1. Аудіо-CD "Дует "Журборіз". Летом дужих крил" (концерт з "Останньої Барикади", 2003) 2. Співаник Українського Лицаря. Видання Куреня УСП ч.15 "Орден Залізної Остроги" ім. Святослава Завойовника Пласту – НСОУ.– Київ: Українська Видавнича Спілка, 2006.– 104 с.','-Метун-: Почув цю пісню від дуету бардів із Києва - сподобалась:) Акорди підібрано на слух з аудіозапису. Підбір акордів: -Метун-','Вступ:  Em C G H7  (4)

Люлька в роті зашкварчала,
Шабля в ніжнах забряжчала -
Шабля різанину чує,
Люлька пожари віщує.

Сидіть вдома на покої
Не пристало козакові.
Склич, козаче, склич дружину,
Йди, Палію, в Ляхівщину.

Програш: Em C G H7 (2)

Годі, коню, в стійлі спати,
Їдем ляхів полякати.
Швидше мчи, ніж кремнем збита
Згасне іскра від копита.

Хто, як стрілка, із майдану
Вихрем мчиться за Украйну.
Яр, ліс, річка й туча синя -
Козакові не запина.

Програш.

Хто в траві - врівні з травою,
Хто в воді - врівні з водою.
Хто у лісі - врівні з лісом,
Ніччю перевертнем-бісом.

Ранні півні не співали,
В Польщі замки запалали.
У пожарі жида шкварить
І з пожару люльку палить

Палій!

Де був замок - попелище,
Де цвів город - там кладбище.
Враже поле кров''ю мочить
І об камінь шаблю точить.

Ще й не мріло, не світало,
Польщі край як не бувало.
У Палія на причілку
Крикнув півень на засіку:

"Кукуріку!"

Програш: Em C G H7 (5)

Люлька в роті зашкварчала,
Шабля в ніжнах забряжчала -
Шабля різанину чує,
Люлька пожари віщує.

Сидіть вдома на покої
Не пристало пластунові.
Склич, пластуне, склич дружину,
Йди, пластуне, в Україну.

Програш: Em C G H7 (4)','["pisni.org.ua", "cat:bardivski", "cat:istorychni", "cat:kozacki", "cat:patriotic", "Бардівські пісні", "Історичні пісні", "Козацькі пісні", "Патріотичні пісні"]',1,'published',COALESCE((SELECT created_at FROM songs WHERE id='pisniua_94889'), datetime('now')),datetime('now'));
INSERT OR REPLACE INTO songs_fts(song_id,title,lyrics) VALUES ('pisniua_94889','Пісня про Палія','Вступ:  Em C G H7  (4)

Люлька в роті зашкварчала,
Шабля в ніжнах забряжчала -
Шабля різанину чує,
Люлька пожари віщує.

Сидіть вдома на покої
Не пристало козакові.
Склич, козаче, склич дружину,
Йди, Палію, в Ляхівщину.

Програш: Em C G H7 (2)

Годі, коню, в стійлі спати,
Їдем ляхів полякати.
Швидше мчи, ніж кремнем збита
Згасне іскра від копита.

Хто, як стрілка, із майдану
Вихрем мчиться за Украйну.
Яр, ліс, річка й туча синя -
Козакові не запина.

Програш.

Хто в траві - врівні з травою,
Хто в воді - врівні з водою.
Хто у лісі - врівні з лісом,
Ніччю перевертнем-бісом.

Ранні півні не співали,
В Польщі замки запалали.
У пожарі жида шкварить
І з пожару люльку палить

Палій!

Де був замок - попелище,
Де цвів город - там кладбище.
Враже поле кров''ю мочить
І об камінь шаблю точить.

Ще й не мріло, не світало,
Польщі край як не бувало.
У Палія на причілку
Крикнув півень на засіку:

"Кукуріку!"

Програш: Em C G H7 (5)

Люлька в роті зашкварчала,
Шабля в ніжнах забряжчала -
Шабля різанину чує,
Люлька пожари віщує.

Сидіть вдома на покої
Не пристало пластунові.
Склич, пластуне, склич дружину,
Йди, пластуне, в Україну.

Програш: Em C G H7 (4)');
INSERT OR REPLACE INTO song_links (id,song_id,title,url,kind,version_id,sort_order) VALUES ('pisniua_94889_l1','pisniua_94889','YouTube','https://www.youtube.com/watch?v=VEOe1RE0Fy4','video',NULL,1);
INSERT OR REPLACE INTO songs (id,title,subtitle,lang,country,period,year,source,notes,lyrics,tags_json,lang_locked,status,created_at,updated_at) VALUES ('pisniua_9514383','Найкращі подруги','Музика: Володимир Будейчук Слова: Ірина Зінковська. Виконує: Катерина Бужинська','uk','ukraine_1991',NULL,NULL,'аудіозапис',NULL,'Найкращі подруги, мов рідні сестри!
Найкращі подруги, як дві зорі!
Твій біль ножем в моєму серці,
Твій біль в моєму серці!..
Найкращі подруги - це я і ти!..

Мій дім для тебе назавжди відкритий,
У щасті й тузі ти мені дзвони!
Як хочеться, щоби і наші діти
Дружити вміли так, як ми!
Ціную і люблю тебе такою!
Красива, вірна, добра і проста!
Хай щастя ллється у твій дім рікою,
І хай міцніє дружба у віках!

Приспів:
Найкращі подруги, мов рідні сестри!
Найкращі подруги, як дві зорі!
Твій біль ножем в моєму серці,
Твій біль в моєму серці!..
Твій успіх окриляє мій політ!
Найкращі подруги - дві таємниці!
Тобі бажаю завжди так цвісти!
Хай все омріяне здійсниться,
Жадане все здійсниться!..
Найкращі подруги - це я і ти!..

Мене завжди ти серцем відчуваєш,
В тобі завжди цвіте душі краса,
В тобі нема корисливості й фальші,
Ти, як і я, ще віриш в чудеса!
Ціную і люблю тебе такою!
Красива, вірна, добра і проста!
Хай щастя ллється у твій дім рікою,
І хай міцніє дружба у віках!

Приспів.','["pisni.org.ua", "cat:druzhba", "cat:zahalni-cinnosti", "Пісні про дружбу", "Пісні про загальнолюдські цінності"]',1,'published',COALESCE((SELECT created_at FROM songs WHERE id='pisniua_9514383'), datetime('now')),datetime('now'));
INSERT OR REPLACE INTO songs_fts(song_id,title,lyrics) VALUES ('pisniua_9514383','Найкращі подруги','Найкращі подруги, мов рідні сестри!
Найкращі подруги, як дві зорі!
Твій біль ножем в моєму серці,
Твій біль в моєму серці!..
Найкращі подруги - це я і ти!..

Мій дім для тебе назавжди відкритий,
У щасті й тузі ти мені дзвони!
Як хочеться, щоби і наші діти
Дружити вміли так, як ми!
Ціную і люблю тебе такою!
Красива, вірна, добра і проста!
Хай щастя ллється у твій дім рікою,
І хай міцніє дружба у віках!

Приспів:
Найкращі подруги, мов рідні сестри!
Найкращі подруги, як дві зорі!
Твій біль ножем в моєму серці,
Твій біль в моєму серці!..
Твій успіх окриляє мій політ!
Найкращі подруги - дві таємниці!
Тобі бажаю завжди так цвісти!
Хай все омріяне здійсниться,
Жадане все здійсниться!..
Найкращі подруги - це я і ти!..

Мене завжди ти серцем відчуваєш,
В тобі завжди цвіте душі краса,
В тобі нема корисливості й фальші,
Ти, як і я, ще віриш в чудеса!
Ціную і люблю тебе такою!
Красива, вірна, добра і проста!
Хай щастя ллється у твій дім рікою,
І хай міцніє дружба у віках!

Приспів.');
INSERT OR REPLACE INTO song_links (id,song_id,title,url,kind,version_id,sort_order) VALUES ('pisniua_9514383_l1','pisniua_9514383','YouTube','https://www.youtube.com/watch?v=96pyMrmlHf0','video',NULL,1);
INSERT OR REPLACE INTO songs (id,title,subtitle,lang,country,period,year,source,notes,lyrics,tags_json,lang_locked,status,created_at,updated_at) VALUES ('pisniua_948787','Стою у лісі самотою','Українська народна пісня. Виконує: Акорд','uk','ukr_ssr_1919_1991',NULL,NULL,NULL,NULL,'Стою у лісі самотою,
Бачу своє рідне село.
В ріднім селі чути співають,  |
А в мене серденько звело.     | (2)

Давно за північ, та не спиться
Снуються думи в голові
"Чи доживу я, чи побачу       |
Вкраїну вільну, не в ярмі?"   | (2)','["pisni.org.ua", "cat:povstanski", "Повстанські пісні"]',1,'published',COALESCE((SELECT created_at FROM songs WHERE id='pisniua_948787'), datetime('now')),datetime('now'));
INSERT OR REPLACE INTO songs_fts(song_id,title,lyrics) VALUES ('pisniua_948787','Стою у лісі самотою','Стою у лісі самотою,
Бачу своє рідне село.
В ріднім селі чути співають,  |
А в мене серденько звело.     | (2)

Давно за північ, та не спиться
Снуються думи в голові
"Чи доживу я, чи побачу       |
Вкраїну вільну, не в ярмі?"   | (2)');
INSERT OR REPLACE INTO songs (id,title,subtitle,lang,country,period,year,source,notes,lyrics,tags_json,lang_locked,status,created_at,updated_at) VALUES ('pisniua_9504683','Це моя земля','Музика: Дмитро Білаш Слова: Міла Кирилюк','uk','ukraine_1991',NULL,NULL,'аудіозапис',NULL,'Ти скажи, що нам все наснилось,
Що за вікнами не війна
Ми з тобою ураз змінились,
За свободу зросла ціна...
Ти - боєць в окопі холоднім,
Захищаєш землю святу,
Ми усі за крок до безодні,
А я вірю в силу твою!

Приспів:
Це моя земля! Це твоя земля
Із полями безмежно широкими!
Буде проклята ця страшна війна,
А дерева ще будуть високими!
Заколосяться золоті поля,
Зацвітуть вишні пишними гронами!
Це моя земля! Це твоя земля
Задзвенить переможними дзвонами!

Обіцяй, що у нас все буде,
Ми народимо доньок, синів,
І зростатимуть вільні люди
Тут, у рідній своїй землі!
Хочу, щоб було чисте небо,
Хай повернуться журавлі!
Хай летять пісні вільним степом,
І шумлять зелені гаї!

Приспів.','["pisni.org.ua", "cat:ato", "Пісні російсько-української війни та АТО"]',1,'published',COALESCE((SELECT created_at FROM songs WHERE id='pisniua_9504683'), datetime('now')),datetime('now'));
INSERT OR REPLACE INTO songs_fts(song_id,title,lyrics) VALUES ('pisniua_9504683','Це моя земля','Ти скажи, що нам все наснилось,
Що за вікнами не війна
Ми з тобою ураз змінились,
За свободу зросла ціна...
Ти - боєць в окопі холоднім,
Захищаєш землю святу,
Ми усі за крок до безодні,
А я вірю в силу твою!

Приспів:
Це моя земля! Це твоя земля
Із полями безмежно широкими!
Буде проклята ця страшна війна,
А дерева ще будуть високими!
Заколосяться золоті поля,
Зацвітуть вишні пишними гронами!
Це моя земля! Це твоя земля
Задзвенить переможними дзвонами!

Обіцяй, що у нас все буде,
Ми народимо доньок, синів,
І зростатимуть вільні люди
Тут, у рідній своїй землі!
Хочу, щоб було чисте небо,
Хай повернуться журавлі!
Хай летять пісні вільним степом,
І шумлять зелені гаї!

Приспів.');
INSERT OR REPLACE INTO song_links (id,song_id,title,url,kind,version_id,sort_order) VALUES ('pisniua_9504683_l1','pisniua_9504683','YouTube','https://www.youtube.com/watch?v=gnspuT6_10I','video',NULL,1);
INSERT OR REPLACE INTO song_links (id,song_id,title,url,kind,version_id,sort_order) VALUES ('pisniua_9504683_l2','pisniua_9504683','YouTube','https://www.youtube.com/watch?v=oovEmur4yWQ','video',NULL,2);
INSERT OR REPLACE INTO songs (id,title,subtitle,lang,country,period,year,source,notes,lyrics,tags_json,lang_locked,status,created_at,updated_at) VALUES ('pisniua_9516384','Руна полонина','Музика: Петро Чорт Слова: Петро Чорт','uk','ukraine_1991',NULL,NULL,'аудіозапис','Пісню виконує Петро Чорт.','Ай, руна полонина, руна полонина
Не дури ня, біля вино, бо я - не дітина!
Не дури ня, біля вино, бо я - не дітина.

Ай бідненька дівчина помахує пальцьом:
Дай ми, Боже, ленгарійка хоть із одним яйцьом,
Хоть із одним яйцьом!

Ай піду я в Хмельницьку бурячки копати,
Та гі маю їх копати дам ся пожвакати.

Вертепийку, Вертепийку, заверни телятка,
Як і в тебе, так і в мене сірі вічинятка,
Карі вічинятка.

Ай, Мигалю, Мигалю, учини ми лялю
Із ручками тай ніжками, най ся забавляю,
Най ся забавляю.

А поляна зелена, поляна зелена,
На поляні файні дівки тай вода студена,
Тай вода студена!

Тече вода з-під явора, а потичок повний
Та де ти ся краса діла, хлопче мололенький?

Ай, била видна мама єдна єдиниця,
Я на воду не ходила, бо в саду кирниця,
Я на воду не ходила!','["pisni.org.ua", "cat:kolomyyky", "Коломийки"]',1,'published',COALESCE((SELECT created_at FROM songs WHERE id='pisniua_9516384'), datetime('now')),datetime('now'));
INSERT OR REPLACE INTO songs_fts(song_id,title,lyrics) VALUES ('pisniua_9516384','Руна полонина','Ай, руна полонина, руна полонина
Не дури ня, біля вино, бо я - не дітина!
Не дури ня, біля вино, бо я - не дітина.

Ай бідненька дівчина помахує пальцьом:
Дай ми, Боже, ленгарійка хоть із одним яйцьом,
Хоть із одним яйцьом!

Ай піду я в Хмельницьку бурячки копати,
Та гі маю їх копати дам ся пожвакати.

Вертепийку, Вертепийку, заверни телятка,
Як і в тебе, так і в мене сірі вічинятка,
Карі вічинятка.

Ай, Мигалю, Мигалю, учини ми лялю
Із ручками тай ніжками, най ся забавляю,
Най ся забавляю.

А поляна зелена, поляна зелена,
На поляні файні дівки тай вода студена,
Тай вода студена!

Тече вода з-під явора, а потичок повний
Та де ти ся краса діла, хлопче мололенький?

Ай, била видна мама єдна єдиниця,
Я на воду не ходила, бо в саду кирниця,
Я на воду не ходила!');
INSERT OR REPLACE INTO song_links (id,song_id,title,url,kind,version_id,sort_order) VALUES ('pisniua_9516384_l1','pisniua_9516384','YouTube','https://www.youtube.com/watch?v=n3iVQqfZkJo','video',NULL,1);
INSERT OR REPLACE INTO songs (id,title,subtitle,lang,country,period,year,source,notes,lyrics,tags_json,lang_locked,status,created_at,updated_at) VALUES ('pisniua_9504787','Пречудово в світі жити',NULL,'uk','ukraine_1991',NULL,NULL,'аудіозапис',NULL,'Пречудово в світі жити
І по-справжньому дружити,
І любити геть усіх -       |
Хай лунають пісня й сміх!  | (2)

Гарно друзів вірних мати,
З ними у танку кружляти,
Пісеньки співати, гратись, |
З друзями не розлучатись.  | (2)

Пісеньки співати, гратись,
З друзями не розлучатись!
Пісеньки співати, гратись,
З друзями не розлучатись!','["pisni.org.ua", "cat:druzhba", "Пісні про дружбу"]',1,'published',COALESCE((SELECT created_at FROM songs WHERE id='pisniua_9504787'), datetime('now')),datetime('now'));
INSERT OR REPLACE INTO songs_fts(song_id,title,lyrics) VALUES ('pisniua_9504787','Пречудово в світі жити','Пречудово в світі жити
І по-справжньому дружити,
І любити геть усіх -       |
Хай лунають пісня й сміх!  | (2)

Гарно друзів вірних мати,
З ними у танку кружляти,
Пісеньки співати, гратись, |
З друзями не розлучатись.  | (2)

Пісеньки співати, гратись,
З друзями не розлучатись!
Пісеньки співати, гратись,
З друзями не розлучатись!');
INSERT OR REPLACE INTO song_links (id,song_id,title,url,kind,version_id,sort_order) VALUES ('pisniua_9504787_l1','pisniua_9504787','YouTube','https://www.youtube.com/watch?v=90FTQzHlvmo','video',NULL,1);
INSERT OR REPLACE INTO song_links (id,song_id,title,url,kind,version_id,sort_order) VALUES ('pisniua_9504787_l2','pisniua_9504787','YouTube','https://www.youtube.com/watch?v=_q2PgVJAgNg','video',NULL,2);
INSERT OR REPLACE INTO songs (id,title,subtitle,lang,country,period,year,source,notes,lyrics,tags_json,lang_locked,status,created_at,updated_at) VALUES ('pisniua_9495787','Янгол з неба сповістив','Музика: Оксана Пічугіна Слова: Оксана Пічугіна','uk','ukraine_before_1917',NULL,NULL,'аудіозапис',NULL,'Янгол з неба сповістив
Радісну новину,
Й задзвенів колядок спів |
В цю зимову днину!       | (2)

Народився Божий син,
В яслах, не у хаті,
Пастушки дари несуть     |
Тій святій дитяті!       | (2)

Щастя йде у кожен дім,
Світ немов змінився,
Ой, радуйся, земле, син  |
Божий народився!         | (2)','["pisni.org.ua", "cat:shchedrivky", "cat:suchasni-pisni-rizdvo", "Щедрівки", "Сучасні пісні про Різдвяні свята"]',1,'published',COALESCE((SELECT created_at FROM songs WHERE id='pisniua_9495787'), datetime('now')),datetime('now'));
INSERT OR REPLACE INTO songs_fts(song_id,title,lyrics) VALUES ('pisniua_9495787','Янгол з неба сповістив','Янгол з неба сповістив
Радісну новину,
Й задзвенів колядок спів |
В цю зимову днину!       | (2)

Народився Божий син,
В яслах, не у хаті,
Пастушки дари несуть     |
Тій святій дитяті!       | (2)

Щастя йде у кожен дім,
Світ немов змінився,
Ой, радуйся, земле, син  |
Божий народився!         | (2)');
INSERT OR REPLACE INTO song_links (id,song_id,title,url,kind,version_id,sort_order) VALUES ('pisniua_9495787_l1','pisniua_9495787','YouTube','https://www.youtube.com/watch?v=Gg6Gz1-isWY','video',NULL,1);
INSERT OR REPLACE INTO song_links (id,song_id,title,url,kind,version_id,sort_order) VALUES ('pisniua_9495787_l2','pisniua_9495787','YouTube','https://www.youtube.com/watch?v=7wB8R63kZFs','video',NULL,2);
INSERT OR REPLACE INTO songs (id,title,subtitle,lang,country,period,year,source,notes,lyrics,tags_json,lang_locked,status,created_at,updated_at) VALUES ('pisniua_9500487','Молитва за Захисників та Україну','Музика: Олена Мачайло Слова: Зоряна Лісевич','uk','ukraine_1991',NULL,NULL,'аудіозапис',NULL,'Наш татусьо пішов на війну,
Захищає мене і мамусю!
Свого тата я сильно люблю
І за нього я щиро молюся.
Любий ангеле, що в небесах,
Дуже хочу тебе попрохати:
Розгорни свої крила, як птах,
І від куль заступи мого тата!

Приспів:
Мій любий ангеле святий,
Ти білі крилонька розкрий,
І день, і ніч охороняй
Захисників та рідний край!
Мій любий ангеле святий,
Над Україною лети!
Її Господнім світлом Ти
Благослови і освіти! Освіти!

Я малюю свого татуся,
На малюнку він знову зі мною!
І радіє родина уся -
Бо живий і вернувся героєм!
Божий Ангеле, що угорі,
Глянь на землю - війна не стихає...
Волонтери тут і лікарі,
Заступись і за них, я прохаю!..

Приспів.','["pisni.org.ua", "cat:zahalni-cinnosti", "Пісні про загальнолюдські цінності"]',1,'published',COALESCE((SELECT created_at FROM songs WHERE id='pisniua_9500487'), datetime('now')),datetime('now'));
INSERT OR REPLACE INTO songs_fts(song_id,title,lyrics) VALUES ('pisniua_9500487','Молитва за Захисників та Україну','Наш татусьо пішов на війну,
Захищає мене і мамусю!
Свого тата я сильно люблю
І за нього я щиро молюся.
Любий ангеле, що в небесах,
Дуже хочу тебе попрохати:
Розгорни свої крила, як птах,
І від куль заступи мого тата!

Приспів:
Мій любий ангеле святий,
Ти білі крилонька розкрий,
І день, і ніч охороняй
Захисників та рідний край!
Мій любий ангеле святий,
Над Україною лети!
Її Господнім світлом Ти
Благослови і освіти! Освіти!

Я малюю свого татуся,
На малюнку він знову зі мною!
І радіє родина уся -
Бо живий і вернувся героєм!
Божий Ангеле, що угорі,
Глянь на землю - війна не стихає...
Волонтери тут і лікарі,
Заступись і за них, я прохаю!..

Приспів.');
INSERT OR REPLACE INTO song_links (id,song_id,title,url,kind,version_id,sort_order) VALUES ('pisniua_9500487_l1','pisniua_9500487','YouTube','https://www.youtube.com/watch?v=NWwA4CiC8WM','video',NULL,1);
INSERT OR REPLACE INTO songs (id,title,subtitle,lang,country,period,year,source,notes,lyrics,tags_json,lang_locked,status,created_at,updated_at) VALUES ('pisniua_95188','Любіть Україну','Музика: Віктор Лузан, Богдан Шиптур Слова: Володимир Сосюра. Виконує: Український народний хор Заспів','uk','ukraine_1991',NULL,NULL,'"Перлини Української поезії..."',NULL,'Любіть Україну, як сонце, любіть,
Як вітер, і трави, і води,
В годину щасливу і в радості мить,
Любіть у годину негоди! (2)

Любіть Україну у сні й наяву,
Вишневу свою Україну,
Красу її, вічно живу і нову,
І мову її солов''їну. (2)

Для нас вона в світлі єдина, одна
В просторів солодкому чарі,
Вона у зірках і у вербах вона,
І в кожному серця ударі. (2)

Юначе! Хай буде для неї твій сміх,
І сльозви, і все до загину...
Не можна любити народів других,
Коли ти не любиш Вкарїну. (2)

Дівчино! Як небо її голубе,
Люби  її кожну хвилину.
Коханий любить не захоче тебе,
Коли ти не любиш Вкраїну. (2)

Любіть у коханні, в труді, у бою,
Як пісню, що лине зорею,
Всім серцем любіть Україну свою,
І вічні ми будемо з нею! (2)','["pisni.org.ua", "cat:patriotic", "Патріотичні пісні"]',1,'published',COALESCE((SELECT created_at FROM songs WHERE id='pisniua_95188'), datetime('now')),datetime('now'));
INSERT OR REPLACE INTO songs_fts(song_id,title,lyrics) VALUES ('pisniua_95188','Любіть Україну','Любіть Україну, як сонце, любіть,
Як вітер, і трави, і води,
В годину щасливу і в радості мить,
Любіть у годину негоди! (2)

Любіть Україну у сні й наяву,
Вишневу свою Україну,
Красу її, вічно живу і нову,
І мову її солов''їну. (2)

Для нас вона в світлі єдина, одна
В просторів солодкому чарі,
Вона у зірках і у вербах вона,
І в кожному серця ударі. (2)

Юначе! Хай буде для неї твій сміх,
І сльозви, і все до загину...
Не можна любити народів других,
Коли ти не любиш Вкарїну. (2)

Дівчино! Як небо її голубе,
Люби  її кожну хвилину.
Коханий любить не захоче тебе,
Коли ти не любиш Вкраїну. (2)

Любіть у коханні, в труді, у бою,
Як пісню, що лине зорею,
Всім серцем любіть Україну свою,
І вічні ми будемо з нею! (2)');
INSERT OR REPLACE INTO song_links (id,song_id,title,url,kind,version_id,sort_order) VALUES ('pisniua_95188_l1','pisniua_95188','YouTube','https://www.youtube.com/watch?v=9YyOcjJ_nqo','video',NULL,1);
INSERT OR REPLACE INTO songs (id,title,subtitle,lang,country,period,year,source,notes,lyrics,tags_json,lang_locked,status,created_at,updated_at) VALUES ('pisniua_9529580','Живемо одне життя','Музика: Artison Слова: Artison','uk','ukraine_1991',NULL,NULL,'аудіозапис',NULL,'Час мене навчив,
Лише довіряти тим,
Хто був поруч у пітьмі,
Разом зі мною світив
На той шлях, який мітив.
Моменти, коли все,
Кінець, напевно, настав,
Поруч були, але ті,
Від кого я не чекав.
Ми грішні, але прагнемо
Попасти в рай.
Ми рівні, але кричимо
Із різних зграй.
Вдихай, вони казали,
Ти тільки вдихай!
Але, пірнувши в цю безодню,
Я втрачаю край...

Приспів:
Я просто живу!.. Я живу!..
Пам''ятаю тих, кого любив
І тих, кого люблю!..
Я живу!.. я живу!..
Пам''ятаю тих, кого любив
І тих, кого люблю!..

Хтось втрачає дім,
Але не втрачає віри!
Хтось сім''ю будує,
А хто грає досі в ігри.
Навіть сама темна ніч
Закінчиться світлом!
Вітрила лише відкрий -
Наповняться вітром!
Тим, кому потрібен,
Я вам душу доручаю,
Кому не потрібен,
Я назавжди відпускаю!
І про що слова цієї пісні,
Шариш, знаю: Живемо
Одне життя, удачі бажаю!

Приспів.

Я живу!.. я живу!..      |
Пам''ятаю тих, кого любив |
І тих, кого люблю!..     | (2)','["pisni.org.ua", "cat:druzhba", "Пісні про дружбу"]',1,'published',COALESCE((SELECT created_at FROM songs WHERE id='pisniua_9529580'), datetime('now')),datetime('now'));
INSERT OR REPLACE INTO songs_fts(song_id,title,lyrics) VALUES ('pisniua_9529580','Живемо одне життя','Час мене навчив,
Лише довіряти тим,
Хто був поруч у пітьмі,
Разом зі мною світив
На той шлях, який мітив.
Моменти, коли все,
Кінець, напевно, настав,
Поруч були, але ті,
Від кого я не чекав.
Ми грішні, але прагнемо
Попасти в рай.
Ми рівні, але кричимо
Із різних зграй.
Вдихай, вони казали,
Ти тільки вдихай!
Але, пірнувши в цю безодню,
Я втрачаю край...

Приспів:
Я просто живу!.. Я живу!..
Пам''ятаю тих, кого любив
І тих, кого люблю!..
Я живу!.. я живу!..
Пам''ятаю тих, кого любив
І тих, кого люблю!..

Хтось втрачає дім,
Але не втрачає віри!
Хтось сім''ю будує,
А хто грає досі в ігри.
Навіть сама темна ніч
Закінчиться світлом!
Вітрила лише відкрий -
Наповняться вітром!
Тим, кому потрібен,
Я вам душу доручаю,
Кому не потрібен,
Я назавжди відпускаю!
І про що слова цієї пісні,
Шариш, знаю: Живемо
Одне життя, удачі бажаю!

Приспів.

Я живу!.. я живу!..      |
Пам''ятаю тих, кого любив |
І тих, кого люблю!..     | (2)');
INSERT OR REPLACE INTO song_links (id,song_id,title,url,kind,version_id,sort_order) VALUES ('pisniua_9529580_l1','pisniua_9529580','YouTube','https://www.youtube.com/watch?v=U-cIvi1T4Z0','video',NULL,1);
INSERT OR REPLACE INTO songs (id,title,subtitle,lang,country,period,year,source,notes,lyrics,tags_json,lang_locked,status,created_at,updated_at) VALUES ('pisniua_9517686','Великодня пісня','Музика: Оксана Пічугіна Слова: Оксана Пічугіна','uk','ukraine_1991',NULL,NULL,'аудіозапис',NULL,'Задзвеніли дзвони спозаранку,
Заспівали янголи з небес!
Ми сьогодні встали на світанку,
Бо Христос воскрес!
Воістину воскрес!

Приспів:
Хай же пісня ця звеселить серця!
Бо Христос воістину воскрес!

Освятили кошик великодній,
І душа очікує чудес!
Вся природа ожила сьогодні,
Бо Христос воскрес!
Воістину воскрес!

Приспів.

За столом зібралася родина,
І в молитві з нами світ увесь!
Дай же, Боже, миру в Україну,
Бо Христос воскрес!
Воістину воскрес!

Приспів. (2)','["pisni.org.ua", "cat:voskresni", "Воскресні пісні"]',1,'published',COALESCE((SELECT created_at FROM songs WHERE id='pisniua_9517686'), datetime('now')),datetime('now'));
INSERT OR REPLACE INTO songs_fts(song_id,title,lyrics) VALUES ('pisniua_9517686','Великодня пісня','Задзвеніли дзвони спозаранку,
Заспівали янголи з небес!
Ми сьогодні встали на світанку,
Бо Христос воскрес!
Воістину воскрес!

Приспів:
Хай же пісня ця звеселить серця!
Бо Христос воістину воскрес!

Освятили кошик великодній,
І душа очікує чудес!
Вся природа ожила сьогодні,
Бо Христос воскрес!
Воістину воскрес!

Приспів.

За столом зібралася родина,
І в молитві з нами світ увесь!
Дай же, Боже, миру в Україну,
Бо Христос воскрес!
Воістину воскрес!

Приспів. (2)');
INSERT OR REPLACE INTO song_links (id,song_id,title,url,kind,version_id,sort_order) VALUES ('pisniua_9517686_l1','pisniua_9517686','YouTube','https://www.youtube.com/watch?v=9X7WIM_0Czc','video',NULL,1);
INSERT OR REPLACE INTO song_links (id,song_id,title,url,kind,version_id,sort_order) VALUES ('pisniua_9517686_l2','pisniua_9517686','YouTube','https://www.youtube.com/watch?v=HicLpPD2wmg','video',NULL,2);
INSERT OR REPLACE INTO songs (id,title,subtitle,lang,country,period,year,source,notes,lyrics,tags_json,lang_locked,status,created_at,updated_at) VALUES ('pisniua_9520889','Терпи, терпи – терпець тебе шліфує','Слова: Василь Стус','uk','ukraine_1991',NULL,NULL,'аудіозапис','Нейромережа оживляє безсмертний вірш Василя Стуса "Терпи, терпи – терпець тебе шліфує" у неповторному музичному виконанні. Слухайте, як штучний інтелект перетворює класичну українську поезію на сучасну пісню, зберігаючи глибину та силу оригінального твору.','Терпи, терпи — терпець тебе шліфує,
Сталить твій дух — тож і терпи, терпи.
Ніхто тебе з недолі не врятує,
Ніхто не зіб''є з власної тропи.

На ній і стій, і стрій — допоки скону,
Допоки світу й сонця — стій і стій.
Хай шлях — до раю, пекла чи полону —
Усе пройди і винести зумій.

Торуй свій шлях — той, що твоїм назвався,
Той, що обрав тебе навіки вік.
До нього змалку ти заповідався,
До нього сам Господь тебе прирік!

Терпи!.. І стій, і стрій!..
Зумій найти твій шлях навік!..
Терпи!.. І стій, і стрій!..
Зумій пройти твій шлях навік!..
Терпи!.. Терпи!.. Терпи!..

На ній і стій, і стрій — допоки скону,
Допоки світу й сонця — стій і стій.
Хай шлях — до раю, пекла чи полону —
Усе пройди і винести зумій.
Терпи!.. Терпи!.. Терпи!..
Терпи!.. Терпи!.. Терпи!..
Терпи!.. Терпи!.. Терпи!..','["pisni.org.ua", "cat:philosophic", "Філософські пісні"]',1,'published',COALESCE((SELECT created_at FROM songs WHERE id='pisniua_9520889'), datetime('now')),datetime('now'));
INSERT OR REPLACE INTO songs_fts(song_id,title,lyrics) VALUES ('pisniua_9520889','Терпи, терпи – терпець тебе шліфує','Терпи, терпи — терпець тебе шліфує,
Сталить твій дух — тож і терпи, терпи.
Ніхто тебе з недолі не врятує,
Ніхто не зіб''є з власної тропи.

На ній і стій, і стрій — допоки скону,
Допоки світу й сонця — стій і стій.
Хай шлях — до раю, пекла чи полону —
Усе пройди і винести зумій.

Торуй свій шлях — той, що твоїм назвався,
Той, що обрав тебе навіки вік.
До нього змалку ти заповідався,
До нього сам Господь тебе прирік!

Терпи!.. І стій, і стрій!..
Зумій найти твій шлях навік!..
Терпи!.. І стій, і стрій!..
Зумій пройти твій шлях навік!..
Терпи!.. Терпи!.. Терпи!..

На ній і стій, і стрій — допоки скону,
Допоки світу й сонця — стій і стій.
Хай шлях — до раю, пекла чи полону —
Усе пройди і винести зумій.
Терпи!.. Терпи!.. Терпи!..
Терпи!.. Терпи!.. Терпи!..
Терпи!.. Терпи!.. Терпи!..');
INSERT OR REPLACE INTO song_links (id,song_id,title,url,kind,version_id,sort_order) VALUES ('pisniua_9520889_l1','pisniua_9520889','YouTube','https://www.youtube.com/watch?v=Bq2_CA_2Xac','video',NULL,1);
INSERT OR REPLACE INTO song_links (id,song_id,title,url,kind,version_id,sort_order) VALUES ('pisniua_9520889_l2','pisniua_9520889','YouTube','https://www.youtube.com/watch?v=_0NsQUvOog0','video',NULL,2);
INSERT OR REPLACE INTO song_links (id,song_id,title,url,kind,version_id,sort_order) VALUES ('pisniua_9520889_l3','pisniua_9520889','YouTube','https://www.youtube.com/watch?v=5WvbztGrr4o','video',NULL,3);
INSERT OR REPLACE INTO songs (id,title,subtitle,lang,country,period,year,source,notes,lyrics,tags_json,lang_locked,status,created_at,updated_at) VALUES ('pisniua_9527188','Донечка','Музика: Марія Мазур Слова: Марія Мазур','uk','ukraine_1991',NULL,NULL,'аудіозапис',NULL,'Ранок прокидається, дзвінко виграє,
А мені всміхається серденько моє!..
Дві малих долонечки і прості слова:
Тату! Тату, донечка, а душа співа!

Приспів:
Ось така дівчинка! Ось така квіточка! |
Ось таке щастя моє!                   |
Ось така ягідка! Ось така зірочка!    |
Ось таке сонце моє, що гріє!          | (2)

Все життя змінилося, я уже не я,
Як на світ з''явилася крихітка моя!
Небо, зорі, сонечко міцно пригорну,
Так люблю я донечко, лиш тебе одну!

Приспів.

Теплий вечір падає в синю далечінь,
Засинає, радує на моїм плечі,
Та, кому присвячую всі свої пісні,
Посміхнеться татові тихо уві сні...

Приспів.','["pisni.org.ua", "cat:pro-ditey", "Пісні про любов до дітей"]',1,'published',COALESCE((SELECT created_at FROM songs WHERE id='pisniua_9527188'), datetime('now')),datetime('now'));
INSERT OR REPLACE INTO songs_fts(song_id,title,lyrics) VALUES ('pisniua_9527188','Донечка','Ранок прокидається, дзвінко виграє,
А мені всміхається серденько моє!..
Дві малих долонечки і прості слова:
Тату! Тату, донечка, а душа співа!

Приспів:
Ось така дівчинка! Ось така квіточка! |
Ось таке щастя моє!                   |
Ось така ягідка! Ось така зірочка!    |
Ось таке сонце моє, що гріє!          | (2)

Все життя змінилося, я уже не я,
Як на світ з''явилася крихітка моя!
Небо, зорі, сонечко міцно пригорну,
Так люблю я донечко, лиш тебе одну!

Приспів.

Теплий вечір падає в синю далечінь,
Засинає, радує на моїм плечі,
Та, кому присвячую всі свої пісні,
Посміхнеться татові тихо уві сні...

Приспів.');
INSERT OR REPLACE INTO song_links (id,song_id,title,url,kind,version_id,sort_order) VALUES ('pisniua_9527188_l1','pisniua_9527188','YouTube','https://www.youtube.com/watch?v=-qDC4GxJ_A8','video',NULL,1);
INSERT OR REPLACE INTO songs (id,title,subtitle,lang,country,period,year,source,notes,lyrics,tags_json,lang_locked,status,created_at,updated_at) VALUES ('pisniua_9506188','Королева','Музика: Roma Tuz Слова: Roma Tuz','uk','ukraine_before_1917',NULL,NULL,'аудіозапис',NULL,'Погляд вниз, твій каприз,
Його істерика...
Кожен звук, дотик рук,
Але манери так схожі
На ноти швидкого набору,
Як тепер вилізти
З його мінору?..
Душу рятуй! Перебинтуй!
І підборіддя вище!
Ти як туман, безмежна
Там, де править тиша...
Дівчинка сильна крізь
Досвід за двадцять,
Та зараз ці цифри
Нічого не значать, бо

Приспів:
Коли подруги казали: Королева!  |
Поза очі називали тебе: Стерво! |
Приміряли ту корону кришталеву, |
А ти бачила холодну металеву... | (2)

Кориці в каву більше,
Четвер чи середа - раділи,
Що не пише тобі твоя біда.
Розмови летіли, дерева жовтіли,
Ти так залишатись одна
Не хотіла, стояла та сіла...
Зранку робота, салони, шопінг,
Дівчинка-авторитет...
Помада червона приховує,
Хто вона... Тільки єдиний
Паркет рахує на собі
Щовечора дівчинки сльози...
Розтанула дама
На мокрій підлозі...

Приспів.','["pisni.org.ua", "cat:socialno-pobutovi", "Соціально-побутові пісні"]',1,'published',COALESCE((SELECT created_at FROM songs WHERE id='pisniua_9506188'), datetime('now')),datetime('now'));
INSERT OR REPLACE INTO songs_fts(song_id,title,lyrics) VALUES ('pisniua_9506188','Королева','Погляд вниз, твій каприз,
Його істерика...
Кожен звук, дотик рук,
Але манери так схожі
На ноти швидкого набору,
Як тепер вилізти
З його мінору?..
Душу рятуй! Перебинтуй!
І підборіддя вище!
Ти як туман, безмежна
Там, де править тиша...
Дівчинка сильна крізь
Досвід за двадцять,
Та зараз ці цифри
Нічого не значать, бо

Приспів:
Коли подруги казали: Королева!  |
Поза очі називали тебе: Стерво! |
Приміряли ту корону кришталеву, |
А ти бачила холодну металеву... | (2)

Кориці в каву більше,
Четвер чи середа - раділи,
Що не пише тобі твоя біда.
Розмови летіли, дерева жовтіли,
Ти так залишатись одна
Не хотіла, стояла та сіла...
Зранку робота, салони, шопінг,
Дівчинка-авторитет...
Помада червона приховує,
Хто вона... Тільки єдиний
Паркет рахує на собі
Щовечора дівчинки сльози...
Розтанула дама
На мокрій підлозі...

Приспів.');
INSERT OR REPLACE INTO song_links (id,song_id,title,url,kind,version_id,sort_order) VALUES ('pisniua_9506188_l1','pisniua_9506188','YouTube','https://www.youtube.com/watch?v=kdQo3cUjzng','video',NULL,1);
INSERT OR REPLACE INTO songs (id,title,subtitle,lang,country,period,year,source,notes,lyrics,tags_json,lang_locked,status,created_at,updated_at) VALUES ('pisniua_9517383','Білі ночі','Музика: Masha Kondratenko, ALESSON Слова: Masha Kondratenko, OSTY','uk','ukraine_1991',NULL,NULL,'аудіозапис',NULL,'Приспів:
Це були білі-білі ночі, |
Музика на двох!..       |
На мені твоя сорочка,   |
А на серці шторм...     |
Були білі-білі ночі,    |
Білі-білі ночі,         |
П''ять бокалів вина      |
І музика на двох!..     | (2)

Мовчу, я до тебе лину
Крізь міста і листи,
І плутались літери,
Блукали думки!
Поки бігла до тебе,
Я зносила всі кроси,
Я прийду о восьмій
П''яна і боса...
Старі, тісні квартири
Та й загублений район,
Сльози щастя без причини,
Наш улюблений балкон.
Танцювати так розкуто,
Заховатися у дим,
Ми ніколи вже не будемо
Такими молодими...

Приспів.

Кричи, розбий моє серце
Тихим словом кривим,
Чому біля тебе
Почуття провини?..
Такої, як ти, мені не знайти,
Лише біля тебе почуваюсь живим!..
І знову перевернутий твій телефон,
Я просто хочу знати, я тобі хто?
Маємо безліч фото,
Навіть спільний альбом,
Але він прихований, як наша любов...

Приспів.','["pisni.org.ua", "cat:devoted", "Пісні присвячені окремим особам"]',1,'published',COALESCE((SELECT created_at FROM songs WHERE id='pisniua_9517383'), datetime('now')),datetime('now'));
INSERT OR REPLACE INTO songs_fts(song_id,title,lyrics) VALUES ('pisniua_9517383','Білі ночі','Приспів:
Це були білі-білі ночі, |
Музика на двох!..       |
На мені твоя сорочка,   |
А на серці шторм...     |
Були білі-білі ночі,    |
Білі-білі ночі,         |
П''ять бокалів вина      |
І музика на двох!..     | (2)

Мовчу, я до тебе лину
Крізь міста і листи,
І плутались літери,
Блукали думки!
Поки бігла до тебе,
Я зносила всі кроси,
Я прийду о восьмій
П''яна і боса...
Старі, тісні квартири
Та й загублений район,
Сльози щастя без причини,
Наш улюблений балкон.
Танцювати так розкуто,
Заховатися у дим,
Ми ніколи вже не будемо
Такими молодими...

Приспів.

Кричи, розбий моє серце
Тихим словом кривим,
Чому біля тебе
Почуття провини?..
Такої, як ти, мені не знайти,
Лише біля тебе почуваюсь живим!..
І знову перевернутий твій телефон,
Я просто хочу знати, я тобі хто?
Маємо безліч фото,
Навіть спільний альбом,
Але він прихований, як наша любов...

Приспів.');
INSERT OR REPLACE INTO song_links (id,song_id,title,url,kind,version_id,sort_order) VALUES ('pisniua_9517383_l1','pisniua_9517383','YouTube','https://www.youtube.com/watch?v=Sdyoy4feRGc','video',NULL,1);
INSERT OR REPLACE INTO songs (id,title,subtitle,lang,country,period,year,source,notes,lyrics,tags_json,lang_locked,status,created_at,updated_at) VALUES ('pisniua_9500888','Різдво Христове','Музика: Наталія Май Слова: Наталія Май','uk','ukraine_before_1917',NULL,NULL,'аудіозапис',NULL,'В кожну хату ми йдемо пісню заспівати,
Зірку ясну несемо, щоб колядувати!
Не барися, відчиняй, свято йде чудове!
З нами пісню заспівай про Різдво Христове!
Най-на-на-най! Най-на-на-най!
Най-на-на-най! Свято йде чудове!
Най-на-на-най! Най-на-на-най!
Най-на-на-най! Це Різдво Христове!

Побажаємо добра, щастя і любові
Хай радіє дітвора, в нас Різдво Христове!
В небі зіронька ясна, місяць засвітився,
Пісня радісна луна, то Христос родився!
Най-на-на-най! Най-на-на-най!
Най-на-на-най! Місяць засвітився!
Най-на-на-най! Най-на-на-най!
Най-на-на-най! То Христос родився!
Не барися, відчиняй, свято йде чудове!
З нами пісню заспівай про Різдво Христове!
Най-на-на-най! Най-на-на-най!      |
Най-на-на-най! Свято йде чудове!   |
Най-на-на-най! Най-на-на-най!      |
Най-на-на-най! Це Різдво Христове! | (2)','["pisni.org.ua", "cat:kolyadky", "cat:shchedrivky", "cat:suchasni-pisni-rizdvo", "Колядки", "Щедрівки", "Сучасні пісні про Різдвяні свята"]',1,'published',COALESCE((SELECT created_at FROM songs WHERE id='pisniua_9500888'), datetime('now')),datetime('now'));
INSERT OR REPLACE INTO songs_fts(song_id,title,lyrics) VALUES ('pisniua_9500888','Різдво Христове','В кожну хату ми йдемо пісню заспівати,
Зірку ясну несемо, щоб колядувати!
Не барися, відчиняй, свято йде чудове!
З нами пісню заспівай про Різдво Христове!
Най-на-на-най! Най-на-на-най!
Най-на-на-най! Свято йде чудове!
Най-на-на-най! Най-на-на-най!
Най-на-на-най! Це Різдво Христове!

Побажаємо добра, щастя і любові
Хай радіє дітвора, в нас Різдво Христове!
В небі зіронька ясна, місяць засвітився,
Пісня радісна луна, то Христос родився!
Най-на-на-най! Най-на-на-най!
Най-на-на-най! Місяць засвітився!
Най-на-на-най! Най-на-на-най!
Най-на-на-най! То Христос родився!
Не барися, відчиняй, свято йде чудове!
З нами пісню заспівай про Різдво Христове!
Най-на-на-най! Най-на-на-най!      |
Най-на-на-най! Свято йде чудове!   |
Най-на-на-най! Най-на-на-най!      |
Най-на-на-най! Це Різдво Христове! | (2)');
INSERT OR REPLACE INTO song_links (id,song_id,title,url,kind,version_id,sort_order) VALUES ('pisniua_9500888_l1','pisniua_9500888','YouTube','https://www.youtube.com/watch?v=npnSW-eFSqU','video',NULL,1);
INSERT OR REPLACE INTO song_links (id,song_id,title,url,kind,version_id,sort_order) VALUES ('pisniua_9500888_l2','pisniua_9500888','YouTube','https://www.youtube.com/watch?v=u79XnZiY3sc','video',NULL,2);
INSERT OR REPLACE INTO songs (id,title,subtitle,lang,country,period,year,source,notes,lyrics,tags_json,lang_locked,status,created_at,updated_at) VALUES ('pisniua_9531683','Токсік','Музика: Oleg Shkarpeta Слова: Oleg Shkarpeta','uk','ukraine_before_1917',NULL,NULL,'аудіозапис',NULL,'А до неї заливають
Кожен день чоловіки,
Але їй ніхто не треба,
Бо в неї вже є.

Вона хотіла із ним під вінець,
А він - червоний прапорець.
Як же багато він розбив сердець,
Вона кладе цьому кінець...

А до неї заливають
Кожен день чоловіки,
Але їй ніхто не треба,
Бо в неї вже є.

Приспів:
У неї вже є токсік, маніпулятор,       |
Кон*ений аб''юзер, якому насрати.       |
Вона хотіла вміти танцювати бачату,    |
Але поки навчилась лиш його пробачати. | (2)

Емоційні гойдалки... Окей...
Емоційні гойдалки...

Вона хотіла з подругами апероль,
Але попала під контроль...
Вона ще відгрібає за своїх колишніх,
Але теперішнього не залишить!..
А до неї заливають
Кожен день чоловіки,
Але їй ніхто не треба,
Бо в неї вже є.

Приспів.

Емоційні гойдалки... Окей...
Емоційні гойдалки... Окей...','["pisni.org.ua", "cat:socialno-pobutovi", "Соціально-побутові пісні"]',1,'published',COALESCE((SELECT created_at FROM songs WHERE id='pisniua_9531683'), datetime('now')),datetime('now'));
INSERT OR REPLACE INTO songs_fts(song_id,title,lyrics) VALUES ('pisniua_9531683','Токсік','А до неї заливають
Кожен день чоловіки,
Але їй ніхто не треба,
Бо в неї вже є.

Вона хотіла із ним під вінець,
А він - червоний прапорець.
Як же багато він розбив сердець,
Вона кладе цьому кінець...

А до неї заливають
Кожен день чоловіки,
Але їй ніхто не треба,
Бо в неї вже є.

Приспів:
У неї вже є токсік, маніпулятор,       |
Кон*ений аб''юзер, якому насрати.       |
Вона хотіла вміти танцювати бачату,    |
Але поки навчилась лиш його пробачати. | (2)

Емоційні гойдалки... Окей...
Емоційні гойдалки...

Вона хотіла з подругами апероль,
Але попала під контроль...
Вона ще відгрібає за своїх колишніх,
Але теперішнього не залишить!..
А до неї заливають
Кожен день чоловіки,
Але їй ніхто не треба,
Бо в неї вже є.

Приспів.

Емоційні гойдалки... Окей...
Емоційні гойдалки... Окей...');
INSERT OR REPLACE INTO song_links (id,song_id,title,url,kind,version_id,sort_order) VALUES ('pisniua_9531683_l1','pisniua_9531683','YouTube','https://www.youtube.com/watch?v=LVBcP0ewr8g','video',NULL,1);
INSERT OR REPLACE INTO songs (id,title,subtitle,lang,country,period,year,source,notes,lyrics,tags_json,lang_locked,status,created_at,updated_at) VALUES ('pisniua_9534384','Різдво','Музика: Chris Tomlin, Ed Cash, Matt Redman Слова: Chris Tomlin','uk','ukraine_1991',NULL,NULL,'аудіозапис',NULL,'Ангели звішають знов
Про божественну любов,
Це маленьке Немовля
Нам усім дало життя!
Наш Месія, Божий Син,
Зацарює вічно Він!

Приспів:
Різдво! Різдво!
Сина Бог послав Свого!
Різдво! Різдво!
Це любов до нас Його -
Світло життя до нас зійшло
В Різдво!

Божий Син і Син людський
Від початку пресвятий
Для страждань у світ прийшов,
Шоб явити нам любов!
Від гріха і зла звільнив,
Двері в вічність нам відкрив!

Приспів.','["pisni.org.ua", "cat:suchasni-pisni-rizdvo", "Сучасні пісні про Різдвяні свята"]',1,'published',COALESCE((SELECT created_at FROM songs WHERE id='pisniua_9534384'), datetime('now')),datetime('now'));
INSERT OR REPLACE INTO songs_fts(song_id,title,lyrics) VALUES ('pisniua_9534384','Різдво','Ангели звішають знов
Про божественну любов,
Це маленьке Немовля
Нам усім дало життя!
Наш Месія, Божий Син,
Зацарює вічно Він!

Приспів:
Різдво! Різдво!
Сина Бог послав Свого!
Різдво! Різдво!
Це любов до нас Його -
Світло життя до нас зійшло
В Різдво!

Божий Син і Син людський
Від початку пресвятий
Для страждань у світ прийшов,
Шоб явити нам любов!
Від гріха і зла звільнив,
Двері в вічність нам відкрив!

Приспів.');
INSERT OR REPLACE INTO song_links (id,song_id,title,url,kind,version_id,sort_order) VALUES ('pisniua_9534384_l1','pisniua_9534384','YouTube','https://www.youtube.com/watch?v=4nmQGb6BJec','video',NULL,1);
INSERT OR REPLACE INTO song_links (id,song_id,title,url,kind,version_id,sort_order) VALUES ('pisniua_9534384_l2','pisniua_9534384','Переглянути варіанти >>','https://www.pisni.org.ua/#variants','external',NULL,2);
INSERT OR REPLACE INTO songs (id,title,subtitle,lang,country,period,year,source,notes,lyrics,tags_json,lang_locked,status,created_at,updated_at) VALUES ('pisniua_9538281','Коляда-колядка','Музика: ШІ Слова: Зоряна Лісевич','uk','ukraine_1991',NULL,NULL,'авторське подання',NULL,'Йде Різдво снігами,
Ту-ду-ду-ду-ду,
Святкувати з нами
Коляд-коляду!

Приспів:
Коляда-колядка       |
Лунає тут і там!     |
Божеє Дитятко        |
Народилось нині нам! | (2)

Ангел із сурмою,
Наче білий птах,
Радо з новиною
Лине в небесах!

Приспів.

Зіронька Різдвяна
Золотом блищить.
Хай для всіх настане
Ця щаслива мить!

Приспів.','["pisni.org.ua", "cat:suchasni-pisni-rizdvo", "Сучасні пісні про Різдвяні свята"]',1,'published',COALESCE((SELECT created_at FROM songs WHERE id='pisniua_9538281'), datetime('now')),datetime('now'));
INSERT OR REPLACE INTO songs_fts(song_id,title,lyrics) VALUES ('pisniua_9538281','Коляда-колядка','Йде Різдво снігами,
Ту-ду-ду-ду-ду,
Святкувати з нами
Коляд-коляду!

Приспів:
Коляда-колядка       |
Лунає тут і там!     |
Божеє Дитятко        |
Народилось нині нам! | (2)

Ангел із сурмою,
Наче білий птах,
Радо з новиною
Лине в небесах!

Приспів.

Зіронька Різдвяна
Золотом блищить.
Хай для всіх настане
Ця щаслива мить!

Приспів.');
INSERT OR REPLACE INTO song_links (id,song_id,title,url,kind,version_id,sort_order) VALUES ('pisniua_9538281_l1','pisniua_9538281','YouTube','https://www.youtube.com/watch?v=aY1l8KKSuSg','video',NULL,1);
INSERT OR REPLACE INTO songs (id,title,subtitle,lang,country,period,year,source,notes,lyrics,tags_json,lang_locked,status,created_at,updated_at) VALUES ('pisniua_9533487','Різдво','Слова: Анастасія Димид, Dominico','uk','ukraine_1991',NULL,NULL,'аудіозапис','Над створенням пісні працювала велика команда: Dominico, Анастасія Димид, Світлана Гричко, Олег Пономарьов, Богдан Криницький, Творча школа Домініко, Андрій Знімщиков, Людмила Хозінська, Анатолій Андрейчук, Роман Грузінський.','З неба прийшов нам Спаситель,
В яслах убогих родився для нас!
В Яслах Ісус був сповитий,
Радість велика осяяла нас!

Приспів:
Рождество! Слава Богу в небі!
Рождество! Славний день Різдва!
Ангели небесні і пісні чудесні
В день народження Христа!

Нині Христа прославляймо!
Радість і свято, і мир на землі!
Щиро Ісуса витаймо!
Хай Україна воскресне в борні!

Приспів.','["pisni.org.ua", "cat:suchasni-pisni-rizdvo", "Сучасні пісні про Різдвяні свята"]',1,'published',COALESCE((SELECT created_at FROM songs WHERE id='pisniua_9533487'), datetime('now')),datetime('now'));
INSERT OR REPLACE INTO songs_fts(song_id,title,lyrics) VALUES ('pisniua_9533487','Різдво','З неба прийшов нам Спаситель,
В яслах убогих родився для нас!
В Яслах Ісус був сповитий,
Радість велика осяяла нас!

Приспів:
Рождество! Слава Богу в небі!
Рождество! Славний день Різдва!
Ангели небесні і пісні чудесні
В день народження Христа!

Нині Христа прославляймо!
Радість і свято, і мир на землі!
Щиро Ісуса витаймо!
Хай Україна воскресне в борні!

Приспів.');
INSERT OR REPLACE INTO song_links (id,song_id,title,url,kind,version_id,sort_order) VALUES ('pisniua_9533487_l1','pisniua_9533487','YouTube','https://www.youtube.com/watch?v=16L9W2ksl9I','video',NULL,1);
INSERT OR REPLACE INTO songs (id,title,subtitle,lang,country,period,year,source,notes,lyrics,tags_json,lang_locked,status,created_at,updated_at) VALUES ('pisniua_9526580','Жінка з цікавим минулим',NULL,'uk','ukraine_1991',NULL,NULL,'аудіозапис',NULL,'Очі бачили кого ти обрав,
І не думай, що я обманула,
Від добра не чекають добра,
Що було - то було...
Моє кохання то не жарт і не гра,
Помилок я своїх не забула,
І ніжності повна душа
У жінки з цікавим минулим...

Приспів:
Ти - моя остання спроба!
Спроба! Спроба!
Я - твоя найвища проба!
Проба! Проба!
Ти скажи, що ти зі мною робиш?..
Мені так добре,
Що я тебе знайшла!..
Ти - моя остання спроба!
Спроба! Спроба!
Я - твоя найвища проба!
Проба! Пробач!
Я з тобою про всіх забула,
Коротка пам''ять
У жінки з цікавим минулим!..

А я сміялась, щоб не плакати знов,
Уночі згадаю всіх і забуду,
І скільки попереду спроб -
Хай буде, як буде!..
А ти кажеш, що мене покохав,
Та здається, що я це вже десь чула...
Самотність - любові ціна
У жінки з цікавим минулим...

Приспів.','["pisni.org.ua", "cat:zahalni-cinnosti", "Пісні про загальнолюдські цінності"]',1,'published',COALESCE((SELECT created_at FROM songs WHERE id='pisniua_9526580'), datetime('now')),datetime('now'));
INSERT OR REPLACE INTO songs_fts(song_id,title,lyrics) VALUES ('pisniua_9526580','Жінка з цікавим минулим','Очі бачили кого ти обрав,
І не думай, що я обманула,
Від добра не чекають добра,
Що було - то було...
Моє кохання то не жарт і не гра,
Помилок я своїх не забула,
І ніжності повна душа
У жінки з цікавим минулим...

Приспів:
Ти - моя остання спроба!
Спроба! Спроба!
Я - твоя найвища проба!
Проба! Проба!
Ти скажи, що ти зі мною робиш?..
Мені так добре,
Що я тебе знайшла!..
Ти - моя остання спроба!
Спроба! Спроба!
Я - твоя найвища проба!
Проба! Пробач!
Я з тобою про всіх забула,
Коротка пам''ять
У жінки з цікавим минулим!..

А я сміялась, щоб не плакати знов,
Уночі згадаю всіх і забуду,
І скільки попереду спроб -
Хай буде, як буде!..
А ти кажеш, що мене покохав,
Та здається, що я це вже десь чула...
Самотність - любові ціна
У жінки з цікавим минулим...

Приспів.');
INSERT OR REPLACE INTO song_links (id,song_id,title,url,kind,version_id,sort_order) VALUES ('pisniua_9526580_l1','pisniua_9526580','YouTube','https://www.youtube.com/watch?v=xJ4-MRYQL5M','video',NULL,1);
INSERT OR REPLACE INTO song_links (id,song_id,title,url,kind,version_id,sort_order) VALUES ('pisniua_9526580_l2','pisniua_9526580','YouTube','https://www.youtube.com/watch?v=tQmB3q4W5UY','video',NULL,2);
INSERT OR REPLACE INTO song_links (id,song_id,title,url,kind,version_id,sort_order) VALUES ('pisniua_9526580_l3','pisniua_9526580','YouTube','https://www.youtube.com/watch?v=BGQvCvHJ5gQ','video',NULL,3);
