INSERT OR REPLACE INTO songs (id,title,subtitle,lang,country,period,year,source,notes,lyrics,tags_json,lang_locked,status,created_at,updated_at) VALUES ('pisniua_26675','В зеленім гаєчку','Українська народна пісня','uk','ukraine_before_1917',NULL,NULL,NULL,NULL,'В зеленім гаєчку
Пташечки співають,
Вже мого милого
На войну волають.

Волають, волають,
Коника сідлають.
"На кого ня лишаш,
Мій милий шугаю?"

"Лишаю тя тому,
Хто не йде на войну,
За рік, за півдруга
Вернуся додому."

Два роки минуло -
Хлопці з войни ідуть,
З-під мого милого
Лиш коника ведуть.

Ведуть коня, ведуть,
Начорно укритий.
Напевно мій милий
На войні убитий.

"Не плач, дівча, не плач,
Не жалій тамтого.
Іде нас сто тисяч,
Вибирай одного".

"Аж би вас там було
Як піску морського,
Не було й не буде
Як мого милого".','["pisni.org.ua", "cat:lemkivski", "cat:rekrutski", "Лемківські пісні", "Рекрутські пісні"]',1,'published',COALESCE((SELECT created_at FROM songs WHERE id='pisniua_26675'), datetime('now')),datetime('now'));
INSERT OR REPLACE INTO songs_fts(song_id,title,lyrics) VALUES ('pisniua_26675','В зеленім гаєчку','В зеленім гаєчку
Пташечки співають,
Вже мого милого
На войну волають.

Волають, волають,
Коника сідлають.
"На кого ня лишаш,
Мій милий шугаю?"

"Лишаю тя тому,
Хто не йде на войну,
За рік, за півдруга
Вернуся додому."

Два роки минуло -
Хлопці з войни ідуть,
З-під мого милого
Лиш коника ведуть.

Ведуть коня, ведуть,
Начорно укритий.
Напевно мій милий
На войні убитий.

"Не плач, дівча, не плач,
Не жалій тамтого.
Іде нас сто тисяч,
Вибирай одного".

"Аж би вас там було
Як піску морського,
Не було й не буде
Як мого милого".');
INSERT OR REPLACE INTO songs (id,title,subtitle,lang,country,period,year,source,notes,lyrics,tags_json,lang_locked,status,created_at,updated_at) VALUES ('pisniua_264899','А липи цвітуть','Музика: Остап Гавриш Слова: Василь Гостюк. Виконує: Лілія Сандулеса, Іво Бобул','uk','ukraine_before_1917',NULL,NULL,'аудіозапис',NULL,'Я прийду до тебе в садок,
У трави зелені зелені.
Назбираєм з тобою зірок,
Що в небі, що в небі, що в небі.
І падали коси із пліч,
Задумалась ніжність в чеканні.
Поцілунки у зоряну ніч
В коханні, в коханні, в коханні.

Приспів:
А липи цвітуть духмяні-духмяні,
А двоє ідуть купатись в коханні,
А липи цвітуть духмяні-духмяні,
А двоє ідуть щасливі в коханні.

Прокинулись ранки зі сну,
Згорають у щирості очі.
Пригорнися до мене, я жду
Від ночі, від ночі й до ночі.
Купатись з тобою в росі,
Відчути той дотик незнаний.
Тільки губи шепочуть мені -
Коханий, коханий, коханий.

Приспів. (3)','["pisni.org.ua", "cat:lirychni", "Пісні про кохання, ліричні"]',1,'published',COALESCE((SELECT created_at FROM songs WHERE id='pisniua_264899'), datetime('now')),datetime('now'));
INSERT OR REPLACE INTO songs_fts(song_id,title,lyrics) VALUES ('pisniua_264899','А липи цвітуть','Я прийду до тебе в садок,
У трави зелені зелені.
Назбираєм з тобою зірок,
Що в небі, що в небі, що в небі.
І падали коси із пліч,
Задумалась ніжність в чеканні.
Поцілунки у зоряну ніч
В коханні, в коханні, в коханні.

Приспів:
А липи цвітуть духмяні-духмяні,
А двоє ідуть купатись в коханні,
А липи цвітуть духмяні-духмяні,
А двоє ідуть щасливі в коханні.

Прокинулись ранки зі сну,
Згорають у щирості очі.
Пригорнися до мене, я жду
Від ночі, від ночі й до ночі.
Купатись з тобою в росі,
Відчути той дотик незнаний.
Тільки губи шепочуть мені -
Коханий, коханий, коханий.

Приспів. (3)');
INSERT OR REPLACE INTO song_links (id,song_id,title,url,kind,version_id,sort_order) VALUES ('pisniua_264899_l1','pisniua_264899','YouTube','https://www.youtube.com/watch?v=7zEI0e9716c','video',NULL,1);
INSERT OR REPLACE INTO song_links (id,song_id,title,url,kind,version_id,sort_order) VALUES ('pisniua_264899_l2','pisniua_264899','YouTube','https://www.youtube.com/watch?v=XjtddFO6azs','video',NULL,2);
INSERT OR REPLACE INTO songs (id,title,subtitle,lang,country,period,year,source,notes,lyrics,tags_json,lang_locked,status,created_at,updated_at) VALUES ('pisniua_266394','Ой, у полі криниченька','Українська народна пісня','uk','ukraine_before_1917',NULL,NULL,'Струни серця. Українські народні пісні про кохання. Київ, Держлітвидав, 1969.',NULL,'Ой у полі криниченька,
Кругом неї травиченька.

Ой там Роман воли пасе,
А дівчина воду несе.

Ой став Роман жартувати,
З відер воду виливати.

"Годі, Роман, жартувати,
З відер воду виливати,

Бо нерідну неньку маю,
Буде бити, добре знаю.

Не так бити, як лаяти,
Ще й Романом докоряти!"

"Де ж ти, доню, барилася?
Вже й вечеря зварилася!"

"Налетіли гуси з броду,
Сколотили з піском воду.

Я, молода, постояла,
Доки вода устояла!"

"Брешеш, доню, не стояла,
Ти з Романом розмовляла!"

"Щиру правду признаюся,
Що з Романом кохаюся.

А він чорний, я русява:
Зійдемося - буде пара!"','["pisni.org.ua", "cat:lirychni", "cat:narodni", "Пісні про кохання, ліричні", "Народні пісні"]',1,'published',COALESCE((SELECT created_at FROM songs WHERE id='pisniua_266394'), datetime('now')),datetime('now'));
INSERT OR REPLACE INTO songs_fts(song_id,title,lyrics) VALUES ('pisniua_266394','Ой, у полі криниченька','Ой у полі криниченька,
Кругом неї травиченька.

Ой там Роман воли пасе,
А дівчина воду несе.

Ой став Роман жартувати,
З відер воду виливати.

"Годі, Роман, жартувати,
З відер воду виливати,

Бо нерідну неньку маю,
Буде бити, добре знаю.

Не так бити, як лаяти,
Ще й Романом докоряти!"

"Де ж ти, доню, барилася?
Вже й вечеря зварилася!"

"Налетіли гуси з броду,
Сколотили з піском воду.

Я, молода, постояла,
Доки вода устояла!"

"Брешеш, доню, не стояла,
Ти з Романом розмовляла!"

"Щиру правду признаюся,
Що з Романом кохаюся.

А він чорний, я русява:
Зійдемося - буде пара!"');
INSERT OR REPLACE INTO song_links (id,song_id,title,url,kind,version_id,sort_order) VALUES ('pisniua_266394_l1','pisniua_266394','YouTube','https://www.youtube.com/watch?v=57BS2DbtC2M','video',NULL,1);
INSERT OR REPLACE INTO song_links (id,song_id,title,url,kind,version_id,sort_order) VALUES ('pisniua_266394_l2','pisniua_266394','YouTube','https://www.youtube.com/watch?v=9_RQaNM43AI','video',NULL,2);
INSERT OR REPLACE INTO song_links (id,song_id,title,url,kind,version_id,sort_order) VALUES ('pisniua_266394_l3','pisniua_266394','YouTube','https://www.youtube.com/watch?v=59ZYZgx7p_g','video',NULL,3);
INSERT OR REPLACE INTO song_links (id,song_id,title,url,kind,version_id,sort_order) VALUES ('pisniua_266394_l4','pisniua_266394','YouTube','https://www.youtube.com/watch?v=YPYYIhizFLw','video',NULL,4);
INSERT OR REPLACE INTO song_links (id,song_id,title,url,kind,version_id,sort_order) VALUES ('pisniua_266394_l5','pisniua_266394','YouTube','https://www.youtube.com/watch?v=3slLdA_ScDk','video',NULL,5);
INSERT OR REPLACE INTO song_links (id,song_id,title,url,kind,version_id,sort_order) VALUES ('pisniua_266394_l6','pisniua_266394','YouTube','https://www.youtube.com/watch?v=BYS4bimjfmg','video',NULL,6);
INSERT OR REPLACE INTO song_links (id,song_id,title,url,kind,version_id,sort_order) VALUES ('pisniua_266394_l7','pisniua_266394','Переглянути варіанти >>','https://www.pisni.org.ua/#variants','external',NULL,7);
INSERT OR REPLACE INTO songs (id,title,subtitle,lang,country,period,year,source,notes,lyrics,tags_json,lang_locked,status,created_at,updated_at) VALUES ('pisniua_266012','Над річкою бережком','Українська народна пісня','uk','ukraine_before_1917',NULL,NULL,'Народні перлини. Українські народні пісні. Київ, Державне видавництво художньої літератури, 1961.',NULL,'Над річкою бережком
Ішов чумак з батіжком,
Гей-гей, з Дону додому.

За плечима торбина
Ще й латана свитина, -
Гей-гей, дочумакувавсь!

"Постій, чумак, постривай,
Шляху в людей розпитай,
Гей-гей, чи не заблудивсь?"

"Мені шляху не питать:
Прямо степом мандрувать,
Гей-гей, долю доганять!"

Пішла доля ярами,
Зеленими лугами,
Гей-гей, не вмів шанувать!

Як я долі не знайду, -
До шинкарки в шинк зайду,
Гей, гей, забуду біду!    Фонограма-мінус (mp3)','["pisni.org.ua", "cat:chumacki", "cat:socialno-pobutovi", "Чумацькі пісні", "Соціально-побутові пісні"]',1,'published',COALESCE((SELECT created_at FROM songs WHERE id='pisniua_266012'), datetime('now')),datetime('now'));
INSERT OR REPLACE INTO songs_fts(song_id,title,lyrics) VALUES ('pisniua_266012','Над річкою бережком','Над річкою бережком
Ішов чумак з батіжком,
Гей-гей, з Дону додому.

За плечима торбина
Ще й латана свитина, -
Гей-гей, дочумакувавсь!

"Постій, чумак, постривай,
Шляху в людей розпитай,
Гей-гей, чи не заблудивсь?"

"Мені шляху не питать:
Прямо степом мандрувать,
Гей-гей, долю доганять!"

Пішла доля ярами,
Зеленими лугами,
Гей-гей, не вмів шанувать!

Як я долі не знайду, -
До шинкарки в шинк зайду,
Гей, гей, забуду біду!    Фонограма-мінус (mp3)');
INSERT OR REPLACE INTO song_links (id,song_id,title,url,kind,version_id,sort_order) VALUES ('pisniua_266012_l1','pisniua_266012','YouTube','https://www.youtube.com/watch?v=brVW_-uTEeo','video',NULL,1);
INSERT OR REPLACE INTO song_links (id,song_id,title,url,kind,version_id,sort_order) VALUES ('pisniua_266012_l2','pisniua_266012','YouTube','https://www.youtube.com/watch?v=NJ9Wyqu_Q0k','video',NULL,2);
INSERT OR REPLACE INTO songs (id,title,subtitle,lang,country,period,year,source,notes,lyrics,tags_json,lang_locked,status,created_at,updated_at) VALUES ('pisniua_26522','Ой братіку рідненький','Українська народна пісня','uk','ukraine_before_1917',NULL,NULL,'Бібліотека поета. Народна Лірика.',NULL,'Ой братіку рідненький,
Снився мені сон дивненький,
А що наше подвір''ячко
Чорним шовком пересновано.
Чорним шовком пересновано,
Калиною перетикано.
Калиною перетикано,
Сріблом-злотом пересипано,
Що ти, сестро-молодая, знаєш,
Що ти свого сна не відгадаєш?
Чорний шовк - твоя кісонька,
Калиночка - твоя красонька:
Калинонька - твоя красонька,
Срібло-злото - твоя слізонька.','["pisni.org.ua", "cat:vesilni", "Весільні пісні"]',1,'published',COALESCE((SELECT created_at FROM songs WHERE id='pisniua_26522'), datetime('now')),datetime('now'));
INSERT OR REPLACE INTO songs_fts(song_id,title,lyrics) VALUES ('pisniua_26522','Ой братіку рідненький','Ой братіку рідненький,
Снився мені сон дивненький,
А що наше подвір''ячко
Чорним шовком пересновано.
Чорним шовком пересновано,
Калиною перетикано.
Калиною перетикано,
Сріблом-злотом пересипано,
Що ти, сестро-молодая, знаєш,
Що ти свого сна не відгадаєш?
Чорний шовк - твоя кісонька,
Калиночка - твоя красонька:
Калинонька - твоя красонька,
Срібло-злото - твоя слізонька.');
INSERT OR REPLACE INTO songs (id,title,subtitle,lang,country,period,year,source,notes,lyrics,tags_json,lang_locked,status,created_at,updated_at) VALUES ('pisniua_267251','Ой одна я, одна','Українська народна пісня','uk','ukraine_before_1917',NULL,NULL,'Струни серця. Українські народні пісні про кохання. Київ, Держлітвидав, 1969.',NULL,'Ой одна я, одна,
Як билиночка в полі,
Та не дав мені бог
Ані щастя, ні долі.

Тільки дав мені бог
Красу - карії очі,
Та й ті виплакала
В самотині дiвочій.

Ані братика я,
Ні сестрички не знала,
Між чужими зросла,
І зросла - не кохалась!

Де ж дружина моя,
Де ви, добрії люди?
Їх нема, я сама,
А дружини й не буде!','["pisni.org.ua", "cat:socialno-pobutovi", "Соціально-побутові пісні"]',1,'published',COALESCE((SELECT created_at FROM songs WHERE id='pisniua_267251'), datetime('now')),datetime('now'));
INSERT OR REPLACE INTO songs_fts(song_id,title,lyrics) VALUES ('pisniua_267251','Ой одна я, одна','Ой одна я, одна,
Як билиночка в полі,
Та не дав мені бог
Ані щастя, ні долі.

Тільки дав мені бог
Красу - карії очі,
Та й ті виплакала
В самотині дiвочій.

Ані братика я,
Ні сестрички не знала,
Між чужими зросла,
І зросла - не кохалась!

Де ж дружина моя,
Де ви, добрії люди?
Їх нема, я сама,
А дружини й не буде!');
INSERT OR REPLACE INTO songs (id,title,subtitle,lang,country,period,year,source,notes,lyrics,tags_json,lang_locked,status,created_at,updated_at) VALUES ('pisniua_266379','Ой матінко-зірко','Українська народна пісня','uk','ukraine_before_1917',NULL,NULL,'Народні перлини. Українські народні пісні. Київ, Державне видавництво художньої літератури, 1961.',NULL,'Ой матінко-зірко,
Як у строку гірко,
Куди хилять, то й хилюся,
Бо я всіх боюся.

Ой матінко-зоре,
Яке в строку горе:
Ні доїсти, ні допити,
Ні сісти спочити!

Ой матінко-вишня,
Чи я у вас лишня,
Що ви мене туди дали,
Де я не привишна?

Ой матінко-пана,
Тепер я пропала.
Що ви мене туди дали,
Де я не бувала.

Ой матінко моя,
Тепер я не твоя,
Тепер я вже того пана,
Що задаток дано.

Ой матінко моя,
Тепер я не твоя,
Хіба тоді твоя буду,
Як строку добуду.

Добре тобі, тату,
Задаточки брати!
Прийди, тату, подивися,
Як їх заробляти!

Ти думаєш, тату,
Що я тут паную?
Прийди, тату, подивися,
Як я тут горюю!

Ти думаєш, тату,
Що я тут не плачу?
За сльозами за дрібними
Стежечки не бачу!

Вийду я на гору,
Крикну я додому:
"Вари, мати, вечеряти
Та й на мою долю!"

Варила, варила,
Небагато - трошки:
"Нема ж тобі, моя доню,
Ні миски, ні ложки!"','["pisni.org.ua", "cat:socialno-pobutovi", "Соціально-побутові пісні"]',1,'published',COALESCE((SELECT created_at FROM songs WHERE id='pisniua_266379'), datetime('now')),datetime('now'));
INSERT OR REPLACE INTO songs_fts(song_id,title,lyrics) VALUES ('pisniua_266379','Ой матінко-зірко','Ой матінко-зірко,
Як у строку гірко,
Куди хилять, то й хилюся,
Бо я всіх боюся.

Ой матінко-зоре,
Яке в строку горе:
Ні доїсти, ні допити,
Ні сісти спочити!

Ой матінко-вишня,
Чи я у вас лишня,
Що ви мене туди дали,
Де я не привишна?

Ой матінко-пана,
Тепер я пропала.
Що ви мене туди дали,
Де я не бувала.

Ой матінко моя,
Тепер я не твоя,
Тепер я вже того пана,
Що задаток дано.

Ой матінко моя,
Тепер я не твоя,
Хіба тоді твоя буду,
Як строку добуду.

Добре тобі, тату,
Задаточки брати!
Прийди, тату, подивися,
Як їх заробляти!

Ти думаєш, тату,
Що я тут паную?
Прийди, тату, подивися,
Як я тут горюю!

Ти думаєш, тату,
Що я тут не плачу?
За сльозами за дрібними
Стежечки не бачу!

Вийду я на гору,
Крикну я додому:
"Вари, мати, вечеряти
Та й на мою долю!"

Варила, варила,
Небагато - трошки:
"Нема ж тобі, моя доню,
Ні миски, ні ложки!"');
INSERT OR REPLACE INTO songs (id,title,subtitle,lang,country,period,year,source,notes,lyrics,tags_json,lang_locked,status,created_at,updated_at) VALUES ('pisniua_267369','Як почуєш вночі край свойого вікна','Музика: Іларіон Лебедєв, Дмитро Січинський Слова: Іван Франко. Виконує: Віктор Морозов, Коралі, Русичі, Павло Кармалюк, Рената Бабак','uk','ukraine_before_1917',NULL,NULL,'Струни серця. Українські народні пісні про кохання. Київ, Держлітвидав, 1969.','Шкільна програма з української літератури для 10 класу (профільний рівень).','Як почуєш вночі край свойого вікна,
Що щось плаче і хлипає важко,
Не тривожся зовсім, не збавляй собі сна, |
Не дивися в той бік, моя пташко.         | (2)

Се не та сирота, що без мами блука,
Не голодний жебрак, моя зірко.
Се розпука моя, невтишима тоска,         |
Се любов моя плаче так гірко.            | (2)

Так прощай же, прощай, не чекай більш весни,
Коли будуть цвісти верболози.
І востаннє тобі, замість слів про любов, |
Посилаю я муки і сльози.                 | (2)

Так прощай же, прощай, не чекай більш весни,
Будь щаслива, весела, як завжди.
Що було — схороню аж у серце на дно...   |
Не шукай між людьми більше правди.       | (2)','["pisni.org.ua", "cat:romansy", "Романси"]',1,'published',COALESCE((SELECT created_at FROM songs WHERE id='pisniua_267369'), datetime('now')),datetime('now'));
INSERT OR REPLACE INTO songs_fts(song_id,title,lyrics) VALUES ('pisniua_267369','Як почуєш вночі край свойого вікна','Як почуєш вночі край свойого вікна,
Що щось плаче і хлипає важко,
Не тривожся зовсім, не збавляй собі сна, |
Не дивися в той бік, моя пташко.         | (2)

Се не та сирота, що без мами блука,
Не голодний жебрак, моя зірко.
Се розпука моя, невтишима тоска,         |
Се любов моя плаче так гірко.            | (2)

Так прощай же, прощай, не чекай більш весни,
Коли будуть цвісти верболози.
І востаннє тобі, замість слів про любов, |
Посилаю я муки і сльози.                 | (2)

Так прощай же, прощай, не чекай більш весни,
Будь щаслива, весела, як завжди.
Що було — схороню аж у серце на дно...   |
Не шукай між людьми більше правди.       | (2)');
INSERT OR REPLACE INTO song_links (id,song_id,title,url,kind,version_id,sort_order) VALUES ('pisniua_267369_l1','pisniua_267369','YouTube','https://www.youtube.com/watch?v=U4njB0VJI64','video',NULL,1);
INSERT OR REPLACE INTO song_links (id,song_id,title,url,kind,version_id,sort_order) VALUES ('pisniua_267369_l2','pisniua_267369','YouTube','https://www.youtube.com/watch?v=KdUk02SZetM','video',NULL,2);
INSERT OR REPLACE INTO song_links (id,song_id,title,url,kind,version_id,sort_order) VALUES ('pisniua_267369_l3','pisniua_267369','Переглянути варіанти >>','https://www.pisni.org.ua/#variants','external',NULL,3);
INSERT OR REPLACE INTO songs (id,title,subtitle,lang,country,period,year,source,notes,lyrics,tags_json,lang_locked,status,created_at,updated_at) VALUES ('pisniua_267277','Мала мати одну дочку','Українська народна пісня','uk','ukraine_before_1917',NULL,NULL,'Народні перлини. Українські народні пісні. Київ, Державне видавництво художньої літератури, 1961.',NULL,'Мала мати одну дочку | (2)
Та й купала у медочку.

Та й купала-поливала, | (2)
Щастя-долі не вгaдала.

Щастя-долі не вгадала, | (2)
За п''яниченьку оддала.

П''є п''яниця, п''є, гуляє, | (2)
Йде додому, - б''є та й лає.

"Ой я буду мандрувати, | (2)
Лиху долю покидати!"

"Ой не роби та сваволі, | (2)
Не покидай свої долі!

Як в калини білі квіти, | (2)
Так у тебе дрібні діти!"','["pisni.org.ua", "cat:socialno-pobutovi", "Соціально-побутові пісні"]',1,'published',COALESCE((SELECT created_at FROM songs WHERE id='pisniua_267277'), datetime('now')),datetime('now'));
INSERT OR REPLACE INTO songs_fts(song_id,title,lyrics) VALUES ('pisniua_267277','Мала мати одну дочку','Мала мати одну дочку | (2)
Та й купала у медочку.

Та й купала-поливала, | (2)
Щастя-долі не вгaдала.

Щастя-долі не вгадала, | (2)
За п''яниченьку оддала.

П''є п''яниця, п''є, гуляє, | (2)
Йде додому, - б''є та й лає.

"Ой я буду мандрувати, | (2)
Лиху долю покидати!"

"Ой не роби та сваволі, | (2)
Не покидай свої долі!

Як в калини білі квіти, | (2)
Так у тебе дрібні діти!"');
INSERT OR REPLACE INTO song_links (id,song_id,title,url,kind,version_id,sort_order) VALUES ('pisniua_267277_l1','pisniua_267277','YouTube','https://www.youtube.com/watch?v=Gnxy1I8Ffi0','video',NULL,1);
INSERT OR REPLACE INTO songs (id,title,subtitle,lang,country,period,year,source,notes,lyrics,tags_json,lang_locked,status,created_at,updated_at) VALUES ('pisniua_269318','Моя любове','Музика: Лариса Лещук Слова: Ліна Костенко. Виконує: Лариса Лещук','uk','ukraine_1991',NULL,NULL,'Лариса Лещук, 80673041602, диск "Всі пісні для тебе"',NULL,'Моя любове! Я перед тобою.
Бери мене в свої блаженні сни.
Лиш не зроби слухняною рабою,
не ошукай і крил не обітни!
Не допусти, щоб світ зійшовся клином,
і не присни, для чого я живу.
Даруй мені над шляхом тополиним
важкого сонця древню булаву.
Не дай мені заплутатись в дрібницях,
не розміняй на спотички доріг,
бо кості перевернуться в гробницях
гірких і гордих прадідів моїх.
І в них було кохання, як у мене,
і від любові тьмарився їм світ.
І їх жінки хапали за стремена,
та що поробиш,— тільки до воріт.
А там, а там... Жорстокий клекіт бою
і дзвін мечів до третьої весни...
Моя любове! Я перед тобою.
Бери мене в свої блаженні сни.  | (3)','["pisni.org.ua", "cat:romansy", "Романси"]',1,'published',COALESCE((SELECT created_at FROM songs WHERE id='pisniua_269318'), datetime('now')),datetime('now'));
INSERT OR REPLACE INTO songs_fts(song_id,title,lyrics) VALUES ('pisniua_269318','Моя любове','Моя любове! Я перед тобою.
Бери мене в свої блаженні сни.
Лиш не зроби слухняною рабою,
не ошукай і крил не обітни!
Не допусти, щоб світ зійшовся клином,
і не присни, для чого я живу.
Даруй мені над шляхом тополиним
важкого сонця древню булаву.
Не дай мені заплутатись в дрібницях,
не розміняй на спотички доріг,
бо кості перевернуться в гробницях
гірких і гордих прадідів моїх.
І в них було кохання, як у мене,
і від любові тьмарився їм світ.
І їх жінки хапали за стремена,
та що поробиш,— тільки до воріт.
А там, а там... Жорстокий клекіт бою
і дзвін мечів до третьої весни...
Моя любове! Я перед тобою.
Бери мене в свої блаженні сни.  | (3)');
INSERT OR REPLACE INTO song_links (id,song_id,title,url,kind,version_id,sort_order) VALUES ('pisniua_269318_l1','pisniua_269318','YouTube','https://www.youtube.com/watch?v=f3iRTv_s0uY','video',NULL,1);
INSERT OR REPLACE INTO song_links (id,song_id,title,url,kind,version_id,sort_order) VALUES ('pisniua_269318_l2','pisniua_269318','YouTube','https://www.youtube.com/watch?v=K5PmRg05PY4','video',NULL,2);
INSERT OR REPLACE INTO songs (id,title,subtitle,lang,country,period,year,source,notes,lyrics,tags_json,lang_locked,status,created_at,updated_at) VALUES ('pisniua_2675','Карпатський вальс','(Смерека). Музика: Ігор Особік Слова: Ігор Особік. Виконує: Ігор Особік','uk','ukraine_1991',NULL,NULL,'Збірник пісень Студентського братства Львівської політехніки.- Львів, 2000','Пісня присвячена дисидентам-шестидесятникам','Смерека, суцільно смерека,
Чорний сніг напупонив тайгу.
Далеко, як до тебе далеко,
Чи до тебе колись я іще повернусь?
Далеко, як до тебе далеко,
Чи до тебе колись я іще повернусь?

Вагони, ідуть ешелони -
Етапи бісової кари.
Та жалю ні краплини немає,                |
Волю не здобули, та ми ще не програли.    | (2)

Та вільний, я все-таки вільний,
До тебе я подумки лину.
До тебе я смерічкою плину,                |
Я в Карпатах умру, хоч в Сибіру загину.   | (2)

Доля - то наша неволя,
Готує нам участь одну:
Загинуть, як личить героям,               |
Або вижить і встать знов на кровну борню. | (2)

Почекайте! Вороги, почекайте!
Буде буря! Буде вогінь і грім!
Вставайте! Сильні духом вставайте!        |
Буде пімста страшна, будем бить ворогів!  | (2)','["pisni.org.ua", "cat:bardivski", "Бардівські пісні"]',1,'published',COALESCE((SELECT created_at FROM songs WHERE id='pisniua_2675'), datetime('now')),datetime('now'));
INSERT OR REPLACE INTO songs_fts(song_id,title,lyrics) VALUES ('pisniua_2675','Карпатський вальс','Смерека, суцільно смерека,
Чорний сніг напупонив тайгу.
Далеко, як до тебе далеко,
Чи до тебе колись я іще повернусь?
Далеко, як до тебе далеко,
Чи до тебе колись я іще повернусь?

Вагони, ідуть ешелони -
Етапи бісової кари.
Та жалю ні краплини немає,                |
Волю не здобули, та ми ще не програли.    | (2)

Та вільний, я все-таки вільний,
До тебе я подумки лину.
До тебе я смерічкою плину,                |
Я в Карпатах умру, хоч в Сибіру загину.   | (2)

Доля - то наша неволя,
Готує нам участь одну:
Загинуть, як личить героям,               |
Або вижить і встать знов на кровну борню. | (2)

Почекайте! Вороги, почекайте!
Буде буря! Буде вогінь і грім!
Вставайте! Сильні духом вставайте!        |
Буде пімста страшна, будем бить ворогів!  | (2)');
INSERT OR REPLACE INTO songs (id,title,subtitle,lang,country,period,year,source,notes,lyrics,tags_json,lang_locked,status,created_at,updated_at) VALUES ('pisniua_267293','Нащо мені чорні брови','Музика: невідомий Слова: Тарас Шевченко. Виконує: Рената Бабак','uk','ukraine_before_1917',NULL,NULL,'1. Струни серця. Українські народні пісні про кохання. Київ, Держлітвидав, 1969. 2. Струни серця. Українські народні пісні про кохання. Київ, Держлітвидав, 1962.','Народний варіант тексту за поезією "Думка" Т. Шевченка.','Нащо мені чорні брови,
Нащо карі очі,
Нащо літа молодії,
Веселі, дівочі?

Літа мої молодії
Марно пропадають,
Очі плачуть, чорні брови
Од вітру линяють.

Нема кому розказати,
Чого плачуть очі,
Нема кому розпитати,
Чого серце хоче.

Плачте ж, очі, плачте, карі,
Поки не заснули,
Голосніше, жалібніше,
Щоб вітри почули.

Щоб понесли буйнесенькі,
За синеє море
Чорнявому, зрадливому
На лютеє горе','["pisni.org.ua", "cat:romansy", "Романси"]',1,'published',COALESCE((SELECT created_at FROM songs WHERE id='pisniua_267293'), datetime('now')),datetime('now'));
INSERT OR REPLACE INTO songs_fts(song_id,title,lyrics) VALUES ('pisniua_267293','Нащо мені чорні брови','Нащо мені чорні брови,
Нащо карі очі,
Нащо літа молодії,
Веселі, дівочі?

Літа мої молодії
Марно пропадають,
Очі плачуть, чорні брови
Од вітру линяють.

Нема кому розказати,
Чого плачуть очі,
Нема кому розпитати,
Чого серце хоче.

Плачте ж, очі, плачте, карі,
Поки не заснули,
Голосніше, жалібніше,
Щоб вітри почули.

Щоб понесли буйнесенькі,
За синеє море
Чорнявому, зрадливому
На лютеє горе');
INSERT OR REPLACE INTO song_links (id,song_id,title,url,kind,version_id,sort_order) VALUES ('pisniua_267293_l1','pisniua_267293','YouTube','https://www.youtube.com/watch?v=72D3uitBLS8','video',NULL,1);
INSERT OR REPLACE INTO song_links (id,song_id,title,url,kind,version_id,sort_order) VALUES ('pisniua_267293_l2','pisniua_267293','Переглянути варіанти >>','https://www.pisni.org.ua/#variants','external',NULL,2);
INSERT OR REPLACE INTO songs (id,title,subtitle,lang,country,period,year,source,notes,lyrics,tags_json,lang_locked,status,created_at,updated_at) VALUES ('pisniua_268114','Проводжала мати','Музика: Ігор Шамо Слова: Валерій Курінський. Виконує: Олександр Таранець, Дмитро Гнатюк','uk','ukraine_1991',NULL,NULL,'аудіозапис','* нерозбірливий рядок','Проводжала мати свого сина
В дальну путь, у добру годину.
І казала мати: "Рідну вишню не забудь,
І рідну хатину, і рідну хатину".

Прощалася засмучена,
З надіями навік заручена,
А сліз з очей не виплакать,
І радощі нові не виплекать.
І мріє, мріє серце:
Син додому вернеться,
Бо мати вміє сина ждать.

Буде навесні зелена вишня квітувать
росою умита.
Будуть з далини додому сина виглядать
І квіти, і віти, рожевії квіти...

А мати жде напровесні,
Коли під снігом трави росяні*
А мати жде під хмарами,
Коли чекання стали марними
І мріє, мріє серце:
син додому вернеться
Бо мати вміє сина ждать.

Ластівки-листівки
Стали рідко прилітать,
І сина немає.
Вже старенька вишня
Більш не буде розцвітать,
А мати чекає, роками чекає.

Ростуть сини, як соколи,
Летять за мріями високими,
Ідуть сини дорогами,
Що від стежок росли, широкими.
І мріє, мріє серце:
Син додому вернеться
Ти чуєш, сину? Мати жде
Ти чуєш, сину? Мати жде','["pisni.org.ua", "cat:pro-batkiv", "Пісні про любов до батьків"]',1,'published',COALESCE((SELECT created_at FROM songs WHERE id='pisniua_268114'), datetime('now')),datetime('now'));
INSERT OR REPLACE INTO songs_fts(song_id,title,lyrics) VALUES ('pisniua_268114','Проводжала мати','Проводжала мати свого сина
В дальну путь, у добру годину.
І казала мати: "Рідну вишню не забудь,
І рідну хатину, і рідну хатину".

Прощалася засмучена,
З надіями навік заручена,
А сліз з очей не виплакать,
І радощі нові не виплекать.
І мріє, мріє серце:
Син додому вернеться,
Бо мати вміє сина ждать.

Буде навесні зелена вишня квітувать
росою умита.
Будуть з далини додому сина виглядать
І квіти, і віти, рожевії квіти...

А мати жде напровесні,
Коли під снігом трави росяні*
А мати жде під хмарами,
Коли чекання стали марними
І мріє, мріє серце:
син додому вернеться
Бо мати вміє сина ждать.

Ластівки-листівки
Стали рідко прилітать,
І сина немає.
Вже старенька вишня
Більш не буде розцвітать,
А мати чекає, роками чекає.

Ростуть сини, як соколи,
Летять за мріями високими,
Ідуть сини дорогами,
Що від стежок росли, широкими.
І мріє, мріє серце:
Син додому вернеться
Ти чуєш, сину? Мати жде
Ти чуєш, сину? Мати жде');
INSERT OR REPLACE INTO song_links (id,song_id,title,url,kind,version_id,sort_order) VALUES ('pisniua_268114_l1','pisniua_268114','YouTube','https://www.youtube.com/watch?v=ui8Ch-tJ58E','video',NULL,1);
INSERT OR REPLACE INTO songs (id,title,subtitle,lang,country,period,year,source,notes,lyrics,tags_json,lang_locked,status,created_at,updated_at) VALUES ('pisniua_267498','Колгоспний вальс','Музика: Платон Майборода Слова: Андрій Малишко','uk','ukraine_before_1917',NULL,NULL,'Струни серця. Українські народні пісні про кохання. Київ, Держлітвидав, 1969.',NULL,'Де синь стоїть над краєм,
Де в росах далина,
Ізнов шумить врожаєм
Колгоспна сторона.

Люба, нам з тобою врожаю моря,
Тихо в надвечір''ї нам світить зоря,
І ляже щедра осінь
На степовий кришталь,
Де золоте колосся
Біжить в далеку дaль.

І за столи кленові
Ми сядемо вночі, -
Дівчата чорноброві
І хлопці сіячі.

Люба, нам з тобою врожаю моря,
Тихо в надвечір''ї нам світить зоря,
Щоб на колгоспнім святі
Нам заспівати знов
Про наші дні крилаті,
І дружбу, і любов.    Фонограма-мінус (мп3)','["pisni.org.ua", "cat:socialno-pobutovi", "Соціально-побутові пісні"]',1,'published',COALESCE((SELECT created_at FROM songs WHERE id='pisniua_267498'), datetime('now')),datetime('now'));
INSERT OR REPLACE INTO songs_fts(song_id,title,lyrics) VALUES ('pisniua_267498','Колгоспний вальс','Де синь стоїть над краєм,
Де в росах далина,
Ізнов шумить врожаєм
Колгоспна сторона.

Люба, нам з тобою врожаю моря,
Тихо в надвечір''ї нам світить зоря,
І ляже щедра осінь
На степовий кришталь,
Де золоте колосся
Біжить в далеку дaль.

І за столи кленові
Ми сядемо вночі, -
Дівчата чорноброві
І хлопці сіячі.

Люба, нам з тобою врожаю моря,
Тихо в надвечір''ї нам світить зоря,
Щоб на колгоспнім святі
Нам заспівати знов
Про наші дні крилаті,
І дружбу, і любов.    Фонограма-мінус (мп3)');
INSERT OR REPLACE INTO songs (id,title,subtitle,lang,country,period,year,source,notes,lyrics,tags_json,lang_locked,status,created_at,updated_at) VALUES ('pisniua_26890','Прийде ще час...','Музика: Богдан Весоловський Слова: Богдан Весоловський','uk','ukraine_1991',NULL,NULL,'1. Богдан Весоловський "Прийде ще час..." Львів "Галицька видавнича спілка" 2001 2. Архівні аудіозаписи невідомого походження, ймовірно 30-их років 20 ст.',NULL,'Ще раз поглянути на тебе,
З тобою стрінутись ще раз,
У вечір, як зірки засяють в небі,
В осінній вечір, як тільки день погас.
Ще раз піти, удвох з тобою,
За руки взявшись, як колись,
В гаях стежками осінню сумною,
Де перший раз ми давно зійшлись...
Приспів:
Прийде ще час коли затужиш ти за мною,
Прийде ще час, коли згадаєш наші дні,
Може тоді любов ти зрозумієш мою,
І може за ту любов вдячна будеш мені.
Поглянути у твої очі,
І слухати слова твої,
У сяйві місяця літньої ночі
Послухать ще як співають солов''ї.
Невже лише це тільки мрія?
Невже лише це тільки сни?
Чому, чому пропала вся надія,
Зів''яла так, мов квіт навесні...
Приспів.','["pisni.org.ua", "cat:dances", "cat:tango", "Пісні до танцю", "Танґо"]',1,'published',COALESCE((SELECT created_at FROM songs WHERE id='pisniua_26890'), datetime('now')),datetime('now'));
INSERT OR REPLACE INTO songs_fts(song_id,title,lyrics) VALUES ('pisniua_26890','Прийде ще час...','Ще раз поглянути на тебе,
З тобою стрінутись ще раз,
У вечір, як зірки засяють в небі,
В осінній вечір, як тільки день погас.
Ще раз піти, удвох з тобою,
За руки взявшись, як колись,
В гаях стежками осінню сумною,
Де перший раз ми давно зійшлись...
Приспів:
Прийде ще час коли затужиш ти за мною,
Прийде ще час, коли згадаєш наші дні,
Може тоді любов ти зрозумієш мою,
І може за ту любов вдячна будеш мені.
Поглянути у твої очі,
І слухати слова твої,
У сяйві місяця літньої ночі
Послухать ще як співають солов''ї.
Невже лише це тільки мрія?
Невже лише це тільки сни?
Чому, чому пропала вся надія,
Зів''яла так, мов квіт навесні...
Приспів.');
INSERT OR REPLACE INTO song_links (id,song_id,title,url,kind,version_id,sort_order) VALUES ('pisniua_26890_l1','pisniua_26890','YouTube','https://www.youtube.com/watch?v=l5fQ-uJgZOg','video',NULL,1);
INSERT OR REPLACE INTO song_links (id,song_id,title,url,kind,version_id,sort_order) VALUES ('pisniua_26890_l2','pisniua_26890','YouTube','https://www.youtube.com/watch?v=NQobS3DKn0I','video',NULL,2);
INSERT OR REPLACE INTO song_links (id,song_id,title,url,kind,version_id,sort_order) VALUES ('pisniua_26890_l3','pisniua_26890','YouTube','https://www.youtube.com/watch?v=wM87B4CFeSI','video',NULL,3);
INSERT OR REPLACE INTO song_links (id,song_id,title,url,kind,version_id,sort_order) VALUES ('pisniua_26890_l4','pisniua_26890','YouTube','https://www.youtube.com/watch?v=nfeBROvc8Sw','video',NULL,4);
INSERT OR REPLACE INTO song_links (id,song_id,title,url,kind,version_id,sort_order) VALUES ('pisniua_26890_l5','pisniua_26890','YouTube','https://www.youtube.com/watch?v=xeVwvDrJuVM','video',NULL,5);
INSERT OR REPLACE INTO song_links (id,song_id,title,url,kind,version_id,sort_order) VALUES ('pisniua_26890_l6','pisniua_26890','YouTube','https://www.youtube.com/watch?v=RmY0kY3TVOg','video',NULL,6);
INSERT OR REPLACE INTO song_links (id,song_id,title,url,kind,version_id,sort_order) VALUES ('pisniua_26890_l7','pisniua_26890','YouTube','https://www.youtube.com/watch?v=FrksRI2qWb0','video',NULL,7);
INSERT OR REPLACE INTO songs (id,title,subtitle,lang,country,period,year,source,notes,lyrics,tags_json,lang_locked,status,created_at,updated_at) VALUES ('pisniua_269653','Журавка','Музика: Олександр Білаш Слова: Василь Юхимович. Виконує: Раїса Кириченко, Євгенія Мірошниченко, Діана Петриненко, Ніна Матвієнко, Надія Фесенко','uk','ukraine_1991',NULL,NULL,'альбом "Два кольори"',NULL,'Чом журавка об крижину
Забилась крильми?
"Не взяв мене за дружину, |
В світилки візьми."       | (2)

Де ж отого розрив-зілля
Ти не обминув?
Чо не кликав на весілля,
Лиш мене одну?

Може місяць на ту пoру
За хмари зайшов,
Що ти до мого двору      |
Стежки не знайшов?       | (2)

Та як з нею, не зі мною
Будеш ти в журбі -
Я веселкою ясною         |
Засвічу тобі.            | (2)','["pisni.org.ua", "cat:manrivni", "Пісні на мандрівну тематику"]',1,'published',COALESCE((SELECT created_at FROM songs WHERE id='pisniua_269653'), datetime('now')),datetime('now'));
INSERT OR REPLACE INTO songs_fts(song_id,title,lyrics) VALUES ('pisniua_269653','Журавка','Чом журавка об крижину
Забилась крильми?
"Не взяв мене за дружину, |
В світилки візьми."       | (2)

Де ж отого розрив-зілля
Ти не обминув?
Чо не кликав на весілля,
Лиш мене одну?

Може місяць на ту пoру
За хмари зайшов,
Що ти до мого двору      |
Стежки не знайшов?       | (2)

Та як з нею, не зі мною
Будеш ти в журбі -
Я веселкою ясною         |
Засвічу тобі.            | (2)');
INSERT OR REPLACE INTO song_links (id,song_id,title,url,kind,version_id,sort_order) VALUES ('pisniua_269653_l1','pisniua_269653','YouTube','https://www.youtube.com/watch?v=OBZDzFg4wJM','video',NULL,1);
INSERT OR REPLACE INTO songs (id,title,subtitle,lang,country,period,year,source,notes,lyrics,tags_json,lang_locked,status,created_at,updated_at) VALUES ('pisniua_266767','Ні, мамо, не можна нелюба любить','(Українська мелодія). Музика: народна Слова: Євген Гребінка. Виконує: Ярослава Кривошеєва','uk','ukraine_before_1917',NULL,NULL,'Струни серця. Українські народні пісні про кохання. Київ, Держлітвидав, 1969.',NULL,'"Ні, мамо, не можна нелюба любить!
Нещасная доля із нелюбом жить.
Ох тяжко, ох важко з ним річ розмовляти!
Хай лучче я буду ввесь вік дівовати!"

"Хіба ж ти не бачиш, яка я стара?
Мені в домовину лягати пора.
Як очі закрию, що буде з тобою?
Останешся, доню, одна сиротою!"

А в світі якеє життя сироті?
І горе, і нужду терпітимеш ти.
Я, дочку пустивши, мовляв, на поталу.
Стогнать під землею, як горлиця стану".

"О, мамо, голубко, не плач, не ридай,
Готуй рушники і хустки вишивай.
Нехай за нелюбом я щастя утрачу;
Ти будеш весела, одна я заплачу!"

Ген там, на могилі, хрест божий стоїть.
Під ним рано й вечір матуся квилить:
"О, Боже мій милий! Що я наробила!
Дочку, як схотіла, із світу згубила!"','["pisni.org.ua", "cat:nostalgia", "Пісні з ностальгічними мотивами"]',1,'published',COALESCE((SELECT created_at FROM songs WHERE id='pisniua_266767'), datetime('now')),datetime('now'));
INSERT OR REPLACE INTO songs_fts(song_id,title,lyrics) VALUES ('pisniua_266767','Ні, мамо, не можна нелюба любить','"Ні, мамо, не можна нелюба любить!
Нещасная доля із нелюбом жить.
Ох тяжко, ох важко з ним річ розмовляти!
Хай лучче я буду ввесь вік дівовати!"

"Хіба ж ти не бачиш, яка я стара?
Мені в домовину лягати пора.
Як очі закрию, що буде з тобою?
Останешся, доню, одна сиротою!"

А в світі якеє життя сироті?
І горе, і нужду терпітимеш ти.
Я, дочку пустивши, мовляв, на поталу.
Стогнать під землею, як горлиця стану".

"О, мамо, голубко, не плач, не ридай,
Готуй рушники і хустки вишивай.
Нехай за нелюбом я щастя утрачу;
Ти будеш весела, одна я заплачу!"

Ген там, на могилі, хрест божий стоїть.
Під ним рано й вечір матуся квилить:
"О, Боже мій милий! Що я наробила!
Дочку, як схотіла, із світу згубила!"');
INSERT OR REPLACE INTO song_links (id,song_id,title,url,kind,version_id,sort_order) VALUES ('pisniua_266767_l1','pisniua_266767','YouTube','https://www.youtube.com/watch?v=qZ7rpnewuVU','video',NULL,1);
INSERT OR REPLACE INTO songs (id,title,subtitle,lang,country,period,year,source,notes,lyrics,tags_json,lang_locked,status,created_at,updated_at) VALUES ('pisniua_2697','Чи ти варта того','Музика: Ігор Особік Слова: Ігор Особік. Виконує: Андрій Хавунка','uk','ukraine_1991',NULL,NULL,'Збірник пісень Студентського братства Львівської політехніки.- Львів, 2000',NULL,'Am                  Am/C            Hdim7        E7
Я прокинусь зненацька вночі від удару дверима в під''їзді.
Am                 Am/C               Hdim7  E7
Я почну ся втішать, але сон уже більше не йде.
Розірване коло буття -- через твою відсутність,
Та питання одне  все тривожить мене.

Приспів 1 (чол. вокал):
Чи ти варта того, щоби я йшов у бій через тебе,
Щоби я був героєм, актором і навіть співав?
Чи ти варта того, щоби я дарував тобі квіти із неба?
Чи ти варта того, щоби я через тебе страждав?

Розіб''ю спросоння будильник, що шарпає нерви,
Зіллюся з землею і небом водою в дворі.
Ні, не Чак Норріс стоїть проти мене в люстерку,
Мабуть, питаннячко це знайоме тобі.

Приспів 2 (жін. вокал):
Чи вартий того, щоби я була біля тебе?
Щоби я була завжди для тебе цілющим листом?
Чи ти вартий того, щоби я була тобі медом?
Чи ти вартий того, щоби ми були завжди разом?

Наші зустрічі схожі на вплеснуту нафту у вогінь,
Потім полум''я згасне, та довго ще серце ятрить.
Наші зустрічі схожі на зустрічі берега й моря,
Та підозра холодна, мов гідра, у грудях сидить.

Приспів 1.
Приспів 2.
Приспів 1 і Приспів 2 (одночасно).','["pisni.org.ua", "cat:bardivski", "Бардівські пісні"]',1,'published',COALESCE((SELECT created_at FROM songs WHERE id='pisniua_2697'), datetime('now')),datetime('now'));
INSERT OR REPLACE INTO songs_fts(song_id,title,lyrics) VALUES ('pisniua_2697','Чи ти варта того','Am                  Am/C            Hdim7        E7
Я прокинусь зненацька вночі від удару дверима в під''їзді.
Am                 Am/C               Hdim7  E7
Я почну ся втішать, але сон уже більше не йде.
Розірване коло буття -- через твою відсутність,
Та питання одне  все тривожить мене.

Приспів 1 (чол. вокал):
Чи ти варта того, щоби я йшов у бій через тебе,
Щоби я був героєм, актором і навіть співав?
Чи ти варта того, щоби я дарував тобі квіти із неба?
Чи ти варта того, щоби я через тебе страждав?

Розіб''ю спросоння будильник, що шарпає нерви,
Зіллюся з землею і небом водою в дворі.
Ні, не Чак Норріс стоїть проти мене в люстерку,
Мабуть, питаннячко це знайоме тобі.

Приспів 2 (жін. вокал):
Чи вартий того, щоби я була біля тебе?
Щоби я була завжди для тебе цілющим листом?
Чи ти вартий того, щоби я була тобі медом?
Чи ти вартий того, щоби ми були завжди разом?

Наші зустрічі схожі на вплеснуту нафту у вогінь,
Потім полум''я згасне, та довго ще серце ятрить.
Наші зустрічі схожі на зустрічі берега й моря,
Та підозра холодна, мов гідра, у грудях сидить.

Приспів 1.
Приспів 2.
Приспів 1 і Приспів 2 (одночасно).');
INSERT OR REPLACE INTO songs (id,title,subtitle,lang,country,period,year,source,notes,lyrics,tags_json,lang_locked,status,created_at,updated_at) VALUES ('pisniua_26910','Усміх твій','Музика: Богдан Весоловський Слова: Ярослав Масляк','uk','ukraine_1991',NULL,NULL,'Богдан Весоловський "Прийде ще час..." Львів "Галицька видавнича спілка" 2001',NULL,'Погас останній вже сонця промінь,
Сумним акордом скінчився день
І прийде знову вечірній спомин
На тиху розмову в сяйві ліхтарень.

І тільки в мріях ти вже прилинеш,
Мов гомін щастя колишніх днів,
А на стріванні знов усміх кинеш,
Що полонив бідне серце мені.

Усміх твій таємничий так мене ще манить,
То до щастя, мов кличе, то зі щастя, мов кпить,
Усміх твій таємничий моє серце закляв
Каже тужити, хоч кохання створити
Вже не зможеш ні ти, ні я.

Ще досі сниться у снах звабливих,
Манить блаватом з-під довгих вій,
Хоч вже не прийдуть ті дні щасливі,
Де щастям здавався обрій наших мрій.

Запізно нині. З очей полуду
Життя стряхнуло, мов цвіт сумний,
І тільки в серці твій усміх збудить
В самотні дні спогад цей чарівний.

Усміх твій таємничий так мене ще манить,
То до щастя, мов кличе, то зі щастя, мов кпить,
Усміх твій таємничий моє серце закляв
Каже тужити, хоч кохання створити
Вже не зможеш ні ти, ні я.','["pisni.org.ua", "cat:dances", "cat:tango", "Пісні до танцю", "Танґо"]',1,'published',COALESCE((SELECT created_at FROM songs WHERE id='pisniua_26910'), datetime('now')),datetime('now'));
INSERT OR REPLACE INTO songs_fts(song_id,title,lyrics) VALUES ('pisniua_26910','Усміх твій','Погас останній вже сонця промінь,
Сумним акордом скінчився день
І прийде знову вечірній спомин
На тиху розмову в сяйві ліхтарень.

І тільки в мріях ти вже прилинеш,
Мов гомін щастя колишніх днів,
А на стріванні знов усміх кинеш,
Що полонив бідне серце мені.

Усміх твій таємничий так мене ще манить,
То до щастя, мов кличе, то зі щастя, мов кпить,
Усміх твій таємничий моє серце закляв
Каже тужити, хоч кохання створити
Вже не зможеш ні ти, ні я.

Ще досі сниться у снах звабливих,
Манить блаватом з-під довгих вій,
Хоч вже не прийдуть ті дні щасливі,
Де щастям здавався обрій наших мрій.

Запізно нині. З очей полуду
Життя стряхнуло, мов цвіт сумний,
І тільки в серці твій усміх збудить
В самотні дні спогад цей чарівний.

Усміх твій таємничий так мене ще манить,
То до щастя, мов кличе, то зі щастя, мов кпить,
Усміх твій таємничий моє серце закляв
Каже тужити, хоч кохання створити
Вже не зможеш ні ти, ні я.');
INSERT OR REPLACE INTO song_links (id,song_id,title,url,kind,version_id,sort_order) VALUES ('pisniua_26910_l1','pisniua_26910','YouTube','https://www.youtube.com/watch?v=uIkOdC-we9U','video',NULL,1);
INSERT OR REPLACE INTO song_links (id,song_id,title,url,kind,version_id,sort_order) VALUES ('pisniua_26910_l2','pisniua_26910','YouTube','https://www.youtube.com/watch?v=0oXHtfMpDvM','video',NULL,2);
INSERT OR REPLACE INTO song_links (id,song_id,title,url,kind,version_id,sort_order) VALUES ('pisniua_26910_l3','pisniua_26910','YouTube','https://www.youtube.com/watch?v=3zn9yKKIDLQ','video',NULL,3);
INSERT OR REPLACE INTO song_links (id,song_id,title,url,kind,version_id,sort_order) VALUES ('pisniua_26910_l4','pisniua_26910','YouTube','https://www.youtube.com/watch?v=c9z3LAZ4Fj4','video',NULL,4);
INSERT OR REPLACE INTO song_links (id,song_id,title,url,kind,version_id,sort_order) VALUES ('pisniua_26910_l5','pisniua_26910','YouTube','https://www.youtube.com/watch?v=CQDK-z44I8g','video',NULL,5);
INSERT OR REPLACE INTO songs (id,title,subtitle,lang,country,period,year,source,notes,lyrics,tags_json,lang_locked,status,created_at,updated_at) VALUES ('pisniua_26971','Як тебе не любити','Музика: Богдан Весоловський Слова: Богдан Весоловський. Виконує: Мирослава Вербицька','uk','ukraine_1991',NULL,NULL,'Богдан Весоловський "Прийде ще час..." Львів "Галицька видавнича спілка" 2001',NULL,'Серце у мене вразливе,
Часто буває в біді,
Тому то легко й можливо
Знов залюбитись мені.

Скільки разів, ще не знати,
Прийдеться вірно любить,
Кожного разу співати
Пісню, що в серці дзвенить.

Як тебе не любити
За ті карії очі,
Коли серце не хоче
вже нікого більш любить,

Як про тебе не снити
В ясні місячні ночі,
Коли серце не хоче
ні за ким більш тужить.

І не знайти мені
ні хвилини спокою,
Бо думками з тобою
я і вдень, і вночі...

Як тебе не любити
За ті карії очі,
Коли серце не хоче
вже без тебе в світі жить.

Як тебе не любити','["pisni.org.ua", "cat:dances", "cat:tango", "Пісні до танцю", "Танґо"]',1,'published',COALESCE((SELECT created_at FROM songs WHERE id='pisniua_26971'), datetime('now')),datetime('now'));
INSERT OR REPLACE INTO songs_fts(song_id,title,lyrics) VALUES ('pisniua_26971','Як тебе не любити','Серце у мене вразливе,
Часто буває в біді,
Тому то легко й можливо
Знов залюбитись мені.

Скільки разів, ще не знати,
Прийдеться вірно любить,
Кожного разу співати
Пісню, що в серці дзвенить.

Як тебе не любити
За ті карії очі,
Коли серце не хоче
вже нікого більш любить,

Як про тебе не снити
В ясні місячні ночі,
Коли серце не хоче
ні за ким більш тужить.

І не знайти мені
ні хвилини спокою,
Бо думками з тобою
я і вдень, і вночі...

Як тебе не любити
За ті карії очі,
Коли серце не хоче
вже без тебе в світі жить.

Як тебе не любити');
INSERT OR REPLACE INTO song_links (id,song_id,title,url,kind,version_id,sort_order) VALUES ('pisniua_26971_l1','pisniua_26971','YouTube','https://www.youtube.com/watch?v=9LKH7Ewkdig','video',NULL,1);
INSERT OR REPLACE INTO song_links (id,song_id,title,url,kind,version_id,sort_order) VALUES ('pisniua_26971_l2','pisniua_26971','YouTube','https://www.youtube.com/watch?v=kzt_6sEDChI','video',NULL,2);
INSERT OR REPLACE INTO song_links (id,song_id,title,url,kind,version_id,sort_order) VALUES ('pisniua_26971_l3','pisniua_26971','YouTube','https://www.youtube.com/watch?v=a8WtopT0xDc','video',NULL,3);
INSERT OR REPLACE INTO song_links (id,song_id,title,url,kind,version_id,sort_order) VALUES ('pisniua_26971_l4','pisniua_26971','YouTube','https://www.youtube.com/watch?v=oxXNaX_Rm58','video',NULL,4);
INSERT OR REPLACE INTO song_links (id,song_id,title,url,kind,version_id,sort_order) VALUES ('pisniua_26971_l5','pisniua_26971','YouTube','https://www.youtube.com/watch?v=tJ6nKjMZNs4','video',NULL,5);
INSERT OR REPLACE INTO song_links (id,song_id,title,url,kind,version_id,sort_order) VALUES ('pisniua_26971_l6','pisniua_26971','YouTube','https://www.youtube.com/watch?v=q0_pTvlzV_0','video',NULL,6);
INSERT OR REPLACE INTO songs (id,title,subtitle,lang,country,period,year,source,notes,lyrics,tags_json,lang_locked,status,created_at,updated_at) VALUES ('pisniua_269461','Наша пані цісарева','Українська народна пісня','uk','ukraine_before_1917',NULL,NULL,'власний запис','Найчастіше звучала в середовищі митців у виконанні Еммануїла Миська','Наша пані цісарева
Тяжко занепали,
І юж цалих дві неділи
З лужка не ставали.

А наш батько Францо-Йосиф
Такі слова рече:
"Якби Ви ся викупали,
Стало би Вам легше"

Наша пані цісарева
Цісарського роду
Поїхала ся купати
В Карилсбадску воду.

Ше не вспіла шати зняти
Та й скочити в балью,
Як ся зрада зготовила
На найсвєтшу паню.

Якийсь батяр нехрещений,
В Парижу рождений,
Запхав пані цісаревій
Шпинґель затруєний.

Впала пані цісарева,
Кровця ся полєла,
Не минуло цвай мінуті -
Ґанц духа спустила','["pisni.org.ua", "cat:halycki", "Пісні з Галичини"]',1,'published',COALESCE((SELECT created_at FROM songs WHERE id='pisniua_269461'), datetime('now')),datetime('now'));
INSERT OR REPLACE INTO songs_fts(song_id,title,lyrics) VALUES ('pisniua_269461','Наша пані цісарева','Наша пані цісарева
Тяжко занепали,
І юж цалих дві неділи
З лужка не ставали.

А наш батько Францо-Йосиф
Такі слова рече:
"Якби Ви ся викупали,
Стало би Вам легше"

Наша пані цісарева
Цісарського роду
Поїхала ся купати
В Карилсбадску воду.

Ше не вспіла шати зняти
Та й скочити в балью,
Як ся зрада зготовила
На найсвєтшу паню.

Якийсь батяр нехрещений,
В Парижу рождений,
Запхав пані цісаревій
Шпинґель затруєний.

Впала пані цісарева,
Кровця ся полєла,
Не минуло цвай мінуті -
Ґанц духа спустила');
INSERT OR REPLACE INTO song_links (id,song_id,title,url,kind,version_id,sort_order) VALUES ('pisniua_269461_l1','pisniua_269461','YouTube','https://www.youtube.com/watch?v=1m757_qaE-c','video',NULL,1);
INSERT OR REPLACE INTO songs (id,title,subtitle,lang,country,period,year,source,notes,lyrics,tags_json,lang_locked,status,created_at,updated_at) VALUES ('pisniua_269910','Дубе, дубе зелений','Українська народна пісня. Виконує: Віктор Морозов','uk','ukr_ssr_1919_1991',NULL,NULL,'власний запис','Можливо, виникнення пісні відноситься до ранішого періоду, а популярною стала в середовищі повстанців. Підбір акордів: Rox','Дубе, дубе зелений,
Дубе, дубе зелений,
А хто ж тебе буде рубать,
Як я буду маршеровать,
Дубе, дубе зелений
А хто ж тебе буде рубать,
Як я буду маршеровать?
Дубе, дубе зелений...
Хлопче, хлопче молодий, | (2)
Інший мене буде рубать,
Як ти будеш маршеровать,
Хлопче, хлопче молодий.
Травко, травко шовкова, | (2)
А хто ж тебе буде косить,
Як я буду шаблю носить?
Травко, травко шовкова...
Хлопче, хлопче молодий, | (2)
Інший мене буде косить,
Як ти будеш шаблю носить,
Хлопче, хлопче молодий.
Жінко, жінко молода,    | (2)
Хто ж тебе буде кохати,
Як я буду воювати?
Жінко, жінко молода...
Хлопче, хлопче молодий, | (2)
Інший мя буде кохати,
Як ти будеш воювати,
Хлопче, хлопче молодий.
Винко, винко червоне,   | (2)
А хто ж тебе буде пити,
Як я буду в землі гнити?
Винко, винко червоне...
Хлопче, хлопче молодий, | (2)
Інший мене буде пити,
Як ти будеш в землі гнити,
Хлопче, хлопче молодий.','["pisni.org.ua", "cat:povstanski", "Повстанські пісні"]',1,'published',COALESCE((SELECT created_at FROM songs WHERE id='pisniua_269910'), datetime('now')),datetime('now'));
INSERT OR REPLACE INTO songs_fts(song_id,title,lyrics) VALUES ('pisniua_269910','Дубе, дубе зелений','Дубе, дубе зелений,
Дубе, дубе зелений,
А хто ж тебе буде рубать,
Як я буду маршеровать,
Дубе, дубе зелений
А хто ж тебе буде рубать,
Як я буду маршеровать?
Дубе, дубе зелений...
Хлопче, хлопче молодий, | (2)
Інший мене буде рубать,
Як ти будеш маршеровать,
Хлопче, хлопче молодий.
Травко, травко шовкова, | (2)
А хто ж тебе буде косить,
Як я буду шаблю носить?
Травко, травко шовкова...
Хлопче, хлопче молодий, | (2)
Інший мене буде косить,
Як ти будеш шаблю носить,
Хлопче, хлопче молодий.
Жінко, жінко молода,    | (2)
Хто ж тебе буде кохати,
Як я буду воювати?
Жінко, жінко молода...
Хлопче, хлопче молодий, | (2)
Інший мя буде кохати,
Як ти будеш воювати,
Хлопче, хлопче молодий.
Винко, винко червоне,   | (2)
А хто ж тебе буде пити,
Як я буду в землі гнити?
Винко, винко червоне...
Хлопче, хлопче молодий, | (2)
Інший мене буде пити,
Як ти будеш в землі гнити,
Хлопче, хлопче молодий.');
INSERT OR REPLACE INTO song_links (id,song_id,title,url,kind,version_id,sort_order) VALUES ('pisniua_269910_l1','pisniua_269910','YouTube','https://www.youtube.com/watch?v=ehuvK-NPjik','video',NULL,1);
INSERT OR REPLACE INTO song_links (id,song_id,title,url,kind,version_id,sort_order) VALUES ('pisniua_269910_l2','pisniua_269910','YouTube','https://www.youtube.com/watch?v=kSJ5IOKgpXk','video',NULL,2);
INSERT OR REPLACE INTO song_links (id,song_id,title,url,kind,version_id,sort_order) VALUES ('pisniua_269910_l3','pisniua_269910','YouTube','https://www.youtube.com/watch?v=DlMWe3DhGkU','video',NULL,3);
INSERT OR REPLACE INTO song_links (id,song_id,title,url,kind,version_id,sort_order) VALUES ('pisniua_269910_l4','pisniua_269910','YouTube','https://www.youtube.com/watch?v=R6kTBEtrTKE','video',NULL,4);
INSERT OR REPLACE INTO songs (id,title,subtitle,lang,country,period,year,source,notes,lyrics,tags_json,lang_locked,status,created_at,updated_at) VALUES ('pisniua_269697','Заходь в мій дім','Слова: Вадим Крищенко','uk','ukraine_1991',NULL,NULL,'аудіозапис',NULL,'Заходь в мій дім, якщо втомивсь з дороги.
На лаву сядь і відпочинь хоч трохи.
На підвіконні тут пучок сухої м''яти,
Щоб дух пахкий всіх зваблював до хати.

Заходь в мій дім і підійди до столу -
Там груші стиглі в мами із подолу.
Заходь в мій дім - побачиш там ікону
І все останнє з Божого закону.

Заходь в мій дім, заходь в мою гостину,
Як брата рідного, тебе я тут зустріну.
Подам хлібець, чарки наллю по вінця,
Щоб ти відчув всю душу українця.','["pisni.org.ua", "cat:druzhba", "Пісні про дружбу"]',1,'published',COALESCE((SELECT created_at FROM songs WHERE id='pisniua_269697'), datetime('now')),datetime('now'));
INSERT OR REPLACE INTO songs_fts(song_id,title,lyrics) VALUES ('pisniua_269697','Заходь в мій дім','Заходь в мій дім, якщо втомивсь з дороги.
На лаву сядь і відпочинь хоч трохи.
На підвіконні тут пучок сухої м''яти,
Щоб дух пахкий всіх зваблював до хати.

Заходь в мій дім і підійди до столу -
Там груші стиглі в мами із подолу.
Заходь в мій дім - побачиш там ікону
І все останнє з Божого закону.

Заходь в мій дім, заходь в мою гостину,
Як брата рідного, тебе я тут зустріну.
Подам хлібець, чарки наллю по вінця,
Щоб ти відчув всю душу українця.');
INSERT OR REPLACE INTO songs (id,title,subtitle,lang,country,period,year,source,notes,lyrics,tags_json,lang_locked,status,created_at,updated_at) VALUES ('pisniua_269990','Сину, ангел мій','Музика: В. Спасов Слова: Надія Шестак. Виконує: Надія Шестак, Любов Камінська','uk','ukraine_1991',NULL,NULL,'аудіозапис',NULL,'Коли ясніють очі і вуста
Зникають мої суми і тривоги,
Коли твоїм дзвіночком сміх луна,
Тоді завжди я щедро вдячна богу.

Приспів:
Сину, сину, сину, ангел мій,
Я тобі щасливу зичу долю,
Ти добре серце матимеш в житті,
А я, а я пишатимусь тобою.

До мене, мій синочку, пригорнись,
Навчу тебе обходити печалі,
Ти тільки всьому щиро усміхнись,
Цим захистиш себе й мене надалі.

Приспів. (3)

Сину, сину, сину, ангел мій,
Я тобі щасливу зичу долю,
Ти добре серце маєш у житті,
І я завжди пишатимусь тобою,
І я завжди пишатимусь тобою','["pisni.org.ua", "cat:pro-ditey", "Пісні про любов до дітей"]',1,'published',COALESCE((SELECT created_at FROM songs WHERE id='pisniua_269990'), datetime('now')),datetime('now'));
INSERT OR REPLACE INTO songs_fts(song_id,title,lyrics) VALUES ('pisniua_269990','Сину, ангел мій','Коли ясніють очі і вуста
Зникають мої суми і тривоги,
Коли твоїм дзвіночком сміх луна,
Тоді завжди я щедро вдячна богу.

Приспів:
Сину, сину, сину, ангел мій,
Я тобі щасливу зичу долю,
Ти добре серце матимеш в житті,
А я, а я пишатимусь тобою.

До мене, мій синочку, пригорнись,
Навчу тебе обходити печалі,
Ти тільки всьому щиро усміхнись,
Цим захистиш себе й мене надалі.

Приспів. (3)

Сину, сину, сину, ангел мій,
Я тобі щасливу зичу долю,
Ти добре серце маєш у житті,
І я завжди пишатимусь тобою,
І я завжди пишатимусь тобою');
INSERT OR REPLACE INTO song_links (id,song_id,title,url,kind,version_id,sort_order) VALUES ('pisniua_269990_l1','pisniua_269990','YouTube','https://www.youtube.com/watch?v=FhSEAQeULSo','video',NULL,1);
INSERT OR REPLACE INTO songs (id,title,subtitle,lang,country,period,year,source,notes,lyrics,tags_json,lang_locked,status,created_at,updated_at) VALUES ('pisniua_269522','Ой що ж то за шум учинився','(Комарик). Українська народна пісня. Виконує: Рушничок, Квітка Цісик','uk','ukraine_before_1917',NULL,NULL,'Народні перлини. Українські народні пісні. Київ, Державне видавництво художньої літератури, 1961.','Квітка Цісик виконує 1-3, 6-7 строфи','Ой що ж то за шум
Учинився,
Що комарик та й на мусі  |
Оженився!                | (2)

Та взяв собі жінку
Невеличку,
Що не вміє шити-прясти   |
Чоловічку.               | (2)

Що не вміє шити-прясти,
Ні варити,
Що не вмiє з комариком   |
Добре жити.              | (2)

Полетів же комар
В чисте поле,
В чистеє поле,           |
В зелену діброву.        | (2)

Ой сів же комар
На дубочку,
Звісив свої ніженьки     |
По листочку.             | (2)

Де взялася
Шура-бура,
Вона ж того комарика     |
З дуба здула.            | (2)

Ой упав же комар
На помості,
Потрощив, поломив        |
Ребра й кості.           | (2)

Прилетіла муха
Жалкувати:
"Ой де ж тебе, комарику, |
Поховати?"               | (2)

"Поховай ти мене
В чистім полі
Та й висип мені          |
Високу могилу!           | (2)

Туди будуть хлопці
Ізбиратись,
З комаревої могили       |
Чудуватись.              | (2)

"Ой що ж то лежить
За покойник?
Ой чи цар, чи гетьман,   |
Чи полковник?"           | (2)

"І не цар, не гетьман,
Не полковник,
А то мухи-зеленухи       |
Полюбовник!"             | (2)','["pisni.org.ua", "cat:narodni", "cat:zhartivlyvi", "Народні пісні", "Жартівливі пісні"]',1,'published',COALESCE((SELECT created_at FROM songs WHERE id='pisniua_269522'), datetime('now')),datetime('now'));
INSERT OR REPLACE INTO songs_fts(song_id,title,lyrics) VALUES ('pisniua_269522','Ой що ж то за шум учинився','Ой що ж то за шум
Учинився,
Що комарик та й на мусі  |
Оженився!                | (2)

Та взяв собі жінку
Невеличку,
Що не вміє шити-прясти   |
Чоловічку.               | (2)

Що не вміє шити-прясти,
Ні варити,
Що не вмiє з комариком   |
Добре жити.              | (2)

Полетів же комар
В чисте поле,
В чистеє поле,           |
В зелену діброву.        | (2)

Ой сів же комар
На дубочку,
Звісив свої ніженьки     |
По листочку.             | (2)

Де взялася
Шура-бура,
Вона ж того комарика     |
З дуба здула.            | (2)

Ой упав же комар
На помості,
Потрощив, поломив        |
Ребра й кості.           | (2)

Прилетіла муха
Жалкувати:
"Ой де ж тебе, комарику, |
Поховати?"               | (2)

"Поховай ти мене
В чистім полі
Та й висип мені          |
Високу могилу!           | (2)

Туди будуть хлопці
Ізбиратись,
З комаревої могили       |
Чудуватись.              | (2)

"Ой що ж то лежить
За покойник?
Ой чи цар, чи гетьман,   |
Чи полковник?"           | (2)

"І не цар, не гетьман,
Не полковник,
А то мухи-зеленухи       |
Полюбовник!"             | (2)');
INSERT OR REPLACE INTO song_links (id,song_id,title,url,kind,version_id,sort_order) VALUES ('pisniua_269522_l1','pisniua_269522','YouTube','https://www.youtube.com/watch?v=juqYb8_q2_A','video',NULL,1);
INSERT OR REPLACE INTO song_links (id,song_id,title,url,kind,version_id,sort_order) VALUES ('pisniua_269522_l2','pisniua_269522','YouTube','https://www.youtube.com/watch?v=aGB3JT3xbv0','video',NULL,2);
INSERT OR REPLACE INTO song_links (id,song_id,title,url,kind,version_id,sort_order) VALUES ('pisniua_269522_l3','pisniua_269522','YouTube','https://www.youtube.com/watch?v=Uk_vozfpp48','video',NULL,3);
INSERT OR REPLACE INTO songs (id,title,subtitle,lang,country,period,year,source,notes,lyrics,tags_json,lang_locked,status,created_at,updated_at) VALUES ('pisniua_269952','Ой туман Мати за ярами','Українська народна пісня. Виконує: Нескорені','uk','ukr_ssr_1919_1991',NULL,'1950','1. Співають "Нескорені". — Львів: Край, 2006. 2. Надала Б. Сімович','Записала Б. Сімович від учасників Черкаського народного хору наприкінці 1950-х','Ой туман Мати за ярами
Ой поміж тими туманами
Да Сиз Голубчичок літає

Сиз Голубчик літає
Ой Він літає воркотує
Да крилечками часто блудить

Крилечками часто блудить
Ой ще тяжче ой ще важче
Ой хто кого вірно любить

Ой хто кого вірно любить
Ой ще тяжче ой ще важче
Ой хто з Пари розстається','["pisni.org.ua", "cat:naddnipryanski", "cat:socialno-pobutovi", "Наддніпрянські пісні", "Соціально-побутові пісні"]',1,'published',COALESCE((SELECT created_at FROM songs WHERE id='pisniua_269952'), datetime('now')),datetime('now'));
INSERT OR REPLACE INTO songs_fts(song_id,title,lyrics) VALUES ('pisniua_269952','Ой туман Мати за ярами','Ой туман Мати за ярами
Ой поміж тими туманами
Да Сиз Голубчичок літає

Сиз Голубчик літає
Ой Він літає воркотує
Да крилечками часто блудить

Крилечками часто блудить
Ой ще тяжче ой ще важче
Ой хто кого вірно любить

Ой хто кого вірно любить
Ой ще тяжче ой ще важче
Ой хто з Пари розстається');
INSERT OR REPLACE INTO songs (id,title,subtitle,lang,country,period,year,source,notes,lyrics,tags_json,lang_locked,status,created_at,updated_at) VALUES ('pisniua_267414','Над Дніпром','Музика: Платон Майборода Слова: Павло Тичина','uk','ukraine_before_1917',NULL,NULL,'Струни серця. Українські народні пісні про кохання. Київ, Держлітвидав, 1969.',NULL,'Вітер колише трави шовкові,
Ніч кругом...
Глянь, моя мила: зорі повисли
Над Дніпром.

Серце так б''ється, щастя ж бо з нами
Тут само:
Разом дорогою зоряно-ясною
Ми йдемо.

Ген за садами спить наше місто:
Все в огнях...
Низько над нами, враз пролетівши,
Скрикнув птах.
Пахнуть покоси. Сядем на сіні, -
Пізній час.
Я українець, а ти ж росіяночка -
Дружба в нас.

Зорі сяють нам вдалину.
На схід ти поглянь, кохана, -
Зорі світять нам путь ясну.
Встає вже зоря рум''яна.

Юність, юність, повна щастя без краю!
Люба, мила, краще від тебе не знаю!
Разом, кохана, пійдемо разом
В ясний наш день.

Вітер колише трави шовкові,
Ніч кругом...
Глянь, моя мила: зорі повисли
Над Дніпром.

Серце так б''ється, щастя ж бо з нами
Тут само:
Разом дорогою зоряно-ясною
Ми йдемо.

Ген за садами вогники гаснуть, -
Скрізь світа...
Час повертатись вже нам до міста,
Золота.

Ми ж наше місто обороняли
У війні.
Зараз його ми з тобою будуємо
Всі ці дні.

Щастя до нас чарівної ночі
Тут прийшло...
Глянь, моя мила, небо рожевим
Розцвіло.

Пахнуть покоси, сядем на сіні
В ранній час.
Я українець, а ти ж росіяночка -
Дружба в нас.

Зорі мов не хочуть сіять.
На схід ти поглянь, кохана, -
Зорі стали враз пригасать,
Вже встала зоря рум''яна.

Юність, юність, пoвна щастя без краю!
Люба, мила, краще від тебе не знаю!
Разом, кохана, пійдемо разом
В ясний день.

Щастя до нас чарівної ночі
Тут прийшло...
Глянь, моя мила, небо рожевим
Розцвіло.

О, як нам гарно йти проти вітру
В ранній час.
Я українець, а ти ж росіяночка -
Дружба в нас.    Фонограма-мінус (mp3)','["pisni.org.ua", "cat:krasa-pryrody", "cat:romansy", "Пісні про красу природи", "Романси"]',1,'published',COALESCE((SELECT created_at FROM songs WHERE id='pisniua_267414'), datetime('now')),datetime('now'));
INSERT OR REPLACE INTO songs_fts(song_id,title,lyrics) VALUES ('pisniua_267414','Над Дніпром','Вітер колише трави шовкові,
Ніч кругом...
Глянь, моя мила: зорі повисли
Над Дніпром.

Серце так б''ється, щастя ж бо з нами
Тут само:
Разом дорогою зоряно-ясною
Ми йдемо.

Ген за садами спить наше місто:
Все в огнях...
Низько над нами, враз пролетівши,
Скрикнув птах.
Пахнуть покоси. Сядем на сіні, -
Пізній час.
Я українець, а ти ж росіяночка -
Дружба в нас.

Зорі сяють нам вдалину.
На схід ти поглянь, кохана, -
Зорі світять нам путь ясну.
Встає вже зоря рум''яна.

Юність, юність, повна щастя без краю!
Люба, мила, краще від тебе не знаю!
Разом, кохана, пійдемо разом
В ясний наш день.

Вітер колише трави шовкові,
Ніч кругом...
Глянь, моя мила: зорі повисли
Над Дніпром.

Серце так б''ється, щастя ж бо з нами
Тут само:
Разом дорогою зоряно-ясною
Ми йдемо.

Ген за садами вогники гаснуть, -
Скрізь світа...
Час повертатись вже нам до міста,
Золота.

Ми ж наше місто обороняли
У війні.
Зараз його ми з тобою будуємо
Всі ці дні.

Щастя до нас чарівної ночі
Тут прийшло...
Глянь, моя мила, небо рожевим
Розцвіло.

Пахнуть покоси, сядем на сіні
В ранній час.
Я українець, а ти ж росіяночка -
Дружба в нас.

Зорі мов не хочуть сіять.
На схід ти поглянь, кохана, -
Зорі стали враз пригасать,
Вже встала зоря рум''яна.

Юність, юність, пoвна щастя без краю!
Люба, мила, краще від тебе не знаю!
Разом, кохана, пійдемо разом
В ясний день.

Щастя до нас чарівної ночі
Тут прийшло...
Глянь, моя мила, небо рожевим
Розцвіло.

О, як нам гарно йти проти вітру
В ранній час.
Я українець, а ти ж росіяночка -
Дружба в нас.    Фонограма-мінус (mp3)');
INSERT OR REPLACE INTO songs (id,title,subtitle,lang,country,period,year,source,notes,lyrics,tags_json,lang_locked,status,created_at,updated_at) VALUES ('pisniua_271114','Галльо','Музика: Степан Гумінілович Слова: Ю.Форись. Виконує: Лілія Коструба','uk','ukraine_1991',NULL,'2008','С.Гумінілович, Ю.Форись. Галльо: Фокстрот для голосу у супроводі ф-но. - Рукопис.','Виконує Лілія Коструба. Фрагмент пісні: http://liliyakostruba.at.ua/news/2008-02-22-6','1. Є на світі різне лихо,
Що до часу сидить тихо
І чекає лиш хвилини,
А що гірше бути може,
Як це лихо, що крий Боже,
Прибереться в стать дівчини.
Залишив давній спокій тебе,
І скорішим ритмом серце б''є.

Приспів:
Галльо, галльо, в дівчині всяке зло,
З природи вже вона така -
Спокусить до гріха.
Галльо, галльо, чи бачив може хто,
Щоб хтось чоло і розум свій
Спокусі ставив цій.
Дівчина тілька гляне -
Ти не своїм став,
Вже серце бідне в''яне -
Ти пропав, пропав.
Галльо, галльо, солодке теє зло,
Без нього важко жити вже -
Воно конечне є.

2.Що ж такого ця дівчина,
Що до неї серце лине,
Що без неї вмерти радше,
Що ж такого гарні очі,
І химери всі дівочі:
Уста, ноги і так дальше...
Все за ними тужний погляд йде
І скорішим ритмом серце б''є.

Приспів.','["pisni.org.ua", "cat:43", "cat:dances", "cat:foxtrots", "Еміґрантські пісні", "Пісні до танцю", "Фокстроти"]',1,'published',COALESCE((SELECT created_at FROM songs WHERE id='pisniua_271114'), datetime('now')),datetime('now'));
INSERT OR REPLACE INTO songs_fts(song_id,title,lyrics) VALUES ('pisniua_271114','Галльо','1. Є на світі різне лихо,
Що до часу сидить тихо
І чекає лиш хвилини,
А що гірше бути може,
Як це лихо, що крий Боже,
Прибереться в стать дівчини.
Залишив давній спокій тебе,
І скорішим ритмом серце б''є.

Приспів:
Галльо, галльо, в дівчині всяке зло,
З природи вже вона така -
Спокусить до гріха.
Галльо, галльо, чи бачив може хто,
Щоб хтось чоло і розум свій
Спокусі ставив цій.
Дівчина тілька гляне -
Ти не своїм став,
Вже серце бідне в''яне -
Ти пропав, пропав.
Галльо, галльо, солодке теє зло,
Без нього важко жити вже -
Воно конечне є.

2.Що ж такого ця дівчина,
Що до неї серце лине,
Що без неї вмерти радше,
Що ж такого гарні очі,
І химери всі дівочі:
Уста, ноги і так дальше...
Все за ними тужний погляд йде
І скорішим ритмом серце б''є.

Приспів.');
INSERT OR REPLACE INTO song_links (id,song_id,title,url,kind,version_id,sort_order) VALUES ('pisniua_271114_l1','pisniua_271114','YouTube','https://www.youtube.com/watch?v=wRKAv6dRgv0','video',NULL,1);
INSERT OR REPLACE INTO song_links (id,song_id,title,url,kind,version_id,sort_order) VALUES ('pisniua_271114_l2','pisniua_271114','YouTube','https://www.youtube.com/watch?v=wRnd-UlzNvU','video',NULL,2);
INSERT OR REPLACE INTO song_links (id,song_id,title,url,kind,version_id,sort_order) VALUES ('pisniua_271114_l3','pisniua_271114','YouTube','https://www.youtube.com/watch?v=HXAkbwTnc0M','video',NULL,3);
INSERT OR REPLACE INTO songs (id,title,subtitle,lang,country,period,year,source,notes,lyrics,tags_json,lang_locked,status,created_at,updated_at) VALUES ('pisniua_270961','Завтра в далеку дорогу','Українська народна пісня. Виконує: Рутенія, Гурт Остапа Стахіва, Тарас Житинський','uk','ukr_ssr_1919_1991',NULL,NULL,'аудіозапис',NULL,'Завтра в далеку дорогу
Свого коня осідлаю,
Кріса закину за плечі,    |
Милу свою попрощаю.       | (2)

Вихром полину я в поле,
Зелене море сколишу,
І незабудку на спогад     |
Своїй дівчині я лишу.     | (2)

Гей виряджала матуся
Сина, ой, свого сокола:
Щастя для нього у бою     |
Щиро благала у Бога.      | (2)

А дівчинонька соколу
Червону квітку подала,
"Слава героям Вкраїни!",  |
Вслід партизанам сказала. | (2)

Гей, там ідуть партизани,
Вітер за ними лиш віє
І не одне серденятко      |
Тужить за ними та мліє.   | (2)

Завтра в далеку дорогу
Свого коня осідлаю,
Кріса закину на плечі,    |
Милу свою попрощаю.       | (2)','["pisni.org.ua", "cat:povstanski", "Повстанські пісні"]',1,'published',COALESCE((SELECT created_at FROM songs WHERE id='pisniua_270961'), datetime('now')),datetime('now'));
INSERT OR REPLACE INTO songs_fts(song_id,title,lyrics) VALUES ('pisniua_270961','Завтра в далеку дорогу','Завтра в далеку дорогу
Свого коня осідлаю,
Кріса закину за плечі,    |
Милу свою попрощаю.       | (2)

Вихром полину я в поле,
Зелене море сколишу,
І незабудку на спогад     |
Своїй дівчині я лишу.     | (2)

Гей виряджала матуся
Сина, ой, свого сокола:
Щастя для нього у бою     |
Щиро благала у Бога.      | (2)

А дівчинонька соколу
Червону квітку подала,
"Слава героям Вкраїни!",  |
Вслід партизанам сказала. | (2)

Гей, там ідуть партизани,
Вітер за ними лиш віє
І не одне серденятко      |
Тужить за ними та мліє.   | (2)

Завтра в далеку дорогу
Свого коня осідлаю,
Кріса закину на плечі,    |
Милу свою попрощаю.       | (2)');
INSERT OR REPLACE INTO song_links (id,song_id,title,url,kind,version_id,sort_order) VALUES ('pisniua_270961_l1','pisniua_270961','YouTube','https://www.youtube.com/watch?v=ML1hz_Z-VPE','video',NULL,1);
INSERT OR REPLACE INTO song_links (id,song_id,title,url,kind,version_id,sort_order) VALUES ('pisniua_270961_l2','pisniua_270961','YouTube','https://www.youtube.com/watch?v=0p-yBIkgkw4','video',NULL,2);
INSERT OR REPLACE INTO song_links (id,song_id,title,url,kind,version_id,sort_order) VALUES ('pisniua_270961_l3','pisniua_270961','YouTube','https://www.youtube.com/watch?v=k4_6hT1Q-as','video',NULL,3);
INSERT OR REPLACE INTO song_links (id,song_id,title,url,kind,version_id,sort_order) VALUES ('pisniua_270961_l4','pisniua_270961','YouTube','https://www.youtube.com/watch?v=NLDNGqIoXpc','video',NULL,4);
INSERT OR REPLACE INTO song_links (id,song_id,title,url,kind,version_id,sort_order) VALUES ('pisniua_270961_l5','pisniua_270961','Переглянути варіанти >>','https://www.pisni.org.ua/#variants','external',NULL,5);
INSERT OR REPLACE INTO songs (id,title,subtitle,lang,country,period,year,source,notes,lyrics,tags_json,lang_locked,status,created_at,updated_at) VALUES ('pisniua_270859','Рятуйте пісню','Музика: Юрко Герасименко. Виконує: Юрій Герасименко','uk','ukraine_1991',NULL,NULL,'аудіозапис',NULL,'Стікає в крові пісня світова,
Вставайте, люди, пісня ще жива,
Допоки ще не пізно, рятуйте, люди, пісню,      |
Рятуйте, люди, пісню, рятуйте!                 | (2)

Хай пісня глушить ядерні громи,
Співайте, люди, - хто ж коли не ми?
Хай спів стрясає гори, співайте, люди, хором,  |
Співайте, люди, хором, співайте!               | (2)

Потрібна світу музика борні,
Під небом пісні бомби не страшні,
Хоч землю кров зросила - у пісні правди сила,  |
У пісні правди сила, сила.                     | (2)

Коли співають - пісня ще жива,
Співуче серце грати розрива,
Не вб''ють громи зловісні життя правічну пісню, |
Життя правічну пісню не вб''ють.                | (2)

Співайте, люди, нелюдам на зло,
Співайте хором, що б там не було.
Усім катам на горе співайте, люди, хором,      |
Співайте, люди, хором, співайте!               | (4)

Співайте! Співайте!','["pisni.org.ua", "cat:pisni", "Пісні про пісню"]',1,'published',COALESCE((SELECT created_at FROM songs WHERE id='pisniua_270859'), datetime('now')),datetime('now'));
INSERT OR REPLACE INTO songs_fts(song_id,title,lyrics) VALUES ('pisniua_270859','Рятуйте пісню','Стікає в крові пісня світова,
Вставайте, люди, пісня ще жива,
Допоки ще не пізно, рятуйте, люди, пісню,      |
Рятуйте, люди, пісню, рятуйте!                 | (2)

Хай пісня глушить ядерні громи,
Співайте, люди, - хто ж коли не ми?
Хай спів стрясає гори, співайте, люди, хором,  |
Співайте, люди, хором, співайте!               | (2)

Потрібна світу музика борні,
Під небом пісні бомби не страшні,
Хоч землю кров зросила - у пісні правди сила,  |
У пісні правди сила, сила.                     | (2)

Коли співають - пісня ще жива,
Співуче серце грати розрива,
Не вб''ють громи зловісні життя правічну пісню, |
Життя правічну пісню не вб''ють.                | (2)

Співайте, люди, нелюдам на зло,
Співайте хором, що б там не було.
Усім катам на горе співайте, люди, хором,      |
Співайте, люди, хором, співайте!               | (4)

Співайте! Співайте!');
INSERT OR REPLACE INTO songs (id,title,subtitle,lang,country,period,year,source,notes,lyrics,tags_json,lang_locked,status,created_at,updated_at) VALUES ('pisniua_271175','Кленова балада','Музика: Анатолій Матвійчук Слова: Анатолій Матвійчук. Виконує: Оксана Білозір','uk','ukraine_1991',NULL,NULL,'аудіозапис',NULL,'Загриміли в полі, мов громи, гармати,
Стрільця молодого виряджала мати,
Витирала сльози і благала Бога,
Щоб вернув їй сина додому живого,
Щоб вернув їй сина додому живого...
Не плач, моя рідна, посивівша мати,
Я пішов на войну тебе визволяти,
А, як не діждешся з тої Січі мене,
Посади, благаю, біля хати клена,
Посади, благаю, біля хати клена...

Приспів:
А туман - білим полем,
А біда - чорним болем,
А душа - буйним кленом,
Зеленим, ой зеленим.
А туман - білим полем,
А біда - чорним болем,
А душа - буйним кленом,
Зеленим, зеленим.

Тягнуться до сонця стовбури кленові,
Зрошені сльозами горя і любові,
Довгими ночами тихо шепчуть віти, -
То твої, Вкраїно, найдорожчі діти,
То твої, Вкраїно, найрідніші діти...

Приспів','["pisni.org.ua", "cat:patriotic", "Патріотичні пісні"]',1,'published',COALESCE((SELECT created_at FROM songs WHERE id='pisniua_271175'), datetime('now')),datetime('now'));
INSERT OR REPLACE INTO songs_fts(song_id,title,lyrics) VALUES ('pisniua_271175','Кленова балада','Загриміли в полі, мов громи, гармати,
Стрільця молодого виряджала мати,
Витирала сльози і благала Бога,
Щоб вернув їй сина додому живого,
Щоб вернув їй сина додому живого...
Не плач, моя рідна, посивівша мати,
Я пішов на войну тебе визволяти,
А, як не діждешся з тої Січі мене,
Посади, благаю, біля хати клена,
Посади, благаю, біля хати клена...

Приспів:
А туман - білим полем,
А біда - чорним болем,
А душа - буйним кленом,
Зеленим, ой зеленим.
А туман - білим полем,
А біда - чорним болем,
А душа - буйним кленом,
Зеленим, зеленим.

Тягнуться до сонця стовбури кленові,
Зрошені сльозами горя і любові,
Довгими ночами тихо шепчуть віти, -
То твої, Вкраїно, найдорожчі діти,
То твої, Вкраїно, найрідніші діти...

Приспів');
INSERT OR REPLACE INTO song_links (id,song_id,title,url,kind,version_id,sort_order) VALUES ('pisniua_271175_l1','pisniua_271175','YouTube','https://www.youtube.com/watch?v=svbr40V0AXI','video',NULL,1);
INSERT OR REPLACE INTO song_links (id,song_id,title,url,kind,version_id,sort_order) VALUES ('pisniua_271175_l2','pisniua_271175','YouTube','https://www.youtube.com/watch?v=R1YEoRVQcus','video',NULL,2);
INSERT OR REPLACE INTO song_links (id,song_id,title,url,kind,version_id,sort_order) VALUES ('pisniua_271175_l3','pisniua_271175','YouTube','https://www.youtube.com/watch?v=FKgeRrIjC4g','video',NULL,3);
INSERT OR REPLACE INTO song_links (id,song_id,title,url,kind,version_id,sort_order) VALUES ('pisniua_271175_l4','pisniua_271175','www.minus.lviv.ua','https://www.minus.lviv.ua','external',NULL,4);
INSERT OR REPLACE INTO songs (id,title,subtitle,lang,country,period,year,source,notes,lyrics,tags_json,lang_locked,status,created_at,updated_at) VALUES ('pisniua_271616','Вилинули Соколи с Чужої Сторони','(Ясний Сокіл і Соколя). Українська народна пісня','uk','ukraine_before_1917',NULL,NULL,'Українські релігійні роздуми про Спасіння © Видавництво "Павутинонька", Нью Йорк – Львів – Київ – Харків – Москва, 2003','Українські реліґійні роздуми про Воскресіння, Неволю і Спасіння. Пісні Великодні — Спасительні: світ не по Правді. Пісні-плачі Сокола-Прадіда. Буде в Тебе Господь на Вечері. Тай Раду радят за Святу Весну. Ой у Сьватую Неділеньку. Ой Ми зіслані на Признаванє. Над город Царигород надлітає жалібненько проквиляє. Бездільне Своє та Безрідне Ясне Соколя утеряв. І хороше ходити та немає чоловікові од Радости. У Чистому Степу собі Живности доставати. Вилинули Соколи с Чужої Сторони Гей у Неділю та бардзо рано пораненьку Питається Дніпр Тихого Дуная У Неділю барзе рано пораненьку А єсть це нас Отцева-та-матчина Молитва покарала. Гей Брате Мій Орле а де ж Мої Маленькії Діти? А вже років триста як козак в неволі Гомін гомін по діброві Там на Кубані єсть Брюховецька Байді Молодому Мед-горілку пити. Астрально-мітологічна символіка Викрадення і Неволі Сокола. ― Чего же вы хотите? ― заботливо спросила Екатерина. ― Ваше царское величество... черевички, что на ногах ваших...:-) Пісня подає мітологійне видиво нападу на Ясне Соколя ― символ Молодого Місяця і взагалі Астральних Світил ― Стрільців-булахівців та закривання його очей Жемчугом. Символіка зрозуміла: спроба викрадення і затемнення Астральних Світил, розз''єднання й підкорення Світа. Світові аналогії до цього видива наводились. Особливо важливі Фінські ― про визволення Світил Спасителем або невинною дочкою мітичного Коваля. Спільною темою є пошукуваня мітичного чинника Щастя, з яким деякі відміни Фінських мітів утотожнюють Місяць і Сонце. Зникнення Світа ― це знак нещастя: Ой в Ліску в Ліску на Жовтім Піску Ой уся Правда тепер погасла Правда пропала кривда постала В тую годину Два Брата Рідненьких потопало. На Синьому Морі на Білому Камені сидить Сокіл Ясен Ой на Чорному Морі на Білому Камені Судна Козацькії-Молодецькії на Три Часті розбиває. Гей на Чорному Морі та на Камені Біленькому Гей усі Поля Самарські почорніли. Гей усі Поля Самарські почорніли Ой всі Поля Самарськиї не зоряли Всі Мої Квіти Луговиє і Низовиє понидєли. Питається Дніпр Тихого Дуная А в Тій Темниці Сімсот Козаків Бідних Невольників. Гей на Чорному Морі да на Камені Біленькому Гей що на Чорному Морі та на Тому Білому Камені Що на Чорному Морі на Камені Біленькому Святий Збір, Ідеал щастя та Астральна символіка згасання Правди. В Колядках Астральна Трійця, Місяць, Сонце і Зоря, ― це символ Прадіда (Прабатька) з Ріднею, мітичний Взірець щасливої сім''ї, мітичний чинник та Ідеал щастя, символ "Давньої Правдоньки Старих Людей" ― давнього Закону Любови. Трійця ― також символ Різдва і приходу Господа. Різдво означає яву Світа-любови, а в ньому ― Людини люблячої. Любов світить, освічує і просвіщає, як і Трійця. Людина любляча стає просвіченою, освіченою. Рідня в злагоді-гармонії й любові — це Святість, Боже улюблене місце, храм, де служать Богу і де Бог служить людям. Той, хто шукає Бога, знаходить Його в любови-рідні. Символіка Бога в Астральній ґлорії ясна ― світло і радість сімейної Любови, народження і виховання дітей. Викрадення Світил, їх затемнення означає згасання Правди ― зникнення Ідеалу щастя-любови. Тоді настає вічна неволя й недоля затемненого світа, не по Правді, в якому все воюють пани-царі. У світі не по Правді розпадаються сім''ї, віддаляються діти від батьків, розверзається прірва між поколіннями, розпорошуються люди. Якщо зникають чи руйнуються мітичні взірці, то світ земний псується, занепадає. Чи світ не по Правді (="сучасне" суспільство) не викрадає дітей у батьків? Як батькам не "утеряти" дітей в такому світі? Як батькам турбуватися за дітей? Як зберегти й уберегти Небесні взірці, не допустити їх підміни скороминущими споживацькими, здобичницькими? Так пояснюються Колядки, а за ними ― Пісня про Ясного Сокола і Соколя. Ой ходив ходив Місяць по Небі Ой ходімо ми Бога шукати Бога шукати людей спасати Ой ходили та блудили Три Коляднички Не служи ти королю служи Богу-царю Кришталеві Ворітця й одчиняються Ой в Ліску в Ліску на Жовтім Піску Ой уся Правда тепер погасла Правда пропала кривда постала Гей у Неділю та бардзо рано-пораненьку Та лучше ж то ми будемо У Чистому Степу собі Живности доставати Праведність ― правидність ― світил і людей. Є в Пісні ідея, подібна до Фінської, ― про Світила (=вищі сутності) для втіхи тільки богачів, владарів Города-Царигорода, замість рівномірного Світла і служби всім людям, багатим і бідним. Тоді нема "Божого Світу ні Сонечка праведного (правидного)", не стає Щастя-долі, життя людям. На срібло-золото багатий та немає од Радості. В кінці Пісні говориться: І своє Дитя Бездільне та Безрідне Ясне Соколя Поспішно на крила хватає Під Високу Висоту залітає Та город-Царигород заклинає Оже хоч ти Царигород-город на сребро-золото багатий Шо є в тобі шо їсти і пити І хороше ходити Та немає чоловікові од Радости або ― з іншої відміни: Од Царіграда-города Ясний Сокіл одлітає До свого Дитяти Словами промовляє Чи лучше каже Бездільне-Безрідне Ясне Соколя У Чистому Полі безпешно гуляти Ніж у Царіграді-городі у Івана Богославця На руках проживати Бо царь на царє війско збирає. Колядки ж співають, що із-за панів-царів і воєн, які вони постійно розв''язують, Правди нема: Ой в Чистім Поли блисько Дороги Чомуж так не є як було Давно Як було Давно а в Преждевіку Свєтам Николам Пива не варєт Свєтам Рождествам Служби не служєт Свєтам Водорщам Свічи не сучєт Бо уже давно як Правди нема! Уже сє царі повойовали Бо царь на царє війско збирає А брат на брата мечем рубає Сестра сестрици чари готує Ой бо син вітцє до права тєгне Донька на матїр гнїв піднимає Ой бо кум кума зводит з розуму Сусїд сусїда збавляє хлїба Плачі Сокола-Прадіда. Тому плаче Сокіл-Прадід, квилить-проквиляє, за Ясним Соколям (=душа людини, її надія, діти), застерігає, хоче людей спасти і спасає. Його пісня ― це Пісня-плач. Гей на Чорному Морі та на Камені Біленькому Гей на Чорному Морі Та на Камені Біленькому Там сидів Сокіл Ясненький Ой жалібненько квилить-проквиляє Да на Чорнеє Море спильна поглядає А що на Чорному Морі щось не Добреє починає Пісні-плачі Сокола-Прадіда як особливі поетичні твори зроджуються з праісторичних Колядних традицій, ― про Різдво Світа, космічні Творчі Води, Сльози і Купіль Бога, про Прадіда як Вчителя, Вірника і Лицаря Божого, Речника людей перед Богом, про Плач Сокола ― та їх продовжують в історичному часі. З цих традицій виходять народні назви для такого роду Пісень ― "плачі", "козацькі плачі", "козацькі (молодецькі, лицарські) пісні". Реліґійно-мітологійні видива Спасіння. Подібна до невинної дочки мітичного Коваля з Фінських переказів, ― яка визволяє Небесні світила і тим спасає людей, ― Дівка-бранка Маруся-попівна Богуславка, Український жіночий образ Спасителя. Ця Діва-спасителька є символом Зорі, яка звіщає, ― як на Свят-Вечір, так і перед Великоднем, ― велике Свято, Різдво-Відродження Світа, прихід Господа та Спасіння з Неволі неправди. Козаки Бідні Невольники символізують викрадені й заховані Астральні Світила, Місяць-Нів та Зірки (=діти, соколята). В " Ніч перед Різдвом " Гоголя ― Відьма краде майже всі Зорі (символ дітей!), які так і не повертаються на Небо, і ніхто того не помічає! Чорт (чорний і нечистий, як булахівці:-) ― викрадає Місяць, потім його з кишені "випадково" губить і Місяць ніби-то повертається назад. Чи той самий? чи підмінений? може людям лишається не той світ ― світ без Світа, світ не по Правді, ― удаваний, вигаданий, не Добрий? Ніхто не помічає викрадення-підміни Світа і не шукає Його. Вакула шукає черевички ― знаходить їх у цариці, в "Цари-городі". З''являються "нові" ― "історичні" ― чинники щастя, мірила і запоруки. Алегорія неволі сокола. ― Встаньте, ― прозвучал над ними повелительный и вместе приятный голос. Некоторые из придворных засуетились и толкали запорожцев. ― Не встанем, мамо! не встанем! умрем, а на встанем! ― кричали запорожцы.... ― Светлейший обещал меня познакомить сегодня с моим народом, которого я до сих пор еще не видала, ― говорила дама с голубыми глазами, рассматривая с любопытством запорожцев. ― Хорошо ли вас здесь содержат? ― продолжала она, подходя ближе. ― Та спасиби, мамо! Провиянт дают хороший, хотя бараны здешние:-) совсем не то, что у нас на Запорожье, ― почему ж не жить как-нибудь?.. ― Чего же вы хотите? ― заботливо спросила Екатерина. ― Ваше царское величество... черевички, что на ногах ваших... (Ночь перед Рождеством) Гомін гомін гомін по діброві... Галагани (Ґалаґани)... Носи... У Пісні не говориться про "пташку в золотій клітці". Сокіл ― птах мисливський: його ловлять, "приручають", готують до полювання. Коли сокола пускають за здобиччю, він "вільний". Може й не переслідувати нещасну здобич, не вертатися, втекти на "свободу". Отже мова про неволю служби ― "на втіху" панам-царям, в їх нескінченних війнах, завоюваннях, в погонях за здобиччю, за землею. Про власне бажання здобичі і без міри, про добровільну неволю у світі не по Правді, про забуття давніх Ідеалів та Закону Любови. А десь ми поверх всякої міри гріха набрали. Да ще ж хотілось швидше здобичі набірати. Із-за цього Правда загасла, нема в світі Правди, пояснюють Колядки. За це карають Вітцева-матчина Молитва і Сльози. Які дійсні історичні події та особи могли відобразитися в Пісні? Це заробітчанство, жадоба здобичі та слави будь-якою ціною, воєнна жорстокість. Це війни ХУІІ ст., в яких брали участь козаки-найманці. Можливо, саме Тридцятилітня війна. Символічні Тридцять Літ у неволі згадуються в Пісні про козаків бідних невольників та Дівку-бранку Марусю-попівну Богуславку. Це всі ті, хто став на службу панам-царям: козаки-найманці, реєстрове козацтво, старшина, поети... Їх безпосереднім символом є "стрільці-булахівці". Пісні-плачі Сокола не про розквіт, не про історичну славу, а про переродження, занепад і моральну катастрофу ― саме в цьому полягає катастрофа історична. Вони тужать, як і Колядки, за старими традиціями служби людям і Богу, за давнім Законом Любови, за мітичною Славою Прадіда ― Вчителя, Лицаря-Козака і Вірника Божого, Речника народного перед Господом. Переживають за те, що людям тепер потрібне те золото-срібло, яке в шапки набирають, а не Золото-Срібло Колядок і Щедрівок, символ Різдва і Творення Світа, Любови, Первовічної Пари. Але вони і Суд судять. Попереджають про неминучу кару Божу ― кару Вітцевої-матчиної Молитви і Сліз. Застерігають проти неволі служби панам-царям, світу не по Правді, та забуття давніх Ідеалів. Ясний Сокіл (Прадід, Спаситель) рятує з неволі своє Дитя (=душа людини, поет, козаки, народ), для життя по Правді-любови, для служби людям і Господу Богу. Пісні-плачі Сокола повертають людей до розуміння найвищого добра в особі Бога та віри в Божий справедливий суд, до Отцевої-матчиної Молитви, до Звичаю, до Радості ― до Чистого Поля (=Правдиве життя). Вони спасають людей від неволі затемненого світа, не по Правді, в якому воюють пани-царі. Без сумніву, відома була ще Староукраїнцям загально-світова, ― і особливо Полудневого Сходу, ― думка про неминучий Прихід Спасителя з Неба: сліди цієї старої ідеї можна доглянути виразно в старинних Колядках і Щедрівках, в шануванні Прадіда. Ця ж думка в Пісні про Ясного Сокола. Ідея християнська про народження Спасителя світа скріплює оцю давню віру Українців у Бога Творця, в те, що Він навідається до своїх людей, принесе їм благословенство і охоронить від злого. Колядки та Щедрівки повняться символами Життя і Його стверджують. Навіть в січі світу не по Правді чоловік мусить триматися Правди: Що в Батька Грицька тай Син Василько Буду в січі жить Бога боронить А як повернусь може оженюсь А як повернусь тоді оженюсь Листки з приводу цієї Пісні: Українські реліґійні пісні-роздуми про Неволю та Спасіння. Плач Сокола. Традиції Батька. Коляда і Великдень: Різдво і Відродження Світа. Рокове Коло. Стежки до листків про Українські традиції. Староукраїнські Колядки і Щедрівки: Святе Різдво (Свято Різдва Світа: Свят-Вечір – Коляда)... Щедрий Вечір (Свято Місяця й Прадіда: Новий Рік ― Святі Водорщі) ― Весілля: Дівич-Вечір... Великдень','Вилинули Соколи
С Чужої Сторони
Сіли-впали у Лісі
На Превоздобному Древі-Оpіcі
Ізвили собі Гніздо Щерлатноє
Ізнесли Яйце Жемчужноє
І вивели собі Дитя
Бездільне
Та Безрідне
Ясне Соколя

То як полетів Сокіл Старий
На Чужу Україну Живности доставати
То він собі Живности не достав
Тілько
Бездільне Своє та Безрідне Ясне Соколя утеряв

То він у Свою Україну прилітає
Свого Бездільного та Безрідного Соколяти на місті не застає
То він Сизокрилого Орла стрічає
І до єго Словами примовляє

Ей Сизокрилий Орле
Чи ти не чув чи не прибачив де то Моє Дитя
Бездільне та Безрідне Ясне Соколя поділося

Ей то Сизокрилий Орел теє зачуває
До Ясного Сокола Словами примовляє
Ей то ти то Ясний Соколе

Їхали Стрільці
Булахівці
З Города
Царьгорода
Та твоє Гніздо Щерлатноє увидали
Та Оріх-Дерево зрубали
Та Твоє Дитя
Бездільне
Та Безрідне
Ясне Соколя
Забрали

Та в город Царіград заношали
Та Сребраннє Пута на ноги надівали
Жемчугом очи йому закривали
Та Івану Богословцю на утіху продавали

То то Івась Богословець єго забірає
Золоті Пута на ноги надіває
І Жемчугом очі запускає
По Царигороді гуляє
І Ясне Соколя на руках носить серце своє утішає

То як би-ж ти Ясний Соколе над Цариград-город надлетів
Та жалібненько заквілив
Хай Твоє Дитя
Бездільне та Безрідне Соколя
Не так то весело буває
Не якої птиці не ввижає
Головку склоняє
То чи не буде Іван Богословець велике милосердіє мати
Чи не буде єго на Високий Вал викидати

То Ясний Сокіл теє зачуває
Над город Царигород надлітає
Жалібненько проквиляє

То Ясне Соколя теє зачуває
Свою головку низенько склоняє
І очі під ліб пускає
То Іван Богословець на єго поглядає
Важко здихає
До своїх Слуг словами примовляє

Ой ви вірні мої Слуги
Возьміть Оце Дитя
Бездільне та Безрідне Соколя
Та Золоті Пута з ніг скидайте
Жемчуг з очей здіймайте
Та на Високий Вал виношайте
Та на Тихий Вітер єго пускайте
Буде на єго Тихий Вітер повівати
Чи не буде воно на своє здоровья змагати

Ой у Сьватую Неділеньку барзо рано пораненьку
Бездільне та Безрідне Ясне Соколя забірали
Золоті Пута з ніг скидали
Жемчуг з очей знімали
Та на Високий Вал виношали
На Тихий Вітер пускали

То Ясний Сокіл на Сиру Землю крильця свої спускає
І Своє Дитя
Бездільне та Безрідне Ясне Соколя
Поспішно на крила хватає
Під Високу Висоту залітає

Та город-Царигород заклинає
Оже хоч ти Царигород-город на сребро-золото багатий
Шо є в тобі шо їсти і пити
І хороше ходити
Та немає чоловікові одрадости

Услиши Господи  у прозьбах / у нещетних молитвах
Дай Боже миру царьському / народу християнському
На многая літа / до коньця віка!','["pisni.org.ua", "cat:dumy", "cat:kozacki", "cat:socialno-pobutovi", "cat:suspilno-politychni", "Думи", "Козацькі пісні", "Соціально-побутові пісні", "Суспільно-політичні пісні"]',1,'published',COALESCE((SELECT created_at FROM songs WHERE id='pisniua_271616'), datetime('now')),datetime('now'));
INSERT OR REPLACE INTO songs_fts(song_id,title,lyrics) VALUES ('pisniua_271616','Вилинули Соколи с Чужої Сторони','Вилинули Соколи
С Чужої Сторони
Сіли-впали у Лісі
На Превоздобному Древі-Оpіcі
Ізвили собі Гніздо Щерлатноє
Ізнесли Яйце Жемчужноє
І вивели собі Дитя
Бездільне
Та Безрідне
Ясне Соколя

То як полетів Сокіл Старий
На Чужу Україну Живности доставати
То він собі Живности не достав
Тілько
Бездільне Своє та Безрідне Ясне Соколя утеряв

То він у Свою Україну прилітає
Свого Бездільного та Безрідного Соколяти на місті не застає
То він Сизокрилого Орла стрічає
І до єго Словами примовляє

Ей Сизокрилий Орле
Чи ти не чув чи не прибачив де то Моє Дитя
Бездільне та Безрідне Ясне Соколя поділося

Ей то Сизокрилий Орел теє зачуває
До Ясного Сокола Словами примовляє
Ей то ти то Ясний Соколе

Їхали Стрільці
Булахівці
З Города
Царьгорода
Та твоє Гніздо Щерлатноє увидали
Та Оріх-Дерево зрубали
Та Твоє Дитя
Бездільне
Та Безрідне
Ясне Соколя
Забрали

Та в город Царіград заношали
Та Сребраннє Пута на ноги надівали
Жемчугом очи йому закривали
Та Івану Богословцю на утіху продавали

То то Івась Богословець єго забірає
Золоті Пута на ноги надіває
І Жемчугом очі запускає
По Царигороді гуляє
І Ясне Соколя на руках носить серце своє утішає

То як би-ж ти Ясний Соколе над Цариград-город надлетів
Та жалібненько заквілив
Хай Твоє Дитя
Бездільне та Безрідне Соколя
Не так то весело буває
Не якої птиці не ввижає
Головку склоняє
То чи не буде Іван Богословець велике милосердіє мати
Чи не буде єго на Високий Вал викидати

То Ясний Сокіл теє зачуває
Над город Царигород надлітає
Жалібненько проквиляє

То Ясне Соколя теє зачуває
Свою головку низенько склоняє
І очі під ліб пускає
То Іван Богословець на єго поглядає
Важко здихає
До своїх Слуг словами примовляє

Ой ви вірні мої Слуги
Возьміть Оце Дитя
Бездільне та Безрідне Соколя
Та Золоті Пута з ніг скидайте
Жемчуг з очей здіймайте
Та на Високий Вал виношайте
Та на Тихий Вітер єго пускайте
Буде на єго Тихий Вітер повівати
Чи не буде воно на своє здоровья змагати

Ой у Сьватую Неділеньку барзо рано пораненьку
Бездільне та Безрідне Ясне Соколя забірали
Золоті Пута з ніг скидали
Жемчуг з очей знімали
Та на Високий Вал виношали
На Тихий Вітер пускали

То Ясний Сокіл на Сиру Землю крильця свої спускає
І Своє Дитя
Бездільне та Безрідне Ясне Соколя
Поспішно на крила хватає
Під Високу Висоту залітає

Та город-Царигород заклинає
Оже хоч ти Царигород-город на сребро-золото багатий
Шо є в тобі шо їсти і пити
І хороше ходити
Та немає чоловікові одрадости

Услиши Господи  у прозьбах / у нещетних молитвах
Дай Боже миру царьському / народу християнському
На многая літа / до коньця віка!');
INSERT OR REPLACE INTO songs (id,title,subtitle,lang,country,period,year,source,notes,lyrics,tags_json,lang_locked,status,created_at,updated_at) VALUES ('pisniua_270879','Ходить турок по риночку','Виконує: Юрій Герасименко','uk','ukraine_1991',NULL,NULL,'аудіозапис',NULL,'Ходить турок по риночку,
Гей, море реве...
Та й торгує дівчиноньку,
Серце моє...

Як сторгував та й заплатив,
Гей, море реве...
Та й зачав її питати
Серце моє...

"Чи є в тебе отець мати?"
Гей, море реве...
"Чи є в тебе сестри й брати?"
Серце моє...

Були в мене отець, мати,
Гей, море реве...
Були в мене сестри й брати,
Серце моє...

Один пішов в Туреччину,
Другий пішов в Волощину,
Третій пішов на Сторщину,
Ой, море, ой...

Полонянко, моя бідна,
Гей, море реве...
А ти ж моя сестра рідна,
Ой, серце моє','["pisni.org.ua", "cat:istorychni", "Історичні пісні"]',1,'published',COALESCE((SELECT created_at FROM songs WHERE id='pisniua_270879'), datetime('now')),datetime('now'));
INSERT OR REPLACE INTO songs_fts(song_id,title,lyrics) VALUES ('pisniua_270879','Ходить турок по риночку','Ходить турок по риночку,
Гей, море реве...
Та й торгує дівчиноньку,
Серце моє...

Як сторгував та й заплатив,
Гей, море реве...
Та й зачав її питати
Серце моє...

"Чи є в тебе отець мати?"
Гей, море реве...
"Чи є в тебе сестри й брати?"
Серце моє...

Були в мене отець, мати,
Гей, море реве...
Були в мене сестри й брати,
Серце моє...

Один пішов в Туреччину,
Другий пішов в Волощину,
Третій пішов на Сторщину,
Ой, море, ой...

Полонянко, моя бідна,
Гей, море реве...
А ти ж моя сестра рідна,
Ой, серце моє');
INSERT OR REPLACE INTO songs (id,title,subtitle,lang,country,period,year,source,notes,lyrics,tags_json,lang_locked,status,created_at,updated_at) VALUES ('pisniua_271158','Свіча','(в пам''ять Голодомору 1932-33 рр.). Музика: Мирослав Скорик Слова: Богдан Стельмах. Виконує: Оксана Білозір','uk','ukr_ssr_1919_1991',NULL,'1932','аудіозапис',NULL,'На вікні свіча миготіла,
Кривді з-за плеча тріпотіла, -
До правди летіла -
Там, де рідний край, де Україну
Голоду нагай шмагав до згину -
Не день, не годину.
Вогником свіча повівала,
Мати дитинча сповивала,
Пісні гомоніла
Про гірку біду, недолю голу,
Про чужу орду кривавочолу -
Бодай скам''яніла.

На вікні свіча догасала,
Мати дитинча колисала -
Не в колисці, ні,
Не в колисці, але у труні ...
Мертві по ровах - їх мільйони,
По німих церквах стогнуть дзвони...
Хто ж то Україні, Боже, нині допоможе?..

На вікні свічі не задути,
Скарги і плачі досі чути -
Усе люди тямлять.
Досі жаль до сліз тих, що не впору
Їх потяв укіс Голодомору,
Тож, вічна їм пам''ять.

На вікні свіча миготіла','["pisni.org.ua", "cat:holodomor", "cat:nostalgia", "cat:suspilno-politychni", "Пісні про голодомор", "Пісні з ностальгічними мотивами", "Суспільно-політичні пісні"]',1,'published',COALESCE((SELECT created_at FROM songs WHERE id='pisniua_271158'), datetime('now')),datetime('now'));
INSERT OR REPLACE INTO songs_fts(song_id,title,lyrics) VALUES ('pisniua_271158','Свіча','На вікні свіча миготіла,
Кривді з-за плеча тріпотіла, -
До правди летіла -
Там, де рідний край, де Україну
Голоду нагай шмагав до згину -
Не день, не годину.
Вогником свіча повівала,
Мати дитинча сповивала,
Пісні гомоніла
Про гірку біду, недолю голу,
Про чужу орду кривавочолу -
Бодай скам''яніла.

На вікні свіча догасала,
Мати дитинча колисала -
Не в колисці, ні,
Не в колисці, але у труні ...
Мертві по ровах - їх мільйони,
По німих церквах стогнуть дзвони...
Хто ж то Україні, Боже, нині допоможе?..

На вікні свічі не задути,
Скарги і плачі досі чути -
Усе люди тямлять.
Досі жаль до сліз тих, що не впору
Їх потяв укіс Голодомору,
Тож, вічна їм пам''ять.

На вікні свіча миготіла');
INSERT OR REPLACE INTO song_links (id,song_id,title,url,kind,version_id,sort_order) VALUES ('pisniua_271158_l1','pisniua_271158','YouTube','https://www.youtube.com/watch?v=1v7OzHXnU6I','video',NULL,1);
INSERT OR REPLACE INTO song_links (id,song_id,title,url,kind,version_id,sort_order) VALUES ('pisniua_271158_l2','pisniua_271158','YouTube','https://www.youtube.com/watch?v=mGwMjKvxD_4','video',NULL,2);
INSERT OR REPLACE INTO song_links (id,song_id,title,url,kind,version_id,sort_order) VALUES ('pisniua_271158_l3','pisniua_271158','YouTube','https://www.youtube.com/watch?v=eyJwUjNWijE','video',NULL,3);
INSERT OR REPLACE INTO song_links (id,song_id,title,url,kind,version_id,sort_order) VALUES ('pisniua_271158_l4','pisniua_271158','YouTube','https://www.youtube.com/watch?v=t83pB8EQxyA','video',NULL,4);
INSERT OR REPLACE INTO song_links (id,song_id,title,url,kind,version_id,sort_order) VALUES ('pisniua_271158_l5','pisniua_271158','http://www.ex.ua/view/2618082','http://www.ex.ua/view/2618082','external',NULL,5);
INSERT OR REPLACE INTO songs (id,title,subtitle,lang,country,period,year,source,notes,lyrics,tags_json,lang_locked,status,created_at,updated_at) VALUES ('pisniua_272522','Повстання проти польських панів',NULL,'uk','ukraine_before_1917',NULL,NULL,'"Думи. Історико-героїчний цикл". Київ, Дніпро, 1982.',NULL,'Ой чи добре пан Хмельницький починав,
Як з берестецького року всіх панів-ляхів на Вкраїну
На чотири місяці висилав
І волів панам-ляхам на Вкраїні чотири місяці стояти,
Ані козаку, ні мужику ні жадної кривди починати.
Да вже ж пани-ляхи на Вкраїні три місяці стояли;
Стало на четвертий місяць повертати,
Стали пани-ляхи способ прибирати:
Од козацьких, од мужицьких комор ключі одбирати,
Над козацьким, над мужицьким добром господарями знаходжатись.
То вже де бідний козак
Розгадає п''ятак,
То нельзя по улиці пойти, погуляти,
Щоб у корчмі п''ятак прогуляти.
То вже не один козак, доброго клича і луччої руки, один шостак розгадав,
Да й той к катовій матері у корчмі прогуляв.
То вже ж, каже, лях містом іде,
Як свиня ухом веде.
То лях до корчми приходжає,
Як свиня, ухо до корчми прикладає,
А слухає лях, що козак про ляхів розмовляє.
То лях у корчму убігає
І козака за чуб хватає,
То козак козацький звичай знає:
То будто до ляха медом, вином і оковитою горілкою припиває,
А тут ляха за чуб хватає
І скляницею межи очі морськає,
І келепом по ребрам торкає:
"Не лучче б тобі, ляше, преуражий сину, на Вкраїні з жінкою спати.
Аніж в корчму входжати?
Да вже ж на Вкраїні не одна жінка курку зготувала,
Тебе, ляха, кручого сина, на ніч чекала!"
То вже ж, каже, козаки й мужики
У неділю рано, богу помолившись, листи писали,
В листах добре докладали
І до папа Хмельницького у Полонне посилали:
"Ей, пане Хмельницький,
І отамане чигиринський,
І батько козацький!
Звели нам під москалей тікати
Або звели нам з ляхами бунт великий зривати!"
То Хмельницький листи читає,
До козаків словами промовляє:
"Ей, стійте, діти,
Ладу ждіте!
Не благословляю вам ні під москаля тікати,
Ні з ляхами великого бунту зривати".
То вже ж Хмельницький до козаків приїжджає
І словами промовляє:
"Ей, нуте, діти, по три, по чотири з куренів вставайте,
І до дрючків і до голобель хватайте,
І ляхів-панів у нічку у Четвертеньку так, як кабанів, заганяйте!"
То вже ж із куренів по три, по чотири вставали,
До дрючків і до оглобель хватали,
І ляхів-панів так, як кабанів, у нічку [у] Четвертеньку заганяли,
То вже ж один козак лугом біжить,
Коли дивиться у кущ, аж кущ дрижить;
Коли дивиться у кущ, аж у кущі лях, як жлукто, лежить.
То козак козацький звичай знає,
Із коня вставає
І ляха за чуб хватає,
І келепом по ребрах торкає,
То лях до козака словами промовляє:
"Лучче б, козурю, могли мої очі на потилиці стати,
Так би я міг із-за річки Вісли на Вкраїну поглядати".','["pisni.org.ua", "cat:dumy", "Думи"]',1,'published',COALESCE((SELECT created_at FROM songs WHERE id='pisniua_272522'), datetime('now')),datetime('now'));
INSERT OR REPLACE INTO songs_fts(song_id,title,lyrics) VALUES ('pisniua_272522','Повстання проти польських панів','Ой чи добре пан Хмельницький починав,
Як з берестецького року всіх панів-ляхів на Вкраїну
На чотири місяці висилав
І волів панам-ляхам на Вкраїні чотири місяці стояти,
Ані козаку, ні мужику ні жадної кривди починати.
Да вже ж пани-ляхи на Вкраїні три місяці стояли;
Стало на четвертий місяць повертати,
Стали пани-ляхи способ прибирати:
Од козацьких, од мужицьких комор ключі одбирати,
Над козацьким, над мужицьким добром господарями знаходжатись.
То вже де бідний козак
Розгадає п''ятак,
То нельзя по улиці пойти, погуляти,
Щоб у корчмі п''ятак прогуляти.
То вже не один козак, доброго клича і луччої руки, один шостак розгадав,
Да й той к катовій матері у корчмі прогуляв.
То вже ж, каже, лях містом іде,
Як свиня ухом веде.
То лях до корчми приходжає,
Як свиня, ухо до корчми прикладає,
А слухає лях, що козак про ляхів розмовляє.
То лях у корчму убігає
І козака за чуб хватає,
То козак козацький звичай знає:
То будто до ляха медом, вином і оковитою горілкою припиває,
А тут ляха за чуб хватає
І скляницею межи очі морськає,
І келепом по ребрам торкає:
"Не лучче б тобі, ляше, преуражий сину, на Вкраїні з жінкою спати.
Аніж в корчму входжати?
Да вже ж на Вкраїні не одна жінка курку зготувала,
Тебе, ляха, кручого сина, на ніч чекала!"
То вже ж, каже, козаки й мужики
У неділю рано, богу помолившись, листи писали,
В листах добре докладали
І до папа Хмельницького у Полонне посилали:
"Ей, пане Хмельницький,
І отамане чигиринський,
І батько козацький!
Звели нам під москалей тікати
Або звели нам з ляхами бунт великий зривати!"
То Хмельницький листи читає,
До козаків словами промовляє:
"Ей, стійте, діти,
Ладу ждіте!
Не благословляю вам ні під москаля тікати,
Ні з ляхами великого бунту зривати".
То вже ж Хмельницький до козаків приїжджає
І словами промовляє:
"Ей, нуте, діти, по три, по чотири з куренів вставайте,
І до дрючків і до голобель хватайте,
І ляхів-панів у нічку у Четвертеньку так, як кабанів, заганяйте!"
То вже ж із куренів по три, по чотири вставали,
До дрючків і до оглобель хватали,
І ляхів-панів так, як кабанів, у нічку [у] Четвертеньку заганяли,
То вже ж один козак лугом біжить,
Коли дивиться у кущ, аж кущ дрижить;
Коли дивиться у кущ, аж у кущі лях, як жлукто, лежить.
То козак козацький звичай знає,
Із коня вставає
І ляха за чуб хватає,
І келепом по ребрах торкає,
То лях до козака словами промовляє:
"Лучче б, козурю, могли мої очі на потилиці стати,
Так би я міг із-за річки Вісли на Вкраїну поглядати".');
INSERT OR REPLACE INTO songs (id,title,subtitle,lang,country,period,year,source,notes,lyrics,tags_json,lang_locked,status,created_at,updated_at) VALUES ('pisniua_271313','Ой, там на горі','Українська народна пісня. Виконує: Таїсія Повалій','uk','ukraine_before_1917',NULL,NULL,'аудіозапис',NULL,'Ой, там на горі, в шовковій траві,
Ой, там сиділа пара голубів -
Цілувалися, милувалися,
Сизими крильми обнімалися.

Ой, десь узявся мисливець-стрілець,
Голуба убив, голубку зловив,
Додому приніс, додолу пустив,
Насипав пшонця й водиці налив.

Голубка не їсть, голубка не п''є,
Та все на ту гору плакать літає.
"Ой, єсть у мене сімсот голубів,
Літай, вибирай, може ж тa є й твій".

"Я вже літала, вже й вибирала,
Нема такого, як я кохала,
Хоч пір''я й таке, й такий пушок,
А, як загуде - не той голосок".','["pisni.org.ua", "cat:all-ukraine", "Загальноукраїнські пісні"]',1,'published',COALESCE((SELECT created_at FROM songs WHERE id='pisniua_271313'), datetime('now')),datetime('now'));
INSERT OR REPLACE INTO songs_fts(song_id,title,lyrics) VALUES ('pisniua_271313','Ой, там на горі','Ой, там на горі, в шовковій траві,
Ой, там сиділа пара голубів -
Цілувалися, милувалися,
Сизими крильми обнімалися.

Ой, десь узявся мисливець-стрілець,
Голуба убив, голубку зловив,
Додому приніс, додолу пустив,
Насипав пшонця й водиці налив.

Голубка не їсть, голубка не п''є,
Та все на ту гору плакать літає.
"Ой, єсть у мене сімсот голубів,
Літай, вибирай, може ж тa є й твій".

"Я вже літала, вже й вибирала,
Нема такого, як я кохала,
Хоч пір''я й таке, й такий пушок,
А, як загуде - не той голосок".');
INSERT OR REPLACE INTO song_links (id,song_id,title,url,kind,version_id,sort_order) VALUES ('pisniua_271313_l1','pisniua_271313','Переглянути варіанти >>','https://www.pisni.org.ua/#variants','external',NULL,1);
INSERT OR REPLACE INTO songs (id,title,subtitle,lang,country,period,year,source,notes,lyrics,tags_json,lang_locked,status,created_at,updated_at) VALUES ('pisniua_271993','Калиновий край','Українська народна пісня','uk','ukraine_before_1917',NULL,NULL,'аудіозапис',NULL,'Калиновий край, моя квітна земля,
Ти з близька миліша, рідніша за душу,
Не все одцвітає що рясно цвіло,
Де батьківська хата, де рідне село.

Приспів:
Калина полум''яна при долині.
Ти грієш мене подихом своїм.
Така краса лише на Україні.
В моїм краю, в цвітінні кольорів.

Березовий гай, та малиновий.
Священне до болю, все любе довкола.
Перлистий край та криничне а,
І сонце тут рідне, над світом зірки.

Приспів.

Смерековий край, о Карпати,
А в серці як весна дзвінкі солов''ї,
А мрії з Карпат ще сягнули в мій край -
То голос любові, то поклик добра.

Приспів.','["pisni.org.ua", "cat:krasa-pryrody", "Пісні про красу природи"]',1,'published',COALESCE((SELECT created_at FROM songs WHERE id='pisniua_271993'), datetime('now')),datetime('now'));
INSERT OR REPLACE INTO songs_fts(song_id,title,lyrics) VALUES ('pisniua_271993','Калиновий край','Калиновий край, моя квітна земля,
Ти з близька миліша, рідніша за душу,
Не все одцвітає що рясно цвіло,
Де батьківська хата, де рідне село.

Приспів:
Калина полум''яна при долині.
Ти грієш мене подихом своїм.
Така краса лише на Україні.
В моїм краю, в цвітінні кольорів.

Березовий гай, та малиновий.
Священне до болю, все любе довкола.
Перлистий край та криничне а,
І сонце тут рідне, над світом зірки.

Приспів.

Смерековий край, о Карпати,
А в серці як весна дзвінкі солов''ї,
А мрії з Карпат ще сягнули в мій край -
То голос любові, то поклик добра.

Приспів.');
INSERT OR REPLACE INTO songs (id,title,subtitle,lang,country,period,year,source,notes,lyrics,tags_json,lang_locked,status,created_at,updated_at) VALUES ('pisniua_271869','Перша нота *','Українська народна пісня','uk','ukraine_before_1917',NULL,NULL,NULL,'Кожен куплет повторюється двічі','Dm
Перша нота - нота "до",
Нап''ємося від і до,
F
Ой дана, ой дана, дана.
Перша нота - нота "до",|
Нап''ємося від і до,
Ой дана, ой дана, дана

Друга нота - нота "ре",
Щось горілка не бере,
Ой дана, ой дана, дана.

Третя нота - нота "мі",
Наливаємо самі,
Ой дана, ой дана, дана.

А четверта нота "фа",
Скінчилася нам лафа,
Ой дана, ой дана, дана.

П''ята нота - нота "соль",
Нам горілка ґоль-ґоль-ґоль,
Ой дана, ой дана, дана.

Шоста нота - нота "ля",
Розболілась голова,
Ой дана, ой дана, дана.

Сьома нота - нота "сі",
Викликайте нам таксі,
Ой дана, ой дана, дана.

Восьма нота - нота "до",
Напилися від і до,
Ой дана, ой дана, дана.','["pisni.org.ua", "cat:zhartivlyvi", "Жартівливі пісні"]',1,'published',COALESCE((SELECT created_at FROM songs WHERE id='pisniua_271869'), datetime('now')),datetime('now'));
INSERT OR REPLACE INTO songs_fts(song_id,title,lyrics) VALUES ('pisniua_271869','Перша нота *','Dm
Перша нота - нота "до",
Нап''ємося від і до,
F
Ой дана, ой дана, дана.
Перша нота - нота "до",|
Нап''ємося від і до,
Ой дана, ой дана, дана

Друга нота - нота "ре",
Щось горілка не бере,
Ой дана, ой дана, дана.

Третя нота - нота "мі",
Наливаємо самі,
Ой дана, ой дана, дана.

А четверта нота "фа",
Скінчилася нам лафа,
Ой дана, ой дана, дана.

П''ята нота - нота "соль",
Нам горілка ґоль-ґоль-ґоль,
Ой дана, ой дана, дана.

Шоста нота - нота "ля",
Розболілась голова,
Ой дана, ой дана, дана.

Сьома нота - нота "сі",
Викликайте нам таксі,
Ой дана, ой дана, дана.

Восьма нота - нота "до",
Напилися від і до,
Ой дана, ой дана, дана.');
INSERT OR REPLACE INTO song_links (id,song_id,title,url,kind,version_id,sort_order) VALUES ('pisniua_271869_l1','pisniua_271869','Переглянути варіанти >>','https://www.pisni.org.ua/#variants','external',NULL,1);
INSERT OR REPLACE INTO songs (id,title,subtitle,lang,country,period,year,source,notes,lyrics,tags_json,lang_locked,status,created_at,updated_at) VALUES ('pisniua_272614','Смерть Корецького',NULL,'uk','ukraine_before_1917',NULL,NULL,'"Думи. Історико-героїчний цикл". Київ, Дніпро, 1982.',NULL,'Од неділі першого дня
Стояв обоз невелик
В чистім полі на Цецорі.
А в тім обозі був гетьманом,
Всім жолніром і всім паном
Князь Дмитро, князь Корецький.
Третього дня з своєю дружиною
Обід з ними обідає,
А о своїй пригоді не відає.
Аж де ся взяв хан татарський,
Вдарив на обоз син поганський,
Весь табор преч розгромив.
Там всі полки вирубали,
Всю дружину зарубали,
Корецького живцем взяли,
До Царигорода його повели,
Назад йому очі зав''язали
Чорним бритом азаматом.
Аж к ньому яничари промовляють:
"Княже Дмитро, пан Корецький,
Чи воюєш, чи крамуєш,
Чи нашого Царигорода розглядаєш?"
А тоді князь Корецький листи пише,
Листи пише, тяжко здише,
До своєї матухи посилає:
"Ой мати моя Корецькая,
Продай Корець і Межиріче,
Викуп мене з неволеньки!"
А к ньому мати листи одписала:
"Же-м тебе три рази з неволі викупала,
Міста-села потратила,
Потіхи і разу з тебе не мала.
Четвертий раз уже не буду,
Міста, села не тратить буду,
Скарбів своїх не тратить буду".
А що рече турський цар:
"Ввіруй, князю, в віру нашу,
А потопчи віру вашу,
А сестру рідну мою бери".
А що ж рече князь Дмитер:
"Бодай ти того, царю, не дождав,
Щоб я твою віру вірував,
А християнську поламав.
Ей, коли б тепер при мені був мій острий міч,
То я б тобі, поганче, зняв голову з пліч;
Научив би я тебе віри свої,
Міч свій утопивши у крові твої".
Взлився в той час турський царевич,
Сказав на слуги свої яничари:
"Озьміте його на море Чорноє,
Скиньте його на гак високий.
Нехай високо сидить,
Далеко глядить,
Где зобачить на морі джавра -
Нехай нам повідає".
Повисів князь Корецький два дні
І пити-їсти не їв.
Аж третього дня наступає.
Приходили од турецького царевича яничари його наглядати,
Стали до нього словами промовляти:
"Княже Дмитер, пан Корецький,
Високо сидиш,
Далеко глядиш,
Чи не бачиш на морі де джавра?"
Аж он промовить княже Дмитер:
"Високо сиджу,
Далеко гляджу,
Не бачу ніде на морю джавра,
Тільки бачу на дубі високім голуба з голубкою.
Коли б при мні мій тугий лук і мої стрілки,
Убив би голуба з голубкою:
Єдно вашому пану на сніданнє,
А другеє на обіданнє".
Яничари на сміх тоє піднімали,
Тугий лучок йому подавали.
Дві стрілки-калинівки на лук накладає,
А до голубів міряє.
Як налучив,
Так умірив
Та забив голуба з голубкою,
Назад тугий лучок подає,
До яничар промовляє:
"Підіте, яничари,
Візьміте два голуби,
Свему пану єдного на сніданнє,
А другого на обіданнє".
Аж прийшли яничари до свого пана:
"Пане, пане наш, царю турський,
Вбив князь Корецький два голуби,
Одного на вечерю, другого на обіданнє,
Аж не вбив княже Корецький голуба з голубкою,
З його рідною сестрою",
Вбив царевича з царівною.
А що мовить турський цар до яничар:
"Подіте князя Корецького з гаків здійміте,
А перед мене приведіте".
Княже Дмитер перед царем став,
На криж свої руки складав,
До пана свого промовляв:
"Ой пане мій, пане царю,
Зготував я тобі з голубів вечерю".
Рече турський цар до князя Дмитра:
"Не голуби то, мої то діти,
Син царевич з царівною,
Княже Дмитер тоже-сь хитер.
Ніхто тебе не ухитрить,
Хіба тебе смерть ухитрить".','["pisni.org.ua", "cat:dumy", "Думи"]',1,'published',COALESCE((SELECT created_at FROM songs WHERE id='pisniua_272614'), datetime('now')),datetime('now'));
INSERT OR REPLACE INTO songs_fts(song_id,title,lyrics) VALUES ('pisniua_272614','Смерть Корецького','Од неділі першого дня
Стояв обоз невелик
В чистім полі на Цецорі.
А в тім обозі був гетьманом,
Всім жолніром і всім паном
Князь Дмитро, князь Корецький.
Третього дня з своєю дружиною
Обід з ними обідає,
А о своїй пригоді не відає.
Аж де ся взяв хан татарський,
Вдарив на обоз син поганський,
Весь табор преч розгромив.
Там всі полки вирубали,
Всю дружину зарубали,
Корецького живцем взяли,
До Царигорода його повели,
Назад йому очі зав''язали
Чорним бритом азаматом.
Аж к ньому яничари промовляють:
"Княже Дмитро, пан Корецький,
Чи воюєш, чи крамуєш,
Чи нашого Царигорода розглядаєш?"
А тоді князь Корецький листи пише,
Листи пише, тяжко здише,
До своєї матухи посилає:
"Ой мати моя Корецькая,
Продай Корець і Межиріче,
Викуп мене з неволеньки!"
А к ньому мати листи одписала:
"Же-м тебе три рази з неволі викупала,
Міста-села потратила,
Потіхи і разу з тебе не мала.
Четвертий раз уже не буду,
Міста, села не тратить буду,
Скарбів своїх не тратить буду".
А що рече турський цар:
"Ввіруй, князю, в віру нашу,
А потопчи віру вашу,
А сестру рідну мою бери".
А що ж рече князь Дмитер:
"Бодай ти того, царю, не дождав,
Щоб я твою віру вірував,
А християнську поламав.
Ей, коли б тепер при мені був мій острий міч,
То я б тобі, поганче, зняв голову з пліч;
Научив би я тебе віри свої,
Міч свій утопивши у крові твої".
Взлився в той час турський царевич,
Сказав на слуги свої яничари:
"Озьміте його на море Чорноє,
Скиньте його на гак високий.
Нехай високо сидить,
Далеко глядить,
Где зобачить на морі джавра -
Нехай нам повідає".
Повисів князь Корецький два дні
І пити-їсти не їв.
Аж третього дня наступає.
Приходили од турецького царевича яничари його наглядати,
Стали до нього словами промовляти:
"Княже Дмитер, пан Корецький,
Високо сидиш,
Далеко глядиш,
Чи не бачиш на морі де джавра?"
Аж он промовить княже Дмитер:
"Високо сиджу,
Далеко гляджу,
Не бачу ніде на морю джавра,
Тільки бачу на дубі високім голуба з голубкою.
Коли б при мні мій тугий лук і мої стрілки,
Убив би голуба з голубкою:
Єдно вашому пану на сніданнє,
А другеє на обіданнє".
Яничари на сміх тоє піднімали,
Тугий лучок йому подавали.
Дві стрілки-калинівки на лук накладає,
А до голубів міряє.
Як налучив,
Так умірив
Та забив голуба з голубкою,
Назад тугий лучок подає,
До яничар промовляє:
"Підіте, яничари,
Візьміте два голуби,
Свему пану єдного на сніданнє,
А другого на обіданнє".
Аж прийшли яничари до свого пана:
"Пане, пане наш, царю турський,
Вбив князь Корецький два голуби,
Одного на вечерю, другого на обіданнє,
Аж не вбив княже Корецький голуба з голубкою,
З його рідною сестрою",
Вбив царевича з царівною.
А що мовить турський цар до яничар:
"Подіте князя Корецького з гаків здійміте,
А перед мене приведіте".
Княже Дмитер перед царем став,
На криж свої руки складав,
До пана свого промовляв:
"Ой пане мій, пане царю,
Зготував я тобі з голубів вечерю".
Рече турський цар до князя Дмитра:
"Не голуби то, мої то діти,
Син царевич з царівною,
Княже Дмитер тоже-сь хитер.
Ніхто тебе не ухитрить,
Хіба тебе смерть ухитрить".');
INSERT OR REPLACE INTO songs (id,title,subtitle,lang,country,period,year,source,notes,lyrics,tags_json,lang_locked,status,created_at,updated_at) VALUES ('pisniua_272591','Федір безродний, бездольний',NULL,'uk','ukraine_before_1917',NULL,NULL,'"Думи. Історико-героїчний цикл". Київ, Дніпро, 1982.',NULL,'Ой по потребі, по потребі барзе царській,
До там-то много війська, гей, понажено
Да через мечу положено.
Да й ні єдиного тіла козацького молодецького
Живого не оставлено.
Тільки поміжду тим трупом Федор бездольний,
Посічений да порубаний,
Да й на рани смертельнії не змагає;
А коло його джура Ярема, гей, промешкає!
До Федор бездольний, безродний, гей,
Промовляє словами
Да обіллється горко сльозами:
"Гей, джуро Яремо,
До дарую я тобі по смерті своєї
Коня вороного,
Ей, а другого білогривого,
І тягеля червонії,
Од піл до коміра золотом гаптовані,
І шаблю булатную,
Пищаль семип''ядную!
Ой да добре ж ти дбай,
Да на коня сідай,
Да передо мною повертай,
Да нехай я буду знати,
Ай чи удобен ти будеш проміжду козаками пробувати".
До джура Ярема, ой да добре дбає,
Да на коня сідає,
Ой да перед ним повертає.
До Федор бездольний, безродний,
Ей, да промовляє словами,
Да обіллється горко сльозами:
"Ой да благодарю ж тебе, господа милосердного,
Ой, що не ледай кому,
Гей, моя худоба буде доставати -
До він буде за мене господа милосердного прохати.
Ей, джуро Яремо,
Да добре ж ти дбай,
Да на коня сідай,
Да їдь понад лугом Базалугом,
Та понад Дніпром-Славутою.
До як ушкала гудуть, ей, - до ти схоронися,
А як лебеді ячать, ей, - до ти озовися,
А як козаки йдуть Дніпром-Славутою -
Ой до ти об''явися
Да шличок на копію іскладай,
Ой да сам низенько укланяй
Наперед господу богу,
І батькові кошовому,
Отаману войськовому,
І всьому товариству кревному, сердечному".
Ой добре же то він дбає,
Ой да на коня сідає
Да понад лугом Базалугом проїжджає,
Понад Дніпром-Славутою,
Ей, да козаків стрічає,
Да шличок на копію складає,
А сам низько укланяє
Наперед батькові кошовому,
Отаману войськовому,
І всьому товариству кревному й сердечному.
До-то батько кошовий,
Отаман войськовий,
Промовляє словами:
"Ей, джуро Яремо!
Да не своїми ж ти кіньми гуляєш,
І не свої тягеля червонії,
Од піл до коміра золотом гаптовані,
І не свою шаблю булатную,
Не свою пищаль семип''ядну маєш.
А десь ти свого пана убив, або істребив,
Або ж ти молодого душі ізбавив".
"Ой, батьку кошовий,
Отамане войськовий,
Я свого пана ані вбив, ні стребив,
Ані молодого душі я не збавив —
А мій пан лежить у лузі, в Базалузі,
Постріляний да порубаний,
І на рани смертельні не змагає.
Да прошу я вас всенижающе
У луг Базалуг прибувати,
Ой да тіло козацьке молодецькеє поховати,
Да звіру-птиці на поталу не дати!"
До-то батько кошовий,
Отаман войськовий,
Да добре він дбав,
Да в суботу із семисот п''ятдесят козаків вибирав,
Да в суботу проти неділі,
У четвертій полуношній годині,
У луг Базалуг козаків висилав.
Ой до вони прибували
Да тіло козацькеє знаходжали,
На червону китайку клали,
Тіло козацьке молодецьке обмивали,
А шаблями суходол копали,
А шапками да приполами перст носили,
Да високу могилу висипали,
І прапірок у головах, ей, устромили,
Да премудрому лицарю славу учинили.
А тим його поминали,
Що в себе мали, -
Цвіленькими войськовими сухарями!
Услиши, господи, у просьбах, у молитвах
Люду царському,
Народу християнському
І всім головам слухающим,
Вот на многії літа
До конця віка,
До конця віка!','["pisni.org.ua", "cat:dumy", "Думи"]',1,'published',COALESCE((SELECT created_at FROM songs WHERE id='pisniua_272591'), datetime('now')),datetime('now'));
INSERT OR REPLACE INTO songs_fts(song_id,title,lyrics) VALUES ('pisniua_272591','Федір безродний, бездольний','Ой по потребі, по потребі барзе царській,
До там-то много війська, гей, понажено
Да через мечу положено.
Да й ні єдиного тіла козацького молодецького
Живого не оставлено.
Тільки поміжду тим трупом Федор бездольний,
Посічений да порубаний,
Да й на рани смертельнії не змагає;
А коло його джура Ярема, гей, промешкає!
До Федор бездольний, безродний, гей,
Промовляє словами
Да обіллється горко сльозами:
"Гей, джуро Яремо,
До дарую я тобі по смерті своєї
Коня вороного,
Ей, а другого білогривого,
І тягеля червонії,
Од піл до коміра золотом гаптовані,
І шаблю булатную,
Пищаль семип''ядную!
Ой да добре ж ти дбай,
Да на коня сідай,
Да передо мною повертай,
Да нехай я буду знати,
Ай чи удобен ти будеш проміжду козаками пробувати".
До джура Ярема, ой да добре дбає,
Да на коня сідає,
Ой да перед ним повертає.
До Федор бездольний, безродний,
Ей, да промовляє словами,
Да обіллється горко сльозами:
"Ой да благодарю ж тебе, господа милосердного,
Ой, що не ледай кому,
Гей, моя худоба буде доставати -
До він буде за мене господа милосердного прохати.
Ей, джуро Яремо,
Да добре ж ти дбай,
Да на коня сідай,
Да їдь понад лугом Базалугом,
Та понад Дніпром-Славутою.
До як ушкала гудуть, ей, - до ти схоронися,
А як лебеді ячать, ей, - до ти озовися,
А як козаки йдуть Дніпром-Славутою -
Ой до ти об''явися
Да шличок на копію іскладай,
Ой да сам низенько укланяй
Наперед господу богу,
І батькові кошовому,
Отаману войськовому,
І всьому товариству кревному, сердечному".
Ой добре же то він дбає,
Ой да на коня сідає
Да понад лугом Базалугом проїжджає,
Понад Дніпром-Славутою,
Ей, да козаків стрічає,
Да шличок на копію складає,
А сам низько укланяє
Наперед батькові кошовому,
Отаману войськовому,
І всьому товариству кревному й сердечному.
До-то батько кошовий,
Отаман войськовий,
Промовляє словами:
"Ей, джуро Яремо!
Да не своїми ж ти кіньми гуляєш,
І не свої тягеля червонії,
Од піл до коміра золотом гаптовані,
І не свою шаблю булатную,
Не свою пищаль семип''ядну маєш.
А десь ти свого пана убив, або істребив,
Або ж ти молодого душі ізбавив".
"Ой, батьку кошовий,
Отамане войськовий,
Я свого пана ані вбив, ні стребив,
Ані молодого душі я не збавив —
А мій пан лежить у лузі, в Базалузі,
Постріляний да порубаний,
І на рани смертельні не змагає.
Да прошу я вас всенижающе
У луг Базалуг прибувати,
Ой да тіло козацьке молодецькеє поховати,
Да звіру-птиці на поталу не дати!"
До-то батько кошовий,
Отаман войськовий,
Да добре він дбав,
Да в суботу із семисот п''ятдесят козаків вибирав,
Да в суботу проти неділі,
У четвертій полуношній годині,
У луг Базалуг козаків висилав.
Ой до вони прибували
Да тіло козацькеє знаходжали,
На червону китайку клали,
Тіло козацьке молодецьке обмивали,
А шаблями суходол копали,
А шапками да приполами перст носили,
Да високу могилу висипали,
І прапірок у головах, ей, устромили,
Да премудрому лицарю славу учинили.
А тим його поминали,
Що в себе мали, -
Цвіленькими войськовими сухарями!
Услиши, господи, у просьбах, у молитвах
Люду царському,
Народу християнському
І всім головам слухающим,
Вот на многії літа
До конця віка,
До конця віка!');
INSERT OR REPLACE INTO songs (id,title,subtitle,lang,country,period,year,source,notes,lyrics,tags_json,lang_locked,status,created_at,updated_at) VALUES ('pisniua_271457','У Святую Неділю як Та Бідна Вдова','(Бідна Вдова та Три Сини). Українська народна пісня','uk','ukraine_before_1917',NULL,NULL,'Українські релігійні роздуми про Спасіння © Видавництво "Павутинонька", Нью Йорк – Львів – Київ – Харків – Москва, 2003','Українські реліґійні роздуми про Воскресіння, Неволю і Спасіння. Пісні Великодні — Спасительні: світ не по Правді. Пісні-плачі Сокола-Прадіда. Бездільне Своє та Безрідне Ясне Соколя утеряв. Не Добре ми усі Три Брати починали. А десь ми поверх всякої міри гріха набрали. Що свою Матір-Рідненьку Вдову Стареньку зневажали. А єсть це нас Отцева-та-матчина Молитва покарала. А Синам-усім Трьом на своєму Подвірью уже й прожитку немає. Рокове Коло. Стежки до листків про Українські традиції.','У Святую Неділю як Та Бідна Вдова / Старая Жона
У Своїй Домівці з Діточками Маленькими гомоніла
Та по Наймах не пускала
Чужим людям у руки на стараніє не давала
То вона собі при старості літ прожить сподівала

Стали Сини до розума дохожати
Стали собі Молоде Подружжа мати
Стали свою Матір РідНеньку Вдову Стареньку
[зневажати
З Домівки зганяти

Іди-ж ти Мати в Чужий Дом проживати
Хай наші Молодії Жони не будуть з тебе насміхати
Дітки Маленькі не будуть тобі докучати

Тоді Вдова теє зачуває / Словами промовляє
Ай Сини-ж ви мої Діти Молодії
Стільки я з вами рік горювала
Пучками та ручками Хліба заробляла
Та вас годувала
Тепер чого я од вас діждала
Де-ж мині смерти діждати
При старості літ віку свого докінчати

Тоді Близький Сусіда теє зачуває
До Вдови Словами промовляє

Ой Удово Старенькая Жоно
[Не плач іди в мій Дом проживати
Будеш ти в мене Хату помітати
Малих Діток доглядати
Будеш ти в мене до смерти-віку Хліб-сіль уживати
Я буду тебе за Матір-Рідненьку почитати

Тоді Вдова на Чужому Подвірью проживає
По всяк день дрібними слізами проливає
А Синам-усім Трьом на своєму Подвірью
[уже й прожитку немає

Стали Люди теє зачувати
Стали з Удовиченків посміхати
Стали Вдовиченків на сміх пидіймати

Що змове Найменший Удовиченко
[до своїх Старших Братів-Козаків Словами
Братіки мої Старші-Рідненькі
Як Голубоньки Сивенькі
Не Добре ми усі Три Брати починали
Що свою Матір-Рідненьку Вдову Стареньку
[зневажали
Та з Домівки зігнали
Ходімо-ж ми усі Три Брати на Чуже Подвірья
Своїй Матері Рідненькій Удові Старенькій
[до ніг упадімо
Свою Матір Рідненьку Удову Стареньку
[у Свій Дом призовімо

Іди-ж ти Мати у наш Дом проживати
Лучче ми будем Молодих Жон научати
Лучче ми будем Малих Дітей ізпиняти
Будем тебе до смерти-віку почитати й поважати

Тоді Вдова теє зачуває / Словами промовляє
Ой Боже Милий Боже
Що теперішнього часу не успів Батько-й-мати
[Молоде Подружжа за свого Сина взяти
Стане Хлібом-сілью нарікати
Що которий чоловік Батьківську-матчину Молитву
[чтить-шанує-поважає
Отцевська-матчина Молитва в купецьтві в реместві
[на поміч спомагає
Отцевська-матчина Молитва зо дна моря достягає
Од гріхів Душу одкупляє
До Царства провожає

Дай Боже миру Гетьманьському народу Христіаньському у сім на Многі Літа!','["pisni.org.ua", "cat:dumy", "cat:kozacki", "cat:socialno-pobutovi", "cat:suspilno-politychni", "Думи", "Козацькі пісні", "Соціально-побутові пісні", "Суспільно-політичні пісні"]',1,'published',COALESCE((SELECT created_at FROM songs WHERE id='pisniua_271457'), datetime('now')),datetime('now'));
INSERT OR REPLACE INTO songs_fts(song_id,title,lyrics) VALUES ('pisniua_271457','У Святую Неділю як Та Бідна Вдова','У Святую Неділю як Та Бідна Вдова / Старая Жона
У Своїй Домівці з Діточками Маленькими гомоніла
Та по Наймах не пускала
Чужим людям у руки на стараніє не давала
То вона собі при старості літ прожить сподівала

Стали Сини до розума дохожати
Стали собі Молоде Подружжа мати
Стали свою Матір РідНеньку Вдову Стареньку
[зневажати
З Домівки зганяти

Іди-ж ти Мати в Чужий Дом проживати
Хай наші Молодії Жони не будуть з тебе насміхати
Дітки Маленькі не будуть тобі докучати

Тоді Вдова теє зачуває / Словами промовляє
Ай Сини-ж ви мої Діти Молодії
Стільки я з вами рік горювала
Пучками та ручками Хліба заробляла
Та вас годувала
Тепер чого я од вас діждала
Де-ж мині смерти діждати
При старості літ віку свого докінчати

Тоді Близький Сусіда теє зачуває
До Вдови Словами промовляє

Ой Удово Старенькая Жоно
[Не плач іди в мій Дом проживати
Будеш ти в мене Хату помітати
Малих Діток доглядати
Будеш ти в мене до смерти-віку Хліб-сіль уживати
Я буду тебе за Матір-Рідненьку почитати

Тоді Вдова на Чужому Подвірью проживає
По всяк день дрібними слізами проливає
А Синам-усім Трьом на своєму Подвірью
[уже й прожитку немає

Стали Люди теє зачувати
Стали з Удовиченків посміхати
Стали Вдовиченків на сміх пидіймати

Що змове Найменший Удовиченко
[до своїх Старших Братів-Козаків Словами
Братіки мої Старші-Рідненькі
Як Голубоньки Сивенькі
Не Добре ми усі Три Брати починали
Що свою Матір-Рідненьку Вдову Стареньку
[зневажали
Та з Домівки зігнали
Ходімо-ж ми усі Три Брати на Чуже Подвірья
Своїй Матері Рідненькій Удові Старенькій
[до ніг упадімо
Свою Матір Рідненьку Удову Стареньку
[у Свій Дом призовімо

Іди-ж ти Мати у наш Дом проживати
Лучче ми будем Молодих Жон научати
Лучче ми будем Малих Дітей ізпиняти
Будем тебе до смерти-віку почитати й поважати

Тоді Вдова теє зачуває / Словами промовляє
Ой Боже Милий Боже
Що теперішнього часу не успів Батько-й-мати
[Молоде Подружжа за свого Сина взяти
Стане Хлібом-сілью нарікати
Що которий чоловік Батьківську-матчину Молитву
[чтить-шанує-поважає
Отцевська-матчина Молитва в купецьтві в реместві
[на поміч спомагає
Отцевська-матчина Молитва зо дна моря достягає
Од гріхів Душу одкупляє
До Царства провожає

Дай Боже миру Гетьманьському народу Христіаньському у сім на Многі Літа!');
INSERT OR REPLACE INTO songs (id,title,subtitle,lang,country,period,year,source,notes,lyrics,tags_json,lang_locked,status,created_at,updated_at) VALUES ('pisniua_272697','Козацьке життя',NULL,'uk','ukraine_before_1917',NULL,NULL,'"Думи. Історико-героїчний цикл". Київ, Дніпро, 1982.',NULL,'Не один козак сам собі шкоду шкодив,
Що від молодої жінки у військо ходив.
Його жінка кляла-проклинала:
"Бодай тебе, козаче-сіромахо, побило в чистому полі
Три недолі:
Перша недоля - щоб під тобою добрий кінь пристав;
Друга недоля - щоб ти козаків не догнав;
Третя недоля - щоб тебе козаки не злюбили
І в курінь не пустили!"
А козак добре дбає,
На жінку не потурає,
Жінці віри не діймає,
Коневі частенько зеленого сіна підкладає,
Жовтого вівса підсипає,
Холодною криничною водою коня напуває,
У поход виступає.
Господь йому дав,
Що під ним добрий кінь не пристав,
Він козаків доганяв;
Що його козаки злюбили,
До себе в курінь пустили,
Ще й отаманом настановили.
Тогді козак у війську пробуває,
Свою новину козакам оповідає:
"Слухайте, панове-молодці,
Як то жіноцька клятьба дурно йде,
Так як мимо сухе дерево вітер гуде;
Жіноцькі сльози - дурні, як вода тече".
Жінка в корчмі пила та гуляла
Та домівки не знала,
Мов її хата к нечистій матері пусткою завоняла.
Скоро стала козака з походу сподіватись,
Стала до домівки прихождати,
Стала в печі розтопляти,
Стала той борщ кислий,
Оскомистий, чортзна-колишній
Із-під лави виставляти,
Стала до печі приставляти,
От тим борщем хотіла козака привітати.
Скоро став козак з походу прибувати,
Став до нових воріт, до ламаних, доїжджати;
Він з коня не вставає,
Келепом нові ламані ворота відчиняє,
Козацьким голосом гукає.
Скоро стала козачка козацький голос зачувати,
То вона не стала против нього дверми вихождати,
Стала, мов сивою голубкою, в вікно вилітати.
Тогді козак добре дбає,
Хорошенько її келепом по плечах привітає,
Карбачем по спині затинає.
Тогді козачка у хату вбігала,
Буцім нехотя той борщ поліном штиркнула,
Ну його к нечистій матері! У піч обертала,
Новий борщ унов варити зачинала;
До скрині тягла,
Не простого - лляного полотна тридцять локтів узяла;
До шинкарки тягла,
Три кварти не простої горілки - оковити узяла,
З медом та з перцем розогрівала,
От тим козака частувала та вітала.
От то вийшла козачка на другий день за ворота,
Аж сидить жінок превеликая рота, -
А сказано - жінки, як сороки:
Одна на одну зглядали
Та й козачку осуждали,
Та й козачці не казали.
Одна-таки старушка не втерпіла
І козачці сказала:
"Гей, козачко, козачко!
Десь твій козак нерано з походу прибував,
Що попід очима добрі гостинці подавав".
То козачка добре дбала,
По-свойому козака покривала:
"Чи ви ж то, жіночки-голубочки, не знаєте,
Що мій козак нерано з походу прибував,
Заставив мене в печі потопити,
Вечеряти варити,
А я пішла по дрова,
Та не втрапила по дрова,
А втрапила по лучину,
Попідбивала собі очі на ключину.
Роблю ж я таки те ремество синило,
Так воно мені добре взнаки далося:
Як я його мішала, так воно мені за очі взялося".
А козак сидить у корчмі та мед-вино кружає,
Корчму сохваляє:
"Гей, корчмо, корчмо-княгине!
Чом-то в тобі козацького добра багато гине?
І сама єси неошатно ходиш,
І нас, козаків-нетяг, під случай без свиток водиш!
Знати, знати козацьку хату,
Скрізь десяту:
Вона соломою не покрита,
Приспою не осипана,
Коло двора нечиста-ма і кола,
На дривітні дров ні поліна,
Сидить в ній козацька жінка - околіла.
Знати, знати козацьку жінку,
Що всю зиму боса ходить,
Горшком воду носить,
Полоником діти напуває!"','["pisni.org.ua", "cat:dumy", "Думи"]',1,'published',COALESCE((SELECT created_at FROM songs WHERE id='pisniua_272697'), datetime('now')),datetime('now'));
INSERT OR REPLACE INTO songs_fts(song_id,title,lyrics) VALUES ('pisniua_272697','Козацьке життя','Не один козак сам собі шкоду шкодив,
Що від молодої жінки у військо ходив.
Його жінка кляла-проклинала:
"Бодай тебе, козаче-сіромахо, побило в чистому полі
Три недолі:
Перша недоля - щоб під тобою добрий кінь пристав;
Друга недоля - щоб ти козаків не догнав;
Третя недоля - щоб тебе козаки не злюбили
І в курінь не пустили!"
А козак добре дбає,
На жінку не потурає,
Жінці віри не діймає,
Коневі частенько зеленого сіна підкладає,
Жовтого вівса підсипає,
Холодною криничною водою коня напуває,
У поход виступає.
Господь йому дав,
Що під ним добрий кінь не пристав,
Він козаків доганяв;
Що його козаки злюбили,
До себе в курінь пустили,
Ще й отаманом настановили.
Тогді козак у війську пробуває,
Свою новину козакам оповідає:
"Слухайте, панове-молодці,
Як то жіноцька клятьба дурно йде,
Так як мимо сухе дерево вітер гуде;
Жіноцькі сльози - дурні, як вода тече".
Жінка в корчмі пила та гуляла
Та домівки не знала,
Мов її хата к нечистій матері пусткою завоняла.
Скоро стала козака з походу сподіватись,
Стала до домівки прихождати,
Стала в печі розтопляти,
Стала той борщ кислий,
Оскомистий, чортзна-колишній
Із-під лави виставляти,
Стала до печі приставляти,
От тим борщем хотіла козака привітати.
Скоро став козак з походу прибувати,
Став до нових воріт, до ламаних, доїжджати;
Він з коня не вставає,
Келепом нові ламані ворота відчиняє,
Козацьким голосом гукає.
Скоро стала козачка козацький голос зачувати,
То вона не стала против нього дверми вихождати,
Стала, мов сивою голубкою, в вікно вилітати.
Тогді козак добре дбає,
Хорошенько її келепом по плечах привітає,
Карбачем по спині затинає.
Тогді козачка у хату вбігала,
Буцім нехотя той борщ поліном штиркнула,
Ну його к нечистій матері! У піч обертала,
Новий борщ унов варити зачинала;
До скрині тягла,
Не простого - лляного полотна тридцять локтів узяла;
До шинкарки тягла,
Три кварти не простої горілки - оковити узяла,
З медом та з перцем розогрівала,
От тим козака частувала та вітала.
От то вийшла козачка на другий день за ворота,
Аж сидить жінок превеликая рота, -
А сказано - жінки, як сороки:
Одна на одну зглядали
Та й козачку осуждали,
Та й козачці не казали.
Одна-таки старушка не втерпіла
І козачці сказала:
"Гей, козачко, козачко!
Десь твій козак нерано з походу прибував,
Що попід очима добрі гостинці подавав".
То козачка добре дбала,
По-свойому козака покривала:
"Чи ви ж то, жіночки-голубочки, не знаєте,
Що мій козак нерано з походу прибував,
Заставив мене в печі потопити,
Вечеряти варити,
А я пішла по дрова,
Та не втрапила по дрова,
А втрапила по лучину,
Попідбивала собі очі на ключину.
Роблю ж я таки те ремество синило,
Так воно мені добре взнаки далося:
Як я його мішала, так воно мені за очі взялося".
А козак сидить у корчмі та мед-вино кружає,
Корчму сохваляє:
"Гей, корчмо, корчмо-княгине!
Чом-то в тобі козацького добра багато гине?
І сама єси неошатно ходиш,
І нас, козаків-нетяг, під случай без свиток водиш!
Знати, знати козацьку хату,
Скрізь десяту:
Вона соломою не покрита,
Приспою не осипана,
Коло двора нечиста-ма і кола,
На дривітні дров ні поліна,
Сидить в ній козацька жінка - околіла.
Знати, знати козацьку жінку,
Що всю зиму боса ходить,
Горшком воду носить,
Полоником діти напуває!"');
INSERT OR REPLACE INTO songs (id,title,subtitle,lang,country,period,year,source,notes,lyrics,tags_json,lang_locked,status,created_at,updated_at) VALUES ('pisniua_272675','Козак нетяга',NULL,'uk','ukraine_before_1917',NULL,NULL,'"Думи. Історико-героїчний цикл". Київ, Дніпро, 1982.',NULL,'Ой од поля Килиїмського їдеть козак нетяга,
Рукою махає,
Ні о чім не дбає.
Ой у його сермяжина по коліна,
На нім постоли бобровії,
Онучі бавелнянії,
Напотім пищаль семип''ядная за плечима.
Аж где ся взяв татарин старий бородатий,
На двох конях лисавих за ним уганяє.
Аж до нього козак промовляє:
"Старий татарине бородатий,
Чого ти за мною уганяєш?
Чи на мої зброї яснії,
Чи на мої коні воронії,
Чи на мої шати дорогії?"
Що промовить старий татарин бородатий до козака запоровського:

"Не набігаю на твої коні воронії
Ані на твої шати дорогії,
Не набігаю я на твою зброю ясную,
Тілько я набігаю на тебе, козака молодого.
Коли б тебе мені судив бог узяти,
Не зарікав би я ся в Килиї за тебе шликом червонців брати".
Аж промовить к ньому козак український:
"Старий татарине бородатий,
Не так то мене треба взяти,
Треба зо мною в Килимськом полю погуляти".
До річки до Вітки примикає,
Навколішки припадав,
Семип''ядний пищаль з плеч іздіймав,
Двома кульками набивав,
З татарином жартував,
З обох коні позбивав,
Словами промовляв:
"Татарине старий,
Не буду я злий такий на тебе,
Як ти на мене.
Як ти мене хотів брати,
До Килиї мя приводити,
Хотів червонії за мене шликами брати.
А тепер, татарине, жарту козацького не знаєш,
Та із коня ся валяєш,
Нічому ся [не] спротивляєш.
Тепер буду скарби твої брати,
До війська до табору козацького прибивати,
Буду Килимськоє поле вихваляти,
Що маю здобичі з військом козацьким пропивати".','["pisni.org.ua", "cat:dumy", "Думи"]',1,'published',COALESCE((SELECT created_at FROM songs WHERE id='pisniua_272675'), datetime('now')),datetime('now'));
INSERT OR REPLACE INTO songs_fts(song_id,title,lyrics) VALUES ('pisniua_272675','Козак нетяга','Ой од поля Килиїмського їдеть козак нетяга,
Рукою махає,
Ні о чім не дбає.
Ой у його сермяжина по коліна,
На нім постоли бобровії,
Онучі бавелнянії,
Напотім пищаль семип''ядная за плечима.
Аж где ся взяв татарин старий бородатий,
На двох конях лисавих за ним уганяє.
Аж до нього козак промовляє:
"Старий татарине бородатий,
Чого ти за мною уганяєш?
Чи на мої зброї яснії,
Чи на мої коні воронії,
Чи на мої шати дорогії?"
Що промовить старий татарин бородатий до козака запоровського:

"Не набігаю на твої коні воронії
Ані на твої шати дорогії,
Не набігаю я на твою зброю ясную,
Тілько я набігаю на тебе, козака молодого.
Коли б тебе мені судив бог узяти,
Не зарікав би я ся в Килиї за тебе шликом червонців брати".
Аж промовить к ньому козак український:
"Старий татарине бородатий,
Не так то мене треба взяти,
Треба зо мною в Килимськом полю погуляти".
До річки до Вітки примикає,
Навколішки припадав,
Семип''ядний пищаль з плеч іздіймав,
Двома кульками набивав,
З татарином жартував,
З обох коні позбивав,
Словами промовляв:
"Татарине старий,
Не буду я злий такий на тебе,
Як ти на мене.
Як ти мене хотів брати,
До Килиї мя приводити,
Хотів червонії за мене шликами брати.
А тепер, татарине, жарту козацького не знаєш,
Та із коня ся валяєш,
Нічому ся [не] спротивляєш.
Тепер буду скарби твої брати,
До війська до табору козацького прибивати,
Буду Килимськоє поле вихваляти,
Що маю здобичі з військом козацьким пропивати".');
INSERT OR REPLACE INTO songs (id,title,subtitle,lang,country,period,year,source,notes,lyrics,tags_json,lang_locked,status,created_at,updated_at) VALUES ('pisniua_272461','Семен Палій і Мазепа',NULL,'uk','ukraine_before_1917',NULL,NULL,'"Думи. Історико-героїчний цикл". Київ, Дніпро, 1982.',NULL,'Шведського року, нещасливого літа,
Не одна-то душа християнська
безневинно пішла з сього світа.
То тогді-то у городі у Лебедині
Царі і князі великим всі дивом дивували,
Один до єдного словами промовляли:
"Про що-то, панове, у землі християнській не стало порядку ставати?"
"Про то, панове, що стали проклятії
Бусурмени християн братами називати".
"Хто ж теє зачинав?"
"Начинав теє проклятий Мазепа,
Як Іскру й Кочубея безневинно сам з сього світа зогнав,
Семена Палія на Сибір завдав".
То царі і князі єдин до єдного словами промовляли;
Да Семена Палія з Сибіру на Москву висилали.
Скоро-то став Семен Палій
Великим постом, весняною погодою
До білого царя на столицю прибувати,
То світ праведний государ велику радість має,
Що до себе великого лицаря Семена Палія у гості сподіває.
То Мазепа тоді як почув,
Що його, проклятого Мазепу, лихо доганяє,
До короля шведського такі речі промовляє:
"Королю шведський, добродію, найясніший мій пане!
Чи будем ми більше города Полтави доставати,
Чи будем з-під города з-під Полтави утікати?
Бо недурно москва стала нас кругом оступати!
Бо в Семена Палія хоч і невеликеє військо охотнеє,
Тільки одна сотня,
А буде нашу тисячу гнати й рубати,
Буде нам, великим панам, великий страх завдавати".
То король шведський тоє зачуває,
Словами промовляє:
"Мазепо, безумная главо!
Чи в мене войсько не збройне?
Чи в мене войсько не панцерне?
Да я ще тую москву могу сікти й рубати,
Ще не зарікаюсь у білого царя й на столиці побувати".
Скоро став Палій Семен
На святого отця Миколая
Із Шереметом Борисом Петровичем під Полтаву прибувати,
То став король шведський із Мазепою тайно втікати,
На царських людей вдаряти;
Много царських людей побивали,
А в городі у Батурині мужиків да жінок упень сікли да рубали,
Церкви палили, святості да ікони під ноги топтали,
Плоти справляли, На той бік Дніпра утікали.
То Семен Палій під Полтаву прибуває,
Січе й рубає, на всі сторони, як полову, метає,
До Дніпра прибуває, на той бік Дніпра поглядає,
Що король шведський із Мазепою на тім боці Дніпра походжає,
То він-то мечем махає,
Словами промовляє:
"Помоли ти, Мазепо, за мене бога, що я тебе не догнав -
Альбо б посік, альбо порубав,
Альбо живйом на вічну каторгу завдав!"
Земле, земле християнська,
Єгда ти була смутками і печальми наповнена,
Не знала, де родина об родині промишляє.
Дай, боже, честь і хвалу Світ-праведному государю
Да й Семену Палію, Превеликому пану,
Що не дав шведу християн на поталу!
Ой дай, боже, усім християнам многая літа
До щасливого прожитія у цім світі!','["pisni.org.ua", "cat:dumy", "Думи"]',1,'published',COALESCE((SELECT created_at FROM songs WHERE id='pisniua_272461'), datetime('now')),datetime('now'));
INSERT OR REPLACE INTO songs_fts(song_id,title,lyrics) VALUES ('pisniua_272461','Семен Палій і Мазепа','Шведського року, нещасливого літа,
Не одна-то душа християнська
безневинно пішла з сього світа.
То тогді-то у городі у Лебедині
Царі і князі великим всі дивом дивували,
Один до єдного словами промовляли:
"Про що-то, панове, у землі християнській не стало порядку ставати?"
"Про то, панове, що стали проклятії
Бусурмени християн братами називати".
"Хто ж теє зачинав?"
"Начинав теє проклятий Мазепа,
Як Іскру й Кочубея безневинно сам з сього світа зогнав,
Семена Палія на Сибір завдав".
То царі і князі єдин до єдного словами промовляли;
Да Семена Палія з Сибіру на Москву висилали.
Скоро-то став Семен Палій
Великим постом, весняною погодою
До білого царя на столицю прибувати,
То світ праведний государ велику радість має,
Що до себе великого лицаря Семена Палія у гості сподіває.
То Мазепа тоді як почув,
Що його, проклятого Мазепу, лихо доганяє,
До короля шведського такі речі промовляє:
"Королю шведський, добродію, найясніший мій пане!
Чи будем ми більше города Полтави доставати,
Чи будем з-під города з-під Полтави утікати?
Бо недурно москва стала нас кругом оступати!
Бо в Семена Палія хоч і невеликеє військо охотнеє,
Тільки одна сотня,
А буде нашу тисячу гнати й рубати,
Буде нам, великим панам, великий страх завдавати".
То король шведський тоє зачуває,
Словами промовляє:
"Мазепо, безумная главо!
Чи в мене войсько не збройне?
Чи в мене войсько не панцерне?
Да я ще тую москву могу сікти й рубати,
Ще не зарікаюсь у білого царя й на столиці побувати".
Скоро став Палій Семен
На святого отця Миколая
Із Шереметом Борисом Петровичем під Полтаву прибувати,
То став король шведський із Мазепою тайно втікати,
На царських людей вдаряти;
Много царських людей побивали,
А в городі у Батурині мужиків да жінок упень сікли да рубали,
Церкви палили, святості да ікони під ноги топтали,
Плоти справляли, На той бік Дніпра утікали.
То Семен Палій під Полтаву прибуває,
Січе й рубає, на всі сторони, як полову, метає,
До Дніпра прибуває, на той бік Дніпра поглядає,
Що король шведський із Мазепою на тім боці Дніпра походжає,
То він-то мечем махає,
Словами промовляє:
"Помоли ти, Мазепо, за мене бога, що я тебе не догнав -
Альбо б посік, альбо порубав,
Альбо живйом на вічну каторгу завдав!"
Земле, земле християнська,
Єгда ти була смутками і печальми наповнена,
Не знала, де родина об родині промишляє.
Дай, боже, честь і хвалу Світ-праведному государю
Да й Семену Палію, Превеликому пану,
Що не дав шведу християн на поталу!
Ой дай, боже, усім християнам многая літа
До щасливого прожитія у цім світі!');
INSERT OR REPLACE INTO songs (id,title,subtitle,lang,country,period,year,source,notes,lyrics,tags_json,lang_locked,status,created_at,updated_at) VALUES ('pisniua_272828','Коваленко',NULL,'uk','ukraine_before_1917',NULL,NULL,'"Думи. Історико-героїчний цикл". Київ, Дніпро, 1982.',NULL,'Давно тому на Вкраїні ковалював Коваленко,
І не було кувати єму легонько:
Покинув він ковалювати,
А пішов в козаки козакувати.
Зібрав сто хлопців таких, як він,
Бо він був сильний легінь,
У Чорне море він ся запускав,
Галери турецькі рабував,
Багато лиха наробив,
Тому султанові ся не здобрив.
То приказав [султан] єго шукати,
Живого в Туреччину припровадити:
"Бо я не буду їсти і спати,
Доки в руках єго не буду мати!"
Пішло триста турків і довго шукали,
Аж по трьох місяцях їх відшукали
І добру тут баталію зчинили:
Козаки з турками добре ся били.
Але що? Турки в кінці перевагу взяли,
Бо більше війська мали.
То сімдесятьох козаків порубали,
В Чорне море рибі кидали,
А трийцятьох і Коваленка спіймали,
В тяжкі кайдани закували
І втіхи не знали, що зробити,
Чи утопити,
Чи порубати
І всіх з башти на гаки покидати.
"Ні! - крикнув султан. - У льох киньте,
А самі по довгих трудах ідіть спочиньте,
Але щоби-сьте потрійну сторожу дали,
Щоб ті схизмати не поутікали!
А ти, полководцю, от пас дорогий маєш,
За що тобі даю, то ти знаєш!"
Вже третій рік в неволі,
Що взяли їх поневолі,
Третій рік в льоху пробувають,
Сонця праведного, України не видають,
А кайдани руки, ноги обривають.
Попід стіни льоху козаки сиділи
Та кайданами дзеленькотіли,
Голосно закричали: "Віро бусурменська,
Ти земле, земле турецька,
Ой земле, де ж ми могли знати,
Що ми будем у тебе пробувати,
Що по степу гуляли,
Під голим небом спали..."
"Ой, не згадуй, не згадуй, - крикнув Коваленко, -
Бо як про Україну почую, то болить серденько!
Волів би я, щоб нас четвертували
Або щоб завтра по степу гуляли".
Аж тут двері заскрипіли,
А козаки заніміли,
Сестра гожа увійшла,
Хліб-воду подала і сказала:
"Се дівка-бранка пекла!"
І по тих словах відійшла,
Козаки голодні скоро хліб розломили,
А в хлібі ножі і маленькі пили.
"Ох, боже, се дівка-бранка дала, -
Бодай она здорова була!
Дівка-бранка довго хай жиє,
Нам, хлопці, робота є".
Козаки скоро кайдани розпилували
Та доброї хвилі чекали:
"Ох, боже, коби ті два дні скоро зійшли,
Щоб за мною ви, орли, вилетіли!"
На другий вечір хліб-воду принесли,
А козаки на турків вітром ся понесли,
Щосили кололи, рубали,
Збрую у трупів забрали,
На чаки турецькі сідали,
Від берега турецького відпливали,
Що сили мали, веслами веслували.
В гирло Дніпра прибували,
А щоби коло Очакова, Кизикермені не полапали, -
То від гирла Дніпра степами-лісами маширували,
До Запорожжя прибували
І тут ся остали.
А бандуристи про Коваленка думу складали
Та по цілій Україні співали.','["pisni.org.ua", "cat:dumy", "Думи"]',1,'published',COALESCE((SELECT created_at FROM songs WHERE id='pisniua_272828'), datetime('now')),datetime('now'));
INSERT OR REPLACE INTO songs_fts(song_id,title,lyrics) VALUES ('pisniua_272828','Коваленко','Давно тому на Вкраїні ковалював Коваленко,
І не було кувати єму легонько:
Покинув він ковалювати,
А пішов в козаки козакувати.
Зібрав сто хлопців таких, як він,
Бо він був сильний легінь,
У Чорне море він ся запускав,
Галери турецькі рабував,
Багато лиха наробив,
Тому султанові ся не здобрив.
То приказав [султан] єго шукати,
Живого в Туреччину припровадити:
"Бо я не буду їсти і спати,
Доки в руках єго не буду мати!"
Пішло триста турків і довго шукали,
Аж по трьох місяцях їх відшукали
І добру тут баталію зчинили:
Козаки з турками добре ся били.
Але що? Турки в кінці перевагу взяли,
Бо більше війська мали.
То сімдесятьох козаків порубали,
В Чорне море рибі кидали,
А трийцятьох і Коваленка спіймали,
В тяжкі кайдани закували
І втіхи не знали, що зробити,
Чи утопити,
Чи порубати
І всіх з башти на гаки покидати.
"Ні! - крикнув султан. - У льох киньте,
А самі по довгих трудах ідіть спочиньте,
Але щоби-сьте потрійну сторожу дали,
Щоб ті схизмати не поутікали!
А ти, полководцю, от пас дорогий маєш,
За що тобі даю, то ти знаєш!"
Вже третій рік в неволі,
Що взяли їх поневолі,
Третій рік в льоху пробувають,
Сонця праведного, України не видають,
А кайдани руки, ноги обривають.
Попід стіни льоху козаки сиділи
Та кайданами дзеленькотіли,
Голосно закричали: "Віро бусурменська,
Ти земле, земле турецька,
Ой земле, де ж ми могли знати,
Що ми будем у тебе пробувати,
Що по степу гуляли,
Під голим небом спали..."
"Ой, не згадуй, не згадуй, - крикнув Коваленко, -
Бо як про Україну почую, то болить серденько!
Волів би я, щоб нас четвертували
Або щоб завтра по степу гуляли".
Аж тут двері заскрипіли,
А козаки заніміли,
Сестра гожа увійшла,
Хліб-воду подала і сказала:
"Се дівка-бранка пекла!"
І по тих словах відійшла,
Козаки голодні скоро хліб розломили,
А в хлібі ножі і маленькі пили.
"Ох, боже, се дівка-бранка дала, -
Бодай она здорова була!
Дівка-бранка довго хай жиє,
Нам, хлопці, робота є".
Козаки скоро кайдани розпилували
Та доброї хвилі чекали:
"Ох, боже, коби ті два дні скоро зійшли,
Щоб за мною ви, орли, вилетіли!"
На другий вечір хліб-воду принесли,
А козаки на турків вітром ся понесли,
Щосили кололи, рубали,
Збрую у трупів забрали,
На чаки турецькі сідали,
Від берега турецького відпливали,
Що сили мали, веслами веслували.
В гирло Дніпра прибували,
А щоби коло Очакова, Кизикермені не полапали, -
То від гирла Дніпра степами-лісами маширували,
До Запорожжя прибували
І тут ся остали.
А бандуристи про Коваленка думу складали
Та по цілій Україні співали.');
INSERT OR REPLACE INTO songs (id,title,subtitle,lang,country,period,year,source,notes,lyrics,tags_json,lang_locked,status,created_at,updated_at) VALUES ('pisniua_272055','Там під лісом сонце сходить','Українська народна пісня','uk','ukr_ssr_1919_1991',NULL,NULL,'аудіозапис',NULL,'Там під лісом сонце сходить,
Зеленіє там трава.
Наша сотня в похід вирушала,
Лісом неслася луна.

Попереду сотник марширує,
Як той орел степовий.
А над ними синьо-жовтий прапор,
Той повстанчий, бойовий.

Є в нас кріси, танки і гармати,
Скоростріли гуркотять.
Гей виходьте ті що окупантів
Ненавидять, нехотять.

А дівчина виходила з хати,
Сльози падали на грудь.
"Будь мій милий живий та здоровий
Повертайся, не забудь"

"Не забуду я тебе кохана,
Поки в світі житиму.
Ту хустинку, що с подарувала,
Під серцем носитиму."','["pisni.org.ua", "cat:povstanski", "Повстанські пісні"]',1,'published',COALESCE((SELECT created_at FROM songs WHERE id='pisniua_272055'), datetime('now')),datetime('now'));
INSERT OR REPLACE INTO songs_fts(song_id,title,lyrics) VALUES ('pisniua_272055','Там під лісом сонце сходить','Там під лісом сонце сходить,
Зеленіє там трава.
Наша сотня в похід вирушала,
Лісом неслася луна.

Попереду сотник марширує,
Як той орел степовий.
А над ними синьо-жовтий прапор,
Той повстанчий, бойовий.

Є в нас кріси, танки і гармати,
Скоростріли гуркотять.
Гей виходьте ті що окупантів
Ненавидять, нехотять.

А дівчина виходила з хати,
Сльози падали на грудь.
"Будь мій милий живий та здоровий
Повертайся, не забудь"

"Не забуду я тебе кохана,
Поки в світі житиму.
Ту хустинку, що с подарувала,
Під серцем носитиму."');
INSERT OR REPLACE INTO songs (id,title,subtitle,lang,country,period,year,source,notes,lyrics,tags_json,lang_locked,status,created_at,updated_at) VALUES ('pisniua_272653','Козак Голота','Виконує: Архип Никоненко','uk','ukraine_before_1917',NULL,NULL,'"Думи. Історико-героїчний цикл". Київ, Дніпро, 1982.',NULL,'Ой полем, полем Килиїмським,
То шляхом битим гординським,
Ой там гуляв козак Голота,
Не боїться ні огня, ні меча, ні третього болота.
Правда, на козакові шати дорогії -
Три семирязі лихії:
Одна недобра, друга негожа,
А третя й на хлів незгожа.
А ще, правда, на козакові постоли в''язові,
А онучі китайчані -
Щирі жіноцькі рядняні;
Волоки шовкові -
Удвоє жіноцькі щирі валові.
Правда, на козакові шапка-бирка -
Зверху дирка,
Травою пошита,
Вітром підбита,
Куди віє, туди й провіває,
Козака молодого прохолоджає.
То гуляє козак Голота, погуляє,
Ні города, ні села не займає, -
На город Килию поглядає.
У городі Килиї татарин сидить бородатий,
По гірницях походжає,
До татарки словами промовляє:
"Татарко, татарко!
Ой чи ти думаєш те, що я думаю?
Ой чи ти бачиш те, що я бачу?"
Каже: "Татарине, ой, сідий, бородатий!
Я тільки бачу, що ти передо мною по гірницях походжаєш,
А не знаю, що ти думаєш да гадаєш".
Каже: "Татарко!
Я те бачу: в чистім полі не орел літає -
То козак Голота добрим конем гуляє.
Я його хочу живцем у руки взяти
Да в город Килию запродати,
Іще ж ним перед великими панами-башами вихваляти.
За його много червоних не лічачи брати,
Дорогії сукна не міряти пощитати".
То теє промовляв, - дороге плаття надіває,
Чоботи обуває,
Шлик бархатний на свою голову надіває,
На коня сідає,
Безпечно за козаком Голотою ганяє.
То козак Голота добре козацький звичай знає, -
Ой на татарина скрива, як вовк, поглядає.
Каже: "Татарине, татарине!
На віщо ж ти важиш:
Чи на мою ясненькую зброю,
Чи на мого коня вороного,
Чи на мене, козака молодого?"
"Я, - каже, - важу на твою ясненькую зброю,
А ще лучче на твого коня вороного,
А ще лучче на тебе, козака молодого.
Я тебе хочу живцем у руки взяти,
В город Килию запродати,
Перед великими панами-башами вихваляти
І много червоних не лічачи набрати,
Дорогії сукна не мірячи пощитати".

То козак Голота добре звичай козацький знає,
Ой на татарина скрива, як вовк, поглядає.
"Ой, - каже, - татарине, ой, сідий же ти, бородатий!
Либонь же, ти на розум небагатий:
Ще ти козака у руки не взяв,
А вже за його й гроші пощитав.
А ще ж ти між козаками не бував,
Козацької каші не їдав
І козацьких звичаїв не знаєш".
То теє промовляв,
На присішках став,
Без міри пороху підсипає,
Татарину гостинця в груди посилає.
Ой ще козак не примірився,
А татарин і к лихій матері з коня покотився!
Він йому віри не донімає,
До його прибуває,
Келепом межи плечі гримає,
Коли ж огладиться, аж у його й духу немає.
Він тоді добре дбав,
Чоботи татарські істягав,
На свої козацькі ноги обував;
Одежу істягав,
На свої козацькі плечі надівав;
Бархатний шлик іздіймає,
На свою козацьку голову надіває;
Коня татарського за поводи взяв,
У город Січі припав,
Там собі п''є-гуляє,
Поле Килиїмське хвалить-вихваляє:
"Ой поле Килиїмське!
Бодай же ти літо й зиму зеленіло,
Як ти мене при нещасливій годині сподобило!
Дай же, боже, щоб козаки пили та гуляли,
Хороші мислі мали,
Од мене більшу добичу брали
І неприятеля під нозі топтали!"
Слава не вмре, не поляже
Од нині до віка!
Даруй, боже, на многі літа!','["pisni.org.ua", "cat:dumy", "Думи"]',1,'published',COALESCE((SELECT created_at FROM songs WHERE id='pisniua_272653'), datetime('now')),datetime('now'));
INSERT OR REPLACE INTO songs_fts(song_id,title,lyrics) VALUES ('pisniua_272653','Козак Голота','Ой полем, полем Килиїмським,
То шляхом битим гординським,
Ой там гуляв козак Голота,
Не боїться ні огня, ні меча, ні третього болота.
Правда, на козакові шати дорогії -
Три семирязі лихії:
Одна недобра, друга негожа,
А третя й на хлів незгожа.
А ще, правда, на козакові постоли в''язові,
А онучі китайчані -
Щирі жіноцькі рядняні;
Волоки шовкові -
Удвоє жіноцькі щирі валові.
Правда, на козакові шапка-бирка -
Зверху дирка,
Травою пошита,
Вітром підбита,
Куди віє, туди й провіває,
Козака молодого прохолоджає.
То гуляє козак Голота, погуляє,
Ні города, ні села не займає, -
На город Килию поглядає.
У городі Килиї татарин сидить бородатий,
По гірницях походжає,
До татарки словами промовляє:
"Татарко, татарко!
Ой чи ти думаєш те, що я думаю?
Ой чи ти бачиш те, що я бачу?"
Каже: "Татарине, ой, сідий, бородатий!
Я тільки бачу, що ти передо мною по гірницях походжаєш,
А не знаю, що ти думаєш да гадаєш".
Каже: "Татарко!
Я те бачу: в чистім полі не орел літає -
То козак Голота добрим конем гуляє.
Я його хочу живцем у руки взяти
Да в город Килию запродати,
Іще ж ним перед великими панами-башами вихваляти.
За його много червоних не лічачи брати,
Дорогії сукна не міряти пощитати".
То теє промовляв, - дороге плаття надіває,
Чоботи обуває,
Шлик бархатний на свою голову надіває,
На коня сідає,
Безпечно за козаком Голотою ганяє.
То козак Голота добре козацький звичай знає, -
Ой на татарина скрива, як вовк, поглядає.
Каже: "Татарине, татарине!
На віщо ж ти важиш:
Чи на мою ясненькую зброю,
Чи на мого коня вороного,
Чи на мене, козака молодого?"
"Я, - каже, - важу на твою ясненькую зброю,
А ще лучче на твого коня вороного,
А ще лучче на тебе, козака молодого.
Я тебе хочу живцем у руки взяти,
В город Килию запродати,
Перед великими панами-башами вихваляти
І много червоних не лічачи набрати,
Дорогії сукна не мірячи пощитати".

То козак Голота добре звичай козацький знає,
Ой на татарина скрива, як вовк, поглядає.
"Ой, - каже, - татарине, ой, сідий же ти, бородатий!
Либонь же, ти на розум небагатий:
Ще ти козака у руки не взяв,
А вже за його й гроші пощитав.
А ще ж ти між козаками не бував,
Козацької каші не їдав
І козацьких звичаїв не знаєш".
То теє промовляв,
На присішках став,
Без міри пороху підсипає,
Татарину гостинця в груди посилає.
Ой ще козак не примірився,
А татарин і к лихій матері з коня покотився!
Він йому віри не донімає,
До його прибуває,
Келепом межи плечі гримає,
Коли ж огладиться, аж у його й духу немає.
Він тоді добре дбав,
Чоботи татарські істягав,
На свої козацькі ноги обував;
Одежу істягав,
На свої козацькі плечі надівав;
Бархатний шлик іздіймає,
На свою козацьку голову надіває;
Коня татарського за поводи взяв,
У город Січі припав,
Там собі п''є-гуляє,
Поле Килиїмське хвалить-вихваляє:
"Ой поле Килиїмське!
Бодай же ти літо й зиму зеленіло,
Як ти мене при нещасливій годині сподобило!
Дай же, боже, щоб козаки пили та гуляли,
Хороші мислі мали,
Од мене більшу добичу брали
І неприятеля під нозі топтали!"
Слава не вмре, не поляже
Од нині до віка!
Даруй, боже, на многі літа!');
INSERT OR REPLACE INTO song_links (id,song_id,title,url,kind,version_id,sort_order) VALUES ('pisniua_272653_l1','pisniua_272653','YouTube','https://www.youtube.com/watch?v=2kmL_GRuOrw','video',NULL,1);
INSERT OR REPLACE INTO songs (id,title,subtitle,lang,country,period,year,source,notes,lyrics,tags_json,lang_locked,status,created_at,updated_at) VALUES ('pisniua_272767','Розмова Дніпра з Дунаєм','Українська народна пісня','uk','ukraine_before_1917',NULL,NULL,'"Думи. Історико-героїчний цикл". Київ, Дніпро, 1982.',NULL,'Питається Дніпр тихого Дунаю:
"Тихий Дунаю,
Що я своїх козаків на тобі не видаю?
Чи твоє дунайськеє гирло моїх козаків пожерло.
Чи твоя Дунай-вода моїх козаків забрала?"
Промовить тихий Дунай до Дніпра-Славути:
"Дніпр-батьку, Славуто!
Сам собі думаю да гадаю,
Що твоїх козаків у себе не видаю:
Уже чверть года три місяця вибиває,
Як твоїх козаків у мене немає,
Ні моє дунайськеє гирло твоїх козаків не пожерло,
Ні моя дунайська вода твоїх козаків не забрала,
Їх турки не постреляли, не порубали,
До города-царя в полон не забрали...
Всі мої квіти луговії і низовії пониділи,
Що твоїх козаків у себе не виділи.
Твої козаки на черкеській горі пробувають,
Холодної води в барила набирають,
Шляхи і дороги замічали,
Городи бусурменські плюндрували,
Огнем-мечем воювали,
Сребра-злата по достатках набирали,
До річки Хортиці прибували,
Велику переправу собі мали,
До стародавньої Січі поспішали,
У стародавній Січі очертою сідали,
Сребро і злато турецьке на три часті паювали,
Мед і оковиту горілку подпивали,
За весь мир господа прохали...
Которії козаки чистим полем гуляли,
Річки низовії, помощниці дніпровії, добре знали!"','["pisni.org.ua", "cat:dumy", "Думи"]',1,'published',COALESCE((SELECT created_at FROM songs WHERE id='pisniua_272767'), datetime('now')),datetime('now'));
INSERT OR REPLACE INTO songs_fts(song_id,title,lyrics) VALUES ('pisniua_272767','Розмова Дніпра з Дунаєм','Питається Дніпр тихого Дунаю:
"Тихий Дунаю,
Що я своїх козаків на тобі не видаю?
Чи твоє дунайськеє гирло моїх козаків пожерло.
Чи твоя Дунай-вода моїх козаків забрала?"
Промовить тихий Дунай до Дніпра-Славути:
"Дніпр-батьку, Славуто!
Сам собі думаю да гадаю,
Що твоїх козаків у себе не видаю:
Уже чверть года три місяця вибиває,
Як твоїх козаків у мене немає,
Ні моє дунайськеє гирло твоїх козаків не пожерло,
Ні моя дунайська вода твоїх козаків не забрала,
Їх турки не постреляли, не порубали,
До города-царя в полон не забрали...
Всі мої квіти луговії і низовії пониділи,
Що твоїх козаків у себе не виділи.
Твої козаки на черкеській горі пробувають,
Холодної води в барила набирають,
Шляхи і дороги замічали,
Городи бусурменські плюндрували,
Огнем-мечем воювали,
Сребра-злата по достатках набирали,
До річки Хортиці прибували,
Велику переправу собі мали,
До стародавньої Січі поспішали,
У стародавній Січі очертою сідали,
Сребро і злато турецьке на три часті паювали,
Мед і оковиту горілку подпивали,
За весь мир господа прохали...
Которії козаки чистим полем гуляли,
Річки низовії, помощниці дніпровії, добре знали!"');
INSERT OR REPLACE INTO songs (id,title,subtitle,lang,country,period,year,source,notes,lyrics,tags_json,lang_locked,status,created_at,updated_at) VALUES ('pisniua_27277','Чи справді?','Музика: Богдан Весоловський Слова: Богдан Весоловський','uk','ukraine_1991',NULL,NULL,'Богдан Весоловський "Прийде ще час..." Львів "Галицька видавнича спілка" 2001',NULL,'В далекий світ, за синє море,
Веліла доля йти в незнаний край,
Покинуть вас, мрійливі зорі,
Пахуче поле, ліс, ручай.

Прийшлось покинуть все, що миле,
Залишити тебе, любов мою,
Тобі з далекої чужини
Привіт мій щирий вірний шлю...

Чи справді вже нам не стрінутись з тобою,
Чи справді вже нам не мріять, не любить,
Чи може лише вечірньою порою
За тим, що було, нам тільки тужить.','["pisni.org.ua", "cat:emigration", "Пісні про еміґрацію"]',1,'published',COALESCE((SELECT created_at FROM songs WHERE id='pisniua_27277'), datetime('now')),datetime('now'));
INSERT OR REPLACE INTO songs_fts(song_id,title,lyrics) VALUES ('pisniua_27277','Чи справді?','В далекий світ, за синє море,
Веліла доля йти в незнаний край,
Покинуть вас, мрійливі зорі,
Пахуче поле, ліс, ручай.

Прийшлось покинуть все, що миле,
Залишити тебе, любов мою,
Тобі з далекої чужини
Привіт мій щирий вірний шлю...

Чи справді вже нам не стрінутись з тобою,
Чи справді вже нам не мріять, не любить,
Чи може лише вечірньою порою
За тим, що було, нам тільки тужить.');
INSERT OR REPLACE INTO song_links (id,song_id,title,url,kind,version_id,sort_order) VALUES ('pisniua_27277_l1','pisniua_27277','YouTube','https://www.youtube.com/watch?v=2t0JS0bI0Xc','video',NULL,1);
INSERT OR REPLACE INTO song_links (id,song_id,title,url,kind,version_id,sort_order) VALUES ('pisniua_27277_l2','pisniua_27277','YouTube','https://www.youtube.com/watch?v=YtN2ucYz0O8','video',NULL,2);
INSERT OR REPLACE INTO songs (id,title,subtitle,lang,country,period,year,source,notes,lyrics,tags_json,lang_locked,status,created_at,updated_at) VALUES ('pisniua_273414','Тече Кубань','Українська народна пісня','uk','ukraine_before_1917',NULL,NULL,'1. надіслав Ілля Самойлов',NULL,'Тече Кубань аж у лиман, верст , мабуть, за триста.
Пісок круте, воду муте, щоб не було чисто     | (2)

Тече Кубань аж у лиман, а з лиману в море
Та й не знали козаченьки, яке буде горе...    | (2)

Колись було в людей добро, нажите годами,
Забирали, однімали цілими возами...           | (2)
А що ж вони забрали?

Хліб, коняку, товаряку, ще й вівцю і курку...
Кінжал, шашку, сідло, шапку, черкеску ще й бурку.  | (2)

Аж десь взявсь, та й піднявсь більшовик з війною
Третє літо на тім світі кров ллється рікою.   | (2)

Різав людей: жінок дітей, розбоєм зайнявся.
Офіцерів, командирів побив та й повішав.      | (2)

Охфіцерів, командирів побив та й повішав.
Кровавою розправою своє серце  тішив.         | (3)','["pisni.org.ua", "cat:istorychni", "cat:kubanski", "Історичні пісні", "Кубанські пісні"]',1,'published',COALESCE((SELECT created_at FROM songs WHERE id='pisniua_273414'), datetime('now')),datetime('now'));
INSERT OR REPLACE INTO songs_fts(song_id,title,lyrics) VALUES ('pisniua_273414','Тече Кубань','Тече Кубань аж у лиман, верст , мабуть, за триста.
Пісок круте, воду муте, щоб не було чисто     | (2)

Тече Кубань аж у лиман, а з лиману в море
Та й не знали козаченьки, яке буде горе...    | (2)

Колись було в людей добро, нажите годами,
Забирали, однімали цілими возами...           | (2)
А що ж вони забрали?

Хліб, коняку, товаряку, ще й вівцю і курку...
Кінжал, шашку, сідло, шапку, черкеску ще й бурку.  | (2)

Аж десь взявсь, та й піднявсь більшовик з війною
Третє літо на тім світі кров ллється рікою.   | (2)

Різав людей: жінок дітей, розбоєм зайнявся.
Офіцерів, командирів побив та й повішав.      | (2)

Охфіцерів, командирів побив та й повішав.
Кровавою розправою своє серце  тішив.         | (3)');
INSERT OR REPLACE INTO song_links (id,song_id,title,url,kind,version_id,sort_order) VALUES ('pisniua_273414_l1','pisniua_273414','YouTube','https://www.youtube.com/watch?v=dyHhrrGWG84','video',NULL,1);
INSERT OR REPLACE INTO songs (id,title,subtitle,lang,country,period,year,source,notes,lyrics,tags_json,lang_locked,status,created_at,updated_at) VALUES ('pisniua_272818','Дума про Олексія Поповича',NULL,'uk','ukraine_before_1917',NULL,NULL,'"Думи. Історико-героїчний цикл". Київ, Дніпро, 1982.',NULL,'На Чорному морі та на камені білому,
Там сидів ясний сокіл-білозорець.
Він смутно себе має і на Чорне море
Спильна поглядає,
Що на Чорному морі все недобре починає:
Що на небі всі звізди потьмарило,
Половина місяця у чорну хмару заступило.
А із низу буйний вітер повіває,
А на Чорному морі злая хуртовина і бистрая хвиля наступає,
Якорі зриває, судна козацькі запорозькі
На три часті розбиває.
Що первую часть судна взяло -
В землю агарську за[по]несло;
А другу часть судна гирло дунайське пожерло,
А третя часть судна, де саме Чорноє море, там потопає.
А при тій часті був Грицько Зборовський,
Отаман козацький запорозький,
То він-то проміжду козаками проходжає
І до козаків словами промовляє:
"Гей, козаки-панове! Хтось-то міжду нами
На собі великий гріх має.
Сповідайтесь, козаки-панове, милосердному богу,
Та Чорному морю, та й мені, отаману кошовому;
В Чорноє море один упадіте,
Козацького війська всього не губіте".
Тоді козаки все це зачували
Та всі замовчали,
Бо вони на собі великого гріха не мали.
А тілько міжду їми обізвався
Писар військовий, козак лейстровий,
Пирятинський Попович Олексій:
"Добре ви, братця, зробіте, мене самого возьміте,
Назад руки зв''яжіте,
Чорною китайкою очі зав''яжіте
До шиї камінь білий причепіте
Та самого мене одного в море зіпхніте:
Нехай я буду у Чорному морі сам-один потопати,
Щоб козацького війська Запорозького всього не згубляти".
То тоді ж козаки все це зачували
Та до Олексія Поповича словами промовляли:
"Ти ж, було, Олексію Поповичу, на день тричі святе   письмо у руки береш, та й читаєш,
Та й нас, козаків простих, на все добре навчаєш,
А чого ж ти більше від нас на собі гріха маєш?"
Тоді Олексій Попович став до козаків словами промовляти
Та й сльозами ридати:
"Хоч я, було, козаки, панове-молодці,
І тричі на день святе письмо у руки беру, та читаю,
Та вас, козаків, на все добре навчаю,
А я сам негаразд починаю.
То тим же я більше від вас на собі гріха маю:
Як я з города Пирятина виїжджав,
То я від отця й від матусі прощенія не прохав! [вар.: не брав]
І отця, й матусі не почитав і не поважав,
А на старшого брата гнів великий покладав,
Сусіду ближню безвинно хлібом і сіллю оставляв;
Та ще і на свого доброго коня сідав,
По вулицях проїжджав,
Малих дітей топтав,
А старих людей стременами в груди штовхав.
Та іще проти церкви, божого дому, проїжджав,
Шапки з себе не скидав і хреста на себе не покладав;
Та іще їхав селами й городами,
Чужими сторонами,
То старі люди стояли, вони думали та гадали,
То, може, вони що й добре проти мене сказали,
А я проти їх своєю гордостію та пишностію
Противноє слово старим людям сказав.
Я не питався старих людей - яка в вас у селенії церква святая,
Я питався старих людей - де у вас корчма новая
Та шинкарка молодая?
Що другі козаки у святу неділеньку у божім домі молебні наймали,
Господа милосердного на поміч прохали,
А ми тоді в корчмі пили, та гуляли,
Та музики наймали, та танці справляли.
Отим-то я, козаки-молодці, більше від вас на собі гріха маю.
Тепер я сам погибаю, на Чорному морі потопаю.
Це ж бо, козаки-панове, на Чорному морі
Не бистрая хвиля наступає,
А це мене отцева та матусина молитва карає.
Коли б мене цяя злая хуртовина і бистрая хвиля
На Чорному морі не втопила,
Щоб отцева та матусина молитва
Мене від смерті боронила,
Тоді б я знав, як отця й матусю почитати й поважати,
Старшого брата за рідного отця щитати,
А рідну сестрицю за матусю в себе мати".
Тоді ж козаки-запорожці усе добра дбали
Та Олексієві Поповичу назад руки зв''язали,
Чорним платком очі затьмили,
Та все такого козака у Чорноє море пускати пожаліли.
Та на правій руці палець мезинний Олексієві відрубали,
Та в Чорноє море кров Олексієву пускали.
Коли Чорне море стало християнськую кров заживати,
То тоді на Чорному морі злая хуртовина
І бистрая хвиля стала притихати,
А судна козацькі під гору
Як руками підоймати, до Тендрова-острова прибивати.
Тоді ж ті козаки у судні стали дивом дивувати:
"В якому ми страсі пробували,
На Чорному морі та на бистрій хвилі потопали,
Ані одного козака з межі войськової [?] не втеряли".
То Олексій Попович став із судна на пристань виходжати,
Та на вколінка впадати,
Та святе письмо брати та й читати,
Та всіх козаків на все добре научати:
"Треба, козаки-панове, отця й матусю почитати й поважати.
Котрий чоловік на світі живе,
Отця-матусю почитає й поважає,
То той собі навік щастя має,
Того смертельний меч минає,
Отцева-матусина молитва зо дна моря винімає,
Од гріхів смертвених душу одкупляє.
На полі та на морі отцева-матусина молитва на поміч призиває".
То Олексію Поповичу пирятинському слава однині до віка,
А вам пошли, боже, на здравіє та на многая літа.','["pisni.org.ua", "cat:dumy", "Думи"]',1,'published',COALESCE((SELECT created_at FROM songs WHERE id='pisniua_272818'), datetime('now')),datetime('now'));
INSERT OR REPLACE INTO songs_fts(song_id,title,lyrics) VALUES ('pisniua_272818','Дума про Олексія Поповича','На Чорному морі та на камені білому,
Там сидів ясний сокіл-білозорець.
Він смутно себе має і на Чорне море
Спильна поглядає,
Що на Чорному морі все недобре починає:
Що на небі всі звізди потьмарило,
Половина місяця у чорну хмару заступило.
А із низу буйний вітер повіває,
А на Чорному морі злая хуртовина і бистрая хвиля наступає,
Якорі зриває, судна козацькі запорозькі
На три часті розбиває.
Що первую часть судна взяло -
В землю агарську за[по]несло;
А другу часть судна гирло дунайське пожерло,
А третя часть судна, де саме Чорноє море, там потопає.
А при тій часті був Грицько Зборовський,
Отаман козацький запорозький,
То він-то проміжду козаками проходжає
І до козаків словами промовляє:
"Гей, козаки-панове! Хтось-то міжду нами
На собі великий гріх має.
Сповідайтесь, козаки-панове, милосердному богу,
Та Чорному морю, та й мені, отаману кошовому;
В Чорноє море один упадіте,
Козацького війська всього не губіте".
Тоді козаки все це зачували
Та всі замовчали,
Бо вони на собі великого гріха не мали.
А тілько міжду їми обізвався
Писар військовий, козак лейстровий,
Пирятинський Попович Олексій:
"Добре ви, братця, зробіте, мене самого возьміте,
Назад руки зв''яжіте,
Чорною китайкою очі зав''яжіте
До шиї камінь білий причепіте
Та самого мене одного в море зіпхніте:
Нехай я буду у Чорному морі сам-один потопати,
Щоб козацького війська Запорозького всього не згубляти".
То тоді ж козаки все це зачували
Та до Олексія Поповича словами промовляли:
"Ти ж, було, Олексію Поповичу, на день тричі святе   письмо у руки береш, та й читаєш,
Та й нас, козаків простих, на все добре навчаєш,
А чого ж ти більше від нас на собі гріха маєш?"
Тоді Олексій Попович став до козаків словами промовляти
Та й сльозами ридати:
"Хоч я, було, козаки, панове-молодці,
І тричі на день святе письмо у руки беру, та читаю,
Та вас, козаків, на все добре навчаю,
А я сам негаразд починаю.
То тим же я більше від вас на собі гріха маю:
Як я з города Пирятина виїжджав,
То я від отця й від матусі прощенія не прохав! [вар.: не брав]
І отця, й матусі не почитав і не поважав,
А на старшого брата гнів великий покладав,
Сусіду ближню безвинно хлібом і сіллю оставляв;
Та ще і на свого доброго коня сідав,
По вулицях проїжджав,
Малих дітей топтав,
А старих людей стременами в груди штовхав.
Та іще проти церкви, божого дому, проїжджав,
Шапки з себе не скидав і хреста на себе не покладав;
Та іще їхав селами й городами,
Чужими сторонами,
То старі люди стояли, вони думали та гадали,
То, може, вони що й добре проти мене сказали,
А я проти їх своєю гордостію та пишностію
Противноє слово старим людям сказав.
Я не питався старих людей - яка в вас у селенії церква святая,
Я питався старих людей - де у вас корчма новая
Та шинкарка молодая?
Що другі козаки у святу неділеньку у божім домі молебні наймали,
Господа милосердного на поміч прохали,
А ми тоді в корчмі пили, та гуляли,
Та музики наймали, та танці справляли.
Отим-то я, козаки-молодці, більше від вас на собі гріха маю.
Тепер я сам погибаю, на Чорному морі потопаю.
Це ж бо, козаки-панове, на Чорному морі
Не бистрая хвиля наступає,
А це мене отцева та матусина молитва карає.
Коли б мене цяя злая хуртовина і бистрая хвиля
На Чорному морі не втопила,
Щоб отцева та матусина молитва
Мене від смерті боронила,
Тоді б я знав, як отця й матусю почитати й поважати,
Старшого брата за рідного отця щитати,
А рідну сестрицю за матусю в себе мати".
Тоді ж козаки-запорожці усе добра дбали
Та Олексієві Поповичу назад руки зв''язали,
Чорним платком очі затьмили,
Та все такого козака у Чорноє море пускати пожаліли.
Та на правій руці палець мезинний Олексієві відрубали,
Та в Чорноє море кров Олексієву пускали.
Коли Чорне море стало християнськую кров заживати,
То тоді на Чорному морі злая хуртовина
І бистрая хвиля стала притихати,
А судна козацькі під гору
Як руками підоймати, до Тендрова-острова прибивати.
Тоді ж ті козаки у судні стали дивом дивувати:
"В якому ми страсі пробували,
На Чорному морі та на бистрій хвилі потопали,
Ані одного козака з межі войськової [?] не втеряли".
То Олексій Попович став із судна на пристань виходжати,
Та на вколінка впадати,
Та святе письмо брати та й читати,
Та всіх козаків на все добре научати:
"Треба, козаки-панове, отця й матусю почитати й поважати.
Котрий чоловік на світі живе,
Отця-матусю почитає й поважає,
То той собі навік щастя має,
Того смертельний меч минає,
Отцева-матусина молитва зо дна моря винімає,
Од гріхів смертвених душу одкупляє.
На полі та на морі отцева-матусина молитва на поміч призиває".
То Олексію Поповичу пирятинському слава однині до віка,
А вам пошли, боже, на здравіє та на многая літа.');
INSERT OR REPLACE INTO song_links (id,song_id,title,url,kind,version_id,sort_order) VALUES ('pisniua_272818_l1','pisniua_272818','YouTube','https://www.youtube.com/watch?v=gIbVEd5yn7Q','video',NULL,1);
INSERT OR REPLACE INTO songs (id,title,subtitle,lang,country,period,year,source,notes,lyrics,tags_json,lang_locked,status,created_at,updated_at) VALUES ('pisniua_273369','Била жінка мужика','Українська народна пісня. Виконує: Кубанський Козачий Хор','uk','ukraine_before_1917',NULL,NULL,'1. надіслав Ілля Самойлов',NULL,'Била жінка та мужика,
Та й вигнала з хати,
Присудили та мужику,
Щоб жінку прохати.
Щоб жінку!
Щоб жінку!
Щоб жінку прохати!

Сидить мила та на припічку,
Ніженьки піджавши,
Стоїть милий та на порозі,
Шапочку ізнявши.
Шапочку!
Шапочку!
Шапочку ізнявши!

Прости ж мені, та моя мила,
Що ти мене била.
Куплю тобі я цебер меду,
Бутилочку пива.
Бутилочку!
Бутилочку!
Бутилочку пива!

Ой, од пива та болить спина,
А й од меду голова,
Купи мені та горілочки,
Щоб веселая була.
Щоб весела!
Щоб весела!
Щоб веселая була!','["pisni.org.ua", "cat:kubanski", "cat:socialno-pobutovi", "Кубанські пісні", "Соціально-побутові пісні"]',1,'published',COALESCE((SELECT created_at FROM songs WHERE id='pisniua_273369'), datetime('now')),datetime('now'));
INSERT OR REPLACE INTO songs_fts(song_id,title,lyrics) VALUES ('pisniua_273369','Била жінка мужика','Била жінка та мужика,
Та й вигнала з хати,
Присудили та мужику,
Щоб жінку прохати.
Щоб жінку!
Щоб жінку!
Щоб жінку прохати!

Сидить мила та на припічку,
Ніженьки піджавши,
Стоїть милий та на порозі,
Шапочку ізнявши.
Шапочку!
Шапочку!
Шапочку ізнявши!

Прости ж мені, та моя мила,
Що ти мене била.
Куплю тобі я цебер меду,
Бутилочку пива.
Бутилочку!
Бутилочку!
Бутилочку пива!

Ой, од пива та болить спина,
А й од меду голова,
Купи мені та горілочки,
Щоб веселая була.
Щоб весела!
Щоб весела!
Щоб веселая була!');
INSERT OR REPLACE INTO songs (id,title,subtitle,lang,country,period,year,source,notes,lyrics,tags_json,lang_locked,status,created_at,updated_at) VALUES ('pisniua_273420','Посіяла баба конопель','Українська народна пісня','uk','ukraine_before_1917',NULL,NULL,'1. надіслав Ілля Самойлов',NULL,'Посіяла баба               | (2)
Конопель
Ой, да конопель!

Коно-пель-пель-пель.
Коно-пель-пель-пель.
Коно-пель-пель-пель.
Конопель, ой да конопель.  | (2)

Як туди повадивсь,
Як туди повадивсь,
Як туди повадивсь,
Журавель. Ой да журавель!

Жура-вель-вель-вель,
Жура-вель-вель-вель,
Жура-вель-вель-вель,
Журавель, ой да журавель!   | (2)

Я ж тебе піймаю             | (2)
Журавля, ой, да журавля!

Жура-вля-вля-вля.
Жура-вля-вля-вля.
Жура-вля-вля-вля.
Журавля, ой да журавля.     | (2)

Я ж тебе в кліточку         | (3)
Посадю, ой да посадю.

Поса-дю-дю-дю.
Поса-дю-дю-дю.
Поса-дю-дю-дю.
Посадю , ой да посадю.      | (2)','["pisni.org.ua", "cat:kubanski", "Кубанські пісні"]',1,'published',COALESCE((SELECT created_at FROM songs WHERE id='pisniua_273420'), datetime('now')),datetime('now'));
INSERT OR REPLACE INTO songs_fts(song_id,title,lyrics) VALUES ('pisniua_273420','Посіяла баба конопель','Посіяла баба               | (2)
Конопель
Ой, да конопель!

Коно-пель-пель-пель.
Коно-пель-пель-пель.
Коно-пель-пель-пель.
Конопель, ой да конопель.  | (2)

Як туди повадивсь,
Як туди повадивсь,
Як туди повадивсь,
Журавель. Ой да журавель!

Жура-вель-вель-вель,
Жура-вель-вель-вель,
Жура-вель-вель-вель,
Журавель, ой да журавель!   | (2)

Я ж тебе піймаю             | (2)
Журавля, ой, да журавля!

Жура-вля-вля-вля.
Жура-вля-вля-вля.
Жура-вля-вля-вля.
Журавля, ой да журавля.     | (2)

Я ж тебе в кліточку         | (3)
Посадю, ой да посадю.

Поса-дю-дю-дю.
Поса-дю-дю-дю.
Поса-дю-дю-дю.
Посадю , ой да посадю.      | (2)');
INSERT OR REPLACE INTO song_links (id,song_id,title,url,kind,version_id,sort_order) VALUES ('pisniua_273420_l1','pisniua_273420','YouTube','https://www.youtube.com/watch?v=8GnDoZZ918U','video',NULL,1);
INSERT OR REPLACE INTO songs (id,title,subtitle,lang,country,period,year,source,notes,lyrics,tags_json,lang_locked,status,created_at,updated_at) VALUES ('pisniua_273','Я до леса','Українська народна пісня. Виконує: Ансамбль Львівського Університету "Черемош", Дивні','uk','ukraine_before_1917',NULL,NULL,'Книга "Пісні "Черемоша"','Акорди підібрано на слух за нотами. Тональність оригінальна. Один із використаних акордів: D6 [x 0 0 4 3 2] Підбір акордів: bohdanko (pisni.org.ua)','Я до леса (3) не пiду,
Древко рубаць, древко рубаць,  |
Гей, древко рубаць не буду.    |(2)
Древко би мя (3) забило.
Што би моє шварне дівча,  |
Гей, што би оно робило?   |(2)
Гори наші, (3) Карпати,
Не зміняв би, не зміняв би,  |
Гей, вас на жаднi дукати.    |(2)
Гори наші (3) Бескиди,
Наказали пильнувати,     |
Гей, наші діди-прадіди.  |(2)
Акорди, інший варіант:
C
Я до леса, я до леса,
G
Я до леса не піду,
Древко рубать, древко рубать, |
C          |
Гей, древко рубать не буду.   | (2)','["pisni.org.ua", "cat:lemkivski", "Лемківські пісні"]',1,'published',COALESCE((SELECT created_at FROM songs WHERE id='pisniua_273'), datetime('now')),datetime('now'));
INSERT OR REPLACE INTO songs_fts(song_id,title,lyrics) VALUES ('pisniua_273','Я до леса','Я до леса (3) не пiду,
Древко рубаць, древко рубаць,  |
Гей, древко рубаць не буду.    |(2)
Древко би мя (3) забило.
Што би моє шварне дівча,  |
Гей, што би оно робило?   |(2)
Гори наші, (3) Карпати,
Не зміняв би, не зміняв би,  |
Гей, вас на жаднi дукати.    |(2)
Гори наші (3) Бескиди,
Наказали пильнувати,     |
Гей, наші діди-прадіди.  |(2)
Акорди, інший варіант:
C
Я до леса, я до леса,
G
Я до леса не піду,
Древко рубать, древко рубать, |
C          |
Гей, древко рубать не буду.   | (2)');
INSERT OR REPLACE INTO song_links (id,song_id,title,url,kind,version_id,sort_order) VALUES ('pisniua_273_l1','pisniua_273','Переглянути варіанти >>','https://www.pisni.org.ua/#variants','external',NULL,1);
INSERT OR REPLACE INTO songs (id,title,subtitle,lang,country,period,year,source,notes,lyrics,tags_json,lang_locked,status,created_at,updated_at) VALUES ('pisniua_273573','Що на Чорному Морі на Камені Біленькому','(Про Дівку-бранку Марусю-попівну Богуславку)','uk','ukraine_before_1917',NULL,NULL,'Староукраїнські релігійні роздуми про Бога © Видавництво "Павутинонька", Нью Йорк – Львів – Київ – Харків – Москва, 2004','Українські реліґійні роздуми про Воскресіння, Неволю і Спасіння. Пісні Великодні — Спасительні: світ не по Правді. Пісні-плачі Сокола-Прадіда. Буде в Тебе Господь на Вечері. Тай Раду радят за Святу Весну. То на Святий Празник Роковий День Велик-День. Ой Ми зіслані на Признаванє. Бездільне Своє та Безрідне Ясне Соколя утеряв. Що у Тій-то Темниці пробувало Сім-сот Козаків. Ой Козаки ви Бідниї Невольники! Божого Світу Сонця праведного у вічи собі не видаєм. Гей на Чорному Морі да на Камені Біленькому Гей що на Чорному Морі та на Тому Білому Камені Що на Чорному Морі на Камені Біленькому Реліґійно-мітологійні видива Спасіння. Подібна до невинної дочки мітичного Коваля з Фінських переказів, ― яка визволяє Небесні світила і тим спасає людей, ― Дівка-бранка Маруся-попівна Богуславка, Український жіночий образ Спасителя. Ця Діва-спасителька є символом Зорі, яка звіщає, ― як на Свят-Вечір, так і перед Великоднем, ― велике Свято, Різдво-Відродження Світа, прихід Господа та Спасіння з Неволі неправди. Козаки Бідні Невольники символізують викрадені й заховані Астральні Світила, Місяць-Нів та Зірки (=діти, соколята)................... Листки з приводу цієї Пісні: Українські реліґійні пісні-роздуми про Неволю та Спасіння. Плач Сокола. Традиції Батька. Коляда і Великдень: Різдво і Відродження Світа. Рокове Коло. Стежки до листків про Українські традиції.','Що на Чорному Морі
На Камені Біленькому
Там стояла Темниця Камяная
Що у Тій-то Темниці пробувало Сім-сот Козаків
Бідних Невольників
То вони Тридцять Літ у Неволі пробувають
Божого Світу Сонця праведного у вічи собі не видають

То до їх Дівка-бранка
Маруся-попівна Богуславка
Прихождає
Словами промовляє
Гей Козаки
Ви Бідниї Невольники!
Угадайте що в нашій землі Християнській за день тепера

Що тоді Бідні Невольники зачували
Дівку-бранку
Марусю-попівну Богуславку
По Річах познавали
Словами промовляли
Гей Дівко-бранко
Марусю-попівно Богуславко
Почім ми можем знати
Що в нашій землі Християнській за день тепера
Що Тридцять Літ у Неволі пробуваєм
Божого Світу Сонця праведного у вічи собі не видаєм
То ми не можемо знати
Що в нашій землі Християнській за день тепера

Тоді Дівка-бранка
Маруся-попівна Богуславка
Теє зачуває
До Козаків Словами промовляє
Ой Козаки
Ви Бідниї Невольники!
Що сьогодня у нашій землі Християнській Великодная  Субота
А завтра Святий Празник Роковий День Велик-День

То Тоді Ті Козаки Теє зачували
Білим лицем до Сирої Землі припадали
Дівку-бранку
Марусю-попівну Богуславку
Кляли-проклинали

Та бодай ти Дівко-бранко
Марусю-попівно Богуславко
Щастя-й-долі собі не мала
Як ти нам Святий Празник Роковий День Велик-День сказала

То тоді Дівка-бранка
Маруся-попівна Богуславка
Теє зачувала
Словами промовляла
Ой Козаки
Ви Бідниї Невольники!
Та не лайте мене не проклинайте
Бо як буде наш пан Турецький до Мечети від''їжджати
То буде мині  Дівці-бранці
Марусі-попівні Богуславці
На руки Ключі віддавати
То буду я до Темниці прихождати
Темницю відмикати
Вас всіх Бідних Невольників на Волю випускати

То на Святий Празник Роковий День Велик-День
Став пан Турецький до Мечети від''їжджати
Став Дівці-бранці
Марусі-попівні Богуславці
На руки Ключі віддавати

Тоді Дівка-бранка
Маруся-попівна Богуславка
Добре дбає
До Темниці прихождає
Темницю відмикає
Всіх Козаків
Бідних Невольників
На Волю випускає
І Словами промовляє
Ой Козаки
Ви Бідниї Невольники!
Кажу я вам Добре дбайте
В городи Християнські утікайте
Тількі прошу я вас одного города Богуслава не минайте
Моєму Батьку-й-матері знати давайте
Та нехай Мій Батько Добре дбає
Грунтів великих маєтків нехай не збуває
Великих скарбів не збірає
Та нехай мене Дівки-бранки
Марусі-попівни Богуславки
Зневолі не викупає
Бо вже я потурчилась-побусурменилась
Для Роскоши Турецької
Для Лакомства Нещасного

Ой визволи Боже нас всіх Бідних Невольників
З Тяжкої Неволі
З Віри Бусурменської
На Ясні Зорі
На Тихі Води
У Край Веселий
У Мир Хрещений!
Вислухай Боже у прозьбах щирих
У нещасних молитвах
Нас бідних невольників!','["pisni.org.ua", "cat:dumy", "cat:kozacki", "cat:socialno-pobutovi", "cat:suspilno-politychni", "Думи", "Козацькі пісні", "Соціально-побутові пісні", "Суспільно-політичні пісні"]',1,'published',COALESCE((SELECT created_at FROM songs WHERE id='pisniua_273573'), datetime('now')),datetime('now'));
INSERT OR REPLACE INTO songs_fts(song_id,title,lyrics) VALUES ('pisniua_273573','Що на Чорному Морі на Камені Біленькому','Що на Чорному Морі
На Камені Біленькому
Там стояла Темниця Камяная
Що у Тій-то Темниці пробувало Сім-сот Козаків
Бідних Невольників
То вони Тридцять Літ у Неволі пробувають
Божого Світу Сонця праведного у вічи собі не видають

То до їх Дівка-бранка
Маруся-попівна Богуславка
Прихождає
Словами промовляє
Гей Козаки
Ви Бідниї Невольники!
Угадайте що в нашій землі Християнській за день тепера

Що тоді Бідні Невольники зачували
Дівку-бранку
Марусю-попівну Богуславку
По Річах познавали
Словами промовляли
Гей Дівко-бранко
Марусю-попівно Богуславко
Почім ми можем знати
Що в нашій землі Християнській за день тепера
Що Тридцять Літ у Неволі пробуваєм
Божого Світу Сонця праведного у вічи собі не видаєм
То ми не можемо знати
Що в нашій землі Християнській за день тепера

Тоді Дівка-бранка
Маруся-попівна Богуславка
Теє зачуває
До Козаків Словами промовляє
Ой Козаки
Ви Бідниї Невольники!
Що сьогодня у нашій землі Християнській Великодная  Субота
А завтра Святий Празник Роковий День Велик-День

То Тоді Ті Козаки Теє зачували
Білим лицем до Сирої Землі припадали
Дівку-бранку
Марусю-попівну Богуславку
Кляли-проклинали

Та бодай ти Дівко-бранко
Марусю-попівно Богуславко
Щастя-й-долі собі не мала
Як ти нам Святий Празник Роковий День Велик-День сказала

То тоді Дівка-бранка
Маруся-попівна Богуславка
Теє зачувала
Словами промовляла
Ой Козаки
Ви Бідниї Невольники!
Та не лайте мене не проклинайте
Бо як буде наш пан Турецький до Мечети від''їжджати
То буде мині  Дівці-бранці
Марусі-попівні Богуславці
На руки Ключі віддавати
То буду я до Темниці прихождати
Темницю відмикати
Вас всіх Бідних Невольників на Волю випускати

То на Святий Празник Роковий День Велик-День
Став пан Турецький до Мечети від''їжджати
Став Дівці-бранці
Марусі-попівні Богуславці
На руки Ключі віддавати

Тоді Дівка-бранка
Маруся-попівна Богуславка
Добре дбає
До Темниці прихождає
Темницю відмикає
Всіх Козаків
Бідних Невольників
На Волю випускає
І Словами промовляє
Ой Козаки
Ви Бідниї Невольники!
Кажу я вам Добре дбайте
В городи Християнські утікайте
Тількі прошу я вас одного города Богуслава не минайте
Моєму Батьку-й-матері знати давайте
Та нехай Мій Батько Добре дбає
Грунтів великих маєтків нехай не збуває
Великих скарбів не збірає
Та нехай мене Дівки-бранки
Марусі-попівни Богуславки
Зневолі не викупає
Бо вже я потурчилась-побусурменилась
Для Роскоши Турецької
Для Лакомства Нещасного

Ой визволи Боже нас всіх Бідних Невольників
З Тяжкої Неволі
З Віри Бусурменської
На Ясні Зорі
На Тихі Води
У Край Веселий
У Мир Хрещений!
Вислухай Боже у прозьбах щирих
У нещасних молитвах
Нас бідних невольників!');
INSERT OR REPLACE INTO song_links (id,song_id,title,url,kind,version_id,sort_order) VALUES ('pisniua_273573_l1','pisniua_273573','YouTube','https://www.youtube.com/watch?v=ahOwb2JNh7c','video',NULL,1);
INSERT OR REPLACE INTO songs (id,title,subtitle,lang,country,period,year,source,notes,lyrics,tags_json,lang_locked,status,created_at,updated_at) VALUES ('pisniua_274022','Ей а в Калници на Монастирі',NULL,'uk','ukraine_before_1917',NULL,NULL,'Староукраїнська традиція служби Богу © Видавництво "Павутинонька", Нью Йорк – Львів – Київ – Харків – Москва, 2004','Царинна Пісня: Староукраїнські Колядки і Щедрівки ― Царинні Містерії. Рокове Коло. А з Полянойки до Царинойки. Заваруй Боже Гори-й-Долини.','Ей а в Калници на Монастирі
Зорейки зорят Свічейки горят
Дзвонойки дзвонят Службойки стоят

Дзвони Дзвонойку против Сборойку
Бо ми ідеме с Сбором в Дорогу
Бо ми співаме Вшиткі-співанки
Жеби нас Тучи не заходили
Жеби пролої не заливали
Заваруй Боже Гори-й-Долини
Гори-й-Долини Наші Царини','["pisni.org.ua", "cat:zeleni-svyata", "Пісні до Зелених свят"]',1,'published',COALESCE((SELECT created_at FROM songs WHERE id='pisniua_274022'), datetime('now')),datetime('now'));
INSERT OR REPLACE INTO songs_fts(song_id,title,lyrics) VALUES ('pisniua_274022','Ей а в Калници на Монастирі','Ей а в Калници на Монастирі
Зорейки зорят Свічейки горят
Дзвонойки дзвонят Службойки стоят

Дзвони Дзвонойку против Сборойку
Бо ми ідеме с Сбором в Дорогу
Бо ми співаме Вшиткі-співанки
Жеби нас Тучи не заходили
Жеби пролої не заливали
Заваруй Боже Гори-й-Долини
Гори-й-Долини Наші Царини');
INSERT OR REPLACE INTO songs (id,title,subtitle,lang,country,period,year,source,notes,lyrics,tags_json,lang_locked,status,created_at,updated_at) VALUES ('pisniua_276124','Господи помилуй','Музика: Василь Жданкін Слова: Василь Жданкін. Виконує: Василь Жданкін','uk','ukraine_1991',NULL,NULL,'аудіозапис',NULL,'У очах - печаль, на плечах - сума,
В рідній стороні місця нам нема.

Нашої землі - лиш по цвинтарах,
Нашого життя - в німця батрака.

Наші дівоньки - в турка хоромах,
Наші старики - ген, по смітниках.

Щедро родить хліб - наш багатий край,
А зав''яжеш сніп - жидові оддай.

Робим задарма, п''єм закрадене,
Отаке життя наше праведне.

Возлюбили ми демократію:
Як же прокормить всю ту братію?

Стали врешті ми українцями,
Тільки не зведем кінці з кінцями.

На своє життя нарікаємо,
Тяжкії гріхи забуваємо.

І з більшовиком цілувалися,
Над Святим Хрестом поглумлялися.
Господи помилуй...

Розорили Русь, Русь державную,
Церков розп''яли православную.
Господи помилуй...

Оддали царя на закланіє,
Нечистим жидам в поруганіє.
Господи помилуй...

Хлібчиком святим розкидалися,
Божіїм церквам не вклонялися.
Господи помилуй...

Душі - без Христа, тіло - без поста,
Європейський рай - в пекло путь проста.
Господи помилуй...

У очах - печаль, на плечах - сума,
В царстві божому місця нам нема.
Господи помилуй...','["pisni.org.ua", "cat:suspilno-politychni", "Суспільно-політичні пісні"]',1,'published',COALESCE((SELECT created_at FROM songs WHERE id='pisniua_276124'), datetime('now')),datetime('now'));
INSERT OR REPLACE INTO songs_fts(song_id,title,lyrics) VALUES ('pisniua_276124','Господи помилуй','У очах - печаль, на плечах - сума,
В рідній стороні місця нам нема.

Нашої землі - лиш по цвинтарах,
Нашого життя - в німця батрака.

Наші дівоньки - в турка хоромах,
Наші старики - ген, по смітниках.

Щедро родить хліб - наш багатий край,
А зав''яжеш сніп - жидові оддай.

Робим задарма, п''єм закрадене,
Отаке життя наше праведне.

Возлюбили ми демократію:
Як же прокормить всю ту братію?

Стали врешті ми українцями,
Тільки не зведем кінці з кінцями.

На своє життя нарікаємо,
Тяжкії гріхи забуваємо.

І з більшовиком цілувалися,
Над Святим Хрестом поглумлялися.
Господи помилуй...

Розорили Русь, Русь державную,
Церков розп''яли православную.
Господи помилуй...

Оддали царя на закланіє,
Нечистим жидам в поруганіє.
Господи помилуй...

Хлібчиком святим розкидалися,
Божіїм церквам не вклонялися.
Господи помилуй...

Душі - без Христа, тіло - без поста,
Європейський рай - в пекло путь проста.
Господи помилуй...

У очах - печаль, на плечах - сума,
В царстві божому місця нам нема.
Господи помилуй...');
INSERT OR REPLACE INTO songs (id,title,subtitle,lang,country,period,year,source,notes,lyrics,tags_json,lang_locked,status,created_at,updated_at) VALUES ('pisniua_275614','Гомін гомін гомін по діброві','Виконує: Гуртоправці, Тарас Компаніченко','uk','ukraine_before_1917',NULL,NULL,'Українські релігійні роздуми про Спасіння © Видавництво "Павутинонька", Нью Йорк – Львів – Київ – Харків – Москва, 2003','Українські реліґійні роздуми про Воскресіння, Неволю і Спасіння. Пісні Великодні — Спасительні: світ не по Правді. Пісні-плачі Сокола-Прадіда. Алегорія неволі сокола. Мене Орда знає в Чистім Полі обминає — поки були в Чистому Полі (=Правдивий простір), то й обминали, напасти навіть не зважувалися (ідея самоохорони вища від ідеї самооборони). Мене й Ляхи знають... — тепер же стали брати і всі знають, що беруть, із-за того й пропали? Катерина ІІ: В 1785 укр. козацьку старшину було зрівняно в правах з рос. дворянством. М. Гоголь: Чего же вы хотите? Галагани (Ґалаґани)... Носи... Буде валюта, але вже вакансій платні не буде... (М. Грушевський — Ф. Колессі) — Застав я тут дуже важний лист від акад. Грушевського, в якому він повідомляє, що Нарком. Просв. затвердив вибір нових академіків, в тім числі Возняка, Щурата і мій; інформаційну статтю про мене написала К. Грушевська. Сими днями маємо одержати офіціальне повідомлення Академії з запитом, чи маємо замір переїхати до Києва. Грушевський радить по приятельськи дати позитивну відповідь з отсих мотивів (цитую дослівно): а) "Коли Ви тепер заявите, що не збираєтесь переїхати до Київа, то платні не дістанете майже певно, а коли не дістанете тепер, то й пізніш, коли б Ви заявили, що хочете переїхати, дістати було б трудно; б) тепер Нарком Освіти не має валюти для закордонних, тому може виплачувати тільки в радянській валюті, і тому не береться виплачувати нікому, хто не хоче переїхати, може, потім і буде валюта, але вже вакансій платні не буде; в) мешкати постійно не будуть вимагати, фактично Ви зможете переїздити раз або два на рік на кілька місяців, і се бажано і для Вас і для праці**, ― [**прим. автора: Я думаю, що й мені не відмовлять тут власти дозволу раз або два рази в році поїхати до Києва, щоби взяти безпосередню участь у працях Академії Наук], ― оплачувати ж приїздів сих не зможуть инакше, тільки в формі платні; г) мати платню в радян[ській] валюті все таки краще, ніж ніякої, ― коли не Вам сі гроші придадуться в цілости, то, може, кому з Ваших дітей (се важне особливо для Возняка) ― може, хто з них схоче переїхати сюди для праці. От з тих причин раджу відповісти позитивно; перекажіть сі мої гадки і проф. Возняку". А десь ми поверх всякої міри гріха набрали. Да ще ж хотілось швидше здобичі набірати. Ой Ми зіслані на Признаванє. Бездільне Своє та Безрідне Ясне Соколя утеряв. Вернись вернись сину до Домоньку. Гомін гомін гомін по діброві Гомін гомін гомін по діброві (2) Гомін гомін гомін гомін по діброві Гомін мати гомін мати по діброві Господа Милосердного прохали та благали. А вже років триста як козак в неволі Листки з приводу цієї Пісні: Українські реліґійні пісні-роздуми про Неволю та Спасіння. Плач Сокола. Традиції Батька. Алегорія неволі сокола. Коляда і Великдень: Різдво і Відродження Світа. Рокове Коло. Стежки до листків про Українські традиції. Староукраїнські Колядки і Щедрівки: Святе Різдво (Свято Різдва Світа: Свят-Вечір – Коляда)... Щедрий Вечір (Свято Місяця й Прадіда: Новий Рік ― Святі Водорщі) ― Весілля: Дівич-Вечір... Великдень... Зелені Свята (Трійця) ― Царинні Містерії... Івана Купала... Астральні Жнива... Рокове Коло. Староукраїнська культура й реліґія приявлюється в давніх передхристиянських святах — реліґійних, господарських і побутових, що досі тривають в Українського народу в зв''язаних зі Святочними часами народних піснях і в уривках давніх обрядів. Хоч зараз велика частина Українського народу, — особливо нове покоління, що виросло на повоєнних руїнах, — не здає собі справи з провідних думок цих Свят, але інтуіційно відчуває повагу і святість давніх традицій. І все-таки увесь нарід держиться досі старовіцьких Святочних звичаїв і поведінок. Сю інтуіційну свідомість чогось величного й Святого, переказаного предками і зв''язаного зі старовіцькими обрядами, піддержують злучені з Святочним часом пісні, — ось як: Колядки, Щедрівки, Гаївки і т. д., — і в них-то найбільше міститься народних традицій, як реліґійних, так господарських і суспільних, поданих у мітичному вигляді....Відтворити з тих традицій образ давньої Української віри і культури. Ця віра триває досі, хоч не є висловлена догматично, а давня Українська культура є в основах сучасного життя народу. Нарід жиє старими ідеями — а інтеліґенція народна переходить над ними до порядку денного, не здаючи собі справи з їх культурної ціни і сили, не розуміючи психіки народу і будучи в постійній з ним дисгармонії; не цінить культурного давнього дорібку, який мав колись свою стійність і міг би бути вихіснуваним і сьогодня, хоч інші зараз життєві й культурні обставини й поняття. (Кс. Сосенко)','Гомін гомін
Гомін по діброві
Туман поле покриває
Гей туман поле
Поле покриває
Мати сина проганяє

Гей туман поле
Поле покриває
Мати сина проганяє

Іди синку
Іди пріч од мене
Нехай тебе орда візьме
Гей мене мамо
Мене Орда знає
В Чистім Полі обминає

Гей мене мамо
Мене Орда знає
В Чистім Полі обминає

Іди синку
Іди пріч од мене
Нехай тебе Турчин візьме
Гей мене мамо
Мене Турчин знає
Сріблом-злотом наділяє

Гей мене мамо
Мене Турчин знає
Сріблом-злотом наділяє

Іди синку
Іди пріч од мене
Нехай тебе Ляхи візьмуть
Гей мене мамо
Мене Ляхи знають
Пивом-медом напувають

Гей мене мамо
Мене й Ляхи знають
Пивом-медом напувають

Іди синку
Іди пріч од мене
Нехай тебе Москаль візьме
Гей мене мамо
Мене й Москаль знає
Жить під себе підбиває

Гей мене мамо
Мене й Москаль знає
Жить під себе підбиває

Вернись вернись сину до Домоньку
Змию тобі голівоньку
Гей мені мамо
Мені змиють дощі
А розчешуть густі терна

Гей мені мамо
Мені змиють дощі
А розвіють буйні вітри    Спів (mp3)  (
Фонограма-мінус (mp3)','["pisni.org.ua", "cat:dumy", "cat:kozacki", "cat:philosophic", "cat:socialno-pobutovi", "cat:suspilno-politychni", "Думи", "Козацькі пісні", "Філософські пісні", "Соціально-побутові пісні", "Суспільно-політичні пісні"]',1,'published',COALESCE((SELECT created_at FROM songs WHERE id='pisniua_275614'), datetime('now')),datetime('now'));
INSERT OR REPLACE INTO songs_fts(song_id,title,lyrics) VALUES ('pisniua_275614','Гомін гомін гомін по діброві','Гомін гомін
Гомін по діброві
Туман поле покриває
Гей туман поле
Поле покриває
Мати сина проганяє

Гей туман поле
Поле покриває
Мати сина проганяє

Іди синку
Іди пріч од мене
Нехай тебе орда візьме
Гей мене мамо
Мене Орда знає
В Чистім Полі обминає

Гей мене мамо
Мене Орда знає
В Чистім Полі обминає

Іди синку
Іди пріч од мене
Нехай тебе Турчин візьме
Гей мене мамо
Мене Турчин знає
Сріблом-злотом наділяє

Гей мене мамо
Мене Турчин знає
Сріблом-злотом наділяє

Іди синку
Іди пріч од мене
Нехай тебе Ляхи візьмуть
Гей мене мамо
Мене Ляхи знають
Пивом-медом напувають

Гей мене мамо
Мене й Ляхи знають
Пивом-медом напувають

Іди синку
Іди пріч од мене
Нехай тебе Москаль візьме
Гей мене мамо
Мене й Москаль знає
Жить під себе підбиває

Гей мене мамо
Мене й Москаль знає
Жить під себе підбиває

Вернись вернись сину до Домоньку
Змию тобі голівоньку
Гей мені мамо
Мені змиють дощі
А розчешуть густі терна

Гей мені мамо
Мені змиють дощі
А розвіють буйні вітри    Спів (mp3)  (
Фонограма-мінус (mp3)');
INSERT OR REPLACE INTO song_links (id,song_id,title,url,kind,version_id,sort_order) VALUES ('pisniua_275614_l1','pisniua_275614','YouTube','https://www.youtube.com/watch?v=xuL5n_7KAX8','video',NULL,1);
INSERT OR REPLACE INTO song_links (id,song_id,title,url,kind,version_id,sort_order) VALUES ('pisniua_275614_l2','pisniua_275614','Переглянути варіанти >>','https://www.pisni.org.ua/#variants','external',NULL,2);
INSERT OR REPLACE INTO songs (id,title,subtitle,lang,country,period,year,source,notes,lyrics,tags_json,lang_locked,status,created_at,updated_at) VALUES ('pisniua_275292','Сонко-Дрімко','(Пізня вже годинка). Музика: Алла Мігай Слова: Наталя Кулик. Виконує: Росава, Ольга Токар','uk','ukraine_before_1917',NULL,NULL,'аудіозапис',NULL,'Пізня вже годинка,
Чом не спиш, дитинко?
Он твоя матуся
Кличе Сонька-Дрімка

На котячих лапках
Сонько-Дрімко ходить.
Каже він малятам:
"Пустувати годі!"
Гра закінчилась,
Матінка втомилась
В ліжко лягай,
Швидше засинай.

Сонько-Дрімко носить
Всім, хто лиш попросить,
В кошику лозовім
Казочки чудові.
Принесе співанку,
Тиху колисанку.
Хто її послуха —
Спатиме до ранку.

Синку маленький, донечко рідненька
Нічка прийшла, спатоньки пора.

А-а-а-а...
Завтра Сонько-Дрімко
Прийде в кожну хату.
Знову наших діток
Буде колисати','["pisni.org.ua", "cat:dytyachi", "cat:kolyskovi", "Дитячі пісні", "Колискові"]',1,'published',COALESCE((SELECT created_at FROM songs WHERE id='pisniua_275292'), datetime('now')),datetime('now'));
INSERT OR REPLACE INTO songs_fts(song_id,title,lyrics) VALUES ('pisniua_275292','Сонко-Дрімко','Пізня вже годинка,
Чом не спиш, дитинко?
Он твоя матуся
Кличе Сонька-Дрімка

На котячих лапках
Сонько-Дрімко ходить.
Каже він малятам:
"Пустувати годі!"
Гра закінчилась,
Матінка втомилась
В ліжко лягай,
Швидше засинай.

Сонько-Дрімко носить
Всім, хто лиш попросить,
В кошику лозовім
Казочки чудові.
Принесе співанку,
Тиху колисанку.
Хто її послуха —
Спатиме до ранку.

Синку маленький, донечко рідненька
Нічка прийшла, спатоньки пора.

А-а-а-а...
Завтра Сонько-Дрімко
Прийде в кожну хату.
Знову наших діток
Буде колисати');
INSERT OR REPLACE INTO song_links (id,song_id,title,url,kind,version_id,sort_order) VALUES ('pisniua_275292_l1','pisniua_275292','YouTube','https://www.youtube.com/watch?v=aRXkjZ3YzFA','video',NULL,1);
INSERT OR REPLACE INTO song_links (id,song_id,title,url,kind,version_id,sort_order) VALUES ('pisniua_275292_l2','pisniua_275292','YouTube','https://www.youtube.com/watch?v=jOEk1-u7qUQ','video',NULL,2);
INSERT OR REPLACE INTO song_links (id,song_id,title,url,kind,version_id,sort_order) VALUES ('pisniua_275292_l3','pisniua_275292','YouTube','https://www.youtube.com/watch?v=4ZMGJEnK2ok','video',NULL,3);
INSERT OR REPLACE INTO song_links (id,song_id,title,url,kind,version_id,sort_order) VALUES ('pisniua_275292_l4','pisniua_275292','YouTube','https://www.youtube.com/watch?v=m07IsxAE5h8','video',NULL,4);
INSERT OR REPLACE INTO songs (id,title,subtitle,lang,country,period,year,source,notes,lyrics,tags_json,lang_locked,status,created_at,updated_at) VALUES ('pisniua_273665','Ой на Чорному Морі на Білому Камені','(Про Бурю та Вітцеву-Матчину Молитву). Українська народна пісня','uk','ukraine_before_1917',NULL,NULL,'Українські релігійні роздуми про Спасіння © Видавництво "Павутинонька", Нью Йорк – Львів – Київ – Харків – Москва, 2003','Українські реліґійні роздуми про Воскресіння, Неволю і Спасіння. Пісні Великодні — Спасительні: світ не по Правді. Пісні-плачі Сокола-Прадіда. Бездільне Своє та Безрідне Ясне Соколя утеряв. Бездільний-безрідний і Безпомощний потопає. А десь ми поверх всякої міри гріха набрали. То од Отця-од-Матки Прощения не приймали. А єсть це нас Отцева-та-матчина Молитва покарала. На Святому Небі усі Звізди потьмарило. Рокове Коло. Стежки до листків про Українські традиції.','Ой на Чорному Морі / на Білому Камені
Ой то Там сидить Ясен Сокіл-Білозірець
Низенько голову склонив
Та жалібно квилить-проквиляє
Та на Святеє Небо / на Чорнеє Море
Іспильно поглядає
Що на Сьвятому Небі / на Чорному Морі
Негаразд починає

На Святому Небі усі Звізди потьмарило
Половина Місяця у Тьму уступило
На Чорному Морі Негаразд починає
Ізодна Моря сильно Хвиля вставає
Судна Козацькі-молодецькі на Три Части розбиває
Перву часть одбивало / у Тихий Дунай заношало
Другую часть одбивало / у Землю Грабськую
На Катергу Турецьку заношало
Третю часть одбивало / да на Чорному Морі затопляло

То тоже при тий части Два Братіки Рідненькі
Як Голубоньки Сивенькі
То вони потопали
Порятунку собі нівідкіля не мали
Да вони один до одного припливали
Словами промовляли / гірко ридали
Прощения домогали
Перед Господом Милосердним гріхи свої сповідали

Ой между ними
Третій Чужий-чужениця
Бездільний-безрідний і Безпомощний потопає
Порятунку собі нівідкіль не має
То Він до їх припливає
Словами промовляє / гірко сльозами ридає
Прощения домогає
Перед Господом Милосердним
Гріхи свої сповідає

Тоті Брати промовлять Словами
Обіллються гірко сльозами
Се-ж то нас Браття не Сильна Морська Хвиля затопляє
Се то Отцева Молитва і Материна
Нас видимо карає

Що як ми у Охотне військо виряжалися
То од Отця-од-Матки Прощения не приймали
Да Старую Матусю ми од себе а й стременами одпихали

То то-же ми собі превелику гордость мали
Старшого Брата у себе за Брата не мали
Сестру Середульшу марне зневажали
Близькому Сусіді Хліба-і-солі ізбавляли

То-же ми собі превелику гордость мали
Проти Божих церков їжджали
Шличків із голов не здиймали
На своє лице Хреста не клали
Милосердного Творця на поміч не призивали

Да по улицях кіньми вигравали
Да проти себе нікого не стрічали
Діток малих кіньми розбивали
Кров християньску на сиру землю проливали

Ей колиб то нас Браття могла Отцева-і-Матчина Молитва відсіля визволяти
То нехай же-б ми могли вже знати
Як Отцеву-і-Матчину Молитву штити-поважати
І Старшого Брата за Рідного Батька мати
Сестру Середульшую штити-поважати
Близького Сусіду у себе за Рідного Брата мати

То як стали Словами промовляти
Отцеву-і-Матчину Молитву споминати
Став Господь Милосердний їм помагати
Стало Чорне Море утихати
Та так-то утихало
Ніби не гуляло

То стали ті Два Брати к Берегу припливати
Стали за Білий Камінь рученьками брати
Да на Край вихожати
На Край Веселий
Между Мир Хрещений
У города християньскиї

Та до Отця-до-Матки в Гості прибувати
То тоже Отець-Мати навпроти Синів вихожали
Синів питали
Ой Сини Пани-Молодці
Чи Добре вам у Дорозі починало
Добре Отець-і-Мати нам було на Чорному Морі гуляти
Тільки Недобре було Отець-і-Мати
Чужому-чужениці на Чорному Морі потопати
Йому Прощения ні од кого приняти
І на Чужині Порятунку дати

Да услиши Господи у прозьбах у молитвах
Люду царському / народу християнському
І усім головам слухащим
На Многая Літа
До Конця Віка!','["pisni.org.ua", "cat:dumy", "cat:kozacki", "cat:socialno-pobutovi", "Думи", "Козацькі пісні", "Соціально-побутові пісні"]',1,'published',COALESCE((SELECT created_at FROM songs WHERE id='pisniua_273665'), datetime('now')),datetime('now'));
INSERT OR REPLACE INTO songs_fts(song_id,title,lyrics) VALUES ('pisniua_273665','Ой на Чорному Морі на Білому Камені','Ой на Чорному Морі / на Білому Камені
Ой то Там сидить Ясен Сокіл-Білозірець
Низенько голову склонив
Та жалібно квилить-проквиляє
Та на Святеє Небо / на Чорнеє Море
Іспильно поглядає
Що на Сьвятому Небі / на Чорному Морі
Негаразд починає

На Святому Небі усі Звізди потьмарило
Половина Місяця у Тьму уступило
На Чорному Морі Негаразд починає
Ізодна Моря сильно Хвиля вставає
Судна Козацькі-молодецькі на Три Части розбиває
Перву часть одбивало / у Тихий Дунай заношало
Другую часть одбивало / у Землю Грабськую
На Катергу Турецьку заношало
Третю часть одбивало / да на Чорному Морі затопляло

То тоже при тий части Два Братіки Рідненькі
Як Голубоньки Сивенькі
То вони потопали
Порятунку собі нівідкіля не мали
Да вони один до одного припливали
Словами промовляли / гірко ридали
Прощения домогали
Перед Господом Милосердним гріхи свої сповідали

Ой между ними
Третій Чужий-чужениця
Бездільний-безрідний і Безпомощний потопає
Порятунку собі нівідкіль не має
То Він до їх припливає
Словами промовляє / гірко сльозами ридає
Прощения домогає
Перед Господом Милосердним
Гріхи свої сповідає

Тоті Брати промовлять Словами
Обіллються гірко сльозами
Се-ж то нас Браття не Сильна Морська Хвиля затопляє
Се то Отцева Молитва і Материна
Нас видимо карає

Що як ми у Охотне військо виряжалися
То од Отця-од-Матки Прощения не приймали
Да Старую Матусю ми од себе а й стременами одпихали

То то-же ми собі превелику гордость мали
Старшого Брата у себе за Брата не мали
Сестру Середульшу марне зневажали
Близькому Сусіді Хліба-і-солі ізбавляли

То-же ми собі превелику гордость мали
Проти Божих церков їжджали
Шличків із голов не здиймали
На своє лице Хреста не клали
Милосердного Творця на поміч не призивали

Да по улицях кіньми вигравали
Да проти себе нікого не стрічали
Діток малих кіньми розбивали
Кров християньску на сиру землю проливали

Ей колиб то нас Браття могла Отцева-і-Матчина Молитва відсіля визволяти
То нехай же-б ми могли вже знати
Як Отцеву-і-Матчину Молитву штити-поважати
І Старшого Брата за Рідного Батька мати
Сестру Середульшую штити-поважати
Близького Сусіду у себе за Рідного Брата мати

То як стали Словами промовляти
Отцеву-і-Матчину Молитву споминати
Став Господь Милосердний їм помагати
Стало Чорне Море утихати
Та так-то утихало
Ніби не гуляло

То стали ті Два Брати к Берегу припливати
Стали за Білий Камінь рученьками брати
Да на Край вихожати
На Край Веселий
Между Мир Хрещений
У города християньскиї

Та до Отця-до-Матки в Гості прибувати
То тоже Отець-Мати навпроти Синів вихожали
Синів питали
Ой Сини Пани-Молодці
Чи Добре вам у Дорозі починало
Добре Отець-і-Мати нам було на Чорному Морі гуляти
Тільки Недобре було Отець-і-Мати
Чужому-чужениці на Чорному Морі потопати
Йому Прощения ні од кого приняти
І на Чужині Порятунку дати

Да услиши Господи у прозьбах у молитвах
Люду царському / народу християнському
І усім головам слухащим
На Многая Літа
До Конця Віка!');
INSERT OR REPLACE INTO songs (id,title,subtitle,lang,country,period,year,source,notes,lyrics,tags_json,lang_locked,status,created_at,updated_at) VALUES ('pisniua_274010','Сбором ідеме Полон несеме (2)',NULL,'uk','ukraine_before_1917',NULL,NULL,'Староукраїнська традиція служби Богу © Видавництво "Павутинонька", Нью Йорк – Львів – Київ – Харків – Москва, 2004','Царинна Пісня: Староукраїнські Колядки і Щедрівки ― Царинні Містерії. Рокове Коло. Цю Колядку співають як Пісню Царинну в часі походу в поле в Літі (вертаючись назад), на благословення поля, на Лемківщині. Гл. Ей Горе Горе сам тя Бог оре. А з Полянойки до Царинойки. Оборонь Боже Гори-Долини.','Сбором ідеме Полон несеме
Мольме ся Богу і всі посполу
Жеби нас Тучі не заходили
Злиї Вітрове не пановали

Оборонь Боже Гори-Долини
Гори-Долини Наші Царини
Прийми Божейку Труд-Дорожейку
Же ме обійшли Гори-Долини
Гори-Долини Наші Царини!','["pisni.org.ua", "cat:zeleni-svyata", "Пісні до Зелених свят"]',1,'published',COALESCE((SELECT created_at FROM songs WHERE id='pisniua_274010'), datetime('now')),datetime('now'));
INSERT OR REPLACE INTO songs_fts(song_id,title,lyrics) VALUES ('pisniua_274010','Сбором ідеме Полон несеме (2)','Сбором ідеме Полон несеме
Мольме ся Богу і всі посполу
Жеби нас Тучі не заходили
Злиї Вітрове не пановали

Оборонь Боже Гори-Долини
Гори-Долини Наші Царини
Прийми Божейку Труд-Дорожейку
Же ме обійшли Гори-Долини
Гори-Долини Наші Царини!');
INSERT OR REPLACE INTO songs (id,title,subtitle,lang,country,period,year,source,notes,lyrics,tags_json,lang_locked,status,created_at,updated_at) VALUES ('pisniua_27414','Вийди, змучена людьми','Музика: Кому Вниз Слова: Олександр Олесь. Виконує: Кому Вниз','uk','ukraine_1991',NULL,NULL,'http://songoftheheart.iatp.org.ua/',NULL,'С           Gm
Вийди, змучена людьми
І одурена думками,
Снами, мріями, казками,-
В лісі будем тільки ми.
В лісі дзвонять солов''ї,
Виливають щастя в звуки,
Виливають в звуки муки
C
Світові...

Вийди! Я нарву квіток
І встелю тобі дорогу
Як улюбленій, - як Богу,
Бо єдиний ти мій бог.
Вийди, в муках каяття
Я обмиюсь сліз дощами
І терновими кущами
Я ще раз пройду життя.
Стану я в своїй крові
C
Наче голуб білий стану
І розкрию свою рану,
В рані - рани світові.

І коли б уста твої
Не скривилися в прокльони,
В мене в серці вдарять дзвони,
Заспівають солов''ї.
З небом, з Богом я зіллюсь,
Сяйвом Вишнього з тобою,-
Кожний нерв зроблю струною,
Сам я арфою зроблюсь.
Як блаженний, я піду
Вгору кручами, ярами;
Буду ставить тобі храми,
Доки в небо не ввійду.','["pisni.org.ua", "cat:philosophic", "Філософські пісні"]',1,'published',COALESCE((SELECT created_at FROM songs WHERE id='pisniua_27414'), datetime('now')),datetime('now'));
INSERT OR REPLACE INTO songs_fts(song_id,title,lyrics) VALUES ('pisniua_27414','Вийди, змучена людьми','С           Gm
Вийди, змучена людьми
І одурена думками,
Снами, мріями, казками,-
В лісі будем тільки ми.
В лісі дзвонять солов''ї,
Виливають щастя в звуки,
Виливають в звуки муки
C
Світові...

Вийди! Я нарву квіток
І встелю тобі дорогу
Як улюбленій, - як Богу,
Бо єдиний ти мій бог.
Вийди, в муках каяття
Я обмиюсь сліз дощами
І терновими кущами
Я ще раз пройду життя.
Стану я в своїй крові
C
Наче голуб білий стану
І розкрию свою рану,
В рані - рани світові.

І коли б уста твої
Не скривилися в прокльони,
В мене в серці вдарять дзвони,
Заспівають солов''ї.
З небом, з Богом я зіллюсь,
Сяйвом Вишнього з тобою,-
Кожний нерв зроблю струною,
Сам я арфою зроблюсь.
Як блаженний, я піду
Вгору кручами, ярами;
Буду ставить тобі храми,
Доки в небо не ввійду.');
INSERT OR REPLACE INTO song_links (id,song_id,title,url,kind,version_id,sort_order) VALUES ('pisniua_27414_l1','pisniua_27414','YouTube','https://www.youtube.com/watch?v=P6IoWCWQ3X0','video',NULL,1);
INSERT OR REPLACE INTO song_links (id,song_id,title,url,kind,version_id,sort_order) VALUES ('pisniua_27414_l2','pisniua_27414','YouTube','https://www.youtube.com/watch?v=l3UtWrrDgLU','video',NULL,2);
INSERT OR REPLACE INTO song_links (id,song_id,title,url,kind,version_id,sort_order) VALUES ('pisniua_27414_l3','pisniua_27414','YouTube','https://www.youtube.com/watch?v=TmEx1fvgrTM','video',NULL,3);
INSERT OR REPLACE INTO song_links (id,song_id,title,url,kind,version_id,sort_order) VALUES ('pisniua_27414_l4','pisniua_27414','YouTube','https://www.youtube.com/watch?v=v9Z8QhXoHZU','video',NULL,4);
INSERT OR REPLACE INTO songs (id,title,subtitle,lang,country,period,year,source,notes,lyrics,tags_json,lang_locked,status,created_at,updated_at) VALUES ('pisniua_274313','Ой по потребі по потребі барзе царській','(Козацький Плач: про Хведора Бездольного-безродного)','uk','ukraine_before_1917',NULL,NULL,'Українські релігійні роздуми про Спасіння © Видавництво "Павутинонька", Нью Йорк – Львів – Київ – Харків – Москва, 2003','Українські реліґійні роздуми про Воскресіння, Неволю і Спасіння. Пісні Великодні — Спасительні: світ не по Правді. Пісні-плачі Сокола-Прадіда. Ой Ми зіслані на Признаванє. Ой же ж Добре ти учини. Да Премудрому Лицарю Славу учинили. Рокове Коло. Стежки до листків про Українські традиції.','Ой по потребі по потребі барзе царській
До там-то много війська гей понажено
Да через мечу положено
Да й ні єдиного тіла козацького молодецького
Живого не оставлено
Тільки поміжду тим трупом Хведор Бездольний
Посічений да порубаний
Дай на рани смертельниї не змагає
А коло його Джура Ярема гей промешкає!

До Хведор Бездольний-безродний гей
Промовляє Словами
Да обіллється горко Сльозами

Гей Джуро Яремо
До дарую я тобі по Смерті своєї
Коня Вороного
Ей а другого Білогривого
І Тягеля Червониї
Од піл до коміра Золотом гаптовані
І Шаблю Булатную
Пищаль Семип''ядную!

Ой да Добре ж ти дбай
Да на Коня сідай
Да передо мною повертай
Да нехай я буду знати
Ай чи удобен ти будеш проміждо Козаками пробувати

До Джура Ярема ой да Добре дбає
Да на Коня сідає
Ой да перед ним повертає
До Хведор Бездольний-безродний
Ей да промовляє Словами
Да обіллється горко Сльозами

Ой да благодарю ж Тебе Господа Милосердного
Ой що не ледай кому
Гей моя Худоба буде доставати
До він буде за мене Господа Милосердного прохати

Ей Джуро Яремо
Да Добре ж ти дбай
Да на Коня сідай
Да їдь понад Лугом-Базалугом
Та понад Дніпром-Славутою
До як Ушкала гудуть ей до ти схоронися
А як Лебеді ячать ей до ти озовися
А як Козаки йдуть Дніпром-Славутою
Ой до ти об''явися
Да Шличок на Копію іскладай
Ой да сам низенько укланяй
Наперед Господу Богу
І Батькові Кошовому
Отаману Войськовому
І Всьому Товариству Кревному-сердешному

Ой Добре же то він дбає
Ой да на Коня сідає
Да понад Лугом-Базалугом проїжджає
Понад Дніпром-Славутою
Ей да Козаків стрічає
Да Шличок на Копію складає
А сам низько укланяє
Наперед Господу Богу і Батькові Кошовому
Отаману Войськовому
І Всьому Товариству Кревному-й-сердешному

До-то Батько Кошовий
Отаман Войськовий
Промовляє словами
Ей Джуро Яремо!
Да не своїми ж ти Кіньми гуляєш
І не свої Тягеля Червониї
Од піл до коміра Золотом гаптовані
І не свою Шаблю Булатную
Не свою Пищаль Семип''ядну маєш
А десь ти свого Пана убив або істребив
Або ж ти молодого душі ізбавив

Ой Батьку Кошовий
Отамане Войськовий
Я свого Пана ані вбив ні стребив
Ані молодого душі я не збавив
А мій Пан лежить у Лузі-в-Базалузі
Постріляний да порубаний
І на рани смертельні не змагає
Да прошу я вас всенижающе
У Луг-Базалуг прибувати
Ой да тіло козацьке молодецькеє поховати
Да звіру-птиці на поталу не дати!

До-то Батько Кошовий
Отаман Войськовий
Да Добре він дбав
Да в Суботу із Семисот П''ятдесят Козаків вибирав
Да в Суботу проти Неділі
У Четвертій Полуношній Годині
У Луг-Базалуг Козаків висилав

Ой до вони прибували
Да тіло козацькеє знаходжали
На Червону Китайку клали
Тіло козацьке молодецьке обмивали
А шаблями суходол копали
А шапками да приполами перст носили
Да Високу Могилу висипали
І Прапірок у головах ей устромили
Да Премудрому Лицарю Славу учинили
А тим його поминали
Що в себе мали
Цвіленькими войськовими сухарями!

Услиши Господи у просьбах у молитвах
Люду царському
Народу християнському
І всім головам слухающим
Вот на Многії Літа
До Конця Віка
До Конця Віка!','["pisni.org.ua", "cat:dumy", "cat:kozacki", "Думи", "Козацькі пісні"]',1,'published',COALESCE((SELECT created_at FROM songs WHERE id='pisniua_274313'), datetime('now')),datetime('now'));
INSERT OR REPLACE INTO songs_fts(song_id,title,lyrics) VALUES ('pisniua_274313','Ой по потребі по потребі барзе царській','Ой по потребі по потребі барзе царській
До там-то много війська гей понажено
Да через мечу положено
Да й ні єдиного тіла козацького молодецького
Живого не оставлено
Тільки поміжду тим трупом Хведор Бездольний
Посічений да порубаний
Дай на рани смертельниї не змагає
А коло його Джура Ярема гей промешкає!

До Хведор Бездольний-безродний гей
Промовляє Словами
Да обіллється горко Сльозами

Гей Джуро Яремо
До дарую я тобі по Смерті своєї
Коня Вороного
Ей а другого Білогривого
І Тягеля Червониї
Од піл до коміра Золотом гаптовані
І Шаблю Булатную
Пищаль Семип''ядную!

Ой да Добре ж ти дбай
Да на Коня сідай
Да передо мною повертай
Да нехай я буду знати
Ай чи удобен ти будеш проміждо Козаками пробувати

До Джура Ярема ой да Добре дбає
Да на Коня сідає
Ой да перед ним повертає
До Хведор Бездольний-безродний
Ей да промовляє Словами
Да обіллється горко Сльозами

Ой да благодарю ж Тебе Господа Милосердного
Ой що не ледай кому
Гей моя Худоба буде доставати
До він буде за мене Господа Милосердного прохати

Ей Джуро Яремо
Да Добре ж ти дбай
Да на Коня сідай
Да їдь понад Лугом-Базалугом
Та понад Дніпром-Славутою
До як Ушкала гудуть ей до ти схоронися
А як Лебеді ячать ей до ти озовися
А як Козаки йдуть Дніпром-Славутою
Ой до ти об''явися
Да Шличок на Копію іскладай
Ой да сам низенько укланяй
Наперед Господу Богу
І Батькові Кошовому
Отаману Войськовому
І Всьому Товариству Кревному-сердешному

Ой Добре же то він дбає
Ой да на Коня сідає
Да понад Лугом-Базалугом проїжджає
Понад Дніпром-Славутою
Ей да Козаків стрічає
Да Шличок на Копію складає
А сам низько укланяє
Наперед Господу Богу і Батькові Кошовому
Отаману Войськовому
І Всьому Товариству Кревному-й-сердешному

До-то Батько Кошовий
Отаман Войськовий
Промовляє словами
Ей Джуро Яремо!
Да не своїми ж ти Кіньми гуляєш
І не свої Тягеля Червониї
Од піл до коміра Золотом гаптовані
І не свою Шаблю Булатную
Не свою Пищаль Семип''ядну маєш
А десь ти свого Пана убив або істребив
Або ж ти молодого душі ізбавив

Ой Батьку Кошовий
Отамане Войськовий
Я свого Пана ані вбив ні стребив
Ані молодого душі я не збавив
А мій Пан лежить у Лузі-в-Базалузі
Постріляний да порубаний
І на рани смертельні не змагає
Да прошу я вас всенижающе
У Луг-Базалуг прибувати
Ой да тіло козацьке молодецькеє поховати
Да звіру-птиці на поталу не дати!

До-то Батько Кошовий
Отаман Войськовий
Да Добре він дбав
Да в Суботу із Семисот П''ятдесят Козаків вибирав
Да в Суботу проти Неділі
У Четвертій Полуношній Годині
У Луг-Базалуг Козаків висилав

Ой до вони прибували
Да тіло козацькеє знаходжали
На Червону Китайку клали
Тіло козацьке молодецьке обмивали
А шаблями суходол копали
А шапками да приполами перст носили
Да Високу Могилу висипали
І Прапірок у головах ей устромили
Да Премудрому Лицарю Славу учинили
А тим його поминали
Що в себе мали
Цвіленькими войськовими сухарями!

Услиши Господи у просьбах у молитвах
Люду царському
Народу християнському
І всім головам слухающим
Вот на Многії Літа
До Конця Віка
До Конця Віка!');
INSERT OR REPLACE INTO songs (id,title,subtitle,lang,country,period,year,source,notes,lyrics,tags_json,lang_locked,status,created_at,updated_at) VALUES ('pisniua_273961','Гей на Великдень на Славний День',NULL,'uk','ukraine_before_1917',NULL,NULL,'Староукраїнська традиція служби Богу © Видавництво "Павутинонька", Нью Йорк – Львів – Київ – Харків – Москва, 2004','Царинна Пісня: Староукраїнські Колядки і Щедрівки... Коляда і Великдень ― Царинні Містерії. Рокове Коло. А з Полянойки до Царинойки. Чей би ся прияло Зелене Вино. Листки з приводу цієї пісні: Світові аналогії: традиції Різдва і Збору. Українські Містерії в часі повного розвитку Весни. Що означає Святий Збір? Містика Астральних Жнив. На Великдень Коляда!','Гей на Великдень на Славний День
Садило Дівча Зелене Вино
Садило-садило Богу ся молило
Спусти Божейку Чорну Хмаройку
Чорну Хмаройку Дрібного Дожджу
Чей би ся прияло Зелене Вино
Ей Вино ж Моє Зеленейкоє!

Прийшов до неї Татцейко Єї
Дай ми Дівойко хоть Галузь Вина
Або дармо дай або ми продай
Ні дармо не дам ані не продам
Бо Моє Вино Барз-дорогоє
Барз-дорогоє Непочатоє

Гей на Великдень на Славний День
Садило Дівча Зелене Вино
Садило-садило Богу ся молило
Спусти Божейку Чорну Хмаройку
Чорну Хмаройку Дрібного Дожджу
Чей би ся прияло Зелене Вино
Ей Вино ж Моє Зеленейкоє!

Прийшла до неї Мамцейка Єї
Дай ми Дівойко хоть Галузь Вина
Або дармо дай або ми продай

Ні дармо не дам а ні не продам
Бо Моє Вино Барз-дорогоє
Барз-дорогоє Непочатоє

Гей на Великдень на Славний День
Садило Дівча Зелене Вино
Садило-садило Богу ся молило
Спусти Божейку Чорну Хмаройку
Чорну Хмаройку Дрібного Дожджу
Чей би ся прияло Зелене Вино
Ей Вино ж Моє Зеленейкоє!

Прийшов до неї Милейкий Єї
Дай ми Милейка хоть Галузь Вина
Або дармо дай або ми продай
Тобі не продам лем ти дармо дам','["pisni.org.ua", "cat:vesnyanky-hayivky", "cat:zeleni-svyata", "Веснянки та гаївки", "Пісні до Зелених свят"]',1,'published',COALESCE((SELECT created_at FROM songs WHERE id='pisniua_273961'), datetime('now')),datetime('now'));
INSERT OR REPLACE INTO songs_fts(song_id,title,lyrics) VALUES ('pisniua_273961','Гей на Великдень на Славний День','Гей на Великдень на Славний День
Садило Дівча Зелене Вино
Садило-садило Богу ся молило
Спусти Божейку Чорну Хмаройку
Чорну Хмаройку Дрібного Дожджу
Чей би ся прияло Зелене Вино
Ей Вино ж Моє Зеленейкоє!

Прийшов до неї Татцейко Єї
Дай ми Дівойко хоть Галузь Вина
Або дармо дай або ми продай
Ні дармо не дам ані не продам
Бо Моє Вино Барз-дорогоє
Барз-дорогоє Непочатоє

Гей на Великдень на Славний День
Садило Дівча Зелене Вино
Садило-садило Богу ся молило
Спусти Божейку Чорну Хмаройку
Чорну Хмаройку Дрібного Дожджу
Чей би ся прияло Зелене Вино
Ей Вино ж Моє Зеленейкоє!

Прийшла до неї Мамцейка Єї
Дай ми Дівойко хоть Галузь Вина
Або дармо дай або ми продай

Ні дармо не дам а ні не продам
Бо Моє Вино Барз-дорогоє
Барз-дорогоє Непочатоє

Гей на Великдень на Славний День
Садило Дівча Зелене Вино
Садило-садило Богу ся молило
Спусти Божейку Чорну Хмаройку
Чорну Хмаройку Дрібного Дожджу
Чей би ся прияло Зелене Вино
Ей Вино ж Моє Зеленейкоє!

Прийшов до неї Милейкий Єї
Дай ми Милейка хоть Галузь Вина
Або дармо дай або ми продай
Тобі не продам лем ти дармо дам');
INSERT OR REPLACE INTO songs (id,title,subtitle,lang,country,period,year,source,notes,lyrics,tags_json,lang_locked,status,created_at,updated_at) VALUES ('pisniua_275675','Питається Дніпр Тихого Дуная','Українська народна пісня','uk','ukraine_before_1917',NULL,NULL,'Українські релігійні роздуми про Спасіння © Видавництво "Павутинонька", Нью Йорк – Львів – Київ – Харків – Москва, 2003','Українські реліґійні роздуми про Воскресіння, Неволю і Спасіння. Пісні Великодні — Спасительні: світ не по Правді. Пісні-плачі Сокола-Прадіда. Бездільне Своє та Безрідне Ясне Соколя утеряв. Шо я Своїх Козаків на Тобі не видаю. А десь ми поверх всякої міри гріха набрали. Сребра-злата по достатках набирали. Листки з приводу цієї Пісні: Українські реліґійні пісні-роздуми про Неволю та Спасіння. Плач Сокола. Традиції Батька. Коляда і Великдень: Різдво і Відродження Світа. Рокове Коло. Стежки до листків про Українські традиції. Ті Козаки ― Добре знали! Ця Пісня, своєю структурою і змістом, повторює Пісню про Сокола і Соколя. Обидві ― це розмови про дітей та їх долю ― неволю служби, у світі не по Правді. Ясний Сокіл утеряв і шукає Своє Соколя, а Дніпр-батько-славута ― Своїх Козаків. Питається Дніпр Тихого Дуная Тихий Дунаю Шо я Своїх Козаків на Тобі не видаю... Промолвит Тихий Дунай до Дніпра-славута Дніпр-батьку-славуто Сам собі думаю да гадаю Шо Твоїх Козаків у собі не видаю Батько-Дніпр-славута говорить з Тихим Дунаєм (=Ясний Сокіл і Орел Сизокрилий) про Своїх Козаків (=Діти, Ясні Соколята), що він їх більше не видить на Тихому Дунаї. Тихий Дунай підтверджує це і сам дивується. "Тихий Дунай" ― Колядний образ Праводи, космічних Творчих Вод (=Синє Море =Чисте Поле =Правдивий простір, також =Світ Різдва). Саме Там ― шукає і не знаходить Своїх Дітей Батько-дніпр-славута (символ Прадіда, Прабатька)....Коториє Козаки Чистим Полем гуляли Річки Низовиї Помошниці Дніпровиї Добре знали Тут неоднозначність: (1) чи ― Річки добре знали, які Козаки в Чистому Полі гуляли! (2) чи ― Козаки, що гуляли в Чистому Полі, добре знали Ті Річки, (3) чи ― Козаки знали Ті Річки і Добре! (Правода = Чисте Поле = простір Добра, Правдивий простір). Козаки, які Чистим Полем гуляли, які Річки Низовії Помошниці Дніпровії та Добре знали, ― це Його Діти, Правдиві козаки. Але Там ― в Тихому Дунаї ― Правдивих козаків давно вже немає (порівняти з Колядним: уже давно як Правди нема, ― Ой в Чистім Поли блисько Дороги). Уже Чтверь Года Три Місяця вибиває Як Твоїх Козаків у мене немає Чи мова не про Четвер напередодні Великодня? І про три переміни Місяця ― Три Місяці, які вибили пору Ніва (три дні від Четвера до Неділі)? За Тим приходить Відродження Світа, Воскресіння, ― з''являється Новий Місяць. Якщо так, то тут у Пісні ― вираз тривоги. Вже надходить Великодній час, пора відродження всього живого, природи і людей, а правдивих козаків все не видно. Якщо Четвер тижня ― день, то Четвер в Роковому Колі ― Цвітень, коли б мало все зацвісти, але незацвіло: всі квіти пониділи. Тобто цю тривогу Пісня виражає ще по-інакшому. Всі Мої Квіти Луговиє і Низовиє понидєли Шо Твоїх Козаків у себе не виділи Втрата Дітей відбивається в Природі, в усьому Космосі, ― цвіти (на Райському Дереві) = зорі = діти. Як і в Пісні про Ясне Соколя, тут символіка викрадення Світа, згасання Правди, забуття Ідеалу щастя, давнього Закону Любови. Ні Моє Дунайськеє Гирло Твоїх Козаків не пожерло Ні Моя Дунайська Вода Твоїх Козаків не забрала Їх Турки не постреляли не порубали До Города-царя в полон не забрали... Замість любови рідні, родинного щастя з дітьми ― пошуки здобичі, плюндрування, пропивання награбованого. Не видно жодного високого чинника походу. Городи бусурменські плюндрували Огнем-мечем воєвали Сребра-злата по достатках набирали... Сребро-і-злато Турецьке на три части паївали Мед і оковиту горілку подпівали.. Соколя викрали і поневолили ― Пута Срібні (Золоті) на ногах, Жемчуж на очі. Царигород на срібло-злото багатий, є що їсти і пити. Тільки немає чоловікові од Радості. Козаків у Чистому Полі нема, Там вони живності більше не шукають. Їх ні вода не забрала, ні турки не постріляли, не порубали, ні до Города-царя в полон не забрали. Вони в добровільній неволі служби панам-царям, світу не по Правді, ― на війнах пробувають, городи чужі плюндрують, здобич паюють і пропивають. Їм потрібне срібло-злото, яке в шапки набирають і за яке дають в шинку горілки: Гомін гомін по діброві Вилинули Соколи с Чужої Сторони Колядки все тужать, що вже давно, як Правди нема, як Правда погасла, бо цар на царя військо збирає... Ой в Чистім Поли блисько Дороги Ім''я "Іван Богословець" в Пісні про Сокола і Соколя ― мабуть значить, що він все слова про Бога проказує. Козаки після плюндрувань, паювання здобичі та випивки ― за весь мир Господа просять! Але Річки Низовії Помошниці Дніпровії ― не узнають у них Тих Козаків, які Чистим Полем гуляли і ― Добре знали! Ясний Сокіл визволяє Соколя до Чистого Поля (=Правдивий простір). Це взірець до роздумів про тих козаків, які чужі городи плюндрують, сребра-злата по достатках набирають, горілку подпівають. Це їх душі: Шо за нї нїхто не знає Шо они припадками пропадают Шо они бутинами побиті дорогами покалїчені Пострачувані водою потоплені За котрих нїхто не знає лягаючи і встаючи Нїхто не згадає дорогов ідучи А они бідні душі гірко в пеклї прибувают І Цего Свйитого Вечера чекают Це душі тих козаків, які не зуміли померти в Чистому Полі. Таких душ "в пеклі прибуває" ― все більше і більше?','Питається Дніпр Тихого Дуная
Тихий Дунаю
Шо я Своїх Козаків на Тобі не видаю
Чи Твоє Дунайськеє Гирло Моїх Козаків пожерло

Чи Твоя Дунай-Вода Моїх Козаків забрала
Промолвит Тихий Дунай до Дніпра-славута
Дніпр-батьку-славуто
Сам собі думаю да гадаю
Шо Твоїх Козаків у собі не видаю

Уже Чтверь Года Три Місяця вибиває
Як Твоїх Козаків у мене немає
Ні Моє Дунайськеє Гирло Твоїх Козаків не пожерло
Ні Моя Дунайська Вода Твоїх Козаків не забрала
Їх Турки не постреляли не порубали

До Города-царя в полон не забрали...
Всі Мої Квіти Луговиє і Низовиє понидєли
Шо Твоїх Козаків у себе не виділи
Твої козаки на Черкеській горі пробувают
Холодной води в барила набирают

Шляхи і дороги замічали
Городи Бусурменські плюндрували
Огнем-мечем воєвали
Сребра-злата по достатках набирали
До річки Хортеці прибували

Велику переправу собі мали
До Стародавной Січи поспішали
У Стародавной Січи очертою сідали
Сребро-і-злато Турецьке на три части паївали
Мед і оковиту горілку подпівали

За весь мир Господа прохали
Коториє Козаки Чистим Полем гуляли
Річки Низовиї Помошниці Дніпровиї
Добре знали','["pisni.org.ua", "cat:dumy", "cat:istorychni", "cat:kozacki", "cat:socialno-pobutovi", "cat:suspilno-politychni", "Думи", "Історичні пісні", "Козацькі пісні", "Соціально-побутові пісні", "Суспільно-політичні пісні"]',1,'published',COALESCE((SELECT created_at FROM songs WHERE id='pisniua_275675'), datetime('now')),datetime('now'));
INSERT OR REPLACE INTO songs_fts(song_id,title,lyrics) VALUES ('pisniua_275675','Питається Дніпр Тихого Дуная','Питається Дніпр Тихого Дуная
Тихий Дунаю
Шо я Своїх Козаків на Тобі не видаю
Чи Твоє Дунайськеє Гирло Моїх Козаків пожерло

Чи Твоя Дунай-Вода Моїх Козаків забрала
Промолвит Тихий Дунай до Дніпра-славута
Дніпр-батьку-славуто
Сам собі думаю да гадаю
Шо Твоїх Козаків у собі не видаю

Уже Чтверь Года Три Місяця вибиває
Як Твоїх Козаків у мене немає
Ні Моє Дунайськеє Гирло Твоїх Козаків не пожерло
Ні Моя Дунайська Вода Твоїх Козаків не забрала
Їх Турки не постреляли не порубали

До Города-царя в полон не забрали...
Всі Мої Квіти Луговиє і Низовиє понидєли
Шо Твоїх Козаків у себе не виділи
Твої козаки на Черкеській горі пробувают
Холодной води в барила набирают

Шляхи і дороги замічали
Городи Бусурменські плюндрували
Огнем-мечем воєвали
Сребра-злата по достатках набирали
До річки Хортеці прибували

Велику переправу собі мали
До Стародавной Січи поспішали
У Стародавной Січи очертою сідали
Сребро-і-злато Турецьке на три части паївали
Мед і оковиту горілку подпівали

За весь мир Господа прохали
Коториє Козаки Чистим Полем гуляли
Річки Низовиї Помошниці Дніпровиї
Добре знали');
INSERT OR REPLACE INTO songs (id,title,subtitle,lang,country,period,year,source,notes,lyrics,tags_json,lang_locked,status,created_at,updated_at) VALUES ('pisniua_276961','Зона','Музика: Ігор Білозір Слова: Богдан Стельмах. Виконує: Оксана Білозір','uk','ukraine_1991',NULL,NULL,'аудіозапис',NULL,'Там наша мати вперше відкрила нам
Першого слова радісну тайну,
Марево пісні, неба синій храм,
А там чорну, як човен, дідову труну.
Там непогасно наша горить свіча,
Не замести там наш споконвічний слід,
Кожну дитину, наче лечеча з плеча,
Батько пускав там у широкий світ.

Приспів:
Зоною назвали мій родинний край,
Де медами пахла нива золота,
Де кипіло небо від пташиних зграй,
І котили хвилі пшениці-жита.
Зоною назвали мій родинний край,
Де ніхто не сіє, де ніхто не жне,
Клякну при дорозі, крикну: "Не вмирай!"
І земля почує, і простить мене.

Води там тихі, як Великодній ряст,
Зорі там чисті, як передзвін Різдва.
Там ми кохали юнні і для нас не раз
Там цвіркунами тішилась трава.
Скільки веселих там гомоніло сіл,
Скільки барвистих там квітувало піль! -
Виїла очі радіоактивна сіль,
Випалив серце невтишимий біль.

Приспів. (3)','["pisni.org.ua", "cat:chornobyl", "cat:suspilno-politychni", "Чорнобильська катастрофа: пісні", "Суспільно-політичні пісні"]',1,'published',COALESCE((SELECT created_at FROM songs WHERE id='pisniua_276961'), datetime('now')),datetime('now'));
INSERT OR REPLACE INTO songs_fts(song_id,title,lyrics) VALUES ('pisniua_276961','Зона','Там наша мати вперше відкрила нам
Першого слова радісну тайну,
Марево пісні, неба синій храм,
А там чорну, як човен, дідову труну.
Там непогасно наша горить свіча,
Не замести там наш споконвічний слід,
Кожну дитину, наче лечеча з плеча,
Батько пускав там у широкий світ.

Приспів:
Зоною назвали мій родинний край,
Де медами пахла нива золота,
Де кипіло небо від пташиних зграй,
І котили хвилі пшениці-жита.
Зоною назвали мій родинний край,
Де ніхто не сіє, де ніхто не жне,
Клякну при дорозі, крикну: "Не вмирай!"
І земля почує, і простить мене.

Води там тихі, як Великодній ряст,
Зорі там чисті, як передзвін Різдва.
Там ми кохали юнні і для нас не раз
Там цвіркунами тішилась трава.
Скільки веселих там гомоніло сіл,
Скільки барвистих там квітувало піль! -
Виїла очі радіоактивна сіль,
Випалив серце невтишимий біль.

Приспів. (3)');
INSERT OR REPLACE INTO songs (id,title,subtitle,lang,country,period,year,source,notes,lyrics,tags_json,lang_locked,status,created_at,updated_at) VALUES ('pisniua_27797','Лишайся, мила, не плач, кохана','(Марш УHCО). Музика: народна','uk','ukraine_before_1917',NULL,NULL,'http://www.shulga.kiev.ua',NULL,'H7
Лишайся, мила,  не плач, кохана,
За твої думи і сина спокійний сон
Я вранці рано у партизани
Піду з боївкою УHCО
Я вийшов з мiста, я встав з окопу
Спливають кров''ю Абхазія і Дністер
і від Донбасу до Перекопу
Два переходи БТР
Не плач, кохана, вже сурми грають,
Тебе згадаю в застінку перед кінцем
Бо хто воює, той не вмирає,
Повік залишиться бійцем
До ліктя лікоть стає підмога
О, мила, чао, белла, чао, белла, чао, чао, чао
і од порога і до порога
Йде наша правда, наш звичай
В бою загинуть - не на базарі
Сьогодні - я , завтра - він, післязавтра - ти,
Кому - на лаврах, кому - на нарах,
Кому - в УHCО, кому - в менти
Нас криють міни, гірська дорога
і кожен з нас сто раз вмер і сто раз воскрес
і ось я вперше молюся Богу
Як хрест стискаю АКС
Ми знову разом на барикадах
і не здригнеться твоя і моя рука
"УHCО - до штурму, УHА - до Влади!" -
Звучить наказ провідника
Снаряди свищуть, тріщить бруківка,
Моє кохання давно є одна війна
Мій дім - руїни, сім''я - боївка,
А заповіт - статут УHА
Нехай гуркочуть бої запеклі
Бо краще згинути вовком, ніж жити псом
У рай не пустять, проте у пеклі
Я твердо знаю є УHCО.
У рай не пустять, проте у пеклі
Я твердо знаю є УHCО.','["pisni.org.ua", "cat:himny-marshi", "cat:patriotic", "Гимни та марші", "Патріотичні пісні"]',1,'published',COALESCE((SELECT created_at FROM songs WHERE id='pisniua_27797'), datetime('now')),datetime('now'));
INSERT OR REPLACE INTO songs_fts(song_id,title,lyrics) VALUES ('pisniua_27797','Лишайся, мила, не плач, кохана','H7
Лишайся, мила,  не плач, кохана,
За твої думи і сина спокійний сон
Я вранці рано у партизани
Піду з боївкою УHCО
Я вийшов з мiста, я встав з окопу
Спливають кров''ю Абхазія і Дністер
і від Донбасу до Перекопу
Два переходи БТР
Не плач, кохана, вже сурми грають,
Тебе згадаю в застінку перед кінцем
Бо хто воює, той не вмирає,
Повік залишиться бійцем
До ліктя лікоть стає підмога
О, мила, чао, белла, чао, белла, чао, чао, чао
і од порога і до порога
Йде наша правда, наш звичай
В бою загинуть - не на базарі
Сьогодні - я , завтра - він, післязавтра - ти,
Кому - на лаврах, кому - на нарах,
Кому - в УHCО, кому - в менти
Нас криють міни, гірська дорога
і кожен з нас сто раз вмер і сто раз воскрес
і ось я вперше молюся Богу
Як хрест стискаю АКС
Ми знову разом на барикадах
і не здригнеться твоя і моя рука
"УHCО - до штурму, УHА - до Влади!" -
Звучить наказ провідника
Снаряди свищуть, тріщить бруківка,
Моє кохання давно є одна війна
Мій дім - руїни, сім''я - боївка,
А заповіт - статут УHА
Нехай гуркочуть бої запеклі
Бо краще згинути вовком, ніж жити псом
У рай не пустять, проте у пеклі
Я твердо знаю є УHCО.
У рай не пустять, проте у пеклі
Я твердо знаю є УHCО.');
INSERT OR REPLACE INTO song_links (id,song_id,title,url,kind,version_id,sort_order) VALUES ('pisniua_27797_l1','pisniua_27797','Переглянути варіанти >>','https://www.pisni.org.ua/#variants','external',NULL,1);
INSERT OR REPLACE INTO songs (id,title,subtitle,lang,country,period,year,source,notes,lyrics,tags_json,lang_locked,status,created_at,updated_at) VALUES ('pisniua_276420','Вінок з барвінку','(Весілля в Карпатах). Музика: Олексій Сердюк Слова: Мирослав Воньо. Виконує: Віктор Павлік','uk','ukraine_before_1917',NULL,NULL,'аудіозапис',NULL,'Ніжно цвіте в Карпатах
Барвіночок хрещатий.
Вітер насіяв, дощ поливав,          |
То ж на вінки дівчатам.             | (2)

Як заграє танець музика троїста,
Чути, що весілля із села у місто.
Чарівна сопілка, скрипка та цимбали |
Так іще ніколи весело не грали.     | (2)

Та не сумуй, матусю,
Що рано видаюся.
Доля дівоча - заміж іти,            |
До весілля готуйся.                 | (2)

Врода іде з красою -
Молодий з молодою.
Вже той барвінок щастя приніс,      |
Що розквітав весною.                | (2)

Як заграє танець музика троїста,
Чути, що весілля із села у місто.
Чарівна сопілка, скрипка та цимбали
Так іще ніколи весело не грали','["pisni.org.ua", "cat:vesilni", "Весільні пісні"]',1,'published',COALESCE((SELECT created_at FROM songs WHERE id='pisniua_276420'), datetime('now')),datetime('now'));
INSERT OR REPLACE INTO songs_fts(song_id,title,lyrics) VALUES ('pisniua_276420','Вінок з барвінку','Ніжно цвіте в Карпатах
Барвіночок хрещатий.
Вітер насіяв, дощ поливав,          |
То ж на вінки дівчатам.             | (2)

Як заграє танець музика троїста,
Чути, що весілля із села у місто.
Чарівна сопілка, скрипка та цимбали |
Так іще ніколи весело не грали.     | (2)

Та не сумуй, матусю,
Що рано видаюся.
Доля дівоча - заміж іти,            |
До весілля готуйся.                 | (2)

Врода іде з красою -
Молодий з молодою.
Вже той барвінок щастя приніс,      |
Що розквітав весною.                | (2)

Як заграє танець музика троїста,
Чути, що весілля із села у місто.
Чарівна сопілка, скрипка та цимбали
Так іще ніколи весело не грали');
INSERT OR REPLACE INTO song_links (id,song_id,title,url,kind,version_id,sort_order) VALUES ('pisniua_276420_l1','pisniua_276420','YouTube','https://www.youtube.com/watch?v=DQIAxUSwj5Y','video',NULL,1);
INSERT OR REPLACE INTO song_links (id,song_id,title,url,kind,version_id,sort_order) VALUES ('pisniua_276420_l2','pisniua_276420','YouTube','https://www.youtube.com/watch?v=DmB4Nnn1xN0','video',NULL,2);
INSERT OR REPLACE INTO song_links (id,song_id,title,url,kind,version_id,sort_order) VALUES ('pisniua_276420_l3','pisniua_276420','YouTube','https://www.youtube.com/watch?v=bnzdEL5Y5Ac','video',NULL,3);
INSERT OR REPLACE INTO songs (id,title,subtitle,lang,country,period,year,source,notes,lyrics,tags_json,lang_locked,status,created_at,updated_at) VALUES ('pisniua_27498','Стоїть явір над водою','Музика: Семен Гулак-Артемовський Слова: Семен Гулак-Артемовський. Виконує: Михайло Гришко, Чоловіча хорова капела України ім. Ревуцького, Вадим Швидкий','uk','ukraine_before_1917',NULL,NULL,'Перлини української народної пісні. 1991 р. Бібліотека поета. Народна лірика.','* варіант: Як же мені не хилитись – Вода корінь миє; Як же мені не журитись – Коли серце ниє!','Стоїть явір над водою,
В воду похилився,
На козака пригодонька:
Козак зажурився.

Не хилися, явороньку,
Ще ж ти зелененький,
Не журися, козаченьку,
Ще ж ти молоденький!

Не рад явір хилитися -
Вода корінь миє!
Не рад козак журитися,
Так серденько ниє. *

Ой поїхав з України
Козак молоденький -
Оріхове сіделечко
Ще й кінь вороненький.

Ой поїхав на чужину
Та там і загинув,
Свою рідну Україну
Навіки покинув.

Звелів собі насипати
Високу могилу,
Звелів собі посадити
Червону калину.

"Будуть пташки прилітати,
Калиноньку їсти,
Будуть мені приносити
З України вісті!"','["pisni.org.ua", "cat:kozacki", "cat:patriotic", "Козацькі пісні", "Патріотичні пісні"]',1,'published',COALESCE((SELECT created_at FROM songs WHERE id='pisniua_27498'), datetime('now')),datetime('now'));
INSERT OR REPLACE INTO songs_fts(song_id,title,lyrics) VALUES ('pisniua_27498','Стоїть явір над водою','Стоїть явір над водою,
В воду похилився,
На козака пригодонька:
Козак зажурився.

Не хилися, явороньку,
Ще ж ти зелененький,
Не журися, козаченьку,
Ще ж ти молоденький!

Не рад явір хилитися -
Вода корінь миє!
Не рад козак журитися,
Так серденько ниє. *

Ой поїхав з України
Козак молоденький -
Оріхове сіделечко
Ще й кінь вороненький.

Ой поїхав на чужину
Та там і загинув,
Свою рідну Україну
Навіки покинув.

Звелів собі насипати
Високу могилу,
Звелів собі посадити
Червону калину.

"Будуть пташки прилітати,
Калиноньку їсти,
Будуть мені приносити
З України вісті!"');
INSERT OR REPLACE INTO song_links (id,song_id,title,url,kind,version_id,sort_order) VALUES ('pisniua_27498_l1','pisniua_27498','YouTube','https://www.youtube.com/watch?v=NdsIJx9flRQ','video',NULL,1);
INSERT OR REPLACE INTO song_links (id,song_id,title,url,kind,version_id,sort_order) VALUES ('pisniua_27498_l2','pisniua_27498','YouTube','https://www.youtube.com/watch?v=7osR18Xs3Bs','video',NULL,2);
INSERT OR REPLACE INTO song_links (id,song_id,title,url,kind,version_id,sort_order) VALUES ('pisniua_27498_l3','pisniua_27498','YouTube','https://www.youtube.com/watch?v=YyX7MM1VdPI','video',NULL,3);
INSERT OR REPLACE INTO song_links (id,song_id,title,url,kind,version_id,sort_order) VALUES ('pisniua_27498_l4','pisniua_27498','YouTube','https://www.youtube.com/watch?v=xvzl_1D2cSo','video',NULL,4);
INSERT OR REPLACE INTO song_links (id,song_id,title,url,kind,version_id,sort_order) VALUES ('pisniua_27498_l5','pisniua_27498','YouTube','https://www.youtube.com/watch?v=PJlp89ozzNc','video',NULL,5);
INSERT OR REPLACE INTO song_links (id,song_id,title,url,kind,version_id,sort_order) VALUES ('pisniua_27498_l6','pisniua_27498','Переглянути варіанти >>','https://www.pisni.org.ua/#variants','external',NULL,6);
INSERT OR REPLACE INTO songs (id,title,subtitle,lang,country,period,year,source,notes,lyrics,tags_json,lang_locked,status,created_at,updated_at) VALUES ('pisniua_27596','Починатся Гостина','Українська народна пісня','uk','ukraine_1991',NULL,'1997','Фольклорні матеріали з отчого краю. Зібрали В.Сокіл та Г.Сокіл.- Львів, 1998','Царинна Пісня: Староукраїнські Колядки і Щедрівки ― Царинні Містерії. Рокове Коло. "Вили вінці із бука, з якихось квітів і клали на хрести на царині. Но й священик іде по царині з процесіями, з фанами і святит. І гостят потім. Ішли горі Минчолом і полонинами вийшли на Воловець. З Волівця - на Бреґул. Оде на Бреґул, тогди у Скалянках кирниця є, і там уже води напилися, і тогди на Багноватий. А з Багноватого на Товстий і долі вирьхом у село до Євдощака - там послінний хрест. Потім впрова, впрова до Гончаря, тоди зийшли у цвонтарь і всьо." Зап. В.Сокіл 28 квітня 1997 року у с. Ялинкуватому від Хрипти Олени, 1913 року народж. А з Полянойки до Царинойки. Тай а почав Ї Богойко. Листки з приводу цієї пісні: Світові аналогії: традиції Різдва і Збору. Українські Містерії в часі повного розвитку Весни.','Починатся Гостина    |2
Від Бога Господина

Тай а почав Ї Богойко |2
Тай Наш Любий Попойко','["pisni.org.ua", "cat:boykivski", "cat:zeleni-svyata", "Пісні з Бойківщини", "Пісні до Зелених свят"]',1,'published',COALESCE((SELECT created_at FROM songs WHERE id='pisniua_27596'), datetime('now')),datetime('now'));
INSERT OR REPLACE INTO songs_fts(song_id,title,lyrics) VALUES ('pisniua_27596','Починатся Гостина','Починатся Гостина    |2
Від Бога Господина

Тай а почав Ї Богойко |2
Тай Наш Любий Попойко');
INSERT OR REPLACE INTO songs (id,title,subtitle,lang,country,period,year,source,notes,lyrics,tags_json,lang_locked,status,created_at,updated_at) VALUES ('pisniua_276111','Пісня переселенців з Лемківщини','Українська народна пісня. Виконує: Василь Жданкін','uk','ukraine_before_1917',NULL,NULL,'аудіозапис',NULL,'Туман, туман долинами,
Тяжко жити з ворогами
Гірнякові на чужині,
Не в діброві, полонині.

Сонце гріє, вітер віє,
Гірнякові серце мліє,
Плаче, тужить за горами,
Що не зжився з долинами.

Як я, браття, тут сконаю,
Завезіть мя там, де знаю,
завезіть мя на Вкраїну,
Де родився, най там згину.

Ой, помалу-помаленьку
Котять сльози доличеньку
Зірви, мила, яворину
Гірнякові на спомину.

Ой помалу-помаленьку
Котять сльози доличеньку,
Ані м''яти, ані рути,
Десь тут гірняк мусить бути.','["pisni.org.ua", "cat:emigration", "Пісні про еміґрацію"]',1,'published',COALESCE((SELECT created_at FROM songs WHERE id='pisniua_276111'), datetime('now')),datetime('now'));
INSERT OR REPLACE INTO songs_fts(song_id,title,lyrics) VALUES ('pisniua_276111','Пісня переселенців з Лемківщини','Туман, туман долинами,
Тяжко жити з ворогами
Гірнякові на чужині,
Не в діброві, полонині.

Сонце гріє, вітер віє,
Гірнякові серце мліє,
Плаче, тужить за горами,
Що не зжився з долинами.

Як я, браття, тут сконаю,
Завезіть мя там, де знаю,
завезіть мя на Вкраїну,
Де родився, най там згину.

Ой, помалу-помаленьку
Котять сльози доличеньку
Зірви, мила, яворину
Гірнякові на спомину.

Ой помалу-помаленьку
Котять сльози доличеньку,
Ані м''яти, ані рути,
Десь тут гірняк мусить бути.');
INSERT OR REPLACE INTO song_links (id,song_id,title,url,kind,version_id,sort_order) VALUES ('pisniua_276111_l1','pisniua_276111','Переглянути варіанти >>','https://www.pisni.org.ua/#variants','external',NULL,1);
INSERT OR REPLACE INTO songs (id,title,subtitle,lang,country,period,year,source,notes,lyrics,tags_json,lang_locked,status,created_at,updated_at) VALUES ('pisniua_27512','Ой за річкою та й за Синюхою','Українська народна пісня','uk','ukraine_before_1917',NULL,NULL,'Бібліотека поета. Народна лірика.',NULL,'Ой за річкою та й за Синюхою
Та виросли ожини;
"Гей, давай, давай, батьку, переміни,
Бо далебі, загинем!" -

"Гей, не річ моя, славні запорожці,
Переміни давати,
Гей, просіть собі, славні запорожці,
У цариці зарплати!"

Гей, дала, дала славним запорожцям
Та цариця зарплату,
Що понабивали на ноги кайдани,
Дали в руки лопату.

Що понабивали на ноги кайдани,
Дали в руки лопати,
Гей, іще й послали на "легку роботу" -
Та канави копати.

Гей, летить ворон та із чужих сторон
Та він крилами має;
Гей, сидить сірома та над канавою
Та сорочку латає.

Гей, летить ворон та із чужих сторон
Та літаючи закрякав;
Гей, сидить сірома та над канавою
Та сидячи заплакав.','["pisni.org.ua", "cat:istorychni", "cat:kozacki", "Історичні пісні", "Козацькі пісні"]',1,'published',COALESCE((SELECT created_at FROM songs WHERE id='pisniua_27512'), datetime('now')),datetime('now'));
INSERT OR REPLACE INTO songs_fts(song_id,title,lyrics) VALUES ('pisniua_27512','Ой за річкою та й за Синюхою','Ой за річкою та й за Синюхою
Та виросли ожини;
"Гей, давай, давай, батьку, переміни,
Бо далебі, загинем!" -

"Гей, не річ моя, славні запорожці,
Переміни давати,
Гей, просіть собі, славні запорожці,
У цариці зарплати!"

Гей, дала, дала славним запорожцям
Та цариця зарплату,
Що понабивали на ноги кайдани,
Дали в руки лопату.

Що понабивали на ноги кайдани,
Дали в руки лопати,
Гей, іще й послали на "легку роботу" -
Та канави копати.

Гей, летить ворон та із чужих сторон
Та він крилами має;
Гей, сидить сірома та над канавою
Та сорочку латає.

Гей, летить ворон та із чужих сторон
Та літаючи закрякав;
Гей, сидить сірома та над канавою
Та сидячи заплакав.');
INSERT OR REPLACE INTO songs (id,title,subtitle,lang,country,period,year,source,notes,lyrics,tags_json,lang_locked,status,created_at,updated_at) VALUES ('pisniua_277192','Ой заграй ми музико','Українська народна пісня','uk','ukraine_before_1917',NULL,NULL,'аудіозапис','альбом "Карпатія. Етнічна музика України"','Ой заграй мі музика на цілого смика,
А я ті заплачу, як продам коника.
Ой грайте же мі, грайте мої музиканти
А я вам не заплачу - ви ся не старайте.
Ой грають музиканти, грають і басують,
А у мої очка слези ся катують.
Заграй мі музика, заграйте мі баси,
Най шось витанцюю в свої млади часи.
Най шось витанцюю в свої млади часи...','["pisni.org.ua", "cat:socialno-pobutovi", "Соціально-побутові пісні"]',1,'published',COALESCE((SELECT created_at FROM songs WHERE id='pisniua_277192'), datetime('now')),datetime('now'));
INSERT OR REPLACE INTO songs_fts(song_id,title,lyrics) VALUES ('pisniua_277192','Ой заграй ми музико','Ой заграй мі музика на цілого смика,
А я ті заплачу, як продам коника.
Ой грайте же мі, грайте мої музиканти
А я вам не заплачу - ви ся не старайте.
Ой грають музиканти, грають і басують,
А у мої очка слези ся катують.
Заграй мі музика, заграйте мі баси,
Най шось витанцюю в свої млади часи.
Най шось витанцюю в свої млади часи...');
INSERT OR REPLACE INTO song_links (id,song_id,title,url,kind,version_id,sort_order) VALUES ('pisniua_277192_l1','pisniua_277192','Переглянути варіанти >>','https://www.pisni.org.ua/#variants','external',NULL,1);
INSERT OR REPLACE INTO songs (id,title,subtitle,lang,country,period,year,source,notes,lyrics,tags_json,lang_locked,status,created_at,updated_at) VALUES ('pisniua_276216','Андрійко','Українська народна пісня. Виконує: Оксана Білозір, Гурт "Зоряна ніч"','uk','ukraine_before_1917',NULL,NULL,'аудіозапис',NULL,'Та ти гадаш, мій Андрійку, що я тебе люблю, гей,
А я тебе, дурний хлопче, словами голублю.       | (2)

Ой болить мене головонька, що маю робити гей
Треба мені докторика з чорними очима.           | (2)

Ой болить мя головонька та межи плечима, ой,
Треба мені докторика з чорними очима.           | (2)

Та не того докторика, що усіх лікує, ні
А такого докторика, що файно цілує.             | (2)

Та ти гадаш, мій Андрійку, що я тебе люблю, гей,
А я тебе, дурний хлопче, словами голублю.       | (2)','["pisni.org.ua", "cat:dances", "cat:polky", "cat:zhartivlyvi", "Пісні до танцю", "Польки", "Жартівливі пісні"]',1,'published',COALESCE((SELECT created_at FROM songs WHERE id='pisniua_276216'), datetime('now')),datetime('now'));
INSERT OR REPLACE INTO songs_fts(song_id,title,lyrics) VALUES ('pisniua_276216','Андрійко','Та ти гадаш, мій Андрійку, що я тебе люблю, гей,
А я тебе, дурний хлопче, словами голублю.       | (2)

Ой болить мене головонька, що маю робити гей
Треба мені докторика з чорними очима.           | (2)

Ой болить мя головонька та межи плечима, ой,
Треба мені докторика з чорними очима.           | (2)

Та не того докторика, що усіх лікує, ні
А такого докторика, що файно цілує.             | (2)

Та ти гадаш, мій Андрійку, що я тебе люблю, гей,
А я тебе, дурний хлопче, словами голублю.       | (2)');
INSERT OR REPLACE INTO song_links (id,song_id,title,url,kind,version_id,sort_order) VALUES ('pisniua_276216_l1','pisniua_276216','YouTube','https://www.youtube.com/watch?v=zawjm7Mm2ZA','video',NULL,1);
INSERT OR REPLACE INTO songs (id,title,subtitle,lang,country,period,year,source,notes,lyrics,tags_json,lang_locked,status,created_at,updated_at) VALUES ('pisniua_275226','Над колискою','Музика: Росава Слова: Олександр Олесь. Виконує: Росава','uk','ukraine_before_1917',NULL,NULL,'аудіозапис',NULL,'Спи, мій малесенький,
Спи, мій синок...

Я розкажу тобі безліч казок.
Нащо ж ти віченьки знову розкрив?
Спи, моя пташко, - то вітер завив.

Стогне і виє уже він давно,
Б''ється і стука в наше вікно.
Геть, розбишако, в далекі степи.

Спи, моя ластівко, солодко спи,
Ось уже й вітер зовсім занімів,
Мабуть, заснуть під намет полетів.

Холодно зараз в лісах і лугах,
Все потонуло в глибоких снігах.
Бігають зайчики, мерзнуть, тремтять,
Затишок хочуть собі відшукать.

Ось вони вгляділи, о, кущик стоїть,
Годі! Давно вже лисичка там спить.
Кинулись знову кудись на грядки,
Ой, там ночують сьогодні вовки.

Краще ви в поле біжіть, за лісок.
Знайдете там ви соломки стіжок,
Глибше забийтесь, зарийтесь в снопки,
Щоб не знайшли вас голодні вовки.

Спи ж, мій малесенький, годі гулять,
Зайчики білі давно уже сплять...','["pisni.org.ua", "cat:kolyskovi", "Колискові"]',1,'published',COALESCE((SELECT created_at FROM songs WHERE id='pisniua_275226'), datetime('now')),datetime('now'));
INSERT OR REPLACE INTO songs_fts(song_id,title,lyrics) VALUES ('pisniua_275226','Над колискою','Спи, мій малесенький,
Спи, мій синок...

Я розкажу тобі безліч казок.
Нащо ж ти віченьки знову розкрив?
Спи, моя пташко, - то вітер завив.

Стогне і виє уже він давно,
Б''ється і стука в наше вікно.
Геть, розбишако, в далекі степи.

Спи, моя ластівко, солодко спи,
Ось уже й вітер зовсім занімів,
Мабуть, заснуть під намет полетів.

Холодно зараз в лісах і лугах,
Все потонуло в глибоких снігах.
Бігають зайчики, мерзнуть, тремтять,
Затишок хочуть собі відшукать.

Ось вони вгляділи, о, кущик стоїть,
Годі! Давно вже лисичка там спить.
Кинулись знову кудись на грядки,
Ой, там ночують сьогодні вовки.

Краще ви в поле біжіть, за лісок.
Знайдете там ви соломки стіжок,
Глибше забийтесь, зарийтесь в снопки,
Щоб не знайшли вас голодні вовки.

Спи ж, мій малесенький, годі гулять,
Зайчики білі давно уже сплять...');
INSERT OR REPLACE INTO song_links (id,song_id,title,url,kind,version_id,sort_order) VALUES ('pisniua_275226_l1','pisniua_275226','YouTube','https://www.youtube.com/watch?v=7aZYb8Ynkno','video',NULL,1);
INSERT OR REPLACE INTO songs (id,title,subtitle,lang,country,period,year,source,notes,lyrics,tags_json,lang_locked,status,created_at,updated_at) VALUES ('pisniua_27717','Росте черешня в мами на городі','Музика: Анатолій Горчинський Слова: Микола Луків. Виконує: Михайло Поплавський, Василь Білоцерківський','uk','ukraine_1991',NULL,NULL,'текст- http://svitlytsia.crimea.ua/','* У тексті з інтернет-джерела приспіву не було - його дописано з пам''яті. Коли співається приспів - не пам''ятаю. Акорди підібрано з пам''яті - тому в їх правильності я не впевнений (бо не пам''ятаю добре гармонії пісні). Але співати й так можна - і навіть звучить:) Аранжування: Олександр Бурміцький Підбір акордів: bohdanko','Росте черешня в мами на городі,
Стара-стара, а кожен рік цвіте,
Щоліта дітям ягодами годить,
Хоча вони й не дякують за те.
Щоліта дітям ягодами годить,
Хоча вони й не дякують за те.
*  Приспів:
Мамо, мамо, вічна і кохана...
Ви пробачте, що був неуважний.
Знаю, Ви молилися за мене
Дні і ночі, сива моя нене.
Живе старенька мати у господі -
Невтомні руки, серце золоте.
Щодня і дітям, і онукам годить,
Хоч рідко хто з них дякує за те.
Ну що ж, про вдячність забувають люди
Душа сліпа у щасті, а проте
Вони - прозріють, але пізно буде:
Черешня всохне, мати - одцвіте.','["pisni.org.ua", "cat:nostalgia", "cat:pro-batkiv", "Пісні з ностальгічними мотивами", "Пісні про любов до батьків"]',1,'published',COALESCE((SELECT created_at FROM songs WHERE id='pisniua_27717'), datetime('now')),datetime('now'));
INSERT OR REPLACE INTO songs_fts(song_id,title,lyrics) VALUES ('pisniua_27717','Росте черешня в мами на городі','Росте черешня в мами на городі,
Стара-стара, а кожен рік цвіте,
Щоліта дітям ягодами годить,
Хоча вони й не дякують за те.
Щоліта дітям ягодами годить,
Хоча вони й не дякують за те.
*  Приспів:
Мамо, мамо, вічна і кохана...
Ви пробачте, що був неуважний.
Знаю, Ви молилися за мене
Дні і ночі, сива моя нене.
Живе старенька мати у господі -
Невтомні руки, серце золоте.
Щодня і дітям, і онукам годить,
Хоч рідко хто з них дякує за те.
Ну що ж, про вдячність забувають люди
Душа сліпа у щасті, а проте
Вони - прозріють, але пізно буде:
Черешня всохне, мати - одцвіте.');
INSERT OR REPLACE INTO song_links (id,song_id,title,url,kind,version_id,sort_order) VALUES ('pisniua_27717_l1','pisniua_27717','YouTube','https://www.youtube.com/watch?v=e-aZuaBHT9g','video',NULL,1);
INSERT OR REPLACE INTO song_links (id,song_id,title,url,kind,version_id,sort_order) VALUES ('pisniua_27717_l2','pisniua_27717','YouTube','https://www.youtube.com/watch?v=_iwFVVw17fo','video',NULL,2);
INSERT OR REPLACE INTO song_links (id,song_id,title,url,kind,version_id,sort_order) VALUES ('pisniua_27717_l3','pisniua_27717','YouTube','https://www.youtube.com/watch?v=nlg4WAkC2LU','video',NULL,3);
INSERT OR REPLACE INTO songs (id,title,subtitle,lang,country,period,year,source,notes,lyrics,tags_json,lang_locked,status,created_at,updated_at) VALUES ('pisniua_279717','And the Third Angel Sounded','(Брат! Піва кончілась, ти представляєш?). Музика: Мертвий півень Слова: Юрій Андрухович','uk','ukraine_before_1917',NULL,NULL,'офіційний сайт',NULL,'Брат! Піва кончілась, ти представляєш брат?
Піва кончілась, жена ушла!"

Один з недобитих
перестрів мене, підбитого, серед нічного Львова.
Він переважно належить їм -
я, напевно, єдиний, хто про це знає.
Він також хотів пива, як виявилось, -
п''яний мародер і т. д.

"Брат!Піва кончілась,
ти представляєш брат? Брат!Піва кончілась, жена ушла!"

Я не знав, що буває на світі такий розпач.
Мені все причувалося щось про третину вод
і полин.
Ангел у футболці з третім номером ішов по небу
зі своєю дурнуватою дудкою.
Ми обійнялися, ніби перед стратою.
Перепрошую, перед стартом.

"Брат!Піва кончілась,
ти представляєш брат? Брат!Піва кончілась, жена ушла!"','["pisni.org.ua", "cat:druzhba", "cat:socialno-pobutovi", "Пісні про дружбу", "Соціально-побутові пісні"]',1,'published',COALESCE((SELECT created_at FROM songs WHERE id='pisniua_279717'), datetime('now')),datetime('now'));
INSERT OR REPLACE INTO songs_fts(song_id,title,lyrics) VALUES ('pisniua_279717','And the Third Angel Sounded','Брат! Піва кончілась, ти представляєш брат?
Піва кончілась, жена ушла!"

Один з недобитих
перестрів мене, підбитого, серед нічного Львова.
Він переважно належить їм -
я, напевно, єдиний, хто про це знає.
Він також хотів пива, як виявилось, -
п''яний мародер і т. д.

"Брат!Піва кончілась,
ти представляєш брат? Брат!Піва кончілась, жена ушла!"

Я не знав, що буває на світі такий розпач.
Мені все причувалося щось про третину вод
і полин.
Ангел у футболці з третім номером ішов по небу
зі своєю дурнуватою дудкою.
Ми обійнялися, ніби перед стратою.
Перепрошую, перед стартом.

"Брат!Піва кончілась,
ти представляєш брат? Брат!Піва кончілась, жена ушла!"');
INSERT OR REPLACE INTO song_links (id,song_id,title,url,kind,version_id,sort_order) VALUES ('pisniua_279717_l1','pisniua_279717','YouTube','https://www.youtube.com/watch?v=YM9jmkabtfQ','video',NULL,1);
INSERT OR REPLACE INTO songs (id,title,subtitle,lang,country,period,year,source,notes,lyrics,tags_json,lang_locked,status,created_at,updated_at) VALUES ('pisniua_278073','Молю','Музика: Тарас Курчик Слова: Н. Курян. Виконує: Тарас Курчик','uk','ukraine_1991',NULL,NULL,'аудіозапис',NULL,'Молю, Господи, прости
Життя неправедні дороги
І силу дай мені нести
Моїх буденних днів тривоги.
Сльозу благаю осуши
І дай наснагу дочекатись
Того, що хочу досягти,
Того, з ким хочу привітатись.

Молю, молю, молю, молю.

Маріє, Ти огороди мене
Від всіх хотінь нечистих
І влий святої води
На біль, що серце жме і тисне.
Ти згусток сірих днів розвій
І засвіти єство коханням,
Щоб світлі помисли надій
Не дали місця для страждання.

Молю, молю, молю, молю...
Молю, молю, молю, молю...','["pisni.org.ua", "cat:do-bohorodyci", "Пісні до Богородиці"]',1,'published',COALESCE((SELECT created_at FROM songs WHERE id='pisniua_278073'), datetime('now')),datetime('now'));
INSERT OR REPLACE INTO songs_fts(song_id,title,lyrics) VALUES ('pisniua_278073','Молю','Молю, Господи, прости
Життя неправедні дороги
І силу дай мені нести
Моїх буденних днів тривоги.
Сльозу благаю осуши
І дай наснагу дочекатись
Того, що хочу досягти,
Того, з ким хочу привітатись.

Молю, молю, молю, молю.

Маріє, Ти огороди мене
Від всіх хотінь нечистих
І влий святої води
На біль, що серце жме і тисне.
Ти згусток сірих днів розвій
І засвіти єство коханням,
Щоб світлі помисли надій
Не дали місця для страждання.

Молю, молю, молю, молю...
Молю, молю, молю, молю...');
INSERT OR REPLACE INTO songs (id,title,subtitle,lang,country,period,year,source,notes,lyrics,tags_json,lang_locked,status,created_at,updated_at) VALUES ('pisniua_278697','Гоп, стоп Канада','Виконує: Семен Канада','uk','ukraine_1991',NULL,NULL,'mp3','Підбір акордів: the_nutcracker','Дайте мені хлібу, килю мурмеляду
Прощавайте хлопці, їду до Канади
Прощавайте хлопці, їду до Канади

Приспів:
Гоп-стоп Канада
Старих баб не нада
Молодих давайте
С    E      Am
А ви хлопці грайте

Гоп-стоп Канада
Нам рублів не нада
Доляри давайте
А ви хлопці грайте

По канаді ходжу, доляри рахую
А де ніч застане там і заночую          | (2)

Приспів.

Мати мають мину, батько ма гармату
Полягали спати, підірвали хату          | (2)

Приспів.

Столик за столиком, за столиком столик,
А за тим столиком сидить алкоголик      | (2)

Приспів.

Батько ма гармату, мати мають мину
Залягли у хаті, луплять по Берліну      | (2)

Приспів.                                | (2)(прискорюючись)','["pisni.org.ua", "cat:43", "Еміґрантські пісні"]',1,'published',COALESCE((SELECT created_at FROM songs WHERE id='pisniua_278697'), datetime('now')),datetime('now'));
INSERT OR REPLACE INTO songs_fts(song_id,title,lyrics) VALUES ('pisniua_278697','Гоп, стоп Канада','Дайте мені хлібу, килю мурмеляду
Прощавайте хлопці, їду до Канади
Прощавайте хлопці, їду до Канади

Приспів:
Гоп-стоп Канада
Старих баб не нада
Молодих давайте
С    E      Am
А ви хлопці грайте

Гоп-стоп Канада
Нам рублів не нада
Доляри давайте
А ви хлопці грайте

По канаді ходжу, доляри рахую
А де ніч застане там і заночую          | (2)

Приспів.

Мати мають мину, батько ма гармату
Полягали спати, підірвали хату          | (2)

Приспів.

Столик за столиком, за столиком столик,
А за тим столиком сидить алкоголик      | (2)

Приспів.

Батько ма гармату, мати мають мину
Залягли у хаті, луплять по Берліну      | (2)

Приспів.                                | (2)(прискорюючись)');
INSERT OR REPLACE INTO songs (id,title,subtitle,lang,country,period,year,source,notes,lyrics,tags_json,lang_locked,status,created_at,updated_at) VALUES ('pisniua_279063','Колискова','Музика: Галина Менкуш Слова: Володимир Іванишин. Виконує: Ніна Матвієнко, Євгенія Лихацька','uk','ukraine_before_1917',NULL,NULL,'http://www.youtube.com/watch?v=fwEtAwXgeaQ',NULL,'Гойда, гойда-гой, ніченька іде,
Діточок малих спатоньки кладе.
Під вікном тремтить вишенька мала,
В хатку проситься, бо прийшла зима.
Під вікном тремтить вишенька мала,
В хатку проситься, бо прийшла зима.

Гойда, гойда-гой, очка заплющи,
В сні щасливому зогрієшся ти.
Йди до хлопчика, люба вишенько,
В колисочці вам буде тепленько.
Йди до хлопчика, люба вишенько,
В колисочці вам буде тепленько.

Гойда, гойда-гой ніч прийшла до нас,
Діточкам малим спатоньки вже час.
Рости, хлопчику, з вишенькою враз,
Хай не скупиться доленька для вас.
Рости, хлопчику, з вишенькою враз,
Хай не скупиться доленька для вас','["pisni.org.ua", "cat:all-ukraine", "cat:dytyachi", "cat:kolyskovi", "cat:narodni", "Загальноукраїнські пісні", "Дитячі пісні", "Колискові", "Народні пісні"]',1,'published',COALESCE((SELECT created_at FROM songs WHERE id='pisniua_279063'), datetime('now')),datetime('now'));
INSERT OR REPLACE INTO songs_fts(song_id,title,lyrics) VALUES ('pisniua_279063','Колискова','Гойда, гойда-гой, ніченька іде,
Діточок малих спатоньки кладе.
Під вікном тремтить вишенька мала,
В хатку проситься, бо прийшла зима.
Під вікном тремтить вишенька мала,
В хатку проситься, бо прийшла зима.

Гойда, гойда-гой, очка заплющи,
В сні щасливому зогрієшся ти.
Йди до хлопчика, люба вишенько,
В колисочці вам буде тепленько.
Йди до хлопчика, люба вишенько,
В колисочці вам буде тепленько.

Гойда, гойда-гой ніч прийшла до нас,
Діточкам малим спатоньки вже час.
Рости, хлопчику, з вишенькою враз,
Хай не скупиться доленька для вас.
Рости, хлопчику, з вишенькою враз,
Хай не скупиться доленька для вас');
INSERT OR REPLACE INTO song_links (id,song_id,title,url,kind,version_id,sort_order) VALUES ('pisniua_279063_l1','pisniua_279063','YouTube','https://www.youtube.com/watch?v=O0p0pxiUDMY','video',NULL,1);
INSERT OR REPLACE INTO song_links (id,song_id,title,url,kind,version_id,sort_order) VALUES ('pisniua_279063_l2','pisniua_279063','YouTube','https://www.youtube.com/watch?v=mPAO0USeBNw','video',NULL,2);
INSERT OR REPLACE INTO song_links (id,song_id,title,url,kind,version_id,sort_order) VALUES ('pisniua_279063_l3','pisniua_279063','YouTube','https://www.youtube.com/watch?v=C9APDLDq4d8','video',NULL,3);
INSERT OR REPLACE INTO song_links (id,song_id,title,url,kind,version_id,sort_order) VALUES ('pisniua_279063_l4','pisniua_279063','YouTube','https://www.youtube.com/watch?v=YxFz5fik1_I','video',NULL,4);
INSERT OR REPLACE INTO songs (id,title,subtitle,lang,country,period,year,source,notes,lyrics,tags_json,lang_locked,status,created_at,updated_at) VALUES ('pisniua_280495','Як сів пугач на могилі','Українська народна пісня. Виконує: Древо','uk','ukraine_before_1917',NULL,NULL,'1. надіслав Ілля Самойлов',NULL,'Як сів пугач на могилі,
Та й кри... та й крикнув він: пугу.
Чи не дасть Бог, ой, козакові
Хоч на... хоч на час подумать.

Наші шаблі поржавіли,
Ще й ру... ще й руж''я без курків.
Наше серце, козацькоє
Не бо... не боїться турків.

Колись були степи, плавні,
Та й по... та й позаростали.
Колись були, ой, дівки гарні,
Моска... москалі забрали.

Ой, колись ми панували,
Вже бі... вже більше не будем.
Тільки слави, ой, козацької
Повік... повік не забудем','["pisni.org.ua", "cat:kozacki", "Козацькі пісні"]',1,'published',COALESCE((SELECT created_at FROM songs WHERE id='pisniua_280495'), datetime('now')),datetime('now'));
INSERT OR REPLACE INTO songs_fts(song_id,title,lyrics) VALUES ('pisniua_280495','Як сів пугач на могилі','Як сів пугач на могилі,
Та й кри... та й крикнув він: пугу.
Чи не дасть Бог, ой, козакові
Хоч на... хоч на час подумать.

Наші шаблі поржавіли,
Ще й ру... ще й руж''я без курків.
Наше серце, козацькоє
Не бо... не боїться турків.

Колись були степи, плавні,
Та й по... та й позаростали.
Колись були, ой, дівки гарні,
Моска... москалі забрали.

Ой, колись ми панували,
Вже бі... вже більше не будем.
Тільки слави, ой, козацької
Повік... повік не забудем');
INSERT OR REPLACE INTO song_links (id,song_id,title,url,kind,version_id,sort_order) VALUES ('pisniua_280495_l1','pisniua_280495','YouTube','https://www.youtube.com/watch?v=MQ8IfBnRfsw','video',NULL,1);
INSERT OR REPLACE INTO song_links (id,song_id,title,url,kind,version_id,sort_order) VALUES ('pisniua_280495_l2','pisniua_280495','YouTube','https://www.youtube.com/watch?v=pb6sNQsWrig','video',NULL,2);
INSERT OR REPLACE INTO song_links (id,song_id,title,url,kind,version_id,sort_order) VALUES ('pisniua_280495_l3','pisniua_280495','Переглянути варіанти >>','https://www.pisni.org.ua/#variants','external',NULL,3);
INSERT OR REPLACE INTO song_links (id,song_id,title,url,kind,version_id,sort_order) VALUES ('pisniua_280495_l4','pisniua_280495','http://www.umka.com.ua/ukr/catalogue/authentic-performing/drevo-group-oy-tam-za-morjamy-sil-s-ka-tradytsiyna-muzyka.html','http://www.umka.com.ua/ukr/catalogue/authentic-performing/drevo-group-oy-tam-za-morjamy-sil-s-ka-tradytsiyna-muzyka.html','external',NULL,4);
INSERT OR REPLACE INTO songs (id,title,subtitle,lang,country,period,year,source,notes,lyrics,tags_json,lang_locked,status,created_at,updated_at) VALUES ('pisniua_280756','Соловейко',NULL,'uk','ukraine_1991',NULL,NULL,'Записано зі старенької аудіо касети.','Цю пісню виконував (і можливо записав) гурт "Добра новина" з Миколаївщини.','I
Сиві верби позгинались
Низько до ставка,
В чистих водах задивлялись
Синії небеса.
В дивнім вітті соловейко
Пісню щебетав,
В своїй пісні птах маленький
Господа прославляв.

Приспів:
Господа прославляв,
Господа прославляв,
В своїй пісні соловейко
Господа прославляв.

II
Вітер пісню в гай широкий
Полем житім ніс.
Де на пагорбі високім
Дуп могутній ріс.
Дуб ту пісню солов''їну
Заспівать не вмів.
Він розправив своє віття
Й сильно зашумів.

Програш.

III
Все творіння славить Бога,
Небо і земля.
Звеселись, моє серденько,
Буду співати я.
"Славу Богу!" - заспіваю
За його любов,
Бо Він спас мене від смерті
Пролив святую кров.

Приспів.

Господу честь хвала,
Господу честь хвала,
Бо він спас мене від смерті
Господу честь хвала.
Господу честь хвала,
Господу честь хвала,
Славу складаю, Богу співаю
Алілуя.
Áлілуя, áлілуя.
Буду вічно я співати:
"Богу алілуя!"','["pisni.org.ua", "cat:cerkovni", "Церковні пісні"]',1,'published',COALESCE((SELECT created_at FROM songs WHERE id='pisniua_280756'), datetime('now')),datetime('now'));
INSERT OR REPLACE INTO songs_fts(song_id,title,lyrics) VALUES ('pisniua_280756','Соловейко','I
Сиві верби позгинались
Низько до ставка,
В чистих водах задивлялись
Синії небеса.
В дивнім вітті соловейко
Пісню щебетав,
В своїй пісні птах маленький
Господа прославляв.

Приспів:
Господа прославляв,
Господа прославляв,
В своїй пісні соловейко
Господа прославляв.

II
Вітер пісню в гай широкий
Полем житім ніс.
Де на пагорбі високім
Дуп могутній ріс.
Дуб ту пісню солов''їну
Заспівать не вмів.
Він розправив своє віття
Й сильно зашумів.

Програш.

III
Все творіння славить Бога,
Небо і земля.
Звеселись, моє серденько,
Буду співати я.
"Славу Богу!" - заспіваю
За його любов,
Бо Він спас мене від смерті
Пролив святую кров.

Приспів.

Господу честь хвала,
Господу честь хвала,
Бо він спас мене від смерті
Господу честь хвала.
Господу честь хвала,
Господу честь хвала,
Славу складаю, Богу співаю
Алілуя.
Áлілуя, áлілуя.
Буду вічно я співати:
"Богу алілуя!"');
INSERT OR REPLACE INTO songs (id,title,subtitle,lang,country,period,year,source,notes,lyrics,tags_json,lang_locked,status,created_at,updated_at) VALUES ('pisniua_280313','Добро і зло','Слова: Вадим Крищенко','uk','ukraine_1991',NULL,NULL,NULL,NULL,'Добро і зло завжди були в борні.
Нащо слова, в яких порожні звуки?
В час загребущості, у час брехні
Знайдіть того, хто має чисті руки.

Махлюють всі, хто ближче до корит,
І казяться в нікчемному екстазі.
Хотіла правда вийти із воріт,
Та зачепилась враз на перелазі.

І знову ми у мороці зневір,
Нас обійшли всі сподівання боком.
Шукає Україна до сих пір
Серед своїх дітей собі пророка.','["pisni.org.ua", "cat:suspilno-politychni", "Суспільно-політичні пісні"]',1,'published',COALESCE((SELECT created_at FROM songs WHERE id='pisniua_280313'), datetime('now')),datetime('now'));
INSERT OR REPLACE INTO songs_fts(song_id,title,lyrics) VALUES ('pisniua_280313','Добро і зло','Добро і зло завжди були в борні.
Нащо слова, в яких порожні звуки?
В час загребущості, у час брехні
Знайдіть того, хто має чисті руки.

Махлюють всі, хто ближче до корит,
І казяться в нікчемному екстазі.
Хотіла правда вийти із воріт,
Та зачепилась враз на перелазі.

І знову ми у мороці зневір,
Нас обійшли всі сподівання боком.
Шукає Україна до сих пір
Серед своїх дітей собі пророка.');
INSERT OR REPLACE INTO songs (id,title,subtitle,lang,country,period,year,source,notes,lyrics,tags_json,lang_locked,status,created_at,updated_at) VALUES ('pisniua_27859','Лети, тужлива пісне','Музика: Богдан Весоловський Слова: Богдан Весоловський. Виконує: Лілія Коструба, Юрій Йосифович','uk','ukraine_1991',NULL,NULL,'Богдан Весоловський "Прийде ще час..." Львів "Галицька видавнича спілка" 2001',NULL,'Хоч і мені жить прийшлось в чужині,
До вас я серцем вертаюсь, рідні поля,
Де нам юність пройшла,
Вам я цю пісню співаю:

Лети, тужлива пісне,
Через море у даль...
Неси мою любов,
Мою тугу і мій жаль...

Лети у блакитні простори
буйним вітрам навздогін,
Неси понад Чорнеє Море
Рідним степам мій уклін...

Лети, тужлива пісне, через море у даль','["pisni.org.ua", "cat:dances", "cat:emigration", "cat:tango", "Пісні до танцю", "Пісні про еміґрацію", "Танґо"]',1,'published',COALESCE((SELECT created_at FROM songs WHERE id='pisniua_27859'), datetime('now')),datetime('now'));
INSERT OR REPLACE INTO songs_fts(song_id,title,lyrics) VALUES ('pisniua_27859','Лети, тужлива пісне','Хоч і мені жить прийшлось в чужині,
До вас я серцем вертаюсь, рідні поля,
Де нам юність пройшла,
Вам я цю пісню співаю:

Лети, тужлива пісне,
Через море у даль...
Неси мою любов,
Мою тугу і мій жаль...

Лети у блакитні простори
буйним вітрам навздогін,
Неси понад Чорнеє Море
Рідним степам мій уклін...

Лети, тужлива пісне, через море у даль');
INSERT OR REPLACE INTO song_links (id,song_id,title,url,kind,version_id,sort_order) VALUES ('pisniua_27859_l1','pisniua_27859','YouTube','https://www.youtube.com/watch?v=KMI6tb6-B3w','video',NULL,1);
INSERT OR REPLACE INTO song_links (id,song_id,title,url,kind,version_id,sort_order) VALUES ('pisniua_27859_l2','pisniua_27859','YouTube','https://www.youtube.com/watch?v=lTGf9g-MQdU','video',NULL,2);
INSERT OR REPLACE INTO song_links (id,song_id,title,url,kind,version_id,sort_order) VALUES ('pisniua_27859_l3','pisniua_27859','YouTube','https://www.youtube.com/watch?v=DOyXOwMstvU','video',NULL,3);
INSERT OR REPLACE INTO song_links (id,song_id,title,url,kind,version_id,sort_order) VALUES ('pisniua_27859_l4','pisniua_27859','YouTube','https://www.youtube.com/watch?v=o8gPohrc1Dw','video',NULL,4);
INSERT OR REPLACE INTO song_links (id,song_id,title,url,kind,version_id,sort_order) VALUES ('pisniua_27859_l5','pisniua_27859','YouTube','https://www.youtube.com/watch?v=qUhZJrG1qOo','video',NULL,5);
INSERT OR REPLACE INTO song_links (id,song_id,title,url,kind,version_id,sort_order) VALUES ('pisniua_27859_l6','pisniua_27859','YouTube','https://www.youtube.com/watch?v=LzHhzYpTlPs','video',NULL,6);
INSERT OR REPLACE INTO song_links (id,song_id,title,url,kind,version_id,sort_order) VALUES ('pisniua_27859_l7','pisniua_27859','YouTube','https://www.youtube.com/watch?v=VgoxwefYSPs','video',NULL,7);
INSERT OR REPLACE INTO song_links (id,song_id,title,url,kind,version_id,sort_order) VALUES ('pisniua_27859_l8','pisniua_27859','YouTube','https://www.youtube.com/watch?v=IWX1GUaZSsg','video',NULL,8);
INSERT OR REPLACE INTO songs (id,title,subtitle,lang,country,period,year,source,notes,lyrics,tags_json,lang_locked,status,created_at,updated_at) VALUES ('pisniua_27879','Було не тужити','(Не думалось ніколи). Музика: Богдан Весоловський Слова: Богдан Весоловський. Виконує: Буря, Антін Дербіш','uk','ukraine_1991',NULL,NULL,'Богдан Весоловський "Прийде ще час..." Львів "Галицька видавнича спілка" 2001','Акорди від АнастасіяОлександр.','Не думалось ніколи,
Щоб цей наш жарт малий
Зумів знайти в любови
Свій вислів чарівний,
E
І полюбились так дуже
Am
Наші серця,
А що вони кохають,
Am
На це вже ради нема.
Am
Було не тужити,
E
Було не кохати,
E
Було не казати
A
"Навіки, на все",
A7
Тепер вже запізно
Dm
Від чарів тікати,
Am
Бо серце твоє вже
Спокою не знайде.','["pisni.org.ua", "cat:dances", "cat:tango", "Пісні до танцю", "Танґо"]',1,'published',COALESCE((SELECT created_at FROM songs WHERE id='pisniua_27879'), datetime('now')),datetime('now'));
INSERT OR REPLACE INTO songs_fts(song_id,title,lyrics) VALUES ('pisniua_27879','Було не тужити','Не думалось ніколи,
Щоб цей наш жарт малий
Зумів знайти в любови
Свій вислів чарівний,
E
І полюбились так дуже
Am
Наші серця,
А що вони кохають,
Am
На це вже ради нема.
Am
Було не тужити,
E
Було не кохати,
E
Було не казати
A
"Навіки, на все",
A7
Тепер вже запізно
Dm
Від чарів тікати,
Am
Бо серце твоє вже
Спокою не знайде.');
INSERT OR REPLACE INTO song_links (id,song_id,title,url,kind,version_id,sort_order) VALUES ('pisniua_27879_l1','pisniua_27879','YouTube','https://www.youtube.com/watch?v=S-HL6WEfJwk','video',NULL,1);
INSERT OR REPLACE INTO song_links (id,song_id,title,url,kind,version_id,sort_order) VALUES ('pisniua_27879_l2','pisniua_27879','YouTube','https://www.youtube.com/watch?v=_cYrpzJPYf0','video',NULL,2);
INSERT OR REPLACE INTO songs (id,title,subtitle,lang,country,period,year,source,notes,lyrics,tags_json,lang_locked,status,created_at,updated_at) VALUES ('pisniua_280471','Калина-малина верхи похилила','Українська народна пісня','uk','ukraine_before_1917',NULL,NULL,'1. надіслав Ілля Самойлов',NULL,'Жіночий голос:
Калина-малина верхи похилила.
Ой, це ж тая, ой, дівчинонька,
Що мене вірно любила.

Любила-кохала, любить присягала,
Ой, ти мила, ой, кониченька
Сама його й осідлала.

Тай винесла рибки, паляниці скибку,
Ой, це ж тобі, та мій миленький,
Та вечеря нашвидку.

Вечеряй, вечеряй, та й не сомлівайся,
Ой, єслі ж ти, ой, нежонатий,
То зо мною кохайся.

Чоловічий голос:
Єсть у мене батько, єсть у мене мати,
Ой, не буду, ой серце моє,
Ой, з тобой ночувати.

Єсть у мене жінка, єсть у мене діти,
Ой, рад би я, ой, серце моє,
Та до їх полетіти.','["pisni.org.ua", "cat:kozacki", "cat:kubanski", "Козацькі пісні", "Кубанські пісні"]',1,'published',COALESCE((SELECT created_at FROM songs WHERE id='pisniua_280471'), datetime('now')),datetime('now'));
INSERT OR REPLACE INTO songs_fts(song_id,title,lyrics) VALUES ('pisniua_280471','Калина-малина верхи похилила','Жіночий голос:
Калина-малина верхи похилила.
Ой, це ж тая, ой, дівчинонька,
Що мене вірно любила.

Любила-кохала, любить присягала,
Ой, ти мила, ой, кониченька
Сама його й осідлала.

Тай винесла рибки, паляниці скибку,
Ой, це ж тобі, та мій миленький,
Та вечеря нашвидку.

Вечеряй, вечеряй, та й не сомлівайся,
Ой, єслі ж ти, ой, нежонатий,
То зо мною кохайся.

Чоловічий голос:
Єсть у мене батько, єсть у мене мати,
Ой, не буду, ой серце моє,
Ой, з тобой ночувати.

Єсть у мене жінка, єсть у мене діти,
Ой, рад би я, ой, серце моє,
Та до їх полетіти.');
INSERT OR REPLACE INTO song_links (id,song_id,title,url,kind,version_id,sort_order) VALUES ('pisniua_280471_l1','pisniua_280471','YouTube','https://www.youtube.com/watch?v=9C_oIURSqOw','video',NULL,1);
INSERT OR REPLACE INTO song_links (id,song_id,title,url,kind,version_id,sort_order) VALUES ('pisniua_280471_l2','pisniua_280471','YouTube','https://www.youtube.com/watch?v=apX6VPyvFhs','video',NULL,2);
INSERT OR REPLACE INTO songs (id,title,subtitle,lang,country,period,year,source,notes,lyrics,tags_json,lang_locked,status,created_at,updated_at) VALUES ('pisniua_279414','Розпрощався стрілець *','Українська народна пісня. Виконує: Василь Лютий','uk','ukraine_before_1917',NULL,NULL,'1. http://vasyl.org.ua/',NULL,'Розпрощався стрілець із своєю ріднею
І поїхав в далеку дорогу -
За свій рідний край, за козацький звичай,
Йшов у бій за свою перемогу.

А вітер колише високу траву,
Молодий дуб додолу схилився,
Листям шелестить, вбитий стрілець лежить,
Його коник над ним зажурився.

Ой, ти коню, мій коню, не стій наді мною,
Я полежу на землі невкритий.
Ти біжи, коню мій, скажи неньці рідній,
Що я за Україну убитий.

Нехай батько і мати, і сестри, і брати -
Нехай вони за мною не плачуть.
Я у степу лежу, по Вкраїні тужу,
Чорний крук наді мною все кряче.

Ряди ж за рядами стрільці йдуть полками,
До походу гармати їм грають.
А за їхню честь лиш березовий хрест,
Дрібні сльози на землю спадають.

Розпрощався стрілець із своєю ріднею
Та й поїхав в далеку дорогу -
За свій рідний край, за козацький звичай,
Йшов у бій за свою перемогу.','["pisni.org.ua", "cat:kubanski", "Кубанські пісні"]',1,'published',COALESCE((SELECT created_at FROM songs WHERE id='pisniua_279414'), datetime('now')),datetime('now'));
INSERT OR REPLACE INTO songs_fts(song_id,title,lyrics) VALUES ('pisniua_279414','Розпрощався стрілець *','Розпрощався стрілець із своєю ріднею
І поїхав в далеку дорогу -
За свій рідний край, за козацький звичай,
Йшов у бій за свою перемогу.

А вітер колише високу траву,
Молодий дуб додолу схилився,
Листям шелестить, вбитий стрілець лежить,
Його коник над ним зажурився.

Ой, ти коню, мій коню, не стій наді мною,
Я полежу на землі невкритий.
Ти біжи, коню мій, скажи неньці рідній,
Що я за Україну убитий.

Нехай батько і мати, і сестри, і брати -
Нехай вони за мною не плачуть.
Я у степу лежу, по Вкраїні тужу,
Чорний крук наді мною все кряче.

Ряди ж за рядами стрільці йдуть полками,
До походу гармати їм грають.
А за їхню честь лиш березовий хрест,
Дрібні сльози на землю спадають.

Розпрощався стрілець із своєю ріднею
Та й поїхав в далеку дорогу -
За свій рідний край, за козацький звичай,
Йшов у бій за свою перемогу.');
INSERT OR REPLACE INTO song_links (id,song_id,title,url,kind,version_id,sort_order) VALUES ('pisniua_279414_l1','pisniua_279414','YouTube','https://www.youtube.com/watch?v=YJXwn0CT7Uo','video',NULL,1);
INSERT OR REPLACE INTO song_links (id,song_id,title,url,kind,version_id,sort_order) VALUES ('pisniua_279414_l2','pisniua_279414','Переглянути варіанти >>','https://www.pisni.org.ua/#variants','external',NULL,2);
INSERT OR REPLACE INTO songs (id,title,subtitle,lang,country,period,year,source,notes,lyrics,tags_json,lang_locked,status,created_at,updated_at) VALUES ('pisniua_280267','За рідний край','Музика: Теодор Кукуруза Слова: Теодор Кукуруза. Виконує: Теодор Кукуруза','uk','ukraine_1991',NULL,NULL,NULL,NULL,'Ці священні величні слова
Із минувшини нашої йдуть,
Вони в честь України звучать
І додому назавши ведуть.

Приспів:
Про рідний край, про рідний край,
Про рідний край не забувай,
А рідний край, а рідний край,
А рідний край оберігай.
І рідний край, і рідний край,
І рідний край люби - вивчай,
За рідний край, за рідний край,
За рідний край молись і дбай.

Йшли роки і минали віки,
Покоління відходили в вічність,
Та з прапрадідів і материнства
Зберігалася в нас Божа гідність.

Приспів.

Тож нехай не потонем в гріхах
Збережемо і єдність і віру,
Хай звучить у майбутніх віках,
Поколінь та словесна віра.

Приспів.','["pisni.org.ua", "cat:suspilno-politychni", "Суспільно-політичні пісні"]',1,'published',COALESCE((SELECT created_at FROM songs WHERE id='pisniua_280267'), datetime('now')),datetime('now'));
INSERT OR REPLACE INTO songs_fts(song_id,title,lyrics) VALUES ('pisniua_280267','За рідний край','Ці священні величні слова
Із минувшини нашої йдуть,
Вони в честь України звучать
І додому назавши ведуть.

Приспів:
Про рідний край, про рідний край,
Про рідний край не забувай,
А рідний край, а рідний край,
А рідний край оберігай.
І рідний край, і рідний край,
І рідний край люби - вивчай,
За рідний край, за рідний край,
За рідний край молись і дбай.

Йшли роки і минали віки,
Покоління відходили в вічність,
Та з прапрадідів і материнства
Зберігалася в нас Божа гідність.

Приспів.

Тож нехай не потонем в гріхах
Збережемо і єдність і віру,
Хай звучить у майбутніх віках,
Поколінь та словесна віра.

Приспів.');
INSERT OR REPLACE INTO songs (id,title,subtitle,lang,country,period,year,source,notes,lyrics,tags_json,lang_locked,status,created_at,updated_at) VALUES ('pisniua_28096','Ой на Купала','Українська народна пісня','uk','ukraine_before_1917',NULL,NULL,'Філарет Колесса "Шкільний співаник"',NULL,'Ой на Купала, Купалочка,
Не виспалася Наталочка.

Погнала бички дрімаючи,
На кілки ніжки збиваючи.','["pisni.org.ua", "cat:kupalski", "Купальські пісні"]',1,'published',COALESCE((SELECT created_at FROM songs WHERE id='pisniua_28096'), datetime('now')),datetime('now'));
INSERT OR REPLACE INTO songs_fts(song_id,title,lyrics) VALUES ('pisniua_28096','Ой на Купала','Ой на Купала, Купалочка,
Не виспалася Наталочка.

Погнала бички дрімаючи,
На кілки ніжки збиваючи.');
INSERT OR REPLACE INTO songs (id,title,subtitle,lang,country,period,year,source,notes,lyrics,tags_json,lang_locked,status,created_at,updated_at) VALUES ('pisniua_281990','Моя Україна','(Золотавий вечір впав...). Музика: Микола Свидюк Слова: Марія Бойко. Виконує: Микола Свидюк, Раїса Кириченко, Марта Шпак','uk','ukraine_1991',NULL,NULL,NULL,NULL,'Золотавий вечір впав на тихі верби
Солов''їна пісня ллється вдалині,
І грайлива річка між гаями в''ється   |
Все це Україна, все це я і ти,       | (2)

Приспів:
Моя Україна - червона калина,
Надія єдина - це земля моя.
Моя Україна - червона калина,
Надія єдина - це любов моя - моя любов.

Дихати тут легко і пісні сопілки
Доле моя доле - щастя принеси,
Щоб моя родина та моя Вкраїна        |
В мирі та єднанні довіку жили.       | (2)

Це моя Вкраїна, тут моє коріння,
Моя мова рідна і мої батьки.
В світі все минає, тільки зостається |
Мамине чекання та любов землі.       | (2)','["pisni.org.ua", "cat:patriotic", "Патріотичні пісні"]',1,'published',COALESCE((SELECT created_at FROM songs WHERE id='pisniua_281990'), datetime('now')),datetime('now'));
INSERT OR REPLACE INTO songs_fts(song_id,title,lyrics) VALUES ('pisniua_281990','Моя Україна','Золотавий вечір впав на тихі верби
Солов''їна пісня ллється вдалині,
І грайлива річка між гаями в''ється   |
Все це Україна, все це я і ти,       | (2)

Приспів:
Моя Україна - червона калина,
Надія єдина - це земля моя.
Моя Україна - червона калина,
Надія єдина - це любов моя - моя любов.

Дихати тут легко і пісні сопілки
Доле моя доле - щастя принеси,
Щоб моя родина та моя Вкраїна        |
В мирі та єднанні довіку жили.       | (2)

Це моя Вкраїна, тут моє коріння,
Моя мова рідна і мої батьки.
В світі все минає, тільки зостається |
Мамине чекання та любов землі.       | (2)');
INSERT OR REPLACE INTO song_links (id,song_id,title,url,kind,version_id,sort_order) VALUES ('pisniua_281990_l1','pisniua_281990','YouTube','https://www.youtube.com/watch?v=KVYfzyIrjQ0','video',NULL,1);
INSERT OR REPLACE INTO song_links (id,song_id,title,url,kind,version_id,sort_order) VALUES ('pisniua_281990_l2','pisniua_281990','YouTube','https://www.youtube.com/watch?v=9zVROBjQbVM','video',NULL,2);
INSERT OR REPLACE INTO song_links (id,song_id,title,url,kind,version_id,sort_order) VALUES ('pisniua_281990_l3','pisniua_281990','YouTube','https://www.youtube.com/watch?v=FwMhKUrFi_Y','video',NULL,3);
INSERT OR REPLACE INTO songs (id,title,subtitle,lang,country,period,year,source,notes,lyrics,tags_json,lang_locked,status,created_at,updated_at) VALUES ('pisniua_279124','Весна для тебе','Музика: Микола Свидюк Слова: Вадим Крищенко. Виконує: Василь Зінкевич','uk','ukraine_1991',NULL,NULL,NULL,NULL,'Де в ліс вростає далина
За синіми потоками,
Нас приголубила весна
Словами кароокими.
І причастила нас іще,       |
Щоб озивалась гомоном,      |
Пахучим наче цвіт дощем,    | (2)
Як ласка чистим променем.   |

Приспів:
Ця весна для тебе, ця весна для мене,
Ця весна для поля, ця весна для неба -
Березневе сонце зустрічає нас
І любов дарує в неповторний час.

Замалювався сум зими
Весни веселим кольором,
Озвучились неначе мить -
Давай же поговоримо,
То ж не барися, я прийшов
До тебе на побачення
І наша молода любов
Весняним днем освячена.

Приспів.','["pisni.org.ua", "cat:krasa-pryrody", "Пісні про красу природи"]',1,'published',COALESCE((SELECT created_at FROM songs WHERE id='pisniua_279124'), datetime('now')),datetime('now'));
INSERT OR REPLACE INTO songs_fts(song_id,title,lyrics) VALUES ('pisniua_279124','Весна для тебе','Де в ліс вростає далина
За синіми потоками,
Нас приголубила весна
Словами кароокими.
І причастила нас іще,       |
Щоб озивалась гомоном,      |
Пахучим наче цвіт дощем,    | (2)
Як ласка чистим променем.   |

Приспів:
Ця весна для тебе, ця весна для мене,
Ця весна для поля, ця весна для неба -
Березневе сонце зустрічає нас
І любов дарує в неповторний час.

Замалювався сум зими
Весни веселим кольором,
Озвучились неначе мить -
Давай же поговоримо,
То ж не барися, я прийшов
До тебе на побачення
І наша молода любов
Весняним днем освячена.

Приспів.');
INSERT OR REPLACE INTO song_links (id,song_id,title,url,kind,version_id,sort_order) VALUES ('pisniua_279124_l1','pisniua_279124','YouTube','https://www.youtube.com/watch?v=iK0FENlSWg4','video',NULL,1);
INSERT OR REPLACE INTO song_links (id,song_id,title,url,kind,version_id,sort_order) VALUES ('pisniua_279124_l2','pisniua_279124','YouTube','https://www.youtube.com/watch?v=-E29BcH7Y38','video',NULL,2);
INSERT OR REPLACE INTO songs (id,title,subtitle,lang,country,period,year,source,notes,lyrics,tags_json,lang_locked,status,created_at,updated_at) VALUES ('pisniua_280798','Шафран','Українська народна пісня','uk','ukraine_before_1917',NULL,NULL,'Пісня записана від місцевої фольклористики Євгенії Тондій.',NULL,'Ой, на городі шафран, шафран
Ходить той Іван як пан, як пан.
А на городі петрушечка
Ходить Іван той, як душечка.
Шафран петрушку прикриває
Іван Марію - обнімає.
А ще рушничків не напряла,
А вже Івана сподобала.
А ще рушнички на верстаку,
А вже старости й у хаті.','["pisni.org.ua", "cat:kupalski", "cat:podilski", "Купальські пісні", "Пісні з Поділля"]',1,'published',COALESCE((SELECT created_at FROM songs WHERE id='pisniua_280798'), datetime('now')),datetime('now'));
INSERT OR REPLACE INTO songs_fts(song_id,title,lyrics) VALUES ('pisniua_280798','Шафран','Ой, на городі шафран, шафран
Ходить той Іван як пан, як пан.
А на городі петрушечка
Ходить Іван той, як душечка.
Шафран петрушку прикриває
Іван Марію - обнімає.
А ще рушничків не напряла,
А вже Івана сподобала.
А ще рушнички на верстаку,
А вже старости й у хаті.');
INSERT OR REPLACE INTO songs (id,title,subtitle,lang,country,period,year,source,notes,lyrics,tags_json,lang_locked,status,created_at,updated_at) VALUES ('pisniua_282063','Сповнилась міра','Музика: Михайло Гайворонський Слова: Петро Карманський','uk','ukraine_before_1917',NULL,'1916','аудіозапис','пісня УСС, найбільше її виконували хори в 1916-1918 р.р.','Сповнилась міра, кров братів,
Нелюдські злочини катів
І зганьблена народна честь
Зродила месть, криваву месть.

Най громи грянуть в нашу скрань, |
Нехай займеться в грудях грань,  |
Настав вже час, прийшла пора,    |
Ура у бій! Ура! Ура!             | (2)','["pisni.org.ua", "cat:strilecki", "Стрілецькі пісні"]',1,'published',COALESCE((SELECT created_at FROM songs WHERE id='pisniua_282063'), datetime('now')),datetime('now'));
INSERT OR REPLACE INTO songs_fts(song_id,title,lyrics) VALUES ('pisniua_282063','Сповнилась міра','Сповнилась міра, кров братів,
Нелюдські злочини катів
І зганьблена народна честь
Зродила месть, криваву месть.

Най громи грянуть в нашу скрань, |
Нехай займеться в грудях грань,  |
Настав вже час, прийшла пора,    |
Ура у бій! Ура! Ура!             | (2)');
INSERT OR REPLACE INTO songs (id,title,subtitle,lang,country,period,year,source,notes,lyrics,tags_json,lang_locked,status,created_at,updated_at) VALUES ('pisniua_282124','Кладочка','Музика: Лев Лепкий Слова: Богдан Лепкий. Виконує: Нескорені','uk','ukrainian_peoples_republic_1917_1921',NULL,'1920','1. Повік не зів''яне. Стрілецькі пісні Михайла Гайворонського. Упор. В. Подуфалий. Тернопіль, 1990. 2. Аркуш із партитурою для мішаного хору Богдана Вахнянина. Народнє музичне видавницто товариства "Просвіта" у Львові. Орієнтовно 1920-30 р. 3. Сурма. Орієнтовно 1920-і р.р. (Ксерокопія збірника стрілецьких пісень без вихідних даних) 4. Ой у лузі червона калина. Пісні українських січових стрільців. - Львів: "Світ", 1990.','Перший варіант співався під гітару (дж. 3). Обробка М. Гайворонського. Обробка для мішаного хору Богдана Вахнянина (дж. 2). У джерелах 2-4 відсутні 5 і 6-й куплети.','Кладочка, кладочка вузесенькая, -
Милая, милая, милесенькая.

До милої мені близько,
Йно через стависько,
Вчора дощик, нині дощик,
Завтра буде слизько.

Вчора дощик, нині дощик,
Завтра виллють ріки.
Либонь ми ся, дівчинонько,
Розійдем навіки.

Ой яке ж ти, дівчинонько,
Лихо учинила,
Що та кладочка вузенька
Вже ся заломила.

А вже з тої кладочки
Сліду не видати.
До моєї дівчиноньки
Не пускає мати.

А я річку і ставочок
Возьму перескочу.
До моєї дівчиноньки
Піду, коли схочу','["pisni.org.ua", "cat:halycki", "cat:strilecki", "Пісні з Галичини", "Стрілецькі пісні"]',1,'published',COALESCE((SELECT created_at FROM songs WHERE id='pisniua_282124'), datetime('now')),datetime('now'));
INSERT OR REPLACE INTO songs_fts(song_id,title,lyrics) VALUES ('pisniua_282124','Кладочка','Кладочка, кладочка вузесенькая, -
Милая, милая, милесенькая.

До милої мені близько,
Йно через стависько,
Вчора дощик, нині дощик,
Завтра буде слизько.

Вчора дощик, нині дощик,
Завтра виллють ріки.
Либонь ми ся, дівчинонько,
Розійдем навіки.

Ой яке ж ти, дівчинонько,
Лихо учинила,
Що та кладочка вузенька
Вже ся заломила.

А вже з тої кладочки
Сліду не видати.
До моєї дівчиноньки
Не пускає мати.

А я річку і ставочок
Возьму перескочу.
До моєї дівчиноньки
Піду, коли схочу');
INSERT OR REPLACE INTO songs (id,title,subtitle,lang,country,period,year,source,notes,lyrics,tags_json,lang_locked,status,created_at,updated_at) VALUES ('pisniua_28175','Хміль лугами','Українська народна пісня','uk','ukraine_before_1917',NULL,NULL,'Філарет Колесса "Шкільний співаник"',NULL,'Хміль лугами, хміль лугами, а пшениця ярами,(2)
"Ходи, ходи, Ганусенько, повечеряймо з нами". (2)

Хміль не в''ється, хміль не в''ється, а пшениця не жнеться: (2)
А вже ж мені, подруженьки, дівування минеться. (2)','["pisni.org.ua", "cat:vesilni", "Весільні пісні"]',1,'published',COALESCE((SELECT created_at FROM songs WHERE id='pisniua_28175'), datetime('now')),datetime('now'));
INSERT OR REPLACE INTO songs_fts(song_id,title,lyrics) VALUES ('pisniua_28175','Хміль лугами','Хміль лугами, хміль лугами, а пшениця ярами,(2)
"Ходи, ходи, Ганусенько, повечеряймо з нами". (2)

Хміль не в''ється, хміль не в''ється, а пшениця не жнеться: (2)
А вже ж мені, подруженьки, дівування минеться. (2)');
INSERT OR REPLACE INTO songs (id,title,subtitle,lang,country,period,year,source,notes,lyrics,tags_json,lang_locked,status,created_at,updated_at) VALUES ('pisniua_281165','Чотири воли пасу я','Українська народна пісня. Виконує: Євгенія Мірошниченко, Валентина Степова, Марія Стеф''юк, Гурт "Зоряна ніч"','uk','ukraine_before_1917',NULL,NULL,NULL,'Українська народна пісня, записана А. Кос-Анатольським в Коломиї Виконують: Євгенія Мирошніченко, Валентина Степова, Марія Стеф''юк','Чотири воли пасу я
У зеленому гайочку.
Знайшов собі милий другу,
Залишив мя Іваночко.
Гей, воли мої, гей!
Залишив мя Іваночко

Чотири воли пасу я,
На них тисовії ярма.
Нащо, Йванку, ти цілував
Моє біле личко дарма?
Гей, воли мої, гей!
Моє біле личко дарма?

Скільки раз його цілував,
Стільки в небі зірок бачу.
Бодай, Йванку, ти не чував,
Як за тобов гірко плачу.
Гей, воли мої, гей!
Як за тобов гірко плачу','["pisni.org.ua", "cat:dances", "cat:halycki", "cat:polky", "Пісні до танцю", "Пісні з Галичини", "Польки"]',1,'published',COALESCE((SELECT created_at FROM songs WHERE id='pisniua_281165'), datetime('now')),datetime('now'));
INSERT OR REPLACE INTO songs_fts(song_id,title,lyrics) VALUES ('pisniua_281165','Чотири воли пасу я','Чотири воли пасу я
У зеленому гайочку.
Знайшов собі милий другу,
Залишив мя Іваночко.
Гей, воли мої, гей!
Залишив мя Іваночко

Чотири воли пасу я,
На них тисовії ярма.
Нащо, Йванку, ти цілував
Моє біле личко дарма?
Гей, воли мої, гей!
Моє біле личко дарма?

Скільки раз його цілував,
Стільки в небі зірок бачу.
Бодай, Йванку, ти не чував,
Як за тобов гірко плачу.
Гей, воли мої, гей!
Як за тобов гірко плачу');
INSERT OR REPLACE INTO song_links (id,song_id,title,url,kind,version_id,sort_order) VALUES ('pisniua_281165_l1','pisniua_281165','YouTube','https://www.youtube.com/watch?v=Q8qOkE9LSfI','video',NULL,1);
INSERT OR REPLACE INTO song_links (id,song_id,title,url,kind,version_id,sort_order) VALUES ('pisniua_281165_l2','pisniua_281165','YouTube','https://www.youtube.com/watch?v=d9jMyxtl-UU','video',NULL,2);
INSERT OR REPLACE INTO song_links (id,song_id,title,url,kind,version_id,sort_order) VALUES ('pisniua_281165_l3','pisniua_281165','YouTube','https://www.youtube.com/watch?v=-NYuCWdg_bU','video',NULL,3);
INSERT OR REPLACE INTO song_links (id,song_id,title,url,kind,version_id,sort_order) VALUES ('pisniua_281165_l4','pisniua_281165','YouTube','https://www.youtube.com/watch?v=hKAOQl0tMAo','video',NULL,4);
INSERT OR REPLACE INTO songs (id,title,subtitle,lang,country,period,year,source,notes,lyrics,tags_json,lang_locked,status,created_at,updated_at) VALUES ('pisniua_282199','Сонце низенько, вечір близенько','Слова: Іван Котляревський','uk','ukraine_before_1917',NULL,NULL,'http://poetry.uazone.net',NULL,'Сонце низенько, вечір близенько,
Іди до мене, моє серденько!             | (2)

Ой вийди, вийди, та не барися,
Моє серденько, розвеселися.             | (2)

Ой вийди, вийди, серденько, Галю,
Серденько, рибонько, дорогий кришталю!  | (2)

Ой вийди, вийди, не бійсь морозу,
Я твої ніженьки в шапочку вложу.        | (2)

Через річеньку, через болото
Подай рученьку, моє золото!             | (2)

Через річеньку, через биструю
Подай рученьку, подай другую!           | (2)

Ой біда, біда, що я не вдався, —
Брів через річеньку, та не вмивався.    | (2)

Ой завернуся та умиюся,
На свою милую хоч подивлюся.            | (2)

"Ой, не вертайся, та не вмивайся,
Ти ж мені, серденько, й так сподобався. | (2)

Ой там криниця під перелазом —
Вмиємось, серденько, обоє разом.        | (2)

Моя хустина шовками шита —
Утремось, серденько, хоч буду бита.     | (2)

Битиме мати, знатиму, за що:
За тебе, серденько, не за ледащо!"      | (2)','["pisni.org.ua", "cat:lirychni", "Пісні про кохання, ліричні"]',1,'published',COALESCE((SELECT created_at FROM songs WHERE id='pisniua_282199'), datetime('now')),datetime('now'));
INSERT OR REPLACE INTO songs_fts(song_id,title,lyrics) VALUES ('pisniua_282199','Сонце низенько, вечір близенько','Сонце низенько, вечір близенько,
Іди до мене, моє серденько!             | (2)

Ой вийди, вийди, та не барися,
Моє серденько, розвеселися.             | (2)

Ой вийди, вийди, серденько, Галю,
Серденько, рибонько, дорогий кришталю!  | (2)

Ой вийди, вийди, не бійсь морозу,
Я твої ніженьки в шапочку вложу.        | (2)

Через річеньку, через болото
Подай рученьку, моє золото!             | (2)

Через річеньку, через биструю
Подай рученьку, подай другую!           | (2)

Ой біда, біда, що я не вдався, —
Брів через річеньку, та не вмивався.    | (2)

Ой завернуся та умиюся,
На свою милую хоч подивлюся.            | (2)

"Ой, не вертайся, та не вмивайся,
Ти ж мені, серденько, й так сподобався. | (2)

Ой там криниця під перелазом —
Вмиємось, серденько, обоє разом.        | (2)

Моя хустина шовками шита —
Утремось, серденько, хоч буду бита.     | (2)

Битиме мати, знатиму, за що:
За тебе, серденько, не за ледащо!"      | (2)');
INSERT OR REPLACE INTO song_links (id,song_id,title,url,kind,version_id,sort_order) VALUES ('pisniua_282199_l1','pisniua_282199','YouTube','https://www.youtube.com/watch?v=dAMz_7qtm7M','video',NULL,1);
INSERT OR REPLACE INTO song_links (id,song_id,title,url,kind,version_id,sort_order) VALUES ('pisniua_282199_l2','pisniua_282199','Переглянути варіанти >>','https://www.pisni.org.ua/#variants','external',NULL,2);
INSERT OR REPLACE INTO songs (id,title,subtitle,lang,country,period,year,source,notes,lyrics,tags_json,lang_locked,status,created_at,updated_at) VALUES ('pisniua_28158','Доля','Українська народна пісня','uk','ukraine_before_1917',NULL,NULL,'Філарет Колесса "Шкільний співаник"',NULL,'Ой мовив же єсь, з бука листочку, що не будеш падати. (2)
Ой мовив же єсь, ти мій батеньку, що мя не даш від хати. (2)
А тепер даєш, та сам не знаєш, що за доленька буде. (2)
"Всього ті даю, що дома маю, долі ті не вгадаю". (2)','["pisni.org.ua", "cat:vesilni", "Весільні пісні"]',1,'published',COALESCE((SELECT created_at FROM songs WHERE id='pisniua_28158'), datetime('now')),datetime('now'));
INSERT OR REPLACE INTO songs_fts(song_id,title,lyrics) VALUES ('pisniua_28158','Доля','Ой мовив же єсь, з бука листочку, що не будеш падати. (2)
Ой мовив же єсь, ти мій батеньку, що мя не даш від хати. (2)
А тепер даєш, та сам не знаєш, що за доленька буде. (2)
"Всього ті даю, що дома маю, долі ті не вгадаю". (2)');
INSERT OR REPLACE INTO songs (id,title,subtitle,lang,country,period,year,source,notes,lyrics,tags_json,lang_locked,status,created_at,updated_at) VALUES ('pisniua_282961','У мандри, у мандри','Музика: Іван Недільський Слова: Ф. Смеречук','uk','ukraine_1991',NULL,NULL,'1. http://upyu.plastscouting.org/spivanyk',NULL,'У мандри, у мандри ходім, юні друзі,
Із співом веселим, бадьорим,
До гір, що синіють на обрієкрузі,
В широкі, розлогі простори.

Хай сонце і вітер нам пестять обличчя,
Хай міць у серцях могутніє,
Хай наша країна буйна й таємнича,
Хай сила у грудях міцніє...

В мандрівку! У простір! Маґнетом далекі
Нас тягнуть камінні дороги.
Ходім, побратими! Шуміть нам, смереки!
Освічуй нам путь, ясногорий','["pisni.org.ua", "cat:manrivni", "cat:plastovi", "Пісні на мандрівну тематику", "Пластові пісні"]',1,'published',COALESCE((SELECT created_at FROM songs WHERE id='pisniua_282961'), datetime('now')),datetime('now'));
INSERT OR REPLACE INTO songs_fts(song_id,title,lyrics) VALUES ('pisniua_282961','У мандри, у мандри','У мандри, у мандри ходім, юні друзі,
Із співом веселим, бадьорим,
До гір, що синіють на обрієкрузі,
В широкі, розлогі простори.

Хай сонце і вітер нам пестять обличчя,
Хай міць у серцях могутніє,
Хай наша країна буйна й таємнича,
Хай сила у грудях міцніє...

В мандрівку! У простір! Маґнетом далекі
Нас тягнуть камінні дороги.
Ходім, побратими! Шуміть нам, смереки!
Освічуй нам путь, ясногорий');
INSERT OR REPLACE INTO songs (id,title,subtitle,lang,country,period,year,source,notes,lyrics,tags_json,lang_locked,status,created_at,updated_at) VALUES ('pisniua_281091','А роки летять, мов кулі','(Тож цілуй мене негайно). Музика: Роберт Голованенко Слова: Василь Кузан','uk','ukraine_1991',NULL,NULL,'1. Книга "Золото Карпат", авторське подання',NULL,'А роки летять, мов кулі,
Менше вже кують зозулі -
Скоро тіла насолоду
Старість висмокче до дна.

Скоро зморшками пооре
Наші душі, наші мрії,
Наші весни, мов повії,
З іншими підуть у ніч.

Скоро згаснуть наші ранки,
Стануть шторами фіранки,
Зорі - краплями вина.

Тож цілуй мене негайно,
Хай нам буде нині файно,
Хай кохання не мина.','["pisni.org.ua", "cat:bardivski", "Бардівські пісні"]',1,'published',COALESCE((SELECT created_at FROM songs WHERE id='pisniua_281091'), datetime('now')),datetime('now'));
INSERT OR REPLACE INTO songs_fts(song_id,title,lyrics) VALUES ('pisniua_281091','А роки летять, мов кулі','А роки летять, мов кулі,
Менше вже кують зозулі -
Скоро тіла насолоду
Старість висмокче до дна.

Скоро зморшками пооре
Наші душі, наші мрії,
Наші весни, мов повії,
З іншими підуть у ніч.

Скоро згаснуть наші ранки,
Стануть шторами фіранки,
Зорі - краплями вина.

Тож цілуй мене негайно,
Хай нам буде нині файно,
Хай кохання не мина.');
INSERT OR REPLACE INTO songs (id,title,subtitle,lang,country,period,year,source,notes,lyrics,tags_json,lang_locked,status,created_at,updated_at) VALUES ('pisniua_2828','Не сміє бути в нас страху','Музика: Роман Купчинський Слова: Роман Купчинський. Виконує: Не журись!','uk','ukrainian_peoples_republic_1917_1921',NULL,NULL,'Сурма. Збірник воєнних пісень.- Львів-Київ: Червона Калина, 1922; Звитяга. Книжечка учасника табору.- 2002','Славень (гимн) "Лицарів Залізної Остроги"; славень (гимн) Ордену Залізної Остроги (Пласт)','Не сміє бути в нас страху,
Ні жодної тривоги,
Бо ми є лицарі грізні
Залізної Остроги. *

Не страшать нас і в цісарів
Високії пороги,
Бо ми є лицарі грізні
Залізної Остроги.

А до дівочих ніжних серць
Ми знаєм всі дороги,
Бо ми є лицарі грізні
Залізної Остроги.

Не святкуватиме ніхто
Над нами перемоги,
Бо ми є лицарі грізні
Залізної Остроги.

* У кожному стовпчику 2 останні рядки повторюються двічі.','["pisni.org.ua", "cat:plastovi", "cat:strilecki", "Пластові пісні", "Стрілецькі пісні"]',1,'published',COALESCE((SELECT created_at FROM songs WHERE id='pisniua_2828'), datetime('now')),datetime('now'));
INSERT OR REPLACE INTO songs_fts(song_id,title,lyrics) VALUES ('pisniua_2828','Не сміє бути в нас страху','Не сміє бути в нас страху,
Ні жодної тривоги,
Бо ми є лицарі грізні
Залізної Остроги. *

Не страшать нас і в цісарів
Високії пороги,
Бо ми є лицарі грізні
Залізної Остроги.

А до дівочих ніжних серць
Ми знаєм всі дороги,
Бо ми є лицарі грізні
Залізної Остроги.

Не святкуватиме ніхто
Над нами перемоги,
Бо ми є лицарі грізні
Залізної Остроги.

* У кожному стовпчику 2 останні рядки повторюються двічі.');
INSERT OR REPLACE INTO song_links (id,song_id,title,url,kind,version_id,sort_order) VALUES ('pisniua_2828_l1','pisniua_2828','Переглянути варіанти >>','https://www.pisni.org.ua/#variants','external',NULL,1);
INSERT OR REPLACE INTO songs (id,title,subtitle,lang,country,period,year,source,notes,lyrics,tags_json,lang_locked,status,created_at,updated_at) VALUES ('pisniua_282498','Ой полети, зозуленько','Українська народна пісня','uk','ukraine_before_1917',NULL,NULL,'Українські народні пісні: Пісенник/ Упоряд. Л.Силенко.-К.:Муз. Україна, 1989.- 176с.',NULL,'Ой полети, зозуленько,
На зорі раненько,
Тай й на моїй родиноньці    |
Закуй жалібненько           | (2)

Сядь, зозуле, край віконця,
Де мати сідає,
Із якого ненька мене        |
Щодня виглядає              | (2)

Облітай же, зозуленько,
Вишневий садочок,
Та й принеси, хоч квіточку, |
Хоч один листочок.          | (2)','["pisni.org.ua", "cat:43", "Еміґрантські пісні"]',1,'published',COALESCE((SELECT created_at FROM songs WHERE id='pisniua_282498'), datetime('now')),datetime('now'));
INSERT OR REPLACE INTO songs_fts(song_id,title,lyrics) VALUES ('pisniua_282498','Ой полети, зозуленько','Ой полети, зозуленько,
На зорі раненько,
Тай й на моїй родиноньці    |
Закуй жалібненько           | (2)

Сядь, зозуле, край віконця,
Де мати сідає,
Із якого ненька мене        |
Щодня виглядає              | (2)

Облітай же, зозуленько,
Вишневий садочок,
Та й принеси, хоч квіточку, |
Хоч один листочок.          | (2)');
INSERT OR REPLACE INTO songs (id,title,subtitle,lang,country,period,year,source,notes,lyrics,tags_json,lang_locked,status,created_at,updated_at) VALUES ('pisniua_281818','Закувала зозуленька','Українська народна пісня','uk','ukraine_before_1917',NULL,NULL,'http://posydenky.lvivport.com',NULL,'Закувала зозуленька
В стодолі на розі,
Заплакала дівчинонька
В батька на порозі.

Ой візьму я коновоньки
Та й піду по воду,
А там хлопці-риболовці
З козацького роду.

"Ой ви, хлопці-риболовці,
З прекрасного роду,
Візьміть мене на той човен,
Перевезіть через воду".

"Ми би тебе перевезли,
Щоб хвиля не била.
Ми би тебе з собов взяли,
Щоб мати не тужила".

"Моя мати старенькая
Не буде тужити,
Вона сама добре знає,
Що не маю з ким жити".

Як сідала у той човен,
Тяженько зітхнула,
Відбилася від берега,
Хустинкою змахнула.

Ой, ніхто того не бачив,
Тільки стара мати,
Що сиділа край берега
Та й стала ридати:

"Ой ти, доню, моя доню,
Доню моя красна..."
"Що ми з того, що я красна,
Коли доля нещасна".','["pisni.org.ua", "cat:socialno-pobutovi", "Соціально-побутові пісні"]',1,'published',COALESCE((SELECT created_at FROM songs WHERE id='pisniua_281818'), datetime('now')),datetime('now'));
INSERT OR REPLACE INTO songs_fts(song_id,title,lyrics) VALUES ('pisniua_281818','Закувала зозуленька','Закувала зозуленька
В стодолі на розі,
Заплакала дівчинонька
В батька на порозі.

Ой візьму я коновоньки
Та й піду по воду,
А там хлопці-риболовці
З козацького роду.

"Ой ви, хлопці-риболовці,
З прекрасного роду,
Візьміть мене на той човен,
Перевезіть через воду".

"Ми би тебе перевезли,
Щоб хвиля не била.
Ми би тебе з собов взяли,
Щоб мати не тужила".

"Моя мати старенькая
Не буде тужити,
Вона сама добре знає,
Що не маю з ким жити".

Як сідала у той човен,
Тяженько зітхнула,
Відбилася від берега,
Хустинкою змахнула.

Ой, ніхто того не бачив,
Тільки стара мати,
Що сиділа край берега
Та й стала ридати:

"Ой ти, доню, моя доню,
Доню моя красна..."
"Що ми з того, що я красна,
Коли доля нещасна".');
INSERT OR REPLACE INTO song_links (id,song_id,title,url,kind,version_id,sort_order) VALUES ('pisniua_281818_l1','pisniua_281818','Переглянути варіанти >>','https://www.pisni.org.ua/#variants','external',NULL,1);
INSERT OR REPLACE INTO songs (id,title,subtitle,lang,country,period,year,source,notes,lyrics,tags_json,lang_locked,status,created_at,updated_at) VALUES ('pisniua_283919','Ой, на горі жито','(... На долині жито). Музика: народ Слова: народ','uk','ukraine_before_1917',NULL,NULL,'Український народний співаник, Мюнхен, 1946 р.',NULL,'Ой, на горі жито,
На долині жито,
В чистім полі край дороги
Козака забито.

Вбито ж його, вбито,
Затягнено в жито,
Червоною китайкою
Голову накрито.

Ой прийшла дівчина
З чорними очима,
Відокрила китаєчку
Тай заголосила.

"Ой устань, козаче,
Устань молоденький,
Ходить, блудить коло тебе
Твій кінь вороненький".

Ой най же він блудить,
Най нічку ночує,
Та чейже він до родини
Доріженьку чує.','["pisni.org.ua", "cat:kozacki", "Козацькі пісні"]',1,'published',COALESCE((SELECT created_at FROM songs WHERE id='pisniua_283919'), datetime('now')),datetime('now'));
INSERT OR REPLACE INTO songs_fts(song_id,title,lyrics) VALUES ('pisniua_283919','Ой, на горі жито','Ой, на горі жито,
На долині жито,
В чистім полі край дороги
Козака забито.

Вбито ж його, вбито,
Затягнено в жито,
Червоною китайкою
Голову накрито.

Ой прийшла дівчина
З чорними очима,
Відокрила китаєчку
Тай заголосила.

"Ой устань, козаче,
Устань молоденький,
Ходить, блудить коло тебе
Твій кінь вороненький".

Ой най же він блудить,
Най нічку ночує,
Та чейже він до родини
Доріженьку чує.');
INSERT OR REPLACE INTO songs (id,title,subtitle,lang,country,period,year,source,notes,lyrics,tags_json,lang_locked,status,created_at,updated_at) VALUES ('pisniua_283798','Готуй мені збрую','Музика: Роман Купчинський Слова: Роман Купчинський','uk','ukrainian_peoples_republic_1917_1921',NULL,'1917','Стрілецькі пісні Романа Купчинського "Як з бережан да кадри", упор В.Подуфалий, Тернопіль. 1990 р.','написано в березні 1917 року при виході двох куренів УСС з вишколу у Розвадові в поле під Бережани','Готуй мені збрую,
Готуй мені коня.
Бо я серцем похід чую,
Дівчинонько моя.

Дай уста рожеві
Ще поцілувати,
Ніж заграють нам крицаві
Московські гармати.

Піду я, піду я,
А де, сам не знаю,
Може люту смерть найду я
В далекому краю.

Прийдуть вірні друзі,
Прийдуть, заспівають
Під явором, в темнім лузі
Мене поховають.

Не плач же, дівчино,
Серденько кохане,
А заплачеш в ту хвилину,
Як мене не стане.','["pisni.org.ua", "cat:strilecki", "Стрілецькі пісні"]',1,'published',COALESCE((SELECT created_at FROM songs WHERE id='pisniua_283798'), datetime('now')),datetime('now'));
INSERT OR REPLACE INTO songs_fts(song_id,title,lyrics) VALUES ('pisniua_283798','Готуй мені збрую','Готуй мені збрую,
Готуй мені коня.
Бо я серцем похід чую,
Дівчинонько моя.

Дай уста рожеві
Ще поцілувати,
Ніж заграють нам крицаві
Московські гармати.

Піду я, піду я,
А де, сам не знаю,
Може люту смерть найду я
В далекому краю.

Прийдуть вірні друзі,
Прийдуть, заспівають
Під явором, в темнім лузі
Мене поховають.

Не плач же, дівчино,
Серденько кохане,
А заплачеш в ту хвилину,
Як мене не стане.');
INSERT OR REPLACE INTO songs (id,title,subtitle,lang,country,period,year,source,notes,lyrics,tags_json,lang_locked,status,created_at,updated_at) VALUES ('pisniua_282899','Гей, волинськими шляхами','Музика: М. Празький Слова: Олесь Бабій','uk','ukrainian_peoples_republic_1917_1921',NULL,NULL,'В дорогу! Пластовий співаник. "Молоде життя", Ауґсбурґ, 1949.','стрілецька пісня','Гей, волинськими шляхами
І безмежними степами
Горде військо в бій іде.
То Стрільці йдуть Січовії,
Мов орлята степовії,
Громом пісня їх гуде!
Гей, бій буде!

Йдуть Стрільці, ідуть герої,
Йдуть до волі золотої,
Шлях свій трупами значать.
Не страшна їм смерть-могила,
Не грізна ворожа сила!
В Київ волю здобувать,
Орли летять!','["pisni.org.ua", "cat:strilecki", "Стрілецькі пісні"]',1,'published',COALESCE((SELECT created_at FROM songs WHERE id='pisniua_282899'), datetime('now')),datetime('now'));
INSERT OR REPLACE INTO songs_fts(song_id,title,lyrics) VALUES ('pisniua_282899','Гей, волинськими шляхами','Гей, волинськими шляхами
І безмежними степами
Горде військо в бій іде.
То Стрільці йдуть Січовії,
Мов орлята степовії,
Громом пісня їх гуде!
Гей, бій буде!

Йдуть Стрільці, ідуть герої,
Йдуть до волі золотої,
Шлях свій трупами значать.
Не страшна їм смерть-могила,
Не грізна ворожа сила!
В Київ волю здобувать,
Орли летять!');
INSERT OR REPLACE INTO songs (id,title,subtitle,lang,country,period,year,source,notes,lyrics,tags_json,lang_locked,status,created_at,updated_at) VALUES ('pisniua_284055','Задумала вража баба','Українська народна пісня','uk','ukraine_before_1917',NULL,NULL,'Український народний співаник, Мюнхен, 1946 р.',NULL,'Задумала вража баба
Та й забагатіти,
Підсипала куріпочку,
Підсипала куріпочку,
Щоб вивела діти.

Як вдалося вражій бабі
На біду, на горе:
Висиділа куріпочка,
Висиділа куріпочка,
Усіх тільки троє.

Як погнала стара баба
Куріпочку пасти,
Сама сіла під тиночком,
Сама сіла під тиночком
Куделицю прясти.

Наступає чорна хмара,
Дощик накрапає, -
Стара баба куріп''яток
Стара баба куріп''яток
В хату заганяє.

Ще й до хати не догнала,
Як одно стоптала,
На другеє іспіткнулась,
На другеє іспіткнулась,
На третеє впала.

Як вернувся дід із лісу,
Став бабу питати:
"Що це наших, бабусенько,
Що це наших, бабусенько,
Курчат не видати?"','["pisni.org.ua", "cat:socialno-pobutovi", "Соціально-побутові пісні"]',1,'published',COALESCE((SELECT created_at FROM songs WHERE id='pisniua_284055'), datetime('now')),datetime('now'));
INSERT OR REPLACE INTO songs_fts(song_id,title,lyrics) VALUES ('pisniua_284055','Задумала вража баба','Задумала вража баба
Та й забагатіти,
Підсипала куріпочку,
Підсипала куріпочку,
Щоб вивела діти.

Як вдалося вражій бабі
На біду, на горе:
Висиділа куріпочка,
Висиділа куріпочка,
Усіх тільки троє.

Як погнала стара баба
Куріпочку пасти,
Сама сіла під тиночком,
Сама сіла під тиночком
Куделицю прясти.

Наступає чорна хмара,
Дощик накрапає, -
Стара баба куріп''яток
Стара баба куріп''яток
В хату заганяє.

Ще й до хати не догнала,
Як одно стоптала,
На другеє іспіткнулась,
На другеє іспіткнулась,
На третеє впала.

Як вернувся дід із лісу,
Став бабу питати:
"Що це наших, бабусенько,
Що це наших, бабусенько,
Курчат не видати?"');
INSERT OR REPLACE INTO songs (id,title,subtitle,lang,country,period,year,source,notes,lyrics,tags_json,lang_locked,status,created_at,updated_at) VALUES ('pisniua_282216','На вгороді коло броду','Музика: Микола Лисенко Слова: Тарас Шевченко','uk','ukraine_before_1917',NULL,'1848','Кобзар','Написано 1848 року в Кос-Аралі.','На вгороді коло броду
Барвінок не сходить.
Чомусь дівчина до броду
По воду не ходить.

На вгороді коло тину
Сохне на тичині
Хміль зелений, не виходить
Дівчина з хатини.

На вгороді коло броду
Верба похилилась.
Зажурилась чорнобрива,
Тяжко зажурилась.

Плаче, плаче та ридає,
Як рибонька б''ється...
А над нею, молодою,
Поганець сміється.    Фонограма-мінус (mp3)','["pisni.org.ua", "cat:socialno-pobutovi", "Соціально-побутові пісні"]',1,'published',COALESCE((SELECT created_at FROM songs WHERE id='pisniua_282216'), datetime('now')),datetime('now'));
INSERT OR REPLACE INTO songs_fts(song_id,title,lyrics) VALUES ('pisniua_282216','На вгороді коло броду','На вгороді коло броду
Барвінок не сходить.
Чомусь дівчина до броду
По воду не ходить.

На вгороді коло тину
Сохне на тичині
Хміль зелений, не виходить
Дівчина з хатини.

На вгороді коло броду
Верба похилилась.
Зажурилась чорнобрива,
Тяжко зажурилась.

Плаче, плаче та ридає,
Як рибонька б''ється...
А над нею, молодою,
Поганець сміється.    Фонограма-мінус (mp3)');
INSERT OR REPLACE INTO songs (id,title,subtitle,lang,country,period,year,source,notes,lyrics,tags_json,lang_locked,status,created_at,updated_at) VALUES ('pisniua_28313','Зелений дзвін','Музика: Володимир Івасюк Слова: Ростислав Братунь','uk','ukraine_1991',NULL,NULL,'http://ivasyuk.domivka.net/',NULL,'Зовуть дороги, шляхи нас кличуть,
Щоб відкривати казки на землі.
І з нами завжди — вітер в обличчя,
Краса незнана десь у далі.

Приспів:
А над усім гуде,
В неспокій нас веде
Зелений дзвін —
Весни тривога!
Зелений дзвін —
Весни дорога!
Зелений дзвін —
У всьому!
Іди за ним
Із дому!

До таємниці доріг далеких
Нас обрій вабить знов навесні,
І кілометри, немов лелеки,
Ключами линуть у наші дні.

Приспів.','["pisni.org.ua", "cat:manrivni", "Пісні на мандрівну тематику"]',1,'published',COALESCE((SELECT created_at FROM songs WHERE id='pisniua_28313'), datetime('now')),datetime('now'));
INSERT OR REPLACE INTO songs_fts(song_id,title,lyrics) VALUES ('pisniua_28313','Зелений дзвін','Зовуть дороги, шляхи нас кличуть,
Щоб відкривати казки на землі.
І з нами завжди — вітер в обличчя,
Краса незнана десь у далі.

Приспів:
А над усім гуде,
В неспокій нас веде
Зелений дзвін —
Весни тривога!
Зелений дзвін —
Весни дорога!
Зелений дзвін —
У всьому!
Іди за ним
Із дому!

До таємниці доріг далеких
Нас обрій вабить знов навесні,
І кілометри, немов лелеки,
Ключами линуть у наші дні.

Приспів.');
INSERT OR REPLACE INTO songs (id,title,subtitle,lang,country,period,year,source,notes,lyrics,tags_json,lang_locked,status,created_at,updated_at) VALUES ('pisniua_284073','Ой, устану я в понеділок','Українська народна пісня','uk','ukraine_before_1917',NULL,NULL,'Український народний співаник, Мюнхен, 1946 р.',NULL,'Ой, устану я в понеділок,
Чи не напряду я хоч починок?

Приспів:
Ой, пряла чи не пряла,
Простіть, люди, що збрехала!
І клочя курить, і головка болить,
І до корчми кортить...
Ой, там куми п''ють,
Ой, там куми ждуть,
Та все вони випивають,
Та все мене споминають:
"Що за новина, що куми нема?"

Ой, устану я у вівторок,
Чи не напряду я пасмів сорок?

Приспів.

Ой, устану я у середу,
Чи не напряду я попереду?

Приспів.

Ой, устану я у четвер,
Чи не напряду я хоч тепер?

Приспів.

Ой, устану я у п''ятницю,
Чи не напряду я хоч чисницю?

Приспів.

Ой, устану я у суботу,
Чи не напряду я всю роботу?

Приспів','["pisni.org.ua", "cat:socialno-pobutovi", "Соціально-побутові пісні"]',1,'published',COALESCE((SELECT created_at FROM songs WHERE id='pisniua_284073'), datetime('now')),datetime('now'));
INSERT OR REPLACE INTO songs_fts(song_id,title,lyrics) VALUES ('pisniua_284073','Ой, устану я в понеділок','Ой, устану я в понеділок,
Чи не напряду я хоч починок?

Приспів:
Ой, пряла чи не пряла,
Простіть, люди, що збрехала!
І клочя курить, і головка болить,
І до корчми кортить...
Ой, там куми п''ють,
Ой, там куми ждуть,
Та все вони випивають,
Та все мене споминають:
"Що за новина, що куми нема?"

Ой, устану я у вівторок,
Чи не напряду я пасмів сорок?

Приспів.

Ой, устану я у середу,
Чи не напряду я попереду?

Приспів.

Ой, устану я у четвер,
Чи не напряду я хоч тепер?

Приспів.

Ой, устану я у п''ятницю,
Чи не напряду я хоч чисницю?

Приспів.

Ой, устану я у суботу,
Чи не напряду я всю роботу?

Приспів');
INSERT OR REPLACE INTO songs (id,title,subtitle,lang,country,period,year,source,notes,lyrics,tags_json,lang_locked,status,created_at,updated_at) VALUES ('pisniua_282818','Ой да розвивайся, ой да сухий дубе','Українська народна пісня. Виконує: Черкаський народний хор','uk','ukraine_before_1917',NULL,NULL,'Найкращі пісні України, "Майдан", К., 1992.',NULL,'Ой да розвивайся, ой да сухий дубе, —
Завтра мороз буде.
Ой да убирайся, молодий козаче, —
Скоро похід буде.

Я морозу та ще й не боюся —
Зараз розів''юся.
Я ж походу та ще й не боюся —
Зараз уберуся.

Ой да на коника та й швидко схопився,
Низенько вклонився.
— Ой да прощавайте, сусідоньки,
Може, з ким сварився!

Приливайте мою дороженьку,
Щоб не курилася,
Розважайте та й отця і неньку,
Щоб не журилися.

Розкопайте та й крутії гори,
Щоб не валялися,
Розважайте брата із сестрою,
Щоб не побивалися.

Іскосіть ви та суху травоньку,
Щоб не хилилася,
Розважайте мою дівчиноньку,
Щоб не журилася.

— Приливали твою дороженьку —
Так куриться дуже,
Розважали твоїх отця-неньку,
Та журяться дуже.

Розкопали круті гори,
Валяються дуже.
Розважали брата із сестрою —
Побиваються дуже.

Іскосили всю сухую травоньку —
Так ламається дуже.
Розважали твою дівчиноньку —
Так журиться дуже','["pisni.org.ua", "cat:kozacki", "cat:socialno-pobutovi", "Козацькі пісні", "Соціально-побутові пісні"]',1,'published',COALESCE((SELECT created_at FROM songs WHERE id='pisniua_282818'), datetime('now')),datetime('now'));
INSERT OR REPLACE INTO songs_fts(song_id,title,lyrics) VALUES ('pisniua_282818','Ой да розвивайся, ой да сухий дубе','Ой да розвивайся, ой да сухий дубе, —
Завтра мороз буде.
Ой да убирайся, молодий козаче, —
Скоро похід буде.

Я морозу та ще й не боюся —
Зараз розів''юся.
Я ж походу та ще й не боюся —
Зараз уберуся.

Ой да на коника та й швидко схопився,
Низенько вклонився.
— Ой да прощавайте, сусідоньки,
Може, з ким сварився!

Приливайте мою дороженьку,
Щоб не курилася,
Розважайте та й отця і неньку,
Щоб не журилися.

Розкопайте та й крутії гори,
Щоб не валялися,
Розважайте брата із сестрою,
Щоб не побивалися.

Іскосіть ви та суху травоньку,
Щоб не хилилася,
Розважайте мою дівчиноньку,
Щоб не журилася.

— Приливали твою дороженьку —
Так куриться дуже,
Розважали твоїх отця-неньку,
Та журяться дуже.

Розкопали круті гори,
Валяються дуже.
Розважали брата із сестрою —
Побиваються дуже.

Іскосили всю сухую травоньку —
Так ламається дуже.
Розважали твою дівчиноньку —
Так журиться дуже');
INSERT OR REPLACE INTO song_links (id,song_id,title,url,kind,version_id,sort_order) VALUES ('pisniua_282818_l1','pisniua_282818','YouTube','https://www.youtube.com/watch?v=sCcHMgaqqNI','video',NULL,1);
INSERT OR REPLACE INTO song_links (id,song_id,title,url,kind,version_id,sort_order) VALUES ('pisniua_282818_l2','pisniua_282818','YouTube','https://www.youtube.com/watch?v=wlF0kVZaGJE','video',NULL,2);
INSERT OR REPLACE INTO song_links (id,song_id,title,url,kind,version_id,sort_order) VALUES ('pisniua_282818_l3','pisniua_282818','YouTube','https://www.youtube.com/watch?v=G2m3DD3mzHw','video',NULL,3);
INSERT OR REPLACE INTO song_links (id,song_id,title,url,kind,version_id,sort_order) VALUES ('pisniua_282818_l4','pisniua_282818','Переглянути варіанти >>','https://www.pisni.org.ua/#variants','external',NULL,4);
INSERT OR REPLACE INTO songs (id,title,subtitle,lang,country,period,year,source,notes,lyrics,tags_json,lang_locked,status,created_at,updated_at) VALUES ('pisniua_28328','Зимова казка','Музика: Володимир Івасюк Слова: Ростислав Братунь. Виконує: Віктор Шпортько','uk','ukraine_1991',NULL,NULL,'http://ivasyuk.domivka.net/',NULL,'Ніч зимову іскристу закликаю, зову,
Щоби казка сьогодні нам збулась наяву:
Принеси мені чарів, я прошу, принеси,
В сніговому серпанку, в мерехтінні краси.

Приспів:
Ти мене задивуєш, зачаруєш мене,
Як снігуронька чудом голубим промайне,
Як снігуронька прийде, чи любов це моя
У кружлянні сніжинок, мов зоря, засія.

Буду тебе я звати, щоб нікуди не йшла,
Буду я думку гадати — чи насправді була,
А чи, може, майнула, усміхнулась мені —
І не буде здаватись, що це в казці, у сні...

Приспів.','["pisni.org.ua", "cat:krasa-pryrody", "Пісні про красу природи"]',1,'published',COALESCE((SELECT created_at FROM songs WHERE id='pisniua_28328'), datetime('now')),datetime('now'));
INSERT OR REPLACE INTO songs_fts(song_id,title,lyrics) VALUES ('pisniua_28328','Зимова казка','Ніч зимову іскристу закликаю, зову,
Щоби казка сьогодні нам збулась наяву:
Принеси мені чарів, я прошу, принеси,
В сніговому серпанку, в мерехтінні краси.

Приспів:
Ти мене задивуєш, зачаруєш мене,
Як снігуронька чудом голубим промайне,
Як снігуронька прийде, чи любов це моя
У кружлянні сніжинок, мов зоря, засія.

Буду тебе я звати, щоб нікуди не йшла,
Буду я думку гадати — чи насправді була,
А чи, може, майнула, усміхнулась мені —
І не буде здаватись, що це в казці, у сні...

Приспів.');
INSERT OR REPLACE INTO song_links (id,song_id,title,url,kind,version_id,sort_order) VALUES ('pisniua_28328_l1','pisniua_28328','YouTube','https://www.youtube.com/watch?v=j3wg8luBheA','video',NULL,1);
INSERT OR REPLACE INTO songs (id,title,subtitle,lang,country,period,year,source,notes,lyrics,tags_json,lang_locked,status,created_at,updated_at) VALUES ('pisniua_283010','Мамо, моя мамо','Музика: Юрій Грицюк Слова: Юрій Грицюк. Виконує: Микола Гнатюк','uk','ukraine_1991',NULL,NULL,NULL,NULL,'Я не знав чи я провернусь і коли,
Коли йшов шукати щастя у світи.
Стільки років вже пройшло — душа щемить
Знаю, що мене чекаєш ти.
Я залишу справи всі на кілька днів,
Суєта щоденна може зачекати.
Сяду в поїзд і повернусь в рідний дім,
Де мене завжди чекає мати.

Приспів:
Мамо, моя мамо, рідна моя ненько
Ти мене будь-ласка розбуди раненько,
Я візьму відерце, піду до криниці
І тобі напитись принесу водиці.

Ми з тобою тихо сядем у садку,
Посміємось, попечалимось удвох.
Скільки суму було на твоїм віку,
Та ніхто не знає, видно тільки Бог.
Я поїду, ти залишися сама
І будеш на мене кожен день чекати.
Буде гріти мене думка лиш одна:
Десь в віконці виглядає мене мати.

Приспів.','["pisni.org.ua", "cat:pro-batkiv", "Пісні про любов до батьків"]',1,'published',COALESCE((SELECT created_at FROM songs WHERE id='pisniua_283010'), datetime('now')),datetime('now'));
INSERT OR REPLACE INTO songs_fts(song_id,title,lyrics) VALUES ('pisniua_283010','Мамо, моя мамо','Я не знав чи я провернусь і коли,
Коли йшов шукати щастя у світи.
Стільки років вже пройшло — душа щемить
Знаю, що мене чекаєш ти.
Я залишу справи всі на кілька днів,
Суєта щоденна може зачекати.
Сяду в поїзд і повернусь в рідний дім,
Де мене завжди чекає мати.

Приспів:
Мамо, моя мамо, рідна моя ненько
Ти мене будь-ласка розбуди раненько,
Я візьму відерце, піду до криниці
І тобі напитись принесу водиці.

Ми з тобою тихо сядем у садку,
Посміємось, попечалимось удвох.
Скільки суму було на твоїм віку,
Та ніхто не знає, видно тільки Бог.
Я поїду, ти залишися сама
І будеш на мене кожен день чекати.
Буде гріти мене думка лиш одна:
Десь в віконці виглядає мене мати.

Приспів.');
INSERT OR REPLACE INTO song_links (id,song_id,title,url,kind,version_id,sort_order) VALUES ('pisniua_283010_l1','pisniua_283010','YouTube','https://www.youtube.com/watch?v=K7EZkKzplhE','video',NULL,1);
INSERT OR REPLACE INTO songs (id,title,subtitle,lang,country,period,year,source,notes,lyrics,tags_json,lang_locked,status,created_at,updated_at) VALUES ('pisniua_284379','Рушник','Музика: Олександр Лазарєв Слова: Олександр Лазарєв, Наталка Коцюк. Виконує: Олександр Лазарєв','uk','ukraine_1991',NULL,'2006','авторське подання','28.10.2006 Добровеличківка – Долинська','Вишивала мама мою долю, одиноку долю нелегку.
Вишивала радістю і болем на яскраво-ніжнім рушнику.
Вишивала рідна, та й не знала - пролетять роки як у ві сні
І пошле їй Бог дочку-красуню у кітучім травні, навесні.
Буде травень буйно квітувати і зозуля перша закує,
Прошепоче щиро вдячність мати Богу за народження моє.

Приспів:
Моя матусю, небесними очима ти прямо в душу дивишся мені,
На рушнику квітуєш мов калина, а я співаю тобі мої пісні.
Мої пісні - то мій уклін і сповідь, тобі нетлінне сонечко моє.
Нехай завжди у музиці і в слові,
нехай святиться у віках і''мя твоє

Сплине час у праці і стражданні, запорошить коси сивина
Доні перша, матері остання. Все минає − пам''ять не мина.
І рушник, як память не минає, він в моєму домі на стіні.
Кожен ранок з вишитого раю мама посміхається мені.
Лиш зозуля не кує, не плаче - одинока пташка у вінку...
Як могла ти, мамо, передбачить долю на квітучім рушнику.

Приспів','["pisni.org.ua", "cat:bardivski", "Бардівські пісні"]',1,'published',COALESCE((SELECT created_at FROM songs WHERE id='pisniua_284379'), datetime('now')),datetime('now'));
INSERT OR REPLACE INTO songs_fts(song_id,title,lyrics) VALUES ('pisniua_284379','Рушник','Вишивала мама мою долю, одиноку долю нелегку.
Вишивала радістю і болем на яскраво-ніжнім рушнику.
Вишивала рідна, та й не знала - пролетять роки як у ві сні
І пошле їй Бог дочку-красуню у кітучім травні, навесні.
Буде травень буйно квітувати і зозуля перша закує,
Прошепоче щиро вдячність мати Богу за народження моє.

Приспів:
Моя матусю, небесними очима ти прямо в душу дивишся мені,
На рушнику квітуєш мов калина, а я співаю тобі мої пісні.
Мої пісні - то мій уклін і сповідь, тобі нетлінне сонечко моє.
Нехай завжди у музиці і в слові,
нехай святиться у віках і''мя твоє

Сплине час у праці і стражданні, запорошить коси сивина
Доні перша, матері остання. Все минає − пам''ять не мина.
І рушник, як память не минає, він в моєму домі на стіні.
Кожен ранок з вишитого раю мама посміхається мені.
Лиш зозуля не кує, не плаче - одинока пташка у вінку...
Як могла ти, мамо, передбачить долю на квітучім рушнику.

Приспів');
INSERT OR REPLACE INTO songs (id,title,subtitle,lang,country,period,year,source,notes,lyrics,tags_json,lang_locked,status,created_at,updated_at) VALUES ('pisniua_28616','Гей Гук Мати Гук де Козаки п''ють','Українська народна пісня','uk','ukraine_before_1917',NULL,NULL,'1. Бібліотека поета. Народна лірика. 2. Перлини української народної пісні. - К.: Музична Україна, 1989','Спасительна: світ не по Правді. Українські релігійні роздуми про Воскресіння, Неволю і Спасіння. Но ми докажем своїм Клинком. Веселая Та Доріженька куди Вони йдуть. Отамане наш не дбаєш за нас. Стежки до листків про Українські пісні.','Гей Гук мати Гук де Козаки п''ють
І Веселая Та Доріженька куди Вони йдуть

Та куди ж вони йдуть там Бори гудуть
Поперед себе та вражих панів облавою пруть

Зібрались вони під Рясні Дуби
Та чекаючи та й Отамана на Раду собі

Отаман іде як Голуб гуде
А під Білою та Березою Головку кладе

Отамане наш не дбаєш за нас
Ось і бач наше та Товариство як розгардіяш.

Чи не срам Тобі покидати нас
І по застумах та цього лісу блукати без нас

Глянь Отамане вже світ настає
Ой уже ж наше та Товариство Коней сідлає

Ой помру ж я помру не зажив Слави
Бо нема мені та Долі бути Батьком над Вами','["pisni.org.ua", "cat:istorychni", "cat:kozacki", "Історичні пісні", "Козацькі пісні"]',1,'published',COALESCE((SELECT created_at FROM songs WHERE id='pisniua_28616'), datetime('now')),datetime('now'));
INSERT OR REPLACE INTO songs_fts(song_id,title,lyrics) VALUES ('pisniua_28616','Гей Гук Мати Гук де Козаки п''ють','Гей Гук мати Гук де Козаки п''ють
І Веселая Та Доріженька куди Вони йдуть

Та куди ж вони йдуть там Бори гудуть
Поперед себе та вражих панів облавою пруть

Зібрались вони під Рясні Дуби
Та чекаючи та й Отамана на Раду собі

Отаман іде як Голуб гуде
А під Білою та Березою Головку кладе

Отамане наш не дбаєш за нас
Ось і бач наше та Товариство як розгардіяш.

Чи не срам Тобі покидати нас
І по застумах та цього лісу блукати без нас

Глянь Отамане вже світ настає
Ой уже ж наше та Товариство Коней сідлає

Ой помру ж я помру не зажив Слави
Бо нема мені та Долі бути Батьком над Вами');
INSERT OR REPLACE INTO song_links (id,song_id,title,url,kind,version_id,sort_order) VALUES ('pisniua_28616_l1','pisniua_28616','YouTube','https://www.youtube.com/watch?v=icaAyNq8Tgk','video',NULL,1);
INSERT OR REPLACE INTO song_links (id,song_id,title,url,kind,version_id,sort_order) VALUES ('pisniua_28616_l2','pisniua_28616','Переглянути варіанти >>','https://www.pisni.org.ua/#variants','external',NULL,2);
INSERT OR REPLACE INTO songs (id,title,subtitle,lang,country,period,year,source,notes,lyrics,tags_json,lang_locked,status,created_at,updated_at) VALUES ('pisniua_28457','Асфальт засипаний каштанами','Музика: Ігор Білик Слова: Ніна Вернигора','uk','ukraine_1991',NULL,NULL,'із уст автора',NULL,'Асфальт засипаний каштанами,
Настав дощів осінніх час.
Нестерпно літа так чекали ми,
А тут же осінь жде на нас.

Пожовклий мокрий лист каштановий
Приклеїв вітер до лиця.
О Боже, сонця так чекали ми,
Звідкіль підкралась осінь ця?

І плаче осінь,
Душа рятунку просить.
Верба схилила коси до води.
І плаче осінь, а журавлі відносять
весни моєї роси в холоди.

Асфальт засипаний каштанами,
Травневі ночі не вернуть
І солов''ми довгожданими
Цю тишину не розітнуть.

Дощу засмучена мелодія.
Промоклий наскрізь листопад.
І у очах твоїх сьогодні я
Неможу сонця відшукать.','["pisni.org.ua", "cat:romansy", "Романси"]',1,'published',COALESCE((SELECT created_at FROM songs WHERE id='pisniua_28457'), datetime('now')),datetime('now'));
INSERT OR REPLACE INTO songs_fts(song_id,title,lyrics) VALUES ('pisniua_28457','Асфальт засипаний каштанами','Асфальт засипаний каштанами,
Настав дощів осінніх час.
Нестерпно літа так чекали ми,
А тут же осінь жде на нас.

Пожовклий мокрий лист каштановий
Приклеїв вітер до лиця.
О Боже, сонця так чекали ми,
Звідкіль підкралась осінь ця?

І плаче осінь,
Душа рятунку просить.
Верба схилила коси до води.
І плаче осінь, а журавлі відносять
весни моєї роси в холоди.

Асфальт засипаний каштанами,
Травневі ночі не вернуть
І солов''ми довгожданими
Цю тишину не розітнуть.

Дощу засмучена мелодія.
Промоклий наскрізь листопад.
І у очах твоїх сьогодні я
Неможу сонця відшукать.');
INSERT OR REPLACE INTO songs (id,title,subtitle,lang,country,period,year,source,notes,lyrics,tags_json,lang_locked,status,created_at,updated_at) VALUES ('pisniua_284091','І шумить, і гуде *','Українська народна пісня. Виконує: Квітка Цісик','uk','ukraine_before_1917',NULL,NULL,'Український народний співаник, Мюнхен, 1946 р.',NULL,'І шумить, і гуде,
Дрібен дощик іде...
А хто мене, молодую,
А хто мене, молодую,
Та додому проведе?

Обізвався козак
У зеленім саду:
"Гуляй, гуляй, дівчинонько,
Гуляй, гуляй, дівчинонько,
Я додому проведу!

"Ой, прошу ж я тебе,
Не веди ж ти мене,
Бо сердиту матір маю,
Бо сердиту матір маю,
Буде бити мене.

Ой, ти, ненько моя,
А я ж донька твоя,
Тоді, було бити-вчити,
Тоді, було бити-вчити,
Як маленька була.

А тепер я велика,
Треба мені чоловіка,
Ні старого, ні малого,
Ні старого, ні малого,
Козаченька молодого.

Щоб у полі орав,
І у домі дбав,
Ой, а мене ж, молодую,
Ой, а мене ж, молодую,
Та хазяйкою звав!"','["pisni.org.ua", "cat:zhartivlyvi", "Жартівливі пісні"]',1,'published',COALESCE((SELECT created_at FROM songs WHERE id='pisniua_284091'), datetime('now')),datetime('now'));
INSERT OR REPLACE INTO songs_fts(song_id,title,lyrics) VALUES ('pisniua_284091','І шумить, і гуде *','І шумить, і гуде,
Дрібен дощик іде...
А хто мене, молодую,
А хто мене, молодую,
Та додому проведе?

Обізвався козак
У зеленім саду:
"Гуляй, гуляй, дівчинонько,
Гуляй, гуляй, дівчинонько,
Я додому проведу!

"Ой, прошу ж я тебе,
Не веди ж ти мене,
Бо сердиту матір маю,
Бо сердиту матір маю,
Буде бити мене.

Ой, ти, ненько моя,
А я ж донька твоя,
Тоді, було бити-вчити,
Тоді, було бити-вчити,
Як маленька була.

А тепер я велика,
Треба мені чоловіка,
Ні старого, ні малого,
Ні старого, ні малого,
Козаченька молодого.

Щоб у полі орав,
І у домі дбав,
Ой, а мене ж, молодую,
Ой, а мене ж, молодую,
Та хазяйкою звав!"');
INSERT OR REPLACE INTO song_links (id,song_id,title,url,kind,version_id,sort_order) VALUES ('pisniua_284091_l1','pisniua_284091','YouTube','https://www.youtube.com/watch?v=cGEiKQ_6kO4','video',NULL,1);
INSERT OR REPLACE INTO song_links (id,song_id,title,url,kind,version_id,sort_order) VALUES ('pisniua_284091_l2','pisniua_284091','Переглянути варіанти >>','https://www.pisni.org.ua/#variants','external',NULL,2);
INSERT OR REPLACE INTO songs (id,title,subtitle,lang,country,period,year,source,notes,lyrics,tags_json,lang_locked,status,created_at,updated_at) VALUES ('pisniua_28563','Біжить доріжка','Музика: Богдан Весоловський Слова: Михайло Масло','uk','ukraine_1991',NULL,NULL,'Богдан Весоловський "Я знов тобі..." Львів "Галицька видавнича спілка" 2002',NULL,'Біжить доріжка, стелиться,
Біжить у красен день.
Кружля по ній метелиця
Од яблунь і вишень.
Біжить осяйна луками,
Біжить через жита.
І стрічами й розлуками
Обпалює вуста.

А де ж моя веселиця
Терниста і крута?
Біжить доріжка, стелиться
І в пісню заверта.
А де ж моя веселиця
Терниста і крута?
Біжить доріжка, стелиться
І в пісню заверта.','["pisni.org.ua", "cat:manrivni", "Пісні на мандрівну тематику"]',1,'published',COALESCE((SELECT created_at FROM songs WHERE id='pisniua_28563'), datetime('now')),datetime('now'));
INSERT OR REPLACE INTO songs_fts(song_id,title,lyrics) VALUES ('pisniua_28563','Біжить доріжка','Біжить доріжка, стелиться,
Біжить у красен день.
Кружля по ній метелиця
Од яблунь і вишень.
Біжить осяйна луками,
Біжить через жита.
І стрічами й розлуками
Обпалює вуста.

А де ж моя веселиця
Терниста і крута?
Біжить доріжка, стелиться
І в пісню заверта.
А де ж моя веселиця
Терниста і крута?
Біжить доріжка, стелиться
І в пісню заверта.');
INSERT OR REPLACE INTO song_links (id,song_id,title,url,kind,version_id,sort_order) VALUES ('pisniua_28563_l1','pisniua_28563','YouTube','https://www.youtube.com/watch?v=g9KjVKzM22w','video',NULL,1);
INSERT OR REPLACE INTO song_links (id,song_id,title,url,kind,version_id,sort_order) VALUES ('pisniua_28563_l2','pisniua_28563','YouTube','https://www.youtube.com/watch?v=hPI5l-hFXAE','video',NULL,2);
INSERT OR REPLACE INTO songs (id,title,subtitle,lang,country,period,year,source,notes,lyrics,tags_json,lang_locked,status,created_at,updated_at) VALUES ('pisniua_285498','Кант про Ноя','Виконує: Василь Жданкін','uk','ukraine_1991',NULL,NULL,'Альбом','За словами В. Жданкіна датується XV ст. Виконує:Василь Жданкін Альбом Приватний запис','Сказав Господь: "Святим духом!
А ти, Ною, слухай ухом:
Строй ковчег, строй ковчег
Строй ковчег, строй ковчег!

Триста локтів довжиною,
А п''ятдесять шириною.
Тридцять вверх, тридцять вверх. | (2)

І глаголю всьому світу,
Щоб люд державсь завіту
Одвернувсь од гріха. | (2)

Возьми жену, возьми діти
Возьми тварі, возьми квіти
І взойдіть на ковчег. | (2)','["pisni.org.ua", "cat:istorychni", "Історичні пісні"]',1,'published',COALESCE((SELECT created_at FROM songs WHERE id='pisniua_285498'), datetime('now')),datetime('now'));
INSERT OR REPLACE INTO songs_fts(song_id,title,lyrics) VALUES ('pisniua_285498','Кант про Ноя','Сказав Господь: "Святим духом!
А ти, Ною, слухай ухом:
Строй ковчег, строй ковчег
Строй ковчег, строй ковчег!

Триста локтів довжиною,
А п''ятдесять шириною.
Тридцять вверх, тридцять вверх. | (2)

І глаголю всьому світу,
Щоб люд державсь завіту
Одвернувсь од гріха. | (2)

Возьми жену, возьми діти
Возьми тварі, возьми квіти
І взойдіть на ковчег. | (2)');
INSERT OR REPLACE INTO songs (id,title,subtitle,lang,country,period,year,source,notes,lyrics,tags_json,lang_locked,status,created_at,updated_at) VALUES ('pisniua_285961','Ізза Гаю Зеленого',NULL,'uk','ukraine_before_1917',NULL,NULL,'Староукраїнські релігійні роздуми про Бога © Видавництво "Павутинонька", Нью Йорк – Львів – Київ – Харків – Москва, 2004','Рокове Коло. Стежки до листків про Українські традиції. Староукраїнські Колядки і Щедрівки: Святе Різдво (Свято Різдва Світа: Свят-Вечір – Коляда)... Щедрий Вечір (Свято Місяця й Прадіда: Новий Рік ― Святі Водорщі) ― Весілля: Дівич-Вечір... Великдень... Зелені Свята (Трійця) ― Царинні Містерії... Івана Купала... Астральні Жнива... Рокове Коло.','Із-за Гаю Зеленого
Приспів: Щедрий Вечор Добрий Вечор
Добрим Людям на Здоров''я!

Вибігає Сивий Коник
Ніхто Коня не спіймає
Не спіймає не осідлає
Обізвався Пан Михайло
Ой я Коня іспіймаю
Іспіймаю іссідлаю
Да проїду за Гіроньку
За Гіроньку по Дівоньку!
Да привезем Батьку Слугу
Батьку Слугу Матці Другу
Собі Жену як Калину','["pisni.org.ua", "cat:vesilni", "Весільні пісні"]',1,'published',COALESCE((SELECT created_at FROM songs WHERE id='pisniua_285961'), datetime('now')),datetime('now'));
INSERT OR REPLACE INTO songs_fts(song_id,title,lyrics) VALUES ('pisniua_285961','Ізза Гаю Зеленого','Із-за Гаю Зеленого
Приспів: Щедрий Вечор Добрий Вечор
Добрим Людям на Здоров''я!

Вибігає Сивий Коник
Ніхто Коня не спіймає
Не спіймає не осідлає
Обізвався Пан Михайло
Ой я Коня іспіймаю
Іспіймаю іссідлаю
Да проїду за Гіроньку
За Гіроньку по Дівоньку!
Да привезем Батьку Слугу
Батьку Слугу Матці Другу
Собі Жену як Калину');
INSERT OR REPLACE INTO songs (id,title,subtitle,lang,country,period,year,source,notes,lyrics,tags_json,lang_locked,status,created_at,updated_at) VALUES ('pisniua_286777','Серед села дичка','Українська народна пісня. Виконує: Ансамбль Львівського Університету "Черемош"','uk','ukraine_before_1917',NULL,NULL,'аудіозапис','* - важко розібрати слова,','Серед села дичка, гоя-гоя,
Посіяла мамка пшона, чуга-я,
Болить мя головка, гоя-гоя-я-я |
За тим єдинаком, чуга-я.       | (2)

Ой ти, єдинаку, гоя-гоя
Маю на тя нюху*, чуга-я
Любити тя мушу, гоя-гоя-я-я    |
Лем ти нич не скажу, чуга-я.   | (2)

Серед села дичка, гоя-гоя
Розпустила листя, чуга-я
Легінь вівчарив, гоя-гоя-я-я   |
Я го полюбила, чуга-я.         | (2)

Прийде до ня милий,  гоя-гоя
Посидить, **** чуга-я
Любила та й буду, гоя-гоя-я-я  |
То мені розкаже, чуга-я.       | (2)','["pisni.org.ua", "cat:huculski", "Гуцульські пісні"]',1,'published',COALESCE((SELECT created_at FROM songs WHERE id='pisniua_286777'), datetime('now')),datetime('now'));
INSERT OR REPLACE INTO songs_fts(song_id,title,lyrics) VALUES ('pisniua_286777','Серед села дичка','Серед села дичка, гоя-гоя,
Посіяла мамка пшона, чуга-я,
Болить мя головка, гоя-гоя-я-я |
За тим єдинаком, чуга-я.       | (2)

Ой ти, єдинаку, гоя-гоя
Маю на тя нюху*, чуга-я
Любити тя мушу, гоя-гоя-я-я    |
Лем ти нич не скажу, чуга-я.   | (2)

Серед села дичка, гоя-гоя
Розпустила листя, чуга-я
Легінь вівчарив, гоя-гоя-я-я   |
Я го полюбила, чуга-я.         | (2)

Прийде до ня милий,  гоя-гоя
Посидить, **** чуга-я
Любила та й буду, гоя-гоя-я-я  |
То мені розкаже, чуга-я.       | (2)');
INSERT OR REPLACE INTO song_links (id,song_id,title,url,kind,version_id,sort_order) VALUES ('pisniua_286777_l1','pisniua_286777','YouTube','https://www.youtube.com/watch?v=8A_gtBs4rw0','video',NULL,1);
INSERT OR REPLACE INTO song_links (id,song_id,title,url,kind,version_id,sort_order) VALUES ('pisniua_286777_l2','pisniua_286777','YouTube','https://www.youtube.com/watch?v=S1ppMjcgFrU','video',NULL,2);
INSERT OR REPLACE INTO song_links (id,song_id,title,url,kind,version_id,sort_order) VALUES ('pisniua_286777_l3','pisniua_286777','YouTube','https://www.youtube.com/watch?v=nbS2pLjkmh4','video',NULL,3);
INSERT OR REPLACE INTO songs (id,title,subtitle,lang,country,period,year,source,notes,lyrics,tags_json,lang_locked,status,created_at,updated_at) VALUES ('pisniua_28624','Ой полети, галко','Українська народна пісня. Виконує: Василь Литвин','uk','ukraine_before_1917',NULL,NULL,'1. Бібліотека поета. Народна лірика. 2. Книга:Українські народні пісні;В 2 книгах; Київ, "Мистецтво" 1955; Кн.1,с.58-59',NULL,'Ой полети, галко, ой полети, чорна,
Да й на Січ риби їсти;
Ой принеси, галко, ой принеси, чорна,
Від кошового вісті!
Ой да уже ж галці, ой да уже ж чорній
Да на Січ не літати;
Ой да уже ж галці, ой да уже ж чорній
Вістей не слихати!
Гей, ви, запорожці, гей, ви, молодії,
Да де ж ваші жупани?
Ой наші жупани поносили пани,
Самі ми пропали!
Гей, ви, запорожці, гей, ви, молодії,
Ой де ж ваші списи?
Ох, і наші списи у пана у стрісі,
Самі ми у лісі!
Гей, ви, запорожці, гей, ви, молодії,
Та де ж ваші рушниці?
Ой наші рушниці у пана в світлиці,
Самі ми в темниці!
Ой полети, галко, ой полети, чорна,
Да й на Січ риби їсти;
Ой принеси, галко, ой принеси, чорна,
Від кошового вісті!
Ой да уже ж галці, ой да уже ж чорній
Да на Січ не літати;
Ой да уже ж галці, ой да уже ж чорній
Вістей не слихати!','["pisni.org.ua", "cat:istorychni", "cat:kozacki", "Історичні пісні", "Козацькі пісні"]',1,'published',COALESCE((SELECT created_at FROM songs WHERE id='pisniua_28624'), datetime('now')),datetime('now'));
INSERT OR REPLACE INTO songs_fts(song_id,title,lyrics) VALUES ('pisniua_28624','Ой полети, галко','Ой полети, галко, ой полети, чорна,
Да й на Січ риби їсти;
Ой принеси, галко, ой принеси, чорна,
Від кошового вісті!
Ой да уже ж галці, ой да уже ж чорній
Да на Січ не літати;
Ой да уже ж галці, ой да уже ж чорній
Вістей не слихати!
Гей, ви, запорожці, гей, ви, молодії,
Да де ж ваші жупани?
Ой наші жупани поносили пани,
Самі ми пропали!
Гей, ви, запорожці, гей, ви, молодії,
Ой де ж ваші списи?
Ох, і наші списи у пана у стрісі,
Самі ми у лісі!
Гей, ви, запорожці, гей, ви, молодії,
Та де ж ваші рушниці?
Ой наші рушниці у пана в світлиці,
Самі ми в темниці!
Ой полети, галко, ой полети, чорна,
Да й на Січ риби їсти;
Ой принеси, галко, ой принеси, чорна,
Від кошового вісті!
Ой да уже ж галці, ой да уже ж чорній
Да на Січ не літати;
Ой да уже ж галці, ой да уже ж чорній
Вістей не слихати!');
INSERT OR REPLACE INTO songs (id,title,subtitle,lang,country,period,year,source,notes,lyrics,tags_json,lang_locked,status,created_at,updated_at) VALUES ('pisniua_284767','Козацька застава','Музика: народна Слова: народ','uk','ukraine_before_1917',NULL,NULL,'аудіозапис',NULL,'Нема Січі, загубили клейноди і славу,
Однісінькая на Подолі козацька застава.
Чорні круки в синім небі - значить буде битва,
Обнялися запорожці - почали молитву:

Приспів:
"Гей, доле, повернися, до Вкраїни прихилися,
Наша воля не пропала, в дикім полі заблукала.
Може долі не чекати? Нам би волю не приспати.
Відступатися не гоже, поможи нам, святий Бже.

Навіть Хортиця без Січі у чорній оправі,
А в Києві на Подолі козацька застава.
Скам''яніли запорожці, не ідуть між люди
Тай із каменя молитву по Вкраїні чути:

Приспів. (2)','["pisni.org.ua", "cat:istorychni", "Історичні пісні"]',1,'published',COALESCE((SELECT created_at FROM songs WHERE id='pisniua_284767'), datetime('now')),datetime('now'));
INSERT OR REPLACE INTO songs_fts(song_id,title,lyrics) VALUES ('pisniua_284767','Козацька застава','Нема Січі, загубили клейноди і славу,
Однісінькая на Подолі козацька застава.
Чорні круки в синім небі - значить буде битва,
Обнялися запорожці - почали молитву:

Приспів:
"Гей, доле, повернися, до Вкраїни прихилися,
Наша воля не пропала, в дикім полі заблукала.
Може долі не чекати? Нам би волю не приспати.
Відступатися не гоже, поможи нам, святий Бже.

Навіть Хортиця без Січі у чорній оправі,
А в Києві на Подолі козацька застава.
Скам''яніли запорожці, не ідуть між люди
Тай із каменя молитву по Вкраїні чути:

Приспів. (2)');
INSERT OR REPLACE INTO songs (id,title,subtitle,lang,country,period,year,source,notes,lyrics,tags_json,lang_locked,status,created_at,updated_at) VALUES ('pisniua_287212','Здрастуй, дім','Музика: Едуард Драч Слова: Едуард Драч. Виконує: Едуард Драч','uk','ukraine_1991',NULL,NULL,'аудіозапис',NULL,'Здрастуй, дім,
Зустрічай, кохана,
Обіймай - скільки стане сил!
Хай їм грець, шляхті й басурманам,  |
Не питай, а збирай на стіл!         | (2)

Плач і сліз не втирай, дівчино,
Не прийшов з нами козак твій.
Боронив чайку-Україну,              |
Та й крильми - сокіл молодий.       | (2)

Став на стіл в келихах мед-вина,
Став на всіх, та ще й зайвий став,
Бо завжди пом''януть повинен         |
Той, хто пан, всіх тих, хто пропав. | (2)

Не кляніть долю безталанну,
На печаль не втрачайте сил,
Віруйте - Україна встане і          |
Ворогів струсить, наче пил.         | (2)

І якщо нашу крівцю знову
Буде пить вража голова -
Свисне знов шабелька Сіркова,       |
Загуде Йвана булава!                | (2)

Здрастуй, дім,
Зустрічай, кохана,
Обіймай - скільки стане сил!
Хай їм грець, шляхті й басурманам,  |
Не питай, а збирай на стіл!         | (2)','["pisni.org.ua", "cat:istorychni", "Історичні пісні"]',1,'published',COALESCE((SELECT created_at FROM songs WHERE id='pisniua_287212'), datetime('now')),datetime('now'));
INSERT OR REPLACE INTO songs_fts(song_id,title,lyrics) VALUES ('pisniua_287212','Здрастуй, дім','Здрастуй, дім,
Зустрічай, кохана,
Обіймай - скільки стане сил!
Хай їм грець, шляхті й басурманам,  |
Не питай, а збирай на стіл!         | (2)

Плач і сліз не втирай, дівчино,
Не прийшов з нами козак твій.
Боронив чайку-Україну,              |
Та й крильми - сокіл молодий.       | (2)

Став на стіл в келихах мед-вина,
Став на всіх, та ще й зайвий став,
Бо завжди пом''януть повинен         |
Той, хто пан, всіх тих, хто пропав. | (2)

Не кляніть долю безталанну,
На печаль не втрачайте сил,
Віруйте - Україна встане і          |
Ворогів струсить, наче пил.         | (2)

І якщо нашу крівцю знову
Буде пить вража голова -
Свисне знов шабелька Сіркова,       |
Загуде Йвана булава!                | (2)

Здрастуй, дім,
Зустрічай, кохана,
Обіймай - скільки стане сил!
Хай їм грець, шляхті й басурманам,  |
Не питай, а збирай на стіл!         | (2)');
INSERT OR REPLACE INTO songs (id,title,subtitle,lang,country,period,year,source,notes,lyrics,tags_json,lang_locked,status,created_at,updated_at) VALUES ('pisniua_28716','Купала на Івана','(Ішли дівки по ягідки). Українська народна пісня','uk','ukraine_before_1917',NULL,NULL,'Купальські пісні / Упорядник Ю.Антків. Львів: БаК, 2004',NULL,'1. Купала на Івана,               (2)
Ішли дівки по ягідки.          (2)

2. Купала на Івана,               (2)
Ішов Іван та й в воду впав.    (2)

3. Купала на Івана,               (2)
За ним Марена скочила.         (2)

4. Купала на Івана,               (2)
Дівка Марена втонула.          (2)

5. Купала на Івана,               (2)
Ішли дівки по ягідки.          (2)    Основна мелодія','["pisni.org.ua", "cat:kupalski", "Купальські пісні"]',1,'published',COALESCE((SELECT created_at FROM songs WHERE id='pisniua_28716'), datetime('now')),datetime('now'));
INSERT OR REPLACE INTO songs_fts(song_id,title,lyrics) VALUES ('pisniua_28716','Купала на Івана','1. Купала на Івана,               (2)
Ішли дівки по ягідки.          (2)

2. Купала на Івана,               (2)
Ішов Іван та й в воду впав.    (2)

3. Купала на Івана,               (2)
За ним Марена скочила.         (2)

4. Купала на Івана,               (2)
Дівка Марена втонула.          (2)

5. Купала на Івана,               (2)
Ішли дівки по ягідки.          (2)    Основна мелодія');
INSERT OR REPLACE INTO songs (id,title,subtitle,lang,country,period,year,source,notes,lyrics,tags_json,lang_locked,status,created_at,updated_at) VALUES ('pisniua_287354','Заспіваймо','(Під шатрами добре спати). Українська народна пісня','uk','ukraine_before_1917',NULL,NULL,'аудіозапис','пісня, яку співають в поході','Заспіваймо по українськи,
По українськи:
Під шатрами добре спати,
Не треба ся накривати,
Ані гріє, ані пріє,
Через дірки вітер віє!

Заспіваймо по французьки,
По французьки:
Під шатрон добре спон,
Не требон накривон,
Ані грон, ані прон,
Через дірки вітер вон.

Заспіваймо по англійськи,
По англійськи:
Під шатрейшон добре спейшон,
Не требейшон накривейшон,
Ані грейшон, ані прейшон,
Через дірки вітер вейшон.

Заспіваймо по німецьки,
По німецьки:
Під шатрехен добре спехен,
Не требехен накривехен,
Ані грехен, ані прехен,
Через дірки вітер вехен.

Заспіваймо по італійськи,
По італійськи:
Під шатріні добре спіні,
Не требіні накривіні,
Ані гріні, ані пріні,
Через дірки вітер віні.

Заспіваймо по африканськи,
По африканськи:
Під шатругі добре спугі,
Не требугі накривугі,
Ані гругі, ані пругі,
Через дірки вітер вугі.

Заспіваймо по російськи,
По російськи:
Під шатроф добре споф,
Не требоф накривоф,
Ані гроф, ані проф,
Через дірки вітер воф.

Заспіваймо по китайськи,
По китайськи:
Під шатрінг добре спінг,
Не требінг накривінг,
Ані грінг, ані прінг,
Через дірки вітер вінг.

Заспіваймо по грецьки,
По грецьки:
Під шатрос добре спос,
Не требос накривос,
Ані грос, ані прос,
Через дірки вітер вос.

Заспіваймо по латинськи,
По латинськи:
Під шатратус добре спатус,
Не требатус накриватус,
Ані гратус, ані пратус,
Через дірки вітер ватус.

Заспіваймо по жидівськи,
По жидівськи:
Під шатрала добре спала,
Не требала накривала,
Ані грала, ані прала,
Через дірки вітер вала.

Заспіваймо по індіянськи,
По індіянськи:
Під шатрав добре спав,
Не требав накривав,
Ані грав, ані прав,
Через дірки вітер вав.

Заспіваймо по австралійськи,
По австралійськи:
Під шатрейт добре спейт,
Не требейт накривейт,
Ані грейт, ані прейт,
Через дірки вітер вейт.

Заспіваймо по грузинськи,
По грузинськи:
Під шатрадзе добре спадзе,
Не требадзе накривадзе,
Ані градзе, ані прадзе,
Через дірки вітер вадзе.

Заспіваймо по польськи,
По польськи:
Під шатрець добре спець,
Не требець накривець,
Ані грець, ані прець,
Через дірки вітер вець.

Кінець!','["pisni.org.ua", "cat:manrivni", "cat:plastovi", "Пісні на мандрівну тематику", "Пластові пісні"]',1,'published',COALESCE((SELECT created_at FROM songs WHERE id='pisniua_287354'), datetime('now')),datetime('now'));
INSERT OR REPLACE INTO songs_fts(song_id,title,lyrics) VALUES ('pisniua_287354','Заспіваймо','Заспіваймо по українськи,
По українськи:
Під шатрами добре спати,
Не треба ся накривати,
Ані гріє, ані пріє,
Через дірки вітер віє!

Заспіваймо по французьки,
По французьки:
Під шатрон добре спон,
Не требон накривон,
Ані грон, ані прон,
Через дірки вітер вон.

Заспіваймо по англійськи,
По англійськи:
Під шатрейшон добре спейшон,
Не требейшон накривейшон,
Ані грейшон, ані прейшон,
Через дірки вітер вейшон.

Заспіваймо по німецьки,
По німецьки:
Під шатрехен добре спехен,
Не требехен накривехен,
Ані грехен, ані прехен,
Через дірки вітер вехен.

Заспіваймо по італійськи,
По італійськи:
Під шатріні добре спіні,
Не требіні накривіні,
Ані гріні, ані пріні,
Через дірки вітер віні.

Заспіваймо по африканськи,
По африканськи:
Під шатругі добре спугі,
Не требугі накривугі,
Ані гругі, ані пругі,
Через дірки вітер вугі.

Заспіваймо по російськи,
По російськи:
Під шатроф добре споф,
Не требоф накривоф,
Ані гроф, ані проф,
Через дірки вітер воф.

Заспіваймо по китайськи,
По китайськи:
Під шатрінг добре спінг,
Не требінг накривінг,
Ані грінг, ані прінг,
Через дірки вітер вінг.

Заспіваймо по грецьки,
По грецьки:
Під шатрос добре спос,
Не требос накривос,
Ані грос, ані прос,
Через дірки вітер вос.

Заспіваймо по латинськи,
По латинськи:
Під шатратус добре спатус,
Не требатус накриватус,
Ані гратус, ані пратус,
Через дірки вітер ватус.

Заспіваймо по жидівськи,
По жидівськи:
Під шатрала добре спала,
Не требала накривала,
Ані грала, ані прала,
Через дірки вітер вала.

Заспіваймо по індіянськи,
По індіянськи:
Під шатрав добре спав,
Не требав накривав,
Ані грав, ані прав,
Через дірки вітер вав.

Заспіваймо по австралійськи,
По австралійськи:
Під шатрейт добре спейт,
Не требейт накривейт,
Ані грейт, ані прейт,
Через дірки вітер вейт.

Заспіваймо по грузинськи,
По грузинськи:
Під шатрадзе добре спадзе,
Не требадзе накривадзе,
Ані градзе, ані прадзе,
Через дірки вітер вадзе.

Заспіваймо по польськи,
По польськи:
Під шатрець добре спець,
Не требець накривець,
Ані грець, ані прець,
Через дірки вітер вець.

Кінець!');
INSERT OR REPLACE INTO songs (id,title,subtitle,lang,country,period,year,source,notes,lyrics,tags_json,lang_locked,status,created_at,updated_at) VALUES ('pisniua_28694','Ми йдемо','Музика: Марія Бурмака, М. Павлiв Слова: Марія Бурмака, М. Павлiв. Виконує: Марія Бурмака','uk','ukraine_1991',NULL,NULL,'текст- http://burmaka.kiev.ua; аудіо- Марія Бурмака. "Лишаеться надія". 1994','* В оригіналі пісня виконується з Cm. У 1 і 3 рядках приспіву замість D можна зіграти Eadd9, а замість кожного останнього A - F#m. Замість F#m можна грати F#. Можна зіграти без Em* і А*. Деякі із використаних акордів: Esus2 [0 2 2 4 5 2] Eadd9 [0 2 2 x 0 2] Подано варіант тексту з аудіо-варіанту. У тексті з http://burmaka.kiev.ua тут є інакше: * Нiколи не закiнчиться терпiння. ** Ми йдемо, i нi про що не говорим. *** Назад вже вороття для нас немає.','Hm         Em       Hm  Em*
Хитнулася в туманi далечiнь,
Hm           Em          Hm   Em*
Слiди, що перед нами встали пилом.
Тут не було нiкого, тiльки тiнь
G          A        Esus2 G
Дорогу нам iмлою заступила.

Де безпритульнi заблукали почуття,
Заплутанi у срiбне павутиння.
Нiколи не закiнчиться життя,
Нiколи не обірветься терпiння.*

Приспів:
Hm  A D      Em           F#   Hm A*
Ми йдемо, за нами гаснуть лiхтарi.
Hm  A D     Em       F#  A*
Ми йдемо, попереду вогонь,
Hm  A D     Em           F#  Hm A*
Ми йдемо, i нi про що не говори.**
Hm  A D       Em         F# A*
Ми йдемо, ми все одно йдемо!

Програш:  Hm Em  (4)

Колиска там, гойдаючись, скрипить,
I спогади у небуття стирає.
Стихає вiтер: немовлятко спить —
Вже вороття назад для нас немає.***

Приспів.','["pisni.org.ua", "cat:manrivni", "cat:philosophic", "Пісні на мандрівну тематику", "Філософські пісні"]',1,'published',COALESCE((SELECT created_at FROM songs WHERE id='pisniua_28694'), datetime('now')),datetime('now'));
INSERT OR REPLACE INTO songs_fts(song_id,title,lyrics) VALUES ('pisniua_28694','Ми йдемо','Hm         Em       Hm  Em*
Хитнулася в туманi далечiнь,
Hm           Em          Hm   Em*
Слiди, що перед нами встали пилом.
Тут не було нiкого, тiльки тiнь
G          A        Esus2 G
Дорогу нам iмлою заступила.

Де безпритульнi заблукали почуття,
Заплутанi у срiбне павутиння.
Нiколи не закiнчиться життя,
Нiколи не обірветься терпiння.*

Приспів:
Hm  A D      Em           F#   Hm A*
Ми йдемо, за нами гаснуть лiхтарi.
Hm  A D     Em       F#  A*
Ми йдемо, попереду вогонь,
Hm  A D     Em           F#  Hm A*
Ми йдемо, i нi про що не говори.**
Hm  A D       Em         F# A*
Ми йдемо, ми все одно йдемо!

Програш:  Hm Em  (4)

Колиска там, гойдаючись, скрипить,
I спогади у небуття стирає.
Стихає вiтер: немовлятко спить —
Вже вороття назад для нас немає.***

Приспів.');
INSERT OR REPLACE INTO songs (id,title,subtitle,lang,country,period,year,source,notes,lyrics,tags_json,lang_locked,status,created_at,updated_at) VALUES ('pisniua_287767','Бог! Україна! Свобода!',NULL,'uk','ukraine_1991',NULL,NULL,'аудіозапис','пісня Легіону Остроги','На відстані кроку в минулі віки,
Коли знов в уяві постануть
Забуті слова, скам''яніли думки,
Народу історії й рани,
Не можна забути усіх, хто в боях
Віддали за волю гарячі серця.

Приспів:
Меч у долоні, рішучість в очах,
Ти - обраний свого народу.
Крок уперед і слова на устах:
Бог! Україна! Свобода!

Крізь море вогню, крізь ночі без сну
Крокують незламні колони
І пісню підхоплять про землю свою
Хто став у ряди оборони.
Воля народу - велика мета:
За це ми підемо у бій до кінця!

Приспів.

Вітчизну плюндрує чужинська орда,
Палають навколо багаття скорботи.
Бери чим скоріше у руки меча,
Разом ми зуміємо орду поборити!

Приспів. (2)','["pisni.org.ua", "cat:plastovi", "Пластові пісні"]',1,'published',COALESCE((SELECT created_at FROM songs WHERE id='pisniua_287767'), datetime('now')),datetime('now'));
INSERT OR REPLACE INTO songs_fts(song_id,title,lyrics) VALUES ('pisniua_287767','Бог! Україна! Свобода!','На відстані кроку в минулі віки,
Коли знов в уяві постануть
Забуті слова, скам''яніли думки,
Народу історії й рани,
Не можна забути усіх, хто в боях
Віддали за волю гарячі серця.

Приспів:
Меч у долоні, рішучість в очах,
Ти - обраний свого народу.
Крок уперед і слова на устах:
Бог! Україна! Свобода!

Крізь море вогню, крізь ночі без сну
Крокують незламні колони
І пісню підхоплять про землю свою
Хто став у ряди оборони.
Воля народу - велика мета:
За це ми підемо у бій до кінця!

Приспів.

Вітчизну плюндрує чужинська орда,
Палають навколо багаття скорботи.
Бери чим скоріше у руки меча,
Разом ми зуміємо орду поборити!

Приспів. (2)');
INSERT OR REPLACE INTO songs (id,title,subtitle,lang,country,period,year,source,notes,lyrics,tags_json,lang_locked,status,created_at,updated_at) VALUES ('pisniua_286328','В Цьому Домі як у Віночку','Виконує: Волиняни','uk','ukraine_before_1917',NULL,NULL,NULL,'Рокове Коло. Стежки до листків про Українські традиції. Староукраїнські Колядки і Щедрівки: Святе Різдво (Свято Різдва Світа: Свят-Вечір – Коляда) ― Святий Збір (Трійця) ― Щедрий Вечір (Свято Місяця й Прадіда: Новий Рік ― Святі Водорщі) ― Весілля: Дівич-Вечір... Великдень... Зелені Свята (Трійця) ― Царинні Містерії... Івана Купала... Астральні Жнива... Рокове Коло.','В Цьому Домі як у Віночку
Приспів: Щедрий Вечір Добрий Вечір

Тут Господар як Виноград
Господиня як Калина
А їх Дітки як Ті Квітки
Сад садили поливали
Вище мене краще мене','["pisni.org.ua", "cat:shchedrivky", "Щедрівки"]',1,'published',COALESCE((SELECT created_at FROM songs WHERE id='pisniua_286328'), datetime('now')),datetime('now'));
INSERT OR REPLACE INTO songs_fts(song_id,title,lyrics) VALUES ('pisniua_286328','В Цьому Домі як у Віночку','В Цьому Домі як у Віночку
Приспів: Щедрий Вечір Добрий Вечір

Тут Господар як Виноград
Господиня як Калина
А їх Дітки як Ті Квітки
Сад садили поливали
Вище мене краще мене');
INSERT OR REPLACE INTO songs (id,title,subtitle,lang,country,period,year,source,notes,lyrics,tags_json,lang_locked,status,created_at,updated_at) VALUES ('pisniua_287653','Йшли стрільці на войну','Українська народна пісня','uk','ukrainian_peoples_republic_1917_1921',NULL,NULL,'стрілецька пісня','Почув її від свого діда. ЇЇ співали повстанці на Волині','Йшли стрільці на войну за Україну!
Йшли стрільці на войну за Україну! |
Кожен з них покинув дома дівчину   | (2)

Як прийшли на поле стали на врага,
Як прийшли на поле стали на врага,
Всі разом гукнули: Гей! Ура! Ура!

А батько старенький окопи копав,
А батько старенький окопи копав,
Здалеку побачив як стрілець упав.

Він собі не вірить ні очам своїм,
Він собі не вірить ні очам своїм,
Підійшов він ближче - а то його син!

Назбирав він досок зробив йому гріб,
Назбирав він досок зробив йому гріб,
Сам гірко заплакав і поклав у гріб.

Як прийшов додому сів біля стола,
Як прийшов додому сів біля стола,
Ой Боже ж, мій Боже, болить голова.

А мати питає: Ой ти мужу мій!
А мати питає: Ой ти мужу мій!
Чи живе на войні син рідненький мій!

Ой живе він жиє в темному гробі,
Ой живе він жиє в темному гробі,
Висока могила і хрест на груді.

Як мати почула батькові слова,
Як мати почула батькові слова,
То зразу зомліла й впала нежива.

А батько з тоски вийняв револьвер,
А батько з тоски вийняв револьвер,
Сам себе прострілив і важко помер!','["pisni.org.ua", "cat:povstanski", "cat:strilecki", "Повстанські пісні", "Стрілецькі пісні"]',1,'published',COALESCE((SELECT created_at FROM songs WHERE id='pisniua_287653'), datetime('now')),datetime('now'));
INSERT OR REPLACE INTO songs_fts(song_id,title,lyrics) VALUES ('pisniua_287653','Йшли стрільці на войну','Йшли стрільці на войну за Україну!
Йшли стрільці на войну за Україну! |
Кожен з них покинув дома дівчину   | (2)

Як прийшли на поле стали на врага,
Як прийшли на поле стали на врага,
Всі разом гукнули: Гей! Ура! Ура!

А батько старенький окопи копав,
А батько старенький окопи копав,
Здалеку побачив як стрілець упав.

Він собі не вірить ні очам своїм,
Він собі не вірить ні очам своїм,
Підійшов він ближче - а то його син!

Назбирав він досок зробив йому гріб,
Назбирав він досок зробив йому гріб,
Сам гірко заплакав і поклав у гріб.

Як прийшов додому сів біля стола,
Як прийшов додому сів біля стола,
Ой Боже ж, мій Боже, болить голова.

А мати питає: Ой ти мужу мій!
А мати питає: Ой ти мужу мій!
Чи живе на войні син рідненький мій!

Ой живе він жиє в темному гробі,
Ой живе він жиє в темному гробі,
Висока могила і хрест на груді.

Як мати почула батькові слова,
Як мати почула батькові слова,
То зразу зомліла й впала нежива.

А батько з тоски вийняв револьвер,
А батько з тоски вийняв револьвер,
Сам себе прострілив і важко помер!');
INSERT OR REPLACE INTO songs (id,title,subtitle,lang,country,period,year,source,notes,lyrics,tags_json,lang_locked,status,created_at,updated_at) VALUES ('pisniua_287394','Лев спить','Українська народна пісня','uk','ukraine_before_1917',NULL,NULL,'аудіозапис','колискова пісня','Гей у джунґлях,
У диких джунґлях
Лев спить тихим сном,
А він, бо вей...

Спи, дитино, моя дитино,
Лев спить тихим сном.
А він, бо вей...

А в таборі,
Таборі нашім
Зіроньки мигтять,
А він, бо вей...

Спи, дитино, моя дитино,
Лев спить тихим сном.
А він, бо вей...','["pisni.org.ua", "cat:kolyskovi", "cat:plastovi", "Колискові", "Пластові пісні"]',1,'published',COALESCE((SELECT created_at FROM songs WHERE id='pisniua_287394'), datetime('now')),datetime('now'));
INSERT OR REPLACE INTO songs_fts(song_id,title,lyrics) VALUES ('pisniua_287394','Лев спить','Гей у джунґлях,
У диких джунґлях
Лев спить тихим сном,
А він, бо вей...

Спи, дитино, моя дитино,
Лев спить тихим сном.
А він, бо вей...

А в таборі,
Таборі нашім
Зіроньки мигтять,
А він, бо вей...

Спи, дитино, моя дитино,
Лев спить тихим сном.
А він, бо вей...');
INSERT OR REPLACE INTO songs (id,title,subtitle,lang,country,period,year,source,notes,lyrics,tags_json,lang_locked,status,created_at,updated_at) VALUES ('pisniua_286993','Шапка землі','Слова: Вадим Крищенко','uk','ukr_ssr_1919_1991',NULL,NULL,NULL,NULL,'Шапка землі — висока могила — козацька могила,
Насип її ненько Вкраїно під небо для тих,
Кого смерть в тридцять третім скосила,
Бо нам перед ними покаятись треба,
Очистити душу за голос лякливий, за руку безсилу.
Ой шапку землі мусиш ти і я мушу принести
На цю всескорботну могилу.','["pisni.org.ua", "cat:holodomor", "Пісні про голодомор"]',1,'published',COALESCE((SELECT created_at FROM songs WHERE id='pisniua_286993'), datetime('now')),datetime('now'));
INSERT OR REPLACE INTO songs_fts(song_id,title,lyrics) VALUES ('pisniua_286993','Шапка землі','Шапка землі — висока могила — козацька могила,
Насип її ненько Вкраїно під небо для тих,
Кого смерть в тридцять третім скосила,
Бо нам перед ними покаятись треба,
Очистити душу за голос лякливий, за руку безсилу.
Ой шапку землі мусиш ти і я мушу принести
На цю всескорботну могилу.');
INSERT OR REPLACE INTO songs (id,title,subtitle,lang,country,period,year,source,notes,lyrics,tags_json,lang_locked,status,created_at,updated_at) VALUES ('pisniua_287165','Маршують вже повстанці','Музика: Роман Купчинський Слова: Роман Купчинський','uk','ukr_ssr_1919_1991',NULL,NULL,'аудіозапис','пісня Легіону','Маршують вже повстанці,
Як давно колись стрільці,
Сяє зброя їх у сонці,
Грає усміх на лиці.
Приспів:
G
Хто живий, хто живий,
D
В ряд ставай, в ряд ставай!
A
Здобувати, визволяти
Рідний край!
Тільки зброя дасть нам волю,
Гей, юначе, не барись,
В тихих водах, ясні зорі
Знов засяють, як колись.
Приспів.
Вже не буде ворог лютий
Розпинати нам братів,
Не вливатиме отрути
В серця чисті юнаків.
Приспів.
Перед нами молодими
Простелився волі шлях,
Пісня лине в небо синє
Переможно має стяг.
Приспів.','["pisni.org.ua", "cat:povstanski", "Повстанські пісні"]',1,'published',COALESCE((SELECT created_at FROM songs WHERE id='pisniua_287165'), datetime('now')),datetime('now'));
INSERT OR REPLACE INTO songs_fts(song_id,title,lyrics) VALUES ('pisniua_287165','Маршують вже повстанці','Маршують вже повстанці,
Як давно колись стрільці,
Сяє зброя їх у сонці,
Грає усміх на лиці.
Приспів:
G
Хто живий, хто живий,
D
В ряд ставай, в ряд ставай!
A
Здобувати, визволяти
Рідний край!
Тільки зброя дасть нам волю,
Гей, юначе, не барись,
В тихих водах, ясні зорі
Знов засяють, як колись.
Приспів.
Вже не буде ворог лютий
Розпинати нам братів,
Не вливатиме отрути
В серця чисті юнаків.
Приспів.
Перед нами молодими
Простелився волі шлях,
Пісня лине в небо синє
Переможно має стяг.
Приспів.');
INSERT OR REPLACE INTO song_links (id,song_id,title,url,kind,version_id,sort_order) VALUES ('pisniua_287165_l1','pisniua_287165','YouTube','https://www.youtube.com/watch?v=Nqqx3AUcIqo','video',NULL,1);
INSERT OR REPLACE INTO songs (id,title,subtitle,lang,country,period,year,source,notes,lyrics,tags_json,lang_locked,status,created_at,updated_at) VALUES ('pisniua_287675','Ішла Дівонька Лужком Бережком',NULL,'uk','ukraine_before_1917',NULL,NULL,'Староукраїнські релігійні роздуми про Бога © Видавництво "Павутинонька", Нью Йорк – Львів – Київ – Харків – Москва, 2004','Рокове Коло. Стежки до листків про Українські традиції. Староукраїнські Колядки і Щедрівки: Святе Різдво (Свято Різдва Світа: Свят-Вечір – Коляда)... Щедрий Вечір (Свято Місяця й Прадіда: Новий Рік ― Святі Водорщі) ― Весілля: Дівич-Вечір... Великдень... Зелені Свята (Трійця) ― Царинні Містерії... Івана Купала... Астральні Жнива... Рокове Коло.','Ішла Дівонька Лужком-Бережком
Приспів: Ой рано
Ой рано-рано
Сонечко зійшло кохано

Зустріла вона Трьох Косариків
Ви Косарики-мої-братіки
Скосіте мені Шовкову Траву
А за те буду усім Трьом платна
Першому дарю Шовкову Траву
Другому дарю Золотий Перстень
Третьому буду Сама Молода','["pisni.org.ua", "cat:obzhynkovi", "Обжинкові пісні"]',1,'published',COALESCE((SELECT created_at FROM songs WHERE id='pisniua_287675'), datetime('now')),datetime('now'));
INSERT OR REPLACE INTO songs_fts(song_id,title,lyrics) VALUES ('pisniua_287675','Ішла Дівонька Лужком Бережком','Ішла Дівонька Лужком-Бережком
Приспів: Ой рано
Ой рано-рано
Сонечко зійшло кохано

Зустріла вона Трьох Косариків
Ви Косарики-мої-братіки
Скосіте мені Шовкову Траву
А за те буду усім Трьом платна
Першому дарю Шовкову Траву
Другому дарю Золотий Перстень
Третьому буду Сама Молода');
INSERT OR REPLACE INTO songs (id,title,subtitle,lang,country,period,year,source,notes,lyrics,tags_json,lang_locked,status,created_at,updated_at) VALUES ('pisniua_287697','А в Ліску в Ліску на Жовтім Піску (2)',NULL,'uk','ukraine_before_1917',NULL,NULL,'Староукраїнські релігійні роздуми про Бога © Видавництво "Павутинонька", Нью Йорк – Львів – Київ – Харків – Москва, 2004','Листки з приводу цієї Пісні: Поезія Астральних з''яв і реліґійні настрої. Питання походження людини в Колядкових мітах. Одною з найцікавіших загадок Колядкової космогонії є походження людини... Рокове Коло. Стежки до листків про Українські традиції. Староукраїнські Колядки і Щедрівки: Святе Різдво (Свято Різдва Світа: Свят-Вечір – Коляда) ― Святий Збір (Трійця) ― Щедрий Вечір (Свято Місяця й Прадіда: Новий Рік ― Святі Водорщі) ― Весілля: Дівич-Вечір... Великдень... Зелені Свята (Трійця) ― Царинні Містерії... Івана Купала... Астральні Жнива... Рокове Коло.','А в Ліску в Ліску на Жовтім Піску
Приспів: Рожа-моя
Вся Червоная Боровая

Росте Деревце тонко високо
Тонко високо в Корінь глибоко
В Корінь глибоко Листом широко

На Тім Деревці Гуси-лебеді
Ой сидять-сидять Далеко видять
Ой видять же вни Чистоє Поле
Чистоє Поле Синьоє Море

На Синім Морі Корабель пливе
А в Тім Кораблі Ґречна Панночка
Ґречна Панночка чом Ганусечка
Озивається до Паниченька
До Паниченька-Поповиченька

Ой Паниченьку-Поповиченьку
Ой возьми мене та з Кораблика
Бо є у мене Сімдесят Братів
Сімдесят Братів а Три Рідненькі
Ой держать мені та Парть велику
А як мня візьмеш Все-тото дадуть','["pisni.org.ua", "cat:kolyadky", "cat:philosophic", "cat:shchedrivky", "cat:vesilni", "Колядки", "Філософські пісні", "Щедрівки", "Весільні пісні"]',1,'published',COALESCE((SELECT created_at FROM songs WHERE id='pisniua_287697'), datetime('now')),datetime('now'));
INSERT OR REPLACE INTO songs_fts(song_id,title,lyrics) VALUES ('pisniua_287697','А в Ліску в Ліску на Жовтім Піску (2)','А в Ліску в Ліску на Жовтім Піску
Приспів: Рожа-моя
Вся Червоная Боровая

Росте Деревце тонко високо
Тонко високо в Корінь глибоко
В Корінь глибоко Листом широко

На Тім Деревці Гуси-лебеді
Ой сидять-сидять Далеко видять
Ой видять же вни Чистоє Поле
Чистоє Поле Синьоє Море

На Синім Морі Корабель пливе
А в Тім Кораблі Ґречна Панночка
Ґречна Панночка чом Ганусечка
Озивається до Паниченька
До Паниченька-Поповиченька

Ой Паниченьку-Поповиченьку
Ой возьми мене та з Кораблика
Бо є у мене Сімдесят Братів
Сімдесят Братів а Три Рідненькі
Ой держать мені та Парть велику
А як мня візьмеш Все-тото дадуть');
INSERT OR REPLACE INTO songs (id,title,subtitle,lang,country,period,year,source,notes,lyrics,tags_json,lang_locked,status,created_at,updated_at) VALUES ('pisniua_287522','На різдво Христове',NULL,'uk','ukraine_before_1917',NULL,NULL,NULL,NULL,'На Різдво Христове
Ангел прилетів,
Він летів по небу,
Людям говорив:
Всі люди, святкуйте,
В цей день торжествуйте,
В день Христового Різдва!

Я лечу від Бога,
Радість вам приніс,
Що в вертепі біднім
Народивсь Христос:
Скоріш поспішайте,
Младенца вітайте
Новонарожденного!

А Ірод лукавий,
Крепко в злість упав,
Дітей всіх побити
Воїнів послав:
Дітей всіх побили,
Мечі потупили,
А Христос навік зоставсь!

Много согрішили,
Спасе дорогий,
Всі ми - люди - грішні,
Ти один Святий:
Прости согрішення,
Дай нам обновлення
В день Христового Різдва!','["pisni.org.ua", "cat:kolyadky", "Колядки"]',1,'published',COALESCE((SELECT created_at FROM songs WHERE id='pisniua_287522'), datetime('now')),datetime('now'));
INSERT OR REPLACE INTO songs_fts(song_id,title,lyrics) VALUES ('pisniua_287522','На різдво Христове','На Різдво Христове
Ангел прилетів,
Він летів по небу,
Людям говорив:
Всі люди, святкуйте,
В цей день торжествуйте,
В день Христового Різдва!

Я лечу від Бога,
Радість вам приніс,
Що в вертепі біднім
Народивсь Христос:
Скоріш поспішайте,
Младенца вітайте
Новонарожденного!

А Ірод лукавий,
Крепко в злість упав,
Дітей всіх побити
Воїнів послав:
Дітей всіх побили,
Мечі потупили,
А Христос навік зоставсь!

Много согрішили,
Спасе дорогий,
Всі ми - люди - грішні,
Ти один Святий:
Прости согрішення,
Дай нам обновлення
В день Христового Різдва!');
INSERT OR REPLACE INTO song_links (id,song_id,title,url,kind,version_id,sort_order) VALUES ('pisniua_287522_l1','pisniua_287522','YouTube','https://www.youtube.com/watch?v=7mkbCQdpjBc','video',NULL,1);
INSERT OR REPLACE INTO song_links (id,song_id,title,url,kind,version_id,sort_order) VALUES ('pisniua_287522_l2','pisniua_287522','YouTube','https://www.youtube.com/watch?v=q1EfszNrrOE','video',NULL,2);
INSERT OR REPLACE INTO song_links (id,song_id,title,url,kind,version_id,sort_order) VALUES ('pisniua_287522_l3','pisniua_287522','YouTube','https://www.youtube.com/watch?v=YRZDmrC5Gyw','video',NULL,3);
INSERT OR REPLACE INTO song_links (id,song_id,title,url,kind,version_id,sort_order) VALUES ('pisniua_287522_l4','pisniua_287522','YouTube','https://www.youtube.com/watch?v=K5MX-i8aRqA','video',NULL,4);
INSERT OR REPLACE INTO song_links (id,song_id,title,url,kind,version_id,sort_order) VALUES ('pisniua_287522_l5','pisniua_287522','Переглянути варіанти >>','https://www.pisni.org.ua/#variants','external',NULL,5);
INSERT OR REPLACE INTO songs (id,title,subtitle,lang,country,period,year,source,notes,lyrics,tags_json,lang_locked,status,created_at,updated_at) VALUES ('pisniua_287379','Коли візьму хустину','Українська народна пісня','uk','ukraine_before_1917',NULL,NULL,'аудіозапис',NULL,'Коли візьму хустину
Вдягнуся в однострій,
Здається в ту хвилину,
Що цілий світ є мій.

Гладесенькі дороги
Відкриються нараз,
Щоб я піти мав змогу
На сходини на час.

Ступаю рівним кроком,
На мені однострій
І цілий світ широкий
У цю хвилину мій.

Гладесенькі дороги
Відкриються нараз,
Щоб я піти мав змогу
На сходини на час.','["pisni.org.ua", "cat:manrivni", "cat:plastovi", "Пісні на мандрівну тематику", "Пластові пісні"]',1,'published',COALESCE((SELECT created_at FROM songs WHERE id='pisniua_287379'), datetime('now')),datetime('now'));
INSERT OR REPLACE INTO songs_fts(song_id,title,lyrics) VALUES ('pisniua_287379','Коли візьму хустину','Коли візьму хустину
Вдягнуся в однострій,
Здається в ту хвилину,
Що цілий світ є мій.

Гладесенькі дороги
Відкриються нараз,
Щоб я піти мав змогу
На сходини на час.

Ступаю рівним кроком,
На мені однострій
І цілий світ широкий
У цю хвилину мій.

Гладесенькі дороги
Відкриються нараз,
Щоб я піти мав змогу
На сходини на час.');
INSERT OR REPLACE INTO songs (id,title,subtitle,lang,country,period,year,source,notes,lyrics,tags_json,lang_locked,status,created_at,updated_at) VALUES ('pisniua_288251','Jingle bells',NULL,'uk','ukraine_1991',NULL,NULL,NULL,'Підбір акордів: Настенька Підбір акордів: Настенька','C
Кружляє над будинками
F
І падає до ніг
G
Сріблястими сніжинками
C
Лапатий перший сніг.
Укрилась білим килимом
За вікнами земля,
І весело наспівує
Метелиця-зима:

Приспів:
C
День-дзень-дзень, день-дзень-дзень,

Скоро Новий рік!
Летять сніжинки, білий сніг
G
Вже випав на поріг.
День-дзень-дзень, день-дзень-дзень,
Новорічний дзвін
Знов дзвенить і всіх вітає
З Новим роком він.

А Дід Мороз саночками
В червонім кожушку
Привіз нам подаруночки
У чарівнім мішку.
Ялиночка красується,
Засяяли вогні,
Нехай нам радість принесуть
Ці новорічні дні.

Приспів.','["pisni.org.ua", "cat:dytyachi", "cat:new-year", "Дитячі пісні", "Пісні про Новий Рік"]',1,'published',COALESCE((SELECT created_at FROM songs WHERE id='pisniua_288251'), datetime('now')),datetime('now'));
INSERT OR REPLACE INTO songs_fts(song_id,title,lyrics) VALUES ('pisniua_288251','Jingle bells','C
Кружляє над будинками
F
І падає до ніг
G
Сріблястими сніжинками
C
Лапатий перший сніг.
Укрилась білим килимом
За вікнами земля,
І весело наспівує
Метелиця-зима:

Приспів:
C
День-дзень-дзень, день-дзень-дзень,

Скоро Новий рік!
Летять сніжинки, білий сніг
G
Вже випав на поріг.
День-дзень-дзень, день-дзень-дзень,
Новорічний дзвін
Знов дзвенить і всіх вітає
З Новим роком він.

А Дід Мороз саночками
В червонім кожушку
Привіз нам подаруночки
У чарівнім мішку.
Ялиночка красується,
Засяяли вогні,
Нехай нам радість принесуть
Ці новорічні дні.

Приспів.');
INSERT OR REPLACE INTO song_links (id,song_id,title,url,kind,version_id,sort_order) VALUES ('pisniua_288251_l1','pisniua_288251','YouTube','https://www.youtube.com/watch?v=2A97DabfjIk','video',NULL,1);
INSERT OR REPLACE INTO song_links (id,song_id,title,url,kind,version_id,sort_order) VALUES ('pisniua_288251_l2','pisniua_288251','YouTube','https://www.youtube.com/watch?v=_sf0sn-CjSI','video',NULL,2);
INSERT OR REPLACE INTO song_links (id,song_id,title,url,kind,version_id,sort_order) VALUES ('pisniua_288251_l3','pisniua_288251','YouTube','https://www.youtube.com/watch?v=yjdPwcypxrE','video',NULL,3);
INSERT OR REPLACE INTO songs (id,title,subtitle,lang,country,period,year,source,notes,lyrics,tags_json,lang_locked,status,created_at,updated_at) VALUES ('pisniua_287952','Ой умер старенький батько','Музика: Тарас Мартинюк Слова: Тарас Шевченко. Виконує: І Кров по Долині','uk','ukraine_before_1917',NULL,NULL,'1. Авторське подання; 2. http://litopys.org.ua/shevchenko/shev273.htm','Підбір акордів: Тарас Мартинюк','"Ой умер старенький батько
І старенькая мати,
Та нема кому щирої
Тії Радоньки дати.

Що мені  на світі,
Сироті, робити?
Чи йти в люде жити,
Чи дома журитись?

Ой піду я в гай зелений,
Посаджу я руту.
Якщо зійде моя рута,
Остануся тута,
Прийде милий в мою хату
Хазяйнувати.
А як же ні, то я піду
Доленьку шукати."

Посходила тая рута,
В гаї зеленіє.
А дівчина-сиротина
У наймах марніє.','["pisni.org.ua", "cat:socialno-pobutovi", "Соціально-побутові пісні"]',1,'published',COALESCE((SELECT created_at FROM songs WHERE id='pisniua_287952'), datetime('now')),datetime('now'));
INSERT OR REPLACE INTO songs_fts(song_id,title,lyrics) VALUES ('pisniua_287952','Ой умер старенький батько','"Ой умер старенький батько
І старенькая мати,
Та нема кому щирої
Тії Радоньки дати.

Що мені  на світі,
Сироті, робити?
Чи йти в люде жити,
Чи дома журитись?

Ой піду я в гай зелений,
Посаджу я руту.
Якщо зійде моя рута,
Остануся тута,
Прийде милий в мою хату
Хазяйнувати.
А як же ні, то я піду
Доленьку шукати."

Посходила тая рута,
В гаї зеленіє.
А дівчина-сиротина
У наймах марніє.');
INSERT OR REPLACE INTO songs (id,title,subtitle,lang,country,period,year,source,notes,lyrics,tags_json,lang_locked,status,created_at,updated_at) VALUES ('pisniua_287818','Наш девіз','(Ні сліз, ні ридань). Українська народна пісня. Виконує: Не журись!, Софія Федина','uk','ukr_ssr_1919_1991',NULL,NULL,'1. Пісневир: Молодіжний співаник. - Львів, 2001. - 224 с. 2. Аудіо-альбом "Софія Федина. Буде нам з тобою що згадати…" (2008)','*Відміна: "Єдиним могутнім девізом З''єднаєм кордони Збручів." [2]','Ні сліз, ні ридань, ні прокльонів,
Em
Ні кволости дряхлих старців,
А нових сотень, батальйонів,
Твердих і незламних борців.

Єдиним могутнім поривом
Зітремо кордони Збручів.*
Держава - це кров і залізо,
Свобода - це вістря мечів!

Від Дону, Кубані й Кавказу,
До Тиси і Пруту-ріки,
Слухняні одному наказу
Повстанські залізні полки.

В неволі Дніпро і Карпати,
Гартуйте серця, насталіть,
Іде Україна могутня,
Для волі майбутніх століть.','["pisni.org.ua", "cat:povstanski", "Повстанські пісні"]',1,'published',COALESCE((SELECT created_at FROM songs WHERE id='pisniua_287818'), datetime('now')),datetime('now'));
INSERT OR REPLACE INTO songs_fts(song_id,title,lyrics) VALUES ('pisniua_287818','Наш девіз','Ні сліз, ні ридань, ні прокльонів,
Em
Ні кволости дряхлих старців,
А нових сотень, батальйонів,
Твердих і незламних борців.

Єдиним могутнім поривом
Зітремо кордони Збручів.*
Держава - це кров і залізо,
Свобода - це вістря мечів!

Від Дону, Кубані й Кавказу,
До Тиси і Пруту-ріки,
Слухняні одному наказу
Повстанські залізні полки.

В неволі Дніпро і Карпати,
Гартуйте серця, насталіть,
Іде Україна могутня,
Для волі майбутніх століть.');
INSERT OR REPLACE INTO songs (id,title,subtitle,lang,country,period,year,source,notes,lyrics,tags_json,lang_locked,status,created_at,updated_at) VALUES ('pisniua_288717','В добру путь','Музика: Богдан Косопуд Слова: Богдан Косопуд. Виконує: Богдан Косопуд','uk','ukraine_1991',NULL,NULL,'1. авторське подання',NULL,'Твої батьки, котрі тебе зростили,
Сповна тобі серденька віддають.
Маленьку на руках тебе носили,
Тепер благословляють в добру путь.

Приспів 1:
Так хочемо щоб ти була щаслива,    |
Розумна, гарна, завжди молода.     |
І мрії щоб усі твої здійснились,   | (2)
Кохання вірне щоб в житті знайшла. |

Ми будем щиро Господу молитись,
Щоб долю добру й щастя тобі дав -
Вродливій нашій донечці жаданій -
І Ангел щоб тебе оберігав.

Приспів 2:
Іди життям, неси любов і ласку,    |
І випромінюй щастям та добром.     |
Погане хай залишиться у казці,     | (2)
Недобре все хай буде тільки сном.  |

Приспів 1.

Приспів 2','["pisni.org.ua", "cat:pro-ditey", "Пісні про любов до дітей"]',1,'published',COALESCE((SELECT created_at FROM songs WHERE id='pisniua_288717'), datetime('now')),datetime('now'));
INSERT OR REPLACE INTO songs_fts(song_id,title,lyrics) VALUES ('pisniua_288717','В добру путь','Твої батьки, котрі тебе зростили,
Сповна тобі серденька віддають.
Маленьку на руках тебе носили,
Тепер благословляють в добру путь.

Приспів 1:
Так хочемо щоб ти була щаслива,    |
Розумна, гарна, завжди молода.     |
І мрії щоб усі твої здійснились,   | (2)
Кохання вірне щоб в житті знайшла. |

Ми будем щиро Господу молитись,
Щоб долю добру й щастя тобі дав -
Вродливій нашій донечці жаданій -
І Ангел щоб тебе оберігав.

Приспів 2:
Іди життям, неси любов і ласку,    |
І випромінюй щастям та добром.     |
Погане хай залишиться у казці,     | (2)
Недобре все хай буде тільки сном.  |

Приспів 1.

Приспів 2');
INSERT OR REPLACE INTO songs (id,title,subtitle,lang,country,period,year,source,notes,lyrics,tags_json,lang_locked,status,created_at,updated_at) VALUES ('pisniua_289869','Оголошення','Музика: Андрій Панчишин Слова: Андрій Панчишин. Виконує: Андрій Панчишин','uk','ukraine_1991',NULL,NULL,'аудіозапис',NULL,'По цілому місту на ринвах іржавих,
На стінах облізлих і на парканах,
Старанно розвішане оголошення,
Оголошення:
"Загублену мову рідну, материнську
Поверну власникові безкоштовно,
Безкоштовно."

Прилизаний диктор поправив краватку
І зуби блискучі продемонстрував,
А зараз послухайте оголошення,
Оголошення:
"Загублену мову рідну, материнську
Вважати недійсною, недійсною,
Недійсною."

У кожнім кіоску вечірня газета,
На третій сторінці в самому кутку
Читайте у рубриці оголошення,
Оголошення:
"Продам свою мову рідну, материнську
У доброму стані
Недорого, недорого."

У вечірню газету загорнуте сало
І диктора голос летить в порожнечу,
І ринву іржаву шкребуть двірники.
Даремно давали ви оголошення,
Оголошення.

Адже людина без рідної мови
Не зрозуміє його ніколи в житті,
Ніколи в житті, ніколи в житті.','["pisni.org.ua", "cat:pisni-pro-movy", "Пісні про рідну мову"]',1,'published',COALESCE((SELECT created_at FROM songs WHERE id='pisniua_289869'), datetime('now')),datetime('now'));
INSERT OR REPLACE INTO songs_fts(song_id,title,lyrics) VALUES ('pisniua_289869','Оголошення','По цілому місту на ринвах іржавих,
На стінах облізлих і на парканах,
Старанно розвішане оголошення,
Оголошення:
"Загублену мову рідну, материнську
Поверну власникові безкоштовно,
Безкоштовно."

Прилизаний диктор поправив краватку
І зуби блискучі продемонстрував,
А зараз послухайте оголошення,
Оголошення:
"Загублену мову рідну, материнську
Вважати недійсною, недійсною,
Недійсною."

У кожнім кіоску вечірня газета,
На третій сторінці в самому кутку
Читайте у рубриці оголошення,
Оголошення:
"Продам свою мову рідну, материнську
У доброму стані
Недорого, недорого."

У вечірню газету загорнуте сало
І диктора голос летить в порожнечу,
І ринву іржаву шкребуть двірники.
Даремно давали ви оголошення,
Оголошення.

Адже людина без рідної мови
Не зрозуміє його ніколи в житті,
Ніколи в житті, ніколи в житті.');
INSERT OR REPLACE INTO songs (id,title,subtitle,lang,country,period,year,source,notes,lyrics,tags_json,lang_locked,status,created_at,updated_at) VALUES ('pisniua_28869','Тихо, в вечірнім промінні',NULL,'uk','ukraine_1991',NULL,NULL,'Українські пісні про кохання "Струни серця"','TODO: авторство','Тихо, в вечірнім промінні
Сонце ховається в гай.
Линуть вечірнії тіні,
Нічка жадана, сховай.

Люба, не треба вагання,
Бачу в очах я твоїх
Море безмежне кохання,
Бурю шалених утіх.

Мріють під місяцем клени.
Серце так солодко б''є,
Бо найдорожче для мене
Ніжне кохання твоє.

Люба крізь сон промовляє:
"Що ті гарячі слова"
Вітер туман колихає.
Зорі, дерева, трава.','["pisni.org.ua", "cat:romansy", "Романси"]',1,'published',COALESCE((SELECT created_at FROM songs WHERE id='pisniua_28869'), datetime('now')),datetime('now'));
INSERT OR REPLACE INTO songs_fts(song_id,title,lyrics) VALUES ('pisniua_28869','Тихо, в вечірнім промінні','Тихо, в вечірнім промінні
Сонце ховається в гай.
Линуть вечірнії тіні,
Нічка жадана, сховай.

Люба, не треба вагання,
Бачу в очах я твоїх
Море безмежне кохання,
Бурю шалених утіх.

Мріють під місяцем клени.
Серце так солодко б''є,
Бо найдорожче для мене
Ніжне кохання твоє.

Люба крізь сон промовляє:
"Що ті гарячі слова"
Вітер туман колихає.
Зорі, дерева, трава.');
INSERT OR REPLACE INTO songs (id,title,subtitle,lang,country,period,year,source,notes,lyrics,tags_json,lang_locked,status,created_at,updated_at) VALUES ('pisniua_288216','В глубокій долині звізда засвітила','Музика: народ Слова: народ','uk','ukraine_before_1917',NULL,NULL,'аудіозапис','Рокове Коло. Стежки до листків про Українські традиції. Староукраїнські Колядки і Щедрівки: Святе Різдво (: Свят-Вечір – Коляда)... Щедрий Вечір (Свято Місяця й Прадіда: ― Святі Водорщі) ―: Дівич-Вечір...... Зелені Свята () ― Царинні Містерії...... Астральні Жнива... Рокове Коло.','В глубокій долині звізда засвітила,
Де Пречиста Діва Мати сина породила.             | (2)

Не в царських палатах, а поміж бидляти
У пустині у яскині, треба вшитким знати.         | (2)

Як го породила, так йому співала:
"Люляй, люляй, мій Синочку, а я буду спала".     | (2)

Що то Бога Христа Марія Пречиста
І родила, і кормила Його, як невіста.            | (2)

На руках тримала і йому співала,
Всемогутнім своїм Творцем Його називала.         | (2)

Гварит: "Люляй Сину, буд зо мнов без впину,
Коли взяв єс собі мене за матір єдину".          | (2)

Повіч, Правосуде, де хто з вірних буде.
Най зо мною пред Тобою станут усі люде.          | (2)

Тобі ся молити, і Тебе просити,
Жеби с дав нам в своїм царстві вовік-віків жити. | (2)','["pisni.org.ua", "cat:lemkivski", "Лемківські пісні"]',1,'published',COALESCE((SELECT created_at FROM songs WHERE id='pisniua_288216'), datetime('now')),datetime('now'));
INSERT OR REPLACE INTO songs_fts(song_id,title,lyrics) VALUES ('pisniua_288216','В глубокій долині звізда засвітила','В глубокій долині звізда засвітила,
Де Пречиста Діва Мати сина породила.             | (2)

Не в царських палатах, а поміж бидляти
У пустині у яскині, треба вшитким знати.         | (2)

Як го породила, так йому співала:
"Люляй, люляй, мій Синочку, а я буду спала".     | (2)

Що то Бога Христа Марія Пречиста
І родила, і кормила Його, як невіста.            | (2)

На руках тримала і йому співала,
Всемогутнім своїм Творцем Його називала.         | (2)

Гварит: "Люляй Сину, буд зо мнов без впину,
Коли взяв єс собі мене за матір єдину".          | (2)

Повіч, Правосуде, де хто з вірних буде.
Най зо мною пред Тобою станут усі люде.          | (2)

Тобі ся молити, і Тебе просити,
Жеби с дав нам в своїм царстві вовік-віків жити. | (2)');
INSERT OR REPLACE INTO songs (id,title,subtitle,lang,country,period,year,source,notes,lyrics,tags_json,lang_locked,status,created_at,updated_at) VALUES ('pisniua_290971','На Чорнобиль журавлі летіли','Музика: Олександр Білаш Слова: Дмитро Павличко. Виконує: Микола Кондратюк','uk','ukraine_1991',NULL,NULL,'аудіозапис',NULL,'На Чорнобиль журавлі летіли,
З вирію вертались на весні.
Як сніжниця попелище біле
Зозвівалось в рідній стороні.

Там згоріли гнізда і гніздечка,
Поржавіла хвоя і трава,
Журавлина крихітна вервечка
Напиналась, наче тятева.

Не було ні стогону, ні крику,
Тільки пошум виморених крил.
Журавлі несли печаль велику,
Наче тінь невидимих могил.

Не спинились птиці на кордоні,
Де всякає атом у пісок
І дивився батько з під долоні,
І ридала мати в небеса','["pisni.org.ua", "cat:chornobyl", "cat:nostalgia", "Чорнобильська катастрофа: пісні", "Пісні з ностальгічними мотивами"]',1,'published',COALESCE((SELECT created_at FROM songs WHERE id='pisniua_290971'), datetime('now')),datetime('now'));
INSERT OR REPLACE INTO songs_fts(song_id,title,lyrics) VALUES ('pisniua_290971','На Чорнобиль журавлі летіли','На Чорнобиль журавлі летіли,
З вирію вертались на весні.
Як сніжниця попелище біле
Зозвівалось в рідній стороні.

Там згоріли гнізда і гніздечка,
Поржавіла хвоя і трава,
Журавлина крихітна вервечка
Напиналась, наче тятева.

Не було ні стогону, ні крику,
Тільки пошум виморених крил.
Журавлі несли печаль велику,
Наче тінь невидимих могил.

Не спинились птиці на кордоні,
Де всякає атом у пісок
І дивився батько з під долоні,
І ридала мати в небеса');
INSERT OR REPLACE INTO song_links (id,song_id,title,url,kind,version_id,sort_order) VALUES ('pisniua_290971_l1','pisniua_290971','YouTube','https://www.youtube.com/watch?v=3ELD7FsAVvo','video',NULL,1);
INSERT OR REPLACE INTO song_links (id,song_id,title,url,kind,version_id,sort_order) VALUES ('pisniua_290971_l2','pisniua_290971','YouTube','https://www.youtube.com/watch?v=WZ8epZYucuc','video',NULL,2);
INSERT OR REPLACE INTO song_links (id,song_id,title,url,kind,version_id,sort_order) VALUES ('pisniua_290971_l3','pisniua_290971','YouTube','https://www.youtube.com/watch?v=wG63bv5ZOEs','video',NULL,3);
INSERT OR REPLACE INTO songs (id,title,subtitle,lang,country,period,year,source,notes,lyrics,tags_json,lang_locked,status,created_at,updated_at) VALUES ('pisniua_289756','Дух Молоді','Музика: Юлія Лорд Слова: Юлія Лорд. Виконує: Юлія Лорд','uk','ukraine_1991',NULL,NULL,NULL,NULL,'Готуй себе і зброю свою,
Щоб повертати втрачений світ.
Тебе лишають друзі твої,
Я знаю слово, гідне їх всіх.

Приспів:
Йди до світла, так простіше,
Вибираєм, хто сильніший.
Я за тебе буду гірше,
Вибираєм, хто сильніший.
То сказати буде гірше,
Вибираєм, хто сильніший

Ми маєм бути тут до кінця,
Співати і зривати серця.
Мені погано дихати тим,
Що є заразним, що є сумним.

Приспів.

Я обіцяю вибачить всіх
І пам''ятати радісний сміх
Забудь про м''язи у голові
Не думай більше ти взагалі

Приспів.

Є відмова (9)','["pisni.org.ua", "cat:suspilno-politychni", "Суспільно-політичні пісні"]',1,'published',COALESCE((SELECT created_at FROM songs WHERE id='pisniua_289756'), datetime('now')),datetime('now'));
INSERT OR REPLACE INTO songs_fts(song_id,title,lyrics) VALUES ('pisniua_289756','Дух Молоді','Готуй себе і зброю свою,
Щоб повертати втрачений світ.
Тебе лишають друзі твої,
Я знаю слово, гідне їх всіх.

Приспів:
Йди до світла, так простіше,
Вибираєм, хто сильніший.
Я за тебе буду гірше,
Вибираєм, хто сильніший.
То сказати буде гірше,
Вибираєм, хто сильніший

Ми маєм бути тут до кінця,
Співати і зривати серця.
Мені погано дихати тим,
Що є заразним, що є сумним.

Приспів.

Я обіцяю вибачить всіх
І пам''ятати радісний сміх
Забудь про м''язи у голові
Не думай більше ти взагалі

Приспів.

Є відмова (9)');
INSERT OR REPLACE INTO song_links (id,song_id,title,url,kind,version_id,sort_order) VALUES ('pisniua_289756_l1','pisniua_289756','YouTube','https://www.youtube.com/watch?v=URx5xFAXJFY','video',NULL,1);
INSERT OR REPLACE INTO songs (id,title,subtitle,lang,country,period,year,source,notes,lyrics,tags_json,lang_locked,status,created_at,updated_at) VALUES ('pisniua_289313','Зоряна','Музика: Олександр Лазарєв Слова: Олександр Лазарєв, Антоніна Корінь. Виконує: Олександр Лазарєв','uk','ukraine_1991',NULL,'2006','авторське подання','Долинська 31.08.2006','Люба дівчино, кохана,
Синьоока та рум''яна - маків цвіт.
Кажуть ти не йдеш, а пишеш,
І на всіх медами дишеш - ясен світ.
Я блукав у полі, в лісі,
У гаях мого Полісся все сходив.
Линув птахом над горами,
Щоб зустріть тебе - Зоряно, диво з див.

Приспів:
Гей, Зоряно! Дівчино кохана, дівчина жадана,
Ти моя, Зоряна!
Гей, Зоряно! Зоре-зоряниця, дівчина кохана,
Зоре-чарівниця!

Як побачу твої очі,
То без тебе я не хочу в світі жить.
Буду я тебе кохати і до серця пригортати кожну мить.
Руки я твої цілую,
Перстень і фату дарую - одягни!
Ой Зоряночко, Зоряна!
На рушник весільний станьмо восени!

Приспів','["pisni.org.ua", "cat:bardivski", "Бардівські пісні"]',1,'published',COALESCE((SELECT created_at FROM songs WHERE id='pisniua_289313'), datetime('now')),datetime('now'));
INSERT OR REPLACE INTO songs_fts(song_id,title,lyrics) VALUES ('pisniua_289313','Зоряна','Люба дівчино, кохана,
Синьоока та рум''яна - маків цвіт.
Кажуть ти не йдеш, а пишеш,
І на всіх медами дишеш - ясен світ.
Я блукав у полі, в лісі,
У гаях мого Полісся все сходив.
Линув птахом над горами,
Щоб зустріть тебе - Зоряно, диво з див.

Приспів:
Гей, Зоряно! Дівчино кохана, дівчина жадана,
Ти моя, Зоряна!
Гей, Зоряно! Зоре-зоряниця, дівчина кохана,
Зоре-чарівниця!

Як побачу твої очі,
То без тебе я не хочу в світі жить.
Буду я тебе кохати і до серця пригортати кожну мить.
Руки я твої цілую,
Перстень і фату дарую - одягни!
Ой Зоряночко, Зоряна!
На рушник весільний станьмо восени!

Приспів');
INSERT OR REPLACE INTO songs (id,title,subtitle,lang,country,period,year,source,notes,lyrics,tags_json,lang_locked,status,created_at,updated_at) VALUES ('pisniua_288199','В Вифлеємі тайна явилась велика','Музика: Остап Нижанківський Слова: народ','uk','ukraine_1991',NULL,NULL,'аудіозапис',NULL,'В Вифлеємі тайна явилась велика,
Там бо народився предвічний Владика.
Богу честь віддаймо, весело співаймо:  |
Слава во вишних Богу!                  | (2)

Марія Пречиста Господа сповила,
В вертепі на сіні в яслах положила.
Там пастирі грають, ангели співают:    |
Слава во вишних Богу!                  | (2)

Всі небесні сили Ісуса хвалили,
А пастирям в полі радість цю звістили.
Всі з душі співають, Спаса величають:  |
Слава во вишних Богу!                  | (2)

Господнє Дитятко три царі вгощали,
Ісусові в ясла дарунки поклали.
Весело вітають і гуртом співають:      |
Слава во вишних Богу!                  | (2)

І ми Христа разом щиро привітаймо,
Господа Вселений покірно благаймо:
В мирі проживати, Бога величати!       |
Слава во вишних Богу!                  | (2)','["pisni.org.ua", "cat:cerkovni", "Церковні пісні"]',1,'published',COALESCE((SELECT created_at FROM songs WHERE id='pisniua_288199'), datetime('now')),datetime('now'));
INSERT OR REPLACE INTO songs_fts(song_id,title,lyrics) VALUES ('pisniua_288199','В Вифлеємі тайна явилась велика','В Вифлеємі тайна явилась велика,
Там бо народився предвічний Владика.
Богу честь віддаймо, весело співаймо:  |
Слава во вишних Богу!                  | (2)

Марія Пречиста Господа сповила,
В вертепі на сіні в яслах положила.
Там пастирі грають, ангели співают:    |
Слава во вишних Богу!                  | (2)

Всі небесні сили Ісуса хвалили,
А пастирям в полі радість цю звістили.
Всі з душі співають, Спаса величають:  |
Слава во вишних Богу!                  | (2)

Господнє Дитятко три царі вгощали,
Ісусові в ясла дарунки поклали.
Весело вітають і гуртом співають:      |
Слава во вишних Богу!                  | (2)

І ми Христа разом щиро привітаймо,
Господа Вселений покірно благаймо:
В мирі проживати, Бога величати!       |
Слава во вишних Богу!                  | (2)');
INSERT OR REPLACE INTO songs (id,title,subtitle,lang,country,period,year,source,notes,lyrics,tags_json,lang_locked,status,created_at,updated_at) VALUES ('pisniua_28919','Гей, на Івана, гей, на Купала','Українська народна пісня. Виконує: Вогневир','uk','ukraine_before_1917',NULL,NULL,'Горбенко Л. Ясне-красне Купайло.- Олесько, 2001',NULL,'1.  Гей, на Івана, гей, на Купала, гей, гей, гей,
Красна дівчина долі шукала гей, гей, гей.

2.  Долі шукала, віночок вила гей, гей, гей.
Долі водою його пустила гей, гей, гей.

3.  Поплинь, віночку, по бистрій хвилі, гей, гей, гей,
Поплинь під хату, де живе милий, гей, гей, гей.

4.  Поплив віночок долі водою, гей, гей, гей,
Серце дівчини забрав з собою, гей, гей, гей','["pisni.org.ua", "cat:kupalski", "Купальські пісні"]',1,'published',COALESCE((SELECT created_at FROM songs WHERE id='pisniua_28919'), datetime('now')),datetime('now'));
INSERT OR REPLACE INTO songs_fts(song_id,title,lyrics) VALUES ('pisniua_28919','Гей, на Івана, гей, на Купала','1.  Гей, на Івана, гей, на Купала, гей, гей, гей,
Красна дівчина долі шукала гей, гей, гей.

2.  Долі шукала, віночок вила гей, гей, гей.
Долі водою його пустила гей, гей, гей.

3.  Поплинь, віночку, по бистрій хвилі, гей, гей, гей,
Поплинь під хату, де живе милий, гей, гей, гей.

4.  Поплив віночок долі водою, гей, гей, гей,
Серце дівчини забрав з собою, гей, гей, гей');
INSERT OR REPLACE INTO songs (id,title,subtitle,lang,country,period,year,source,notes,lyrics,tags_json,lang_locked,status,created_at,updated_at) VALUES ('pisniua_291063','Нічний блюз','Музика: Контрабас Слова: Сергій Буланий. Виконує: Контрабас','uk','ukraine_before_1917',NULL,NULL,'аудіозапис',NULL,'Ніч на стрісі хати висить,
Дощ моросить,
Світло ллє духмяний місяць,
Дня є досить.
Dm         B   C(III) D(V) Dm
А я тебе прошу -
Я тебе прошу
"Просто побудь зі мною,
Просто побудь зі мною,
Просто побудь зі мною
І послухай мій блюз".

Ходить сон коло вікон,
За ним дрімота,
Питає дрімоту сон:
"Чи є робота?"
А я тебе прошу,
Я тебе прошу -
"Просто побудь зі мною,
Просто побудь зі мною,
Просто побудь зі мною
І послухай мій блюз".

Ніч весняна,
Пахне п''яно в''ялий бузок,
Я тебе заколисаю, я тебе,
Адже я маю жменю казок.
І я тебе прошу,
Я тебе прошу -
"Просто побудь зі мною,
Просто побудь зі мною,
Просто побудь зі мною
І послухай мій блюз".

З ранком день новий прийде
Білою кішкою,
Сонце золотим горішком
Зійде нишком,
Dm         B   C(III) D(V) Dm
Тоді ти підеш,
Тоді ти підеш.
Тепер же побудь зі мною,
Просто посидь зі мною,
Хочеш, полеж зі мною
Послухай мій блюз...','["pisni.org.ua", "cat:kolyskovi", "Колискові"]',1,'published',COALESCE((SELECT created_at FROM songs WHERE id='pisniua_291063'), datetime('now')),datetime('now'));
INSERT OR REPLACE INTO songs_fts(song_id,title,lyrics) VALUES ('pisniua_291063','Нічний блюз','Ніч на стрісі хати висить,
Дощ моросить,
Світло ллє духмяний місяць,
Дня є досить.
Dm         B   C(III) D(V) Dm
А я тебе прошу -
Я тебе прошу
"Просто побудь зі мною,
Просто побудь зі мною,
Просто побудь зі мною
І послухай мій блюз".

Ходить сон коло вікон,
За ним дрімота,
Питає дрімоту сон:
"Чи є робота?"
А я тебе прошу,
Я тебе прошу -
"Просто побудь зі мною,
Просто побудь зі мною,
Просто побудь зі мною
І послухай мій блюз".

Ніч весняна,
Пахне п''яно в''ялий бузок,
Я тебе заколисаю, я тебе,
Адже я маю жменю казок.
І я тебе прошу,
Я тебе прошу -
"Просто побудь зі мною,
Просто побудь зі мною,
Просто побудь зі мною
І послухай мій блюз".

З ранком день новий прийде
Білою кішкою,
Сонце золотим горішком
Зійде нишком,
Dm         B   C(III) D(V) Dm
Тоді ти підеш,
Тоді ти підеш.
Тепер же побудь зі мною,
Просто посидь зі мною,
Хочеш, полеж зі мною
Послухай мій блюз...');
INSERT OR REPLACE INTO songs (id,title,subtitle,lang,country,period,year,source,notes,lyrics,tags_json,lang_locked,status,created_at,updated_at) VALUES ('pisniua_288961','Шукають "бандьорів"','Музика: сотенний Тараско Слова: сотенний Тараско','uk','ukr_ssr_1919_1991',NULL,NULL,'Пісневир. Молодіжний співаник. - Львів, 2001. - 224 с.',NULL,'Приспів:
Раз, два, три, чотири, лізуть до комори,
Розбивають старі скрині - шукають "бандьорів".
Випхав Стaлін свої діти на Західні землі,
Щоб народ наш научати, щоб не були темні.
Приспів.
А як зайшли до села: "Дай, бабушка, кушать
Бульбочкі і молока." - самогонку глушать.
Приспів.
Як вертали із облави - зайшли до райкому
Тай поставили на стіл пляшку самогону.
Приспів.
А в райкомі на соломі комуну створили.
Добре їли, добре пили, повіїв любили.
Приспів.
Ті московські козолупи - всі їх добре знають.
Навіть кури і качки зі страху тікають.
Приспів.
А марксисти-активісти роботи навчили.
Взяли собі прапори, - по селі ходили.
Приспів.
А запроданці тим часом слави здобували:
Що забрали на Вкраїні - в Москву відсилали.
Приспів.
Сорок років проминуло московської влади.
Пробудились українці й дають собі ради!
Приспів.
Раз, два, три, чотири, лізуть із комори
З машинґверами в руках молоді "бандьори"! (2)','["pisni.org.ua", "cat:povstanski", "Повстанські пісні"]',1,'published',COALESCE((SELECT created_at FROM songs WHERE id='pisniua_288961'), datetime('now')),datetime('now'));
INSERT OR REPLACE INTO songs_fts(song_id,title,lyrics) VALUES ('pisniua_288961','Шукають "бандьорів"','Приспів:
Раз, два, три, чотири, лізуть до комори,
Розбивають старі скрині - шукають "бандьорів".
Випхав Стaлін свої діти на Західні землі,
Щоб народ наш научати, щоб не були темні.
Приспів.
А як зайшли до села: "Дай, бабушка, кушать
Бульбочкі і молока." - самогонку глушать.
Приспів.
Як вертали із облави - зайшли до райкому
Тай поставили на стіл пляшку самогону.
Приспів.
А в райкомі на соломі комуну створили.
Добре їли, добре пили, повіїв любили.
Приспів.
Ті московські козолупи - всі їх добре знають.
Навіть кури і качки зі страху тікають.
Приспів.
А марксисти-активісти роботи навчили.
Взяли собі прапори, - по селі ходили.
Приспів.
А запроданці тим часом слави здобували:
Що забрали на Вкраїні - в Москву відсилали.
Приспів.
Сорок років проминуло московської влади.
Пробудились українці й дають собі ради!
Приспів.
Раз, два, три, чотири, лізуть із комори
З машинґверами в руках молоді "бандьори"! (2)');
INSERT OR REPLACE INTO songs (id,title,subtitle,lang,country,period,year,source,notes,lyrics,tags_json,lang_locked,status,created_at,updated_at) VALUES ('pisniua_28920','Ой ніхто ж там не бував','Українська народна пісня','uk','ukraine_before_1917',NULL,NULL,'1. Горбенко Л. Ясне-красне Купайло.- Олесько, 2001 2. Пісні з Волині. Упорядкування текстів та примітки О. Ф. Ошуркевича. Упорядкування нотних матеріалів М. С. Стефанишина. - К.: Музична Україна, 1970. - 336 с.',NULL,'Ой ніхто ж там не бував, де ся явір розвивав,
ой яворе, явороньку зелененький!
Ой таменько зійшло три місяці ясних,
ой яворе, явороньку зелененький!
Три місяці ясних, три парубки красних.
ой яворе, явороньку зелененький!
Ой один парубок - то то ж наш Іванко,
ой яворе, явороньку зелененький!
А другий парубок - то то ж наш Михалко,
ой яворе, явороньку зелененький!
А третій парубок - то то ж наш Семенко.
ой яворе, явороньку зелененький!
Ой таменька зійшло три зіроньки ясних.
ой яворе, явороньку зелененький!
Три зіроньки ясних, три дівоньки красних:
ой яворе, явороньку зелененький!
Ой одна дівонька - то наша Маруся,
ой яворе, явороньку зелененький!
А друга дівонька - то наша Настуся,
ой яворе, явороньку зелененький!
А третя дівонька - то наша Ганнуся.
ой яворе, явороньку зелененький!','["pisni.org.ua", "cat:kupalski", "Купальські пісні"]',1,'published',COALESCE((SELECT created_at FROM songs WHERE id='pisniua_28920'), datetime('now')),datetime('now'));
INSERT OR REPLACE INTO songs_fts(song_id,title,lyrics) VALUES ('pisniua_28920','Ой ніхто ж там не бував','Ой ніхто ж там не бував, де ся явір розвивав,
ой яворе, явороньку зелененький!
Ой таменько зійшло три місяці ясних,
ой яворе, явороньку зелененький!
Три місяці ясних, три парубки красних.
ой яворе, явороньку зелененький!
Ой один парубок - то то ж наш Іванко,
ой яворе, явороньку зелененький!
А другий парубок - то то ж наш Михалко,
ой яворе, явороньку зелененький!
А третій парубок - то то ж наш Семенко.
ой яворе, явороньку зелененький!
Ой таменька зійшло три зіроньки ясних.
ой яворе, явороньку зелененький!
Три зіроньки ясних, три дівоньки красних:
ой яворе, явороньку зелененький!
Ой одна дівонька - то наша Маруся,
ой яворе, явороньку зелененький!
А друга дівонька - то наша Настуся,
ой яворе, явороньку зелененький!
А третя дівонька - то наша Ганнуся.
ой яворе, явороньку зелененький!');
INSERT OR REPLACE INTO songs (id,title,subtitle,lang,country,period,year,source,notes,lyrics,tags_json,lang_locked,status,created_at,updated_at) VALUES ('pisniua_290697','Багряна ріка','Музика: Тарас Мартинюк Слова: Тарас Мартинюк. Виконує: І Кров по Долині','uk','ukraine_1991',NULL,NULL,'1. Авторське подання',NULL,'На білім полотні,
З якого пошила мати сорочку.
Змивала в багряній ріці,
Сліди від крові свого синочка.

І плаче за своїм сином,
Що заблукав десь у війні.
Лежить десь мертвим під тином,
І кров тисячів стікає по ріці.

Із білого полотна,
З якого мати пошила сорочку.
У ній ховали мертвого стрільця,
Й мати в сльозах крикнула - "Синочку!"

"Не йди від мене, сину,
Не покидай свою Вкраїну.
І слава твоя і всіх стрільців,
Повік залишиться у мене в серці!"

І кров тисячів стікає по ріці!
Багряній ріці!','["pisni.org.ua", "cat:bardivski", "cat:istorychni", "cat:pro-ditey", "Бардівські пісні", "Історичні пісні", "Пісні про любов до дітей"]',1,'published',COALESCE((SELECT created_at FROM songs WHERE id='pisniua_290697'), datetime('now')),datetime('now'));
INSERT OR REPLACE INTO songs_fts(song_id,title,lyrics) VALUES ('pisniua_290697','Багряна ріка','На білім полотні,
З якого пошила мати сорочку.
Змивала в багряній ріці,
Сліди від крові свого синочка.

І плаче за своїм сином,
Що заблукав десь у війні.
Лежить десь мертвим під тином,
І кров тисячів стікає по ріці.

Із білого полотна,
З якого мати пошила сорочку.
У ній ховали мертвого стрільця,
Й мати в сльозах крикнула - "Синочку!"

"Не йди від мене, сину,
Не покидай свою Вкраїну.
І слава твоя і всіх стрільців,
Повік залишиться у мене в серці!"

І кров тисячів стікає по ріці!
Багряній ріці!');
INSERT OR REPLACE INTO songs (id,title,subtitle,lang,country,period,year,source,notes,lyrics,tags_json,lang_locked,status,created_at,updated_at) VALUES ('pisniua_29012','Заплету віночок','Українська народна пісня','uk','ukraine_before_1917',NULL,NULL,'Ой на Івана та й на Купайла...- Львів: Студентське братство ЛНУ ім.І.Франка, 2002',NULL,'Заплету віночок, заплету шовковий
на щастя, на долю, на чорнії брови.	(2)

Та й пущу віночок на биструю воду
на щастя, на долю, на милого вроду.	(2)

Ой полинь, віночку, прудко за водою
на щастя, на долю милого зі мною.	(2)    Основна мелодія','["pisni.org.ua", "cat:kupalski", "cat:lirychni", "cat:narodni", "Купальські пісні", "Пісні про кохання, ліричні", "Народні пісні"]',1,'published',COALESCE((SELECT created_at FROM songs WHERE id='pisniua_29012'), datetime('now')),datetime('now'));
INSERT OR REPLACE INTO songs_fts(song_id,title,lyrics) VALUES ('pisniua_29012','Заплету віночок','Заплету віночок, заплету шовковий
на щастя, на долю, на чорнії брови.	(2)

Та й пущу віночок на биструю воду
на щастя, на долю, на милого вроду.	(2)

Ой полинь, віночку, прудко за водою
на щастя, на долю милого зі мною.	(2)    Основна мелодія');
INSERT OR REPLACE INTO song_links (id,song_id,title,url,kind,version_id,sort_order) VALUES ('pisniua_29012_l1','pisniua_29012','YouTube','https://www.youtube.com/watch?v=K5NfyMKdGAQ','video',NULL,1);
INSERT OR REPLACE INTO songs (id,title,subtitle,lang,country,period,year,source,notes,lyrics,tags_json,lang_locked,status,created_at,updated_at) VALUES ('pisniua_28993','Не стій, вербо, над водою','Українська народна пісня','uk','ukraine_before_1917',NULL,NULL,'Ой на Івана та й на Купайла...- Львів: Студентське братство ЛНУ ім.І.Франка, 2002',NULL,'Не стій, вербо, над водою рано, рано.
Не стій, вербо, над водою та й ранесенько.

Розвий, вербо, сімсот квіток, рано, рано.
Щоб всім хлопцям по квіточці, рано, рано.
Лиш Іванку нема квітки рано, рано.
Не журися, красний Йване, рано, рано.
Буде тобі квітка красна, рано, рано.
Буде тобі тай Маринка, рано, рано.','["pisni.org.ua", "cat:kupalski", "Купальські пісні"]',1,'published',COALESCE((SELECT created_at FROM songs WHERE id='pisniua_28993'), datetime('now')),datetime('now'));
INSERT OR REPLACE INTO songs_fts(song_id,title,lyrics) VALUES ('pisniua_28993','Не стій, вербо, над водою','Не стій, вербо, над водою рано, рано.
Не стій, вербо, над водою та й ранесенько.

Розвий, вербо, сімсот квіток, рано, рано.
Щоб всім хлопцям по квіточці, рано, рано.
Лиш Іванку нема квітки рано, рано.
Не журися, красний Йване, рано, рано.
Буде тобі квітка красна, рано, рано.
Буде тобі тай Маринка, рано, рано.');
INSERT OR REPLACE INTO songs (id,title,subtitle,lang,country,period,year,source,notes,lyrics,tags_json,lang_locked,status,created_at,updated_at) VALUES ('pisniua_292114','Ой попід Гору Дві Зозуленьки Ячмінь жнуть',NULL,'uk','ukraine_before_1917',NULL,NULL,'Староукраїнські релігійні роздуми про Бога © Видавництво "Павутинонька", Нью Йорк – Львів – Київ – Харків – Москва, 2004','Рокове Коло. Стежки до листків про Українські традиції. Староукраїнські Колядки і Щедрівки: Святе Різдво (Свято Різдва Світа: Свят-Вечір – Коляда) ― Святий Збір (Трійця) ― Щедрий Вечір (Свято Місяця й Прадіда: Новий Рік ― Святі Водорщі) ― Весілля: Дівич-Вечір... Великдень... Зелені Свята (Трійця) ― Царинні Містерії... Івана Купала... Астральні Жнива... Рокове Коло.','Ой попід Гору Дві Зозуленьки Ячмінь жнуть
А Трета Ганнусі понад Береги Льон бере
Оі зрівнай Боже Гори-долини рівненько
Щоби сі було аж до Батенька видненько
Ой ци видненько ци не видненько я знаю
Я Свого Батенька по Голосочку пізнаю

Ой попід Гору Дві Зозуленьки Ячмінь жнуть
А Трета Ганнусі понад Береги Льон бере
Оі зрівнай Боже Гори-долини рівненько
Щоби сі було аж до Матінки видненько
Ой ци видненько ци не видненько я знаю
Я Свою Матінку по Голосочку пізнаю

Ой попід Гору Дві Зозуленьки Ячмінь жнуть
А Трета Ганнусі понад Береги Льон бере
Оі зрівнай Боже Гори-долини рівненько
Щоби сі було аж до Браччика видненько
Ой ци видненько ци не видненько я знаю
Я Свого Браччика по Голосочку пізнаю

Ой попід Гору Дві Зозуленьки Ячмінь жнуть
А Трета Ганнусі понад Береги Льон бере
Оі зрівнай Боже Гори-долини рівненько
Щоби сі було аж до Сестрички видненько
Ой ци видненько ци не видненько я знаю
Я Свою Сестричку по Голосочку пізнаю

Ой попід Гору Дві Зозуленьки Ячмінь жнуть
А Трета Ганнусі понад Береги Льон бере
Оі зрівнай Боже Гори-долини рівненько
Щоби сі було аж до Милого видненько
Ой ци видненько ци не видненько я знаю
Я Свого Милого по Голосочку пізнаю','["pisni.org.ua", "cat:obzhynkovi", "Обжинкові пісні"]',1,'published',COALESCE((SELECT created_at FROM songs WHERE id='pisniua_292114'), datetime('now')),datetime('now'));
INSERT OR REPLACE INTO songs_fts(song_id,title,lyrics) VALUES ('pisniua_292114','Ой попід Гору Дві Зозуленьки Ячмінь жнуть','Ой попід Гору Дві Зозуленьки Ячмінь жнуть
А Трета Ганнусі понад Береги Льон бере
Оі зрівнай Боже Гори-долини рівненько
Щоби сі було аж до Батенька видненько
Ой ци видненько ци не видненько я знаю
Я Свого Батенька по Голосочку пізнаю

Ой попід Гору Дві Зозуленьки Ячмінь жнуть
А Трета Ганнусі понад Береги Льон бере
Оі зрівнай Боже Гори-долини рівненько
Щоби сі було аж до Матінки видненько
Ой ци видненько ци не видненько я знаю
Я Свою Матінку по Голосочку пізнаю

Ой попід Гору Дві Зозуленьки Ячмінь жнуть
А Трета Ганнусі понад Береги Льон бере
Оі зрівнай Боже Гори-долини рівненько
Щоби сі було аж до Браччика видненько
Ой ци видненько ци не видненько я знаю
Я Свого Браччика по Голосочку пізнаю

Ой попід Гору Дві Зозуленьки Ячмінь жнуть
А Трета Ганнусі понад Береги Льон бере
Оі зрівнай Боже Гори-долини рівненько
Щоби сі було аж до Сестрички видненько
Ой ци видненько ци не видненько я знаю
Я Свою Сестричку по Голосочку пізнаю

Ой попід Гору Дві Зозуленьки Ячмінь жнуть
А Трета Ганнусі понад Береги Льон бере
Оі зрівнай Боже Гори-долини рівненько
Щоби сі було аж до Милого видненько
Ой ци видненько ци не видненько я знаю
Я Свого Милого по Голосочку пізнаю');
INSERT OR REPLACE INTO songs (id,title,subtitle,lang,country,period,year,source,notes,lyrics,tags_json,lang_locked,status,created_at,updated_at) VALUES ('pisniua_291293','Молитва за Україну','Музика: Олександр Лазарєв Слова: Олександр Лазарєв. Виконує: Олександр Лазарєв','uk','ukraine_1991',NULL,'2005','авторське подання','28.07.2005 Кривий Ріг','Над білим світом сонечко встає,
У срібні дзвони жайворонок б''є,
Господь росою землю окропив
І день ясний для нас благословив.

Приспів:
На коліна встану, до землі вклонюсь,
За мою Вкраїну серцем помолюсь.
Хай на неї зійде благодать свята,
Хай її освятить Божа чистота.

Полинуть в небо помисли мої,
Підхоплять поклик серця солов''ї.
Во ім''я Сина і святого Духа
Мою молитву, Господи, послухай.

Приспів.

О Боже правий, мудрості нам дай
І до гріха народ не допускай.
Тебе молю — рятуй нас від біди,
Від сну страшного спаси і відведи.

Приспів','["pisni.org.ua", "cat:bardivski", "Бардівські пісні"]',1,'published',COALESCE((SELECT created_at FROM songs WHERE id='pisniua_291293'), datetime('now')),datetime('now'));
INSERT OR REPLACE INTO songs_fts(song_id,title,lyrics) VALUES ('pisniua_291293','Молитва за Україну','Над білим світом сонечко встає,
У срібні дзвони жайворонок б''є,
Господь росою землю окропив
І день ясний для нас благословив.

Приспів:
На коліна встану, до землі вклонюсь,
За мою Вкраїну серцем помолюсь.
Хай на неї зійде благодать свята,
Хай її освятить Божа чистота.

Полинуть в небо помисли мої,
Підхоплять поклик серця солов''ї.
Во ім''я Сина і святого Духа
Мою молитву, Господи, послухай.

Приспів.

О Боже правий, мудрості нам дай
І до гріха народ не допускай.
Тебе молю — рятуй нас від біди,
Від сну страшного спаси і відведи.

Приспів');
INSERT OR REPLACE INTO songs (id,title,subtitle,lang,country,period,year,source,notes,lyrics,tags_json,lang_locked,status,created_at,updated_at) VALUES ('pisniua_2910','Біла хмара, чорна хмара','Музика: Юрій Сошальський Слова: Юрій Сошальський. Виконує: Дмитро Хома, Pomylka Rezydenta, Гурт "Зоряна ніч"','uk','ukraine_before_1917',NULL,NULL,'Збірник пісень Студентського братства Львівської політехніки. Львів 2000','Текст з незначними відмінностями (співає Дмитро Хома): Над потічком,над потічком Стелиться блакить. А я хочу,і не хочу Вік тебе любить. Приспів: Біла хмара,чорна хмара, Ми з тобою пара і не пара, Дощик буде,сонце буде, Що мені робить. Біла хмара наче квітка В небі забринить. Закохатись можна легко Важче розлюбить. Біла хмара вітром дише На мою біду. Тебе дівча не залишу, Кращу не знайду.','Над поточком, над поточком*
Хмариться блакить.
А я хочу та й не хочу
Вік тебе любить.
Приспів: (2)
Біла хмара, чорна хмара —
Ми з тобою пара, може, і не пара.
Дощик буде, сонце буде —
Що ж мені робить?
Чорна хмара вітром дише
На мою біду.
Тебе, дівко, як залишу,
Кращу не знайду.
Приспів. (2)
Біла хмара, наче квітка,
В небі забринить.
Покохати можна швидко,
Важче розлюбить.
Приспів. (2)
Обі хмари в небі синім
Разом, як і ми.
Не дивись на мене сумно,
Краще обійми.
Приспів. (2)
*Відміна:
Над холмочком, над горбочком','["pisni.org.ua", "cat:dances", "cat:lirychni", "cat:polky", "cat:zhartivlyvi", "Пісні до танцю", "Пісні про кохання, ліричні", "Польки", "Жартівливі пісні"]',1,'published',COALESCE((SELECT created_at FROM songs WHERE id='pisniua_2910'), datetime('now')),datetime('now'));
INSERT OR REPLACE INTO songs_fts(song_id,title,lyrics) VALUES ('pisniua_2910','Біла хмара, чорна хмара','Над поточком, над поточком*
Хмариться блакить.
А я хочу та й не хочу
Вік тебе любить.
Приспів: (2)
Біла хмара, чорна хмара —
Ми з тобою пара, може, і не пара.
Дощик буде, сонце буде —
Що ж мені робить?
Чорна хмара вітром дише
На мою біду.
Тебе, дівко, як залишу,
Кращу не знайду.
Приспів. (2)
Біла хмара, наче квітка,
В небі забринить.
Покохати можна швидко,
Важче розлюбить.
Приспів. (2)
Обі хмари в небі синім
Разом, як і ми.
Не дивись на мене сумно,
Краще обійми.
Приспів. (2)
*Відміна:
Над холмочком, над горбочком');
INSERT OR REPLACE INTO song_links (id,song_id,title,url,kind,version_id,sort_order) VALUES ('pisniua_2910_l1','pisniua_2910','YouTube','https://www.youtube.com/watch?v=KRRWln2LyY4','video',NULL,1);
INSERT OR REPLACE INTO song_links (id,song_id,title,url,kind,version_id,sort_order) VALUES ('pisniua_2910_l2','pisniua_2910','YouTube','https://www.youtube.com/watch?v=FvxfHJAZFwE','video',NULL,2);
INSERT OR REPLACE INTO song_links (id,song_id,title,url,kind,version_id,sort_order) VALUES ('pisniua_2910_l3','pisniua_2910','Переглянути варіанти >>','https://www.pisni.org.ua/#variants','external',NULL,3);
INSERT OR REPLACE INTO songs (id,title,subtitle,lang,country,period,year,source,notes,lyrics,tags_json,lang_locked,status,created_at,updated_at) VALUES ('pisniua_293515','Добрий вечір всім вам','Українська народна пісня','uk','ukraine_before_1917',NULL,NULL,'1. http://www.nik-mykachiv.narod.ru/','Рокове Коло. Стежки до листків про Українські традиції. Староукраїнські Колядки і Щедрівки: Святе Різдво (Свято Різдва Світа: Свят-Вечір – Коляда) ― Святий Збір (Трійця) ― Щедрий Вечір (Свято Місяця й Прадіда: Новий Рік ― Святі Водорщі) ― Весілля: Дівич-Вечір... Великдень... Зелені Свята (Трійця) ― Царинні Містерії... Івана Купала... Астральні Жнива... Рокове Коло.','Добрий вечір всім вам, щаслива година,
Породила Діва Превічного Сина.
Приспів:
Хвалу Богу даймо, Весело співаймо
В день Христова Рождества!
Не в царських палатах Сина породила,
А в біднім вертепі Господа сповила.
Приспів.
Не межи царями Господь нам з''явився,
А між вівчарями в яслах положився.
Приспів.
Пастирі убогі до стайні приходять,
На в''язочці сіна Господа знаходять.
Приспів.
А на світлім Сході зоря засвітила,
Трьох царів премудрих дуже звеселила.
Приспів.
Золото і ладан, смирну вони взяли,
І в Ієрусалимі за Христа питали.
Приспів.
Найшли Христа Бога не в Ієрусалимі,
А в убогій стайні, в місті Віфліємі.
Приспів.
Убогим вертепом царі не гордили,
Христові в вертепі поклони зложили.
Приспів.
І ми Христа Бога всі радо вітаймо,
Разом з пастушками весело співаймо.
Приспів.','["pisni.org.ua", "cat:christian", "Пісні на християнську тематику"]',1,'published',COALESCE((SELECT created_at FROM songs WHERE id='pisniua_293515'), datetime('now')),datetime('now'));
INSERT OR REPLACE INTO songs_fts(song_id,title,lyrics) VALUES ('pisniua_293515','Добрий вечір всім вам','Добрий вечір всім вам, щаслива година,
Породила Діва Превічного Сина.
Приспів:
Хвалу Богу даймо, Весело співаймо
В день Христова Рождества!
Не в царських палатах Сина породила,
А в біднім вертепі Господа сповила.
Приспів.
Не межи царями Господь нам з''явився,
А між вівчарями в яслах положився.
Приспів.
Пастирі убогі до стайні приходять,
На в''язочці сіна Господа знаходять.
Приспів.
А на світлім Сході зоря засвітила,
Трьох царів премудрих дуже звеселила.
Приспів.
Золото і ладан, смирну вони взяли,
І в Ієрусалимі за Христа питали.
Приспів.
Найшли Христа Бога не в Ієрусалимі,
А в убогій стайні, в місті Віфліємі.
Приспів.
Убогим вертепом царі не гордили,
Христові в вертепі поклони зложили.
Приспів.
І ми Христа Бога всі радо вітаймо,
Разом з пастушками весело співаймо.
Приспів.');
INSERT OR REPLACE INTO songs (id,title,subtitle,lang,country,period,year,source,notes,lyrics,tags_json,lang_locked,status,created_at,updated_at) VALUES ('pisniua_292798','Серед тіней','Музика: Дмитро Добрий-Вечір Слова: Дмитро Добрий-Вечір. Виконує: Вій','uk','ukraine_1991',NULL,NULL,'аудіозапис','Підбір акордів: Ле','Я йду серед тіней всіма забутих,
Тіней тих кораблів, що потонули,
Капітани давніх часів
На честь усіх королів,
Знов ведуть свої кораблі
У пошук райських країв   з ім''ям Бога.
Я розкинув крила та зірвавсь у прірву,
У похмуру осінь, крізь холодну зливу,
А знесилі крила не підняли тіла
Та не сталось дива, знову впав у прірву.

Я йду серед тіней, мов сомнамбула,
Війська вбитих солдат, всіма забутих,
Мірний рух знівечених тіл,
Погляд мертвих очей,
Брудне пір''я зламаних крил,
Дзвін іржавих мечей - військо Бога!
Я зірвавсь у прірву та розкинув крила,
Крізь холодну зливу я злетів у небо,
Я співаю пісню про далекі зорі,
Я лечу до Бога, я лечу до дому!

Я йду серед руїн давнього горя
До безкраїх пустель мертвого моря,
Чорні ікла спаленних міст -
Тінь могутніх країн
Та провалля братніх могил безіменних царів -
Дітей Бога.

Я заплющив очі та розкинув крила,
Розтуливши хмари, я дістався неба,
Я збираю зорі у свої долоні,
Я торкаюсь сонця, розмовляю з Богом.
Розтуливши хмари, я дістався неба,
Я збираю зорі у свої долоні,
Я торкаюсь сонця, розмовляю з Богом,
Я, нарешті, долетів!..','["pisni.org.ua", "cat:philosophic", "Філософські пісні"]',1,'published',COALESCE((SELECT created_at FROM songs WHERE id='pisniua_292798'), datetime('now')),datetime('now'));
INSERT OR REPLACE INTO songs_fts(song_id,title,lyrics) VALUES ('pisniua_292798','Серед тіней','Я йду серед тіней всіма забутих,
Тіней тих кораблів, що потонули,
Капітани давніх часів
На честь усіх королів,
Знов ведуть свої кораблі
У пошук райських країв   з ім''ям Бога.
Я розкинув крила та зірвавсь у прірву,
У похмуру осінь, крізь холодну зливу,
А знесилі крила не підняли тіла
Та не сталось дива, знову впав у прірву.

Я йду серед тіней, мов сомнамбула,
Війська вбитих солдат, всіма забутих,
Мірний рух знівечених тіл,
Погляд мертвих очей,
Брудне пір''я зламаних крил,
Дзвін іржавих мечей - військо Бога!
Я зірвавсь у прірву та розкинув крила,
Крізь холодну зливу я злетів у небо,
Я співаю пісню про далекі зорі,
Я лечу до Бога, я лечу до дому!

Я йду серед руїн давнього горя
До безкраїх пустель мертвого моря,
Чорні ікла спаленних міст -
Тінь могутніх країн
Та провалля братніх могил безіменних царів -
Дітей Бога.

Я заплющив очі та розкинув крила,
Розтуливши хмари, я дістався неба,
Я збираю зорі у свої долоні,
Я торкаюсь сонця, розмовляю з Богом.
Розтуливши хмари, я дістався неба,
Я збираю зорі у свої долоні,
Я торкаюсь сонця, розмовляю з Богом,
Я, нарешті, долетів!..');
INSERT OR REPLACE INTO songs (id,title,subtitle,lang,country,period,year,source,notes,lyrics,tags_json,lang_locked,status,created_at,updated_at) VALUES ('pisniua_29165','Стрийський парк',NULL,'uk','ukraine_before_1917',NULL,NULL,'http://www.shulga.kiev.ua/',NULL,'В Стрийськім парку ми ся здибали з тобов.
Межи нами ся зашпортала любов.
А та любов як чорна шмата,
Шо на вітрі ся калата
За тобов -моя кохана за тобов. (останні 3 рядки - двічі)

Ти важєй, моя кохана, ти важєй.
У трамвай ти на ходу не залажєй.
Бо трамвай хопит за ногу і потягне на дорогу,
Ти важєй, моя кохана, ти важєй.

Ти важєй, моя кохана, ти важєй.
З самольота з парашутом не скачей,
Бо парашут ся не відкриє-кров тя нагла відраз влиє.
Ти важєй, моя кохана, ти важєй.
Бо парашут ся не відкриє.
Хто ж тоді ми ноги вмиє?
Ти важєй, моя кохана, ти важєй.

Ти важєй, моя кохана, ти важєй.
Свої очі в чорну фарбу не мачей,
Бо ті фарба виїсть очі.
Хто ж тебе сліпаку схоче?
Ти важєй, моя кохана, ти важєй.

Ти важєй, моя кохана, ти важєй.
До сусіда, до Івана не лажєй,
Бо Іван така скотина-раз і два і вже дитина.
Ти важєй, моя кохана, ти важєй.

А в той вечір із дахівки падав дощ.
Ти сиділа в теплій хаті й жерла борщ.
Ти сиділа в теплій хаті й напихалася борщем,
А я мокнув як той дурень під дощем.

Якось раз сказала ти мені: "Іван,
Приходжєй, ми разом ляжем на диван."
Кілько раз до тя приходив, бився моров я об сходи.
Ну а вчора ти поставила капкан.

Зачекай, моя кохана, зачекай.
Прийде час і ти сама прийдеш на чай,
А я тебе підкаравулю і наб''ю на пузі гулю.
Зачекай моя кохана, зачекай.

Було літо, була осінь вже зима.
Темнов стежков ти із танців йдеш сама.
Я тебе підкаравулив і ти пішла додому з гулев
Була в нас одна дівчина, вже нема.','["pisni.org.ua", "cat:zhartivlyvi", "Жартівливі пісні"]',1,'published',COALESCE((SELECT created_at FROM songs WHERE id='pisniua_29165'), datetime('now')),datetime('now'));
INSERT OR REPLACE INTO songs_fts(song_id,title,lyrics) VALUES ('pisniua_29165','Стрийський парк','В Стрийськім парку ми ся здибали з тобов.
Межи нами ся зашпортала любов.
А та любов як чорна шмата,
Шо на вітрі ся калата
За тобов -моя кохана за тобов. (останні 3 рядки - двічі)

Ти важєй, моя кохана, ти важєй.
У трамвай ти на ходу не залажєй.
Бо трамвай хопит за ногу і потягне на дорогу,
Ти важєй, моя кохана, ти важєй.

Ти важєй, моя кохана, ти важєй.
З самольота з парашутом не скачей,
Бо парашут ся не відкриє-кров тя нагла відраз влиє.
Ти важєй, моя кохана, ти важєй.
Бо парашут ся не відкриє.
Хто ж тоді ми ноги вмиє?
Ти важєй, моя кохана, ти важєй.

Ти важєй, моя кохана, ти важєй.
Свої очі в чорну фарбу не мачей,
Бо ті фарба виїсть очі.
Хто ж тебе сліпаку схоче?
Ти важєй, моя кохана, ти важєй.

Ти важєй, моя кохана, ти важєй.
До сусіда, до Івана не лажєй,
Бо Іван така скотина-раз і два і вже дитина.
Ти важєй, моя кохана, ти важєй.

А в той вечір із дахівки падав дощ.
Ти сиділа в теплій хаті й жерла борщ.
Ти сиділа в теплій хаті й напихалася борщем,
А я мокнув як той дурень під дощем.

Якось раз сказала ти мені: "Іван,
Приходжєй, ми разом ляжем на диван."
Кілько раз до тя приходив, бився моров я об сходи.
Ну а вчора ти поставила капкан.

Зачекай, моя кохана, зачекай.
Прийде час і ти сама прийдеш на чай,
А я тебе підкаравулю і наб''ю на пузі гулю.
Зачекай моя кохана, зачекай.

Було літо, була осінь вже зима.
Темнов стежков ти із танців йдеш сама.
Я тебе підкаравулив і ти пішла додому з гулев
Була в нас одна дівчина, вже нема.');
INSERT OR REPLACE INTO song_links (id,song_id,title,url,kind,version_id,sort_order) VALUES ('pisniua_29165_l1','pisniua_29165','YouTube','https://www.youtube.com/watch?v=KrzSJTIJ76M','video',NULL,1);
INSERT OR REPLACE INTO song_links (id,song_id,title,url,kind,version_id,sort_order) VALUES ('pisniua_29165_l2','pisniua_29165','Переглянути варіанти >>','https://www.pisni.org.ua/#variants','external',NULL,2);
INSERT OR REPLACE INTO songs (id,title,subtitle,lang,country,period,year,source,notes,lyrics,tags_json,lang_locked,status,created_at,updated_at) VALUES ('pisniua_292495','Прийшла весна з квітами','Українська народна пісня. Виконує: Коралі','uk','ukraine_before_1917',NULL,NULL,'аудіозапис',NULL,'Прийшла весна з квітами,
Прийшла весна з квітами,
Зеленими вітами,
Зеленими вітами.

Принесла нам літечко,
Принесла нам літечко,
Запашнеє зіллячко,
Запашнеє зіллячко.

Вижгородські парубки,
Вижгородські парубки
Усі грають на дудки,
Усі грають на дудки.

Лиш Василько не грає,
Лиш Василько не грає -
Женитися думає,
Женитися думає.

Ой, ти весна красна,
Що ж ти нам принесла?
Ду-ду-ду-ду,
Що ж ти нам принесла?

Хлопцям по кийочку,
Дівкам по віночку.
Ду-ду-ду-ду,
Дівкам по віночку!

Ой, ти весна красна,
Що ж ти нам принесла?
Ду-ду-ду-ду,
Що ти нам принесла?','["pisni.org.ua", "cat:vesnyanky-hayivky", "Веснянки та гаївки"]',1,'published',COALESCE((SELECT created_at FROM songs WHERE id='pisniua_292495'), datetime('now')),datetime('now'));
INSERT OR REPLACE INTO songs_fts(song_id,title,lyrics) VALUES ('pisniua_292495','Прийшла весна з квітами','Прийшла весна з квітами,
Прийшла весна з квітами,
Зеленими вітами,
Зеленими вітами.

Принесла нам літечко,
Принесла нам літечко,
Запашнеє зіллячко,
Запашнеє зіллячко.

Вижгородські парубки,
Вижгородські парубки
Усі грають на дудки,
Усі грають на дудки.

Лиш Василько не грає,
Лиш Василько не грає -
Женитися думає,
Женитися думає.

Ой, ти весна красна,
Що ж ти нам принесла?
Ду-ду-ду-ду,
Що ж ти нам принесла?

Хлопцям по кийочку,
Дівкам по віночку.
Ду-ду-ду-ду,
Дівкам по віночку!

Ой, ти весна красна,
Що ж ти нам принесла?
Ду-ду-ду-ду,
Що ти нам принесла?');
INSERT OR REPLACE INTO songs (id,title,subtitle,lang,country,period,year,source,notes,lyrics,tags_json,lang_locked,status,created_at,updated_at) VALUES ('pisniua_293653','Казала мі мама','Українська народна пісня','uk','ukraine_before_1917',NULL,NULL,'1. Пісні лемківські та українські. Видання туристичного клюбу "Малюх". Упор. Войтек Хемієвскі. Варшава, 2001.','* всі куплети повторюються на зразок першого','F
Казала мі мама,    |
Жебы-м ся выдала.  |
F
Я їй одповіла,     |
Я їй одповіла,     |
F                  |
Я їй одповіла,     | (2)*
Же я ищы мала.     |

Казала мі мама
Же сватове пришли,
Я їй одповіла,
Я їй одповіла,
Я їй одповіла,
Жебы з хыжы вышли.

Казала мі мама
Же юж мам придане,
Я їй одповіла,
Я їй одповіла,
Я їй одповіла,
Най дома зістане.

Не силуй ня, мамко,
Прийде час на вшытко,
І я так дозрію,
І я так дозрію,
І я так дозрію,
Як у полі жытко.','["pisni.org.ua", "cat:lemkivski", "Лемківські пісні"]',1,'published',COALESCE((SELECT created_at FROM songs WHERE id='pisniua_293653'), datetime('now')),datetime('now'));
INSERT OR REPLACE INTO songs_fts(song_id,title,lyrics) VALUES ('pisniua_293653','Казала мі мама','F
Казала мі мама,    |
Жебы-м ся выдала.  |
F
Я їй одповіла,     |
Я їй одповіла,     |
F                  |
Я їй одповіла,     | (2)*
Же я ищы мала.     |

Казала мі мама
Же сватове пришли,
Я їй одповіла,
Я їй одповіла,
Я їй одповіла,
Жебы з хыжы вышли.

Казала мі мама
Же юж мам придане,
Я їй одповіла,
Я їй одповіла,
Я їй одповіла,
Най дома зістане.

Не силуй ня, мамко,
Прийде час на вшытко,
І я так дозрію,
І я так дозрію,
І я так дозрію,
Як у полі жытко.');
INSERT OR REPLACE INTO songs (id,title,subtitle,lang,country,period,year,source,notes,lyrics,tags_json,lang_locked,status,created_at,updated_at) VALUES ('pisniua_294111','Колискова','(Спи, засни, моя дитино...). Музика: Платон Майборода Слова: Андрій Малишко. Виконує: Дударик, Ніна Матвієнко','uk','ukraine_before_1917',NULL,NULL,'аудіозапис',NULL,'Спи, засни, моя дитино,
Спи, моє маля.
Ніч іде в гаї, долини,
Трави нахиля.
Хай тобі ця ніч насниться,
Що в вогнях сія,
Будеш завтра в світ дивиться, |
Зіронько моя.                 | (2)

Посміхнись до мене, сину,
І зрадію я,
Не хвилину і не днину,
Я навік твоя.
Перша ніч твоя почата
В співах солов''я,
Дай же мамі рученята,         |
Зіронько моя.                 | (2)

Сплять ліси, поля, криниці,
Шепіт ручая,
Ти відкрий, відкрий очиці,
Юносте моя.
Підеш ти по Україні,
Де життя буя.
Виростай, моя дитино,         |
Зіронько моя.                 | (2)','["pisni.org.ua", "cat:kolyskovi", "cat:patriotic", "Колискові", "Патріотичні пісні"]',1,'published',COALESCE((SELECT created_at FROM songs WHERE id='pisniua_294111'), datetime('now')),datetime('now'));
INSERT OR REPLACE INTO songs_fts(song_id,title,lyrics) VALUES ('pisniua_294111','Колискова','Спи, засни, моя дитино,
Спи, моє маля.
Ніч іде в гаї, долини,
Трави нахиля.
Хай тобі ця ніч насниться,
Що в вогнях сія,
Будеш завтра в світ дивиться, |
Зіронько моя.                 | (2)

Посміхнись до мене, сину,
І зрадію я,
Не хвилину і не днину,
Я навік твоя.
Перша ніч твоя почата
В співах солов''я,
Дай же мамі рученята,         |
Зіронько моя.                 | (2)

Сплять ліси, поля, криниці,
Шепіт ручая,
Ти відкрий, відкрий очиці,
Юносте моя.
Підеш ти по Україні,
Де життя буя.
Виростай, моя дитино,         |
Зіронько моя.                 | (2)');
INSERT OR REPLACE INTO songs (id,title,subtitle,lang,country,period,year,source,notes,lyrics,tags_json,lang_locked,status,created_at,updated_at) VALUES ('pisniua_292624','Нам казали','Музика: Андрій Кузьменко Слова: Андрій Кузьменко. Виконує: Скрябін','uk','ukraine_1991',NULL,NULL,'аудіозапис',NULL,'Нам казали,
Нам казали: "Стояти", - ми стояли,
Нам казали: "Лежати", - ми лежали,
Нам казали: "Кричати", - ми кричати,
Нам казали: "Качумайте", - качумали.
Нам казали: "Не моргати", - не моргали,
Нам казали: "Буде добре", - ми чекали
І всі дружно головами їм махали.
Ну шо із того всього ми дістали?

Приспів:
Тара-та-й-та-ратата-там,
Тара-та-й-та-ратата-там,
Тара-та-й-та-ратата-там,
Тара-та-й-та-ратата-там.

Нам казали: "Свистіти", - ми свистіли,
Нам казали: "Гудіти", - ми гуділи,
Нам казали: "Свербіти", - ми свербіли,
Нам казали: "Дуріти", - ми дуріли.
Нам казали: "Кусати", - ми кусали,
Показали, як ковтати - ми ковтали -
І на вуха нам лапшу свою мотали.
Ну шо із того всього ми дістали?

Приспів.

Нам казали: "Перестаньте", - перестали,
Нам казали: "В нас не вийшло" і змотались,
А ми сіли покурили і поржали.
Ну шо із того всього ми дістали?

Приспів. (2)','["pisni.org.ua", "cat:suspilno-politychni", "Суспільно-політичні пісні"]',1,'published',COALESCE((SELECT created_at FROM songs WHERE id='pisniua_292624'), datetime('now')),datetime('now'));
INSERT OR REPLACE INTO songs_fts(song_id,title,lyrics) VALUES ('pisniua_292624','Нам казали','Нам казали,
Нам казали: "Стояти", - ми стояли,
Нам казали: "Лежати", - ми лежали,
Нам казали: "Кричати", - ми кричати,
Нам казали: "Качумайте", - качумали.
Нам казали: "Не моргати", - не моргали,
Нам казали: "Буде добре", - ми чекали
І всі дружно головами їм махали.
Ну шо із того всього ми дістали?

Приспів:
Тара-та-й-та-ратата-там,
Тара-та-й-та-ратата-там,
Тара-та-й-та-ратата-там,
Тара-та-й-та-ратата-там.

Нам казали: "Свистіти", - ми свистіли,
Нам казали: "Гудіти", - ми гуділи,
Нам казали: "Свербіти", - ми свербіли,
Нам казали: "Дуріти", - ми дуріли.
Нам казали: "Кусати", - ми кусали,
Показали, як ковтати - ми ковтали -
І на вуха нам лапшу свою мотали.
Ну шо із того всього ми дістали?

Приспів.

Нам казали: "Перестаньте", - перестали,
Нам казали: "В нас не вийшло" і змотались,
А ми сіли покурили і поржали.
Ну шо із того всього ми дістали?

Приспів. (2)');
INSERT OR REPLACE INTO song_links (id,song_id,title,url,kind,version_id,sort_order) VALUES ('pisniua_292624_l1','pisniua_292624','YouTube','https://www.youtube.com/watch?v=mEnurfP38pA','video',NULL,1);
INSERT OR REPLACE INTO songs (id,title,subtitle,lang,country,period,year,source,notes,lyrics,tags_json,lang_locked,status,created_at,updated_at) VALUES ('pisniua_294199','Ой на річці на Йордані','Українська народна пісня','uk','ukraine_before_1917',NULL,NULL,'До народних джерел Сумщини. Хрестоматія – посібник. Упорядник С.В. П’ятаченко',NULL,'Ой на річці на Йордані
Тиха вода стояла,
Діва Марія свого сина купала.

Іскупавши у китаєчку сповила,
Ісповивши у колисочку уложила,
Під головку василечок мостила.

Прилітало з неба три янголи,
Літали, над тим дитям
Трьома голосами співали.

Первий янгол миром -
Кадилом мирував,
Другий янгол щастям -
Здоров''ям подарував,
Третій янгол із цим
Празником поздоровляв:

Поздоровляю, пане-хазяїну,
Вашому дому,
Як Ісус Христос
З Діви народився, як у раю,
То так же я, пане-хазяїну,
Вашому дому -
Здрастуйте, з празником,
З святим Рождеством!','["pisni.org.ua", "cat:christian", "Пісні на християнську тематику"]',1,'published',COALESCE((SELECT created_at FROM songs WHERE id='pisniua_294199'), datetime('now')),datetime('now'));
INSERT OR REPLACE INTO songs_fts(song_id,title,lyrics) VALUES ('pisniua_294199','Ой на річці на Йордані','Ой на річці на Йордані
Тиха вода стояла,
Діва Марія свого сина купала.

Іскупавши у китаєчку сповила,
Ісповивши у колисочку уложила,
Під головку василечок мостила.

Прилітало з неба три янголи,
Літали, над тим дитям
Трьома голосами співали.

Первий янгол миром -
Кадилом мирував,
Другий янгол щастям -
Здоров''ям подарував,
Третій янгол із цим
Празником поздоровляв:

Поздоровляю, пане-хазяїну,
Вашому дому,
Як Ісус Христос
З Діви народився, як у раю,
То так же я, пане-хазяїну,
Вашому дому -
Здрастуйте, з празником,
З святим Рождеством!');
INSERT OR REPLACE INTO songs (id,title,subtitle,lang,country,period,year,source,notes,lyrics,tags_json,lang_locked,status,created_at,updated_at) VALUES ('pisniua_293675','Любимо землю свою','Музика: Богдана Фільц Слова: Микола Сингаївський','uk','ukraine_1991',NULL,NULL,'аудіозапис','Виконує:Жіноче тріо','Квітне й радіє земля,
Сонце мережить поля,
Променем грає ріка, грає ріка,     |
Лине веснянка дзвінка, дзвінка.    | (2)

Вже зеленіють лани,
Птахи летять до весни,
Всюди ласкаве тепло, всюди тепло   |
Сонце для нас розлило.             | (2)

Любимо сонячний світ,
Квіт у полі в гаю
Любимо неба блакить, неба блакить, |
Любимо землю свою, свою.           | (2)

Землю свою...','["pisni.org.ua", "cat:krasa-pryrody", "Пісні про красу природи"]',1,'published',COALESCE((SELECT created_at FROM songs WHERE id='pisniua_293675'), datetime('now')),datetime('now'));
INSERT OR REPLACE INTO songs_fts(song_id,title,lyrics) VALUES ('pisniua_293675','Любимо землю свою','Квітне й радіє земля,
Сонце мережить поля,
Променем грає ріка, грає ріка,     |
Лине веснянка дзвінка, дзвінка.    | (2)

Вже зеленіють лани,
Птахи летять до весни,
Всюди ласкаве тепло, всюди тепло   |
Сонце для нас розлило.             | (2)

Любимо сонячний світ,
Квіт у полі в гаю
Любимо неба блакить, неба блакить, |
Любимо землю свою, свою.           | (2)

Землю свою...');
INSERT OR REPLACE INTO songs (id,title,subtitle,lang,country,period,year,source,notes,lyrics,tags_json,lang_locked,status,created_at,updated_at) VALUES ('pisniua_293828','Надходить ніч','Слова: Іван Франко. Виконує: Трембіта','uk','ukraine_1991',NULL,NULL,'аудіозапис','Заслужена капела України "Трембіта". Іван Франко. Зів''яле листя (рецитація та спів)','Надходить ніч. Боюсь я тої ночі!
Коли довкола світ увесь засне,
Я тільки сам замкнуть не можу очі:
Загиб спокій, і сон мина мене.
Я сам сиджу і риюсь в своїй рані,
І плачу й тужу, плачу і клену,
І мрії всі летять, біжать, мов п''яні,
До неї! Бачать лиш її одну.

І бачиться, що з мріями отими
Й душа моя летить із тіла геть;
І щось, немов крилаті серафими,
Несе її — і чую я їх лет.
До мене ж безграничная тривога,
Бліда розпука підсідає вмить,
І чорні думи, мов з фортуни рога,
На мене ллє, щоб світ мені затьмить.

І бачиться, що я в якійсь безодні,
Де холод, слизь і вітер, темно скрізь,
І виють звірі, люті та голодні,
І стогне бір, і гіллям б''ється ліс.
Ось на розпутті я стою пустому
І весь тремчу, гадюка серце ссе,
Не видно шляху, тільки голос грому
Якусь погрозу дикую несе.

І я безсильний, хорий, і утома,
Мов млинове каміння, тисне грудь, —
Бездомний — я бажав би бути дома,
В теплі бажав би, в щасті відітхнуть.
Я, що так довго, гаряче кохаю
І за любов знайшов погорду й глум,
Бажаю хоч на хвилю бути в раю,
Обнять тебе, ціль моїх мрій і дум.

Обнять тебе, до серця пригорнути,
Із твоїх уст солодкий нектар пить,
В твоїх очах душею потонути,
В твоїх обіймах згинуть і ожить.
Та дощ січе, скрипить обмокле гілля,
Вихри ревуть: "Дарма! Дарма! Дарма!"
І заревло скажене божевілля
У серці: "Ні! Чи ж виходу нема?

Ні! Мусить буть! Не хочу погибати,
Не знавши хоч на хвилечку її!
Хоч би прийшлось і чорту душу дати,
А сповняться бажання всі мої!"
І чую, як при тих словах із мене
Обпало щось, мов листя, мов краса,
А щось влилося темне і студене, —
Се віра в чорта, віра в чудеса.','["pisni.org.ua", "cat:romansy", "Романси"]',1,'published',COALESCE((SELECT created_at FROM songs WHERE id='pisniua_293828'), datetime('now')),datetime('now'));
INSERT OR REPLACE INTO songs_fts(song_id,title,lyrics) VALUES ('pisniua_293828','Надходить ніч','Надходить ніч. Боюсь я тої ночі!
Коли довкола світ увесь засне,
Я тільки сам замкнуть не можу очі:
Загиб спокій, і сон мина мене.
Я сам сиджу і риюсь в своїй рані,
І плачу й тужу, плачу і клену,
І мрії всі летять, біжать, мов п''яні,
До неї! Бачать лиш її одну.

І бачиться, що з мріями отими
Й душа моя летить із тіла геть;
І щось, немов крилаті серафими,
Несе її — і чую я їх лет.
До мене ж безграничная тривога,
Бліда розпука підсідає вмить,
І чорні думи, мов з фортуни рога,
На мене ллє, щоб світ мені затьмить.

І бачиться, що я в якійсь безодні,
Де холод, слизь і вітер, темно скрізь,
І виють звірі, люті та голодні,
І стогне бір, і гіллям б''ється ліс.
Ось на розпутті я стою пустому
І весь тремчу, гадюка серце ссе,
Не видно шляху, тільки голос грому
Якусь погрозу дикую несе.

І я безсильний, хорий, і утома,
Мов млинове каміння, тисне грудь, —
Бездомний — я бажав би бути дома,
В теплі бажав би, в щасті відітхнуть.
Я, що так довго, гаряче кохаю
І за любов знайшов погорду й глум,
Бажаю хоч на хвилю бути в раю,
Обнять тебе, ціль моїх мрій і дум.

Обнять тебе, до серця пригорнути,
Із твоїх уст солодкий нектар пить,
В твоїх очах душею потонути,
В твоїх обіймах згинуть і ожить.
Та дощ січе, скрипить обмокле гілля,
Вихри ревуть: "Дарма! Дарма! Дарма!"
І заревло скажене божевілля
У серці: "Ні! Чи ж виходу нема?

Ні! Мусить буть! Не хочу погибати,
Не знавши хоч на хвилечку її!
Хоч би прийшлось і чорту душу дати,
А сповняться бажання всі мої!"
І чую, як при тих словах із мене
Обпало щось, мов листя, мов краса,
А щось влилося темне і студене, —
Се віра в чорта, віра в чудеса.');
INSERT OR REPLACE INTO songs (id,title,subtitle,lang,country,period,year,source,notes,lyrics,tags_json,lang_locked,status,created_at,updated_at) VALUES ('pisniua_294961','Націоналісти *','(Чуєш, сурми грають). Виконує: Софія Федина','uk','ukraine_1991',NULL,NULL,'1. Аудіо-альбом "Софія Федина. Буде нам з тобою що згадати…" (Ліда, 2008)',NULL,'Чуєш, сурми грають, юнаків скликають,
У ряди збирають, "Буде бій!" - звіщають. Гей!

Приспів 1:
Hаціоналісти - раз, два! Молоді орлята, |
Хлопці, хлопці, соколята!               |(2)

Україна-мати кличе нас повстати,
Одностайно стати, в бою погуляти. Гей!

Приспів 1.

Hе будемо спати, плакати-ридати,
День пімсти, розплати будем готувати. Гей!

Приспів 1.

За нашу свободу, за красу і вроду
Підемо в огонь, в воду для свого народу. Гей!

Приспів 2:
Hаціоналісти - раз, два! Молоді орлята, |
Хлопці, хлопці і дівчата!               |(2)

Hе сумуй, родино! Не тужи, дівчино!
Кличе Україна - наша Батьківщина. Гей!

Приспів 2.    Аудіо (повна версія, 128 kbps)  (
Аудіо (фрагмент, 32 kbps). Співає Софія Федина','["pisni.org.ua", "cat:himny-marshi", "Гимни та марші"]',1,'published',COALESCE((SELECT created_at FROM songs WHERE id='pisniua_294961'), datetime('now')),datetime('now'));
INSERT OR REPLACE INTO songs_fts(song_id,title,lyrics) VALUES ('pisniua_294961','Націоналісти *','Чуєш, сурми грають, юнаків скликають,
У ряди збирають, "Буде бій!" - звіщають. Гей!

Приспів 1:
Hаціоналісти - раз, два! Молоді орлята, |
Хлопці, хлопці, соколята!               |(2)

Україна-мати кличе нас повстати,
Одностайно стати, в бою погуляти. Гей!

Приспів 1.

Hе будемо спати, плакати-ридати,
День пімсти, розплати будем готувати. Гей!

Приспів 1.

За нашу свободу, за красу і вроду
Підемо в огонь, в воду для свого народу. Гей!

Приспів 2:
Hаціоналісти - раз, два! Молоді орлята, |
Хлопці, хлопці і дівчата!               |(2)

Hе сумуй, родино! Не тужи, дівчино!
Кличе Україна - наша Батьківщина. Гей!

Приспів 2.    Аудіо (повна версія, 128 kbps)  (
Аудіо (фрагмент, 32 kbps). Співає Софія Федина');
INSERT OR REPLACE INTO song_links (id,song_id,title,url,kind,version_id,sort_order) VALUES ('pisniua_294961_l1','pisniua_294961','Переглянути варіанти >>','https://www.pisni.org.ua/#variants','external',NULL,1);
INSERT OR REPLACE INTO songs (id,title,subtitle,lang,country,period,year,source,notes,lyrics,tags_json,lang_locked,status,created_at,updated_at) VALUES ('pisniua_294665','Ой, Богдане','Музика: Едуард Драч Слова: Едуард Драч. Виконує: Едуард Драч','uk','ukraine_1991',NULL,NULL,'аудіозапис',NULL,'У жовтих степах і солоних шляхах
Лежала окута ярмом Україна.
В чужацькій неволі, неначе в пітьмах,
Бриніла на волю, як зірка, надія єдина.
Злим подихом степ шматував вітруган,
Розносив, мов вогники згаслії сили,
Котилася куля, звенів ятаган
І голови знову козацькі летіли.

Повій, вітре, на Вкраїну суходолом та і з моря,
Роздував шалений вітер попіл навкруги,
Прилетіло разом з вітром на Вкраїну люте горе -
Круками злетілись на вкраїну вороги.
Прилетіло разом з вітром на Вкраїну люте горе -
Круками злетілись вороги.

І казав Богдан в ту днину: "Гей, чи згасли наші сили?
Чи не досить крукам чорним пити кров з полів?
Чи не досить чути стогін і стогнати від безсилля,
Дивлячись на сльози гіркі наших матерів?
Чи не досить чути стогін і стогнати від безсилля,
Дивлячись на сльози матерів?"

Ой, Богдане, ти Богдане, ти усіх вів за собою,
Всіх, хто щастя Україні рідній марив щастям.
Геть летіло кручя чорне, прапор знову звав до бою
І несли нас наші коні щастя добувать!
Геть летіло кручя чорне, прапор знову звав до бою
І несли нас наші коні щастя добувать!','["pisni.org.ua", "cat:istorychni", "Історичні пісні"]',1,'published',COALESCE((SELECT created_at FROM songs WHERE id='pisniua_294665'), datetime('now')),datetime('now'));
INSERT OR REPLACE INTO songs_fts(song_id,title,lyrics) VALUES ('pisniua_294665','Ой, Богдане','У жовтих степах і солоних шляхах
Лежала окута ярмом Україна.
В чужацькій неволі, неначе в пітьмах,
Бриніла на волю, як зірка, надія єдина.
Злим подихом степ шматував вітруган,
Розносив, мов вогники згаслії сили,
Котилася куля, звенів ятаган
І голови знову козацькі летіли.

Повій, вітре, на Вкраїну суходолом та і з моря,
Роздував шалений вітер попіл навкруги,
Прилетіло разом з вітром на Вкраїну люте горе -
Круками злетілись на вкраїну вороги.
Прилетіло разом з вітром на Вкраїну люте горе -
Круками злетілись вороги.

І казав Богдан в ту днину: "Гей, чи згасли наші сили?
Чи не досить крукам чорним пити кров з полів?
Чи не досить чути стогін і стогнати від безсилля,
Дивлячись на сльози гіркі наших матерів?
Чи не досить чути стогін і стогнати від безсилля,
Дивлячись на сльози матерів?"

Ой, Богдане, ти Богдане, ти усіх вів за собою,
Всіх, хто щастя Україні рідній марив щастям.
Геть летіло кручя чорне, прапор знову звав до бою
І несли нас наші коні щастя добувать!
Геть летіло кручя чорне, прапор знову звав до бою
І несли нас наші коні щастя добувать!');
INSERT OR REPLACE INTO songs (id,title,subtitle,lang,country,period,year,source,notes,lyrics,tags_json,lang_locked,status,created_at,updated_at) VALUES ('pisniua_29614','Ой верше, мій верше','(Верше). Українська народна пісня. Виконує: Анна Чеберенчик','uk','ukraine_before_1917',NULL,NULL,NULL,NULL,'Ой верше, мій верше,
Мій зелений верше!
Юж мі так не буде (2)
Як ми било перше.

Бо лемківські гори
Долини прекрасни,
Не можна забити (2)
Ні в біді, ні в щасти.

Рідна Лемковино,
Зелені Карпати!
Де би лемко не бил (2)
Мусит баса дати.

Ой верше, мій верше,
Мій зелений верше!
Більш ми так не буде (2)
Як ми било перше','["pisni.org.ua", "cat:lemkivski", "Лемківські пісні"]',1,'published',COALESCE((SELECT created_at FROM songs WHERE id='pisniua_29614'), datetime('now')),datetime('now'));
INSERT OR REPLACE INTO songs_fts(song_id,title,lyrics) VALUES ('pisniua_29614','Ой верше, мій верше','Ой верше, мій верше,
Мій зелений верше!
Юж мі так не буде (2)
Як ми било перше.

Бо лемківські гори
Долини прекрасни,
Не можна забити (2)
Ні в біді, ні в щасти.

Рідна Лемковино,
Зелені Карпати!
Де би лемко не бил (2)
Мусит баса дати.

Ой верше, мій верше,
Мій зелений верше!
Більш ми так не буде (2)
Як ми било перше');
INSERT OR REPLACE INTO song_links (id,song_id,title,url,kind,version_id,sort_order) VALUES ('pisniua_29614_l1','pisniua_29614','YouTube','https://www.youtube.com/watch?v=1NefOSTEJYI','video',NULL,1);
INSERT OR REPLACE INTO song_links (id,song_id,title,url,kind,version_id,sort_order) VALUES ('pisniua_29614_l2','pisniua_29614','Переглянути варіанти >>','https://www.pisni.org.ua/#variants','external',NULL,2);
INSERT OR REPLACE INTO songs (id,title,subtitle,lang,country,period,year,source,notes,lyrics,tags_json,lang_locked,status,created_at,updated_at) VALUES ('pisniua_296055','Слава Отцю і Сину','Музика: народ Слова: народ. Виконує: Народний хор Україна','uk','ukraine_1991',NULL,NULL,NULL,NULL,'Боже, ми молимось щиро,
Нашу молитву прийми.
Серцем у Тебе ми вірим,
Славим в піснях Тебе ми.

Слава Отцю і сину, і Святому Духу,
І нині, і повсякчас, і навіки вічні. Амінь.

Боже, помилуй нас, грішних,
Боже, гріхи нам прости.
Допоможи нам, Всевишний,
В царство Твоє увійти.

Слава Отцю і сину, і Святому Духу,
І нині, і повсякчас, і навіки вічні. Амінь.

Боже, Тебе визнаємо -
Ти нам вказав правди шлях.
Серце Тобі віддаємо,
Славим Тебе у піснях.

Слава Отцю і сину, і Святому Духу,
І нині, і повсякчас, і навіки вічні. Амінь.','["pisni.org.ua", "cat:cerkovni", "Церковні пісні"]',1,'published',COALESCE((SELECT created_at FROM songs WHERE id='pisniua_296055'), datetime('now')),datetime('now'));
INSERT OR REPLACE INTO songs_fts(song_id,title,lyrics) VALUES ('pisniua_296055','Слава Отцю і Сину','Боже, ми молимось щиро,
Нашу молитву прийми.
Серцем у Тебе ми вірим,
Славим в піснях Тебе ми.

Слава Отцю і сину, і Святому Духу,
І нині, і повсякчас, і навіки вічні. Амінь.

Боже, помилуй нас, грішних,
Боже, гріхи нам прости.
Допоможи нам, Всевишний,
В царство Твоє увійти.

Слава Отцю і сину, і Святому Духу,
І нині, і повсякчас, і навіки вічні. Амінь.

Боже, Тебе визнаємо -
Ти нам вказав правди шлях.
Серце Тобі віддаємо,
Славим Тебе у піснях.

Слава Отцю і сину, і Святому Духу,
І нині, і повсякчас, і навіки вічні. Амінь.');
INSERT OR REPLACE INTO songs (id,title,subtitle,lang,country,period,year,source,notes,lyrics,tags_json,lang_locked,status,created_at,updated_at) VALUES ('pisniua_296614','Як я собі в нашім селі заспівам','Музика: народна Слова: народ. Виконує: Софія Федина','uk','ukraine_before_1917',NULL,NULL,'аудіозапис',NULL,'Як я собі в нашім селі заспівам,
Вшитких хлопців до роботи позберам.
Позберам вшитких хлопців до нашого села -
Затим селом все ня болит голова.

Не лем хлопців, але й вшитки дівчата,
Бо на поли юж робота зачата.
Співают дівчата із нашого села -
За тим селом все ня болит голова.

Як я собі на весілю заспівам,
Вшитких гостей до співання позберам.
Весіля, весіля, на Петра, на Михала -
По весілю все ня болит голова.

А, як буду у далекій стороні,
То заплачу, то затужу в чужині.
До свойого села, де родина моя -
За тим селом все ня болит голова','["pisni.org.ua", "cat:lemkivski", "Лемківські пісні"]',1,'published',COALESCE((SELECT created_at FROM songs WHERE id='pisniua_296614'), datetime('now')),datetime('now'));
INSERT OR REPLACE INTO songs_fts(song_id,title,lyrics) VALUES ('pisniua_296614','Як я собі в нашім селі заспівам','Як я собі в нашім селі заспівам,
Вшитких хлопців до роботи позберам.
Позберам вшитких хлопців до нашого села -
Затим селом все ня болит голова.

Не лем хлопців, але й вшитки дівчата,
Бо на поли юж робота зачата.
Співают дівчата із нашого села -
За тим селом все ня болит голова.

Як я собі на весілю заспівам,
Вшитких гостей до співання позберам.
Весіля, весіля, на Петра, на Михала -
По весілю все ня болит голова.

А, як буду у далекій стороні,
То заплачу, то затужу в чужині.
До свойого села, де родина моя -
За тим селом все ня болит голова');
INSERT OR REPLACE INTO songs (id,title,subtitle,lang,country,period,year,source,notes,lyrics,tags_json,lang_locked,status,created_at,updated_at) VALUES ('pisniua_295993','Ой ти, мово українська','Музика: О. Калищук Слова: О. Калищук. Виконує: Народний хор Україна','uk','ukraine_1991',NULL,NULL,NULL,NULL,'Ой ти, мово українська,
Колисанко материнська,
Що в душі завжди жива.
Ти моя найперша казка,
Перший біль і перша ласка,
Перші мамині слова.

Скільки музики в цій мові,
Скільки сили в кожнім слові,
Скільки сонця й теплоти.
Ти піснями ввись злітаєш,
Хоч і доленьки не маєш,
Хоч і сил нема, - летиш.

Для душі ти - наче ліки.
Не убить тебе довіку
І ніким не зупинить,
Не поставить на коліна,
Бо на крилах пісні линеш
З мого серця кожну мить.

Ой ти, мово українська,
Колисанко материнська,
Що в душі завжди жива.
Ти моя найперша казка,
Перший біль і перша ласка,
Перші мамині слова.','["pisni.org.ua", "cat:pisni-pro-movy", "Пісні про рідну мову"]',1,'published',COALESCE((SELECT created_at FROM songs WHERE id='pisniua_295993'), datetime('now')),datetime('now'));
INSERT OR REPLACE INTO songs_fts(song_id,title,lyrics) VALUES ('pisniua_295993','Ой ти, мово українська','Ой ти, мово українська,
Колисанко материнська,
Що в душі завжди жива.
Ти моя найперша казка,
Перший біль і перша ласка,
Перші мамині слова.

Скільки музики в цій мові,
Скільки сили в кожнім слові,
Скільки сонця й теплоти.
Ти піснями ввись злітаєш,
Хоч і доленьки не маєш,
Хоч і сил нема, - летиш.

Для душі ти - наче ліки.
Не убить тебе довіку
І ніким не зупинить,
Не поставить на коліна,
Бо на крилах пісні линеш
З мого серця кожну мить.

Ой ти, мово українська,
Колисанко материнська,
Що в душі завжди жива.
Ти моя найперша казка,
Перший біль і перша ласка,
Перші мамині слова.');
INSERT OR REPLACE INTO songs (id,title,subtitle,lang,country,period,year,source,notes,lyrics,tags_json,lang_locked,status,created_at,updated_at) VALUES ('pisniua_2952','Я - Крук','(Сотник Крук). Музика: Анатолій Сухий Слова: Анатолій Сухий. Виконує: Рутенія','uk','ukraine_1991',NULL,NULL,'1. Пісневир. Молодіжний співаник. Львів 2001. 2. Альбом "Неопалима Купина". 2007','Пісня з репертуару гурту "Рутенія". Акорди (варіант 2) надав Ярослав Юрчишин. Варіанти тексту: * Як ми рибу глушили в Дністрі ** А пам''ятаєш, друже Москаль, *** Друже Москаль, ми упирі? Ні!','Я - Крук, чорний сотник УПА.
Моя сотня в далекому схроні.
Добрі хлопці в моєму загоні
Підуть завтра у бій.

Приспів:
І не чекай, моя Оксано,
Додому з лісу партизана.
Бо завтра знову буде бій,
І не вернеться сотник твій.

Я - Крук, і мені все одно,
Мені славу співає округа,
Відрізняю від ворога друга,
Я крук, чорний галицький Крук.

Приспів.

А пам''ятаєш, друже Карась,
Ті останні бої на Дністрі,*
Пам''ятаєш той місяць і зорі?
Друже Карась, ми упирі? Ні!

Приспів.

А пам''ятаєш, друже Калино,
В 33-ім свою Полтавщину,
Пам''ятаєш той хліба шматок?
Друже Калино, ми упирі? Ні!

Приспів.

А пам''ятаєш, друже Рязань,**
Свою Росію, прогнилі ізби,
П''яну душу, розп''яту не призьбі?
Друже Рязань, ми упирі? Ні!***

Приспів.

Акорди (варіант 2):
Я, Крук - чорний сотник УПА.
Моя сотня в далекому схроні.
Добрі хлопці в моєму загоні
Підуть завтра у бій.','["pisni.org.ua", "cat:bardivski", "Бардівські пісні"]',1,'published',COALESCE((SELECT created_at FROM songs WHERE id='pisniua_2952'), datetime('now')),datetime('now'));
INSERT OR REPLACE INTO songs_fts(song_id,title,lyrics) VALUES ('pisniua_2952','Я - Крук','Я - Крук, чорний сотник УПА.
Моя сотня в далекому схроні.
Добрі хлопці в моєму загоні
Підуть завтра у бій.

Приспів:
І не чекай, моя Оксано,
Додому з лісу партизана.
Бо завтра знову буде бій,
І не вернеться сотник твій.

Я - Крук, і мені все одно,
Мені славу співає округа,
Відрізняю від ворога друга,
Я крук, чорний галицький Крук.

Приспів.

А пам''ятаєш, друже Карась,
Ті останні бої на Дністрі,*
Пам''ятаєш той місяць і зорі?
Друже Карась, ми упирі? Ні!

Приспів.

А пам''ятаєш, друже Калино,
В 33-ім свою Полтавщину,
Пам''ятаєш той хліба шматок?
Друже Калино, ми упирі? Ні!

Приспів.

А пам''ятаєш, друже Рязань,**
Свою Росію, прогнилі ізби,
П''яну душу, розп''яту не призьбі?
Друже Рязань, ми упирі? Ні!***

Приспів.

Акорди (варіант 2):
Я, Крук - чорний сотник УПА.
Моя сотня в далекому схроні.
Добрі хлопці в моєму загоні
Підуть завтра у бій.');
INSERT OR REPLACE INTO song_links (id,song_id,title,url,kind,version_id,sort_order) VALUES ('pisniua_2952_l1','pisniua_2952','YouTube','https://www.youtube.com/watch?v=tpRESiUhKL0','video',NULL,1);
INSERT OR REPLACE INTO song_links (id,song_id,title,url,kind,version_id,sort_order) VALUES ('pisniua_2952_l2','pisniua_2952','YouTube','https://www.youtube.com/watch?v=3WAPlbKzt_8','video',NULL,2);
INSERT OR REPLACE INTO song_links (id,song_id,title,url,kind,version_id,sort_order) VALUES ('pisniua_2952_l3','pisniua_2952','YouTube','https://www.youtube.com/watch?v=LqJvDA8TNo4','video',NULL,3);
INSERT OR REPLACE INTO song_links (id,song_id,title,url,kind,version_id,sort_order) VALUES ('pisniua_2952_l4','pisniua_2952','YouTube','https://www.youtube.com/watch?v=Mr4ft_rcTXU','video',NULL,4);
INSERT OR REPLACE INTO song_links (id,song_id,title,url,kind,version_id,sort_order) VALUES ('pisniua_2952_l5','pisniua_2952','YouTube','https://www.youtube.com/watch?v=ASLW0y_c6y8','video',NULL,5);
INSERT OR REPLACE INTO song_links (id,song_id,title,url,kind,version_id,sort_order) VALUES ('pisniua_2952_l6','pisniua_2952','YouTube','https://www.youtube.com/watch?v=guYCcf0kD4U','video',NULL,6);
INSERT OR REPLACE INTO song_links (id,song_id,title,url,kind,version_id,sort_order) VALUES ('pisniua_2952_l7','pisniua_2952','Переглянути варіанти >>','https://www.pisni.org.ua/#variants','external',NULL,7);
INSERT OR REPLACE INTO songs (id,title,subtitle,lang,country,period,year,source,notes,lyrics,tags_json,lang_locked,status,created_at,updated_at) VALUES ('pisniua_295192','В зеленім ліску по жовтім піску','Музика: народна Слова: народ. Виконує: Теотокос','uk','ukraine_before_1917',NULL,NULL,'аудіозапис','Рокове Коло. Стежки до листків про Українські традиції. Староукраїнські Колядки і Щедрівки: Святе Різдво (Свято Різдва Світа: Свят-Вечір – Коляда) ― Святий Збір (Трійця) ― Щедрий Вечір (Свято Місяця й Прадіда: Новий Рік ― Святі Водорщі) ― Весілля: Дівич-Вечір... Великдень... Зелені Свята (Трійця) ― Царинні Містерії... Івана Купала... Астральні Жнива... Рокове Коло.','В зеленім ліску по жовтім піску
Щедрий Святий Вечір Божий!

Пава ходила, пір''я згубила.
Щедрий Святий Вечір Божий!

В зеленім ліску по жовтім піску
Щедрий Святий Вечір Божий!

Дівчина ходила, пір''я збирала.
Щедрий Святий Вечір Божий!

Пір''я збирала, в фартушок клала.
Щедрий Святий Вечір Божий!

В фартушок клала, віночок плела.
Щедрий Святий Вечір Божий!','["pisni.org.ua", "cat:kolyadky", "cat:philosophic", "cat:shchedrivky", "Колядки", "Філософські пісні", "Щедрівки"]',1,'published',COALESCE((SELECT created_at FROM songs WHERE id='pisniua_295192'), datetime('now')),datetime('now'));
INSERT OR REPLACE INTO songs_fts(song_id,title,lyrics) VALUES ('pisniua_295192','В зеленім ліску по жовтім піску','В зеленім ліску по жовтім піску
Щедрий Святий Вечір Божий!

Пава ходила, пір''я згубила.
Щедрий Святий Вечір Божий!

В зеленім ліску по жовтім піску
Щедрий Святий Вечір Божий!

Дівчина ходила, пір''я збирала.
Щедрий Святий Вечір Божий!

Пір''я збирала, в фартушок клала.
Щедрий Святий Вечір Божий!

В фартушок клала, віночок плела.
Щедрий Святий Вечір Божий!');
INSERT OR REPLACE INTO song_links (id,song_id,title,url,kind,version_id,sort_order) VALUES ('pisniua_295192_l1','pisniua_295192','YouTube','https://www.youtube.com/watch?v=6VM8nHjEk0I','video',NULL,1);
INSERT OR REPLACE INTO song_links (id,song_id,title,url,kind,version_id,sort_order) VALUES ('pisniua_295192_l2','pisniua_295192','YouTube','https://www.youtube.com/watch?v=AAVEVsFSW3I','video',NULL,2);
INSERT OR REPLACE INTO song_links (id,song_id,title,url,kind,version_id,sort_order) VALUES ('pisniua_295192_l3','pisniua_295192','YouTube','https://www.youtube.com/watch?v=oO1lZaIsRjU','video',NULL,3);
INSERT OR REPLACE INTO songs (id,title,subtitle,lang,country,period,year,source,notes,lyrics,tags_json,lang_locked,status,created_at,updated_at) VALUES ('pisniua_296073','Кучері','Українська народна пісня','uk','ukraine_before_1917',NULL,NULL,'Українська народна пісня в обробці',NULL,'Ой біда, подруженьки, ой біда,
Я дівчина гарная, молода.
Як зустріла хлопця я за селом,
Задивилась на кучері над чолом,
задивилась на кучері над чолом.
Ой, кучері, кучері, ви мої,
наробили клопоту ви мені,
Через тії кучері над чолом
загубила серденько за селом.
Ой, кучері, кучері, ви мої,
наробили клопоту ви мені,
Через тії кучері над чолом
била мене матінка батогом.
Довго насміхалася я над ним:
Де взяв таких кучерів чарівних?
Через тії кучері над чолом
простояла ніченьку за селом,
простояла ніченьку за селом.
Ой, кучері, кучері, ви мої,
наробили клопоту ви мені,
Через тії кучері над чолом
загубила серденько за селом.
Ой, кучері, кучері, ви мої,
наробили клопоту ви мені,
Через тії кучері над чолом
била мене матінка батогом.
Не бий мене, матінко, батогом,
Бо я їду звечора з Васильом.
Через тії кучері над чолом
загубила серденько за селом,
загубила серденько за селом.
Ой, кучері, кучері, ви мої,
наробили клопоту ви мені,
Через тії кучері над чолом
загубила серденько за селом.
Ой, кучері, кучері, ви мої,
наробили клопоту ви мені,
Через тії кучері над чолом
била мене матінка батогом.
Ой, кучері, кучері, ви мої,
наробили клопоту ви мені,
Через тії кучері над чолом
загубила серденько за селом.
Ой, кучері, кучері, ви мої,
наробили клопоту ви мені,
Через тії кучері над чолом
била мене матінка батогом.','["pisni.org.ua", "cat:socialno-pobutovi", "Соціально-побутові пісні"]',1,'published',COALESCE((SELECT created_at FROM songs WHERE id='pisniua_296073'), datetime('now')),datetime('now'));
INSERT OR REPLACE INTO songs_fts(song_id,title,lyrics) VALUES ('pisniua_296073','Кучері','Ой біда, подруженьки, ой біда,
Я дівчина гарная, молода.
Як зустріла хлопця я за селом,
Задивилась на кучері над чолом,
задивилась на кучері над чолом.
Ой, кучері, кучері, ви мої,
наробили клопоту ви мені,
Через тії кучері над чолом
загубила серденько за селом.
Ой, кучері, кучері, ви мої,
наробили клопоту ви мені,
Через тії кучері над чолом
била мене матінка батогом.
Довго насміхалася я над ним:
Де взяв таких кучерів чарівних?
Через тії кучері над чолом
простояла ніченьку за селом,
простояла ніченьку за селом.
Ой, кучері, кучері, ви мої,
наробили клопоту ви мені,
Через тії кучері над чолом
загубила серденько за селом.
Ой, кучері, кучері, ви мої,
наробили клопоту ви мені,
Через тії кучері над чолом
била мене матінка батогом.
Не бий мене, матінко, батогом,
Бо я їду звечора з Васильом.
Через тії кучері над чолом
загубила серденько за селом,
загубила серденько за селом.
Ой, кучері, кучері, ви мої,
наробили клопоту ви мені,
Через тії кучері над чолом
загубила серденько за селом.
Ой, кучері, кучері, ви мої,
наробили клопоту ви мені,
Через тії кучері над чолом
била мене матінка батогом.
Ой, кучері, кучері, ви мої,
наробили клопоту ви мені,
Через тії кучері над чолом
загубила серденько за селом.
Ой, кучері, кучері, ви мої,
наробили клопоту ви мені,
Через тії кучері над чолом
била мене матінка батогом.');
INSERT OR REPLACE INTO songs (id,title,subtitle,lang,country,period,year,source,notes,lyrics,tags_json,lang_locked,status,created_at,updated_at) VALUES ('pisniua_296675','Да просив мене Герасим','Українська народна пісня. Виконує: Божичі','uk','ukraine_before_1917',NULL,NULL,NULL,NULL,'Да просив мене Герасим
Ой шоб я пішла грати з ним.

А я його не люблю,
Ой грати з ним я не піду.

Ти козаче чорноусий,
Чого в тебе жупан куций.

Мене дівки підпоїли,
Жупан мені підкроїли-підрізали.

Бодай тая околіла,
Жупан мені підкроїла-підрізала.

Єсть у мене копа жита,
Ой буде в мене жупан довший.

Єсть у мене купа грошей,
Буде в мене жупан довший.

Ішов козак долиною,
Ой косив травку сокирою-топором','["pisni.org.ua", "cat:socialno-pobutovi", "Соціально-побутові пісні"]',1,'published',COALESCE((SELECT created_at FROM songs WHERE id='pisniua_296675'), datetime('now')),datetime('now'));
INSERT OR REPLACE INTO songs_fts(song_id,title,lyrics) VALUES ('pisniua_296675','Да просив мене Герасим','Да просив мене Герасим
Ой шоб я пішла грати з ним.

А я його не люблю,
Ой грати з ним я не піду.

Ти козаче чорноусий,
Чого в тебе жупан куций.

Мене дівки підпоїли,
Жупан мені підкроїли-підрізали.

Бодай тая околіла,
Жупан мені підкроїла-підрізала.

Єсть у мене копа жита,
Ой буде в мене жупан довший.

Єсть у мене купа грошей,
Буде в мене жупан довший.

Ішов козак долиною,
Ой косив травку сокирою-топором');
INSERT OR REPLACE INTO songs (id,title,subtitle,lang,country,period,year,source,notes,lyrics,tags_json,lang_locked,status,created_at,updated_at) VALUES ('pisniua_29653','Виряджала мати сина під Крути до бою',NULL,'uk','ukrainian_peoples_republic_1917_1921',NULL,NULL,NULL,NULL,'Виряджала мати сина
Під Крути до бою
Розчесала кучерики
Понад головою.

Іди, іди, мій синочку,
Та й не забаряйся
Як побореш вороженьків,
Додому вертайся.

Ждала, ждала мати сина,
Під Крути ходила
Та й шукала між трупами
Головоньку сина.

А як найшла між трупами
Головоньку сина,
Ридаючи колихала
Та й заголосила.

Сину рідний, Боже милий,
А я твоя мати
Сину рідний, сину милий,
Забили прокляті.','["pisni.org.ua", "cat:strilecki", "Стрілецькі пісні"]',1,'published',COALESCE((SELECT created_at FROM songs WHERE id='pisniua_29653'), datetime('now')),datetime('now'));
INSERT OR REPLACE INTO songs_fts(song_id,title,lyrics) VALUES ('pisniua_29653','Виряджала мати сина під Крути до бою','Виряджала мати сина
Під Крути до бою
Розчесала кучерики
Понад головою.

Іди, іди, мій синочку,
Та й не забаряйся
Як побореш вороженьків,
Додому вертайся.

Ждала, ждала мати сина,
Під Крути ходила
Та й шукала між трупами
Головоньку сина.

А як найшла між трупами
Головоньку сина,
Ридаючи колихала
Та й заголосила.

Сину рідний, Боже милий,
А я твоя мати
Сину рідний, сину милий,
Забили прокляті.');
INSERT OR REPLACE INTO song_links (id,song_id,title,url,kind,version_id,sort_order) VALUES ('pisniua_29653_l1','pisniua_29653','YouTube','https://www.youtube.com/watch?v=pK2i6EJ2LVY','video',NULL,1);
INSERT OR REPLACE INTO songs (id,title,subtitle,lang,country,period,year,source,notes,lyrics,tags_json,lang_locked,status,created_at,updated_at) VALUES ('pisniua_296971','Новорічна ніч','Музика: Геннадій Татарченко Слова: Петро Мага. Виконує: Павло Зібров','uk','ukraine_1991',NULL,NULL,'аудіозапис',NULL,'Як календар останній лист втрачає,
Як дзвін нічний дванадцяту проб''є,
Як зірка новорічна прилітає,
То кожен тихо мріє про своє.
Я розливаю в келихи бажання,
І в очі гляну друзям щирим всім,
Дзвенить кришталь "За щастя, за кохання!
За доброту людей, за теплий дім!"

Приспів:
Новорічна ніч - на майбутній рік надія,
Новорічна ніч - щоб збулось все так, як мрію,
Щоб в казкових снах посміхалася дитина,
Щастя України в новорічну ніч!

Прошу у Бога зовсім небагато:
Спокійних і уcміхнених облич,
Щоб лиш салют відомий бив гарматами
І не лише у цю казкову ніч.
Притулку тим, хто завжди у дорозі,
Блакиті - небу, пісні - солов''ю,
Щоб ті, що піднімались по тривозі,
Щасливо повертались у сім''ю.

Приспів. (2)','["pisni.org.ua", "cat:new-year", "Пісні про Новий Рік"]',1,'published',COALESCE((SELECT created_at FROM songs WHERE id='pisniua_296971'), datetime('now')),datetime('now'));
INSERT OR REPLACE INTO songs_fts(song_id,title,lyrics) VALUES ('pisniua_296971','Новорічна ніч','Як календар останній лист втрачає,
Як дзвін нічний дванадцяту проб''є,
Як зірка новорічна прилітає,
То кожен тихо мріє про своє.
Я розливаю в келихи бажання,
І в очі гляну друзям щирим всім,
Дзвенить кришталь "За щастя, за кохання!
За доброту людей, за теплий дім!"

Приспів:
Новорічна ніч - на майбутній рік надія,
Новорічна ніч - щоб збулось все так, як мрію,
Щоб в казкових снах посміхалася дитина,
Щастя України в новорічну ніч!

Прошу у Бога зовсім небагато:
Спокійних і уcміхнених облич,
Щоб лиш салют відомий бив гарматами
І не лише у цю казкову ніч.
Притулку тим, хто завжди у дорозі,
Блакиті - небу, пісні - солов''ю,
Щоб ті, що піднімались по тривозі,
Щасливо повертались у сім''ю.

Приспів. (2)');
INSERT OR REPLACE INTO song_links (id,song_id,title,url,kind,version_id,sort_order) VALUES ('pisniua_296971_l1','pisniua_296971','YouTube','https://www.youtube.com/watch?v=Qo0c_g7ey_U','video',NULL,1);
INSERT OR REPLACE INTO songs (id,title,subtitle,lang,country,period,year,source,notes,lyrics,tags_json,lang_locked,status,created_at,updated_at) VALUES ('pisniua_296591','Ой, не буду все лем банувати','Музика: народна Слова: народ. Виконує: Софія Федина','uk','ukraine_before_1917',NULL,NULL,'аудіозапис',NULL,'Ой, не буду все лем банувати,
Дам я собі гудакам заграти.
Грайте же мі з вечора до рана,
Бо я собі дівка мальована.

Звідалися, што мі то, што мі то,
Мам я личко побито, побито.
Побила го моя люба мамка,
Же м любила чорнявого Янка.

А ворота цвяками забила,
Жеби до нас хлопці не ходили,
А я взяла цвяки одорвала:
"Ходьте, хлопці", мамка юж казала','["pisni.org.ua", "cat:lemkivski", "Лемківські пісні"]',1,'published',COALESCE((SELECT created_at FROM songs WHERE id='pisniua_296591'), datetime('now')),datetime('now'));
INSERT OR REPLACE INTO songs_fts(song_id,title,lyrics) VALUES ('pisniua_296591','Ой, не буду все лем банувати','Ой, не буду все лем банувати,
Дам я собі гудакам заграти.
Грайте же мі з вечора до рана,
Бо я собі дівка мальована.

Звідалися, што мі то, што мі то,
Мам я личко побито, побито.
Побила го моя люба мамка,
Же м любила чорнявого Янка.

А ворота цвяками забила,
Жеби до нас хлопці не ходили,
А я взяла цвяки одорвала:
"Ходьте, хлопці", мамка юж казала');
INSERT OR REPLACE INTO songs (id,title,subtitle,lang,country,period,year,source,notes,lyrics,tags_json,lang_locked,status,created_at,updated_at) VALUES ('pisniua_296818','Я підкручу сиві вуса','Українська народна пісня. Виконує: Нескорені','uk','ukraine_before_1917',NULL,NULL,'1. Надала Б. Сімович',NULL,'Я підкручу сиві вуса, розверну рамена,
Чорнявая молодичко, подивись на мене.

Як така ти гонорова, най калюх мій трісне,
Кедь не любиш, то хоть разом заспіваймо пісню','["pisni.org.ua", "cat:huculski", "cat:kolomyyky", "cat:zhartivlyvi", "Гуцульські пісні", "Коломийки", "Жартівливі пісні"]',1,'published',COALESCE((SELECT created_at FROM songs WHERE id='pisniua_296818'), datetime('now')),datetime('now'));
INSERT OR REPLACE INTO songs_fts(song_id,title,lyrics) VALUES ('pisniua_296818','Я підкручу сиві вуса','Я підкручу сиві вуса, розверну рамена,
Чорнявая молодичко, подивись на мене.

Як така ти гонорова, най калюх мій трісне,
Кедь не любиш, то хоть разом заспіваймо пісню');
INSERT OR REPLACE INTO songs (id,title,subtitle,lang,country,period,year,source,notes,lyrics,tags_json,lang_locked,status,created_at,updated_at) VALUES ('pisniua_296990','Палац Спорту','Музика: Павло Зібров Слова: Юрій Рибчинський. Виконує: Павло Зібров','uk','ukraine_1991',NULL,NULL,'аудіозапис',NULL,'Славлю палац, де гартується спорт України,
Славлю палац, що дарує нам щастя хвилини,
Славлю палац, до якого ведуть всі дороги,
Славлю палац, де куються завжди перемоги.

Приспів:
Палац Спорту, Палац Спорту -
Грім оплесків і боротьби гроза.
Палац Спорту, Палац Спорту,
Як велетень тримає небеса.
Палац Спорту, Палац Спорту -
Вогонь твій Олімпійський не згаса.
Палац Спорту, Палац Спорту -
Це сила міста і його краса.

Славлю палац, де вирують шалені змагання,
Славлю палац, де надія вмирає остання,
Славлю палац, що нас кличе неначе додому,
Славлю палац і людей, що працюють у ньому.

Приспів. (2)','["pisni.org.ua", "cat:himny-marshi", "Гимни та марші"]',1,'published',COALESCE((SELECT created_at FROM songs WHERE id='pisniua_296990'), datetime('now')),datetime('now'));
INSERT OR REPLACE INTO songs_fts(song_id,title,lyrics) VALUES ('pisniua_296990','Палац Спорту','Славлю палац, де гартується спорт України,
Славлю палац, що дарує нам щастя хвилини,
Славлю палац, до якого ведуть всі дороги,
Славлю палац, де куються завжди перемоги.

Приспів:
Палац Спорту, Палац Спорту -
Грім оплесків і боротьби гроза.
Палац Спорту, Палац Спорту,
Як велетень тримає небеса.
Палац Спорту, Палац Спорту -
Вогонь твій Олімпійський не згаса.
Палац Спорту, Палац Спорту -
Це сила міста і його краса.

Славлю палац, де вирують шалені змагання,
Славлю палац, де надія вмирає остання,
Славлю палац, що нас кличе неначе додому,
Славлю палац і людей, що працюють у ньому.

Приспів. (2)');
INSERT OR REPLACE INTO songs (id,title,subtitle,lang,country,period,year,source,notes,lyrics,tags_json,lang_locked,status,created_at,updated_at) VALUES ('pisniua_2990','Не журіться, юні друзі','Музика: Богдан Ганушевський Слова: Олександр Олесь','uk','ukraine_1991',NULL,NULL,'1. У мандри. Збірник українських пісень пластової молоді. - Мельбурн - Аделаїда, 1981.','Акорди 1: підібрано на слух за джерелом 1, спрощено. Акорди 2: популярний варіянт на мелодію з мультфільму "Бременські музиканти". Підбір акордів: bohdanko (pisni.org.ua)','Не журіться, юні друзі,
Є країна чарівна -
Наша славна Україна, |
Наша рідна сторона.  |(2)

Гори, доли, полонини,
Стайні, вівці, вівчарі,
Там на горах щохвилини  |
Світять ватри вівтарі.  |(2)

І на них складають жертви
Наші землі, труди й кров,
І на тих пустелях мертвих  |
Сходить наша воля знов.    |(2)

Воля-пташка, воля-вітер,
Що за волю не даси?
Йди, шукай її по світу   |
Через гори і ліси.       |(2)

Не журіться, юні друзі,
Є країна чарівна -
Наша славна Україна,  |
Наша рідна сторона.   |(2)

Акорди 1:
Не журіться, юні друзі,
Є країна чарівна -
Наша славна Україна,
Наша рідна сторона.
Наша славна Україна,
Наша рідна сторона.

Акорди 2:
Am
Не журіться, юні друзі,
Dm
Є країна чарівна -
Наша славна Україна,
Наша рідна сторона.','["pisni.org.ua", "cat:plastovi", "Пластові пісні"]',1,'published',COALESCE((SELECT created_at FROM songs WHERE id='pisniua_2990'), datetime('now')),datetime('now'));
INSERT OR REPLACE INTO songs_fts(song_id,title,lyrics) VALUES ('pisniua_2990','Не журіться, юні друзі','Не журіться, юні друзі,
Є країна чарівна -
Наша славна Україна, |
Наша рідна сторона.  |(2)

Гори, доли, полонини,
Стайні, вівці, вівчарі,
Там на горах щохвилини  |
Світять ватри вівтарі.  |(2)

І на них складають жертви
Наші землі, труди й кров,
І на тих пустелях мертвих  |
Сходить наша воля знов.    |(2)

Воля-пташка, воля-вітер,
Що за волю не даси?
Йди, шукай її по світу   |
Через гори і ліси.       |(2)

Не журіться, юні друзі,
Є країна чарівна -
Наша славна Україна,  |
Наша рідна сторона.   |(2)

Акорди 1:
Не журіться, юні друзі,
Є країна чарівна -
Наша славна Україна,
Наша рідна сторона.
Наша славна Україна,
Наша рідна сторона.

Акорди 2:
Am
Не журіться, юні друзі,
Dm
Є країна чарівна -
Наша славна Україна,
Наша рідна сторона.');
INSERT OR REPLACE INTO songs (id,title,subtitle,lang,country,period,year,source,notes,lyrics,tags_json,lang_locked,status,created_at,updated_at) VALUES ('pisniua_297498','Рушничок','Музика: Ірина Білик Слова: Ірина Білик. Виконує: Аліна Гросу','uk','ukraine_1991',NULL,NULL,'аудіозапис',NULL,'Мама мені вишивала рушник
Голками, наче сріблясте проміння.
Дощ за вікном моїм начебто зник -
В небі хмаринки не чорні, а сині.
Стати б маленькою зростом мені,
Стежкою, аж до зорі мандрувати,
Тільки насправді, а не уві сні
Голосно пісню веселу співати.

Приспів:
Ой, рушник, рушничок -
Кольорова доріжка.
Ой, рушник, рушничок,
Вже стомились ніжки.
Ой, рушник, рушничок,
Полем стелиться нитка.
Ой, рушник, рушничок,
Я маленька, як квітка,
Я маленька, як квітка.

З маків червоних віночок сплету,
Райдуга зранку доріжкою стане,
Все подолаю і все віднайду,
Зіроньку з неба яскраву дістану.
Друзям в дарунок несу рушничок,
Кажуть, що дива на світі немає,
Вірю: до зустрічі з казкою крок,
Щастя навколо по світу - я знаю.

Приспів.

Ой, рушник, рушничок -
Кольорова доріжка.
Ой, рушник, рушничок,
Вже стомились ніжки.
Ой, рушник, рушничок,
Полем стелиться нитка.
Ой, рушник, рушничок...

Приспів.

Я маленька, як квітка,
Я маленька, як квітка!..','["pisni.org.ua", "cat:manrivni", "cat:nostalgia", "cat:pro-batkiv", "Пісні на мандрівну тематику", "Пісні з ностальгічними мотивами", "Пісні про любов до батьків"]',1,'published',COALESCE((SELECT created_at FROM songs WHERE id='pisniua_297498'), datetime('now')),datetime('now'));
INSERT OR REPLACE INTO songs_fts(song_id,title,lyrics) VALUES ('pisniua_297498','Рушничок','Мама мені вишивала рушник
Голками, наче сріблясте проміння.
Дощ за вікном моїм начебто зник -
В небі хмаринки не чорні, а сині.
Стати б маленькою зростом мені,
Стежкою, аж до зорі мандрувати,
Тільки насправді, а не уві сні
Голосно пісню веселу співати.

Приспів:
Ой, рушник, рушничок -
Кольорова доріжка.
Ой, рушник, рушничок,
Вже стомились ніжки.
Ой, рушник, рушничок,
Полем стелиться нитка.
Ой, рушник, рушничок,
Я маленька, як квітка,
Я маленька, як квітка.

З маків червоних віночок сплету,
Райдуга зранку доріжкою стане,
Все подолаю і все віднайду,
Зіроньку з неба яскраву дістану.
Друзям в дарунок несу рушничок,
Кажуть, що дива на світі немає,
Вірю: до зустрічі з казкою крок,
Щастя навколо по світу - я знаю.

Приспів.

Ой, рушник, рушничок -
Кольорова доріжка.
Ой, рушник, рушничок,
Вже стомились ніжки.
Ой, рушник, рушничок,
Полем стелиться нитка.
Ой, рушник, рушничок...

Приспів.

Я маленька, як квітка,
Я маленька, як квітка!..');
INSERT OR REPLACE INTO song_links (id,song_id,title,url,kind,version_id,sort_order) VALUES ('pisniua_297498_l1','pisniua_297498','YouTube','https://www.youtube.com/watch?v=VLZbJIHIiR4','video',NULL,1);
INSERT OR REPLACE INTO song_links (id,song_id,title,url,kind,version_id,sort_order) VALUES ('pisniua_297498_l2','pisniua_297498','YouTube','https://www.youtube.com/watch?v=ZeOM2Ttmux0','video',NULL,2);
INSERT OR REPLACE INTO songs (id,title,subtitle,lang,country,period,year,source,notes,lyrics,tags_json,lang_locked,status,created_at,updated_at) VALUES ('pisniua_29697','Колискова','Музика: Володимир Івасюк Слова: Михайло Івасюк','uk','ukraine_before_1917',NULL,NULL,'http://ivasyuk.domivka.net/',NULL,'Ти спи, любий сину, в щасливому сні,
Довкола нас тиша і місяць в вікні.
Торкається шибок лиш сяєво зір,
Шумить десь далеко смарагдовий бір.

А...

Й від озера лине поклін комиша...
Тебе покриває мій зір і душа.
Хай ніч, любий сину, снує срібний шовк.
Ти спи — на сторожі безмежна любов.','["pisni.org.ua", "cat:kolyskovi", "Колискові"]',1,'published',COALESCE((SELECT created_at FROM songs WHERE id='pisniua_29697'), datetime('now')),datetime('now'));
INSERT OR REPLACE INTO songs_fts(song_id,title,lyrics) VALUES ('pisniua_29697','Колискова','Ти спи, любий сину, в щасливому сні,
Довкола нас тиша і місяць в вікні.
Торкається шибок лиш сяєво зір,
Шумить десь далеко смарагдовий бір.

А...

Й від озера лине поклін комиша...
Тебе покриває мій зір і душа.
Хай ніч, любий сину, снує срібний шовк.
Ти спи — на сторожі безмежна любов.');
INSERT OR REPLACE INTO song_links (id,song_id,title,url,kind,version_id,sort_order) VALUES ('pisniua_29697_l1','pisniua_29697','YouTube','https://www.youtube.com/watch?v=836dglbxLT8','video',NULL,1);
INSERT OR REPLACE INTO songs (id,title,subtitle,lang,country,period,year,source,notes,lyrics,tags_json,lang_locked,status,created_at,updated_at) VALUES ('pisniua_298395','Рекрутська','Музика: народ Слова: народ. Виконує: Марія Бурмака','uk','ukraine_before_1917',NULL,NULL,'аудіозапис',NULL,'Гой да на прийомі галки в''ю,
Ой, галки в''ються,
А в дівчи, ой, а в дівчини,
Ой, да сльози ллються.

Гой да ти, дівчино, моє се,
Ой, моє серце,
Сховай ме, ой, сховай мене
Ой, да під ряденце.

Гой да я ряденце не придба,
Ой, не придбала,
Щоб я те, ой, тебе, серце,
Ой, да заховала.

Гой да на прийомі галки в''ю,
Ой, галки в''ються,
А в дівчи, ой, а в дівчини,
Ой, да сльози ллються...','["pisni.org.ua", "cat:rekrutski", "Рекрутські пісні"]',1,'published',COALESCE((SELECT created_at FROM songs WHERE id='pisniua_298395'), datetime('now')),datetime('now'));
INSERT OR REPLACE INTO songs_fts(song_id,title,lyrics) VALUES ('pisniua_298395','Рекрутська','Гой да на прийомі галки в''ю,
Ой, галки в''ються,
А в дівчи, ой, а в дівчини,
Ой, да сльози ллються.

Гой да ти, дівчино, моє се,
Ой, моє серце,
Сховай ме, ой, сховай мене
Ой, да під ряденце.

Гой да я ряденце не придба,
Ой, не придбала,
Щоб я те, ой, тебе, серце,
Ой, да заховала.

Гой да на прийомі галки в''ю,
Ой, галки в''ються,
А в дівчи, ой, а в дівчини,
Ой, да сльози ллються...');
INSERT OR REPLACE INTO songs (id,title,subtitle,lang,country,period,year,source,notes,lyrics,tags_json,lang_locked,status,created_at,updated_at) VALUES ('pisniua_298563','Мандри','Музика: Марія Бурмака Слова: Андрій Малишко. Виконує: Марія Бурмака','uk','ukraine_1991',NULL,NULL,'аудіозапис',NULL,'В путь нічого збирати не буду:
Є тютюн і книжки, сухарі.
Десь піду я спокійно між люди,
Поклонюся вечірній зорі.

Так ходили, мабуть, святогори,
Де земля, як волошковий клин.
Так піду я в поля неозорі
І з піснями один на один.

Попрошу собі сил небагато
Молодим і гарячим слівцем.
Щоб на руки всю землю підняти,
Повернути до сонця лицем','["pisni.org.ua", "cat:manrivni", "Пісні на мандрівну тематику"]',1,'published',COALESCE((SELECT created_at FROM songs WHERE id='pisniua_298563'), datetime('now')),datetime('now'));
INSERT OR REPLACE INTO songs_fts(song_id,title,lyrics) VALUES ('pisniua_298563','Мандри','В путь нічого збирати не буду:
Є тютюн і книжки, сухарі.
Десь піду я спокійно між люди,
Поклонюся вечірній зорі.

Так ходили, мабуть, святогори,
Де земля, як волошковий клин.
Так піду я в поля неозорі
І з піснями один на один.

Попрошу собі сил небагато
Молодим і гарячим слівцем.
Щоб на руки всю землю підняти,
Повернути до сонця лицем');
INSERT OR REPLACE INTO song_links (id,song_id,title,url,kind,version_id,sort_order) VALUES ('pisniua_298563_l1','pisniua_298563','http://burmaka.com.ua/al_vesno.htm','http://burmaka.com.ua/al_vesno.htm','external',NULL,1);
INSERT OR REPLACE INTO songs (id,title,subtitle,lang,country,period,year,source,notes,lyrics,tags_json,lang_locked,status,created_at,updated_at) VALUES ('pisniua_297512','Мама','Музика: Ірина Білик Слова: Ірина Білик. Виконує: Аліна Гросу','uk','ukraine_1991',NULL,NULL,'аудіозапис','пісня про маму','Хто мене зігріє в темну ніч?
Хто мені тихенько заспіває?
Ми з тобою, мамо, віч-на-віч.
Знаю я, що кращої немає.
Хай минають дні, летять роки
I, нехай, складне стає так просто.
Може вже й доросла я?

Приспів:
Я не буду казати
Та знай: ми блукаємо між світами.
Але там, де у неба є край
Чути пісню моєї мами.
Я не буду казати
Та знай: ти у мене одна єдина.
Тільки ти чекай.
Мамо, я до тебе лину!

Хто мене зігріє в темну ніч?
Доля, мов ріка, така глибока.
Тільки ми з тобою віч-на-віч,
Ніжна моя мамо синьоока.
Хай минають дні, летять роки
I, нехай, cкладне стає так просто.
Може вже й доросла я?

Приспів. (2)','["pisni.org.ua", "cat:pro-batkiv", "Пісні про любов до батьків"]',1,'published',COALESCE((SELECT created_at FROM songs WHERE id='pisniua_297512'), datetime('now')),datetime('now'));
INSERT OR REPLACE INTO songs_fts(song_id,title,lyrics) VALUES ('pisniua_297512','Мама','Хто мене зігріє в темну ніч?
Хто мені тихенько заспіває?
Ми з тобою, мамо, віч-на-віч.
Знаю я, що кращої немає.
Хай минають дні, летять роки
I, нехай, складне стає так просто.
Може вже й доросла я?

Приспів:
Я не буду казати
Та знай: ми блукаємо між світами.
Але там, де у неба є край
Чути пісню моєї мами.
Я не буду казати
Та знай: ти у мене одна єдина.
Тільки ти чекай.
Мамо, я до тебе лину!

Хто мене зігріє в темну ніч?
Доля, мов ріка, така глибока.
Тільки ми з тобою віч-на-віч,
Ніжна моя мамо синьоока.
Хай минають дні, летять роки
I, нехай, cкладне стає так просто.
Може вже й доросла я?

Приспів. (2)');
INSERT OR REPLACE INTO song_links (id,song_id,title,url,kind,version_id,sort_order) VALUES ('pisniua_297512_l1','pisniua_297512','YouTube','https://www.youtube.com/watch?v=9uYHQV1Lprs','video',NULL,1);
INSERT OR REPLACE INTO song_links (id,song_id,title,url,kind,version_id,sort_order) VALUES ('pisniua_297512_l2','pisniua_297512','YouTube','https://www.youtube.com/watch?v=rIBBZDlSIeI','video',NULL,2);
INSERT OR REPLACE INTO song_links (id,song_id,title,url,kind,version_id,sort_order) VALUES ('pisniua_297512_l3','pisniua_297512','YouTube','https://www.youtube.com/watch?v=cpAon8D3yTw','video',NULL,3);
INSERT OR REPLACE INTO songs (id,title,subtitle,lang,country,period,year,source,notes,lyrics,tags_json,lang_locked,status,created_at,updated_at) VALUES ('pisniua_2971','Коли у путь','(Бий, барабан). Виконує: Журборіз','uk','ukraine_before_1917',NULL,NULL,'Пісневир. Молодіжний співаник. Львів 2001.',NULL,'C
Коли у путь, коли у путь,
Коли у путь сурма покличе,
Ти пригадай наш давній звичай —
Веселу пісню заспівай.

Приспів:
Бий барабан, бий барабан,
Бий барабан, лунайте труби.
Цілуй дівчину просто в губи
І келих повний наливай.

Султан завів собі гарем,
Жінок з півсотні має в нім.
І кожну може з них обнять.
Хотів би я султаном стать.
Та він нещасний чоловік:
Не п''є горілки цілий вік,
Бо не велить йому Коран.
Нехай же буде він султан.

Приспів.

У Римі Папі добре жить,
Вино, як воду, може пить,
Ще й грошей повна келія.
Хотів би бути Папа я.
Та він нещасний чоловік:
Не знав кохання цілий вік.
А я не хочу буть один.
Нехай же буде Папа він.

Приспів.

А я наллю собі бокал,
Перехилю, щоб він не впав,
Ще й обійму дівочий стан —
Тепер я Папа і султан.

Приспів.','["pisni.org.ua", "cat:lirychni", "cat:zhartivlyvi", "Пісні про кохання, ліричні", "Жартівливі пісні"]',1,'published',COALESCE((SELECT created_at FROM songs WHERE id='pisniua_2971'), datetime('now')),datetime('now'));
INSERT OR REPLACE INTO songs_fts(song_id,title,lyrics) VALUES ('pisniua_2971','Коли у путь','C
Коли у путь, коли у путь,
Коли у путь сурма покличе,
Ти пригадай наш давній звичай —
Веселу пісню заспівай.

Приспів:
Бий барабан, бий барабан,
Бий барабан, лунайте труби.
Цілуй дівчину просто в губи
І келих повний наливай.

Султан завів собі гарем,
Жінок з півсотні має в нім.
І кожну може з них обнять.
Хотів би я султаном стать.
Та він нещасний чоловік:
Не п''є горілки цілий вік,
Бо не велить йому Коран.
Нехай же буде він султан.

Приспів.

У Римі Папі добре жить,
Вино, як воду, може пить,
Ще й грошей повна келія.
Хотів би бути Папа я.
Та він нещасний чоловік:
Не знав кохання цілий вік.
А я не хочу буть один.
Нехай же буде Папа він.

Приспів.

А я наллю собі бокал,
Перехилю, щоб він не впав,
Ще й обійму дівочий стан —
Тепер я Папа і султан.

Приспів.');
INSERT OR REPLACE INTO song_links (id,song_id,title,url,kind,version_id,sort_order) VALUES ('pisniua_2971_l1','pisniua_2971','YouTube','https://www.youtube.com/watch?v=oaUj-N80yZA','video',NULL,1);
INSERT OR REPLACE INTO song_links (id,song_id,title,url,kind,version_id,sort_order) VALUES ('pisniua_2971_l2','pisniua_2971','YouTube','https://www.youtube.com/watch?v=QdYcxQZMp9o','video',NULL,2);
INSERT OR REPLACE INTO song_links (id,song_id,title,url,kind,version_id,sort_order) VALUES ('pisniua_2971_l3','pisniua_2971','YouTube','https://www.youtube.com/watch?v=LdHDSlRGJ7o','video',NULL,3);
INSERT OR REPLACE INTO songs (id,title,subtitle,lang,country,period,year,source,notes,lyrics,tags_json,lang_locked,status,created_at,updated_at) VALUES ('pisniua_296828','Чи я тобі не казала, як ти сіяв ленцю','Українська народна пісня. Виконує: Нескорені','uk','ukraine_before_1917',NULL,NULL,'1. Надала Б. Сімович','В''язки 1, 2 співають дівчата, 3, 4, 5 — хлопці. Еротика, жарти, забави, загадки: Катерини – Калета – Андрія... Зелені Свята... Гаївки-Великдень... Весілля... – Щедровечірнє й Новорічне: Маланка й Василь. Коза. Кіт... Де Коза ходить там Жито родить! Козуню-Любуню пристань до мене Рокове Коло. Стежки до листків про Українські традиції. Староукраїнські Колядки і Щедрівки: Святе Різдво (Свято Різдва Світа: Свят-Вечір – Коляда) ― Святий Збір (Трійця) ― Щедрий Вечір (Свято Місяця й Прадіда: Новий Рік ― Святі Водорщі) ― Весілля: Дівич-Вечір... Великдень... Зелені Свята (Трійця) ― Царинні Містерії... Івана Купала... Астральні Жнива... Рокове Коло.','Чи я тобі не казала, як ти сіяв ленцю,
Не бери си великую, візьми собі меншу,

Бо велика, як ялиця, буде тебе бити,
А маленька рум''яненька буде тя любити.

Ой, дівчино, дівчинонько, чи підеш за мене?
Не будеш ти хліба печи у мене, у мене,

Бо у мене сам п''єц пече, кітка тріски носить,
Попід лави вода тече та й миски полоче,

Попід лави вода тече, миски обмиває,
Через сіни вітер віє, хату замітає','["pisni.org.ua", "cat:huculski", "cat:kolomyyky", "cat:kolyadky", "cat:krasa-pryrody", "cat:kupalski", "cat:mifichni", "cat:philosophic", "cat:shchedrivky", "cat:socialno-pobutovi", "cat:vesnyanky-hayivky", "cat:zeleni-svyata", "Гуцульські пісні", "Коломийки", "Колядки", "Пісні про красу природи", "Купальські пісні", "Пісня з міфічними, світотворчими мотивами", "Філософські пісні", "Щедрівки", "Соціально-побутові пісні", "Веснянки та гаївки", "Пісні до Зелених свят"]',1,'published',COALESCE((SELECT created_at FROM songs WHERE id='pisniua_296828'), datetime('now')),datetime('now'));
INSERT OR REPLACE INTO songs_fts(song_id,title,lyrics) VALUES ('pisniua_296828','Чи я тобі не казала, як ти сіяв ленцю','Чи я тобі не казала, як ти сіяв ленцю,
Не бери си великую, візьми собі меншу,

Бо велика, як ялиця, буде тебе бити,
А маленька рум''яненька буде тя любити.

Ой, дівчино, дівчинонько, чи підеш за мене?
Не будеш ти хліба печи у мене, у мене,

Бо у мене сам п''єц пече, кітка тріски носить,
Попід лави вода тече та й миски полоче,

Попід лави вода тече, миски обмиває,
Через сіни вітер віє, хату замітає');
INSERT OR REPLACE INTO songs (id,title,subtitle,lang,country,period,year,source,notes,lyrics,tags_json,lang_locked,status,created_at,updated_at) VALUES ('pisniua_3101962','Чорнобривці','Музика: Володимир Верменич Слова: Микола Сингаївський. Виконує: Віктор Павлік','uk','ukraine_1991',NULL,NULL,NULL,NULL,'Чорнобривців насіяла мати.
У моїм світанковім краю,
Am          Е            Аm
Та й навчила веснянки співати
Про квітучу надію свою.

Приспів:
Як на ті чорнобривці погляну,
Бачу матір стареньку,
Бачу руки твої, моя мамо,
Твою ласку я чую, рідненька.

Я розлуки і зустрічі знаю,
Бачив я у чужій стороні
Чорнобривці із рідного краю,
Що насіяла ти навесні.

Приспів.

Прилітають до нашого поля
Із далеких країв журавлі,
Розцвітають і квіти, і доля
На моїй українській землі.

Приспів.','["pisni.org.ua", "cat:patriotic", "cat:pro-batkiv", "Патріотичні пісні", "Пісні про любов до батьків"]',1,'published',COALESCE((SELECT created_at FROM songs WHERE id='pisniua_3101962'), datetime('now')),datetime('now'));
INSERT OR REPLACE INTO songs_fts(song_id,title,lyrics) VALUES ('pisniua_3101962','Чорнобривці','Чорнобривців насіяла мати.
У моїм світанковім краю,
Am          Е            Аm
Та й навчила веснянки співати
Про квітучу надію свою.

Приспів:
Як на ті чорнобривці погляну,
Бачу матір стареньку,
Бачу руки твої, моя мамо,
Твою ласку я чую, рідненька.

Я розлуки і зустрічі знаю,
Бачив я у чужій стороні
Чорнобривці із рідного краю,
Що насіяла ти навесні.

Приспів.

Прилітають до нашого поля
Із далеких країв журавлі,
Розцвітають і квіти, і доля
На моїй українській землі.

Приспів.');
INSERT OR REPLACE INTO song_links (id,song_id,title,url,kind,version_id,sort_order) VALUES ('pisniua_3101962_l1','pisniua_3101962','YouTube','https://www.youtube.com/watch?v=M9AcyyJYTtQ','video',NULL,1);
INSERT OR REPLACE INTO songs (id,title,subtitle,lang,country,period,year,source,notes,lyrics,tags_json,lang_locked,status,created_at,updated_at) VALUES ('pisniua_29890','Повір очам','Музика: Володимир Івасюк Слова: Володимир Кудрявцев. Виконує: Піккардійська Терція','uk','ukraine_1991',NULL,NULL,'http://ivasyuk.domivka.net/',NULL,'Чому ти не віриш моїм очам
І погляд свій рониш долу?
А я сподівалась в розлуці, що нам
Довіра не зрадить ніколи.

Приспів:
Глянь же в очі
І мені ти знов повіриш.
Знай, що серцю
Все вони розкажуть щиро,
Бо в коханні
Очі знають серця мову.
Глянь,
І ти повіриш знову.

Птахи відлітають і їх не спинить, —
Чи можеш ти біль їх збагнути?
Хоч твій погляд — як мить,
Але спогад щемить
В моїм серці, як пісня забута.

Приспів.

Повір цим очам і, як сон, промайне
Той сумнів, що душу бентежить.
За тобою піду, як покличеш мене
У життя, у степ безмежний.

Приспів.','["pisni.org.ua", "cat:dances", "cat:tango", "Пісні до танцю", "Танґо"]',1,'published',COALESCE((SELECT created_at FROM songs WHERE id='pisniua_29890'), datetime('now')),datetime('now'));
INSERT OR REPLACE INTO songs_fts(song_id,title,lyrics) VALUES ('pisniua_29890','Повір очам','Чому ти не віриш моїм очам
І погляд свій рониш долу?
А я сподівалась в розлуці, що нам
Довіра не зрадить ніколи.

Приспів:
Глянь же в очі
І мені ти знов повіриш.
Знай, що серцю
Все вони розкажуть щиро,
Бо в коханні
Очі знають серця мову.
Глянь,
І ти повіриш знову.

Птахи відлітають і їх не спинить, —
Чи можеш ти біль їх збагнути?
Хоч твій погляд — як мить,
Але спогад щемить
В моїм серці, як пісня забута.

Приспів.

Повір цим очам і, як сон, промайне
Той сумнів, що душу бентежить.
За тобою піду, як покличеш мене
У життя, у степ безмежний.

Приспів.');
INSERT OR REPLACE INTO songs (id,title,subtitle,lang,country,period,year,source,notes,lyrics,tags_json,lang_locked,status,created_at,updated_at) VALUES ('pisniua_31020','Поїзд у Варшаву','Музика: Володимир Верменич Слова: Ліна Костенко. Виконує: Наталя Криничанка','uk','ukraine_1991',NULL,NULL,'1. текст - Пісневир: Молодіжний співаник.- Львів, 2001; 2. аудіо - Наталка Криничанка. "Я кохаю цього чоловіка". 1997.','Цей варіант пісні від Наталі Криничанки дещо відрізняється від авторського варіанту. * Тут текст польською "Komu co do tego, ze my tak kochamy..." читається так: "Кому цо до теґо, же ми так кохами..." Ця пісня увійшла в аудіо-альбом (CD) "Я кохаю цього чоловіка". З питаннями щодо придбання альбому та з пропозиціями щодо музичної співпраці звертайтесь за адресою etra@ukr.net або залишайте повідомлення на сторінці "Українські пісні: Наталя Криничанка". Підбір акордів: bohdanko','Вступ:  Dm Gm C Dm
Поїзд у Варшаву   спогади навіяв.
Я на Україні згадую тебе.
Ти співав для мене пісню вечорами:          |
"Komu co do tego,   ze my tak kochamy..." * |
Я люблю, коханий, Київ і Варшаву,
Але батьківщина в кожного своя.
Як тебе згадаю - забринить сльозами:      | (2)
"Komu co do tego, ze my tak kochamy..."   |
Програш (як Вступ).
Поїзд у Варшаву йде крізь моє серце,
Сто доріг між нами, а печаль одна.
І минають роки, роки за роками...         | (2)
Komu co do tego, ze my tak kochamy...     |
Програш (як Вступ).','["pisni.org.ua", "cat:bardivski", "cat:nostalgia", "cat:philosophic", "cat:romansy", "Бардівські пісні", "Пісні з ностальгічними мотивами", "Філософські пісні", "Романси"]',1,'published',COALESCE((SELECT created_at FROM songs WHERE id='pisniua_31020'), datetime('now')),datetime('now'));
INSERT OR REPLACE INTO songs_fts(song_id,title,lyrics) VALUES ('pisniua_31020','Поїзд у Варшаву','Вступ:  Dm Gm C Dm
Поїзд у Варшаву   спогади навіяв.
Я на Україні згадую тебе.
Ти співав для мене пісню вечорами:          |
"Komu co do tego,   ze my tak kochamy..." * |
Я люблю, коханий, Київ і Варшаву,
Але батьківщина в кожного своя.
Як тебе згадаю - забринить сльозами:      | (2)
"Komu co do tego, ze my tak kochamy..."   |
Програш (як Вступ).
Поїзд у Варшаву йде крізь моє серце,
Сто доріг між нами, а печаль одна.
І минають роки, роки за роками...         | (2)
Komu co do tego, ze my tak kochamy...     |
Програш (як Вступ).');
INSERT OR REPLACE INTO song_links (id,song_id,title,url,kind,version_id,sort_order) VALUES ('pisniua_31020_l1','pisniua_31020','YouTube','https://www.youtube.com/watch?v=rYNjD5PwqhE','video',NULL,1);
INSERT OR REPLACE INTO song_links (id,song_id,title,url,kind,version_id,sort_order) VALUES ('pisniua_31020_l2','pisniua_31020','Переглянути варіанти >>','https://www.pisni.org.ua/#variants','external',NULL,2);
INSERT OR REPLACE INTO songs (id,title,subtitle,lang,country,period,year,source,notes,lyrics,tags_json,lang_locked,status,created_at,updated_at) VALUES ('pisniua_3102727','Ой даєш мні, моя мамо','Українська народна пісня. Виконує: Софія Практика','uk','ukraine_before_1917',NULL,NULL,'Практика Софія Михайлівна; село Деревні, Жовківський район, Львівська область.','Транскрипція тексту: Катерина Практика Весілля у селі Деревні Жовківського району Львівської області','Ой даєш мні, моя мамо, ой даєш, ой даєш,
Чого ж ти сі, моя мамо, його не питаєш:

(Чого його не питаєш) Як то мені буде,
Чи він мене молоденьку пустить межи люди','["pisni.org.ua", "cat:halycki", "Пісні з Галичини"]',1,'published',COALESCE((SELECT created_at FROM songs WHERE id='pisniua_3102727'), datetime('now')),datetime('now'));
INSERT OR REPLACE INTO songs_fts(song_id,title,lyrics) VALUES ('pisniua_3102727','Ой даєш мні, моя мамо','Ой даєш мні, моя мамо, ой даєш, ой даєш,
Чого ж ти сі, моя мамо, його не питаєш:

(Чого його не питаєш) Як то мені буде,
Чи він мене молоденьку пустить межи люди');
INSERT OR REPLACE INTO songs (id,title,subtitle,lang,country,period,year,source,notes,lyrics,tags_json,lang_locked,status,created_at,updated_at) VALUES ('pisniua_3102121','Мій Києве-граде','Музика: Анатолій Матвійчук Слова: Анатолій Матвійчук. Виконує: Анатолій Матвійчук','uk','ukraine_1991',NULL,NULL,'аудіозапис',NULL,'Ранкове проміння скрадається тихо,
Туманом клубочаться вранішні сни,
Читаю Тебе, як розгорнуту книгу
Мій Києве славний, мій граде ясний!
Святковий Майдан і зелений Хрещатик,
Софія, Печерськ і прадавній Поділ -
Я ними з дитинства учився пишатись,
Я місто своє назавжди полюбив!

Приспів:
Мій Києве-граде, мій сонячний брате,
Ти крила розкинув над сивим Дніпром,
Тобі вікувати, Тобі панувати,
Тобі за добро воздавати добром!
Мій Києве-граде, приймаєш Ти радо
Гостей із далеких держав і країн,
Хай різних чудес на землі так багато,
А Ти в моїм серці навіки один!

Ти бачив немало і щастя, і горя,
Тебе вороги руйнували не раз,
Та рвались у небо дзвіниці соборів
І промінь надії у серці не згас,
І віра Твоя незборима й вічна
З Тобою була в лабіринтах століть,
Ти з попелу днів, наче Фенікс магічний,
Щоразу злітав у небесну блакить!

Приспів.

Ти - місто добра, Ти - столиця любові,
Майбутнє Твоє, як зоря устає.
У жилах Твоїх я лиш крапелька крові,
А Ти — нескінченне натхнення моє!
В Тобі наша доля, в Тобі наша слава,
В Тобі наша вічність і наші серця,
І всі покоління моєї держави
Читатимуть глави Твої без кінця.

Приспів.

А Ти в моїм серці навіки один!','["pisni.org.ua", "cat:kyyiv", "Пісні про Київ"]',1,'published',COALESCE((SELECT created_at FROM songs WHERE id='pisniua_3102121'), datetime('now')),datetime('now'));
INSERT OR REPLACE INTO songs_fts(song_id,title,lyrics) VALUES ('pisniua_3102121','Мій Києве-граде','Ранкове проміння скрадається тихо,
Туманом клубочаться вранішні сни,
Читаю Тебе, як розгорнуту книгу
Мій Києве славний, мій граде ясний!
Святковий Майдан і зелений Хрещатик,
Софія, Печерськ і прадавній Поділ -
Я ними з дитинства учився пишатись,
Я місто своє назавжди полюбив!

Приспів:
Мій Києве-граде, мій сонячний брате,
Ти крила розкинув над сивим Дніпром,
Тобі вікувати, Тобі панувати,
Тобі за добро воздавати добром!
Мій Києве-граде, приймаєш Ти радо
Гостей із далеких держав і країн,
Хай різних чудес на землі так багато,
А Ти в моїм серці навіки один!

Ти бачив немало і щастя, і горя,
Тебе вороги руйнували не раз,
Та рвались у небо дзвіниці соборів
І промінь надії у серці не згас,
І віра Твоя незборима й вічна
З Тобою була в лабіринтах століть,
Ти з попелу днів, наче Фенікс магічний,
Щоразу злітав у небесну блакить!

Приспів.

Ти - місто добра, Ти - столиця любові,
Майбутнє Твоє, як зоря устає.
У жилах Твоїх я лиш крапелька крові,
А Ти — нескінченне натхнення моє!
В Тобі наша доля, в Тобі наша слава,
В Тобі наша вічність і наші серця,
І всі покоління моєї держави
Читатимуть глави Твої без кінця.

Приспів.

А Ти в моїм серці навіки один!');
INSERT OR REPLACE INTO songs (id,title,subtitle,lang,country,period,year,source,notes,lyrics,tags_json,lang_locked,status,created_at,updated_at) VALUES ('pisniua_3102560','Кропи нас, матінонько','Українська народна пісня. Виконує: Софія Практика','uk','ukraine_before_1917',NULL,NULL,'1. Практика Софія Михайлівна; село Деревні, Жовківський район, Львівська область.','Транскрипція тексту: Катерина Практика Транскрипція нотна: Андрій Вовчак Весілля у селі Деревні Жовківського району Львівської області','Кропи нас, матінонько,
Кропи нас, матінонько,
Свяченою водою.

Свяченою водою,
Свяченою водою,
Доброю доленькою','["pisni.org.ua", "cat:halycki", "cat:vesilni", "Пісні з Галичини", "Весільні пісні"]',1,'published',COALESCE((SELECT created_at FROM songs WHERE id='pisniua_3102560'), datetime('now')),datetime('now'));
INSERT OR REPLACE INTO songs_fts(song_id,title,lyrics) VALUES ('pisniua_3102560','Кропи нас, матінонько','Кропи нас, матінонько,
Кропи нас, матінонько,
Свяченою водою.

Свяченою водою,
Свяченою водою,
Доброю доленькою');
INSERT OR REPLACE INTO songs (id,title,subtitle,lang,country,period,year,source,notes,lyrics,tags_json,lang_locked,status,created_at,updated_at) VALUES ('pisniua_3100929','Ой, ти, місяцю-зоре','Українська народна пісня. Виконує: Михайло Гришко','uk','ukraine_before_1917',NULL,NULL,'аудіозапис',NULL,'Ой, ти, місяцю-зоре,
Ти зайди за комору,
Там десь моя миленькая
Та пшениченьку поле.

Ой, ти, місяцю-зоре,
Та світи на все поле,
Там десь моя миленькая
Та пшениченьку поле.

Вона поле та все поле,
Та все кукіль вибирає,
Кукіль вона вибирає,
На сонечко поглядає.

Кукіль вона вибирає,
На сонечко поглядає,
Чи високо соколонько
У небі літає','["pisni.org.ua", "cat:all-ukraine", "Загальноукраїнські пісні"]',1,'published',COALESCE((SELECT created_at FROM songs WHERE id='pisniua_3100929'), datetime('now')),datetime('now'));
INSERT OR REPLACE INTO songs_fts(song_id,title,lyrics) VALUES ('pisniua_3100929','Ой, ти, місяцю-зоре','Ой, ти, місяцю-зоре,
Ти зайди за комору,
Там десь моя миленькая
Та пшениченьку поле.

Ой, ти, місяцю-зоре,
Та світи на все поле,
Там десь моя миленькая
Та пшениченьку поле.

Вона поле та все поле,
Та все кукіль вибирає,
Кукіль вона вибирає,
На сонечко поглядає.

Кукіль вона вибирає,
На сонечко поглядає,
Чи високо соколонько
У небі літає');
INSERT OR REPLACE INTO songs (id,title,subtitle,lang,country,period,year,source,notes,lyrics,tags_json,lang_locked,status,created_at,updated_at) VALUES ('pisniua_29990','Я ще не все тобі сказав','Музика: Володимир Івасюк Слова: Степан Пушик. Виконує: Назарій Яремчук, Віктор Шпортько','uk','ukraine_1991',NULL,NULL,'http://ivasyuk.domivka.net/',NULL,'Повіяв буйний вітер із-за гір,
І тане сніг, немов горить папір.
Біжать струмки, біжать серед зими
По тих стежках, куди ходили ми.

Приспів:
То не весна — не вір струмкам, кохана,
Бо теплий вітер в січні, то омана —
Ще будуть заметілі, ще будуть сніговії,
Не вір вітрам, бо квіти їм не вірять.
Прийде весна і всюди крига скресне,
Не вір вітрам, не вір словам облесним.
І буде наша зустріч за зимою,
Ще буду я з тобою, ти — зі мною.

У небі вітер накосив дощів,
Сказати я тобі давно хотів,
Аби слова, холодні та гіркі,
В далеке море занесли струмки.

Повіяв буйний вітер, заспівав,
Я ще не все, не все тобі сказав.
Поклич мене — я по тонкім льоду
До тебе знов дорогу віднайду.

Приспів','["pisni.org.ua", "cat:krasa-pryrody", "Пісні про красу природи"]',1,'published',COALESCE((SELECT created_at FROM songs WHERE id='pisniua_29990'), datetime('now')),datetime('now'));
INSERT OR REPLACE INTO songs_fts(song_id,title,lyrics) VALUES ('pisniua_29990','Я ще не все тобі сказав','Повіяв буйний вітер із-за гір,
І тане сніг, немов горить папір.
Біжать струмки, біжать серед зими
По тих стежках, куди ходили ми.

Приспів:
То не весна — не вір струмкам, кохана,
Бо теплий вітер в січні, то омана —
Ще будуть заметілі, ще будуть сніговії,
Не вір вітрам, бо квіти їм не вірять.
Прийде весна і всюди крига скресне,
Не вір вітрам, не вір словам облесним.
І буде наша зустріч за зимою,
Ще буду я з тобою, ти — зі мною.

У небі вітер накосив дощів,
Сказати я тобі давно хотів,
Аби слова, холодні та гіркі,
В далеке море занесли струмки.

Повіяв буйний вітер, заспівав,
Я ще не все, не все тобі сказав.
Поклич мене — я по тонкім льоду
До тебе знов дорогу віднайду.

Приспів');
INSERT OR REPLACE INTO songs (id,title,subtitle,lang,country,period,year,source,notes,lyrics,tags_json,lang_locked,status,created_at,updated_at) VALUES ('pisniua_299461','Весь світ звеселився','Музика: О. Калищук Слова: О. Калищук. Виконує: Народний хор Україна','uk','ukraine_before_1917',NULL,NULL,NULL,NULL,'Весь світ звеселився,
Святкують всі кругом.
Христос народився,
Славмо Його.

Приспів:
Христос, Христос народився!  |
Славім, славімо Його!        | (2)

Вітаймо всі нині
Один одного.
Христос народився.
Славімо Його.

Приспів.

Співаймо, радіймо,
Тужити нам чого?
Христос народився.
Славімо Його.

Приспів.','["pisni.org.ua", "cat:kolyadky", "cat:shchedrivky", "cat:suchasni-pisni-rizdvo", "Колядки", "Щедрівки", "Сучасні пісні про Різдвяні свята"]',1,'published',COALESCE((SELECT created_at FROM songs WHERE id='pisniua_299461'), datetime('now')),datetime('now'));
INSERT OR REPLACE INTO songs_fts(song_id,title,lyrics) VALUES ('pisniua_299461','Весь світ звеселився','Весь світ звеселився,
Святкують всі кругом.
Христос народився,
Славмо Його.

Приспів:
Христос, Христос народився!  |
Славім, славімо Його!        | (2)

Вітаймо всі нині
Один одного.
Христос народився.
Славімо Його.

Приспів.

Співаймо, радіймо,
Тужити нам чого?
Христос народився.
Славімо Його.

Приспів.');
INSERT OR REPLACE INTO songs (id,title,subtitle,lang,country,period,year,source,notes,lyrics,tags_json,lang_locked,status,created_at,updated_at) VALUES ('pisniua_310020','Несе Галя воду','Українська народна пісня. Виконує: Тріо Мареничів, Таїсія Повалій','uk','ukraine_before_1917',NULL,NULL,'"Жемчужины Украины", М.,2002;Изд."Современная музыка"',NULL,'Несе Галя воду,
Коромисло гнеться,
За нею Іванко,         |
Як барвінок, в''ється.  |

- Галю ж моя Галю,
Дай води напиться,
Ти така хороша -       |
Дай хоч подивиться!    | (2)

- Вода у криниці,
Піди тай напийся,
Як буду в садочку -    |
Прийди подивися.       | (2)

- Прийшов у садочок,
Зозуля кувала,
А ти ж  мене, Галю,    |
Та й не шанувала.      | (2)

- Стелися, барвінку,-
Буду поливати,
Вернися, Іванку,-      |
Буду шанувати.         | (2)

- Скільки не стелився,
Ти не поливала,
Скільки не вертався,   |
Ти не шанувала.        | (2)','["pisni.org.ua", "cat:lirychni", "cat:narodni", "Пісні про кохання, ліричні", "Народні пісні"]',1,'published',COALESCE((SELECT created_at FROM songs WHERE id='pisniua_310020'), datetime('now')),datetime('now'));
INSERT OR REPLACE INTO songs_fts(song_id,title,lyrics) VALUES ('pisniua_310020','Несе Галя воду','Несе Галя воду,
Коромисло гнеться,
За нею Іванко,         |
Як барвінок, в''ється.  |

- Галю ж моя Галю,
Дай води напиться,
Ти така хороша -       |
Дай хоч подивиться!    | (2)

- Вода у криниці,
Піди тай напийся,
Як буду в садочку -    |
Прийди подивися.       | (2)

- Прийшов у садочок,
Зозуля кувала,
А ти ж  мене, Галю,    |
Та й не шанувала.      | (2)

- Стелися, барвінку,-
Буду поливати,
Вернися, Іванку,-      |
Буду шанувати.         | (2)

- Скільки не стелився,
Ти не поливала,
Скільки не вертався,   |
Ти не шанувала.        | (2)');
INSERT OR REPLACE INTO song_links (id,song_id,title,url,kind,version_id,sort_order) VALUES ('pisniua_310020_l1','pisniua_310020','YouTube','https://www.youtube.com/watch?v=lP7XmvN353s','video',NULL,1);
INSERT OR REPLACE INTO song_links (id,song_id,title,url,kind,version_id,sort_order) VALUES ('pisniua_310020_l2','pisniua_310020','YouTube','https://www.youtube.com/watch?v=1bkgAiBWSj0','video',NULL,2);
INSERT OR REPLACE INTO song_links (id,song_id,title,url,kind,version_id,sort_order) VALUES ('pisniua_310020_l3','pisniua_310020','YouTube','https://www.youtube.com/watch?v=jxb6BNYiWSE','video',NULL,3);
INSERT OR REPLACE INTO song_links (id,song_id,title,url,kind,version_id,sort_order) VALUES ('pisniua_310020_l4','pisniua_310020','YouTube','https://www.youtube.com/watch?v=WOZ0bmeqErE','video',NULL,4);
INSERT OR REPLACE INTO song_links (id,song_id,title,url,kind,version_id,sort_order) VALUES ('pisniua_310020_l5','pisniua_310020','YouTube','https://www.youtube.com/watch?v=xL3ENbtOdAk','video',NULL,5);
INSERT OR REPLACE INTO song_links (id,song_id,title,url,kind,version_id,sort_order) VALUES ('pisniua_310020_l6','pisniua_310020','YouTube','https://www.youtube.com/watch?v=ZRoXf-zn2fg','video',NULL,6);
INSERT OR REPLACE INTO song_links (id,song_id,title,url,kind,version_id,sort_order) VALUES ('pisniua_310020_l7','pisniua_310020','YouTube','https://www.youtube.com/watch?v=dhlH3KEDCAE','video',NULL,7);
INSERT OR REPLACE INTO song_links (id,song_id,title,url,kind,version_id,sort_order) VALUES ('pisniua_310020_l8','pisniua_310020','YouTube','https://www.youtube.com/watch?v=jlEgAHajitM','video',NULL,8);
INSERT OR REPLACE INTO songs (id,title,subtitle,lang,country,period,year,source,notes,lyrics,tags_json,lang_locked,status,created_at,updated_at) VALUES ('pisniua_3103929','Збирайтеся всі ягодоньки з бору','Українська народна пісня. Виконує: Берви','uk','ukraine_before_1917',NULL,NULL,'аудіозапис',NULL,'Збирайтеся всі ягодоньки з бору,
Ми підемо з раннячка до дому.

Збирайтеся чорні й зеленькі,
Ми підемо до дому молоденькі.

Як я була в свого батька дівкою,
Вмивалася щоденька горілкой.

Як пушла од свого до чужого,
Вмивалася щоденька сльозойкой.

Ти, дівчино, ти чужа за волокой,
Не стели постели широкой.

Но постели постелейку вузейко,
Пригорнися, моє любе сердейко.','["pisni.org.ua", "cat:poliski", "Пісні з Полісся"]',1,'published',COALESCE((SELECT created_at FROM songs WHERE id='pisniua_3103929'), datetime('now')),datetime('now'));
INSERT OR REPLACE INTO songs_fts(song_id,title,lyrics) VALUES ('pisniua_3103929','Збирайтеся всі ягодоньки з бору','Збирайтеся всі ягодоньки з бору,
Ми підемо з раннячка до дому.

Збирайтеся чорні й зеленькі,
Ми підемо до дому молоденькі.

Як я була в свого батька дівкою,
Вмивалася щоденька горілкой.

Як пушла од свого до чужого,
Вмивалася щоденька сльозойкой.

Ти, дівчино, ти чужа за волокой,
Не стели постели широкой.

Но постели постелейку вузейко,
Пригорнися, моє любе сердейко.');
INSERT OR REPLACE INTO songs (id,title,subtitle,lang,country,period,year,source,notes,lyrics,tags_json,lang_locked,status,created_at,updated_at) VALUES ('pisniua_3103168','Хваліть ім''я Господнє','Музика: Кирило Стеценко Слова: народні. Виконує: Хор імені Григорія Верьовки','uk','ukraine_before_1917',NULL,NULL,'аудіозапис',NULL,'Хваліть ім''я Господнє,
Хваліть раби Господні,
Раби Господні!
Алилуя! Алилуя!
Алилуя...

Благословенний Господній
Світ Сіону,
Що живе в Єрусалимі,
В Єрусалимі!
Алилуя! Алилуя!
Алилуя...

Прославляйте Господа,
Бо Він милосердний,
Бо велика ласка Його,
Ласка Його!
Алилуя! Алилуя!
Алилуя...

Прославляйте Бога Небесного,
Бо велика ласка Його,
Ласка Його!
Алилуя! Алилуя!
Алилуя...','["pisni.org.ua", "cat:cerkovni", "Церковні пісні"]',1,'published',COALESCE((SELECT created_at FROM songs WHERE id='pisniua_3103168'), datetime('now')),datetime('now'));
INSERT OR REPLACE INTO songs_fts(song_id,title,lyrics) VALUES ('pisniua_3103168','Хваліть ім''я Господнє','Хваліть ім''я Господнє,
Хваліть раби Господні,
Раби Господні!
Алилуя! Алилуя!
Алилуя...

Благословенний Господній
Світ Сіону,
Що живе в Єрусалимі,
В Єрусалимі!
Алилуя! Алилуя!
Алилуя...

Прославляйте Господа,
Бо Він милосердний,
Бо велика ласка Його,
Ласка Його!
Алилуя! Алилуя!
Алилуя...

Прославляйте Бога Небесного,
Бо велика ласка Його,
Ласка Його!
Алилуя! Алилуя!
Алилуя...');
INSERT OR REPLACE INTO songs (id,title,subtitle,lang,country,period,year,source,notes,lyrics,tags_json,lang_locked,status,created_at,updated_at) VALUES ('pisniua_3104364','Ой, у полі плужок оре','Українська народна пісня','uk','ukraine_before_1917',NULL,NULL,'аудіозапис',NULL,'Ой, у полі плужок оре,
Щедрий вечір, Добрий вечір,
Добрим людям на здоров''я!

Там Василько з плужком ходить,
Щедрий вечір, Добрий вечір,
Добрим людям на здоров''я!

Йому мати їсти носить,
Щедрий вечір, Добрий вечір,
Добрим людям на здоров''я!

Ори, синку, тую нивку,
Щедрий вечір, Добрий вечір,
Добрим людям на здоров''я!

Та й посієм пшениченьку,
Щедрий вечір, Добрий вечір,
Добрим людям на здоров''я!','["pisni.org.ua", "cat:shchedrivky", "Щедрівки"]',1,'published',COALESCE((SELECT created_at FROM songs WHERE id='pisniua_3104364'), datetime('now')),datetime('now'));
INSERT OR REPLACE INTO songs_fts(song_id,title,lyrics) VALUES ('pisniua_3104364','Ой, у полі плужок оре','Ой, у полі плужок оре,
Щедрий вечір, Добрий вечір,
Добрим людям на здоров''я!

Там Василько з плужком ходить,
Щедрий вечір, Добрий вечір,
Добрим людям на здоров''я!

Йому мати їсти носить,
Щедрий вечір, Добрий вечір,
Добрим людям на здоров''я!

Ори, синку, тую нивку,
Щедрий вечір, Добрий вечір,
Добрим людям на здоров''я!

Та й посієм пшениченьку,
Щедрий вечір, Добрий вечір,
Добрим людям на здоров''я!');
INSERT OR REPLACE INTO song_links (id,song_id,title,url,kind,version_id,sort_order) VALUES ('pisniua_3104364_l1','pisniua_3104364','YouTube','https://www.youtube.com/watch?v=I9ICljStqvA','video',NULL,1);
INSERT OR REPLACE INTO songs (id,title,subtitle,lang,country,period,year,source,notes,lyrics,tags_json,lang_locked,status,created_at,updated_at) VALUES ('pisniua_299767','Колискова','(Ти іще в колисці, дівчинонько-квітко...). Українська народна пісня. Виконує: Ігор Богдан','uk','ukraine_before_1917',NULL,NULL,'аудіозапис',NULL,'Ти іще в колисці, дівчинонько-квітко,
Ти зовсім недавно в білий світ прийшла.
Я тобі співаю батьківську науку, |
Слухай добре і рости красна.     | (2)

Над тобою, доню, небо синє-синє,
Під тобою, люба, стиглі пшениці.
Знай, то образ вічний нашого народу
І його не стерти із лиця землі.
Знай, то образ вічний нашого народу
І його не стерти із землі.

Хай в твойому, доню, серденьку малому
Зріє віра в Бога, святиться весна.
Пам''ятай, що наша доля - Україна
І вона єдина, виростай щасна.
Пам''ятай, що наша доля - Україна
І вона єдина, і щасна.','["pisni.org.ua", "cat:kolyskovi", "Колискові"]',1,'published',COALESCE((SELECT created_at FROM songs WHERE id='pisniua_299767'), datetime('now')),datetime('now'));
INSERT OR REPLACE INTO songs_fts(song_id,title,lyrics) VALUES ('pisniua_299767','Колискова','Ти іще в колисці, дівчинонько-квітко,
Ти зовсім недавно в білий світ прийшла.
Я тобі співаю батьківську науку, |
Слухай добре і рости красна.     | (2)

Над тобою, доню, небо синє-синє,
Під тобою, люба, стиглі пшениці.
Знай, то образ вічний нашого народу
І його не стерти із лиця землі.
Знай, то образ вічний нашого народу
І його не стерти із землі.

Хай в твойому, доню, серденьку малому
Зріє віра в Бога, святиться весна.
Пам''ятай, що наша доля - Україна
І вона єдина, виростай щасна.
Пам''ятай, що наша доля - Україна
І вона єдина, і щасна.');
INSERT OR REPLACE INTO song_links (id,song_id,title,url,kind,version_id,sort_order) VALUES ('pisniua_299767_l1','pisniua_299767','YouTube','https://www.youtube.com/watch?v=ymZ7pDVOeM8','video',NULL,1);
INSERT OR REPLACE INTO songs (id,title,subtitle,lang,country,period,year,source,notes,lyrics,tags_json,lang_locked,status,created_at,updated_at) VALUES ('pisniua_3103626','Бувайте здорові!','Українська народна пісня. Виконує: Вогневир','uk','ukraine_before_1917',NULL,NULL,'аудіозапис',NULL,'Бувайте здорові!
Ми вже ідемо,
Вам за коляду
Дякуємо.

Дай, Бог,
Діждати року Нового,
Ми іще прийдемо
До дому цього!

Дай, Бог,
Діждати року Нового,
Ми іще прийдемо
До дому цього!

Христос ся Рождає!','["pisni.org.ua", "cat:christian", "cat:kolyadky", "Пісні на християнську тематику", "Колядки"]',1,'published',COALESCE((SELECT created_at FROM songs WHERE id='pisniua_3103626'), datetime('now')),datetime('now'));
INSERT OR REPLACE INTO songs_fts(song_id,title,lyrics) VALUES ('pisniua_3103626','Бувайте здорові!','Бувайте здорові!
Ми вже ідемо,
Вам за коляду
Дякуємо.

Дай, Бог,
Діждати року Нового,
Ми іще прийдемо
До дому цього!

Дай, Бог,
Діждати року Нового,
Ми іще прийдемо
До дому цього!

Христос ся Рождає!');
INSERT OR REPLACE INTO song_links (id,song_id,title,url,kind,version_id,sort_order) VALUES ('pisniua_3103626_l1','pisniua_3103626','YouTube','https://www.youtube.com/watch?v=Xa0rfOqTO5M','video',NULL,1);
INSERT OR REPLACE INTO songs (id,title,subtitle,lang,country,period,year,source,notes,lyrics,tags_json,lang_locked,status,created_at,updated_at) VALUES ('pisniua_3106020','Розмарія','Українська народна пісня','uk','ukraine_before_1917',NULL,NULL,'http://www.pisennyk.kgb.pl/',NULL,'Гандзю не дрімай двері отверай,
Пусти н''я на заградку.

Приспів:
Розмарія і лелія на біло розцвітала ,
Наша Ганічка лем за Янічка,
Би ся видавала.

Ой в лісі, в лісі, в лісі на дубі,
Зозуля кувала.
Так мі повідала, так мі повідала
Моєй фраіркі мати:
Же вона мі не дасть, же вона мі не дасть
Гандзі за жену взяти.

Приспів.

Як вона мі не хце, як вона мі не хце
Гандзю за жену дати,
Буду я Ганічку, буду я Ганічку,
З корчмичкі виганять.

Приспів.

Як ім ся сповідав, як ім ся сповідав
Так мі ксіондз повідав:
Як не маш фраіркі, як не маш фраіркі
Щоб си її пригадать?','["pisni.org.ua", "cat:lemkivski", "Лемківські пісні"]',1,'published',COALESCE((SELECT created_at FROM songs WHERE id='pisniua_3106020'), datetime('now')),datetime('now'));
INSERT OR REPLACE INTO songs_fts(song_id,title,lyrics) VALUES ('pisniua_3106020','Розмарія','Гандзю не дрімай двері отверай,
Пусти н''я на заградку.

Приспів:
Розмарія і лелія на біло розцвітала ,
Наша Ганічка лем за Янічка,
Би ся видавала.

Ой в лісі, в лісі, в лісі на дубі,
Зозуля кувала.
Так мі повідала, так мі повідала
Моєй фраіркі мати:
Же вона мі не дасть, же вона мі не дасть
Гандзі за жену взяти.

Приспів.

Як вона мі не хце, як вона мі не хце
Гандзю за жену дати,
Буду я Ганічку, буду я Ганічку,
З корчмичкі виганять.

Приспів.

Як ім ся сповідав, як ім ся сповідав
Так мі ксіондз повідав:
Як не маш фраіркі, як не маш фраіркі
Щоб си її пригадать?');
INSERT OR REPLACE INTO song_links (id,song_id,title,url,kind,version_id,sort_order) VALUES ('pisniua_3106020_l1','pisniua_3106020','Переглянути варіанти >>','https://www.pisni.org.ua/#variants','external',NULL,1);
INSERT OR REPLACE INTO songs (id,title,subtitle,lang,country,period,year,source,notes,lyrics,tags_json,lang_locked,status,created_at,updated_at) VALUES ('pisniua_3104065','Ой важив я на дівчину','Українська народна пісня. Виконує: Софія Практика','uk','ukraine_before_1917',NULL,NULL,'Практика Софія Михайлівна; село Деревні, Жовківський район, Львівська область.','Транскрипція тексту: Катерина Практика Весілля у селі Деревні Жовківського району Львівської області Це переспівки, жартівливі пісні, що виконуються під час рогатки (викупу молодої молодим)','Ой важив я на дівчину, як на тую рибку.
Мати хату засувала, а я вибив шибку.

Не засувай мати хати ще й переді мною,
Бо я тобі вікна виб''ю за дівчину свою,

Засунь си комору,
Бо я тобі вікна виб''ю за дівчину свою','["pisni.org.ua", "cat:halycki", "Пісні з Галичини"]',1,'published',COALESCE((SELECT created_at FROM songs WHERE id='pisniua_3104065'), datetime('now')),datetime('now'));
INSERT OR REPLACE INTO songs_fts(song_id,title,lyrics) VALUES ('pisniua_3104065','Ой важив я на дівчину','Ой важив я на дівчину, як на тую рибку.
Мати хату засувала, а я вибив шибку.

Не засувай мати хати ще й переді мною,
Бо я тобі вікна виб''ю за дівчину свою,

Засунь си комору,
Бо я тобі вікна виб''ю за дівчину свою');
INSERT OR REPLACE INTO songs (id,title,subtitle,lang,country,period,year,source,notes,lyrics,tags_json,lang_locked,status,created_at,updated_at) VALUES ('pisniua_310467','Вода','Музика: Танок на майдані Конго Слова: Танок на майдані Конго. Виконує: Танок на майдані Конго','uk','ukraine_1991',NULL,NULL,NULL,'Підбір акордів: Євген Шульга','У цього моря такий колір,
Em
як твого будинку номер
Я би приїхав, але мій ровер
Ще не вигадали, не зібрали,
не побудували шлях
Цей цвях тримає дах невдах

У цього моря таких подих,
як до очей долоні дотик
А море темне зовсім як твій поверх
Але сьогодні не тоді, зараз я не я
Ще одна з маленьких трагедій ще одного дня.

Приспів:

Все тече я гадав, що ти лише вода,
Все тече згори вниз все мине колись
Все тече я гадав, що ти лише вода,
Все тече згори вниз все мине колись

Сиджу на березі
Живий-здоровий, справи шито-крито
Ніяк не здогадатись, що мого туза побито
Що днями якось я,
я  Піду горами ляжу знаком оклику слідами напишу теж саме
жив, був, був, жив, не притягався, не служив
злітав одного разу але сам розібрав той пазл
розірвав малюнок, розібрав будинок підняв якоря
Одна з маленьких трагедій ще одного дня.

Все тече, я гадав, що ти лише вода,
Все тече згори вниз, все мине колись
Все тече, я гадав, що ти лише вода,
Все тече згори вниз, все мине колись

І як у кожній казці
все закінчується добре
всі герої
живуть до смерті на сніданок хлоп''я на вечерю мило
чужі трагедії він вона вони все просто як аз букі вєді
а я тоді пішов від моря
живий здоровий шито-крито
отримало давно минуле своє мито
не вигадавши ровера нікому не побудувати шлях
цей цвях тримає дах

Все тече, я гадав, що ти лише вода,
Все тече згори вниз, все мине колись
Все тече, а я гадав, що ти лише вода,
Все тече згори вниз, все мине колись

Все тече,
а я гадав, що ти вода, | (7)','["pisni.org.ua", "cat:philosophic", "Філософські пісні"]',1,'published',COALESCE((SELECT created_at FROM songs WHERE id='pisniua_310467'), datetime('now')),datetime('now'));
INSERT OR REPLACE INTO songs_fts(song_id,title,lyrics) VALUES ('pisniua_310467','Вода','У цього моря такий колір,
Em
як твого будинку номер
Я би приїхав, але мій ровер
Ще не вигадали, не зібрали,
не побудували шлях
Цей цвях тримає дах невдах

У цього моря таких подих,
як до очей долоні дотик
А море темне зовсім як твій поверх
Але сьогодні не тоді, зараз я не я
Ще одна з маленьких трагедій ще одного дня.

Приспів:

Все тече я гадав, що ти лише вода,
Все тече згори вниз все мине колись
Все тече я гадав, що ти лише вода,
Все тече згори вниз все мине колись

Сиджу на березі
Живий-здоровий, справи шито-крито
Ніяк не здогадатись, що мого туза побито
Що днями якось я,
я  Піду горами ляжу знаком оклику слідами напишу теж саме
жив, був, був, жив, не притягався, не служив
злітав одного разу але сам розібрав той пазл
розірвав малюнок, розібрав будинок підняв якоря
Одна з маленьких трагедій ще одного дня.

Все тече, я гадав, що ти лише вода,
Все тече згори вниз, все мине колись
Все тече, я гадав, що ти лише вода,
Все тече згори вниз, все мине колись

І як у кожній казці
все закінчується добре
всі герої
живуть до смерті на сніданок хлоп''я на вечерю мило
чужі трагедії він вона вони все просто як аз букі вєді
а я тоді пішов від моря
живий здоровий шито-крито
отримало давно минуле своє мито
не вигадавши ровера нікому не побудувати шлях
цей цвях тримає дах

Все тече, я гадав, що ти лише вода,
Все тече згори вниз, все мине колись
Все тече, а я гадав, що ти лише вода,
Все тече згори вниз, все мине колись

Все тече,
а я гадав, що ти вода, | (7)');
INSERT OR REPLACE INTO song_links (id,song_id,title,url,kind,version_id,sort_order) VALUES ('pisniua_310467_l1','pisniua_310467','YouTube','https://www.youtube.com/watch?v=eSdecdYKLlw','video',NULL,1);
INSERT OR REPLACE INTO songs (id,title,subtitle,lang,country,period,year,source,notes,lyrics,tags_json,lang_locked,status,created_at,updated_at) VALUES ('pisniua_3109929','Неподільна булава','Музика: Анатолій Сердюк Слова: Анатолій Рекубрацький. Виконує: Анатолій Сердюк','uk','ukraine_before_1917',NULL,NULL,'http://serduk.com.ua',NULL,'На великій Раді, котрій ми й не раді,
Старшина козача бралась за чуби:
Чи то наш отаман гетьманові зрадив,
Чи було, можливо, все там навпаки.
Ну, а ми - голота, ну, а ми - босота,
Нам немає діла до старшинських чвар.
Наливай, шинкарю, ще у борг нам чару!
Ну, а ти, кобзарю, гопака ушкварь!

Приспів:
Булави не можна поділити, хлопці,
Україну також не дамо ділить!
Доки буде жити дух наш запорозький,
Доти Україна буде в світі жить!

Це ж воно одвіку нам робилось в пику:
Старшина ізверху, збоку - вороги.
Запорожці й досі ходять голі й босі,
Але ми умієм віддавать борги.
Віддавали турку, віддавали ляху,
Коли було треба, то й Стамбул взяли.
Нас вели на палю, нас вели на плаху,
Але козарлюги знову ожили!

Приспів. (2)','["pisni.org.ua", "cat:kozacki", "Козацькі пісні"]',1,'published',COALESCE((SELECT created_at FROM songs WHERE id='pisniua_3109929'), datetime('now')),datetime('now'));
INSERT OR REPLACE INTO songs_fts(song_id,title,lyrics) VALUES ('pisniua_3109929','Неподільна булава','На великій Раді, котрій ми й не раді,
Старшина козача бралась за чуби:
Чи то наш отаман гетьманові зрадив,
Чи було, можливо, все там навпаки.
Ну, а ми - голота, ну, а ми - босота,
Нам немає діла до старшинських чвар.
Наливай, шинкарю, ще у борг нам чару!
Ну, а ти, кобзарю, гопака ушкварь!

Приспів:
Булави не можна поділити, хлопці,
Україну також не дамо ділить!
Доки буде жити дух наш запорозький,
Доти Україна буде в світі жить!

Це ж воно одвіку нам робилось в пику:
Старшина ізверху, збоку - вороги.
Запорожці й досі ходять голі й босі,
Але ми умієм віддавать борги.
Віддавали турку, віддавали ляху,
Коли було треба, то й Стамбул взяли.
Нас вели на палю, нас вели на плаху,
Але козарлюги знову ожили!

Приспів. (2)');
INSERT OR REPLACE INTO song_links (id,song_id,title,url,kind,version_id,sort_order) VALUES ('pisniua_3109929_l1','pisniua_3109929','YouTube','https://www.youtube.com/watch?v=uM0K2f4e0CE','video',NULL,1);
INSERT OR REPLACE INTO songs (id,title,subtitle,lang,country,period,year,source,notes,lyrics,tags_json,lang_locked,status,created_at,updated_at) VALUES ('pisniua_310929','Відправила message','Музика: Сергій Підкаура Слова: Сергій Підкаура. Виконує: Наталя Могилевська, Віталій Козловський','uk','ukraine_before_1917',NULL,NULL,'http://www.navsi100.com/','Виконують: Наталка Могилевська та Віталій Козловський (в дуеті) Anrzej: У первісному поданні автором музики була вказана Олена Корнєєва; після грунтовної перевірки в інтернеті автором музики і слів вказано Сергія Підкауру. Підбір акордів: bohdanko (pisni.org.ua)','Вступ: Cm Fm A# Gm

Cm    Fm              A# ...
Любов - це велика сила
Хтось істину відкрив
Ти так його хотіла,
Коли він говорив
Він брав її руками
Гарячу і смішну
Як дві зорі тілами
Зливалися в одну

Приспів:
Cm
Відправила message
Fm
Як море на весь екран
A#
Відправила message
Gm
Що все не правда і обман

Відправила message
Розбитого серця знак
Відправила message
Що я не хочу жити так

Коли він рано вийшов
Щоб більше не прийти
Її зустріла тиша
Очима сироти
Яку ніхто не хоче
Яка завжди одна
Які дві різні ночі
Щаслива і страшна

Приспів.','["pisni.org.ua", "cat:lirychni", "Пісні про кохання, ліричні"]',1,'published',COALESCE((SELECT created_at FROM songs WHERE id='pisniua_310929'), datetime('now')),datetime('now'));
INSERT OR REPLACE INTO songs_fts(song_id,title,lyrics) VALUES ('pisniua_310929','Відправила message','Вступ: Cm Fm A# Gm

Cm    Fm              A# ...
Любов - це велика сила
Хтось істину відкрив
Ти так його хотіла,
Коли він говорив
Він брав її руками
Гарячу і смішну
Як дві зорі тілами
Зливалися в одну

Приспів:
Cm
Відправила message
Fm
Як море на весь екран
A#
Відправила message
Gm
Що все не правда і обман

Відправила message
Розбитого серця знак
Відправила message
Що я не хочу жити так

Коли він рано вийшов
Щоб більше не прийти
Її зустріла тиша
Очима сироти
Яку ніхто не хоче
Яка завжди одна
Які дві різні ночі
Щаслива і страшна

Приспів.');
INSERT OR REPLACE INTO song_links (id,song_id,title,url,kind,version_id,sort_order) VALUES ('pisniua_310929_l1','pisniua_310929','YouTube','https://www.youtube.com/watch?v=tbTZxiyPXUI','video',NULL,1);
INSERT OR REPLACE INTO song_links (id,song_id,title,url,kind,version_id,sort_order) VALUES ('pisniua_310929_l2','pisniua_310929','YouTube','https://www.youtube.com/watch?v=P0OfBC-Wydc','video',NULL,2);
INSERT OR REPLACE INTO song_links (id,song_id,title,url,kind,version_id,sort_order) VALUES ('pisniua_310929_l3','pisniua_310929','YouTube','https://www.youtube.com/watch?v=OIURxcy6Las','video',NULL,3);
INSERT OR REPLACE INTO songs (id,title,subtitle,lang,country,period,year,source,notes,lyrics,tags_json,lang_locked,status,created_at,updated_at) VALUES ('pisniua_3103766','Хрест на плечі накладають','Українська народна пісня. Виконує: Теотокос','uk','ukraine_before_1917',NULL,NULL,'аудіозапис',NULL,'Хрест на плечі накладають,
Б''ють, катують, побивають.
Серед поту, серед крові      |
Спас іде вже на Голготу.     | (2)

Упадає раз і другий,
Бачуть те вже жидів слуги,
Киринейчик приступає         |
І Хрест нести помагає.       | (2)

Плачуть люди, гірко плачуть,
Бо тяженьку муку бачуть.
Ой, не плачте наді Мною,     |
А заплачте над собою.        | (2)

От, і вже гора Голгота,
Приступає войнів рота,
Розпинає, прибиває,          |
Хрест високо піднімає.       | (2)

Людський роде окаянний,
Повний блуду, злоби повний,
Бачиш страсті Бога Сина,     |
Впадь же щиро на коліна!     | (2)

Бийся в груди, бийсь сльозами:
Боже, змилуйся над нами,
О, не дай нам в пекло впасти |
Ради твого сина страсти.     | (2)','["pisni.org.ua", "cat:cerkovni", "cat:christian", "cat:strasni", "Церковні пісні", "Пісні на християнську тематику", "Страсні пісні"]',1,'published',COALESCE((SELECT created_at FROM songs WHERE id='pisniua_3103766'), datetime('now')),datetime('now'));
INSERT OR REPLACE INTO songs_fts(song_id,title,lyrics) VALUES ('pisniua_3103766','Хрест на плечі накладають','Хрест на плечі накладають,
Б''ють, катують, побивають.
Серед поту, серед крові      |
Спас іде вже на Голготу.     | (2)

Упадає раз і другий,
Бачуть те вже жидів слуги,
Киринейчик приступає         |
І Хрест нести помагає.       | (2)

Плачуть люди, гірко плачуть,
Бо тяженьку муку бачуть.
Ой, не плачте наді Мною,     |
А заплачте над собою.        | (2)

От, і вже гора Голгота,
Приступає войнів рота,
Розпинає, прибиває,          |
Хрест високо піднімає.       | (2)

Людський роде окаянний,
Повний блуду, злоби повний,
Бачиш страсті Бога Сина,     |
Впадь же щиро на коліна!     | (2)

Бийся в груди, бийсь сльозами:
Боже, змилуйся над нами,
О, не дай нам в пекло впасти |
Ради твого сина страсти.     | (2)');
INSERT OR REPLACE INTO song_links (id,song_id,title,url,kind,version_id,sort_order) VALUES ('pisniua_3103766_l1','pisniua_3103766','YouTube','https://www.youtube.com/watch?v=VQLs01UkQYk','video',NULL,1);
INSERT OR REPLACE INTO songs (id,title,subtitle,lang,country,period,year,source,notes,lyrics,tags_json,lang_locked,status,created_at,updated_at) VALUES ('pisniua_310626','Господь Бог предвічний',NULL,'uk','ukraine_before_1917',NULL,NULL,'Отці Василіани',NULL,'Господь Бог предвічний
Нині нам явився,
З непорочной Діви
В яслах народився.
Хори ангельські співають,
Нарожденного вітають:
"Слава, слава, салава
Во вишніх Богу!"

Пастирям у полі
Ангел ся являє,
Там їх до вертепу
Мило запрошає;
Щоб Дитятку честь віддали
І весело заспівали:
"Слава во вишніх Богу!"

Із небесним хором
Всі десь веселімся
І Христу-Дитятку
Низько поклонімося!
В Нім надію покладаймо:
І весело заспіваймо:
"Слава во вишніх Богу!"','["pisni.org.ua", "cat:kolyadky", "Колядки"]',1,'published',COALESCE((SELECT created_at FROM songs WHERE id='pisniua_310626'), datetime('now')),datetime('now'));
INSERT OR REPLACE INTO songs_fts(song_id,title,lyrics) VALUES ('pisniua_310626','Господь Бог предвічний','Господь Бог предвічний
Нині нам явився,
З непорочной Діви
В яслах народився.
Хори ангельські співають,
Нарожденного вітають:
"Слава, слава, салава
Во вишніх Богу!"

Пастирям у полі
Ангел ся являє,
Там їх до вертепу
Мило запрошає;
Щоб Дитятку честь віддали
І весело заспівали:
"Слава во вишніх Богу!"

Із небесним хором
Всі десь веселімся
І Христу-Дитятку
Низько поклонімося!
В Нім надію покладаймо:
І весело заспіваймо:
"Слава во вишніх Богу!"');
INSERT OR REPLACE INTO song_links (id,song_id,title,url,kind,version_id,sort_order) VALUES ('pisniua_310626_l1','pisniua_310626','YouTube','https://www.youtube.com/watch?v=_EUYn7nIBKA','video',NULL,1);
INSERT OR REPLACE INTO songs (id,title,subtitle,lang,country,period,year,source,notes,lyrics,tags_json,lang_locked,status,created_at,updated_at) VALUES ('pisniua_3112626','У моєму дворі','Українська народна пісня. Виконує: Берегиня','uk','ukraine_before_1917',NULL,NULL,'http://www.franko.lviv.ua/',NULL,'У моєму дворі три дерева росло.*

Приспів:
Рай розвився, рай розвився,
Господь звесилився,
Син божий народився.

Три дерева росли, три брати рубали.
Три брати рубали, церкву будували.
Церкву будували з трьома куполами.
З трьома куполами, з трьома хрестами.
А що перший купол, то Різдво Христове.
А що другий купол - Святого Василя.
А що третій купол - Святого Водохреща.','["pisni.org.ua", "cat:kolyadky", "Колядки"]',1,'published',COALESCE((SELECT created_at FROM songs WHERE id='pisniua_3112626'), datetime('now')),datetime('now'));
INSERT OR REPLACE INTO songs_fts(song_id,title,lyrics) VALUES ('pisniua_3112626','У моєму дворі','У моєму дворі три дерева росло.*

Приспів:
Рай розвився, рай розвився,
Господь звесилився,
Син божий народився.

Три дерева росли, три брати рубали.
Три брати рубали, церкву будували.
Церкву будували з трьома куполами.
З трьома куполами, з трьома хрестами.
А що перший купол, то Різдво Христове.
А що другий купол - Святого Василя.
А що третій купол - Святого Водохреща.');
INSERT OR REPLACE INTO songs (id,title,subtitle,lang,country,period,year,source,notes,lyrics,tags_json,lang_locked,status,created_at,updated_at) VALUES ('pisniua_3113065','На городі бурячок','Українська народна пісня. Виконує: Берегиня','uk','ukraine_before_1917',NULL,NULL,'http://www.franko.lviv.ua/',NULL,'На городі бурячок,
Зеленая гичка,
Сватав мене мужичок,
А я невеличка.

Сватав мене мужичок,
Хотів мене взяти,
А я йому відповіла -
Я не вмію жати.

А я йому відповіла -
Я не вмію жати,
Буде наша пшениченька
В полю зимувати.

Буде наша пшениченька
В полю зимувати,
Будуть наші сусідоньки
З мене ся сміяти.

Будуть наші сусідоньки
З мене ся сміяти,
Що я така молоденька
Та й не вмію жати.

Ой, візьму я новий серп,
Кину назад себе,
Не жала я в своїй мами
Та й не буду в тебе.

Не жала я в своїй мами
Та й в тебе не буду,
Купи мені парасольку,
Панувати буду.

Як ти хтіла, моя мила,
Парасольку мати,
Було собі, моя мила,
Панича шукати.

А ти знав, нащо брав
Міщаночку з міста,
Я не їла і не буду
Гречаного тіста.

А ти знав, нащо брав
Мене, невеличку,
Мене мати годувала,
Як перепеличку.

Мене мати годувала,
В папір завивала,
За багача лагодила,
За бідного дала.

Як би дала за багача
Та й за молодого,
А то взяла та й віддала
За діда старого.

А я діда шанувала,
Шанувати мушу,
Ой, господи милосердний,
Випри з діда душу.

Ой, господи милосердний,
Святий Миколаю,
Випри, випри з діда душу,
Ще рік погуляю.

Ой, господи, милосердний,
Святий понеділку,
Випри, випри з діда душу,
Я стану на дівку!','["pisni.org.ua", "cat:socialno-pobutovi", "Соціально-побутові пісні"]',1,'published',COALESCE((SELECT created_at FROM songs WHERE id='pisniua_3113065'), datetime('now')),datetime('now'));
INSERT OR REPLACE INTO songs_fts(song_id,title,lyrics) VALUES ('pisniua_3113065','На городі бурячок','На городі бурячок,
Зеленая гичка,
Сватав мене мужичок,
А я невеличка.

Сватав мене мужичок,
Хотів мене взяти,
А я йому відповіла -
Я не вмію жати.

А я йому відповіла -
Я не вмію жати,
Буде наша пшениченька
В полю зимувати.

Буде наша пшениченька
В полю зимувати,
Будуть наші сусідоньки
З мене ся сміяти.

Будуть наші сусідоньки
З мене ся сміяти,
Що я така молоденька
Та й не вмію жати.

Ой, візьму я новий серп,
Кину назад себе,
Не жала я в своїй мами
Та й не буду в тебе.

Не жала я в своїй мами
Та й в тебе не буду,
Купи мені парасольку,
Панувати буду.

Як ти хтіла, моя мила,
Парасольку мати,
Було собі, моя мила,
Панича шукати.

А ти знав, нащо брав
Міщаночку з міста,
Я не їла і не буду
Гречаного тіста.

А ти знав, нащо брав
Мене, невеличку,
Мене мати годувала,
Як перепеличку.

Мене мати годувала,
В папір завивала,
За багача лагодила,
За бідного дала.

Як би дала за багача
Та й за молодого,
А то взяла та й віддала
За діда старого.

А я діда шанувала,
Шанувати мушу,
Ой, господи милосердний,
Випри з діда душу.

Ой, господи милосердний,
Святий Миколаю,
Випри, випри з діда душу,
Ще рік погуляю.

Ой, господи, милосердний,
Святий понеділку,
Випри, випри з діда душу,
Я стану на дівку!');
INSERT OR REPLACE INTO song_links (id,song_id,title,url,kind,version_id,sort_order) VALUES ('pisniua_3113065_l1','pisniua_3113065','YouTube','https://www.youtube.com/watch?v=ZSTX2cgzUls','video',NULL,1);
INSERT OR REPLACE INTO songs (id,title,subtitle,lang,country,period,year,source,notes,lyrics,tags_json,lang_locked,status,created_at,updated_at) VALUES ('pisniua_3105261','Заспіваєм ще хоч раз','Музика: Піккардійська Терція Слова: Северин Краєвський. Виконує: Піккардійська Терція','uk','ukraine_1991',NULL,NULL,'аудіозапис',NULL,'Неприспаний у серці жаль,
Наші дні летять нестримно в синю даль,
Без провини світ причинний
Знову кличе в мандри нас.
Йдучи шляхом, битим шляхом
Заспіваєм ще хоч раз!

Непізнаний у серці щем,
Бо за теплим днем зненацька сніг з дощем,
Без провини світ причинний
Знову кличе в мандри нас.
Йдучи шляхом, битим шляхом
Заспіваєм ще хоч раз!

До себе кличе неба край,
Бо за синім небокраєм інший край,
У серці плаче туги блюз,
За піковим чорним тузом другий туз!

Неумолимий в серці Бог,
Бо в яких молитвах сплатим йому борг,
Без провини світ причинний
Знову кличе в мандри нас.
Йдучи шляхом, битим шляхом
Заспіваєм ще хоч раз!

Без нас шумить, вирує бал,
За одним дев''ятим валом другий вал,
У серці плаче туги блюз,
За піковим чорним тузом другий туз!

Чи нас кохати було варт?
Може, варто, але час зіграв злий жарт,
Без провини світ причинний
Знову кличе в мандри нас.
Йдучи шляхом, битим шляхом
Заспіваєм ще хоч раз!','["pisni.org.ua", "cat:manrivni", "Пісні на мандрівну тематику"]',1,'published',COALESCE((SELECT created_at FROM songs WHERE id='pisniua_3105261'), datetime('now')),datetime('now'));
INSERT OR REPLACE INTO songs_fts(song_id,title,lyrics) VALUES ('pisniua_3105261','Заспіваєм ще хоч раз','Неприспаний у серці жаль,
Наші дні летять нестримно в синю даль,
Без провини світ причинний
Знову кличе в мандри нас.
Йдучи шляхом, битим шляхом
Заспіваєм ще хоч раз!

Непізнаний у серці щем,
Бо за теплим днем зненацька сніг з дощем,
Без провини світ причинний
Знову кличе в мандри нас.
Йдучи шляхом, битим шляхом
Заспіваєм ще хоч раз!

До себе кличе неба край,
Бо за синім небокраєм інший край,
У серці плаче туги блюз,
За піковим чорним тузом другий туз!

Неумолимий в серці Бог,
Бо в яких молитвах сплатим йому борг,
Без провини світ причинний
Знову кличе в мандри нас.
Йдучи шляхом, битим шляхом
Заспіваєм ще хоч раз!

Без нас шумить, вирує бал,
За одним дев''ятим валом другий вал,
У серці плаче туги блюз,
За піковим чорним тузом другий туз!

Чи нас кохати було варт?
Може, варто, але час зіграв злий жарт,
Без провини світ причинний
Знову кличе в мандри нас.
Йдучи шляхом, битим шляхом
Заспіваєм ще хоч раз!');
INSERT OR REPLACE INTO songs (id,title,subtitle,lang,country,period,year,source,notes,lyrics,tags_json,lang_locked,status,created_at,updated_at) VALUES ('pisniua_3113962','Ой, у полі','Українська народна пісня','uk','ukraine_before_1917',NULL,NULL,'Українські пісні з нотами. Збірник перший / упорядник П.Ф. Бунт, В. Шаравський. Київ. Видавниче товариство "Час", 1929.',NULL,'Ой, у полі, ой, у полі та туман, димно,
За туманом нічого не видно.
Тільки видно, тільки видно та криниченьку
Холодную та і водиченьку.

Ой, там дівка, ой, там дівка, та й воду брала,
Улан коня та і напуває.
Дівка коню, дівка коню води підливає,
Улан дівку та і повідомляє.

Ой, поїдьмо, ой, поїдьмо та й дівонько з нами,
З молодими та уланами.
Пройшли поле, пройшли поле, пройшли вони друге,
На третьому стали спочивати.

На третьому, на третьому стали спочивати,
Стала дівка плакати й ридати.
Ой, боже ж мій, ой, боже ж мій, що я наробила,
Батенька й неньку та й розсердила.

Ой, улане, ой, улане, ой, ви молодії,
А де ж ваші доми кам''янії,
А де ж ваші, а де ж ваші сади зеленії,
А деж ваші трави шовковії?

Годі, дівко, годі, дівко, про трави питати,
Батька й матір треба забувати.','["pisni.org.ua", "cat:rekrutski", "Рекрутські пісні"]',1,'published',COALESCE((SELECT created_at FROM songs WHERE id='pisniua_3113962'), datetime('now')),datetime('now'));
INSERT OR REPLACE INTO songs_fts(song_id,title,lyrics) VALUES ('pisniua_3113962','Ой, у полі','Ой, у полі, ой, у полі та туман, димно,
За туманом нічого не видно.
Тільки видно, тільки видно та криниченьку
Холодную та і водиченьку.

Ой, там дівка, ой, там дівка, та й воду брала,
Улан коня та і напуває.
Дівка коню, дівка коню води підливає,
Улан дівку та і повідомляє.

Ой, поїдьмо, ой, поїдьмо та й дівонько з нами,
З молодими та уланами.
Пройшли поле, пройшли поле, пройшли вони друге,
На третьому стали спочивати.

На третьому, на третьому стали спочивати,
Стала дівка плакати й ридати.
Ой, боже ж мій, ой, боже ж мій, що я наробила,
Батенька й неньку та й розсердила.

Ой, улане, ой, улане, ой, ви молодії,
А де ж ваші доми кам''янії,
А де ж ваші, а де ж ваші сади зеленії,
А деж ваші трави шовковії?

Годі, дівко, годі, дівко, про трави питати,
Батька й матір треба забувати.');
INSERT OR REPLACE INTO songs (id,title,subtitle,lang,country,period,year,source,notes,lyrics,tags_json,lang_locked,status,created_at,updated_at) VALUES ('pisniua_311065','Соколята','(Крутилось пір''я на вітру...). Музика: В''ячеслав Хурсенко Слова: В''ячеслав Хурсенко. Виконує: В''ячеслав Хурсенко, Соколята','uk','ukraine_before_1917',NULL,NULL,NULL,'Пісня присвячена дітям Василя Зінкевича. Підбір акордів tenore91.','Am
Крутилось пір''я на вітру,
A7
І я згадав негоду ту,
В яку мене моя любов
Покинула.
Виймали жала із грудей
Очата двох моїх дітей
Dm
І вся моя любов на них
E7
Рікою хлинула.
Приспів:
Зростають у гніздечку соколята,
О, Боже, ти за все мене прости!
О, як я їх не хочу відпускати,
У простори юнацької мети.
В роках моїх така велика сила,
Та долю не затримати нічим, —
Сини мої візьміть мої вітрила,
Та й батька не забудьте поміж тим.
Я спав роками у вогні,
Біда сивіла на мені,
І тільки мати у селі,
В сльозах журилася.
А я синочків обіймав,
І сам у себе запитав,
О де ж ти наша доле
Забарилася!
Приспів:
Зростають у гніздечку соколята,
О Боже, ти за все мене прости!
О як я їх не хочу відпускати,
У простори юнацької мети.
В роках моїх така велика сила,
Та долю не затримати нічим, —
Сини мої візьміть мої вітрила,
Та й батька не забудьте поміж тим.','["pisni.org.ua", "cat:bardivski", "cat:lirychni", "cat:nostalgia", "cat:philosophic", "Бардівські пісні", "Пісні про кохання, ліричні", "Пісні з ностальгічними мотивами", "Філософські пісні"]',1,'published',COALESCE((SELECT created_at FROM songs WHERE id='pisniua_311065'), datetime('now')),datetime('now'));
INSERT OR REPLACE INTO songs_fts(song_id,title,lyrics) VALUES ('pisniua_311065','Соколята','Am
Крутилось пір''я на вітру,
A7
І я згадав негоду ту,
В яку мене моя любов
Покинула.
Виймали жала із грудей
Очата двох моїх дітей
Dm
І вся моя любов на них
E7
Рікою хлинула.
Приспів:
Зростають у гніздечку соколята,
О, Боже, ти за все мене прости!
О, як я їх не хочу відпускати,
У простори юнацької мети.
В роках моїх така велика сила,
Та долю не затримати нічим, —
Сини мої візьміть мої вітрила,
Та й батька не забудьте поміж тим.
Я спав роками у вогні,
Біда сивіла на мені,
І тільки мати у селі,
В сльозах журилася.
А я синочків обіймав,
І сам у себе запитав,
О де ж ти наша доле
Забарилася!
Приспів:
Зростають у гніздечку соколята,
О Боже, ти за все мене прости!
О як я їх не хочу відпускати,
У простори юнацької мети.
В роках моїх така велика сила,
Та долю не затримати нічим, —
Сини мої візьміть мої вітрила,
Та й батька не забудьте поміж тим.');
INSERT OR REPLACE INTO song_links (id,song_id,title,url,kind,version_id,sort_order) VALUES ('pisniua_311065_l1','pisniua_311065','YouTube','https://www.youtube.com/watch?v=PvOscf8aiqY','video',NULL,1);
INSERT OR REPLACE INTO song_links (id,song_id,title,url,kind,version_id,sort_order) VALUES ('pisniua_311065_l2','pisniua_311065','YouTube','https://www.youtube.com/watch?v=MzKL07NQIEk','video',NULL,2);
INSERT OR REPLACE INTO song_links (id,song_id,title,url,kind,version_id,sort_order) VALUES ('pisniua_311065_l3','pisniua_311065','YouTube','https://www.youtube.com/watch?v=hADOlWPCBW4','video',NULL,3);
INSERT OR REPLACE INTO song_links (id,song_id,title,url,kind,version_id,sort_order) VALUES ('pisniua_311065_l4','pisniua_311065','YouTube','https://www.youtube.com/watch?v=hEC5qF1PDC0','video',NULL,4);
INSERT OR REPLACE INTO songs (id,title,subtitle,lang,country,period,year,source,notes,lyrics,tags_json,lang_locked,status,created_at,updated_at) VALUES ('pisniua_3117727','Ой весно, веснице','Українська народна пісня','uk','ukraine_before_1917',NULL,NULL,'Пісні Шевченкового краю. Записи, впорядкування і примітки Олекси Ошуркевича. Луцьк: Волинська обласна друкарня, 2006. - 484 с.',NULL,'Ой весно, веснице,
Що тобі, Маріє, присниться? | (2)

- Приснилось мені долото,
Що той же й Іван золото.    | (2)

Приснилось мені свердельце,
Що той же й Іван, як серце. | (2)','["pisni.org.ua", "cat:vesnyanky-hayivky", "Веснянки та гаївки"]',1,'published',COALESCE((SELECT created_at FROM songs WHERE id='pisniua_3117727'), datetime('now')),datetime('now'));
INSERT OR REPLACE INTO songs_fts(song_id,title,lyrics) VALUES ('pisniua_3117727','Ой весно, веснице','Ой весно, веснице,
Що тобі, Маріє, присниться? | (2)

- Приснилось мені долото,
Що той же й Іван золото.    | (2)

Приснилось мені свердельце,
Що той же й Іван, як серце. | (2)');
INSERT OR REPLACE INTO songs (id,title,subtitle,lang,country,period,year,source,notes,lyrics,tags_json,lang_locked,status,created_at,updated_at) VALUES ('pisniua_3115929','Зійшов, зійшов ясний місяць','Українська народна пісня','uk','ukraine_before_1917',NULL,NULL,'Українські пісні з нотами. Збірник перший / упорядник П.Ф. Бунт, В. Шаравський. Київ. Видавниче товариство "Час", 1929.',NULL,'Зійшов, зійшов ясний місяць, в нові ворота.
Кланяється до Петруня бідний сирота.

Ой, кому ж ти, та Петруню та вклоняєш,
Що рідного батька ти не маєш.

Ой, є в мене, ой, є в мене рідний дядько,
Нехай мене благословить так, як батько.

Ой, є в мене, ой, є в мене, ой, є в мене рідна тітка,
Нехай мене благословить, як матінка.','["pisni.org.ua", "cat:socialno-pobutovi", "Соціально-побутові пісні"]',1,'published',COALESCE((SELECT created_at FROM songs WHERE id='pisniua_3115929'), datetime('now')),datetime('now'));
INSERT OR REPLACE INTO songs_fts(song_id,title,lyrics) VALUES ('pisniua_3115929','Зійшов, зійшов ясний місяць','Зійшов, зійшов ясний місяць, в нові ворота.
Кланяється до Петруня бідний сирота.

Ой, кому ж ти, та Петруню та вклоняєш,
Що рідного батька ти не маєш.

Ой, є в мене, ой, є в мене рідний дядько,
Нехай мене благословить так, як батько.

Ой, є в мене, ой, є в мене, ой, є в мене рідна тітка,
Нехай мене благословить, як матінка.');
INSERT OR REPLACE INTO songs (id,title,subtitle,lang,country,period,year,source,notes,lyrics,tags_json,lang_locked,status,created_at,updated_at) VALUES ('pisniua_3115626','Ой, вербо, вербо','Українська народна пісня','uk','ukraine_before_1917',NULL,NULL,'Українські пісні з нотами. Збірник перший / упорядник П.Ф. Бунт, В. Шаравський. Київ. Видавниче товариство "Час", 1929.',NULL,'Ой, вербо, вербо, кудрявая,
Хто ж тобі, вербо, сі кудря дав.

А кудря дала темна нічка,
А коріннячко бистра річка.

А коріннячко бистра вода,
А я молода, як ягода.

А я молода, як ягода,
Не піду заміж за рік, за два.

А піду заміж аж п''ятого,
За того п''яницю проклятого.

Ой, кажуть люде, що він не п''є,
А він щоранку рубля проп''є.

А він щораня, щораночку
Пропив коника й нагайочку.','["pisni.org.ua", "cat:socialno-pobutovi", "Соціально-побутові пісні"]',1,'published',COALESCE((SELECT created_at FROM songs WHERE id='pisniua_3115626'), datetime('now')),datetime('now'));
INSERT OR REPLACE INTO songs_fts(song_id,title,lyrics) VALUES ('pisniua_3115626','Ой, вербо, вербо','Ой, вербо, вербо, кудрявая,
Хто ж тобі, вербо, сі кудря дав.

А кудря дала темна нічка,
А коріннячко бистра річка.

А коріннячко бистра вода,
А я молода, як ягода.

А я молода, як ягода,
Не піду заміж за рік, за два.

А піду заміж аж п''ятого,
За того п''яницю проклятого.

Ой, кажуть люде, що він не п''є,
А він щоранку рубля проп''є.

А він щораня, щораночку
Пропив коника й нагайочку.');
INSERT OR REPLACE INTO songs (id,title,subtitle,lang,country,period,year,source,notes,lyrics,tags_json,lang_locked,status,created_at,updated_at) VALUES ('pisniua_3116663','Ой, кринула лебедонька','Українська народна пісня','uk','ukraine_before_1917',NULL,NULL,'Українські пісні з нотами. Збірник перший / упорядник П.Ф. Бунт, В. Шаравський. Київ. Видавниче товариство "Час", 1929.',NULL,'Ой, кринула лебедонька,
Із-за хвилі виринаючи,
Заспівали козаченьки,
З-за лиману виступаючи:

"Чи ж нам, браття, на Січ іти,
Ой, чи тут зімоватися:
Навчилися батьки наші
Та і без нас пробуватися."

Іде козак дорогою,
Копією утирається,
За ним іде дівчинонька,
Слізоньками умивається.','["pisni.org.ua", "cat:kozacki", "Козацькі пісні"]',1,'published',COALESCE((SELECT created_at FROM songs WHERE id='pisniua_3116663'), datetime('now')),datetime('now'));
INSERT OR REPLACE INTO songs_fts(song_id,title,lyrics) VALUES ('pisniua_3116663','Ой, кринула лебедонька','Ой, кринула лебедонька,
Із-за хвилі виринаючи,
Заспівали козаченьки,
З-за лиману виступаючи:

"Чи ж нам, браття, на Січ іти,
Ой, чи тут зімоватися:
Навчилися батьки наші
Та і без нас пробуватися."

Іде козак дорогою,
Копією утирається,
За ним іде дівчинонька,
Слізоньками умивається.');
INSERT OR REPLACE INTO songs (id,title,subtitle,lang,country,period,year,source,notes,lyrics,tags_json,lang_locked,status,created_at,updated_at) VALUES ('pisniua_311663','Коли я стану президентом','Музика: Павло Зібров Слова: Юрій Рибчинський. Виконує: Павло Зібров','uk','ukraine_1991',NULL,NULL,'http://www.zibrov.com.ua/',NULL,'Коли я стану президентом,
Тоді я, мабуть кину пить,
І буду дітям аліменти
Усім, без винятку платить
Бабусям я зроблю презенти
Магнітофони JVC

Коли я стану президентом,
Мене кохатимуть усі

Приспів:
Голосуй, голосуй
Будь, активним, не пасуй
Будь, активним, не пасуй
Голосуй,
Голосуй, голосуй
Бюлетені в урни суй
Бюлетені в урни суй
Голосуй.

Коли я стану президентом,
Мені простять усі борги
Казати будуть компліменти
Мої закляті вороги
Призначу жінку референтом
В питаннях сексу на селі
І кримінальні елементі
Мені подарять "Жигулі"

Приспів.','["pisni.org.ua", "cat:suspilno-politychni", "Суспільно-політичні пісні"]',1,'published',COALESCE((SELECT created_at FROM songs WHERE id='pisniua_311663'), datetime('now')),datetime('now'));
INSERT OR REPLACE INTO songs_fts(song_id,title,lyrics) VALUES ('pisniua_311663','Коли я стану президентом','Коли я стану президентом,
Тоді я, мабуть кину пить,
І буду дітям аліменти
Усім, без винятку платить
Бабусям я зроблю презенти
Магнітофони JVC

Коли я стану президентом,
Мене кохатимуть усі

Приспів:
Голосуй, голосуй
Будь, активним, не пасуй
Будь, активним, не пасуй
Голосуй,
Голосуй, голосуй
Бюлетені в урни суй
Бюлетені в урни суй
Голосуй.

Коли я стану президентом,
Мені простять усі борги
Казати будуть компліменти
Мої закляті вороги
Призначу жінку референтом
В питаннях сексу на селі
І кримінальні елементі
Мені подарять "Жигулі"

Приспів.');
INSERT OR REPLACE INTO songs (id,title,subtitle,lang,country,period,year,source,notes,lyrics,tags_json,lang_locked,status,created_at,updated_at) VALUES ('pisniua_3118467','Світить місяць','Українська народна пісня','uk','ukr_ssr_1919_1991',NULL,NULL,'Співаник УПА. Борці за волю України. упор. О.Бобикевич, Ю.Лаврівський, О.Плешкевич та ін. Львів: Меморіал. 1992. - 190 с.',NULL,'Світить місяць, світить ясний,
Молодий ліс зтиха шумить,
А ви літа молодії -
Як важко нам тут вас прожить.

Довкола б''ються - війна велика.
Усі совєтську комуну б''ють,
А наші хлопці молодії
Самі охочо до УПА йдуть.

Гей, дівчата молодії,
Як важко з вами розійтись,
Просіть в Бога перемоги —
Ми ще зустрінемось колись.

Ми вірим свято в перемогу,
З вірою радо у бій ідем,
Залитій кров''ю Україні
На руках волю й славу несем!','["pisni.org.ua", "cat:povstanski", "Повстанські пісні"]',1,'published',COALESCE((SELECT created_at FROM songs WHERE id='pisniua_3118467'), datetime('now')),datetime('now'));
INSERT OR REPLACE INTO songs_fts(song_id,title,lyrics) VALUES ('pisniua_3118467','Світить місяць','Світить місяць, світить ясний,
Молодий ліс зтиха шумить,
А ви літа молодії -
Як важко нам тут вас прожить.

Довкола б''ються - війна велика.
Усі совєтську комуну б''ють,
А наші хлопці молодії
Самі охочо до УПА йдуть.

Гей, дівчата молодії,
Як важко з вами розійтись,
Просіть в Бога перемоги —
Ми ще зустрінемось колись.

Ми вірим свято в перемогу,
З вірою радо у бій ідем,
Залитій кров''ю Україні
На руках волю й славу несем!');
INSERT OR REPLACE INTO songs (id,title,subtitle,lang,country,period,year,source,notes,lyrics,tags_json,lang_locked,status,created_at,updated_at) VALUES ('pisniua_3118766','Поклоняюся, мій Христе',NULL,'uk','ukraine_1991',NULL,NULL,'http://www.bazylianie.pl/mlolytownyk/pisni.htm',NULL,'Поклоняюся, мій Христе,
Хресній рані пресвятій,
Животворній і пречистій
На руці Твоїй правій.
Боже мій, поклін прийми, |
По правій мене возьми!   | (2)

Поклоняюся, мій Христе,
Хресній рані пресвятій,
Животворній і пречистій
На руці Твоїй лівій.
Боже мій, поклін прийми, |
Від лівої м''я храни!     | (2)

Поклоняюся мій Христе,
Хресній рані пресвятій,
Животворній і пречистій
На нозі Твоїй правій.
Боже мій, поклін прийми, |
Путем правди м''я веди!   | (2)

Поклоняюся, мій Христе,
Хресній рані пресвятій,
Животворній і пречистій,
На нозі Твоїй лівій.
Боже мій, поклін прийми, |
Від гріха м''я заверни!   | (2)

Поклоняюся, мій Христе,
Хресній рані пресвятій,
Животворній і пречистій,
В серці і Твоїм ребрі.
Боже мій, поклін прийми, |
I на віки м''я люби!      | (2)','["pisni.org.ua", "cat:cerkovni", "cat:christ", "cat:strasni", "Церковні пісні", "Пісні до Ісуса Христа", "Страсні пісні"]',1,'published',COALESCE((SELECT created_at FROM songs WHERE id='pisniua_3118766'), datetime('now')),datetime('now'));
INSERT OR REPLACE INTO songs_fts(song_id,title,lyrics) VALUES ('pisniua_3118766','Поклоняюся, мій Христе','Поклоняюся, мій Христе,
Хресній рані пресвятій,
Животворній і пречистій
На руці Твоїй правій.
Боже мій, поклін прийми, |
По правій мене возьми!   | (2)

Поклоняюся, мій Христе,
Хресній рані пресвятій,
Животворній і пречистій
На руці Твоїй лівій.
Боже мій, поклін прийми, |
Від лівої м''я храни!     | (2)

Поклоняюся мій Христе,
Хресній рані пресвятій,
Животворній і пречистій
На нозі Твоїй правій.
Боже мій, поклін прийми, |
Путем правди м''я веди!   | (2)

Поклоняюся, мій Христе,
Хресній рані пресвятій,
Животворній і пречистій,
На нозі Твоїй лівій.
Боже мій, поклін прийми, |
Від гріха м''я заверни!   | (2)

Поклоняюся, мій Христе,
Хресній рані пресвятій,
Животворній і пречистій,
В серці і Твоїм ребрі.
Боже мій, поклін прийми, |
I на віки м''я люби!      | (2)');
INSERT OR REPLACE INTO songs (id,title,subtitle,lang,country,period,year,source,notes,lyrics,tags_json,lang_locked,status,created_at,updated_at) VALUES ('pisniua_3118168','Гей, повстанці українські','Українська народна пісня','uk','ukr_ssr_1919_1991',NULL,NULL,'Співаник УПА. Борці за волю України. упор. О.Бобикевич, Ю.Лаврівський, О.Плешкевич та ін. Львів: Меморіал. 1992. - 190 с.',NULL,'Гей, повстанці українські,
Як це вам здається,
Прийшов москвин в вашу хату,
Та й ще з вас сміється.

Нападає на всі села,
Б''є, мордує діти,
Палить села і хутори,
Мусять всі терпіти.

Разом з нами в святім бою
Стануть всі народи,
Бо усім їм Московщина
Не дає свободи.

Вже повстанці України
Взяли кріси в руки,
Здобувають Україну
Козаків правнуки.','["pisni.org.ua", "cat:povstanski", "Повстанські пісні"]',1,'published',COALESCE((SELECT created_at FROM songs WHERE id='pisniua_3118168'), datetime('now')),datetime('now'));
INSERT OR REPLACE INTO songs_fts(song_id,title,lyrics) VALUES ('pisniua_3118168','Гей, повстанці українські','Гей, повстанці українські,
Як це вам здається,
Прийшов москвин в вашу хату,
Та й ще з вас сміється.

Нападає на всі села,
Б''є, мордує діти,
Палить села і хутори,
Мусять всі терпіти.

Разом з нами в святім бою
Стануть всі народи,
Бо усім їм Московщина
Не дає свободи.

Вже повстанці України
Взяли кріси в руки,
Здобувають Україну
Козаків правнуки.');
INSERT OR REPLACE INTO songs (id,title,subtitle,lang,country,period,year,source,notes,lyrics,tags_json,lang_locked,status,created_at,updated_at) VALUES ('pisniua_3114121','Ой, з-за гори з-за крутої','Українська народна пісня','uk','ukraine_before_1917',NULL,NULL,'Українські пісні з нотами. Збірник перший / упорядник П.Ф. Бунт, В. Шаравський. Київ. Видавниче товариство "Час", 1929.',NULL,'Ой, з-за гори з-за крутої
Орел воду носить.
Ой, там мати свого сина
Вечеряти просить. (2)

"Ой, вечеряй, моя мати,
Коли наварила,
А я піду на Україну,
Де дівчина мила. (2)

Ой, дівчино моя мила,
Що ти наробила, -
Кличе мати вечеряти, -
Вечеря не мила. (2)

Чи ти дала в хлібі з''їсти,
Чи в горільці спити,
Що узявся я так тебе
Вірненько любити." (2)','["pisni.org.ua", "cat:rekrutski", "Рекрутські пісні"]',1,'published',COALESCE((SELECT created_at FROM songs WHERE id='pisniua_3114121'), datetime('now')),datetime('now'));
INSERT OR REPLACE INTO songs_fts(song_id,title,lyrics) VALUES ('pisniua_3114121','Ой, з-за гори з-за крутої','Ой, з-за гори з-за крутої
Орел воду носить.
Ой, там мати свого сина
Вечеряти просить. (2)

"Ой, вечеряй, моя мати,
Коли наварила,
А я піду на Україну,
Де дівчина мила. (2)

Ой, дівчино моя мила,
Що ти наробила, -
Кличе мати вечеряти, -
Вечеря не мила. (2)

Чи ти дала в хлібі з''їсти,
Чи в горільці спити,
Що узявся я так тебе
Вірненько любити." (2)');
INSERT OR REPLACE INTO songs (id,title,subtitle,lang,country,period,year,source,notes,lyrics,tags_json,lang_locked,status,created_at,updated_at) VALUES ('pisniua_3118323','Пісня куреня "Гайдамаків"','Українська народна пісня','uk','ukr_ssr_1919_1991',NULL,NULL,'Співаник УПА. Борці за волю України. упор. О.Бобикевич, Ю.Лаврівський, О.Плешкевич та ін. Львів: Меморіал. 1992. - 190 с.',NULL,'Там в горах, у Карпатах, у ярах,
Там зродився перший курінь,
Курінь "Гайдамак".

Приспів:
Гей, раз-два, в ряд ставай,
Дівчино, ти прощай,
Кличе сурма. Милий твій,
За Вкраїну в бій,
Йде у бій!

А курінний Хмель накази видає,
А бунчужний наш від праці
Рук не чує вже.

Приспів.

А на поляні рух великий став,
Там сотенні з чотовими
Вчать військових вправ.

Приспів.

В нас кухар то персона є важна,
Як насипле пів їдунки,
Раз - і вже нема.

Приспів.

А по науці вийдем всі з лісів,
Боронити рідний нарід,
Бити москалів.

Приспів.','["pisni.org.ua", "cat:povstanski", "Повстанські пісні"]',1,'published',COALESCE((SELECT created_at FROM songs WHERE id='pisniua_3118323'), datetime('now')),datetime('now'));
INSERT OR REPLACE INTO songs_fts(song_id,title,lyrics) VALUES ('pisniua_3118323','Пісня куреня "Гайдамаків"','Там в горах, у Карпатах, у ярах,
Там зродився перший курінь,
Курінь "Гайдамак".

Приспів:
Гей, раз-два, в ряд ставай,
Дівчино, ти прощай,
Кличе сурма. Милий твій,
За Вкраїну в бій,
Йде у бій!

А курінний Хмель накази видає,
А бунчужний наш від праці
Рук не чує вже.

Приспів.

А на поляні рух великий став,
Там сотенні з чотовими
Вчать військових вправ.

Приспів.

В нас кухар то персона є важна,
Як насипле пів їдунки,
Раз - і вже нема.

Приспів.

А по науці вийдем всі з лісів,
Боронити рідний нарід,
Бити москалів.

Приспів.');
INSERT OR REPLACE INTO songs (id,title,subtitle,lang,country,period,year,source,notes,lyrics,tags_json,lang_locked,status,created_at,updated_at) VALUES ('pisniua_3120727','Ти і я - одна сім''я','Музика: Платон Майборода Слова: Михайло Ткач. Виконує: Кобза','uk','ukraine_1991',NULL,NULL,'аудіозапис',NULL,'Там, де біла хата на любов багата
Скупані в любистку ми росли,
Пахне рута-м''ята, вітром не прим''ята,
Там, де ми закохані були з тобою!
В тихі вечори над колисками
Нам пісень співали матері,
Пролітають роки за роками,
Стеляться тумани на зорі.

Приспів:
А за туманами нові світи,
Ми їх відкриємо, і я, і ти,
А ми з тобою Землю обійдем,
Ми все здолаєм, все знайдем,
Для того ми одна сім''я - ти і я.

Там, де світ зоріє, кликали нас мрії,
Вабили, як хвилі на воді.
В небі соколята вчилися літати,
Брали нас на крила молоді з тобою
Долю соколину доганяти,
Мчали ми на конях вороних,
Нас батьки просили пам''ятати:
Звідки ми, з якої сторони!

Приспів.

Зійдемося друзі та й на отчім крузі
Молодість покличемо свою,
Буде запах м''яти, буде що згадати
У благословенному краю з тобою,
А, якщо у когось на тривогу
Серце защемить у сивій млі -
Припадем до отчого порогу,
Сили наберемось від землі.

Приспів.

Ти і я!..','["pisni.org.ua", "cat:pro-batkiv", "cat:zahalni-cinnosti", "Пісні про любов до батьків", "Пісні про загальнолюдські цінності"]',1,'published',COALESCE((SELECT created_at FROM songs WHERE id='pisniua_3120727'), datetime('now')),datetime('now'));
INSERT OR REPLACE INTO songs_fts(song_id,title,lyrics) VALUES ('pisniua_3120727','Ти і я - одна сім''я','Там, де біла хата на любов багата
Скупані в любистку ми росли,
Пахне рута-м''ята, вітром не прим''ята,
Там, де ми закохані були з тобою!
В тихі вечори над колисками
Нам пісень співали матері,
Пролітають роки за роками,
Стеляться тумани на зорі.

Приспів:
А за туманами нові світи,
Ми їх відкриємо, і я, і ти,
А ми з тобою Землю обійдем,
Ми все здолаєм, все знайдем,
Для того ми одна сім''я - ти і я.

Там, де світ зоріє, кликали нас мрії,
Вабили, як хвилі на воді.
В небі соколята вчилися літати,
Брали нас на крила молоді з тобою
Долю соколину доганяти,
Мчали ми на конях вороних,
Нас батьки просили пам''ятати:
Звідки ми, з якої сторони!

Приспів.

Зійдемося друзі та й на отчім крузі
Молодість покличемо свою,
Буде запах м''яти, буде що згадати
У благословенному краю з тобою,
А, якщо у когось на тривогу
Серце защемить у сивій млі -
Припадем до отчого порогу,
Сили наберемось від землі.

Приспів.

Ти і я!..');
INSERT OR REPLACE INTO song_links (id,song_id,title,url,kind,version_id,sort_order) VALUES ('pisniua_3120727_l1','pisniua_3120727','YouTube','https://www.youtube.com/watch?v=xBOTNiJ07ok','video',NULL,1);
INSERT OR REPLACE INTO song_links (id,song_id,title,url,kind,version_id,sort_order) VALUES ('pisniua_3120727_l2','pisniua_3120727','YouTube','https://www.youtube.com/watch?v=xoFNNANeJ_A','video',NULL,2);
INSERT OR REPLACE INTO song_links (id,song_id,title,url,kind,version_id,sort_order) VALUES ('pisniua_3120727_l3','pisniua_3120727','YouTube','https://www.youtube.com/watch?v=AmH5xaFn3sM','video',NULL,3);
INSERT OR REPLACE INTO songs (id,title,subtitle,lang,country,period,year,source,notes,lyrics,tags_json,lang_locked,status,created_at,updated_at) VALUES ('pisniua_3120560','На Івана Купала','Українська народна пісня. Виконує: Кобза','uk','ukraine_before_1917',NULL,NULL,'аудіозапис',NULL,'На Івана Купала
На калину роса впала,
В нас на вулиці Купала,
Купала на Івана.

На Івана Купала
Вийшли дівки край села,
На Івана Купала,
На Івана Купала.

На Івана Купала
Чути пісню край села,
На Івана Купала,
На Івана Купала.

Ішли дівки по ягідки,
Ішли дівки по ягідки,
Молодиці по суниці,
Молодиці по суниці.

Усі дівки назбирали,
А Маринка не набрала,
Бо зустріла на Купала
Чорнобривого Івана,
Заглянула в карі очі
Та й згубила в лісі кошик.

На Івана Купала
Щастя дівчина знайшла,
На Івана Купала
Щастя дівчина знайшла,
Купала...','["pisni.org.ua", "cat:kupalski", "Купальські пісні"]',1,'published',COALESCE((SELECT created_at FROM songs WHERE id='pisniua_3120560'), datetime('now')),datetime('now'));
INSERT OR REPLACE INTO songs_fts(song_id,title,lyrics) VALUES ('pisniua_3120560','На Івана Купала','На Івана Купала
На калину роса впала,
В нас на вулиці Купала,
Купала на Івана.

На Івана Купала
Вийшли дівки край села,
На Івана Купала,
На Івана Купала.

На Івана Купала
Чути пісню край села,
На Івана Купала,
На Івана Купала.

Ішли дівки по ягідки,
Ішли дівки по ягідки,
Молодиці по суниці,
Молодиці по суниці.

Усі дівки назбирали,
А Маринка не набрала,
Бо зустріла на Купала
Чорнобривого Івана,
Заглянула в карі очі
Та й згубила в лісі кошик.

На Івана Купала
Щастя дівчина знайшла,
На Івана Купала
Щастя дівчина знайшла,
Купала...');
INSERT OR REPLACE INTO song_links (id,song_id,title,url,kind,version_id,sort_order) VALUES ('pisniua_3120560_l1','pisniua_3120560','YouTube','https://www.youtube.com/watch?v=KX_ef8gcr7A','video',NULL,1);
INSERT OR REPLACE INTO song_links (id,song_id,title,url,kind,version_id,sort_order) VALUES ('pisniua_3120560_l2','pisniua_3120560','YouTube','https://www.youtube.com/watch?v=reRaFEZCaqc','video',NULL,2);
INSERT OR REPLACE INTO songs (id,title,subtitle,lang,country,period,year,source,notes,lyrics,tags_json,lang_locked,status,created_at,updated_at) VALUES ('pisniua_3118626','Коли втомлений','Музика: о.Й.Кишакевич Слова: о.Й.Кишакевич','uk','ukraine_1991',NULL,NULL,'http://www.bazylianie.pl/mlolytownyk/pisni.htm',NULL,'Коли втомлений життя борбою,
Безсильний стану вже загибати,
Кріпи, рятуй м''я, не дай пропасти, |
О, Божа Мати.                      | (2)

Коли в безмежній тузі марнію,
Вмісто в простор неба ся рвати,
О, піддвигни м''я, дай душі силу,   |
Божая Мати!                        | (2)

А коли б в страшній спокус годині
На бездоріжжя схотів звертатись,
Згадай ми муки Твойого Сина,       |
О, Божа Мати!                      | (2)

В долі й недолі, щастю чи горю,
Не перестану Тебе благати,
З своєй опіки не випускай м''я,     |
О, моя Мати!                       | (2)    комп''ютерне відтворення','["pisni.org.ua", "cat:cerkovni", "cat:do-bohorodyci", "Церковні пісні", "Пісні до Богородиці"]',1,'published',COALESCE((SELECT created_at FROM songs WHERE id='pisniua_3118626'), datetime('now')),datetime('now'));
INSERT OR REPLACE INTO songs_fts(song_id,title,lyrics) VALUES ('pisniua_3118626','Коли втомлений','Коли втомлений життя борбою,
Безсильний стану вже загибати,
Кріпи, рятуй м''я, не дай пропасти, |
О, Божа Мати.                      | (2)

Коли в безмежній тузі марнію,
Вмісто в простор неба ся рвати,
О, піддвигни м''я, дай душі силу,   |
Божая Мати!                        | (2)

А коли б в страшній спокус годині
На бездоріжжя схотів звертатись,
Згадай ми муки Твойого Сина,       |
О, Божа Мати!                      | (2)

В долі й недолі, щастю чи горю,
Не перестану Тебе благати,
З своєй опіки не випускай м''я,     |
О, моя Мати!                       | (2)    комп''ютерне відтворення');
INSERT OR REPLACE INTO songs (id,title,subtitle,lang,country,period,year,source,notes,lyrics,tags_json,lang_locked,status,created_at,updated_at) VALUES ('pisniua_311962','Лебеді кохання','Музика: Ярослав Борута Слова: Вадим Крищенко. Виконує: Лебеді кохання','uk','ukraine_before_1917',NULL,NULL,NULL,NULL,'Прилетіли лебеді,
Сіли на воді,
Звеселили ласкою
Очі молоді.
Ой, то не лебедики
Впали на крило,
То моє коханнячко |
Весну привело.    | (2)

Приспів:
Лебеді, лебеді, лебеді,
Лебеді кохання
Прилітають тільки раз -
Вперше і востаннє.
Лебеді, лебеді, лебеді, -
З радістю й журбою
Прилетіли лебеді   |
І до нас з тобою.  | (2)

Прилетіли лебеді -
Білі, наче цвіт,
Трепетною ніжністю
Затулили світ,
Заховали полечко
Й небо голубе,
Щоб я тільки бачила |
Одного тебе.        | (2)

Приспів.

Прилетіли лебеді -
Обтрусили пух.
Разом нас покликали
На квітковий луг.
Впало біле пір''ячко
На зелену віть.
Прилетіли лебеді - |
Ой, не відлетіть.  | (2)

Приспів.','["pisni.org.ua", "cat:lirychni", "Пісні про кохання, ліричні"]',1,'published',COALESCE((SELECT created_at FROM songs WHERE id='pisniua_311962'), datetime('now')),datetime('now'));
INSERT OR REPLACE INTO songs_fts(song_id,title,lyrics) VALUES ('pisniua_311962','Лебеді кохання','Прилетіли лебеді,
Сіли на воді,
Звеселили ласкою
Очі молоді.
Ой, то не лебедики
Впали на крило,
То моє коханнячко |
Весну привело.    | (2)

Приспів:
Лебеді, лебеді, лебеді,
Лебеді кохання
Прилітають тільки раз -
Вперше і востаннє.
Лебеді, лебеді, лебеді, -
З радістю й журбою
Прилетіли лебеді   |
І до нас з тобою.  | (2)

Прилетіли лебеді -
Білі, наче цвіт,
Трепетною ніжністю
Затулили світ,
Заховали полечко
Й небо голубе,
Щоб я тільки бачила |
Одного тебе.        | (2)

Приспів.

Прилетіли лебеді -
Обтрусили пух.
Разом нас покликали
На квітковий луг.
Впало біле пір''ячко
На зелену віть.
Прилетіли лебеді - |
Ой, не відлетіть.  | (2)

Приспів.');
INSERT OR REPLACE INTO song_links (id,song_id,title,url,kind,version_id,sort_order) VALUES ('pisniua_311962_l1','pisniua_311962','YouTube','https://www.youtube.com/watch?v=jdLK9kyzpgE','video',NULL,1);
INSERT OR REPLACE INTO song_links (id,song_id,title,url,kind,version_id,sort_order) VALUES ('pisniua_311962_l2','pisniua_311962','YouTube','https://www.youtube.com/watch?v=W8Mop39vhd4','video',NULL,2);
INSERT OR REPLACE INTO songs (id,title,subtitle,lang,country,period,year,source,notes,lyrics,tags_json,lang_locked,status,created_at,updated_at) VALUES ('pisniua_312560','Колискова Тиша. Вечір на дворі','Музика: Ігор Білик Слова: Богдан Сливчук','uk','ukraine_before_1917',NULL,NULL,'Від автора',NULL,'Тиша. Вечір на дворі,
Сонечко сховалося.
Цілу днину дітворі
Hіжно посміхалося.
Приспів:
Gm
Заснули зайчики,
Заснули білочки,
І ти, наш котику,
Засни, засни.
Gm
Заснули квіточки,
Заснули діточки,
І ти, малесенький,
Засни
Тиша. Вечір надворі,
Зіроньки з''явилися.
Спать лягайте, всі малі,
Вже за день стомилися.
Тиша. Вечір надворі
Ходить попід вікнами.
Вийшов місяць угорі,
Наче з срібла витканий.
Тиша. Вечір надворі
Ледь у вікна стукає.
Вже час спати дітворі,
Казку діти слухають.','["pisni.org.ua", "cat:dytyachi", "cat:kolyskovi", "Дитячі пісні", "Колискові"]',1,'published',COALESCE((SELECT created_at FROM songs WHERE id='pisniua_312560'), datetime('now')),datetime('now'));
INSERT OR REPLACE INTO songs_fts(song_id,title,lyrics) VALUES ('pisniua_312560','Колискова Тиша. Вечір на дворі','Тиша. Вечір на дворі,
Сонечко сховалося.
Цілу днину дітворі
Hіжно посміхалося.
Приспів:
Gm
Заснули зайчики,
Заснули білочки,
І ти, наш котику,
Засни, засни.
Gm
Заснули квіточки,
Заснули діточки,
І ти, малесенький,
Засни
Тиша. Вечір надворі,
Зіроньки з''явилися.
Спать лягайте, всі малі,
Вже за день стомилися.
Тиша. Вечір надворі
Ходить попід вікнами.
Вийшов місяць угорі,
Наче з срібла витканий.
Тиша. Вечір надворі
Ледь у вікна стукає.
Вже час спати дітворі,
Казку діти слухають.');
INSERT OR REPLACE INTO song_links (id,song_id,title,url,kind,version_id,sort_order) VALUES ('pisniua_312560_l1','pisniua_312560','YouTube','https://www.youtube.com/watch?v=xO5YF3PXNzE','video',NULL,1);
INSERT OR REPLACE INTO song_links (id,song_id,title,url,kind,version_id,sort_order) VALUES ('pisniua_312560_l2','pisniua_312560','YouTube','https://www.youtube.com/watch?v=PZ4wid-B0-0','video',NULL,2);
INSERT OR REPLACE INTO song_links (id,song_id,title,url,kind,version_id,sort_order) VALUES ('pisniua_312560_l3','pisniua_312560','YouTube','https://www.youtube.com/watch?v=TZ0cPnOilHs','video',NULL,3);
INSERT OR REPLACE INTO songs (id,title,subtitle,lang,country,period,year,source,notes,lyrics,tags_json,lang_locked,status,created_at,updated_at) VALUES ('pisniua_3121','Марш "Україна"','(Чорними хмарами). Музика: Григорій Китастий Слова: Іван Багряний. Виконує: Вогневир, Хорея Козацька, Капела бандуристів імені Тараса Шевченка','uk','ukraine_1991',NULL,NULL,'1. Літопис УПА. том 25 2. Taras Hryvul','Варіант 2 надав Taras Hryvul; тут акорди перевірено - якісні. У варіанті 1 акорди не перевірено, їх джерело невідоме.','Чорними хмарами вкрита руїна,
Вітер на згарищах грізно гуде.
Мов дика пустеля, лежить Україна,
F#m
Плаче дівчина і месника жде.
Приспів:
Раз-два, до бою, не шкодуй собою,
Меч піднеси і на відліт бий.
Бий до останньої кулі набою,
Бий за Вітчизну й поляж головою,
За Україну вперед, вперед!
Hm
Бий, бий, бий!
Грізно реве невблаганна стихія,
Вже нас до ями на смерть привели.
Тільки не знали напасники злії,
Як умираючи б''ються орли.
Приспів.
З нами пройшли через муки й тортури,
Як приклад великий, як жертви за нас
Великі звитяжці Мазепа й Петлюра,
Петро Дорошенко, Богдан і Тарас.
Приспів.
За матерів і за глум та руїни,
За немовлят і румовища хат
Вставай, Україно, могутня й єдина
Від синього Дону до сивих Карпат.
Приспів.
Варіант 2:
Чорними хмарами вкрита руїна,
Вітер на згарищах грізно гуде.
Мов дика пустеля, лежить Україна,
F#m
Плаче дівчина і месника жде.
Приспів:
Раз-два, до бою, не шкодуй собою,
Меч піднеси і на відліт бий.
Бий до останньої кулі набою,
Бий за Вітчизну й поляж головою,
За Україну вперед, вперед!
Hm
Бий, бий, бий!
За нас пройшли через муки й тортури,
Як приклад великий, як жертви для нас
Великі звитяжці Мазепа й Петлюра,
Петро Дорошенко, Богдан і Тарас.
(або: Павло Полуботок, Степан і Тарас.)
Приспів.
За матерів і за глум, за руїни,
За немовлят і румовища хат,
Вставай, Україно, могутня і сильна,
Від синього Дону до сивих Карпат!
Приспів.','["pisni.org.ua", "cat:himny-marshi", "cat:patriotic", "Гимни та марші", "Патріотичні пісні"]',1,'published',COALESCE((SELECT created_at FROM songs WHERE id='pisniua_3121'), datetime('now')),datetime('now'));
INSERT OR REPLACE INTO songs_fts(song_id,title,lyrics) VALUES ('pisniua_3121','Марш "Україна"','Чорними хмарами вкрита руїна,
Вітер на згарищах грізно гуде.
Мов дика пустеля, лежить Україна,
F#m
Плаче дівчина і месника жде.
Приспів:
Раз-два, до бою, не шкодуй собою,
Меч піднеси і на відліт бий.
Бий до останньої кулі набою,
Бий за Вітчизну й поляж головою,
За Україну вперед, вперед!
Hm
Бий, бий, бий!
Грізно реве невблаганна стихія,
Вже нас до ями на смерть привели.
Тільки не знали напасники злії,
Як умираючи б''ються орли.
Приспів.
З нами пройшли через муки й тортури,
Як приклад великий, як жертви за нас
Великі звитяжці Мазепа й Петлюра,
Петро Дорошенко, Богдан і Тарас.
Приспів.
За матерів і за глум та руїни,
За немовлят і румовища хат
Вставай, Україно, могутня й єдина
Від синього Дону до сивих Карпат.
Приспів.
Варіант 2:
Чорними хмарами вкрита руїна,
Вітер на згарищах грізно гуде.
Мов дика пустеля, лежить Україна,
F#m
Плаче дівчина і месника жде.
Приспів:
Раз-два, до бою, не шкодуй собою,
Меч піднеси і на відліт бий.
Бий до останньої кулі набою,
Бий за Вітчизну й поляж головою,
За Україну вперед, вперед!
Hm
Бий, бий, бий!
За нас пройшли через муки й тортури,
Як приклад великий, як жертви для нас
Великі звитяжці Мазепа й Петлюра,
Петро Дорошенко, Богдан і Тарас.
(або: Павло Полуботок, Степан і Тарас.)
Приспів.
За матерів і за глум, за руїни,
За немовлят і румовища хат,
Вставай, Україно, могутня і сильна,
Від синього Дону до сивих Карпат!
Приспів.');
INSERT OR REPLACE INTO song_links (id,song_id,title,url,kind,version_id,sort_order) VALUES ('pisniua_3121_l1','pisniua_3121','YouTube','https://www.youtube.com/watch?v=3xlift8bMU4','video',NULL,1);
INSERT OR REPLACE INTO song_links (id,song_id,title,url,kind,version_id,sort_order) VALUES ('pisniua_3121_l2','pisniua_3121','YouTube','https://www.youtube.com/watch?v=Zql5J6KBfws','video',NULL,2);
INSERT OR REPLACE INTO song_links (id,song_id,title,url,kind,version_id,sort_order) VALUES ('pisniua_3121_l3','pisniua_3121','YouTube','https://www.youtube.com/watch?v=iLwQ1uvhtZo','video',NULL,3);
INSERT OR REPLACE INTO song_links (id,song_id,title,url,kind,version_id,sort_order) VALUES ('pisniua_3121_l4','pisniua_3121','YouTube','https://www.youtube.com/watch?v=6LDlY0fELzs','video',NULL,4);
INSERT OR REPLACE INTO song_links (id,song_id,title,url,kind,version_id,sort_order) VALUES ('pisniua_3121_l5','pisniua_3121','YouTube','https://www.youtube.com/watch?v=kv1RtFkvsJE','video',NULL,5);
INSERT OR REPLACE INTO song_links (id,song_id,title,url,kind,version_id,sort_order) VALUES ('pisniua_3121_l6','pisniua_3121','https://kobzari.org.ua/?page=noty','https://kobzari.org.ua/?page=noty','external',NULL,6);
INSERT OR REPLACE INTO song_links (id,song_id,title,url,kind,version_id,sort_order) VALUES ('pisniua_3121_l7','pisniua_3121','http://www.library.dudaryk.ua/ua/compositions/~Kytastyy_Marsh_Ukrayina','http://www.library.dudaryk.ua/ua/compositions/~Kytastyy_Marsh_Ukrayina','external',NULL,7);
INSERT OR REPLACE INTO songs (id,title,subtitle,lang,country,period,year,source,notes,lyrics,tags_json,lang_locked,status,created_at,updated_at) VALUES ('pisniua_3125222','Залізяка','(Да ішов мужик край дороги). Українська народна пісня. Виконує: Контрабас','uk','ukraine_before_1917',NULL,NULL,'зі слуху з платівки "Контрабас" гурту "Контрабас". На високу достовірність тексту не претендую..','платівка "Контрабас" гурту "Контрабас".','1. Да ішов мужик край дороги  | (2)
Край дороги мужик ішов!

2. Та й знайшов мужик залізяку | (2)
Залізяку мужик знайшов на дорозі!

3. Та й поніс її во кузняку | (2)
Во кузняку мужик поніс залізяку,
що знайшов на дорозі!

4. Та й зробив собі сокиряку | (2)
Сокиряку мужик зробив з залізяки,
що знайшов на дорозі!

5. Та й пішов мужик во лісяку | (2)
Во лісяку мужик пішов з сокирякой,
що зробив во кузняки,
що знайшов на дорозі залізяку!

6. Та й зробив мужик дубеняку | (2)
Дубеняку мужик зробив з сокиряки,
що зробив во кузняки,
що знайшов на дорозі залізяку!

7. Та й убив нею ведмедяку | (2)
Ведмедяку мужик убив дубенякой,
що зробив з сокиряки,
що зробив во кузняки,
що знайшов на дорозі залізяку!

8. Та й зідрав з нього шкуру м''яку | (2)
Шкуру м''яку мужик зідрав з ведмедяки,
що убив дубенякой,
що зробив з сокиряки,
що зробив во кузняки,
що знайшов на дорозі залізяку!

9. Та й продав її за рубляку | (2)
За рубляку мужик продав шкуру м''яку,
що зідрав з ведмедяки,
що убив дубенякой,
що зробив з сокиряки,
що зробив во кузняки,
що знайшов на дорозі залізяку!

10. Та й купив собі коров''яку | (2)
(О-це так!!!)
Коров''яку мужик купив за рубляку,
що вторгував за шкуру м''яку,
що зідрав з ведмедяки,
що убив дубенякой,
що зробив з сокиряки,
що зробив во кузняки,
що знайшов на дорозі залізяку!
І дала вона йому молочка.
Оце мужику по-вез-ло!','["pisni.org.ua", "cat:all-ukraine", "Загальноукраїнські пісні"]',1,'published',COALESCE((SELECT created_at FROM songs WHERE id='pisniua_3125222'), datetime('now')),datetime('now'));
INSERT OR REPLACE INTO songs_fts(song_id,title,lyrics) VALUES ('pisniua_3125222','Залізяка','1. Да ішов мужик край дороги  | (2)
Край дороги мужик ішов!

2. Та й знайшов мужик залізяку | (2)
Залізяку мужик знайшов на дорозі!

3. Та й поніс її во кузняку | (2)
Во кузняку мужик поніс залізяку,
що знайшов на дорозі!

4. Та й зробив собі сокиряку | (2)
Сокиряку мужик зробив з залізяки,
що знайшов на дорозі!

5. Та й пішов мужик во лісяку | (2)
Во лісяку мужик пішов з сокирякой,
що зробив во кузняки,
що знайшов на дорозі залізяку!

6. Та й зробив мужик дубеняку | (2)
Дубеняку мужик зробив з сокиряки,
що зробив во кузняки,
що знайшов на дорозі залізяку!

7. Та й убив нею ведмедяку | (2)
Ведмедяку мужик убив дубенякой,
що зробив з сокиряки,
що зробив во кузняки,
що знайшов на дорозі залізяку!

8. Та й зідрав з нього шкуру м''яку | (2)
Шкуру м''яку мужик зідрав з ведмедяки,
що убив дубенякой,
що зробив з сокиряки,
що зробив во кузняки,
що знайшов на дорозі залізяку!

9. Та й продав її за рубляку | (2)
За рубляку мужик продав шкуру м''яку,
що зідрав з ведмедяки,
що убив дубенякой,
що зробив з сокиряки,
що зробив во кузняки,
що знайшов на дорозі залізяку!

10. Та й купив собі коров''яку | (2)
(О-це так!!!)
Коров''яку мужик купив за рубляку,
що вторгував за шкуру м''яку,
що зідрав з ведмедяки,
що убив дубенякой,
що зробив з сокиряки,
що зробив во кузняки,
що знайшов на дорозі залізяку!
І дала вона йому молочка.
Оце мужику по-вез-ло!');
INSERT OR REPLACE INTO songs (id,title,subtitle,lang,country,period,year,source,notes,lyrics,tags_json,lang_locked,status,created_at,updated_at) VALUES ('pisniua_3126261','Бобринець','Музика: Євген Манженко Слова: Євген Манженко. Виконує: Веселі Біоритми','uk','ukraine_before_1917',NULL,NULL,NULL,NULL,'Ой, який я молодець, шо поїхав в Бобринець!
Олів''є їв, холодець, з мармішеллю голубець.
Тєлєсами рухали, караоке слухали.
Погуляв красиво, видно. Спомнить тіки стидно.

Приспів:
Наливай іше, отець, за весілля, за Бобринець!
Закусю грибочком за твою за дочку.
Хай все буде на столі, лагода і мир в сім''ї!
Омине нехай капець славне місто Бобринець!

Ой, який я молодець, шо поїхав в Бобринець!
З молодим пив, з дідом, з кумами і сусідом!
Приїхав я заряджений, костюм надів наглажений.
Виглядав солідно. Спомнить тіки стидно.

Приспів.

Ой, який я молодець, шо поїхав в Бобринець!
Танцював із дружкою, говорив на вушко їй.
Шось мутив з кумою, спортив їм обої.
Погуляв солідно, видно. Спомнить тіки стидно.

Приспів.','["pisni.org.ua", "cat:socialno-pobutovi", "Соціально-побутові пісні"]',1,'published',COALESCE((SELECT created_at FROM songs WHERE id='pisniua_3126261'), datetime('now')),datetime('now'));
INSERT OR REPLACE INTO songs_fts(song_id,title,lyrics) VALUES ('pisniua_3126261','Бобринець','Ой, який я молодець, шо поїхав в Бобринець!
Олів''є їв, холодець, з мармішеллю голубець.
Тєлєсами рухали, караоке слухали.
Погуляв красиво, видно. Спомнить тіки стидно.

Приспів:
Наливай іше, отець, за весілля, за Бобринець!
Закусю грибочком за твою за дочку.
Хай все буде на столі, лагода і мир в сім''ї!
Омине нехай капець славне місто Бобринець!

Ой, який я молодець, шо поїхав в Бобринець!
З молодим пив, з дідом, з кумами і сусідом!
Приїхав я заряджений, костюм надів наглажений.
Виглядав солідно. Спомнить тіки стидно.

Приспів.

Ой, який я молодець, шо поїхав в Бобринець!
Танцював із дружкою, говорив на вушко їй.
Шось мутив з кумою, спортив їм обої.
Погуляв солідно, видно. Спомнить тіки стидно.

Приспів.');
INSERT OR REPLACE INTO song_links (id,song_id,title,url,kind,version_id,sort_order) VALUES ('pisniua_3126261_l1','pisniua_3126261','YouTube','https://www.youtube.com/watch?v=SKlxPyJzLkQ','video',NULL,1);
INSERT OR REPLACE INTO songs (id,title,subtitle,lang,country,period,year,source,notes,lyrics,tags_json,lang_locked,status,created_at,updated_at) VALUES ('pisniua_3121168','Ой, одверни, Боже, хмару','Українська народна пісня. Виконує: Древо','uk','ukraine_before_1917',NULL,NULL,'аудіозапис',NULL,'Йой, одверни, Боже, й хмару ж
Да й на чужую сторону ж.

Йой, там дід бородатий,
Йой, дівки, череватий ж.

Да й не має ж калюжоньки,
Щоб випрати пелюшочки.','["pisni.org.ua", "cat:socialno-pobutovi", "Соціально-побутові пісні"]',1,'published',COALESCE((SELECT created_at FROM songs WHERE id='pisniua_3121168'), datetime('now')),datetime('now'));
INSERT OR REPLACE INTO songs_fts(song_id,title,lyrics) VALUES ('pisniua_3121168','Ой, одверни, Боже, хмару','Йой, одверни, Боже, й хмару ж
Да й на чужую сторону ж.

Йой, там дід бородатий,
Йой, дівки, череватий ж.

Да й не має ж калюжоньки,
Щоб випрати пелюшочки.');
INSERT OR REPLACE INTO songs (id,title,subtitle,lang,country,period,year,source,notes,lyrics,tags_json,lang_locked,status,created_at,updated_at) VALUES ('pisniua_3128222','Перша нота, нота до...','Українська народна пісня','uk','ukraine_before_1917',NULL,NULL,NULL,NULL,'Перша нота - нота до, ми тверезі от і до
Гей дана, гей дана, гей

Друга нота - нота ре, алкоголь нас не бере
Гей дана, гей дана, гей

Третя нота - нота мі, наливаємо самі
Гей дана, гей дана, гей

Чверта нота - нота фа, заболіла голова
Гей дана, гей дана, гей

П''ята нота - нота соль, не бере нас алкоголь
Гей дана, гей дана, гей

Шоста нота - нота ля, закрутилася земля
Гей дана, гей дана, гей

Сьома нота - нота сі, викликаємо таксі
Гей дана, гей дана, гей

Восьма нота - нота до, ми тверезі все одно
Гей дана, гей дана, гей    Фонограма мінус (midi)','["pisni.org.ua", "cat:zhartivlyvi", "Жартівливі пісні"]',1,'published',COALESCE((SELECT created_at FROM songs WHERE id='pisniua_3128222'), datetime('now')),datetime('now'));
INSERT OR REPLACE INTO songs_fts(song_id,title,lyrics) VALUES ('pisniua_3128222','Перша нота, нота до...','Перша нота - нота до, ми тверезі от і до
Гей дана, гей дана, гей

Друга нота - нота ре, алкоголь нас не бере
Гей дана, гей дана, гей

Третя нота - нота мі, наливаємо самі
Гей дана, гей дана, гей

Чверта нота - нота фа, заболіла голова
Гей дана, гей дана, гей

П''ята нота - нота соль, не бере нас алкоголь
Гей дана, гей дана, гей

Шоста нота - нота ля, закрутилася земля
Гей дана, гей дана, гей

Сьома нота - нота сі, викликаємо таксі
Гей дана, гей дана, гей

Восьма нота - нота до, ми тверезі все одно
Гей дана, гей дана, гей    Фонограма мінус (midi)');
INSERT OR REPLACE INTO song_links (id,song_id,title,url,kind,version_id,sort_order) VALUES ('pisniua_3128222_l1','pisniua_3128222','YouTube','https://www.youtube.com/watch?v=B6jxQB6aHCc','video',NULL,1);
INSERT OR REPLACE INTO song_links (id,song_id,title,url,kind,version_id,sort_order) VALUES ('pisniua_3128222_l2','pisniua_3128222','YouTube','https://www.youtube.com/watch?v=RL_F9eqU_Nw','video',NULL,2);
INSERT OR REPLACE INTO song_links (id,song_id,title,url,kind,version_id,sort_order) VALUES ('pisniua_3128222_l3','pisniua_3128222','Переглянути варіанти >>','https://www.pisni.org.ua/#variants','external',NULL,3);
INSERT OR REPLACE INTO song_links (id,song_id,title,url,kind,version_id,sort_order) VALUES ('pisniua_3128222_l4','pisniua_3128222','http://www.minus.lviv.ua','http://www.minus.lviv.ua','external',NULL,4);
INSERT OR REPLACE INTO songs (id,title,subtitle,lang,country,period,year,source,notes,lyrics,tags_json,lang_locked,status,created_at,updated_at) VALUES ('pisniua_3128663','Ти бережи синів моїх','(Ти пам''ятай, Афганістане!). Музика: Микола Балема Слова: Мирослав Воньо. Виконує: Ірина Фуштей, ансамбль "Козаки Поділля"','uk','ukraine_1991',NULL,'2008','Диск "Волошка. Мирослав Воньо.Срібні пісні", студія "ГроЛіс",м.Тернопіль. 2008 р.','Виконавець: засл.артистка України Ірина Фуштей та ансамбль пісні та танцю "Козаки Поділля", диск "Волошка. Мирослав Воньо. Срібні пісні", студія "ГроЛіс", м.Тернопіль,2008 р.','Чекала дівчина солдата,
Писала за листом листа.
Його послали воювати
В болючий край Афганістан.
І той солдат сестрі-школярці
В медалях снився вже не раз.
Він на армійській фотокартці
Йшов з нею в школу в перший клас.

Приспів-1:     Приспів-2:

Ти бережи, щаслива доле,   Ти пам''ятай,Афганістане,
Моїх синів, молю тебе,   Усіх твоїх захисників!
Хай не затьмариться ніколи  Хай будуть прокляті душмани
Над ними небо голубе!   За горе наших матерів!

Бабуся ждала на онука,
Молилась Богу день при дні,
Щоб не вернувся він безруким,
Щоб не пропав на тій війні.
Чекали сина батько й мати,
Свою надію і любов.
Яке це буде вдома свято,
Як він вернеться жив-здоров!

Приспів.

А він в неділю вранці-рано
У рідний край, у рідний дім
Вернувся із Афганістану
В одежі цинковій, страшній.
Прощалось все село з солдатом,
Усі батьки і матері.
Повік його весна двадцята
Над ним завмерла угорі.

Приспів','["pisni.org.ua", "cat:suspilno-politychni", "Суспільно-політичні пісні"]',1,'published',COALESCE((SELECT created_at FROM songs WHERE id='pisniua_3128663'), datetime('now')),datetime('now'));
INSERT OR REPLACE INTO songs_fts(song_id,title,lyrics) VALUES ('pisniua_3128663','Ти бережи синів моїх','Чекала дівчина солдата,
Писала за листом листа.
Його послали воювати
В болючий край Афганістан.
І той солдат сестрі-школярці
В медалях снився вже не раз.
Він на армійській фотокартці
Йшов з нею в школу в перший клас.

Приспів-1:     Приспів-2:

Ти бережи, щаслива доле,   Ти пам''ятай,Афганістане,
Моїх синів, молю тебе,   Усіх твоїх захисників!
Хай не затьмариться ніколи  Хай будуть прокляті душмани
Над ними небо голубе!   За горе наших матерів!

Бабуся ждала на онука,
Молилась Богу день при дні,
Щоб не вернувся він безруким,
Щоб не пропав на тій війні.
Чекали сина батько й мати,
Свою надію і любов.
Яке це буде вдома свято,
Як він вернеться жив-здоров!

Приспів.

А він в неділю вранці-рано
У рідний край, у рідний дім
Вернувся із Афганістану
В одежі цинковій, страшній.
Прощалось все село з солдатом,
Усі батьки і матері.
Повік його весна двадцята
Над ним завмерла угорі.

Приспів');
INSERT OR REPLACE INTO songs (id,title,subtitle,lang,country,period,year,source,notes,lyrics,tags_json,lang_locked,status,created_at,updated_at) VALUES ('pisniua_3127323','Украдене сонце','Музика: Володимир Скоробський Слова: Василь Стус. Виконує: Журборіз','uk','ukraine_1991',NULL,NULL,'аудіозапис',NULL,'Украдене сонце зизить
Схарапудженим оком,
Мов кінь навіжений
Що чує під серцем ножа.

За хмарами хмари,
За димом пожарищ високо
Зоріє на пустку
Давно збайдужілі божа.

Стенаються в герці
Скажені сини України,
Той з ордами бродить,
А той накликає Москву.

Затялися очі пророчі,
Пророчі з руїни,
Вже мати не встане,
Розкинула руки в рову.

Найшли, налетіли,
Зам''яли, спалили,
Побрали з собою в неволю
Весь тонкоголосий ясир.

Бодай ви пропали, синочки,
Бодай ви пропали,
Бо так не карав нас ні лях,
Бусурмен-бузувір.

І Тясмину тісно од трупу
Козацького й крові,
І Буг почорнілий
Загачено трупом людським.

Бодай ви пропали, синочки,
Були б ви здорові,
У пеклі запеклім,
У райському раї страшнім.

Паси з вас наріжуть,
Натягнуть на гузна вам палі,
І крові наточать,
Упийтесь скаженим вином.

А де ж Україна?..
Все далі, все далі, все далі...
Наш дуб предковічний
Укрився сухим порохном.

Украдене сонце зизить
Схарапудженим оком,
Мов кінь навіжений
Що чує під серцем метал.

Куріє руїна,
Кривавим збігає потоком,
А сонце татарське
Стожальне разить наповал...

А де ж Україна?..
Все далі, все далі, все далі...
Шляхи заростають
Дрімучим терпким полином...

А де ж Україна?..
Все далі, все далі, все далі...
Шляхи заростають
Дрімучим терпким полином...','["pisni.org.ua", "cat:istorychni", "Історичні пісні"]',1,'published',COALESCE((SELECT created_at FROM songs WHERE id='pisniua_3127323'), datetime('now')),datetime('now'));
INSERT OR REPLACE INTO songs_fts(song_id,title,lyrics) VALUES ('pisniua_3127323','Украдене сонце','Украдене сонце зизить
Схарапудженим оком,
Мов кінь навіжений
Що чує під серцем ножа.

За хмарами хмари,
За димом пожарищ високо
Зоріє на пустку
Давно збайдужілі божа.

Стенаються в герці
Скажені сини України,
Той з ордами бродить,
А той накликає Москву.

Затялися очі пророчі,
Пророчі з руїни,
Вже мати не встане,
Розкинула руки в рову.

Найшли, налетіли,
Зам''яли, спалили,
Побрали з собою в неволю
Весь тонкоголосий ясир.

Бодай ви пропали, синочки,
Бодай ви пропали,
Бо так не карав нас ні лях,
Бусурмен-бузувір.

І Тясмину тісно од трупу
Козацького й крові,
І Буг почорнілий
Загачено трупом людським.

Бодай ви пропали, синочки,
Були б ви здорові,
У пеклі запеклім,
У райському раї страшнім.

Паси з вас наріжуть,
Натягнуть на гузна вам палі,
І крові наточать,
Упийтесь скаженим вином.

А де ж Україна?..
Все далі, все далі, все далі...
Наш дуб предковічний
Укрився сухим порохном.

Украдене сонце зизить
Схарапудженим оком,
Мов кінь навіжений
Що чує під серцем метал.

Куріє руїна,
Кривавим збігає потоком,
А сонце татарське
Стожальне разить наповал...

А де ж Україна?..
Все далі, все далі, все далі...
Шляхи заростають
Дрімучим терпким полином...

А де ж Україна?..
Все далі, все далі, все далі...
Шляхи заростають
Дрімучим терпким полином...');
INSERT OR REPLACE INTO song_links (id,song_id,title,url,kind,version_id,sort_order) VALUES ('pisniua_3127323_l1','pisniua_3127323','YouTube','https://www.youtube.com/watch?v=NnJLV9UcZbo','video',NULL,1);
INSERT OR REPLACE INTO songs (id,title,subtitle,lang,country,period,year,source,notes,lyrics,tags_json,lang_locked,status,created_at,updated_at) VALUES ('pisniua_3130168','Озвись','Музика: Мар''ян Гаденко Слова: Микола Сингаївський. Виконує: Ніна Шестакова, Алла Кобилянська','uk','ukraine_1991',NULL,NULL,'аудіозапис',NULL,'Про тебе думаю щоднини,
А дні летять, а дні летять
І щастя зоряні хвилини
У серці щемно стукотять.

Приспів:
З тобою кожна мить, як пісня,
А в кожній пісні два крила.
Ти з неї щедрості напийся,
Немов з дзвінкого джерела.
Озвись, мов птаха вдалині,
Стань весною цвітом,
Чи, на мить, прощанням.
Не стань лише розлукою мені,
Де кожна наша зустріч,
Мов остання.

Ти мов життя мені, жаданий,
Живи і серцем пам''ятай,
Що ти омріяний, коханий,
Як чисте небо, отчий край.

Приспів. (2)','["pisni.org.ua", "cat:romansy", "Романси"]',1,'published',COALESCE((SELECT created_at FROM songs WHERE id='pisniua_3130168'), datetime('now')),datetime('now'));
INSERT OR REPLACE INTO songs_fts(song_id,title,lyrics) VALUES ('pisniua_3130168','Озвись','Про тебе думаю щоднини,
А дні летять, а дні летять
І щастя зоряні хвилини
У серці щемно стукотять.

Приспів:
З тобою кожна мить, як пісня,
А в кожній пісні два крила.
Ти з неї щедрості напийся,
Немов з дзвінкого джерела.
Озвись, мов птаха вдалині,
Стань весною цвітом,
Чи, на мить, прощанням.
Не стань лише розлукою мені,
Де кожна наша зустріч,
Мов остання.

Ти мов життя мені, жаданий,
Живи і серцем пам''ятай,
Що ти омріяний, коханий,
Як чисте небо, отчий край.

Приспів. (2)');
INSERT OR REPLACE INTO songs (id,title,subtitle,lang,country,period,year,source,notes,lyrics,tags_json,lang_locked,status,created_at,updated_at) VALUES ('pisniua_3129869','Купала','Музика: Олександр Шевченко Слова: Олександр Шевченко. Виконує: Олександр Шевченко','uk','ukraine_before_1917',NULL,NULL,'аудіозапис',NULL,'В ніч на Івана в чарівнім серпанку
Підемо разом на зустріч світанку,
Шепіт гарячий вночі, голоси молоді,
В шепоті тому серця завмирають,
В річку дівчата віночки пускають,
І тихо пливуть ті віночки по темній воді.

Приспів:
Зачаровані обоє зоряним небом
Віч на віч,
Обіймає нас з тобою ніч,
Купальська ніч.
Ніч, купальська ніч.

В ніч на Івана вогні загорілися,
Руки гарячі у танці зустрілися,
Я розшукаю, де папороть в лісі цвіте.
Пахне повітря травою прим''ятою,
Пахне чар-зіллям і рутою, м''ятою,
В ніч на Іване буяє життя молоде.

Приспів. (2)

Ніч, купальська ніч...','["pisni.org.ua", "cat:kupalski", "Купальські пісні"]',1,'published',COALESCE((SELECT created_at FROM songs WHERE id='pisniua_3129869'), datetime('now')),datetime('now'));
INSERT OR REPLACE INTO songs_fts(song_id,title,lyrics) VALUES ('pisniua_3129869','Купала','В ніч на Івана в чарівнім серпанку
Підемо разом на зустріч світанку,
Шепіт гарячий вночі, голоси молоді,
В шепоті тому серця завмирають,
В річку дівчата віночки пускають,
І тихо пливуть ті віночки по темній воді.

Приспів:
Зачаровані обоє зоряним небом
Віч на віч,
Обіймає нас з тобою ніч,
Купальська ніч.
Ніч, купальська ніч.

В ніч на Івана вогні загорілися,
Руки гарячі у танці зустрілися,
Я розшукаю, де папороть в лісі цвіте.
Пахне повітря травою прим''ятою,
Пахне чар-зіллям і рутою, м''ятою,
В ніч на Іване буяє життя молоде.

Приспів. (2)

Ніч, купальська ніч...');
INSERT OR REPLACE INTO songs (id,title,subtitle,lang,country,period,year,source,notes,lyrics,tags_json,lang_locked,status,created_at,updated_at) VALUES ('pisniua_3129560','Гуси-лебеді','Музика: Богдан-Юрій Янівський Слова: Богдан Стельмах. Виконує: Дарка і Славко','uk','ukraine_1991',NULL,NULL,'аудіозапис',NULL,'Їхав, обіцяв повернутись,
Прийти ти,
Ой, не зміг прийти,
Ніч свою знайти встиг.

Гуси-лебеді в синій вересень,
Ладо з Ладою за розлукою,
Гуси-лебеді, біле пір''ячко,
Ладо з Ладою, жаль.
Гуси-лебеді в синій вересень,
Ладо з Ладою за розлукою,
Гуси-лебеді, Ладо з Ладою, жаль.

Мине білий лебідь, мене мине,
Жаль Ладо з Ладою, жаль,
Жаль, білий лебідь мене мине,
Жаль Ладо з Ладою, жаль.

Білий лебідь,
Злети скоріш в височинь, злинь,
Бо життя пройде,
А любов не прийде.

Приспів.

Їхав, обіцяв повернутись,
Прийти ти,
Ой, не міг прийти,
Ніч свою знайти в сни.

Гуси-лебеді в синій вересень,
Ладо з Ладою за розлукою.
Гуси-лебеді, біле пір''ячко,
Ладо з Ладою, жаль.
Гуси-лебеді в синій вересень,
Ладо з Ладою за розлукою.
Гуси-лебеді, Ладо з Ладою, жаль.

Мине білий лебідь, мене мине, |
Жаль Ладо з Ладою, жаль,      |
Жаль, білий лебідь мене мине, |
Жаль Ладо з Ладою, жаль.      | (2)

Жаль Ладо з Ладою, жаль.      | (2)','["pisni.org.ua", "cat:romansy", "Романси"]',1,'published',COALESCE((SELECT created_at FROM songs WHERE id='pisniua_3129560'), datetime('now')),datetime('now'));
INSERT OR REPLACE INTO songs_fts(song_id,title,lyrics) VALUES ('pisniua_3129560','Гуси-лебеді','Їхав, обіцяв повернутись,
Прийти ти,
Ой, не зміг прийти,
Ніч свою знайти встиг.

Гуси-лебеді в синій вересень,
Ладо з Ладою за розлукою,
Гуси-лебеді, біле пір''ячко,
Ладо з Ладою, жаль.
Гуси-лебеді в синій вересень,
Ладо з Ладою за розлукою,
Гуси-лебеді, Ладо з Ладою, жаль.

Мине білий лебідь, мене мине,
Жаль Ладо з Ладою, жаль,
Жаль, білий лебідь мене мине,
Жаль Ладо з Ладою, жаль.

Білий лебідь,
Злети скоріш в височинь, злинь,
Бо життя пройде,
А любов не прийде.

Приспів.

Їхав, обіцяв повернутись,
Прийти ти,
Ой, не міг прийти,
Ніч свою знайти в сни.

Гуси-лебеді в синій вересень,
Ладо з Ладою за розлукою.
Гуси-лебеді, біле пір''ячко,
Ладо з Ладою, жаль.
Гуси-лебеді в синій вересень,
Ладо з Ладою за розлукою.
Гуси-лебеді, Ладо з Ладою, жаль.

Мине білий лебідь, мене мине, |
Жаль Ладо з Ладою, жаль,      |
Жаль, білий лебідь мене мине, |
Жаль Ладо з Ладою, жаль.      | (2)

Жаль Ладо з Ладою, жаль.      | (2)');
INSERT OR REPLACE INTO songs (id,title,subtitle,lang,country,period,year,source,notes,lyrics,tags_json,lang_locked,status,created_at,updated_at) VALUES ('pisniua_3125828','Це мій рідний край (Вдалині за річкою....)','Музика: Володимир Куртяк Слова: Вадим Крищенко. Виконує: Світлана Весна','uk','ukraine_1991',NULL,NULL,NULL,NULL,'Вдалині за річкою срібний зорепад
І вином порічковим всіх частує сад,
Літньою долиною йду не поспіша
Вишнею й калиною втішена душа.

Приспів:
Це край, де я родилась і живу,
Де все для мене рідне — не байдуже,
Де зірка з неба впала у траву,
Щоб ти мене побачив милий друже.
Це край моєї втіхи і сльози,
Із рідним словом, з рідними піснями
Тулюся до вкраїнської краси,
Бо це взяла від батька і від мами.

Пахнуть луки травами, пахнуть до знемог
Грішне разом з праведним в силуетах двох,
Музика над тишею, хоч на струнах грай
І душа утішена — це мій рідний край!

Приспів','["pisni.org.ua", "cat:patriotic", "Патріотичні пісні"]',1,'published',COALESCE((SELECT created_at FROM songs WHERE id='pisniua_3125828'), datetime('now')),datetime('now'));
INSERT OR REPLACE INTO songs_fts(song_id,title,lyrics) VALUES ('pisniua_3125828','Це мій рідний край (Вдалині за річкою....)','Вдалині за річкою срібний зорепад
І вином порічковим всіх частує сад,
Літньою долиною йду не поспіша
Вишнею й калиною втішена душа.

Приспів:
Це край, де я родилась і живу,
Де все для мене рідне — не байдуже,
Де зірка з неба впала у траву,
Щоб ти мене побачив милий друже.
Це край моєї втіхи і сльози,
Із рідним словом, з рідними піснями
Тулюся до вкраїнської краси,
Бо це взяла від батька і від мами.

Пахнуть луки травами, пахнуть до знемог
Грішне разом з праведним в силуетах двох,
Музика над тишею, хоч на струнах грай
І душа утішена — це мій рідний край!

Приспів');
INSERT OR REPLACE INTO song_links (id,song_id,title,url,kind,version_id,sort_order) VALUES ('pisniua_3125828_l1','pisniua_3125828','YouTube','https://www.youtube.com/watch?v=VouDm1IiZPE','video',NULL,1);
INSERT OR REPLACE INTO songs (id,title,subtitle,lang,country,period,year,source,notes,lyrics,tags_json,lang_locked,status,created_at,updated_at) VALUES ('pisniua_313020','Ой зацвіла черемха','Музика: Роман Купчинський Слова: Роман Купчинський. Виконує: Не журись!','uk','ukrainian_peoples_republic_1917_1921',NULL,NULL,NULL,NULL,'Ой зацвіла черемха, зацвіла
Ярим цвітом.
Там прощався та й стрілець січовий
З білим світом.

Там прощався та й стрілець січовий
З квітоньками,
Що немає кому прокопати
Йому ями.

Нема кому труни тисової
Оповити.
Буде тіло чорне гайвороння
Розносити.

А черемха тую скаргу тиху
Зрозуміла,
Чисту душу стрільця січового
Пожаліла.

Спи спокійно, стрільчику січовий,
Спи, мій сину.
Бо я тебе чесно поховаю,
Як дитину.

Рано-вранці прийшли за ним друзі
Обрядити.
А за нічку стрільця січового
Вкрили квіти','["pisni.org.ua", "cat:strilecki", "Стрілецькі пісні"]',1,'published',COALESCE((SELECT created_at FROM songs WHERE id='pisniua_313020'), datetime('now')),datetime('now'));
INSERT OR REPLACE INTO songs_fts(song_id,title,lyrics) VALUES ('pisniua_313020','Ой зацвіла черемха','Ой зацвіла черемха, зацвіла
Ярим цвітом.
Там прощався та й стрілець січовий
З білим світом.

Там прощався та й стрілець січовий
З квітоньками,
Що немає кому прокопати
Йому ями.

Нема кому труни тисової
Оповити.
Буде тіло чорне гайвороння
Розносити.

А черемха тую скаргу тиху
Зрозуміла,
Чисту душу стрільця січового
Пожаліла.

Спи спокійно, стрільчику січовий,
Спи, мій сину.
Бо я тебе чесно поховаю,
Як дитину.

Рано-вранці прийшли за ним друзі
Обрядити.
А за нічку стрільця січового
Вкрили квіти');
INSERT OR REPLACE INTO songs (id,title,subtitle,lang,country,period,year,source,notes,lyrics,tags_json,lang_locked,status,created_at,updated_at) VALUES ('pisniua_313467','На камені ноги мию','Українська народна пісня','uk','ukraine_before_1917',NULL,NULL,NULL,'* Ці в''язки (куплети) додав "Anrzej". Тональність мелодії (D minor), поданої у midi-файлі, відміннна від тональності, у якій подані акорди у тексті пісні.','На ка___мені но_ги   ми_ю,
На камені стою,
Кругом мене чари сиплять,   |
А я   ся й не бою.          | (2)

Навкруг мене чари сиплять -
А я не боюся,
Коби скорше до осені,       |
Бо я віддаюся.              | (2)

Коби скорше до осені -
Віддамся, віддамся,
Але свому миленькому,       |
Зрадити не дамся.           | (2)

Кругом мене чари сиплять, *
А я не боюся,
Коби швидше до вечора -     |
Піду притулюся.             | (2)

Коби швидше до вечора, *
До темної нічки,
Коби швидше зазирнути       |
Миленькому в вічки.         | (2)

Сама овес я сіяла -
Сама його й скошу,
Сам мій милий нагнівався -  |
Сам ся перепрошуй.          | (2)

Чого вікна побіліли? -
Бо вітер з морозом.
Розгнівався мій миленький - |
Дурний в нього розум.       | (2)

Розгнівався мій миленький
У самий вівторок,
Здається ми, моя мамко,     |
Що вже неділь сорок.        | (2)

- Ой не сорок, моя доню,
Не сорок, не сорок:
Учора був понеділок -       |
Сьогодні вівторок.          | (2)

Нема мого миленького, *
Нема мої чічки (квітки),
Пішла б його виглядати,     |
Та не знаю звідки.          | (2)','["pisni.org.ua", "cat:zhartivlyvi", "Жартівливі пісні"]',1,'published',COALESCE((SELECT created_at FROM songs WHERE id='pisniua_313467'), datetime('now')),datetime('now'));
INSERT OR REPLACE INTO songs_fts(song_id,title,lyrics) VALUES ('pisniua_313467','На камені ноги мию','На ка___мені но_ги   ми_ю,
На камені стою,
Кругом мене чари сиплять,   |
А я   ся й не бою.          | (2)

Навкруг мене чари сиплять -
А я не боюся,
Коби скорше до осені,       |
Бо я віддаюся.              | (2)

Коби скорше до осені -
Віддамся, віддамся,
Але свому миленькому,       |
Зрадити не дамся.           | (2)

Кругом мене чари сиплять, *
А я не боюся,
Коби швидше до вечора -     |
Піду притулюся.             | (2)

Коби швидше до вечора, *
До темної нічки,
Коби швидше зазирнути       |
Миленькому в вічки.         | (2)

Сама овес я сіяла -
Сама його й скошу,
Сам мій милий нагнівався -  |
Сам ся перепрошуй.          | (2)

Чого вікна побіліли? -
Бо вітер з морозом.
Розгнівався мій миленький - |
Дурний в нього розум.       | (2)

Розгнівався мій миленький
У самий вівторок,
Здається ми, моя мамко,     |
Що вже неділь сорок.        | (2)

- Ой не сорок, моя доню,
Не сорок, не сорок:
Учора був понеділок -       |
Сьогодні вівторок.          | (2)

Нема мого миленького, *
Нема мої чічки (квітки),
Пішла б його виглядати,     |
Та не знаю звідки.          | (2)');
INSERT OR REPLACE INTO song_links (id,song_id,title,url,kind,version_id,sort_order) VALUES ('pisniua_313467_l1','pisniua_313467','YouTube','https://www.youtube.com/watch?v=9rsv2uVJ_Ps','video',NULL,1);
INSERT OR REPLACE INTO song_links (id,song_id,title,url,kind,version_id,sort_order) VALUES ('pisniua_313467_l2','pisniua_313467','YouTube','https://www.youtube.com/watch?v=QNtFJGUQUv4','video',NULL,2);
INSERT OR REPLACE INTO songs (id,title,subtitle,lang,country,period,year,source,notes,lyrics,tags_json,lang_locked,status,created_at,updated_at) VALUES ('pisniua_313626','Люляй, люляй, мій синочку','(Колискова). Музика: Віктор Морозов Слова: Андрій Панчишин. Виконує: Оксана Білозір, Віктор Морозов, Man Sound, Оксана Білозір, Анжеліка Рудницька, Поль Манондіз','uk','ukraine_1991',NULL,'1992','http://www.mo-productions.com/ukr/zironkatapelyrics.html','Пісня з альбому "ЧЕРЕЗ ЗІРОНЬКУ ЯСНУ (1992) (Українські колискові пісні) (книжка й музична касета) Аудіо (фрагмент, real audio): http://www.mo-productions.com/clips/metaliuliay.ram','Люляй, люляй, мій синочку,
Тато зробить забавочку,
Зробить шабельку кленову
Та ще й коника гнідого,
Мама вишиє сорочку,
Люляй, люляй, мій синочку.

Приспів:
А-а, котки два, шурі-бурі обидва!.. | (2)

Люляй, люляй, мій Іванку,
Завтра вбереш вишиванку,
Припнеш шабельку до боку,
Та й поїдеш в світ широкий.
А в воротях кінь спіткнеться,
Син додому не вернеться...

Приспів.

У неділю вранці-рано,
Кінь вернувся осідланий,
Вийшла з хати стара мати,
Стала коня напувати,
Як напоїть, то й заплаче:
Люляй, люляй, мій козаче...

Приспів.','["pisni.org.ua", "cat:bardivski", "cat:kolyskovi", "Бардівські пісні", "Колискові"]',1,'published',COALESCE((SELECT created_at FROM songs WHERE id='pisniua_313626'), datetime('now')),datetime('now'));
INSERT OR REPLACE INTO songs_fts(song_id,title,lyrics) VALUES ('pisniua_313626','Люляй, люляй, мій синочку','Люляй, люляй, мій синочку,
Тато зробить забавочку,
Зробить шабельку кленову
Та ще й коника гнідого,
Мама вишиє сорочку,
Люляй, люляй, мій синочку.

Приспів:
А-а, котки два, шурі-бурі обидва!.. | (2)

Люляй, люляй, мій Іванку,
Завтра вбереш вишиванку,
Припнеш шабельку до боку,
Та й поїдеш в світ широкий.
А в воротях кінь спіткнеться,
Син додому не вернеться...

Приспів.

У неділю вранці-рано,
Кінь вернувся осідланий,
Вийшла з хати стара мати,
Стала коня напувати,
Як напоїть, то й заплаче:
Люляй, люляй, мій козаче...

Приспів.');
INSERT OR REPLACE INTO song_links (id,song_id,title,url,kind,version_id,sort_order) VALUES ('pisniua_313626_l1','pisniua_313626','YouTube','https://www.youtube.com/watch?v=jb30zBdsbCc','video',NULL,1);
INSERT OR REPLACE INTO song_links (id,song_id,title,url,kind,version_id,sort_order) VALUES ('pisniua_313626_l2','pisniua_313626','YouTube','https://www.youtube.com/watch?v=pkuKu3Y9gFs','video',NULL,2);
INSERT OR REPLACE INTO song_links (id,song_id,title,url,kind,version_id,sort_order) VALUES ('pisniua_313626_l3','pisniua_313626','YouTube','https://www.youtube.com/watch?v=3VPv31MdoIw','video',NULL,3);
INSERT OR REPLACE INTO songs (id,title,subtitle,lang,country,period,year,source,notes,lyrics,tags_json,lang_locked,status,created_at,updated_at) VALUES ('pisniua_3136766','Виберіть мене','Музика: Олександр Положинський Слова: Олександр Положинський. Виконує: Олександр Положинський','uk','ukraine_1991',NULL,NULL,NULL,NULL,'Вирішив власне життя привести до ладу -
Буду балотуватися в президентську владу.
А чом би й ні? Кожному дорога відкрита
До, так би мовити, державного корита.
Мої руки нічого не крали, тіло моє не сиділо,
А якщо і сиділо, то яке кому діло?
Назбираю грошей, куплю індульгенцію -
І запишуся до еліти, богеми чи інтелігенції.
Вивчу гарну промову, відрепетирую міміку,
У власну риторику вплету критику та лірику.
Говоритиму про народ, про владу, про Україну-неньку,
Тим часом підберу собі костюмчик гарненький.
Народу все одно - кандидати порожні чи повні,
Важливо не те, що всередині, а те, що зовні.
Очі мої - чисті й невинні, обличчя - просте,
От тільки шкода, що коса не росте...

Громадяни України, користуйтесь моментом -
Виберіть мене своїм Президентом!
А щоб уберегтися від верховної зради,
Дозвольте мені узурпувати владу...

Для початку знайду собі олігарха -
Нехай профінансує майбутнього монарха.
Найму консультатном якогось закордонного вар''ята
І почну боротьбу за прихильність електорату.
Бідним пообіцяю, що зроблю всіх багатими,
Багатим поклянусь, що їх не чіпатиму.
І під прапором поморанчево-червоно-біло-синім
Відправлюся у тривале турне по країні.
На Сході розповідатиму, що западенці - фашисти,
Захід переконаю, що всі східняки - комуністи.
А коли Схід та Захід зіштовхну лобами,
Зганяю на поклон до бараку Обами.
Зовнішня політика нескладна, по суті,
Тому зганяю на поклон ще й до Мєдвєдєва і Путіна.
Коротше, ні ідеї, ні ідеології,
А бруд і брехню назву політтехнологіями...

Громадяни України, користуйтесь моментом -
Виберіть мене своїм Президентом!
А щоб уберегтися від верховної зради,
Дозвольте мені узурпувати владу...

Передвиборчу кампанію проведу максимально серйозно
За мене проголосують майже одноголосно!
Служитиму народу вірою і правдою,
А відповідальність ділитиму між Кабміном та Радою.
Все накра... зароблене запишу на маму,
А маму, про всяк випадок, відправлю в Панаму.
Всю рідню забезпечу, всім друзям віддячу,
Ну й собі зароблю - на пенсію і дачу...

Громадяни України, користуйтесь моментом -
Виберіть мене своїм Президентом!
А щоб уберегтися від верховної зради,
Дозвольте мені узурпувати владу...','["pisni.org.ua", "cat:suspilno-politychni", "Суспільно-політичні пісні"]',1,'published',COALESCE((SELECT created_at FROM songs WHERE id='pisniua_3136766'), datetime('now')),datetime('now'));
INSERT OR REPLACE INTO songs_fts(song_id,title,lyrics) VALUES ('pisniua_3136766','Виберіть мене','Вирішив власне життя привести до ладу -
Буду балотуватися в президентську владу.
А чом би й ні? Кожному дорога відкрита
До, так би мовити, державного корита.
Мої руки нічого не крали, тіло моє не сиділо,
А якщо і сиділо, то яке кому діло?
Назбираю грошей, куплю індульгенцію -
І запишуся до еліти, богеми чи інтелігенції.
Вивчу гарну промову, відрепетирую міміку,
У власну риторику вплету критику та лірику.
Говоритиму про народ, про владу, про Україну-неньку,
Тим часом підберу собі костюмчик гарненький.
Народу все одно - кандидати порожні чи повні,
Важливо не те, що всередині, а те, що зовні.
Очі мої - чисті й невинні, обличчя - просте,
От тільки шкода, що коса не росте...

Громадяни України, користуйтесь моментом -
Виберіть мене своїм Президентом!
А щоб уберегтися від верховної зради,
Дозвольте мені узурпувати владу...

Для початку знайду собі олігарха -
Нехай профінансує майбутнього монарха.
Найму консультатном якогось закордонного вар''ята
І почну боротьбу за прихильність електорату.
Бідним пообіцяю, що зроблю всіх багатими,
Багатим поклянусь, що їх не чіпатиму.
І під прапором поморанчево-червоно-біло-синім
Відправлюся у тривале турне по країні.
На Сході розповідатиму, що западенці - фашисти,
Захід переконаю, що всі східняки - комуністи.
А коли Схід та Захід зіштовхну лобами,
Зганяю на поклон до бараку Обами.
Зовнішня політика нескладна, по суті,
Тому зганяю на поклон ще й до Мєдвєдєва і Путіна.
Коротше, ні ідеї, ні ідеології,
А бруд і брехню назву політтехнологіями...

Громадяни України, користуйтесь моментом -
Виберіть мене своїм Президентом!
А щоб уберегтися від верховної зради,
Дозвольте мені узурпувати владу...

Передвиборчу кампанію проведу максимально серйозно
За мене проголосують майже одноголосно!
Служитиму народу вірою і правдою,
А відповідальність ділитиму між Кабміном та Радою.
Все накра... зароблене запишу на маму,
А маму, про всяк випадок, відправлю в Панаму.
Всю рідню забезпечу, всім друзям віддячу,
Ну й собі зароблю - на пенсію і дачу...

Громадяни України, користуйтесь моментом -
Виберіть мене своїм Президентом!
А щоб уберегтися від верховної зради,
Дозвольте мені узурпувати владу...');
INSERT OR REPLACE INTO song_links (id,song_id,title,url,kind,version_id,sort_order) VALUES ('pisniua_3136766_l1','pisniua_3136766','YouTube','https://www.youtube.com/watch?v=AdyzgiLCzLI','video',NULL,1);
INSERT OR REPLACE INTO songs (id,title,subtitle,lang,country,period,year,source,notes,lyrics,tags_json,lang_locked,status,created_at,updated_at) VALUES ('pisniua_3130323','Чужина','Музика: Василь Дунець Слова: Василь Дунець. Виконує: Василь Дунець','uk','ukraine_1991',NULL,NULL,'аудіозапис',NULL,'Знову Гамбург зустів нас дощем,
Плачуть голі дерева у сні,
Закриваюсь од вітру плащем
Та незатишно зовсім мені.
Мої думи гіркі невеселі
Точать серце у цій далині,
Десь дружина в холодній постелі,
Я ж тиняюся по чужині.

Чужина, чужина, чужина,     |
Не зігрієш ти душу мою,     |
Бо мій дім і родина моя     |
Залишись у ріднім краю.     | (2)

Де б не був у Нью-Йорку, Берліні,
Чи в туманному Лондоні теж,
Земляків моїх очі журливі
Серед тисяч чужих пізнаєш.
В них і смуток, і біль невимовні,
За майбутнє дітей своїх страх,
Ой, як часто слізьми вони повні,
Все читаєш у рідних очах.

Чужина, чужина, чужина,     |
Не зігрієш ти душу мою,     |
Бо мій дім і родина моя     |
Залишись у ріднім краю.     | (2)

Чужина... Чужина...

На полях, на будовах, в борделях
Можна мову почути свою.
Земляки розпрощавшись з ріднею,
Там за безцінь себе продають.
Українці, козацька родино,
Доки будем рабами в раю?
Повертайтесь назад в Україну
І державу будуйте свою!

Бо як б не була чужина,     |
Все одно ви чужинці на ній. |
Не замінить вам матір вона, |
Щастя жити в своїй стороні. | (2)','["pisni.org.ua", "cat:emigration", "Пісні про еміґрацію"]',1,'published',COALESCE((SELECT created_at FROM songs WHERE id='pisniua_3130323'), datetime('now')),datetime('now'));
INSERT OR REPLACE INTO songs_fts(song_id,title,lyrics) VALUES ('pisniua_3130323','Чужина','Знову Гамбург зустів нас дощем,
Плачуть голі дерева у сні,
Закриваюсь од вітру плащем
Та незатишно зовсім мені.
Мої думи гіркі невеселі
Точать серце у цій далині,
Десь дружина в холодній постелі,
Я ж тиняюся по чужині.

Чужина, чужина, чужина,     |
Не зігрієш ти душу мою,     |
Бо мій дім і родина моя     |
Залишись у ріднім краю.     | (2)

Де б не був у Нью-Йорку, Берліні,
Чи в туманному Лондоні теж,
Земляків моїх очі журливі
Серед тисяч чужих пізнаєш.
В них і смуток, і біль невимовні,
За майбутнє дітей своїх страх,
Ой, як часто слізьми вони повні,
Все читаєш у рідних очах.

Чужина, чужина, чужина,     |
Не зігрієш ти душу мою,     |
Бо мій дім і родина моя     |
Залишись у ріднім краю.     | (2)

Чужина... Чужина...

На полях, на будовах, в борделях
Можна мову почути свою.
Земляки розпрощавшись з ріднею,
Там за безцінь себе продають.
Українці, козацька родино,
Доки будем рабами в раю?
Повертайтесь назад в Україну
І державу будуйте свою!

Бо як б не була чужина,     |
Все одно ви чужинці на ній. |
Не замінить вам матір вона, |
Щастя жити в своїй стороні. | (2)');
INSERT OR REPLACE INTO song_links (id,song_id,title,url,kind,version_id,sort_order) VALUES ('pisniua_3130323_l1','pisniua_3130323','YouTube','https://www.youtube.com/watch?v=maX8uFHIH98','video',NULL,1);
INSERT OR REPLACE INTO songs (id,title,subtitle,lang,country,period,year,source,notes,lyrics,tags_json,lang_locked,status,created_at,updated_at) VALUES ('pisniua_3130626','Різдво Богородиці',NULL,'uk','ukraine_1991',NULL,NULL,NULL,NULL,'Що то за диво, що за причина?
На небі яснім зоря заясніла.
Місяць у повені, в сонячнім сяйві,
Веселка по небу від краю до краю.

Приспів:
Ликує небо, земля звеселилась,
Діва Марія на світ народилась,
Радіє Анна і Йоаким.
Марія, Марія, свята Марія -
Радість і мир,
Світло і мир - Марія.

Спить собі тихо святая дитина,
Непорочно зачата - світу перлина.
Любов і надія світанку світлого,
Майбутнього Мати, Мати Всевишнього.

Приспів.','["pisni.org.ua", "cat:do-bohorodyci", "Пісні до Богородиці"]',1,'published',COALESCE((SELECT created_at FROM songs WHERE id='pisniua_3130626'), datetime('now')),datetime('now'));
INSERT OR REPLACE INTO songs_fts(song_id,title,lyrics) VALUES ('pisniua_3130626','Різдво Богородиці','Що то за диво, що за причина?
На небі яснім зоря заясніла.
Місяць у повені, в сонячнім сяйві,
Веселка по небу від краю до краю.

Приспів:
Ликує небо, земля звеселилась,
Діва Марія на світ народилась,
Радіє Анна і Йоаким.
Марія, Марія, свята Марія -
Радість і мир,
Світло і мир - Марія.

Спить собі тихо святая дитина,
Непорочно зачата - світу перлина.
Любов і надія світанку світлого,
Майбутнього Мати, Мати Всевишнього.

Приспів.');
