DELETE FROM song_links WHERE song_id = 'pisniua_412333';
DELETE FROM song_versions WHERE song_id = 'pisniua_412333';
DELETE FROM songs_fts WHERE song_id = 'pisniua_412333';
DELETE FROM songs WHERE id = 'pisniua_412333';
INSERT OR REPLACE INTO songs (id,title,subtitle,lang,country,period,year,source,notes,lyrics,tags_json,lang_locked,status,created_at,updated_at) VALUES ('pisniua_412333','А в Горобейка Жінка Маленька','Українська народна пісня','uk','ukraine_before_1917',NULL,NULL,'1. Котилася Торба. Українські народні дитячі ігри. Київ "Веселка" 1990. 32с.','Пісня-гра. Гаївки-Великдень: Українське свято Відродження Світа. Еротика, жарти, забави: Катерини – Калета – Андрія... Гаївки-Великдень... Зелені Свята... Івана Купала... Весілля... – Щедровечірнє й Новорічне: Маланки-Василь. Коза. Кіт... А в Горобейка Жінка Маленька. Стежки до листків про Українські традиції.','А в Горобейка Жінка Маленька

Дівчата беруться за руки і співають.
Під час співу дві крайні Дівчини підіймають руки
і пропускають попід ними всіх інших:

А в Горобейка Жінка Маленька
Сидить на Кілочку пряде на Сорочку
Що виведе нитку Гороб''ю на Свитку
Остануться кінці Гороб''ю на Штанці
Остануться торочки Гороб''ю на Сорочки','[''pisni.org.ua'', ''cat:dytyachi'', ''cat:lirychni'', ''cat:narodni'', ''cat:vesnyanky-hayivky'', ''Дитячі пісні'', ''Пісні про кохання, ліричні'', ''Народні пісні'', ''Веснянки та гаївки'']',1,'published',COALESCE((SELECT created_at FROM songs WHERE id='pisniua_412333'), datetime('now')),datetime('now'));
INSERT OR REPLACE INTO songs_fts(song_id,title,lyrics) VALUES ('pisniua_412333','А в Горобейка Жінка Маленька','А в Горобейка Жінка Маленька

Дівчата беруться за руки і співають.
Під час співу дві крайні Дівчини підіймають руки
і пропускають попід ними всіх інших:

А в Горобейка Жінка Маленька
Сидить на Кілочку пряде на Сорочку
Що виведе нитку Гороб''ю на Свитку
Остануться кінці Гороб''ю на Штанці
Остануться торочки Гороб''ю на Сорочки');
DELETE FROM song_links WHERE song_id = 'pisniua_412230';
DELETE FROM song_versions WHERE song_id = 'pisniua_412230';
DELETE FROM songs_fts WHERE song_id = 'pisniua_412230';
DELETE FROM songs WHERE id = 'pisniua_412230';
INSERT OR REPLACE INTO songs (id,title,subtitle,lang,country,period,year,source,notes,lyrics,tags_json,lang_locked,status,created_at,updated_at) VALUES ('pisniua_412230','Коли не було з Нащада Світа','Українська народна пісня. Виконує: Ніна Матвієнко','uk','ukraine_before_1917',NULL,NULL,'Староукраїнські релігійні роздуми про Бога © Видавництво "Павутинонька", Нью Йорк – Львів – Київ – Харків – Москва, 2004','Колядка стародавня: Українське Різдво Світа (Коляда). Тогди не було Неба ні Землі. Різдво Сьвіта. Сотворення Неба і Землі. А йак то було с Почітку Сьвіта А що нам було з Нащаду Світа Гей як там було на Початку Світа Є Сьвіт Великий є ще й Сине Море Коли не било з Нащада Світа Коли не було з Нащада Світа Колись то було з Початку Світа Ой грало Море в Неділю рано Ой як се було на Початку Світа Ой як то ще було із Нащада Світа Сїдїв Голубок в Тихім Дунаю Стояла Сосна серед Дунаю Щож нам було з Світа почитку Боже Наш Як ще не було Початку Світа Ой но на Морі Павутиноньки. Радуйся Земле Коляда іде! Листки з приводу цієї Пісні: Українські релігійні роздуми про Бога. Колядки про Почин Світа. Первовічне Дерево і ідеал духового Творця Світа. Українське Свято Воведення 4.12 - Передріздвяний Святочний час. Первовічна Павутинка: Ой як то було з Початку Світа Стежки до листків про Українські традиції.','Коли не було з Нащада Світа Святий Вечір!
Тоді не було Неба ні Землі Добрий Вечір!
А но лем було Синєє Море Святий Вечір!
А серед Моря Зелений Явір Добрий Вечір!

На Явороньку Три Голубоньки Святий Вечір!
Три Голубоньки Радоньку радять Добрий Вечір!
Радоньку радять як Сьвіт сновати Святий Вечір!

Та спустимося на Дно до Моря Добрий Вечір!
Та дістанемо Дрібного Піску Святий Вечір!
Дрібний Пісочок посіємо Ми Добрий Вечір!

Там Нам ся стане Чорна Землиця Святий Вечір!
Та спустимося на Дно до Моря  Добрий Вечір!
Там дістанемо Золотий Камінь Святий Вечір!
Золотий Камінь посіємо Ми Добрий Вечір!
Там Нам ся стане Ясне Небонько Святий Вечір!

Ясне Небонько Світле Сонінько Добрий Вечір!
Світле Сонінько Ясен Місячик Святий Вечір!
Ясен Місячик Ясна Зірниця Добрий Вечір!
Ясна Зірниця Дрібні Звіздочки Святий Вечір!','[''pisni.org.ua'', ''cat:kolyadky'', ''cat:philosophic'', ''cat:shchedrivky'', ''Колядки'', ''Філософські пісні'', ''Щедрівки'']',1,'published',COALESCE((SELECT created_at FROM songs WHERE id='pisniua_412230'), datetime('now')),datetime('now'));
INSERT OR REPLACE INTO songs_fts(song_id,title,lyrics) VALUES ('pisniua_412230','Коли не було з Нащада Світа','Коли не було з Нащада Світа Святий Вечір!
Тоді не було Неба ні Землі Добрий Вечір!
А но лем було Синєє Море Святий Вечір!
А серед Моря Зелений Явір Добрий Вечір!

На Явороньку Три Голубоньки Святий Вечір!
Три Голубоньки Радоньку радять Добрий Вечір!
Радоньку радять як Сьвіт сновати Святий Вечір!

Та спустимося на Дно до Моря Добрий Вечір!
Та дістанемо Дрібного Піску Святий Вечір!
Дрібний Пісочок посіємо Ми Добрий Вечір!

Там Нам ся стане Чорна Землиця Святий Вечір!
Та спустимося на Дно до Моря  Добрий Вечір!
Там дістанемо Золотий Камінь Святий Вечір!
Золотий Камінь посіємо Ми Добрий Вечір!
Там Нам ся стане Ясне Небонько Святий Вечір!

Ясне Небонько Світле Сонінько Добрий Вечір!
Світле Сонінько Ясен Місячик Святий Вечір!
Ясен Місячик Ясна Зірниця Добрий Вечір!
Ясна Зірниця Дрібні Звіздочки Святий Вечір!');
INSERT OR REPLACE INTO song_links (id,song_id,title,url,kind,version_id,sort_order) VALUES ('pisniua_412230_l1','pisniua_412230','YouTube','https://www.youtube.com/watch?v=NuWe7WZXFdI','video',NULL,1);
DELETE FROM song_links WHERE song_id = 'pisniua_4125131';
DELETE FROM song_versions WHERE song_id = 'pisniua_4125131';
DELETE FROM songs_fts WHERE song_id = 'pisniua_4125131';
DELETE FROM songs WHERE id = 'pisniua_4125131';
INSERT OR REPLACE INTO songs (id,title,subtitle,lang,country,period,year,source,notes,lyrics,tags_json,lang_locked,status,created_at,updated_at) VALUES ('pisniua_4125131','Чогось мені та й дрімається','Українська народна пісня. Виконує: Муравський шлях','uk','ukraine_before_1917',NULL,NULL,'аудіозапис, http://www.murshliakh.kharkov.ua',NULL,'Чогось мені та й дрімається,
Ой, да конь вороной спотикається.

Конь вороной спотикається,
Ой, да як спущу я коня у долину.

Як спущу я коня й у долину,
Ой, да я сам ляжу спати на часину.

Я й сам ляжу спати на часину,
Ой, да я спав й не спав не час, не годину.

Я спав й не спав не час, не годину,
Ой, да прийшла к йому молода дівчина.

Прийшла ж к йому молода дівчина,
Ой, да встань, козаче, годі тобі спати!

Встань, козаче, годі тобі спати!
Ой, да прийшли турки, турки воювати.

Прийшли же турки, турки воювати,
Ой, да хотять коня, коня твого взяти.

Хотять коня, коня твого взяти,
А твою головку хотять зарубати.','[''pisni.org.ua'', ''cat:kozacki'', ''Козацькі пісні'']',1,'published',COALESCE((SELECT created_at FROM songs WHERE id='pisniua_4125131'), datetime('now')),datetime('now'));
INSERT OR REPLACE INTO songs_fts(song_id,title,lyrics) VALUES ('pisniua_4125131','Чогось мені та й дрімається','Чогось мені та й дрімається,
Ой, да конь вороной спотикається.

Конь вороной спотикається,
Ой, да як спущу я коня у долину.

Як спущу я коня й у долину,
Ой, да я сам ляжу спати на часину.

Я й сам ляжу спати на часину,
Ой, да я спав й не спав не час, не годину.

Я спав й не спав не час, не годину,
Ой, да прийшла к йому молода дівчина.

Прийшла ж к йому молода дівчина,
Ой, да встань, козаче, годі тобі спати!

Встань, козаче, годі тобі спати!
Ой, да прийшли турки, турки воювати.

Прийшли же турки, турки воювати,
Ой, да хотять коня, коня твого взяти.

Хотять коня, коня твого взяти,
А твою головку хотять зарубати.');
DELETE FROM song_links WHERE song_id = 'pisniua_412287';
DELETE FROM song_versions WHERE song_id = 'pisniua_412287';
DELETE FROM songs_fts WHERE song_id = 'pisniua_412287';
DELETE FROM songs WHERE id = 'pisniua_412287';
INSERT OR REPLACE INTO songs (id,title,subtitle,lang,country,period,year,source,notes,lyrics,tags_json,lang_locked,status,created_at,updated_at) VALUES ('pisniua_412287','Пливе кача','Українська народна пісня. Виконує: Тарас Чубай, Скрябін, Плач Єремії, Піккардійська Терція, Черемшина, Ансамбль Львівського Університету "Черемош", Маріанна Гавриш, Дарина Степанюк, Ансамбль пісні і танцю "Писанка", Гурт Friends in Kharkiv','uk','ukraine_before_1917',NULL,NULL,'CD- Тарас Чубай і Скрябін. "Наші партизани". 2000','Виконавці - "Піккардійська терція". Аранжування - "Піккардійська терція", В.Якимець. Соло - І. Павлюк. Факти та легенди про пісню: https://yedyni.org/plyve-kacha-fakty-ta-legendy-pro-czyu-pisnyu/ Підбір акордів: bohdanko','Вступ: Am (bass: A G F# F C H)  (x2)
Am
Пливе кача по Тисині,
Ой, пливе кача по Тисині.
G
Мамко моя, не лай мені.
Мамко моя, не лай мені.
Залаєш ми в злу годину,
Ой, залаєш ми в злу годину.
Сам не знаю, де погину.   (x2)
Погину я в чужім краю,
Погину я в чужім краю.
Хто ж ми буде брати яму?  (x2)
Виберут ми чужі люде,
Ой виберут ми чужі люде,
Ци не жаль ти, мамко, буде?
Ой, ци не жаль ти, мамко, буде?
Ой як мені, синку, не жаль?
Як же мені, синку, не жаль?
Ти на моїм серцю лежав.   (x2)
Пливе кача по Тисині,
Ой, пливе кача по Тисині.
Мамко моя, не лай мені.   (x2)','[''pisni.org.ua'', ''cat:narodni'', ''cat:patriotic'', ''cat:rekrutski'', ''Народні пісні'', ''Патріотичні пісні'', ''Рекрутські пісні'']',1,'published',COALESCE((SELECT created_at FROM songs WHERE id='pisniua_412287'), datetime('now')),datetime('now'));
INSERT OR REPLACE INTO songs_fts(song_id,title,lyrics) VALUES ('pisniua_412287','Пливе кача','Вступ: Am (bass: A G F# F C H)  (x2)
Am
Пливе кача по Тисині,
Ой, пливе кача по Тисині.
G
Мамко моя, не лай мені.
Мамко моя, не лай мені.
Залаєш ми в злу годину,
Ой, залаєш ми в злу годину.
Сам не знаю, де погину.   (x2)
Погину я в чужім краю,
Погину я в чужім краю.
Хто ж ми буде брати яму?  (x2)
Виберут ми чужі люде,
Ой виберут ми чужі люде,
Ци не жаль ти, мамко, буде?
Ой, ци не жаль ти, мамко, буде?
Ой як мені, синку, не жаль?
Як же мені, синку, не жаль?
Ти на моїм серцю лежав.   (x2)
Пливе кача по Тисині,
Ой, пливе кача по Тисині.
Мамко моя, не лай мені.   (x2)');
INSERT OR REPLACE INTO song_links (id,song_id,title,url,kind,version_id,sort_order) VALUES ('pisniua_412287_l1','pisniua_412287','YouTube','https://www.youtube.com/watch?v=niqtejDFhCM','video',NULL,1);
INSERT OR REPLACE INTO song_links (id,song_id,title,url,kind,version_id,sort_order) VALUES ('pisniua_412287_l2','pisniua_412287','YouTube','https://www.youtube.com/watch?v=q9KlM-nDjCQ','video',NULL,2);
DELETE FROM song_links WHERE song_id = 'pisniua_4121634';
DELETE FROM song_versions WHERE song_id = 'pisniua_4121634';
DELETE FROM songs_fts WHERE song_id = 'pisniua_4121634';
DELETE FROM songs WHERE id = 'pisniua_4121634';
INSERT OR REPLACE INTO songs (id,title,subtitle,lang,country,period,year,source,notes,lyrics,tags_json,lang_locked,status,created_at,updated_at) VALUES ('pisniua_4121634','Випускний','Музика: Скрябін Слова: Андрій Кузьменко. Виконує: Скрябін','uk','ukraine_1991',NULL,NULL,'аудіозапис',NULL,'В спортзалі тихо - не бігають діти,
На стінах шарики і на столах квіти,
І не насварять за помаду вчителі,
Сьогодні можна, сьогодні - випускний!

Приспів:
Останній раз одягнеш форму і поплачеш,
Останній вальс танцює зі сльозами строгий завуч,
Тільки раз в каптьорці ти покуриш з фізруком
І перший раз до ранку не повернешся до дому...

Ти по дорослому сьогодні виглядаєш,
Закінчив школу, але дечого не знаєш.
Вдивись уважно в обличчя цих людей,
Бо будеш бачити багато з них в цей день.

Приспів.

Останній раз...   |
Останній вальс... | (2)

Ранкове сонце не спішиться підійматись,
Комусь вставати, а комусь лягати спати,
А ти гуляєш з друзями по місту,
Прийшов твій час прощатися з дитинством.

Приспів.

Останній раз...   |
Останній вальс... | (2)','[''pisni.org.ua'', ''cat:nostalgia'', ''Пісні з ностальгічними мотивами'']',1,'published',COALESCE((SELECT created_at FROM songs WHERE id='pisniua_4121634'), datetime('now')),datetime('now'));
INSERT OR REPLACE INTO songs_fts(song_id,title,lyrics) VALUES ('pisniua_4121634','Випускний','В спортзалі тихо - не бігають діти,
На стінах шарики і на столах квіти,
І не насварять за помаду вчителі,
Сьогодні можна, сьогодні - випускний!

Приспів:
Останній раз одягнеш форму і поплачеш,
Останній вальс танцює зі сльозами строгий завуч,
Тільки раз в каптьорці ти покуриш з фізруком
І перший раз до ранку не повернешся до дому...

Ти по дорослому сьогодні виглядаєш,
Закінчив школу, але дечого не знаєш.
Вдивись уважно в обличчя цих людей,
Бо будеш бачити багато з них в цей день.

Приспів.

Останній раз...   |
Останній вальс... | (2)

Ранкове сонце не спішиться підійматись,
Комусь вставати, а комусь лягати спати,
А ти гуляєш з друзями по місту,
Прийшов твій час прощатися з дитинством.

Приспів.

Останній раз...   |
Останній вальс... | (2)');
INSERT OR REPLACE INTO song_links (id,song_id,title,url,kind,version_id,sort_order) VALUES ('pisniua_4121634_l1','pisniua_4121634','YouTube','https://www.youtube.com/watch?v=TM_uB0pYuE0','video',NULL,1);
DELETE FROM song_links WHERE song_id = 'pisniua_4125931';
DELETE FROM song_versions WHERE song_id = 'pisniua_4125931';
DELETE FROM songs_fts WHERE song_id = 'pisniua_4125931';
DELETE FROM songs WHERE id = 'pisniua_4125931';
INSERT OR REPLACE INTO songs (id,title,subtitle,lang,country,period,year,source,notes,lyrics,tags_json,lang_locked,status,created_at,updated_at) VALUES ('pisniua_4125931','Святий Петро','(жнивна). Українська народна пісня. Виконує: Веснянка','uk','ukraine_before_1917',NULL,NULL,'http://ukrmusic.com.ua',NULL,'Святий Петро й Іллю кличе:
"Ходи й Ілльо й погуляєм".

"Гуляй, святий Петро, сам же
Бо мнє, Гєллє, нема коли.

Вже косарі на болотє,
А женчики на роботє.

До косарєв обєд нестє,
До женчиков самим пойтє."','[''pisni.org.ua'', ''cat:obzhynkovi'', ''Обжинкові пісні'']',1,'published',COALESCE((SELECT created_at FROM songs WHERE id='pisniua_4125931'), datetime('now')),datetime('now'));
INSERT OR REPLACE INTO songs_fts(song_id,title,lyrics) VALUES ('pisniua_4125931','Святий Петро','Святий Петро й Іллю кличе:
"Ходи й Ілльо й погуляєм".

"Гуляй, святий Петро, сам же
Бо мнє, Гєллє, нема коли.

Вже косарі на болотє,
А женчики на роботє.

До косарєв обєд нестє,
До женчиков самим пойтє."');
DELETE FROM song_links WHERE song_id = 'pisniua_4125981';
DELETE FROM song_versions WHERE song_id = 'pisniua_4125981';
DELETE FROM songs_fts WHERE song_id = 'pisniua_4125981';
DELETE FROM songs WHERE id = 'pisniua_4125981';
INSERT OR REPLACE INTO songs (id,title,subtitle,lang,country,period,year,source,notes,lyrics,tags_json,lang_locked,status,created_at,updated_at) VALUES ('pisniua_4125981','А сосонка літом і зимой','Українська народна пісня. Виконує: Веснянка, Ніна Матвієнко','uk','ukraine_before_1917',NULL,NULL,'http://ukrmusic.com.ua',NULL,'А сосонка       |
Літом і зимой   |
Зелена.         | (2)

Наша Ґаночка    |
В п''ятницю була |
Й весела.       | (2)

А в суботу      |
Русою косу      |
Чесала.         | (2)

А в неділю      |
Йшла до шлюбу   |
Та й плакала.   | (2)

"Ой жаль мені,  |
Моя матінко,    |
Й на тебе.      | (2)

Остається       |
Рутая м''ята     |
Вся в тебе."    | (2)

Відміна:
А сосонка літо і зиму зелена,
Сосонко, літо і зиму зелена.

А в п''ятницю була дівка весела,
А в п''ятницю була дівка весела.

А в суботу русую косу чесала,
В суботу русую косу чесала.

А в неділю ішла до шлюбу, плакала,
В неділю ішла до шлюбу, плакала.

Устань, устань, моя матінко, раненько,
Устань, устань, моя матінко, раненько.

Да поливай рутую м''яту частенько,
Да поливай рутую м''яту частенько.

Устань, устань, моя донечко, раніше,
Устань, устань, моя донечко, раніше.

Да поливай рутую м''яту частіше,
Да поливай рутую м''яту частіше.','[''pisni.org.ua'', ''cat:vesilni'', ''Весільні пісні'']',1,'published',COALESCE((SELECT created_at FROM songs WHERE id='pisniua_4125981'), datetime('now')),datetime('now'));
INSERT OR REPLACE INTO songs_fts(song_id,title,lyrics) VALUES ('pisniua_4125981','А сосонка літом і зимой','А сосонка       |
Літом і зимой   |
Зелена.         | (2)

Наша Ґаночка    |
В п''ятницю була |
Й весела.       | (2)

А в суботу      |
Русою косу      |
Чесала.         | (2)

А в неділю      |
Йшла до шлюбу   |
Та й плакала.   | (2)

"Ой жаль мені,  |
Моя матінко,    |
Й на тебе.      | (2)

Остається       |
Рутая м''ята     |
Вся в тебе."    | (2)

Відміна:
А сосонка літо і зиму зелена,
Сосонко, літо і зиму зелена.

А в п''ятницю була дівка весела,
А в п''ятницю була дівка весела.

А в суботу русую косу чесала,
В суботу русую косу чесала.

А в неділю ішла до шлюбу, плакала,
В неділю ішла до шлюбу, плакала.

Устань, устань, моя матінко, раненько,
Устань, устань, моя матінко, раненько.

Да поливай рутую м''яту частенько,
Да поливай рутую м''яту частенько.

Устань, устань, моя донечко, раніше,
Устань, устань, моя донечко, раніше.

Да поливай рутую м''яту частіше,
Да поливай рутую м''яту частіше.');
DELETE FROM song_links WHERE song_id = 'pisniua_4125838';
DELETE FROM song_versions WHERE song_id = 'pisniua_4125838';
DELETE FROM songs_fts WHERE song_id = 'pisniua_4125838';
DELETE FROM songs WHERE id = 'pisniua_4125838';
INSERT OR REPLACE INTO songs (id,title,subtitle,lang,country,period,year,source,notes,lyrics,tags_json,lang_locked,status,created_at,updated_at) VALUES ('pisniua_4125838','Да село, наше село','Українська народна пісня. Виконує: Веснянка','uk','ukraine_before_1917',NULL,NULL,'http://ukrmusic.com.ua',NULL,'Да село, наше село,
Ой, чого й не весело?

Бо дівоньки заміж вийшли -
Нема кому на село вийти.

Нема кому на село вийти
Да село звеселити.

Да виходьте, селянки,
Заспіваємо веснянки.

Зимували, на печі спали -
Сорочок не напрали.

Да село, наше село,
Ой, чого й не весело?','[''pisni.org.ua'', ''cat:vesnyanky-hayivky'', ''Веснянки та гаївки'']',1,'published',COALESCE((SELECT created_at FROM songs WHERE id='pisniua_4125838'), datetime('now')),datetime('now'));
INSERT OR REPLACE INTO songs_fts(song_id,title,lyrics) VALUES ('pisniua_4125838','Да село, наше село','Да село, наше село,
Ой, чого й не весело?

Бо дівоньки заміж вийшли -
Нема кому на село вийти.

Нема кому на село вийти
Да село звеселити.

Да виходьте, селянки,
Заспіваємо веснянки.

Зимували, на печі спали -
Сорочок не напрали.

Да село, наше село,
Ой, чого й не весело?');
DELETE FROM song_links WHERE song_id = 'pisniua_4125236';
DELETE FROM song_versions WHERE song_id = 'pisniua_4125236';
DELETE FROM songs_fts WHERE song_id = 'pisniua_4125236';
DELETE FROM songs WHERE id = 'pisniua_4125236';
INSERT OR REPLACE INTO songs (id,title,subtitle,lang,country,period,year,source,notes,lyrics,tags_json,lang_locked,status,created_at,updated_at) VALUES ('pisniua_4125236','Тихий гай','Музика: Віталій Калініченко Слова: Віталій Калініченко. Виконує: Веремій','uk','ukraine_1991',NULL,NULL,'http://vkontakte.ru/topic-1738091_12844044','Пісня присвячена темі еміграції','Там, де спить тихий гай снами...
Де в криницях - мав''ячих зіницях блиску ночей -
Поросли давно травою храми...
Вже й цимбали у похід не кличуть: Хей на хей!

В чужім краю долю шукаючи,
Останні крихти і сили втрачаючи,
Понад зорею небесною -
Понад Бугом!..понад Нарвою!..

Він дорогу додому шукав вічність минаючи...
Болотами, ярами в долонях віру стискаючи...
Вітер сльози витирав із його очей...
Хей на хей! Хей на хей!

Буйним квітом пахне земля...
Вільним плаєм спів журавля...
Твій шлях насвітанку веде додому ген за обрій...

Там, де сонце встає
Там, де спить тихий гай
Ти у колиску вітрів повертай...повертай...

Поза шляхами широкими,
Поза горами високими -
Ми шукаємо долю в чужім краю,
Забувши свій рідний....

А в нім буйним квітом пахне земля...
Вільним плаєм спів журавля...
Твій шлях насвітанку веде додому ген за обрій...

Там, де сонце встає
Там, де спить тихий гай
Ти у колиску вітрів повертай...повертай...','[''pisni.org.ua'', ''cat:emigration'', ''Пісні про еміґрацію'']',1,'published',COALESCE((SELECT created_at FROM songs WHERE id='pisniua_4125236'), datetime('now')),datetime('now'));
INSERT OR REPLACE INTO songs_fts(song_id,title,lyrics) VALUES ('pisniua_4125236','Тихий гай','Там, де спить тихий гай снами...
Де в криницях - мав''ячих зіницях блиску ночей -
Поросли давно травою храми...
Вже й цимбали у похід не кличуть: Хей на хей!

В чужім краю долю шукаючи,
Останні крихти і сили втрачаючи,
Понад зорею небесною -
Понад Бугом!..понад Нарвою!..

Він дорогу додому шукав вічність минаючи...
Болотами, ярами в долонях віру стискаючи...
Вітер сльози витирав із його очей...
Хей на хей! Хей на хей!

Буйним квітом пахне земля...
Вільним плаєм спів журавля...
Твій шлях насвітанку веде додому ген за обрій...

Там, де сонце встає
Там, де спить тихий гай
Ти у колиску вітрів повертай...повертай...

Поза шляхами широкими,
Поза горами високими -
Ми шукаємо долю в чужім краю,
Забувши свій рідний....

А в нім буйним квітом пахне земля...
Вільним плаєм спів журавля...
Твій шлях насвітанку веде додому ген за обрій...

Там, де сонце встає
Там, де спить тихий гай
Ти у колиску вітрів повертай...повертай...');
INSERT OR REPLACE INTO song_links (id,song_id,title,url,kind,version_id,sort_order) VALUES ('pisniua_4125236_l1','pisniua_4125236','YouTube','https://www.youtube.com/watch?v=Z_zUjRbHCJk','video',NULL,1);
DELETE FROM song_links WHERE song_id = 'pisniua_4128083';
DELETE FROM song_versions WHERE song_id = 'pisniua_4128083';
DELETE FROM songs_fts WHERE song_id = 'pisniua_4128083';
DELETE FROM songs WHERE id = 'pisniua_4128083';
INSERT OR REPLACE INTO songs (id,title,subtitle,lang,country,period,year,source,notes,lyrics,tags_json,lang_locked,status,created_at,updated_at) VALUES ('pisniua_4128083','Колискова','Музика: Леся Тельнюк Слова: Дмитро Чередниченко. Виконує: Сестри Тельнюк','uk','ukraine_before_1917',NULL,NULL,'http://www.telnyuk.info',NULL,'Зелену колиску
Вітер гойдає в саду.
Птахи блакитні
На бильцях сидять.
В колисці постілонька
Луговая,
Подушечка
Пуховая.
Там сонячні зайчики
Сплять.
А птахи блакитні
На бильцях
Гойдаються.
Вітер яблуню
Потермосив,
У колиску яблук
Натрусив.
- А де ж тії зайчики? -
Діти питаються.
...Зелена колиска
Гойдається.','[''pisni.org.ua'', ''cat:kolyskovi'', ''Колискові'']',1,'published',COALESCE((SELECT created_at FROM songs WHERE id='pisniua_4128083'), datetime('now')),datetime('now'));
INSERT OR REPLACE INTO songs_fts(song_id,title,lyrics) VALUES ('pisniua_4128083','Колискова','Зелену колиску
Вітер гойдає в саду.
Птахи блакитні
На бильцях сидять.
В колисці постілонька
Луговая,
Подушечка
Пуховая.
Там сонячні зайчики
Сплять.
А птахи блакитні
На бильцях
Гойдаються.
Вітер яблуню
Потермосив,
У колиску яблук
Натрусив.
- А де ж тії зайчики? -
Діти питаються.
...Зелена колиска
Гойдається.');
INSERT OR REPLACE INTO song_links (id,song_id,title,url,kind,version_id,sort_order) VALUES ('pisniua_4128083_l1','pisniua_4128083','YouTube','https://www.youtube.com/watch?v=JyuK_-g46ho','video',NULL,1);
DELETE FROM song_links WHERE song_id = 'pisniua_4128131';
DELETE FROM song_versions WHERE song_id = 'pisniua_4128131';
DELETE FROM songs_fts WHERE song_id = 'pisniua_4128131';
DELETE FROM songs WHERE id = 'pisniua_4128131';
INSERT OR REPLACE INTO songs (id,title,subtitle,lang,country,period,year,source,notes,lyrics,tags_json,lang_locked,status,created_at,updated_at) VALUES ('pisniua_4128131','Колискова','(Заходить за хмари зоря-зоряниця...). Музика: Оскар Сандлер Слова: Микола Сом. Виконує: невідомий виконавець, Олександр Таранець, Микола Кондратюк','uk','ukr_ssr_1919_1991',NULL,'1972','З пам''яті, 1972 рік','Альбом УТБ, "На добраніч, діти!"','Заходить за хмари зоря-зоряниця,
І гомін стихає кругом,
А місяць злітає, неначе жар-птиця,
Над сонним і тихим вікном.

Приспів:
Рученьки-ніженьки, лагідні очі,
Спокійної ночі, скінчилася гра.
Рученьки-ніженьки, лагідні очі,
Спокійної ночі, спати пора!

Хай сниться вам, діти, дідусева казка,
В якої щасливий кінець.
Хай татова сила і мамина ласка
Іде до маленьких сердець.

Приспів','[''pisni.org.ua'', ''cat:dytyachi'', ''cat:kolyskovi'', ''Дитячі пісні'', ''Колискові'']',1,'published',COALESCE((SELECT created_at FROM songs WHERE id='pisniua_4128131'), datetime('now')),datetime('now'));
INSERT OR REPLACE INTO songs_fts(song_id,title,lyrics) VALUES ('pisniua_4128131','Колискова','Заходить за хмари зоря-зоряниця,
І гомін стихає кругом,
А місяць злітає, неначе жар-птиця,
Над сонним і тихим вікном.

Приспів:
Рученьки-ніженьки, лагідні очі,
Спокійної ночі, скінчилася гра.
Рученьки-ніженьки, лагідні очі,
Спокійної ночі, спати пора!

Хай сниться вам, діти, дідусева казка,
В якої щасливий кінець.
Хай татова сила і мамина ласка
Іде до маленьких сердець.

Приспів');
INSERT OR REPLACE INTO song_links (id,song_id,title,url,kind,version_id,sort_order) VALUES ('pisniua_4128131_l1','pisniua_4128131','YouTube','https://www.youtube.com/watch?v=0CAnblZ3YOk','video',NULL,1);
INSERT OR REPLACE INTO song_links (id,song_id,title,url,kind,version_id,sort_order) VALUES ('pisniua_4128131_l2','pisniua_4128131','YouTube','https://www.youtube.com/watch?v=1EBd5WnTLHI','video',NULL,2);
DELETE FROM song_links WHERE song_id = 'pisniua_412583';
DELETE FROM song_versions WHERE song_id = 'pisniua_412583';
DELETE FROM songs_fts WHERE song_id = 'pisniua_412583';
DELETE FROM songs WHERE id = 'pisniua_412583';
INSERT OR REPLACE INTO songs (id,title,subtitle,lang,country,period,year,source,notes,lyrics,tags_json,lang_locked,status,created_at,updated_at) VALUES ('pisniua_412583','Хата моя *','Музика: Тарас Чубай Слова: Тарас Чубай. Виконує: Плач Єремії','uk','ukraine_1991',NULL,NULL,'текст- http://vitaly.rivne.com/plach_jeremii/','Підбір акордів: bohdanko','Вступ:
A(V) A7M G(III) Dadd9 F       (2)
A(V) C#m(IV) F G#(IV) G(III)  (2)

A(V)      A7M            G(III)
Хата моя стоїть на горі
Десь високо під небом
A(V)        A7M          G(III)
Люди внизу ходять сумні
Але мені до них не треба

Приспів:
A(V)      C#m(IV)
Хата моя високо
F            G#(IV) G(III)
Люди від неї  далеко
A(V)            C#m(IV)
Так добре самому під небом
F           G#(IV)   G(III)
Навколо тільки дерева

Тут де вода спадає з камінь
Так коло мене близько
Гуркіт її будить в мені
Щось таке справжне й чисте

Навколо нема нікого
Тільки орел пролітає
Він має добре око
Бачив багато і знає

Приспів.

Хата моя стоїть на горі
Десь високо під небом
Люди внизу ходять сумні
Але мені до них не треба

Хата моя високо... (4)

Програш (на тему Вступу).

Хата моя високо       |
Люди від неї  далеко  | (2)

Програш (на тему Вступу).

* Тут використано акорди:
A7M    [4 0 6 6 5 0]
Dadd9  [2 0 0 2 3 0]

Для спрощення
замісьть A7M всюди можна брати C#m(IV),
замість Dadd9 - D.','[''pisni.org.ua'', ''cat:krasa-pryrody'', ''Пісні про красу природи'']',1,'published',COALESCE((SELECT created_at FROM songs WHERE id='pisniua_412583'), datetime('now')),datetime('now'));
INSERT OR REPLACE INTO songs_fts(song_id,title,lyrics) VALUES ('pisniua_412583','Хата моя *','Вступ:
A(V) A7M G(III) Dadd9 F       (2)
A(V) C#m(IV) F G#(IV) G(III)  (2)

A(V)      A7M            G(III)
Хата моя стоїть на горі
Десь високо під небом
A(V)        A7M          G(III)
Люди внизу ходять сумні
Але мені до них не треба

Приспів:
A(V)      C#m(IV)
Хата моя високо
F            G#(IV) G(III)
Люди від неї  далеко
A(V)            C#m(IV)
Так добре самому під небом
F           G#(IV)   G(III)
Навколо тільки дерева

Тут де вода спадає з камінь
Так коло мене близько
Гуркіт її будить в мені
Щось таке справжне й чисте

Навколо нема нікого
Тільки орел пролітає
Він має добре око
Бачив багато і знає

Приспів.

Хата моя стоїть на горі
Десь високо під небом
Люди внизу ходять сумні
Але мені до них не треба

Хата моя високо... (4)

Програш (на тему Вступу).

Хата моя високо       |
Люди від неї  далеко  | (2)

Програш (на тему Вступу).

* Тут використано акорди:
A7M    [4 0 6 6 5 0]
Dadd9  [2 0 0 2 3 0]

Для спрощення
замісьть A7M всюди можна брати C#m(IV),
замість Dadd9 - D.');
DELETE FROM song_links WHERE song_id = 'pisniua_4125685';
DELETE FROM song_versions WHERE song_id = 'pisniua_4125685';
DELETE FROM songs_fts WHERE song_id = 'pisniua_4125685';
DELETE FROM songs WHERE id = 'pisniua_4125685';
INSERT OR REPLACE INTO songs (id,title,subtitle,lang,country,period,year,source,notes,lyrics,tags_json,lang_locked,status,created_at,updated_at) VALUES ('pisniua_4125685','А люди сапають...','Музика: Тризубий Стас Слова: Тризубий Стас. Виконує: Тризубий Стас','uk','ukraine_1991',NULL,NULL,'http://ukrmusic.com.ua',NULL,'В нас тепер ринковий рай, все для народу.
Хочеш: живи, чи вмирай — дали свободу.
Але, як завжди, народ не панікує:
В кожного власний город — він порятує!

І люди сапають, сапають, сапають, сапають,
Сапають — а сльози капають, капають,
Капають, капають, капають...
Зранку до ночі в землі, і піт не всиха на чолі,
І мозолі, і мозолі, і мозолі.

Ти копай, Іван, копай! Бо робота — то є свято.
Восени буде врожай (як не вломиться лопата).
Ти тепер не інженер, не доцент і не професор,
В тебе інші інтереси, бо аграрій ти тепер!

Всі ми в душі співаки або артисти.
Але тримаєм сапки — бо треба їсти.
Маєм картоплю й часник, моркву й цибулю.
А хто робити не звик — той має дулю...

І люди сапають, сапають, сапають —
А сльози капають, капають, капають...
І молоді, і старі — тут від зорі до зорі —
І слюсарі; і шахтарі, і лікарі.

В мене також є земля, я дістав її без грошей.
І тепер на куркуля чи на дурня дуже схожий.
А онде, бачу, від ріки тягне відра моя мила —
Помідори вже підлила, підливає огірки!

Ти вже навік полюбив свої шість соток.
Ти через них збагатів, як Полуботок.
І вже ніде не втечеш від власної долі,
Бо народився і вмреш в себе на полі...
Де люди сапають, сапають, сапають,
І кайфа лапають, лапають, лапають','[''pisni.org.ua'', ''cat:bardivski'', ''cat:suspilno-politychni'', ''Бардівські пісні'', ''Суспільно-політичні пісні'']',1,'published',COALESCE((SELECT created_at FROM songs WHERE id='pisniua_4125685'), datetime('now')),datetime('now'));
INSERT OR REPLACE INTO songs_fts(song_id,title,lyrics) VALUES ('pisniua_4125685','А люди сапають...','В нас тепер ринковий рай, все для народу.
Хочеш: живи, чи вмирай — дали свободу.
Але, як завжди, народ не панікує:
В кожного власний город — він порятує!

І люди сапають, сапають, сапають, сапають,
Сапають — а сльози капають, капають,
Капають, капають, капають...
Зранку до ночі в землі, і піт не всиха на чолі,
І мозолі, і мозолі, і мозолі.

Ти копай, Іван, копай! Бо робота — то є свято.
Восени буде врожай (як не вломиться лопата).
Ти тепер не інженер, не доцент і не професор,
В тебе інші інтереси, бо аграрій ти тепер!

Всі ми в душі співаки або артисти.
Але тримаєм сапки — бо треба їсти.
Маєм картоплю й часник, моркву й цибулю.
А хто робити не звик — той має дулю...

І люди сапають, сапають, сапають —
А сльози капають, капають, капають...
І молоді, і старі — тут від зорі до зорі —
І слюсарі; і шахтарі, і лікарі.

В мене також є земля, я дістав її без грошей.
І тепер на куркуля чи на дурня дуже схожий.
А онде, бачу, від ріки тягне відра моя мила —
Помідори вже підлила, підливає огірки!

Ти вже навік полюбив свої шість соток.
Ти через них збагатів, як Полуботок.
І вже ніде не втечеш від власної долі,
Бо народився і вмреш в себе на полі...
Де люди сапають, сапають, сапають,
І кайфа лапають, лапають, лапають');
DELETE FROM song_links WHERE song_id = 'pisniua_4128236';
DELETE FROM song_versions WHERE song_id = 'pisniua_4128236';
DELETE FROM songs_fts WHERE song_id = 'pisniua_4128236';
DELETE FROM songs WHERE id = 'pisniua_4128236';
INSERT OR REPLACE INTO songs (id,title,subtitle,lang,country,period,year,source,notes,lyrics,tags_json,lang_locked,status,created_at,updated_at) VALUES ('pisniua_4128236','Вербовая дощечка','Українська народна пісня. Виконує: Русичі, Резонанс, Раїса Осипенко','uk','ukraine_before_1917',NULL,NULL,'rusychi.org','Альбом Щебетала пташечка','Вербовая дощечка, дощечка, дощечка
По ній ходить Насточка...

Де ти, Насте, бувала, бувала, бувала,
Як діброва палала...

Решетом воду носила, носила, носила
Та й діброву гасила...

Вербовая дощечка, дощечка, дощечка
По ній ходить Насточка','[''pisni.org.ua'', ''cat:vesnyanky-hayivky'', ''Веснянки та гаївки'']',1,'published',COALESCE((SELECT created_at FROM songs WHERE id='pisniua_4128236'), datetime('now')),datetime('now'));
INSERT OR REPLACE INTO songs_fts(song_id,title,lyrics) VALUES ('pisniua_4128236','Вербовая дощечка','Вербовая дощечка, дощечка, дощечка
По ній ходить Насточка...

Де ти, Насте, бувала, бувала, бувала,
Як діброва палала...

Решетом воду носила, носила, носила
Та й діброву гасила...

Вербовая дощечка, дощечка, дощечка
По ній ходить Насточка');
INSERT OR REPLACE INTO song_links (id,song_id,title,url,kind,version_id,sort_order) VALUES ('pisniua_4128236_l1','pisniua_4128236','YouTube','https://www.youtube.com/watch?v=Sczg8Ka1jpg','video',NULL,1);
INSERT OR REPLACE INTO song_links (id,song_id,title,url,kind,version_id,sort_order) VALUES ('pisniua_4128236_l2','pisniua_4128236','YouTube','https://www.youtube.com/watch?v=y_wJ3FAUFA0','video',NULL,2);
INSERT OR REPLACE INTO song_links (id,song_id,title,url,kind,version_id,sort_order) VALUES ('pisniua_4128236_l3','pisniua_4128236','Переглянути варіанти >>','https://www.pisni.org.ua/#variants','external',NULL,3);
DELETE FROM song_links WHERE song_id = 'pisniua_4126636';
DELETE FROM song_versions WHERE song_id = 'pisniua_4126636';
DELETE FROM songs_fts WHERE song_id = 'pisniua_4126636';
DELETE FROM songs WHERE id = 'pisniua_4126636';
INSERT OR REPLACE INTO songs (id,title,subtitle,lang,country,period,year,source,notes,lyrics,tags_json,lang_locked,status,created_at,updated_at) VALUES ('pisniua_4126636','Із сиром пироги','Українська народна пісня. Виконує: Дует Два кольори, Квартет Явір, Дмитро Гнатюк, Театр пісні Джерела','uk','ukraine_before_1917',NULL,NULL,NULL,NULL,'Ішов козак по стежці помежи терени
І здибав дівчиноньку,що несла пироги.

Ой чули, чули, чули, ой чули, чули ви -
І здибав дівчиноньку, що несла пироги.

- Дівча моє хороше, чи знаєш мої сни,
Що я тебе кохаю, і з сиром пироги?

Ой чули, чули, чули, ой чули, чули ви -
Що він її кохає, і з сиром пироги.

Дівчина як зачула козацькі мрії-сни -
Відразу запросила на свіжі пироги.

Ой чули, чули, чули, ой чули, чули ви -
Відразу запросила на свіжі пироги.

І любо як діждати щасливої пори -
Дівча його цілує, а він їсть пироги!

Ой чули, чули, чули, ой чули, чули ви -
Дівча його цілує, а він їсть пироги!

Та десь там із-за лісу взялися вороги -
Козак із переляку сховався в бур''яни.

Ой чули, чули, чули, ой чули, чули ви -
Козак із переляку сховався в бур''яни.

А то були мисливці, ніякі вороги -
Взяли собі дівчину і з сиром пироги.

Ой чули, чули, чули, ой чули, чули ви -
Взяли собі дівчину і з сиром пироги.

Козак гірко заплакав:
- Ви, тяжкі вороги,
Беріть собі дівчину, віддайте пироги!

Ой чули, чули, чули, ой чули, чули ви -
"Беріть собі дівчину, віддайте пироги!".

Ой хлопці, пам"ятайте ви, друзі дорогі -
Ніколи не міняйте любов на пироги!

Ой чули, чули, чули, ой чули, чули ви -
Ніколи не міняйте любов на пироги!','[''pisni.org.ua'', ''cat:narodni'', ''cat:zhartivlyvi'', ''Народні пісні'', ''Жартівливі пісні'']',1,'published',COALESCE((SELECT created_at FROM songs WHERE id='pisniua_4126636'), datetime('now')),datetime('now'));
INSERT OR REPLACE INTO songs_fts(song_id,title,lyrics) VALUES ('pisniua_4126636','Із сиром пироги','Ішов козак по стежці помежи терени
І здибав дівчиноньку,що несла пироги.

Ой чули, чули, чули, ой чули, чули ви -
І здибав дівчиноньку, що несла пироги.

- Дівча моє хороше, чи знаєш мої сни,
Що я тебе кохаю, і з сиром пироги?

Ой чули, чули, чули, ой чули, чули ви -
Що він її кохає, і з сиром пироги.

Дівчина як зачула козацькі мрії-сни -
Відразу запросила на свіжі пироги.

Ой чули, чули, чули, ой чули, чули ви -
Відразу запросила на свіжі пироги.

І любо як діждати щасливої пори -
Дівча його цілує, а він їсть пироги!

Ой чули, чули, чули, ой чули, чули ви -
Дівча його цілує, а він їсть пироги!

Та десь там із-за лісу взялися вороги -
Козак із переляку сховався в бур''яни.

Ой чули, чули, чули, ой чули, чули ви -
Козак із переляку сховався в бур''яни.

А то були мисливці, ніякі вороги -
Взяли собі дівчину і з сиром пироги.

Ой чули, чули, чули, ой чули, чули ви -
Взяли собі дівчину і з сиром пироги.

Козак гірко заплакав:
- Ви, тяжкі вороги,
Беріть собі дівчину, віддайте пироги!

Ой чули, чули, чули, ой чули, чули ви -
"Беріть собі дівчину, віддайте пироги!".

Ой хлопці, пам"ятайте ви, друзі дорогі -
Ніколи не міняйте любов на пироги!

Ой чули, чули, чули, ой чули, чули ви -
Ніколи не міняйте любов на пироги!');
INSERT OR REPLACE INTO song_links (id,song_id,title,url,kind,version_id,sort_order) VALUES ('pisniua_4126636_l1','pisniua_4126636','YouTube','https://www.youtube.com/watch?v=zKFv7C2rmEc','video',NULL,1);
INSERT OR REPLACE INTO song_links (id,song_id,title,url,kind,version_id,sort_order) VALUES ('pisniua_4126636_l2','pisniua_4126636','YouTube','https://www.youtube.com/watch?v=_cd7UdYrD5U','video',NULL,2);
INSERT OR REPLACE INTO song_links (id,song_id,title,url,kind,version_id,sort_order) VALUES ('pisniua_4126636_l3','pisniua_4126636','YouTube','https://www.youtube.com/watch?v=-9K7MTnPF2M','video',NULL,3);
INSERT OR REPLACE INTO song_links (id,song_id,title,url,kind,version_id,sort_order) VALUES ('pisniua_4126636_l4','pisniua_4126636','Переглянути варіанти >>','https://www.pisni.org.ua/#variants','external',NULL,4);
DELETE FROM song_links WHERE song_id = 'pisniua_4129838';
DELETE FROM song_versions WHERE song_id = 'pisniua_4129838';
DELETE FROM songs_fts WHERE song_id = 'pisniua_4129838';
DELETE FROM songs WHERE id = 'pisniua_4129838';
INSERT OR REPLACE INTO songs (id,title,subtitle,lang,country,period,year,source,notes,lyrics,tags_json,lang_locked,status,created_at,updated_at) VALUES ('pisniua_4129838','Як посію рожу да й над водою','Українська народна пісня','uk','ukraine_before_1917',NULL,NULL,'аудіозапис','село Гречана Гребля Згурівського району','Як посію рожу да й над водою,
Чи не пройде да стороною?

Стороною дощик, да стороною
На мою рожу да червоную.

А на ній любисток да коренистий,
А на ній конопель да широколистий.

То сьодні Івана, а завтра Купала,
Треба рано встати да й на ярмарок.

Треба рано встати да й на ярмарок,
Да й свекоронька да й продати.

Да й свекоронька да й продавати,
А рідного батька да й купувати.','[''pisni.org.ua'', ''cat:kupalski'', ''Купальські пісні'']',1,'published',COALESCE((SELECT created_at FROM songs WHERE id='pisniua_4129838'), datetime('now')),datetime('now'));
INSERT OR REPLACE INTO songs_fts(song_id,title,lyrics) VALUES ('pisniua_4129838','Як посію рожу да й над водою','Як посію рожу да й над водою,
Чи не пройде да стороною?

Стороною дощик, да стороною
На мою рожу да червоную.

А на ній любисток да коренистий,
А на ній конопель да широколистий.

То сьодні Івана, а завтра Купала,
Треба рано встати да й на ярмарок.

Треба рано встати да й на ярмарок,
Да й свекоронька да й продати.

Да й свекоронька да й продавати,
А рідного батька да й купувати.');
DELETE FROM song_links WHERE song_id = 'pisniua_412889';
DELETE FROM song_versions WHERE song_id = 'pisniua_412889';
DELETE FROM songs_fts WHERE song_id = 'pisniua_412889';
DELETE FROM songs WHERE id = 'pisniua_412889';
INSERT OR REPLACE INTO songs (id,title,subtitle,lang,country,period,year,source,notes,lyrics,tags_json,lang_locked,status,created_at,updated_at) VALUES ('pisniua_412889','Новий день','Музика: Друга ріка Слова: Валерій Харчишин. Виконує: Друга ріка','uk','ukraine_1991',NULL,'2003','CD- Друга ріка. "Два". 2003; текст- http://www.wz.lviv.ua/pages.php?ac=archatid=23863','Підбір акордів: bohdanko','Вступ:   G Em C D   (2)

G                  Em           C  D ...
Цей новий день гвалтує весною людей.
Цей новий день цілує весняним дощем.
День, новий день облизує сонцем лице.
День, новий день він любить, він любить тебе.

Приспів 1:
G
І тебе, і мене.                         |
Сонце моє, ти в мене є, як я в тебе є.  |

І тебе, і мене.        (2)

Цей новий день пожене всіх на світі на день.
Цей новий день, ти маєш багато дітей.
День, новий день, сьогодні ти є, завтра, де?
Гей новий день, скажи, що ти любиш мене.

Приспів.

Він любить тебе.
І тебе, і мене.
C
Він любить тебе.

Програш:    G Em C D   (2)

І тебе, і мене.        (2)

Приспів.

G
І тебе, і мене.

Оригінальна тональність: Gb','[''pisni.org.ua'', ''cat:krasa-pryrody'', ''Пісні про красу природи'']',1,'published',COALESCE((SELECT created_at FROM songs WHERE id='pisniua_412889'), datetime('now')),datetime('now'));
INSERT OR REPLACE INTO songs_fts(song_id,title,lyrics) VALUES ('pisniua_412889','Новий день','Вступ:   G Em C D   (2)

G                  Em           C  D ...
Цей новий день гвалтує весною людей.
Цей новий день цілує весняним дощем.
День, новий день облизує сонцем лице.
День, новий день він любить, він любить тебе.

Приспів 1:
G
І тебе, і мене.                         |
Сонце моє, ти в мене є, як я в тебе є.  |

І тебе, і мене.        (2)

Цей новий день пожене всіх на світі на день.
Цей новий день, ти маєш багато дітей.
День, новий день, сьогодні ти є, завтра, де?
Гей новий день, скажи, що ти любиш мене.

Приспів.

Він любить тебе.
І тебе, і мене.
C
Він любить тебе.

Програш:    G Em C D   (2)

І тебе, і мене.        (2)

Приспів.

G
І тебе, і мене.

Оригінальна тональність: Gb');
DELETE FROM song_links WHERE song_id = 'pisniua_4129333';
DELETE FROM song_versions WHERE song_id = 'pisniua_4129333';
DELETE FROM songs_fts WHERE song_id = 'pisniua_4129333';
DELETE FROM songs WHERE id = 'pisniua_4129333';
INSERT OR REPLACE INTO songs (id,title,subtitle,lang,country,period,year,source,notes,lyrics,tags_json,lang_locked,status,created_at,updated_at) VALUES ('pisniua_4129333','Ах, Одеса','Музика: Олександр Шевченко Слова: Олександр Шевченко. Виконує: Олександр Шевченко','uk','ukraine_1991',NULL,NULL,'аудіозапис',NULL,'Співають всі про молдаванку і переси,
Нема такого, хто пісень таких б не знав,
Бо дуже легко скласти пісню про Одесу,
Хоча ніколи ти в Одесі не бував.
Ах, Одеса-мама, перлина біля моря, -
Так тебе з любов''ю народ весь називав.
Ти пісень співала і не знала горя,
Бо його ніхто тоді не знав.

Приспів:
Так посміхнись до мене, одеситочко смаглява,
Хоч баксів я не маю і зовсім я не негр,
Не думай, я не хочу на халяву,
Я добре знаю, що халява скінчилася тепер.
Ми тачку візьмемо й поїдемо до моря,
Роздусим пляшку на холодному піску,
І потанцюємо під тихий шум прибою,
І поговоримо за жизнь таку-сяку.

А у розмовах вони люблять фігуральність,
Жартують навіть про імунно дефіцит,
І у анкетах, де графа "національність",
Гордо пишуть слово "одессит".
Я вам, чесне слово, не скажу за всю Одесу,
Бо тепер Одеса вже зовсім не така,
Але точно знає молдаванка і переси,
Досі поважають Костю-моряка.

Приспів.

Хай синій вечір нас зустріне ліхтарями,
Старенький Дюк нехай подивиться на нас,
Арівідерчі і прощай, Одеса-мама,
Я буду згадувати цей чарівний час.
Арівідерчі і прощай, Одеса-мама,
Я буду згадувати цей чарівний час.','[''pisni.org.ua'', ''cat:bardivski'', ''Бардівські пісні'']',1,'published',COALESCE((SELECT created_at FROM songs WHERE id='pisniua_4129333'), datetime('now')),datetime('now'));
INSERT OR REPLACE INTO songs_fts(song_id,title,lyrics) VALUES ('pisniua_4129333','Ах, Одеса','Співають всі про молдаванку і переси,
Нема такого, хто пісень таких б не знав,
Бо дуже легко скласти пісню про Одесу,
Хоча ніколи ти в Одесі не бував.
Ах, Одеса-мама, перлина біля моря, -
Так тебе з любов''ю народ весь називав.
Ти пісень співала і не знала горя,
Бо його ніхто тоді не знав.

Приспів:
Так посміхнись до мене, одеситочко смаглява,
Хоч баксів я не маю і зовсім я не негр,
Не думай, я не хочу на халяву,
Я добре знаю, що халява скінчилася тепер.
Ми тачку візьмемо й поїдемо до моря,
Роздусим пляшку на холодному піску,
І потанцюємо під тихий шум прибою,
І поговоримо за жизнь таку-сяку.

А у розмовах вони люблять фігуральність,
Жартують навіть про імунно дефіцит,
І у анкетах, де графа "національність",
Гордо пишуть слово "одессит".
Я вам, чесне слово, не скажу за всю Одесу,
Бо тепер Одеса вже зовсім не така,
Але точно знає молдаванка і переси,
Досі поважають Костю-моряка.

Приспів.

Хай синій вечір нас зустріне ліхтарями,
Старенький Дюк нехай подивиться на нас,
Арівідерчі і прощай, Одеса-мама,
Я буду згадувати цей чарівний час.
Арівідерчі і прощай, Одеса-мама,
Я буду згадувати цей чарівний час.');
DELETE FROM song_links WHERE song_id = 'pisniua_4127634';
DELETE FROM song_versions WHERE song_id = 'pisniua_4127634';
DELETE FROM songs_fts WHERE song_id = 'pisniua_4127634';
DELETE FROM songs WHERE id = 'pisniua_4127634';
INSERT OR REPLACE INTO songs (id,title,subtitle,lang,country,period,year,source,notes,lyrics,tags_json,lang_locked,status,created_at,updated_at) VALUES ('pisniua_4127634','Камінний хрест','Музика: Тарас Мазур Слова: Тарас Мазур. Виконує: Тарас Мазур','uk','ukraine_1991',NULL,NULL,'аудіозапис',NULL,'Зібрався батько до Канади,
Про себе згадку залишив:
камінний хрест коло хати,         |
Що він тут жив, що він тут жив... | (2)

Проходить рік, другий минає,
Та про село все ж не забув,
Як лиш про нього пригадає,        |
Вже стільки літ у нім не був...   | (2)

Не тужіть, батьку, не страждайте,
Не плачте, сестри, в чужині,
Бо тільки Бог єдиний знає,        |
Що й нас чекає у житті...         | (2)','[''pisni.org.ua'', ''cat:emigration'', ''Пісні про еміґрацію'']',1,'published',COALESCE((SELECT created_at FROM songs WHERE id='pisniua_4127634'), datetime('now')),datetime('now'));
INSERT OR REPLACE INTO songs_fts(song_id,title,lyrics) VALUES ('pisniua_4127634','Камінний хрест','Зібрався батько до Канади,
Про себе згадку залишив:
камінний хрест коло хати,         |
Що він тут жив, що він тут жив... | (2)

Проходить рік, другий минає,
Та про село все ж не забув,
Як лиш про нього пригадає,        |
Вже стільки літ у нім не був...   | (2)

Не тужіть, батьку, не страждайте,
Не плачте, сестри, в чужині,
Бо тільки Бог єдиний знає,        |
Що й нас чекає у житті...         | (2)');
DELETE FROM song_links WHERE song_id = 'pisniua_412939';
DELETE FROM song_versions WHERE song_id = 'pisniua_412939';
DELETE FROM songs_fts WHERE song_id = 'pisniua_412939';
DELETE FROM songs WHERE id = 'pisniua_412939';
INSERT OR REPLACE INTO songs (id,title,subtitle,lang,country,period,year,source,notes,lyrics,tags_json,lang_locked,status,created_at,updated_at) VALUES ('pisniua_412939','Питається вітер в смерти','Музика: Михайло Гайворонський Слова: Юрій Шкрумеляк. Виконує: Не журись!, Веремій','uk','ukr_ssr_1919_1991',NULL,'1990','1. Повік не зів''яне. Стрілецькі пісні Михайла Гайворонського. Упор. В. Подуфалий. Тернопіль, 1990.',NULL,'Питається вітер в смерти
Кому треба нині вмерти?
Гей, гей, гей, гей,        |
Кому треба нині вмерти?    | (2)

Треба вмерти молодцеві,
Та й січовому стрільцеві,
Гей, гей, гей, гей,        |
Та й січовому стрільцеві.  | (2)

А найкраща смерть у бою,
За край рідний і за волю.
Гей, гей, гей, гей,        |
За край рідний і за волю.  | (2)

Треба вмерти, спочивати,
Воскресіння Волі ждати,
Гей, гей, гей, гей,        |
Воскресіння Волі ждати.    | (2)','[''pisni.org.ua'', ''cat:strilecki'', ''Стрілецькі пісні'']',1,'published',COALESCE((SELECT created_at FROM songs WHERE id='pisniua_412939'), datetime('now')),datetime('now'));
INSERT OR REPLACE INTO songs_fts(song_id,title,lyrics) VALUES ('pisniua_412939','Питається вітер в смерти','Питається вітер в смерти
Кому треба нині вмерти?
Гей, гей, гей, гей,        |
Кому треба нині вмерти?    | (2)

Треба вмерти молодцеві,
Та й січовому стрільцеві,
Гей, гей, гей, гей,        |
Та й січовому стрільцеві.  | (2)

А найкраща смерть у бою,
За край рідний і за волю.
Гей, гей, гей, гей,        |
За край рідний і за волю.  | (2)

Треба вмерти, спочивати,
Воскресіння Волі ждати,
Гей, гей, гей, гей,        |
Воскресіння Волі ждати.    | (2)');
DELETE FROM song_links WHERE song_id = 'pisniua_4131838';
DELETE FROM song_versions WHERE song_id = 'pisniua_4131838';
DELETE FROM songs_fts WHERE song_id = 'pisniua_4131838';
DELETE FROM songs WHERE id = 'pisniua_4131838';
INSERT OR REPLACE INTO songs (id,title,subtitle,lang,country,period,year,source,notes,lyrics,tags_json,lang_locked,status,created_at,updated_at) VALUES ('pisniua_4131838','Що вам сниться, Олено?','Музика: Ліля Кобільник Слова: В. Слапчук. Виконує: Ліля Кобільник','uk','ukraine_1991',NULL,NULL,'аудіозапис',NULL,'Що вам сниться, Олено?
Я сьогодні з вами на Ви,
Розстеляю кохання знаменно
У підніжжі сухої трави,
У підніжжі сухої трави.

Може викроїте собі блузку,
А, як ні, то хоча б носовик,
Я сьогодні літав до вас бузьком,
Щоб торкнутись крилом голови.
Що вам сниться, що вам сниться,
Що вам сниться, Олено?

Я сьогодні літав, але марно,
Так літай криницю з корчма.
Як спите, моя панно,
Коли сонця нема?
Коли сонця нема?

Як живете, шляхетна дівице?
Як без мене вам час тече?
Як спите - що вам сниться?
Кому дихаєте в плече?
Що вам сниться? Що вам сниться?
Кому дихаєте в плече?

Що вам сниться, що вам сниться,
Що вам сниться, Олено?','[''pisni.org.ua'', ''cat:romansy'', ''Романси'']',1,'published',COALESCE((SELECT created_at FROM songs WHERE id='pisniua_4131838'), datetime('now')),datetime('now'));
INSERT OR REPLACE INTO songs_fts(song_id,title,lyrics) VALUES ('pisniua_4131838','Що вам сниться, Олено?','Що вам сниться, Олено?
Я сьогодні з вами на Ви,
Розстеляю кохання знаменно
У підніжжі сухої трави,
У підніжжі сухої трави.

Може викроїте собі блузку,
А, як ні, то хоча б носовик,
Я сьогодні літав до вас бузьком,
Щоб торкнутись крилом голови.
Що вам сниться, що вам сниться,
Що вам сниться, Олено?

Я сьогодні літав, але марно,
Так літай криницю з корчма.
Як спите, моя панно,
Коли сонця нема?
Коли сонця нема?

Як живете, шляхетна дівице?
Як без мене вам час тече?
Як спите - що вам сниться?
Кому дихаєте в плече?
Що вам сниться? Що вам сниться?
Кому дихаєте в плече?

Що вам сниться, що вам сниться,
Що вам сниться, Олено?');
DELETE FROM song_links WHERE song_id = 'pisniua_4130232';
DELETE FROM song_versions WHERE song_id = 'pisniua_4130232';
DELETE FROM songs_fts WHERE song_id = 'pisniua_4130232';
DELETE FROM songs WHERE id = 'pisniua_4130232';
INSERT OR REPLACE INTO songs (id,title,subtitle,lang,country,period,year,source,notes,lyrics,tags_json,lang_locked,status,created_at,updated_at) VALUES ('pisniua_4130232','Замість романсу','Музика: Мар''ян Гаденко Слова: Олександр Мороз. Виконує: Ігор Мигородський','uk','ukraine_1991',NULL,NULL,'аудіозапис',NULL,'Ти не ревнуй мене, не треба,
Не варто це, душевний рай.
Горить моя любов до тебе
На зло усім лихим вітрам.

Якби у церкві до ікони
Припасти з вірою я міг,
То й там на образі знайомі
Знайшов би риси дорогі.

І я б молився, щоб в скорботі
Не замикалися вуста,
Бо ти моя, як плоть від плоті,
Що із любові пророста.

Бо ти моя, чи маю право
Сказати так і думать так.
Помилуй і подай, ласкавий,
Обом нам зрозумілий знак.

Я запалю легенько свічку
Під сумовитий благовіст,
Горить любов до тебе вічна,
Душа спливає ніби віск.

Якби у церкві до ікони
Припасти з вірою я міг,
То й там на образі знайомі
Знайшов би риси дорогі.

Довкола нас усе під небом
Для нас єдиний світлий храм!
Ти не ревнуй мене, не треба,
Не варто це, душевний рай...','[''pisni.org.ua'', ''cat:romansy'', ''Романси'']',1,'published',COALESCE((SELECT created_at FROM songs WHERE id='pisniua_4130232'), datetime('now')),datetime('now'));
INSERT OR REPLACE INTO songs_fts(song_id,title,lyrics) VALUES ('pisniua_4130232','Замість романсу','Ти не ревнуй мене, не треба,
Не варто це, душевний рай.
Горить моя любов до тебе
На зло усім лихим вітрам.

Якби у церкві до ікони
Припасти з вірою я міг,
То й там на образі знайомі
Знайшов би риси дорогі.

І я б молився, щоб в скорботі
Не замикалися вуста,
Бо ти моя, як плоть від плоті,
Що із любові пророста.

Бо ти моя, чи маю право
Сказати так і думать так.
Помилуй і подай, ласкавий,
Обом нам зрозумілий знак.

Я запалю легенько свічку
Під сумовитий благовіст,
Горить любов до тебе вічна,
Душа спливає ніби віск.

Якби у церкві до ікони
Припасти з вірою я міг,
То й там на образі знайомі
Знайшов би риси дорогі.

Довкола нас усе під небом
Для нас єдиний світлий храм!
Ти не ревнуй мене, не треба,
Не варто це, душевний рай...');
DELETE FROM song_links WHERE song_id = 'pisniua_413232';
DELETE FROM song_versions WHERE song_id = 'pisniua_413232';
DELETE FROM songs_fts WHERE song_id = 'pisniua_413232';
DELETE FROM songs WHERE id = 'pisniua_413232';
INSERT OR REPLACE INTO songs (id,title,subtitle,lang,country,period,year,source,notes,lyrics,tags_json,lang_locked,status,created_at,updated_at) VALUES ('pisniua_413232','Ми йдемо в бій','Музика: Михайло Гайворонський Слова: Роман Купчинський','uk','ukrainian_peoples_republic_1917_1921',NULL,NULL,'"Молоде життя", Ауґсбурґ, 1949',NULL,'Ми йдемо в бій, ми йдемо в бій
По згарищах руїни,
За рідний край, за нарід свій,
За волю України!

Ми йдемо в бій, земля дуднить,
Радіють гори, степи,
Бо нас у бій благословить
Могутній дух Мазепи!','[''pisni.org.ua'', ''cat:strilecki'', ''Стрілецькі пісні'']',1,'published',COALESCE((SELECT created_at FROM songs WHERE id='pisniua_413232'), datetime('now')),datetime('now'));
INSERT OR REPLACE INTO songs_fts(song_id,title,lyrics) VALUES ('pisniua_413232','Ми йдемо в бій','Ми йдемо в бій, ми йдемо в бій
По згарищах руїни,
За рідний край, за нарід свій,
За волю України!

Ми йдемо в бій, земля дуднить,
Радіють гори, степи,
Бо нас у бій благословить
Могутній дух Мазепи!');
INSERT OR REPLACE INTO song_links (id,song_id,title,url,kind,version_id,sort_order) VALUES ('pisniua_413232_l1','pisniua_413232','YouTube','https://www.youtube.com/watch?v=S6vJ3TiYfos','video',NULL,1);
INSERT OR REPLACE INTO song_links (id,song_id,title,url,kind,version_id,sort_order) VALUES ('pisniua_413232_l2','pisniua_413232','Переглянути варіанти >>','https://www.pisni.org.ua/#variants','external',NULL,2);
DELETE FROM song_links WHERE song_id = 'pisniua_4131737';
DELETE FROM song_versions WHERE song_id = 'pisniua_4131737';
DELETE FROM songs_fts WHERE song_id = 'pisniua_4131737';
DELETE FROM songs WHERE id = 'pisniua_4131737';
INSERT OR REPLACE INTO songs (id,title,subtitle,lang,country,period,year,source,notes,lyrics,tags_json,lang_locked,status,created_at,updated_at) VALUES ('pisniua_4131737','Спомин','Музика: Ліля Кобільник Слова: С. Реп''ях. Виконує: Ліля Кобільник','uk','ukraine_1991',NULL,NULL,'аудіозапис',NULL,'Цілував черешню вітер легкокрилий,
Цілував, голубив кучерявий милий,
Заплітав їй косу, обіймав чудову,
А лишив на спомин, а лишив на спомин,
А лишив на спомин про любов розмову.

А лишив на спомин пелюстки оббиті,
Не одна черешня у широкім світі
Хилиться красуня журно сумовито,
Нащо їй так рано, нащо їй так рано,
Нащо їй так рано пелюстки оббито?

Цілував черешню вітер легкокрилий,
Цілував, голубив кучерявий милий,
Заплітав їй косу, обіймав чудову,
А лишив на спомин, а лишив на спомин,
А лишив на спомин про любов розмову...','[''pisni.org.ua'', ''cat:romansy'', ''Романси'']',1,'published',COALESCE((SELECT created_at FROM songs WHERE id='pisniua_4131737'), datetime('now')),datetime('now'));
INSERT OR REPLACE INTO songs_fts(song_id,title,lyrics) VALUES ('pisniua_4131737','Спомин','Цілував черешню вітер легкокрилий,
Цілував, голубив кучерявий милий,
Заплітав їй косу, обіймав чудову,
А лишив на спомин, а лишив на спомин,
А лишив на спомин про любов розмову.

А лишив на спомин пелюстки оббиті,
Не одна черешня у широкім світі
Хилиться красуня журно сумовито,
Нащо їй так рано, нащо їй так рано,
Нащо їй так рано пелюстки оббито?

Цілував черешню вітер легкокрилий,
Цілував, голубив кучерявий милий,
Заплітав їй косу, обіймав чудову,
А лишив на спомин, а лишив на спомин,
А лишив на спомин про любов розмову...');
DELETE FROM song_links WHERE song_id = 'pisniua_4130185';
DELETE FROM song_versions WHERE song_id = 'pisniua_4130185';
DELETE FROM songs_fts WHERE song_id = 'pisniua_4130185';
DELETE FROM songs WHERE id = 'pisniua_4130185';
INSERT OR REPLACE INTO songs (id,title,subtitle,lang,country,period,year,source,notes,lyrics,tags_json,lang_locked,status,created_at,updated_at) VALUES ('pisniua_4130185','Ти мій неспокій','Музика: Мар''ян Гаденко Слова: Василь Іваницький. Виконує: Ліна Скачко, Алла Загинайко','uk','ukraine_1991',NULL,NULL,'аудіозапис',NULL,'Літнім снігом замело акації,
Літнім снігом білосніжним цвітом,
У коханні думала зізнатися
Я серед акацій теплим літом.
Серед всього раю неземного
Я душі відкрию таємницю,
Що бентежить серце знов і знову,
І чому вночі мені не спиться.

Приспів:
Ти мій неспокій, ти моя доля,
Став світ без тебе немов неволя.
Мені без тебе життя не має,   |
Любов у небі між нас кружляє. | (2)

Загляну в твої озера - очі,
А на дні їх відповідь - признання,
Що приходить в сни мої дівочі,
Як акацій цвіт п''янке кохання.
Я візьму твоє лице в долоні,
Зацілую ніжно твої очі,
Дві душі у радості в полоні,
А навкруг - акацій білі ночі.

Приспів.

Ти мій неспокій, ти моя доля,
Став світ без тебе немов неволя.
Мені без тебе життя не має,
Любов у небі між нас...

Приспів','[''pisni.org.ua'', ''cat:romansy'', ''Романси'']',1,'published',COALESCE((SELECT created_at FROM songs WHERE id='pisniua_4130185'), datetime('now')),datetime('now'));
INSERT OR REPLACE INTO songs_fts(song_id,title,lyrics) VALUES ('pisniua_4130185','Ти мій неспокій','Літнім снігом замело акації,
Літнім снігом білосніжним цвітом,
У коханні думала зізнатися
Я серед акацій теплим літом.
Серед всього раю неземного
Я душі відкрию таємницю,
Що бентежить серце знов і знову,
І чому вночі мені не спиться.

Приспів:
Ти мій неспокій, ти моя доля,
Став світ без тебе немов неволя.
Мені без тебе життя не має,   |
Любов у небі між нас кружляє. | (2)

Загляну в твої озера - очі,
А на дні їх відповідь - признання,
Що приходить в сни мої дівочі,
Як акацій цвіт п''янке кохання.
Я візьму твоє лице в долоні,
Зацілую ніжно твої очі,
Дві душі у радості в полоні,
А навкруг - акацій білі ночі.

Приспів.

Ти мій неспокій, ти моя доля,
Став світ без тебе немов неволя.
Мені без тебе життя не має,
Любов у небі між нас...

Приспів');
INSERT OR REPLACE INTO song_links (id,song_id,title,url,kind,version_id,sort_order) VALUES ('pisniua_4130185_l1','pisniua_4130185','YouTube','https://www.youtube.com/watch?v=_gX564Xv6wo','video',NULL,1);
DELETE FROM song_links WHERE song_id = 'pisniua_4133930';
DELETE FROM song_versions WHERE song_id = 'pisniua_4133930';
DELETE FROM songs_fts WHERE song_id = 'pisniua_4133930';
DELETE FROM songs WHERE id = 'pisniua_4133930';
INSERT OR REPLACE INTO songs (id,title,subtitle,lang,country,period,year,source,notes,lyrics,tags_json,lang_locked,status,created_at,updated_at) VALUES ('pisniua_4133930','Мама і тато','Музика: Назарій Яремчук (молодший) Слова: Л. Загоровська. Виконує: Ірина Зінковська','uk','ukraine_1991',NULL,NULL,NULL,NULL,'Найважливіше, знай, у кожному житті -
Це слово батька й ніжна пісня мами
На вишитому хрестиками білім полотні
Влетять у твою долю рушниками

У даль летять роки і гасить день зоря
А ти батькам приводиш вже онуків
І диво-казка знов веде мале життя
У світ, де тільки щастя без розлуки

Приспів:
Мама і тато - дитинства далекого лагідний звук,
Мама і тато - завжди бережуть твою долю
Ти пам''ятай все тепло їхніх рук,
тільки тепло ніжних лагідних рук
Мама і тато навіки в житті із тобою

І знов летять роки і знов минають дні
Вже ти мережиш рушники хрещато,
А десь там у полях співають солов''ї,
Та їх вже слухають твої внучата

У даль летять роки і гасить день зоря
А ти батькам приводиш вже онуків
І диво-казка знов веде мале життя
У світ, де тільки щастя без розлуки','[''pisni.org.ua'', ''cat:pro-batkiv'', ''Пісні про любов до батьків'']',1,'published',COALESCE((SELECT created_at FROM songs WHERE id='pisniua_4133930'), datetime('now')),datetime('now'));
INSERT OR REPLACE INTO songs_fts(song_id,title,lyrics) VALUES ('pisniua_4133930','Мама і тато','Найважливіше, знай, у кожному житті -
Це слово батька й ніжна пісня мами
На вишитому хрестиками білім полотні
Влетять у твою долю рушниками

У даль летять роки і гасить день зоря
А ти батькам приводиш вже онуків
І диво-казка знов веде мале життя
У світ, де тільки щастя без розлуки

Приспів:
Мама і тато - дитинства далекого лагідний звук,
Мама і тато - завжди бережуть твою долю
Ти пам''ятай все тепло їхніх рук,
тільки тепло ніжних лагідних рук
Мама і тато навіки в житті із тобою

І знов летять роки і знов минають дні
Вже ти мережиш рушники хрещато,
А десь там у полях співають солов''ї,
Та їх вже слухають твої внучата

У даль летять роки і гасить день зоря
А ти батькам приводиш вже онуків
І диво-казка знов веде мале життя
У світ, де тільки щастя без розлуки');
INSERT OR REPLACE INTO song_links (id,song_id,title,url,kind,version_id,sort_order) VALUES ('pisniua_4133930_l1','pisniua_4133930','YouTube','https://www.youtube.com/watch?v=oFLetxlTWFA','video',NULL,1);
DELETE FROM song_links WHERE song_id = 'pisniua_4136338';
DELETE FROM song_versions WHERE song_id = 'pisniua_4136338';
DELETE FROM songs_fts WHERE song_id = 'pisniua_4136338';
DELETE FROM songs WHERE id = 'pisniua_4136338';
INSERT OR REPLACE INTO songs (id,title,subtitle,lang,country,period,year,source,notes,lyrics,tags_json,lang_locked,status,created_at,updated_at) VALUES ('pisniua_4136338','Київське Динамо','Музика: Олександр Злотник Слова: Назарій Яремчук. Виконує: Назарій Яремчук','uk','ukraine_1991',NULL,NULL,'аудіозапис',NULL,'Точний пас і все в порядку -
Чисто м''яч летить в дев''ятку.
Гріє серце нам футбол,
Як захочем скажем прямо:
Наше Київське Динамо,
Значить буде, буде гол!

Приспів:
Київське Динамо!
Київське Динамо!
Київське Динамо!
Динамо! Динамо! Динамо!
Ти повсюди з нами!
Ти повсюди з нами!
Ти повсюди з нами!
Ти з нами, Динамо!

Не стелився вам під ноги
Шлях легкий до перемоги,
Є у тому свій резон.
В день погожий і в негоду
Лава котиться народу
На зелений стадіон.

Приспів.

Знали, вірили вам хлопці -
Буде свято в цьому році!
Нам долонь своїх не жаль.
Хай вам, друзі, і надалі
Сяють золотом медалі
Й дзвонить кубковий кришталь.

Приспів. (2)

Київське Динамо! (10)','[''pisni.org.ua'', ''cat:himny-marshi'', ''Гимни та марші'']',1,'published',COALESCE((SELECT created_at FROM songs WHERE id='pisniua_4136338'), datetime('now')),datetime('now'));
INSERT OR REPLACE INTO songs_fts(song_id,title,lyrics) VALUES ('pisniua_4136338','Київське Динамо','Точний пас і все в порядку -
Чисто м''яч летить в дев''ятку.
Гріє серце нам футбол,
Як захочем скажем прямо:
Наше Київське Динамо,
Значить буде, буде гол!

Приспів:
Київське Динамо!
Київське Динамо!
Київське Динамо!
Динамо! Динамо! Динамо!
Ти повсюди з нами!
Ти повсюди з нами!
Ти повсюди з нами!
Ти з нами, Динамо!

Не стелився вам під ноги
Шлях легкий до перемоги,
Є у тому свій резон.
В день погожий і в негоду
Лава котиться народу
На зелений стадіон.

Приспів.

Знали, вірили вам хлопці -
Буде свято в цьому році!
Нам долонь своїх не жаль.
Хай вам, друзі, і надалі
Сяють золотом медалі
Й дзвонить кубковий кришталь.

Приспів. (2)

Київське Динамо! (10)');
INSERT OR REPLACE INTO song_links (id,song_id,title,url,kind,version_id,sort_order) VALUES ('pisniua_4136338_l1','pisniua_4136338','YouTube','https://www.youtube.com/watch?v=61tb-T1Eq-g','video',NULL,1);
DELETE FROM song_links WHERE song_id = 'pisniua_4139735';
DELETE FROM song_versions WHERE song_id = 'pisniua_4139735';
DELETE FROM songs_fts WHERE song_id = 'pisniua_4139735';
DELETE FROM songs WHERE id = 'pisniua_4139735';
INSERT OR REPLACE INTO songs (id,title,subtitle,lang,country,period,year,source,notes,lyrics,tags_json,lang_locked,status,created_at,updated_at) VALUES ('pisniua_4139735','Золоте весілля','Музика: Геннадій Татарченко Слова: Юрій Рибчинський. Виконує: Лілія Сандулеса','uk','ukraine_1991',NULL,NULL,NULL,NULL,'Як упали з неба золоті колосся,
Золоті колосся перших блискавиць,
Випускала осінь, випускала осінь
Сім дощів веселих із семи криниць.

Ті дощі їй грали, грали, били у цимбали,
І вінок сплітали з квітів і пісень,
А вона уранці починала танці -           |
З вітром танцювала сім разів на день.    | (2)

Вишиту сорочку одягла неділя,
І в садах гуляє у ранковій млі.
Осені і сонця золоте весілля -
Споконвічне свято неба і землі!

І співає ранок, ранок, молодий світанок
Про земний дожинок, неземну любов,
І танцює нічка в диво-черевичках         |
З молодим туманом в золоті дібров.       | (2)

З молодим туманом в золоті дібров.       | (2)','[''pisni.org.ua'', ''cat:krasa-pryrody'', ''Пісні про красу природи'']',1,'published',COALESCE((SELECT created_at FROM songs WHERE id='pisniua_4139735'), datetime('now')),datetime('now'));
INSERT OR REPLACE INTO songs_fts(song_id,title,lyrics) VALUES ('pisniua_4139735','Золоте весілля','Як упали з неба золоті колосся,
Золоті колосся перших блискавиць,
Випускала осінь, випускала осінь
Сім дощів веселих із семи криниць.

Ті дощі їй грали, грали, били у цимбали,
І вінок сплітали з квітів і пісень,
А вона уранці починала танці -           |
З вітром танцювала сім разів на день.    | (2)

Вишиту сорочку одягла неділя,
І в садах гуляє у ранковій млі.
Осені і сонця золоте весілля -
Споконвічне свято неба і землі!

І співає ранок, ранок, молодий світанок
Про земний дожинок, неземну любов,
І танцює нічка в диво-черевичках         |
З молодим туманом в золоті дібров.       | (2)

З молодим туманом в золоті дібров.       | (2)');
INSERT OR REPLACE INTO song_links (id,song_id,title,url,kind,version_id,sort_order) VALUES ('pisniua_4139735_l1','pisniua_4139735','YouTube','https://www.youtube.com/watch?v=JgPZJe0rnVM','video',NULL,1);
DELETE FROM song_links WHERE song_id = 'pisniua_4134034';
DELETE FROM song_versions WHERE song_id = 'pisniua_4134034';
DELETE FROM songs_fts WHERE song_id = 'pisniua_4134034';
DELETE FROM songs WHERE id = 'pisniua_4134034';
INSERT OR REPLACE INTO songs (id,title,subtitle,lang,country,period,year,source,notes,lyrics,tags_json,lang_locked,status,created_at,updated_at) VALUES ('pisniua_4134034','Вчительки вальс','Музика: Анатолій Сердюк Слова: Григорій Лютий. Виконує: Анатолій Сердюк, Гурт "Зоряна ніч"','uk','ukraine_1991',NULL,NULL,'аудіозапис',NULL,'Ти ще юна, немов старшокласниця,
Тільки бал проміняла на вуз,
Як поясниш і небо проясниться,
Клен старий пригада, що забувсь.
Ти здаєшся іще безтурботною,
Звідки ж туга хлюпоче в очах?
Сум підкреслено сукнею модною
І спиня чимось порух в плечах.

Приспів:
Я на вальс, я на вальс вас запрошую,
Я помчу вас кудись до зірок!
Закружляю хмільною порошою,
Наші руки сплету у вінок.

Я тобою, як дивом, милуюся,
Ти жертовно себе віддала.
Навіть той хто з тобою цілується,
Не пригубить весь безмір тепла.
Я клянуся і клятву порушую,
Я люблю і не смію любить.
Ніби чашу з дитячими душами
Ти несеш і боїшся розбить.

Приспів.

Лине в школі просвітлена музика,
Вчителькам дарять вальс юнаки.
Їх долоні так солодко мучаться,
Мов пташки, що клюють із руки.
Ну, а ти ще, немов старшокласниця,
Тільки бант проміняла на вуз.
Ох, і вчителька, вчителька класна ця,
А у хлопців не висіявся вус.

Приспів.

Закружляю хмільною порошою,
Наші руки сплету у вінок','[''pisni.org.ua'', ''cat:shkilni'', ''Пісні про школу'']',1,'published',COALESCE((SELECT created_at FROM songs WHERE id='pisniua_4134034'), datetime('now')),datetime('now'));
INSERT OR REPLACE INTO songs_fts(song_id,title,lyrics) VALUES ('pisniua_4134034','Вчительки вальс','Ти ще юна, немов старшокласниця,
Тільки бал проміняла на вуз,
Як поясниш і небо проясниться,
Клен старий пригада, що забувсь.
Ти здаєшся іще безтурботною,
Звідки ж туга хлюпоче в очах?
Сум підкреслено сукнею модною
І спиня чимось порух в плечах.

Приспів:
Я на вальс, я на вальс вас запрошую,
Я помчу вас кудись до зірок!
Закружляю хмільною порошою,
Наші руки сплету у вінок.

Я тобою, як дивом, милуюся,
Ти жертовно себе віддала.
Навіть той хто з тобою цілується,
Не пригубить весь безмір тепла.
Я клянуся і клятву порушую,
Я люблю і не смію любить.
Ніби чашу з дитячими душами
Ти несеш і боїшся розбить.

Приспів.

Лине в школі просвітлена музика,
Вчителькам дарять вальс юнаки.
Їх долоні так солодко мучаться,
Мов пташки, що клюють із руки.
Ну, а ти ще, немов старшокласниця,
Тільки бант проміняла на вуз.
Ох, і вчителька, вчителька класна ця,
А у хлопців не висіявся вус.

Приспів.

Закружляю хмільною порошою,
Наші руки сплету у вінок');
INSERT OR REPLACE INTO song_links (id,song_id,title,url,kind,version_id,sort_order) VALUES ('pisniua_4134034_l1','pisniua_4134034','YouTube','https://www.youtube.com/watch?v=WY3EIg8SXUg','video',NULL,1);
DELETE FROM song_links WHERE song_id = 'pisniua_413032';
DELETE FROM song_versions WHERE song_id = 'pisniua_413032';
DELETE FROM songs_fts WHERE song_id = 'pisniua_413032';
DELETE FROM songs WHERE id = 'pisniua_413032';
INSERT OR REPLACE INTO songs (id,title,subtitle,lang,country,period,year,source,notes,lyrics,tags_json,lang_locked,status,created_at,updated_at) VALUES ('pisniua_413032','Не сміє бути в нас страху *','Музика: Роман Купчинський Слова: Роман Купчинський. Виконує: Дударик','uk','ukrainian_peoples_republic_1917_1921',NULL,NULL,NULL,'Ця жартівлива переробка утворена об''єднанням двох пісень: "Не сміє бути в нас страху" і "Кладочка". Оригінальний (первісний) варіант пісні "Не сміє бути в нас страху" є тут','Не сміє бути в нас страху
і жадної тривоги. - Чому?
Бо ми є лицарі грізні
Залізної Остроги!

Кладочка, кладочка узесенькая.
Дівчино, рибчино молоденькая.
До дівчини мені близько, мені близько,
Но через стависько.
Вчора дощ, нині дощ,
Завтра буде слизько.

Не страшать нас ні в цісарів
Високії пороги,
Бо ми є лицарі грізні
Залізної Остроги!

Кладочка, кладочка узесенькая.
Дівчино, рибчино молоденькая.
До дівчини мені близько, мені близько,
Но через стависько.
Вчора дощ, нині дощ,
Завтра буде слизько.

А до дівочих ніжних серць
Ми знаєм всі дороги,
Бо ми є лицарі грізні
Залізної Остроги!

Кладочка, кладочка узесенькая.
Дівчино, рибчино молоденькая.
До дівчини мені близько, мені близько,
Но через стависько.
Вчора дощ, нині дощ,
Завтра буде слизько.

Не святкуватиме ніхто
над нами перемоги,
Бо ми є лицарі грізні
Залізної Остроги!

Кладочка, кладочка узесенькая.
Дівчино, рибчино молоденькая.
До дівчини мені близько, мені близько,
Но через стависько.
Вчора дощ, нині дощ,
Завтра буде слизько','[''pisni.org.ua'', ''cat:strilecki'', ''cat:zhartivlyvi'', ''Стрілецькі пісні'', ''Жартівливі пісні'']',1,'published',COALESCE((SELECT created_at FROM songs WHERE id='pisniua_413032'), datetime('now')),datetime('now'));
INSERT OR REPLACE INTO songs_fts(song_id,title,lyrics) VALUES ('pisniua_413032','Не сміє бути в нас страху *','Не сміє бути в нас страху
і жадної тривоги. - Чому?
Бо ми є лицарі грізні
Залізної Остроги!

Кладочка, кладочка узесенькая.
Дівчино, рибчино молоденькая.
До дівчини мені близько, мені близько,
Но через стависько.
Вчора дощ, нині дощ,
Завтра буде слизько.

Не страшать нас ні в цісарів
Високії пороги,
Бо ми є лицарі грізні
Залізної Остроги!

Кладочка, кладочка узесенькая.
Дівчино, рибчино молоденькая.
До дівчини мені близько, мені близько,
Но через стависько.
Вчора дощ, нині дощ,
Завтра буде слизько.

А до дівочих ніжних серць
Ми знаєм всі дороги,
Бо ми є лицарі грізні
Залізної Остроги!

Кладочка, кладочка узесенькая.
Дівчино, рибчино молоденькая.
До дівчини мені близько, мені близько,
Но через стависько.
Вчора дощ, нині дощ,
Завтра буде слизько.

Не святкуватиме ніхто
над нами перемоги,
Бо ми є лицарі грізні
Залізної Остроги!

Кладочка, кладочка узесенькая.
Дівчино, рибчино молоденькая.
До дівчини мені близько, мені близько,
Но через стависько.
Вчора дощ, нині дощ,
Завтра буде слизько');
INSERT OR REPLACE INTO song_links (id,song_id,title,url,kind,version_id,sort_order) VALUES ('pisniua_413032_l1','pisniua_413032','YouTube','https://www.youtube.com/watch?v=5-C2XDbVINo','video',NULL,1);
INSERT OR REPLACE INTO song_links (id,song_id,title,url,kind,version_id,sort_order) VALUES ('pisniua_413032_l2','pisniua_413032','YouTube','https://www.youtube.com/watch?v=RFlg2vrLTj0','video',NULL,2);
INSERT OR REPLACE INTO song_links (id,song_id,title,url,kind,version_id,sort_order) VALUES ('pisniua_413032_l3','pisniua_413032','Переглянути варіанти >>','https://www.pisni.org.ua/#variants','external',NULL,3);
DELETE FROM song_links WHERE song_id = 'pisniua_41338';
DELETE FROM song_versions WHERE song_id = 'pisniua_41338';
DELETE FROM songs_fts WHERE song_id = 'pisniua_41338';
DELETE FROM songs WHERE id = 'pisniua_41338';
INSERT OR REPLACE INTO songs (id,title,subtitle,lang,country,period,year,source,notes,lyrics,tags_json,lang_locked,status,created_at,updated_at) VALUES ('pisniua_41338','Пісня про вампіра','Музика: Тарас Чубай Слова: Андрій Панчишин. Виконує: Тарас Чубай, Не журись!','uk','ukraine_before_1917',NULL,NULL,'Пісневир. Молодіжний співаник. Львів 2001.','У пісенниках "Збірник пісень Студентського братства Львівської політехніки" та "Пісневир" ця пісня була опублікована з неправильною назвою: "Пісня про вампіра". Насправді пісня називається просто "Вампір" (музика Тараса Чубая, слова Андрія Панчишина). Її виконував не "Четвертий кут", а Тарас Чубай у виставі театру "Не журись!" "Картотека пана Базя" (пісня є на касеті "Не журись!", яка так і називається: "Картотека пана Базя"). (Інформацію надав Віктор Морозов, http://www.mo-productions.com)','Я гуляю по темних ночах,
Я ховаюся в мокрих корчах.
Я не лютий небачений звір,
Я простий український вампір.

Приспів:
Я шукаю тебе, в мене очі незрячі.
Я шукаю тебе, в мене зуби собачі.
Я шукаю тебе, в мене пальці холодні.
Я живу у безодні.

Ти сьогодні підеш у кіно,
Я залізу в відкрите вікно.
Заховаюся в темнім кутку.
Ти прийдеш, а я скажу:  "Ку-ку!"

Приспів:
Я чекаю тебе, в мене очі незрячі.
Я чекаю тебе, в мене зуби собачі.
Я чекаю тебе, в мене пальці холодні.
Я живу у безодні.

Ти дівчисько дурне та зелене,
Ти далеко не перша у мене.
Але моє жагуче кохання,
Мабуть, буде для тебе останнє.

Приспів:
Я цілую тебе, в мене очі незрячі.
Я цілую тебе, в мене зуби собачі.
Я цiлую тебе, в мене пальці холодні.
Я живу у безодні.
Я кохаю тебе, в мене очі незрячі.
Я кохаю тебе, в мене зуби собачі.
Я кохаю тебе, в мене пальці холодні.
Я живу у безодні.','[''pisni.org.ua'', ''cat:bardivski'', ''cat:zhartivlyvi'', ''Бардівські пісні'', ''Жартівливі пісні'']',1,'published',COALESCE((SELECT created_at FROM songs WHERE id='pisniua_41338'), datetime('now')),datetime('now'));
INSERT OR REPLACE INTO songs_fts(song_id,title,lyrics) VALUES ('pisniua_41338','Пісня про вампіра','Я гуляю по темних ночах,
Я ховаюся в мокрих корчах.
Я не лютий небачений звір,
Я простий український вампір.

Приспів:
Я шукаю тебе, в мене очі незрячі.
Я шукаю тебе, в мене зуби собачі.
Я шукаю тебе, в мене пальці холодні.
Я живу у безодні.

Ти сьогодні підеш у кіно,
Я залізу в відкрите вікно.
Заховаюся в темнім кутку.
Ти прийдеш, а я скажу:  "Ку-ку!"

Приспів:
Я чекаю тебе, в мене очі незрячі.
Я чекаю тебе, в мене зуби собачі.
Я чекаю тебе, в мене пальці холодні.
Я живу у безодні.

Ти дівчисько дурне та зелене,
Ти далеко не перша у мене.
Але моє жагуче кохання,
Мабуть, буде для тебе останнє.

Приспів:
Я цілую тебе, в мене очі незрячі.
Я цілую тебе, в мене зуби собачі.
Я цiлую тебе, в мене пальці холодні.
Я живу у безодні.
Я кохаю тебе, в мене очі незрячі.
Я кохаю тебе, в мене зуби собачі.
Я кохаю тебе, в мене пальці холодні.
Я живу у безодні.');
INSERT OR REPLACE INTO song_links (id,song_id,title,url,kind,version_id,sort_order) VALUES ('pisniua_41338_l1','pisniua_41338','YouTube','https://www.youtube.com/watch?v=hBxzUwdj1fY','video',NULL,1);
DELETE FROM song_links WHERE song_id = 'pisniua_413838';
DELETE FROM song_versions WHERE song_id = 'pisniua_413838';
DELETE FROM songs_fts WHERE song_id = 'pisniua_413838';
DELETE FROM songs WHERE id = 'pisniua_413838';
INSERT OR REPLACE INTO songs (id,title,subtitle,lang,country,period,year,source,notes,lyrics,tags_json,lang_locked,status,created_at,updated_at) VALUES ('pisniua_413838','Коломийки',NULL,'uk','ukr_ssr_1919_1991',NULL,NULL,NULL,NULL,'Сидить Сталiн в комиші,
Гітлер у болоті.
Що робили куркулям -
То роблять бідноті
Хор: Правильно, правильно,

Сталін грає на гармошку
Гітлер садить ріпака.
Дожилася Україна -
По сто грам на їдака.
Хор: Правильно...

Десь скуча Верховна Рада
За вкраїнськими маком,
За стахановським приміром
Тікай, Гітлер, раком!
Хор: Правильно...

Сидить Гітлер на горшку,
Сопе, бідний, дметься,
Україна вже в мішку,
Та мішок той рветься.
Хор: Правильно...

Б''ються німці й комуністи
За вкраїнське жито.
Тікав Сталін без штанів,
А Гітлер без литок.
Хор: Правильно... Совершенно вєрно.

Мало німцям молока,
Захотіли меду;
Будеш битий, сучий Гітлер,
Ззаду і спереду.
Хор: Правильно...

До Німеччини вже нас
Годі, Гітлер, брати,
Буде тобі через рік Нікуди тікати.
Хор: Правильно...

Українці - добрі люди,
Хочуть мир так скласти:
Собі взяти Україну,
Вождям - свині пасти.
Хор: Правильно...','[''pisni.org.ua'', ''cat:povstanski'', ''Повстанські пісні'']',1,'published',COALESCE((SELECT created_at FROM songs WHERE id='pisniua_413838'), datetime('now')),datetime('now'));
INSERT OR REPLACE INTO songs_fts(song_id,title,lyrics) VALUES ('pisniua_413838','Коломийки','Сидить Сталiн в комиші,
Гітлер у болоті.
Що робили куркулям -
То роблять бідноті
Хор: Правильно, правильно,

Сталін грає на гармошку
Гітлер садить ріпака.
Дожилася Україна -
По сто грам на їдака.
Хор: Правильно...

Десь скуча Верховна Рада
За вкраїнськими маком,
За стахановським приміром
Тікай, Гітлер, раком!
Хор: Правильно...

Сидить Гітлер на горшку,
Сопе, бідний, дметься,
Україна вже в мішку,
Та мішок той рветься.
Хор: Правильно...

Б''ються німці й комуністи
За вкраїнське жито.
Тікав Сталін без штанів,
А Гітлер без литок.
Хор: Правильно... Совершенно вєрно.

Мало німцям молока,
Захотіли меду;
Будеш битий, сучий Гітлер,
Ззаду і спереду.
Хор: Правильно...

До Німеччини вже нас
Годі, Гітлер, брати,
Буде тобі через рік Нікуди тікати.
Хор: Правильно...

Українці - добрі люди,
Хочуть мир так скласти:
Собі взяти Україну,
Вождям - свині пасти.
Хор: Правильно...');
DELETE FROM song_links WHERE song_id = 'pisniua_4138333';
DELETE FROM song_versions WHERE song_id = 'pisniua_4138333';
DELETE FROM songs_fts WHERE song_id = 'pisniua_4138333';
DELETE FROM songs WHERE id = 'pisniua_4138333';
INSERT OR REPLACE INTO songs (id,title,subtitle,lang,country,period,year,source,notes,lyrics,tags_json,lang_locked,status,created_at,updated_at) VALUES ('pisniua_4138333','Я нiколи нiкому тебе не вiддам!..','Музика: Ніколо Петраш Слова: Людмила Пономаренко. Виконує: Олександр Пономарьов','uk','ukraine_before_1917',NULL,NULL,'аудіозапис',NULL,'Я так чекав тебе, чекав, що сни здійснилися...
Мені вуста, твої вуста ночами снилися.
Щоб ми зустрілися в житті під цими зорями,
Назвавши їх на самоті своїми долями...
Сама любов для нас обох той час зазначила,
Ти на долонях рук своїх мене побачила,
Зійшлись дві лінії в одну дорогу зоряну,
Як два струмки в одну ріку, дощами сховану.
Приспів:
Я ніколи, нікому Тебе не віддам!
Хочу бачити, чути, любити щодня.
Я нікого, ніколи ще так не кохав,
Я так довго, так довго на тебе чекав!
Я завжди сердцем відчував що ми зустрінемось
І вже нікуди від надій та мрій не дінемось.
Нам мало Всесвіту з тобою, мало вічності,
Для наших чистих почуттів, для їх чарівності!
Я ніколи нікому тебе не віддам!
Хочу бачити, чути, любити щодня.
Я ніколи нікого ще так не кохав,
Я так довго, так дoвго на тебе...
Приспів.','[''pisni.org.ua'', ''cat:lirychni'', ''Пісні про кохання, ліричні'']',1,'published',COALESCE((SELECT created_at FROM songs WHERE id='pisniua_4138333'), datetime('now')),datetime('now'));
INSERT OR REPLACE INTO songs_fts(song_id,title,lyrics) VALUES ('pisniua_4138333','Я нiколи нiкому тебе не вiддам!..','Я так чекав тебе, чекав, що сни здійснилися...
Мені вуста, твої вуста ночами снилися.
Щоб ми зустрілися в житті під цими зорями,
Назвавши їх на самоті своїми долями...
Сама любов для нас обох той час зазначила,
Ти на долонях рук своїх мене побачила,
Зійшлись дві лінії в одну дорогу зоряну,
Як два струмки в одну ріку, дощами сховану.
Приспів:
Я ніколи, нікому Тебе не віддам!
Хочу бачити, чути, любити щодня.
Я нікого, ніколи ще так не кохав,
Я так довго, так довго на тебе чекав!
Я завжди сердцем відчував що ми зустрінемось
І вже нікуди від надій та мрій не дінемось.
Нам мало Всесвіту з тобою, мало вічності,
Для наших чистих почуттів, для їх чарівності!
Я ніколи нікому тебе не віддам!
Хочу бачити, чути, любити щодня.
Я ніколи нікого ще так не кохав,
Я так довго, так дoвго на тебе...
Приспів.');
INSERT OR REPLACE INTO song_links (id,song_id,title,url,kind,version_id,sort_order) VALUES ('pisniua_4138333_l1','pisniua_4138333','YouTube','https://www.youtube.com/watch?v=Pcya4bTkuJs','video',NULL,1);
INSERT OR REPLACE INTO song_links (id,song_id,title,url,kind,version_id,sort_order) VALUES ('pisniua_4138333_l2','pisniua_4138333','YouTube','https://www.youtube.com/watch?v=vCNpm9b8vWA','video',NULL,2);
INSERT OR REPLACE INTO song_links (id,song_id,title,url,kind,version_id,sort_order) VALUES ('pisniua_4138333_l3','pisniua_4138333','YouTube','https://www.youtube.com/watch?v=iBLM2ceyyG8','video',NULL,3);
INSERT OR REPLACE INTO song_links (id,song_id,title,url,kind,version_id,sort_order) VALUES ('pisniua_4138333_l4','pisniua_4138333','YouTube','https://www.youtube.com/watch?v=9Bm88ds-FVs','video',NULL,4);
DELETE FROM song_links WHERE song_id = 'pisniua_413338';
DELETE FROM song_versions WHERE song_id = 'pisniua_413338';
DELETE FROM songs_fts WHERE song_id = 'pisniua_413338';
DELETE FROM songs WHERE id = 'pisniua_413338';
INSERT OR REPLACE INTO songs (id,title,subtitle,lang,country,period,year,source,notes,lyrics,tags_json,lang_locked,status,created_at,updated_at) VALUES ('pisniua_413338','Най буде дощ','Музика: Андрій Кузьменко, Ростислав Домішевський Слова: Ростислав Домішевський. Виконує: Скрябін','uk','ukraine_1991',NULL,NULL,'текст- http://skryabin.ru; аудіо- Скрябін. "Мова риб". 1997','Підбір акордів: bohdanko','Вступ: Am F* Dm Em
Той вітер то страшний дивак
I зовсім робить всьо не так
Якби я силу його мав
До купи хмари би збирав
Приспів:
Най буде дощ
Най миє нас
Най змиє бруд
За весь той час
Зимні краплі моїх сліз
Вкрили землю як роса
Хто не спав не бачив снів
А я завжди тільки спав
Через то коли відкрив
Очі сльози потекли
Не спинити вже тих сліз
Такі файні були сни
Приспів.
Втікає дим крізь пальці
Не втримати його в руках
I скільки не старайся
Він собі як вільний птах
А я так хтів тримати дим
Затиснув пальці аж до крові
Та залишились пусті
Мої скривавлені долоні
Приспів:
Най буде дощ
Най миє нас
Най змиє бруд
Am
За весь той час
* Замість F можна брати F7M [1 x 3 2 1 0]','[''pisni.org.ua'', ''cat:nostalgia'', ''cat:philosophic'', ''Пісні з ностальгічними мотивами'', ''Філософські пісні'']',1,'published',COALESCE((SELECT created_at FROM songs WHERE id='pisniua_413338'), datetime('now')),datetime('now'));
INSERT OR REPLACE INTO songs_fts(song_id,title,lyrics) VALUES ('pisniua_413338','Най буде дощ','Вступ: Am F* Dm Em
Той вітер то страшний дивак
I зовсім робить всьо не так
Якби я силу його мав
До купи хмари би збирав
Приспів:
Най буде дощ
Най миє нас
Най змиє бруд
За весь той час
Зимні краплі моїх сліз
Вкрили землю як роса
Хто не спав не бачив снів
А я завжди тільки спав
Через то коли відкрив
Очі сльози потекли
Не спинити вже тих сліз
Такі файні були сни
Приспів.
Втікає дим крізь пальці
Не втримати його в руках
I скільки не старайся
Він собі як вільний птах
А я так хтів тримати дим
Затиснув пальці аж до крові
Та залишились пусті
Мої скривавлені долоні
Приспів:
Най буде дощ
Най миє нас
Най змиє бруд
Am
За весь той час
* Замість F можна брати F7M [1 x 3 2 1 0]');
INSERT OR REPLACE INTO song_links (id,song_id,title,url,kind,version_id,sort_order) VALUES ('pisniua_413338_l1','pisniua_413338','YouTube','https://www.youtube.com/watch?v=3uzaiCiSaCE','video',NULL,1);
INSERT OR REPLACE INTO song_links (id,song_id,title,url,kind,version_id,sort_order) VALUES ('pisniua_413338_l2','pisniua_413338','YouTube','https://www.youtube.com/watch?v=UgrYbxlPFYo','video',NULL,2);
INSERT OR REPLACE INTO song_links (id,song_id,title,url,kind,version_id,sort_order) VALUES ('pisniua_413338_l3','pisniua_413338','YouTube','https://www.youtube.com/watch?v=7hFUdq4Sw24','video',NULL,3);
DELETE FROM song_links WHERE song_id = 'pisniua_413930';
DELETE FROM song_versions WHERE song_id = 'pisniua_413930';
DELETE FROM songs_fts WHERE song_id = 'pisniua_413930';
DELETE FROM songs WHERE id = 'pisniua_413930';
INSERT OR REPLACE INTO songs (id,title,subtitle,lang,country,period,year,source,notes,lyrics,tags_json,lang_locked,status,created_at,updated_at) VALUES ('pisniua_413930','Українське місто','Музика: Олександр Зелінський Слова: Олександр Зелінський','uk','ukraine_1991',NULL,NULL,NULL,NULL,'В передгір''ї Карпат, на полтв''янських горбах
Ти віками стоїш в череп''яних дахах.
У борні серед бурі та грому
Не забув ти свою рідну мову.
Ти в майбутнє ідеш - я з тобою іду,
Коли сумно тобі - я твій сум перейму,
А як радість здолає печалі,
Заспіваємо пісню таку:

Приспів:
Львів, Львів, Львів, Львів -
Зоряне намисто.
Львів, Львів, Львів, Львів -
Українське місто.
Львів, Львів, Львів, Львів -
Кожен теє знає -
Міста в світі кращого немає.

Тут замало води, забагато дощу,
Рідко сонячні дні, часом небо в пилу,
Та недоліки я зневажаю,
Бо тебе, рідний Львове, кохаю! -
За весняну красу, за бруківку стару,
За вечірню зорю і за вежу стрімку.
Ти забрав мою волю і долю,
Своє серце тобі віддаю.

Приспів.

А на Замок Високий коли піднімусь,
То із замку побачу всю Галицьку Русь,
Стольний Київ, Париж і Варшаву,
Персенківку, і Сихів, і Раву.
Заспіваю і пісня у небо злетить,
Обкружляє планету, повернеться вмить,
Добрим словом нащадків Данила
Над дахами, мов дзвін, задзвенить.

Приспів.','[''pisni.org.ua'', ''cat:lviv'', ''Пісні про Львів'']',1,'published',COALESCE((SELECT created_at FROM songs WHERE id='pisniua_413930'), datetime('now')),datetime('now'));
INSERT OR REPLACE INTO songs_fts(song_id,title,lyrics) VALUES ('pisniua_413930','Українське місто','В передгір''ї Карпат, на полтв''янських горбах
Ти віками стоїш в череп''яних дахах.
У борні серед бурі та грому
Не забув ти свою рідну мову.
Ти в майбутнє ідеш - я з тобою іду,
Коли сумно тобі - я твій сум перейму,
А як радість здолає печалі,
Заспіваємо пісню таку:

Приспів:
Львів, Львів, Львів, Львів -
Зоряне намисто.
Львів, Львів, Львів, Львів -
Українське місто.
Львів, Львів, Львів, Львів -
Кожен теє знає -
Міста в світі кращого немає.

Тут замало води, забагато дощу,
Рідко сонячні дні, часом небо в пилу,
Та недоліки я зневажаю,
Бо тебе, рідний Львове, кохаю! -
За весняну красу, за бруківку стару,
За вечірню зорю і за вежу стрімку.
Ти забрав мою волю і долю,
Своє серце тобі віддаю.

Приспів.

А на Замок Високий коли піднімусь,
То із замку побачу всю Галицьку Русь,
Стольний Київ, Париж і Варшаву,
Персенківку, і Сихів, і Раву.
Заспіваю і пісня у небо злетить,
Обкружляє планету, повернеться вмить,
Добрим словом нащадків Данила
Над дахами, мов дзвін, задзвенить.

Приспів.');
DELETE FROM song_links WHERE song_id = 'pisniua_414389';
DELETE FROM song_versions WHERE song_id = 'pisniua_414389';
DELETE FROM songs_fts WHERE song_id = 'pisniua_414389';
DELETE FROM songs WHERE id = 'pisniua_414389';
INSERT OR REPLACE INTO songs (id,title,subtitle,lang,country,period,year,source,notes,lyrics,tags_json,lang_locked,status,created_at,updated_at) VALUES ('pisniua_414389','Україна *','Музика: Тарас Петриненко Слова: Тарас Петриненко. Виконує: Тарас Петриненко, Гроно','uk','ukraine_1991',NULL,NULL,'Пісневир: Молодіжний співаник.- Львів, 2001','* Тут, можливо, текст інший: Бо ми кохаєм до нестями, І ще не скоро наш кінець. Акорди подано спрощені. В оригіналі пісня виконується в тональності "ля-мінор" (з акорда A).','Дороги іншої не треба,
Поки зорить Чумацький Шлях.
Я йду від тебе і до тебе
По золотих твоїх стежках.

Мені не можна не любити,
Тобі не можна не цвісти.
Лиш доти варто в світі жити,
Поки живеш і квітнеш ти!

Приспів 1:
Україно, Україно, після далечі доріг
Вірне серце твого сина я кладу тобі до ніг!

Поки кохаєм до нестями, *
Іще не скоро наш кінець.
Ще, може, нашими серцями
Розпалим тисячі сердець.

Ще свічка наша не згоріла,
Ще наша молодість при нас,
А те, чи варте наше діло —
То скажуть люди й скаже час.

Приспів 2:
Україно, Україно, після далечі доріг
Вірне серце твого сина я кладу тобі до ніг!

Приспів 3:
Україно, Україно, після далечі доріг         |
Вірне серце твого сина я кладу тобі до ніг!  |
Україно, Україно, після далечі доріг
Вірне серце твого сина я кладу тобі до ніг!
G
Тобі до ніг!','[''pisni.org.ua'', ''cat:patriotic'', ''Патріотичні пісні'']',1,'published',COALESCE((SELECT created_at FROM songs WHERE id='pisniua_414389'), datetime('now')),datetime('now'));
INSERT OR REPLACE INTO songs_fts(song_id,title,lyrics) VALUES ('pisniua_414389','Україна *','Дороги іншої не треба,
Поки зорить Чумацький Шлях.
Я йду від тебе і до тебе
По золотих твоїх стежках.

Мені не можна не любити,
Тобі не можна не цвісти.
Лиш доти варто в світі жити,
Поки живеш і квітнеш ти!

Приспів 1:
Україно, Україно, після далечі доріг
Вірне серце твого сина я кладу тобі до ніг!

Поки кохаєм до нестями, *
Іще не скоро наш кінець.
Ще, може, нашими серцями
Розпалим тисячі сердець.

Ще свічка наша не згоріла,
Ще наша молодість при нас,
А те, чи варте наше діло —
То скажуть люди й скаже час.

Приспів 2:
Україно, Україно, після далечі доріг
Вірне серце твого сина я кладу тобі до ніг!

Приспів 3:
Україно, Україно, після далечі доріг         |
Вірне серце твого сина я кладу тобі до ніг!  |
Україно, Україно, після далечі доріг
Вірне серце твого сина я кладу тобі до ніг!
G
Тобі до ніг!');
INSERT OR REPLACE INTO song_links (id,song_id,title,url,kind,version_id,sort_order) VALUES ('pisniua_414389_l1','pisniua_414389','YouTube','https://www.youtube.com/watch?v=Lu3gbBVmA2k','video',NULL,1);
INSERT OR REPLACE INTO song_links (id,song_id,title,url,kind,version_id,sort_order) VALUES ('pisniua_414389_l2','pisniua_414389','YouTube','https://www.youtube.com/watch?v=fQcS2En_DR8','video',NULL,2);
INSERT OR REPLACE INTO song_links (id,song_id,title,url,kind,version_id,sort_order) VALUES ('pisniua_414389_l3','pisniua_414389','Переглянути варіанти >>','https://www.pisni.org.ua/#variants','external',NULL,3);
DELETE FROM song_links WHERE song_id = 'pisniua_4140632';
DELETE FROM song_versions WHERE song_id = 'pisniua_4140632';
DELETE FROM songs_fts WHERE song_id = 'pisniua_4140632';
DELETE FROM songs WHERE id = 'pisniua_4140632';
INSERT OR REPLACE INTO songs (id,title,subtitle,lang,country,period,year,source,notes,lyrics,tags_json,lang_locked,status,created_at,updated_at) VALUES ('pisniua_4140632','Коровай','Музика: Олександр Осадчий Слова: Леонід Татаренко. Виконує: Тося Федунова, Краяни','uk','ukraine_1991',NULL,NULL,NULL,NULL,'Зернятко до зернятка -
З короваєм днина.
Не роняй на землю ти
Хліб святий,зернину,
В ній же як у серденьку -
Все про хліб турбота,
Про кожнеє зернятко -
До сьомого поту...

Приспів:
А без короваю -
Щастя не буває!
В сонці короваю -
Слава трудовая!
В рушники загорнем
Білий хліб і чорний,-
Зернятко до зернятка,
Зернятко до зернятка -
Коровай!

В полі - як потрудишся -
Так і веселитись...
В полі - кожній грудочці
Треба поклонитись.
То вологи мало їй,
То плакуче небо...
Мерзлу і обпалену
Землю ніжить треба.

Приспів.

Вчасно треба сіяти,
Й берегти зернята -
Наша доля й сила в них,
Молодість крилата.
Зернятко розтопчеш ти -
Гнів землі накличеш!
Шана хлібу отчому
Вічна і велична.

Приспів','[''pisni.org.ua'', ''cat:zahalni-cinnosti'', ''Пісні про загальнолюдські цінності'']',1,'published',COALESCE((SELECT created_at FROM songs WHERE id='pisniua_4140632'), datetime('now')),datetime('now'));
INSERT OR REPLACE INTO songs_fts(song_id,title,lyrics) VALUES ('pisniua_4140632','Коровай','Зернятко до зернятка -
З короваєм днина.
Не роняй на землю ти
Хліб святий,зернину,
В ній же як у серденьку -
Все про хліб турбота,
Про кожнеє зернятко -
До сьомого поту...

Приспів:
А без короваю -
Щастя не буває!
В сонці короваю -
Слава трудовая!
В рушники загорнем
Білий хліб і чорний,-
Зернятко до зернятка,
Зернятко до зернятка -
Коровай!

В полі - як потрудишся -
Так і веселитись...
В полі - кожній грудочці
Треба поклонитись.
То вологи мало їй,
То плакуче небо...
Мерзлу і обпалену
Землю ніжить треба.

Приспів.

Вчасно треба сіяти,
Й берегти зернята -
Наша доля й сила в них,
Молодість крилата.
Зернятко розтопчеш ти -
Гнів землі накличеш!
Шана хлібу отчому
Вічна і велична.

Приспів');
INSERT OR REPLACE INTO song_links (id,song_id,title,url,kind,version_id,sort_order) VALUES ('pisniua_4140632_l1','pisniua_4140632','YouTube','https://www.youtube.com/watch?v=-oKcdViE3DA','video',NULL,1);
DELETE FROM song_links WHERE song_id = 'pisniua_4140034';
DELETE FROM song_versions WHERE song_id = 'pisniua_4140034';
DELETE FROM songs_fts WHERE song_id = 'pisniua_4140034';
DELETE FROM songs WHERE id = 'pisniua_4140034';
INSERT OR REPLACE INTO songs (id,title,subtitle,lang,country,period,year,source,notes,lyrics,tags_json,lang_locked,status,created_at,updated_at) VALUES ('pisniua_4140034','Вальс','Українська народна пісня. Виконує: ДахаБраха','uk','ukraine_before_1917',NULL,NULL,'аудіозапис',NULL,'Хто не вийде на Купайло,
Щоб воно лягло та й не встало!
Щоб воно лягло та й не встало!

Щоб воно лягло та й не встало,
Святого Петра не дождало!
Святого Петра не дождало!

Щоб воно лягло колодою,
А завтра встало з хворобою!
А завтра встало з хворобою!

Наше Купайло проти ночі,
Повипєкає вєдьмам очи!
Повипєкає вєдьмам очи!

Щоб по ночам не ходили,
Чужих коровок не доїли!
Чужих коровок не доїли!

Ой, на горі крокос порос,
Забрав чорт хлопцов та й в лєс поньос!
Забрав чорт хлопцов та й в лєс поньос!

Забрав чорт хлопцов та й носиться,
Дурнії хлопци не просяться!
Дурнії хлопци не просяться!

Ой, на горі вогонь горить,
Кричить дівчина: живот болить!
Кричить дівчина: живот болить!

Нехай кричить, нехай знає,
Нехай з хлопцями не гуляє!
Нехай з хлопцями не гуляє!

Хто не вийде на Купайло,
Щоб воно лягло та й не встало!
Щоб воно лягло та й не встало!','[''pisni.org.ua'', ''cat:kupalski'', ''Купальські пісні'']',1,'published',COALESCE((SELECT created_at FROM songs WHERE id='pisniua_4140034'), datetime('now')),datetime('now'));
INSERT OR REPLACE INTO songs_fts(song_id,title,lyrics) VALUES ('pisniua_4140034','Вальс','Хто не вийде на Купайло,
Щоб воно лягло та й не встало!
Щоб воно лягло та й не встало!

Щоб воно лягло та й не встало,
Святого Петра не дождало!
Святого Петра не дождало!

Щоб воно лягло колодою,
А завтра встало з хворобою!
А завтра встало з хворобою!

Наше Купайло проти ночі,
Повипєкає вєдьмам очи!
Повипєкає вєдьмам очи!

Щоб по ночам не ходили,
Чужих коровок не доїли!
Чужих коровок не доїли!

Ой, на горі крокос порос,
Забрав чорт хлопцов та й в лєс поньос!
Забрав чорт хлопцов та й в лєс поньос!

Забрав чорт хлопцов та й носиться,
Дурнії хлопци не просяться!
Дурнії хлопци не просяться!

Ой, на горі вогонь горить,
Кричить дівчина: живот болить!
Кричить дівчина: живот болить!

Нехай кричить, нехай знає,
Нехай з хлопцями не гуляє!
Нехай з хлопцями не гуляє!

Хто не вийде на Купайло,
Щоб воно лягло та й не встало!
Щоб воно лягло та й не встало!');
INSERT OR REPLACE INTO song_links (id,song_id,title,url,kind,version_id,sort_order) VALUES ('pisniua_4140034_l1','pisniua_4140034','YouTube','https://www.youtube.com/watch?v=m-CKUdrpHiU','video',NULL,1);
DELETE FROM song_links WHERE song_id = 'pisniua_4143083';
DELETE FROM song_versions WHERE song_id = 'pisniua_4143083';
DELETE FROM songs_fts WHERE song_id = 'pisniua_4143083';
DELETE FROM songs WHERE id = 'pisniua_4143083';
INSERT OR REPLACE INTO songs (id,title,subtitle,lang,country,period,year,source,notes,lyrics,tags_json,lang_locked,status,created_at,updated_at) VALUES ('pisniua_4143083','Посміхайтеся','Музика: Олександр Осадчий Слова: Андрій Дмитрук. Виконує: Валентина Михайлова, Віталій Білоножко','uk','ukraine_1991',NULL,NULL,NULL,NULL,'Рано на зорі прокидайтеся,
Сонячній порі посміхайтеся.
Щоб вінком пісень               |
Линув кожний день -             |
З ранку неодмінно посміхайтеся! |(2)

Приспів:
Посміхнись!
Посміхнись!
Знай - щастить в житті веселим людям.
Хай твій сміх,
Добрий сміх -
Наче сонце гріє всіх!

Хай гуркоче грім - не лякайтеся,
Хмарам дощовим - посміхайтеся.
Морок відлетить,                  |
Вернеться блакить -               |
Тільки, дуже прошу, посміхайтеся! |(2)

Приспів.

Прийде сто турбот - ви тримайтеся!
Серед всіх негод - посміхайтеся!
Швидко плине час,               |
Щастя стріне вас,               |
Тільки ви частіше посміхайтеся  |(2)

Приспів','[''pisni.org.ua'', ''cat:zahalni-cinnosti'', ''Пісні про загальнолюдські цінності'']',1,'published',COALESCE((SELECT created_at FROM songs WHERE id='pisniua_4143083'), datetime('now')),datetime('now'));
INSERT OR REPLACE INTO songs_fts(song_id,title,lyrics) VALUES ('pisniua_4143083','Посміхайтеся','Рано на зорі прокидайтеся,
Сонячній порі посміхайтеся.
Щоб вінком пісень               |
Линув кожний день -             |
З ранку неодмінно посміхайтеся! |(2)

Приспів:
Посміхнись!
Посміхнись!
Знай - щастить в житті веселим людям.
Хай твій сміх,
Добрий сміх -
Наче сонце гріє всіх!

Хай гуркоче грім - не лякайтеся,
Хмарам дощовим - посміхайтеся.
Морок відлетить,                  |
Вернеться блакить -               |
Тільки, дуже прошу, посміхайтеся! |(2)

Приспів.

Прийде сто турбот - ви тримайтеся!
Серед всіх негод - посміхайтеся!
Швидко плине час,               |
Щастя стріне вас,               |
Тільки ви частіше посміхайтеся  |(2)

Приспів');
INSERT OR REPLACE INTO song_links (id,song_id,title,url,kind,version_id,sort_order) VALUES ('pisniua_4143083_l1','pisniua_4143083','YouTube','https://www.youtube.com/watch?v=QIOjAbnbisM','video',NULL,1);
DELETE FROM song_links WHERE song_id = 'pisniua_41436';
DELETE FROM song_versions WHERE song_id = 'pisniua_41436';
DELETE FROM songs_fts WHERE song_id = 'pisniua_41436';
DELETE FROM songs WHERE id = 'pisniua_41436';
INSERT OR REPLACE INTO songs (id,title,subtitle,lang,country,period,year,source,notes,lyrics,tags_json,lang_locked,status,created_at,updated_at) VALUES ('pisniua_41436','Корида','Музика: Тарас Чубай Слова: Григорій Чубай. Виконує: Плач Єремії','uk','ukraine_1991',NULL,NULL,'Збірник пісень Студентського братства Львівської політехніки. Львів, 2000',NULL,'Моя задихана коридо,
Мій колізейний чорний дню,
Dm
Твої дива ридають ридма,
Бо з них злагоджують меню.

Їх на руках навчать ходити
Dm
І танцювати на шнурку -
G
В догоду хтивим ерудитам,
Am
Юрбі цинічній до смаку.
Am
Яка хвилюється у норму:
Dm
То драматично позіха,
G
То грима в стелю бутафорно
F
Своїм премудрим: "Ха-ха-ха!".

Мій чорний дню, мій Колізею,
На грані тьми і пустоти...
Чи, може, совість до музею
Поки не пізно, віднести?!
Am
Бо то таке вже архидревнє,
Dm
Як і пергамент, і соха,
G
Тоді б і я зумів, напевне,
F
Зректи премудре: "Ха-ха-ха!"

Рядочком кожним і абзацом,
І кожним всміхненим кліше
Кричать газети про ерзаци -
Ерзаци душ з пап''є-маше.
З трибуни хтось волає "браво!" -
По всіх усюдах загуло:
Минуле вб''єм ерзацом слави,
Якщо там слави не було!
Замість часу - ерзац-годину,
Замість людей - ерзац-людину,
А всім крикливим на догоду
Ми подамо ерзац-свободу!
І, для годиться, вже посієм
Із власних уст ерзац-месію!...

Хвала творцям ерзаців, браво! -
Це ж підійме на висоту
І синтезовану державу,
І синтетичну пустоту.
Чого ж іще тоді шукати?
Чого ж іще запрагне люд -
Кібернетичного Пілата?
Чи синтезованих Іуд?
Синтезованих Іуд?

Моя задихана Корридо...','[''pisni.org.ua'', ''cat:bardivski'', ''Бардівські пісні'']',1,'published',COALESCE((SELECT created_at FROM songs WHERE id='pisniua_41436'), datetime('now')),datetime('now'));
INSERT OR REPLACE INTO songs_fts(song_id,title,lyrics) VALUES ('pisniua_41436','Корида','Моя задихана коридо,
Мій колізейний чорний дню,
Dm
Твої дива ридають ридма,
Бо з них злагоджують меню.

Їх на руках навчать ходити
Dm
І танцювати на шнурку -
G
В догоду хтивим ерудитам,
Am
Юрбі цинічній до смаку.
Am
Яка хвилюється у норму:
Dm
То драматично позіха,
G
То грима в стелю бутафорно
F
Своїм премудрим: "Ха-ха-ха!".

Мій чорний дню, мій Колізею,
На грані тьми і пустоти...
Чи, може, совість до музею
Поки не пізно, віднести?!
Am
Бо то таке вже архидревнє,
Dm
Як і пергамент, і соха,
G
Тоді б і я зумів, напевне,
F
Зректи премудре: "Ха-ха-ха!"

Рядочком кожним і абзацом,
І кожним всміхненим кліше
Кричать газети про ерзаци -
Ерзаци душ з пап''є-маше.
З трибуни хтось волає "браво!" -
По всіх усюдах загуло:
Минуле вб''єм ерзацом слави,
Якщо там слави не було!
Замість часу - ерзац-годину,
Замість людей - ерзац-людину,
А всім крикливим на догоду
Ми подамо ерзац-свободу!
І, для годиться, вже посієм
Із власних уст ерзац-месію!...

Хвала творцям ерзаців, браво! -
Це ж підійме на висоту
І синтезовану державу,
І синтетичну пустоту.
Чого ж іще тоді шукати?
Чого ж іще запрагне люд -
Кібернетичного Пілата?
Чи синтезованих Іуд?
Синтезованих Іуд?

Моя задихана Корридо...');
INSERT OR REPLACE INTO song_links (id,song_id,title,url,kind,version_id,sort_order) VALUES ('pisniua_41436_l1','pisniua_41436','YouTube','https://www.youtube.com/watch?v=BjAqzCV3sTQ','video',NULL,1);
DELETE FROM song_links WHERE song_id = 'pisniua_414333';
DELETE FROM song_versions WHERE song_id = 'pisniua_414333';
DELETE FROM songs_fts WHERE song_id = 'pisniua_414333';
DELETE FROM songs WHERE id = 'pisniua_414333';
INSERT OR REPLACE INTO songs (id,title,subtitle,lang,country,period,year,source,notes,lyrics,tags_json,lang_locked,status,created_at,updated_at) VALUES ('pisniua_414333','Марш "Звитяги"','Музика: Ярослав Юрчишин Слова: Ярослав Юрчишин. Виконує: Ярослав Юрчишин','uk','ukraine_1991',NULL,'2002','1. http://plast-scouting.org/music/ 2. Співаник Українського Лицаря. Видання Куреня УСП ч.15 “Орден Залізної Остроги” ім. Святослава Завойовника Пласту – НСОУ.– Київ: Українська Видавнича Спілка, 2006.– 104 с.','Акорди виправив і доповнив Ярослав Юрчишин. "Пісня написана влітку 2002 року спеціально для підтабору "Звитяга" Ювілейної Міжкрайової Пластової Зустрічі (ЮМПЗ). Автор слів та музики старший пластун Ярослав Юрчишин з Ордену Залізної Остроги. Один із куплетів було написано безпосередньо на таборі поблизу Крехівського монастиря майже всім проводом табору юнаків (найбільше долучився пластун сеньйор Павло Білоус, ОЗО)." (Джерело: Співаник Українського Лицаря, 2006)','Ти чуєш: крок карбує ряд,
У ньому всім нам місце стати.
Бо кожен з нас тепер вояк
Народжений перемагати.

Нехай тремтять всі вороги,
Неначе псів брудних ватага.
Навік замовкнуть вже вони:
На їх шляху встає "Звитяга"!

Приспів:
"Звитяга", вперед, вперед!
На труднощі не зважай!
"Звитяга", вперед, вперед!
"Звитяга", перемагай!

Лише вперед! Нових висот
Кров Святослава вимагає.
Бо хто тремтить, немов осот,
Той не живе і не вмирає.

Нас кличе Русь, її кордон
Для нас дороговказом буде.
І не існує перепон,
Які "Звитяга" не здобуде!

Приспів.

Під нами землі прадідів,
Над нами Сонце - лик Сварога.
І нас до лицарських чинів
Веде Залізная Острога.

Клич "Перемога або смерть!"
Луна над нами в цю хвилину.
І ми плекаємо в собі
Звитяжні риси для Вкраїни.

Приспів.','[''pisni.org.ua'', ''cat:bardivski'', ''cat:himny-marshi'', ''cat:plastovi'', ''Бардівські пісні'', ''Гимни та марші'', ''Пластові пісні'']',1,'published',COALESCE((SELECT created_at FROM songs WHERE id='pisniua_414333'), datetime('now')),datetime('now'));
INSERT OR REPLACE INTO songs_fts(song_id,title,lyrics) VALUES ('pisniua_414333','Марш "Звитяги"','Ти чуєш: крок карбує ряд,
У ньому всім нам місце стати.
Бо кожен з нас тепер вояк
Народжений перемагати.

Нехай тремтять всі вороги,
Неначе псів брудних ватага.
Навік замовкнуть вже вони:
На їх шляху встає "Звитяга"!

Приспів:
"Звитяга", вперед, вперед!
На труднощі не зважай!
"Звитяга", вперед, вперед!
"Звитяга", перемагай!

Лише вперед! Нових висот
Кров Святослава вимагає.
Бо хто тремтить, немов осот,
Той не живе і не вмирає.

Нас кличе Русь, її кордон
Для нас дороговказом буде.
І не існує перепон,
Які "Звитяга" не здобуде!

Приспів.

Під нами землі прадідів,
Над нами Сонце - лик Сварога.
І нас до лицарських чинів
Веде Залізная Острога.

Клич "Перемога або смерть!"
Луна над нами в цю хвилину.
І ми плекаємо в собі
Звитяжні риси для Вкраїни.

Приспів.');
DELETE FROM song_links WHERE song_id = 'pisniua_414737';
DELETE FROM song_versions WHERE song_id = 'pisniua_414737';
DELETE FROM songs_fts WHERE song_id = 'pisniua_414737';
DELETE FROM songs WHERE id = 'pisniua_414737';
INSERT OR REPLACE INTO songs (id,title,subtitle,lang,country,period,year,source,notes,lyrics,tags_json,lang_locked,status,created_at,updated_at) VALUES ('pisniua_414737','Від Синього Дону до Сивиx Карпат','Музика: Михайло Гайворонський Слова: Олекса Кобець','uk','ukrainian_peoples_republic_1917_1921',NULL,'1917','1. У мандри. Збірник українських пісень для пластової молоді. - Мельбурн - Аделаїда, 1981. 2. http://www.vesna.org.ua/txt/bodnaruki/mds/13.html','*Варіанти в''язок подані за джерелом 1. У ньому відсутня третя в''язка. Наша пластова молодь залюбки співає чудову бадьору маршову пісню "Від синього Дону до сивих Карпат...", не знаючи здебільшого, що автором її є письменник Олекса Кобець, а музику до неї склав Михайло Гайворонський, композитор УСС. Своїм змістом і своєю мелодією вона дуже припала до серця української молоді і стала вже на свій лад майже ародною. Її понесла наша молодь з собою на чужі континенти, в широкий світ, і в ній оспівує найсвятіші ідеали народу, як оспівав їх поет Кобець у 1917 році, перебуваючи у Фрайштадському таборі полонених. Напевно не знав автор, живучи пізніше в умовах підсовєтської дійсности, що за Збручем його пісня стала неначе другим нашим національним гімном. http://www.vesna.org.ua/txt/bodnaruki/mds/13.html Акорди підібрано за джерелом 1. Іще живі та здорові Всі Родичі Гарбузові. Тримаймось Звичаю рідного. Як мислиш порами року — сій, як мислиш роками — сади дерева, а як мислиш віками — рости дітей співаючи. Народна мудрість Підбір акордів: bohdanko (pisni.org.ua)','Від Синього Дону до Сивиx Карпат
Одна нероздільна Родина
Без панства, без рабства, насильства і зрад, |
Вільна, незалежна Вкраїна.                   | (2)

Ми діти Народу широкиx степів,
Ми все є готові до бою
За Правду, за Волю, за Віру батьків          |
Прапор наш леліє Горою.*                     | (2)

В нас крила орлині і бистрий наш літ,
І бистре соколине око,
До бою зірвемось, як буря, у мить,           |
І стяг піднесемо високо.                     | (2)

Дочки/Сини України ставаймо сильні
Тримаймось Звичаю рідного
Зберем з поля чистого квіти-пісні            |
В вінок України вільної.**                   | (2)

Від Синього Дону до Сивиx Карпат
Одна нероздільна родина
Без панства, без рабства, насильства і зрад, |
Вільна, незалежна Вкраїна.                   | (2)
*Варіант в''язки:
Ми діти Вкраїни, широкиx степів,
Ми завжди готові до бою.
За Правду, за Волю, за Славу батьків         |
Прапор наш леліє Горою.                      | (2)

**Варіант в''язки:
Сини України! Ставаймо вільні
Під Прапор Ідеї одної
Зберем з поля рідного квіти рясні            |
В вінок України вільної.                     | (2)

Акорди:
Gm
Від Синього Дону до Сивиx Карпат
Одна нероздільна Родина
Без панства, без рабства, насильства і зрад, |
Вільна, незалежна Вкраїна.                   | (2)','[''pisni.org.ua'', ''cat:himny-marshi'', ''cat:plastovi'', ''Гимни та марші'', ''Пластові пісні'']',1,'published',COALESCE((SELECT created_at FROM songs WHERE id='pisniua_414737'), datetime('now')),datetime('now'));
INSERT OR REPLACE INTO songs_fts(song_id,title,lyrics) VALUES ('pisniua_414737','Від Синього Дону до Сивиx Карпат','Від Синього Дону до Сивиx Карпат
Одна нероздільна Родина
Без панства, без рабства, насильства і зрад, |
Вільна, незалежна Вкраїна.                   | (2)

Ми діти Народу широкиx степів,
Ми все є готові до бою
За Правду, за Волю, за Віру батьків          |
Прапор наш леліє Горою.*                     | (2)

В нас крила орлині і бистрий наш літ,
І бистре соколине око,
До бою зірвемось, як буря, у мить,           |
І стяг піднесемо високо.                     | (2)

Дочки/Сини України ставаймо сильні
Тримаймось Звичаю рідного
Зберем з поля чистого квіти-пісні            |
В вінок України вільної.**                   | (2)

Від Синього Дону до Сивиx Карпат
Одна нероздільна родина
Без панства, без рабства, насильства і зрад, |
Вільна, незалежна Вкраїна.                   | (2)
*Варіант в''язки:
Ми діти Вкраїни, широкиx степів,
Ми завжди готові до бою.
За Правду, за Волю, за Славу батьків         |
Прапор наш леліє Горою.                      | (2)

**Варіант в''язки:
Сини України! Ставаймо вільні
Під Прапор Ідеї одної
Зберем з поля рідного квіти рясні            |
В вінок України вільної.                     | (2)

Акорди:
Gm
Від Синього Дону до Сивиx Карпат
Одна нероздільна Родина
Без панства, без рабства, насильства і зрад, |
Вільна, незалежна Вкраїна.                   | (2)');
INSERT OR REPLACE INTO song_links (id,song_id,title,url,kind,version_id,sort_order) VALUES ('pisniua_414737_l1','pisniua_414737','YouTube','https://www.youtube.com/watch?v=jIUnLxJHmfU','video',NULL,1);
INSERT OR REPLACE INTO song_links (id,song_id,title,url,kind,version_id,sort_order) VALUES ('pisniua_414737_l2','pisniua_414737','YouTube','https://www.youtube.com/watch?v=vSUfxBAyyPY','video',NULL,2);
INSERT OR REPLACE INTO song_links (id,song_id,title,url,kind,version_id,sort_order) VALUES ('pisniua_414737_l3','pisniua_414737','YouTube','https://www.youtube.com/watch?v=8fcAHSY97t0','video',NULL,3);
INSERT OR REPLACE INTO song_links (id,song_id,title,url,kind,version_id,sort_order) VALUES ('pisniua_414737_l4','pisniua_414737','Переглянути варіанти >>','https://www.pisni.org.ua/#variants','external',NULL,4);
DELETE FROM song_links WHERE song_id = 'pisniua_4146931';
DELETE FROM song_versions WHERE song_id = 'pisniua_4146931';
DELETE FROM songs_fts WHERE song_id = 'pisniua_4146931';
DELETE FROM songs WHERE id = 'pisniua_4146931';
INSERT OR REPLACE INTO songs (id,title,subtitle,lang,country,period,year,source,notes,lyrics,tags_json,lang_locked,status,created_at,updated_at) VALUES ('pisniua_4146931','Перелаз','Українська народна пісня. Виконує: Тріо бандуристок Українського Радіо','uk','ukraine_before_1917',NULL,NULL,'http://kolyba.org.ua',NULL,'Перелаз, перелаз
Від сусіди до нас.
Сусідський легіню,
Сусідський легіню,
Чом не ходиш до нас?

До вас би ходити,
Тебе би любити —
Я хлопець молодий,
Я хлопець молодий,
Знаю ся ганьбити.

Моя хата при дорозі,
Соломою крита,
Ходи до ня, милий,
Ходи до ня, милий,
Хоч я буду бита.

Верхом, милий, верхом
Прийди до ня смерком,
Прокладу ти значок,
Прокладу ти значок
На верхній облачок.

Дівка м була, дівка,
Не було ми пари.
Так за мною хлопці йшли,
Так за мною хлопці йшли,
Як дождяні хмари!','[''pisni.org.ua'', ''cat:zakarpatski'', ''Закарпатські пісні'']',1,'published',COALESCE((SELECT created_at FROM songs WHERE id='pisniua_4146931'), datetime('now')),datetime('now'));
INSERT OR REPLACE INTO songs_fts(song_id,title,lyrics) VALUES ('pisniua_4146931','Перелаз','Перелаз, перелаз
Від сусіди до нас.
Сусідський легіню,
Сусідський легіню,
Чом не ходиш до нас?

До вас би ходити,
Тебе би любити —
Я хлопець молодий,
Я хлопець молодий,
Знаю ся ганьбити.

Моя хата при дорозі,
Соломою крита,
Ходи до ня, милий,
Ходи до ня, милий,
Хоч я буду бита.

Верхом, милий, верхом
Прийди до ня смерком,
Прокладу ти значок,
Прокладу ти значок
На верхній облачок.

Дівка м була, дівка,
Не було ми пари.
Так за мною хлопці йшли,
Так за мною хлопці йшли,
Як дождяні хмари!');
INSERT OR REPLACE INTO song_links (id,song_id,title,url,kind,version_id,sort_order) VALUES ('pisniua_4146931_l1','pisniua_4146931','YouTube','https://www.youtube.com/watch?v=sH5H2EQJK_A','video',NULL,1);
INSERT OR REPLACE INTO song_links (id,song_id,title,url,kind,version_id,sort_order) VALUES ('pisniua_4146931_l2','pisniua_4146931','YouTube','https://www.youtube.com/watch?v=T4-rtYDgQnk','video',NULL,2);
DELETE FROM song_links WHERE song_id = 'pisniua_4141230';
DELETE FROM song_versions WHERE song_id = 'pisniua_4141230';
DELETE FROM songs_fts WHERE song_id = 'pisniua_4141230';
DELETE FROM songs WHERE id = 'pisniua_4141230';
INSERT OR REPLACE INTO songs (id,title,subtitle,lang,country,period,year,source,notes,lyrics,tags_json,lang_locked,status,created_at,updated_at) VALUES ('pisniua_4141230','Ой підемо, жінко','Українська народна пісня. Виконує: Ансамбль Льонок','uk','ukraine_before_1917',NULL,NULL,NULL,NULL,'- Ой підемо, жінко, підемо, підемо,
Ой підемо в поле пшеницю в''язати!

-Ой хоч піду - в''язати не буду,           |
Бо пшениця ярова, болить мені голова!     | (2)

- Ой підемо, жінко, підемо, підемо,
Ой підемо в поле та ячмінь в''язати!

- Ой хоч піду - в''язати не буду,            |
Бо в ячменя остючки, болять мені кісточки!  | (2)

- Ой підемо, жінко, підемо, підемо,
Ой підемо в поле та овес в''язати!

- Ой хоч піду - в''язати не буду,          |
Бо овес шелестить, мене серденько болить! | (2)

- Ой підемо, жінко, підемо, підемо,
Ой підемо в поле та гречку в''язати!

- Ой хоч піду - в''язати не буду,          |
Бо у гречки полова, а я нездорова!        | (2)

- Ой підемо, жінко, підемо, підемо,
Ой підемо в поле буряки копати!

- Ой хоч піду - копати не буду,           |
Бо велика гичка, а я невеличка!           | (2)

- Ой підемо, жінко, підемо, підемо,
Ой підем до кума весілля гуляти!

- Ой дай Боже сто років прожити,          |
Через день, через два до кума ходити!     | (3)','[''pisni.org.ua'', ''cat:zhartivlyvi'', ''Жартівливі пісні'']',1,'published',COALESCE((SELECT created_at FROM songs WHERE id='pisniua_4141230'), datetime('now')),datetime('now'));
INSERT OR REPLACE INTO songs_fts(song_id,title,lyrics) VALUES ('pisniua_4141230','Ой підемо, жінко','- Ой підемо, жінко, підемо, підемо,
Ой підемо в поле пшеницю в''язати!

-Ой хоч піду - в''язати не буду,           |
Бо пшениця ярова, болить мені голова!     | (2)

- Ой підемо, жінко, підемо, підемо,
Ой підемо в поле та ячмінь в''язати!

- Ой хоч піду - в''язати не буду,            |
Бо в ячменя остючки, болять мені кісточки!  | (2)

- Ой підемо, жінко, підемо, підемо,
Ой підемо в поле та овес в''язати!

- Ой хоч піду - в''язати не буду,          |
Бо овес шелестить, мене серденько болить! | (2)

- Ой підемо, жінко, підемо, підемо,
Ой підемо в поле та гречку в''язати!

- Ой хоч піду - в''язати не буду,          |
Бо у гречки полова, а я нездорова!        | (2)

- Ой підемо, жінко, підемо, підемо,
Ой підемо в поле буряки копати!

- Ой хоч піду - копати не буду,           |
Бо велика гичка, а я невеличка!           | (2)

- Ой підемо, жінко, підемо, підемо,
Ой підем до кума весілля гуляти!

- Ой дай Боже сто років прожити,          |
Через день, через два до кума ходити!     | (3)');
INSERT OR REPLACE INTO song_links (id,song_id,title,url,kind,version_id,sort_order) VALUES ('pisniua_4141230_l1','pisniua_4141230','YouTube','https://www.youtube.com/watch?v=fQ4uCybDfuo','video',NULL,1);
DELETE FROM song_links WHERE song_id = 'pisniua_4145137';
DELETE FROM song_versions WHERE song_id = 'pisniua_4145137';
DELETE FROM songs_fts WHERE song_id = 'pisniua_4145137';
DELETE FROM songs WHERE id = 'pisniua_4145137';
INSERT OR REPLACE INTO songs (id,title,subtitle,lang,country,period,year,source,notes,lyrics,tags_json,lang_locked,status,created_at,updated_at) VALUES ('pisniua_4145137','Українська врода','Музика: Надія Косяк Слова: Надія Косяк. Виконує: Надія Косяк','uk','ukraine_1991',NULL,NULL,'авторське подання',NULL,'Українська врода, то джерельна вода,
Хто її нап''ється - закохається.
Є у тої вроди вся краса природи,
Але найцінніше, то її душа!       | (2)

Приспів:
Україно-дівчино, Україно-мати,
Низько тобі вклонимось, будем величати.
Тільки збережи ти свою чисту вроду
Для майбутніх поколінь, для свого народу,
Для свого народу!

Українська врода - гордість всього роду.
Як же тую гордість та й не розплескать?
Українок милих, гарних і щасливих
У піснях красивих треба величать! | (2)

Приспів','[''pisni.org.ua'', ''cat:bardivski'', ''Бардівські пісні'']',1,'published',COALESCE((SELECT created_at FROM songs WHERE id='pisniua_4145137'), datetime('now')),datetime('now'));
INSERT OR REPLACE INTO songs_fts(song_id,title,lyrics) VALUES ('pisniua_4145137','Українська врода','Українська врода, то джерельна вода,
Хто її нап''ється - закохається.
Є у тої вроди вся краса природи,
Але найцінніше, то її душа!       | (2)

Приспів:
Україно-дівчино, Україно-мати,
Низько тобі вклонимось, будем величати.
Тільки збережи ти свою чисту вроду
Для майбутніх поколінь, для свого народу,
Для свого народу!

Українська врода - гордість всього роду.
Як же тую гордість та й не розплескать?
Українок милих, гарних і щасливих
У піснях красивих треба величать! | (2)

Приспів');
DELETE FROM song_links WHERE song_id = 'pisniua_414131';
DELETE FROM song_versions WHERE song_id = 'pisniua_414131';
DELETE FROM songs_fts WHERE song_id = 'pisniua_414131';
DELETE FROM songs WHERE id = 'pisniua_414131';
INSERT OR REPLACE INTO songs (id,title,subtitle,lang,country,period,year,source,notes,lyrics,tags_json,lang_locked,status,created_at,updated_at) VALUES ('pisniua_414131','Були на селі','Музика: Олег Скрипка Слова: Олег Скрипка. Виконує: Воплі Відоплясова','uk','ukraine_before_1917',NULL,NULL,NULL,'"ВВ" альбом "Хвилі Амура"','Гей, були, були на селі,
Гей, були, були у Вороньках.

Гей, були, були на селі.
Гей були, були у Вороньках,
Правили храм.

Гей, були, були на селі,
Гей, були, були у Вороньках,
Правили храм, гуляли в дворі.

їхали підводой
До дядька Івана,
У дворі сідали
Довгими рядками.

Сідали у мотоцикли,
Ганяли за горілкой,
Пили на сіновалі,
Травили анекдоти.

Були-ли на ставку,
Ловили коропів,
Зозуля кувала,
Лікувала тричі
Раз-два-три.

Клали гілля в хаті,
Різали утята,
Рвали поросяті.
Гей, були, були на селі.','[''pisni.org.ua'', ''cat:philosophic'', ''cat:zhartivlyvi'', ''Філософські пісні'', ''Жартівливі пісні'']',1,'published',COALESCE((SELECT created_at FROM songs WHERE id='pisniua_414131'), datetime('now')),datetime('now'));
INSERT OR REPLACE INTO songs_fts(song_id,title,lyrics) VALUES ('pisniua_414131','Були на селі','Гей, були, були на селі,
Гей, були, були у Вороньках.

Гей, були, були на селі.
Гей були, були у Вороньках,
Правили храм.

Гей, були, були на селі,
Гей, були, були у Вороньках,
Правили храм, гуляли в дворі.

їхали підводой
До дядька Івана,
У дворі сідали
Довгими рядками.

Сідали у мотоцикли,
Ганяли за горілкой,
Пили на сіновалі,
Травили анекдоти.

Були-ли на ставку,
Ловили коропів,
Зозуля кувала,
Лікувала тричі
Раз-два-три.

Клали гілля в хаті,
Різали утята,
Рвали поросяті.
Гей, були, були на селі.');
INSERT OR REPLACE INTO song_links (id,song_id,title,url,kind,version_id,sort_order) VALUES ('pisniua_414131_l1','pisniua_414131','YouTube','https://www.youtube.com/watch?v=gRDHDU_vRbM','video',NULL,1);
DELETE FROM song_links WHERE song_id = 'pisniua_4145185';
DELETE FROM song_versions WHERE song_id = 'pisniua_4145185';
DELETE FROM songs_fts WHERE song_id = 'pisniua_4145185';
DELETE FROM songs WHERE id = 'pisniua_4145185';
INSERT OR REPLACE INTO songs (id,title,subtitle,lang,country,period,year,source,notes,lyrics,tags_json,lang_locked,status,created_at,updated_at) VALUES ('pisniua_4145185','Родина','Музика: Надія Косяк Слова: Надія Косяк. Виконує: Надія Косяк','uk','ukraine_1991',NULL,NULL,'авторське подання',NULL,'Родина - це святе, найбільше в світі щастя,
Коли родина є, тоді життя прекрасне.
Якщо ж її немає, то що тут говорить? -
Без роду дуже важко на білім світі жить.

Приспів:
Батько і мамо, мої ви рідненькі,       |
Збирайте родину, поки ще живенькі!     |
Батько, і мамо, і ми, ваші діти -      |
Це те, чим так треба в житті дорожити. | (2)

Родина наша там, де промайнули роки,
Де на святій землі зробили перші кроки,
Де з нами і печаль, і радість розділяють,
Де друзі й земляки на нас завжди чекають.

Приспів.

Гей, сестри і брати, нам нічого ділити!
Тож краще у любові та в мирі в світі жити,
Єднаймося усі, брат брату допоможем,
І буде весь наш рід щасливий і заможний!

Приспів','[''pisni.org.ua'', ''cat:bardivski'', ''cat:zahalni-cinnosti'', ''Бардівські пісні'', ''Пісні про загальнолюдські цінності'']',1,'published',COALESCE((SELECT created_at FROM songs WHERE id='pisniua_4145185'), datetime('now')),datetime('now'));
INSERT OR REPLACE INTO songs_fts(song_id,title,lyrics) VALUES ('pisniua_4145185','Родина','Родина - це святе, найбільше в світі щастя,
Коли родина є, тоді життя прекрасне.
Якщо ж її немає, то що тут говорить? -
Без роду дуже важко на білім світі жить.

Приспів:
Батько і мамо, мої ви рідненькі,       |
Збирайте родину, поки ще живенькі!     |
Батько, і мамо, і ми, ваші діти -      |
Це те, чим так треба в житті дорожити. | (2)

Родина наша там, де промайнули роки,
Де на святій землі зробили перші кроки,
Де з нами і печаль, і радість розділяють,
Де друзі й земляки на нас завжди чекають.

Приспів.

Гей, сестри і брати, нам нічого ділити!
Тож краще у любові та в мирі в світі жити,
Єднаймося усі, брат брату допоможем,
І буде весь наш рід щасливий і заможний!

Приспів');
DELETE FROM song_links WHERE song_id = 'pisniua_4147889';
DELETE FROM song_versions WHERE song_id = 'pisniua_4147889';
DELETE FROM songs_fts WHERE song_id = 'pisniua_4147889';
DELETE FROM songs WHERE id = 'pisniua_4147889';
INSERT OR REPLACE INTO songs (id,title,subtitle,lang,country,period,year,source,notes,lyrics,tags_json,lang_locked,status,created_at,updated_at) VALUES ('pisniua_4147889','Всякому городу нрав і права','Музика: Тарас Компаніченко Слова: Григорій Сковорода. Виконує: Тарас Компаніченко','uk','ukraine_1991',NULL,NULL,NULL,NULL,'Всякому городу нрав і права,
Всяка імієт свой ум голова,
Всякому серцю своя єсть любов,
Всякому горлу свой єсть вкус каков.
А мні одна только в світі дума,
А мні одно только не йдет с ума.

Петр для чинов угли панскії трет,
Федька купец при аршині все лжет.
Тот строїт дом свой на новий манір,
Тот все в процентах: пожалуй, повір!
А мні одна только в світі дума,
А мні одно только не йдет с ума.

Тот непрестанно стягаєт грунта,
Сей іностранни заводит скота.
Ті форміруют на ловлю собак,
Сих шумить дом од гостей, как кабак,
А мні одна только в світі дума,
А мні одно только не йдет с ума.

Строіт на свой тон юриста права,
С диспут студента тріщить голова,
Тих безпокоїт Венерин амур,
Всякому голову мучит свой дур.
А мні одна только в світі дума,
Как би умерти мні не без ума.

Тот панегірик сплітаєт со лжей,
Лікар в подряд ставит мертвих людей,
Сей образи жирових чтет тузов,
Степка біжит, как на свадьбу, в позов.
А мні одна только в світі дума,
Как би не вижить мені із ума.

Смерте страшна! замашная косо!
Ти не щадиш і царських волосов,
Ти не глядиш, гді мужик, а гді цар —
Все жереш так, как солому пожар.
Кто ж на єя плюєт острую сталь?
Тот, чия совість, как чистий хрусталь','[''pisni.org.ua'', ''cat:zahalni-cinnosti'', ''Пісні про загальнолюдські цінності'']',1,'published',COALESCE((SELECT created_at FROM songs WHERE id='pisniua_4147889'), datetime('now')),datetime('now'));
INSERT OR REPLACE INTO songs_fts(song_id,title,lyrics) VALUES ('pisniua_4147889','Всякому городу нрав і права','Всякому городу нрав і права,
Всяка імієт свой ум голова,
Всякому серцю своя єсть любов,
Всякому горлу свой єсть вкус каков.
А мні одна только в світі дума,
А мні одно только не йдет с ума.

Петр для чинов угли панскії трет,
Федька купец при аршині все лжет.
Тот строїт дом свой на новий манір,
Тот все в процентах: пожалуй, повір!
А мні одна только в світі дума,
А мні одно только не йдет с ума.

Тот непрестанно стягаєт грунта,
Сей іностранни заводит скота.
Ті форміруют на ловлю собак,
Сих шумить дом од гостей, как кабак,
А мні одна только в світі дума,
А мні одно только не йдет с ума.

Строіт на свой тон юриста права,
С диспут студента тріщить голова,
Тих безпокоїт Венерин амур,
Всякому голову мучит свой дур.
А мні одна только в світі дума,
Как би умерти мні не без ума.

Тот панегірик сплітаєт со лжей,
Лікар в подряд ставит мертвих людей,
Сей образи жирових чтет тузов,
Степка біжит, как на свадьбу, в позов.
А мні одна только в світі дума,
Как би не вижить мені із ума.

Смерте страшна! замашная косо!
Ти не щадиш і царських волосов,
Ти не глядиш, гді мужик, а гді цар —
Все жереш так, как солому пожар.
Кто ж на єя плюєт острую сталь?
Тот, чия совість, как чистий хрусталь');
INSERT OR REPLACE INTO song_links (id,song_id,title,url,kind,version_id,sort_order) VALUES ('pisniua_4147889_l1','pisniua_4147889','YouTube','https://www.youtube.com/watch?v=AkD5U3opyN8','video',NULL,1);
INSERT OR REPLACE INTO song_links (id,song_id,title,url,kind,version_id,sort_order) VALUES ('pisniua_4147889_l2','pisniua_4147889','Переглянути варіанти >>','https://www.pisni.org.ua/#variants','external',NULL,2);
DELETE FROM song_links WHERE song_id = 'pisniua_4139481';
DELETE FROM song_versions WHERE song_id = 'pisniua_4139481';
DELETE FROM songs_fts WHERE song_id = 'pisniua_4139481';
DELETE FROM songs WHERE id = 'pisniua_4139481';
INSERT OR REPLACE INTO songs (id,title,subtitle,lang,country,period,year,source,notes,lyrics,tags_json,lang_locked,status,created_at,updated_at) VALUES ('pisniua_4139481','Дим-димок','Музика: Анатолій Матвійчук Слова: Анатолій Матвійчук. Виконує: Анатолій Матвійчук','uk','ukraine_before_1917',NULL,NULL,NULL,NULL,'В третій хаті від майдану
Міста Бородянка
Проживає баба Ганна,
Вільна громадянка.
Бабу Ганю знає кожен -
Є на то причина,
Бо без неї жить не може
Ні один мужчина.

Приспів:
Дим-димок над хатою,
Як зелений змій,
Не журися, брате мій,
Чарочку налий.
Завтра будем думати,
Віддавать борги,
А тепер хай журяться
Наші вороги.

А коли заборонили
Гнати кляте зілля,
Баба Ганя не згубилась -
Перейшла в підпілля:
Конспірацію тримає,
Не дратує долю,
Оковиту відпускає
Тільки по паролю.
Приспів.

Баба Ганя б''є поклони
За перебудову -
Може, зм''якшаться закони,
Все почнеться знову.
І здійсниться давня мрія,
Прийде день чарівний,
І вона шинок відкриє
Кооперативний.
Приспів. (2)','[''pisni.org.ua'', ''cat:socialno-pobutovi'', ''Соціально-побутові пісні'']',1,'published',COALESCE((SELECT created_at FROM songs WHERE id='pisniua_4139481'), datetime('now')),datetime('now'));
INSERT OR REPLACE INTO songs_fts(song_id,title,lyrics) VALUES ('pisniua_4139481','Дим-димок','В третій хаті від майдану
Міста Бородянка
Проживає баба Ганна,
Вільна громадянка.
Бабу Ганю знає кожен -
Є на то причина,
Бо без неї жить не може
Ні один мужчина.

Приспів:
Дим-димок над хатою,
Як зелений змій,
Не журися, брате мій,
Чарочку налий.
Завтра будем думати,
Віддавать борги,
А тепер хай журяться
Наші вороги.

А коли заборонили
Гнати кляте зілля,
Баба Ганя не згубилась -
Перейшла в підпілля:
Конспірацію тримає,
Не дратує долю,
Оковиту відпускає
Тільки по паролю.
Приспів.

Баба Ганя б''є поклони
За перебудову -
Може, зм''якшаться закони,
Все почнеться знову.
І здійсниться давня мрія,
Прийде день чарівний,
І вона шинок відкриє
Кооперативний.
Приспів. (2)');
DELETE FROM song_links WHERE song_id = 'pisniua_414434';
DELETE FROM song_versions WHERE song_id = 'pisniua_414434';
DELETE FROM songs_fts WHERE song_id = 'pisniua_414434';
DELETE FROM songs WHERE id = 'pisniua_414434';
INSERT OR REPLACE INTO songs (id,title,subtitle,lang,country,period,year,source,notes,lyrics,tags_json,lang_locked,status,created_at,updated_at) VALUES ('pisniua_414434','Гей, пластуни! Гей, юнаки!','Музика: Ярослав Ярославенко Слова: Спиридон Черкасенко','uk','ukraine_1991',NULL,NULL,'текст (частково) - В дорогу. Пластовий співаник.- 2-е вид.- Торонто, 1987',NULL,'Гей, пластуни! Гей, юнаки!
Ми діти сонця і весни,
Ми діти матері-природи!
До нас шумить зелений бір,
В ліси, поля, до вольних гір,
На ясні зорі, тихі води! (4)

Гей, пластуни! Гей, юнаки!
Життя — не жарти, не казки,
А праця, бурі і негоди!
Гартуймо ж наш юнацький дух.
Юнацьке гасло: воля й рух!
Ніщо нам лихо, ні пригоди! (4)

Гей! Пластуни! Гей, юнаки!
Народу вольного сини,
Сини краси, сини природи,
Не зломимо своїх присяг,
Веде нас гордо вольний стяг
До щастя, слави і свободи! (4)','[''pisni.org.ua'', ''cat:himny-marshi'', ''cat:plastovi'', ''Гимни та марші'', ''Пластові пісні'']',1,'published',COALESCE((SELECT created_at FROM songs WHERE id='pisniua_414434'), datetime('now')),datetime('now'));
INSERT OR REPLACE INTO songs_fts(song_id,title,lyrics) VALUES ('pisniua_414434','Гей, пластуни! Гей, юнаки!','Гей, пластуни! Гей, юнаки!
Ми діти сонця і весни,
Ми діти матері-природи!
До нас шумить зелений бір,
В ліси, поля, до вольних гір,
На ясні зорі, тихі води! (4)

Гей, пластуни! Гей, юнаки!
Життя — не жарти, не казки,
А праця, бурі і негоди!
Гартуймо ж наш юнацький дух.
Юнацьке гасло: воля й рух!
Ніщо нам лихо, ні пригоди! (4)

Гей! Пластуни! Гей, юнаки!
Народу вольного сини,
Сини краси, сини природи,
Не зломимо своїх присяг,
Веде нас гордо вольний стяг
До щастя, слави і свободи! (4)');
DELETE FROM song_links WHERE song_id = 'pisniua_414532';
DELETE FROM song_versions WHERE song_id = 'pisniua_414532';
DELETE FROM songs_fts WHERE song_id = 'pisniua_414532';
DELETE FROM songs WHERE id = 'pisniua_414532';
INSERT OR REPLACE INTO songs (id,title,subtitle,lang,country,period,year,source,notes,lyrics,tags_json,lang_locked,status,created_at,updated_at) VALUES ('pisniua_414532','Сніжинка','Музика: Наталя Криничанка Слова: Наталя Криничанка. Виконує: Наталя Криничанка','uk','ukraine_1991',NULL,NULL,'текст - Пісневир: Молодіжний співаник.- Львів, 2001; аудіо - Наталка Криничанка. "Я кохаю цього чоловіка". 1997','Деякі акорди: F7M [1 0 3 2 1 0] A#7M [1 1 3 2 3 1] Ця пісня увійшла в аудіо-альбом (CD) "Я кохаю цього чоловіка". З питаннями щодо придбання альбому та з пропозиціями щодо музичної співпраці звертайтесь за адресою etra@ukr.net або залишайте повідомлення на сторінці "Українські пісні: Наталя Криничанка". Підбір акордів: bohdanko','Вступ:
F7M A#7M

Я заховаю її в кулачку,
Зроблю хатинку для не- ї в руці.
Котиться казка в нічному візку,
У ліхтарів золотому вінку.
Сніг роздаровує всім гардероб жупанців.

Приспів:
Біла сніжинко, про все розкажи,
Як ти жила у чудес заметілі,
Як опинилась на людському тілі,
Біла сніжинко небес, не мовчи - розкажи.

Програш: Dm Gm A7

Ти пригадай його теплі долоні.
Інеєм вії прибрались давно.
Я цілувала засніжені скроні
І не боялась нікого з сторонніх,
Бо я люблю, я люблю - і мені все одно.

Програш: Dm Gm A7

І не остудить зима мого серця,
Бо крижані розтопилися шкельця.
Може, осудить мене покоління,
Може, настане хвилина прозріння.
Але сліпа ця любов, бо на вулиці сніг.
Біла сніжинко...

Приспів.

Біла сніжинко! Сніг...   (2)
Біла... Біла сніжинко!

Програш:  Dm Gm A7  (2)
Dm','[''pisni.org.ua'', ''cat:bardivski'', ''Бардівські пісні'']',1,'published',COALESCE((SELECT created_at FROM songs WHERE id='pisniua_414532'), datetime('now')),datetime('now'));
INSERT OR REPLACE INTO songs_fts(song_id,title,lyrics) VALUES ('pisniua_414532','Сніжинка','Вступ:
F7M A#7M

Я заховаю її в кулачку,
Зроблю хатинку для не- ї в руці.
Котиться казка в нічному візку,
У ліхтарів золотому вінку.
Сніг роздаровує всім гардероб жупанців.

Приспів:
Біла сніжинко, про все розкажи,
Як ти жила у чудес заметілі,
Як опинилась на людському тілі,
Біла сніжинко небес, не мовчи - розкажи.

Програш: Dm Gm A7

Ти пригадай його теплі долоні.
Інеєм вії прибрались давно.
Я цілувала засніжені скроні
І не боялась нікого з сторонніх,
Бо я люблю, я люблю - і мені все одно.

Програш: Dm Gm A7

І не остудить зима мого серця,
Бо крижані розтопилися шкельця.
Може, осудить мене покоління,
Може, настане хвилина прозріння.
Але сліпа ця любов, бо на вулиці сніг.
Біла сніжинко...

Приспів.

Біла сніжинко! Сніг...   (2)
Біла... Біла сніжинко!

Програш:  Dm Gm A7  (2)
Dm');
DELETE FROM song_links WHERE song_id = 'pisniua_4145735';
DELETE FROM song_versions WHERE song_id = 'pisniua_4145735';
DELETE FROM songs_fts WHERE song_id = 'pisniua_4145735';
DELETE FROM songs WHERE id = 'pisniua_4145735';
INSERT OR REPLACE INTO songs (id,title,subtitle,lang,country,period,year,source,notes,lyrics,tags_json,lang_locked,status,created_at,updated_at) VALUES ('pisniua_4145735','Ви наша молитва, мамо','Музика: Олександр Осадчий Слова: Леонід Татаренко. Виконує: Народний хор (дир. С.Павлюченко)','uk','ukr_ssr_1919_1991',NULL,NULL,NULL,'Тема Голодомору.','О, мамо! У нашому полі
Ще вибухи чулись...а Ви
Копали вже там...і пололи
Бо ми були - "нижче трави".

У всіх нелегка була доля
Сусід рятувався пайком,
А Ви - із колгоспного поля
Несли колосочки тайком.

Бо ж нас було - шестеро, мамо.
Хлібину ділили - на грами...
В хліб падали сльози святі.
Ви наша молитва, мамо.
Ви наша молитва, мамо.
За гіркість образ простіть.

Любисток і цвіт дев''ясилу
В купіль підкладали нам Ви,
Щоб виросли дужими всі ми.
Не гнулись, мов стебла трави.

Бо ж нас було - шестеро, мамо.
Хлібину ділили - на грами...
В хліб падали сльози святі.
Ви наша молитва, мамо.
Ви наша молитва, мамо.
За гіркість образ простіть.

Травневий в полях грім гуркоче
Дощ сіється й жито росте.
А Ви з повоєнної ночі
До нас з колосками йдете.

Ви наша молитва, мамо.     |
Ви наша молитва, мамо.     |(2)
За гіркість образ простіть.|','[''pisni.org.ua'', ''cat:holodomor'', ''cat:zahalni-cinnosti'', ''Пісні про голодомор'', ''Пісні про загальнолюдські цінності'']',1,'published',COALESCE((SELECT created_at FROM songs WHERE id='pisniua_4145735'), datetime('now')),datetime('now'));
INSERT OR REPLACE INTO songs_fts(song_id,title,lyrics) VALUES ('pisniua_4145735','Ви наша молитва, мамо','О, мамо! У нашому полі
Ще вибухи чулись...а Ви
Копали вже там...і пололи
Бо ми були - "нижче трави".

У всіх нелегка була доля
Сусід рятувався пайком,
А Ви - із колгоспного поля
Несли колосочки тайком.

Бо ж нас було - шестеро, мамо.
Хлібину ділили - на грами...
В хліб падали сльози святі.
Ви наша молитва, мамо.
Ви наша молитва, мамо.
За гіркість образ простіть.

Любисток і цвіт дев''ясилу
В купіль підкладали нам Ви,
Щоб виросли дужими всі ми.
Не гнулись, мов стебла трави.

Бо ж нас було - шестеро, мамо.
Хлібину ділили - на грами...
В хліб падали сльози святі.
Ви наша молитва, мамо.
Ви наша молитва, мамо.
За гіркість образ простіть.

Травневий в полях грім гуркоче
Дощ сіється й жито росте.
А Ви з повоєнної ночі
До нас з колосками йдете.

Ви наша молитва, мамо.     |
Ви наша молитва, мамо.     |(2)
За гіркість образ простіть.|');
INSERT OR REPLACE INTO song_links (id,song_id,title,url,kind,version_id,sort_order) VALUES ('pisniua_4145735_l1','pisniua_4145735','YouTube','https://www.youtube.com/watch?v=qGlbLmBxsqw','video',NULL,1);
DELETE FROM song_links WHERE song_id = 'pisniua_4149389';
DELETE FROM song_versions WHERE song_id = 'pisniua_4149389';
DELETE FROM songs_fts WHERE song_id = 'pisniua_4149389';
DELETE FROM songs WHERE id = 'pisniua_4149389';
INSERT OR REPLACE INTO songs (id,title,subtitle,lang,country,period,year,source,notes,lyrics,tags_json,lang_locked,status,created_at,updated_at) VALUES ('pisniua_4149389','Веснянка','Музика: Олександр Тяптін Слова: Олександр Тяптін','uk','ukraine_before_1917',NULL,NULL,'авторська',NULL,'1.Знов прийшла весна,знов прийшла красна-
Всюди сміх.
Сміхом день дзвенить,вітерець шумить-
Раді всі.

Приспів:
Радіє кожна гілонька,пташиная родинонька,
Співає знову дітвора із кожного двора.

2.Впаде дощичок на зелен садок-
Буде цвіт.
Тепле сонянько щедрій земленьці
Шле привіт.','[''pisni.org.ua'', ''cat:vesnyanky-hayivky'', ''Веснянки та гаївки'']',1,'published',COALESCE((SELECT created_at FROM songs WHERE id='pisniua_4149389'), datetime('now')),datetime('now'));
INSERT OR REPLACE INTO songs_fts(song_id,title,lyrics) VALUES ('pisniua_4149389','Веснянка','1.Знов прийшла весна,знов прийшла красна-
Всюди сміх.
Сміхом день дзвенить,вітерець шумить-
Раді всі.

Приспів:
Радіє кожна гілонька,пташиная родинонька,
Співає знову дітвора із кожного двора.

2.Впаде дощичок на зелен садок-
Буде цвіт.
Тепле сонянько щедрій земленьці
Шле привіт.');
DELETE FROM song_links WHERE song_id = 'pisniua_4149981';
DELETE FROM song_versions WHERE song_id = 'pisniua_4149981';
DELETE FROM songs_fts WHERE song_id = 'pisniua_4149981';
DELETE FROM songs WHERE id = 'pisniua_4149981';
INSERT OR REPLACE INTO songs (id,title,subtitle,lang,country,period,year,source,notes,lyrics,tags_json,lang_locked,status,created_at,updated_at) VALUES ('pisniua_4149981','Пасли вівці пастирі','Українська народна пісня','uk','ukraine_before_1917',NULL,NULL,'аудіозапис',NULL,'Пасли вівці пастирі,    | (2)
При зеленій дуброві.    | (2)

Ангел їм ся показав,    | (2)
Де Віфлеєм їм сказав.   | (2)

Вони ''го ся й налякли,  | (2)
На коліна приклякли.    | (2)

Ви мене ся не бойте,    | (2)
На колінах не стойте.   | (2)

Станьте, в двор гайте,  | (2)
Пана Христа найдете.    | (2)

Найшли єго в ясельках,  | (2)
Повитого в пеленах.     | (2)

Марія ''го родила,       | (2)
І в пелени повила.      | (2)

Йосип дитя колише,      | (2)
Співать йому - "Ісусе". | (2)

Ой, Ісусе, білий квіт,  | (2)
Радується цілий світ.   | (2)

Радуються й ангели      | (2)
І ми, грішні, на землі. | (2)

Пасли вівці пастирі,    | (2)
При зеленій дуброві.    | (2)','[''pisni.org.ua'', ''cat:christian'', ''cat:kolyadky'', ''Пісні на християнську тематику'', ''Колядки'']',1,'published',COALESCE((SELECT created_at FROM songs WHERE id='pisniua_4149981'), datetime('now')),datetime('now'));
INSERT OR REPLACE INTO songs_fts(song_id,title,lyrics) VALUES ('pisniua_4149981','Пасли вівці пастирі','Пасли вівці пастирі,    | (2)
При зеленій дуброві.    | (2)

Ангел їм ся показав,    | (2)
Де Віфлеєм їм сказав.   | (2)

Вони ''го ся й налякли,  | (2)
На коліна приклякли.    | (2)

Ви мене ся не бойте,    | (2)
На колінах не стойте.   | (2)

Станьте, в двор гайте,  | (2)
Пана Христа найдете.    | (2)

Найшли єго в ясельках,  | (2)
Повитого в пеленах.     | (2)

Марія ''го родила,       | (2)
І в пелени повила.      | (2)

Йосип дитя колише,      | (2)
Співать йому - "Ісусе". | (2)

Ой, Ісусе, білий квіт,  | (2)
Радується цілий світ.   | (2)

Радуються й ангели      | (2)
І ми, грішні, на землі. | (2)

Пасли вівці пастирі,    | (2)
При зеленій дуброві.    | (2)');
INSERT OR REPLACE INTO song_links (id,song_id,title,url,kind,version_id,sort_order) VALUES ('pisniua_4149981_l1','pisniua_4149981','YouTube','https://www.youtube.com/watch?v=a_o_o0DaKN8','video',NULL,1);
INSERT OR REPLACE INTO song_links (id,song_id,title,url,kind,version_id,sort_order) VALUES ('pisniua_4149981_l2','pisniua_4149981','YouTube','https://www.youtube.com/watch?v=AFw4T0VnVPs','video',NULL,2);
INSERT OR REPLACE INTO song_links (id,song_id,title,url,kind,version_id,sort_order) VALUES ('pisniua_4149981_l3','pisniua_4149981','YouTube','https://www.youtube.com/watch?v=WB7528pZmX8','video',NULL,3);
DELETE FROM song_links WHERE song_id = 'pisniua_414838';
DELETE FROM song_versions WHERE song_id = 'pisniua_414838';
DELETE FROM songs_fts WHERE song_id = 'pisniua_414838';
DELETE FROM songs WHERE id = 'pisniua_414838';
INSERT OR REPLACE INTO songs (id,title,subtitle,lang,country,period,year,source,notes,lyrics,tags_json,lang_locked,status,created_at,updated_at) VALUES ('pisniua_414838','Сірі мури xолодні непривітні брудні','Українська народна пісня','uk','ukr_ssr_1919_1991',NULL,NULL,NULL,'ХХст. Пісню записано за совітськиx часів у Львові Висловлювання – Народна мудрість: А десь ми поверх всякої міри гріха набрали Ой же ж сповідайтеся ви Панове Козаки Господові Милосердному і Чорному Морю. (Дума про Олексія Поповича)','Сірі мури xолодні, непривітні брудні,
ржаві ґрати чорніють угорі.
Вітру і сонця нема, монотонність німа,
замість волі гнітючая тюрма.

З цього радіє кат,                               |
що у нас стільки втрат, що вся                   |
молодь конає у  тюрмі.           | (2)
Він лютує день-у-день, тужним ритмом стрілень,   |
він купається в нашій крові                      |

Простіть нас, наші друзі, котрі з вас ще живі,
що марнуємо час ми у тюрмі.
Замість діла, боротьби до святої мети
ми закуті катами в кайдани.

Що ж ми винні тому,                              |
що попали в тюрму, і не бачимо вас наші друзі.   |
Ми душею біля вас, чуєм голос-стогін ваш,        | (2)
ваші рани ми бачимо вві сні                      |

Xоч голодні ми в тюрмі, але дуxом ми сильні,
ждем наказу ми вашого друзі.
Ані голод ані суд, не розвіють тиx дум,
що зродило на серці ОУН.

Бо настав такий час,                             |
Україна кличе нас у боротьбу ставати всі враз.   |
І піднести догори синьо-жовті прапори,           | (2)
і з Братів зняти кайдани в Москві                |','[''pisni.org.ua'', ''cat:povstanski'', ''Повстанські пісні'']',1,'published',COALESCE((SELECT created_at FROM songs WHERE id='pisniua_414838'), datetime('now')),datetime('now'));
INSERT OR REPLACE INTO songs_fts(song_id,title,lyrics) VALUES ('pisniua_414838','Сірі мури xолодні непривітні брудні','Сірі мури xолодні, непривітні брудні,
ржаві ґрати чорніють угорі.
Вітру і сонця нема, монотонність німа,
замість волі гнітючая тюрма.

З цього радіє кат,                               |
що у нас стільки втрат, що вся                   |
молодь конає у  тюрмі.           | (2)
Він лютує день-у-день, тужним ритмом стрілень,   |
він купається в нашій крові                      |

Простіть нас, наші друзі, котрі з вас ще живі,
що марнуємо час ми у тюрмі.
Замість діла, боротьби до святої мети
ми закуті катами в кайдани.

Що ж ми винні тому,                              |
що попали в тюрму, і не бачимо вас наші друзі.   |
Ми душею біля вас, чуєм голос-стогін ваш,        | (2)
ваші рани ми бачимо вві сні                      |

Xоч голодні ми в тюрмі, але дуxом ми сильні,
ждем наказу ми вашого друзі.
Ані голод ані суд, не розвіють тиx дум,
що зродило на серці ОУН.

Бо настав такий час,                             |
Україна кличе нас у боротьбу ставати всі враз.   |
І піднести догори синьо-жовті прапори,           | (2)
і з Братів зняти кайдани в Москві                |');
DELETE FROM song_links WHERE song_id = 'pisniua_41481';
DELETE FROM song_versions WHERE song_id = 'pisniua_41481';
DELETE FROM songs_fts WHERE song_id = 'pisniua_41481';
DELETE FROM songs WHERE id = 'pisniua_41481';
INSERT OR REPLACE INTO songs (id,title,subtitle,lang,country,period,year,source,notes,lyrics,tags_json,lang_locked,status,created_at,updated_at) VALUES ('pisniua_41481','Ходи жучок по долині','Українська народна пісня','uk','ukraine_before_1917',NULL,NULL,'А вже весна скресла. Збірник гаївок. Львів, 2003.','* Приспів повторюється після кожної строфи. Гаївка-гра: Молодь стоїть в два ряди, обличчям до себе, тримаючись попарно за руки навхрест. По руках водять дитину. Пари, по чиїх руках дитина вже пройшла, переходять наперед і так продовжується, поки не обійдуть довкола церкви. Гаїлки-Великдень: Українське свято Відродження Світа. Еротика, жарти, забави: Катерини – Калета – Андрія... Гаїлки-Великдень... Зелені Свята... Івана Купала... Весілля... – Щедровечірнє й Новорічне: Маланки-Василь. Коза. Кіт... - Мед і Ябка... Листки з приводу цієї Пісні: Коляда і Великдень: Різдво і Відродження Світа. Стежки до листків про Українські традиції.','Ходи жучок по долині,
А Жучиха по дервині.

Приспів:
Грай, жучку, грай, небоже,*
Най ти Господь допоможе.

А у того Жученяти
Та сонечко в рученяті.

А наш Жучок — як пан, як пан,
Купив собі жупан, жупан.

А наш Жучок невеличкий,
Купив собі черевички.

На Жукові жупанина,
Бо наш Жучок, як дитина.

А хто хоче Жучка грати,
Мусить йому паски дати.

Хто хоче Жучка грати,
Той ся хоче віддавати.    Основна мелодія','[''pisni.org.ua'', ''cat:vesnyanky-hayivky'', ''Веснянки та гаївки'']',1,'published',COALESCE((SELECT created_at FROM songs WHERE id='pisniua_41481'), datetime('now')),datetime('now'));
INSERT OR REPLACE INTO songs_fts(song_id,title,lyrics) VALUES ('pisniua_41481','Ходи жучок по долині','Ходи жучок по долині,
А Жучиха по дервині.

Приспів:
Грай, жучку, грай, небоже,*
Най ти Господь допоможе.

А у того Жученяти
Та сонечко в рученяті.

А наш Жучок — як пан, як пан,
Купив собі жупан, жупан.

А наш Жучок невеличкий,
Купив собі черевички.

На Жукові жупанина,
Бо наш Жучок, як дитина.

А хто хоче Жучка грати,
Мусить йому паски дати.

Хто хоче Жучка грати,
Той ся хоче віддавати.    Основна мелодія');
INSERT OR REPLACE INTO song_links (id,song_id,title,url,kind,version_id,sort_order) VALUES ('pisniua_41481_l1','pisniua_41481','Переглянути варіанти >>','https://www.pisni.org.ua/#variants','external',NULL,1);
DELETE FROM song_links WHERE song_id = 'pisniua_4149434';
DELETE FROM song_versions WHERE song_id = 'pisniua_4149434';
DELETE FROM songs_fts WHERE song_id = 'pisniua_4149434';
DELETE FROM songs WHERE id = 'pisniua_4149434';
INSERT OR REPLACE INTO songs (id,title,subtitle,lang,country,period,year,source,notes,lyrics,tags_json,lang_locked,status,created_at,updated_at) VALUES ('pisniua_4149434','Стоить явор над горою','Слова: Григорій Сковорода','uk','ukraine_1991',NULL,NULL,NULL,NULL,'Стоїть явор над горою,
Все хитає головою.
Буйні вітри повівають,
Руки явору ламають.

А вербочки шумят низько,
Волокуть мене до сна.
Тут тече поточок блізько;
Видно воду аж до дна.

Нащо ж мені нарікати,
Що в селі родила мати,
Нехай у тих мозок рветься,
Що високо в гори дметься.

А я буду собі тихо
Коротати малий вік,
Так минеть мене все лихо,
Буду щаслив чоловік','[''pisni.org.ua'', ''cat:zahalni-cinnosti'', ''Пісні про загальнолюдські цінності'']',1,'published',COALESCE((SELECT created_at FROM songs WHERE id='pisniua_4149434'), datetime('now')),datetime('now'));
INSERT OR REPLACE INTO songs_fts(song_id,title,lyrics) VALUES ('pisniua_4149434','Стоить явор над горою','Стоїть явор над горою,
Все хитає головою.
Буйні вітри повівають,
Руки явору ламають.

А вербочки шумят низько,
Волокуть мене до сна.
Тут тече поточок блізько;
Видно воду аж до дна.

Нащо ж мені нарікати,
Що в селі родила мати,
Нехай у тих мозок рветься,
Що високо в гори дметься.

А я буду собі тихо
Коротати малий вік,
Так минеть мене все лихо,
Буду щаслив чоловік');
INSERT OR REPLACE INTO song_links (id,song_id,title,url,kind,version_id,sort_order) VALUES ('pisniua_4149434_l1','pisniua_4149434','YouTube','https://www.youtube.com/watch?v=gNuot1Y6Smc','video',NULL,1);
DELETE FROM song_links WHERE song_id = 'pisniua_4150333';
DELETE FROM song_versions WHERE song_id = 'pisniua_4150333';
DELETE FROM songs_fts WHERE song_id = 'pisniua_4150333';
DELETE FROM songs WHERE id = 'pisniua_4150333';
INSERT OR REPLACE INTO songs (id,title,subtitle,lang,country,period,year,source,notes,lyrics,tags_json,lang_locked,status,created_at,updated_at) VALUES ('pisniua_4150333','А ми люди подорожні','Українська народна пісня. Виконує: о.Орест Демко','uk','ukraine_before_1917',NULL,NULL,NULL,'Пісня підходить як завершальна після вертепу, коляди, або взагалі гарна як для прощання чи завершення свята!','А ми люди подорожні,
З дороги зблудили,
І до Вашої хатини
В гості загостили.

Приспів:
Хай Ісус мале дитя
Благословить Вам життя,
А Пречиста Діва Мати
Дасть Вам благодати.
Хай Ісус, Спаситель наш,
Благословить усіх Вас,
А Пречиста Діва Мати
Дасть Вам благодати.

Ми не хочем їсти-пити,
Хочем відпочити.
Хочем Вашую хатину
Та й розвеселити.

Приспів.

Жийте жийте, поживайте
І горя не знайте.
Жийте жийте, поживайте
І про нас не забувайте,
А ми про Вас не забудем
Знов до Вас прибудем.

Приспів','[''pisni.org.ua'', ''cat:narodni'', ''Народні пісні'']',1,'published',COALESCE((SELECT created_at FROM songs WHERE id='pisniua_4150333'), datetime('now')),datetime('now'));
INSERT OR REPLACE INTO songs_fts(song_id,title,lyrics) VALUES ('pisniua_4150333','А ми люди подорожні','А ми люди подорожні,
З дороги зблудили,
І до Вашої хатини
В гості загостили.

Приспів:
Хай Ісус мале дитя
Благословить Вам життя,
А Пречиста Діва Мати
Дасть Вам благодати.
Хай Ісус, Спаситель наш,
Благословить усіх Вас,
А Пречиста Діва Мати
Дасть Вам благодати.

Ми не хочем їсти-пити,
Хочем відпочити.
Хочем Вашую хатину
Та й розвеселити.

Приспів.

Жийте жийте, поживайте
І горя не знайте.
Жийте жийте, поживайте
І про нас не забувайте,
А ми про Вас не забудем
Знов до Вас прибудем.

Приспів');
INSERT OR REPLACE INTO song_links (id,song_id,title,url,kind,version_id,sort_order) VALUES ('pisniua_4150333_l1','pisniua_4150333','YouTube','https://www.youtube.com/watch?v=UeuyQQjXGq8','video',NULL,1);
DELETE FROM song_links WHERE song_id = 'pisniua_4150030';
DELETE FROM song_versions WHERE song_id = 'pisniua_4150030';
DELETE FROM songs_fts WHERE song_id = 'pisniua_4150030';
DELETE FROM songs WHERE id = 'pisniua_4150030';
INSERT OR REPLACE INTO songs (id,title,subtitle,lang,country,period,year,source,notes,lyrics,tags_json,lang_locked,status,created_at,updated_at) VALUES ('pisniua_4150030','Що тото за звізда, що рано сходила?','Українська народна пісня','uk','ukraine_before_1917',NULL,NULL,'аудіозапис',NULL,'Що тото за звізда,
Що рано сходила?
То-то, то-то Чиста Діва     |
Сина породила.              | (2)

Як його зродила,
В пелени вповила,
Люляй, люляй, мій синочку,  |
Бо я би-м спочила.          | (2)

Спочивай, матінко,
Хоч одну годину,
Поки піду та й принесу      |
Із раю пелену.              | (2)

А за тим ярочком
Зелена ліщина,
Паслись вівці з пастушками, |
Прийшла їм новина.          | (2)

Бери, Петре, трубу,
Затруби та й Богу,
Бо Йсус Христос ся народив, |
Слава пану Богу!            | (2)','[''pisni.org.ua'', ''cat:kolyadky'', ''Колядки'']',1,'published',COALESCE((SELECT created_at FROM songs WHERE id='pisniua_4150030'), datetime('now')),datetime('now'));
INSERT OR REPLACE INTO songs_fts(song_id,title,lyrics) VALUES ('pisniua_4150030','Що тото за звізда, що рано сходила?','Що тото за звізда,
Що рано сходила?
То-то, то-то Чиста Діва     |
Сина породила.              | (2)

Як його зродила,
В пелени вповила,
Люляй, люляй, мій синочку,  |
Бо я би-м спочила.          | (2)

Спочивай, матінко,
Хоч одну годину,
Поки піду та й принесу      |
Із раю пелену.              | (2)

А за тим ярочком
Зелена ліщина,
Паслись вівці з пастушками, |
Прийшла їм новина.          | (2)

Бери, Петре, трубу,
Затруби та й Богу,
Бо Йсус Христос ся народив, |
Слава пану Богу!            | (2)');
DELETE FROM song_links WHERE song_id = 'pisniua_4150230';
DELETE FROM song_versions WHERE song_id = 'pisniua_4150230';
DELETE FROM songs_fts WHERE song_id = 'pisniua_4150230';
DELETE FROM songs WHERE id = 'pisniua_4150230';
INSERT OR REPLACE INTO songs (id,title,subtitle,lang,country,period,year,source,notes,lyrics,tags_json,lang_locked,status,created_at,updated_at) VALUES ('pisniua_4150230','Зацвіла в долині','Музика: Яків Степовий Слова: Тарас Шевченко. Виконує: Борис Гмиря','uk','ukraine_1991',NULL,NULL,'аудіозапис',NULL,'Зацвіла в долині
Червона калина,
Ніби засміялась
Дівчина-дитина.

Любо, любо стало,
Пташечка зраділа
І защебетала.

Почула дівчина
І в білій свитині
З біленької хати
Вийшла погуляти
У гай на долину.

І вийшов до неї
З зеленого гаю
Козак молоденький,
Цілує, вітає.

І йдуть по долині,
І, йдучи, співають.

Як діточок двоє,
Під тую калину
Прийшли, посідали
І поцілувались.

Якого ж ми раю
У Бога благаєм?','[''pisni.org.ua'', ''cat:krasa-pryrody'', ''Пісні про красу природи'']',1,'published',COALESCE((SELECT created_at FROM songs WHERE id='pisniua_4150230'), datetime('now')),datetime('now'));
INSERT OR REPLACE INTO songs_fts(song_id,title,lyrics) VALUES ('pisniua_4150230','Зацвіла в долині','Зацвіла в долині
Червона калина,
Ніби засміялась
Дівчина-дитина.

Любо, любо стало,
Пташечка зраділа
І защебетала.

Почула дівчина
І в білій свитині
З біленької хати
Вийшла погуляти
У гай на долину.

І вийшов до неї
З зеленого гаю
Козак молоденький,
Цілує, вітає.

І йдуть по долині,
І, йдучи, співають.

Як діточок двоє,
Під тую калину
Прийшли, посідали
І поцілувались.

Якого ж ми раю
У Бога благаєм?');
DELETE FROM song_links WHERE song_id = 'pisniua_415134';
DELETE FROM song_versions WHERE song_id = 'pisniua_415134';
DELETE FROM songs_fts WHERE song_id = 'pisniua_415134';
DELETE FROM songs WHERE id = 'pisniua_415134';
INSERT OR REPLACE INTO songs (id,title,subtitle,lang,country,period,year,source,notes,lyrics,tags_json,lang_locked,status,created_at,updated_at) VALUES ('pisniua_415134','Між нами спалено мости','Музика: Олександр Білаш Слова: Т. Голобородько. Виконує: Світлана Клочкова-Коваленко','uk','ukraine_1991',NULL,NULL,'Видання "Любіть Україну" Олександр Білаш. 2001р.',NULL,'За літом осінь поспіша,
Вже землю позолота вкрила.
У мене зболена душа,
У тебе - обпалило крила.
Мені до тебе не дійти,
Тобі до мене не летіти.
Між нами спалено мости,        | (2)
Нам наш світанок не зустріти.

Приспів:

А серце рветься од жалю,
Бо ти не мій, не прийдеш скоро.
А той, кого я не люблю,        | (2)
Той - поруч.

Гірка і чиста, мов сльоза,
Оця любов, ця квітка пізня.
Усе, що ти мені сказав,
В моїй душі неначе пісня.
А я твій день благословлю,
За тебе помолюсь побожно.
Тобі сказати, що люблю,
Навіть подумати "люблю"        | (2)
Мені, коханий мій, не можна.

Приспів.

Нащо мені по смерті рай,
В якому серця не зігрію?
О, Боже мій, не забирай
Останню крихітку надії.
Між нами спалено мости.
Серед зими не бути літу.
Мені до тебе не дійти,         | (2)
Тобі до мене не летіти.

Приспів.','[''pisni.org.ua'', ''cat:romansy'', ''Романси'']',1,'published',COALESCE((SELECT created_at FROM songs WHERE id='pisniua_415134'), datetime('now')),datetime('now'));
INSERT OR REPLACE INTO songs_fts(song_id,title,lyrics) VALUES ('pisniua_415134','Між нами спалено мости','За літом осінь поспіша,
Вже землю позолота вкрила.
У мене зболена душа,
У тебе - обпалило крила.
Мені до тебе не дійти,
Тобі до мене не летіти.
Між нами спалено мости,        | (2)
Нам наш світанок не зустріти.

Приспів:

А серце рветься од жалю,
Бо ти не мій, не прийдеш скоро.
А той, кого я не люблю,        | (2)
Той - поруч.

Гірка і чиста, мов сльоза,
Оця любов, ця квітка пізня.
Усе, що ти мені сказав,
В моїй душі неначе пісня.
А я твій день благословлю,
За тебе помолюсь побожно.
Тобі сказати, що люблю,
Навіть подумати "люблю"        | (2)
Мені, коханий мій, не можна.

Приспів.

Нащо мені по смерті рай,
В якому серця не зігрію?
О, Боже мій, не забирай
Останню крихітку надії.
Між нами спалено мости.
Серед зими не бути літу.
Мені до тебе не дійти,         | (2)
Тобі до мене не летіти.

Приспів.');
INSERT OR REPLACE INTO song_links (id,song_id,title,url,kind,version_id,sort_order) VALUES ('pisniua_415134_l1','pisniua_415134','YouTube','https://www.youtube.com/watch?v=Obfz1qHgeTg','video',NULL,1);
DELETE FROM song_links WHERE song_id = 'pisniua_4152931';
DELETE FROM song_versions WHERE song_id = 'pisniua_4152931';
DELETE FROM songs_fts WHERE song_id = 'pisniua_4152931';
DELETE FROM songs WHERE id = 'pisniua_4152931';
INSERT OR REPLACE INTO songs (id,title,subtitle,lang,country,period,year,source,notes,lyrics,tags_json,lang_locked,status,created_at,updated_at) VALUES ('pisniua_4152931','Моя любов','Музика: Олександр Білаш Слова: І. Маківчук','uk','ukraine_1991',NULL,NULL,'Олександр Білаш. Романси для середнього голосу з фортепіано. К.: Мистецво. - 1966. - 50 с.',NULL,'Вітер сумно зітхнув,
Лист багряний зірвав
На березі стрункій
На узліссі.

Потім злегка дихнув
На спустілі поля
І сховався в пожовклому
Лісі.

З ним і серце твоє
Теж дорогу знайшло,
Проявило байдужість
І втому.

І кохання моє
Разом з літом пішло
У дорогу лунку
Невідому.','[''pisni.org.ua'', ''cat:romansy'', ''Романси'']',1,'published',COALESCE((SELECT created_at FROM songs WHERE id='pisniua_4152931'), datetime('now')),datetime('now'));
INSERT OR REPLACE INTO songs_fts(song_id,title,lyrics) VALUES ('pisniua_4152931','Моя любов','Вітер сумно зітхнув,
Лист багряний зірвав
На березі стрункій
На узліссі.

Потім злегка дихнув
На спустілі поля
І сховався в пожовклому
Лісі.

З ним і серце твоє
Теж дорогу знайшло,
Проявило байдужість
І втому.

І кохання моє
Разом з літом пішло
У дорогу лунку
Невідому.');
DELETE FROM song_links WHERE song_id = 'pisniua_415030';
DELETE FROM song_versions WHERE song_id = 'pisniua_415030';
DELETE FROM songs_fts WHERE song_id = 'pisniua_415030';
DELETE FROM songs WHERE id = 'pisniua_415030';
INSERT OR REPLACE INTO songs (id,title,subtitle,lang,country,period,year,source,notes,lyrics,tags_json,lang_locked,status,created_at,updated_at) VALUES ('pisniua_415030','А вже років двісті як козак в неволі','Українська народна пісня. Виконує: Гайдамаки','uk','ukraine_before_1917',NULL,NULL,'1. Українські релігійні роздуми про Спасіння © Видавництво "Павутинонька", Нью Йорк – Львів – Київ – Харків – Москва, 2003. 2. Вітер Степовий. Українські пісні Вольниці Запорозької. Музичний фольклор Центральної України (село Розумівка, село Липняжка Кіровоградської області). 1997. 3. Гайдамаки. COMP MUSIC Ltd. 2002: А вже років 200','Гей вийди Доле із Води визволь мене Серденько із біди.','А вже років двісті як козак в неволі
Понад Дніпром ходить викликає Долю
Гей вийди Доле із Води визволь мене Серденько із біди | (2)

Ой рада б я вийти
Та й са... тай сама в неволі
Гей у неволі у ярмі під турецьким караулом у тюрмі    | (2)

Ой пане Богдане неро... нерозумний сину
Занапастив військо ще й сво... свою Вкраїну
Гей занапастив зруйнував бо в голові розуму мало мав  | (2)','[''pisni.org.ua'', ''cat:istorychni'', ''cat:kozacki'', ''cat:patriotic'', ''cat:philosophic'', ''cat:suspilno-politychni'', ''Історичні пісні'', ''Козацькі пісні'', ''Патріотичні пісні'', ''Філософські пісні'', ''Суспільно-політичні пісні'']',1,'published',COALESCE((SELECT created_at FROM songs WHERE id='pisniua_415030'), datetime('now')),datetime('now'));
INSERT OR REPLACE INTO songs_fts(song_id,title,lyrics) VALUES ('pisniua_415030','А вже років двісті як козак в неволі','А вже років двісті як козак в неволі
Понад Дніпром ходить викликає Долю
Гей вийди Доле із Води визволь мене Серденько із біди | (2)

Ой рада б я вийти
Та й са... тай сама в неволі
Гей у неволі у ярмі під турецьким караулом у тюрмі    | (2)

Ой пане Богдане неро... нерозумний сину
Занапастив військо ще й сво... свою Вкраїну
Гей занапастив зруйнував бо в голові розуму мало мав  | (2)');
INSERT OR REPLACE INTO song_links (id,song_id,title,url,kind,version_id,sort_order) VALUES ('pisniua_415030_l1','pisniua_415030','YouTube','https://www.youtube.com/watch?v=ZfwVbA7pzQM','video',NULL,1);
INSERT OR REPLACE INTO song_links (id,song_id,title,url,kind,version_id,sort_order) VALUES ('pisniua_415030_l2','pisniua_415030','YouTube','https://www.youtube.com/watch?v=Hg3Cathm-OE','video',NULL,2);
INSERT OR REPLACE INTO song_links (id,song_id,title,url,kind,version_id,sort_order) VALUES ('pisniua_415030_l3','pisniua_415030','Переглянути варіанти >>','https://www.pisni.org.ua/#variants','external',NULL,3);
DELETE FROM song_links WHERE song_id = 'pisniua_415287';
DELETE FROM song_versions WHERE song_id = 'pisniua_415287';
DELETE FROM songs_fts WHERE song_id = 'pisniua_415287';
DELETE FROM songs WHERE id = 'pisniua_415287';
INSERT OR REPLACE INTO songs (id,title,subtitle,lang,country,period,year,source,notes,lyrics,tags_json,lang_locked,status,created_at,updated_at) VALUES ('pisniua_415287','Січ в поході','Музика: Денис Січинський Слова: Віра Лебедова','uk','ukrainian_peoples_republic_1917_1921',NULL,NULL,NULL,NULL,'Сурма грає, в ряд ставай!
Червоніє ленти цвіт.
Позір молод хлопче май!
Вправо! Вліво! Січ в похід!

Маршерують, піснь лунає,
Підоймає в жилах кров,
В такт оден всім серце грає,
Спільна думка морщить бров.

В''ються наче довгий змій,
Курінь в похід! Крок держи!
Мов герої йдуть на бій
Та не крови, не з людьми.

Як ударить дзвін тривогу,
Як затліє стріха хат,
Линуть хлопці на підмогу,
Чи там ворог, чи там брат.

Наче в танець Січовик
У огнисту скаче піч,
Бо до жару з діда звик,
Бо страху не знає "Січ".

А за труд свій, за посвяту,
Лаврів слави не беруть.
Бо найкращу дасть їм плату
Власне серце, власна грудь.','[''pisni.org.ua'', ''cat:strilecki'', ''Стрілецькі пісні'']',1,'published',COALESCE((SELECT created_at FROM songs WHERE id='pisniua_415287'), datetime('now')),datetime('now'));
INSERT OR REPLACE INTO songs_fts(song_id,title,lyrics) VALUES ('pisniua_415287','Січ в поході','Сурма грає, в ряд ставай!
Червоніє ленти цвіт.
Позір молод хлопче май!
Вправо! Вліво! Січ в похід!

Маршерують, піснь лунає,
Підоймає в жилах кров,
В такт оден всім серце грає,
Спільна думка морщить бров.

В''ються наче довгий змій,
Курінь в похід! Крок держи!
Мов герої йдуть на бій
Та не крови, не з людьми.

Як ударить дзвін тривогу,
Як затліє стріха хат,
Линуть хлопці на підмогу,
Чи там ворог, чи там брат.

Наче в танець Січовик
У огнисту скаче піч,
Бо до жару з діда звик,
Бо страху не знає "Січ".

А за труд свій, за посвяту,
Лаврів слави не беруть.
Бо найкращу дасть їм плату
Власне серце, власна грудь.');
DELETE FROM song_links WHERE song_id = 'pisniua_4152434';
DELETE FROM song_versions WHERE song_id = 'pisniua_4152434';
DELETE FROM songs_fts WHERE song_id = 'pisniua_4152434';
DELETE FROM songs WHERE id = 'pisniua_4152434';
INSERT OR REPLACE INTO songs (id,title,subtitle,lang,country,period,year,source,notes,lyrics,tags_json,lang_locked,status,created_at,updated_at) VALUES ('pisniua_4152434','Україна','Музика: Ірина Федишин Слова: Ірина Федишин. Виконує: Ірина Федишин, Любов Камінська','uk','ukraine_1991',NULL,NULL,'аудіозапис',NULL,'Виростала я на Україні,
Виростала, де грона калини
Щовесни під вікном розквітали,
Білим цвітом мене забавляли.
Тут волошки в волосся впітала,
Тут матусю сльозами прохала,
Щоб сорочку мені вишивала,
Тут я вперше в житті покохала!

Приспів:
Це моя земля! Це моя країна!    |
Тут моя сім''я! Тут моя родина!  |
Це ліси, поля, гори й полонини, |
Рідна ти моя Україна!           | (2)

В нас колосяться жито, пшениця,
І тече тут джерельна водиця,
В нас найкращі у світі дівчата,
Люди щирі, душею багаті.
Приїжджайте до нас в Україну,
Тут завжди зустрічають гостинно,
Пісня лине від хати до хати,
Бо у нас люди вміють співати!

Приспів. (2)','[''pisni.org.ua'', ''cat:patriotic'', ''Патріотичні пісні'']',1,'published',COALESCE((SELECT created_at FROM songs WHERE id='pisniua_4152434'), datetime('now')),datetime('now'));
INSERT OR REPLACE INTO songs_fts(song_id,title,lyrics) VALUES ('pisniua_4152434','Україна','Виростала я на Україні,
Виростала, де грона калини
Щовесни під вікном розквітали,
Білим цвітом мене забавляли.
Тут волошки в волосся впітала,
Тут матусю сльозами прохала,
Щоб сорочку мені вишивала,
Тут я вперше в житті покохала!

Приспів:
Це моя земля! Це моя країна!    |
Тут моя сім''я! Тут моя родина!  |
Це ліси, поля, гори й полонини, |
Рідна ти моя Україна!           | (2)

В нас колосяться жито, пшениця,
І тече тут джерельна водиця,
В нас найкращі у світі дівчата,
Люди щирі, душею багаті.
Приїжджайте до нас в Україну,
Тут завжди зустрічають гостинно,
Пісня лине від хати до хати,
Бо у нас люди вміють співати!

Приспів. (2)');
INSERT OR REPLACE INTO song_links (id,song_id,title,url,kind,version_id,sort_order) VALUES ('pisniua_4152434_l1','pisniua_4152434','YouTube','https://www.youtube.com/watch?v=cYijBFKxGLg','video',NULL,1);
INSERT OR REPLACE INTO song_links (id,song_id,title,url,kind,version_id,sort_order) VALUES ('pisniua_4152434_l2','pisniua_4152434','YouTube','https://www.youtube.com/watch?v=43qCyfbKdvg','video',NULL,2);
INSERT OR REPLACE INTO song_links (id,song_id,title,url,kind,version_id,sort_order) VALUES ('pisniua_4152434_l3','pisniua_4152434','YouTube','https://www.youtube.com/watch?v=DbX3ceP2Kmo','video',NULL,3);
DELETE FROM song_links WHERE song_id = 'pisniua_4151930';
DELETE FROM song_versions WHERE song_id = 'pisniua_4151930';
DELETE FROM songs_fts WHERE song_id = 'pisniua_4151930';
DELETE FROM songs WHERE id = 'pisniua_4151930';
INSERT OR REPLACE INTO songs (id,title,subtitle,lang,country,period,year,source,notes,lyrics,tags_json,lang_locked,status,created_at,updated_at) VALUES ('pisniua_4151930','Ворожка','Музика: Олесь Царук Слова: Василь Еллан-Блакитний. Виконує: Олесь Царук','uk','ukraine_before_1917',NULL,NULL,'аудіозапис',NULL,'Твоя слава, як бубон, гучна -
Дроботіла смаглява циганка.
Тобі серце віддасть не одна
Ясноока красуня панянка.

Ой, щасливий, щасливий юнак:
Саме щастя, ні крихітки муки.
А те щастя - така гарна річ,
Позлоти ж бо за правдоньку руки.

Може, прийде ще слава гучна
Та не згоїться в серденьку ранка.
Прошумує свавільна весна -
Восени не заводять веснянки.

Ой, брехала про щастя вона,
Чорноока прудкая циганка.','[''pisni.org.ua'', ''cat:socialno-pobutovi'', ''Соціально-побутові пісні'']',1,'published',COALESCE((SELECT created_at FROM songs WHERE id='pisniua_4151930'), datetime('now')),datetime('now'));
INSERT OR REPLACE INTO songs_fts(song_id,title,lyrics) VALUES ('pisniua_4151930','Ворожка','Твоя слава, як бубон, гучна -
Дроботіла смаглява циганка.
Тобі серце віддасть не одна
Ясноока красуня панянка.

Ой, щасливий, щасливий юнак:
Саме щастя, ні крихітки муки.
А те щастя - така гарна річ,
Позлоти ж бо за правдоньку руки.

Може, прийде ще слава гучна
Та не згоїться в серденьку ранка.
Прошумує свавільна весна -
Восени не заводять веснянки.

Ой, брехала про щастя вона,
Чорноока прудкая циганка.');
DELETE FROM song_links WHERE song_id = 'pisniua_4152838';
DELETE FROM song_versions WHERE song_id = 'pisniua_4152838';
DELETE FROM songs_fts WHERE song_id = 'pisniua_4152838';
DELETE FROM songs WHERE id = 'pisniua_4152838';
INSERT OR REPLACE INTO songs (id,title,subtitle,lang,country,period,year,source,notes,lyrics,tags_json,lang_locked,status,created_at,updated_at) VALUES ('pisniua_4152838','Вбий депутата','Музика: Тостер Слова: Тостер. Виконує: Тостер','uk','ukraine_1991',NULL,NULL,'аудіозапис',NULL,'Іменем сяє прапор, антиурядовий збір,
Чути галас опозиції, що Кучма - найстрашніший звір,
А в будинку, що навпроти, у під''їзді номер 2
Серійний вбивця знов зарізав малолітнього школяра.
Економічна криза, в країні - руїна,
Крадуть все, що можна, бюрократичні свині.
І ми маєм служити на їхню систему,
У них все по плану, але по-своєму.

Приспів:
Скажи мені, буржуй, де мої гроші?
Бо коли вас обираємо, то ви - чесні і хороші.
Він давить законом підбитим під себе,
А ти дави силою, яка є у тебе!

На людей їм наплювати, головне в них - гроші,
А коли їх обирають, вони - чесні і хороші:
Обіцяють любити, робити й будувати,
А я закликаю: Не вір депутатам!

Приспів.

Система душить, система давить,
Політики і гроші цим світом правлять.
Розплодилось депутатів, як не різаних собак,
Звинувачують без причини просто так.

Скажи мені, буржуй, де мої гроші?
Бо коли вас обираємо, то ви - чесні і хороші','[''pisni.org.ua'', ''cat:suspilno-politychni'', ''Суспільно-політичні пісні'']',1,'published',COALESCE((SELECT created_at FROM songs WHERE id='pisniua_4152838'), datetime('now')),datetime('now'));
INSERT OR REPLACE INTO songs_fts(song_id,title,lyrics) VALUES ('pisniua_4152838','Вбий депутата','Іменем сяє прапор, антиурядовий збір,
Чути галас опозиції, що Кучма - найстрашніший звір,
А в будинку, що навпроти, у під''їзді номер 2
Серійний вбивця знов зарізав малолітнього школяра.
Економічна криза, в країні - руїна,
Крадуть все, що можна, бюрократичні свині.
І ми маєм служити на їхню систему,
У них все по плану, але по-своєму.

Приспів:
Скажи мені, буржуй, де мої гроші?
Бо коли вас обираємо, то ви - чесні і хороші.
Він давить законом підбитим під себе,
А ти дави силою, яка є у тебе!

На людей їм наплювати, головне в них - гроші,
А коли їх обирають, вони - чесні і хороші:
Обіцяють любити, робити й будувати,
А я закликаю: Не вір депутатам!

Приспів.

Система душить, система давить,
Політики і гроші цим світом правлять.
Розплодилось депутатів, як не різаних собак,
Звинувачують без причини просто так.

Скажи мені, буржуй, де мої гроші?
Бо коли вас обираємо, то ви - чесні і хороші');
DELETE FROM song_links WHERE song_id = 'pisniua_4156430';
DELETE FROM song_versions WHERE song_id = 'pisniua_4156430';
DELETE FROM songs_fts WHERE song_id = 'pisniua_4156430';
DELETE FROM songs WHERE id = 'pisniua_4156430';
INSERT OR REPLACE INTO songs (id,title,subtitle,lang,country,period,year,source,notes,lyrics,tags_json,lang_locked,status,created_at,updated_at) VALUES ('pisniua_4156430','Сніжинки','Музика: Яків Степовий Слова: Яків Степовий. Виконує: Микола Ґвоздь','uk','ukraine_1991',NULL,NULL,'Учбовий репертуар дитячих музичних шкіл, Київ "Музична Україна" 1988, с.81',NULL,'Ми білії сніжиночки
З небесной царини,
Легенькі, як пушиночки,
Летімо всі сюди.

Ось хмаронька сіренькая,-
Вона була наш дім,
Ми з неї всі спустилися,
Тут сядьмо отдихнім.

Лягти на землю хоченься,
А вітерець лихий
Все віє, розганяє нас.
Мерщій, мерщій, мерщій!','[''pisni.org.ua'', ''cat:krasa-pryrody'', ''Пісні про красу природи'']',1,'published',COALESCE((SELECT created_at FROM songs WHERE id='pisniua_4156430'), datetime('now')),datetime('now'));
INSERT OR REPLACE INTO songs_fts(song_id,title,lyrics) VALUES ('pisniua_4156430','Сніжинки','Ми білії сніжиночки
З небесной царини,
Легенькі, як пушиночки,
Летімо всі сюди.

Ось хмаронька сіренькая,-
Вона була наш дім,
Ми з неї всі спустилися,
Тут сядьмо отдихнім.

Лягти на землю хоченься,
А вітерець лихий
Все віє, розганяє нас.
Мерщій, мерщій, мерщій!');
INSERT OR REPLACE INTO song_links (id,song_id,title,url,kind,version_id,sort_order) VALUES ('pisniua_4156430_l1','pisniua_4156430','YouTube','https://www.youtube.com/watch?v=_uaTnm7KTMc','video',NULL,1);
DELETE FROM song_links WHERE song_id = 'pisniua_4154535';
DELETE FROM song_versions WHERE song_id = 'pisniua_4154535';
DELETE FROM songs_fts WHERE song_id = 'pisniua_4154535';
DELETE FROM songs WHERE id = 'pisniua_4154535';
INSERT OR REPLACE INTO songs (id,title,subtitle,lang,country,period,year,source,notes,lyrics,tags_json,lang_locked,status,created_at,updated_at) VALUES ('pisniua_4154535','Тумани','Українська народна пісня','uk','ukraine_before_1917',NULL,NULL,NULL,NULL,'Стоїть одинока дівчина, літ вісім,
І тихо, і ніжно тумани зове:
"Тумани, тумани, верніть мені маму,
Чогось моя мама до мене не йде.

П''ять років минуло, як мама померла.
З тих пір на могилу ношу я квітки.
З тих пір мене, мамо, ніхто не цілує,
Ніхто не голубить так ніжно, як ти."

А роки проходять, минають страдання,
А горю дівчини  не приходить кінець:
"Прийди, моя мамо, прийди, дорогая,
Надіньте на мене вінчальний вінець."

Прийшла на могилу з своїм нареченим,
Поклала там квіти і стала ридать:
"Спитай мене, мамо, спитай, дорогая,
Як буду без тебе весілля справлять."

Могила стогнала, а мама ридала,
І в ній було чути сумнії слова:
"Не прийду я, доню, до тебе ніколи,
Вінець хай надіне свекруха твоя".','[''pisni.org.ua'', ''cat:pro-batkiv'', ''Пісні про любов до батьків'']',1,'published',COALESCE((SELECT created_at FROM songs WHERE id='pisniua_4154535'), datetime('now')),datetime('now'));
INSERT OR REPLACE INTO songs_fts(song_id,title,lyrics) VALUES ('pisniua_4154535','Тумани','Стоїть одинока дівчина, літ вісім,
І тихо, і ніжно тумани зове:
"Тумани, тумани, верніть мені маму,
Чогось моя мама до мене не йде.

П''ять років минуло, як мама померла.
З тих пір на могилу ношу я квітки.
З тих пір мене, мамо, ніхто не цілує,
Ніхто не голубить так ніжно, як ти."

А роки проходять, минають страдання,
А горю дівчини  не приходить кінець:
"Прийди, моя мамо, прийди, дорогая,
Надіньте на мене вінчальний вінець."

Прийшла на могилу з своїм нареченим,
Поклала там квіти і стала ридать:
"Спитай мене, мамо, спитай, дорогая,
Як буду без тебе весілля справлять."

Могила стогнала, а мама ридала,
І в ній було чути сумнії слова:
"Не прийду я, доню, до тебе ніколи,
Вінець хай надіне свекруха твоя".');
INSERT OR REPLACE INTO song_links (id,song_id,title,url,kind,version_id,sort_order) VALUES ('pisniua_4154535_l1','pisniua_4154535','YouTube','https://www.youtube.com/watch?v=fYg8mrurN3o','video',NULL,1);
INSERT OR REPLACE INTO song_links (id,song_id,title,url,kind,version_id,sort_order) VALUES ('pisniua_4154535_l2','pisniua_4154535','Переглянути варіанти >>','https://www.pisni.org.ua/#variants','external',NULL,2);
DELETE FROM song_links WHERE song_id = 'pisniua_4152083';
DELETE FROM song_versions WHERE song_id = 'pisniua_4152083';
DELETE FROM songs_fts WHERE song_id = 'pisniua_4152083';
DELETE FROM songs WHERE id = 'pisniua_4152083';
INSERT OR REPLACE INTO songs (id,title,subtitle,lang,country,period,year,source,notes,lyrics,tags_json,lang_locked,status,created_at,updated_at) VALUES ('pisniua_4152083','Літній вечір...','Музика: Олесь Царук Слова: Олександр Олесь. Виконує: Олесь Царук','uk','ukraine_1991',NULL,NULL,'аудіозапис',NULL,'Літній вечір, гори в млі,
В золоті вершини,
А під ними ллється десь |
Пісня України.          | (2)

Гасне вечір, сон обняв
Гори і долини,
А між горами літа       |
Пісня України.          | (2)

Ніч давно, заснуло все,
Тільки море плине,
Та щебече понад ним     |
Пісня України.          | (2)','[''pisni.org.ua'', ''cat:bardivski'', ''Бардівські пісні'']',1,'published',COALESCE((SELECT created_at FROM songs WHERE id='pisniua_4152083'), datetime('now')),datetime('now'));
INSERT OR REPLACE INTO songs_fts(song_id,title,lyrics) VALUES ('pisniua_4152083','Літній вечір...','Літній вечір, гори в млі,
В золоті вершини,
А під ними ллється десь |
Пісня України.          | (2)

Гасне вечір, сон обняв
Гори і долини,
А між горами літа       |
Пісня України.          | (2)

Ніч давно, заснуло все,
Тільки море плине,
Та щебече понад ним     |
Пісня України.          | (2)');
DELETE FROM song_links WHERE song_id = 'pisniua_4154185';
DELETE FROM song_versions WHERE song_id = 'pisniua_4154185';
DELETE FROM songs_fts WHERE song_id = 'pisniua_4154185';
DELETE FROM songs WHERE id = 'pisniua_4154185';
INSERT OR REPLACE INTO songs (id,title,subtitle,lang,country,period,year,source,notes,lyrics,tags_json,lang_locked,status,created_at,updated_at) VALUES ('pisniua_4154185','На Христовій дорозі',NULL,'uk','ukraine_1991',NULL,NULL,NULL,NULL,'1. Маріє, гляди, чиї то сліди?
Це сліди Твойого Сина,
Тут ішла Твоя дитина,
Тож поглянь, іди.

2. І Вона спішить, на землю глядить,
Як багриться Кров слідами.
Він ішов туди з катами.
Марія терпить.

3. Ось серед юрби провадять кати,
А на ньому хрест тяженький,
Це Твій Син, Син дорогенький.
Подивись туди.

4. І Вона глядить, а серце щемить,
Бо побачила, пізнала,
Жаль стиснув і заридала:
"Це мій Син терпить".','[''pisni.org.ua'', ''cat:cerkovni'', ''cat:christ'', ''cat:strasni'', ''Церковні пісні'', ''Пісні до Ісуса Христа'', ''Страсні пісні'']',1,'published',COALESCE((SELECT created_at FROM songs WHERE id='pisniua_4154185'), datetime('now')),datetime('now'));
INSERT OR REPLACE INTO songs_fts(song_id,title,lyrics) VALUES ('pisniua_4154185','На Христовій дорозі','1. Маріє, гляди, чиї то сліди?
Це сліди Твойого Сина,
Тут ішла Твоя дитина,
Тож поглянь, іди.

2. І Вона спішить, на землю глядить,
Як багриться Кров слідами.
Він ішов туди з катами.
Марія терпить.

3. Ось серед юрби провадять кати,
А на ньому хрест тяженький,
Це Твій Син, Син дорогенький.
Подивись туди.

4. І Вона глядить, а серце щемить,
Бо побачила, пізнала,
Жаль стиснув і заридала:
"Це мій Син терпить".');
DELETE FROM song_links WHERE song_id = 'pisniua_4154032';
DELETE FROM song_versions WHERE song_id = 'pisniua_4154032';
DELETE FROM songs_fts WHERE song_id = 'pisniua_4154032';
DELETE FROM songs WHERE id = 'pisniua_4154032';
INSERT OR REPLACE INTO songs (id,title,subtitle,lang,country,period,year,source,notes,lyrics,tags_json,lang_locked,status,created_at,updated_at) VALUES ('pisniua_4154032','Ромашка','Музика: Юрій Воронюк Слова: Ніна Воронюк. Виконує: Настя Шовкопляс','uk','ukraine_1991',NULL,NULL,'авторське подання',NULL,'На ромашці білій про любов питають:
Любить, чи не любить? Пелюстки зривають.
Не скуби ромашку, їй цвісти весною,
Говори з красою вічно мовчазною.

В ромашковім полі жайвори співають,
І росу пахучу ночі сповивають.
Скроплена дощами, вимита водою,
Це світилка чиста в косах молодої.

Від весни до літа і в порі осінній
Нею пахне купіль, нею пахне сіно.
І в морози зимні пелюстки ті самі
Змалював Художник у віконній рамі.

Бог її плекає і вітри голублять,
Як її полюбиш, то й тебе полюблять.
Не скубіть ромашку, не топчіть ногами,
Це любові квітка у зеленім храмі','[''pisni.org.ua'', ''cat:krasa-pryrody'', ''Пісні про красу природи'']',1,'published',COALESCE((SELECT created_at FROM songs WHERE id='pisniua_4154032'), datetime('now')),datetime('now'));
INSERT OR REPLACE INTO songs_fts(song_id,title,lyrics) VALUES ('pisniua_4154032','Ромашка','На ромашці білій про любов питають:
Любить, чи не любить? Пелюстки зривають.
Не скуби ромашку, їй цвісти весною,
Говори з красою вічно мовчазною.

В ромашковім полі жайвори співають,
І росу пахучу ночі сповивають.
Скроплена дощами, вимита водою,
Це світилка чиста в косах молодої.

Від весни до літа і в порі осінній
Нею пахне купіль, нею пахне сіно.
І в морози зимні пелюстки ті самі
Змалював Художник у віконній рамі.

Бог її плекає і вітри голублять,
Як її полюбиш, то й тебе полюблять.
Не скубіть ромашку, не топчіть ногами,
Це любові квітка у зеленім храмі');
INSERT OR REPLACE INTO song_links (id,song_id,title,url,kind,version_id,sort_order) VALUES ('pisniua_4154032_l1','pisniua_4154032','YouTube','https://www.youtube.com/watch?v=xiJ_fUvi2bc','video',NULL,1);
DELETE FROM song_links WHERE song_id = 'pisniua_415430';
DELETE FROM song_versions WHERE song_id = 'pisniua_415430';
DELETE FROM songs_fts WHERE song_id = 'pisniua_415430';
DELETE FROM songs WHERE id = 'pisniua_415430';
INSERT OR REPLACE INTO songs (id,title,subtitle,lang,country,period,year,source,notes,lyrics,tags_json,lang_locked,status,created_at,updated_at) VALUES ('pisniua_415430','Дупа жалізова','Музика: Сергій Кузьминський Слова: Сергій Кузьминський. Виконує: Брати Гадюкіни','uk','ukraine_before_1917',NULL,NULL,NULL,NULL,'Соло:
e -0-7-6-7-9-7-6-7-6-------------12-10-9-10-9-7-6-7-9-7-6-------
h -------------------8-7-8--------------------------------8-7-8-
g -------------------------8-9----------------------------------
Я знав тебе пацанкою малою
І ноль вніманія на тебе обращав
А як прийшов із армії додому
Тебе побачив і на дупу впав

Ти розквіла як маковиння на городі
Я від кохання чисто звар''ював
Я за тобою їздив на мопеді
Hеоднократно погляд твій лапав

Приспів: (2)
Гой-ра, ой-ра-я
Дупа джалізовая

Hа проводах в Стецишина Миколи
Ти шейк зі мною танцювать пішла
І тут мені повіла откровенно
Же влюблена в Безкоровайного Петра

І я напився і пішов до клубу
І цеглою побив всі ліхтарі
По 206-й, частині другій
Hародний суд два роки дав мені.

Приспів. (2)

За то шо їв я на параші сало,
Блатні мене зробили пєтухом
Тепер живу я досить непогано
Хіба із дупи часто л''ється кров

Приспів. (6)','[''pisni.org.ua'', ''cat:zhartivlyvi'', ''Жартівливі пісні'']',1,'published',COALESCE((SELECT created_at FROM songs WHERE id='pisniua_415430'), datetime('now')),datetime('now'));
INSERT OR REPLACE INTO songs_fts(song_id,title,lyrics) VALUES ('pisniua_415430','Дупа жалізова','Соло:
e -0-7-6-7-9-7-6-7-6-------------12-10-9-10-9-7-6-7-9-7-6-------
h -------------------8-7-8--------------------------------8-7-8-
g -------------------------8-9----------------------------------
Я знав тебе пацанкою малою
І ноль вніманія на тебе обращав
А як прийшов із армії додому
Тебе побачив і на дупу впав

Ти розквіла як маковиння на городі
Я від кохання чисто звар''ював
Я за тобою їздив на мопеді
Hеоднократно погляд твій лапав

Приспів: (2)
Гой-ра, ой-ра-я
Дупа джалізовая

Hа проводах в Стецишина Миколи
Ти шейк зі мною танцювать пішла
І тут мені повіла откровенно
Же влюблена в Безкоровайного Петра

І я напився і пішов до клубу
І цеглою побив всі ліхтарі
По 206-й, частині другій
Hародний суд два роки дав мені.

Приспів. (2)

За то шо їв я на параші сало,
Блатні мене зробили пєтухом
Тепер живу я досить непогано
Хіба із дупи часто л''ється кров

Приспів. (6)');
INSERT OR REPLACE INTO song_links (id,song_id,title,url,kind,version_id,sort_order) VALUES ('pisniua_415430_l1','pisniua_415430','YouTube','https://www.youtube.com/watch?v=glROmi23dD8','video',NULL,1);
DELETE FROM song_links WHERE song_id = 'pisniua_4155632';
DELETE FROM song_versions WHERE song_id = 'pisniua_4155632';
DELETE FROM songs_fts WHERE song_id = 'pisniua_4155632';
DELETE FROM songs WHERE id = 'pisniua_4155632';
INSERT OR REPLACE INTO songs (id,title,subtitle,lang,country,period,year,source,notes,lyrics,tags_json,lang_locked,status,created_at,updated_at) VALUES ('pisniua_4155632','Гей, гук, мати, гук','Українська народна пісня. Виконує: Володимир Кушпет','uk','ukraine_before_1917',NULL,NULL,'Аудіозапис',NULL,'Гей, гук, мати, гук, де козаки йдуть
І веселая тай доріженька, куди вони йдуть.
Куди вони йдуть, там бори гудуть.
Поперед себе ворогів лихих, гой, облавою рвуть.

Зібрались вони під рясні дуби
Тай чекаючи тай отамана на раду собі.
Отаман іде, як голуб гуде
Тай під білою тай березою булаву кладе.

Отамане наш, тай не дбаєш про нас,
Ось і бач: наше тай товариство - як розгардіяш.
Чи не срам тобі покидати нас
тай по заступах тай цього лісу гукати без гас.

Глянь, отамане: вже світ настає.
Ой уже ж наше тай товариство коней сідлає.
Гей, гук, мати, гук, де козаки йдуть,
І веселая тай доріженька куди вони йдуть.
Куди вони йдуть, куди вони йдуть...','[''pisni.org.ua'', ''cat:istorychni'', ''cat:kozacki'', ''Історичні пісні'', ''Козацькі пісні'']',1,'published',COALESCE((SELECT created_at FROM songs WHERE id='pisniua_4155632'), datetime('now')),datetime('now'));
INSERT OR REPLACE INTO songs_fts(song_id,title,lyrics) VALUES ('pisniua_4155632','Гей, гук, мати, гук','Гей, гук, мати, гук, де козаки йдуть
І веселая тай доріженька, куди вони йдуть.
Куди вони йдуть, там бори гудуть.
Поперед себе ворогів лихих, гой, облавою рвуть.

Зібрались вони під рясні дуби
Тай чекаючи тай отамана на раду собі.
Отаман іде, як голуб гуде
Тай під білою тай березою булаву кладе.

Отамане наш, тай не дбаєш про нас,
Ось і бач: наше тай товариство - як розгардіяш.
Чи не срам тобі покидати нас
тай по заступах тай цього лісу гукати без гас.

Глянь, отамане: вже світ настає.
Ой уже ж наше тай товариство коней сідлає.
Гей, гук, мати, гук, де козаки йдуть,
І веселая тай доріженька куди вони йдуть.
Куди вони йдуть, куди вони йдуть...');
INSERT OR REPLACE INTO song_links (id,song_id,title,url,kind,version_id,sort_order) VALUES ('pisniua_4155632_l1','pisniua_4155632','YouTube','https://www.youtube.com/watch?v=icaAyNq8Tgk','video',NULL,1);
INSERT OR REPLACE INTO song_links (id,song_id,title,url,kind,version_id,sort_order) VALUES ('pisniua_4155632_l2','pisniua_4155632','Переглянути варіанти >>','https://www.pisni.org.ua/#variants','external',NULL,2);
DELETE FROM song_links WHERE song_id = 'pisniua_4153889';
DELETE FROM song_versions WHERE song_id = 'pisniua_4153889';
DELETE FROM songs_fts WHERE song_id = 'pisniua_4153889';
DELETE FROM songs WHERE id = 'pisniua_4153889';
INSERT OR REPLACE INTO songs (id,title,subtitle,lang,country,period,year,source,notes,lyrics,tags_json,lang_locked,status,created_at,updated_at) VALUES ('pisniua_4153889','Закувала зозуленька в лузі на помості','Українська народна пісня','uk','ukraine_before_1917',NULL,NULL,NULL,'Центрально-українська','Закувала зозуленька в лузі на помості, гей
Приїхали до дівчини три козаки в гості, гей
Приїхали до дівчини три козаки в гості.

Один іде коня веде, другий коня в''яже, гей
Третій стоїть під віконцем,- Добрий вечір - каже, гей
Третій стоїть під віконцем,- Добрий вечір - каже.

Добрий вечір, стара мати, дай води напиться, гей
Кажуть люди дочка гарна, дай хоч подивиться, гей
Кажуть люди дочка гарна, дай хоч подивиться.

Вода в сінях у кадушці, піди та й напийся, гей
Сидить дівка на подущці, піди подивися, гей
Сидить дівка на подущці, піди подивися.

Вода в сінях не холодна, піду до криниці, гей
Дівка ваша не хороша, піду до вдовиці, гей.
Дівка ваша не хороша, піду до вдовиці.

У вдовиці дві світлиці ще й третя кімеата, гей
А в дівчини одна хата, та й та не прибрата, гей
А в дівчини одна хата, та й та не прибрата.

Закувала зозуленька в лузі на помості, гей
Приїхали до дівчини три козаки в гості, гей
Приїхали до дівчини три козаки в гості','[''pisni.org.ua'', ''cat:naddnipryanski'', ''Наддніпрянські пісні'']',1,'published',COALESCE((SELECT created_at FROM songs WHERE id='pisniua_4153889'), datetime('now')),datetime('now'));
INSERT OR REPLACE INTO songs_fts(song_id,title,lyrics) VALUES ('pisniua_4153889','Закувала зозуленька в лузі на помості','Закувала зозуленька в лузі на помості, гей
Приїхали до дівчини три козаки в гості, гей
Приїхали до дівчини три козаки в гості.

Один іде коня веде, другий коня в''яже, гей
Третій стоїть під віконцем,- Добрий вечір - каже, гей
Третій стоїть під віконцем,- Добрий вечір - каже.

Добрий вечір, стара мати, дай води напиться, гей
Кажуть люди дочка гарна, дай хоч подивиться, гей
Кажуть люди дочка гарна, дай хоч подивиться.

Вода в сінях у кадушці, піди та й напийся, гей
Сидить дівка на подущці, піди подивися, гей
Сидить дівка на подущці, піди подивися.

Вода в сінях не холодна, піду до криниці, гей
Дівка ваша не хороша, піду до вдовиці, гей.
Дівка ваша не хороша, піду до вдовиці.

У вдовиці дві світлиці ще й третя кімеата, гей
А в дівчини одна хата, та й та не прибрата, гей
А в дівчини одна хата, та й та не прибрата.

Закувала зозуленька в лузі на помості, гей
Приїхали до дівчини три козаки в гості, гей
Приїхали до дівчини три козаки в гості');
INSERT OR REPLACE INTO song_links (id,song_id,title,url,kind,version_id,sort_order) VALUES ('pisniua_4153889_l1','pisniua_4153889','YouTube','https://www.youtube.com/watch?v=5BDv81P9FFc','video',NULL,1);
DELETE FROM song_links WHERE song_id = 'pisniua_4154232';
DELETE FROM song_versions WHERE song_id = 'pisniua_4154232';
DELETE FROM songs_fts WHERE song_id = 'pisniua_4154232';
DELETE FROM songs WHERE id = 'pisniua_4154232';
INSERT OR REPLACE INTO songs (id,title,subtitle,lang,country,period,year,source,notes,lyrics,tags_json,lang_locked,status,created_at,updated_at) VALUES ('pisniua_4154232','Сад Гетсиманський',NULL,'uk','ukraine_1991',NULL,NULL,'Страсні пісні',NULL,'1. Сад Гетсиманський нічкою вкрився
І одягнувся в траурний плащ,
Слухав уважно, як Господь молився,
Чув він зітхання і жалісний плач.

2. Сад Гетсиманський вкрився імлою
І перед бурею вмить занімів.
Бачимо чашу із Кров''ю святою,
Юдину зраду, насильство катів.

3. Сад Гетсиманський впізнав свого Бога,
Що свої руки до неба підняв.
З трепетом серця вливалась тривога,
Морок і жах всю душу проймав','[''pisni.org.ua'', ''cat:cerkovni'', ''cat:christian'', ''cat:strasni'', ''Церковні пісні'', ''Пісні на християнську тематику'', ''Страсні пісні'']',1,'published',COALESCE((SELECT created_at FROM songs WHERE id='pisniua_4154232'), datetime('now')),datetime('now'));
INSERT OR REPLACE INTO songs_fts(song_id,title,lyrics) VALUES ('pisniua_4154232','Сад Гетсиманський','1. Сад Гетсиманський нічкою вкрився
І одягнувся в траурний плащ,
Слухав уважно, як Господь молився,
Чув він зітхання і жалісний плач.

2. Сад Гетсиманський вкрився імлою
І перед бурею вмить занімів.
Бачимо чашу із Кров''ю святою,
Юдину зраду, насильство катів.

3. Сад Гетсиманський впізнав свого Бога,
Що свої руки до неба підняв.
З трепетом серця вливалась тривога,
Морок і жах всю душу проймав');
DELETE FROM song_links WHERE song_id = 'pisniua_4154137';
DELETE FROM song_versions WHERE song_id = 'pisniua_4154137';
DELETE FROM songs_fts WHERE song_id = 'pisniua_4154137';
DELETE FROM songs WHERE id = 'pisniua_4154137';
INSERT OR REPLACE INTO songs (id,title,subtitle,lang,country,period,year,source,notes,lyrics,tags_json,lang_locked,status,created_at,updated_at) VALUES ('pisniua_4154137','Добре в Гамериці','Українська народна пісня','uk','ukraine_before_1917',NULL,NULL,'Kulik A., Pleśniak P. Dla Oli na słowiańską nutę. Wybrane pieśni łemkowskie, bojkowskie, słowackie, polskie i inne. - Mińsk Mazowiecki, 2001. – 16 p.',NULL,'Добре в Гамериці, як іде робота.
Краснє ся прибереш,
Краснє ся прибереш, як прийде субота.

Краснє ся прибереш, краснє ся умиєш,
Бо ти ся не боїш, же ти в полі гниєш.
Же ти в полі гниєш, же вода забере,
Іще ти до хаузу привезут фермери.

Фермери привезут, гроши не питают,
Так нам повідают в Гамерици - краю.
Так нам повідают в Гамерици - краю,
Так нам повідают в Гамерицкім краю.

Юж на п''ятий рочок як я в Гамерици,
Так тяжко працюю в тій новій фабрици.
Жено моя люба, жено моя добра,
Як ти там газдуєш з тими дітьми дома?

Газдую, газдую, юж ліпше не можу,
Тебе з Гамерики дочекаться не можу.
Дочекайсь ся ти, дочекайся, моя жено, дочекайся,
Будеш ся ня питать: дуже пяньонзи маш?

Не мам я пяньонзей, бо я лем слуховав,
А што я заслужил і то-то прогуляв.','[''pisni.org.ua'', ''cat:43'', ''cat:emigration'', ''cat:lemkivski'', ''Еміґрантські пісні'', ''Пісні про еміґрацію'', ''Лемківські пісні'']',1,'published',COALESCE((SELECT created_at FROM songs WHERE id='pisniua_4154137'), datetime('now')),datetime('now'));
INSERT OR REPLACE INTO songs_fts(song_id,title,lyrics) VALUES ('pisniua_4154137','Добре в Гамериці','Добре в Гамериці, як іде робота.
Краснє ся прибереш,
Краснє ся прибереш, як прийде субота.

Краснє ся прибереш, краснє ся умиєш,
Бо ти ся не боїш, же ти в полі гниєш.
Же ти в полі гниєш, же вода забере,
Іще ти до хаузу привезут фермери.

Фермери привезут, гроши не питают,
Так нам повідают в Гамерици - краю.
Так нам повідают в Гамерици - краю,
Так нам повідают в Гамерицкім краю.

Юж на п''ятий рочок як я в Гамерици,
Так тяжко працюю в тій новій фабрици.
Жено моя люба, жено моя добра,
Як ти там газдуєш з тими дітьми дома?

Газдую, газдую, юж ліпше не можу,
Тебе з Гамерики дочекаться не можу.
Дочекайсь ся ти, дочекайся, моя жено, дочекайся,
Будеш ся ня питать: дуже пяньонзи маш?

Не мам я пяньонзей, бо я лем слуховав,
А што я заслужил і то-то прогуляв.');
DELETE FROM song_links WHERE song_id = 'pisniua_415333';
DELETE FROM song_versions WHERE song_id = 'pisniua_415333';
DELETE FROM songs_fts WHERE song_id = 'pisniua_415333';
DELETE FROM songs WHERE id = 'pisniua_415333';
INSERT OR REPLACE INTO songs (id,title,subtitle,lang,country,period,year,source,notes,lyrics,tags_json,lang_locked,status,created_at,updated_at) VALUES ('pisniua_415333','Зібралися всі Бурлаки до рідної xати','Українська народна пісня','uk','ukraine_before_1917',NULL,NULL,'1. Українські релігійні роздуми про Спасіння © Видавництво „Павутинонька“, Нью Йорк – Львів – Київ – Харків – Москва, 2003 2. Українські народні пісні. - К.: Мистецтво, 1965','Спасительна: світ не по Правді. Українські релігійні роздуми про Воскресіння, Неволю і Спасіння. Ой Ми зіслані на признаванє. Нема в світі Правди не зіскати. Господа Милосердного прохали та благали. Ой що діється на Вкраїні ой чиї ми діти. Заплакала Україна така її Доля. Листки з приводу цієї Пісні: Традиції самогуртування: Cвятий Збір. Українські реліґійні роздуми про Неволю та Спасіння Еротичні містерії, тиждень від Катерини 7.12 до Калети. Доля. Св. Микола 19.12 – Народний речник перед Богом і Прадід. Стежки до листків про Українські традиції. Висловлювання: Ціна народности. Мені не віриться вашому запевненню, що нібито вже прийшов час, коли пізнають істинну ціну народности. Народностями більше зневажають і, що гірше, грають, як лялькою. — І.І. Срезнєвський','Зібралися всі Бурлаки до рідної xати
Тут їм мило тут їм любо з журби заспівати   | (2)

Заграй котрий на Бандуру сумно так сидіти
Ой що діється на Вкраїні ой чиї ми діти     | (2)

Катерино Вража Бабо що ж ти наробила
Степ широкий край веселий та й занапастила  | (2)

Бо цариця Катерина добре в карти грала
Вона наше усе добро та й попропивала        | (2)

Багатому розпродала від краю до краю
А бідному зоставила те де поxовають         | (2)

А ти графе ти Потоцький розпроклятий сину
Занапастив свою Польщу та взяв Україну      | (2)

Думав було на Вкраїні щоб королем стати
Пропадеш ти сучий сину а ще твоя мати       | (2)

Вставай Батьку Отамане годі тобі спати
Та й підемо до цариці милості проxати       | (2)

Катерино Вража Бабо змилуйся над нами
Верни нашу Україну з першими правами        | (2)

Не вертала Україну і вертать не буду
Єсть у мене москалики воювати буду          | (2)

Закрякали чорні круки угору летючи
Ой заплакали Козаченьки від цариці йдучи    | (2)

Встає xмара з-за лиману іде Дощ із неба
Зруйнували Запоріжжя того й тільки треба    | (2)

Зібралися всі Бурлаки до рідної xати
Тут їм мило тут їм любо з журби заспівати   | (2)

Заграй котрий на Бандуру сумно так сидіти
Ой що діється на Вкраїні ой чиї ми діти     | (2)    Голос 1','[''pisni.org.ua'', ''cat:istorychni'', ''cat:kozacki'', ''cat:suspilno-politychni'', ''Історичні пісні'', ''Козацькі пісні'', ''Суспільно-політичні пісні'']',1,'published',COALESCE((SELECT created_at FROM songs WHERE id='pisniua_415333'), datetime('now')),datetime('now'));
INSERT OR REPLACE INTO songs_fts(song_id,title,lyrics) VALUES ('pisniua_415333','Зібралися всі Бурлаки до рідної xати','Зібралися всі Бурлаки до рідної xати
Тут їм мило тут їм любо з журби заспівати   | (2)

Заграй котрий на Бандуру сумно так сидіти
Ой що діється на Вкраїні ой чиї ми діти     | (2)

Катерино Вража Бабо що ж ти наробила
Степ широкий край веселий та й занапастила  | (2)

Бо цариця Катерина добре в карти грала
Вона наше усе добро та й попропивала        | (2)

Багатому розпродала від краю до краю
А бідному зоставила те де поxовають         | (2)

А ти графе ти Потоцький розпроклятий сину
Занапастив свою Польщу та взяв Україну      | (2)

Думав було на Вкраїні щоб королем стати
Пропадеш ти сучий сину а ще твоя мати       | (2)

Вставай Батьку Отамане годі тобі спати
Та й підемо до цариці милості проxати       | (2)

Катерино Вража Бабо змилуйся над нами
Верни нашу Україну з першими правами        | (2)

Не вертала Україну і вертать не буду
Єсть у мене москалики воювати буду          | (2)

Закрякали чорні круки угору летючи
Ой заплакали Козаченьки від цариці йдучи    | (2)

Встає xмара з-за лиману іде Дощ із неба
Зруйнували Запоріжжя того й тільки треба    | (2)

Зібралися всі Бурлаки до рідної xати
Тут їм мило тут їм любо з журби заспівати   | (2)

Заграй котрий на Бандуру сумно так сидіти
Ой що діється на Вкраїні ой чиї ми діти     | (2)    Голос 1');
INSERT OR REPLACE INTO song_links (id,song_id,title,url,kind,version_id,sort_order) VALUES ('pisniua_415333_l1','pisniua_415333','YouTube','https://www.youtube.com/watch?v=utC7kOYonEY','video',NULL,1);
INSERT OR REPLACE INTO song_links (id,song_id,title,url,kind,version_id,sort_order) VALUES ('pisniua_415333_l2','pisniua_415333','YouTube','https://www.youtube.com/watch?v=86srwjOsKMc','video',NULL,2);
DELETE FROM song_links WHERE song_id = 'pisniua_4159030';
DELETE FROM song_versions WHERE song_id = 'pisniua_4159030';
DELETE FROM songs_fts WHERE song_id = 'pisniua_4159030';
DELETE FROM songs WHERE id = 'pisniua_4159030';
INSERT OR REPLACE INTO songs (id,title,subtitle,lang,country,period,year,source,notes,lyrics,tags_json,lang_locked,status,created_at,updated_at) VALUES ('pisniua_4159030','За городом козу пасла','Українська народна пісня. Виконує: Фольклорний ансамбль села Межирич','uk','ukraine_before_1917',NULL,NULL,'Фольклорний архів ансамблю "Божичі". Запис в с.Межирич (Маврино) Павлоградського р-ну Дніпропетровської обл. 12.08.1993 Касета 3',NULL,'Ой, да за городом козу пасла, гей,
За городом козу пасла,
Сюди-туди роз-бом-бом
Назбирала горшик масла,
Гоп, сіла за столом.

Ой, да ще й сметани назбирала, гей,
Ще й сметани назбирала,
Сюди-туди роз-бом-бом
Усих хлопців угощала,
Гоп, сіла за столом.

Ой, да їжте, хлопці, угощайтесь, гей,
Їжте, хлопці, угощайтесь,
Сюди-туди роз-бом-бом
За горілку вибагайте,
Гоп, сіла за столом','[''pisni.org.ua'', ''cat:arkhiv-bozhychi'', ''Фольклорний архів анс. "Божичі"'']',1,'published',COALESCE((SELECT created_at FROM songs WHERE id='pisniua_4159030'), datetime('now')),datetime('now'));
INSERT OR REPLACE INTO songs_fts(song_id,title,lyrics) VALUES ('pisniua_4159030','За городом козу пасла','Ой, да за городом козу пасла, гей,
За городом козу пасла,
Сюди-туди роз-бом-бом
Назбирала горшик масла,
Гоп, сіла за столом.

Ой, да ще й сметани назбирала, гей,
Ще й сметани назбирала,
Сюди-туди роз-бом-бом
Усих хлопців угощала,
Гоп, сіла за столом.

Ой, да їжте, хлопці, угощайтесь, гей,
Їжте, хлопці, угощайтесь,
Сюди-туди роз-бом-бом
За горілку вибагайте,
Гоп, сіла за столом');
INSERT OR REPLACE INTO song_links (id,song_id,title,url,kind,version_id,sort_order) VALUES ('pisniua_4159030_l1','pisniua_4159030','YouTube','https://www.youtube.com/watch?v=_Ab1hqtm0-M','video',NULL,1);
DELETE FROM song_links WHERE song_id = 'pisniua_4158389';
DELETE FROM song_versions WHERE song_id = 'pisniua_4158389';
DELETE FROM songs_fts WHERE song_id = 'pisniua_4158389';
DELETE FROM songs WHERE id = 'pisniua_4158389';
INSERT OR REPLACE INTO songs (id,title,subtitle,lang,country,period,year,source,notes,lyrics,tags_json,lang_locked,status,created_at,updated_at) VALUES ('pisniua_4158389','Гей при лужку, при лужку','Українська народна пісня. Виконує: Остап Кіндрачук','uk','ukraine_before_1917',NULL,NULL,'Остап Кіндрачук',NULL,'Гей при лужку, при лужку,
При широкім полі,
При великім табуні
Кінь гуляв по волі.

Кінь гуляв по волі,
Козак у неволі:
Як піймаю — загнуздаю
Шовковою уздою.

Як піймаю — загнуздаю
Шовковою уздою,
Вдарю коня острогами —
Кінь летить стрілою.

Ти лети, лети, мій коню,
Стрілою несися,
Біля милої подвір''я
Стойма становися.

Ударь, коню, копитами
Від брами до брами —
Може вийде дівчинонька
З чорними бровами.

Ой не вийшла дівчинонька,
Але її мати:
Припрошає, пригощає
Козаків до хати.

Один козак з коня злазить,
Другий коня в''яже,
Третій козак йде до хати:
"Добрий вечір!" — каже.

- Добрий вечір, стара мати,
Дай води напиться.
Є у тебе гарна доня —
Дай хоч подивиться.

- В сінях кварта, в сінях кварта,
А в саду криниця,
Моя доня на гулянню —
Поїдь подивися.

Їде козак, їде козак,
Дівчина гуляє —
У козака на конику
Серце ся стискає.

Ударь, коню, копитами
Від брами до брами —
Може вийде дівчинонька
З чорними бровами.','[''pisni.org.ua'', ''cat:kozacki'', ''Козацькі пісні'']',1,'published',COALESCE((SELECT created_at FROM songs WHERE id='pisniua_4158389'), datetime('now')),datetime('now'));
INSERT OR REPLACE INTO songs_fts(song_id,title,lyrics) VALUES ('pisniua_4158389','Гей при лужку, при лужку','Гей при лужку, при лужку,
При широкім полі,
При великім табуні
Кінь гуляв по волі.

Кінь гуляв по волі,
Козак у неволі:
Як піймаю — загнуздаю
Шовковою уздою.

Як піймаю — загнуздаю
Шовковою уздою,
Вдарю коня острогами —
Кінь летить стрілою.

Ти лети, лети, мій коню,
Стрілою несися,
Біля милої подвір''я
Стойма становися.

Ударь, коню, копитами
Від брами до брами —
Може вийде дівчинонька
З чорними бровами.

Ой не вийшла дівчинонька,
Але її мати:
Припрошає, пригощає
Козаків до хати.

Один козак з коня злазить,
Другий коня в''яже,
Третій козак йде до хати:
"Добрий вечір!" — каже.

- Добрий вечір, стара мати,
Дай води напиться.
Є у тебе гарна доня —
Дай хоч подивиться.

- В сінях кварта, в сінях кварта,
А в саду криниця,
Моя доня на гулянню —
Поїдь подивися.

Їде козак, їде козак,
Дівчина гуляє —
У козака на конику
Серце ся стискає.

Ударь, коню, копитами
Від брами до брами —
Може вийде дівчинонька
З чорними бровами.');
DELETE FROM song_links WHERE song_id = 'pisniua_415889';
DELETE FROM song_versions WHERE song_id = 'pisniua_415889';
DELETE FROM songs_fts WHERE song_id = 'pisniua_415889';
DELETE FROM songs WHERE id = 'pisniua_415889';
INSERT OR REPLACE INTO songs (id,title,subtitle,lang,country,period,year,source,notes,lyrics,tags_json,lang_locked,status,created_at,updated_at) VALUES ('pisniua_415889','Взяло дівча ведро','Українська народна пісня','uk','ukraine_before_1917',NULL,NULL,'Аудіо - "Love It, or Lviv It!"','* Тут можливі інші варіанти тексту. Записано на слух з аудіо. Завантаження mp3: http://medalmusic.com.ua/ukrmusic/mp3.php?id2=19970','Взяло дівча ведро
Та й пішло по воду,
А там хлопці-риболовці,     | (2)
Самі з козацького роду.     |

"Хлопці-риболовці
З козацького роду,
Візьміть мене на той човен, | (2)
Перевезіть через воду."     |

"Ми би тебе взяли,
Щоб вода не змила, *
Щоби твоя стара мати        | (2)
За тобою не тужила."        |

"Моя стара мати
Не буде тужити,
Вона сама добре знає,       | (2)
Що я не маю з ким жити."    |    Фонограма-мінус (mp3, 128 kbps). весільний варіант','[''pisni.org.ua'', ''cat:dances'', ''cat:waltzes'', ''Пісні до танцю'', ''Вальси'']',1,'published',COALESCE((SELECT created_at FROM songs WHERE id='pisniua_415889'), datetime('now')),datetime('now'));
INSERT OR REPLACE INTO songs_fts(song_id,title,lyrics) VALUES ('pisniua_415889','Взяло дівча ведро','Взяло дівча ведро
Та й пішло по воду,
А там хлопці-риболовці,     | (2)
Самі з козацького роду.     |

"Хлопці-риболовці
З козацького роду,
Візьміть мене на той човен, | (2)
Перевезіть через воду."     |

"Ми би тебе взяли,
Щоб вода не змила, *
Щоби твоя стара мати        | (2)
За тобою не тужила."        |

"Моя стара мати
Не буде тужити,
Вона сама добре знає,       | (2)
Що я не маю з ким жити."    |    Фонограма-мінус (mp3, 128 kbps). весільний варіант');
INSERT OR REPLACE INTO song_links (id,song_id,title,url,kind,version_id,sort_order) VALUES ('pisniua_415889_l1','pisniua_415889','YouTube','https://www.youtube.com/watch?v=TmKsATYBlxA','video',NULL,1);
INSERT OR REPLACE INTO song_links (id,song_id,title,url,kind,version_id,sort_order) VALUES ('pisniua_415889_l2','pisniua_415889','YouTube','https://www.youtube.com/watch?v=Emc8W7LVWmU','video',NULL,2);
INSERT OR REPLACE INTO song_links (id,song_id,title,url,kind,version_id,sort_order) VALUES ('pisniua_415889_l3','pisniua_415889','Переглянути варіанти >>','https://www.pisni.org.ua/#variants','external',NULL,3);
DELETE FROM song_links WHERE song_id = 'pisniua_4154634';
DELETE FROM song_versions WHERE song_id = 'pisniua_4154634';
DELETE FROM songs_fts WHERE song_id = 'pisniua_4154634';
DELETE FROM songs WHERE id = 'pisniua_4154634';
INSERT OR REPLACE INTO songs (id,title,subtitle,lang,country,period,year,source,notes,lyrics,tags_json,lang_locked,status,created_at,updated_at) VALUES ('pisniua_4154634','Ой вийтеся, огірочки, заким будуть пупляночки','Українська народна пісня','uk','ukraine_before_1917',NULL,NULL,NULL,NULL,'1.  Ой вийтеся, огірочки,
Заким будуть пупляночки,
Йа, вже ся в''ють, йа, вже ся в''ют.

2.  А ви, сиві фіялочки, розцвітайтеся, розцвітайтеся,
Молодії дівчаточка, віддавайтеся, віддавайтеся.

3.  Огірочки-пупляночки тут ся ув''ют, тут ся ув''ют,
А хлопчики-молодчики мід-вино п''ют, мід-вино п''ют.

4.  Огірочки-пупляночки повилиси, повилиси,
А хлопчики-молодчики попилиси, попилиси.

5.  Огірочки-пупляночки - пуплянків нема, пуплянків нема,
Дівчата б ся віддавали - молодців нема, молодців нема','[''pisni.org.ua'', ''cat:vesnyanky-hayivky'', ''Веснянки та гаївки'']',1,'published',COALESCE((SELECT created_at FROM songs WHERE id='pisniua_4154634'), datetime('now')),datetime('now'));
INSERT OR REPLACE INTO songs_fts(song_id,title,lyrics) VALUES ('pisniua_4154634','Ой вийтеся, огірочки, заким будуть пупляночки','1.  Ой вийтеся, огірочки,
Заким будуть пупляночки,
Йа, вже ся в''ють, йа, вже ся в''ют.

2.  А ви, сиві фіялочки, розцвітайтеся, розцвітайтеся,
Молодії дівчаточка, віддавайтеся, віддавайтеся.

3.  Огірочки-пупляночки тут ся ув''ют, тут ся ув''ют,
А хлопчики-молодчики мід-вино п''ют, мід-вино п''ют.

4.  Огірочки-пупляночки повилиси, повилиси,
А хлопчики-молодчики попилиси, попилиси.

5.  Огірочки-пупляночки - пуплянків нема, пуплянків нема,
Дівчата б ся віддавали - молодців нема, молодців нема');
DELETE FROM song_links WHERE song_id = 'pisniua_4154735';
DELETE FROM song_versions WHERE song_id = 'pisniua_4154735';
DELETE FROM songs_fts WHERE song_id = 'pisniua_4154735';
DELETE FROM songs WHERE id = 'pisniua_4154735';
INSERT OR REPLACE INTO songs (id,title,subtitle,lang,country,period,year,source,notes,lyrics,tags_json,lang_locked,status,created_at,updated_at) VALUES ('pisniua_4154735','Ой у лісі на горісі','Українська народна пісня','uk','ukraine_before_1917',NULL,NULL,NULL,NULL,'1. Ой у лісі на горісі
Зазулька кує, зазулька кує.

2. Сидить шевчик на стільчику,
Черевички б''є, черевички б''є.

3. Ой б''є, б''є, б''є, вибиває,
Обцасики накладає.
А кому ж буде -    |
Милинька вбере.    |     2

4. Ой у лісі на горісі,
Зозулька кує, зозулька кує.

5. Сидить дівча на лавочці,
Сорочку шиє, сорочку шиє.

6. Шиє, шиє, вишиває,
Лілітками набиває.
А кому ж буде -       |
Миленький вбере.      |  2    18_2007seniszcz_seans7_Ой у лісі на горісі зазуслька кує','[''pisni.org.ua'', ''cat:vesnyanky-hayivky'', ''Веснянки та гаївки'']',1,'published',COALESCE((SELECT created_at FROM songs WHERE id='pisniua_4154735'), datetime('now')),datetime('now'));
INSERT OR REPLACE INTO songs_fts(song_id,title,lyrics) VALUES ('pisniua_4154735','Ой у лісі на горісі','1. Ой у лісі на горісі
Зазулька кує, зазулька кує.

2. Сидить шевчик на стільчику,
Черевички б''є, черевички б''є.

3. Ой б''є, б''є, б''є, вибиває,
Обцасики накладає.
А кому ж буде -    |
Милинька вбере.    |     2

4. Ой у лісі на горісі,
Зозулька кує, зозулька кує.

5. Сидить дівча на лавочці,
Сорочку шиє, сорочку шиє.

6. Шиє, шиє, вишиває,
Лілітками набиває.
А кому ж буде -       |
Миленький вбере.      |  2    18_2007seniszcz_seans7_Ой у лісі на горісі зазуслька кує');
DELETE FROM song_links WHERE song_id = 'pisniua_4158931';
DELETE FROM song_versions WHERE song_id = 'pisniua_4158931';
DELETE FROM songs_fts WHERE song_id = 'pisniua_4158931';
DELETE FROM songs WHERE id = 'pisniua_4158931';
INSERT OR REPLACE INTO songs (id,title,subtitle,lang,country,period,year,source,notes,lyrics,tags_json,lang_locked,status,created_at,updated_at) VALUES ('pisniua_4158931','Нащо мені чорні брови *','Музика: народна Слова: Тарас Шевченко. Виконує: Фольклорний ансамбль села Межирич','uk','ukraine_before_1917',NULL,NULL,'Фольклорний архів ансамблю "Божичі". Запис в с.Межирич (Маврино) Павлоградського р-ну Дніпропетровської обл. 16.03.1993 Касета 2',NULL,'Нащо мені чорні брови,
Нащо карі очі,
Нащо літа молодії,          |
Веселі, дівочі?             |(2)

Літа ж мої молодії
Марно пропадають,
Очі плачуть, чорні брови    |
Од вітру линяють.           |(2)

Плачте, очі, плачте, карі,
Поки не заснули,
Голосніше, жалібніше,       |
Щоб вітри почули.           |(2)

Щоб почули буйнесенькі,
Понесли за море
Чорнявому, зрадливому       |
На лютоє горе.              |(2)','[''pisni.org.ua'', ''cat:arkhiv-bozhychi'', ''Фольклорний архів анс. "Божичі"'']',1,'published',COALESCE((SELECT created_at FROM songs WHERE id='pisniua_4158931'), datetime('now')),datetime('now'));
INSERT OR REPLACE INTO songs_fts(song_id,title,lyrics) VALUES ('pisniua_4158931','Нащо мені чорні брови *','Нащо мені чорні брови,
Нащо карі очі,
Нащо літа молодії,          |
Веселі, дівочі?             |(2)

Літа ж мої молодії
Марно пропадають,
Очі плачуть, чорні брови    |
Од вітру линяють.           |(2)

Плачте, очі, плачте, карі,
Поки не заснули,
Голосніше, жалібніше,       |
Щоб вітри почули.           |(2)

Щоб почули буйнесенькі,
Понесли за море
Чорнявому, зрадливому       |
На лютоє горе.              |(2)');
INSERT OR REPLACE INTO song_links (id,song_id,title,url,kind,version_id,sort_order) VALUES ('pisniua_4158931_l1','pisniua_4158931','Переглянути варіанти >>','https://www.pisni.org.ua/#variants','external',NULL,1);
DELETE FROM song_links WHERE song_id = 'pisniua_4160137';
DELETE FROM song_versions WHERE song_id = 'pisniua_4160137';
DELETE FROM songs_fts WHERE song_id = 'pisniua_4160137';
DELETE FROM songs WHERE id = 'pisniua_4160137';
INSERT OR REPLACE INTO songs (id,title,subtitle,lang,country,period,year,source,notes,lyrics,tags_json,lang_locked,status,created_at,updated_at) VALUES ('pisniua_4160137','Марш Тарасівців','Музика: Олесь Аргат Слова: Олесь Аргат','uk','ukraine_1991',NULL,NULL,NULL,NULL,'Em
Не мій кумир лякливий кріт
Я хочу жити хочу здобувати світ.
На цій землі я залишити хочу слід
Я втілить мушу заповіт.

Не йти до зайди на поклон
І не чекать свого народу похорон
І говорить лише мечем, списом зі злом
Іти шукать Новий Вогонь.

Не скраю я зведу свій дім
Аби в запічку було затишно унім
Серед руїн і богом проклятих осель
Свою зведу я цитадель.

На вітер слів я не пущу
Бо спрагла діл, земля як в засуху дощу
І моя мрія духу не полон
А лиш наказ, лише закон.

Самому знаю не дійти
Хтось має право довести нас до Мети
І я до послуху своїй старшині звик
Для когось я так само Провідник.

На смоїдство тратить час
Нам не велів Бог нам не велів Тарас
Лише зусиллям волі, дорогой ціной
Захочу й буду я Герой !!!','[''pisni.org.ua'', ''cat:himny-marshi'', ''Гимни та марші'']',1,'published',COALESCE((SELECT created_at FROM songs WHERE id='pisniua_4160137'), datetime('now')),datetime('now'));
INSERT OR REPLACE INTO songs_fts(song_id,title,lyrics) VALUES ('pisniua_4160137','Марш Тарасівців','Em
Не мій кумир лякливий кріт
Я хочу жити хочу здобувати світ.
На цій землі я залишити хочу слід
Я втілить мушу заповіт.

Не йти до зайди на поклон
І не чекать свого народу похорон
І говорить лише мечем, списом зі злом
Іти шукать Новий Вогонь.

Не скраю я зведу свій дім
Аби в запічку було затишно унім
Серед руїн і богом проклятих осель
Свою зведу я цитадель.

На вітер слів я не пущу
Бо спрагла діл, земля як в засуху дощу
І моя мрія духу не полон
А лиш наказ, лише закон.

Самому знаю не дійти
Хтось має право довести нас до Мети
І я до послуху своїй старшині звик
Для когось я так само Провідник.

На смоїдство тратить час
Нам не велів Бог нам не велів Тарас
Лише зусиллям волі, дорогой ціной
Захочу й буду я Герой !!!');
INSERT OR REPLACE INTO song_links (id,song_id,title,url,kind,version_id,sort_order) VALUES ('pisniua_4160137_l1','pisniua_4160137','YouTube','https://www.youtube.com/watch?v=gq9mSos1QS0','video',NULL,1);
DELETE FROM song_links WHERE song_id = 'pisniua_4159838';
DELETE FROM song_versions WHERE song_id = 'pisniua_4159838';
DELETE FROM songs_fts WHERE song_id = 'pisniua_4159838';
DELETE FROM songs WHERE id = 'pisniua_4159838';
INSERT OR REPLACE INTO songs (id,title,subtitle,lang,country,period,year,source,notes,lyrics,tags_json,lang_locked,status,created_at,updated_at) VALUES ('pisniua_4159838','Вийшла заміж молодою','Українська народна пісня. Виконує: Фольклорний ансамбль села Межирич','uk','ukraine_before_1917',NULL,NULL,'Фольклорний архів ансамблю "Божичі". Запис в с.Межирич (Маврино) Павлоградського р-ну Дніпропетровської обл. 22.04.1992 Касета 5',NULL,'Вийшла заміж молодою,
Ку-ку,
Та й зустрілася з бідою,
А зозуля все кує.

Я ж не вмію все робити,
Ку-ку,
Як ж йому догодити,
А зозуля все кує.

Мажу хату - щітки знати,
Ку-ку,
Не навчила мене мати,
А зозуля все кує.

Зварю борщ, а він рідкий,
Ку-ку,
Спечу хліб, а він гливкий,
А зозуля все кує.

Раз я йому догодила,
Ку-ку,
Вмісто кави борщ зварила,
А зозуля все кує.

За той борщ, за ту каву,
Ку-ку,
Загнав мене аж під лаву,
А зозуля все кує.

За що б''єш, за що лаєш?
Ку-ку,
Яку взяв таку і маєш,
А зозуля все кує','[''pisni.org.ua'', ''cat:arkhiv-bozhychi'', ''Фольклорний архів анс. "Божичі"'']',1,'published',COALESCE((SELECT created_at FROM songs WHERE id='pisniua_4159838'), datetime('now')),datetime('now'));
INSERT OR REPLACE INTO songs_fts(song_id,title,lyrics) VALUES ('pisniua_4159838','Вийшла заміж молодою','Вийшла заміж молодою,
Ку-ку,
Та й зустрілася з бідою,
А зозуля все кує.

Я ж не вмію все робити,
Ку-ку,
Як ж йому догодити,
А зозуля все кує.

Мажу хату - щітки знати,
Ку-ку,
Не навчила мене мати,
А зозуля все кує.

Зварю борщ, а він рідкий,
Ку-ку,
Спечу хліб, а він гливкий,
А зозуля все кує.

Раз я йому догодила,
Ку-ку,
Вмісто кави борщ зварила,
А зозуля все кує.

За той борщ, за ту каву,
Ку-ку,
Загнав мене аж під лаву,
А зозуля все кує.

За що б''єш, за що лаєш?
Ку-ку,
Яку взяв таку і маєш,
А зозуля все кує');
DELETE FROM song_links WHERE song_id = 'pisniua_415939';
DELETE FROM song_versions WHERE song_id = 'pisniua_415939';
DELETE FROM songs_fts WHERE song_id = 'pisniua_415939';
DELETE FROM songs WHERE id = 'pisniua_415939';
INSERT OR REPLACE INTO songs (id,title,subtitle,lang,country,period,year,source,notes,lyrics,tags_json,lang_locked,status,created_at,updated_at) VALUES ('pisniua_415939','Ой грало Море в Неділю рано','Українська народна пісня','uk','ukraine_before_1917',NULL,NULL,'Староукраїнські релігійні роздуми про Бога © Видавництво "Павутинонька", Нью Йорк – Львів – Київ – Харків – Москва, 2004','РОЗСПІВ: Ой- гра-ло- Мо-ре- в Не-ді-лю- ра-но- Дай- Бо-же- Ой- гра-ло- Мо-ре- в Не-ді-лю- ра-а-но- Дай- Бо-о-же- Колядка стародавня: Українське Різдво Світа. Тогди не було Неба ні Землі. Ой но на Морі Павутиноньки. Радуйся Земле Коляда їде! Храм Українських і загальнолюдських мрій. Хоч зараз велика частина Українського народу, особливо нове покоління, що виросло на повоєнних руїнах, не здає собі справи з провідних думок цих Свят, але інтуіційно відчуває повагу і святість давніх традицій, і все-таки увесь нарід держиться досі старовіцьких святочних звичаїв і поведінок. Цю інтуіційну свідомість чогось величного й святого, переказаного предками і зв''язаного з старовіцькими обрядами, піддержують злучені з святочним часом пісні, — ось як: Колядки, Щедрівки, Гаївки і т. д., — і у них-то найбільше міститься народних традицій, як реліґійних, так господарських і суспільних, поданих у мітичній формі... Віра в Бога і почуття близькости Бога. З господарських свят первісних народів виходить, що їх мотивом є також бажання народу усвідомлення собі того Найвищого Єства в природі, що дає їм спроможність життя, даючи їм земні плоди й худобу. І в слід за тим стає мотивом Свята реліґія вдяки для Найвищого Єства.... Святочні обряди, пісні та пляси народів природи зроджують у них ідею Бога. Вони є тими середниками, що викликують у народу почуття близькости Бога, яка є неодолимим бажанням народу і його потребою. Святий Вечер є Святом природи й її Творця, зродженим на старовіцьких Українських традиціях про Почин Світа. Традиції ці мусять бути дуже давні, бо як реліґійні, так і господарські явища, які в них виступають, годяться в самі первісні, пракультурні часи. Переважаючою між реліґійними явищами Святої Вечері є віра в Бога. Під ідеєю Бога, котрого, як в часі обрядів, так і в Колядках, називають майже виключно Господом, розуміє нарід Найвище духове єство; а коли навіть згадує про Ісуса, Христа, особливо в старовіцьких схристиянізованих Колядках, то має Його за Господа світа і Добродія народу, коли не змішує його з мітольоґічною постаттю Прадіда. Взагалі думає нарід на Різдво про справи реліґійні катеґоріями старинними і показує свої реліґійні почування по старому. Це видно по Святовечірніх обрядах і так висловлюються усі старовіцькі Колядки і Щедрівки. Доказом того є цілий перебіг Святої Вечері. Є це високореліґійна пракультурна дія, якою показує нарід свою віру в Бога як Найвище Єство, себе вважає залежним від нього і жертвує йому первенці плодів земних, щоби його ухвалити і ублагати. Отсі жертви, особливо їх предмет, спосіб пожертвовання та їх служивці характеризують без всякого сумніву культурний степень реліґії, яка на Святий Вечер показується. Це є типові образці пракультурні, на причуд вірно збережені народною традицією. Це не лиш історична пам''ятка, але це глибоко прочута народом душевна спадщина, що увійшла атавістично в його життя і мусить мати явний і суспільний вислів; і має його оце в родиннім вогнищі. Служивцями культово-реліґійних актів Святої Вечері є майже рівнорядно Господар і Господиня; а щонайменше, є Господиня при тих діях духовною помічницею з службовим характером. Бере в них ділову участь часом і дехто з рідні і це дає доказ, що до участі в шануванні є покликана уся рідня. (За працею: о. Ксенофонт Сосенко. "Культурно-історична постать Староукраїнськиx свят Різдва і Щедрого Вечора". Львів, 1928. - СІНТО, Київ 1994. 343с.) У піснях зложив нарід свою сповідь, відкрив свою душу, виявив свободолюбні змаганя та зобразив вірно свою вдачу. Через народні піснї вчимо ся пізнавати людську душу, учимо ся розуміти і любити людей та цінити в кожній людині те, що в нїй є людського. Народні піснї — се неначе національна біблїя українсько-руського народу, се книга мудрости, у якій зложив нарід плоди свого довговікового досвіду. Християньске духовенство в інтересї церкви старало ся викоріняти серед народу давну віру, заказуючи і виклинаючи стародавні обрядові піснї, як "бісовскія пінія" або приноровлюючи сї піснї до християньских сьвятих і празників. (Ст. Дубравський: Біблія Українського народу) Листки з приводу цієї Пісні: Українське Свято Воведення 4.12 - Передріздвяний Святочний час. Первовічна Павутинка: Ой як то було з Початку Світа Стежки до листків про Українські традиції.','Ой грало Море в Неділю рано
Приспів: Дай, Боже!

А серед Моря стоїть Сосниця
На тій Сосноньці Три Голубоньки
Три Голубоньки радоньку радять
Радоньку радять як Світ сновати
Що Перший голуб в Море й упірнав
Виніс він з Моря Золотий камінь
Що Другий голуб в Море й упірнав
Виніс він з Моря Срібляний камінь
Що Третій голуб в Море й упірнав
Виніс він з Моря Мідяний камінь
Що з Золотого Сонце постане
А з Срібляного Ясен Місячик
А з Мідяного Дрібні Зірочки','[''pisni.org.ua'', ''cat:kolyadky'', ''cat:krasa-pryrody'', ''cat:shchedrivky'', ''Колядки'', ''Пісні про красу природи'', ''Щедрівки'']',1,'published',COALESCE((SELECT created_at FROM songs WHERE id='pisniua_415939'), datetime('now')),datetime('now'));
INSERT OR REPLACE INTO songs_fts(song_id,title,lyrics) VALUES ('pisniua_415939','Ой грало Море в Неділю рано','Ой грало Море в Неділю рано
Приспів: Дай, Боже!

А серед Моря стоїть Сосниця
На тій Сосноньці Три Голубоньки
Три Голубоньки радоньку радять
Радоньку радять як Світ сновати
Що Перший голуб в Море й упірнав
Виніс він з Моря Золотий камінь
Що Другий голуб в Море й упірнав
Виніс він з Моря Срібляний камінь
Що Третій голуб в Море й упірнав
Виніс він з Моря Мідяний камінь
Що з Золотого Сонце постане
А з Срібляного Ясен Місячик
А з Мідяного Дрібні Зірочки');
INSERT OR REPLACE INTO song_links (id,song_id,title,url,kind,version_id,sort_order) VALUES ('pisniua_415939_l1','pisniua_415939','YouTube','https://www.youtube.com/watch?v=jTH7U5yqKPM','video',NULL,1);
DELETE FROM song_links WHERE song_id = 'pisniua_416032';
DELETE FROM song_versions WHERE song_id = 'pisniua_416032';
DELETE FROM songs_fts WHERE song_id = 'pisniua_416032';
DELETE FROM songs WHERE id = 'pisniua_416032';
INSERT OR REPLACE INTO songs (id,title,subtitle,lang,country,period,year,source,notes,lyrics,tags_json,lang_locked,status,created_at,updated_at) VALUES ('pisniua_416032','Човен хитається серед Води','Музика: Роман Купчинський Слова: Роман Купчинський. Виконує: Дмитро Гнатюк','uk','ukrainian_peoples_republic_1917_1921',NULL,'1917','1. Пісні Українських Січових Стрільців. Львів, Вільна Україна, 1990. 2. У мандри. Збірник українських пісень для пластової молоді. - Мельбурн - Аделаїда, 1981. 3. Ой у лузі червона калина. Пісні українських січових стрільців. - Львів: Світ, 1990. 4. Стрілецька Голгофа. - Львів: Каменяр, 1992.','*Первісний варіянт назви та першого рядка заспіву "Човник хитається серед води". Пісня зложена весною 1917 р. над розлитою Ценівкою в Куропатниках коло Бережан, під впливом місячної ночі та тужливих зітхань хор. УСС Василя Соловчука. Акорди підібрано на слух за джерелами 2 і 3, спрощено. Еротика, жарти, забави: Катерини – Калета – Андрія... Гаїлки-Великдень... Зелені Свята... Івана Купала... Весілля... – Щедровечірнє й Новорічне: Маланки-Василь. Коза. Кіт... – Мед і Ябка... Правой ручкою обняла ще й поцілувала. Чом в Тебе Дівчино уста солоденькі — Щоб їх цілував Мій Милесенький. Ой не годен пан Каньовський мене цілувати. Підбір акордів: bohdanko (pisni.org.ua)','Човен хитається серед води,*
Плеще об хвилю весло.
В місячнім сяйві біліють сади,
Здалека видно село.

Люба дівчино прийди, прийди,   |
Забудем деннеє зло.            | (2)

Човен по воді
Вихитується,
Козак дівчини
Випитується:

- Чом в тебе, дівчино,
Уста солоденькі?
- Щоб їх цілував
Мій милесенький.

Човен хитається серед води,
Тільки одні комиші.
З вітром жартуючи на всі лади,
Ворушать тишу ночі.

Люба дівчино прийди, прийди,   |
Дати розраду душі.             | (2)

Човен по воді
Вихитується,
Козак дівчини
Випитується:

- Чом в тебе, дівчино,
Очка чорнесенькі?
- Від темної нічки,
Мій милесенький.

Акорди:

F
Човен хитається серед води,
Плеще об хвилю весло.
F
В місячнім сяйві біліють сади,
Здалека видно село.
Люба дівчино прийди, прийди,   |
Забудем деннеє зло.            | (2)
Човен по воді вихитується,
Козак дівчини випитується:
- Чом в тебе, дівчино,
Уста солоденькі?
- Щоб їх цілував
F
Мій милесенький.','[''pisni.org.ua'', ''cat:dances'', ''cat:krasa-pryrody'', ''cat:strilecki'', ''cat:waltzes'', ''Пісні до танцю'', ''Пісні про красу природи'', ''Стрілецькі пісні'', ''Вальси'']',1,'published',COALESCE((SELECT created_at FROM songs WHERE id='pisniua_416032'), datetime('now')),datetime('now'));
INSERT OR REPLACE INTO songs_fts(song_id,title,lyrics) VALUES ('pisniua_416032','Човен хитається серед Води','Човен хитається серед води,*
Плеще об хвилю весло.
В місячнім сяйві біліють сади,
Здалека видно село.

Люба дівчино прийди, прийди,   |
Забудем деннеє зло.            | (2)

Човен по воді
Вихитується,
Козак дівчини
Випитується:

- Чом в тебе, дівчино,
Уста солоденькі?
- Щоб їх цілував
Мій милесенький.

Човен хитається серед води,
Тільки одні комиші.
З вітром жартуючи на всі лади,
Ворушать тишу ночі.

Люба дівчино прийди, прийди,   |
Дати розраду душі.             | (2)

Човен по воді
Вихитується,
Козак дівчини
Випитується:

- Чом в тебе, дівчино,
Очка чорнесенькі?
- Від темної нічки,
Мій милесенький.

Акорди:

F
Човен хитається серед води,
Плеще об хвилю весло.
F
В місячнім сяйві біліють сади,
Здалека видно село.
Люба дівчино прийди, прийди,   |
Забудем деннеє зло.            | (2)
Човен по воді вихитується,
Козак дівчини випитується:
- Чом в тебе, дівчино,
Уста солоденькі?
- Щоб їх цілував
F
Мій милесенький.');
INSERT OR REPLACE INTO song_links (id,song_id,title,url,kind,version_id,sort_order) VALUES ('pisniua_416032_l1','pisniua_416032','YouTube','https://www.youtube.com/watch?v=avR9GadB4lA','video',NULL,1);
INSERT OR REPLACE INTO song_links (id,song_id,title,url,kind,version_id,sort_order) VALUES ('pisniua_416032_l2','pisniua_416032','YouTube','https://www.youtube.com/watch?v=UfzR8zo27-4','video',NULL,2);
INSERT OR REPLACE INTO song_links (id,song_id,title,url,kind,version_id,sort_order) VALUES ('pisniua_416032_l3','pisniua_416032','YouTube','https://www.youtube.com/watch?v=ygRkHXtkkf4','video',NULL,3);
INSERT OR REPLACE INTO song_links (id,song_id,title,url,kind,version_id,sort_order) VALUES ('pisniua_416032_l4','pisniua_416032','YouTube','https://www.youtube.com/watch?v=rv0G7FaypcM','video',NULL,4);
DELETE FROM song_links WHERE song_id = 'pisniua_4162838';
DELETE FROM song_versions WHERE song_id = 'pisniua_4162838';
DELETE FROM songs_fts WHERE song_id = 'pisniua_4162838';
DELETE FROM songs WHERE id = 'pisniua_4162838';
INSERT OR REPLACE INTO songs (id,title,subtitle,lang,country,period,year,source,notes,lyrics,tags_json,lang_locked,status,created_at,updated_at) VALUES ('pisniua_4162838','Орли залізних легіонів','Українська народна пісня','uk','ukraine_before_1917',NULL,NULL,NULL,'Переклад пісні "Орел шестого легиона" виконаний Юрком Заруцьким','Хай я упав під Ахероном,
Й кістки мої віддали псам
Та птах з хоругви легіону,
Орел з хоругви легіону
І далі рветься в небеса.

Він рветься в бій, як меч двосічний,
Ідуть маніпули за ним
Солдатський шлях недовговічний,
Солдатський шлях земний не вічний,
Та вічний Рим, та вічний Рим!

Під палестинським небом пізнім,
Біля сірійських берегів,
Маніпул римських тупіт грізний
Маніпул римських тупіт грізний
Завмерти змусить ворогів

ВАРІАНТ:
Під палестинським спраглим небом,
Біля сірійських берегів,
Ми попередженням "Quos ego!
Лиш попередженням "Quos ego!
Завмерти змусим ворогів

Піт, кров, мозолі - все нам в радість!
На рани плюнь! Є лік - вино!
Віддав наказ Тиберій Август,
Нам дав наказ Тиберій Август!
Помри та виконай його!

Горів в пісках Єрусалиму,
Біля Єфрату втратив сон.
В честь імператора та Риму,
В честь імператора та Риму
Крокує шостий легіон

Від Африки до Альбіону,
Вже тінь накрила й Херсонес -
Орел з хоругви легіону,
Орел з хоругви легіону
Летить під куполом небес

Неспокій знову на кордонах,
Над Римом блискавок гроза.
Орли могутніх легіонів,
Орли залізних легіонів
Злітають гордо в небеса.','[''pisni.org.ua'', ''cat:istorychni'', ''Історичні пісні'']',1,'published',COALESCE((SELECT created_at FROM songs WHERE id='pisniua_4162838'), datetime('now')),datetime('now'));
INSERT OR REPLACE INTO songs_fts(song_id,title,lyrics) VALUES ('pisniua_4162838','Орли залізних легіонів','Хай я упав під Ахероном,
Й кістки мої віддали псам
Та птах з хоругви легіону,
Орел з хоругви легіону
І далі рветься в небеса.

Він рветься в бій, як меч двосічний,
Ідуть маніпули за ним
Солдатський шлях недовговічний,
Солдатський шлях земний не вічний,
Та вічний Рим, та вічний Рим!

Під палестинським небом пізнім,
Біля сірійських берегів,
Маніпул римських тупіт грізний
Маніпул римських тупіт грізний
Завмерти змусить ворогів

ВАРІАНТ:
Під палестинським спраглим небом,
Біля сірійських берегів,
Ми попередженням "Quos ego!
Лиш попередженням "Quos ego!
Завмерти змусим ворогів

Піт, кров, мозолі - все нам в радість!
На рани плюнь! Є лік - вино!
Віддав наказ Тиберій Август,
Нам дав наказ Тиберій Август!
Помри та виконай його!

Горів в пісках Єрусалиму,
Біля Єфрату втратив сон.
В честь імператора та Риму,
В честь імператора та Риму
Крокує шостий легіон

Від Африки до Альбіону,
Вже тінь накрила й Херсонес -
Орел з хоругви легіону,
Орел з хоругви легіону
Летить під куполом небес

Неспокій знову на кордонах,
Над Римом блискавок гроза.
Орли могутніх легіонів,
Орли залізних легіонів
Злітають гордо в небеса.');
DELETE FROM song_links WHERE song_id = 'pisniua_4159939';
DELETE FROM song_versions WHERE song_id = 'pisniua_4159939';
DELETE FROM songs_fts WHERE song_id = 'pisniua_4159939';
DELETE FROM songs WHERE id = 'pisniua_4159939';
INSERT OR REPLACE INTO songs (id,title,subtitle,lang,country,period,year,source,notes,lyrics,tags_json,lang_locked,status,created_at,updated_at) VALUES ('pisniua_4159939','Цвіте чершнями життя','Музика: Євген Шантир Слова: Євген Шантир. Виконує: Євген Шантир','uk','ukraine_1991',NULL,NULL,NULL,'Альбом: Збірка пісень "КОРАБЛИК"','Сьогодні з нами вже весна,
Неначе дівчина вродлива,
Така ж приваблива вона,
До того ж зовсім не спесива!
Цвіте черешнями життя,
Хвилює квітами бажання,
І невгамовні почуття
В душі народжують кохання!

Гуляють пари навесні
І солов''ї в гаях співають,
Нам поцілунки чарівні
Щасливу долю обіцяють!
Цвіте черешнями життя,
Хвилює квітами бажання,
І невгамовні почуття
В душі народжують кохання!

В садах кружляють пелюстки
І нас вітають зі святами,
Прийшла весна і залюбки
Танцює вальси білі з нами!
Цвіте черешнями життя,
Хвилює квітами бажання,
І невгамовні почуття
В душі народжують кохання!','[''pisni.org.ua'', ''cat:romansy'', ''Романси'']',1,'published',COALESCE((SELECT created_at FROM songs WHERE id='pisniua_4159939'), datetime('now')),datetime('now'));
INSERT OR REPLACE INTO songs_fts(song_id,title,lyrics) VALUES ('pisniua_4159939','Цвіте чершнями життя','Сьогодні з нами вже весна,
Неначе дівчина вродлива,
Така ж приваблива вона,
До того ж зовсім не спесива!
Цвіте черешнями життя,
Хвилює квітами бажання,
І невгамовні почуття
В душі народжують кохання!

Гуляють пари навесні
І солов''ї в гаях співають,
Нам поцілунки чарівні
Щасливу долю обіцяють!
Цвіте черешнями життя,
Хвилює квітами бажання,
І невгамовні почуття
В душі народжують кохання!

В садах кружляють пелюстки
І нас вітають зі святами,
Прийшла весна і залюбки
Танцює вальси білі з нами!
Цвіте черешнями життя,
Хвилює квітами бажання,
І невгамовні почуття
В душі народжують кохання!');
DELETE FROM song_links WHERE song_id = 'pisniua_41634';
DELETE FROM song_versions WHERE song_id = 'pisniua_41634';
DELETE FROM songs_fts WHERE song_id = 'pisniua_41634';
DELETE FROM songs WHERE id = 'pisniua_41634';
INSERT OR REPLACE INTO songs (id,title,subtitle,lang,country,period,year,source,notes,lyrics,tags_json,lang_locked,status,created_at,updated_at) VALUES ('pisniua_41634','Веселий день нам настав','Українська народна пісня','uk','ukraine_before_1917',NULL,NULL,'А вже весна скресла. Збірник гаївок. Львів, 2003.',NULL,'Веселий день нам настав,
Ісус Христос з гроба устав.
А ми ся радуємо,
Гаївки си зачнемо.

Гаївка із Кийова,
Писала гетьманова,
Писала, друкувала,
По краю розіслала.
Основна мелодія','[''pisni.org.ua'', ''cat:vesnyanky-hayivky'', ''Веснянки та гаївки'']',1,'published',COALESCE((SELECT created_at FROM songs WHERE id='pisniua_41634'), datetime('now')),datetime('now'));
INSERT OR REPLACE INTO songs_fts(song_id,title,lyrics) VALUES ('pisniua_41634','Веселий день нам настав','Веселий день нам настав,
Ісус Христос з гроба устав.
А ми ся радуємо,
Гаївки си зачнемо.

Гаївка із Кийова,
Писала гетьманова,
Писала, друкувала,
По краю розіслала.
Основна мелодія');
DELETE FROM song_links WHERE song_id = 'pisniua_4159736';
DELETE FROM song_versions WHERE song_id = 'pisniua_4159736';
DELETE FROM songs_fts WHERE song_id = 'pisniua_4159736';
DELETE FROM songs WHERE id = 'pisniua_4159736';
INSERT OR REPLACE INTO songs (id,title,subtitle,lang,country,period,year,source,notes,lyrics,tags_json,lang_locked,status,created_at,updated_at) VALUES ('pisniua_4159736','Василиха **','Українська народна пісня. Виконує: Фольклорний ансамбль села Межирич','uk','ukraine_before_1917',NULL,NULL,'Фольклорний архів ансамблю "Божичі". Запис в с.Межирич (Маврино) Павлоградського р-ну Дніпропетровської обл. 22.04.1992 Касета 5',NULL,'Василь добрий, Василь добрий,
Василиха лиха,
Вже пожала всю пшеницю,
Йде до дому стиха.

Як вижала пшеницю
Новими серпами,
А приходить до домоньку:
П''є милий з кумами.

Годі тобі, мій миленький,
Із кумами пити,
А поїхали у поле
Пшеницю возити.

Перевіз Василь із поля
Вже усю пшеницю,
Купив Василь Василисі
Зелену спідницю.

Як виходжу на улицю,
Сидять молодиці,
Сюда-туда повернуся
В зеленій спідниці','[''pisni.org.ua'', ''cat:arkhiv-bozhychi'', ''Фольклорний архів анс. "Божичі"'']',1,'published',COALESCE((SELECT created_at FROM songs WHERE id='pisniua_4159736'), datetime('now')),datetime('now'));
INSERT OR REPLACE INTO songs_fts(song_id,title,lyrics) VALUES ('pisniua_4159736','Василиха **','Василь добрий, Василь добрий,
Василиха лиха,
Вже пожала всю пшеницю,
Йде до дому стиха.

Як вижала пшеницю
Новими серпами,
А приходить до домоньку:
П''є милий з кумами.

Годі тобі, мій миленький,
Із кумами пити,
А поїхали у поле
Пшеницю возити.

Перевіз Василь із поля
Вже усю пшеницю,
Купив Василь Василисі
Зелену спідницю.

Як виходжу на улицю,
Сидять молодиці,
Сюда-туда повернуся
В зеленій спідниці');
DELETE FROM song_links WHERE song_id = 'pisniua_4160838';
DELETE FROM song_versions WHERE song_id = 'pisniua_4160838';
DELETE FROM songs_fts WHERE song_id = 'pisniua_4160838';
DELETE FROM songs WHERE id = 'pisniua_4160838';
INSERT OR REPLACE INTO songs (id,title,subtitle,lang,country,period,year,source,notes,lyrics,tags_json,lang_locked,status,created_at,updated_at) VALUES ('pisniua_4160838','На Чорному морі хвиля грала','Українська народна пісня. Виконує: Остап Кіндрачук','uk','ukraine_before_1917',NULL,NULL,'Остап Кіндрачук',NULL,'На Чорному морі хвиля грала,
Там турецький корабличок розбивала. | (2)

Гей, турецький корабель розбивала —
Сорок тисяч козаченьків визволяла.  | (2)

Сорок тисяч козаків з України
Вертаються з неволеньки до родини.  | (2)

Гей, вони посідали на могилі,
Викресали вогнику та й закурили.    | (2)

Гей, на Чорному морі хвиля грала,
Там турецький корабличок розбивала —
Сорок тисяч козаченьків визволяла.','[''pisni.org.ua'', ''cat:kozacki'', ''Козацькі пісні'']',1,'published',COALESCE((SELECT created_at FROM songs WHERE id='pisniua_4160838'), datetime('now')),datetime('now'));
INSERT OR REPLACE INTO songs_fts(song_id,title,lyrics) VALUES ('pisniua_4160838','На Чорному морі хвиля грала','На Чорному морі хвиля грала,
Там турецький корабличок розбивала. | (2)

Гей, турецький корабель розбивала —
Сорок тисяч козаченьків визволяла.  | (2)

Сорок тисяч козаків з України
Вертаються з неволеньки до родини.  | (2)

Гей, вони посідали на могилі,
Викресали вогнику та й закурили.    | (2)

Гей, на Чорному морі хвиля грала,
Там турецький корабличок розбивала —
Сорок тисяч козаченьків визволяла.');
INSERT OR REPLACE INTO song_links (id,song_id,title,url,kind,version_id,sort_order) VALUES ('pisniua_4160838_l1','pisniua_4160838','Переглянути варіанти >>','https://www.pisni.org.ua/#variants','external',NULL,1);
DELETE FROM song_links WHERE song_id = 'pisniua_4159889';
DELETE FROM song_versions WHERE song_id = 'pisniua_4159889';
DELETE FROM songs_fts WHERE song_id = 'pisniua_4159889';
DELETE FROM songs WHERE id = 'pisniua_4159889';
INSERT OR REPLACE INTO songs (id,title,subtitle,lang,country,period,year,source,notes,lyrics,tags_json,lang_locked,status,created_at,updated_at) VALUES ('pisniua_4159889','Приймачище','Українська народна пісня. Виконує: Фольклорний ансамбль села Межирич','uk','ukraine_before_1917',NULL,NULL,'Фольклорний архів ансамблю "Божичі". Запис в с.Межирич (Маврино) Павлоградського р-ну Дніпропетровської обл. 22.04.1992 Касета 5',NULL,'Як зацвіла черемшина
Біля перелазу,
Добре жилось приймакові
По первому разу.

Приспів:
Цвіте, цвіте черемшина,
Ягідок не має,
А хто в приймах не бував,
Той горя не знає.

А ще півні не співали
І ще й не світає,
А вже теща приймака
В поле виряджає.

Приспів.

Вирядила теща зятя
У поле орати
Та й не дала приймакові
Хліба й сала взяти.

Приспів.

Оре приймак, оре приймак,
Назад поглядає,
Чужі жінки обід несуть,
А мої не має.

Приспів.

Їде приймак, їде приймак,
В сопілочку свище,
Ховай, доню, вареники,
Їде приймачище.

Приспів.

Тільки зайшов приймак в хату,
Ще не вспів і сісти,
Теща дає відра:
Неси свиням їсти.

Приспів.

Щоб ті свині поздихали
І хата згоріла,
Ой, як мені приймацькеє
Життя надоїло.

Приспів','[''pisni.org.ua'', ''cat:arkhiv-bozhychi'', ''Фольклорний архів анс. "Божичі"'']',1,'published',COALESCE((SELECT created_at FROM songs WHERE id='pisniua_4159889'), datetime('now')),datetime('now'));
INSERT OR REPLACE INTO songs_fts(song_id,title,lyrics) VALUES ('pisniua_4159889','Приймачище','Як зацвіла черемшина
Біля перелазу,
Добре жилось приймакові
По первому разу.

Приспів:
Цвіте, цвіте черемшина,
Ягідок не має,
А хто в приймах не бував,
Той горя не знає.

А ще півні не співали
І ще й не світає,
А вже теща приймака
В поле виряджає.

Приспів.

Вирядила теща зятя
У поле орати
Та й не дала приймакові
Хліба й сала взяти.

Приспів.

Оре приймак, оре приймак,
Назад поглядає,
Чужі жінки обід несуть,
А мої не має.

Приспів.

Їде приймак, їде приймак,
В сопілочку свище,
Ховай, доню, вареники,
Їде приймачище.

Приспів.

Тільки зайшов приймак в хату,
Ще не вспів і сісти,
Теща дає відра:
Неси свиням їсти.

Приспів.

Щоб ті свині поздихали
І хата згоріла,
Ой, як мені приймацькеє
Життя надоїло.

Приспів');
DELETE FROM song_links WHERE song_id = 'pisniua_4163838';
DELETE FROM song_versions WHERE song_id = 'pisniua_4163838';
DELETE FROM songs_fts WHERE song_id = 'pisniua_4163838';
DELETE FROM songs WHERE id = 'pisniua_4163838';
INSERT OR REPLACE INTO songs (id,title,subtitle,lang,country,period,year,source,notes,lyrics,tags_json,lang_locked,status,created_at,updated_at) VALUES ('pisniua_4163838','Я вірю','Музика: Павло Мрежук Слова: Вадим Крищенко. Виконує: Павло Мрежук','uk','ukraine_1991',NULL,NULL,'Книга: Крищенко В. Д. Усі ми прагнемо любові: Пісні.-Київ:ВіРА ІНСАЙТ-2003',NULL,'Несу я вам, друзі,
У радості й тузі
На вірі настояний спів.
Бо доля не хоче
Лиш мружити очі,
А просить просвітленних слів.
Несу я вам, браття
Для щастя й завзяття
Ранкових мелодій красу.
Усе, що я маю
Від батька і мами,-
Для вас, добрі люди, несу.

Приспів:
Я чую,
Як радості пісня із наших надій вирина.
Я знаю-
В цій пісні звучить і моєї любові струна.
Я хочу,
Щоб пісня привітна лягла всім на щирі вуста.
Я вірю,
Що світ заясниться, коли є любов й доброта.

Давайте співати,
Щоб в серці і в хаті
Зневіри розсіялась мла.
Давайте радіти,
Сміятись, як діти,-
І в світі поменшає зла.
Тож будьте щасливі
І юні, і сиві,
Хто разом і хто в самоті.
А пісня завзята,
На сонце багата,
Хай нам допоможе в житті.

Приспів.','[''pisni.org.ua'', ''cat:pisni'', ''Пісні про пісню'']',1,'published',COALESCE((SELECT created_at FROM songs WHERE id='pisniua_4163838'), datetime('now')),datetime('now'));
INSERT OR REPLACE INTO songs_fts(song_id,title,lyrics) VALUES ('pisniua_4163838','Я вірю','Несу я вам, друзі,
У радості й тузі
На вірі настояний спів.
Бо доля не хоче
Лиш мружити очі,
А просить просвітленних слів.
Несу я вам, браття
Для щастя й завзяття
Ранкових мелодій красу.
Усе, що я маю
Від батька і мами,-
Для вас, добрі люди, несу.

Приспів:
Я чую,
Як радості пісня із наших надій вирина.
Я знаю-
В цій пісні звучить і моєї любові струна.
Я хочу,
Щоб пісня привітна лягла всім на щирі вуста.
Я вірю,
Що світ заясниться, коли є любов й доброта.

Давайте співати,
Щоб в серці і в хаті
Зневіри розсіялась мла.
Давайте радіти,
Сміятись, як діти,-
І в світі поменшає зла.
Тож будьте щасливі
І юні, і сиві,
Хто разом і хто в самоті.
А пісня завзята,
На сонце багата,
Хай нам допоможе в житті.

Приспів.');
DELETE FROM song_links WHERE song_id = 'pisniua_4165230';
DELETE FROM song_versions WHERE song_id = 'pisniua_4165230';
DELETE FROM songs_fts WHERE song_id = 'pisniua_4165230';
DELETE FROM songs WHERE id = 'pisniua_4165230';
INSERT OR REPLACE INTO songs (id,title,subtitle,lang,country,period,year,source,notes,lyrics,tags_json,lang_locked,status,created_at,updated_at) VALUES ('pisniua_4165230','Вічний вогонь','Музика: Ігор Білозір Слова: Вадим Крищенко. Виконує: Оксана Білозір','uk','ukraine_1991',NULL,NULL,'Книга: Крищенко В. Д. Усі ми прагнемо любові: Пісні.-Київ:ВіРА ІНСАЙТ-2003',NULL,'Скотилась на щоку сльоза неждано,
Та я її ні в чому не виню.
Моя печаль, мої глибокі рани
Схиляються до Вічного вогню.
Знов оживають постаті і дати,
Немов назад прокручується час.
А пам''ять просить знову пригадати
Близьких та рідних, що нема між нас.

Приспів:
Вічний вогонь, Вічний вогонь
Щирих сердець, незрадливих долонь.
Вічний вогонь, Вічний вогонь
Полум''ям білим торкається скронь.
Вічний вогонь.

Задума сивини спитати хоче
Про мужність ту, що славила борню.
І синє небо нахиляє очі
До віщого бентежного вогню.
Минають дні, та згадка не минеться,
І не щезають болі та жалі...
Всіх поіменно називає серце
Від імені вкраїнської землі.

Приспів.','[''pisni.org.ua'', ''cat:viyskovi'', ''Пісні на військову тематику'']',1,'published',COALESCE((SELECT created_at FROM songs WHERE id='pisniua_4165230'), datetime('now')),datetime('now'));
INSERT OR REPLACE INTO songs_fts(song_id,title,lyrics) VALUES ('pisniua_4165230','Вічний вогонь','Скотилась на щоку сльоза неждано,
Та я її ні в чому не виню.
Моя печаль, мої глибокі рани
Схиляються до Вічного вогню.
Знов оживають постаті і дати,
Немов назад прокручується час.
А пам''ять просить знову пригадати
Близьких та рідних, що нема між нас.

Приспів:
Вічний вогонь, Вічний вогонь
Щирих сердець, незрадливих долонь.
Вічний вогонь, Вічний вогонь
Полум''ям білим торкається скронь.
Вічний вогонь.

Задума сивини спитати хоче
Про мужність ту, що славила борню.
І синє небо нахиляє очі
До віщого бентежного вогню.
Минають дні, та згадка не минеться,
І не щезають болі та жалі...
Всіх поіменно називає серце
Від імені вкраїнської землі.

Приспів.');
INSERT OR REPLACE INTO song_links (id,song_id,title,url,kind,version_id,sort_order) VALUES ('pisniua_4165230_l1','pisniua_4165230','YouTube','https://www.youtube.com/watch?v=azhFEBWr8GQ','video',NULL,1);
DELETE FROM song_links WHERE song_id = 'pisniua_416137';
DELETE FROM song_versions WHERE song_id = 'pisniua_416137';
DELETE FROM songs_fts WHERE song_id = 'pisniua_416137';
DELETE FROM songs WHERE id = 'pisniua_416137';
INSERT OR REPLACE INTO songs (id,title,subtitle,lang,country,period,year,source,notes,lyrics,tags_json,lang_locked,status,created_at,updated_at) VALUES ('pisniua_416137','Ци Ти Дома Гречний Пане','Українська народна пісня','uk','ukraine_before_1917',NULL,NULL,'Староукраїнські релігійні роздуми про Бога © Видавництво "Павутинонька", Нью Йорк – Львів – Київ – Харків – Москва, 2004','РОЗСПІВ: Ци- Ти-и- До-ма- Греч-ни-ий- Па-не- Дай- Бо-о-же- Ци- Ти-и- До-ма- Греч-ни-ий- Па-не- Дай- Бо-же- Колядка стародавня: Українське Різдво Світа. Рай розвився Господь звеселився. Буде в Тебе Господь на Вечері. Радуйся Земле Коляда їде! Ой там виxодило та Три Товариші. Чи Думу дума Пан Господар! Колядки й Щедрівки: первісна Українська культура й реліґія. Коляда й Щедрий Вечер як самостійні Староукраїнські Свята тривають досі від непам''ятних часів у виді людових Святочних обрядів та містерій — і мають свій особливий вислів у Святочних піснях: Колядках та Щедрівках. Дають оці Святочні пісні найправдивіший і найповніший образ Староукраїнської реліґійної ідеольогії та висвітлюють дійсний зміст Свят Коляди й Щедрого Вечера. Що більше — вони приявляють і найбільше первісну Українську культуру й реліґію і, судячи по ріжним признакам, автохтонну Українську; коли тимчасом Різдвяні обряди й містерії мають багато напливових елементів з чужих культур, а в великій мірі з обрядів християнської Церкви, основаних на перед-християнських культурних традиціях. Колядки й Щедрівки є дуже давніми чисто Українськими словесними творами, а не літературно занесеними з інших культурних сфер на Україну. Вони містять в собі такі поважні питання Старинної реліґії, з виразними признаками Української ориґінальности; вони зберігають і Старинні суспільні й господарські проблеми, — і видно в них так наглядно історичний культурний розвиток ідей, які вони висловлюють, що вплив чужої ідеольогії на Колядки й Щедрівки являється дуже малим. Колядки й Щедрівки будуть предметом і окремого, основного, досліду в цій праці, але передовсім будуть вони ужиті як пояснюючий і доказовий матеріял про ідеольоґію Свят та їх обрядів. Замітити однакож належить, що Колядок і Щедрівок не співають при ніяких Святочних обрядах як сакральні пісні, молитви або фрази, а лиш вільно і свобідно для збудження і вдержання Святочних настроїв. Це, на мою думку, зовсім природно, бо Староукраїнські свята приявляються нам зовсім первісними або й пракультурними культово-реліґійними маніфестаціями (явищами), при яких церковно-реліґійні прийоми, з сакральними піснями і фразами не можуть мати місця. Фактом є, що в Святах Коляди й Щедрого Вечера виявлюється Староукраїнська культура в великій силі, — як ідейним змістом Свят, так і висловами Святочних пісень; і по друге: що ці Свята, — якраз задля великої в них життєвої правди й сили тої Староукраїнської культури, — задержує нарід уперто та мимо існування на Україні християнської віри, святкує їх рівночасно й паралельно з християнськими святами Різдва Христового й Богоявління. (За працею: о. Ксенофонт Сосенко. "Культурно-історична постать Староукраїнськиx свят Різдва і Щедрого Вечора". Львів, 1928. - СІНТО, Київ 1994. 343с.) Читати листки з приводу цієї Пісні: Ідея Бога на Свят-Вечер. Бог, Різдво Світа, Дідух і Лицарі. Українські релігійні роздуми про Бога: Яблучко. Св. Микола 19.12 – Народний речник перед Богом і Прадід. Стежки до інших листків про Українські традиції.','Ци Ти Дома Гречний Пане
Приспів: Дай Боже!
Кожна стрічка з приспівом співається двічі.

Ой я знаю що є в Дома
Сидить собі Конець Стола
Коло Його Жена Його
Коло Неї Дітки Її
А їсть Кутю Пшеничную
А п''є Воду Кринишную','[''pisni.org.ua'', ''cat:druzhba'', ''Пісні про дружбу'']',1,'published',COALESCE((SELECT created_at FROM songs WHERE id='pisniua_416137'), datetime('now')),datetime('now'));
INSERT OR REPLACE INTO songs_fts(song_id,title,lyrics) VALUES ('pisniua_416137','Ци Ти Дома Гречний Пане','Ци Ти Дома Гречний Пане
Приспів: Дай Боже!
Кожна стрічка з приспівом співається двічі.

Ой я знаю що є в Дома
Сидить собі Конець Стола
Коло Його Жена Його
Коло Неї Дітки Її
А їсть Кутю Пшеничную
А п''є Воду Кринишную');
DELETE FROM song_links WHERE song_id = 'pisniua_4166232';
DELETE FROM song_versions WHERE song_id = 'pisniua_4166232';
DELETE FROM songs_fts WHERE song_id = 'pisniua_4166232';
DELETE FROM songs WHERE id = 'pisniua_4166232';
INSERT OR REPLACE INTO songs (id,title,subtitle,lang,country,period,year,source,notes,lyrics,tags_json,lang_locked,status,created_at,updated_at) VALUES ('pisniua_4166232','Новорічний сон','Музика: Володимир Кузнєцов Слова: Вадим Крищенко. Виконує: Гурт Дзвони','uk','ukraine_1991',NULL,NULL,'Книга: Крищенко В. Д. Усі ми прагнемо любові: Пісні.-Київ:ВіРА ІНСАЙТ-2003',NULL,'Навколо сріблясто від снігу і мрій,
І ти біля мене у шалі своїй,
І сані несуть нас у ніч новорічну.
Так солодко-солодко, щемко й незвично.

Приспів:
Новорічний сон, новорічна ніч,
Мов ясна зоря, що летить навстріч.
Новорічеа ніч - тільки я і ти,
І сніги, сніги - на усі світи.

Копита об лід, гей, чеканно звучали,
Неначе з вином кришталеві бокали,
І ти притулялася до мене щокою,
Бо коні летіли стрілою швидкою.

Приспів.

І раптом все щезло...Один у кімнаті,
За вікнами осені барви строкаті.
А сани, і шаль, і сріблясте волосся -
Це все я придумав... Це тільки здалося.

Приспів.','[''pisni.org.ua'', ''cat:new-year'', ''Пісні про Новий Рік'']',1,'published',COALESCE((SELECT created_at FROM songs WHERE id='pisniua_4166232'), datetime('now')),datetime('now'));
INSERT OR REPLACE INTO songs_fts(song_id,title,lyrics) VALUES ('pisniua_4166232','Новорічний сон','Навколо сріблясто від снігу і мрій,
І ти біля мене у шалі своїй,
І сані несуть нас у ніч новорічну.
Так солодко-солодко, щемко й незвично.

Приспів:
Новорічний сон, новорічна ніч,
Мов ясна зоря, що летить навстріч.
Новорічеа ніч - тільки я і ти,
І сніги, сніги - на усі світи.

Копита об лід, гей, чеканно звучали,
Неначе з вином кришталеві бокали,
І ти притулялася до мене щокою,
Бо коні летіли стрілою швидкою.

Приспів.

І раптом все щезло...Один у кімнаті,
За вікнами осені барви строкаті.
А сани, і шаль, і сріблясте волосся -
Це все я придумав... Це тільки здалося.

Приспів.');
INSERT OR REPLACE INTO song_links (id,song_id,title,url,kind,version_id,sort_order) VALUES ('pisniua_4166232_l1','pisniua_4166232','YouTube','https://www.youtube.com/watch?v=vsCCR6F8aq0','video',NULL,1);
DELETE FROM song_links WHERE song_id = 'pisniua_4166481';
DELETE FROM song_versions WHERE song_id = 'pisniua_4166481';
DELETE FROM songs_fts WHERE song_id = 'pisniua_4166481';
DELETE FROM songs WHERE id = 'pisniua_4166481';
INSERT OR REPLACE INTO songs (id,title,subtitle,lang,country,period,year,source,notes,lyrics,tags_json,lang_locked,status,created_at,updated_at) VALUES ('pisniua_4166481','Це з нами назавжди','Музика: В. Філіпенко Слова: Вадим Крищенко. Виконує: Віталій Білоножко','uk','ukraine_1991',NULL,NULL,'Книга: Крищенко В. Д. Усі ми прагнемо любові: Пісні.-Київ:ВіРА ІНСАЙТ-2003',NULL,'Крізь літа тополиних завій
Чую вас я, учителю мій.
Перший дзвоник і перші слова -
З далини пам''ять знов ожива.

Приспів:
Озовися, пам''ять, озовися,
До шкільних начал нас приведи.
Це далеко так - в краю дитинства,
І усе ж - це з нами назавжди.

Ой шкільна незабутня пора,
Шелестять сторінки букваря.
І учителя погляд ясний -
Наче ми не прощалися з ним.

Приспів.

Руки вчителя - з добрих умінь,
Щоб краси не завісила тінь.
Очі вчителя - з теплих зірок,
Щоб світився нам вічний урок.

Приспів.','[''pisni.org.ua'', ''cat:shkilni'', ''Пісні про школу'']',1,'published',COALESCE((SELECT created_at FROM songs WHERE id='pisniua_4166481'), datetime('now')),datetime('now'));
INSERT OR REPLACE INTO songs_fts(song_id,title,lyrics) VALUES ('pisniua_4166481','Це з нами назавжди','Крізь літа тополиних завій
Чую вас я, учителю мій.
Перший дзвоник і перші слова -
З далини пам''ять знов ожива.

Приспів:
Озовися, пам''ять, озовися,
До шкільних начал нас приведи.
Це далеко так - в краю дитинства,
І усе ж - це з нами назавжди.

Ой шкільна незабутня пора,
Шелестять сторінки букваря.
І учителя погляд ясний -
Наче ми не прощалися з ним.

Приспів.

Руки вчителя - з добрих умінь,
Щоб краси не завісила тінь.
Очі вчителя - з теплих зірок,
Щоб світився нам вічний урок.

Приспів.');
DELETE FROM song_links WHERE song_id = 'pisniua_4159134';
DELETE FROM song_versions WHERE song_id = 'pisniua_4159134';
DELETE FROM songs_fts WHERE song_id = 'pisniua_4159134';
DELETE FROM songs WHERE id = 'pisniua_4159134';
INSERT OR REPLACE INTO songs (id,title,subtitle,lang,country,period,year,source,notes,lyrics,tags_json,lang_locked,status,created_at,updated_at) VALUES ('pisniua_4159134','Терен, мати, коло хати *','Українська народна пісня. Виконує: Фольклорний ансамбль села Межирич','uk','ukraine_before_1917',NULL,NULL,'Фольклорний архів ансамблю "Божичі". Запис в с.Межирич (Маврино) Павлоградського р-ну Дніпропетровської обл. 12.08.1993 Касета 3',NULL,'Терен, мати, коло хати,
А цвіту не має,
Сидить голуб на дубочку,
Голубка літає.

Сидить голуб на дубочку,
Голубка літає,
Стоїть козак з дівчиною
Та в неї питає:

Ой, чи будеш, дівчинонько,
За мною журитись,
Як я сяду та й поїду
В чужий край женитись?

Ой, не буду, козаченько,
Не буду, не буду,
Ти за гору, я за другу
Та й думать забуду.

Як виїхав козаченько
За нові ворота,
Вже не брали дівчиноньку
Ні сон, ні робота.

Як виїхав козаченько
За зелені лози,
Полилися в дівчиноньки
Дрібнесенькі сльози.

Як виїхав козаченько
За жовтії піски,
Оглянувся назад себе,
Біжить братік пішки.

Ой, вертайся, мій братику,
Дівчина вмирає,
Буду їхать коня, гнати,
Щоб живу застати','[''pisni.org.ua'', ''cat:arkhiv-bozhychi'', ''Фольклорний архів анс. "Божичі"'']',1,'published',COALESCE((SELECT created_at FROM songs WHERE id='pisniua_4159134'), datetime('now')),datetime('now'));
INSERT OR REPLACE INTO songs_fts(song_id,title,lyrics) VALUES ('pisniua_4159134','Терен, мати, коло хати *','Терен, мати, коло хати,
А цвіту не має,
Сидить голуб на дубочку,
Голубка літає.

Сидить голуб на дубочку,
Голубка літає,
Стоїть козак з дівчиною
Та в неї питає:

Ой, чи будеш, дівчинонько,
За мною журитись,
Як я сяду та й поїду
В чужий край женитись?

Ой, не буду, козаченько,
Не буду, не буду,
Ти за гору, я за другу
Та й думать забуду.

Як виїхав козаченько
За нові ворота,
Вже не брали дівчиноньку
Ні сон, ні робота.

Як виїхав козаченько
За зелені лози,
Полилися в дівчиноньки
Дрібнесенькі сльози.

Як виїхав козаченько
За жовтії піски,
Оглянувся назад себе,
Біжить братік пішки.

Ой, вертайся, мій братику,
Дівчина вмирає,
Буду їхать коня, гнати,
Щоб живу застати');
INSERT OR REPLACE INTO song_links (id,song_id,title,url,kind,version_id,sort_order) VALUES ('pisniua_4159134_l1','pisniua_4159134','Переглянути варіанти >>','https://www.pisni.org.ua/#variants','external',NULL,1);
