DELETE FROM song_links WHERE song_id = 'pisniua_622673';
DELETE FROM song_versions WHERE song_id = 'pisniua_622673';
DELETE FROM songs_fts WHERE song_id = 'pisniua_622673';
DELETE FROM songs WHERE id = 'pisniua_622673';
INSERT OR REPLACE INTO songs (id,title,subtitle,lang,country,period,year,source,notes,lyrics,tags_json,lang_locked,status,created_at,updated_at) VALUES ('pisniua_622673','Оксано','Українська народна пісня. Виконує: Не журись!','uk','ukr_ssr_1919_1991',NULL,NULL,NULL,NULL,'Оксано, Оксано, я чую твій голос
Мені рідний вітер з України приніс.
Я чую як стогне потоптаний колос    |
І бачу я очі твої, повні сліз.      | (2)

Оксано, Оксано, давно ми розстались,
Та прийде ще час - ми зустрінемось знов.
Коханою була і нею зосталась,
Оксано ти щастя моє і любов.

Коли ж на далекій, святій Україні
Засяє нам знову свободи зоря
До вас я прилину на крилах орлиних |
Оксано моя, Україно моя.           | (2)','[''pisni.org.ua'', ''cat:povstanski'', ''Повстанські пісні'']',1,'published',COALESCE((SELECT created_at FROM songs WHERE id='pisniua_622673'), datetime('now')),datetime('now'));
INSERT OR REPLACE INTO songs_fts(song_id,title,lyrics) VALUES ('pisniua_622673','Оксано','Оксано, Оксано, я чую твій голос
Мені рідний вітер з України приніс.
Я чую як стогне потоптаний колос    |
І бачу я очі твої, повні сліз.      | (2)

Оксано, Оксано, давно ми розстались,
Та прийде ще час - ми зустрінемось знов.
Коханою була і нею зосталась,
Оксано ти щастя моє і любов.

Коли ж на далекій, святій Україні
Засяє нам знову свободи зоря
До вас я прилину на крилах орлиних |
Оксано моя, Україно моя.           | (2)');
INSERT OR REPLACE INTO song_links (id,song_id,title,url,kind,version_id,sort_order) VALUES ('pisniua_622673_l1','pisniua_622673','Переглянути варіанти >>','https://www.pisni.org.ua/#variants','external',NULL,1);
DELETE FROM song_links WHERE song_id = 'pisniua_6220075';
DELETE FROM song_versions WHERE song_id = 'pisniua_6220075';
DELETE FROM songs_fts WHERE song_id = 'pisniua_6220075';
DELETE FROM songs WHERE id = 'pisniua_6220075';
INSERT OR REPLACE INTO songs (id,title,subtitle,lang,country,period,year,source,notes,lyrics,tags_json,lang_locked,status,created_at,updated_at) VALUES ('pisniua_6220075','Невістка','Музика: М. Мазур Слова: М. Мазур. Виконує: М. Мазур','uk','ukraine_1991',NULL,NULL,'аудіозапис',NULL,'Горнулась пташечка до матері,
А мати - до дитини,
Тепер тебе уже засватали,
Прощаємся ми нині.
А сонце сходило, торкалось їх
І квіти розквітали.
Дві пташки плакали,     |
Дві пташки плакали,     |
Дві пташки плакали,     |
Дві пташечки прощались. | (2)

Приспів:
Жінкою, невісткою,
Радісною звісткою,
Лине доня сватана у чужі сади.
Казкою та піснею,
Ще з дитинства звісною,
Лине серце матері з донею туди.
Буде серце матері з донею завжди!

Серця їх, наче пісня завчена,
Донині поруч бились,
Та вже усьому доня навчена,
Бо мати гарно вчила.
Любов покликала, і в тому суть,
Гніздечко покидає,
А мати вперше           |
В самостійну путь       |
Дитину проводжає.       | (2)

Приспів.

Горнулась пташечка до матері,
А мати - до дитини,
Тепер тебе уже засватали,
Прощаємся ми нині.
А сонце сходило, торкалось їх
І квіти розквітали.
Дві пташки плакали,     |
Дві пташки плакали,     |
Дві пташки плакали,     |
Дві пташечки прощались. | (2)','[''pisni.org.ua'', ''cat:pro-ditey'', ''Пісні про любов до дітей'']',1,'published',COALESCE((SELECT created_at FROM songs WHERE id='pisniua_6220075'), datetime('now')),datetime('now'));
INSERT OR REPLACE INTO songs_fts(song_id,title,lyrics) VALUES ('pisniua_6220075','Невістка','Горнулась пташечка до матері,
А мати - до дитини,
Тепер тебе уже засватали,
Прощаємся ми нині.
А сонце сходило, торкалось їх
І квіти розквітали.
Дві пташки плакали,     |
Дві пташки плакали,     |
Дві пташки плакали,     |
Дві пташечки прощались. | (2)

Приспів:
Жінкою, невісткою,
Радісною звісткою,
Лине доня сватана у чужі сади.
Казкою та піснею,
Ще з дитинства звісною,
Лине серце матері з донею туди.
Буде серце матері з донею завжди!

Серця їх, наче пісня завчена,
Донині поруч бились,
Та вже усьому доня навчена,
Бо мати гарно вчила.
Любов покликала, і в тому суть,
Гніздечко покидає,
А мати вперше           |
В самостійну путь       |
Дитину проводжає.       | (2)

Приспів.

Горнулась пташечка до матері,
А мати - до дитини,
Тепер тебе уже засватали,
Прощаємся ми нині.
А сонце сходило, торкалось їх
І квіти розквітали.
Дві пташки плакали,     |
Дві пташки плакали,     |
Дві пташки плакали,     |
Дві пташечки прощались. | (2)');
DELETE FROM song_links WHERE song_id = 'pisniua_6223246';
DELETE FROM song_versions WHERE song_id = 'pisniua_6223246';
DELETE FROM songs_fts WHERE song_id = 'pisniua_6223246';
DELETE FROM songs WHERE id = 'pisniua_6223246';
INSERT OR REPLACE INTO songs (id,title,subtitle,lang,country,period,year,source,notes,lyrics,tags_json,lang_locked,status,created_at,updated_at) VALUES ('pisniua_6223246','Пісня про школу','Музика: Н. Дремлюга Слова: Т. Масенко','uk','ukraine_1991',NULL,NULL,'інтернет',NULL,'Мама двері відчиня,
Проводжа до школи.
Не забудем цього дня
Ми в житті ніколи!

А татусь нам говорив,
Як ішли ми в школу:
Поважайте вчителів,
Слухайтесь у всьому!

Не забудем цього дня
Ми в житті ніколи!
Найсвітліший край у нас,
Найсвітліші школи!','[''pisni.org.ua'', ''cat:shkilni'', ''Пісні про школу'']',1,'published',COALESCE((SELECT created_at FROM songs WHERE id='pisniua_6223246'), datetime('now')),datetime('now'));
INSERT OR REPLACE INTO songs_fts(song_id,title,lyrics) VALUES ('pisniua_6223246','Пісня про школу','Мама двері відчиня,
Проводжа до школи.
Не забудем цього дня
Ми в житті ніколи!

А татусь нам говорив,
Як ішли ми в школу:
Поважайте вчителів,
Слухайтесь у всьому!

Не забудем цього дня
Ми в житті ніколи!
Найсвітліший край у нас,
Найсвітліші школи!');
INSERT OR REPLACE INTO song_links (id,song_id,title,url,kind,version_id,sort_order) VALUES ('pisniua_6223246_l1','pisniua_6223246','YouTube','https://www.youtube.com/watch?v=ILVjKGZknD0','video',NULL,1);
INSERT OR REPLACE INTO song_links (id,song_id,title,url,kind,version_id,sort_order) VALUES ('pisniua_6223246_l2','pisniua_6223246','YouTube','https://www.youtube.com/watch?v=N0sMVJa0Tsw','video',NULL,2);
DELETE FROM song_links WHERE song_id = 'pisniua_622848';
DELETE FROM song_versions WHERE song_id = 'pisniua_622848';
DELETE FROM songs_fts WHERE song_id = 'pisniua_622848';
DELETE FROM songs WHERE id = 'pisniua_622848';
INSERT OR REPLACE INTO songs (id,title,subtitle,lang,country,period,year,source,notes,lyrics,tags_json,lang_locked,status,created_at,updated_at) VALUES ('pisniua_622848','Подай, дівчино, руку на прощання','Українська народна пісня. Виконує: Етнографічний хор Гомін','uk','ukr_ssr_1919_1991',NULL,NULL,NULL,'* відміна: Його поховали вірні побратими Під кущем червоної калини','Подай, дівчино, руку на прощання,
Може в останній вже раз.
Прийшла година, час іти до бою,
Мушу сповняти наказ.

Ми йшли до бою темної ночі,
А ясні зорі сіяли,
Гармати били, а ми наступали,
Один за одним падали.

Бачив я, бачив раненого друга,
Він впав на землю ще живий.
З грудей червона кров текла рікою,
Останні слова говорив:

"Напишіть до батька, напишіть до неньки
Напишіть до любої дівчини,
Що гостра куля грудь мою пробила
В бою за волю України."

Не було там батька, не було там неньки,
Не було там любої дівчини,
Лиш товариші його поховали,*
Оркестра жалібно заграла','[''pisni.org.ua'', ''cat:povstanski'', ''Повстанські пісні'']',1,'published',COALESCE((SELECT created_at FROM songs WHERE id='pisniua_622848'), datetime('now')),datetime('now'));
INSERT OR REPLACE INTO songs_fts(song_id,title,lyrics) VALUES ('pisniua_622848','Подай, дівчино, руку на прощання','Подай, дівчино, руку на прощання,
Може в останній вже раз.
Прийшла година, час іти до бою,
Мушу сповняти наказ.

Ми йшли до бою темної ночі,
А ясні зорі сіяли,
Гармати били, а ми наступали,
Один за одним падали.

Бачив я, бачив раненого друга,
Він впав на землю ще живий.
З грудей червона кров текла рікою,
Останні слова говорив:

"Напишіть до батька, напишіть до неньки
Напишіть до любої дівчини,
Що гостра куля грудь мою пробила
В бою за волю України."

Не було там батька, не було там неньки,
Не було там любої дівчини,
Лиш товариші його поховали,*
Оркестра жалібно заграла');
INSERT OR REPLACE INTO song_links (id,song_id,title,url,kind,version_id,sort_order) VALUES ('pisniua_622848_l1','pisniua_622848','YouTube','https://www.youtube.com/watch?v=HEENAYgjtNQ','video',NULL,1);
INSERT OR REPLACE INTO song_links (id,song_id,title,url,kind,version_id,sort_order) VALUES ('pisniua_622848_l2','pisniua_622848','YouTube','https://www.youtube.com/watch?v=cy0iAtQxbWU','video',NULL,2);
INSERT OR REPLACE INTO song_links (id,song_id,title,url,kind,version_id,sort_order) VALUES ('pisniua_622848_l3','pisniua_622848','YouTube','https://www.youtube.com/watch?v=nBpB-O4IwP4','video',NULL,3);
INSERT OR REPLACE INTO song_links (id,song_id,title,url,kind,version_id,sort_order) VALUES ('pisniua_622848_l4','pisniua_622848','Переглянути варіанти >>','https://www.pisni.org.ua/#variants','external',NULL,4);
DELETE FROM song_links WHERE song_id = 'pisniua_6216776';
DELETE FROM song_versions WHERE song_id = 'pisniua_6216776';
DELETE FROM songs_fts WHERE song_id = 'pisniua_6216776';
DELETE FROM songs WHERE id = 'pisniua_6216776';
INSERT OR REPLACE INTO songs (id,title,subtitle,lang,country,period,year,source,notes,lyrics,tags_json,lang_locked,status,created_at,updated_at) VALUES ('pisniua_6216776','У добрий час','Музика: Іван Карабиць Слова: Микола Сом. Виконує: Тріо "Золоті Ключі"','uk','ukraine_before_1917',NULL,NULL,'Аудіозапис',NULL,'Усміхнися нам, ясная доле,
То любов лебедіє жива.
А життя перед нами, як поле,
Де посіяні теплі слова.

Приспів:
У добрий час,
На довгий вік,
На щастя,
На кохання
Твори життя із року в рік,
Стрічай зорю світання.

В молодому зеленому житі
Не загубиться стежка мала.
Та стежина єдина у світі
Нареченими нас нарекла.

Приспів.

Стане день молодий і зелений,
І народиться пісня нова,
Де цілуються з вербами клени,
А з вітрами шепоче трава.

Приспів','[''pisni.org.ua'', ''cat:vesilni'', ''Весільні пісні'']',1,'published',COALESCE((SELECT created_at FROM songs WHERE id='pisniua_6216776'), datetime('now')),datetime('now'));
INSERT OR REPLACE INTO songs_fts(song_id,title,lyrics) VALUES ('pisniua_6216776','У добрий час','Усміхнися нам, ясная доле,
То любов лебедіє жива.
А життя перед нами, як поле,
Де посіяні теплі слова.

Приспів:
У добрий час,
На довгий вік,
На щастя,
На кохання
Твори життя із року в рік,
Стрічай зорю світання.

В молодому зеленому житі
Не загубиться стежка мала.
Та стежина єдина у світі
Нареченими нас нарекла.

Приспів.

Стане день молодий і зелений,
І народиться пісня нова,
Де цілуються з вербами клени,
А з вітрами шепоче трава.

Приспів');
DELETE FROM song_links WHERE song_id = 'pisniua_6221252';
DELETE FROM song_versions WHERE song_id = 'pisniua_6221252';
DELETE FROM songs_fts WHERE song_id = 'pisniua_6221252';
DELETE FROM songs WHERE id = 'pisniua_6221252';
INSERT OR REPLACE INTO songs (id,title,subtitle,lang,country,period,year,source,notes,lyrics,tags_json,lang_locked,status,created_at,updated_at) VALUES ('pisniua_6221252','Лісова Школа Булавних-26','Слова: О. Яворський, А. Спех','uk','ukraine_1991',NULL,NULL,'співаник Лісової Школи',NULL,'Приїхало сюди 16,
Аби життя пізнати лісове,
Згуртувати дух співпраці
І стати абсольвентами...

Приспів:
Було би зовсім не зле,
Якби тут було ШБ,
Ми б не страждали від нудьги
Ніколи!
Було би зовсім не зле,
Як до ЛШ додати ШБ,
Буде жити дружно ЛШБ!

В вогонь і в воду ми піти готові,
Здоровий дух у тілі нашому живе,
ЛШ - найкраща школа пластунові,
Хороше на ЛШ життя, але...

Приспів.

А місяць одиноким оком
Пасе отари на гірських хребтах,
Спливе туман у діл Гнилим потоком
І огортає смутком у серцях.

Приспів.

Юнацька пісня лине над горою,
Над Грабовець, аж до Пшонця летить,
ШБ, ЛШ в думках завжди з тобою,
І ось настала довгожданна мить!

Радість в серцях оживе,
В гості прибуло ШБ,
Заіскрились погляди юнацькі,
Ми так чекали тебе,
Наше кохане ШБ,
Хай співає разом ЛШБ!','[''pisni.org.ua'', ''cat:plastovi'', ''Пластові пісні'']',1,'published',COALESCE((SELECT created_at FROM songs WHERE id='pisniua_6221252'), datetime('now')),datetime('now'));
INSERT OR REPLACE INTO songs_fts(song_id,title,lyrics) VALUES ('pisniua_6221252','Лісова Школа Булавних-26','Приїхало сюди 16,
Аби життя пізнати лісове,
Згуртувати дух співпраці
І стати абсольвентами...

Приспів:
Було би зовсім не зле,
Якби тут було ШБ,
Ми б не страждали від нудьги
Ніколи!
Було би зовсім не зле,
Як до ЛШ додати ШБ,
Буде жити дружно ЛШБ!

В вогонь і в воду ми піти готові,
Здоровий дух у тілі нашому живе,
ЛШ - найкраща школа пластунові,
Хороше на ЛШ життя, але...

Приспів.

А місяць одиноким оком
Пасе отари на гірських хребтах,
Спливе туман у діл Гнилим потоком
І огортає смутком у серцях.

Приспів.

Юнацька пісня лине над горою,
Над Грабовець, аж до Пшонця летить,
ШБ, ЛШ в думках завжди з тобою,
І ось настала довгожданна мить!

Радість в серцях оживе,
В гості прибуло ШБ,
Заіскрились погляди юнацькі,
Ми так чекали тебе,
Наше кохане ШБ,
Хай співає разом ЛШБ!');
DELETE FROM song_links WHERE song_id = 'pisniua_62252';
DELETE FROM song_versions WHERE song_id = 'pisniua_62252';
DELETE FROM songs_fts WHERE song_id = 'pisniua_62252';
DELETE FROM songs WHERE id = 'pisniua_62252';
INSERT OR REPLACE INTO songs (id,title,subtitle,lang,country,period,year,source,notes,lyrics,tags_json,lang_locked,status,created_at,updated_at) VALUES ('pisniua_62252','Пригадай оці волошки',NULL,'uk','ukraine_before_1917',NULL,NULL,'Співаник для таборів Марійської Дружини',NULL,'Пригадай оці волошки, сині квіти
Як волосся тобі ніжно пестив вітер,
Як за обрій п''яну ніч тверезить ранок,
Все минуло, промайнуло, мов в тумані.
Все минуло, промайнуло і розлука,
З того часу, як сплелися наші руки,
Що сподобав собі іншу я не проти
То ж навіщо на весілля мене просиш?
Я прийду, мов не болить мене нітрошки
І врочисто принесу тобі волошки.
Дрібний цвіт твоїх очей і чисті сльози,
Вже між нами заметілі і морози.
Йдеш заплакана до шлюбу, віє вітер,
Він за мене ніжно сльози тобі витер.
А як будуть синьоокі в тебе діти -
Пригадай оці волошки, сині квіти.','[''pisni.org.ua'', ''cat:lirychni'', ''Пісні про кохання, ліричні'']',1,'published',COALESCE((SELECT created_at FROM songs WHERE id='pisniua_62252'), datetime('now')),datetime('now'));
INSERT OR REPLACE INTO songs_fts(song_id,title,lyrics) VALUES ('pisniua_62252','Пригадай оці волошки','Пригадай оці волошки, сині квіти
Як волосся тобі ніжно пестив вітер,
Як за обрій п''яну ніч тверезить ранок,
Все минуло, промайнуло, мов в тумані.
Все минуло, промайнуло і розлука,
З того часу, як сплелися наші руки,
Що сподобав собі іншу я не проти
То ж навіщо на весілля мене просиш?
Я прийду, мов не болить мене нітрошки
І врочисто принесу тобі волошки.
Дрібний цвіт твоїх очей і чисті сльози,
Вже між нами заметілі і морози.
Йдеш заплакана до шлюбу, віє вітер,
Він за мене ніжно сльози тобі витер.
А як будуть синьоокі в тебе діти -
Пригадай оці волошки, сині квіти.');
INSERT OR REPLACE INTO song_links (id,song_id,title,url,kind,version_id,sort_order) VALUES ('pisniua_62252_l1','pisniua_62252','Переглянути варіанти >>','https://www.pisni.org.ua/#variants','external',NULL,1);
DELETE FROM song_links WHERE song_id = 'pisniua_6234477';
DELETE FROM song_versions WHERE song_id = 'pisniua_6234477';
DELETE FROM songs_fts WHERE song_id = 'pisniua_6234477';
DELETE FROM songs WHERE id = 'pisniua_6234477';
INSERT OR REPLACE INTO songs (id,title,subtitle,lang,country,period,year,source,notes,lyrics,tags_json,lang_locked,status,created_at,updated_at) VALUES ('pisniua_6234477','На північнім нашім кордоні','Музика: В. Пастушок. Виконує: В. Пастушок','uk','ukr_ssr_1919_1991',NULL,NULL,'повстанський зошит з піснями',NULL,'На північнім нашім кордоні,
Аж ген під наш Берест і Пінськ,
Ідуть УПА славні загони
На захист родинних огниськ!

Вітає їх людність Полісся,
На очах сріблиться роса,
Що хутір, то курінь розлігся,
Що хата - твердині краса!

Вставай, український народе!
УПА то є кузні горно,
Нас кличе життя всіх до згоди,
Нас в''яже тризуб у одно!

І віра, і пісня, і мова
Від *** по Дунай,
Їх води належать Дніпрові,
Їх думка - то вільний Наш Край!

Ідем, щоб соборно затерти
Кордони неволі й ганьби,
Ідем воскресити із мертвих,
Що ворог поклав у гроби.

Хай лине наш марш сей упівський,
З-над Буга аж ген по Кубань,
Зробив його гнів український,
У загравах грізних повстань!

На північнім нашім кордоні,
Аж ген під наш Берест і Пінськ,
Ідуть УПА славні загони
На захист родинних огниськ!','[''pisni.org.ua'', ''cat:povstanski'', ''Повстанські пісні'']',1,'published',COALESCE((SELECT created_at FROM songs WHERE id='pisniua_6234477'), datetime('now')),datetime('now'));
INSERT OR REPLACE INTO songs_fts(song_id,title,lyrics) VALUES ('pisniua_6234477','На північнім нашім кордоні','На північнім нашім кордоні,
Аж ген під наш Берест і Пінськ,
Ідуть УПА славні загони
На захист родинних огниськ!

Вітає їх людність Полісся,
На очах сріблиться роса,
Що хутір, то курінь розлігся,
Що хата - твердині краса!

Вставай, український народе!
УПА то є кузні горно,
Нас кличе життя всіх до згоди,
Нас в''яже тризуб у одно!

І віра, і пісня, і мова
Від *** по Дунай,
Їх води належать Дніпрові,
Їх думка - то вільний Наш Край!

Ідем, щоб соборно затерти
Кордони неволі й ганьби,
Ідем воскресити із мертвих,
Що ворог поклав у гроби.

Хай лине наш марш сей упівський,
З-над Буга аж ген по Кубань,
Зробив його гнів український,
У загравах грізних повстань!

На північнім нашім кордоні,
Аж ген під наш Берест і Пінськ,
Ідуть УПА славні загони
На захист родинних огниськ!');
DELETE FROM song_links WHERE song_id = 'pisniua_6233746';
DELETE FROM song_versions WHERE song_id = 'pisniua_6233746';
DELETE FROM songs_fts WHERE song_id = 'pisniua_6233746';
DELETE FROM songs WHERE id = 'pisniua_6233746';
INSERT OR REPLACE INTO songs (id,title,subtitle,lang,country,period,year,source,notes,lyrics,tags_json,lang_locked,status,created_at,updated_at) VALUES ('pisniua_6233746','Синії очі','Музика: Богдан Весоловський Слова: Володимир Сосюра. Виконує: Антін Дербіш, Василь Бокоч','uk','ukraine_1991',NULL,NULL,'аудіозапис','Танго * - не зміг розібрати слова','В твоїх очах - душа твоя
Все та ж кохана, юна.
Для мене радісно сія,
Торкає серця струни,
І струни радісно звучать
Про дні, сади квітчасті,
В твоїх очах небес*
І щастя, щастя, щастя...

Приспів:
Синії очі, чорнії брови -
Мрійно шепочуть хвилі дніпрові...
Пісню десь чути, зорі сіяють,
Сивий Славута човен гойдає...
Хвилі дніпрові мрійно шепочуть -
Чорнії брови,  синії очі..

Про нашу згадую весну,
Прекрасну і тривожну,
На пісню щастя оберну
Сльозинку твою кожну...
Десь пропада зорі*
В траві росою тане
Не тільки кольором очей
Близька мені кохана...

Приспів.','[''pisni.org.ua'', ''cat:romansy'', ''Романси'']',1,'published',COALESCE((SELECT created_at FROM songs WHERE id='pisniua_6233746'), datetime('now')),datetime('now'));
INSERT OR REPLACE INTO songs_fts(song_id,title,lyrics) VALUES ('pisniua_6233746','Синії очі','В твоїх очах - душа твоя
Все та ж кохана, юна.
Для мене радісно сія,
Торкає серця струни,
І струни радісно звучать
Про дні, сади квітчасті,
В твоїх очах небес*
І щастя, щастя, щастя...

Приспів:
Синії очі, чорнії брови -
Мрійно шепочуть хвилі дніпрові...
Пісню десь чути, зорі сіяють,
Сивий Славута човен гойдає...
Хвилі дніпрові мрійно шепочуть -
Чорнії брови,  синії очі..

Про нашу згадую весну,
Прекрасну і тривожну,
На пісню щастя оберну
Сльозинку твою кожну...
Десь пропада зорі*
В траві росою тане
Не тільки кольором очей
Близька мені кохана...

Приспів.');
INSERT OR REPLACE INTO song_links (id,song_id,title,url,kind,version_id,sort_order) VALUES ('pisniua_6233746_l1','pisniua_6233746','YouTube','https://www.youtube.com/watch?v=9f7JJrKuu7Q','video',NULL,1);
DELETE FROM song_links WHERE song_id = 'pisniua_6233297';
DELETE FROM song_versions WHERE song_id = 'pisniua_6233297';
DELETE FROM songs_fts WHERE song_id = 'pisniua_6233297';
DELETE FROM songs WHERE id = 'pisniua_6233297';
INSERT OR REPLACE INTO songs (id,title,subtitle,lang,country,period,year,source,notes,lyrics,tags_json,lang_locked,status,created_at,updated_at) VALUES ('pisniua_6233297','Новий Рік','Музика: Олег Майовський Слова: Олег Майовський. Виконує: Олеся Закатюра, Сергій Закатюра','uk','ukraine_1991',NULL,NULL,'аудіозапис',NULL,'Біли снігом кружляє
Вітерець в тихім гаї,
І дерева дрімають
В солодкім сні,
Бо на дворі вже зима,
Грає в сніжки дітвора,
А мороз малює казку
На вікні.
Вже до кожного дому
До святкового столу
Добрим людям на втіху
Йде Новий Рік!
Хоч старого року жаль,
Залишайте біль й печаль
Та візьміть найкращий спогад
В Новий рік!

Приспів:
Новий Рік
Вже ступає на поріг,
Новий Рік
Сипле снігом нам до ніг,
І у колі друзів знов
Ми зберемось всі разом,
Новий Рік
Хай дарує всім любов!

Щоб усмішок багато
Було всім на свято,
Хай несе нам здоров''я,
Цей Новий рік!
Щоб росли щасливо діти
І цвіли кохання квіти,
Хай любов прийде у хату
В Новий Рік!

Приспів. (2)

Новий Рік
Хай дарує всім любов!
Хай Ісус дарує всім любов!','[''pisni.org.ua'', ''cat:new-year'', ''Пісні про Новий Рік'']',1,'published',COALESCE((SELECT created_at FROM songs WHERE id='pisniua_6233297'), datetime('now')),datetime('now'));
INSERT OR REPLACE INTO songs_fts(song_id,title,lyrics) VALUES ('pisniua_6233297','Новий Рік','Біли снігом кружляє
Вітерець в тихім гаї,
І дерева дрімають
В солодкім сні,
Бо на дворі вже зима,
Грає в сніжки дітвора,
А мороз малює казку
На вікні.
Вже до кожного дому
До святкового столу
Добрим людям на втіху
Йде Новий Рік!
Хоч старого року жаль,
Залишайте біль й печаль
Та візьміть найкращий спогад
В Новий рік!

Приспів:
Новий Рік
Вже ступає на поріг,
Новий Рік
Сипле снігом нам до ніг,
І у колі друзів знов
Ми зберемось всі разом,
Новий Рік
Хай дарує всім любов!

Щоб усмішок багато
Було всім на свято,
Хай несе нам здоров''я,
Цей Новий рік!
Щоб росли щасливо діти
І цвіли кохання квіти,
Хай любов прийде у хату
В Новий Рік!

Приспів. (2)

Новий Рік
Хай дарує всім любов!
Хай Ісус дарує всім любов!');
INSERT OR REPLACE INTO song_links (id,song_id,title,url,kind,version_id,sort_order) VALUES ('pisniua_6233297_l1','pisniua_6233297','YouTube','https://www.youtube.com/watch?v=o5So3wx8-8A','video',NULL,1);
INSERT OR REPLACE INTO song_links (id,song_id,title,url,kind,version_id,sort_order) VALUES ('pisniua_6233297_l2','pisniua_6233297','YouTube','https://www.youtube.com/watch?v=xmDjsMG06Yo','video',NULL,2);
DELETE FROM song_links WHERE song_id = 'pisniua_6233555';
DELETE FROM song_versions WHERE song_id = 'pisniua_6233555';
DELETE FROM songs_fts WHERE song_id = 'pisniua_6233555';
DELETE FROM songs WHERE id = 'pisniua_6233555';
INSERT OR REPLACE INTO songs (id,title,subtitle,lang,country,period,year,source,notes,lyrics,tags_json,lang_locked,status,created_at,updated_at) VALUES ('pisniua_6233555','Лист з Італії','Музика: Ігор Жук Слова: Ігор Жук. Виконує: Ігор Жук','uk','ukraine_1991',NULL,'2012','Інформаційний бюлетень ІКААПУ Інформ №1 (191) 2012 рік',NULL,'Іванку, Іванку, з того боку ярку,
З того боку ярку! -
Пішла би-м до тебе, пішла би-м до тебе -
Взяла вода кладку...

...А зима тут, Іванку, смішна: ні морозу, ні снігу.
Гори є, але в них ти би вівці не дуже напас...
Бережи там дітей. Привезу вам з Італії фіґу -
То солодке таке; там росте - може, буде і в нас.

Я щодня бачу море... І небо - Іва! - що за небо!..
В нас такого нема, все - то гори, то дощ, то жнива...
Я, Іванку, нарешті навчилася спати без тебе;
Але сплю ще сама! - то і ти там шануйся, Іва!..

А легіники тут - як гуцули: чорняві і горді, -
Тільки ти все мовчиш, а вони - як те "Радіо Люкс"...
Тут один вже поліз... Ну, дістав, як належить, по морді -
Аж господар спитав, що то з ним - тихо буркнув, що флюс...

А як ще не дістав, то хвалився, що купить ми хату,
І що певно си вженить, як я тобі лишу дітей...
Ой, Іва... Я сміюся - а як то дожити до свята!..
Тут Різдво трохи скорше, ніж в нас - то дотерплю, ачей...

Я, Іванку, не вмію писати такими словами,
Як ото в серіалах. Та й сам ти казав, що то кіч.
Я купила сорочку тобі і спідницю для мами -
І до тої сорочки я прошепотіла всю ніч...

Мій господар питав, чи не маєш ти там інтернету...
Я кажу: якби мав, чи ж би мила я вам унітаз?..
А дипломи і мого, і твого, Іва, факультету
Вже не варті і свого паперу - що в них, що у нас...

Пишеш, вибори знов... Голосуй. Я не дуже ідейна.
Ми з тобою вже мерзли - і що нині маєм за все?
Мій синьйор все не вірить, що я розумію Ейнштейна;
Засміюся: я що! - он філософ маржинку пасе...

Ти не сердься, Іва! - то я так, передихала морем...
А яке тутай небо, Іванку, без тебе пусте!..
Я вже скоро, я скоро приїду... Ми ніч проговорим,
І до ранку та дірка, що знов привезу, заросте...','[''pisni.org.ua'', ''cat:emigration'', ''cat:socialno-pobutovi'', ''Пісні про еміґрацію'', ''Соціально-побутові пісні'']',1,'published',COALESCE((SELECT created_at FROM songs WHERE id='pisniua_6233555'), datetime('now')),datetime('now'));
INSERT OR REPLACE INTO songs_fts(song_id,title,lyrics) VALUES ('pisniua_6233555','Лист з Італії','Іванку, Іванку, з того боку ярку,
З того боку ярку! -
Пішла би-м до тебе, пішла би-м до тебе -
Взяла вода кладку...

...А зима тут, Іванку, смішна: ні морозу, ні снігу.
Гори є, але в них ти би вівці не дуже напас...
Бережи там дітей. Привезу вам з Італії фіґу -
То солодке таке; там росте - може, буде і в нас.

Я щодня бачу море... І небо - Іва! - що за небо!..
В нас такого нема, все - то гори, то дощ, то жнива...
Я, Іванку, нарешті навчилася спати без тебе;
Але сплю ще сама! - то і ти там шануйся, Іва!..

А легіники тут - як гуцули: чорняві і горді, -
Тільки ти все мовчиш, а вони - як те "Радіо Люкс"...
Тут один вже поліз... Ну, дістав, як належить, по морді -
Аж господар спитав, що то з ним - тихо буркнув, що флюс...

А як ще не дістав, то хвалився, що купить ми хату,
І що певно си вженить, як я тобі лишу дітей...
Ой, Іва... Я сміюся - а як то дожити до свята!..
Тут Різдво трохи скорше, ніж в нас - то дотерплю, ачей...

Я, Іванку, не вмію писати такими словами,
Як ото в серіалах. Та й сам ти казав, що то кіч.
Я купила сорочку тобі і спідницю для мами -
І до тої сорочки я прошепотіла всю ніч...

Мій господар питав, чи не маєш ти там інтернету...
Я кажу: якби мав, чи ж би мила я вам унітаз?..
А дипломи і мого, і твого, Іва, факультету
Вже не варті і свого паперу - що в них, що у нас...

Пишеш, вибори знов... Голосуй. Я не дуже ідейна.
Ми з тобою вже мерзли - і що нині маєм за все?
Мій синьйор все не вірить, що я розумію Ейнштейна;
Засміюся: я що! - он філософ маржинку пасе...

Ти не сердься, Іва! - то я так, передихала морем...
А яке тутай небо, Іванку, без тебе пусте!..
Я вже скоро, я скоро приїду... Ми ніч проговорим,
І до ранку та дірка, що знов привезу, заросте...');
INSERT OR REPLACE INTO song_links (id,song_id,title,url,kind,version_id,sort_order) VALUES ('pisniua_6233555_l1','pisniua_6233555','YouTube','https://www.youtube.com/watch?v=dVKUDoN9gn4','video',NULL,1);
DELETE FROM song_links WHERE song_id = 'pisniua_6235246';
DELETE FROM song_versions WHERE song_id = 'pisniua_6235246';
DELETE FROM songs_fts WHERE song_id = 'pisniua_6235246';
DELETE FROM songs WHERE id = 'pisniua_6235246';
INSERT OR REPLACE INTO songs (id,title,subtitle,lang,country,period,year,source,notes,lyrics,tags_json,lang_locked,status,created_at,updated_at) VALUES ('pisniua_6235246','Бонна','Слова: Леся Карпінська','uk','ukraine_1991',NULL,NULL,'авторське подання',NULL,'Хочеться нині зібрати
Квіти найкращі землі...
Звідки ж тоді могли знати -
Зовсім були ми малі.
Ви ж, така горда й красива,
Впевнено вірили в нас -
Вкотре виводили в люди
"Зовсім пропащий вже" клас.

Приспів:
Нині ж бо Ви - королева,
Й через роки - чарівна,
Перша моя наречена —
Класнице рідна моя.
Справжня бо Ви примадонна,
Вперто наслідують Вас
Юні принцеси... О, бонно!
Вечір сьогодні для Вас!

Трішки, як мати, сувора,
Нишпорка і як сестра,
Ви на буденних незгодах
Нас научали життя.
З Вами ішли до вершини,
Сміхом ставав ревний плач,
Вдома батьки за провини
Майже не лаяли нас.

Приспів.

Подругам це не збагнути -
Доля давала Вам шанс:
Тон фешенебельних блисків
Як поміняти на вальс?
Скільки їх, вчених, по світу
Шану збирають давно.
Вам в нагороду клас п''ятий
Знову навчати дано!..

Приспів.','[''pisni.org.ua'', ''cat:shkilni'', ''Пісні про школу'']',1,'published',COALESCE((SELECT created_at FROM songs WHERE id='pisniua_6235246'), datetime('now')),datetime('now'));
INSERT OR REPLACE INTO songs_fts(song_id,title,lyrics) VALUES ('pisniua_6235246','Бонна','Хочеться нині зібрати
Квіти найкращі землі...
Звідки ж тоді могли знати -
Зовсім були ми малі.
Ви ж, така горда й красива,
Впевнено вірили в нас -
Вкотре виводили в люди
"Зовсім пропащий вже" клас.

Приспів:
Нині ж бо Ви - королева,
Й через роки - чарівна,
Перша моя наречена —
Класнице рідна моя.
Справжня бо Ви примадонна,
Вперто наслідують Вас
Юні принцеси... О, бонно!
Вечір сьогодні для Вас!

Трішки, як мати, сувора,
Нишпорка і як сестра,
Ви на буденних незгодах
Нас научали життя.
З Вами ішли до вершини,
Сміхом ставав ревний плач,
Вдома батьки за провини
Майже не лаяли нас.

Приспів.

Подругам це не збагнути -
Доля давала Вам шанс:
Тон фешенебельних блисків
Як поміняти на вальс?
Скільки їх, вчених, по світу
Шану збирають давно.
Вам в нагороду клас п''ятий
Знову навчати дано!..

Приспів.');
DELETE FROM song_links WHERE song_id = 'pisniua_6230858';
DELETE FROM song_versions WHERE song_id = 'pisniua_6230858';
DELETE FROM songs_fts WHERE song_id = 'pisniua_6230858';
DELETE FROM songs WHERE id = 'pisniua_6230858';
INSERT OR REPLACE INTO songs (id,title,subtitle,lang,country,period,year,source,notes,lyrics,tags_json,lang_locked,status,created_at,updated_at) VALUES ('pisniua_6230858','Батеньку-голубоньку','Українська народна пісня','uk','ukr_ssr_1919_1991',NULL,'1976','"Пісні Тернопільщини". Пісенник. - Вип.1. - Київ: Муз. Україна, 1989.','Джерело: П. Медведик. 1976. Жабиня Зборівського р-ну. Від Марії Карабін (1904, 4 кл.). Мелодію розшифрував 3. Храпун. 182. Пісні Тернопільщини: Календарно-обрядова та родинно-побутова лірика: Пісенник. Вип. 1. / Упоряд.: С.І. Стельмащук, П.К. Медведик. Вступ. ст. П. Медведика. — К.: Муз. Україна, 1989.','Батеньку-голубоньку,       | (2)
Благослови доненьку.
(Благослови дороженьку.)

Я вже йду до шлюбу,        | (2)
До божого суду.

Там нам рученьки зв''яжуть, | (2)
Усю правдоньку скажуть.

Кропи нас, матінко,        | (2)
Свяченою водою,

Щедрою рукою,              | (2)
Доброю доленькою.','[''pisni.org.ua'', ''cat:vesilni'', ''Весільні пісні'']',1,'published',COALESCE((SELECT created_at FROM songs WHERE id='pisniua_6230858'), datetime('now')),datetime('now'));
INSERT OR REPLACE INTO songs_fts(song_id,title,lyrics) VALUES ('pisniua_6230858','Батеньку-голубоньку','Батеньку-голубоньку,       | (2)
Благослови доненьку.
(Благослови дороженьку.)

Я вже йду до шлюбу,        | (2)
До божого суду.

Там нам рученьки зв''яжуть, | (2)
Усю правдоньку скажуть.

Кропи нас, матінко,        | (2)
Свяченою водою,

Щедрою рукою,              | (2)
Доброю доленькою.');
DELETE FROM song_links WHERE song_id = 'pisniua_622972';
DELETE FROM song_versions WHERE song_id = 'pisniua_622972';
DELETE FROM songs_fts WHERE song_id = 'pisniua_622972';
DELETE FROM songs WHERE id = 'pisniua_622972';
INSERT OR REPLACE INTO songs (id,title,subtitle,lang,country,period,year,source,notes,lyrics,tags_json,lang_locked,status,created_at,updated_at) VALUES ('pisniua_622972','Одна калина','Музика: Руслан Квінта Слова: Віталій Куровський. Виконує: Софія Ротару, Василь Білоцерківський','uk','ukraine_1991',NULL,NULL,NULL,'Виконує: Софія Ротару, в оригіналі тональність вища за подану на 1,5 тона. Підбір акордів: Kolivan','Вступ:  Dm Am  E  Am
Сумно, сумно, аж за край,
Не дивись на мене,
Грай, музико, грай.
Зимно, зимно на душі
Забирай, що хочеш
Тільки залиши...
Приспів:
Одну калину за вікном,
Am
Одну родину за столом,
Одну стежину, щоб додому йшла сама.
Dm
Одну любов на все життя,
Am
Одну журбу - до забуття.
І Україну, бо в нас іншої нема!!!
Сумно, сумно, аж за край.
Так чого ж ти плачеш?
Грай, музико, грай!
Крапля горя не заллє,
Наливай козаче, бо у нас ще є...
Приспів.
Сумно, так і не засну,
Краще буду думать про свою весну,
Та й піду за небокрай,
Вперше, як востаннє -
Грай, музико, грай:
Про ту калину за вікном,
Bm
Одну родину за столом,
Одну стежину, щоб додому йшла сама.
Ebm
Одну любов на все життя,
Bm
Одну журбу - до забуття.
І Україну, бо в нас іншої нема!!!','[''pisni.org.ua'', ''cat:patriotic'', ''Патріотичні пісні'']',1,'published',COALESCE((SELECT created_at FROM songs WHERE id='pisniua_622972'), datetime('now')),datetime('now'));
INSERT OR REPLACE INTO songs_fts(song_id,title,lyrics) VALUES ('pisniua_622972','Одна калина','Вступ:  Dm Am  E  Am
Сумно, сумно, аж за край,
Не дивись на мене,
Грай, музико, грай.
Зимно, зимно на душі
Забирай, що хочеш
Тільки залиши...
Приспів:
Одну калину за вікном,
Am
Одну родину за столом,
Одну стежину, щоб додому йшла сама.
Dm
Одну любов на все життя,
Am
Одну журбу - до забуття.
І Україну, бо в нас іншої нема!!!
Сумно, сумно, аж за край.
Так чого ж ти плачеш?
Грай, музико, грай!
Крапля горя не заллє,
Наливай козаче, бо у нас ще є...
Приспів.
Сумно, так і не засну,
Краще буду думать про свою весну,
Та й піду за небокрай,
Вперше, як востаннє -
Грай, музико, грай:
Про ту калину за вікном,
Bm
Одну родину за столом,
Одну стежину, щоб додому йшла сама.
Ebm
Одну любов на все життя,
Bm
Одну журбу - до забуття.
І Україну, бо в нас іншої нема!!!');
INSERT OR REPLACE INTO song_links (id,song_id,title,url,kind,version_id,sort_order) VALUES ('pisniua_622972_l1','pisniua_622972','YouTube','https://www.youtube.com/watch?v=k9PSVGsmsfk','video',NULL,1);
INSERT OR REPLACE INTO song_links (id,song_id,title,url,kind,version_id,sort_order) VALUES ('pisniua_622972_l2','pisniua_622972','YouTube','https://www.youtube.com/watch?v=USR5ltNp_Lo','video',NULL,2);
DELETE FROM song_links WHERE song_id = 'pisniua_6237940';
DELETE FROM song_versions WHERE song_id = 'pisniua_6237940';
DELETE FROM songs_fts WHERE song_id = 'pisniua_6237940';
DELETE FROM songs WHERE id = 'pisniua_6237940';
INSERT OR REPLACE INTO songs (id,title,subtitle,lang,country,period,year,source,notes,lyrics,tags_json,lang_locked,status,created_at,updated_at) VALUES ('pisniua_6237940','Вишита перлина','Слова: Леся Любарська','uk','ukraine_1991',NULL,NULL,'записано в м. Борщів',NULL,'Вишивала мати у садочку
Дорогому синові сорочку.
Кольори найкращі вибирала,
Щоб у сина доля розквітала.

Приспів:
Вишита сорочка — український стрій,
Це твоє коріння, сину дорогий!
В ній краса дівоча, сила козаків
І землі твоєї неповторний спів!

Вишивала китиці калини,
Щоб горнувся син до Батьківщини.
Чорний хрестик має пригадати,
Як страждала Україна-мати.

Приспів.

Пролетіли роки за роками,
Син благословення просить в мами.
А на грудях вишита перлина,
Що матуся берегла для сина!

Приспів.','[''pisni.org.ua'', ''cat:pro-ditey'', ''Пісні про любов до дітей'']',1,'published',COALESCE((SELECT created_at FROM songs WHERE id='pisniua_6237940'), datetime('now')),datetime('now'));
INSERT OR REPLACE INTO songs_fts(song_id,title,lyrics) VALUES ('pisniua_6237940','Вишита перлина','Вишивала мати у садочку
Дорогому синові сорочку.
Кольори найкращі вибирала,
Щоб у сина доля розквітала.

Приспів:
Вишита сорочка — український стрій,
Це твоє коріння, сину дорогий!
В ній краса дівоча, сила козаків
І землі твоєї неповторний спів!

Вишивала китиці калини,
Щоб горнувся син до Батьківщини.
Чорний хрестик має пригадати,
Як страждала Україна-мати.

Приспів.

Пролетіли роки за роками,
Син благословення просить в мами.
А на грудях вишита перлина,
Що матуся берегла для сина!

Приспів.');
DELETE FROM song_links WHERE song_id = 'pisniua_623858';
DELETE FROM song_versions WHERE song_id = 'pisniua_623858';
DELETE FROM songs_fts WHERE song_id = 'pisniua_623858';
DELETE FROM songs WHERE id = 'pisniua_623858';
INSERT OR REPLACE INTO songs (id,title,subtitle,lang,country,period,year,source,notes,lyrics,tags_json,lang_locked,status,created_at,updated_at) VALUES ('pisniua_623858','Колискова','Музика: Анатолій Андрухов Слова: Олександр Богачук','uk','ukraine_before_1917',NULL,NULL,'надіслав Ярослав Богачук',NULL,'В ніч найсвітлішу, в ніч найгустішу
Бачу, як висне колиска...
Тишу гойдає, розгойдує тишу
Ніжна рука материнська.

Явір шепоче і шепче ліщина,
Рідна ліщина поліська...
В кожної птахи є мила пташина —
Ніжна любов материнська.

Хмарка у сні обнялася з туманом,
Спить над дібровою низько...
Хмарка не хоче, щоб хмарилась рано
Ніжна краса материнська.

Бачу приплющені втомлені очі.
Чую здалека і зблизька:
Тишу колише, гойдає щоночі —
Ніжна рука материнська.','[''pisni.org.ua'', ''cat:kolyskovi'', ''Колискові'']',1,'published',COALESCE((SELECT created_at FROM songs WHERE id='pisniua_623858'), datetime('now')),datetime('now'));
INSERT OR REPLACE INTO songs_fts(song_id,title,lyrics) VALUES ('pisniua_623858','Колискова','В ніч найсвітлішу, в ніч найгустішу
Бачу, як висне колиска...
Тишу гойдає, розгойдує тишу
Ніжна рука материнська.

Явір шепоче і шепче ліщина,
Рідна ліщина поліська...
В кожної птахи є мила пташина —
Ніжна любов материнська.

Хмарка у сні обнялася з туманом,
Спить над дібровою низько...
Хмарка не хоче, щоб хмарилась рано
Ніжна краса материнська.

Бачу приплющені втомлені очі.
Чую здалека і зблизька:
Тишу колише, гойдає щоночі —
Ніжна рука материнська.');
DELETE FROM song_links WHERE song_id = 'pisniua_6241695';
DELETE FROM song_versions WHERE song_id = 'pisniua_6241695';
DELETE FROM songs_fts WHERE song_id = 'pisniua_6241695';
DELETE FROM songs WHERE id = 'pisniua_6241695';
INSERT OR REPLACE INTO songs (id,title,subtitle,lang,country,period,year,source,notes,lyrics,tags_json,lang_locked,status,created_at,updated_at) VALUES ('pisniua_6241695','Я поклав своє кохання на вівтар','Музика: Степан Гіга Слова: Анатолій Фіглюк. Виконує: Степан Гіга','uk','ukraine_before_1917',NULL,NULL,'аудіозапис',NULL,'Осінь залистопадила,
У душі задощило,
Ти кохання не зрадила,
Ти його загубила...
Те, що серцем я вимріяв,   |
Зберегти не змогла ти,     |
Журавлиному вирію          |
Віддала на крилята.        | (2)

Приспів:
А я поклав своє кохання    |
На вівтар                  |
І його благословив         |
Небесний цар,              |
А ти любов мою розбила,    |
Мов кришталь,              |
І за тим тобі, що сталося, |
Не жаль...                 | (2)

Були ночі вінчальними,
Птаха щастя кружляла,
Та з гіркими печалями
Нас журба повінчала...
Нас любов повінчала,
Не Всевишнього волею,      |
А твоїм небажанням         |
Не зустрілися з долею,     |
Розминулись з коханням...  | (2)

Приспів.

Не Всевишнього волею,      |
А твоїм небажанням         |
Не зустрілися з долею,     |
Розминулись з коханням...  | (2)

Приспів.','[''pisni.org.ua'', ''cat:lirychni'', ''cat:nostalgia'', ''Пісні про кохання, ліричні'', ''Пісні з ностальгічними мотивами'']',1,'published',COALESCE((SELECT created_at FROM songs WHERE id='pisniua_6241695'), datetime('now')),datetime('now'));
INSERT OR REPLACE INTO songs_fts(song_id,title,lyrics) VALUES ('pisniua_6241695','Я поклав своє кохання на вівтар','Осінь залистопадила,
У душі задощило,
Ти кохання не зрадила,
Ти його загубила...
Те, що серцем я вимріяв,   |
Зберегти не змогла ти,     |
Журавлиному вирію          |
Віддала на крилята.        | (2)

Приспів:
А я поклав своє кохання    |
На вівтар                  |
І його благословив         |
Небесний цар,              |
А ти любов мою розбила,    |
Мов кришталь,              |
І за тим тобі, що сталося, |
Не жаль...                 | (2)

Були ночі вінчальними,
Птаха щастя кружляла,
Та з гіркими печалями
Нас журба повінчала...
Нас любов повінчала,
Не Всевишнього волею,      |
А твоїм небажанням         |
Не зустрілися з долею,     |
Розминулись з коханням...  | (2)

Приспів.

Не Всевишнього волею,      |
А твоїм небажанням         |
Не зустрілися з долею,     |
Розминулись з коханням...  | (2)

Приспів.');
INSERT OR REPLACE INTO song_links (id,song_id,title,url,kind,version_id,sort_order) VALUES ('pisniua_6241695_l1','pisniua_6241695','YouTube','https://www.youtube.com/watch?v=2SF0aVzkQiM','video',NULL,1);
INSERT OR REPLACE INTO song_links (id,song_id,title,url,kind,version_id,sort_order) VALUES ('pisniua_6241695_l2','pisniua_6241695','YouTube','https://www.youtube.com/watch?v=eZ8ownmj_Ik','video',NULL,2);
DELETE FROM song_links WHERE song_id = 'pisniua_6240477';
DELETE FROM song_versions WHERE song_id = 'pisniua_6240477';
DELETE FROM songs_fts WHERE song_id = 'pisniua_6240477';
DELETE FROM songs WHERE id = 'pisniua_6240477';
INSERT OR REPLACE INTO songs (id,title,subtitle,lang,country,period,year,source,notes,lyrics,tags_json,lang_locked,status,created_at,updated_at) VALUES ('pisniua_6240477','А мій милий чорнобривий...','Українська народна пісня. Виконує: Черкаський народний хор','uk','ukraine_before_1917',NULL,NULL,'Інтернет',NULL,'А мій милий чорнобривий              |
Вареничків хоче.                     | (2)

Навари, мила! Навари, мила!          |
Навари, у-ха-ха, моя чорнобривая!    | (2)

Ой, я ж дрівець не маю,
Милий мій миленький.
Ой, я ж дрівець не маю,
Голубе сизенький.

Нарубай, мила! Нарубай, мила!        |
Нарубай, у-ха-ха, моя чорнобривая!   | (2)

Ой, я ж силоньки не маю,
Милий мій миленький.
Ой, я ж силоньки не маю,
Голубе сизенький.

То вмирай, мила! То вмирай, мила!    |
То вмирай, у-ха-ха, моя чорнобривая! | (2)

Де ж ти мене поховаєш,
Милий мій миленький?
Де ж ти мене поховаєш,
Голубе сизенький?

В кропиві, мила. В кропиві, мила.    |
В кропиві, у-ха-ха, моя чорнобривая. | (2)

Що ти на мені посадиш,
Милий мій миленький?
Що ти на мені посадиш,
Голубе сизенький?

Будяки, мила, лопухи, мила.          |
Будяки, лопухи, моя чорнобривая.     | (2)

З ким ти будеш доживать,
Милий мій миленький?
З ким ти будеш доживать,
Голубе сизенький?

Із кумой, мила. Із кумой, мила.      |
Із кумой, у-ха-ха, моя чорнобривая.  | (2)

А пішли додомоньку,
Милий мій миленький,
Вареничків наварю,
Голубе сизенький.

Не жартуй, мила! Не жартуй, мила!    |
Не жартуй, у-ха-ха, моя чорнобривая! | (3)','[''pisni.org.ua'', ''cat:zhartivlyvi'', ''Жартівливі пісні'']',1,'published',COALESCE((SELECT created_at FROM songs WHERE id='pisniua_6240477'), datetime('now')),datetime('now'));
INSERT OR REPLACE INTO songs_fts(song_id,title,lyrics) VALUES ('pisniua_6240477','А мій милий чорнобривий...','А мій милий чорнобривий              |
Вареничків хоче.                     | (2)

Навари, мила! Навари, мила!          |
Навари, у-ха-ха, моя чорнобривая!    | (2)

Ой, я ж дрівець не маю,
Милий мій миленький.
Ой, я ж дрівець не маю,
Голубе сизенький.

Нарубай, мила! Нарубай, мила!        |
Нарубай, у-ха-ха, моя чорнобривая!   | (2)

Ой, я ж силоньки не маю,
Милий мій миленький.
Ой, я ж силоньки не маю,
Голубе сизенький.

То вмирай, мила! То вмирай, мила!    |
То вмирай, у-ха-ха, моя чорнобривая! | (2)

Де ж ти мене поховаєш,
Милий мій миленький?
Де ж ти мене поховаєш,
Голубе сизенький?

В кропиві, мила. В кропиві, мила.    |
В кропиві, у-ха-ха, моя чорнобривая. | (2)

Що ти на мені посадиш,
Милий мій миленький?
Що ти на мені посадиш,
Голубе сизенький?

Будяки, мила, лопухи, мила.          |
Будяки, лопухи, моя чорнобривая.     | (2)

З ким ти будеш доживать,
Милий мій миленький?
З ким ти будеш доживать,
Голубе сизенький?

Із кумой, мила. Із кумой, мила.      |
Із кумой, у-ха-ха, моя чорнобривая.  | (2)

А пішли додомоньку,
Милий мій миленький,
Вареничків наварю,
Голубе сизенький.

Не жартуй, мила! Не жартуй, мила!    |
Не жартуй, у-ха-ха, моя чорнобривая! | (3)');
INSERT OR REPLACE INTO song_links (id,song_id,title,url,kind,version_id,sort_order) VALUES ('pisniua_6240477_l1','pisniua_6240477','YouTube','https://www.youtube.com/watch?v=uAm5nAxbUSE','video',NULL,1);
DELETE FROM song_links WHERE song_id = 'pisniua_6237178';
DELETE FROM song_versions WHERE song_id = 'pisniua_6237178';
DELETE FROM songs_fts WHERE song_id = 'pisniua_6237178';
DELETE FROM songs WHERE id = 'pisniua_6237178';
INSERT OR REPLACE INTO songs (id,title,subtitle,lang,country,period,year,source,notes,lyrics,tags_json,lang_locked,status,created_at,updated_at) VALUES ('pisniua_6237178','Поруч ти','Музика: Людмила Тимченко Слова: Людмила Тимченко. Виконує: ТамДеМи','uk','ukraine_1991',NULL,NULL,'аудіозапис',NULL,'Приспів:
Ти розкажи мені
Про всі складні шляхи -
Ми подолаємо з тобою вдвох!
І хай не буде сліз,
Ви посміхніться всі,
Дарую, друзі, Вам
Тепло й любов!

Я не одна, я не боюсь:
Зі мною ти,
Мій вірний друг!
Пробач мені за все,
Що було не так.
І зрозумієш ти мене,
А я тобі пораду дам,
Бо щирість почуттів
Важливий то знак.

Приспів.

Буває важко на душі,
Та знаю я, що поруч ти,
Підтримаєш мене
І радість несеш.
Я наберу твій телефон,
Почую там твоє "Ало!"
І смуток відійде,
Забуду про все.

Приспів. (2)','[''pisni.org.ua'', ''cat:druzhba'', ''Пісні про дружбу'']',1,'published',COALESCE((SELECT created_at FROM songs WHERE id='pisniua_6237178'), datetime('now')),datetime('now'));
INSERT OR REPLACE INTO songs_fts(song_id,title,lyrics) VALUES ('pisniua_6237178','Поруч ти','Приспів:
Ти розкажи мені
Про всі складні шляхи -
Ми подолаємо з тобою вдвох!
І хай не буде сліз,
Ви посміхніться всі,
Дарую, друзі, Вам
Тепло й любов!

Я не одна, я не боюсь:
Зі мною ти,
Мій вірний друг!
Пробач мені за все,
Що було не так.
І зрозумієш ти мене,
А я тобі пораду дам,
Бо щирість почуттів
Важливий то знак.

Приспів.

Буває важко на душі,
Та знаю я, що поруч ти,
Підтримаєш мене
І радість несеш.
Я наберу твій телефон,
Почую там твоє "Ало!"
І смуток відійде,
Забуду про все.

Приспів. (2)');
DELETE FROM song_links WHERE song_id = 'pisniua_6242144';
DELETE FROM song_versions WHERE song_id = 'pisniua_6242144';
DELETE FROM songs_fts WHERE song_id = 'pisniua_6242144';
DELETE FROM songs WHERE id = 'pisniua_6242144';
INSERT OR REPLACE INTO songs (id,title,subtitle,lang,country,period,year,source,notes,lyrics,tags_json,lang_locked,status,created_at,updated_at) VALUES ('pisniua_6242144','Боже, Боже, што ся стало','Українська народна пісня. Виконує: Леся Горлицька','uk','ukr_ssr_1919_1991',NULL,'1928','альбом "З Лемківського краю", 2008 р.','Пісня розшифрована з записів 1928 р., наданих Вальтером Максимовичем (США) в 2007 р., текст пісні також переданий Вальтером Максимовичем (США) в 2007 р. в Ждині (Польща) на Міжнародному фестивалі лемківської культури.','Боже, Боже, што ся стало,
Боже, Боже, што ся стало,
Же на яблони, же на яблони
Яблок мало...

Ци не било, ци опали,
Ци не било, ци опали,
Ей, ци іх хлопці, ей, ци іх хлопці
Пообривали...

Били, били, не опали,
Били, били, не опали,
Іно іх хлопці, іно їх хлопці
Пообривали...

Били, били, але квасни,
Били, били, але квасни,
Пообривали іх, пообривали іх
Хлопці красни...

Боже, Боже, што мі с того,
Боже, Боже, што мі с того,
Ей, же я пішла, ей, же я пішла
За старого...

Ходив до ня цілу зиму,
Ходив до ня цілу зиму,
Ей, пущала м го під перину,
Ей, пущала м го під перину','[''pisni.org.ua'', ''cat:lemkivski'', ''Лемківські пісні'']',1,'published',COALESCE((SELECT created_at FROM songs WHERE id='pisniua_6242144'), datetime('now')),datetime('now'));
INSERT OR REPLACE INTO songs_fts(song_id,title,lyrics) VALUES ('pisniua_6242144','Боже, Боже, што ся стало','Боже, Боже, што ся стало,
Боже, Боже, што ся стало,
Же на яблони, же на яблони
Яблок мало...

Ци не било, ци опали,
Ци не било, ци опали,
Ей, ци іх хлопці, ей, ци іх хлопці
Пообривали...

Били, били, не опали,
Били, били, не опали,
Іно іх хлопці, іно їх хлопці
Пообривали...

Били, били, але квасни,
Били, били, але квасни,
Пообривали іх, пообривали іх
Хлопці красни...

Боже, Боже, што мі с того,
Боже, Боже, што мі с того,
Ей, же я пішла, ей, же я пішла
За старого...

Ходив до ня цілу зиму,
Ходив до ня цілу зиму,
Ей, пущала м го під перину,
Ей, пущала м го під перину');
INSERT OR REPLACE INTO song_links (id,song_id,title,url,kind,version_id,sort_order) VALUES ('pisniua_6242144_l1','pisniua_6242144','Переглянути варіанти >>','https://www.pisni.org.ua/#variants','external',NULL,1);
DELETE FROM song_links WHERE song_id = 'pisniua_6233252';
DELETE FROM song_versions WHERE song_id = 'pisniua_6233252';
DELETE FROM songs_fts WHERE song_id = 'pisniua_6233252';
DELETE FROM songs WHERE id = 'pisniua_6233252';
INSERT OR REPLACE INTO songs (id,title,subtitle,lang,country,period,year,source,notes,lyrics,tags_json,lang_locked,status,created_at,updated_at) VALUES ('pisniua_6233252','Зійшла вже зірка','Українська народна пісня. Виконує: Діана Глухова','uk','ukraine_before_1917',NULL,NULL,'аудіозапис',NULL,'Зійшла вже зірка на небозводі,
Ясне проміння на землю шле,
Князів багатих, ген, аж зі Сходу
До Вифлеєму вона веде.
Йдемо за світлом ясної зірки,
Там десь лежить Господнє дитя,
В бідінім вертепі в яслах на сіні
Він спочиває творець життя.

Вже херувими пісню співають:
Богові слава, мир усім вам!
Щоб добру волю на Бога мають,
Що служать правді своїм життям.
Увесь наш нарід, вся Україна,
Палкі й гарячі наші серця
З любов''ю линуть до Вифлеєму,
Де Бог-дитятко й Мати свята!

Зійшла вже зірка на небозводі,
Ясне проміння на землю шле,
І нас, люд вільний, аж з України
До Вифлеєму вона веде.
Духа в покорі, серця готові,
Підемо скласти дари свої,
Милий Ісусе, прийми готовий
Наш подарунок - любов Тобі!','[''pisni.org.ua'', ''cat:shchedrivky'', ''cat:suchasni-pisni-rizdvo'', ''Щедрівки'', ''Сучасні пісні про Різдвяні свята'']',1,'published',COALESCE((SELECT created_at FROM songs WHERE id='pisniua_6233252'), datetime('now')),datetime('now'));
INSERT OR REPLACE INTO songs_fts(song_id,title,lyrics) VALUES ('pisniua_6233252','Зійшла вже зірка','Зійшла вже зірка на небозводі,
Ясне проміння на землю шле,
Князів багатих, ген, аж зі Сходу
До Вифлеєму вона веде.
Йдемо за світлом ясної зірки,
Там десь лежить Господнє дитя,
В бідінім вертепі в яслах на сіні
Він спочиває творець життя.

Вже херувими пісню співають:
Богові слава, мир усім вам!
Щоб добру волю на Бога мають,
Що служать правді своїм життям.
Увесь наш нарід, вся Україна,
Палкі й гарячі наші серця
З любов''ю линуть до Вифлеєму,
Де Бог-дитятко й Мати свята!

Зійшла вже зірка на небозводі,
Ясне проміння на землю шле,
І нас, люд вільний, аж з України
До Вифлеєму вона веде.
Духа в покорі, серця готові,
Підемо скласти дари свої,
Милий Ісусе, прийми готовий
Наш подарунок - любов Тобі!');
INSERT OR REPLACE INTO song_links (id,song_id,title,url,kind,version_id,sort_order) VALUES ('pisniua_6233252_l1','pisniua_6233252','YouTube','https://www.youtube.com/watch?v=UjdV_DK-YCE','video',NULL,1);
DELETE FROM song_links WHERE song_id = 'pisniua_6243042';
DELETE FROM song_versions WHERE song_id = 'pisniua_6243042';
DELETE FROM songs_fts WHERE song_id = 'pisniua_6243042';
DELETE FROM songs WHERE id = 'pisniua_6243042';
INSERT OR REPLACE INTO songs (id,title,subtitle,lang,country,period,year,source,notes,lyrics,tags_json,lang_locked,status,created_at,updated_at) VALUES ('pisniua_6243042','Спогади','Музика: Леонід Попернацький Слова: Володимир Матвієнко. Виконує: Оксана Голуб','uk','ukraine_1991',NULL,NULL,'Продюсер',NULL,'Де пралісів і рік Полісся,
Лечу думками до села,
Мої дороги простяглися,
В добрі й любові - два крила.
Там чисте небо і дорога,
Там яснозорі почуття...
Кудись біжить ріка розлога,
Моєї правди і життя.

Приспів:
Мрію туманами осені,
Літо минуло давно...
Спогади, спогади, спогади -
Ніби червлене вино...
Мрію туманами осені,
Давнє наснилось в красі...
Спогади, спогади, спогади -
Наче лелеки в росі...

Лунай, моя осіння музо,
В душі прекрасне не мине,
Мої нові і давні друзі,
Земля і небо в нас одне.
Та тільки спогад розповнився
І все минуле ожило,
І сонце скроплене поліссям,
І знов лелеки над селом.

Приспів','[''pisni.org.ua'', ''cat:druzhba'', ''cat:poliski'', ''Пісні про дружбу'', ''Пісні з Полісся'']',1,'published',COALESCE((SELECT created_at FROM songs WHERE id='pisniua_6243042'), datetime('now')),datetime('now'));
INSERT OR REPLACE INTO songs_fts(song_id,title,lyrics) VALUES ('pisniua_6243042','Спогади','Де пралісів і рік Полісся,
Лечу думками до села,
Мої дороги простяглися,
В добрі й любові - два крила.
Там чисте небо і дорога,
Там яснозорі почуття...
Кудись біжить ріка розлога,
Моєї правди і життя.

Приспів:
Мрію туманами осені,
Літо минуло давно...
Спогади, спогади, спогади -
Ніби червлене вино...
Мрію туманами осені,
Давнє наснилось в красі...
Спогади, спогади, спогади -
Наче лелеки в росі...

Лунай, моя осіння музо,
В душі прекрасне не мине,
Мої нові і давні друзі,
Земля і небо в нас одне.
Та тільки спогад розповнився
І все минуле ожило,
І сонце скроплене поліссям,
І знов лелеки над селом.

Приспів');
INSERT OR REPLACE INTO song_links (id,song_id,title,url,kind,version_id,sort_order) VALUES ('pisniua_6243042_l1','pisniua_6243042','YouTube','https://www.youtube.com/watch?v=_PpxDAsSj0A','video',NULL,1);
INSERT OR REPLACE INTO song_links (id,song_id,title,url,kind,version_id,sort_order) VALUES ('pisniua_6243042_l2','pisniua_6243042','YouTube','https://www.youtube.com/watch?v=ZMCbmyORoZI','video',NULL,2);
DELETE FROM song_links WHERE song_id = 'pisniua_6230144';
DELETE FROM song_versions WHERE song_id = 'pisniua_6230144';
DELETE FROM songs_fts WHERE song_id = 'pisniua_6230144';
DELETE FROM songs WHERE id = 'pisniua_6230144';
INSERT OR REPLACE INTO songs (id,title,subtitle,lang,country,period,year,source,notes,lyrics,tags_json,lang_locked,status,created_at,updated_at) VALUES ('pisniua_6230144','Ой у полі, в полі','Українська народна пісня. Виконує: Майя Негребецька','uk','ukraine_before_1917',NULL,NULL,'Збірка колядок "Колядуймо нині"',NULL,'Ой, у полі, в полі там стоїть стаєнка.
Там Ісусик народився, Божая дитинка.

Пастушки у полі стерегли ягнята,
Як новину ту почули, прибігли вітати.

Прибігли, прибігли та й стали питати,
Чи дозволить Божа Мати Ісуса вітати.

Ісусе, Ісусе, рожевий цвіточку,
Даруй щастя, даруй долю в оцю хатиночку.','[''pisni.org.ua'', ''cat:kolyadky'', ''cat:narodni'', ''Колядки'', ''Народні пісні'']',1,'published',COALESCE((SELECT created_at FROM songs WHERE id='pisniua_6230144'), datetime('now')),datetime('now'));
INSERT OR REPLACE INTO songs_fts(song_id,title,lyrics) VALUES ('pisniua_6230144','Ой у полі, в полі','Ой, у полі, в полі там стоїть стаєнка.
Там Ісусик народився, Божая дитинка.

Пастушки у полі стерегли ягнята,
Як новину ту почули, прибігли вітати.

Прибігли, прибігли та й стали питати,
Чи дозволить Божа Мати Ісуса вітати.

Ісусе, Ісусе, рожевий цвіточку,
Даруй щастя, даруй долю в оцю хатиночку.');
DELETE FROM song_links WHERE song_id = 'pisniua_6238246';
DELETE FROM song_versions WHERE song_id = 'pisniua_6238246';
DELETE FROM songs_fts WHERE song_id = 'pisniua_6238246';
DELETE FROM songs WHERE id = 'pisniua_6238246';
INSERT OR REPLACE INTO songs (id,title,subtitle,lang,country,period,year,source,notes,lyrics,tags_json,lang_locked,status,created_at,updated_at) VALUES ('pisniua_6238246','Колисанка ночі','Музика: Ірина Музика Слова: Наталя Гуркіна. Виконує: Ірина Музика','uk','ukraine_before_1917',NULL,NULL,NULL,'Аранжування - Сергій Степанів.','Заснули котенята,
Бачать сни качата,
Сонечко на небі теж спить.
Нічка усе вкрила,
Коси розпустила,
Колискова пісня летить.   | (2)

Сплять у стайні коні,
В зоопарку - поні,
Квіточка в садочку теж спить.
І дерева й трави
Бачать сни дубраві,
Зіронька на небі блищить. | (2)

Сплять маленькі діти,
Казками сповиті,
Пісенька любові дзвенить.
Щоб приколисати,
Сни подарувати,
Ніжно обіймати в цю мить.
Щоб заколихати,
Спокій дарувати,
Колисанка ночі летить...','[''pisni.org.ua'', ''cat:kolyskovi'', ''Колискові'']',1,'published',COALESCE((SELECT created_at FROM songs WHERE id='pisniua_6238246'), datetime('now')),datetime('now'));
INSERT OR REPLACE INTO songs_fts(song_id,title,lyrics) VALUES ('pisniua_6238246','Колисанка ночі','Заснули котенята,
Бачать сни качата,
Сонечко на небі теж спить.
Нічка усе вкрила,
Коси розпустила,
Колискова пісня летить.   | (2)

Сплять у стайні коні,
В зоопарку - поні,
Квіточка в садочку теж спить.
І дерева й трави
Бачать сни дубраві,
Зіронька на небі блищить. | (2)

Сплять маленькі діти,
Казками сповиті,
Пісенька любові дзвенить.
Щоб приколисати,
Сни подарувати,
Ніжно обіймати в цю мить.
Щоб заколихати,
Спокій дарувати,
Колисанка ночі летить...');
INSERT OR REPLACE INTO song_links (id,song_id,title,url,kind,version_id,sort_order) VALUES ('pisniua_6238246_l1','pisniua_6238246','YouTube','https://www.youtube.com/watch?v=z7QgG9ZJ1Mo','video',NULL,1);
DELETE FROM song_links WHERE song_id = 'pisniua_6231644';
DELETE FROM song_versions WHERE song_id = 'pisniua_6231644';
DELETE FROM songs_fts WHERE song_id = 'pisniua_6231644';
DELETE FROM songs WHERE id = 'pisniua_6231644';
INSERT OR REPLACE INTO songs (id,title,subtitle,lang,country,period,year,source,notes,lyrics,tags_json,lang_locked,status,created_at,updated_at) VALUES ('pisniua_6231644','Пісня для тебе','Музика: Платон Майборода Слова: Михайло Ткач. Виконує: Анатолій Мокренко, Рената Бабак','uk','ukraine_1991',NULL,NULL,'Пісенник 90',NULL,'Літа за літами -
За обрій крильми,
За обрій з дитинства
Злітаємо ми.
Та як би не кликав,
Не звав виднокруг:
На довгій дорозі,
Як віра в тривозі,
Потрібен товариш    |
І друг.             | (2)

Приспів:
Без неба нема висоти,
Дороги єднають мости,
І радість - не радість
Без друга,
Як пройдений шлях
Без мети.

За втомленим літом -
Холодна зима...
Бентежному серцю
Спокою нема.
Як часом заб''ється
У тихій журбі:
Усе, що зробили,
Навік полюбили,
Згадаєм, як сни     |
Голубі.             | (2)

Приспів.

І сонце, як вперше,
Зійде молоде,
На наші дороги
Тепло покладе.
І хтось, може, скаже:
Ми йшли недарма,
У щасті і в тузі
Були з нами друзі,  |
А кращої долі нема. | (2)

Приспів','[''pisni.org.ua'', ''cat:druzhba'', ''Пісні про дружбу'']',1,'published',COALESCE((SELECT created_at FROM songs WHERE id='pisniua_6231644'), datetime('now')),datetime('now'));
INSERT OR REPLACE INTO songs_fts(song_id,title,lyrics) VALUES ('pisniua_6231644','Пісня для тебе','Літа за літами -
За обрій крильми,
За обрій з дитинства
Злітаємо ми.
Та як би не кликав,
Не звав виднокруг:
На довгій дорозі,
Як віра в тривозі,
Потрібен товариш    |
І друг.             | (2)

Приспів:
Без неба нема висоти,
Дороги єднають мости,
І радість - не радість
Без друга,
Як пройдений шлях
Без мети.

За втомленим літом -
Холодна зима...
Бентежному серцю
Спокою нема.
Як часом заб''ється
У тихій журбі:
Усе, що зробили,
Навік полюбили,
Згадаєм, як сни     |
Голубі.             | (2)

Приспів.

І сонце, як вперше,
Зійде молоде,
На наші дороги
Тепло покладе.
І хтось, може, скаже:
Ми йшли недарма,
У щасті і в тузі
Були з нами друзі,  |
А кращої долі нема. | (2)

Приспів');
INSERT OR REPLACE INTO song_links (id,song_id,title,url,kind,version_id,sort_order) VALUES ('pisniua_6231644_l1','pisniua_6231644','YouTube','https://www.youtube.com/watch?v=YyC-hbRm0RY','video',NULL,1);
DELETE FROM song_links WHERE song_id = 'pisniua_6233271';
DELETE FROM song_versions WHERE song_id = 'pisniua_6233271';
DELETE FROM songs_fts WHERE song_id = 'pisniua_6233271';
DELETE FROM songs WHERE id = 'pisniua_6233271';
INSERT OR REPLACE INTO songs (id,title,subtitle,lang,country,period,year,source,notes,lyrics,tags_json,lang_locked,status,created_at,updated_at) VALUES ('pisniua_6233271','Новорічна','Музика: Сергій Андрущак Слова: Сергій Андрущак. Виконує: Еліза Андрущак Сергій Андрущак','uk','ukraine_1991',NULL,NULL,'аудіозапис',NULL,'Там, де гори сховались за хмарами,
У льодовому замку живе Дід Мороз,
Він чекає пори, коли листя спаде
І зима до нас в гості прийде!

Він в дорогу тоді вирушає скоріш,
Подарунки малятам у торбу кладе,
Через гори круті нам ялинку несе
І в дорозі співає про це.

Ми прикрасим ялинку гірляндами,
Срібний дощик проллється на пишні гілки,
Кольорова красуня посміхнеться до нас,
Дід Мороз гукне: "Забаві час!"

Там, де гори сховались за хмарами,
У льодовому замку живе Дід Мороз,
Він чекає пори, коли листя спаде
І зима до нас в гості прийде!

Він в дорогу тоді вирушає скоріш,
Подарунки малятам у торбу кладе,
Через гори круті нам ялинку несе
І в дорозі співає про це.','[''pisni.org.ua'', ''cat:new-year'', ''Пісні про Новий Рік'']',1,'published',COALESCE((SELECT created_at FROM songs WHERE id='pisniua_6233271'), datetime('now')),datetime('now'));
INSERT OR REPLACE INTO songs_fts(song_id,title,lyrics) VALUES ('pisniua_6233271','Новорічна','Там, де гори сховались за хмарами,
У льодовому замку живе Дід Мороз,
Він чекає пори, коли листя спаде
І зима до нас в гості прийде!

Він в дорогу тоді вирушає скоріш,
Подарунки малятам у торбу кладе,
Через гори круті нам ялинку несе
І в дорозі співає про це.

Ми прикрасим ялинку гірляндами,
Срібний дощик проллється на пишні гілки,
Кольорова красуня посміхнеться до нас,
Дід Мороз гукне: "Забаві час!"

Там, де гори сховались за хмарами,
У льодовому замку живе Дід Мороз,
Він чекає пори, коли листя спаде
І зима до нас в гості прийде!

Він в дорогу тоді вирушає скоріш,
Подарунки малятам у торбу кладе,
Через гори круті нам ялинку несе
І в дорозі співає про це.');
INSERT OR REPLACE INTO song_links (id,song_id,title,url,kind,version_id,sort_order) VALUES ('pisniua_6233271_l1','pisniua_6233271','YouTube','https://www.youtube.com/watch?v=dnyd9tJ7Rmw','video',NULL,1);
DELETE FROM song_links WHERE song_id = 'pisniua_6237797';
DELETE FROM song_versions WHERE song_id = 'pisniua_6237797';
DELETE FROM songs_fts WHERE song_id = 'pisniua_6237797';
DELETE FROM songs WHERE id = 'pisniua_6237797';
INSERT OR REPLACE INTO songs (id,title,subtitle,lang,country,period,year,source,notes,lyrics,tags_json,lang_locked,status,created_at,updated_at) VALUES ('pisniua_6237797','Є тільки мить','Музика: О. Зацепин Слова: Ігор Федчишин','uk','ukraine_1991',NULL,NULL,'Пісня О.Зацепина та Л.Дербенева з кінофільму "Замля Санникова"',NULL,'Клопітно нам в цьому світі бурхливому,
Є тільки мить, що ласкає серця,
Є тільки мить між вчорашнім та нинішним,
Саме вона має назву - життя!

З року-у-рік ми на спокій загадуєм,
Він лиш для тих, хто ніде не спішить,
А для зорі, що палає і падає,
Є тільки мить, обворожлива мить.

Вмить промайне все життя наше праведне,
А за гріхи дорікати не смій,
Миті одній ми будуємо пам''ятник,
Миті одній, тільки миті одній.

Щастям назвем ми всі миті поблажливо,
Лихо і сум заберем в небуття,
Є тільки мить між минулим і завтрашнім,
Саме вона має назву - життя!','[''pisni.org.ua'', ''cat:translations'', ''Переклади іноземних пісень'']',1,'published',COALESCE((SELECT created_at FROM songs WHERE id='pisniua_6237797'), datetime('now')),datetime('now'));
INSERT OR REPLACE INTO songs_fts(song_id,title,lyrics) VALUES ('pisniua_6237797','Є тільки мить','Клопітно нам в цьому світі бурхливому,
Є тільки мить, що ласкає серця,
Є тільки мить між вчорашнім та нинішним,
Саме вона має назву - життя!

З року-у-рік ми на спокій загадуєм,
Він лиш для тих, хто ніде не спішить,
А для зорі, що палає і падає,
Є тільки мить, обворожлива мить.

Вмить промайне все життя наше праведне,
А за гріхи дорікати не смій,
Миті одній ми будуємо пам''ятник,
Миті одній, тільки миті одній.

Щастям назвем ми всі миті поблажливо,
Лихо і сум заберем в небуття,
Є тільки мить між минулим і завтрашнім,
Саме вона має назву - життя!');
INSERT OR REPLACE INTO song_links (id,song_id,title,url,kind,version_id,sort_order) VALUES ('pisniua_6237797_l1','pisniua_6237797','http://musicfiles.ru','http://musicfiles.ru','external',NULL,1);
DELETE FROM song_links WHERE song_id = 'pisniua_6234776';
DELETE FROM song_versions WHERE song_id = 'pisniua_6234776';
DELETE FROM songs_fts WHERE song_id = 'pisniua_6234776';
DELETE FROM songs WHERE id = 'pisniua_6234776';
INSERT OR REPLACE INTO songs (id,title,subtitle,lang,country,period,year,source,notes,lyrics,tags_json,lang_locked,status,created_at,updated_at) VALUES ('pisniua_6234776','Новий рік','Музика: Марія Бурмака Слова: Наталя Забіла. Виконує: Марія Бурмака','uk','ukraine_1991',NULL,NULL,'диск',NULL,'У нас сьогодні весело
В дитячому садку:
Ялиночку принесено,
Поставлено в кутку!

Приспів:
Новий Рік                |
Знов приходить на поріг! |
Новий Рік -              |
Подарунки для усіх!      | (2)

Так гарно-гарно прибрано
Ялиночку у нас:
І вогниками срібними,
І золотом прикрас.

Приспів.

Ялиночко, красунечко,
Ліхтарики блищать,
Хороші подаруночки
Під вітами лежать!

Приспів.

А ми в долоні плещемо,
Співаємо пісень -
Нам дуже, дуже весело
В такий веселий день!

Приспів.','[''pisni.org.ua'', ''cat:new-year'', ''Пісні про Новий Рік'']',1,'published',COALESCE((SELECT created_at FROM songs WHERE id='pisniua_6234776'), datetime('now')),datetime('now'));
INSERT OR REPLACE INTO songs_fts(song_id,title,lyrics) VALUES ('pisniua_6234776','Новий рік','У нас сьогодні весело
В дитячому садку:
Ялиночку принесено,
Поставлено в кутку!

Приспів:
Новий Рік                |
Знов приходить на поріг! |
Новий Рік -              |
Подарунки для усіх!      | (2)

Так гарно-гарно прибрано
Ялиночку у нас:
І вогниками срібними,
І золотом прикрас.

Приспів.

Ялиночко, красунечко,
Ліхтарики блищать,
Хороші подаруночки
Під вітами лежать!

Приспів.

А ми в долоні плещемо,
Співаємо пісень -
Нам дуже, дуже весело
В такий веселий день!

Приспів.');
DELETE FROM song_links WHERE song_id = 'pisniua_6245570';
DELETE FROM song_versions WHERE song_id = 'pisniua_6245570';
DELETE FROM songs_fts WHERE song_id = 'pisniua_6245570';
DELETE FROM songs WHERE id = 'pisniua_6245570';
INSERT OR REPLACE INTO songs (id,title,subtitle,lang,country,period,year,source,notes,lyrics,tags_json,lang_locked,status,created_at,updated_at) VALUES ('pisniua_6245570','Весільна для доні','Музика: Володимир Домшинський Слова: В. Сав''юк. Виконує: Богдан Сташків','uk','ukraine_1991',NULL,NULL,'http://smoz.ru/, аудіозапис',NULL,'Застелила осінь рушничок весільний,
На моїм подвір''ї гості і рідня.
В серці промайнуло лебединим пір''ям
Донечки дитинство — золота пора.
На подвір''я вийшла молода лебідка,
Радісно скотилася матері сльоза,
Рушничка торкнулось лебедине пір''я,
В вирій відлітає донечка моя.

Приспів:
Ой, на-на, на-на-на.
Моя ти дана,
Моя дитино,
Моя доню дорога.
Ой, на-на, на-на-на.
І світ жаданий,
Моя ти зіронько
Небесна і земна.

О, моя лебідко, о, моя дитино,
І для мене пісня ту, що Бог послав.
І сьогодні стала молода дружина,
Цю весільну ватру, а тож Бог розклав.
О, моя лебідко, о, моя дитино,
І летиш у вирій щастя і добра.
Збережи довіку вірність лебедину,
Пам''ятай, дитино, батьківські слова!

Приспів. (3)','[''pisni.org.ua'', ''cat:pro-ditey'', ''Пісні про любов до дітей'']',1,'published',COALESCE((SELECT created_at FROM songs WHERE id='pisniua_6245570'), datetime('now')),datetime('now'));
INSERT OR REPLACE INTO songs_fts(song_id,title,lyrics) VALUES ('pisniua_6245570','Весільна для доні','Застелила осінь рушничок весільний,
На моїм подвір''ї гості і рідня.
В серці промайнуло лебединим пір''ям
Донечки дитинство — золота пора.
На подвір''я вийшла молода лебідка,
Радісно скотилася матері сльоза,
Рушничка торкнулось лебедине пір''я,
В вирій відлітає донечка моя.

Приспів:
Ой, на-на, на-на-на.
Моя ти дана,
Моя дитино,
Моя доню дорога.
Ой, на-на, на-на-на.
І світ жаданий,
Моя ти зіронько
Небесна і земна.

О, моя лебідко, о, моя дитино,
І для мене пісня ту, що Бог послав.
І сьогодні стала молода дружина,
Цю весільну ватру, а тож Бог розклав.
О, моя лебідко, о, моя дитино,
І летиш у вирій щастя і добра.
Збережи довіку вірність лебедину,
Пам''ятай, дитино, батьківські слова!

Приспів. (3)');
DELETE FROM song_links WHERE song_id = 'pisniua_6243454';
DELETE FROM song_versions WHERE song_id = 'pisniua_6243454';
DELETE FROM songs_fts WHERE song_id = 'pisniua_6243454';
DELETE FROM songs WHERE id = 'pisniua_6243454';
INSERT OR REPLACE INTO songs (id,title,subtitle,lang,country,period,year,source,notes,lyrics,tags_json,lang_locked,status,created_at,updated_at) VALUES ('pisniua_6243454','Серце моє для тебе','Музика: Марта Шпак Слова: Марта Шпак. Виконує: Марта Шпак','uk','ukraine_1991',NULL,NULL,'аудіозапис',NULL,'В Україні Євро свято
Розпалив в душі огонь,
Крок до світу, перемоги
Робить чемпіон!
Там, де гори, синє море,
Де душа співає,
Світ футболу щирим серцем |
Двері відкриває!          | (2)

Приспів:
Крок за кроком грай! Грай!
Ну, давай, перемагай!
Допоможи нам, небо!
Ти надію не втрачай
І від нині пам''ятай:
Серце моє для тебе!       | (3)

З нами друзі
Й панство польське
Теж запрошують на матч.
Футболісти, станьте в коло,
Починаєм Євро матч!
Вже на полі вся Європа,
Як одна родина,
Серце своє відкриває      |
Євро Vіva!                | (2)

Приспів. (2)

Серце моє для тебе!       | (2)','[''pisni.org.ua'', ''cat:himny-marshi'', ''Гимни та марші'']',1,'published',COALESCE((SELECT created_at FROM songs WHERE id='pisniua_6243454'), datetime('now')),datetime('now'));
INSERT OR REPLACE INTO songs_fts(song_id,title,lyrics) VALUES ('pisniua_6243454','Серце моє для тебе','В Україні Євро свято
Розпалив в душі огонь,
Крок до світу, перемоги
Робить чемпіон!
Там, де гори, синє море,
Де душа співає,
Світ футболу щирим серцем |
Двері відкриває!          | (2)

Приспів:
Крок за кроком грай! Грай!
Ну, давай, перемагай!
Допоможи нам, небо!
Ти надію не втрачай
І від нині пам''ятай:
Серце моє для тебе!       | (3)

З нами друзі
Й панство польське
Теж запрошують на матч.
Футболісти, станьте в коло,
Починаєм Євро матч!
Вже на полі вся Європа,
Як одна родина,
Серце своє відкриває      |
Євро Vіva!                | (2)

Приспів. (2)

Серце моє для тебе!       | (2)');
INSERT OR REPLACE INTO song_links (id,song_id,title,url,kind,version_id,sort_order) VALUES ('pisniua_6243454_l1','pisniua_6243454','YouTube','https://www.youtube.com/watch?v=jVlxtMh16CI','video',NULL,1);
DELETE FROM song_links WHERE song_id = 'pisniua_62440';
DELETE FROM song_versions WHERE song_id = 'pisniua_62440';
DELETE FROM songs_fts WHERE song_id = 'pisniua_62440';
DELETE FROM songs WHERE id = 'pisniua_62440';
INSERT OR REPLACE INTO songs (id,title,subtitle,lang,country,period,year,source,notes,lyrics,tags_json,lang_locked,status,created_at,updated_at) VALUES ('pisniua_62440','Заграйте ми, гусли','Українська народна пісня. Виконує: Ансамбль Львівського Університету "Черемош"','uk','ukraine_before_1917',NULL,NULL,NULL,NULL,'Заграйте мі, гусли,
Заграйте мі, баси.
Най сой витанцую     |
Свої млади часи.   | (2)

Грают гусли, грают,
Грают і басуют.
А у моїх очах        |
Слези ся вказуют.    | (2)

Заграй ми, музико,
На цілого смика
А я ти заплачу,      |
Як продам коника.    | (2)

Заграй ми, гудачку
На тонку струночку.
Най сой витанцую     |
З свойов фраїрочков  | (2)

Заграйте, заграйте,
Гуслі яворові.
Най сой витанцуют    |
Ножки шугайови.      | (2)','[''pisni.org.ua'', ''cat:dances'', ''cat:lemkivski'', ''cat:waltzes'', ''Пісні до танцю'', ''Лемківські пісні'', ''Вальси'']',1,'published',COALESCE((SELECT created_at FROM songs WHERE id='pisniua_62440'), datetime('now')),datetime('now'));
INSERT OR REPLACE INTO songs_fts(song_id,title,lyrics) VALUES ('pisniua_62440','Заграйте ми, гусли','Заграйте мі, гусли,
Заграйте мі, баси.
Най сой витанцую     |
Свої млади часи.   | (2)

Грают гусли, грают,
Грают і басуют.
А у моїх очах        |
Слези ся вказуют.    | (2)

Заграй ми, музико,
На цілого смика
А я ти заплачу,      |
Як продам коника.    | (2)

Заграй ми, гудачку
На тонку струночку.
Най сой витанцую     |
З свойов фраїрочков  | (2)

Заграйте, заграйте,
Гуслі яворові.
Най сой витанцуют    |
Ножки шугайови.      | (2)');
INSERT OR REPLACE INTO song_links (id,song_id,title,url,kind,version_id,sort_order) VALUES ('pisniua_62440_l1','pisniua_62440','YouTube','https://www.youtube.com/watch?v=yfNVY94i8AM','video',NULL,1);
INSERT OR REPLACE INTO song_links (id,song_id,title,url,kind,version_id,sort_order) VALUES ('pisniua_62440_l2','pisniua_62440','Переглянути варіанти >>','https://www.pisni.org.ua/#variants','external',NULL,2);
DELETE FROM song_links WHERE song_id = 'pisniua_6235093';
DELETE FROM song_versions WHERE song_id = 'pisniua_6235093';
DELETE FROM songs_fts WHERE song_id = 'pisniua_6235093';
DELETE FROM songs WHERE id = 'pisniua_6235093';
INSERT OR REPLACE INTO songs (id,title,subtitle,lang,country,period,year,source,notes,lyrics,tags_json,lang_locked,status,created_at,updated_at) VALUES ('pisniua_6235093','Щедрівочка щедрувала','Українська народна пісня. Виконує: Волинський народний хор, Театр Пісні "Джерела"','uk','ukraine_before_1917',NULL,NULL,'Співає Волин. народний хор / © Видавництво: "Волин. книга", ВАТ "Волин. обл. друкарня", Луцьк, 2008 р.','Українська народна творчість, українська пісенність, художній світ.','Щедрівочка щедрувала,
До віконця припадала.
Що ти, тітко, напекла,
Неси нам до вікна,
Чи вареник, чи пиріг
Неси нам за поріг.

Приспів:
Щедрик, ведрик,        |
Дайте вареник,         |
З грушами пироги,      |
Здоровенькі були.      | (2)

Щедрівочка, щедрівочка
Добра з медом горілочка,
А без меду не така,
Дайте нам п''ятака.
А п''ятак не такий,
Дайте руб золотий.

Приспів.

Ми щедрівки заспівали,
За щедрівки ленти дали.
Ленти в коси заплетем, |
І в таночок підем.     | (2)

Приспів.','[''pisni.org.ua'', ''cat:dytyachi'', ''cat:narodni'', ''cat:shchedrivky'', ''Дитячі пісні'', ''Народні пісні'', ''Щедрівки'']',1,'published',COALESCE((SELECT created_at FROM songs WHERE id='pisniua_6235093'), datetime('now')),datetime('now'));
INSERT OR REPLACE INTO songs_fts(song_id,title,lyrics) VALUES ('pisniua_6235093','Щедрівочка щедрувала','Щедрівочка щедрувала,
До віконця припадала.
Що ти, тітко, напекла,
Неси нам до вікна,
Чи вареник, чи пиріг
Неси нам за поріг.

Приспів:
Щедрик, ведрик,        |
Дайте вареник,         |
З грушами пироги,      |
Здоровенькі були.      | (2)

Щедрівочка, щедрівочка
Добра з медом горілочка,
А без меду не така,
Дайте нам п''ятака.
А п''ятак не такий,
Дайте руб золотий.

Приспів.

Ми щедрівки заспівали,
За щедрівки ленти дали.
Ленти в коси заплетем, |
І в таночок підем.     | (2)

Приспів.');
INSERT OR REPLACE INTO song_links (id,song_id,title,url,kind,version_id,sort_order) VALUES ('pisniua_6235093_l1','pisniua_6235093','YouTube','https://www.youtube.com/watch?v=gz-4mURPxiw','video',NULL,1);
INSERT OR REPLACE INTO song_links (id,song_id,title,url,kind,version_id,sort_order) VALUES ('pisniua_6235093_l2','pisniua_6235093','YouTube','https://www.youtube.com/watch?v=0CZp2klXepE','video',NULL,2);
INSERT OR REPLACE INTO song_links (id,song_id,title,url,kind,version_id,sort_order) VALUES ('pisniua_6235093_l3','pisniua_6235093','YouTube','https://www.youtube.com/watch?v=JSMdIUqGh8E','video',NULL,3);
DELETE FROM song_links WHERE song_id = 'pisniua_6240644';
DELETE FROM song_versions WHERE song_id = 'pisniua_6240644';
DELETE FROM songs_fts WHERE song_id = 'pisniua_6240644';
DELETE FROM songs WHERE id = 'pisniua_6240644';
INSERT OR REPLACE INTO songs (id,title,subtitle,lang,country,period,year,source,notes,lyrics,tags_json,lang_locked,status,created_at,updated_at) VALUES ('pisniua_6240644','Ще осінь зовсім молода...','Музика: Сергій Бабкін Слова: Федір Савлук. Виконує: Сергій Бабкін','uk','ukraine_1991',NULL,NULL,NULL,NULL,'Ще осінь зовсім молода,
Не встигла перейтись полями,
Мінлива зрадила вода -
Тебе не стало поміж нами...

Освячений Всевишнім шлях,
Мов небо сонечком на сході,
Живе душа твоя в піснях,
В полотнах зітканих мелодій!..

Співаєш з ангелами десь,
Обнятий їхніми крилами...
Втішає голос від небес:
Ми всі живі — не плачте, мамо!..

Не плачте, мамо!..               | (6)

Ми всі живі — не плачте, мамо!.. | (8)','[''pisni.org.ua'', ''cat:nostalgia'', ''Пісні з ностальгічними мотивами'']',1,'published',COALESCE((SELECT created_at FROM songs WHERE id='pisniua_6240644'), datetime('now')),datetime('now'));
INSERT OR REPLACE INTO songs_fts(song_id,title,lyrics) VALUES ('pisniua_6240644','Ще осінь зовсім молода...','Ще осінь зовсім молода,
Не встигла перейтись полями,
Мінлива зрадила вода -
Тебе не стало поміж нами...

Освячений Всевишнім шлях,
Мов небо сонечком на сході,
Живе душа твоя в піснях,
В полотнах зітканих мелодій!..

Співаєш з ангелами десь,
Обнятий їхніми крилами...
Втішає голос від небес:
Ми всі живі — не плачте, мамо!..

Не плачте, мамо!..               | (6)

Ми всі живі — не плачте, мамо!.. | (8)');
INSERT OR REPLACE INTO song_links (id,song_id,title,url,kind,version_id,sort_order) VALUES ('pisniua_6240644_l1','pisniua_6240644','YouTube','https://www.youtube.com/watch?v=llTNabpyomY','video',NULL,1);
INSERT OR REPLACE INTO song_links (id,song_id,title,url,kind,version_id,sort_order) VALUES ('pisniua_6240644_l2','pisniua_6240644','YouTube','https://www.youtube.com/watch?v=QkVfB_8_xqg','video',NULL,2);
DELETE FROM song_links WHERE song_id = 'pisniua_6244399';
DELETE FROM song_versions WHERE song_id = 'pisniua_6244399';
DELETE FROM songs_fts WHERE song_id = 'pisniua_6244399';
DELETE FROM songs WHERE id = 'pisniua_6244399';
INSERT OR REPLACE INTO songs (id,title,subtitle,lang,country,period,year,source,notes,lyrics,tags_json,lang_locked,status,created_at,updated_at) VALUES ('pisniua_6244399','В день народження твого','Музика: Олександр Семенців Слова: Олександр Семенців. Виконує: Дует Розмай (США)','uk','ukraine_1991',NULL,NULL,'2-й диск- "Очі-волошки"',NULL,'Ось сьогодні
День народження твій!
Хай збуваються бажання
Заповітних твоїх мрій!
Хай добра повниться чаша,
Щоб з роси тобі й з води!
Щоб безхмарних довгих років
Й не зазнати щоб біди!

Приспів:
Добре, коли друзі згадують,
І подарунками радують,
Щоб була подія ця світла
Й світилась усмішка привітна!
В День народження твого
Побажають всі друзі того,
Щоби доля всміхалась, здоров''я було,
Щоби радість життя принесло!

Ось сьогодні
День народження твій!
Хай сльози гірке пізнання
Не торкнеться твоїх вій!
Хай задумане здійсниться,
Щоб невдачі відійшли,
Щоб хотілося й моглося
І сади в душі цвіли!

Приспів.

В День народження твого
Побажають всі друзі того,
Щоби доля всміхалась, здоров''я було,
Щоби радість життя принесло!

Приспів.

В День народження твого              |
Побажають всі друзі того,            |
Щоби доля всміхалась, здоров''я було, |
Щоби радість життя принесло!         | (2)','[''pisni.org.ua'', ''cat:druzhba'', ''Пісні про дружбу'']',1,'published',COALESCE((SELECT created_at FROM songs WHERE id='pisniua_6244399'), datetime('now')),datetime('now'));
INSERT OR REPLACE INTO songs_fts(song_id,title,lyrics) VALUES ('pisniua_6244399','В день народження твого','Ось сьогодні
День народження твій!
Хай збуваються бажання
Заповітних твоїх мрій!
Хай добра повниться чаша,
Щоб з роси тобі й з води!
Щоб безхмарних довгих років
Й не зазнати щоб біди!

Приспів:
Добре, коли друзі згадують,
І подарунками радують,
Щоб була подія ця світла
Й світилась усмішка привітна!
В День народження твого
Побажають всі друзі того,
Щоби доля всміхалась, здоров''я було,
Щоби радість життя принесло!

Ось сьогодні
День народження твій!
Хай сльози гірке пізнання
Не торкнеться твоїх вій!
Хай задумане здійсниться,
Щоб невдачі відійшли,
Щоб хотілося й моглося
І сади в душі цвіли!

Приспів.

В День народження твого
Побажають всі друзі того,
Щоби доля всміхалась, здоров''я було,
Щоби радість життя принесло!

Приспів.

В День народження твого              |
Побажають всі друзі того,            |
Щоби доля всміхалась, здоров''я було, |
Щоби радість життя принесло!         | (2)');
DELETE FROM song_links WHERE song_id = 'pisniua_6244673';
DELETE FROM song_versions WHERE song_id = 'pisniua_6244673';
DELETE FROM songs_fts WHERE song_id = 'pisniua_6244673';
DELETE FROM songs WHERE id = 'pisniua_6244673';
INSERT OR REPLACE INTO songs (id,title,subtitle,lang,country,period,year,source,notes,lyrics,tags_json,lang_locked,status,created_at,updated_at) VALUES ('pisniua_6244673','Ха-ха-ха','Музика: Михайло Хома, Олег Турко Слова: Михайло Хома. Виконує: DZIDZIO','uk','ukraine_before_1917',NULL,NULL,NULL,NULL,'Заходжу в магазин на пиво розливне,
Без лівчика мала його там продає.
Просвітчується всьо, так чотко бачу їх,
От іменно за то, я люблю всіх чувіх.
Приспів:
Ха-ха-ха без лівчика мала,
У неї через майку чьотко видно
Два круга.
Ха-ха-ха, а кльова та мала,
С
В якої через майку, через майку
D
Чотко видно два круга,
Am
Ха-ха!
На вулиці жара, по носі піт тече,
Під музику мала пивко мені несе,
Просвічується всьо, так чотко бачу їх,
От іменно за то, я люблю всіх чувіх!
Приспів. | (2)
Від пива з раками еротика пішла,
Вона відро води на себе вилила.
Просвічується всьо, так чотко бачу їх,
От іменно за то, я люблю всіх чувіх!
Я люблю всіх чувіх!
Приспів.','[''pisni.org.ua'', ''cat:zhartivlyvi'', ''Жартівливі пісні'']',1,'published',COALESCE((SELECT created_at FROM songs WHERE id='pisniua_6244673'), datetime('now')),datetime('now'));
INSERT OR REPLACE INTO songs_fts(song_id,title,lyrics) VALUES ('pisniua_6244673','Ха-ха-ха','Заходжу в магазин на пиво розливне,
Без лівчика мала його там продає.
Просвітчується всьо, так чотко бачу їх,
От іменно за то, я люблю всіх чувіх.
Приспів:
Ха-ха-ха без лівчика мала,
У неї через майку чьотко видно
Два круга.
Ха-ха-ха, а кльова та мала,
С
В якої через майку, через майку
D
Чотко видно два круга,
Am
Ха-ха!
На вулиці жара, по носі піт тече,
Під музику мала пивко мені несе,
Просвічується всьо, так чотко бачу їх,
От іменно за то, я люблю всіх чувіх!
Приспів. | (2)
Від пива з раками еротика пішла,
Вона відро води на себе вилила.
Просвічується всьо, так чотко бачу їх,
От іменно за то, я люблю всіх чувіх!
Я люблю всіх чувіх!
Приспів.');
INSERT OR REPLACE INTO song_links (id,song_id,title,url,kind,version_id,sort_order) VALUES ('pisniua_6244673_l1','pisniua_6244673','YouTube','https://www.youtube.com/watch?v=fCMvWoAq9Io','video',NULL,1);
INSERT OR REPLACE INTO song_links (id,song_id,title,url,kind,version_id,sort_order) VALUES ('pisniua_6244673_l2','pisniua_6244673','YouTube','https://www.youtube.com/watch?v=vDQlRbwHFOo','video',NULL,2);
DELETE FROM song_links WHERE song_id = 'pisniua_6246178';
DELETE FROM song_versions WHERE song_id = 'pisniua_6246178';
DELETE FROM songs_fts WHERE song_id = 'pisniua_6246178';
DELETE FROM songs WHERE id = 'pisniua_6246178';
INSERT OR REPLACE INTO songs (id,title,subtitle,lang,country,period,year,source,notes,lyrics,tags_json,lang_locked,status,created_at,updated_at) VALUES ('pisniua_6246178','У лузі червона калина','Українська народна пісня. Виконує: Веселі музики','uk','ukraine_1991',NULL,'1993',NULL,'Обробка Лисоконь О.П, Хитряков С.П. у виконанні фольклорного ансамблю Національної філармонії України "Веселі Музики" 1993 р.','У лузі, у лузі червона калина.
Там дівчина мила віночок, увила,
Там дівчина мила віночок, увила
З барвіночку, з барвіночку.

Увила, увила, на Дунай пустила:
Плинь же, плинь, віночку,
Зелен барвіночку,
Плинь же, плинь, віночку,
Зелен барвіночку
За миленьким, за миленьким.

Дунаю, Дунаю, того я не знаю,
Хто вінок дістане,
Хто зі мною стане,
Хто вінок дістане,
Хто зі мною стане
На рушничок, на рушничок?..','[''pisni.org.ua'', ''cat:romansy'', ''Романси'']',1,'published',COALESCE((SELECT created_at FROM songs WHERE id='pisniua_6246178'), datetime('now')),datetime('now'));
INSERT OR REPLACE INTO songs_fts(song_id,title,lyrics) VALUES ('pisniua_6246178','У лузі червона калина','У лузі, у лузі червона калина.
Там дівчина мила віночок, увила,
Там дівчина мила віночок, увила
З барвіночку, з барвіночку.

Увила, увила, на Дунай пустила:
Плинь же, плинь, віночку,
Зелен барвіночку,
Плинь же, плинь, віночку,
Зелен барвіночку
За миленьким, за миленьким.

Дунаю, Дунаю, того я не знаю,
Хто вінок дістане,
Хто зі мною стане,
Хто вінок дістане,
Хто зі мною стане
На рушничок, на рушничок?..');
DELETE FROM song_links WHERE song_id = 'pisniua_624797';
DELETE FROM song_versions WHERE song_id = 'pisniua_624797';
DELETE FROM songs_fts WHERE song_id = 'pisniua_624797';
DELETE FROM songs WHERE id = 'pisniua_624797';
INSERT OR REPLACE INTO songs (id,title,subtitle,lang,country,period,year,source,notes,lyrics,tags_json,lang_locked,status,created_at,updated_at) VALUES ('pisniua_624797','Ой у вишневому садочку...','Українська народна пісня. Виконує: Чарівна','uk','ukraine_before_1917',NULL,NULL,'Багато хто співає:-)','Пісня гарно звучить коли грати вальсом, а саме: Удар по одній з басових струн і згодом два щипка 3 не-басових струн. В приспіві можна замість щипка робити удар. azovchanka: Улюблена жартівлива пісня, яка виконується синтез-гуртом "Чарівна". Як завжди використовуються акустичні інструменти: бандура, скрипка, гітара, бубен. Запис зроблено у 1993р. Нова редакція - 2007р.','Ой у вишневому садочку
Там соловейко щебетав,
Фіть-фіть-фіть, тьох-тьох-тьох, |
А-я-яй, ох-ох-ох,               | (2)
Там соловейко щебетав.          |

Ой у зеленому садочку
Козак дівчину умовляв,
Фіть-фіть-фіть, тьох-тьох-тьох, |
А-я-яй, ох-ох-ох,               | (2)
І Козак дівчину умовляв.        |

Ой ти, дівчино, чорноброва,
Ой чи підеш ти за мене?
Фіть-фіть-фіть, тьох-тьох-тьох, |
А-я-яй, ох-ох-ох,               | (2)
Ой чи підеш ти за мене?         |

Моя матуся тебе знає,
Ти той козак, що все гуляє,
Фіть-фіть-фіть, тьох-тьох-тьох, |
А-я-яй, ох-ох-ох,               | (2)
Ти той козак, що все гуляє      |

А я матусі не злякаюсь,
Якщо з тобою покохаюсь!
Фіть-фіть-фіть, тьох-тьох-тьох, |
А-я-яй, ох-ох-ох,               |  (2)
Якщо з тобою покохаюсь...       |','[''pisni.org.ua'', ''cat:dances'', ''cat:lirychni'', ''cat:narodni'', ''cat:waltzes'', ''cat:zhartivlyvi'', ''Пісні до танцю'', ''Пісні про кохання, ліричні'', ''Народні пісні'', ''Вальси'', ''Жартівливі пісні'']',1,'published',COALESCE((SELECT created_at FROM songs WHERE id='pisniua_624797'), datetime('now')),datetime('now'));
INSERT OR REPLACE INTO songs_fts(song_id,title,lyrics) VALUES ('pisniua_624797','Ой у вишневому садочку...','Ой у вишневому садочку
Там соловейко щебетав,
Фіть-фіть-фіть, тьох-тьох-тьох, |
А-я-яй, ох-ох-ох,               | (2)
Там соловейко щебетав.          |

Ой у зеленому садочку
Козак дівчину умовляв,
Фіть-фіть-фіть, тьох-тьох-тьох, |
А-я-яй, ох-ох-ох,               | (2)
І Козак дівчину умовляв.        |

Ой ти, дівчино, чорноброва,
Ой чи підеш ти за мене?
Фіть-фіть-фіть, тьох-тьох-тьох, |
А-я-яй, ох-ох-ох,               | (2)
Ой чи підеш ти за мене?         |

Моя матуся тебе знає,
Ти той козак, що все гуляє,
Фіть-фіть-фіть, тьох-тьох-тьох, |
А-я-яй, ох-ох-ох,               | (2)
Ти той козак, що все гуляє      |

А я матусі не злякаюсь,
Якщо з тобою покохаюсь!
Фіть-фіть-фіть, тьох-тьох-тьох, |
А-я-яй, ох-ох-ох,               |  (2)
Якщо з тобою покохаюсь...       |');
INSERT OR REPLACE INTO song_links (id,song_id,title,url,kind,version_id,sort_order) VALUES ('pisniua_624797_l1','pisniua_624797','YouTube','https://www.youtube.com/watch?v=xDKr2h1mUuU','video',NULL,1);
INSERT OR REPLACE INTO song_links (id,song_id,title,url,kind,version_id,sort_order) VALUES ('pisniua_624797_l2','pisniua_624797','YouTube','https://www.youtube.com/watch?v=4p7sA3AV-50','video',NULL,2);
INSERT OR REPLACE INTO song_links (id,song_id,title,url,kind,version_id,sort_order) VALUES ('pisniua_624797_l3','pisniua_624797','YouTube','https://www.youtube.com/watch?v=gIXfse0mb1M','video',NULL,3);
DELETE FROM song_links WHERE song_id = 'pisniua_624477';
DELETE FROM song_versions WHERE song_id = 'pisniua_624477';
DELETE FROM songs_fts WHERE song_id = 'pisniua_624477';
DELETE FROM songs WHERE id = 'pisniua_624477';
INSERT OR REPLACE INTO songs (id,title,subtitle,lang,country,period,year,source,notes,lyrics,tags_json,lang_locked,status,created_at,updated_at) VALUES ('pisniua_624477','Україна - релігія','Музика: Олександр Смик Слова: Олександр Смик. Виконує: Олександр Смик','uk','ukraine_1991',NULL,NULL,'Аудіо','Текст і акорди записано на слух з аудіо. Тональність оригінальна. Підбір акордів: bohdanko@pisni.org.ua','Gm
В час великого здвигу
Gm
все так складно і просто.
G7
Настає
Cm
вирішальний момент.
Cm
Україна - релігія,
Gm
їй потрібен апостол,
Cm
їй потрібен апостол,
D7
не президент.

Український бо час -
це історія вічності.
На десятому колі
окреслили крес.
Це релігія нас,
ми хрестами помічені;
перший хрест над Дніпром -
це Андріївський хрест.

Кричимо де не слід,
що Європа спасенна,
і жила, і жиє
доки є.
Не дві тисячі літ
ойкумена блаженна;
залишилось лише
поважати своє.

Україна - релігія,
Україна - молитва.
Вже у кожнім селі
кам''яніє Тарас.
Cm
Нам потрібен апостол -  |
Gm        |
ми готові до битви -    |
Cm             | (x2)
...той апостол,         |
що виведе нас.          |','[''pisni.org.ua'', ''cat:suspilno-politychni'', ''Суспільно-політичні пісні'']',1,'published',COALESCE((SELECT created_at FROM songs WHERE id='pisniua_624477'), datetime('now')),datetime('now'));
INSERT OR REPLACE INTO songs_fts(song_id,title,lyrics) VALUES ('pisniua_624477','Україна - релігія','Gm
В час великого здвигу
Gm
все так складно і просто.
G7
Настає
Cm
вирішальний момент.
Cm
Україна - релігія,
Gm
їй потрібен апостол,
Cm
їй потрібен апостол,
D7
не президент.

Український бо час -
це історія вічності.
На десятому колі
окреслили крес.
Це релігія нас,
ми хрестами помічені;
перший хрест над Дніпром -
це Андріївський хрест.

Кричимо де не слід,
що Європа спасенна,
і жила, і жиє
доки є.
Не дві тисячі літ
ойкумена блаженна;
залишилось лише
поважати своє.

Україна - релігія,
Україна - молитва.
Вже у кожнім селі
кам''яніє Тарас.
Cm
Нам потрібен апостол -  |
Gm        |
ми готові до битви -    |
Cm             | (x2)
...той апостол,         |
що виведе нас.          |');
DELETE FROM song_links WHERE song_id = 'pisniua_6246195';
DELETE FROM song_versions WHERE song_id = 'pisniua_6246195';
DELETE FROM songs_fts WHERE song_id = 'pisniua_6246195';
DELETE FROM songs WHERE id = 'pisniua_6246195';
INSERT OR REPLACE INTO songs (id,title,subtitle,lang,country,period,year,source,notes,lyrics,tags_json,lang_locked,status,created_at,updated_at) VALUES ('pisniua_6246195','Новий Рік','Українська народна пісня. Виконує: Ріка життя','uk','ukraine_before_1917',NULL,NULL,'аудіозапис',NULL,'Довгожданий день прийшов,
В серці відгук він знайшов,
Цей зимовий час подарував
Своє тепло, своє тепло...
Наче в дивовижнім сні
Навкруг засяяли вогні,
Годинник "північ" б''є,
І враз нещастя утекло!

Приспів:
З Новим Роком -
Годинник вже б''є
Любе свято твоє і моє!
З Новим Роком!
Летять по світу бажання!
З Новим Роком -
Годинник вже б''є
Любе свято твоє і моє!
З Новим Роком!
Усім добра і кохання!

Ми піднімаєм келих свій
За чистоту відвертих мрій,
За вдачу молоду,
За щастя і палку любов!
Нехай минулії роки
Не подадуть уже руки,
Бо ще не раз в житті
Ми побажаєм знов і знов!

Приспів. (2)

З Новим Роком!','[''pisni.org.ua'', ''cat:new-year'', ''Пісні про Новий Рік'']',1,'published',COALESCE((SELECT created_at FROM songs WHERE id='pisniua_6246195'), datetime('now')),datetime('now'));
INSERT OR REPLACE INTO songs_fts(song_id,title,lyrics) VALUES ('pisniua_6246195','Новий Рік','Довгожданий день прийшов,
В серці відгук він знайшов,
Цей зимовий час подарував
Своє тепло, своє тепло...
Наче в дивовижнім сні
Навкруг засяяли вогні,
Годинник "північ" б''є,
І враз нещастя утекло!

Приспів:
З Новим Роком -
Годинник вже б''є
Любе свято твоє і моє!
З Новим Роком!
Летять по світу бажання!
З Новим Роком -
Годинник вже б''є
Любе свято твоє і моє!
З Новим Роком!
Усім добра і кохання!

Ми піднімаєм келих свій
За чистоту відвертих мрій,
За вдачу молоду,
За щастя і палку любов!
Нехай минулії роки
Не подадуть уже руки,
Бо ще не раз в житті
Ми побажаєм знов і знов!

Приспів. (2)

З Новим Роком!');
DELETE FROM song_links WHERE song_id = 'pisniua_6244991';
DELETE FROM song_versions WHERE song_id = 'pisniua_6244991';
DELETE FROM songs_fts WHERE song_id = 'pisniua_6244991';
DELETE FROM songs WHERE id = 'pisniua_6244991';
INSERT OR REPLACE INTO songs (id,title,subtitle,lang,country,period,year,source,notes,lyrics,tags_json,lang_locked,status,created_at,updated_at) VALUES ('pisniua_6244991','Першокласники випускникам','Музика: Тарас Питлик Слова: Тарас Питлик','uk','ukraine_1991',NULL,NULL,'авторське подання',NULL,'Для вас, випускники,
Лунає дзвінок вже останній раз.
Розійдуться ваші стежки,
Покинете школу і рідний свій клас...

Приспів:
А ми будем вас пам''ятати,
І приклад із вас будем брати.
Учитись як ви, старатись як ви,
Як ви!

Хай вам у житті щастить,
Хай Бог береже і шанує вас.
Лиш в школу ще приходіть,
Бо так полюбили і звикли до вас!

Приспів. (2)    Фонограма-мінус (mp3, 192 kbps)','[''pisni.org.ua'', ''cat:shkilni'', ''Пісні про школу'']',1,'published',COALESCE((SELECT created_at FROM songs WHERE id='pisniua_6244991'), datetime('now')),datetime('now'));
INSERT OR REPLACE INTO songs_fts(song_id,title,lyrics) VALUES ('pisniua_6244991','Першокласники випускникам','Для вас, випускники,
Лунає дзвінок вже останній раз.
Розійдуться ваші стежки,
Покинете школу і рідний свій клас...

Приспів:
А ми будем вас пам''ятати,
І приклад із вас будем брати.
Учитись як ви, старатись як ви,
Як ви!

Хай вам у житті щастить,
Хай Бог береже і шанує вас.
Лиш в школу ще приходіть,
Бо так полюбили і звикли до вас!

Приспів. (2)    Фонограма-мінус (mp3, 192 kbps)');
DELETE FROM song_links WHERE song_id = 'pisniua_6246776';
DELETE FROM song_versions WHERE song_id = 'pisniua_6246776';
DELETE FROM songs_fts WHERE song_id = 'pisniua_6246776';
DELETE FROM songs WHERE id = 'pisniua_6246776';
INSERT OR REPLACE INTO songs (id,title,subtitle,lang,country,period,year,source,notes,lyrics,tags_json,lang_locked,status,created_at,updated_at) VALUES ('pisniua_6246776','Грають труби над Дністром','Музика: народна Слова: Олександр Колесса','uk','ukrainian_peoples_republic_1917_1921',NULL,NULL,'Збірка пісень січових стрільців "Гей, Січ іде!" 1992 р.',NULL,'Грають труби над Дністром,
Кров жива пливе руслом.
Славні стрільці січовії
Ворогам несуть погром!
Гей, гей, гей, гей!
Москалям несуть погром,
Смерть, погром!

Понад Волинь грім гримить,
Галич вільний гомонить.
Гей, коли ж озветься Київ?..
Дніпро кров''ю зашумить?!?
Гей, гей, гей, гей!
Дніпро море зчервонить...

Ой, заграє в Лаврі дзвін
Радісно в цілий розгін...
І воскресне Україна
Від хвиль Сяну аж по Дін!
Гей, гей, гей, гей!
Аж до моря, аж по Дін,
Аж по Дін!

В крові велет підросте,
Сила духа розцвіте
І заблисне над народом
Волі сяєво святе!
Гей, гей, гей, гей!
Щастя сонце золоте!
Золоте!','[''pisni.org.ua'', ''cat:strilecki'', ''Стрілецькі пісні'']',1,'published',COALESCE((SELECT created_at FROM songs WHERE id='pisniua_6246776'), datetime('now')),datetime('now'));
INSERT OR REPLACE INTO songs_fts(song_id,title,lyrics) VALUES ('pisniua_6246776','Грають труби над Дністром','Грають труби над Дністром,
Кров жива пливе руслом.
Славні стрільці січовії
Ворогам несуть погром!
Гей, гей, гей, гей!
Москалям несуть погром,
Смерть, погром!

Понад Волинь грім гримить,
Галич вільний гомонить.
Гей, коли ж озветься Київ?..
Дніпро кров''ю зашумить?!?
Гей, гей, гей, гей!
Дніпро море зчервонить...

Ой, заграє в Лаврі дзвін
Радісно в цілий розгін...
І воскресне Україна
Від хвиль Сяну аж по Дін!
Гей, гей, гей, гей!
Аж до моря, аж по Дін,
Аж по Дін!

В крові велет підросте,
Сила духа розцвіте
І заблисне над народом
Волі сяєво святе!
Гей, гей, гей, гей!
Щастя сонце золоте!
Золоте!');
DELETE FROM song_links WHERE song_id = 'pisniua_6249644';
DELETE FROM song_versions WHERE song_id = 'pisniua_6249644';
DELETE FROM songs_fts WHERE song_id = 'pisniua_6249644';
DELETE FROM songs WHERE id = 'pisniua_6249644';
INSERT OR REPLACE INTO songs (id,title,subtitle,lang,country,period,year,source,notes,lyrics,tags_json,lang_locked,status,created_at,updated_at) VALUES ('pisniua_6249644','А в нас завтра свальба буде','Українська народна пісня','uk','ukraine_before_1917',NULL,NULL,'Українські народні пісні з нотами. Засвічу свічку восковую. - Харків: Фоліо, 2002. - 289 с.','Свальба* - весілля.','А в нас завтра свальба* буде,
А в нас завтра свальба буде,
Вот бариня, бариня, |
Вот бариня моя.     | (2)

Комар муху сватать буде,
Комар муху сватать буде.
Вот бариня, бариня, |
Вот бариня моя.     | (2)

А там муха-політуха,
А там муха-політуха,
Вот бариня, бариня, |
Вот бариня моя.     | (2)

А в погребі ночувала,
А в погребі ночувала,
Вот бариня, бариня, |
Вот бариня моя.     | (2)

Сирка-масла собирала,
Сирка-масла собирала,
Вот бариня, бариня, |
Вот бариня моя.     | (2)

Сирка-масла собирала,
Комарика годувала.
Вот бариня, бариня, |
Вот бариня моя.     | (2)','[''pisni.org.ua'', ''cat:vesilni'', ''Весільні пісні'']',1,'published',COALESCE((SELECT created_at FROM songs WHERE id='pisniua_6249644'), datetime('now')),datetime('now'));
INSERT OR REPLACE INTO songs_fts(song_id,title,lyrics) VALUES ('pisniua_6249644','А в нас завтра свальба буде','А в нас завтра свальба* буде,
А в нас завтра свальба буде,
Вот бариня, бариня, |
Вот бариня моя.     | (2)

Комар муху сватать буде,
Комар муху сватать буде.
Вот бариня, бариня, |
Вот бариня моя.     | (2)

А там муха-політуха,
А там муха-політуха,
Вот бариня, бариня, |
Вот бариня моя.     | (2)

А в погребі ночувала,
А в погребі ночувала,
Вот бариня, бариня, |
Вот бариня моя.     | (2)

Сирка-масла собирала,
Сирка-масла собирала,
Вот бариня, бариня, |
Вот бариня моя.     | (2)

Сирка-масла собирала,
Комарика годувала.
Вот бариня, бариня, |
Вот бариня моя.     | (2)');
DELETE FROM song_links WHERE song_id = 'pisniua_6246940';
DELETE FROM song_versions WHERE song_id = 'pisniua_6246940';
DELETE FROM songs_fts WHERE song_id = 'pisniua_6246940';
DELETE FROM songs WHERE id = 'pisniua_6246940';
INSERT OR REPLACE INTO songs (id,title,subtitle,lang,country,period,year,source,notes,lyrics,tags_json,lang_locked,status,created_at,updated_at) VALUES ('pisniua_6246940','Запорозький марш','Музика: Євген Адамцевич Слова: Олекса Ющенко. Виконує: Євген Адамцевич','uk','ukraine_before_1917',NULL,NULL,'Автор слів','Виконує: Націон. оркестр народних інструментів п/к В.Гуцала.','На Вкраїну рідну суне сила вража -
Хоче поневолить, хоче полонить.
Ти грабуєш, ляше, забираєш наше, -
Як же нам по-доброму із тобою жить?

Не на те родились ми, щоб в неволі скніти,
Щоб судилось дітям рабство та ярмо, -
Ми на посміх світу не потерпим гніту,
Ми на глум свободу нашу не дамо!

Не одного сина вражі катували,
Не один звитяжець потрапляв на гак.
Не забув підступні зрадницькі навали
Вірний щирій дружбі вславлений козак.

Закипають хвилі в морі почорнілі,
Плаче стара чайка, чуючи бої.
Нас не подолати ненависній силі,
Не знеславим чисті прапори свої!

Чуєш, вражий сину, ти за наш Батурин
І на тому світі відповідь даси.
Гомонить Вкраїна, чути звуки сурем,
Бачим вільну матір юної краси.

Бачим Україну вільну та погожу,
Бачимо онуків в щасті та добрі.
І козацьку вірну ставимо сторожу
Біля моря нашого, як в літа старі.

Дзвонять струни кобзи, вирушає військо,
Розбирає ворога страх і чорна лють.
Шлях важкий козацький проляга не близько,
Козаки за правду і за волю йдуть.

...Гей, долиною, гей, широкою козаки йдуть','[''pisni.org.ua'', ''cat:himny-marshi'', ''cat:kozacki'', ''Гимни та марші'', ''Козацькі пісні'']',1,'published',COALESCE((SELECT created_at FROM songs WHERE id='pisniua_6246940'), datetime('now')),datetime('now'));
INSERT OR REPLACE INTO songs_fts(song_id,title,lyrics) VALUES ('pisniua_6246940','Запорозький марш','На Вкраїну рідну суне сила вража -
Хоче поневолить, хоче полонить.
Ти грабуєш, ляше, забираєш наше, -
Як же нам по-доброму із тобою жить?

Не на те родились ми, щоб в неволі скніти,
Щоб судилось дітям рабство та ярмо, -
Ми на посміх світу не потерпим гніту,
Ми на глум свободу нашу не дамо!

Не одного сина вражі катували,
Не один звитяжець потрапляв на гак.
Не забув підступні зрадницькі навали
Вірний щирій дружбі вславлений козак.

Закипають хвилі в морі почорнілі,
Плаче стара чайка, чуючи бої.
Нас не подолати ненависній силі,
Не знеславим чисті прапори свої!

Чуєш, вражий сину, ти за наш Батурин
І на тому світі відповідь даси.
Гомонить Вкраїна, чути звуки сурем,
Бачим вільну матір юної краси.

Бачим Україну вільну та погожу,
Бачимо онуків в щасті та добрі.
І козацьку вірну ставимо сторожу
Біля моря нашого, як в літа старі.

Дзвонять струни кобзи, вирушає військо,
Розбирає ворога страх і чорна лють.
Шлях важкий козацький проляга не близько,
Козаки за правду і за волю йдуть.

...Гей, долиною, гей, широкою козаки йдуть');
DELETE FROM song_links WHERE song_id = 'pisniua_624454';
DELETE FROM song_versions WHERE song_id = 'pisniua_624454';
DELETE FROM songs_fts WHERE song_id = 'pisniua_624454';
DELETE FROM songs WHERE id = 'pisniua_624454';
INSERT OR REPLACE INTO songs (id,title,subtitle,lang,country,period,year,source,notes,lyrics,tags_json,lang_locked,status,created_at,updated_at) VALUES ('pisniua_624454','А ты мила','Українська народна пісня. Виконує: Юлія Дошна, Бурдон','uk','ukr_ssr_1919_1991',NULL,'1981','Аудіо-альбом "Юлія Дошна. "Там на Лемковині" (2000)','Текст подано за джерелом (взято з обкладинки аудіо-CD) зі збереженням оригінального правопису. * Тут в аудіо: "Кєд сой гвечер, кєд сой гвечер зо мном спала". Джерело: Самвидавний туристичний пісенник: Там на Лемковині помедже горами. - Літо 1981. Пісенник створений українцем із Польщі Лехом Ляхом. Ймовірно, що обробка тексту, мелодії, підбір акордів належить йому.','А ты мила, а ты мила штос думала
Кєд сой гвечер, кєд сой гвечер зо мнов спала *
Тота єдна думка моя                     |
Же ты не мій, я не твоя душко моя       | (2)

Чого єс ся, чого єс ся погнівала
Кой єс щыро, кой єс щыро не думала
Забуд мила то гніваня                   |
Бо то было на прощаня душко моя         | (2)

Од тых думок, од тых думок серце болит
Хто на двоє, хто на двоє любов ділит
Моя любов знат лем тебе                 |
Не ход гу двом, прид до мене душко моя  | (2)','[''pisni.org.ua'', ''cat:lemkivski'', ''Лемківські пісні'']',1,'published',COALESCE((SELECT created_at FROM songs WHERE id='pisniua_624454'), datetime('now')),datetime('now'));
INSERT OR REPLACE INTO songs_fts(song_id,title,lyrics) VALUES ('pisniua_624454','А ты мила','А ты мила, а ты мила штос думала
Кєд сой гвечер, кєд сой гвечер зо мнов спала *
Тота єдна думка моя                     |
Же ты не мій, я не твоя душко моя       | (2)

Чого єс ся, чого єс ся погнівала
Кой єс щыро, кой єс щыро не думала
Забуд мила то гніваня                   |
Бо то было на прощаня душко моя         | (2)

Од тых думок, од тых думок серце болит
Хто на двоє, хто на двоє любов ділит
Моя любов знат лем тебе                 |
Не ход гу двом, прид до мене душко моя  | (2)');
INSERT OR REPLACE INTO song_links (id,song_id,title,url,kind,version_id,sort_order) VALUES ('pisniua_624454_l1','pisniua_624454','Переглянути варіанти >>','https://www.pisni.org.ua/#variants','external',NULL,1);
DELETE FROM song_links WHERE song_id = 'pisniua_6249797';
DELETE FROM song_versions WHERE song_id = 'pisniua_6249797';
DELETE FROM songs_fts WHERE song_id = 'pisniua_6249797';
DELETE FROM songs WHERE id = 'pisniua_6249797';
INSERT OR REPLACE INTO songs (id,title,subtitle,lang,country,period,year,source,notes,lyrics,tags_json,lang_locked,status,created_at,updated_at) VALUES ('pisniua_6249797','До побачення, школо!','Музика: Іван Пустовий Слова: Володимир Семеновський','uk','ukraine_1991',NULL,NULL,'авторське подання',NULL,'Скільки весен цвіла нам калина
Й пелюстками стелилась до ніг!
Скільки літ нам стелилась стежина
На шкільний заповітний  поріг!

Приспів:
Кличуть юних дзвінкі видноколи
І прощальний відлунює вальс.
До побачення, школо,
До побачення, школо,
Ми тебе, ми тебе ще згадаєм не раз!..

Ці літа журавлино промчали -
Кличе в коло замріяний вальс,
У очах наших сльози печалі,
Бо уже розставатися час...

Приспів.

Зрине все, як на кіноекрані -
Перша вчителька, перший урок...
До побачення, вчителько-мамо,
Ви посіяли в серці добро!

Приспів.','[''pisni.org.ua'', ''cat:shkilni'', ''Пісні про школу'']',1,'published',COALESCE((SELECT created_at FROM songs WHERE id='pisniua_6249797'), datetime('now')),datetime('now'));
INSERT OR REPLACE INTO songs_fts(song_id,title,lyrics) VALUES ('pisniua_6249797','До побачення, школо!','Скільки весен цвіла нам калина
Й пелюстками стелилась до ніг!
Скільки літ нам стелилась стежина
На шкільний заповітний  поріг!

Приспів:
Кличуть юних дзвінкі видноколи
І прощальний відлунює вальс.
До побачення, школо,
До побачення, школо,
Ми тебе, ми тебе ще згадаєм не раз!..

Ці літа журавлино промчали -
Кличе в коло замріяний вальс,
У очах наших сльози печалі,
Бо уже розставатися час...

Приспів.

Зрине все, як на кіноекрані -
Перша вчителька, перший урок...
До побачення, вчителько-мамо,
Ви посіяли в серці добро!

Приспів.');
DELETE FROM song_links WHERE song_id = 'pisniua_624940';
DELETE FROM song_versions WHERE song_id = 'pisniua_624940';
DELETE FROM songs_fts WHERE song_id = 'pisniua_624940';
DELETE FROM songs WHERE id = 'pisniua_624940';
INSERT OR REPLACE INTO songs (id,title,subtitle,lang,country,period,year,source,notes,lyrics,tags_json,lang_locked,status,created_at,updated_at) VALUES ('pisniua_624940','Козак від’їжджає','Українська народна пісня','uk','ukraine_before_1917',NULL,NULL,NULL,NULL,'Козак від''їжджає,
Дівчинонька плаче:
"Куди їдеш, козаче?
Козаче - соколю,
Візьми мене із собою
На Вкраїну далеку".

"Дівчинонько мила,
Що будеш робила
На Вкраїні далекій?"
"Буду хустки прати,
Тебе, милий, доглядати
На Вкраїні далекій".

"Дівчинонько мила,
Що будеш ти їла
На Вкраїні далекій?"
"Сухий хліб з водою,
Коби, серце, із тобою
На Вкраїні далекій".

"Дівчинонько мила,
Де будеш ти спати
На Вкраїні далекій?"
"В степу під вербою,
Коби, серце, із тобою
На Вкраїні далекій".','[''pisni.org.ua'', ''cat:kozacki'', ''cat:kubanski'', ''Козацькі пісні'', ''Кубанські пісні'']',1,'published',COALESCE((SELECT created_at FROM songs WHERE id='pisniua_624940'), datetime('now')),datetime('now'));
INSERT OR REPLACE INTO songs_fts(song_id,title,lyrics) VALUES ('pisniua_624940','Козак від’їжджає','Козак від''їжджає,
Дівчинонька плаче:
"Куди їдеш, козаче?
Козаче - соколю,
Візьми мене із собою
На Вкраїну далеку".

"Дівчинонько мила,
Що будеш робила
На Вкраїні далекій?"
"Буду хустки прати,
Тебе, милий, доглядати
На Вкраїні далекій".

"Дівчинонько мила,
Що будеш ти їла
На Вкраїні далекій?"
"Сухий хліб з водою,
Коби, серце, із тобою
На Вкраїні далекій".

"Дівчинонько мила,
Де будеш ти спати
На Вкраїні далекій?"
"В степу під вербою,
Коби, серце, із тобою
На Вкраїні далекій".');
INSERT OR REPLACE INTO song_links (id,song_id,title,url,kind,version_id,sort_order) VALUES ('pisniua_624940_l1','pisniua_624940','YouTube','https://www.youtube.com/watch?v=OKmorvT_5DA','video',NULL,1);
INSERT OR REPLACE INTO song_links (id,song_id,title,url,kind,version_id,sort_order) VALUES ('pisniua_624940_l2','pisniua_624940','YouTube','https://www.youtube.com/watch?v=C4HtZwO1Dzc','video',NULL,2);
INSERT OR REPLACE INTO song_links (id,song_id,title,url,kind,version_id,sort_order) VALUES ('pisniua_624940_l3','pisniua_624940','YouTube','https://www.youtube.com/watch?v=lNgJMdzR7u4','video',NULL,3);
INSERT OR REPLACE INTO song_links (id,song_id,title,url,kind,version_id,sort_order) VALUES ('pisniua_624940_l4','pisniua_624940','YouTube','https://www.youtube.com/watch?v=HcF8_6j0UQ0','video',NULL,4);
DELETE FROM song_links WHERE song_id = 'pisniua_6250374';
DELETE FROM song_versions WHERE song_id = 'pisniua_6250374';
DELETE FROM songs_fts WHERE song_id = 'pisniua_6250374';
DELETE FROM songs WHERE id = 'pisniua_6250374';
INSERT OR REPLACE INTO songs (id,title,subtitle,lang,country,period,year,source,notes,lyrics,tags_json,lang_locked,status,created_at,updated_at) VALUES ('pisniua_6250374','Білі мухи','Музика: Віктор Музичук Слова: Максим Рильський, Віктор Музичук. Виконує: Віктор Музичук, Вікторія','uk','ukraine_1991',NULL,'1997','авторське подання','Пісня із альбому Віктора Музичука та гурту "Вікторія" "Тусовка", виданого в Києві Національною аудіо компанією (NAC) в 1997 р.','Білі мухи налетіли -
Все подвір''я стало біле.
Не злічити білих мух,
Що летять, неначе пух.
Галю, Петрику, Кіндрате,
Годі, ледарі, вам спати.
І побігли до санчат
Галя, Петрик і Кіндрат.
...Кіндрат! ...Кіндрат!

Всі з гори летять щодуху,
Щоб впіймати білу муху.
А санчата їм усім
Змайстрував старий Максим.
...Максим! ... Максим!

Білі мухи налетіли, налетіли -
Все подвір''я стало біле, стало біле.
Не злічити білих мух, білих мух,
Що летять, неначе пух.
...Як пух! ...Як пух!

P.S.:
Гарний віршик, любі діти?
Легко з музикою вчити?
То ж якщо не час ще спати,
То біжіть мерщій гуляти.
Ну а зараз я усім
Вірш дорослим розповім.
Галя, Петрик і Кіндрат
Десь дістали автомат.
Хто ж віддав цю зброю їм?
Партизан старий Максим!
...Максим! ... Максим!','[''pisni.org.ua'', ''cat:dytyachi'', ''Дитячі пісні'']',1,'published',COALESCE((SELECT created_at FROM songs WHERE id='pisniua_6250374'), datetime('now')),datetime('now'));
INSERT OR REPLACE INTO songs_fts(song_id,title,lyrics) VALUES ('pisniua_6250374','Білі мухи','Білі мухи налетіли -
Все подвір''я стало біле.
Не злічити білих мух,
Що летять, неначе пух.
Галю, Петрику, Кіндрате,
Годі, ледарі, вам спати.
І побігли до санчат
Галя, Петрик і Кіндрат.
...Кіндрат! ...Кіндрат!

Всі з гори летять щодуху,
Щоб впіймати білу муху.
А санчата їм усім
Змайстрував старий Максим.
...Максим! ... Максим!

Білі мухи налетіли, налетіли -
Все подвір''я стало біле, стало біле.
Не злічити білих мух, білих мух,
Що летять, неначе пух.
...Як пух! ...Як пух!

P.S.:
Гарний віршик, любі діти?
Легко з музикою вчити?
То ж якщо не час ще спати,
То біжіть мерщій гуляти.
Ну а зараз я усім
Вірш дорослим розповім.
Галя, Петрик і Кіндрат
Десь дістали автомат.
Хто ж віддав цю зброю їм?
Партизан старий Максим!
...Максим! ... Максим!');
DELETE FROM song_links WHERE song_id = 'pisniua_625050';
DELETE FROM song_versions WHERE song_id = 'pisniua_625050';
DELETE FROM songs_fts WHERE song_id = 'pisniua_625050';
DELETE FROM songs WHERE id = 'pisniua_625050';
INSERT OR REPLACE INTO songs (id,title,subtitle,lang,country,period,year,source,notes,lyrics,tags_json,lang_locked,status,created_at,updated_at) VALUES ('pisniua_625050','Рушив поїзд *','(Рушив поїзд в далеку дорогу). Слова: Володимир Сосюра','uk','ukraine_1991',NULL,NULL,NULL,NULL,'Рушив поїзд в далеку дорогу,
Сколихнувся вагон і помчав...
Я в останній вже раз подивився
На те все, що так вірно кохав.

Ти сумна на пероні стояла,
Вітер коси твої розплітав,
На очах в тебе сльози блищали -
Ти ридала, я тяжко зітхав.

Прощавай, моя люба дівчино,
Бо я їду в далекі краї.
І, напевно, не раз я згадаю
Твоє личко і очі сумні.

Коли поїзд в степу загуркоче,
Пригадаються знову мені
Звук гітари у місячній ночі,
Поцілунки гарячі твої.','[''pisni.org.ua'', ''cat:romansy'', ''Романси'']',1,'published',COALESCE((SELECT created_at FROM songs WHERE id='pisniua_625050'), datetime('now')),datetime('now'));
INSERT OR REPLACE INTO songs_fts(song_id,title,lyrics) VALUES ('pisniua_625050','Рушив поїзд *','Рушив поїзд в далеку дорогу,
Сколихнувся вагон і помчав...
Я в останній вже раз подивився
На те все, що так вірно кохав.

Ти сумна на пероні стояла,
Вітер коси твої розплітав,
На очах в тебе сльози блищали -
Ти ридала, я тяжко зітхав.

Прощавай, моя люба дівчино,
Бо я їду в далекі краї.
І, напевно, не раз я згадаю
Твоє личко і очі сумні.

Коли поїзд в степу загуркоче,
Пригадаються знову мені
Звук гітари у місячній ночі,
Поцілунки гарячі твої.');
INSERT OR REPLACE INTO song_links (id,song_id,title,url,kind,version_id,sort_order) VALUES ('pisniua_625050_l1','pisniua_625050','YouTube','https://www.youtube.com/watch?v=l0W16zjoMCI','video',NULL,1);
INSERT OR REPLACE INTO song_links (id,song_id,title,url,kind,version_id,sort_order) VALUES ('pisniua_625050_l2','pisniua_625050','YouTube','https://www.youtube.com/watch?v=ol0CaJ01fOk','video',NULL,2);
INSERT OR REPLACE INTO song_links (id,song_id,title,url,kind,version_id,sort_order) VALUES ('pisniua_625050_l3','pisniua_625050','YouTube','https://www.youtube.com/watch?v=WRnHU2qkC_8','video',NULL,3);
INSERT OR REPLACE INTO song_links (id,song_id,title,url,kind,version_id,sort_order) VALUES ('pisniua_625050_l4','pisniua_625050','Переглянути варіанти >>','https://www.pisni.org.ua/#variants','external',NULL,4);
DELETE FROM song_links WHERE song_id = 'pisniua_6247075';
DELETE FROM song_versions WHERE song_id = 'pisniua_6247075';
DELETE FROM songs_fts WHERE song_id = 'pisniua_6247075';
DELETE FROM songs WHERE id = 'pisniua_6247075';
INSERT OR REPLACE INTO songs (id,title,subtitle,lang,country,period,year,source,notes,lyrics,tags_json,lang_locked,status,created_at,updated_at) VALUES ('pisniua_6247075','У літній вечір над Дніпром','Музика: Анатолій Кулик Слова: Юрій Удод. Виконує: Хор Київського училища культури','uk','ukraine_1991',NULL,'2004','Автор слів','Запис 2004 року','У літній вечір над Дніпром
Удвох з тобою ми зійшлися.
Не розійтися нам обом,
Коли вуста палкі злилися...

Блищить від місяця вікно
І мальви тишу доглядають.
І спить село уже давно,
Лиш вишні соки наливають...

А ніч, немов жита в полях,
Теплом своїм нас обнімає.
Уже і вітер по ярах
З Дніпра на гору не злітає...

І нам усе, як перший раз,
Коли зустрілися з тобою.
Надовго зустріч затяглась
У літній вечір над рікою...','[''pisni.org.ua'', ''cat:romansy'', ''Романси'']',1,'published',COALESCE((SELECT created_at FROM songs WHERE id='pisniua_6247075'), datetime('now')),datetime('now'));
INSERT OR REPLACE INTO songs_fts(song_id,title,lyrics) VALUES ('pisniua_6247075','У літній вечір над Дніпром','У літній вечір над Дніпром
Удвох з тобою ми зійшлися.
Не розійтися нам обом,
Коли вуста палкі злилися...

Блищить від місяця вікно
І мальви тишу доглядають.
І спить село уже давно,
Лиш вишні соки наливають...

А ніч, немов жита в полях,
Теплом своїм нас обнімає.
Уже і вітер по ярах
З Дніпра на гору не злітає...

І нам усе, як перший раз,
Коли зустрілися з тобою.
Надовго зустріч затяглась
У літній вечір над рікою...');
DELETE FROM song_links WHERE song_id = 'pisniua_6248879';
DELETE FROM song_versions WHERE song_id = 'pisniua_6248879';
DELETE FROM songs_fts WHERE song_id = 'pisniua_6248879';
DELETE FROM songs WHERE id = 'pisniua_6248879';
INSERT OR REPLACE INTO songs (id,title,subtitle,lang,country,period,year,source,notes,lyrics,tags_json,lang_locked,status,created_at,updated_at) VALUES ('pisniua_6248879','Україна-вишиванка','Музика: Олег Харитонов Слова: Петро Мага. Виконує: Катерина Бужинська','uk','ukraine_1991',NULL,NULL,'аудіозапис',NULL,'Нитка сонячного ранку.
Нитка пісні солов''я,
Україна-вишиванка,
Ніжна матінко моя,
Ти і грішних і невинних
Пригортаєш до грудей,
Я люблю свою країну, |
Я люблю своїх людей! | (2)

Приспів:
Будьте красиві, будьте здорові,
Білі, русяві і чорноброві,
Будьте веселі, будьте багаті
В кожній оселі і в кожній хаті!

Вишиваю візерунки
Диво-травами степів,
Смаком перших поцілунків
І коханням вечорів.
Вишиваю як уклінно
Ти запрошуєш гостей,
Я люблю свою країну, |
Я люблю своїх людей! | (2)

Приспів.

Може є у світі кращі
Кольори на полотні,
Але ти єдина наша,
А у тебе ми одні.
Я тебе святу і грішну
Пригортаю до грудей!
Я люблю свою країну, |
Я люблю своїх людей! | (2)

Приспів. (3)','[''pisni.org.ua'', ''cat:patriotic'', ''Патріотичні пісні'']',1,'published',COALESCE((SELECT created_at FROM songs WHERE id='pisniua_6248879'), datetime('now')),datetime('now'));
INSERT OR REPLACE INTO songs_fts(song_id,title,lyrics) VALUES ('pisniua_6248879','Україна-вишиванка','Нитка сонячного ранку.
Нитка пісні солов''я,
Україна-вишиванка,
Ніжна матінко моя,
Ти і грішних і невинних
Пригортаєш до грудей,
Я люблю свою країну, |
Я люблю своїх людей! | (2)

Приспів:
Будьте красиві, будьте здорові,
Білі, русяві і чорноброві,
Будьте веселі, будьте багаті
В кожній оселі і в кожній хаті!

Вишиваю візерунки
Диво-травами степів,
Смаком перших поцілунків
І коханням вечорів.
Вишиваю як уклінно
Ти запрошуєш гостей,
Я люблю свою країну, |
Я люблю своїх людей! | (2)

Приспів.

Може є у світі кращі
Кольори на полотні,
Але ти єдина наша,
А у тебе ми одні.
Я тебе святу і грішну
Пригортаю до грудей!
Я люблю свою країну, |
Я люблю своїх людей! | (2)

Приспів. (3)');
INSERT OR REPLACE INTO song_links (id,song_id,title,url,kind,version_id,sort_order) VALUES ('pisniua_6248879_l1','pisniua_6248879','YouTube','https://www.youtube.com/watch?v=LDjPG8fS44M','video',NULL,1);
INSERT OR REPLACE INTO song_links (id,song_id,title,url,kind,version_id,sort_order) VALUES ('pisniua_6248879_l2','pisniua_6248879','YouTube','https://www.youtube.com/watch?v=qC3sxWVBDY8','video',NULL,2);
INSERT OR REPLACE INTO song_links (id,song_id,title,url,kind,version_id,sort_order) VALUES ('pisniua_6248879_l3','pisniua_6248879','YouTube','https://www.youtube.com/watch?v=I68Ad5at_fs','video',NULL,3);
DELETE FROM song_links WHERE song_id = 'pisniua_6251440';
DELETE FROM song_versions WHERE song_id = 'pisniua_6251440';
DELETE FROM songs_fts WHERE song_id = 'pisniua_6251440';
DELETE FROM songs WHERE id = 'pisniua_6251440';
INSERT OR REPLACE INTO songs (id,title,subtitle,lang,country,period,year,source,notes,lyrics,tags_json,lang_locked,status,created_at,updated_at) VALUES ('pisniua_6251440','Пущу віночок','Музика: Олександр Жилінський Слова: Леонід Горлач. Виконує: Ірина Грей','uk','ukraine_before_1917',NULL,NULL,'архів композитора',NULL,'Пущу віночок на чисту воду,
Ой, Ладо.
Чи хто прилине на мою вроду,
Ой, Ладо, Ладо.

Чи хто прилине, чи хто пригорне,
Ой, Ладо.
Чи втане вогник у майво чорне,
Ой, Ладо, Ладо.

Пливе віночок, вогонь сміється,
Ой, Ладо.
Хай до коханого він приб''ється,
Ой, Ладо, Ладо','[''pisni.org.ua'', ''cat:kupalski'', ''Купальські пісні'']',1,'published',COALESCE((SELECT created_at FROM songs WHERE id='pisniua_6251440'), datetime('now')),datetime('now'));
INSERT OR REPLACE INTO songs_fts(song_id,title,lyrics) VALUES ('pisniua_6251440','Пущу віночок','Пущу віночок на чисту воду,
Ой, Ладо.
Чи хто прилине на мою вроду,
Ой, Ладо, Ладо.

Чи хто прилине, чи хто пригорне,
Ой, Ладо.
Чи втане вогник у майво чорне,
Ой, Ладо, Ладо.

Пливе віночок, вогонь сміється,
Ой, Ладо.
Хай до коханого він приб''ється,
Ой, Ладо, Ладо');
DELETE FROM song_links WHERE song_id = 'pisniua_624757';
DELETE FROM song_versions WHERE song_id = 'pisniua_624757';
DELETE FROM songs_fts WHERE song_id = 'pisniua_624757';
DELETE FROM songs WHERE id = 'pisniua_624757';
INSERT OR REPLACE INTO songs (id,title,subtitle,lang,country,period,year,source,notes,lyrics,tags_json,lang_locked,status,created_at,updated_at) VALUES ('pisniua_624757','Шануймось, панове','Музика: Олександр Смик Слова: Валерій Марченко. Виконує: Павло Зібров','uk','ukraine_1991',NULL,NULL,'Аудіо-CD "Олександр Смик. Мистецький проект "Червоне... Чорне... Біле..." (Історія закутків української душі). Ч.1. Мелодії та тексти Олександра Смика." (2001)','Текст і акорди записано на слух з аудіо. Тональність оригінальна. * Тут, можливо, інакше: "Вже молодь поволі здіймає у вир!" Починаючи 3-го куплету і далі пісня грається на півтон вище. Потрібне уточнення авторства слів до пісні. Є такі варіанти: 1) Олександр Смик 2) В.Марченко Підбір акордів: bohdanko@pisni.org.ua','Вступ:  D7 Gm C F
Хоч в пам''яті щирій шануймось, панове!
А пам''ять в народу - піди відбери...
Ген жовто-блакитний, а ген малиновий -
На ратушах наші цвітуть прапори.
Лікуємо зморшки, вертаємо слово;
Від схронів лишилися тільки ями.
Вертають лелеки додому, панове,
До неба свій погляд спрямуємо ми!
Здавалось, не варто нам Бога гнівити -
Вже молодь бо волі здіймає у вир! *
Шануймось, панове, - нам жити і жити,
коли не зморила серця нам Сибір...
Ой де ви, ой де ви, літа молодії? -
Ви десь розгубились в шаленій війні...
Та хто з нас не мріяв під дзвони Софії  |
в''їжджати у Київ на білім коні?..       | (x2)','[''pisni.org.ua'', ''cat:suspilno-politychni'', ''Суспільно-політичні пісні'']',1,'published',COALESCE((SELECT created_at FROM songs WHERE id='pisniua_624757'), datetime('now')),datetime('now'));
INSERT OR REPLACE INTO songs_fts(song_id,title,lyrics) VALUES ('pisniua_624757','Шануймось, панове','Вступ:  D7 Gm C F
Хоч в пам''яті щирій шануймось, панове!
А пам''ять в народу - піди відбери...
Ген жовто-блакитний, а ген малиновий -
На ратушах наші цвітуть прапори.
Лікуємо зморшки, вертаємо слово;
Від схронів лишилися тільки ями.
Вертають лелеки додому, панове,
До неба свій погляд спрямуємо ми!
Здавалось, не варто нам Бога гнівити -
Вже молодь бо волі здіймає у вир! *
Шануймось, панове, - нам жити і жити,
коли не зморила серця нам Сибір...
Ой де ви, ой де ви, літа молодії? -
Ви десь розгубились в шаленій війні...
Та хто з нас не мріяв під дзвони Софії  |
в''їжджати у Київ на білім коні?..       | (x2)');
INSERT OR REPLACE INTO song_links (id,song_id,title,url,kind,version_id,sort_order) VALUES ('pisniua_624757_l1','pisniua_624757','YouTube','https://www.youtube.com/watch?v=CAwHDb0uNmk','video',NULL,1);
DELETE FROM song_links WHERE song_id = 'pisniua_624644';
DELETE FROM song_versions WHERE song_id = 'pisniua_624644';
DELETE FROM songs_fts WHERE song_id = 'pisniua_624644';
DELETE FROM songs WHERE id = 'pisniua_624644';
INSERT OR REPLACE INTO songs (id,title,subtitle,lang,country,period,year,source,notes,lyrics,tags_json,lang_locked,status,created_at,updated_at) VALUES ('pisniua_624644','Карі очі, чорні брови','Українська народна пісня. Виконує: Тріо Мареничів','uk','ukraine_before_1917',NULL,NULL,'1. Кончак; 2. З пам''яті та за емігрантськими аудіозаписами 1970-х (Anrzej); 3. У лузі калина так гарно цвіте. - І.-Ф.: Обласна друкарня, 2000. - С. 8. 3. Аудіо-запис тріо Мареничів','* Так у варіанті Кончака; ** Так у джерелі 3. "bohdanko": *** Акорди підібрано на слух за аудіо-джерелом 4. Тональність оригінальна. За джерелом 3 акорди будуть такі: - В''язка: | A# F | A# | F | A# | - Приспів: | D# | A# | F | A# | (2). Anrzej: Варіант, поданий Кончаком складається з в''язок 1-2-4-6. У джерелі 3 послідовність в''язок така: 1-4-5. У відомому мені варіанті цієї пісні послідовність в''язок така: 1-2-3-4-5-6. В аудіозаписі емігрантського гурту (Канада) 1970-х років я чув таку послідовність в''язок: 1-7-2-6.','1. Карі очі, чорні брови,
Не забуду вас ніколи.
Як у сні я вас побачу:
Ви смієтесь, а я плачу.

Приспів:
Очі! Ви чарівно глибокі, |
Ви мої одинокі,          |(2)
Ох, як я люблю вас.      |

2. Біля неньки своєї
Я росла-виростала,
Від очей твоїх карих
Свою вроду ховала.

Приспів.

3. Та заглянули очі
Мені в серце і душу, -
І тепер вже щоночі
Я їх бачити мушу.

Приспів.

4. Вами, очі, любувалась,
Бо навік в вас закохалась.
Хоч на мене ви гляділи
Та мене не розуміли.*

Приспів.

5. Гляньте, очі, ви на мене,
Гляньте нині, в цій хвилині,
Бо безмірно вас кохаю
І без вас я пропадаю.

Приспів.

6. Карі очі, чорні брови
То - чарівний дар любови,
То - найкращий чар кохання
І надії й сподівання.**

Приспів.
7. Раз мені моя мама
Гарну ляльку купила,
За її карі очі
Я її полюбила.

Приспів.
*  Не раз вами любувався,
Не раз вами милувався,
Ви на мене хоть гляділи
Ви мене не розуміли.

** Карі очі, чорні брови,
Ви - чарівний дар любови.
Ви - чарівний дар кохання
І надії й сподівання.

Акорди:***

Карі очі, чорні брови,
C
Не забуду вас ніколи.
G
Як у сні я вас побачу:
C
Ви смієтесь, а я плачу.

Приспів:
Очі! Ви чарівно глибокі, |
G             |
Ви мої одинокі,          |(2)
C        |
Ох, як я люблю вас.      |','[''pisni.org.ua'', ''cat:dances'', ''cat:lirychni'', ''cat:narodni'', ''cat:romansy'', ''cat:tango'', ''Пісні до танцю'', ''Пісні про кохання, ліричні'', ''Народні пісні'', ''Романси'', ''Танґо'']',1,'published',COALESCE((SELECT created_at FROM songs WHERE id='pisniua_624644'), datetime('now')),datetime('now'));
INSERT OR REPLACE INTO songs_fts(song_id,title,lyrics) VALUES ('pisniua_624644','Карі очі, чорні брови','1. Карі очі, чорні брови,
Не забуду вас ніколи.
Як у сні я вас побачу:
Ви смієтесь, а я плачу.

Приспів:
Очі! Ви чарівно глибокі, |
Ви мої одинокі,          |(2)
Ох, як я люблю вас.      |

2. Біля неньки своєї
Я росла-виростала,
Від очей твоїх карих
Свою вроду ховала.

Приспів.

3. Та заглянули очі
Мені в серце і душу, -
І тепер вже щоночі
Я їх бачити мушу.

Приспів.

4. Вами, очі, любувалась,
Бо навік в вас закохалась.
Хоч на мене ви гляділи
Та мене не розуміли.*

Приспів.

5. Гляньте, очі, ви на мене,
Гляньте нині, в цій хвилині,
Бо безмірно вас кохаю
І без вас я пропадаю.

Приспів.

6. Карі очі, чорні брови
То - чарівний дар любови,
То - найкращий чар кохання
І надії й сподівання.**

Приспів.
7. Раз мені моя мама
Гарну ляльку купила,
За її карі очі
Я її полюбила.

Приспів.
*  Не раз вами любувався,
Не раз вами милувався,
Ви на мене хоть гляділи
Ви мене не розуміли.

** Карі очі, чорні брови,
Ви - чарівний дар любови.
Ви - чарівний дар кохання
І надії й сподівання.

Акорди:***

Карі очі, чорні брови,
C
Не забуду вас ніколи.
G
Як у сні я вас побачу:
C
Ви смієтесь, а я плачу.

Приспів:
Очі! Ви чарівно глибокі, |
G             |
Ви мої одинокі,          |(2)
C        |
Ох, як я люблю вас.      |');
INSERT OR REPLACE INTO song_links (id,song_id,title,url,kind,version_id,sort_order) VALUES ('pisniua_624644_l1','pisniua_624644','YouTube','https://www.youtube.com/watch?v=vD39WEUo9lI','video',NULL,1);
INSERT OR REPLACE INTO song_links (id,song_id,title,url,kind,version_id,sort_order) VALUES ('pisniua_624644_l2','pisniua_624644','YouTube','https://www.youtube.com/watch?v=zbdGV8q-Ii8','video',NULL,2);
INSERT OR REPLACE INTO song_links (id,song_id,title,url,kind,version_id,sort_order) VALUES ('pisniua_624644_l3','pisniua_624644','YouTube','https://www.youtube.com/watch?v=5YCb0oo4TXM','video',NULL,3);
INSERT OR REPLACE INTO song_links (id,song_id,title,url,kind,version_id,sort_order) VALUES ('pisniua_624644_l4','pisniua_624644','YouTube','https://www.youtube.com/watch?v=qmzP-VPpwJo','video',NULL,4);
DELETE FROM song_links WHERE song_id = 'pisniua_625374';
DELETE FROM song_versions WHERE song_id = 'pisniua_625374';
DELETE FROM songs_fts WHERE song_id = 'pisniua_625374';
DELETE FROM songs WHERE id = 'pisniua_625374';
INSERT OR REPLACE INTO songs (id,title,subtitle,lang,country,period,year,source,notes,lyrics,tags_json,lang_locked,status,created_at,updated_at) VALUES ('pisniua_625374','Вийди Ґаздине до Нас','Українська народна пісня','uk','ukr_ssr_1919_1991',NULL,'1968','1. Пісні з Львівщини. - К.: Музична Україна, 1988.','Записана 1968 року в с. Грусятичі Жидачівського р-ну на Львівщині від Г.І.Бесараба.','Вийди, Ґаздине, до Нас,
Відбери Вінок від Нас.
Не вийдеш викупити,
Підемо Го пропити.

Проп''ємо Вінок Кругленький
За Медок Солоденький,
І з Перцем Оковиту,
Слив''янку Соковиту.

А Наш Вінок Красний,
Як в Небі Місяць Ясний,
А стільки Колосочок,
Скільки в Небі Звіздочок.

Не Зірка Ясна зійшла,
Ґаздиня до Нас вийшла,
Вклонилася додолу
Віночку Золотому','[''pisni.org.ua'', ''cat:halycki'', ''cat:obzhynkovi'', ''Пісні з Галичини'', ''Обжинкові пісні'']',1,'published',COALESCE((SELECT created_at FROM songs WHERE id='pisniua_625374'), datetime('now')),datetime('now'));
INSERT OR REPLACE INTO songs_fts(song_id,title,lyrics) VALUES ('pisniua_625374','Вийди Ґаздине до Нас','Вийди, Ґаздине, до Нас,
Відбери Вінок від Нас.
Не вийдеш викупити,
Підемо Го пропити.

Проп''ємо Вінок Кругленький
За Медок Солоденький,
І з Перцем Оковиту,
Слив''янку Соковиту.

А Наш Вінок Красний,
Як в Небі Місяць Ясний,
А стільки Колосочок,
Скільки в Небі Звіздочок.

Не Зірка Ясна зійшла,
Ґаздиня до Нас вийшла,
Вклонилася додолу
Віночку Золотому');
DELETE FROM song_links WHERE song_id = 'pisniua_6250991';
DELETE FROM song_versions WHERE song_id = 'pisniua_6250991';
DELETE FROM songs_fts WHERE song_id = 'pisniua_6250991';
DELETE FROM songs WHERE id = 'pisniua_6250991';
INSERT OR REPLACE INTO songs (id,title,subtitle,lang,country,period,year,source,notes,lyrics,tags_json,lang_locked,status,created_at,updated_at) VALUES ('pisniua_6250991','Ударь, коню, копитами','Українська народна пісня','uk','ukraine_before_1917',NULL,NULL,'Українські народні пісні з нотами. Кого люблю — Мій буде / Упоряд. Г. І. Ганзбурґ; Худож.-оформлювач Л. Д. Киркач. — Харків: Фоліо, 2004. — 287 с.',NULL,'Ударь, коню, копитами
Перед воротами,
Може вийде дівчинонька     |
З чорними бровами.         | (2)

Та й не вийшла дівчинонька,
Вийшла стара мати,
Запрошає, загощає          |
Козаків до хати.           | (2)

Оден козак з коня злазит,
Другий коня в''яже,
Третій козак йде до хати,  |
Добрий вечір, каже.        | (2)

Добрий вечір, стара мати,
Дай води нап''юся,
Кажуть люди — гарне дівча, |
То най подивлюся.          | (2)

В хаті кварта, в сінях ведро,
А в саду криниця.
Моя дочка на гулянню —     |
Іди подивися.              | (2)

Іде козак, іде козак,
Дівчина гуляє,
Молодому козакові          |
Серденько ся крає.         | (2)

Покинь, дівча, покинь, дівча,
3 хлопцями гуляти,
Ходи, сядеш на коника,     |
Щось буду казати.          | (2)','[''pisni.org.ua'', ''cat:kozacki'', ''Козацькі пісні'']',1,'published',COALESCE((SELECT created_at FROM songs WHERE id='pisniua_6250991'), datetime('now')),datetime('now'));
INSERT OR REPLACE INTO songs_fts(song_id,title,lyrics) VALUES ('pisniua_6250991','Ударь, коню, копитами','Ударь, коню, копитами
Перед воротами,
Може вийде дівчинонька     |
З чорними бровами.         | (2)

Та й не вийшла дівчинонька,
Вийшла стара мати,
Запрошає, загощає          |
Козаків до хати.           | (2)

Оден козак з коня злазит,
Другий коня в''яже,
Третій козак йде до хати,  |
Добрий вечір, каже.        | (2)

Добрий вечір, стара мати,
Дай води нап''юся,
Кажуть люди — гарне дівча, |
То най подивлюся.          | (2)

В хаті кварта, в сінях ведро,
А в саду криниця.
Моя дочка на гулянню —     |
Іди подивися.              | (2)

Іде козак, іде козак,
Дівчина гуляє,
Молодому козакові          |
Серденько ся крає.         | (2)

Покинь, дівча, покинь, дівча,
3 хлопцями гуляти,
Ходи, сядеш на коника,     |
Щось буду казати.          | (2)');
DELETE FROM song_links WHERE song_id = 'pisniua_6255195';
DELETE FROM song_versions WHERE song_id = 'pisniua_6255195';
DELETE FROM songs_fts WHERE song_id = 'pisniua_6255195';
DELETE FROM songs WHERE id = 'pisniua_6255195';
INSERT OR REPLACE INTO songs (id,title,subtitle,lang,country,period,year,source,notes,lyrics,tags_json,lang_locked,status,created_at,updated_at) VALUES ('pisniua_6255195','Дідусь і бабуся','Українська народна пісня','uk','ukraine_before_1917',NULL,NULL,'аудіозапис',NULL,'Є у мене гарні друзі,
Це - дідусь мій і бабуся.
Якщо довго їх не бачу,
То сумую я і плачу.

Приспів:
Дідусь мій і бабуся - |
Два сивих голубочки.  |
Дідусь мій і бабуся - |
Дві зірочки ясні.     |
Дідусь мій і бабуся,  |
Як квіти у віночку.   |
Дідусь мій і бабуся,  |
Ріднесенькі мої.      | (2)

Є у мене гарні друзі,
Це - дідусь мій і бабуся.
Мене радо зустрічають:
Все цілують, обіймають.

Приспів. (2)','[''pisni.org.ua'', ''cat:dytyachi'', ''Дитячі пісні'']',1,'published',COALESCE((SELECT created_at FROM songs WHERE id='pisniua_6255195'), datetime('now')),datetime('now'));
INSERT OR REPLACE INTO songs_fts(song_id,title,lyrics) VALUES ('pisniua_6255195','Дідусь і бабуся','Є у мене гарні друзі,
Це - дідусь мій і бабуся.
Якщо довго їх не бачу,
То сумую я і плачу.

Приспів:
Дідусь мій і бабуся - |
Два сивих голубочки.  |
Дідусь мій і бабуся - |
Дві зірочки ясні.     |
Дідусь мій і бабуся,  |
Як квіти у віночку.   |
Дідусь мій і бабуся,  |
Ріднесенькі мої.      | (2)

Є у мене гарні друзі,
Це - дідусь мій і бабуся.
Мене радо зустрічають:
Все цілують, обіймають.

Приспів. (2)');
INSERT OR REPLACE INTO song_links (id,song_id,title,url,kind,version_id,sort_order) VALUES ('pisniua_6255195_l1','pisniua_6255195','YouTube','https://www.youtube.com/watch?v=QBpxWk69Knc','video',NULL,1);
DELETE FROM song_links WHERE song_id = 'pisniua_6250972';
DELETE FROM song_versions WHERE song_id = 'pisniua_6250972';
DELETE FROM songs_fts WHERE song_id = 'pisniua_6250972';
DELETE FROM songs WHERE id = 'pisniua_6250972';
INSERT OR REPLACE INTO songs (id,title,subtitle,lang,country,period,year,source,notes,lyrics,tags_json,lang_locked,status,created_at,updated_at) VALUES ('pisniua_6250972','Ой, війна, війна, світова війна','Українська народна пісня','uk','ukraine_before_1917',NULL,NULL,'Українські народні пісні з нотами. Кого люблю — Мій буде / Упоряд. Г. І. Ганзбурґ; Худож.-оформлювач Л. Д. Киркач. — Харків: Фоліо, 2004. — 287 с.',NULL,'Ой, війна, війна, світова війна,
Не жди, мамцю, сина, бо його нема.        | (2)

Твій син дорогий у степу лежить,
Його кров червона на грудях кипить.       | (2)

Надлетіли орли з темної діброви,
Видзьобали очка, ще й чорнії брови.       | (2)

Ой, надлетів ворон, та й жалібно кряче,
Сидить сестра в хаті, за братчиком плаче. | (2)

Не плач, сестро, не плач, я ще лист напишу,
Я в шпиталі лежу, ліжечком колишу.        | (2)

Якби-с, сестро, знала, яке мені горе,
Тоби-с переплила через Чорне море.        | (2)

Якби-с, сестро, знала, яка мені біда,
Тоби-с, передала горобчиком хліба.        | (2)

Горобчиком хліба, а синичков соли,
Тоби-с, сестро знала, як тяжко в неволи.  | (2)','[''pisni.org.ua'', ''cat:istorychni'', ''Історичні пісні'']',1,'published',COALESCE((SELECT created_at FROM songs WHERE id='pisniua_6250972'), datetime('now')),datetime('now'));
INSERT OR REPLACE INTO songs_fts(song_id,title,lyrics) VALUES ('pisniua_6250972','Ой, війна, війна, світова війна','Ой, війна, війна, світова війна,
Не жди, мамцю, сина, бо його нема.        | (2)

Твій син дорогий у степу лежить,
Його кров червона на грудях кипить.       | (2)

Надлетіли орли з темної діброви,
Видзьобали очка, ще й чорнії брови.       | (2)

Ой, надлетів ворон, та й жалібно кряче,
Сидить сестра в хаті, за братчиком плаче. | (2)

Не плач, сестро, не плач, я ще лист напишу,
Я в шпиталі лежу, ліжечком колишу.        | (2)

Якби-с, сестро, знала, яке мені горе,
Тоби-с переплила через Чорне море.        | (2)

Якби-с, сестро, знала, яка мені біда,
Тоби-с, передала горобчиком хліба.        | (2)

Горобчиком хліба, а синичков соли,
Тоби-с, сестро знала, як тяжко в неволи.  | (2)');
DELETE FROM song_links WHERE song_id = 'pisniua_625542';
DELETE FROM song_versions WHERE song_id = 'pisniua_625542';
DELETE FROM songs_fts WHERE song_id = 'pisniua_625542';
DELETE FROM songs WHERE id = 'pisniua_625542';
INSERT OR REPLACE INTO songs (id,title,subtitle,lang,country,period,year,source,notes,lyrics,tags_json,lang_locked,status,created_at,updated_at) VALUES ('pisniua_625542','Тумани','Українська народна пісня','uk','ukraine_before_1917',NULL,NULL,NULL,NULL,'Стоїть на могилі дитина рік вісім
Зовсім ще маленька, тумани зове:
"Тумани, тумани, верніть мені маму,
Чому моя мама до мене не йде?"

Три роки я мала як вмерла матуся
З тих пір на могилу ношу я квітки
З тих пір мене мамо ніхто вже не любить
Ніхто не цілує так ніжно як ти

Тумани густії по полю гуляють
І зовсім не чують серітки слова:
"Тумани, тумани, верніть мені маму,
Чому моя мама до мене не йде?"','[''pisni.org.ua'', ''cat:nostalgia'', ''cat:pro-batkiv'', ''Пісні з ностальгічними мотивами'', ''Пісні про любов до батьків'']',1,'published',COALESCE((SELECT created_at FROM songs WHERE id='pisniua_625542'), datetime('now')),datetime('now'));
INSERT OR REPLACE INTO songs_fts(song_id,title,lyrics) VALUES ('pisniua_625542','Тумани','Стоїть на могилі дитина рік вісім
Зовсім ще маленька, тумани зове:
"Тумани, тумани, верніть мені маму,
Чому моя мама до мене не йде?"

Три роки я мала як вмерла матуся
З тих пір на могилу ношу я квітки
З тих пір мене мамо ніхто вже не любить
Ніхто не цілує так ніжно як ти

Тумани густії по полю гуляють
І зовсім не чують серітки слова:
"Тумани, тумани, верніть мені маму,
Чому моя мама до мене не йде?"');
INSERT OR REPLACE INTO song_links (id,song_id,title,url,kind,version_id,sort_order) VALUES ('pisniua_625542_l1','pisniua_625542','Переглянути варіанти >>','https://www.pisni.org.ua/#variants','external',NULL,1);
DELETE FROM song_links WHERE song_id = 'pisniua_6250959';
DELETE FROM song_versions WHERE song_id = 'pisniua_6250959';
DELETE FROM songs_fts WHERE song_id = 'pisniua_6250959';
DELETE FROM songs WHERE id = 'pisniua_6250959';
INSERT OR REPLACE INTO songs (id,title,subtitle,lang,country,period,year,source,notes,lyrics,tags_json,lang_locked,status,created_at,updated_at) VALUES ('pisniua_6250959','Добряк','Музика: Скрябін Слова: Андрій Кузьменко. Виконує: Скрябін','uk','ukraine_1991',NULL,NULL,'http://www.facebook.com/skryabinofficial',NULL,'Він ціле життя посміхався
Широко до всіх на круги,
Позичав їм останні гроші,
А сам не просив в займи,
А вони садили дерева зла
На бідній його голові
І з часом горбилася спина
Під вагою дрімучих садів.

Приспів:
Ти у цьому світі - випадковий чувак,
Ти втікай, добряк, заховайся, добряк!
Заржавілим людям не поможеш ніяк,
Зрозумій, добряк: пізно вже - ніяк!

В його домі не було дверей
І заходили всі, хто хотів,
Пригощав він усім чим мав,
Відмовляти він не вмів,
А вони підливали дерева зла
З корінням в його голові
І ще більше горбилася спина,
Шукаючи відповіді.

Приспів.

Він дивився очима дитини,
Як гасне навколо цей світ,
Він хотів шоби це зупинилось,
Та крім нього ніхто не хотів...

Приспів.','[''pisni.org.ua'', ''cat:philosophic'', ''Філософські пісні'']',1,'published',COALESCE((SELECT created_at FROM songs WHERE id='pisniua_6250959'), datetime('now')),datetime('now'));
INSERT OR REPLACE INTO songs_fts(song_id,title,lyrics) VALUES ('pisniua_6250959','Добряк','Він ціле життя посміхався
Широко до всіх на круги,
Позичав їм останні гроші,
А сам не просив в займи,
А вони садили дерева зла
На бідній його голові
І з часом горбилася спина
Під вагою дрімучих садів.

Приспів:
Ти у цьому світі - випадковий чувак,
Ти втікай, добряк, заховайся, добряк!
Заржавілим людям не поможеш ніяк,
Зрозумій, добряк: пізно вже - ніяк!

В його домі не було дверей
І заходили всі, хто хотів,
Пригощав він усім чим мав,
Відмовляти він не вмів,
А вони підливали дерева зла
З корінням в його голові
І ще більше горбилася спина,
Шукаючи відповіді.

Приспів.

Він дивився очима дитини,
Як гасне навколо цей світ,
Він хотів шоби це зупинилось,
Та крім нього ніхто не хотів...

Приспів.');
INSERT OR REPLACE INTO song_links (id,song_id,title,url,kind,version_id,sort_order) VALUES ('pisniua_6250959_l1','pisniua_6250959','YouTube','https://www.youtube.com/watch?v=_mEVZiGiBCA','video',NULL,1);
DELETE FROM song_links WHERE song_id = 'pisniua_6254440';
DELETE FROM song_versions WHERE song_id = 'pisniua_6254440';
DELETE FROM songs_fts WHERE song_id = 'pisniua_6254440';
DELETE FROM songs WHERE id = 'pisniua_6254440';
INSERT OR REPLACE INTO songs (id,title,subtitle,lang,country,period,year,source,notes,lyrics,tags_json,lang_locked,status,created_at,updated_at) VALUES ('pisniua_6254440','Витай, Маріє!','Слова: Михайло Ровенко','uk','ukraine_1991',NULL,NULL,'авторське подання',NULL,'Із Києва міста, від злої орди,
Чернець ізранений дібрався сюди.
Чудотворна, Діво Маріє,
Витай, витай наша надіє!

Він клячив, молився, допоки не вснув
Від Матері Божої промінь сяйнув.
Чудотворна, Діво Маріє,
Витай, витай наша надіє!

Відкрив монах очі, ікону уздрів,
До чуда святого зранений добрів.
Чудотворна, Діво Маріє,
Витай, витай наша надіє!

А біля ікони води джерело,
Змочив монах рани — немов не було.
Чудотворна, Діво Маріє,
Витай, витай наша надіє!

На знак, що від Бога тут сон ся зарвав
Монах Зарваницею місце назвав.
Чудотворна, Діво Маріє,
Витай, витай наша надіє!

Минали століття, минали роки
В селі не миналися Божі знаки.
Чудотворна, Діво Маріє,
Витай, витай наша надіє!

Чуда відбувались, а ворог тремтів,
Він знищити воду джерельну хотів.
Чудотворна, Діво Маріє,
Витай, витай наша надіє!

Зривали каплиці, горожі плели
Та крізь заборони до Матінки йшли.
Чудотворна, Діво Маріє,
Витай, витай наша надіє!

Ішли через поле, лісами вночі,
З собою крізь пітьму діток несучи.
Чудотворна, Діво Маріє,
Витай, витай наша надіє!

Упали окови та море біди,
Спішім до ікони, святої води.
Чудотворна, Діво Маріє,
Витай, витай наша надіє!','[''pisni.org.ua'', ''cat:christian'', ''Пісні на християнську тематику'']',1,'published',COALESCE((SELECT created_at FROM songs WHERE id='pisniua_6254440'), datetime('now')),datetime('now'));
INSERT OR REPLACE INTO songs_fts(song_id,title,lyrics) VALUES ('pisniua_6254440','Витай, Маріє!','Із Києва міста, від злої орди,
Чернець ізранений дібрався сюди.
Чудотворна, Діво Маріє,
Витай, витай наша надіє!

Він клячив, молився, допоки не вснув
Від Матері Божої промінь сяйнув.
Чудотворна, Діво Маріє,
Витай, витай наша надіє!

Відкрив монах очі, ікону уздрів,
До чуда святого зранений добрів.
Чудотворна, Діво Маріє,
Витай, витай наша надіє!

А біля ікони води джерело,
Змочив монах рани — немов не було.
Чудотворна, Діво Маріє,
Витай, витай наша надіє!

На знак, що від Бога тут сон ся зарвав
Монах Зарваницею місце назвав.
Чудотворна, Діво Маріє,
Витай, витай наша надіє!

Минали століття, минали роки
В селі не миналися Божі знаки.
Чудотворна, Діво Маріє,
Витай, витай наша надіє!

Чуда відбувались, а ворог тремтів,
Він знищити воду джерельну хотів.
Чудотворна, Діво Маріє,
Витай, витай наша надіє!

Зривали каплиці, горожі плели
Та крізь заборони до Матінки йшли.
Чудотворна, Діво Маріє,
Витай, витай наша надіє!

Ішли через поле, лісами вночі,
З собою крізь пітьму діток несучи.
Чудотворна, Діво Маріє,
Витай, витай наша надіє!

Упали окови та море біди,
Спішім до ікони, святої води.
Чудотворна, Діво Маріє,
Витай, витай наша надіє!');
INSERT OR REPLACE INTO song_links (id,song_id,title,url,kind,version_id,sort_order) VALUES ('pisniua_6254440_l1','pisniua_6254440','YouTube','https://www.youtube.com/watch?v=lMy0Nz2MK2M','video',NULL,1);
DELETE FROM song_links WHERE song_id = 'pisniua_6252491';
DELETE FROM song_versions WHERE song_id = 'pisniua_6252491';
DELETE FROM songs_fts WHERE song_id = 'pisniua_6252491';
DELETE FROM songs WHERE id = 'pisniua_6252491';
INSERT OR REPLACE INTO songs (id,title,subtitle,lang,country,period,year,source,notes,lyrics,tags_json,lang_locked,status,created_at,updated_at) VALUES ('pisniua_6252491','Вірую...','Музика: Олександр Тяптін','uk','ukraine_1991',NULL,NULL,'автор мелодії',NULL,'Вірую в Єдиного Бога, Отця Вседержителя,
Творця Неба і землі, всього видимого і невидимого!
І в Єдиного Господа, Ісуса Христа, Сина Божого,
Єдинородного, від Отця рожденного перше всіх віків.

Світло від Світла, Бога істинного від Бога істинного,
Рожденного, несотворенного, одноістотного з Отцем,
Через якого все сталося.

Він для нас, людей, і для нашого спасіння з небес зійшов,
І тіло прийняв від Духа Святого і Марії-Діви і стався людиною.
І розп''ятий був за нас при Понтійському Пілаті,
І страждав, і був похований,
І воскрес у третій день, як було написано.
І вознісся на Небо, і сидить праворуч Отця.
І знову прийде у славі судити живих і мертвих,
І Царству Його не буде кінця.

І в Духа Святого, Господа Животворчого,
Що від Отця походить,
Що з Отцем і Сином рівнопоклоняємий, рівнославимий,
Що говорив через пророків.
Во єдину святую соборну і апостольськую Церкву.
Визнаю одне хрещення на відпущення гріхів.
Чекаю воскресіння мертвих і життя будучого віку.
Амінь!','[''pisni.org.ua'', ''cat:cerkovni'', ''cat:christian'', ''Церковні пісні'', ''Пісні на християнську тематику'']',1,'published',COALESCE((SELECT created_at FROM songs WHERE id='pisniua_6252491'), datetime('now')),datetime('now'));
INSERT OR REPLACE INTO songs_fts(song_id,title,lyrics) VALUES ('pisniua_6252491','Вірую...','Вірую в Єдиного Бога, Отця Вседержителя,
Творця Неба і землі, всього видимого і невидимого!
І в Єдиного Господа, Ісуса Христа, Сина Божого,
Єдинородного, від Отця рожденного перше всіх віків.

Світло від Світла, Бога істинного від Бога істинного,
Рожденного, несотворенного, одноістотного з Отцем,
Через якого все сталося.

Він для нас, людей, і для нашого спасіння з небес зійшов,
І тіло прийняв від Духа Святого і Марії-Діви і стався людиною.
І розп''ятий був за нас при Понтійському Пілаті,
І страждав, і був похований,
І воскрес у третій день, як було написано.
І вознісся на Небо, і сидить праворуч Отця.
І знову прийде у славі судити живих і мертвих,
І Царству Його не буде кінця.

І в Духа Святого, Господа Животворчого,
Що від Отця походить,
Що з Отцем і Сином рівнопоклоняємий, рівнославимий,
Що говорив через пророків.
Во єдину святую соборну і апостольськую Церкву.
Визнаю одне хрещення на відпущення гріхів.
Чекаю воскресіння мертвих і життя будучого віку.
Амінь!');
DELETE FROM song_links WHERE song_id = 'pisniua_6255178';
DELETE FROM song_versions WHERE song_id = 'pisniua_6255178';
DELETE FROM songs_fts WHERE song_id = 'pisniua_6255178';
DELETE FROM songs WHERE id = 'pisniua_6255178';
INSERT OR REPLACE INTO songs (id,title,subtitle,lang,country,period,year,source,notes,lyrics,tags_json,lang_locked,status,created_at,updated_at) VALUES ('pisniua_6255178','Буде Україна на землі','Музика: Наталія Май Слова: Наталія Май. Виконує: Наталія Май','uk','ukraine_1991',NULL,NULL,'аудіозапис',NULL,'Ми - твоє майбутнє Україно,
Твої вірні доньки і сини,
І допоки наша пісня лине -
Буде Україна на землі!

Приспів:
На землі, на землі,
Буде Україна на землі!
Знаю я, віриш ти,
Буде Україна на землі!

Тільки у єднанні наша сила,
У піснях, що знає цілий світ,
То земля квітучая зростила
Наш козацький, український рід!

Приспів. (2)','[''pisni.org.ua'', ''cat:patriotic'', ''Патріотичні пісні'']',1,'published',COALESCE((SELECT created_at FROM songs WHERE id='pisniua_6255178'), datetime('now')),datetime('now'));
INSERT OR REPLACE INTO songs_fts(song_id,title,lyrics) VALUES ('pisniua_6255178','Буде Україна на землі','Ми - твоє майбутнє Україно,
Твої вірні доньки і сини,
І допоки наша пісня лине -
Буде Україна на землі!

Приспів:
На землі, на землі,
Буде Україна на землі!
Знаю я, віриш ти,
Буде Україна на землі!

Тільки у єднанні наша сила,
У піснях, що знає цілий світ,
То земля квітучая зростила
Наш козацький, український рід!

Приспів. (2)');
DELETE FROM song_links WHERE song_id = 'pisniua_6257440';
DELETE FROM song_versions WHERE song_id = 'pisniua_6257440';
DELETE FROM songs_fts WHERE song_id = 'pisniua_6257440';
DELETE FROM songs WHERE id = 'pisniua_6257440';
INSERT OR REPLACE INTO songs (id,title,subtitle,lang,country,period,year,source,notes,lyrics,tags_json,lang_locked,status,created_at,updated_at) VALUES ('pisniua_6257440','Марш української молоді','(марш ОДУМу). Музика: Григорій Китастий Слова: Іван Багряний','uk','ukraine_1991',NULL,NULL,'Іван Багряний. Золотий бумеранг. Рада, Київ, 1999 р.','Пісню виконує Хор Г. Китастого.','Ми об''їхали землю навколо,
Пропливли океани й моря,
Та Тебе не зрікались ніколи,
Україно ясна, як зоря!

Приспів:
Буде бій! Чуєш грім? -
Ми прийдемо, матері!
Ми пройдем через гори й моря,
Ми в боях віддамо все за Тебе,
Україно ясна, як зоря!

Ми народжені в бурях і горі,
Виростали в стражданннях і млі, -
Гартувалися наші когорти
На усіх перехрестях землі.

Приспів.

Ми пізнали найкращі країни,
Та любити їх нам не пора,
Бо немає у нас Батьківщини,
Тільки тая, що біля Дніпра.

Приспів.

На дорогах чужої погорди,
На тернистих шляхах чужини
Гартувались незламні і горді
І навік твої вірні сини.

Приспів.

Через темряву глуму і змови,
Через нетрі людської хули
Ми, як прапор надії й любови,
Батьківщину в серцях пронесли.

Приспів.

Нехай ворог лютує до скону,
Він пощезне в кривавій імлі.
Бо піднімуться наші колони
Із усіх перехресть землі!

Приспів.

Не жаліли нас рицарі зради,
Не щадили посланці біди.
Хай же ворог не просить пощади,
Бо і наший девіз: "Не щади!"

Приспів.

Не злякають нас кулі і грози,
Нас не спинить ніщо і ніде, -
Хай тремтять чорні сили ворожі:
Молода Україна гряде!

Ми ідем! Чуєш грім?
Ми прийдем, матері!
Ми перейдем всі гори й моря,
Ми в боях віддамо все за Тебе, |
Україно ясна, як зоря!         | (2)','[''pisni.org.ua'', ''cat:himny-marshi'', ''Гимни та марші'']',1,'published',COALESCE((SELECT created_at FROM songs WHERE id='pisniua_6257440'), datetime('now')),datetime('now'));
INSERT OR REPLACE INTO songs_fts(song_id,title,lyrics) VALUES ('pisniua_6257440','Марш української молоді','Ми об''їхали землю навколо,
Пропливли океани й моря,
Та Тебе не зрікались ніколи,
Україно ясна, як зоря!

Приспів:
Буде бій! Чуєш грім? -
Ми прийдемо, матері!
Ми пройдем через гори й моря,
Ми в боях віддамо все за Тебе,
Україно ясна, як зоря!

Ми народжені в бурях і горі,
Виростали в стражданннях і млі, -
Гартувалися наші когорти
На усіх перехрестях землі.

Приспів.

Ми пізнали найкращі країни,
Та любити їх нам не пора,
Бо немає у нас Батьківщини,
Тільки тая, що біля Дніпра.

Приспів.

На дорогах чужої погорди,
На тернистих шляхах чужини
Гартувались незламні і горді
І навік твої вірні сини.

Приспів.

Через темряву глуму і змови,
Через нетрі людської хули
Ми, як прапор надії й любови,
Батьківщину в серцях пронесли.

Приспів.

Нехай ворог лютує до скону,
Він пощезне в кривавій імлі.
Бо піднімуться наші колони
Із усіх перехресть землі!

Приспів.

Не жаліли нас рицарі зради,
Не щадили посланці біди.
Хай же ворог не просить пощади,
Бо і наший девіз: "Не щади!"

Приспів.

Не злякають нас кулі і грози,
Нас не спинить ніщо і ніде, -
Хай тремтять чорні сили ворожі:
Молода Україна гряде!

Ми ідем! Чуєш грім?
Ми прийдем, матері!
Ми перейдем всі гори й моря,
Ми в боях віддамо все за Тебе, |
Україно ясна, як зоря!         | (2)');
DELETE FROM song_links WHERE song_id = 'pisniua_6256959';
DELETE FROM song_versions WHERE song_id = 'pisniua_6256959';
DELETE FROM songs_fts WHERE song_id = 'pisniua_6256959';
DELETE FROM songs WHERE id = 'pisniua_6256959';
INSERT OR REPLACE INTO songs (id,title,subtitle,lang,country,period,year,source,notes,lyrics,tags_json,lang_locked,status,created_at,updated_at) VALUES ('pisniua_6256959','Хай завжди буде сонце!','(Сонячний круг). Музика: Аркадій Островський Слова: Лев Ошанін. Виконує: Тамара Міансарова','uk','ukr_ssr_1919_1991',NULL,'1962','Пісні до свят. "Музична Україна" - Київ, 1975 р.','Історія написання цієї всесвітньо відомої пісні зворушлива.В книжці "Від двох до п''яти" Корній Чуковський розповів про чотирирічного хлопчика Костика,який і створив приспів пісні.Художник Кокорекін створив плакат -привабливе обличчя хлопчика з чотирма знаменитими рядками.Цей збільшений плакат побачили учасники першотравневої демонстрації Москви 1962 р.,серед яких був і композитор А.Островський,який того ж дня зустрівся з Л.Ошаніним і в короткий термін вони створили пісню...За однією з версій хлопчик Костик двадцятирічним загинув у війні 1944 року... Після виконання на радіо М.Кристалінською,В.Безверхим і хлопчиком з хору дітей залізничників вона стала популярною в країні і в світі. Премія 8 Всесвітього фестивалю молоді в Хельсінки(Фінляндія,1962). Гран-прі Сопотського фестивалю(Польща,1963). Приз Всесвітнього конгресу жінок(Москва,1964)','Сонячний круг, небо навкруг -
Перший малюнок хлоп''яти.
В зошиті він намалював
І унизу написав:

Хай завжди буде сонце!
Хай завжди буде небо!
Хай завжди буде мама!
Хай завжди буду я!

Тихо солдат, чуєш солдат, -
Вибухів люди бояться!
Кожен свій зір в небо зверта
Твердять уперто вуста:

Хай завжди буде сонце!
Хай завжди буде небо!
Хай завжди буде мама!
Хай завди буду я!','[''pisni.org.ua'', ''cat:dytyachi'', ''Дитячі пісні'']',1,'published',COALESCE((SELECT created_at FROM songs WHERE id='pisniua_6256959'), datetime('now')),datetime('now'));
INSERT OR REPLACE INTO songs_fts(song_id,title,lyrics) VALUES ('pisniua_6256959','Хай завжди буде сонце!','Сонячний круг, небо навкруг -
Перший малюнок хлоп''яти.
В зошиті він намалював
І унизу написав:

Хай завжди буде сонце!
Хай завжди буде небо!
Хай завжди буде мама!
Хай завжди буду я!

Тихо солдат, чуєш солдат, -
Вибухів люди бояться!
Кожен свій зір в небо зверта
Твердять уперто вуста:

Хай завжди буде сонце!
Хай завжди буде небо!
Хай завжди буде мама!
Хай завди буду я!');
DELETE FROM song_links WHERE song_id = 'pisniua_625353';
DELETE FROM song_versions WHERE song_id = 'pisniua_625353';
DELETE FROM songs_fts WHERE song_id = 'pisniua_625353';
DELETE FROM songs WHERE id = 'pisniua_625353';
INSERT OR REPLACE INTO songs (id,title,subtitle,lang,country,period,year,source,notes,lyrics,tags_json,lang_locked,status,created_at,updated_at) VALUES ('pisniua_625353','Живо, женчики, живо','Українська народна пісня','uk','ukr_ssr_1919_1991',NULL,'1947','Пісні з Львівщини. - К.: Музична Україна, 1988.','Пісня записана 1947 року в с. Криниця Дрогобицького р-ну Львівщини від М.І.Винницької.','Живо, женчики, живо,      (2)
Буде горілочка й пиво.

А ми жита дожнемо,        (2)
Горілочки вип''ємо.

Відчиняйте нам браму,     (2)
Вінок котиться з лану.

Гей, господиня пишна      (2)
За воротоньки вийшла.

Ключами подзвонила,       (2)
Нам браму відчинила.

Нам браму відчинила,      (2)
Нас медом угостила.

Господарю, не журися,     (2)
В чоботи нові взуйся.

Та й піди си по поли,     (2)
Полічи свої стоги.

Скільки на небі зірок,    (2)
Стільки у полі кіпок.','[''pisni.org.ua'', ''cat:halycki'', ''cat:obzhynkovi'', ''Пісні з Галичини'', ''Обжинкові пісні'']',1,'published',COALESCE((SELECT created_at FROM songs WHERE id='pisniua_625353'), datetime('now')),datetime('now'));
INSERT OR REPLACE INTO songs_fts(song_id,title,lyrics) VALUES ('pisniua_625353','Живо, женчики, живо','Живо, женчики, живо,      (2)
Буде горілочка й пиво.

А ми жита дожнемо,        (2)
Горілочки вип''ємо.

Відчиняйте нам браму,     (2)
Вінок котиться з лану.

Гей, господиня пишна      (2)
За воротоньки вийшла.

Ключами подзвонила,       (2)
Нам браму відчинила.

Нам браму відчинила,      (2)
Нас медом угостила.

Господарю, не журися,     (2)
В чоботи нові взуйся.

Та й піди си по поли,     (2)
Полічи свої стоги.

Скільки на небі зірок,    (2)
Стільки у полі кіпок.');
DELETE FROM song_links WHERE song_id = 'pisniua_6252940';
DELETE FROM song_versions WHERE song_id = 'pisniua_6252940';
DELETE FROM songs_fts WHERE song_id = 'pisniua_6252940';
DELETE FROM songs WHERE id = 'pisniua_6252940';
INSERT OR REPLACE INTO songs (id,title,subtitle,lang,country,period,year,source,notes,lyrics,tags_json,lang_locked,status,created_at,updated_at) VALUES ('pisniua_6252940','Заспівай, матусю, колискову','Музика: Тетяна Димань Слова: Тетяна Петровська. Виконує: Антоніна Осипчук','uk','ukraine_before_1917',NULL,NULL,'Авторський примірник','Русина (Руслана Лоцман). Учні школи мистецтв №8 м. Києва.','Заспівай, матусю, колискову.
Може, я в дитинство увійду.
Колосків послухаю розмову,
Нескінченну дзигу заведу.
Заспівай, матусю, хай відчую,
Що є серце більше, ніж моє.
Хай теплом промінчик поцілує
І гніздечко ластівка зів''є.

А... А...

Заспіваай! Так хочеться співати.
Та сама не знаю я всіх слів.
Їх згадати може тільки мати,
Що чекає дочок і синів.
Колискову мати заспівала,
І у двері стукали літа,
Бо вона її не забувала,
Бо проста мелодія свята.

А... А... А','[''pisni.org.ua'', ''cat:kolyskovi'', ''Колискові'']',1,'published',COALESCE((SELECT created_at FROM songs WHERE id='pisniua_6252940'), datetime('now')),datetime('now'));
INSERT OR REPLACE INTO songs_fts(song_id,title,lyrics) VALUES ('pisniua_6252940','Заспівай, матусю, колискову','Заспівай, матусю, колискову.
Може, я в дитинство увійду.
Колосків послухаю розмову,
Нескінченну дзигу заведу.
Заспівай, матусю, хай відчую,
Що є серце більше, ніж моє.
Хай теплом промінчик поцілує
І гніздечко ластівка зів''є.

А... А...

Заспіваай! Так хочеться співати.
Та сама не знаю я всіх слів.
Їх згадати може тільки мати,
Що чекає дочок і синів.
Колискову мати заспівала,
І у двері стукали літа,
Бо вона її не забувала,
Бо проста мелодія свята.

А... А... А');
DELETE FROM song_links WHERE song_id = 'pisniua_625695';
DELETE FROM song_versions WHERE song_id = 'pisniua_625695';
DELETE FROM songs_fts WHERE song_id = 'pisniua_625695';
DELETE FROM songs WHERE id = 'pisniua_625695';
INSERT OR REPLACE INTO songs (id,title,subtitle,lang,country,period,year,source,notes,lyrics,tags_json,lang_locked,status,created_at,updated_at) VALUES ('pisniua_625695','Ей, жнийте, жени, жнийте...','Українська народна пісня','uk','ukraine_before_1917',NULL,NULL,'Українські народні мелодії / Зібрав і зредаґував Зіновій Лисько. Т. 7 (Мелодії 6440-7716).- Торонто - Нью Йорк: Українська вільна академія наук у США і Канаді, 1981','Місцевість: Руський Кручов, Пряшівщина Першоджерело: Пряшівщина, стор. 76, ч. 31','1. Ей, жнийте, жени, жнийте,
Найдете баньку в житі,
Як жито дожнете,
Ей з баньки випієте.

2. Ой зажинай, зажинай,
А я буду косить,
Чекай до осені,
Та тя буду просить.

3. Ей так я зажинала
І з косов косила,
Же би ся милому
Робота любила.    Мелодія для 1 голосу','[''pisni.org.ua'', ''cat:obzhynkovi'', ''Обжинкові пісні'']',1,'published',COALESCE((SELECT created_at FROM songs WHERE id='pisniua_625695'), datetime('now')),datetime('now'));
INSERT OR REPLACE INTO songs_fts(song_id,title,lyrics) VALUES ('pisniua_625695','Ей, жнийте, жени, жнийте...','1. Ей, жнийте, жени, жнийте,
Найдете баньку в житі,
Як жито дожнете,
Ей з баньки випієте.

2. Ой зажинай, зажинай,
А я буду косить,
Чекай до осені,
Та тя буду просить.

3. Ей так я зажинала
І з косов косила,
Же би ся милому
Робота любила.    Мелодія для 1 голосу');
DELETE FROM song_links WHERE song_id = 'pisniua_6250542';
DELETE FROM song_versions WHERE song_id = 'pisniua_6250542';
DELETE FROM songs_fts WHERE song_id = 'pisniua_6250542';
DELETE FROM songs WHERE id = 'pisniua_6250542';
INSERT OR REPLACE INTO songs (id,title,subtitle,lang,country,period,year,source,notes,lyrics,tags_json,lang_locked,status,created_at,updated_at) VALUES ('pisniua_6250542','Не позичай свою любов','Музика: Андрій Бондаренко Слова: Степан Галябарда. Виконує: Євгенія Червоноженко','uk','ukraine_1991',NULL,NULL,'http://aib.at.ua','Музика і аранжування Андрія Бондаренка.','У тебе хмари на душі як ночі,
Тебе покинула любов дівоча,
І кажеш нині, що мене ти любиш,
А завтра вийдеш за поріг - забудеш.

Приспів:
Не позичай свою любов, не позичай!
І чи візьму у тебе - не питай.
Не позичай свою любов, не позичай,
А всю її мені до крапельки віддай!

Не хочу я лиш на сьогодні щастя,
А завтра чи воно буде? - як вдасться.
Коханий мій, ти зрозумій нарешті:
Ти або мій, або не мій! Решта...

Приспів.

Не позичай!','[''pisni.org.ua'', ''cat:druzhba'', ''Пісні про дружбу'']',1,'published',COALESCE((SELECT created_at FROM songs WHERE id='pisniua_6250542'), datetime('now')),datetime('now'));
INSERT OR REPLACE INTO songs_fts(song_id,title,lyrics) VALUES ('pisniua_6250542','Не позичай свою любов','У тебе хмари на душі як ночі,
Тебе покинула любов дівоча,
І кажеш нині, що мене ти любиш,
А завтра вийдеш за поріг - забудеш.

Приспів:
Не позичай свою любов, не позичай!
І чи візьму у тебе - не питай.
Не позичай свою любов, не позичай,
А всю її мені до крапельки віддай!

Не хочу я лиш на сьогодні щастя,
А завтра чи воно буде? - як вдасться.
Коханий мій, ти зрозумій нарешті:
Ти або мій, або не мій! Решта...

Приспів.

Не позичай!');
INSERT OR REPLACE INTO song_links (id,song_id,title,url,kind,version_id,sort_order) VALUES ('pisniua_6250542_l1','pisniua_6250542','http://aib.at.ua','http://aib.at.ua','external',NULL,1);
DELETE FROM song_links WHERE song_id = 'pisniua_6257555';
DELETE FROM song_versions WHERE song_id = 'pisniua_6257555';
DELETE FROM songs_fts WHERE song_id = 'pisniua_6257555';
DELETE FROM songs WHERE id = 'pisniua_6257555';
INSERT OR REPLACE INTO songs (id,title,subtitle,lang,country,period,year,source,notes,lyrics,tags_json,lang_locked,status,created_at,updated_at) VALUES ('pisniua_6257555','Гімн України (проект)','Музика: Євген Шантир Слова: Євген Шантир. Виконує: Євген Шантир','uk','ukraine_1991',NULL,NULL,NULL,NULL,'Вітри твої, Вкраїно, вільні,
Гуляють в горах і в лісах,
Степами і морями линуть
І скрізь тебе вітають так:
Яка ж ти гарна, Україно,
Як перша в юності весна,
В козацькій славі своїй долі
Вінок кохання ти сплела.
Дніпро твій сивий і могутній,
Ріка натхнення у віках,
Горами хвилі підіймає,
Дніпро реве та стогне так:
Яка ж ти гарна, Україно,
Як перша в юності весна,
В козацькій славі своїй долі
Вінок кохання ти сплела.
В віршах Шевченківських крилатих,
В жовто-блакитних прапорах,
В промовах Гетьманів Великих
Звучиш ти, Україно, так:
Яка ж ти гарна, Україно,
Як перша в юності весна,
В козацькій славі своїй долі
Вінок кохання ти сплела.','[''pisni.org.ua'', ''cat:himny-marshi'', ''Гимни та марші'']',1,'published',COALESCE((SELECT created_at FROM songs WHERE id='pisniua_6257555'), datetime('now')),datetime('now'));
INSERT OR REPLACE INTO songs_fts(song_id,title,lyrics) VALUES ('pisniua_6257555','Гімн України (проект)','Вітри твої, Вкраїно, вільні,
Гуляють в горах і в лісах,
Степами і морями линуть
І скрізь тебе вітають так:
Яка ж ти гарна, Україно,
Як перша в юності весна,
В козацькій славі своїй долі
Вінок кохання ти сплела.
Дніпро твій сивий і могутній,
Ріка натхнення у віках,
Горами хвилі підіймає,
Дніпро реве та стогне так:
Яка ж ти гарна, Україно,
Як перша в юності весна,
В козацькій славі своїй долі
Вінок кохання ти сплела.
В віршах Шевченківських крилатих,
В жовто-блакитних прапорах,
В промовах Гетьманів Великих
Звучиш ти, Україно, так:
Яка ж ти гарна, Україно,
Як перша в юності весна,
В козацькій славі своїй долі
Вінок кохання ти сплела.');
DELETE FROM song_links WHERE song_id = 'pisniua_6253848';
DELETE FROM song_versions WHERE song_id = 'pisniua_6253848';
DELETE FROM songs_fts WHERE song_id = 'pisniua_6253848';
DELETE FROM songs WHERE id = 'pisniua_6253848';
INSERT OR REPLACE INTO songs (id,title,subtitle,lang,country,period,year,source,notes,lyrics,tags_json,lang_locked,status,created_at,updated_at) VALUES ('pisniua_6253848','Ой, вийду я на ту гору','Українська народна пісня','uk','ukraine_before_1917',NULL,NULL,'Джерело: Струни серця, с. 134-136.',NULL,'Ой, вийду я на ту гору,
Подивлюся на долину.
Долина широка, калина висока,         |
Аж додолу гілля гнеться.              | (2)

А під тою калиною
Стояв козак з дівчиною.
Дівчинонька плаче, сльози проливає,   |
Свою долю проклинає.                  | (2)

Ой, якби я була знала,
Не йшла б заміж, а гуляла.
У рідного батька, у рідної неньки,    |
Як цвіт маків розцвітала.             | (2)

А тепер я мушу знати:
Пізно лягти, рано встати.
Пізненько лягала, раненько вставала,  |
Свою долю проклинала.                 | (2)

Ой, вийду я на ту гору,
Подивлюся на ті квіти.
Квіти я садила, сама поливала,        |
Нема того, що кохала.                 | (2)

Ой, вийду я на ту гору,
Подивлюся на той місяць.
Ой, місяцю ясний, який ти прекрасний, |
Який заміж мій нещасний.              | (2)

Ой, вийду я на ту гору,
Подивлюся на долину.
Долина широка, калина висока,         |
А я стою одинока.                     | (2)','[''pisni.org.ua'', ''cat:nostalgia'', ''Пісні з ностальгічними мотивами'']',1,'published',COALESCE((SELECT created_at FROM songs WHERE id='pisniua_6253848'), datetime('now')),datetime('now'));
INSERT OR REPLACE INTO songs_fts(song_id,title,lyrics) VALUES ('pisniua_6253848','Ой, вийду я на ту гору','Ой, вийду я на ту гору,
Подивлюся на долину.
Долина широка, калина висока,         |
Аж додолу гілля гнеться.              | (2)

А під тою калиною
Стояв козак з дівчиною.
Дівчинонька плаче, сльози проливає,   |
Свою долю проклинає.                  | (2)

Ой, якби я була знала,
Не йшла б заміж, а гуляла.
У рідного батька, у рідної неньки,    |
Як цвіт маків розцвітала.             | (2)

А тепер я мушу знати:
Пізно лягти, рано встати.
Пізненько лягала, раненько вставала,  |
Свою долю проклинала.                 | (2)

Ой, вийду я на ту гору,
Подивлюся на ті квіти.
Квіти я садила, сама поливала,        |
Нема того, що кохала.                 | (2)

Ой, вийду я на ту гору,
Подивлюся на той місяць.
Ой, місяцю ясний, який ти прекрасний, |
Який заміж мій нещасний.              | (2)

Ой, вийду я на ту гору,
Подивлюся на долину.
Долина широка, калина висока,         |
А я стою одинока.                     | (2)');
INSERT OR REPLACE INTO song_links (id,song_id,title,url,kind,version_id,sort_order) VALUES ('pisniua_6253848_l1','pisniua_6253848','YouTube','https://www.youtube.com/watch?v=8MDV5n2dSEk','video',NULL,1);
INSERT OR REPLACE INTO song_links (id,song_id,title,url,kind,version_id,sort_order) VALUES ('pisniua_6253848_l2','pisniua_6253848','YouTube','https://www.youtube.com/watch?v=40GyhCJNUZs','video',NULL,2);
DELETE FROM song_links WHERE song_id = 'pisniua_625848';
DELETE FROM song_versions WHERE song_id = 'pisniua_625848';
DELETE FROM songs_fts WHERE song_id = 'pisniua_625848';
DELETE FROM songs WHERE id = 'pisniua_625848';
INSERT OR REPLACE INTO songs (id,title,subtitle,lang,country,period,year,source,notes,lyrics,tags_json,lang_locked,status,created_at,updated_at) VALUES ('pisniua_625848','Бачив я','(Чайка). Музика: Кость Москалець Слова: Кость Москалець. Виконує: Кость Москалець','uk','ukraine_1991',NULL,NULL,'За аудіозаписом концерту в Москві 19 березня 1989 року.','Текст і акорди взято з аудіо-джерела. Акорди підібрано на слух. Для зручності підбору акордів було змінено висоту звучання аудіозапису. Оригінальна тональність невідома. Інші варіанти тексту: * Хатінка моя ** Гостей напував би','Бачив я - вже поверталась
Чайка з-за моря,
F
Бачив я - золою вбралась
Хатонька моя. *

Ой, панове, - воріженьки -
Серед ночі вітер -
Заступили   нам дорогу
На білому світі.

Горить хата, жар літає,
Зорям гаряче,
Горять білі крила чайці,
Чайка кигиче.

Кигич, чайко, кигич, мила,
Над чорную золу,
Над чорную, дорогую,
Над гіркую долю.

Взяв би заступ, день при дневі
Яму би копав,
У вишневому садочку
Столи б накривав,

До одного, до малого
Гостей частував би, **
До одного, до малого
В яму поскидав би...

В яму чорну, віко срібне,  |
Труну золотую -            |
Заклятому ворогові         | (2)
Ніц не пошкодую.           |','[''pisni.org.ua'', ''cat:bardivski'', ''cat:suspilno-politychni'', ''Бардівські пісні'', ''Суспільно-політичні пісні'']',1,'published',COALESCE((SELECT created_at FROM songs WHERE id='pisniua_625848'), datetime('now')),datetime('now'));
INSERT OR REPLACE INTO songs_fts(song_id,title,lyrics) VALUES ('pisniua_625848','Бачив я','Бачив я - вже поверталась
Чайка з-за моря,
F
Бачив я - золою вбралась
Хатонька моя. *

Ой, панове, - воріженьки -
Серед ночі вітер -
Заступили   нам дорогу
На білому світі.

Горить хата, жар літає,
Зорям гаряче,
Горять білі крила чайці,
Чайка кигиче.

Кигич, чайко, кигич, мила,
Над чорную золу,
Над чорную, дорогую,
Над гіркую долю.

Взяв би заступ, день при дневі
Яму би копав,
У вишневому садочку
Столи б накривав,

До одного, до малого
Гостей частував би, **
До одного, до малого
В яму поскидав би...

В яму чорну, віко срібне,  |
Труну золотую -            |
Заклятому ворогові         | (2)
Ніц не пошкодую.           |');
DELETE FROM song_links WHERE song_id = 'pisniua_625399';
DELETE FROM song_versions WHERE song_id = 'pisniua_625399';
DELETE FROM songs_fts WHERE song_id = 'pisniua_625399';
DELETE FROM songs WHERE id = 'pisniua_625399';
INSERT OR REPLACE INTO songs (id,title,subtitle,lang,country,period,year,source,notes,lyrics,tags_json,lang_locked,status,created_at,updated_at) VALUES ('pisniua_625399','А в нашого господаря','(А в нашого господаря мальована призьба). Українська народна пісня','uk','ukr_ssr_1919_1991',NULL,'1948','Пісні з Львівщини. - К.: Музична Україна, 1988.','Записана 1948 року в с. Крушельниця Сколівського р-ну на Львівщині від Г.С.Яворської','А в нашого господаря мальована призьба,
Сіло собі кругом столу женчиків із триста.

Женці гожі, женці гожі, жінки й молодиці,
А дівчата кучеряві, хлопці чорнобривці.','[''pisni.org.ua'', ''cat:boykivski'', ''cat:obzhynkovi'', ''Пісні з Бойківщини'', ''Обжинкові пісні'']',1,'published',COALESCE((SELECT created_at FROM songs WHERE id='pisniua_625399'), datetime('now')),datetime('now'));
INSERT OR REPLACE INTO songs_fts(song_id,title,lyrics) VALUES ('pisniua_625399','А в нашого господаря','А в нашого господаря мальована призьба,
Сіло собі кругом столу женчиків із триста.

Женці гожі, женці гожі, жінки й молодиці,
А дівчата кучеряві, хлопці чорнобривці.');
DELETE FROM song_links WHERE song_id = 'pisniua_6251746';
DELETE FROM song_versions WHERE song_id = 'pisniua_6251746';
DELETE FROM songs_fts WHERE song_id = 'pisniua_6251746';
DELETE FROM songs WHERE id = 'pisniua_6251746';
INSERT OR REPLACE INTO songs (id,title,subtitle,lang,country,period,year,source,notes,lyrics,tags_json,lang_locked,status,created_at,updated_at) VALUES ('pisniua_6251746','Сестра','Музика: Мері Слова: Віктор Винник. Виконує: Мері','uk','ukraine_1991',NULL,NULL,'аудіозапис',NULL,'Ти питаєш, сестра, як тут у хаті?..
Слава богу, все добре: і мата, і тато.
Знаєш, тільки б не гірше. Ну, що ще сказати?..
Слава богу, все добре: і мама, і тато.
Ти кажеш, з-за кордону все не так виглядає,
І ніби ми тут ще є, і ніби нас вже немає.
Вони, можливо, праві, їм напевне видніше,
Бо я і сам вже не знаю, що краще, що гірше.
Якщо послухати новини - не так все й погано.
Новини позитивні і ввечері, і рано,
А також всі сидять по своїх кутках,
І скоро вибори, вибори, вибори на...

Приспів:
Моя нікому не потрібна країна,
Мої не зовсім зрозумілі пісні,
Але усмішка твоя єдина, очі твої одні!
Моя нікому не потрібна країна,
Мої не зовсім зрозумілі пісні,
Але усмішка твоя єдина, очі твої одні!
Очі твої одні!.. Очі твої одні!..

Ти пам''ятаєш, двадцять років тому все починалось,
А ми малі були ще, але теж на щось чекали.
Нам казали, що повинні народитись нові люди,
Які страшне минуле, як сон забудуть.
І люди народились. Люди пішли до школи,
Їм плювати на все, у них свої приколи.
Вони давно живуть по своїх власних законах:
Спортивки, пиво, сємки, шансон на телефонах.
Тепер у школі вже не вчать любити Батьківщину.
Всі переконані у тому, що вона їм щось повинна,
І вже нікого не підсадиш ні на яку ідею,
Вони вдихають батьківщину із запахом клею.

Приспів.

В нас стало більше машин - така потреба і мода,
Пенсіонерів, жебраків у магазинах перед входом.
Правда, Захід не став ближче зі Сходом,
Все як завжди: бандитам - тюрми, і міліція з народом.
Депутатські розмови, значки, спецсигнали
Когось до сміху, когось до сліз дістали,
А ще дороги, дураки, Росія з своїм газом.
З тою малою, що ти знала, ми вже більше не разом.

Приспів.

Ти питаєш, сестра, ну, як тут у хаті?..
Слава богу, все добре: і мата, і тато.
Надіюсь, скоро побачимось, ти ж приїдеш на свята?
Я теж тебе люблю! Привіт від мами і тата!

Приспів.','[''pisni.org.ua'', ''cat:philosophic'', ''Філософські пісні'']',1,'published',COALESCE((SELECT created_at FROM songs WHERE id='pisniua_6251746'), datetime('now')),datetime('now'));
INSERT OR REPLACE INTO songs_fts(song_id,title,lyrics) VALUES ('pisniua_6251746','Сестра','Ти питаєш, сестра, як тут у хаті?..
Слава богу, все добре: і мата, і тато.
Знаєш, тільки б не гірше. Ну, що ще сказати?..
Слава богу, все добре: і мама, і тато.
Ти кажеш, з-за кордону все не так виглядає,
І ніби ми тут ще є, і ніби нас вже немає.
Вони, можливо, праві, їм напевне видніше,
Бо я і сам вже не знаю, що краще, що гірше.
Якщо послухати новини - не так все й погано.
Новини позитивні і ввечері, і рано,
А також всі сидять по своїх кутках,
І скоро вибори, вибори, вибори на...

Приспів:
Моя нікому не потрібна країна,
Мої не зовсім зрозумілі пісні,
Але усмішка твоя єдина, очі твої одні!
Моя нікому не потрібна країна,
Мої не зовсім зрозумілі пісні,
Але усмішка твоя єдина, очі твої одні!
Очі твої одні!.. Очі твої одні!..

Ти пам''ятаєш, двадцять років тому все починалось,
А ми малі були ще, але теж на щось чекали.
Нам казали, що повинні народитись нові люди,
Які страшне минуле, як сон забудуть.
І люди народились. Люди пішли до школи,
Їм плювати на все, у них свої приколи.
Вони давно живуть по своїх власних законах:
Спортивки, пиво, сємки, шансон на телефонах.
Тепер у школі вже не вчать любити Батьківщину.
Всі переконані у тому, що вона їм щось повинна,
І вже нікого не підсадиш ні на яку ідею,
Вони вдихають батьківщину із запахом клею.

Приспів.

В нас стало більше машин - така потреба і мода,
Пенсіонерів, жебраків у магазинах перед входом.
Правда, Захід не став ближче зі Сходом,
Все як завжди: бандитам - тюрми, і міліція з народом.
Депутатські розмови, значки, спецсигнали
Когось до сміху, когось до сліз дістали,
А ще дороги, дураки, Росія з своїм газом.
З тою малою, що ти знала, ми вже більше не разом.

Приспів.

Ти питаєш, сестра, ну, як тут у хаті?..
Слава богу, все добре: і мата, і тато.
Надіюсь, скоро побачимось, ти ж приїдеш на свята?
Я теж тебе люблю! Привіт від мами і тата!

Приспів.');
DELETE FROM song_links WHERE song_id = 'pisniua_625972';
DELETE FROM song_versions WHERE song_id = 'pisniua_625972';
DELETE FROM songs_fts WHERE song_id = 'pisniua_625972';
DELETE FROM songs WHERE id = 'pisniua_625972';
INSERT OR REPLACE INTO songs (id,title,subtitle,lang,country,period,year,source,notes,lyrics,tags_json,lang_locked,status,created_at,updated_at) VALUES ('pisniua_625972','Чорні круки *','(Чорні круки увірвалися...). Музика: Анатолій Сухий Слова: Анатолій Сухий. Виконує: Кость Єрофєєв, Рутенія','uk','ukraine_1991',NULL,'2003','http://www.ukrmusic.com.ua/ukr/text.php?albumid=45&id=567','За аудіозаписом концерту частини гурту "Рутенія" в Москві 1988(89) року. Текст звірений з аудіозаписом, вказаним в джерелі на сторінці і відкоректований. Виконавці: 1. Гурт "Рутенія" (Пісня з альбому "Вулиці Рожевого міста", 2003 р.) 2. Анатолій Сухий у складі "Рутенії". 3. Кость Єрофєєв у складі "Рутенії" зразка 1989 року.','Чорні круки увірвалися у віхолу зимову,
Закрутила чорні цятки в небі біла стужениця...
Чорні круки, не крячіте, вир не чує вашу мову,
Крильми ви не тріпочіте, не вирветеся на волю...

Сперечатись не беріться, чорні гвинтики крутіться,
Обертаючись у ритмі обертальної машини,
Ваші душі обгоріли, обламали ваші крила,
Ви засніть, хай вам насниться ся велична стужениця (хурделиця).

Приспів:
Вони начебто й на волі,         |
Чорні круки - володарі неба,    |
Вони буцімто у себе вдома, але, | (2)
Але у вихора в полоні...        |

Чорні круки увірвалися у віхолу зимову,
Чорні круки не бажали і з неволею миритись,
Вітер вив, і запевняв що їхнє щастя лиш у тому,
Щоб цятками прокрутитися у вихорі бучному,

Може так воно й годиться        |
Цяточкою прокрутиться           | (2)','[''pisni.org.ua'', ''cat:bardivski'', ''cat:suspilno-politychni'', ''Бардівські пісні'', ''Суспільно-політичні пісні'']',1,'published',COALESCE((SELECT created_at FROM songs WHERE id='pisniua_625972'), datetime('now')),datetime('now'));
INSERT OR REPLACE INTO songs_fts(song_id,title,lyrics) VALUES ('pisniua_625972','Чорні круки *','Чорні круки увірвалися у віхолу зимову,
Закрутила чорні цятки в небі біла стужениця...
Чорні круки, не крячіте, вир не чує вашу мову,
Крильми ви не тріпочіте, не вирветеся на волю...

Сперечатись не беріться, чорні гвинтики крутіться,
Обертаючись у ритмі обертальної машини,
Ваші душі обгоріли, обламали ваші крила,
Ви засніть, хай вам насниться ся велична стужениця (хурделиця).

Приспів:
Вони начебто й на волі,         |
Чорні круки - володарі неба,    |
Вони буцімто у себе вдома, але, | (2)
Але у вихора в полоні...        |

Чорні круки увірвалися у віхолу зимову,
Чорні круки не бажали і з неволею миритись,
Вітер вив, і запевняв що їхнє щастя лиш у тому,
Щоб цятками прокрутитися у вихорі бучному,

Може так воно й годиться        |
Цяточкою прокрутиться           | (2)');
INSERT OR REPLACE INTO song_links (id,song_id,title,url,kind,version_id,sort_order) VALUES ('pisniua_625972_l1','pisniua_625972','YouTube','https://www.youtube.com/watch?v=p2ni9cXppK8','video',NULL,1);
INSERT OR REPLACE INTO song_links (id,song_id,title,url,kind,version_id,sort_order) VALUES ('pisniua_625972_l2','pisniua_625972','YouTube','https://www.youtube.com/watch?v=HkVm5Ic80e4','video',NULL,2);
INSERT OR REPLACE INTO song_links (id,song_id,title,url,kind,version_id,sort_order) VALUES ('pisniua_625972_l3','pisniua_625972','YouTube','https://www.youtube.com/watch?v=n19BY-__zrI','video',NULL,3);
INSERT OR REPLACE INTO song_links (id,song_id,title,url,kind,version_id,sort_order) VALUES ('pisniua_625972_l4','pisniua_625972','YouTube','https://www.youtube.com/watch?v=3Pg9eTWbGnk','video',NULL,4);
INSERT OR REPLACE INTO song_links (id,song_id,title,url,kind,version_id,sort_order) VALUES ('pisniua_625972_l5','pisniua_625972','http://www.ukrmusic.com.ua/ukr/album.php?id=45','http://www.ukrmusic.com.ua/ukr/album.php?id=45','external',NULL,5);
DELETE FROM song_links WHERE song_id = 'pisniua_6256374';
DELETE FROM song_versions WHERE song_id = 'pisniua_6256374';
DELETE FROM songs_fts WHERE song_id = 'pisniua_6256374';
DELETE FROM songs WHERE id = 'pisniua_6256374';
INSERT OR REPLACE INTO songs (id,title,subtitle,lang,country,period,year,source,notes,lyrics,tags_json,lang_locked,status,created_at,updated_at) VALUES ('pisniua_6256374','Шуміли сосни і діброви','Українська народна пісня','uk','ukr_ssr_1919_1991',NULL,NULL,'Співаночки, с. 414-415.',NULL,'Шуміли сосни і діброви,
Шумів зелений тихий гай.
Сльози по личеньку котились,     |
В останній раз сказав: "Прощай!" | (2)

Прощайте, очі чорнесенькі,
Прощай, дівчино ти моя,
Більше вже не повернусь          |
До свого рідного села.           | (2)

Колись я з вечора до ранку
Тримав дівчину на руках.
А нині з вечора до ранку         |
Тримаю кріса на плечах.          | (2)

Колись я з вечора до ранку
Любив з дівчиною гулять.
А нині з вечора до ранку         |
Спішу в криївку ночувать.        | (2)

В криївці нічка холодная,
Лягаю спати на полу.
Не прийде мила та й не скаже:    |
- Вставай, юначе, постелю.       | (2)

В криївці нічка холодная,
Лягаю спати на часок.
Не прийде мила та й не скаже:    |
- Вставай, юначе, пий чайок.     | (2)','[''pisni.org.ua'', ''cat:povstanski'', ''Повстанські пісні'']',1,'published',COALESCE((SELECT created_at FROM songs WHERE id='pisniua_6256374'), datetime('now')),datetime('now'));
INSERT OR REPLACE INTO songs_fts(song_id,title,lyrics) VALUES ('pisniua_6256374','Шуміли сосни і діброви','Шуміли сосни і діброви,
Шумів зелений тихий гай.
Сльози по личеньку котились,     |
В останній раз сказав: "Прощай!" | (2)

Прощайте, очі чорнесенькі,
Прощай, дівчино ти моя,
Більше вже не повернусь          |
До свого рідного села.           | (2)

Колись я з вечора до ранку
Тримав дівчину на руках.
А нині з вечора до ранку         |
Тримаю кріса на плечах.          | (2)

Колись я з вечора до ранку
Любив з дівчиною гулять.
А нині з вечора до ранку         |
Спішу в криївку ночувать.        | (2)

В криївці нічка холодная,
Лягаю спати на полу.
Не прийде мила та й не скаже:    |
- Вставай, юначе, постелю.       | (2)

В криївці нічка холодная,
Лягаю спати на часок.
Не прийде мила та й не скаже:    |
- Вставай, юначе, пий чайок.     | (2)');
DELETE FROM song_links WHERE song_id = 'pisniua_625991';
DELETE FROM song_versions WHERE song_id = 'pisniua_625991';
DELETE FROM songs_fts WHERE song_id = 'pisniua_625991';
DELETE FROM songs WHERE id = 'pisniua_625991';
INSERT OR REPLACE INTO songs (id,title,subtitle,lang,country,period,year,source,notes,lyrics,tags_json,lang_locked,status,created_at,updated_at) VALUES ('pisniua_625991','Душко моя','(А ти, мила). Українська народна пісня. Виконує: Віктор Морозов, Мертвий півень','uk','ukraine_before_1917',NULL,NULL,'1. Аудіо-альбом "Віктор Морозов, Мертвий Півень. "Афродизіяки" (2003). 2. Аудіо-альбом "Юлія Дошна. "Там на Лемковині" (2000).','bohdanko (модератор): Доповнення: Текст подано на основі джерела [2] (з обкладинки аудіо-CD), виправлено та доповнено на слух за джерелом [1]. Для спрощення замість G#dim/E можна грати E. Оригінальна тональність: Gm. У цій тональності акорди такі: - Вступ: Gm D# D (x2) - Куплет: Gm D# D | Gm D# D F | A# F | Gm D* D# D Gm F - Повтор 3-го і 4-го рядків куплета: A# F | Gm D* D# D Gm D# D Gm D# D Тут замість акорда D* в оригіналі є акорд Adim [x 0 4 5 4 5] або F#dim/A [x 0 1 2 1 2]. Використані акорди: G#dim/E [0 x 3 4 3 4] Adim [x 0 4 5 4 5] F#dim/A [x 0 1 2 1 2] Текст та акорди перевірив і виправив Віктор Морозов (http://www.victormorozov.com).','Вступ:  Am F E (x2)

- А ти, мила, а ти, мила, што''с думала,
Кєд сой гвечер, кєд сой гвечер зо мнов спала?
- Тота єдна думка моя,
Am               G#dim/E     F     E  Am G
Же ти не мій, я не твоя, душко мо_ я.
- Тота єдна думка моя,
Am               G#dim/E     F     E  Am F E Am F E
Же ти не мій, я не твоя, душко мо_ я.

- Чого же''с ся, чого же''с ся погнівала,
Кой єс щиро, кой єс щиро не думала.
Зостав, мила, то гнівання,               |
Бо то било на прощання, душко моя.       | (2)

- Од тих думок, од тих думок серце болит,
Хто на двоє, хто на двоє любов ділит.
Моя любов знат лем тебе,                 |
Не ход гу двом, прид до мене, душко моя. | (2)

- А ти, мила, а ти, мила, што''с думала,
Кєд сой гвечер, кєд сой гвечер зо мнов спала?
- Тота єдна думка моя,                   |
Же ти не мій, я не твоя, душко моя.      | (2)

Душко мо_я...','[''pisni.org.ua'', ''cat:lemkivski'', ''Лемківські пісні'']',1,'published',COALESCE((SELECT created_at FROM songs WHERE id='pisniua_625991'), datetime('now')),datetime('now'));
INSERT OR REPLACE INTO songs_fts(song_id,title,lyrics) VALUES ('pisniua_625991','Душко моя','Вступ:  Am F E (x2)

- А ти, мила, а ти, мила, што''с думала,
Кєд сой гвечер, кєд сой гвечер зо мнов спала?
- Тота єдна думка моя,
Am               G#dim/E     F     E  Am G
Же ти не мій, я не твоя, душко мо_ я.
- Тота єдна думка моя,
Am               G#dim/E     F     E  Am F E Am F E
Же ти не мій, я не твоя, душко мо_ я.

- Чого же''с ся, чого же''с ся погнівала,
Кой єс щиро, кой єс щиро не думала.
Зостав, мила, то гнівання,               |
Бо то било на прощання, душко моя.       | (2)

- Од тих думок, од тих думок серце болит,
Хто на двоє, хто на двоє любов ділит.
Моя любов знат лем тебе,                 |
Не ход гу двом, прид до мене, душко моя. | (2)

- А ти, мила, а ти, мила, што''с думала,
Кєд сой гвечер, кєд сой гвечер зо мнов спала?
- Тота єдна думка моя,                   |
Же ти не мій, я не твоя, душко моя.      | (2)

Душко мо_я...');
INSERT OR REPLACE INTO song_links (id,song_id,title,url,kind,version_id,sort_order) VALUES ('pisniua_625991_l1','pisniua_625991','YouTube','https://www.youtube.com/watch?v=XWSkc4QhgvE','video',NULL,1);
INSERT OR REPLACE INTO song_links (id,song_id,title,url,kind,version_id,sort_order) VALUES ('pisniua_625991_l2','pisniua_625991','YouTube','https://www.youtube.com/watch?v=-8tjkdFLVuo','video',NULL,2);
INSERT OR REPLACE INTO song_links (id,song_id,title,url,kind,version_id,sort_order) VALUES ('pisniua_625991_l3','pisniua_625991','Переглянути варіанти >>','https://www.pisni.org.ua/#variants','external',NULL,3);
DELETE FROM song_links WHERE song_id = 'pisniua_625656';
DELETE FROM song_versions WHERE song_id = 'pisniua_625656';
DELETE FROM songs_fts WHERE song_id = 'pisniua_625656';
DELETE FROM songs WHERE id = 'pisniua_625656';
INSERT OR REPLACE INTO songs (id,title,subtitle,lang,country,period,year,source,notes,lyrics,tags_json,lang_locked,status,created_at,updated_at) VALUES ('pisniua_625656','Ой паноньку наш, додомоньку час...','Українська народна пісня','uk','ukraine_before_1917',NULL,NULL,'Українські народні мелодії / Зібрав і зредаґував Зіновій Лисько. Т. 7 (Мелодії 6440-7716).- Торонто - Нью Йорк: Українська вільна академія наук у США і Канаді, 1981','Місцевість: Докудов, Більський пов., Підлясся Першоджерело: Плосайкевич - Сєнчик, ст. 81, ч. 51','Ой паноньку наш,
Додомоньку час,
Не далеко -
Як вибіжить вовчинонька
Полякає нас.    Мелодія для 1 голосу','[''pisni.org.ua'', ''cat:obzhynkovi'', ''Обжинкові пісні'']',1,'published',COALESCE((SELECT created_at FROM songs WHERE id='pisniua_625656'), datetime('now')),datetime('now'));
INSERT OR REPLACE INTO songs_fts(song_id,title,lyrics) VALUES ('pisniua_625656','Ой паноньку наш, додомоньку час...','Ой паноньку наш,
Додомоньку час,
Не далеко -
Як вибіжить вовчинонька
Полякає нас.    Мелодія для 1 голосу');
DELETE FROM song_links WHERE song_id = 'pisniua_626144';
DELETE FROM song_versions WHERE song_id = 'pisniua_626144';
DELETE FROM songs_fts WHERE song_id = 'pisniua_626144';
DELETE FROM songs WHERE id = 'pisniua_626144';
INSERT OR REPLACE INTO songs (id,title,subtitle,lang,country,period,year,source,notes,lyrics,tags_json,lang_locked,status,created_at,updated_at) VALUES ('pisniua_626144','Пан-Американ','Музика: Анатолій Сухий Слова: Анатолій Сухий. Виконує: Рутенія','uk','ukraine_1991',NULL,'2003','http://www.ukrmusic.com.ua/ukr/text.php?albumid=45&id=570','У тексті із зазначеного джерела зроблені виправлення. Пісня з альбому "Вулиці Рожевого міста" (2003 рік) гурту Рутенія. Виконують: 1) Гурт Рутенія; 2) Анатолій Сухий у складі гурту Рутенія. Ця пісня - перероблений варіант пісні "Панамерікан"','Забери мене, "Пан-Америка",
Рейсом своїм золотим
До далекого материка,
Де вулканів білий дим.

Забери мене, "Пан-Америка",
Рейсом своїм золотим,
В царстві мороку — істерика,
Я не хоч бути злим
Там, де правда замінила правду,
Віра замінила віру,
Зрада замінила зраду.

Забери мене, "Пан-Америка",
До моїх дитячих снів,
До далекого материка,
До рожевих берегів.
Там, де туземки синьоокі
Де фламінго білий стрій,
Де мені поверне спокій
Океан забутих мрій.

Стюардеса, Філадельфія,
Чорна кава, аромат,
Чорний день міняє білу ніч -
Нам нема шляху назад.
Грає синій Океан...
Грає синій Океан...
Білий птах на крилах мрії, полети...','[''pisni.org.ua'', ''cat:bardivski'', ''cat:emigration'', ''cat:manrivni'', ''Бардівські пісні'', ''Пісні про еміґрацію'', ''Пісні на мандрівну тематику'']',1,'published',COALESCE((SELECT created_at FROM songs WHERE id='pisniua_626144'), datetime('now')),datetime('now'));
INSERT OR REPLACE INTO songs_fts(song_id,title,lyrics) VALUES ('pisniua_626144','Пан-Американ','Забери мене, "Пан-Америка",
Рейсом своїм золотим
До далекого материка,
Де вулканів білий дим.

Забери мене, "Пан-Америка",
Рейсом своїм золотим,
В царстві мороку — істерика,
Я не хоч бути злим
Там, де правда замінила правду,
Віра замінила віру,
Зрада замінила зраду.

Забери мене, "Пан-Америка",
До моїх дитячих снів,
До далекого материка,
До рожевих берегів.
Там, де туземки синьоокі
Де фламінго білий стрій,
Де мені поверне спокій
Океан забутих мрій.

Стюардеса, Філадельфія,
Чорна кава, аромат,
Чорний день міняє білу ніч -
Нам нема шляху назад.
Грає синій Океан...
Грає синій Океан...
Білий птах на крилах мрії, полети...');
INSERT OR REPLACE INTO song_links (id,song_id,title,url,kind,version_id,sort_order) VALUES ('pisniua_626144_l1','pisniua_626144','YouTube','https://www.youtube.com/watch?v=FcWKBvRTJeg','video',NULL,1);
INSERT OR REPLACE INTO song_links (id,song_id,title,url,kind,version_id,sort_order) VALUES ('pisniua_626144_l2','pisniua_626144','YouTube','https://www.youtube.com/watch?v=SBxY-zSMZsE','video',NULL,2);
INSERT OR REPLACE INTO song_links (id,song_id,title,url,kind,version_id,sort_order) VALUES ('pisniua_626144_l3','pisniua_626144','Переглянути варіанти >>','https://www.pisni.org.ua/#variants','external',NULL,3);
DELETE FROM song_links WHERE song_id = 'pisniua_6265246';
DELETE FROM song_versions WHERE song_id = 'pisniua_6265246';
DELETE FROM songs_fts WHERE song_id = 'pisniua_6265246';
DELETE FROM songs WHERE id = 'pisniua_6265246';
INSERT OR REPLACE INTO songs (id,title,subtitle,lang,country,period,year,source,notes,lyrics,tags_json,lang_locked,status,created_at,updated_at) VALUES ('pisniua_6265246','Через роки','Слова: Зоя Солярик. Виконує: Зоя Солярик','uk','ukraine_1991',NULL,NULL,'аудіозапис',NULL,'Через роки, крізь радощі й тривоги,
Через молитви і через гріхи
Злітаються до рідного порогу
Давно не пташенята, а птахи.
Несуть в собі усі новини світу,
Листають долі, мов старі книжки,
І наливають в кожне серце літа,
І забувають, що уже батьки.

Приспів:
Здрастуй, школо!
Здрастуй, школо!
Рідні стіни, світлий клас!
Не забути нам ніколи,
Як щодня чекала нас.

До тебе йшли із квітами й піснями,
Тут нас навчали жити і любить,
Тут вчителі були, як рідні мами,
Плекали наші душі кожну мить.
Тут світло в серце знов наллється щиро,
Засяє свічка радості й добра.
Дитинства сад надії, дружби й миру
Розквітне біля рідного двора...

Приспів.

Через роки, крізь радощі й тривоги,
Через молитви і через гріхи
Злітаються до рідного порогу
Давно не пташенята, а птахи.
Хай добра доля не згаса ніколи,
Не заростають в душах ті стежки,
Що нас ведуть прямісінько до школи
І повертають у шкільні роки...

Приспів. (2)','[''pisni.org.ua'', ''cat:shkilni'', ''Пісні про школу'']',1,'published',COALESCE((SELECT created_at FROM songs WHERE id='pisniua_6265246'), datetime('now')),datetime('now'));
INSERT OR REPLACE INTO songs_fts(song_id,title,lyrics) VALUES ('pisniua_6265246','Через роки','Через роки, крізь радощі й тривоги,
Через молитви і через гріхи
Злітаються до рідного порогу
Давно не пташенята, а птахи.
Несуть в собі усі новини світу,
Листають долі, мов старі книжки,
І наливають в кожне серце літа,
І забувають, що уже батьки.

Приспів:
Здрастуй, школо!
Здрастуй, школо!
Рідні стіни, світлий клас!
Не забути нам ніколи,
Як щодня чекала нас.

До тебе йшли із квітами й піснями,
Тут нас навчали жити і любить,
Тут вчителі були, як рідні мами,
Плекали наші душі кожну мить.
Тут світло в серце знов наллється щиро,
Засяє свічка радості й добра.
Дитинства сад надії, дружби й миру
Розквітне біля рідного двора...

Приспів.

Через роки, крізь радощі й тривоги,
Через молитви і через гріхи
Злітаються до рідного порогу
Давно не пташенята, а птахи.
Хай добра доля не згаса ніколи,
Не заростають в душах ті стежки,
Що нас ведуть прямісінько до школи
І повертають у шкільні роки...

Приспів. (2)');
DELETE FROM song_links WHERE song_id = 'pisniua_6255797';
DELETE FROM song_versions WHERE song_id = 'pisniua_6255797';
DELETE FROM songs_fts WHERE song_id = 'pisniua_6255797';
DELETE FROM songs WHERE id = 'pisniua_6255797';
INSERT OR REPLACE INTO songs (id,title,subtitle,lang,country,period,year,source,notes,lyrics,tags_json,lang_locked,status,created_at,updated_at) VALUES ('pisniua_6255797','Гімн міста Суми','Музика: Валерій Козупиця Слова: Микола Гриценко. Виконує: Валерій Козупиця','uk','ukraine_1991',NULL,NULL,'інтернет',NULL,'Є місто слави і звитяг,
Козацьке місто України.
Як світле небо його стяг
Над куполами гордо лине.

Приспів:
Ми любимо, ми славимо
Рідне і святе.
Суми - місто радості,
Вічно молоде.

Про Суми слава у віки
Хай лине гордо і врочисто.
Над берегами Псла-ріки -
Найкраще в світі наше місто.

Приспів','[''pisni.org.ua'', ''cat:himny-marshi'', ''Гимни та марші'']',1,'published',COALESCE((SELECT created_at FROM songs WHERE id='pisniua_6255797'), datetime('now')),datetime('now'));
INSERT OR REPLACE INTO songs_fts(song_id,title,lyrics) VALUES ('pisniua_6255797','Гімн міста Суми','Є місто слави і звитяг,
Козацьке місто України.
Як світле небо його стяг
Над куполами гордо лине.

Приспів:
Ми любимо, ми славимо
Рідне і святе.
Суми - місто радості,
Вічно молоде.

Про Суми слава у віки
Хай лине гордо і врочисто.
Над берегами Псла-ріки -
Найкраще в світі наше місто.

Приспів');
INSERT OR REPLACE INTO song_links (id,song_id,title,url,kind,version_id,sort_order) VALUES ('pisniua_6255797_l1','pisniua_6255797','YouTube','https://www.youtube.com/watch?v=_PiC7pNNGwY','video',NULL,1);
DELETE FROM song_links WHERE song_id = 'pisniua_6265050';
DELETE FROM song_versions WHERE song_id = 'pisniua_6265050';
DELETE FROM songs_fts WHERE song_id = 'pisniua_6265050';
DELETE FROM songs WHERE id = 'pisniua_6265050';
INSERT OR REPLACE INTO songs (id,title,subtitle,lang,country,period,year,source,notes,lyrics,tags_json,lang_locked,status,created_at,updated_at) VALUES ('pisniua_6265050','Жаль мені','Музика: Гурт "Небокрай" Слова: невідомий, MVM. Виконує: MVM','uk','ukraine_before_1917',NULL,NULL,'авторське подання',NULL,'Листя опало в саду, зустрічей більше не буде,
Але колись я прийду в незабуте...
Чуєш, зову тебе знов?.. Чуєш, болить в серці рана?..
Чуєш, не вмерла любов, покохала...
В серці моєму печаль груди стискає до болю,
Жаль мені, жаль мені, жаль за тобою...

Знову в саду тім сиджу, знову на тебе чекаю,
Бо не померла любов - я кохаю!
Де ти, кохана моя?.. Чом ти сюди не приходиш?..
Невже забути мене таки зможеш?..
Біла упала вуаль, сльози стікають рікою,
Жаль мені, жаль мені, жаль за тобою...

Чом ти кохала мене?.. Чом ти надію давала?..
Чому померла любов, в прах упала?..
А у садку вже зима снігом усе замітала,
Іншого ти вже давно покохала,
З ним ти гуляєш в саду, більше ти вже не зі мною,
Жаль мені, жаль мені, жаль за тобою','[''pisni.org.ua'', ''cat:vesilni'', ''Весільні пісні'']',1,'published',COALESCE((SELECT created_at FROM songs WHERE id='pisniua_6265050'), datetime('now')),datetime('now'));
INSERT OR REPLACE INTO songs_fts(song_id,title,lyrics) VALUES ('pisniua_6265050','Жаль мені','Листя опало в саду, зустрічей більше не буде,
Але колись я прийду в незабуте...
Чуєш, зову тебе знов?.. Чуєш, болить в серці рана?..
Чуєш, не вмерла любов, покохала...
В серці моєму печаль груди стискає до болю,
Жаль мені, жаль мені, жаль за тобою...

Знову в саду тім сиджу, знову на тебе чекаю,
Бо не померла любов - я кохаю!
Де ти, кохана моя?.. Чом ти сюди не приходиш?..
Невже забути мене таки зможеш?..
Біла упала вуаль, сльози стікають рікою,
Жаль мені, жаль мені, жаль за тобою...

Чом ти кохала мене?.. Чом ти надію давала?..
Чому померла любов, в прах упала?..
А у садку вже зима снігом усе замітала,
Іншого ти вже давно покохала,
З ним ти гуляєш в саду, більше ти вже не зі мною,
Жаль мені, жаль мені, жаль за тобою');
DELETE FROM song_links WHERE song_id = 'pisniua_6259374';
DELETE FROM song_versions WHERE song_id = 'pisniua_6259374';
DELETE FROM songs_fts WHERE song_id = 'pisniua_6259374';
DELETE FROM songs WHERE id = 'pisniua_6259374';
INSERT OR REPLACE INTO songs (id,title,subtitle,lang,country,period,year,source,notes,lyrics,tags_json,lang_locked,status,created_at,updated_at) VALUES ('pisniua_6259374','Спи моє дитятко','Слова: Віталій Войтко','uk','ukraine_before_1917',NULL,NULL,'авторське подання',NULL,'Оченята сонні,
Ротик позіхає,
Це в моїх долонях
Доня засинає.
Ніжно притулюся
Серцем до серденька,
Щоб спокійно спала
Донечка маленька.

Приспів:
Спи, дитино, тихо-тихо,
Очки закривай.
Хай тебе минає лихо,
Баю, баю, бай.

Спи, моя маленька,
У долоньках в тата.
Я тебе легенько
Буду колихати.
Хай тобі всю нічку
Сон спокійний сниться
Прилетить у гості
Чарівна жар-птиця.

Приспів.','[''pisni.org.ua'', ''cat:kolyskovi'', ''Колискові'']',1,'published',COALESCE((SELECT created_at FROM songs WHERE id='pisniua_6259374'), datetime('now')),datetime('now'));
INSERT OR REPLACE INTO songs_fts(song_id,title,lyrics) VALUES ('pisniua_6259374','Спи моє дитятко','Оченята сонні,
Ротик позіхає,
Це в моїх долонях
Доня засинає.
Ніжно притулюся
Серцем до серденька,
Щоб спокійно спала
Донечка маленька.

Приспів:
Спи, дитино, тихо-тихо,
Очки закривай.
Хай тебе минає лихо,
Баю, баю, бай.

Спи, моя маленька,
У долоньках в тата.
Я тебе легенько
Буду колихати.
Хай тобі всю нічку
Сон спокійний сниться
Прилетить у гості
Чарівна жар-птиця.

Приспів.');
DELETE FROM song_links WHERE song_id = 'pisniua_6265959';
DELETE FROM song_versions WHERE song_id = 'pisniua_6265959';
DELETE FROM songs_fts WHERE song_id = 'pisniua_6265959';
DELETE FROM songs WHERE id = 'pisniua_6265959';
INSERT OR REPLACE INTO songs (id,title,subtitle,lang,country,period,year,source,notes,lyrics,tags_json,lang_locked,status,created_at,updated_at) VALUES ('pisniua_6265959','Котику сіренький...','Українська народна пісня. Виконує: Ольга Гура','uk','ukraine_1991',NULL,'2013','авторське подання','Колискова увійшла до альбому "Українські колисанки. Ходить сон..." 2013 р. Запис здійснено у студії "Лещата Рекордз" (м. Малин).','Котику сіренький,
Котику біленький,
Котку волохатий -
Не ходи по хаті!

Не ходи по хаті,
Не буди дитяти!
Дитя буде спати,
Котик воркотати...

Ой, на кота воркота,
На дитину дрімота...
Люлі-люлі-люляй...
Люлі-люлі-люляй...
Люлі-люлі-люляй','[''pisni.org.ua'', ''cat:kolyskovi'', ''Колискові'']',1,'published',COALESCE((SELECT created_at FROM songs WHERE id='pisniua_6265959'), datetime('now')),datetime('now'));
INSERT OR REPLACE INTO songs_fts(song_id,title,lyrics) VALUES ('pisniua_6265959','Котику сіренький...','Котику сіренький,
Котику біленький,
Котку волохатий -
Не ходи по хаті!

Не ходи по хаті,
Не буди дитяти!
Дитя буде спати,
Котик воркотати...

Ой, на кота воркота,
На дитину дрімота...
Люлі-люлі-люляй...
Люлі-люлі-люляй...
Люлі-люлі-люляй');
INSERT OR REPLACE INTO song_links (id,song_id,title,url,kind,version_id,sort_order) VALUES ('pisniua_6265959_l1','pisniua_6265959','YouTube','https://www.youtube.com/watch?v=h_IPijIOYvY','video',NULL,1);
DELETE FROM song_links WHERE song_id = 'pisniua_625959';
DELETE FROM song_versions WHERE song_id = 'pisniua_625959';
DELETE FROM songs_fts WHERE song_id = 'pisniua_625959';
DELETE FROM songs WHERE id = 'pisniua_625959';
INSERT OR REPLACE INTO songs (id,title,subtitle,lang,country,period,year,source,notes,lyrics,tags_json,lang_locked,status,created_at,updated_at) VALUES ('pisniua_625959','Зоре моя вечірняя','Музика: Гордій Гладкий Слова: Тарас Шевченко. Виконує: Олексій Керекеша, Дмитро Гнатюк, Діана Петриненко, Борис Гмиря','uk','ukr_ssr_1919_1991',NULL,'1959','1. Кобзар. 2. Плавай, плавай, лебедонько. - К.: Музична Україна, 1989. - С. 100. 3. Українські народні романси. - К.: В-во АН УРСР, 1961. - С. 126. 4. Давній перепис нот. 5. http://www.realmusic.ru/songs/554453','Текст пісні - частина прологу поеми "Княжна" Тараса Шевченка, який тут поданий повністю. Власне народною піснею є перші шістнадцять рядків (чотири строфи) поеми. Пісня є в репертуарі багатьох самодіяльних і професійних хорових колективів та виконавців. Мелодія у джерелі 2 — народний варіант хору Г. П. Гладкого. Записав 1959 року О. Правдюк у с. В''юнища Переяслав-Хмельницького району Київської області. ІМФЕ, ор. 14-10, пл. 695. У джерелі 3 є посилання на першоджерело: Українські народні пісні, кн. 2. К., 1954, с. 357.','Зоре моя вечірняя,
Зійди над горою,
Поговорим тихесенько
В неволі з тобою.

Розкажи, як за горою
Сонечко сідає,
Як у Дніпра веселочка
Воду позичає.

Як широка сокорина
Віти розпустила...
А над самою водою
Верба похилилась;

Аж по воді розіслала
Зеленії віти,
А на вітах гойдаються
Нехрещені діти.

Як у полі на могилі
Вовкулак ночує,
А сич в лісі та на стрісі
Недолю віщує.

Як сон-трава при долині
Вночі розцвітає...
А про людей... Та нехай їм.
Я їх, добрих, знаю.

Добре знаю. Зоре моя!
Мій друже єдиний!
І хто знає, що діється
В нас на Україні?

А я знаю. І розкажу
Тобі; й спать не ляжу.
А ти завтра тихесенько
Богові розкажеш','[''pisni.org.ua'', ''cat:krasa-pryrody'', ''cat:nostalgia'', ''cat:patriotic'', ''Пісні про красу природи'', ''Пісні з ностальгічними мотивами'', ''Патріотичні пісні'']',1,'published',COALESCE((SELECT created_at FROM songs WHERE id='pisniua_625959'), datetime('now')),datetime('now'));
INSERT OR REPLACE INTO songs_fts(song_id,title,lyrics) VALUES ('pisniua_625959','Зоре моя вечірняя','Зоре моя вечірняя,
Зійди над горою,
Поговорим тихесенько
В неволі з тобою.

Розкажи, як за горою
Сонечко сідає,
Як у Дніпра веселочка
Воду позичає.

Як широка сокорина
Віти розпустила...
А над самою водою
Верба похилилась;

Аж по воді розіслала
Зеленії віти,
А на вітах гойдаються
Нехрещені діти.

Як у полі на могилі
Вовкулак ночує,
А сич в лісі та на стрісі
Недолю віщує.

Як сон-трава при долині
Вночі розцвітає...
А про людей... Та нехай їм.
Я їх, добрих, знаю.

Добре знаю. Зоре моя!
Мій друже єдиний!
І хто знає, що діється
В нас на Україні?

А я знаю. І розкажу
Тобі; й спать не ляжу.
А ти завтра тихесенько
Богові розкажеш');
INSERT OR REPLACE INTO song_links (id,song_id,title,url,kind,version_id,sort_order) VALUES ('pisniua_625959_l1','pisniua_625959','YouTube','https://www.youtube.com/watch?v=ntT7FG0mE8Y','video',NULL,1);
INSERT OR REPLACE INTO song_links (id,song_id,title,url,kind,version_id,sort_order) VALUES ('pisniua_625959_l2','pisniua_625959','YouTube','https://www.youtube.com/watch?v=QXah5KsVayg','video',NULL,2);
INSERT OR REPLACE INTO song_links (id,song_id,title,url,kind,version_id,sort_order) VALUES ('pisniua_625959_l3','pisniua_625959','YouTube','https://www.youtube.com/watch?v=nPdER4zWQ-Q','video',NULL,3);
INSERT OR REPLACE INTO song_links (id,song_id,title,url,kind,version_id,sort_order) VALUES ('pisniua_625959_l4','pisniua_625959','YouTube','https://www.youtube.com/watch?v=7Sax61ChioU','video',NULL,4);
INSERT OR REPLACE INTO song_links (id,song_id,title,url,kind,version_id,sort_order) VALUES ('pisniua_625959_l5','pisniua_625959','YouTube','https://www.youtube.com/watch?v=wJdMOGutE0s','video',NULL,5);
INSERT OR REPLACE INTO song_links (id,song_id,title,url,kind,version_id,sort_order) VALUES ('pisniua_625959_l6','pisniua_625959','YouTube','https://www.youtube.com/watch?v=Xe4lGp5QfJM','video',NULL,6);
INSERT OR REPLACE INTO song_links (id,song_id,title,url,kind,version_id,sort_order) VALUES ('pisniua_625959_l7','pisniua_625959','Переглянути варіанти >>','https://www.pisni.org.ua/#variants','external',NULL,7);
DELETE FROM song_links WHERE song_id = 'pisniua_6269593';
DELETE FROM song_versions WHERE song_id = 'pisniua_6269593';
DELETE FROM songs_fts WHERE song_id = 'pisniua_6269593';
DELETE FROM songs WHERE id = 'pisniua_6269593';
INSERT OR REPLACE INTO songs (id,title,subtitle,lang,country,period,year,source,notes,lyrics,tags_json,lang_locked,status,created_at,updated_at) VALUES ('pisniua_6269593','Господиня гарна','(Пpaвдa, люди, пpaвдa). Українська народна пісня. Виконує: Ансамбль Льонок','uk','ukraine_before_1917',NULL,NULL,'аудіозапис','У іншому варіанті є куплет: Чи я не хазяйка, чи не господиня, | (2) На городі лобода, а в хаті пустиня. | (2) Родинно-побутові пісні. Жартівливі пісні. Гумор. Веселі пісні. Розважальні. Для хору. Пісні з Наддніпрянщини. Пісні з Полісся.','Приспів 1:
Правда люди, правда,    |
Господиня - гарна!      | (2)
Правда люди, правда, я, |
Господиня - гарна, я!   | (2)

Ой, пішла я заміж       |
У чужу оселю,           | (2)
Та й поклала подушки    |
На сирую землю.         | (2)

Приспів 1.

Як я рано чую,          |
Всі люди сміються,      | (2)
Що на моїх подушках     |
Ворони несуться.        | (2)

Приспів 1.

Не смійтеся люди,       |
Якось воно буде,        | (2)
Я ворону підскубу       |
(Поскубаю вороня),
Та (ще) й перина буде.  | (2)

Приспів 1.

Казав мені милий:       |
Звари мені борщик,      | (2)
А я йому не зварила,    |
бо немитий горщик,      | (2)

Приспів 2:
Правда, люди, правда, люди,
Правда, правда,
Правда, люди, правда,   |
Господиня - гарна!      | (2)
Гоп, гоп, правда люди,
Правда, я,              |
Гоп, гоп,               |
Господиня - гарна, я!   | (2)

Казав мені милий:       |
Звари мені кашу,        | (2)
А я йому не зварила,    |
Бо не маю часу          | (2)

Приспів 2.

Дощик накрапає,         |
Горщик обмиває,         | (2)
А мій милий без вечері, |
Спатоньки лягає.        | (2)

Приспів 1.              | (2)

Правда ж, люди, - гарна я?
Хор: Правда!

Приспів 1.              | (2)

Хор: Гарна!','[''pisni.org.ua'', ''cat:zhartivlyvi'', ''Жартівливі пісні'']',1,'published',COALESCE((SELECT created_at FROM songs WHERE id='pisniua_6269593'), datetime('now')),datetime('now'));
INSERT OR REPLACE INTO songs_fts(song_id,title,lyrics) VALUES ('pisniua_6269593','Господиня гарна','Приспів 1:
Правда люди, правда,    |
Господиня - гарна!      | (2)
Правда люди, правда, я, |
Господиня - гарна, я!   | (2)

Ой, пішла я заміж       |
У чужу оселю,           | (2)
Та й поклала подушки    |
На сирую землю.         | (2)

Приспів 1.

Як я рано чую,          |
Всі люди сміються,      | (2)
Що на моїх подушках     |
Ворони несуться.        | (2)

Приспів 1.

Не смійтеся люди,       |
Якось воно буде,        | (2)
Я ворону підскубу       |
(Поскубаю вороня),
Та (ще) й перина буде.  | (2)

Приспів 1.

Казав мені милий:       |
Звари мені борщик,      | (2)
А я йому не зварила,    |
бо немитий горщик,      | (2)

Приспів 2:
Правда, люди, правда, люди,
Правда, правда,
Правда, люди, правда,   |
Господиня - гарна!      | (2)
Гоп, гоп, правда люди,
Правда, я,              |
Гоп, гоп,               |
Господиня - гарна, я!   | (2)

Казав мені милий:       |
Звари мені кашу,        | (2)
А я йому не зварила,    |
Бо не маю часу          | (2)

Приспів 2.

Дощик накрапає,         |
Горщик обмиває,         | (2)
А мій милий без вечері, |
Спатоньки лягає.        | (2)

Приспів 1.              | (2)

Правда ж, люди, - гарна я?
Хор: Правда!

Приспів 1.              | (2)

Хор: Гарна!');
INSERT OR REPLACE INTO song_links (id,song_id,title,url,kind,version_id,sort_order) VALUES ('pisniua_6269593_l1','pisniua_6269593','YouTube','https://www.youtube.com/watch?v=A4o3-7epU6Y','video',NULL,1);
DELETE FROM song_links WHERE song_id = 'pisniua_62593';
DELETE FROM song_versions WHERE song_id = 'pisniua_62593';
DELETE FROM songs_fts WHERE song_id = 'pisniua_62593';
DELETE FROM songs WHERE id = 'pisniua_62593';
INSERT OR REPLACE INTO songs (id,title,subtitle,lang,country,period,year,source,notes,lyrics,tags_json,lang_locked,status,created_at,updated_at) VALUES ('pisniua_62593','Зродилися терки','(Терки). Українська народна пісня. Виконує: Ансамбль Львівського Університету "Черемош", Мар''яна Садовська','uk','ukraine_before_1917',NULL,NULL,'Книга "Пісні "Черемоша"','Акорди підібрано на слух за нотами. Тональність оригінальна. Аналіз варіантів пісні читайте тут: Зродили ся теркы. Підбір акордів: bohdanko (pisni.org.ua)','Зродилися терки за горами,
Підемо їх рвати з кошиками.
Будемо їх рвати, будемо таргати  |
З конарами, з конарами.          |(2)
Прийшов би я до вас, коби-м  я смів,
Жеби ви ми дали, што би-м я хтів.
Тото дівча шварне, што ма очка чарне,  |
То би-м я хтів, то би-м я хтів.        |(2)
Прийшла би я до вас, коби-м сміла
Жеби ви ми дали, што би-м хтіла, -
Того чугаєчка, што ма біле личко,  |
То би-м хтіла, то би-м хтіла.      |(2)
Акорди:
Зродилися терки за горами,
Підемо їх рва- ти з кошиками.
Будемо їх рва- ти, будемо таргати
з конарами,   з конарами.
Будемо їх рва- ти, будемо таргати
з конарами,   з конарами.','[''pisni.org.ua'', ''cat:lemkivski'', ''Лемківські пісні'']',1,'published',COALESCE((SELECT created_at FROM songs WHERE id='pisniua_62593'), datetime('now')),datetime('now'));
INSERT OR REPLACE INTO songs_fts(song_id,title,lyrics) VALUES ('pisniua_62593','Зродилися терки','Зродилися терки за горами,
Підемо їх рвати з кошиками.
Будемо їх рвати, будемо таргати  |
З конарами, з конарами.          |(2)
Прийшов би я до вас, коби-м  я смів,
Жеби ви ми дали, што би-м я хтів.
Тото дівча шварне, што ма очка чарне,  |
То би-м я хтів, то би-м я хтів.        |(2)
Прийшла би я до вас, коби-м сміла
Жеби ви ми дали, што би-м хтіла, -
Того чугаєчка, што ма біле личко,  |
То би-м хтіла, то би-м хтіла.      |(2)
Акорди:
Зродилися терки за горами,
Підемо їх рва- ти з кошиками.
Будемо їх рва- ти, будемо таргати
з конарами,   з конарами.
Будемо їх рва- ти, будемо таргати
з конарами,   з конарами.');
INSERT OR REPLACE INTO song_links (id,song_id,title,url,kind,version_id,sort_order) VALUES ('pisniua_62593_l1','pisniua_62593','YouTube','https://www.youtube.com/watch?v=s44A1pqOXEA','video',NULL,1);
INSERT OR REPLACE INTO song_links (id,song_id,title,url,kind,version_id,sort_order) VALUES ('pisniua_62593_l2','pisniua_62593','Переглянути варіанти >>','https://www.pisni.org.ua/#variants','external',NULL,2);
DELETE FROM song_links WHERE song_id = 'pisniua_6260570';
DELETE FROM song_versions WHERE song_id = 'pisniua_6260570';
DELETE FROM songs_fts WHERE song_id = 'pisniua_6260570';
DELETE FROM songs WHERE id = 'pisniua_6260570';
INSERT OR REPLACE INTO songs (id,title,subtitle,lang,country,period,year,source,notes,lyrics,tags_json,lang_locked,status,created_at,updated_at) VALUES ('pisniua_6260570','Характерник','Музика: невідомий Слова: Garfang. Виконує: Реанімація','uk','ukraine_before_1917',NULL,NULL,NULL,NULL,'Кубком згорнулась ніч, як кіт,
І сіла поруч при багатті,
Де характерник - кошовий
Плете, мов сіть, свої закляття.

Приспів:
Козак-характерник сміється,
Луною проноситься сміх,
Загін наш по полю несеться
Вже зграєю чорних вовків.

Де табір ворожий ночує,
Нас місяця око веде.
Ми - тіні. Ніхто не почує.
Рятунку ніхто не знайде.
У смерті алтар із полину;
Ми жертву їй щедру дамо!
І степ урочисто поглине
Ту кров, шо тепер проллємо!

Приспів.

А вранці похмуре світило
Обличчя у хмару схова;
Від війська чужого лишилась
Лиш кровю залита трава...

Приспів.','[''pisni.org.ua'', ''cat:kozacki'', ''Козацькі пісні'']',1,'published',COALESCE((SELECT created_at FROM songs WHERE id='pisniua_6260570'), datetime('now')),datetime('now'));
INSERT OR REPLACE INTO songs_fts(song_id,title,lyrics) VALUES ('pisniua_6260570','Характерник','Кубком згорнулась ніч, як кіт,
І сіла поруч при багатті,
Де характерник - кошовий
Плете, мов сіть, свої закляття.

Приспів:
Козак-характерник сміється,
Луною проноситься сміх,
Загін наш по полю несеться
Вже зграєю чорних вовків.

Де табір ворожий ночує,
Нас місяця око веде.
Ми - тіні. Ніхто не почує.
Рятунку ніхто не знайде.
У смерті алтар із полину;
Ми жертву їй щедру дамо!
І степ урочисто поглине
Ту кров, шо тепер проллємо!

Приспів.

А вранці похмуре світило
Обличчя у хмару схова;
Від війська чужого лишилась
Лиш кровю залита трава...

Приспів.');
INSERT OR REPLACE INTO song_links (id,song_id,title,url,kind,version_id,sort_order) VALUES ('pisniua_6260570_l1','pisniua_6260570','YouTube','https://www.youtube.com/watch?v=Or4V4rt5tQc','video',NULL,1);
DELETE FROM song_links WHERE song_id = 'pisniua_626858';
DELETE FROM song_versions WHERE song_id = 'pisniua_626858';
DELETE FROM songs_fts WHERE song_id = 'pisniua_626858';
DELETE FROM songs WHERE id = 'pisniua_626858';
INSERT OR REPLACE INTO songs (id,title,subtitle,lang,country,period,year,source,notes,lyrics,tags_json,lang_locked,status,created_at,updated_at) VALUES ('pisniua_626858','Дунаю, Дунаю','Українська народна пісня. Виконує: Kapela Drewutnia','uk','ukraine_before_1917',NULL,NULL,'1. Аудіо-CD "Kapela Drewutnia. I "od sie - i do sie"; 2. Самвидавний туристський пісенник "Там на Лемковині помедже горами". - Літо, 1981. 3. Лемківські співанки. Зібрав і упорядкував М. Соболевський. — К.: Музична Україна, 1967. — 320 с.','Anrzej: Основний текст виправлений і додані акорди за джерелом 2. Відміни подані за джерелом 3. Незначні розбіжності в текстах і мелодії свідчать про спільне походження всіх варіантів. Пісня з добірки М.Соболевського: Лемківські співанки (джерело 3). У доданих файлах за джерелом 1 тональність h-moll; у доданих акордах за джерелом 2 тональність e-moll; у доданих файлах за джерелом 3 тональність g-moll. Діалектизми: быв - був; винес - винеси; глава - голова; го - його; дунай - будь-яка ріка; же - що; лем - тільки; лучка - сіножать; мурава - трава поблизу річки (затоплювана); мя, ня - мене; перстенец, перстеник - обручка; повідж - скажи (від повідати); сивавий - сивий, гнідий (масть коня); што-єм, што-м - що я;','Дунаю, ду_на_ю,
Быстра вода в тобі;
Не повідж, дівчатко,       |
Не повідж, дівчатко,       |(x2)
Же я быв при тобі.         |

Лем ты так повідай,
Же я лучку косив,
Дам я ти перстенец,  (x2)  |
Што-єм го рад носив.*1     | (x2)

Конику сивавий,
Вынес ня до травы;*2
Як ня не вынесеш,    (x2)  |
Стрілю ти до главы.        | (x2)

Стрілю ти до главы
И до твого бочка,
Як ня не винесеш     (x2)  |
До того горбочка.          | (x2)

Таке ся мі, таке
Дівча сподобало,
Што си на ярочку     (x2)  |
Личко обмывало.*3          | (x2)

Личко обмывало,
Хусточком втырало -*4
Таке ся мі, таке     (x2)  |
Дівча сподобало.           | (x2)
Відміни:
*1 Дам я ти перстеник
Што я го рад носив

*2 Конику сивавий,
Вынес мя з мурави

*3 Што на бистрім ярку
Личко омивало

*4 Личко омивало
Хусточком втерало','[''pisni.org.ua'', ''cat:lemkivski'', ''Лемківські пісні'']',1,'published',COALESCE((SELECT created_at FROM songs WHERE id='pisniua_626858'), datetime('now')),datetime('now'));
INSERT OR REPLACE INTO songs_fts(song_id,title,lyrics) VALUES ('pisniua_626858','Дунаю, Дунаю','Дунаю, ду_на_ю,
Быстра вода в тобі;
Не повідж, дівчатко,       |
Не повідж, дівчатко,       |(x2)
Же я быв при тобі.         |

Лем ты так повідай,
Же я лучку косив,
Дам я ти перстенец,  (x2)  |
Што-єм го рад носив.*1     | (x2)

Конику сивавий,
Вынес ня до травы;*2
Як ня не вынесеш,    (x2)  |
Стрілю ти до главы.        | (x2)

Стрілю ти до главы
И до твого бочка,
Як ня не винесеш     (x2)  |
До того горбочка.          | (x2)

Таке ся мі, таке
Дівча сподобало,
Што си на ярочку     (x2)  |
Личко обмывало.*3          | (x2)

Личко обмывало,
Хусточком втырало -*4
Таке ся мі, таке     (x2)  |
Дівча сподобало.           | (x2)
Відміни:
*1 Дам я ти перстеник
Што я го рад носив

*2 Конику сивавий,
Вынес мя з мурави

*3 Што на бистрім ярку
Личко омивало

*4 Личко омивало
Хусточком втерало');
DELETE FROM song_links WHERE song_id = 'pisniua_6261491';
DELETE FROM song_versions WHERE song_id = 'pisniua_6261491';
DELETE FROM songs_fts WHERE song_id = 'pisniua_6261491';
DELETE FROM songs WHERE id = 'pisniua_6261491';
INSERT OR REPLACE INTO songs (id,title,subtitle,lang,country,period,year,source,notes,lyrics,tags_json,lang_locked,status,created_at,updated_at) VALUES ('pisniua_6261491','Здрастуй, школо!','Музика: Олесь Коляда Слова: Іван Сльота. Виконує: Олесь Коляда','uk','ukraine_1991',NULL,NULL,'Олесь Коляда. Пісні для української родини. Бердичів, 1999 р.',NULL,'Ой, багата,
Ой, крилата,
Ой, щаслива між дітьми! -
Ти, як тата,
На крилята
І мене у світ візьми.

Приспів:
Ти всім даруєш радість мрій,
Світання віри і надій.
Мене чекає перший дзвоник
І перший вчитель дорогий.

Вітер в груди -
Хай що буде!
Ні сльозинки не пущу.
А між люди
Я, між люди,
Із тобою полечу.

Приспів.

Доле, доле, -
Світле поле! -
Житом-сонечком сія.
Скоро, скоро:
Здрастуй, школо!
Здрастуй, доленко моя!

Приспів.','[''pisni.org.ua'', ''cat:shkilni'', ''Пісні про школу'']',1,'published',COALESCE((SELECT created_at FROM songs WHERE id='pisniua_6261491'), datetime('now')),datetime('now'));
INSERT OR REPLACE INTO songs_fts(song_id,title,lyrics) VALUES ('pisniua_6261491','Здрастуй, школо!','Ой, багата,
Ой, крилата,
Ой, щаслива між дітьми! -
Ти, як тата,
На крилята
І мене у світ візьми.

Приспів:
Ти всім даруєш радість мрій,
Світання віри і надій.
Мене чекає перший дзвоник
І перший вчитель дорогий.

Вітер в груди -
Хай що буде!
Ні сльозинки не пущу.
А між люди
Я, між люди,
Із тобою полечу.

Приспів.

Доле, доле, -
Світле поле! -
Житом-сонечком сія.
Скоро, скоро:
Здрастуй, школо!
Здрастуй, доленко моя!

Приспів.');
DELETE FROM song_links WHERE song_id = 'pisniua_6270797';
DELETE FROM song_versions WHERE song_id = 'pisniua_6270797';
DELETE FROM songs_fts WHERE song_id = 'pisniua_6270797';
DELETE FROM songs WHERE id = 'pisniua_6270797';
INSERT OR REPLACE INTO songs (id,title,subtitle,lang,country,period,year,source,notes,lyrics,tags_json,lang_locked,status,created_at,updated_at) VALUES ('pisniua_6270797','Святий Миколаю','Музика: Людмила Столярська Слова: Людмила Столярська','uk','ukraine_1991',NULL,NULL,'Авторське подання',NULL,'Уже даленіють
Святковії дзвони,
Хай дім же ваш
Буде гараздами повен!

Святий Миколаю,
Тобі ми вклоняємось
За щедреє свято,
За пісню крилату!

Ми будем дарунки
Твої зберігати
І будем в молитвах
До тебе звертатись.

Святий Миколаю,
Тебе ми благаємо
У щасті діждати
Наступного свята!','[''pisni.org.ua'', ''cat:svyatyy-mykolay'', ''Пісні про Святого Миколая'']',1,'published',COALESCE((SELECT created_at FROM songs WHERE id='pisniua_6270797'), datetime('now')),datetime('now'));
INSERT OR REPLACE INTO songs_fts(song_id,title,lyrics) VALUES ('pisniua_6270797','Святий Миколаю','Уже даленіють
Святковії дзвони,
Хай дім же ваш
Буде гараздами повен!

Святий Миколаю,
Тобі ми вклоняємось
За щедреє свято,
За пісню крилату!

Ми будем дарунки
Твої зберігати
І будем в молитвах
До тебе звертатись.

Святий Миколаю,
Тебе ми благаємо
У щасті діждати
Наступного свята!');
DELETE FROM song_links WHERE song_id = 'pisniua_6272555';
DELETE FROM song_versions WHERE song_id = 'pisniua_6272555';
DELETE FROM songs_fts WHERE song_id = 'pisniua_6272555';
DELETE FROM songs WHERE id = 'pisniua_6272555';
INSERT OR REPLACE INTO songs (id,title,subtitle,lang,country,period,year,source,notes,lyrics,tags_json,lang_locked,status,created_at,updated_at) VALUES ('pisniua_6272555','Як я бажаю до Тебе, Боже','Виконує: Маяк Спасіння','uk','ukraine_1991',NULL,NULL,'http://spivy.isuspan.com/?p=2195',NULL,'Як я бажаю до Тебе, Боже,
Як я хотів би в небеса!
Тільки з Тобою усе переможу      |
Тільки з Тобою - у серці роса!   | (2)

Життя тривожне, важко буває,
Тисне на душу грішне буття.
Лише у Тобі, твердо я знаю,      |
Маю надію на радість життя.      | (2)

Боже мій, Боже, щиро благаю:
Дай мені сили твердо іти.
Всім поділюсь я, як я бажаю      |
Радісно в вічні оселі ввійти.    | (2)

Пісню для Тебе, Боже, співаю,
Хочу співати й там в небесах!
Хай же ця пісня повік не стихає, |
Хай вона буде завжди на устах!   | (2)','[''pisni.org.ua'', ''cat:christian'', ''Пісні на християнську тематику'']',1,'published',COALESCE((SELECT created_at FROM songs WHERE id='pisniua_6272555'), datetime('now')),datetime('now'));
INSERT OR REPLACE INTO songs_fts(song_id,title,lyrics) VALUES ('pisniua_6272555','Як я бажаю до Тебе, Боже','Як я бажаю до Тебе, Боже,
Як я хотів би в небеса!
Тільки з Тобою усе переможу      |
Тільки з Тобою - у серці роса!   | (2)

Життя тривожне, важко буває,
Тисне на душу грішне буття.
Лише у Тобі, твердо я знаю,      |
Маю надію на радість життя.      | (2)

Боже мій, Боже, щиро благаю:
Дай мені сили твердо іти.
Всім поділюсь я, як я бажаю      |
Радісно в вічні оселі ввійти.    | (2)

Пісню для Тебе, Боже, співаю,
Хочу співати й там в небесах!
Хай же ця пісня повік не стихає, |
Хай вона буде завжди на устах!   | (2)');
INSERT OR REPLACE INTO song_links (id,song_id,title,url,kind,version_id,sort_order) VALUES ('pisniua_6272555_l1','pisniua_6272555','YouTube','https://www.youtube.com/watch?v=30A7TIcxad4','video',NULL,1);
INSERT OR REPLACE INTO song_links (id,song_id,title,url,kind,version_id,sort_order) VALUES ('pisniua_6272555_l2','pisniua_6272555','YouTube','https://www.youtube.com/watch?v=4WyFWT09sxc','video',NULL,2);
DELETE FROM song_links WHERE song_id = 'pisniua_6271991';
DELETE FROM song_versions WHERE song_id = 'pisniua_6271991';
DELETE FROM songs_fts WHERE song_id = 'pisniua_6271991';
DELETE FROM songs WHERE id = 'pisniua_6271991';
INSERT OR REPLACE INTO songs (id,title,subtitle,lang,country,period,year,source,notes,lyrics,tags_json,lang_locked,status,created_at,updated_at) VALUES ('pisniua_6271991','Ти знаєш, Боже, моє бажання','Виконує: Зірка Вифлеєму','uk','ukraine_1991',NULL,NULL,'http://spivy.isuspan.com/?p=1129',NULL,'Ти знаєш, Боже, моє бажання,
Молитву чуєш Ти мою.
Ти знаєш серця мого страждання,
Коли я гіркі сльози ллю.

Ти знаєш, Боже, що я бажаю
Не слави, скарбів на землі.
Я щирим серцем Тебе кохаю
В мої весняні юні дні.

Сумує серце моє порою,
В устах моїх немає слів.
І я самотній скорблю душею,
Змовкає мій весняний спів.

Ніхто не знає, усім байдуже,
Куди душею лину я.
І хто спитає, і хто потішить,
Коли сумна душа моя.

Цей світ чужий вже мені зробився,
О, Боже, Ти зі мною будь.
Бо слабнуть сили, і я втомився,
А ще далека моя путь.','[''pisni.org.ua'', ''cat:christian'', ''Пісні на християнську тематику'']',1,'published',COALESCE((SELECT created_at FROM songs WHERE id='pisniua_6271991'), datetime('now')),datetime('now'));
INSERT OR REPLACE INTO songs_fts(song_id,title,lyrics) VALUES ('pisniua_6271991','Ти знаєш, Боже, моє бажання','Ти знаєш, Боже, моє бажання,
Молитву чуєш Ти мою.
Ти знаєш серця мого страждання,
Коли я гіркі сльози ллю.

Ти знаєш, Боже, що я бажаю
Не слави, скарбів на землі.
Я щирим серцем Тебе кохаю
В мої весняні юні дні.

Сумує серце моє порою,
В устах моїх немає слів.
І я самотній скорблю душею,
Змовкає мій весняний спів.

Ніхто не знає, усім байдуже,
Куди душею лину я.
І хто спитає, і хто потішить,
Коли сумна душа моя.

Цей світ чужий вже мені зробився,
О, Боже, Ти зі мною будь.
Бо слабнуть сили, і я втомився,
А ще далека моя путь.');
INSERT OR REPLACE INTO song_links (id,song_id,title,url,kind,version_id,sort_order) VALUES ('pisniua_6271991_l1','pisniua_6271991','YouTube','https://www.youtube.com/watch?v=d4BcyjPQaxk','video',NULL,1);
DELETE FROM song_links WHERE song_id = 'pisniua_626271';
DELETE FROM song_versions WHERE song_id = 'pisniua_626271';
DELETE FROM songs_fts WHERE song_id = 'pisniua_626271';
DELETE FROM songs WHERE id = 'pisniua_626271';
INSERT OR REPLACE INTO songs (id,title,subtitle,lang,country,period,year,source,notes,lyrics,tags_json,lang_locked,status,created_at,updated_at) VALUES ('pisniua_626271','Скрипка грає','Музика: Ігор Поклад Слова: Юрій Рибчинський. Виконує: Назарій Яремчук, Василь Зінкевич, Софія Ротару, Людмила Артеменко','uk','ukr_ssr_1919_1991',NULL,'1980','1. Збірка творів І. Поклада 2. http://ivasyuk.domivka.net/for.php?l=uk&p=skrypka_graye','Одну зі своїх найвідоміших пісень "Скрипка грає" Юрій Рибчинський написав у 1980 році відразу після загибелі свого друга, композитора Володимира Івасюка. Щоправда, тоді Юрій Євгенович уголос про свою присвяту не говорив, і мало хто знає, що Володимир Івасюк чудово грав на скрипці... Ось що розповідав автор музики Ігор Поклад: Часи були тоді складними. Коли у Львові по-звірячому був закатований тодішнім режимом Володимир Івасюк, мені спало на думку написати пісню-присвяту композиторові, який щойно загинув. Відкритим текстом звершити таке не можна було, тому довелося зробити завуальовано. Пісня "Скрипка грає" звучить як присвята музиканту-скрипалеві. Спочатку була написана музика, згодом Юрій Рибчинський приніс чудовий текст. Але в деяких місцях слова явно виходили за рамки музики, особливо у приспіві. Ми багато сперечалися, але в кінцевому результаті пісня від цього лише виграла. Першим пісню виконав Назарій Яремчук. Потім — Василь Зінкевич і Софія Ротару. Кожен по-своєму. Наприкінці 2002 року "Скрипка грає" знову у фаворі. Її заспівали дуетом Тамара Гвердцители та Дмитро Гордон. Більше того, вперше на чудові вірші Юрія Рибчинського і прекрасну музику Ігоря Поклада зняли кліп.','Вже догорає небокрай
І злітає жовтий лист —
Моя печаль.
Вже ідуть від неба до землі,
Ідуть дощі, як скрипалі,
У синю даль.

Приспів:
Скрипка грає, серце крає,
Наше літо догорає.
Скрипка грає, плаче гірко,
То кохання гасне зірка.

Вже полум''яні солов''ї
Не повернуться у гаї
В розмай дібров.
Вже у полоні хмарних днів,
Наче музика без слів,
Моя любов.

Приспів.

Вже не приходиш ти у сни,
Кольорові мої сни,
Як цвіт весни.
Вже відлунали ті пісні,
Що присвячені мені,
Щасливі дні.

Приспів.

Згасла зоря, але ніколи,
Ніколи у моєму серці
Не згасне та дивна музика
Першого кохання!..

Приспів','[''pisni.org.ua'', ''cat:lirychni'', ''cat:romansy'', ''Пісні про кохання, ліричні'', ''Романси'']',1,'published',COALESCE((SELECT created_at FROM songs WHERE id='pisniua_626271'), datetime('now')),datetime('now'));
INSERT OR REPLACE INTO songs_fts(song_id,title,lyrics) VALUES ('pisniua_626271','Скрипка грає','Вже догорає небокрай
І злітає жовтий лист —
Моя печаль.
Вже ідуть від неба до землі,
Ідуть дощі, як скрипалі,
У синю даль.

Приспів:
Скрипка грає, серце крає,
Наше літо догорає.
Скрипка грає, плаче гірко,
То кохання гасне зірка.

Вже полум''яні солов''ї
Не повернуться у гаї
В розмай дібров.
Вже у полоні хмарних днів,
Наче музика без слів,
Моя любов.

Приспів.

Вже не приходиш ти у сни,
Кольорові мої сни,
Як цвіт весни.
Вже відлунали ті пісні,
Що присвячені мені,
Щасливі дні.

Приспів.

Згасла зоря, але ніколи,
Ніколи у моєму серці
Не згасне та дивна музика
Першого кохання!..

Приспів');
INSERT OR REPLACE INTO song_links (id,song_id,title,url,kind,version_id,sort_order) VALUES ('pisniua_626271_l1','pisniua_626271','YouTube','https://www.youtube.com/watch?v=Escehh3EBTM','video',NULL,1);
INSERT OR REPLACE INTO song_links (id,song_id,title,url,kind,version_id,sort_order) VALUES ('pisniua_626271_l2','pisniua_626271','YouTube','https://www.youtube.com/watch?v=qbpsi42SDhM','video',NULL,2);
INSERT OR REPLACE INTO song_links (id,song_id,title,url,kind,version_id,sort_order) VALUES ('pisniua_626271_l3','pisniua_626271','YouTube','https://www.youtube.com/watch?v=-XyWRP9Fp1M','video',NULL,3);
INSERT OR REPLACE INTO song_links (id,song_id,title,url,kind,version_id,sort_order) VALUES ('pisniua_626271_l4','pisniua_626271','YouTube','https://www.youtube.com/watch?v=mAjTYrRskaI','video',NULL,4);
DELETE FROM song_links WHERE song_id = 'pisniua_626440';
DELETE FROM song_versions WHERE song_id = 'pisniua_626440';
DELETE FROM songs_fts WHERE song_id = 'pisniua_626440';
DELETE FROM songs WHERE id = 'pisniua_626440';
INSERT OR REPLACE INTO songs (id,title,subtitle,lang,country,period,year,source,notes,lyrics,tags_json,lang_locked,status,created_at,updated_at) VALUES ('pisniua_626440','Боже великий, Творче всесвіту','Музика: Роман Купчинський Слова: Роман Купчинський','uk','ukrainian_peoples_republic_1917_1921',NULL,NULL,'В дорогу! Пластовий співаник. "Молоде життя", Ауґсбурґ, 1949. Господь - моя пісня: Збірник релігійних пісень. - Львів: Свідчадо, 2005. - 656 с.',NULL,'Боже Великий, Творче всесильний,
На нашу рідну землю споглянь!
Ми були вірні Твому завіту,  |
Вислухай нині наших благань. | (2)

Люд у кайданах, край у руїні,
Навіть молитись ворог не дасть...
Боже Великий, дай Україні    |
Силу і славу, волю і власть. | (2)

Боже Великий, Творче всесильний,
Пісню подяки нині прийми,
За дар свободи рідного краю, |
Вірні все будуть Твої сини.  | (2)

Ти воскресив нам нашу Вкраїну,
Двигнув з неволі і дав життя.
Боже Великий, дай Україні    |
Силу і славу, многі літа.    | (2)','[''pisni.org.ua'', ''cat:plastovi'', ''cat:strilecki'', ''Пластові пісні'', ''Стрілецькі пісні'']',1,'published',COALESCE((SELECT created_at FROM songs WHERE id='pisniua_626440'), datetime('now')),datetime('now'));
INSERT OR REPLACE INTO songs_fts(song_id,title,lyrics) VALUES ('pisniua_626440','Боже великий, Творче всесвіту','Боже Великий, Творче всесильний,
На нашу рідну землю споглянь!
Ми були вірні Твому завіту,  |
Вислухай нині наших благань. | (2)

Люд у кайданах, край у руїні,
Навіть молитись ворог не дасть...
Боже Великий, дай Україні    |
Силу і славу, волю і власть. | (2)

Боже Великий, Творче всесильний,
Пісню подяки нині прийми,
За дар свободи рідного краю, |
Вірні все будуть Твої сини.  | (2)

Ти воскресив нам нашу Вкраїну,
Двигнув з неволі і дав життя.
Боже Великий, дай Україні    |
Силу і славу, многі літа.    | (2)');
INSERT OR REPLACE INTO song_links (id,song_id,title,url,kind,version_id,sort_order) VALUES ('pisniua_626440_l1','pisniua_626440','Переглянути варіанти >>','https://www.pisni.org.ua/#variants','external',NULL,1);
DELETE FROM song_links WHERE song_id = 'pisniua_6260746';
DELETE FROM song_versions WHERE song_id = 'pisniua_6260746';
DELETE FROM songs_fts WHERE song_id = 'pisniua_6260746';
DELETE FROM songs WHERE id = 'pisniua_6260746';
INSERT OR REPLACE INTO songs (id,title,subtitle,lang,country,period,year,source,notes,lyrics,tags_json,lang_locked,status,created_at,updated_at) VALUES ('pisniua_6260746','Все вище і вище','Музика: Юлій (Ілля) Хайт Слова: Павло Герман','uk','ukrainian_peoples_republic_1917_1921',NULL,'1921','Пісні до свят. Муз. Укр. - К., 1975 р.','Пісня написана в Києві 1921 р. київськими авторами після відвідин Сирецького аеродрому. Цим маршем зустрічають повернення у Зоряному містечку Москви космонавтів, серед яких половина українців.','Родились ми створити з казки дійсність,
Перемогти простори й далечінь.
Нам розум дав сталеві руки-крила
І замість серця нам мотор включив.

Приспів:
Все вище і вище, і вище
Скеровуєм літ наших птиць:
І в кожнім пропелері дише
Кордонів і спокій, і міць.

Над хмарами-ген мій апарат сталевий,
Не знає страху молодий пілот.
І горді ми: міцніє флот крицевий,
Наш перший в світі пролетарський флот.

Приспів.

Наш гострий зір проймає кожен атом,
І кожен з нас-гартований пілот.
І, вірте нам, на всякий ультиматум
Готує відсіч наш повітрофлот.

Приспів.','[''pisni.org.ua'', ''cat:himny-marshi'', ''Гимни та марші'']',1,'published',COALESCE((SELECT created_at FROM songs WHERE id='pisniua_6260746'), datetime('now')),datetime('now'));
INSERT OR REPLACE INTO songs_fts(song_id,title,lyrics) VALUES ('pisniua_6260746','Все вище і вище','Родились ми створити з казки дійсність,
Перемогти простори й далечінь.
Нам розум дав сталеві руки-крила
І замість серця нам мотор включив.

Приспів:
Все вище і вище, і вище
Скеровуєм літ наших птиць:
І в кожнім пропелері дише
Кордонів і спокій, і міць.

Над хмарами-ген мій апарат сталевий,
Не знає страху молодий пілот.
І горді ми: міцніє флот крицевий,
Наш перший в світі пролетарський флот.

Приспів.

Наш гострий зір проймає кожен атом,
І кожен з нас-гартований пілот.
І, вірте нам, на всякий ультиматум
Готує відсіч наш повітрофлот.

Приспів.');
DELETE FROM song_links WHERE song_id = 'pisniua_6272570';
DELETE FROM song_versions WHERE song_id = 'pisniua_6272570';
DELETE FROM songs_fts WHERE song_id = 'pisniua_6272570';
DELETE FROM songs WHERE id = 'pisniua_6272570';
INSERT OR REPLACE INTO songs (id,title,subtitle,lang,country,period,year,source,notes,lyrics,tags_json,lang_locked,status,created_at,updated_at) VALUES ('pisniua_6272570','Вереснева','Українська народна пісня','uk','ukraine_before_1917',NULL,NULL,NULL,NULL,'Як вересень у школі до порога
Простелить фльорків пелюстковий цвіт,
Почнеться Ваша нелегка дорога,
Як кажуть з парти чистої у світ.

Приспів:
Хай має вчитель менше свят, ніж буднів,
Йому не треба більших нагород,
Яке то щасття буть корисним людям,
Учить його величність, свій народ.

Знання і мудрість дарувати дітям,
Нести сердечне світло доброти -
Почесніше покликання на світі
І радісніш від цього не знайти!

Приспів.

Позначений безсмертними думками,
Хай труд ваш буде чесним до кінця,
І юні громадяни перед вами
Розкриють свої трепетні серця.

Приспів.','[''pisni.org.ua'', ''cat:shkilni'', ''Пісні про школу'']',1,'published',COALESCE((SELECT created_at FROM songs WHERE id='pisniua_6272570'), datetime('now')),datetime('now'));
INSERT OR REPLACE INTO songs_fts(song_id,title,lyrics) VALUES ('pisniua_6272570','Вереснева','Як вересень у школі до порога
Простелить фльорків пелюстковий цвіт,
Почнеться Ваша нелегка дорога,
Як кажуть з парти чистої у світ.

Приспів:
Хай має вчитель менше свят, ніж буднів,
Йому не треба більших нагород,
Яке то щасття буть корисним людям,
Учить його величність, свій народ.

Знання і мудрість дарувати дітям,
Нести сердечне світло доброти -
Почесніше покликання на світі
І радісніш від цього не знайти!

Приспів.

Позначений безсмертними думками,
Хай труд ваш буде чесним до кінця,
І юні громадяни перед вами
Розкриють свої трепетні серця.

Приспів.');
DELETE FROM song_links WHERE song_id = 'pisniua_6264940';
DELETE FROM song_versions WHERE song_id = 'pisniua_6264940';
DELETE FROM songs_fts WHERE song_id = 'pisniua_6264940';
DELETE FROM songs WHERE id = 'pisniua_6264940';
INSERT OR REPLACE INTO songs (id,title,subtitle,lang,country,period,year,source,notes,lyrics,tags_json,lang_locked,status,created_at,updated_at) VALUES ('pisniua_6264940','Друже, зелен луже','(Там, де ми ходили). Музика: Іван Сльота Слова: Василь Юхимович. Виконує: Микола Гнатюк','uk','ukraine_1991',NULL,NULL,NULL,NULL,'Друже, зелен луже, чи тобі байдуже,
Що розмила повінь береги любові?
Там, де ми ходили - зорі нам світили,
А де стали в парі - сховались у хмарі.

Як обом світанок забувати важко,
Сонце виглядало з кожної ромашки,
Знає теплий вітер, де нам пахли квіти,
Та ніхто не знає з ким доля з''єднає...

Що з тобою сталось? - Верби запитались. -
Може, громовиця не дала зустрітись?..
Не доплив до мене твій вінок ромену,
А прибила хвиля на чуже весілля...

Сам шукаю того квіту золотого,
На стежках розлуки обпікаю руки,
В день твого весілля виросло зрад-зілля,
Трави над рікою стали осокою...','[''pisni.org.ua'', ''cat:nostalgia'', ''Пісні з ностальгічними мотивами'']',1,'published',COALESCE((SELECT created_at FROM songs WHERE id='pisniua_6264940'), datetime('now')),datetime('now'));
INSERT OR REPLACE INTO songs_fts(song_id,title,lyrics) VALUES ('pisniua_6264940','Друже, зелен луже','Друже, зелен луже, чи тобі байдуже,
Що розмила повінь береги любові?
Там, де ми ходили - зорі нам світили,
А де стали в парі - сховались у хмарі.

Як обом світанок забувати важко,
Сонце виглядало з кожної ромашки,
Знає теплий вітер, де нам пахли квіти,
Та ніхто не знає з ким доля з''єднає...

Що з тобою сталось? - Верби запитались. -
Може, громовиця не дала зустрітись?..
Не доплив до мене твій вінок ромену,
А прибила хвиля на чуже весілля...

Сам шукаю того квіту золотого,
На стежках розлуки обпікаю руки,
В день твого весілля виросло зрад-зілля,
Трави над рікою стали осокою...');
INSERT OR REPLACE INTO song_links (id,song_id,title,url,kind,version_id,sort_order) VALUES ('pisniua_6264940_l1','pisniua_6264940','YouTube','https://www.youtube.com/watch?v=4MA8RP340Lg','video',NULL,1);
INSERT OR REPLACE INTO song_links (id,song_id,title,url,kind,version_id,sort_order) VALUES ('pisniua_6264940_l2','pisniua_6264940','YouTube','https://www.youtube.com/watch?v=5PsnpS6GdBE','video',NULL,2);
INSERT OR REPLACE INTO song_links (id,song_id,title,url,kind,version_id,sort_order) VALUES ('pisniua_6264940_l3','pisniua_6264940','YouTube','https://www.youtube.com/watch?v=GPo7nlFvMKw','video',NULL,3);
DELETE FROM song_links WHERE song_id = 'pisniua_6269144';
DELETE FROM song_versions WHERE song_id = 'pisniua_6269144';
DELETE FROM songs_fts WHERE song_id = 'pisniua_6269144';
DELETE FROM songs WHERE id = 'pisniua_6269144';
INSERT OR REPLACE INTO songs (id,title,subtitle,lang,country,period,year,source,notes,lyrics,tags_json,lang_locked,status,created_at,updated_at) VALUES ('pisniua_6269144','Не забудь!','Слова: Ганна Чубач. Виконує: Владислав Важієвський, Віталій Важієвський','uk','ukraine_1991',NULL,NULL,'аудіозапис',NULL,'Сонце вікна цілувало,
Ми до школи поспішали,
А у школі, як у школі -
Час пливе завжди поволі.
Не забудь, не забудь,
Що на тебе в школі ждуть!
Не забудь, не забудь,
Що на тебе в школі ждуть!

Не багато і не мало
Нам уроків задавали,
Як закінчились уроки
Ми пустилися навтьоки.
Не забудь, не забудь,
Що на тебе вдома ждуть!
Не забудь, не забудь,
Що на тебе вдома ждуть!

А удома, як удома
Відпочинок - наша втома
І підемо ми гуляти,
Щоб хороший настрій мати.
Не забудь, не забудь,
Що на тебе друзі ждуть!
Не забудь, не забудь,
Що на тебе друзі ждуть!

Не багато і не мало
Ми на вулиці гуляли,
А як сонечко сідало
Нашу пісню заспівали:
Не забудь, не забудь,   |
Що на тебе всюди ждуть! |
Не забудь, не забудь,   |
Що на тебе всюди ждуть! | (2)    Фонограма-мінус (mp3, 320 kbps)','[''pisni.org.ua'', ''cat:dytyachi'', ''Дитячі пісні'']',1,'published',COALESCE((SELECT created_at FROM songs WHERE id='pisniua_6269144'), datetime('now')),datetime('now'));
INSERT OR REPLACE INTO songs_fts(song_id,title,lyrics) VALUES ('pisniua_6269144','Не забудь!','Сонце вікна цілувало,
Ми до школи поспішали,
А у школі, як у школі -
Час пливе завжди поволі.
Не забудь, не забудь,
Що на тебе в школі ждуть!
Не забудь, не забудь,
Що на тебе в школі ждуть!

Не багато і не мало
Нам уроків задавали,
Як закінчились уроки
Ми пустилися навтьоки.
Не забудь, не забудь,
Що на тебе вдома ждуть!
Не забудь, не забудь,
Що на тебе вдома ждуть!

А удома, як удома
Відпочинок - наша втома
І підемо ми гуляти,
Щоб хороший настрій мати.
Не забудь, не забудь,
Що на тебе друзі ждуть!
Не забудь, не забудь,
Що на тебе друзі ждуть!

Не багато і не мало
Ми на вулиці гуляли,
А як сонечко сідало
Нашу пісню заспівали:
Не забудь, не забудь,   |
Що на тебе всюди ждуть! |
Не забудь, не забудь,   |
Що на тебе всюди ждуть! | (2)    Фонограма-мінус (mp3, 320 kbps)');
INSERT OR REPLACE INTO song_links (id,song_id,title,url,kind,version_id,sort_order) VALUES ('pisniua_6269144_l1','pisniua_6269144','YouTube','https://www.youtube.com/watch?v=l9mBATE3jPM','video',NULL,1);
DELETE FROM song_links WHERE song_id = 'pisniua_6266593';
DELETE FROM song_versions WHERE song_id = 'pisniua_6266593';
DELETE FROM songs_fts WHERE song_id = 'pisniua_6266593';
DELETE FROM songs WHERE id = 'pisniua_6266593';
INSERT OR REPLACE INTO songs (id,title,subtitle,lang,country,period,year,source,notes,lyrics,tags_json,lang_locked,status,created_at,updated_at) VALUES ('pisniua_6266593','Мамо','Музика: Аркадій Войтюк Слова: Аркадій Войтюк. Виконує: Аркадій Войтюк','uk','ukraine_1991',NULL,NULL,'аудіозапис',NULL,'Кожен день проста річ -
Подзвони лише - забуваю все,
Що живий і здоровий - скажу я їй,
Вона зрадіє вже.
Завжди буду для тебе дитиною
Такою милою,
Хоча й за двадцать є,
Але життя моє
Таке доросле й зле
Коли нема тебе,
Коли нема тебе...
Тисячі кілометрів,

Приспів:
Сто високих поверхів,
Нас розділяють дні,
Сто кордонів і без віз,
Щоб лише тобі доніс
Те, що давно хотів,
Те, що давно хотів...
Мамо,
Вибач, що дорослим став рано,
Щоб бути для тебе так мало.
Я так люблю тебе, мамо!
Чуєш, мамо, мамо, мамо, мамо?..

Час лікує серця
Мамо, вибач нас, що втрачали час,
Що знайшов я тоді і ким зараз є -
Дякую тобі!
Руку стисну в кулак,
Море перейду, ближче підійду
І на наших полях квітку віднайду,
І тобі зірву й на кінець скажу,
Як тебе люблю!

Приспів.

Мамо,
Вибач, що дорослим став рано,
Щоб бути для тебе так мало.
Я так люблю тебе, мамо!
Чуєш, мамо, мамо, мамо, мамо?..','[''pisni.org.ua'', ''cat:pro-batkiv'', ''Пісні про любов до батьків'']',1,'published',COALESCE((SELECT created_at FROM songs WHERE id='pisniua_6266593'), datetime('now')),datetime('now'));
INSERT OR REPLACE INTO songs_fts(song_id,title,lyrics) VALUES ('pisniua_6266593','Мамо','Кожен день проста річ -
Подзвони лише - забуваю все,
Що живий і здоровий - скажу я їй,
Вона зрадіє вже.
Завжди буду для тебе дитиною
Такою милою,
Хоча й за двадцать є,
Але життя моє
Таке доросле й зле
Коли нема тебе,
Коли нема тебе...
Тисячі кілометрів,

Приспів:
Сто високих поверхів,
Нас розділяють дні,
Сто кордонів і без віз,
Щоб лише тобі доніс
Те, що давно хотів,
Те, що давно хотів...
Мамо,
Вибач, що дорослим став рано,
Щоб бути для тебе так мало.
Я так люблю тебе, мамо!
Чуєш, мамо, мамо, мамо, мамо?..

Час лікує серця
Мамо, вибач нас, що втрачали час,
Що знайшов я тоді і ким зараз є -
Дякую тобі!
Руку стисну в кулак,
Море перейду, ближче підійду
І на наших полях квітку віднайду,
І тобі зірву й на кінець скажу,
Як тебе люблю!

Приспів.

Мамо,
Вибач, що дорослим став рано,
Щоб бути для тебе так мало.
Я так люблю тебе, мамо!
Чуєш, мамо, мамо, мамо, мамо?..');
INSERT OR REPLACE INTO song_links (id,song_id,title,url,kind,version_id,sort_order) VALUES ('pisniua_6266593_l1','pisniua_6266593','YouTube','https://www.youtube.com/watch?v=_rGLT8RoSKE','video',NULL,1);
DELETE FROM song_links WHERE song_id = 'pisniua_6275555';
DELETE FROM song_versions WHERE song_id = 'pisniua_6275555';
DELETE FROM songs_fts WHERE song_id = 'pisniua_6275555';
DELETE FROM songs WHERE id = 'pisniua_6275555';
INSERT OR REPLACE INTO songs (id,title,subtitle,lang,country,period,year,source,notes,lyrics,tags_json,lang_locked,status,created_at,updated_at) VALUES ('pisniua_6275555','Миколаю, святий Миколай','(Засяяли зорі). Українська народна пісня','uk','ukraine_before_1917',NULL,NULL,'Аудіозапис та http://vk.com/wall-60099188',NULL,'Засяяли зорі в небеснім просторі,
Ангели заграли у дзвони срібні,
І чудо сповнилось, земля звеселилась,
І пісні полинули звуки ясні.

Приспів:
Миколаю, святий Миколай,    |
Прославляє тебе рідний край |
І заступництва просить,     |
Молитви приносить,          |
О, ласки свої нам подай!    | (2)

У нинішнє свято не просим багато,
Лиш щастя і долі на рідній землі.
Щоб жили у згоді, добрі і любові
В родинах дорослі і діти малі!

Приспів.

Ми просимо щиро спокою і миру,
Хай згине ненависть, пропаде хай зло.
Любов хай квітує, нехай запанує
На (Во) віки віків на Вкраїні добро!

Приспів.

Миколаю, святий Миколай,
О, ласки свої нам подай!','[''pisni.org.ua'', ''cat:svyatyy-mykolay'', ''Пісні про Святого Миколая'']',1,'published',COALESCE((SELECT created_at FROM songs WHERE id='pisniua_6275555'), datetime('now')),datetime('now'));
INSERT OR REPLACE INTO songs_fts(song_id,title,lyrics) VALUES ('pisniua_6275555','Миколаю, святий Миколай','Засяяли зорі в небеснім просторі,
Ангели заграли у дзвони срібні,
І чудо сповнилось, земля звеселилась,
І пісні полинули звуки ясні.

Приспів:
Миколаю, святий Миколай,    |
Прославляє тебе рідний край |
І заступництва просить,     |
Молитви приносить,          |
О, ласки свої нам подай!    | (2)

У нинішнє свято не просим багато,
Лиш щастя і долі на рідній землі.
Щоб жили у згоді, добрі і любові
В родинах дорослі і діти малі!

Приспів.

Ми просимо щиро спокою і миру,
Хай згине ненависть, пропаде хай зло.
Любов хай квітує, нехай запанує
На (Во) віки віків на Вкраїні добро!

Приспів.

Миколаю, святий Миколай,
О, ласки свої нам подай!');
INSERT OR REPLACE INTO song_links (id,song_id,title,url,kind,version_id,sort_order) VALUES ('pisniua_6275555_l1','pisniua_6275555','YouTube','https://www.youtube.com/watch?v=jfuZ6c1LG3s','video',NULL,1);
