INSERT OR REPLACE INTO songs (id,title,subtitle,lang,country,period,year,source,notes,lyrics,tags_json,lang_locked,status,created_at,updated_at) VALUES ('pisniua_336424','Копали-сьмо на грєдочци','Українська народна пісня','uk','ukraine_before_1917',NULL,NULL,'1. Народні співи Галичини. Гаївки. Зібрав та упорядкував М. Мишанич. Львів: «Гердан», 1991','*Такий текст у джерелі 1. Кілька дівчат присідає на землю на невеликій відстані від себе; решта, взявшись за руки, ланцюжком, ходить, співаючи довкола та поміж них. Запис із с. Кротошин Пустомитівського р-ну Львівської обл. від людей, виселених з сіл Запалів та Новосілки Любачівського повіту Польщі','Копали-сьмо на грєдочци,
Сіяли-сьмо вогірочки,
Ней сходят, ней сходят.

Копали-сьмо на грєдочци,
Сіяли-сьмо вогірочки,
Ней ростут, ней ростут.

А другії заглідали,
Чи хорошо зацвітали,
Жовтий цвіт, жовтий цвіт.

Ростіт, ростіт, вогірочки,
Закім будуть насінночки,
Ней ростут, ней ростут.
Відміна:*
Купали-сьмо на грідочки,
Сіяли-сьмо вогірочки,
Ней сходять, ней сходять.

Купали-сьмо на гірочки,
Сіяли-сьмо вогірочки,
Ней ростуть, ней ростуть.

А другії заглідали,
Чи хорошо зацвітали,
Жовтий цвіт, жовтий цвіт.

Ростіть, ростіть, вогірочки,
Закім будуть насінночки,
Ней ростуть, ней ростуть','["pisni.org.ua", "cat:halycki", "Пісні з Галичини"]',1,'published',COALESCE((SELECT created_at FROM songs WHERE id='pisniua_336424'), datetime('now')),datetime('now'));
INSERT OR REPLACE INTO songs_fts(song_id,title,lyrics) VALUES ('pisniua_336424','Копали-сьмо на грєдочци','Копали-сьмо на грєдочци,
Сіяли-сьмо вогірочки,
Ней сходят, ней сходят.

Копали-сьмо на грєдочци,
Сіяли-сьмо вогірочки,
Ней ростут, ней ростут.

А другії заглідали,
Чи хорошо зацвітали,
Жовтий цвіт, жовтий цвіт.

Ростіт, ростіт, вогірочки,
Закім будуть насінночки,
Ней ростут, ней ростут.
Відміна:*
Купали-сьмо на грідочки,
Сіяли-сьмо вогірочки,
Ней сходять, ней сходять.

Купали-сьмо на гірочки,
Сіяли-сьмо вогірочки,
Ней ростуть, ней ростуть.

А другії заглідали,
Чи хорошо зацвітали,
Жовтий цвіт, жовтий цвіт.

Ростіть, ростіть, вогірочки,
Закім будуть насінночки,
Ней ростуть, ней ростуть');
INSERT OR REPLACE INTO songs (id,title,subtitle,lang,country,period,year,source,notes,lyrics,tags_json,lang_locked,status,created_at,updated_at) VALUES ('pisniua_336121','За горами, за лісами','Українська народна пісня','uk','ukraine_before_1917',NULL,NULL,'1. Туристський пісенник "Там на Лемковині помедже горами". - Літо, 1981.','Діалектизми: вірні, вірне - вірно; го - його; єй - її; жытко - жито, житечко; жлі - зле; любовати, любованя - кохати, кохання; ма - має; мі - мені; нима - ними; нутив - наспівував, мугикав; повідж - скажи; смутні - смутно, сумовито; спозера - поглядає; тоту - оту; ты - ти; ти - тобі; фалечне - фальшиве; червена - червона; шварне - чудове, чарівне, гарне; што-м - що я; юж - вже.','За горами, за лісами лучка зелена,
Ходит по ній шварне дівча, чорны очка ма.
Чорны очка ма, смутні нима спозера,                 |
Личко єй ся зрумянило, як ружа червена.             |(2)

Задумав я тоту лучку переорати,
Буду на ній яре жытко, буду сіяти.
Буду сіяв, розсіяв, сьпіванку буду нутив,           |
Же я тото шварне дівча так вірне полюбив.           |(2)

Посіяв я яре жытко за ліщыною,
Полюбив я шварне дівча, ходит за мною.
Повідж, мила, повідж мі, што-м ти зробив аж так жлі?|
Юж ты мене не увидиш, аж на третім дні.             |(2)

Посіяв я яре жытко, жав го не буду,
Полюбив я шварне дівча, мав го не буду...
Посіяти - не жати, любувати - не взяти;             |
За фалечне любованя Пан Біг заплатит!               |(2)
Акорди:
За горами, за лісами лучка зелена,
Ходит по ній шварне дівча, чорны очка ма.
Чорны очка ма, смутні нима спозера,                 |(2)
Личко єй ся зрумянило, як ружа червена.             |','["pisni.org.ua", "cat:lemkivski", "Лемківські пісні"]',1,'published',COALESCE((SELECT created_at FROM songs WHERE id='pisniua_336121'), datetime('now')),datetime('now'));
INSERT OR REPLACE INTO songs_fts(song_id,title,lyrics) VALUES ('pisniua_336121','За горами, за лісами','За горами, за лісами лучка зелена,
Ходит по ній шварне дівча, чорны очка ма.
Чорны очка ма, смутні нима спозера,                 |
Личко єй ся зрумянило, як ружа червена.             |(2)

Задумав я тоту лучку переорати,
Буду на ній яре жытко, буду сіяти.
Буду сіяв, розсіяв, сьпіванку буду нутив,           |
Же я тото шварне дівча так вірне полюбив.           |(2)

Посіяв я яре жытко за ліщыною,
Полюбив я шварне дівча, ходит за мною.
Повідж, мила, повідж мі, што-м ти зробив аж так жлі?|
Юж ты мене не увидиш, аж на третім дні.             |(2)

Посіяв я яре жытко, жав го не буду,
Полюбив я шварне дівча, мав го не буду...
Посіяти - не жати, любувати - не взяти;             |
За фалечне любованя Пан Біг заплатит!               |(2)
Акорди:
За горами, за лісами лучка зелена,
Ходит по ній шварне дівча, чорны очка ма.
Чорны очка ма, смутні нима спозера,                 |(2)
Личко єй ся зрумянило, як ружа червена.             |');
INSERT OR REPLACE INTO songs (id,title,subtitle,lang,country,period,year,source,notes,lyrics,tags_json,lang_locked,status,created_at,updated_at) VALUES ('pisniua_3368222','Чорне і біле','Музика: ZOZULYA Слова: ZOZULYA','uk','ukraine_before_1917',NULL,NULL,'аудіозапис','Пісню виконує ZOZULYA.','Злюсь на себе, що не сплю,
З тобою бути хочу!
Мабуть, тебе люблю!..
Що сталось?.. Закохалась!..
Про тебе нагадає
Усе в мені твоє!..

Приспів:
Ти - моє чорне і біле!..
Ти - половина і ціле!..
Ти - є мій гріх і спокуса!..
Ти зачепив мою душу!..
Ти - все, що знаю й не знаю!..
Ти - все що гублю й збираю!..
Ти - що змогла й не зуміла!..
Ти - усе те, що хотіла!..

Злюсь на себе, що люблю!..
І де тебе шукати?..
Без вітру не зловлю!..
Так сталось!.. - Не склалось!..

Приспів. (2)
Про тебе нагадає
Тепло, яке прийде!..

Приспів.

І ніхто не знає,
Про що душа страждає...
І ніхто, ніхто не знає,
Кому вона співає...','["pisni.org.ua", "cat:lirychni", "cat:nostalgia", "Пісні про кохання, ліричні", "Пісні з ностальгічними мотивами"]',1,'published',COALESCE((SELECT created_at FROM songs WHERE id='pisniua_3368222'), datetime('now')),datetime('now'));
INSERT OR REPLACE INTO songs_fts(song_id,title,lyrics) VALUES ('pisniua_3368222','Чорне і біле','Злюсь на себе, що не сплю,
З тобою бути хочу!
Мабуть, тебе люблю!..
Що сталось?.. Закохалась!..
Про тебе нагадає
Усе в мені твоє!..

Приспів:
Ти - моє чорне і біле!..
Ти - половина і ціле!..
Ти - є мій гріх і спокуса!..
Ти зачепив мою душу!..
Ти - все, що знаю й не знаю!..
Ти - все що гублю й збираю!..
Ти - що змогла й не зуміла!..
Ти - усе те, що хотіла!..

Злюсь на себе, що люблю!..
І де тебе шукати?..
Без вітру не зловлю!..
Так сталось!.. - Не склалось!..

Приспів. (2)
Про тебе нагадає
Тепло, яке прийде!..

Приспів.

І ніхто не знає,
Про що душа страждає...
І ніхто, ніхто не знає,
Кому вона співає...');
INSERT OR REPLACE INTO song_links (id,song_id,title,url,kind,version_id,sort_order) VALUES ('pisniua_3368222_l1','pisniua_3368222','YouTube','https://www.youtube.com/watch?v=he1v2LSai5U','video',NULL,1);
INSERT OR REPLACE INTO songs (id,title,subtitle,lang,country,period,year,source,notes,lyrics,tags_json,lang_locked,status,created_at,updated_at) VALUES ('pisniua_337323','Нема в світі Правди не зіскати (4)','Українська народна пісня. Виконує: Георгій Ткаченко','uk','ukraine_before_1917',NULL,NULL,'Українські релігійні роздуми про Спасіння © Видавництво "Павутинонька", Нью Йорк – Львів – Київ – Харків – Москва, 2003','Спасительна: світ не по Правді. Українські релігійні роздуми про Воскресіння, Неволю і Спасіння. Ой Ми зіслані на признаванє. Нема в світі Правди не зіскати. Що вже кінець Сьвіту дуже приблизився. Листки з приводу цієї Пісні: Еротичні містерії, тиждень від Катерини 7.12 до Калети. Доля. Св. Микола 19.12 – Народний речник перед Богом і Прадід. Стежки до листків про Українські традиції.','Нема в світі Правди Правди не зіскати
Що вже тепер Правда стала неправдою жити

Що вже тепер Правду усі зневажають
А вражу неправду бардзе поважають

Що вже тепер Правда стоїть у порога
А брудна неправда сидить конець стола

Що вже тепер Правду ногами топтають
А вражу неправду мед-вином напувають

Що вже тепер Правда сидить у темниці
А вража неправда засіла в світлиці

Що вже тепер Правда сльозами ридає
А злая неправда бенкети справляє

Що вже тепер Правда в брехнях потонула
А злая неправда собі все здобула

Що вже тепер Правда Правда вже померла
А хитра неправда увесь світ зажерла

Що вже кінець Світу дуже приблизився
Хоч рідного брата тепер стережися','["pisni.org.ua", "cat:dumy", "cat:suspilno-politychni", "Думи", "Суспільно-політичні пісні"]',1,'published',COALESCE((SELECT created_at FROM songs WHERE id='pisniua_337323'), datetime('now')),datetime('now'));
INSERT OR REPLACE INTO songs_fts(song_id,title,lyrics) VALUES ('pisniua_337323','Нема в світі Правди не зіскати (4)','Нема в світі Правди Правди не зіскати
Що вже тепер Правда стала неправдою жити

Що вже тепер Правду усі зневажають
А вражу неправду бардзе поважають

Що вже тепер Правда стоїть у порога
А брудна неправда сидить конець стола

Що вже тепер Правду ногами топтають
А вражу неправду мед-вином напувають

Що вже тепер Правда сидить у темниці
А вража неправда засіла в світлиці

Що вже тепер Правда сльозами ридає
А злая неправда бенкети справляє

Що вже тепер Правда в брехнях потонула
А злая неправда собі все здобула

Що вже тепер Правда Правда вже померла
А хитра неправда увесь світ зажерла

Що вже кінець Світу дуже приблизився
Хоч рідного брата тепер стережися');
INSERT OR REPLACE INTO songs (id,title,subtitle,lang,country,period,year,source,notes,lyrics,tags_json,lang_locked,status,created_at,updated_at) VALUES ('pisniua_3371828','Добродій Миколай','Українська народна пісня','uk','ukraine_before_1917',NULL,NULL,'аудіозапис',NULL,'Дзвіночків чути срібний передзвін
І добра вість летить з усіх сторін,
Що з неба Миколай до нас спішить,
Бо хоче на землі добро вершить!

Приспів:
Робіть добро, робіть добро -
Для радості в житті, для щастя!
Робіть добро, робіть добро -
І вам добро добром воздасться!

Заступник наш, добродій Миколай,
Він учить нас любити рідний край
І для потомків берегти Дніпро,
Для України сіяти добро!

Приспів.

Живімо так, щоб в небі голубім
Зірки добра світили нам усім
І заспіваємо на цілий світ
Святого Миколая заповіт!

Приспів.','["pisni.org.ua", "cat:svyatyy-mykolay", "Пісні про Святого Миколая"]',1,'published',COALESCE((SELECT created_at FROM songs WHERE id='pisniua_3371828'), datetime('now')),datetime('now'));
INSERT OR REPLACE INTO songs_fts(song_id,title,lyrics) VALUES ('pisniua_3371828','Добродій Миколай','Дзвіночків чути срібний передзвін
І добра вість летить з усіх сторін,
Що з неба Миколай до нас спішить,
Бо хоче на землі добро вершить!

Приспів:
Робіть добро, робіть добро -
Для радості в житті, для щастя!
Робіть добро, робіть добро -
І вам добро добром воздасться!

Заступник наш, добродій Миколай,
Він учить нас любити рідний край
І для потомків берегти Дніпро,
Для України сіяти добро!

Приспів.

Живімо так, щоб в небі голубім
Зірки добра світили нам усім
І заспіваємо на цілий світ
Святого Миколая заповіт!

Приспів.');
INSERT OR REPLACE INTO songs (id,title,subtitle,lang,country,period,year,source,notes,lyrics,tags_json,lang_locked,status,created_at,updated_at) VALUES ('pisniua_3358323','Рідна серцю Україна!','Музика: Сергій Родько Слова: Алла Бінцаровська','uk','ukraine_1991',NULL,NULL,'аудіозапис','Пісню виконують Надія і Софія Стельмахи.','Гомонять ліси й поля,
Кличуть барвами діброви -
Це усе моя земля,
Незрівнянна барвінкова!
Щедрий край черешневих садів -
Це усе земля моїх батьків!

Приспів:
Хай мирне небо усміхається,  |
Промінчиками сонце грається! |
Рясніє гронами калина -      |
Це рідна серцю Україна!      | (2)

Тут щебечуть ластівки
І сміються поруч діти,
Тут працюють залюбки,
Знають Божі заповіти.
Мальовничий край, де лине спів -
Це усе земля моїх батьків!

Приспів.

Непростий у неї шлях,
Моляться за мир краяни
І героям у серцях
Стеляться вінки пошани!
Край великих доньок і синів -
Це усе земля моїх батьків!

Приспів.','["pisni.org.ua", "cat:patriotic", "Патріотичні пісні"]',1,'published',COALESCE((SELECT created_at FROM songs WHERE id='pisniua_3358323'), datetime('now')),datetime('now'));
INSERT OR REPLACE INTO songs_fts(song_id,title,lyrics) VALUES ('pisniua_3358323','Рідна серцю Україна!','Гомонять ліси й поля,
Кличуть барвами діброви -
Це усе моя земля,
Незрівнянна барвінкова!
Щедрий край черешневих садів -
Це усе земля моїх батьків!

Приспів:
Хай мирне небо усміхається,  |
Промінчиками сонце грається! |
Рясніє гронами калина -      |
Це рідна серцю Україна!      | (2)

Тут щебечуть ластівки
І сміються поруч діти,
Тут працюють залюбки,
Знають Божі заповіти.
Мальовничий край, де лине спів -
Це усе земля моїх батьків!

Приспів.

Непростий у неї шлях,
Моляться за мир краяни
І героям у серцях
Стеляться вінки пошани!
Край великих доньок і синів -
Це усе земля моїх батьків!

Приспів.');
INSERT OR REPLACE INTO song_links (id,song_id,title,url,kind,version_id,sort_order) VALUES ('pisniua_3358323_l1','pisniua_3358323','YouTube','https://www.youtube.com/watch?v=MXvoCjWJzms','video',NULL,1);
INSERT OR REPLACE INTO songs (id,title,subtitle,lang,country,period,year,source,notes,lyrics,tags_json,lang_locked,status,created_at,updated_at) VALUES ('pisniua_3373467','Запрошення','Музика: Геннадій Володько Слова: Лариса Недін','uk','ukraine_1991',NULL,NULL,'аудіозапис',NULL,'Чудотворець Миколай,
Повсякчас нам помагай.
Усім людям усміхнися,
Щирим серцем пригорнися!

Молимося Богові ми чемно
І дякуєм Йому доземно!
Наша свічка, як зоря!
Приходь в гості, вже пора!

Чудотворець Миколай,
Повсякчас нам помагай.
Усім людям усміхнися,
Щирим серцем пригорнися!','["pisni.org.ua", "cat:svyatyy-mykolay", "Пісні про Святого Миколая"]',1,'published',COALESCE((SELECT created_at FROM songs WHERE id='pisniua_3373467'), datetime('now')),datetime('now'));
INSERT OR REPLACE INTO songs_fts(song_id,title,lyrics) VALUES ('pisniua_3373467','Запрошення','Чудотворець Миколай,
Повсякчас нам помагай.
Усім людям усміхнися,
Щирим серцем пригорнися!

Молимося Богові ми чемно
І дякуєм Йому доземно!
Наша свічка, як зоря!
Приходь в гості, вже пора!

Чудотворець Миколай,
Повсякчас нам помагай.
Усім людям усміхнися,
Щирим серцем пригорнися!');
INSERT OR REPLACE INTO songs (id,title,subtitle,lang,country,period,year,source,notes,lyrics,tags_json,lang_locked,status,created_at,updated_at) VALUES ('pisniua_3361467','Весняний вальс','Музика: Наталія Май Слова: Наталія Май. Виконує: Наталія Май','uk','ukraine_1991',NULL,NULL,'аудіозапис',NULL,'Навесні, коли проліски перші зітхають,
І птахи повертаються з теплих країв,
Всі слова, що у серці своєму тримаю,
Я скажу рідній мамі своїй дорогій!

Приспів:
Хай навколо мете,
Вітер хвилями б''є,
Повертають до тебе
З розлуки!
Дяка Богу за те
Що у мене ти є,
Я цілую натруджені руки!

Навесні, коли сонечко лагідно світить,
І цвітуть перші проліски в тихім гаю,
Обійму я тебе, найдорожчу у світі,
І скажу, як тебе я, рідненька, люблю!

Приспів.','["pisni.org.ua", "cat:pro-batkiv", "Пісні про любов до батьків"]',1,'published',COALESCE((SELECT created_at FROM songs WHERE id='pisniua_3361467'), datetime('now')),datetime('now'));
INSERT OR REPLACE INTO songs_fts(song_id,title,lyrics) VALUES ('pisniua_3361467','Весняний вальс','Навесні, коли проліски перші зітхають,
І птахи повертаються з теплих країв,
Всі слова, що у серці своєму тримаю,
Я скажу рідній мамі своїй дорогій!

Приспів:
Хай навколо мете,
Вітер хвилями б''є,
Повертають до тебе
З розлуки!
Дяка Богу за те
Що у мене ти є,
Я цілую натруджені руки!

Навесні, коли сонечко лагідно світить,
І цвітуть перші проліски в тихім гаю,
Обійму я тебе, найдорожчу у світі,
І скажу, як тебе я, рідненька, люблю!

Приспів.');
INSERT OR REPLACE INTO song_links (id,song_id,title,url,kind,version_id,sort_order) VALUES ('pisniua_3361467_l1','pisniua_3361467','YouTube','https://www.youtube.com/watch?v=16jJAblHe4M','video',NULL,1);
INSERT OR REPLACE INTO songs (id,title,subtitle,lang,country,period,year,source,notes,lyrics,tags_json,lang_locked,status,created_at,updated_at) VALUES ('pisniua_337168','Замітайте Двори застелайте Столи','Українська народна пісня','uk','ukraine_before_1917',NULL,NULL,'Староукраїнські релігійні роздуми про Бога © Видавництво "Павутинонька", Нью Йорк – Львів – Київ – Харків – Москва, 2004','Українське Різдво Світа та Обжинки. Павочка xодить Пір''ячко губить. Ой Вінку Наш Вінку Хрещатий Барвінку Сивая Пава літала крилами Двір змітала. Листки з приводу цієї Пісні: Коляда і Великдень: Різдво і Відродження Світа. Вербний Тиждень і Шутка. Стежки до листків про Українські традиції.','Замітайте Двори
Застелайте Столи
Сподівайтеся Вінця
До свого Гуменця

Сивая Пава літала
Крилами Двір змітала
Сподівалася Вінця
До свого Гуменця','["pisni.org.ua", "cat:obzhynkovi", "Обжинкові пісні"]',1,'published',COALESCE((SELECT created_at FROM songs WHERE id='pisniua_337168'), datetime('now')),datetime('now'));
INSERT OR REPLACE INTO songs_fts(song_id,title,lyrics) VALUES ('pisniua_337168','Замітайте Двори застелайте Столи','Замітайте Двори
Застелайте Столи
Сподівайтеся Вінця
До свого Гуменця

Сивая Пава літала
Крилами Двір змітала
Сподівалася Вінця
До свого Гуменця');
INSERT OR REPLACE INTO songs (id,title,subtitle,lang,country,period,year,source,notes,lyrics,tags_json,lang_locked,status,created_at,updated_at) VALUES ('pisniua_3375121','Як нам прийдеться вмирати',NULL,'uk','ukrainian_peoples_republic_1917_1921',NULL,NULL,'аудіозапис','Місце побутування: смт Запитів, Кам''янка-Бузький район, Львівська область. Респондент: Максимишин Марія Олексіївна. Збирачі: Вовчак Андрій, Мартиник Соломія.','Як нам прийдеться вмирати
Та задля рідного краю,
Будьте ласка, то поховайте
Мене в зеленому гаю.

Висипте мені могилу,
Березовий хрест закопайте,
На хресті прибийте дошку
І такі слова подайте:

Тут січовик спочиває,
Що із святої любові,
Він в борбі за Україну,
Він мав тяжкії окови.

Хоч у гаю поховайте,
Щоб було колись весною:
Щоб пташина заспівала
Тужную піснь наді мною.

І нині могилу мою
Звеселять всі пташки співом,
А ти, друже, як там будеш,
Змов "Бородице Діво".','["pisni.org.ua", "cat:strilecki", "Стрілецькі пісні"]',1,'published',COALESCE((SELECT created_at FROM songs WHERE id='pisniua_3375121'), datetime('now')),datetime('now'));
INSERT OR REPLACE INTO songs_fts(song_id,title,lyrics) VALUES ('pisniua_3375121','Як нам прийдеться вмирати','Як нам прийдеться вмирати
Та задля рідного краю,
Будьте ласка, то поховайте
Мене в зеленому гаю.

Висипте мені могилу,
Березовий хрест закопайте,
На хресті прибийте дошку
І такі слова подайте:

Тут січовик спочиває,
Що із святої любові,
Він в борбі за Україну,
Він мав тяжкії окови.

Хоч у гаю поховайте,
Щоб було колись весною:
Щоб пташина заспівала
Тужную піснь наді мною.

І нині могилу мою
Звеселять всі пташки співом,
А ти, друже, як там будеш,
Змов "Бородице Діво".');
INSERT OR REPLACE INTO songs (id,title,subtitle,lang,country,period,year,source,notes,lyrics,tags_json,lang_locked,status,created_at,updated_at) VALUES ('pisniua_3384560','Пісня донечки і мами','(Я за ручку донечку тримаю). Українська народна пісня','uk','ukraine_before_1917',NULL,NULL,'аудіозапис',NULL,'Я за ручку донечку тримаю,
Як люблю я, зайчику, тебе!
Оченята, як зіроньки, сяють,
Їй сміється небо голубе!

Приспів:
Доню, доню, ти моя рідненька,    |
Доню, доню, ти - дзвіночок мій,  |
Моя щебетушечка маленька!        |
Цілий світ сьогодні, люба, твій! | (2)

Я за ручку матінку тримаю,
Сяє в небі сонце золоте,
Як промінці, оченята сяють,
Все вітає маму і цвіте!

Приспів.','["pisni.org.ua", "cat:pro-ditey", "Пісні про любов до дітей"]',1,'published',COALESCE((SELECT created_at FROM songs WHERE id='pisniua_3384560'), datetime('now')),datetime('now'));
INSERT OR REPLACE INTO songs_fts(song_id,title,lyrics) VALUES ('pisniua_3384560','Пісня донечки і мами','Я за ручку донечку тримаю,
Як люблю я, зайчику, тебе!
Оченята, як зіроньки, сяють,
Їй сміється небо голубе!

Приспів:
Доню, доню, ти моя рідненька,    |
Доню, доню, ти - дзвіночок мій,  |
Моя щебетушечка маленька!        |
Цілий світ сьогодні, люба, твій! | (2)

Я за ручку матінку тримаю,
Сяє в небі сонце золоте,
Як промінці, оченята сяють,
Все вітає маму і цвіте!

Приспів.');
INSERT OR REPLACE INTO song_links (id,song_id,title,url,kind,version_id,sort_order) VALUES ('pisniua_3384560_l1','pisniua_3384560','YouTube','https://www.youtube.com/watch?v=Cg_8tUAwa1c','video',NULL,1);
INSERT OR REPLACE INTO songs (id,title,subtitle,lang,country,period,year,source,notes,lyrics,tags_json,lang_locked,status,created_at,updated_at) VALUES ('pisniua_3379766','Свято Букваря!','Музика: Микола Ведмедеря Слова: Наталія Разінькова','uk','ukraine_1991',NULL,NULL,'аудіозапис',NULL,'Завітав на свято
Мій улюблений Буквар,
Дуже йому вдячний,
Бо вже рік школяр!
Любимо цю книжечку
Класом ми своїм,
Радість знань дарує
Вона всім!

Приспів:
Перша книга ти, чарівна моя,   |
Тебе вже давно поважаю я!      |
До знання шляхи відкриваєш ти, |
Цілий рік читали тебе ми!      | (2)

Ось настало свято -
День прощання з Букварем,
Ми молодшим дітям
Свій Букварик віддаєм,
Щоб навчив читати він
Старанних малюків!
Кожен крок знаннями
Їх міцнів!

Приспів.','["pisni.org.ua", "cat:shkilni", "Пісні про школу"]',1,'published',COALESCE((SELECT created_at FROM songs WHERE id='pisniua_3379766'), datetime('now')),datetime('now'));
INSERT OR REPLACE INTO songs_fts(song_id,title,lyrics) VALUES ('pisniua_3379766','Свято Букваря!','Завітав на свято
Мій улюблений Буквар,
Дуже йому вдячний,
Бо вже рік школяр!
Любимо цю книжечку
Класом ми своїм,
Радість знань дарує
Вона всім!

Приспів:
Перша книга ти, чарівна моя,   |
Тебе вже давно поважаю я!      |
До знання шляхи відкриваєш ти, |
Цілий рік читали тебе ми!      | (2)

Ось настало свято -
День прощання з Букварем,
Ми молодшим дітям
Свій Букварик віддаєм,
Щоб навчив читати він
Старанних малюків!
Кожен крок знаннями
Їх міцнів!

Приспів.');
INSERT OR REPLACE INTO songs (id,title,subtitle,lang,country,period,year,source,notes,lyrics,tags_json,lang_locked,status,created_at,updated_at) VALUES ('pisniua_336727','Весняночка Паняночка де Ти зимувала (1)','Українська народна пісня. Виконує: Веснівка','uk','ukraine_before_1917',NULL,NULL,'Потаємні пісні любощів і кохання © Видавництво "Павутинонька", Нью Йорк – Львів – Київ – Харків – Москва, 2002','Гаїлки-Великдень: Українське свято Відродження Світа. Еротика, жарти, забави. Вже Весна воскресла. Пряла на Колочку Горобцю на Сорочку. Бичок пасецця Мичка прядецця. Своєму Братові на Рукавичку. Шовком да Біллю да вишиває.','Весняночка-Паняночка де Ти зимувала
Зимувала у Садочку на Колочку пряла
Пряла на Колочку Горобцю на Сорочку
Що виведу нитку Горобцю на Свитку
Що виведу другу Горобцю на другу
Що позоставались Кінці Горобцю на штанці

Весняночка-Паняночка де Ти зимувала
У Садочку на Пеньочку пряла на Сорочку
А Ворони оснують а Сороки витчуть
А Білії Лебеді що побілять на Воді
А Лугові Пташки пошиють Рубашки

Ой Весно-Весняночко де Твоя Дочка Паняночка
Та піймали Бичка та за Ріжечки
Ой пасися Бичку поки спряду Мичку
Своєму Братові на Рукавичку
Бичок пасецця Мичка прядецця
Бичок напасся Мичка спрялася

Ой Весно-Весно да Весняночко
Де Твоя Дочка да Паняночка
Десь у Садочку шиє Сорочку
Шовком да Біллю да вишиває
Своєму Милому пересилає
Надівай її щонеділеньки
Споминай же мене щогодиноньки
Шовком я шила а Біллю рубила
Жаль мені Козака що я полюбила','["pisni.org.ua", "cat:vesnyanky-hayivky", "Веснянки та гаївки"]',1,'published',COALESCE((SELECT created_at FROM songs WHERE id='pisniua_336727'), datetime('now')),datetime('now'));
INSERT OR REPLACE INTO songs_fts(song_id,title,lyrics) VALUES ('pisniua_336727','Весняночка Паняночка де Ти зимувала (1)','Весняночка-Паняночка де Ти зимувала
Зимувала у Садочку на Колочку пряла
Пряла на Колочку Горобцю на Сорочку
Що виведу нитку Горобцю на Свитку
Що виведу другу Горобцю на другу
Що позоставались Кінці Горобцю на штанці

Весняночка-Паняночка де Ти зимувала
У Садочку на Пеньочку пряла на Сорочку
А Ворони оснують а Сороки витчуть
А Білії Лебеді що побілять на Воді
А Лугові Пташки пошиють Рубашки

Ой Весно-Весняночко де Твоя Дочка Паняночка
Та піймали Бичка та за Ріжечки
Ой пасися Бичку поки спряду Мичку
Своєму Братові на Рукавичку
Бичок пасецця Мичка прядецця
Бичок напасся Мичка спрялася

Ой Весно-Весно да Весняночко
Де Твоя Дочка да Паняночка
Десь у Садочку шиє Сорочку
Шовком да Біллю да вишиває
Своєму Милому пересилає
Надівай її щонеділеньки
Споминай же мене щогодиноньки
Шовком я шила а Біллю рубила
Жаль мені Козака що я полюбила');
INSERT OR REPLACE INTO songs (id,title,subtitle,lang,country,period,year,source,notes,lyrics,tags_json,lang_locked,status,created_at,updated_at) VALUES ('pisniua_337626','Десь тут була Подоляночка (2)','Українська народна пісня','uk','ukraine_before_1917',NULL,NULL,'1. Перлини української народної пісні. - К.: Музична Україна, 1989 2. Українські пісні з нотами / Упорядн. П.Ф.Бунт, В.Шаравський. Збірник I. - К., 1929','*Варіант в''язки поданий за дж. 2, мелодія та ж, що й у дж. 1. Гаїлки-Великдень: Українське свято Відродження Світа. Еротика, жарти, забави: Катерини – Калета – Андрія... Гаїлки-Великдень... Зелені Свята... Івана Купала... Весілля... – Щедровечірнє й Новорічне: Маланки-Василь. Коза. Кіт... – Мед і Ябка... Десь узялася Молода Дівчина. Тут Вона впала до Землі припала. Сім Літ не вмивалась Бо Води не мала А ми Йому Кінця не знайдем. Листки з приводу цієї Пісні: Вербний Тиждень і Шутка. Про Українські назви місяців Марець і Май. --> Коляда і Великдень: Різдво і Відродження Світа Гаїлки-Великдень — Українське Свято Відродження Світа. (Вибір Пісень)','Десь тут була Подоляночка
Десь тут була Молодесенька
Тут Вона сіла
Тут вона впала
До Землі припала
Сім Літ не вмивалась
Бо Води не мала

Ой устань-устань Подоляночко
Ой устань-устань Молодесенька
Умий своє Личко
Та Личко Біленьке
Біжи до Дунаю
Бери Молоденьку
Бери ту що скраю*
*Варіант в''язки:

Устань-устань Подоляночко
Устань-устань Молодесенька
Умий Личко так як скляночку
Утрись-утрись Шовковим Рушничком
Та візьмися в боки
Покажи нам скоки
Біжи до Дунаю
Бери ту що скраю','["pisni.org.ua", "cat:vesnyanky-hayivky", "Веснянки та гаївки"]',1,'published',COALESCE((SELECT created_at FROM songs WHERE id='pisniua_337626'), datetime('now')),datetime('now'));
INSERT OR REPLACE INTO songs_fts(song_id,title,lyrics) VALUES ('pisniua_337626','Десь тут була Подоляночка (2)','Десь тут була Подоляночка
Десь тут була Молодесенька
Тут Вона сіла
Тут вона впала
До Землі припала
Сім Літ не вмивалась
Бо Води не мала

Ой устань-устань Подоляночко
Ой устань-устань Молодесенька
Умий своє Личко
Та Личко Біленьке
Біжи до Дунаю
Бери Молоденьку
Бери ту що скраю*
*Варіант в''язки:

Устань-устань Подоляночко
Устань-устань Молодесенька
Умий Личко так як скляночку
Утрись-утрись Шовковим Рушничком
Та візьмися в боки
Покажи нам скоки
Біжи до Дунаю
Бери ту що скраю');
INSERT OR REPLACE INTO song_links (id,song_id,title,url,kind,version_id,sort_order) VALUES ('pisniua_337626_l1','pisniua_337626','YouTube','https://www.youtube.com/watch?v=IR53DgPOlS0','video',NULL,1);
INSERT OR REPLACE INTO songs (id,title,subtitle,lang,country,period,year,source,notes,lyrics,tags_json,lang_locked,status,created_at,updated_at) VALUES ('pisniua_338525','Благаю небо','Музика: Володимир Ластовецький Слова: Ірина Кунда. Виконує: Так Треба','uk','ukraine_1991',NULL,NULL,NULL,'Підбір акордів: Ластовецький Володимир','Я благаю небо

Місяць за хмари сховався
сльози течуть по щоці
знову, ти в душу закрався
тихо шепочеш мені, прощай
Я відчую ніжний голос
я побачу сльози на твоїх очах
ти мене обійматимеш ніжно
Але тільки в моїх снах!

Приспів

Я благаю небо
Я благаю небо повернути тебе
Я благаю небо
Я благаю небо повернути тебе

Завтра прокинусь я зранку
І знову ведіння мене
Та тільки залишиться біль
Бо втратила я тебе назавжди
Ти пішов від мене у вічність
Ти став ангелом на небесах
Та залишив тільки душу свою
Що приходить в моїх снах

Приспів

Соло :) :)

Приспів
Підбір акордів:  Ластовецький Володимир','["pisni.org.ua", "cat:huculski", "Гуцульські пісні"]',1,'published',COALESCE((SELECT created_at FROM songs WHERE id='pisniua_338525'), datetime('now')),datetime('now'));
INSERT OR REPLACE INTO songs_fts(song_id,title,lyrics) VALUES ('pisniua_338525','Благаю небо','Я благаю небо

Місяць за хмари сховався
сльози течуть по щоці
знову, ти в душу закрався
тихо шепочеш мені, прощай
Я відчую ніжний голос
я побачу сльози на твоїх очах
ти мене обійматимеш ніжно
Але тільки в моїх снах!

Приспів

Я благаю небо
Я благаю небо повернути тебе
Я благаю небо
Я благаю небо повернути тебе

Завтра прокинусь я зранку
І знову ведіння мене
Та тільки залишиться біль
Бо втратила я тебе назавжди
Ти пішов від мене у вічність
Ти став ангелом на небесах
Та залишив тільки душу свою
Що приходить в моїх снах

Приспів

Соло :) :)

Приспів
Підбір акордів:  Ластовецький Володимир');
INSERT OR REPLACE INTO song_links (id,song_id,title,url,kind,version_id,sort_order) VALUES ('pisniua_338525_l1','pisniua_338525','YouTube','https://www.youtube.com/watch?v=nrcdfE-qk9k','video',NULL,1);
INSERT OR REPLACE INTO songs (id,title,subtitle,lang,country,period,year,source,notes,lyrics,tags_json,lang_locked,status,created_at,updated_at) VALUES ('pisniua_337929','Ой пила-пила та Лимериха на меду','Українська народна пісня','uk','ukraine_before_1917',NULL,NULL,'1. Перлини української народної пісні. - К.: Музична Україна, 1989','Воскресна: світ не по Правді. Українські релігійні роздуми про Воскресіння, Неволю і Спасіння. Ой не годен пан Каньовський мене цілувати. Cам молод не до мислоньки ти мені. Та влучила Лимерівна в Серденько. Кипи-кипи Моє Серденько на ножі аніж в того Шкандибенка на дворі. Листки з приводу цієї Пісні: Коляда і Великдень: Різдво і Відродження Світа. Українські реліґійні роздуми про Неволю та Спасіння Еротичні містерії, тиждень від Катерини 7.12 до Калети. Доля. Стежки до листків про Українські традиції.','Ой пила-пила та Лимериха на меду
Та й пропила свою Дочку Молоду

- Ой хто купить цебер меду і вина
Того буде Лимерівна Молода -

Обізвався та Шкандибенко на меду
- Ой я ж куплю Лимерівну Молоду

Ой я куплю цебер меду і вина
Нехай буде Лимерівна вже моя...

У неділю ранесенько до сонця
Та й плакала Лимерівна в віконця

- Ой загину моя матінко загину
Бо не люблю Шкандибенка покину

Наступає моя матінко темна ніч
Ой не люблю Шкандибенка піду пріч

- Ой коли любиш Моя Донечко - вінчайся
А не любиш Дитя Моє - цурайся -

Ой побігла Лимерівна горою
А за нею Шкандибенко в погоню

Ой догнав він Лимерівну та й не б''є
Тільки ж Її словечками картає

- Ой чого ж Ти Лимерівно пішки йдеш
Та чи в мене вороних коней не маєш

- Ой хоч же є вороні коні то твої
Та і сам молод не до мислоньки ти мені

- Ой чого ж Ти Лимерівно боса йдеш
Десь Ти в мене черевичків не маєш

Ой хоч же є черевички то твої
Та й сам молод не до мислоньки ти мені

Ой чого ж Ти Лимерівно в свиті йдеш
Та чи в мене дорогих суконь не маєш

Ой хоч є дорогі сукні то твої
Та й сам молод не до мислоньки ти мені

Ой побігла Лимерівна тернами
А за нею Шкандибенко конями

Ой дай мені Шкандибенко гострий ніж
Повиймати чорний терен з Білих Ніг

Не влучила Лимерівна в Ніженьку
Та влучила Лимерівна в Серденько

- Кипи-кипи Моє Серденько на ножі
Аніж в того Шкандибенка на дворі -

Ой як узяв тую Лимерівну до двора
- Ой одчиняй моя матінко ворота

Ой одчиняй моя матінко ворота
Я везу тобі невісточку п''яненьку

- Ой од чого мій синочку впилася
Ой од чого моє дитя впилася

- Ой упилась моя матінко од ножа
А заснула моя матінко край коня

- Ой не вези у двір Її не вези
Та вези Її мій синочку до тещі

- Ой одчиняй моя тещенько ворота
Я везу тобі Дочку твою п''яненьку

- Ой од чого мій зятеньку впилася
Ой од чого дитя моє впилася

- Ой упилась моя тещенько од ножа
А заснула моя тещенько край коня','["pisni.org.ua", "cat:dumy", "Думи"]',1,'published',COALESCE((SELECT created_at FROM songs WHERE id='pisniua_337929'), datetime('now')),datetime('now'));
INSERT OR REPLACE INTO songs_fts(song_id,title,lyrics) VALUES ('pisniua_337929','Ой пила-пила та Лимериха на меду','Ой пила-пила та Лимериха на меду
Та й пропила свою Дочку Молоду

- Ой хто купить цебер меду і вина
Того буде Лимерівна Молода -

Обізвався та Шкандибенко на меду
- Ой я ж куплю Лимерівну Молоду

Ой я куплю цебер меду і вина
Нехай буде Лимерівна вже моя...

У неділю ранесенько до сонця
Та й плакала Лимерівна в віконця

- Ой загину моя матінко загину
Бо не люблю Шкандибенка покину

Наступає моя матінко темна ніч
Ой не люблю Шкандибенка піду пріч

- Ой коли любиш Моя Донечко - вінчайся
А не любиш Дитя Моє - цурайся -

Ой побігла Лимерівна горою
А за нею Шкандибенко в погоню

Ой догнав він Лимерівну та й не б''є
Тільки ж Її словечками картає

- Ой чого ж Ти Лимерівно пішки йдеш
Та чи в мене вороних коней не маєш

- Ой хоч же є вороні коні то твої
Та і сам молод не до мислоньки ти мені

- Ой чого ж Ти Лимерівно боса йдеш
Десь Ти в мене черевичків не маєш

Ой хоч же є черевички то твої
Та й сам молод не до мислоньки ти мені

Ой чого ж Ти Лимерівно в свиті йдеш
Та чи в мене дорогих суконь не маєш

Ой хоч є дорогі сукні то твої
Та й сам молод не до мислоньки ти мені

Ой побігла Лимерівна тернами
А за нею Шкандибенко конями

Ой дай мені Шкандибенко гострий ніж
Повиймати чорний терен з Білих Ніг

Не влучила Лимерівна в Ніженьку
Та влучила Лимерівна в Серденько

- Кипи-кипи Моє Серденько на ножі
Аніж в того Шкандибенка на дворі -

Ой як узяв тую Лимерівну до двора
- Ой одчиняй моя матінко ворота

Ой одчиняй моя матінко ворота
Я везу тобі невісточку п''яненьку

- Ой од чого мій синочку впилася
Ой од чого моє дитя впилася

- Ой упилась моя матінко од ножа
А заснула моя матінко край коня

- Ой не вези у двір Її не вези
Та вези Її мій синочку до тещі

- Ой одчиняй моя тещенько ворота
Я везу тобі Дочку твою п''яненьку

- Ой од чого мій зятеньку впилася
Ой од чого дитя моє впилася

- Ой упилась моя тещенько од ножа
А заснула моя тещенько край коня');
INSERT OR REPLACE INTO songs (id,title,subtitle,lang,country,period,year,source,notes,lyrics,tags_json,lang_locked,status,created_at,updated_at) VALUES ('pisniua_3378869','Хвилинку ще з вами','Українська народна пісня','uk','ukraine_before_1917',NULL,NULL,'https://www.facebook.com/pashka1999','Пісню виконує Церковний Хор.','Хвилинку, хвилинку ще з вами,
Хвилинку хвилинку ще тут,
А так, мої рідні і друзі,      |
В могилу мене віднесуть...     | (2)

Сумною залишиться хата
І вітер повіє кругом
Туга і ридання зів''ються       |
Сумним і плачевним псалмом...  | (2)

Псалом, що взиває до Бога, -
О, Боже, молитву прийми!..
І душу, що лине до Тебе,       |
У Царстві своїм пом''яни...     | (2)

Прощай на дорозі розлуки,
Прощай на дорозі життя...
Нехай Бог візьме твою душу     |
У вічне щасливе життя!..       | (2)

Хвилинку, хвилинку ще з вами,
Хвилинку хвилинку ще тут,
А так, мої рідні і друзі,      |
В могилу мене віднесуть...     | (2)

Підеш ти в дорогу останню,
Дорогу останню твою,
Якою підеш ти востаннє         |
У вічну оселю твою...          | (2)

А квіти зів''януть і зсохнуть
На твоїх прощальних вінках,
Лиш пам''ять про тебе не згасне |
Ніколи у наших серцях!..       | (2)','["pisni.org.ua", "cat:christian", "Пісні на християнську тематику"]',1,'published',COALESCE((SELECT created_at FROM songs WHERE id='pisniua_3378869'), datetime('now')),datetime('now'));
INSERT OR REPLACE INTO songs_fts(song_id,title,lyrics) VALUES ('pisniua_3378869','Хвилинку ще з вами','Хвилинку, хвилинку ще з вами,
Хвилинку хвилинку ще тут,
А так, мої рідні і друзі,      |
В могилу мене віднесуть...     | (2)

Сумною залишиться хата
І вітер повіє кругом
Туга і ридання зів''ються       |
Сумним і плачевним псалмом...  | (2)

Псалом, що взиває до Бога, -
О, Боже, молитву прийми!..
І душу, що лине до Тебе,       |
У Царстві своїм пом''яни...     | (2)

Прощай на дорозі розлуки,
Прощай на дорозі життя...
Нехай Бог візьме твою душу     |
У вічне щасливе життя!..       | (2)

Хвилинку, хвилинку ще з вами,
Хвилинку хвилинку ще тут,
А так, мої рідні і друзі,      |
В могилу мене віднесуть...     | (2)

Підеш ти в дорогу останню,
Дорогу останню твою,
Якою підеш ти востаннє         |
У вічну оселю твою...          | (2)

А квіти зів''януть і зсохнуть
На твоїх прощальних вінках,
Лиш пам''ять про тебе не згасне |
Ніколи у наших серцях!..       | (2)');
INSERT OR REPLACE INTO song_links (id,song_id,title,url,kind,version_id,sort_order) VALUES ('pisniua_3378869_l1','pisniua_3378869','YouTube','https://www.youtube.com/watch?v=oT5uPd2q2Co','video',NULL,1);
INSERT OR REPLACE INTO song_links (id,song_id,title,url,kind,version_id,sort_order) VALUES ('pisniua_3378869_l2','pisniua_3378869','YouTube','https://www.youtube.com/watch?v=aE5tQP_voFE','video',NULL,2);
INSERT OR REPLACE INTO songs (id,title,subtitle,lang,country,period,year,source,notes,lyrics,tags_json,lang_locked,status,created_at,updated_at) VALUES ('pisniua_3382168','Ой, запирай, свату, хату','Українська народна пісня','uk','ukraine_before_1917',NULL,NULL,'аудіозапис',NULL,'Ой, запирай, свату, хату,
Я замерзла в ноги,
Не можу ся дотулити
До твої підлоги.

А я піду на весілля
Та й буду до рання,
Стоїть бучок на полиці,
То моє снідання.

Ой, молоді молодиці,
Ту не заважайте,
Ідіть домі, варіт кашу,
Дітей запихайте.

Ой, старосто, старостину,
Дай же ми горілки,
Бо ти хату розваляю,
Лишаться одвірки.

Ой, старосто, старостику,
Щось треба думати,
Бо запармо болить горло,
Треба підливати.','["pisni.org.ua", "cat:kolomyyky", "Коломийки"]',1,'published',COALESCE((SELECT created_at FROM songs WHERE id='pisniua_3382168'), datetime('now')),datetime('now'));
INSERT OR REPLACE INTO songs_fts(song_id,title,lyrics) VALUES ('pisniua_3382168','Ой, запирай, свату, хату','Ой, запирай, свату, хату,
Я замерзла в ноги,
Не можу ся дотулити
До твої підлоги.

А я піду на весілля
Та й буду до рання,
Стоїть бучок на полиці,
То моє снідання.

Ой, молоді молодиці,
Ту не заважайте,
Ідіть домі, варіт кашу,
Дітей запихайте.

Ой, старосто, старостину,
Дай же ми горілки,
Бо ти хату розваляю,
Лишаться одвірки.

Ой, старосто, старостику,
Щось треба думати,
Бо запармо болить горло,
Треба підливати.');
INSERT OR REPLACE INTO songs (id,title,subtitle,lang,country,period,year,source,notes,lyrics,tags_json,lang_locked,status,created_at,updated_at) VALUES ('pisniua_337766','Ой там в місті на Риночку капелія грала','Українська народна пісня','uk','ukraine_before_1917',NULL,NULL,'1. Пісні з тернопільщини. Випуск другий. - К.: Музична Україна, 1993','Парою Байді є Бондарівна:-) Воскресна: світ не по Правді. Українські релігійні роздуми про Воскресіння, Неволю і Спасіння. Ой не годен пан Каньовський мене цілувати. Така була як в городі Червона Калина. Листки з приводу цієї Пісні: Коляда і Великдень: Різдво і Відродження Світа. Українські реліґійні роздуми про Неволю та Спасіння Еротичні містерії, тиждень від Катерини 7.12 до Калети. Доля. Стежки до листків про Українські традиції.','Ой там в місті на Риночку капелія грала
Там молода Боднарівна пила та й гуляла

Як прийхав пан Каньовський хотів з нев гуляти
І взяв її за рученьку та й став розмовляти

А як вийшов пан Каньовський з нової крамниці
Потискає Боднарівну за біленькі лиці

А Молода Боднарівна ще жартів не знала
Відвернула праву руку та й му в писок дала

А там були Старі Люди розмовляли стиха:
- Тікай-тікай Бондарівно наробила-с лиха

І тікала Боднарівна горами долами
За нев гнали два жовняри з новими шаблями

Як тікала Боднарівна скочила без фосу
Догнали ї'' два жовняри злапали за косу

Один злапав за рученьку притулив до себе
- Аби-с знала Боднарівно наш пан любить тебе -

Другий злапав Боднарівну за жовтії коси:
- Аж тепер ти Бондарівно погуляєш досить

- Як я маю з вашим паном Мед-горілку пити
То волію Молоденька в сирі'' землі гнити -

Як привели Боднарівну до нового ґанку
- Та й на тобі любий пане вже маєш коханку -

Відскочила Боднарівна під білу березу
І вистрілив пан Каньовський забив і доразу

Зараз сказав пан Каньовський капелію взяти
Щоб Молоді'' Боднарівні аж до гробу грати

- А ви дайте мої слуги до Бондара знати
Най приїде старий Боднар Доньку поховати -

Як приїхав старий Боднар та й почав плакати:
- Мав я лише одну Доньку й мушу поховати -

Як приїхав старий Боднар Сірими Волами
- Казав я ти Моя Доню не гуляй з панами

- Та на тобі старий Боднар штири сороківці
Будеш мати старий Боднар на похорон дівці -

Ой сів собі пан Каньовський ґанку на ґанку:
- Зараз мою будуть везти до гроба коханку -

А на тії Боднарівні чорні черевики
Куди везли Боднарівну - червоніли ріки

А то була коханочка а то була мила
Така була як в городі Червона Калина

А то була коханочка а то була гожа
Така була як в городі Червоная Рожа','["pisni.org.ua", "cat:dumy", "cat:halycki", "cat:kozacki", "Думи", "Пісні з Галичини", "Козацькі пісні"]',1,'published',COALESCE((SELECT created_at FROM songs WHERE id='pisniua_337766'), datetime('now')),datetime('now'));
INSERT OR REPLACE INTO songs_fts(song_id,title,lyrics) VALUES ('pisniua_337766','Ой там в місті на Риночку капелія грала','Ой там в місті на Риночку капелія грала
Там молода Боднарівна пила та й гуляла

Як прийхав пан Каньовський хотів з нев гуляти
І взяв її за рученьку та й став розмовляти

А як вийшов пан Каньовський з нової крамниці
Потискає Боднарівну за біленькі лиці

А Молода Боднарівна ще жартів не знала
Відвернула праву руку та й му в писок дала

А там були Старі Люди розмовляли стиха:
- Тікай-тікай Бондарівно наробила-с лиха

І тікала Боднарівна горами долами
За нев гнали два жовняри з новими шаблями

Як тікала Боднарівна скочила без фосу
Догнали ї'' два жовняри злапали за косу

Один злапав за рученьку притулив до себе
- Аби-с знала Боднарівно наш пан любить тебе -

Другий злапав Боднарівну за жовтії коси:
- Аж тепер ти Бондарівно погуляєш досить

- Як я маю з вашим паном Мед-горілку пити
То волію Молоденька в сирі'' землі гнити -

Як привели Боднарівну до нового ґанку
- Та й на тобі любий пане вже маєш коханку -

Відскочила Боднарівна під білу березу
І вистрілив пан Каньовський забив і доразу

Зараз сказав пан Каньовський капелію взяти
Щоб Молоді'' Боднарівні аж до гробу грати

- А ви дайте мої слуги до Бондара знати
Най приїде старий Боднар Доньку поховати -

Як приїхав старий Боднар та й почав плакати:
- Мав я лише одну Доньку й мушу поховати -

Як приїхав старий Боднар Сірими Волами
- Казав я ти Моя Доню не гуляй з панами

- Та на тобі старий Боднар штири сороківці
Будеш мати старий Боднар на похорон дівці -

Ой сів собі пан Каньовський ґанку на ґанку:
- Зараз мою будуть везти до гроба коханку -

А на тії Боднарівні чорні черевики
Куди везли Боднарівну - червоніли ріки

А то була коханочка а то була мила
Така була як в городі Червона Калина

А то була коханочка а то була гожа
Така була як в городі Червоная Рожа');
INSERT OR REPLACE INTO songs (id,title,subtitle,lang,country,period,year,source,notes,lyrics,tags_json,lang_locked,status,created_at,updated_at) VALUES ('pisniua_3382323','Ой, старосто','Українська народна пісня','uk','ukraine_before_1917',NULL,NULL,'аудіозапис',NULL,'Ой, старосто, старостику,
Об''їв бись си лікті,
Я цілий день на весіллі
На своєму вікті.

Ой, я піду на весілля,
На весіллю люди,
А хто ж мені на весіллі
Приятелем буде?

Ой, я піду на весілля
Та й на весіллечко,
Там ся буде веселити
Моє коханнєчко.

Ой, я піду на весілля
Та й си стану в кутчик,
Та я буду ся позирать,
З ким танцює любчик.

Ой, на ставу, на ставочку
Плавали качата.
Ходіт з нами танцювати,
Молоді дівчата.

Ой, дружка ся додружчила
Коло молодої,
Одну мала шалівочку,
Позбулася й тої.

Ой, ти не плач, молода,
Та най плаче дружка,
Вона би ся віддавала -
Не має женюшка.','["pisni.org.ua", "cat:kolomyyky", "Коломийки"]',1,'published',COALESCE((SELECT created_at FROM songs WHERE id='pisniua_3382323'), datetime('now')),datetime('now'));
INSERT OR REPLACE INTO songs_fts(song_id,title,lyrics) VALUES ('pisniua_3382323','Ой, старосто','Ой, старосто, старостику,
Об''їв бись си лікті,
Я цілий день на весіллі
На своєму вікті.

Ой, я піду на весілля,
На весіллю люди,
А хто ж мені на весіллі
Приятелем буде?

Ой, я піду на весілля
Та й на весіллечко,
Там ся буде веселити
Моє коханнєчко.

Ой, я піду на весілля
Та й си стану в кутчик,
Та я буду ся позирать,
З ким танцює любчик.

Ой, на ставу, на ставочку
Плавали качата.
Ходіт з нами танцювати,
Молоді дівчата.

Ой, дружка ся додружчила
Коло молодої,
Одну мала шалівочку,
Позбулася й тої.

Ой, ти не плач, молода,
Та най плаче дружка,
Вона би ся віддавала -
Не має женюшка.');
INSERT OR REPLACE INTO songs (id,title,subtitle,lang,country,period,year,source,notes,lyrics,tags_json,lang_locked,status,created_at,updated_at) VALUES ('pisniua_3382626','Віддала ня, моя мамо','Українська народна пісня','uk','ukraine_before_1917',NULL,NULL,'аудіозапис',NULL,'Віддала ня, моя мамо,
За Дунай, за Дунай,
А тепер си, моя мамо,
Подумай, подумай.

Віддала ня, моя мамо,
За ліс, за тростину,
Би я до тя не ходила
Часто у гостину.

А я буду ліс ломати,
Тростину палити,
І до тебе, моя мамо,
В гостину ходити.

Віддала ня, моя мамо,
Віддала, віддала,
Мені з того хісна мало,
Тілько твоя слава.','["pisni.org.ua", "cat:kolomyyky", "Коломийки"]',1,'published',COALESCE((SELECT created_at FROM songs WHERE id='pisniua_3382626'), datetime('now')),datetime('now'));
INSERT OR REPLACE INTO songs_fts(song_id,title,lyrics) VALUES ('pisniua_3382626','Віддала ня, моя мамо','Віддала ня, моя мамо,
За Дунай, за Дунай,
А тепер си, моя мамо,
Подумай, подумай.

Віддала ня, моя мамо,
За ліс, за тростину,
Би я до тя не ходила
Часто у гостину.

А я буду ліс ломати,
Тростину палити,
І до тебе, моя мамо,
В гостину ходити.

Віддала ня, моя мамо,
Віддала, віддала,
Мені з того хісна мало,
Тілько твоя слава.');
INSERT OR REPLACE INTO songs (id,title,subtitle,lang,country,period,year,source,notes,lyrics,tags_json,lang_locked,status,created_at,updated_at) VALUES ('pisniua_3381560','Швидко плинув час','Українська народна пісня','uk','ukraine_before_1917',NULL,NULL,'аудіозапис',NULL,'Швидко плинув час,
Рік за роком - і дорослі ми...
Сумно й весело та позаду
Вже шкільні роки...
Нас навчали, щоб прагнули
До знань і я, і ти...
Йти до мрій своїх,
Хоч бувають не легкі шляхи,
Хоч бувають не легкі шляхи,
Позаду вже шкільні роки...

Приспів:
Ми будемо пам''ятати шкільні роки!..   |
Наставникам ми завжди вдячні будем!.. |
У кожного в житті своя дорога         |
Та нашу школу не забудем!             | (2)

Легко не було
Тести та екзамени складать,
Та важливо так
Мрії і мету для себе мать.
Вдячності слова
Хочемо казати знов і знов
Нашим вчителям
За турботу і за їх любов!
За турботу і за їх любов,
Казати знов і знов!..

Приспів.','["pisni.org.ua", "cat:shkilni", "Пісні про школу"]',1,'published',COALESCE((SELECT created_at FROM songs WHERE id='pisniua_3381560'), datetime('now')),datetime('now'));
INSERT OR REPLACE INTO songs_fts(song_id,title,lyrics) VALUES ('pisniua_3381560','Швидко плинув час','Швидко плинув час,
Рік за роком - і дорослі ми...
Сумно й весело та позаду
Вже шкільні роки...
Нас навчали, щоб прагнули
До знань і я, і ти...
Йти до мрій своїх,
Хоч бувають не легкі шляхи,
Хоч бувають не легкі шляхи,
Позаду вже шкільні роки...

Приспів:
Ми будемо пам''ятати шкільні роки!..   |
Наставникам ми завжди вдячні будем!.. |
У кожного в житті своя дорога         |
Та нашу школу не забудем!             | (2)

Легко не було
Тести та екзамени складать,
Та важливо так
Мрії і мету для себе мать.
Вдячності слова
Хочемо казати знов і знов
Нашим вчителям
За турботу і за їх любов!
За турботу і за їх любов,
Казати знов і знов!..

Приспів.');
INSERT OR REPLACE INTO songs (id,title,subtitle,lang,country,period,year,source,notes,lyrics,tags_json,lang_locked,status,created_at,updated_at) VALUES ('pisniua_339727','Станьмо враз всі співать','Українська народна пісня','uk','ukraine_before_1917',NULL,NULL,NULL,NULL,'Станьмо враз всі співають, щоб Христа привітать.
Бо це Бог Істинний, за для нас зроджений.
З неба Він до нас прийшов, дав за нас тіло і кров,
Відкупив грішний світ, зник старий вже завіт.
Скоро тут поспішіть та Дитя звеселіть,
В труби враз загриміть, радісно гомоніть.
Радуйся Маріє! Ось чужі царіє.
Зі звіздою прийшли, щедрий дар принесли.
Золоту і смирну молодцеві Твоєму,
Як Цареві царів, володарю світів.
А тепер хай іде, бо пора вже пізня,
Цілий гурт пастирів у Вифлеєм Юдів
Заспівать прекрасно, весело-согласно.
Гриць нехай хор веде, а Луць басом гуде!
Василько дискантом, а Пилип знов альтом,
Никифор тенором - затягнуть під двором.
Прийшовши, заграйте, коляду віддайте,
Малеє Дитятко чей прийме ягнятко.
Як пізнав Гарасим, що це є Божий Син,
То на струнах заграв, як лиш міг, як лиш знав!
Кличте тут Микиту: хай візьме трембіту
Та почне трубити, Бог буде платити.
Марія пречиста, як зродила Христа
В жолобі зложила і Його повила.
Христос полюбив, нас к собі притулив,
Царство нам дарує, де Він сам царює.    мелодія','["pisni.org.ua", "cat:cerkovni", "Церковні пісні"]',1,'published',COALESCE((SELECT created_at FROM songs WHERE id='pisniua_339727'), datetime('now')),datetime('now'));
INSERT OR REPLACE INTO songs_fts(song_id,title,lyrics) VALUES ('pisniua_339727','Станьмо враз всі співать','Станьмо враз всі співають, щоб Христа привітать.
Бо це Бог Істинний, за для нас зроджений.
З неба Він до нас прийшов, дав за нас тіло і кров,
Відкупив грішний світ, зник старий вже завіт.
Скоро тут поспішіть та Дитя звеселіть,
В труби враз загриміть, радісно гомоніть.
Радуйся Маріє! Ось чужі царіє.
Зі звіздою прийшли, щедрий дар принесли.
Золоту і смирну молодцеві Твоєму,
Як Цареві царів, володарю світів.
А тепер хай іде, бо пора вже пізня,
Цілий гурт пастирів у Вифлеєм Юдів
Заспівать прекрасно, весело-согласно.
Гриць нехай хор веде, а Луць басом гуде!
Василько дискантом, а Пилип знов альтом,
Никифор тенором - затягнуть під двором.
Прийшовши, заграйте, коляду віддайте,
Малеє Дитятко чей прийме ягнятко.
Як пізнав Гарасим, що це є Божий Син,
То на струнах заграв, як лиш міг, як лиш знав!
Кличте тут Микиту: хай візьме трембіту
Та почне трубити, Бог буде платити.
Марія пречиста, як зродила Христа
В жолобі зложила і Його повила.
Христос полюбив, нас к собі притулив,
Царство нам дарує, де Він сам царює.    мелодія');
INSERT OR REPLACE INTO songs (id,title,subtitle,lang,country,period,year,source,notes,lyrics,tags_json,lang_locked,status,created_at,updated_at) VALUES ('pisniua_338663','Стояла Маринка на Межі','Українська народна пісня','uk','ukraine_before_1917',NULL,NULL,'1. Староукраїнські релігійні роздуми про Бога © Видавництво "Павутинонька", Нью Йорк – Львів – Київ – Харків – Москва, 2004 2. Купальські пісні. Українські народні пісні. Пісенник. Упорядник О. Ю Чебанюк. - К.: Музична Україна, 1989. - 196 с.','Пісня-Гра. Пара - любощі: Межа-Дорога. Червонії Черевички. Вибір Пари. Астральні Заручини — Українське містичне Весілля: Різдво Світа / Купала. Еротика, жарти, забави: Катерини –... Гаїлки-Великдень... Зелені Свята... Івана Купала... Весілля... – Щедровечірнє й Новорічне: Маланки-Василь. Коза. Кіт... –... Рай розвився Господь звеселився. Івана Купала тай в Воду упала. Зрадувалось Серденько в Дорозі. Мене Молодого не забувай. Були Світилки Яснії Зірки. Листки з приводу цієї Пісні: Українські релігійні роздуми про Бога. Про Свято Івана Купала Стежки до листків про Українські традиції.','Стояла Маринка на межі,
Зрадувалось серденько в дорозі.

Да стояла Маринка на межі,
Червонії черевички на нозі.

Червонії черевички на нозі,
Що купив їй Василько на торзі.

Носи, носи, Маринко, здорова,
Не скажу я тобі ані слова.

Носи, носи, Маринко, не скидай,
Білих своїх ніжечок не покаляй!

Носи, носи, Маринко, не скидай,
Мене, молодого, не забувай!','["pisni.org.ua", "cat:kupalski", "Купальські пісні"]',1,'published',COALESCE((SELECT created_at FROM songs WHERE id='pisniua_338663'), datetime('now')),datetime('now'));
INSERT OR REPLACE INTO songs_fts(song_id,title,lyrics) VALUES ('pisniua_338663','Стояла Маринка на Межі','Стояла Маринка на межі,
Зрадувалось серденько в дорозі.

Да стояла Маринка на межі,
Червонії черевички на нозі.

Червонії черевички на нозі,
Що купив їй Василько на торзі.

Носи, носи, Маринко, здорова,
Не скажу я тобі ані слова.

Носи, носи, Маринко, не скидай,
Білих своїх ніжечок не покаляй!

Носи, носи, Маринко, не скидай,
Мене, молодого, не забувай!');
INSERT OR REPLACE INTO songs (id,title,subtitle,lang,country,period,year,source,notes,lyrics,tags_json,lang_locked,status,created_at,updated_at) VALUES ('pisniua_338828','А в Розкошівці Дощі ідуть','Українська народна пісня','uk','ukraine_before_1917',NULL,NULL,'1. Староукраїнські релігійні роздуми про Бога © Видавництво "Павутинонька", Нью Йорк – Львів – Київ – Харків – Москва, 2004 2. Купальські пісні. Українські народні пісні. Пісенник. Упорядник О. Ю Чебанюк. - К.: Музична Україна, 1989. - 196 с.','Пара - любощі: Розкошівка - Страж-город. Річка-Дощ. Вибір Пари. Астральні Заручини — Українське містичне Весілля: Різдво Світа / Купала. Еротика, жарти, забави: Катерини – Калета – Андрія... Гаїлки-Великдень... Зелені Свята... Івана Купала... Весілля... – Щедровечірнє й Новорічне: Маланки-Василь. Коза. Кіт... – Мед і Ябка... Рай розвився Господь звеселився. Івана Купала тай в Воду упала. А в Страж-городі Річки бринуть. Були Світилки Яснії Зірки. Рушнички крає Старостам дає. Листки з приводу цієї Пісні: Українська Астрально-мітольоґічна реліґійна концепція. Українські релігійні роздуми про Бога. Про Свято Івана Купала Стежки до листків про Українські традиції.','А в Розкошівці Дощі ідуть
А в Страж-городі Річки бринуть
Якби бриніли то бриніли
А до Явдоні просто сіли

Рушнички крає Старостам дає
Тому Михайлі з Торочками
Тому Михайлі з Торочками
Не гуляй далі з Дівочками!','["pisni.org.ua", "cat:kupalski", "Купальські пісні"]',1,'published',COALESCE((SELECT created_at FROM songs WHERE id='pisniua_338828'), datetime('now')),datetime('now'));
INSERT OR REPLACE INTO songs_fts(song_id,title,lyrics) VALUES ('pisniua_338828','А в Розкошівці Дощі ідуть','А в Розкошівці Дощі ідуть
А в Страж-городі Річки бринуть
Якби бриніли то бриніли
А до Явдоні просто сіли

Рушнички крає Старостам дає
Тому Михайлі з Торочками
Тому Михайлі з Торочками
Не гуляй далі з Дівочками!');
INSERT OR REPLACE INTO songs (id,title,subtitle,lang,country,period,year,source,notes,lyrics,tags_json,lang_locked,status,created_at,updated_at) VALUES ('pisniua_3375261','Там у лісі зелені смереки',NULL,'uk','ukr_ssr_1919_1991',NULL,NULL,'аудіозапис','Місце побутування: смт Запитів, Кам''янка-Бузький район, Львівська область. Респондент: Максимишин Марія Олексіївна. Збирачі: Вовчак Андрій, Мартиник Соломія.','Там у лісі зелені смереки
І стоять віковічні дуби,
Тихим сном сплять молоді повстанці,
Тільки місяць їм світить згори.

Вони сплять і солодкий сон сниться,
Що з коханими йдуть під вінцем,
А тим часом вороги крадуться,
Окружають залізним кільцем.

Сниться, що тихо музика грає,
Що співають весільних пісень -
То вороги в них кулі пускають,
І над лісом витає вже день.

І схопились повстанці на ноги,
І до бою взялися вони,
Тільки сили були в них не рівні,
І усі в тім бою полягли.

А вмираючи хлопці сказали
Дорогі і прощальні слова:
Ми вмираєм за нашу Вкраїну,
Щоби вільною була вона!','["pisni.org.ua", "cat:povstanski", "Повстанські пісні"]',1,'published',COALESCE((SELECT created_at FROM songs WHERE id='pisniua_3375261'), datetime('now')),datetime('now'));
INSERT OR REPLACE INTO songs_fts(song_id,title,lyrics) VALUES ('pisniua_3375261','Там у лісі зелені смереки','Там у лісі зелені смереки
І стоять віковічні дуби,
Тихим сном сплять молоді повстанці,
Тільки місяць їм світить згори.

Вони сплять і солодкий сон сниться,
Що з коханими йдуть під вінцем,
А тим часом вороги крадуться,
Окружають залізним кільцем.

Сниться, що тихо музика грає,
Що співають весільних пісень -
То вороги в них кулі пускають,
І над лісом витає вже день.

І схопились повстанці на ноги,
І до бою взялися вони,
Тільки сили були в них не рівні,
І усі в тім бою полягли.

А вмираючи хлопці сказали
Дорогі і прощальні слова:
Ми вмираєм за нашу Вкраїну,
Щоби вільною була вона!');
INSERT OR REPLACE INTO songs (id,title,subtitle,lang,country,period,year,source,notes,lyrics,tags_json,lang_locked,status,created_at,updated_at) VALUES ('pisniua_3385467','Новий рік','Музика: Леся Горова Слова: Леся Горова','uk','ukraine_1991',NULL,NULL,'аудіозапис',NULL,'Годинник старий на каміні
Вже б''є дванадцятий раз,
Під звуки ці старовинні
Рік Новий приходить до нас.
Він пахне повітрям морозним,
Легенда одвічна у нім
З Снігуркою і Дідом Морозом
Приходить в кожен дім!

Приспів:
Новий Рік, Новий Рік!
Він кружляє в повітрі над нами!
Новий Рік, Новий Рік!
Заметілі, мороз, білий сніг!
Новий Рік, Новий Рік!
Нові радості, мрії, печалі!
Хай щасливим для всіх |
Буде цей Новий Рік!   | (2)

Нехай кожен з нас пригадає
Всі радощі, болі, жалі,
Бо їх рік старий забирає
Навіки в обійми свої!
І навіть в останні хвилини
Назад вже нема вороття,
Хоч важко з минулим прощатись
Попереду - нове життя!

Приспів.','["pisni.org.ua", "cat:new-year", "Пісні про Новий Рік"]',1,'published',COALESCE((SELECT created_at FROM songs WHERE id='pisniua_3385467'), datetime('now')),datetime('now'));
INSERT OR REPLACE INTO songs_fts(song_id,title,lyrics) VALUES ('pisniua_3385467','Новий рік','Годинник старий на каміні
Вже б''є дванадцятий раз,
Під звуки ці старовинні
Рік Новий приходить до нас.
Він пахне повітрям морозним,
Легенда одвічна у нім
З Снігуркою і Дідом Морозом
Приходить в кожен дім!

Приспів:
Новий Рік, Новий Рік!
Він кружляє в повітрі над нами!
Новий Рік, Новий Рік!
Заметілі, мороз, білий сніг!
Новий Рік, Новий Рік!
Нові радості, мрії, печалі!
Хай щасливим для всіх |
Буде цей Новий Рік!   | (2)

Нехай кожен з нас пригадає
Всі радощі, болі, жалі,
Бо їх рік старий забирає
Навіки в обійми свої!
І навіть в останні хвилини
Назад вже нема вороття,
Хоч важко з минулим прощатись
Попереду - нове життя!

Приспів.');
INSERT OR REPLACE INTO song_links (id,song_id,title,url,kind,version_id,sort_order) VALUES ('pisniua_3385467_l1','pisniua_3385467','YouTube','https://www.youtube.com/watch?v=9ZFuk9D_gmk','video',NULL,1);
INSERT OR REPLACE INTO songs (id,title,subtitle,lang,country,period,year,source,notes,lyrics,tags_json,lang_locked,status,created_at,updated_at) VALUES ('pisniua_3392962','Гори','Музика: Вадим Алхутов Слова: Альона Савраненко (alyona alyona), KALUSH','uk','ukraine_1991',NULL,NULL,'аудіозапис','Пісню виконують гурт KALUSH feat. alyona alyona.','За мною гори! Яке там горе?          |
Закриті штори, там не гудять мотори! | (4)

Землі мої, там між водами тягнеться ліс,
Шкіра моя біла, та змалечку я, як і всі,
З''їла чорную жменю землі. Тече по судинах,
Я - просто людина серед мільйонів людей,
Я просто живу і вдихаю повітря,
І прагну, щоб зранку настав новий день!
Там, між горами є квіти, що не зірвані ніким,
Їх не топчуть ногами, вони там віки,
А ми тут і ми стирали свої кроси об бетон,
На алеях дірки тут, а не зірки!
Ми шукали щось цілющого прикласти нам до ран,
Адже поруч є все, то чому ж так болить?
Хмари знову заблукали у засніжених горах,
Прагнуть спокою всі, ми змогли, і вони змогли!

За мною гори! Яке там горе?          |
Закриті штори, там не гудять мотори! | (2)

Це не передати антипатій,
Ніби не минати ти й не мав,
Перейди на берег, ми не будемо судити,
Хто це робота, так і марить,
Світ ціпотить, тік дійсно палим,
В свому світі ми не ніби Майлі Бе,
Щоби перепало не казатиму я мало,
Це життя, що мені дано, одне розуміти вверх,
Лід тав, мій інтерес тут не впав,
Щоби ми не мали все питання виникали,
Це емпірика надалі. Вийде так:
Тут ти пан, або ти пропав
Ти б не впав, ти був у мілинах.
Стільки було калу, нові шишки набивали,
Далі ми не впадем, адже ми за горами!

Музика не та, ми літали там,         |
Гени та мета, манекени там,          |
Музика, гей! Музика не та,           |
Ми літали там, гени та мета,         |
Манекени там! Музика!                | (2)','["pisni.org.ua", "cat:krasa-pryrody", "Пісні про красу природи"]',1,'published',COALESCE((SELECT created_at FROM songs WHERE id='pisniua_3392962'), datetime('now')),datetime('now'));
INSERT OR REPLACE INTO songs_fts(song_id,title,lyrics) VALUES ('pisniua_3392962','Гори','За мною гори! Яке там горе?          |
Закриті штори, там не гудять мотори! | (4)

Землі мої, там між водами тягнеться ліс,
Шкіра моя біла, та змалечку я, як і всі,
З''їла чорную жменю землі. Тече по судинах,
Я - просто людина серед мільйонів людей,
Я просто живу і вдихаю повітря,
І прагну, щоб зранку настав новий день!
Там, між горами є квіти, що не зірвані ніким,
Їх не топчуть ногами, вони там віки,
А ми тут і ми стирали свої кроси об бетон,
На алеях дірки тут, а не зірки!
Ми шукали щось цілющого прикласти нам до ран,
Адже поруч є все, то чому ж так болить?
Хмари знову заблукали у засніжених горах,
Прагнуть спокою всі, ми змогли, і вони змогли!

За мною гори! Яке там горе?          |
Закриті штори, там не гудять мотори! | (2)

Це не передати антипатій,
Ніби не минати ти й не мав,
Перейди на берег, ми не будемо судити,
Хто це робота, так і марить,
Світ ціпотить, тік дійсно палим,
В свому світі ми не ніби Майлі Бе,
Щоби перепало не казатиму я мало,
Це життя, що мені дано, одне розуміти вверх,
Лід тав, мій інтерес тут не впав,
Щоби ми не мали все питання виникали,
Це емпірика надалі. Вийде так:
Тут ти пан, або ти пропав
Ти б не впав, ти був у мілинах.
Стільки було калу, нові шишки набивали,
Далі ми не впадем, адже ми за горами!

Музика не та, ми літали там,         |
Гени та мета, манекени там,          |
Музика, гей! Музика не та,           |
Ми літали там, гени та мета,         |
Манекени там! Музика!                | (2)');
INSERT OR REPLACE INTO song_links (id,song_id,title,url,kind,version_id,sort_order) VALUES ('pisniua_3392962_l1','pisniua_3392962','YouTube','https://www.youtube.com/watch?v=tXJ2-PgeLVg','video',NULL,1);
INSERT OR REPLACE INTO songs (id,title,subtitle,lang,country,period,year,source,notes,lyrics,tags_json,lang_locked,status,created_at,updated_at) VALUES ('pisniua_338962','Помагайбі Миколо куди йдеш','Українська народна пісня','uk','ukraine_before_1917',NULL,NULL,'1. Староукраїнські релігійні роздуми про Бога © Видавництво "Павутинонька", Нью Йорк – Львів – Київ – Харків – Москва, 2004 2. Купальські пісні. Українські народні пісні. Пісенник. Упорядник О. Ю Чебанюк. - К.: Музична Україна, 1989. - 196 с.','Пара - любощі: Жнива. Вода-Пшениченька. Вибір Пари. Астральні Заручини — Українське містичне Весілля: Різдво Світа / Купала. Еротика, жарти, забави: Катерини – Калета – Андрія... Гаїлки-Великдень... Зелені Свята... Івана Купала... Весілля... – Щедровечірнє й Новорічне: Маланки-Василь. Коза. Кіт... – Мед і Ябка... Рай розвився Господь звеселився. Івана Купала тай в Воду упала. Де ж Твоя Пшениченька що Ти жнеш. Буде з цеї Пшениченьки Коровай. Буду жати з Миколою Молоденьким. Ой дай Дана межи Туденьками Ой на Горі Буйний Вітер віє Ой ходила та Маруся по Полю Ой що то іде Селом Cелом Помагайбі Миколо куди йдеш Що на Петра Хліб пекла а на Йвана вибирала Були Світилки Яснії Зірки. Листки з приводу цієї Пісні: Українська Астрально-мітольоґічна реліґійна концепція. Українські релігійні роздуми про Бога. Про Свято Івана Купала Стежки до листків про Українські традиції.','Помагайбі Миколо куди йдеш
Де ж Твоя Пшениченька що Ти жнеш

За Гаєм Дівчата за Водою
Буду жати з Ганнусею Молодою

Помагайбі Ганнусю куди йдеш
Де ж Твоя Пшениченька що Ти жнеш

За Гаєм Дівчата Зелененьким
Буду жати з Миколою Молоденьким','["pisni.org.ua", "cat:kupalski", "Купальські пісні"]',1,'published',COALESCE((SELECT created_at FROM songs WHERE id='pisniua_338962'), datetime('now')),datetime('now'));
INSERT OR REPLACE INTO songs_fts(song_id,title,lyrics) VALUES ('pisniua_338962','Помагайбі Миколо куди йдеш','Помагайбі Миколо куди йдеш
Де ж Твоя Пшениченька що Ти жнеш

За Гаєм Дівчата за Водою
Буду жати з Ганнусею Молодою

Помагайбі Ганнусю куди йдеш
Де ж Твоя Пшениченька що Ти жнеш

За Гаєм Дівчата Зелененьким
Буду жати з Миколою Молоденьким');
INSERT OR REPLACE INTO songs (id,title,subtitle,lang,country,period,year,source,notes,lyrics,tags_json,lang_locked,status,created_at,updated_at) VALUES ('pisniua_3400467','З мертвих встав Спаситель нині',NULL,'uk','ukraine_1991',NULL,NULL,'аудіозапис',NULL,'З мертвих встав Спаситель нині,
Що за нас життя віддав.
Опустіла домовина,
Він воскрес, як і сказав.

Приспів:
Ми хвалу Христу співаймо,
Воскресіння прославляймо.
Алілуя! Алілуя! Алілуя!
Алілуя!

Не страшні вже смерті пута,
Бо Він смертю смерть здолав.
Пекло простелив під ноги,
Царем всесвіту Він став.

Приспів.

Веселись, Царице неба,
Бо живий уже Син Твій.
Шляхом праведним до Царства
Поведе Христос люд свій!

Приспів.','["pisni.org.ua", "cat:voskresni", "Воскресні пісні"]',1,'published',COALESCE((SELECT created_at FROM songs WHERE id='pisniua_3400467'), datetime('now')),datetime('now'));
INSERT OR REPLACE INTO songs_fts(song_id,title,lyrics) VALUES ('pisniua_3400467','З мертвих встав Спаситель нині','З мертвих встав Спаситель нині,
Що за нас життя віддав.
Опустіла домовина,
Він воскрес, як і сказав.

Приспів:
Ми хвалу Христу співаймо,
Воскресіння прославляймо.
Алілуя! Алілуя! Алілуя!
Алілуя!

Не страшні вже смерті пута,
Бо Він смертю смерть здолав.
Пекло простелив під ноги,
Царем всесвіту Він став.

Приспів.

Веселись, Царице неба,
Бо живий уже Син Твій.
Шляхом праведним до Царства
Поведе Христос люд свій!

Приспів.');
INSERT OR REPLACE INTO songs (id,title,subtitle,lang,country,period,year,source,notes,lyrics,tags_json,lang_locked,status,created_at,updated_at) VALUES ('pisniua_3397626','Благословенна Діво',NULL,'uk','ukraine_1991',NULL,NULL,'аудіозапис',NULL,'Серед всіх жінок на світі
Бог Тебе вибрав для себе,
На землі, щоб навіки сяяло
Боже світло - Твій Син!

Приспів:
Благословенна Діво над дівами,
О, Богородице,
З усіх матерів вибрана.
Матір Христова і Матір людей,
Дай нам Твого Сина,
Дай нам Твого Сина!

Як джерело чистої води,
Плине ласка на Тебе,
Через Тебе Бог нам дав Спаса,
Бо Тебе полюбив.

Приспів.

В Твоїм серці нема перешкоди,
Бо любов в ньому квітне,
Любов Божа здійснила,
Що в Тобі чудо втілення сталось.

Приспів.

І весь всесвіт вдивляється
В Тебе, Твого славлячи Сина.
Завдяки Тобі, серед народу
Оселився сам Бог.

Приспів.

Разом з нами мандруєш по світу,
В серцях будиш надію.
Серед болю і сліз - Ти нам Матір,
Твого Сина нам дай!

Приспів.','["pisni.org.ua", "cat:do-bohorodyci", "Пісні до Богородиці"]',1,'published',COALESCE((SELECT created_at FROM songs WHERE id='pisniua_3397626'), datetime('now')),datetime('now'));
INSERT OR REPLACE INTO songs_fts(song_id,title,lyrics) VALUES ('pisniua_3397626','Благословенна Діво','Серед всіх жінок на світі
Бог Тебе вибрав для себе,
На землі, щоб навіки сяяло
Боже світло - Твій Син!

Приспів:
Благословенна Діво над дівами,
О, Богородице,
З усіх матерів вибрана.
Матір Христова і Матір людей,
Дай нам Твого Сина,
Дай нам Твого Сина!

Як джерело чистої води,
Плине ласка на Тебе,
Через Тебе Бог нам дав Спаса,
Бо Тебе полюбив.

Приспів.

В Твоїм серці нема перешкоди,
Бо любов в ньому квітне,
Любов Божа здійснила,
Що в Тобі чудо втілення сталось.

Приспів.

І весь всесвіт вдивляється
В Тебе, Твого славлячи Сина.
Завдяки Тобі, серед народу
Оселився сам Бог.

Приспів.

Разом з нами мандруєш по світу,
В серцях будиш надію.
Серед болю і сліз - Ти нам Матір,
Твого Сина нам дай!

Приспів.');
INSERT OR REPLACE INTO songs (id,title,subtitle,lang,country,period,year,source,notes,lyrics,tags_json,lang_locked,status,created_at,updated_at) VALUES ('pisniua_339121','Ой Мала Нічка Петрівочка','Українська народна пісня','uk','ukraine_before_1917',NULL,NULL,'1. Купальські пісні. Українські народні пісні. Пісенник. Упорядник О. Ю Чебанюк. - К.: Музична Україна, 1989. - 196 с.',NULL,'Ой, Мала Нічка Петрівочка,
Не виспалась Невісточка.

Ішла по Воду, дрімаючи,
На Пеньки ноги збиваючи.

На Пеньки ноги позбивала,
На Терен очі повиймала.

На Терен очі повиймала,
В Криницю Відра повпускала.

В Криницю Відра повпускала,
Невістка Ночі недоспала.

Відміна:
Ой, мала нічка-петрівочка,
Не виспалась наша Галочка.

Ой, там Ганнуся рано встала,
Свої слідочки замітала.

Свої слідочки замітала,
Та щоб матінка не пізнала.

А що до неї Василь ходить,
А що він її з ума зводить.

Ой, не зводь дівку із розума,
Вона не буде твоя жона!    Голос 1','["pisni.org.ua", "cat:kupalski", "Купальські пісні"]',1,'published',COALESCE((SELECT created_at FROM songs WHERE id='pisniua_339121'), datetime('now')),datetime('now'));
INSERT OR REPLACE INTO songs_fts(song_id,title,lyrics) VALUES ('pisniua_339121','Ой Мала Нічка Петрівочка','Ой, Мала Нічка Петрівочка,
Не виспалась Невісточка.

Ішла по Воду, дрімаючи,
На Пеньки ноги збиваючи.

На Пеньки ноги позбивала,
На Терен очі повиймала.

На Терен очі повиймала,
В Криницю Відра повпускала.

В Криницю Відра повпускала,
Невістка Ночі недоспала.

Відміна:
Ой, мала нічка-петрівочка,
Не виспалась наша Галочка.

Ой, там Ганнуся рано встала,
Свої слідочки замітала.

Свої слідочки замітала,
Та щоб матінка не пізнала.

А що до неї Василь ходить,
А що він її з ума зводить.

Ой, не зводь дівку із розума,
Вона не буде твоя жона!    Голос 1');
INSERT OR REPLACE INTO songs (id,title,subtitle,lang,country,period,year,source,notes,lyrics,tags_json,lang_locked,status,created_at,updated_at) VALUES ('pisniua_3389065','Ой, косарики сіно косять','Українська народна пісня','uk','ukraine_before_1917',NULL,NULL,'аудіозапис',NULL,'Ой, косарики, ой, да сіно косять,
Аж кривавий піт з їх ллється.

Аж кривавий піт з їх ллється,
Ой, лежить чумак в холодку під возом
Та й з косариків сміється.

Та й з косариків сміється,
Ой, не смійсь, не смійсь,
Превражий чумаче!
За сміх тобі горе буде.

За сміх тобі горе буде:
Ой, прийде зима, лютії морози -
Нічим воли годувати.

Нічим воли годувати.
Ой, бере чумак налигач під полу
Та йде сіна купувати.

Та йде сіна купувати:
Ой, продай, дядьку,
Ой, да рідний батьку,
Продай сіна хоч із в''язку.

Продай сіна хоч із в''язку.
Ой, чи хоч сіна, ой, чи хоч соломи,
Бо й вижену воли з двору.','["pisni.org.ua", "cat:chumacki", "Чумацькі пісні"]',1,'published',COALESCE((SELECT created_at FROM songs WHERE id='pisniua_3389065'), datetime('now')),datetime('now'));
INSERT OR REPLACE INTO songs_fts(song_id,title,lyrics) VALUES ('pisniua_3389065','Ой, косарики сіно косять','Ой, косарики, ой, да сіно косять,
Аж кривавий піт з їх ллється.

Аж кривавий піт з їх ллється,
Ой, лежить чумак в холодку під возом
Та й з косариків сміється.

Та й з косариків сміється,
Ой, не смійсь, не смійсь,
Превражий чумаче!
За сміх тобі горе буде.

За сміх тобі горе буде:
Ой, прийде зима, лютії морози -
Нічим воли годувати.

Нічим воли годувати.
Ой, бере чумак налигач під полу
Та йде сіна купувати.

Та йде сіна купувати:
Ой, продай, дядьку,
Ой, да рідний батьку,
Продай сіна хоч із в''язку.

Продай сіна хоч із в''язку.
Ой, чи хоч сіна, ой, чи хоч соломи,
Бо й вижену воли з двору.');
INSERT OR REPLACE INTO song_links (id,song_id,title,url,kind,version_id,sort_order) VALUES ('pisniua_3389065_l1','pisniua_3389065','YouTube','https://www.youtube.com/watch?v=2-1ld7Z50V4','video',NULL,1);
INSERT OR REPLACE INTO songs (id,title,subtitle,lang,country,period,year,source,notes,lyrics,tags_json,lang_locked,status,created_at,updated_at) VALUES ('pisniua_3398364','Міріам',NULL,'uk','ukraine_1991',NULL,NULL,'аудіозапис',NULL,'Маріє, Ти є брамою неба,
Моїм небом є Твій Син.
Прагну, прагну, прийми до лона,
Щоб світлом Ісуса засяяв, як Ти!

Приспів:
Молись, Маріє,
Щоби в мені жив Син Твій!
Помолись, щоб жив в мені Ісус!
Там, де Ти є, Святий Дух сходить,
Там, де Ти є, небо на землі!

Як помер би, стрінув спочинок,
Як помер би, Ісус би жив в мені!
Прискори, прискори мою смерть,
Хочу вмерти, щоби жить!

Приспів.','["pisni.org.ua", "cat:do-bohorodyci", "Пісні до Богородиці"]',1,'published',COALESCE((SELECT created_at FROM songs WHERE id='pisniua_3398364'), datetime('now')),datetime('now'));
INSERT OR REPLACE INTO songs_fts(song_id,title,lyrics) VALUES ('pisniua_3398364','Міріам','Маріє, Ти є брамою неба,
Моїм небом є Твій Син.
Прагну, прагну, прийми до лона,
Щоб світлом Ісуса засяяв, як Ти!

Приспів:
Молись, Маріє,
Щоби в мені жив Син Твій!
Помолись, щоб жив в мені Ісус!
Там, де Ти є, Святий Дух сходить,
Там, де Ти є, небо на землі!

Як помер би, стрінув спочинок,
Як помер би, Ісус би жив в мені!
Прискори, прискори мою смерть,
Хочу вмерти, щоби жить!

Приспів.');
INSERT OR REPLACE INTO songs (id,title,subtitle,lang,country,period,year,source,notes,lyrics,tags_json,lang_locked,status,created_at,updated_at) VALUES ('pisniua_3400020','Ave Maria, gratia plena',NULL,'uk','ukraine_1991',NULL,NULL,'аудіозапис',NULL,'Ave Marіa, gratіa plena, -
Так привітав ангел Діву Марію,
Веління Боже він Їй приніс.

Благословенна, Дитя породиш,
Небо і землю щасливими зробиш,
Матірю Спаса вибрана Ти.

Ангел, скажи, як стане зі мною,
Адже я чиста стою пред тобою,
Не знаю мужа, в світі одна.

Зійде Святий Дух на лоно Твоє,
Так, як роса життя квітам дає.
Народиш Бога в лоні своїм.

Чує Марія Бога бажання,
Каже: Раба я смиренна Господня,
Хай мені буде, як скажеш Ти.

Нині ми славим Бога во вишніх,
Що пожалів нас убогих і грішних,
У жертву Сина за нас віддав.','["pisni.org.ua", "cat:do-bohorodyci", "Пісні до Богородиці"]',1,'published',COALESCE((SELECT created_at FROM songs WHERE id='pisniua_3400020'), datetime('now')),datetime('now'));
INSERT OR REPLACE INTO songs_fts(song_id,title,lyrics) VALUES ('pisniua_3400020','Ave Maria, gratia plena','Ave Marіa, gratіa plena, -
Так привітав ангел Діву Марію,
Веління Боже він Їй приніс.

Благословенна, Дитя породиш,
Небо і землю щасливими зробиш,
Матірю Спаса вибрана Ти.

Ангел, скажи, як стане зі мною,
Адже я чиста стою пред тобою,
Не знаю мужа, в світі одна.

Зійде Святий Дух на лоно Твоє,
Так, як роса життя квітам дає.
Народиш Бога в лоні своїм.

Чує Марія Бога бажання,
Каже: Раба я смиренна Господня,
Хай мені буде, як скажеш Ти.

Нині ми славим Бога во вишніх,
Що пожалів нас убогих і грішних,
У жертву Сина за нас віддав.');
INSERT OR REPLACE INTO songs (id,title,subtitle,lang,country,period,year,source,notes,lyrics,tags_json,lang_locked,status,created_at,updated_at) VALUES ('pisniua_3406626','Шкільні роки нам не забуть','Музика: Наталія Солдаєва Слова: Володимир Карагодін','uk','ukraine_1991',NULL,NULL,'https://youtu.be/mKuXElMDQ90','https://youtu.be/mKuXElMDQ90','Ось і все, ми зробили цей крок,
Зачинились для нас двері школи...
Та останній, як перший дзвінок,
Ми не зможем забути ніколи...
І обличчя весело-сумні,
Час з дитинством щасливим прощання...
Це надії цвіли навесні,
І любов, ніби перша й остання...  | (2)

Приспів:
Хай вітер юний знов п''янить,
Світанок піснею горить,
Хай в серці мрії оживуть,
Хай у душі зірки цвітуть!..
Шкільні роки нам не забуть!..     | (4)

Світлі, мудрі слова вчителів,
Як життя незабутні уроки,
І пісні тих шкільних вечорів,
Вірних друзів замріяні кроки...
Зрілі книги, як перший буквар,
Біля дошки хвилини тривожні,
І сердець невгамовний жар
Стерти навіть роки неспроможні... | (2)

Приспів.','["pisni.org.ua", "cat:nostalgia", "cat:shkilni", "Пісні з ностальгічними мотивами", "Пісні про школу"]',1,'published',COALESCE((SELECT created_at FROM songs WHERE id='pisniua_3406626'), datetime('now')),datetime('now'));
INSERT OR REPLACE INTO songs_fts(song_id,title,lyrics) VALUES ('pisniua_3406626','Шкільні роки нам не забуть','Ось і все, ми зробили цей крок,
Зачинились для нас двері школи...
Та останній, як перший дзвінок,
Ми не зможем забути ніколи...
І обличчя весело-сумні,
Час з дитинством щасливим прощання...
Це надії цвіли навесні,
І любов, ніби перша й остання...  | (2)

Приспів:
Хай вітер юний знов п''янить,
Світанок піснею горить,
Хай в серці мрії оживуть,
Хай у душі зірки цвітуть!..
Шкільні роки нам не забуть!..     | (4)

Світлі, мудрі слова вчителів,
Як життя незабутні уроки,
І пісні тих шкільних вечорів,
Вірних друзів замріяні кроки...
Зрілі книги, як перший буквар,
Біля дошки хвилини тривожні,
І сердець невгамовний жар
Стерти навіть роки неспроможні... | (2)

Приспів.');
INSERT OR REPLACE INTO songs (id,title,subtitle,lang,country,period,year,source,notes,lyrics,tags_json,lang_locked,status,created_at,updated_at) VALUES ('pisniua_340020','Там на річці на Йордані...','Слова: Антін Лотоцький','uk','ukraine_before_1917',NULL,NULL,'Христу рождесному полонімся. Видавництво "Лелека"',NULL,'Там на річці на йордані
Там Господь Христос хрестився,
З рук хрестителя Івана
У святій водичці вмився.

Розійшлися Апостоли
Ген за гори, ген за води,
Голосили Боже слово
І хрестили всі народи...

Де є віра в Боже слово,
Де любов є до Вітчизни -
Всіх Йордан - вода обновить,
Всіх Йордан - вода очистить!','["pisni.org.ua", "cat:dytyachi", "cat:shchedrivky", "Дитячі пісні", "Щедрівки"]',1,'published',COALESCE((SELECT created_at FROM songs WHERE id='pisniua_340020'), datetime('now')),datetime('now'));
INSERT OR REPLACE INTO songs_fts(song_id,title,lyrics) VALUES ('pisniua_340020','Там на річці на Йордані...','Там на річці на йордані
Там Господь Христос хрестився,
З рук хрестителя Івана
У святій водичці вмився.

Розійшлися Апостоли
Ген за гори, ген за води,
Голосили Боже слово
І хрестили всі народи...

Де є віра в Боже слово,
Де любов є до Вітчизни -
Всіх Йордан - вода обновить,
Всіх Йордан - вода очистить!');
INSERT OR REPLACE INTO songs (id,title,subtitle,lang,country,period,year,source,notes,lyrics,tags_json,lang_locked,status,created_at,updated_at) VALUES ('pisniua_3403766','Новорічна!','Музика: Руслан Білишко Слова: Ю. Шевченко','uk','ukraine_1991',NULL,NULL,'аудіозапис',NULL,'Від святого Миколая
Українці всі гуляють,
Коли ж скінчиться зима,
Бо здоров''я вже нема!?!

І українці, українці,
Що й казати,
Дуже гарно вміють
На свята гуляти:
До горілочки ще й сало,
Щоб душа завжди співала!
А як гості, а як гості
Завітають - защедрують,
Гарну пісню заспівають -
То і зараз, і повік
Буде вдалий Новий рік!

Приспів:
Щоб ваш дім повна чаша,
Щоб раділа душа ваша
На зимовії святки
Погуляєм залюбки!
На зимовії святки
Погуляєм залюбки!

Завітає, завітає вся родина
І одразу закружля п''янка чарчина,
Тости дзвінко, щедро ллються,
Гості весело сміються!
Щедрий дід Мороз усі-усі бажання
Виконає, виконає до світання,
Ви на мрію не скупіться
І до ранку веселіться!

Приспів.

Новий рік! Різдво! Кутя!
Наче в медові життя!
До Меланки й Василя
Все кругом засія!
До Меланки й Василя
Все кругом засія!

Приспів.','["pisni.org.ua", "cat:new-year", "Пісні про Новий Рік"]',1,'published',COALESCE((SELECT created_at FROM songs WHERE id='pisniua_3403766'), datetime('now')),datetime('now'));
INSERT OR REPLACE INTO songs_fts(song_id,title,lyrics) VALUES ('pisniua_3403766','Новорічна!','Від святого Миколая
Українці всі гуляють,
Коли ж скінчиться зима,
Бо здоров''я вже нема!?!

І українці, українці,
Що й казати,
Дуже гарно вміють
На свята гуляти:
До горілочки ще й сало,
Щоб душа завжди співала!
А як гості, а як гості
Завітають - защедрують,
Гарну пісню заспівають -
То і зараз, і повік
Буде вдалий Новий рік!

Приспів:
Щоб ваш дім повна чаша,
Щоб раділа душа ваша
На зимовії святки
Погуляєм залюбки!
На зимовії святки
Погуляєм залюбки!

Завітає, завітає вся родина
І одразу закружля п''янка чарчина,
Тости дзвінко, щедро ллються,
Гості весело сміються!
Щедрий дід Мороз усі-усі бажання
Виконає, виконає до світання,
Ви на мрію не скупіться
І до ранку веселіться!

Приспів.

Новий рік! Різдво! Кутя!
Наче в медові життя!
До Меланки й Василя
Все кругом засія!
До Меланки й Василя
Все кругом засія!

Приспів.');
INSERT OR REPLACE INTO song_links (id,song_id,title,url,kind,version_id,sort_order) VALUES ('pisniua_3403766_l1','pisniua_3403766','YouTube','https://www.youtube.com/watch?v=k_G2viQUH0E','video',NULL,1);
INSERT OR REPLACE INTO song_links (id,song_id,title,url,kind,version_id,sort_order) VALUES ('pisniua_3403766_l2','pisniua_3403766','YouTube','https://www.youtube.com/watch?v=SIDb4nKMSFk','video',NULL,2);
INSERT OR REPLACE INTO songs (id,title,subtitle,lang,country,period,year,source,notes,lyrics,tags_json,lang_locked,status,created_at,updated_at) VALUES ('pisniua_3400626','Перша обожена',NULL,'uk','ukraine_1991',NULL,NULL,'аудіозапис',NULL,'Приспів:
Перша обожена, для неба зроджена,
Діво Маріє!
Перша обожена, для неба зроджена,
Діво Маріє!

Утреня Церкви - молитва світанку:
Пречиста, слухняна і вбога!
Голос смиренних: Ти - гімн величавий,
Псалтир і поезія Бога.
Золотом ткана: Ти - мудрості Божої книга,
Що всесвіт не містить!
Ти - "Алілуя!" Ти - "Слава во вишніх"
Ти - "Вірую" в зміст Благовісті!

Приспів.

День Євхаристії: Ти - віра і розум,
Заглибленні в Божому слові!
В часі і місці: Причасниця перша
Господнього Тіла і Крові!
Проповідь сильна покірним свідоцтвом,
Життям тихим євангелічним!
Істинно вірна! Любов полюбила,
З''єднавшися з Нею на вічно!

Приспів.

Внебовзята! Скінчила Паломництво,
Ти, Непорочно Зачата!
Даруй прийняти як Ти волю Божу,
Щоб слугами Божими стати!
Йота найменша! Між Альфою Ти
І Омегою стала найбільша!
Стежка найлегша! Найважчі хрести
Твої діти несуть як найвище.

Приспів.','["pisni.org.ua", "cat:do-bohorodyci", "Пісні до Богородиці"]',1,'published',COALESCE((SELECT created_at FROM songs WHERE id='pisniua_3400626'), datetime('now')),datetime('now'));
INSERT OR REPLACE INTO songs_fts(song_id,title,lyrics) VALUES ('pisniua_3400626','Перша обожена','Приспів:
Перша обожена, для неба зроджена,
Діво Маріє!
Перша обожена, для неба зроджена,
Діво Маріє!

Утреня Церкви - молитва світанку:
Пречиста, слухняна і вбога!
Голос смиренних: Ти - гімн величавий,
Псалтир і поезія Бога.
Золотом ткана: Ти - мудрості Божої книга,
Що всесвіт не містить!
Ти - "Алілуя!" Ти - "Слава во вишніх"
Ти - "Вірую" в зміст Благовісті!

Приспів.

День Євхаристії: Ти - віра і розум,
Заглибленні в Божому слові!
В часі і місці: Причасниця перша
Господнього Тіла і Крові!
Проповідь сильна покірним свідоцтвом,
Життям тихим євангелічним!
Істинно вірна! Любов полюбила,
З''єднавшися з Нею на вічно!

Приспів.

Внебовзята! Скінчила Паломництво,
Ти, Непорочно Зачата!
Даруй прийняти як Ти волю Божу,
Щоб слугами Божими стати!
Йота найменша! Між Альфою Ти
І Омегою стала найбільша!
Стежка найлегша! Найважчі хрести
Твої діти несуть як найвище.

Приспів.');
INSERT OR REPLACE INTO song_links (id,song_id,title,url,kind,version_id,sort_order) VALUES ('pisniua_3400626_l1','pisniua_3400626','YouTube','https://www.youtube.com/watch?v=wm-YrWT9tZA','video',NULL,1);
INSERT OR REPLACE INTO songs (id,title,subtitle,lang,country,period,year,source,notes,lyrics,tags_json,lang_locked,status,created_at,updated_at) VALUES ('pisniua_3398525','О, Матір нашого спасіння!',NULL,'uk','ukraine_1991',NULL,NULL,'аудіозапис',NULL,'О, Матір нашого спасіння!
О, Матір вічного життя,
Моя Ти остання надія,
Твоє я прийомне дитя.

Цариця Свята, Милосердна,
Улюблена Богом навік,
За грішних молитва усердна,
Почуй мій розпачливий крик.

Найкраще Сотворіння Раю
І вічної віри Алмаз,
Твого милосердя благаю,
Заступнице щира за нас.

Від сліз і скорботи нас грішних
Своїм Ти плащем затули.
О, Матінко добра і ніжна,
До серця свого пригорни!

Даруй перемогу для Церкви,
Над силами темряви враз.
Нехай мир наступить в усьому,
Відступить ненависть від нас!','["pisni.org.ua", "cat:do-bohorodyci", "Пісні до Богородиці"]',1,'published',COALESCE((SELECT created_at FROM songs WHERE id='pisniua_3398525'), datetime('now')),datetime('now'));
INSERT OR REPLACE INTO songs_fts(song_id,title,lyrics) VALUES ('pisniua_3398525','О, Матір нашого спасіння!','О, Матір нашого спасіння!
О, Матір вічного життя,
Моя Ти остання надія,
Твоє я прийомне дитя.

Цариця Свята, Милосердна,
Улюблена Богом навік,
За грішних молитва усердна,
Почуй мій розпачливий крик.

Найкраще Сотворіння Раю
І вічної віри Алмаз,
Твого милосердя благаю,
Заступнице щира за нас.

Від сліз і скорботи нас грішних
Своїм Ти плащем затули.
О, Матінко добра і ніжна,
До серця свого пригорни!

Даруй перемогу для Церкви,
Над силами темряви враз.
Нехай мир наступить в усьому,
Відступить ненависть від нас!');
INSERT OR REPLACE INTO songs (id,title,subtitle,lang,country,period,year,source,notes,lyrics,tags_json,lang_locked,status,created_at,updated_at) VALUES ('pisniua_3397929','Коли я побачив Твій погляд, Маріє',NULL,'uk','ukraine_1991',NULL,NULL,'аудіозапис',NULL,'Коли я побачив Твій погляд, Маріє,
Пізнав, що любов в ньому й радість знайду,
Бо смуток і сльози зникають завжди,
Якщо поруч Ти, Маріє, Ти.

Приспів:
О, чудесна Маріє,
Глянь, як же серце радіє,
Що руки склавши в молитві
Я славлю Твоє ім''я.!
О, чудесна Маріє,
Глянь, як же серце радіє,
Що руки склавши в молитві
З Тобою я! З Тобою я!
Глянь, як же серце радіє,
О, Маріє!

Ти приймеш молитву у кожній годині,
Душу оздобиш ти світлом згори,
Навчиш любові та миру в родині,
Якщо поруч Ти, Маріє, Ти!

Приспів.','["pisni.org.ua", "cat:do-bohorodyci", "Пісні до Богородиці"]',1,'published',COALESCE((SELECT created_at FROM songs WHERE id='pisniua_3397929'), datetime('now')),datetime('now'));
INSERT OR REPLACE INTO songs_fts(song_id,title,lyrics) VALUES ('pisniua_3397929','Коли я побачив Твій погляд, Маріє','Коли я побачив Твій погляд, Маріє,
Пізнав, що любов в ньому й радість знайду,
Бо смуток і сльози зникають завжди,
Якщо поруч Ти, Маріє, Ти.

Приспів:
О, чудесна Маріє,
Глянь, як же серце радіє,
Що руки склавши в молитві
Я славлю Твоє ім''я.!
О, чудесна Маріє,
Глянь, як же серце радіє,
Що руки склавши в молитві
З Тобою я! З Тобою я!
Глянь, як же серце радіє,
О, Маріє!

Ти приймеш молитву у кожній годині,
Душу оздобиш ти світлом згори,
Навчиш любові та миру в родині,
Якщо поруч Ти, Маріє, Ти!

Приспів.');
INSERT OR REPLACE INTO songs (id,title,subtitle,lang,country,period,year,source,notes,lyrics,tags_json,lang_locked,status,created_at,updated_at) VALUES ('pisniua_3398222','Чим завинив Я?',NULL,'uk','ukraine_1991',NULL,NULL,'аудіозапис',NULL,'Чим завинив Я, люди, перед вами?
Чи засмутив вас вчинком, чи словами?

Я же звільнив вас з царства Фараона,
Ви ж хрест поклали на Мої рамена.

Я вам для їжі манну дав чудесну, -
Від вас одержав лише смерть ганебну.

Я напоїв вас чистою водою,
Ви ж Мене оцтом і жовчю гіркою.

Я шлях сухий стелив вам через море,
Ви ж відплатили муками і горем.

Я вам довірив берло Свого трону,
Взамін отримав тернову корону.

Я вам готовив світлу в небі долю,
Ви ж розіп''яли, щоб помер від болю.','["pisni.org.ua", "cat:strasni", "Страсні пісні"]',1,'published',COALESCE((SELECT created_at FROM songs WHERE id='pisniua_3398222'), datetime('now')),datetime('now'));
INSERT OR REPLACE INTO songs_fts(song_id,title,lyrics) VALUES ('pisniua_3398222','Чим завинив Я?','Чим завинив Я, люди, перед вами?
Чи засмутив вас вчинком, чи словами?

Я же звільнив вас з царства Фараона,
Ви ж хрест поклали на Мої рамена.

Я вам для їжі манну дав чудесну, -
Від вас одержав лише смерть ганебну.

Я напоїв вас чистою водою,
Ви ж Мене оцтом і жовчю гіркою.

Я шлях сухий стелив вам через море,
Ви ж відплатили муками і горем.

Я вам довірив берло Свого трону,
Взамін отримав тернову корону.

Я вам готовив світлу в небі долю,
Ви ж розіп''яли, щоб помер від болю.');
INSERT OR REPLACE INTO songs (id,title,subtitle,lang,country,period,year,source,notes,lyrics,tags_json,lang_locked,status,created_at,updated_at) VALUES ('pisniua_3398663','Україна плаче','Слова: Василь Чопей','uk','ukraine_1991',NULL,NULL,'авторське подання',NULL,'Наче птах Батьківщину свою я покинув,
У далекі поїхав, тепліші краї,
Але я не помер, не загинув,
А ще більше люблю я її!
Я мов син Батьківщині був вірний
І нікому біди не зробив
Та покинути край свій чарівний
На завжди мені Бог присудив.

Приспів:
І тепер я в далекій чужині,
І хоча не панує тут зло,
Та мені, наче тій сиротині,
Сниться в снах материнське тепло...
І летять, і летять мої мрії
В ті краї, де нарциси цвітуть.
Їх вітри грозові буревії
Не зупинять ніколи, мабуть...

Та позаду роки молоді за спиною,
Не продати мені, не покинути й їх,
Бо вже вже скроні мої сивиною
Забіліли, немов перший сніг...
І в душі моїй грішній неначе
Затихає нездоланний гнів,
А десь там Україна так плаче
І чекає до дому синів...

Приспів.','["pisni.org.ua", "cat:emigration", "Пісні про еміґрацію"]',1,'published',COALESCE((SELECT created_at FROM songs WHERE id='pisniua_3398663'), datetime('now')),datetime('now'));
INSERT OR REPLACE INTO songs_fts(song_id,title,lyrics) VALUES ('pisniua_3398663','Україна плаче','Наче птах Батьківщину свою я покинув,
У далекі поїхав, тепліші краї,
Але я не помер, не загинув,
А ще більше люблю я її!
Я мов син Батьківщині був вірний
І нікому біди не зробив
Та покинути край свій чарівний
На завжди мені Бог присудив.

Приспів:
І тепер я в далекій чужині,
І хоча не панує тут зло,
Та мені, наче тій сиротині,
Сниться в снах материнське тепло...
І летять, і летять мої мрії
В ті краї, де нарциси цвітуть.
Їх вітри грозові буревії
Не зупинять ніколи, мабуть...

Та позаду роки молоді за спиною,
Не продати мені, не покинути й їх,
Бо вже вже скроні мої сивиною
Забіліли, немов перший сніг...
І в душі моїй грішній неначе
Затихає нездоланний гнів,
А десь там Україна так плаче
І чекає до дому синів...

Приспів.');
INSERT OR REPLACE INTO songs (id,title,subtitle,lang,country,period,year,source,notes,lyrics,tags_json,lang_locked,status,created_at,updated_at) VALUES ('pisniua_34020','Сам собі країна','(Не встидайся – то твоя земля). Музика: Скрябін Слова: Скрябін. Виконує: Скрябін, Олександр Пономарьов','uk','ukraine_1991',NULL,NULL,'зміни і доповнення - з аудіоверсії','* Вступ грається за тою ж табулатурою, що й 1-й куплет. Підбір акордів: bohdanko','Вступ:  Em A G A  (2) *
На твоїх джінсах   американський прапор
На твоїй майці - канадське кленове листя
У твоїх очах видно тільки одне питання
Хто мені скаже - чому я тут народився
Не твоя вина - шо ти батька свого син
H7
А твоя біда - не вміти бути ним
Приспів:
Не встидайся - то твоя земля
Не встидайся - то Україна
Добре там є де нас нема
Стань для батька нормальним сином
Ти знову купиш cтруйові німецькі шузи
Твої вуха давно вже звикли до чужої музики
На твоїх губах застигла гримаса болю
Чому я тут ше - я хочу давно на волю!
Не твоя вина - шо ти батька свого син
А твоя біда - не вміти бути ним
Приспів.
Щодня близько 1000 українців
подають документи на еміграцію.
Щодня близько 500 українців ступають на чужу землю
у пошуках кращого життя з метою залишитись там.
Ці люди відмовляються від своєї культури
і своїх звичаїв, своєї віри.
Більшість з них до кінця життя працює чорноробочими,
так і не діставши статусу громадянина чужої країни.
А, можливо, їхня біда полягала в тому,
що відповідь треба було шукати в собі,
а не в підручнику географії.
Ти сам собі країна! Зроби порядок в своїй голові!
Приспів.
Табулатура основної мелодії для гітари:
(підібрав bohdanko)
1-й куплет:  *
Em
E||-------------3-----------------3----------|
B||------------------------------------------|
G||*--------------------------------------0--|
D||*------------2-----------------2----------|
A||------------------------------------2-----|
E||---0----0-----------------0---------------|
На  твоїх джінсах
У  твоїх очах         вид- но
A7
------------3-----------------3----------|
------------2-----------------2-------0--|
--0----0-----------------0---------0-----|
амери-канський  прапор
тіль-ки одне      питання
G
------------3-----------------3-------3--|
------------0-----------------0-------0--|
-----------------------------------2-----|
--3----3-----------------3---------------|
На  твоїй      майці -
Хто   мені      скаже -
A7
------------3------------------3-----------||
------------2------------------2-------0--*||
--0----0------------------0---------0------||
канадське кленове листя
чому я тут    народився
Am
-------------1-------------------1---------|
*-------2---------2---------2---------2----|
*--2-------------------2-------------------|
---0-------------------0-------------------|
Не       твоя       ви-
син             А  твоя       бі-
H7
------------0--------------------0----------||
-------2---------2----------2---------2----*||
--4--------------------4-------------------*||
--2--------------------2--------------------||
на -           шо ти бать-ка  сво-  го
да -                 не  вміти бути ним
Приспів:
-----------------------------------3--------|
-----------------------------------0--------|
*------------0---------------------0--------|
*------------2------------------------------|
---0----0--------------3----3---------------|
Не встидайся - то твоя
ї-  на       Добре там є    де нас
--------------5------------------------------||
--------------3--------------------2---------||
--------------2--------------------2--------*||
-------------------------0----0--------------||
----2----2-----------------------------------||
земля            Не встидайся - то Укра-
нема         Стань для батька нормальним сином ...','["pisni.org.ua", "cat:emigration", "cat:patriotic", "Пісні про еміґрацію", "Патріотичні пісні"]',1,'published',COALESCE((SELECT created_at FROM songs WHERE id='pisniua_34020'), datetime('now')),datetime('now'));
INSERT OR REPLACE INTO songs_fts(song_id,title,lyrics) VALUES ('pisniua_34020','Сам собі країна','Вступ:  Em A G A  (2) *
На твоїх джінсах   американський прапор
На твоїй майці - канадське кленове листя
У твоїх очах видно тільки одне питання
Хто мені скаже - чому я тут народився
Не твоя вина - шо ти батька свого син
H7
А твоя біда - не вміти бути ним
Приспів:
Не встидайся - то твоя земля
Не встидайся - то Україна
Добре там є де нас нема
Стань для батька нормальним сином
Ти знову купиш cтруйові німецькі шузи
Твої вуха давно вже звикли до чужої музики
На твоїх губах застигла гримаса болю
Чому я тут ше - я хочу давно на волю!
Не твоя вина - шо ти батька свого син
А твоя біда - не вміти бути ним
Приспів.
Щодня близько 1000 українців
подають документи на еміграцію.
Щодня близько 500 українців ступають на чужу землю
у пошуках кращого життя з метою залишитись там.
Ці люди відмовляються від своєї культури
і своїх звичаїв, своєї віри.
Більшість з них до кінця життя працює чорноробочими,
так і не діставши статусу громадянина чужої країни.
А, можливо, їхня біда полягала в тому,
що відповідь треба було шукати в собі,
а не в підручнику географії.
Ти сам собі країна! Зроби порядок в своїй голові!
Приспів.
Табулатура основної мелодії для гітари:
(підібрав bohdanko)
1-й куплет:  *
Em
E||-------------3-----------------3----------|
B||------------------------------------------|
G||*--------------------------------------0--|
D||*------------2-----------------2----------|
A||------------------------------------2-----|
E||---0----0-----------------0---------------|
На  твоїх джінсах
У  твоїх очах         вид- но
A7
------------3-----------------3----------|
------------2-----------------2-------0--|
--0----0-----------------0---------0-----|
амери-канський  прапор
тіль-ки одне      питання
G
------------3-----------------3-------3--|
------------0-----------------0-------0--|
-----------------------------------2-----|
--3----3-----------------3---------------|
На  твоїй      майці -
Хто   мені      скаже -
A7
------------3------------------3-----------||
------------2------------------2-------0--*||
--0----0------------------0---------0------||
канадське кленове листя
чому я тут    народився
Am
-------------1-------------------1---------|
*-------2---------2---------2---------2----|
*--2-------------------2-------------------|
---0-------------------0-------------------|
Не       твоя       ви-
син             А  твоя       бі-
H7
------------0--------------------0----------||
-------2---------2----------2---------2----*||
--4--------------------4-------------------*||
--2--------------------2--------------------||
на -           шо ти бать-ка  сво-  го
да -                 не  вміти бути ним
Приспів:
-----------------------------------3--------|
-----------------------------------0--------|
*------------0---------------------0--------|
*------------2------------------------------|
---0----0--------------3----3---------------|
Не встидайся - то твоя
ї-  на       Добре там є    де нас
--------------5------------------------------||
--------------3--------------------2---------||
--------------2--------------------2--------*||
-------------------------0----0--------------||
----2----2-----------------------------------||
земля            Не встидайся - то Укра-
нема         Стань для батька нормальним сином ...');
INSERT OR REPLACE INTO song_links (id,song_id,title,url,kind,version_id,sort_order) VALUES ('pisniua_34020_l1','pisniua_34020','YouTube','https://www.youtube.com/watch?v=RGishJJyLCQ','video',NULL,1);
INSERT OR REPLACE INTO song_links (id,song_id,title,url,kind,version_id,sort_order) VALUES ('pisniua_34020_l2','pisniua_34020','YouTube','https://www.youtube.com/watch?v=HrzaqwRi3YQ','video',NULL,2);
INSERT OR REPLACE INTO songs (id,title,subtitle,lang,country,period,year,source,notes,lyrics,tags_json,lang_locked,status,created_at,updated_at) VALUES ('pisniua_3406168','Сонечко','Музика: Ірина Тарнавська Слова: Ірина Тарнавська','uk','ukraine_1991',NULL,NULL,'аудіозапис',NULL,'Тільки встане сонечко,
Вмиється росою,
Загляда в віконечко,
Заграва зі мною.
Кольоровий сон зника,
Як птахи співають,
І дерева, і ріка
Новий день стрічають!

Приспів:
Сонце, сонце, сонечко,
Золоте проміння,
Не світи в віконечко,
В оченята милі.
Знову ранок настає,
Нічку проводжає,
Сонце, сонечко моє,
Я тебе кохаю!

В небі ні хмариноньки,
Тільки сонце сяє,
Трудівниця бджілонька
У саду літає.
Ой, так хочеться мені
Бути як та бджілка,
Щоб від ранку й до зорі
Все літать по квітках.

Приспів.

Та скінчиться літечко
І затихнуть птахи,
Вмить зів''януть квіти,
Зникнуть всі комахи,
На шкільнім подвір''ї крик,
Шумно, як ніколи,
Наче бджілка у квітник
Полечу до школи!

Приспів.','["pisni.org.ua", "cat:krasa-pryrody", "Пісні про красу природи"]',1,'published',COALESCE((SELECT created_at FROM songs WHERE id='pisniua_3406168'), datetime('now')),datetime('now'));
INSERT OR REPLACE INTO songs_fts(song_id,title,lyrics) VALUES ('pisniua_3406168','Сонечко','Тільки встане сонечко,
Вмиється росою,
Загляда в віконечко,
Заграва зі мною.
Кольоровий сон зника,
Як птахи співають,
І дерева, і ріка
Новий день стрічають!

Приспів:
Сонце, сонце, сонечко,
Золоте проміння,
Не світи в віконечко,
В оченята милі.
Знову ранок настає,
Нічку проводжає,
Сонце, сонечко моє,
Я тебе кохаю!

В небі ні хмариноньки,
Тільки сонце сяє,
Трудівниця бджілонька
У саду літає.
Ой, так хочеться мені
Бути як та бджілка,
Щоб від ранку й до зорі
Все літать по квітках.

Приспів.

Та скінчиться літечко
І затихнуть птахи,
Вмить зів''януть квіти,
Зникнуть всі комахи,
На шкільнім подвір''ї крик,
Шумно, як ніколи,
Наче бджілка у квітник
Полечу до школи!

Приспів.');
INSERT OR REPLACE INTO song_links (id,song_id,title,url,kind,version_id,sort_order) VALUES ('pisniua_3406168_l1','pisniua_3406168','YouTube','https://www.youtube.com/watch?v=Pwe0c0r_gKY','video',NULL,1);
INSERT OR REPLACE INTO songs (id,title,subtitle,lang,country,period,year,source,notes,lyrics,tags_json,lang_locked,status,created_at,updated_at) VALUES ('pisniua_3409323','Ісус перед стражданням',NULL,'uk','ukraine_1991',NULL,NULL,'аудіозапис',NULL,'Ісус перед стражданням
Коліна приклонив
І на горі Оливній
Отця свого просив:

Осли би Ти, мій Отче,
Прийняв благословення,
Важкую мою чашу
Страдання ізмінив.

І ось з''явився Ангел,
Ісуса підкріпив,
Ісус Отцю молився,
Аж піт кривавий лив.

Ось Юда, сріблолюбець,
До Господа прийшов:
Радуйся, Учителю -
Ісусові сказав.

І ось народи люті
До Господа прийшли,
Киями і мечами
Ісуса повели.

До Понтія Пилата
Ісуса привели,
Між двома злочинцями
Ісуса розп''яли.

Сонце в небі померкло
І мрак на землю впав,
Як Син Єдинородний
Отцю душу віддав.

Земля од Божой сили
Страшенно потряслась,
Завіса в храмі Божім
Надвоє роздерлась.','["pisni.org.ua", "cat:strasni", "Страсні пісні"]',1,'published',COALESCE((SELECT created_at FROM songs WHERE id='pisniua_3409323'), datetime('now')),datetime('now'));
INSERT OR REPLACE INTO songs_fts(song_id,title,lyrics) VALUES ('pisniua_3409323','Ісус перед стражданням','Ісус перед стражданням
Коліна приклонив
І на горі Оливній
Отця свого просив:

Осли би Ти, мій Отче,
Прийняв благословення,
Важкую мою чашу
Страдання ізмінив.

І ось з''явився Ангел,
Ісуса підкріпив,
Ісус Отцю молився,
Аж піт кривавий лив.

Ось Юда, сріблолюбець,
До Господа прийшов:
Радуйся, Учителю -
Ісусові сказав.

І ось народи люті
До Господа прийшли,
Киями і мечами
Ісуса повели.

До Понтія Пилата
Ісуса привели,
Між двома злочинцями
Ісуса розп''яли.

Сонце в небі померкло
І мрак на землю впав,
Як Син Єдинородний
Отцю душу віддав.

Земля од Божой сили
Страшенно потряслась,
Завіса в храмі Божім
Надвоє роздерлась.');
INSERT OR REPLACE INTO songs (id,title,subtitle,lang,country,period,year,source,notes,lyrics,tags_json,lang_locked,status,created_at,updated_at) VALUES ('pisniua_3413828','Зіронька','Музика: Nataliya Ginkul, P. Fedor Слова: Nataliya Ginkul, P. Fedor','uk','ukraine_1991',NULL,NULL,'аудіозапис',NULL,'Зірка, зіронька, розкажи мені,
Де ти літала?.. Що ти, зіронька,
Що ти, ясная, світу сповіщала?
Це розповідь яскрава, це розповідь буття,
Як найдобріше в світі родилось немовля!
Це розповідь барвиста любові і добра,
Як найсвітліше в світі родилося Дитя!

Приспів:
Звеселило світ Христове Різдво!      |
Звеселилась кожна душа!              |
Народився Він - справжній Божий Син! |
Скрізь лунає Алілуя!                 | (2)

Нічка-ніченька свята Різдвяна
Диво те ховала,
Гарну новину, на весь світ одну,
Зірка сповіщала!
Це радісна новина, це чудо із чудес,
Що народила Діва, щоб спасся світ увесь!
Це розповідь барвиста любові і добра,
Марія народила Божеє Дитя!

Приспів.','["pisni.org.ua", "cat:suchasni-pisni-rizdvo", "Сучасні пісні про Різдвяні свята"]',1,'published',COALESCE((SELECT created_at FROM songs WHERE id='pisniua_3413828'), datetime('now')),datetime('now'));
INSERT OR REPLACE INTO songs_fts(song_id,title,lyrics) VALUES ('pisniua_3413828','Зіронька','Зірка, зіронька, розкажи мені,
Де ти літала?.. Що ти, зіронька,
Що ти, ясная, світу сповіщала?
Це розповідь яскрава, це розповідь буття,
Як найдобріше в світі родилось немовля!
Це розповідь барвиста любові і добра,
Як найсвітліше в світі родилося Дитя!

Приспів:
Звеселило світ Христове Різдво!      |
Звеселилась кожна душа!              |
Народився Він - справжній Божий Син! |
Скрізь лунає Алілуя!                 | (2)

Нічка-ніченька свята Різдвяна
Диво те ховала,
Гарну новину, на весь світ одну,
Зірка сповіщала!
Це радісна новина, це чудо із чудес,
Що народила Діва, щоб спасся світ увесь!
Це розповідь барвиста любові і добра,
Марія народила Божеє Дитя!

Приспів.');
INSERT OR REPLACE INTO song_links (id,song_id,title,url,kind,version_id,sort_order) VALUES ('pisniua_3413828_l1','pisniua_3413828','YouTube','https://www.youtube.com/watch?v=ar1zvmeX1wA','video',NULL,1);
INSERT OR REPLACE INTO songs (id,title,subtitle,lang,country,period,year,source,notes,lyrics,tags_json,lang_locked,status,created_at,updated_at) VALUES ('pisniua_3398962','Золоті промінчики','Музика: Наталія Антоник Слова: Юлія Хандожинська','uk','ukraine_1991',NULL,NULL,'авторське подання',NULL,'Над нами височіє
Небо голубе,
По небу ходить сонечко,
Сонце золоте.
Лагідні промінчики
Сонце з неба ллє,
Від тепла промінчиків
Вся Земля цвіте.

Приспів:
Золоті промінчики,
Сонця промінці,
Схожі ви на диво,
Диво олівці.
Райдужними барвами
Розфарбуйте все,
Має наше сонечко
Серце золоте!

Розчервонілись квіти
Та бринить трава,
Бо не шкодує сонечко
Їм свого тепла.
Посміхнулись котики
Сірі на вербі,
Їх цілує сонечко
В носики малі.

Приспів.','["pisni.org.ua", "cat:krasa-pryrody", "Пісні про красу природи"]',1,'published',COALESCE((SELECT created_at FROM songs WHERE id='pisniua_3398962'), datetime('now')),datetime('now'));
INSERT OR REPLACE INTO songs_fts(song_id,title,lyrics) VALUES ('pisniua_3398962','Золоті промінчики','Над нами височіє
Небо голубе,
По небу ходить сонечко,
Сонце золоте.
Лагідні промінчики
Сонце з неба ллє,
Від тепла промінчиків
Вся Земля цвіте.

Приспів:
Золоті промінчики,
Сонця промінці,
Схожі ви на диво,
Диво олівці.
Райдужними барвами
Розфарбуйте все,
Має наше сонечко
Серце золоте!

Розчервонілись квіти
Та бринить трава,
Бо не шкодує сонечко
Їм свого тепла.
Посміхнулись котики
Сірі на вербі,
Їх цілує сонечко
В носики малі.

Приспів.');
INSERT OR REPLACE INTO song_links (id,song_id,title,url,kind,version_id,sort_order) VALUES ('pisniua_3398962_l1','pisniua_3398962','YouTube','https://www.youtube.com/watch?v=4wpJv5JxN-8','video',NULL,1);
INSERT OR REPLACE INTO songs (id,title,subtitle,lang,country,period,year,source,notes,lyrics,tags_json,lang_locked,status,created_at,updated_at) VALUES ('pisniua_3412323','Ой, браженька медовая','Українська народна пісня','uk','ukr_ssr_1919_1991',NULL,'1981','Записала Ганна Іванівна Байстрюченко(1896-1968) від своїх батьків в с.Духовниче Охтирського району Сумської області','Пісню виконує народний фольклорний ансамбль "Надія" (с. Духовниче на Сумщині). Пісня була записана Українським телебаченням і транслювалась в Новорічній програмі 13 січня 1981 року. Транслювалась по Українському радіо.','Ой, браженька медовая,
Із ким тебе,
Бравенька пити?
Без милого друженька
Гірко в світі жити...

Десь поїхав мій миленький
В городочок,
Не на довге времячко -
На часочок...

За ним красна дєвіца
Во слідочок,
Гналась, гналась дєвіца,
Не нагнала...

Серед поля вишенька
Розцвітала.
Гнула, гнула вишеньку -
Не нагнула,
Під тією вишенькою
Та й заснула...','["pisni.org.ua", "cat:slobozhanski", "Пісні з слобожанщини"]',1,'published',COALESCE((SELECT created_at FROM songs WHERE id='pisniua_3412323'), datetime('now')),datetime('now'));
INSERT OR REPLACE INTO songs_fts(song_id,title,lyrics) VALUES ('pisniua_3412323','Ой, браженька медовая','Ой, браженька медовая,
Із ким тебе,
Бравенька пити?
Без милого друженька
Гірко в світі жити...

Десь поїхав мій миленький
В городочок,
Не на довге времячко -
На часочок...

За ним красна дєвіца
Во слідочок,
Гналась, гналась дєвіца,
Не нагнала...

Серед поля вишенька
Розцвітала.
Гнула, гнула вишеньку -
Не нагнула,
Під тією вишенькою
Та й заснула...');
INSERT OR REPLACE INTO songs (id,title,subtitle,lang,country,period,year,source,notes,lyrics,tags_json,lang_locked,status,created_at,updated_at) VALUES ('pisniua_341364','Україночка','Музика: Євген Шантир Слова: Євген Шантир. Виконує: Євген Шантир','uk','ukraine_before_1917',NULL,NULL,NULL,NULL,'Несуть мене
Весь час вітрила долі
Туди, де завжди
Сяє  зірочка!
Я закохався,
Закохався щиро, друзі,
Моя любов -
Це україночка!

В очах її
Спокуса й вічний розум,
Вона струнка, як
Гарна квіточка!
Я закохався,
Закохався щиро, друзі,
Моя любов -
Це україночка!

Прийдуть дощі,
Але навіки в серці,
Вона для мене
Промінь сонечка!
Я закохався,
Закохався щиро, друзі,
Моя любов -
Це україночка!','["pisni.org.ua", "cat:bardivski", "cat:romansy", "cat:vesilni", "cat:zahalni-cinnosti", "Бардівські пісні", "Романси", "Весільні пісні", "Пісні про загальнолюдські цінності"]',1,'published',COALESCE((SELECT created_at FROM songs WHERE id='pisniua_341364'), datetime('now')),datetime('now'));
INSERT OR REPLACE INTO songs_fts(song_id,title,lyrics) VALUES ('pisniua_341364','Україночка','Несуть мене
Весь час вітрила долі
Туди, де завжди
Сяє  зірочка!
Я закохався,
Закохався щиро, друзі,
Моя любов -
Це україночка!

В очах її
Спокуса й вічний розум,
Вона струнка, як
Гарна квіточка!
Я закохався,
Закохався щиро, друзі,
Моя любов -
Це україночка!

Прийдуть дощі,
Але навіки в серці,
Вона для мене
Промінь сонечка!
Я закохався,
Закохався щиро, друзі,
Моя любов -
Це україночка!');
INSERT OR REPLACE INTO songs (id,title,subtitle,lang,country,period,year,source,notes,lyrics,tags_json,lang_locked,status,created_at,updated_at) VALUES ('pisniua_3411869','Могили січових стрільців','Слова: народні','uk','ukrainian_peoples_republic_1917_1921',NULL,NULL,'Село Розжалів, Львівська область','Не вдалося встановити точного автора цієї пісні. На просторі інтернету не було знайдено подібних рядків.','Події давно вже минули
Минуло багато вже літ.
Як ми вже направду забули  |
Могили січових стрільців.  | (2)

Сіріють високі могили,
Додолу схилились хрести.
Із різних сторін України   |
Їх рідні не можуть прийти. | (2)

Не прийде товариш по зброї,
Не прийде ні брат, ні сестра.
Не прийде кохана дівчина   |
І навіть матуся стара.     | (2)

А лиш подорожній товариш
До сірих могил загляне,
Він щиро молитву промовить |
І очі до неба зведе.       | (2)','["pisni.org.ua", "cat:strilecki", "Стрілецькі пісні"]',1,'published',COALESCE((SELECT created_at FROM songs WHERE id='pisniua_3411869'), datetime('now')),datetime('now'));
INSERT OR REPLACE INTO songs_fts(song_id,title,lyrics) VALUES ('pisniua_3411869','Могили січових стрільців','Події давно вже минули
Минуло багато вже літ.
Як ми вже направду забули  |
Могили січових стрільців.  | (2)

Сіріють високі могили,
Додолу схилились хрести.
Із різних сторін України   |
Їх рідні не можуть прийти. | (2)

Не прийде товариш по зброї,
Не прийде ні брат, ні сестра.
Не прийде кохана дівчина   |
І навіть матуся стара.     | (2)

А лиш подорожній товариш
До сірих могил загляне,
Він щиро молитву промовить |
І очі до неба зведе.       | (2)');
INSERT OR REPLACE INTO songs (id,title,subtitle,lang,country,period,year,source,notes,lyrics,tags_json,lang_locked,status,created_at,updated_at) VALUES ('pisniua_3419525','Чути крики','Українська народна пісня','uk','ukraine_before_1917',NULL,NULL,'усне передання','https://youtu.be/8oNbBYgdwug Пісню виконують Любов і Богдан Стефанишини.','Чути крики і гомін
Із землиці, чути стогін,
Юда зради доповнив
І веде уже катів.

Збройних, лютих Іскаріот
Взяв з собою кілька рот,
А однак цілий дрожить
Всіх злякав Ісуса вид.

До Христа враз підійшов,
В Юді стигне вся враз кров,
Страх давить його, однак
Воїнам дає він знак.

До Ісуса приступив,
Поцілунком обдарив,
А катів ціла товпа
Кинулася на Христа.

Крик вчинився і суміш,
Петро вийняв гострий ніж,
Но Христос сказав: Постій,
Сховай у ножницю ніж свій.

Сам їм в руки ся віддав
І братьми катів назвав,
Отця з небес молив,
Щоб катам Він все простив.

А за що Христа на суд
І на муки вже ведуть
Це за нам, от так за нас,
Він страждав, щоб спасти нас.

Тож в годині тій страшній
Най заплаче світ цілий,
І за святим Христом
Най ступає враз з хрестом.','["pisni.org.ua", "cat:strasni", "Страсні пісні"]',1,'published',COALESCE((SELECT created_at FROM songs WHERE id='pisniua_3419525'), datetime('now')),datetime('now'));
INSERT OR REPLACE INTO songs_fts(song_id,title,lyrics) VALUES ('pisniua_3419525','Чути крики','Чути крики і гомін
Із землиці, чути стогін,
Юда зради доповнив
І веде уже катів.

Збройних, лютих Іскаріот
Взяв з собою кілька рот,
А однак цілий дрожить
Всіх злякав Ісуса вид.

До Христа враз підійшов,
В Юді стигне вся враз кров,
Страх давить його, однак
Воїнам дає він знак.

До Ісуса приступив,
Поцілунком обдарив,
А катів ціла товпа
Кинулася на Христа.

Крик вчинився і суміш,
Петро вийняв гострий ніж,
Но Христос сказав: Постій,
Сховай у ножницю ніж свій.

Сам їм в руки ся віддав
І братьми катів назвав,
Отця з небес молив,
Щоб катам Він все простив.

А за що Христа на суд
І на муки вже ведуть
Це за нам, от так за нас,
Він страждав, щоб спасти нас.

Тож в годині тій страшній
Най заплаче світ цілий,
І за святим Христом
Най ступає враз з хрестом.');
INSERT OR REPLACE INTO songs (id,title,subtitle,lang,country,period,year,source,notes,lyrics,tags_json,lang_locked,status,created_at,updated_at) VALUES ('pisniua_3421168','Летять пташенята','Українська народна пісня','uk','ukraine_before_1917',NULL,NULL,'аудіозапис',NULL,'Підростають у гнізді пташенята,
У гніздечку - пташенята.
Та надходить час гніздечко лишати,
Час крилечка розправляти!

І летять, і летять пташенята,
Залишають гніздечко своє,
Довго будуть у небі кружляти!
Прощавай, гніздечко золоте!

Підростають у садочку малята,
Як в гніздечку пташенята,
Та надходить час садочок лишати,
Час крилечка розправляти!

І летять, і летять пташенята,
Залишають гніздечко своє,
Завжди будуть вони пам''ятати
Свій садок - гніздечко золоте!','["pisni.org.ua", "cat:dytyachi", "cat:nostalgia", "Дитячі пісні", "Пісні з ностальгічними мотивами"]',1,'published',COALESCE((SELECT created_at FROM songs WHERE id='pisniua_3421168'), datetime('now')),datetime('now'));
INSERT OR REPLACE INTO songs_fts(song_id,title,lyrics) VALUES ('pisniua_3421168','Летять пташенята','Підростають у гнізді пташенята,
У гніздечку - пташенята.
Та надходить час гніздечко лишати,
Час крилечка розправляти!

І летять, і летять пташенята,
Залишають гніздечко своє,
Довго будуть у небі кружляти!
Прощавай, гніздечко золоте!

Підростають у садочку малята,
Як в гніздечку пташенята,
Та надходить час садочок лишати,
Час крилечка розправляти!

І летять, і летять пташенята,
Залишають гніздечко своє,
Завжди будуть вони пам''ятати
Свій садок - гніздечко золоте!');
INSERT OR REPLACE INTO song_links (id,song_id,title,url,kind,version_id,sort_order) VALUES ('pisniua_3421168_l1','pisniua_3421168','YouTube','https://www.youtube.com/watch?v=UFjnU0juebM','video',NULL,1);
INSERT OR REPLACE INTO songs (id,title,subtitle,lang,country,period,year,source,notes,lyrics,tags_json,lang_locked,status,created_at,updated_at) VALUES ('pisniua_3418020','Полетіли сини','(Дні летять і ночі). Музика: Станіслав Городинський Слова: Микола Янченко','uk','ukraine_1991',NULL,NULL,'аудіозапис',NULL,'З рідної домівки від мами і тата
Розлетілись діти, немов пташенята.
Діти наші, діти - радість і тривога,
Хай благословенна буде Вам дорога!

Приспів:
Дні летять і ночі восени, весною,
Виглядає мати нас завжди з тобою!
Подумки стежину рушником встеляє,
Діточкам додому шлях благословляє!

Свято завжди в хаті, коли діти вдома,
У батьків від серця геть відходить втома!
Тож приходьте, діти, до рідної хати,
Завжди нас чекає в гості рідна мати!..

Приспів.','["pisni.org.ua", "cat:pro-ditey", "Пісні про любов до дітей"]',1,'published',COALESCE((SELECT created_at FROM songs WHERE id='pisniua_3418020'), datetime('now')),datetime('now'));
INSERT OR REPLACE INTO songs_fts(song_id,title,lyrics) VALUES ('pisniua_3418020','Полетіли сини','З рідної домівки від мами і тата
Розлетілись діти, немов пташенята.
Діти наші, діти - радість і тривога,
Хай благословенна буде Вам дорога!

Приспів:
Дні летять і ночі восени, весною,
Виглядає мати нас завжди з тобою!
Подумки стежину рушником встеляє,
Діточкам додому шлях благословляє!

Свято завжди в хаті, коли діти вдома,
У батьків від серця геть відходить втома!
Тож приходьте, діти, до рідної хати,
Завжди нас чекає в гості рідна мати!..

Приспів.');
INSERT OR REPLACE INTO song_links (id,song_id,title,url,kind,version_id,sort_order) VALUES ('pisniua_3418020_l1','pisniua_3418020','YouTube','https://www.youtube.com/watch?v=iOz_O-7Nljk','video',NULL,1);
INSERT OR REPLACE INTO songs (id,title,subtitle,lang,country,period,year,source,notes,lyrics,tags_json,lang_locked,status,created_at,updated_at) VALUES ('pisniua_34168','Смерекова хата','Музика: Павло Дворський Слова: Микола Бакай. Виконує: Павло Дворський, Назарій Яремчук, Володимир Турець','uk','ukraine_1991',NULL,NULL,'акорди підібрано з аудіо - Назарій Яремчук. "Я повернуся". Ч. 1','В аудіо-версії Назарія Яремчука тут інший текст: ** "Грудочку землi святої до вуст прикладу" *** "I кожен день чекає нас" ***** "Моя порадниця свята" (bohdanko) Підбір акордів: bohdanko','Вступ:  Em G D H7
Em
Наснились мальви, рута й м''ята
Am
I скрип криничний журавля,
H7
I смерекова отча хата,
Яку давно покинув я.
G
Наснився сад в веснянім цвіті,
Струнка смерічка край воріт,
I найрідніша в цілім світі
Матуся сива на дворі.

Приспів:
Смерекова хата, батьківський поріг,
Смерекова хата - на крутій горі.
Як прийду до неї, коліном припаду,
Грудочку землі своєї до вуст прикладу. **

Програш:  H7 C D H7

Вона як пісня - серцю мила,
Старенька хата край села.
Війна її вогнем палила,
Але спалити не змогла.
Кришились грізні блискавиці
I грози падали не раз,
Вона стоїть немов із криці
I день у день чекає нас.  ***

Приспів.

(Далі - все на півтона вище) ****

Програш.

Спішу до неї мов лелека,
Простори кинувши до ніг,
Несу любов свою здалека,
Яку назавжди я зберіг.
Дитячих літ моїх колиска,
Моя пораднице свята, *****
Вона як доля - рідна й близька,
Миліш її ніде нема.

Приспів.

Програш (на тему Вступу).  (2)

Фінал: Em

Am6 [2 0 2 2 1 2]

В оригіналі пісня виконується з F#m (Capo II fret).

**** Для спрощення цього переходу можна не робити.','["pisni.org.ua", "cat:nostalgia", "cat:patriotic", "cat:pro-batkiv", "Пісні з ностальгічними мотивами", "Патріотичні пісні", "Пісні про любов до батьків"]',1,'published',COALESCE((SELECT created_at FROM songs WHERE id='pisniua_34168'), datetime('now')),datetime('now'));
INSERT OR REPLACE INTO songs_fts(song_id,title,lyrics) VALUES ('pisniua_34168','Смерекова хата','Вступ:  Em G D H7
Em
Наснились мальви, рута й м''ята
Am
I скрип криничний журавля,
H7
I смерекова отча хата,
Яку давно покинув я.
G
Наснився сад в веснянім цвіті,
Струнка смерічка край воріт,
I найрідніша в цілім світі
Матуся сива на дворі.

Приспів:
Смерекова хата, батьківський поріг,
Смерекова хата - на крутій горі.
Як прийду до неї, коліном припаду,
Грудочку землі своєї до вуст прикладу. **

Програш:  H7 C D H7

Вона як пісня - серцю мила,
Старенька хата край села.
Війна її вогнем палила,
Але спалити не змогла.
Кришились грізні блискавиці
I грози падали не раз,
Вона стоїть немов із криці
I день у день чекає нас.  ***

Приспів.

(Далі - все на півтона вище) ****

Програш.

Спішу до неї мов лелека,
Простори кинувши до ніг,
Несу любов свою здалека,
Яку назавжди я зберіг.
Дитячих літ моїх колиска,
Моя пораднице свята, *****
Вона як доля - рідна й близька,
Миліш її ніде нема.

Приспів.

Програш (на тему Вступу).  (2)

Фінал: Em

Am6 [2 0 2 2 1 2]

В оригіналі пісня виконується з F#m (Capo II fret).

**** Для спрощення цього переходу можна не робити.');
INSERT OR REPLACE INTO song_links (id,song_id,title,url,kind,version_id,sort_order) VALUES ('pisniua_34168_l1','pisniua_34168','YouTube','https://www.youtube.com/watch?v=hNltRpZb-Sk','video',NULL,1);
INSERT OR REPLACE INTO song_links (id,song_id,title,url,kind,version_id,sort_order) VALUES ('pisniua_34168_l2','pisniua_34168','YouTube','https://www.youtube.com/watch?v=DvvWYiQw8-8','video',NULL,2);
INSERT OR REPLACE INTO song_links (id,song_id,title,url,kind,version_id,sort_order) VALUES ('pisniua_34168_l3','pisniua_34168','YouTube','https://www.youtube.com/watch?v=2esUJBD0MaA','video',NULL,3);
INSERT OR REPLACE INTO song_links (id,song_id,title,url,kind,version_id,sort_order) VALUES ('pisniua_34168_l4','pisniua_34168','YouTube','https://www.youtube.com/watch?v=wUxJ4HDmcHQ','video',NULL,4);
INSERT OR REPLACE INTO song_links (id,song_id,title,url,kind,version_id,sort_order) VALUES ('pisniua_34168_l5','pisniua_34168','YouTube','https://www.youtube.com/watch?v=rpHplUjSwNY','video',NULL,5);
INSERT OR REPLACE INTO songs (id,title,subtitle,lang,country,period,year,source,notes,lyrics,tags_json,lang_locked,status,created_at,updated_at) VALUES ('pisniua_3416525','Світ задрімав','Музика: Андрій Мильчук Слова: Зоряна Лісевич','uk','ukraine_before_1917',NULL,NULL,'аудіозапис',NULL,'Світ задрімав, тільки зорі
Тихо мигтять із небес.
Нічка  - легка і прозора,
Сповнена мрій і чудес...

Приспів:
Очка замкни й за хвилину
Небом нічним у човні
Ти попливеш у країну,
Повну казок і вогнів...
Очка замкни і для тебе
Диво-квітки зацвітуть,
Ніжні жар-птиці у небі
Сяйво своє розіллють...

Хай тобі ця колисанка
Радість несе і тепло,
Щоб цілу ніч до світанку
Затишно в снах тих було...

Приспів.','["pisni.org.ua", "cat:kolyskovi", "Колискові"]',1,'published',COALESCE((SELECT created_at FROM songs WHERE id='pisniua_3416525'), datetime('now')),datetime('now'));
INSERT OR REPLACE INTO songs_fts(song_id,title,lyrics) VALUES ('pisniua_3416525','Світ задрімав','Світ задрімав, тільки зорі
Тихо мигтять із небес.
Нічка  - легка і прозора,
Сповнена мрій і чудес...

Приспів:
Очка замкни й за хвилину
Небом нічним у човні
Ти попливеш у країну,
Повну казок і вогнів...
Очка замкни і для тебе
Диво-квітки зацвітуть,
Ніжні жар-птиці у небі
Сяйво своє розіллють...

Хай тобі ця колисанка
Радість несе і тепло,
Щоб цілу ніч до світанку
Затишно в снах тих було...

Приспів.');
INSERT OR REPLACE INTO song_links (id,song_id,title,url,kind,version_id,sort_order) VALUES ('pisniua_3416525_l1','pisniua_3416525','YouTube','https://www.youtube.com/watch?v=JuGndToW7lI','video',NULL,1);
INSERT OR REPLACE INTO songs (id,title,subtitle,lang,country,period,year,source,notes,lyrics,tags_json,lang_locked,status,created_at,updated_at) VALUES ('pisniua_3425222','Осінь','Музика: І. Кишко Слова: Тетяна Волгіна','uk','ukraine_1991',NULL,NULL,'аудіозапис',NULL,'Осінь, осінь вже прийшла,
Йдуть дощі, нема тепла.
Крап-крап-крап-крап-крап-крап,
Йдуть дощі, нема тепла.

Пожовтів зелений сад,
У діброві листопад.
Шу-шу-шу-шу-шу-шу,
У діброві листопад.

Спів пташиний голосний
Змовк усюди до весни.
Цвіль-цвірінь-цвіль-цвірінь,
Змовк усюди до весни.','["pisni.org.ua", "cat:dytyachi", "cat:krasa-pryrody", "Дитячі пісні", "Пісні про красу природи"]',1,'published',COALESCE((SELECT created_at FROM songs WHERE id='pisniua_3425222'), datetime('now')),datetime('now'));
INSERT OR REPLACE INTO songs_fts(song_id,title,lyrics) VALUES ('pisniua_3425222','Осінь','Осінь, осінь вже прийшла,
Йдуть дощі, нема тепла.
Крап-крап-крап-крап-крап-крап,
Йдуть дощі, нема тепла.

Пожовтів зелений сад,
У діброві листопад.
Шу-шу-шу-шу-шу-шу,
У діброві листопад.

Спів пташиний голосний
Змовк усюди до весни.
Цвіль-цвірінь-цвіль-цвірінь,
Змовк усюди до весни.');
INSERT OR REPLACE INTO song_links (id,song_id,title,url,kind,version_id,sort_order) VALUES ('pisniua_3425222_l1','pisniua_3425222','YouTube','https://www.youtube.com/watch?v=wou01eD2w1Q','video',NULL,1);
INSERT OR REPLACE INTO song_links (id,song_id,title,url,kind,version_id,sort_order) VALUES ('pisniua_3425222_l2','pisniua_3425222','YouTube','https://www.youtube.com/watch?v=wBvWsQb4Ynw','video',NULL,2);
INSERT OR REPLACE INTO songs (id,title,subtitle,lang,country,period,year,source,notes,lyrics,tags_json,lang_locked,status,created_at,updated_at) VALUES ('pisniua_343020','Білі черемхи','Музика: Василь Кулак Слова: Володимир Вихрущ. Виконує: Віктор Павлік, Іво Бобул','uk','ukraine_1991',NULL,NULL,NULL,NULL,'Вітер накличе щедротної зливи
Яка із гілля пообтрушує цвіт
Моє відгукнеться кохання щасливе
І випурхне із-під зарошених віт.

Приспів:
А білі черемхи мов долі дівочі
Стоять серед гаю в обіймах весни
Над ними блакитність і зоряні ночі
І мрії казкові забілені в сни.

Білі черемхи ранкові сувої
Роси вишиванка на тім полотні
Що мати наткала із пряжі нової
Й пошила сорочку на щастя мені

Приспів','["pisni.org.ua", "cat:huculski", "Гуцульські пісні"]',1,'published',COALESCE((SELECT created_at FROM songs WHERE id='pisniua_343020'), datetime('now')),datetime('now'));
INSERT OR REPLACE INTO songs_fts(song_id,title,lyrics) VALUES ('pisniua_343020','Білі черемхи','Вітер накличе щедротної зливи
Яка із гілля пообтрушує цвіт
Моє відгукнеться кохання щасливе
І випурхне із-під зарошених віт.

Приспів:
А білі черемхи мов долі дівочі
Стоять серед гаю в обіймах весни
Над ними блакитність і зоряні ночі
І мрії казкові забілені в сни.

Білі черемхи ранкові сувої
Роси вишиванка на тім полотні
Що мати наткала із пряжі нової
Й пошила сорочку на щастя мені

Приспів');
INSERT OR REPLACE INTO song_links (id,song_id,title,url,kind,version_id,sort_order) VALUES ('pisniua_343020_l1','pisniua_343020','YouTube','https://www.youtube.com/watch?v=GwxNpeev12I','video',NULL,1);
INSERT OR REPLACE INTO song_links (id,song_id,title,url,kind,version_id,sort_order) VALUES ('pisniua_343020_l2','pisniua_343020','YouTube','https://www.youtube.com/watch?v=k5SmvL4Ppv0','video',NULL,2);
INSERT OR REPLACE INTO song_links (id,song_id,title,url,kind,version_id,sort_order) VALUES ('pisniua_343020_l3','pisniua_343020','YouTube','https://www.youtube.com/watch?v=dVdXvpyHl7g','video',NULL,3);
INSERT OR REPLACE INTO song_links (id,song_id,title,url,kind,version_id,sort_order) VALUES ('pisniua_343020_l4','pisniua_343020','Переглянути варіанти >>','https://www.pisni.org.ua/#variants','external',NULL,4);
INSERT OR REPLACE INTO songs (id,title,subtitle,lang,country,period,year,source,notes,lyrics,tags_json,lang_locked,status,created_at,updated_at) VALUES ('pisniua_342261','Не піду за Васька','Українська народна пісня','uk','ukraine_before_1917',NULL,NULL,'1. Лемківські співанки. Зібрав і упорядкував М. Соболевський. — К.: Музична Україна, 1967. — 320 с.','Пісня з добірки М.Соболевського: Лемківські співанки Діалектизми: кади - куди; мі - мені; всьяди - всюди.','Не піду за Васька  |
Бо робота тяжка    |(2)
Піду за Івана   |(2)
Буду все Румяна

Карликів Карликів  |
Невелике Село      |(2)
Кади я не піду  |(2)
Всьяди мі весело','["pisni.org.ua", "cat:lemkivski", "Лемківські пісні"]',1,'published',COALESCE((SELECT created_at FROM songs WHERE id='pisniua_342261'), datetime('now')),datetime('now'));
INSERT OR REPLACE INTO songs_fts(song_id,title,lyrics) VALUES ('pisniua_342261','Не піду за Васька','Не піду за Васька  |
Бо робота тяжка    |(2)
Піду за Івана   |(2)
Буду все Румяна

Карликів Карликів  |
Невелике Село      |(2)
Кади я не піду  |(2)
Всьяди мі весело');
INSERT OR REPLACE INTO songs (id,title,subtitle,lang,country,period,year,source,notes,lyrics,tags_json,lang_locked,status,created_at,updated_at) VALUES ('pisniua_3425065','Рідна школо - знань квітучий сад','Музика: Віталій Шкільнюк Слова: Світлана Травнева','uk','ukraine_1991',NULL,NULL,'аудіозапис','Гімн комунального закладу "Загальноосвітня школа І-ІІІ ступенів №11 Вінницької міської ради".','Як усе міняється навколо -
Не встигаєш за буттям ніяк.
Одинадцята найкраща школа -
Вірна і надійна, мов маяк!
І стоїть у Вінниці над Бугом,
Де шумлять староміські ліси,
Де над нею - веселкові дуги
Розливають сяєво краси.
Нам вона вікно у світ відкрила,
Наділила радістю творить
І дала міцні для злету крила,
Щоб життям стокрило пролетіть!

Приспів:
Рідна школо, світла і пречиста,
Дай напитись з твого джерела,
Зачерпнути там жаги і хисту,
Доброти і щедрого тепла!

Україна, і родина, й мова -
Це ми ставимо в єдиний ряд!
Поруч з ними два високих слова -
Рідна школа, знань квітучий сад!
Вирушають звідсіля в дорогу
Навстріч долі ластівки малі -
Зрілими вертають до порогу,
Щоби їй вклонитись до землі.
Дякують за чисті виднокола
Й мудрості невичерпні плоди...
Одинадцяту ми славим школу
І її любитимем завжди!

Приспів.','["pisni.org.ua", "cat:himny-marshi", "Гимни та марші"]',1,'published',COALESCE((SELECT created_at FROM songs WHERE id='pisniua_3425065'), datetime('now')),datetime('now'));
INSERT OR REPLACE INTO songs_fts(song_id,title,lyrics) VALUES ('pisniua_3425065','Рідна школо - знань квітучий сад','Як усе міняється навколо -
Не встигаєш за буттям ніяк.
Одинадцята найкраща школа -
Вірна і надійна, мов маяк!
І стоїть у Вінниці над Бугом,
Де шумлять староміські ліси,
Де над нею - веселкові дуги
Розливають сяєво краси.
Нам вона вікно у світ відкрила,
Наділила радістю творить
І дала міцні для злету крила,
Щоб життям стокрило пролетіть!

Приспів:
Рідна школо, світла і пречиста,
Дай напитись з твого джерела,
Зачерпнути там жаги і хисту,
Доброти і щедрого тепла!

Україна, і родина, й мова -
Це ми ставимо в єдиний ряд!
Поруч з ними два високих слова -
Рідна школа, знань квітучий сад!
Вирушають звідсіля в дорогу
Навстріч долі ластівки малі -
Зрілими вертають до порогу,
Щоби їй вклонитись до землі.
Дякують за чисті виднокола
Й мудрості невичерпні плоди...
Одинадцяту ми славим школу
І її любитимем завжди!

Приспів.');
INSERT OR REPLACE INTO songs (id,title,subtitle,lang,country,period,year,source,notes,lyrics,tags_json,lang_locked,status,created_at,updated_at) VALUES ('pisniua_3424','Червона рута','Музика: Володимир Івасюк Слова: Володимир Івасюк. Виконує: Софія Ротару, Назарій Яремчук, Василь Зінкевич, Смерічка, Рушничок, Володимир Івасюк, Карпати','uk','ukraine_before_1917',NULL,NULL,'Червона рута. Пісенник. Київ, Музична Україна, 1993','У виконання гурту Рушничок: http://chomikuj.pl/WDR/Muzyka+Ukrai*c5*84ska/Narodowa+-+Folk+-+Regionalna/Rushnychok Підбір акордів: Володимир Івасюк','Gm
Ти признайся мені,
D7
Звідки в тебе ті чари,
Cm
Я без тебе всі дні
У полоні печалі.
Може, десь у лісах
F
Ти чар-зілля шукала,
F7
Сонце-руту знайшла
І мене зчарувала?
Приспів:
Червону руту
Не шукай вечорами, -
Ти у ме_не єдина,
7
Тільки ти, повір.
Бо твоя врода -
То є чистая вода,
То є би_страя вода
З синіх гір.
Бачу я тебе в снах,
У дібровах зелених
По забутих стежках
Ти приходиш до мене.
І не треба нести
Мені квітку надії,
Бо давно уже ти
Увійшла в мої мрії.
Приспів:
Червону руту
Не шукай вечорами, -
Ти у ме_не єдина,
7
Тільки ти, повір.
Бо твоя врода -
То є чистая вода,
То є би_страя вода
Gm
З синіх гір.
7
То є би_страя вода
З синіх гір.','["pisni.org.ua", "cat:lirychni", "Пісні про кохання, ліричні"]',1,'published',COALESCE((SELECT created_at FROM songs WHERE id='pisniua_3424'), datetime('now')),datetime('now'));
INSERT OR REPLACE INTO songs_fts(song_id,title,lyrics) VALUES ('pisniua_3424','Червона рута','Gm
Ти признайся мені,
D7
Звідки в тебе ті чари,
Cm
Я без тебе всі дні
У полоні печалі.
Може, десь у лісах
F
Ти чар-зілля шукала,
F7
Сонце-руту знайшла
І мене зчарувала?
Приспів:
Червону руту
Не шукай вечорами, -
Ти у ме_не єдина,
7
Тільки ти, повір.
Бо твоя врода -
То є чистая вода,
То є би_страя вода
З синіх гір.
Бачу я тебе в снах,
У дібровах зелених
По забутих стежках
Ти приходиш до мене.
І не треба нести
Мені квітку надії,
Бо давно уже ти
Увійшла в мої мрії.
Приспів:
Червону руту
Не шукай вечорами, -
Ти у ме_не єдина,
7
Тільки ти, повір.
Бо твоя врода -
То є чистая вода,
То є би_страя вода
Gm
З синіх гір.
7
То є би_страя вода
З синіх гір.');
INSERT OR REPLACE INTO song_links (id,song_id,title,url,kind,version_id,sort_order) VALUES ('pisniua_3424_l1','pisniua_3424','YouTube','https://www.youtube.com/watch?v=UGcx8zkdsVU','video',NULL,1);
INSERT OR REPLACE INTO song_links (id,song_id,title,url,kind,version_id,sort_order) VALUES ('pisniua_3424_l2','pisniua_3424','YouTube','https://www.youtube.com/watch?v=1ee9j--j6ko','video',NULL,2);
INSERT OR REPLACE INTO song_links (id,song_id,title,url,kind,version_id,sort_order) VALUES ('pisniua_3424_l3','pisniua_3424','YouTube','https://www.youtube.com/watch?v=t6nXzkzh5x4','video',NULL,3);
INSERT OR REPLACE INTO song_links (id,song_id,title,url,kind,version_id,sort_order) VALUES ('pisniua_3424_l4','pisniua_3424','YouTube','https://www.youtube.com/watch?v=rS1ORVWrGPA','video',NULL,4);
INSERT OR REPLACE INTO song_links (id,song_id,title,url,kind,version_id,sort_order) VALUES ('pisniua_3424_l5','pisniua_3424','YouTube','https://www.youtube.com/watch?v=o6UoI4jqyU4','video',NULL,5);
INSERT OR REPLACE INTO song_links (id,song_id,title,url,kind,version_id,sort_order) VALUES ('pisniua_3424_l6','pisniua_3424','YouTube','https://www.youtube.com/watch?v=aKfAmqsFd4k','video',NULL,6);
INSERT OR REPLACE INTO song_links (id,song_id,title,url,kind,version_id,sort_order) VALUES ('pisniua_3424_l7','pisniua_3424','YouTube','https://www.youtube.com/watch?v=WxEtfv0aaIQ','video',NULL,7);
INSERT OR REPLACE INTO song_links (id,song_id,title,url,kind,version_id,sort_order) VALUES ('pisniua_3424_l8','pisniua_3424','YouTube','https://www.youtube.com/watch?v=_CbByQwgWK4','video',NULL,8);
INSERT OR REPLACE INTO song_links (id,song_id,title,url,kind,version_id,sort_order) VALUES ('pisniua_3424_l9','pisniua_3424','YouTube','https://www.youtube.com/watch?v=rK3HCvTdK68','video',NULL,9);
INSERT OR REPLACE INTO song_links (id,song_id,title,url,kind,version_id,sort_order) VALUES ('pisniua_3424_l10','pisniua_3424','YouTube','https://www.youtube.com/watch?v=hPI5l-hFXAE','video',NULL,10);
INSERT OR REPLACE INTO song_links (id,song_id,title,url,kind,version_id,sort_order) VALUES ('pisniua_3424_l11','pisniua_3424','YouTube','https://www.youtube.com/watch?v=tnEggXLLRn8','video',NULL,11);
INSERT OR REPLACE INTO song_links (id,song_id,title,url,kind,version_id,sort_order) VALUES ('pisniua_3424_l12','pisniua_3424','YouTube','https://www.youtube.com/watch?v=YBlJtUMWCVs','video',NULL,12);
INSERT OR REPLACE INTO song_links (id,song_id,title,url,kind,version_id,sort_order) VALUES ('pisniua_3424_l13','pisniua_3424','Переглянути варіанти >>','https://www.pisni.org.ua/#variants','external',NULL,13);
INSERT OR REPLACE INTO songs (id,title,subtitle,lang,country,period,year,source,notes,lyrics,tags_json,lang_locked,status,created_at,updated_at) VALUES ('pisniua_342560','Клофелін','Музика: Ігор Мельничук Слова: Ігор Мельничук. Виконує: Брати Гадюкіни','uk','ukraine_before_1917',NULL,NULL,NULL,NULL,'Четвертий день страждаю, мало їм,
Четвертий день в душі моїй печаль,
Як пригадаю теплу майську ніч
І нашу зустріч, і нічний трамвай.
Ми на "Конєчній" були вже на "ти",
Манив кущами нас весняний гай.
Купив "Чінзано" - навести панти.
Ти засміялась - буде всьо "ол райт".
Приспів:
Шо? Шо? Шось підлила до вина.
В міліції кажуть: "якийсь клофелін",
Бо обручка, получка і цепура
B        C(III)             G(III)
Щезли, як з білих яблунь дим.
Лівов руков обняв осиний стан,
Десь пів години м''яв твої вуста,
На лавці тісно, холодно в траві,
Остання думка тліла в голові.
А потім мрак!...і щезли всі вогні.
А потім світло - я лежу в кущах.
В руці бичок, віжать десь муравлі
І дві сльози на пом''ятих щоках.','["pisni.org.ua", "cat:lemkivski", "Лемківські пісні"]',1,'published',COALESCE((SELECT created_at FROM songs WHERE id='pisniua_342560'), datetime('now')),datetime('now'));
INSERT OR REPLACE INTO songs_fts(song_id,title,lyrics) VALUES ('pisniua_342560','Клофелін','Четвертий день страждаю, мало їм,
Четвертий день в душі моїй печаль,
Як пригадаю теплу майську ніч
І нашу зустріч, і нічний трамвай.
Ми на "Конєчній" були вже на "ти",
Манив кущами нас весняний гай.
Купив "Чінзано" - навести панти.
Ти засміялась - буде всьо "ол райт".
Приспів:
Шо? Шо? Шось підлила до вина.
В міліції кажуть: "якийсь клофелін",
Бо обручка, получка і цепура
B        C(III)             G(III)
Щезли, як з білих яблунь дим.
Лівов руков обняв осиний стан,
Десь пів години м''яв твої вуста,
На лавці тісно, холодно в траві,
Остання думка тліла в голові.
А потім мрак!...і щезли всі вогні.
А потім світло - я лежу в кущах.
В руці бичок, віжать десь муравлі
І дві сльози на пом''ятих щоках.');
INSERT OR REPLACE INTO songs (id,title,subtitle,lang,country,period,year,source,notes,lyrics,tags_json,lang_locked,status,created_at,updated_at) VALUES ('pisniua_3430168','Дякуємо учителю','Українська народна пісня','uk','ukraine_before_1917',NULL,NULL,'аудіозапис',NULL,'Наступає жовта осінь,
Шкільний дзвоник у дворі.
Вже пора, пора до школи -
Нагадає дітворі!
Нас учитель зустрічає
І проводить у наш клас,
Вчитель так багато знає
І навчить цьому всіх нас!

Приспів:
Учитель шановний,
Дякуймо за все тобі!
І знову до школи
Вчитися прийшли всі ми!

Ми так хочемо все знати,
Не боятися питань,
І оцінки гарні мати
При оцінюванні знань!
Ваша усмішка, учитель,
Зігріває весь наш клас!
І бажаємо вам щиро -
Усміхайтесь кожен раз!

Приспів.','["pisni.org.ua", "cat:shkilni", "Пісні про школу"]',1,'published',COALESCE((SELECT created_at FROM songs WHERE id='pisniua_3430168'), datetime('now')),datetime('now'));
INSERT OR REPLACE INTO songs_fts(song_id,title,lyrics) VALUES ('pisniua_3430168','Дякуємо учителю','Наступає жовта осінь,
Шкільний дзвоник у дворі.
Вже пора, пора до школи -
Нагадає дітворі!
Нас учитель зустрічає
І проводить у наш клас,
Вчитель так багато знає
І навчить цьому всіх нас!

Приспів:
Учитель шановний,
Дякуймо за все тобі!
І знову до школи
Вчитися прийшли всі ми!

Ми так хочемо все знати,
Не боятися питань,
І оцінки гарні мати
При оцінюванні знань!
Ваша усмішка, учитель,
Зігріває весь наш клас!
І бажаємо вам щиро -
Усміхайтесь кожен раз!

Приспів.');
INSERT OR REPLACE INTO song_links (id,song_id,title,url,kind,version_id,sort_order) VALUES ('pisniua_3430168_l1','pisniua_3430168','YouTube','https://www.youtube.com/watch?v=Cd1yn_FrvcI','video',NULL,1);
INSERT OR REPLACE INTO songs (id,title,subtitle,lang,country,period,year,source,notes,lyrics,tags_json,lang_locked,status,created_at,updated_at) VALUES ('pisniua_3424626','Перша вчителька','Музика: Руслана Ваврик Слова: Руслана Ваврик','uk','ukraine_1991',NULL,NULL,'аудіозапис',NULL,'Нас знову зустрічає школа
І перша вчителька моя,
Вона усім допомагала
І вела нас у перший клас!
Буквар читали і писали
На дошці крейдою слова,
Її науку пам''ятали.
Дорогу у життя дала!

Приспів:
Все тепло і любов,
Що ви нам дарували,
У житті пронесемо з добром!
І спасибі за те,
Що мудрішими стали!
Перша вчителько,
Вам наш уклін!

Навчили рідних шанувати,
Любити щедро рідний край.
Добром усім допомагати
За все, за все пошана вам!
І поки ще ніхто не бачить
Тихенько скотиться сльоза,
Коли ми з вами ростаємось
Тепер уже на все життя!..

Приспів.','["pisni.org.ua", "cat:devoted", "cat:shkilni", "Пісні присвячені окремим особам", "Пісні про школу"]',1,'published',COALESCE((SELECT created_at FROM songs WHERE id='pisniua_3424626'), datetime('now')),datetime('now'));
INSERT OR REPLACE INTO songs_fts(song_id,title,lyrics) VALUES ('pisniua_3424626','Перша вчителька','Нас знову зустрічає школа
І перша вчителька моя,
Вона усім допомагала
І вела нас у перший клас!
Буквар читали і писали
На дошці крейдою слова,
Її науку пам''ятали.
Дорогу у життя дала!

Приспів:
Все тепло і любов,
Що ви нам дарували,
У житті пронесемо з добром!
І спасибі за те,
Що мудрішими стали!
Перша вчителько,
Вам наш уклін!

Навчили рідних шанувати,
Любити щедро рідний край.
Добром усім допомагати
За все, за все пошана вам!
І поки ще ніхто не бачить
Тихенько скотиться сльоза,
Коли ми з вами ростаємось
Тепер уже на все життя!..

Приспів.');
INSERT OR REPLACE INTO song_links (id,song_id,title,url,kind,version_id,sort_order) VALUES ('pisniua_3424626_l1','pisniua_3424626','YouTube','https://www.youtube.com/watch?v=S4yF-yrvWJQ','video',NULL,1);
INSERT OR REPLACE INTO songs (id,title,subtitle,lang,country,period,year,source,notes,lyrics,tags_json,lang_locked,status,created_at,updated_at) VALUES ('pisniua_343766','Там за Селом Дражка высипана','(Моя Мила де Ты была вчера). Українська народна пісня','uk','ukraine_before_1917',NULL,NULL,'1. Лемківські співанки. Зібрав і упорядкував М. Соболевський. — К.: Музична Україна, 1967. — 320 с. 2. Туристський пісенник "Там на Лемковині помедже горами". - Літо, 1981.','Пісня з добірки М.Соболевського: Лемківські співанки Акорди подані за джерелом 2. Діалектизми: быв, была, было - був, була, було; глядати - шукати; го - його; дражка - доріжка, стежка; єй - її; же - що; колька - колики в животі; най го колька сколе - прокльон; кравы - корови; млачка - калабаня, мочар від талого снігу чи дощової води; мя - мене; осмий - восьмий; на осмим - на восьмому; студенка - криничка; студенку-єм брала - криничку я копала; ты - ти; тот - той; тя - тебе.','Там за Селом Дражка высипана
Ходит по ней Мила заплакана
Ходит-ходит Ручкы заламує        |
Же єй Милий дома не ночує        | (2)

Моя Мила де Ты была вчера ?
Гей быв я там не было Тя дома
Ой я пасла при Дунаю Кравы       |
Де не было за сім рочків Трави   | (2)

Моя Мила де Ты была вчера ?
Гей быв я там не было Тя дома
Ой я пасла при Дунаю Качкы       |
Де не было за сім рочків Млачки  | (2)

Моя Мила де Ты была вчера ?
Гей быв я там не было Тя дома
Ой я пасла при Дунаю Гусы        |
Хто мя любив Тот мя взяти мусит  | (2)

Моя Мила де Ты была вчера ?
Гей быв я там не было Тя дома
Ой я пасла при Дунаю Волы        |
Хто мя лишив най Го колька сколе | (2)
Відміна:

Моя мила де Ты вчера была ?
Я Тя глядав дома Тя не было
Я Тя глядав Мати Тя глядала      |
Ты за Дунай Воликы погнала       | (2)

А я пасла за Дунайом Волы
Де не было за сім років Трави
А на осмим Травиця виросла       |
Там я собі Воликы попасла        | (2)

На дев''ятий студенку-єм брала
На десятий Волы напувала
А пасла я за Дунайом Гусы        |
Хто мя любив Тот мя взяти мусів  | (2)
Акорди:
Там за Селом Дражка высипана
Ходит по ней Мила заплакана
Ходит-ходит Ручкы заламує        | (2)
Же єй Милий дома не ночує        |','["pisni.org.ua", "cat:lemkivski", "Лемківські пісні"]',1,'published',COALESCE((SELECT created_at FROM songs WHERE id='pisniua_343766'), datetime('now')),datetime('now'));
INSERT OR REPLACE INTO songs_fts(song_id,title,lyrics) VALUES ('pisniua_343766','Там за Селом Дражка высипана','Там за Селом Дражка высипана
Ходит по ней Мила заплакана
Ходит-ходит Ручкы заламує        |
Же єй Милий дома не ночує        | (2)

Моя Мила де Ты была вчера ?
Гей быв я там не было Тя дома
Ой я пасла при Дунаю Кравы       |
Де не было за сім рочків Трави   | (2)

Моя Мила де Ты была вчера ?
Гей быв я там не было Тя дома
Ой я пасла при Дунаю Качкы       |
Де не было за сім рочків Млачки  | (2)

Моя Мила де Ты была вчера ?
Гей быв я там не было Тя дома
Ой я пасла при Дунаю Гусы        |
Хто мя любив Тот мя взяти мусит  | (2)

Моя Мила де Ты была вчера ?
Гей быв я там не было Тя дома
Ой я пасла при Дунаю Волы        |
Хто мя лишив най Го колька сколе | (2)
Відміна:

Моя мила де Ты вчера была ?
Я Тя глядав дома Тя не было
Я Тя глядав Мати Тя глядала      |
Ты за Дунай Воликы погнала       | (2)

А я пасла за Дунайом Волы
Де не было за сім років Трави
А на осмим Травиця виросла       |
Там я собі Воликы попасла        | (2)

На дев''ятий студенку-єм брала
На десятий Волы напувала
А пасла я за Дунайом Гусы        |
Хто мя любив Тот мя взяти мусів  | (2)
Акорди:
Там за Селом Дражка высипана
Ходит по ней Мила заплакана
Ходит-ходит Ручкы заламує        | (2)
Же єй Милий дома не ночує        |');
INSERT OR REPLACE INTO song_links (id,song_id,title,url,kind,version_id,sort_order) VALUES ('pisniua_343766_l1','pisniua_343766','Переглянути варіанти >>','https://www.pisni.org.ua/#variants','external',NULL,1);
INSERT OR REPLACE INTO songs (id,title,subtitle,lang,country,period,year,source,notes,lyrics,tags_json,lang_locked,status,created_at,updated_at) VALUES ('pisniua_343626','Спогад','(Поїзд із Варшави). Музика: Володимир Верменич Слова: Ліна Костенко. Виконує: Валентина Купріна','uk','ukraine_1991',NULL,'2005','1. Сто улюблених пісень. Упорядкування, вступна стаття І. І. Осташа. - К.: Музична Україна, 1992. - 234 с.','Текст польською "Co Komu do tego, ze my tak kochamy" читається так: Цо кому до теґо, же ми так кохами. Висловлювання: Як Ліна Костенко стала народом У сімдесяті роки ХХ століття з''явилася й одразу стала популярною лірична пісня "Спогад". Володимир Верменич не втримався й поклав на музику вірш Ліни Костенко, який ніби просився на неї. У ньому розповідалося про нещасливе "інтернаціональне" кохання українки і поляка. Шкода, що нині пісню мало хто пам''ятає. Бо тоді слова: "Поїзд із Варшави спогади навіяв, я на Україні згадую тебе..." по кілька разів на день звучали по радіо. Особливою ж популярністю твір користувався у Польщі. А Ліна Костенко, як відомо, у нас була опальною. І тоді, щоб не забороняти улюблену багатьма пісню, в концертах почали оголошувати: "Музика – Володимира Верменича, слова – народні". Ліна Василівна свого авторства не обстоювала й не ображалася, бо хоча б у такий спосіб мала змогу зі своєю поезією виходити на широкий загал. — Ольга Стоян, "Як на ті чорнобривці погляну..." — Газета Вечірній Київ №152(17563): П''ятниця, 19 серпня 2005 року. Джерело: http://www.vechirka.kiev.ua/article.php?id_article=5053','Поїзд із Варшави спогади навіяв,
Я ж на Україні згадую тебе.
Ти співав для мене пісню вечорами:    |(2)
Co komu do tego, ze my tak kohamy!    |

Поїзд із Варшави мчить крізь моє серце,
Сто доріг між нами, а печаль одна.
Іншого цілую, а бринить сльозами:     |(2)
Co komu do tego, ze my tak kohamy!    |

Я люблю, коханий, Київ і Варшаву,
Але батьківщина в кожного одна.
І минають роки, роки за роками...     |(2)
Co komu do tego, ze my tak kohamy!    |','["pisni.org.ua", "cat:nostalgia", "cat:romansy", "Пісні з ностальгічними мотивами", "Романси"]',1,'published',COALESCE((SELECT created_at FROM songs WHERE id='pisniua_343626'), datetime('now')),datetime('now'));
INSERT OR REPLACE INTO songs_fts(song_id,title,lyrics) VALUES ('pisniua_343626','Спогад','Поїзд із Варшави спогади навіяв,
Я ж на Україні згадую тебе.
Ти співав для мене пісню вечорами:    |(2)
Co komu do tego, ze my tak kohamy!    |

Поїзд із Варшави мчить крізь моє серце,
Сто доріг між нами, а печаль одна.
Іншого цілую, а бринить сльозами:     |(2)
Co komu do tego, ze my tak kohamy!    |

Я люблю, коханий, Київ і Варшаву,
Але батьківщина в кожного одна.
І минають роки, роки за роками...     |(2)
Co komu do tego, ze my tak kohamy!    |');
INSERT OR REPLACE INTO song_links (id,song_id,title,url,kind,version_id,sort_order) VALUES ('pisniua_343626_l1','pisniua_343626','YouTube','https://www.youtube.com/watch?v=nu1mB8Qzn6o','video',NULL,1);
INSERT OR REPLACE INTO song_links (id,song_id,title,url,kind,version_id,sort_order) VALUES ('pisniua_343626_l2','pisniua_343626','YouTube','https://www.youtube.com/watch?v=rYNjD5PwqhE','video',NULL,2);
INSERT OR REPLACE INTO song_links (id,song_id,title,url,kind,version_id,sort_order) VALUES ('pisniua_343626_l3','pisniua_343626','Переглянути варіанти >>','https://www.pisni.org.ua/#variants','external',NULL,3);
INSERT OR REPLACE INTO songs (id,title,subtitle,lang,country,period,year,source,notes,lyrics,tags_json,lang_locked,status,created_at,updated_at) VALUES ('pisniua_3433323','Журавлі, як відлітають...','Українська народна пісня. Виконує: Марія Дорош','uk','ukraine_before_1917',NULL,NULL,'аудіозапис',NULL,'Журавлі, як відлітають,
Їх курликання сумне...
Навесні прилинуть знову    |
Та не буде вже тебе...     | (2)

Жовте листя опадає,
І на зиму сад засне...
Навесні розквітне знову    |
Та не буде вже тебе...     | (2)

Ой, як скоро все минає,
Хто посіяв, - той пожне...
Будуть дні благословенні   |
Та не буде вже тебе...     | (2)

Як настане святий вечір,
Вся родина ся зійде,
Посідають до вечері,       |
Та не буде вже тебе...     | (2)

Як прийде Різдво Христове
І Бог хор там наш прийме,
Будуть всі колядувати,     |
Та не буде вже тебе...     | (2)

Як прийде Святий Великдень,
Дзвін до церкви всіх гукне.
Христос Воскрес! -         |
Всі заспівають,            |
Та не буде вже тебе...     | (2)

А хто прийде на могилу -
Та травою заросте,
Всіх будуть там споминати, |
Спом''яніть і всі мене...   | (2)','["pisni.org.ua", "cat:nostalgia", "Пісні з ностальгічними мотивами"]',1,'published',COALESCE((SELECT created_at FROM songs WHERE id='pisniua_3433323'), datetime('now')),datetime('now'));
INSERT OR REPLACE INTO songs_fts(song_id,title,lyrics) VALUES ('pisniua_3433323','Журавлі, як відлітають...','Журавлі, як відлітають,
Їх курликання сумне...
Навесні прилинуть знову    |
Та не буде вже тебе...     | (2)

Жовте листя опадає,
І на зиму сад засне...
Навесні розквітне знову    |
Та не буде вже тебе...     | (2)

Ой, як скоро все минає,
Хто посіяв, - той пожне...
Будуть дні благословенні   |
Та не буде вже тебе...     | (2)

Як настане святий вечір,
Вся родина ся зійде,
Посідають до вечері,       |
Та не буде вже тебе...     | (2)

Як прийде Різдво Христове
І Бог хор там наш прийме,
Будуть всі колядувати,     |
Та не буде вже тебе...     | (2)

Як прийде Святий Великдень,
Дзвін до церкви всіх гукне.
Христос Воскрес! -         |
Всі заспівають,            |
Та не буде вже тебе...     | (2)

А хто прийде на могилу -
Та травою заросте,
Всіх будуть там споминати, |
Спом''яніть і всі мене...   | (2)');
INSERT OR REPLACE INTO song_links (id,song_id,title,url,kind,version_id,sort_order) VALUES ('pisniua_3433323_l1','pisniua_3433323','YouTube','https://www.youtube.com/watch?v=a8nPG_J8Dc4','video',NULL,1);
INSERT OR REPLACE INTO songs (id,title,subtitle,lang,country,period,year,source,notes,lyrics,tags_json,lang_locked,status,created_at,updated_at) VALUES ('pisniua_343467','Во Вифлеємі Зоря Сіяє...','Українська народна пісня. Виконує: Капела бандуристок Дзвінга','uk','ukraine_before_1917',NULL,NULL,NULL,NULL,'Во Вифлеємі зоря сіяє, там грають, грають.
Грають ангели на щирозлотій бандурі,
Грають ангели на щирозлотій бандурі.

Пречиста Діва Сина раждає, там грають, грають.
Грають царіє на щиросрібній бандурі,
Грають царіє на щиросрібній бандурі.

Сина родила, в яслах сповила,там грають, грають.
Грають пастирі на мідянії бандурі,
Грають пастирі на мідянії бандурі.

В яслах сповила, Йсусом нарекла, там грають, грають.
Грають кобзарі на ясеновій бандурі,
Грають кобзарі на ясеновій бандурі.

Сину дорогий, таж це нарід твій, Дай Боже, Боже.
Щастя, свободу, долю народу, Дай Боже,
Щастя, свободу, долю народу, Дай Боже','["pisni.org.ua", "cat:christian", "cat:kolyadky", "cat:narodni", "Пісні на християнську тематику", "Колядки", "Народні пісні"]',1,'published',COALESCE((SELECT created_at FROM songs WHERE id='pisniua_343467'), datetime('now')),datetime('now'));
INSERT OR REPLACE INTO songs_fts(song_id,title,lyrics) VALUES ('pisniua_343467','Во Вифлеємі Зоря Сіяє...','Во Вифлеємі зоря сіяє, там грають, грають.
Грають ангели на щирозлотій бандурі,
Грають ангели на щирозлотій бандурі.

Пречиста Діва Сина раждає, там грають, грають.
Грають царіє на щиросрібній бандурі,
Грають царіє на щиросрібній бандурі.

Сина родила, в яслах сповила,там грають, грають.
Грають пастирі на мідянії бандурі,
Грають пастирі на мідянії бандурі.

В яслах сповила, Йсусом нарекла, там грають, грають.
Грають кобзарі на ясеновій бандурі,
Грають кобзарі на ясеновій бандурі.

Сину дорогий, таж це нарід твій, Дай Боже, Боже.
Щастя, свободу, долю народу, Дай Боже,
Щастя, свободу, долю народу, Дай Боже');
INSERT OR REPLACE INTO song_links (id,song_id,title,url,kind,version_id,sort_order) VALUES ('pisniua_343467_l1','pisniua_343467','YouTube','https://www.youtube.com/watch?v=aBfu2Dluk9s','video',NULL,1);
INSERT OR REPLACE INTO song_links (id,song_id,title,url,kind,version_id,sort_order) VALUES ('pisniua_343467_l2','pisniua_343467','YouTube','https://www.youtube.com/watch?v=-bs2ik89H4k','video',NULL,2);
INSERT OR REPLACE INTO songs (id,title,subtitle,lang,country,period,year,source,notes,lyrics,tags_json,lang_locked,status,created_at,updated_at) VALUES ('pisniua_3437222','Дивная новина','Слова: Васиь Чопей','uk','ukraine_1991',NULL,NULL,'авторське подання',NULL,'В небі зірка засвітила,
Засвітила неспроста.
Всьому світу сповістила
День народження Христа!

Приспів:
І ця дивная новина
Облетіла весь наш край!
Колядує Україна:
Господарю, відкривай!
Будемо колядувати
На многа і блага літ!
Христа Бога величати,
Прославляти на весь світ!

Три царі тоді зі Сходу
В даль за зіркою пішли!
Нова радість для народу -
В печері Христа знайшли!

Приспів.

І, щоб кожен веселився,
Ми співаємо пісень!
Христос Бог наш народився,
Народився у цей день!

Приспів.','["pisni.org.ua", "cat:suchasni-pisni-rizdvo", "Сучасні пісні про Різдвяні свята"]',1,'published',COALESCE((SELECT created_at FROM songs WHERE id='pisniua_3437222'), datetime('now')),datetime('now'));
INSERT OR REPLACE INTO songs_fts(song_id,title,lyrics) VALUES ('pisniua_3437222','Дивная новина','В небі зірка засвітила,
Засвітила неспроста.
Всьому світу сповістила
День народження Христа!

Приспів:
І ця дивная новина
Облетіла весь наш край!
Колядує Україна:
Господарю, відкривай!
Будемо колядувати
На многа і блага літ!
Христа Бога величати,
Прославляти на весь світ!

Три царі тоді зі Сходу
В даль за зіркою пішли!
Нова радість для народу -
В печері Христа знайшли!

Приспів.

І, щоб кожен веселився,
Ми співаємо пісень!
Христос Бог наш народився,
Народився у цей день!

Приспів.');
INSERT OR REPLACE INTO songs (id,title,subtitle,lang,country,period,year,source,notes,lyrics,tags_json,lang_locked,status,created_at,updated_at) VALUES ('pisniua_3425663','Давай начистоту','Музика: KALUSH, Skofka Слова: KALUSH, Skofka. Виконує: KALUSH, Skofka','uk','ukraine_1991',NULL,NULL,'аудіозапис',NULL,'Приспів:
Давай на чистоту,                         |
Сядем разом на мосту                      |
І побазарим зараз тут,                    |
Хай старі рани заростуть!..               | (2)

Розкажи, друг, шо не так?
Де пропадаєш так давно?
Може, я провтикав літак,
А ти літаєш наді мною?..
Куди звонить? Дай цифри,
По яким ти в зоні доступу!
Ми сядем в тачку, газ до поліка,
В полі пу-пу-пу в пустоту...
Давай забудемо обіди, братан,
Напишем на папері, викинем за паркан,
Будем думать, шо це був невдалий пранк,
Залетим в клуб і сядем за один танк.
Друже, я за тобой скучав!.. Давай
Намутим голку і надуєм м''яча!..
А помниш той чат? Під вікном кричать!
Як на ЧуВаЧі ми ділили дівчат!..

Приспів.

Ми самі обманули... Ми самі до сивини...  |
Розумієм, но-но-но-но-но правда колить... | (2)

Біля мене кругом були, ніби брудні вікна
І тупік, там всі дома, склонилися на бік...
Після пари промахів вже недовіра вічна,
Мені звично тільки віч-на-віч...
Я повторю знову тобі: будь "тру", бо так
Тупо, всі потуги в ступор завели панти тебе,
Це фейковий рупор, дружбі це штопор затуп...

Я не в пантах, от не дивина!              |
Не попав в пастку,                        |
Просто я людей думок знов!.. Знов!..      | (2)

Приспів.','["pisni.org.ua", "cat:druzhba", "Пісні про дружбу"]',1,'published',COALESCE((SELECT created_at FROM songs WHERE id='pisniua_3425663'), datetime('now')),datetime('now'));
INSERT OR REPLACE INTO songs_fts(song_id,title,lyrics) VALUES ('pisniua_3425663','Давай начистоту','Приспів:
Давай на чистоту,                         |
Сядем разом на мосту                      |
І побазарим зараз тут,                    |
Хай старі рани заростуть!..               | (2)

Розкажи, друг, шо не так?
Де пропадаєш так давно?
Може, я провтикав літак,
А ти літаєш наді мною?..
Куди звонить? Дай цифри,
По яким ти в зоні доступу!
Ми сядем в тачку, газ до поліка,
В полі пу-пу-пу в пустоту...
Давай забудемо обіди, братан,
Напишем на папері, викинем за паркан,
Будем думать, шо це був невдалий пранк,
Залетим в клуб і сядем за один танк.
Друже, я за тобой скучав!.. Давай
Намутим голку і надуєм м''яча!..
А помниш той чат? Під вікном кричать!
Як на ЧуВаЧі ми ділили дівчат!..

Приспів.

Ми самі обманули... Ми самі до сивини...  |
Розумієм, но-но-но-но-но правда колить... | (2)

Біля мене кругом були, ніби брудні вікна
І тупік, там всі дома, склонилися на бік...
Після пари промахів вже недовіра вічна,
Мені звично тільки віч-на-віч...
Я повторю знову тобі: будь "тру", бо так
Тупо, всі потуги в ступор завели панти тебе,
Це фейковий рупор, дружбі це штопор затуп...

Я не в пантах, от не дивина!              |
Не попав в пастку,                        |
Просто я людей думок знов!.. Знов!..      | (2)

Приспів.');
INSERT OR REPLACE INTO song_links (id,song_id,title,url,kind,version_id,sort_order) VALUES ('pisniua_3425663_l1','pisniua_3425663','YouTube','https://www.youtube.com/watch?v=sr-GqKwhihE','video',NULL,1);
INSERT OR REPLACE INTO songs (id,title,subtitle,lang,country,period,year,source,notes,lyrics,tags_json,lang_locked,status,created_at,updated_at) VALUES ('pisniua_3434364','У просторий світлий зал','Українська народна пісня','uk','ukraine_before_1917',NULL,NULL,'аудіозапис',NULL,'У просторий світлий зал
Всіх ялинка кличе,
Зустрічає дітвора
Свято новорічне!

Приспів:
В дружнім колі ми йдемо |
І співаєм дзвінко!      |
Дуже добре танцювати    |
Дітям круг ялинки!      | (2)

Всюди сяйво золоте,
Іграшок багато,
З Новим роком всіх гостей
Будемо вітати!

Приспів.','["pisni.org.ua", "cat:new-year", "Пісні про Новий Рік"]',1,'published',COALESCE((SELECT created_at FROM songs WHERE id='pisniua_3434364'), datetime('now')),datetime('now'));
INSERT OR REPLACE INTO songs_fts(song_id,title,lyrics) VALUES ('pisniua_3434364','У просторий світлий зал','У просторий світлий зал
Всіх ялинка кличе,
Зустрічає дітвора
Свято новорічне!

Приспів:
В дружнім колі ми йдемо |
І співаєм дзвінко!      |
Дуже добре танцювати    |
Дітям круг ялинки!      | (2)

Всюди сяйво золоте,
Іграшок багато,
З Новим роком всіх гостей
Будемо вітати!

Приспів.');
INSERT OR REPLACE INTO song_links (id,song_id,title,url,kind,version_id,sort_order) VALUES ('pisniua_3434364_l1','pisniua_3434364','YouTube','https://www.youtube.com/watch?v=nvTOwC2XZfo','video',NULL,1);
INSERT OR REPLACE INTO song_links (id,song_id,title,url,kind,version_id,sort_order) VALUES ('pisniua_3434364_l2','pisniua_3434364','YouTube','https://www.youtube.com/watch?v=GKC1M1inhl0','video',NULL,2);
INSERT OR REPLACE INTO songs (id,title,subtitle,lang,country,period,year,source,notes,lyrics,tags_json,lang_locked,status,created_at,updated_at) VALUES ('pisniua_34467','Зажурилась Україна','Українська народна пісня','uk','ukraine_before_1917',NULL,NULL,NULL,NULL,'Зажурилась Україна,
Що нігде прожити:
Гей, витоптала орда кіньми
Маленькії діти.
Котрі молодії -
у полон забрато;
Як заняли, то й погнали
До пана, до хана.
Годі тобі, пане-брате,
Гринджоли малювати,
Бери шаблю гостру, довгу
Та йди воювати!
Ой, ти станеш на воротях,
А я в закаулку.
Дамо тому стиха лиха
Та вражому турку!
Ой, ти станеш з шабелькою,
А я з кулаками,
Ой, щоб слава не пропала
Проміж козаками,
Ой, козак до ружини,
Бурлака до дрюку:
Оце ж тобі, вражий турчин,
З душею розлука!','["pisni.org.ua", "cat:dumy", "cat:narodni", "cat:patriotic", "Думи", "Народні пісні", "Патріотичні пісні"]',1,'published',COALESCE((SELECT created_at FROM songs WHERE id='pisniua_34467'), datetime('now')),datetime('now'));
INSERT OR REPLACE INTO songs_fts(song_id,title,lyrics) VALUES ('pisniua_34467','Зажурилась Україна','Зажурилась Україна,
Що нігде прожити:
Гей, витоптала орда кіньми
Маленькії діти.
Котрі молодії -
у полон забрато;
Як заняли, то й погнали
До пана, до хана.
Годі тобі, пане-брате,
Гринджоли малювати,
Бери шаблю гостру, довгу
Та йди воювати!
Ой, ти станеш на воротях,
А я в закаулку.
Дамо тому стиха лиха
Та вражому турку!
Ой, ти станеш з шабелькою,
А я з кулаками,
Ой, щоб слава не пропала
Проміж козаками,
Ой, козак до ружини,
Бурлака до дрюку:
Оце ж тобі, вражий турчин,
З душею розлука!');
INSERT OR REPLACE INTO song_links (id,song_id,title,url,kind,version_id,sort_order) VALUES ('pisniua_34467_l1','pisniua_34467','Переглянути варіанти >>','https://www.pisni.org.ua/#variants','external',NULL,1);
INSERT OR REPLACE INTO songs (id,title,subtitle,lang,country,period,year,source,notes,lyrics,tags_json,lang_locked,status,created_at,updated_at) VALUES ('pisniua_3434222','Слухає Петрик','Слова: Михайло Маморський','uk','ukraine_1991',NULL,NULL,'аудіозапис',NULL,'Слухає Петрик, слухає Оля,
Чи не гуркоче літак з-понад поля,
Чи над їх домом не пролітає
Зі святим гостем, із Миколаєм.
Петрику, чуєш? Петрику, цить!
Ніби гуркоче... Ніби летить...
О, коло нашого дому затих...
Слухай, скрипить попід вікнами сніг!..

Слухає Лесик, слуха Ігорчик,
Чи не лунають здалеку дзвіночки,
Чи біле авто не заїжджає
Зі святим гостем, із Миколаєм.
Лесику, чуєш? Лесику, цить!
Там, за дверима, щось шелестить!
Може, по сходах ангел іде...
Може, на клямку руку кладе...

Діти чекають — і срібнії мрії
Тихо лягають на соннії вії...
Діти поснули — не чує Ігорчик,
Що залунали здалеку дзвіночки.
Діти не чують, діти вже сплять,
Тихо над ними зірки мерехтять.
З неба гостинці на ліжечка край
Тихо складає святий Миколай...','["pisni.org.ua", "cat:svyatyy-mykolay", "Пісні про Святого Миколая"]',1,'published',COALESCE((SELECT created_at FROM songs WHERE id='pisniua_3434222'), datetime('now')),datetime('now'));
INSERT OR REPLACE INTO songs_fts(song_id,title,lyrics) VALUES ('pisniua_3434222','Слухає Петрик','Слухає Петрик, слухає Оля,
Чи не гуркоче літак з-понад поля,
Чи над їх домом не пролітає
Зі святим гостем, із Миколаєм.
Петрику, чуєш? Петрику, цить!
Ніби гуркоче... Ніби летить...
О, коло нашого дому затих...
Слухай, скрипить попід вікнами сніг!..

Слухає Лесик, слуха Ігорчик,
Чи не лунають здалеку дзвіночки,
Чи біле авто не заїжджає
Зі святим гостем, із Миколаєм.
Лесику, чуєш? Лесику, цить!
Там, за дверима, щось шелестить!
Може, по сходах ангел іде...
Може, на клямку руку кладе...

Діти чекають — і срібнії мрії
Тихо лягають на соннії вії...
Діти поснули — не чує Ігорчик,
Що залунали здалеку дзвіночки.
Діти не чують, діти вже сплять,
Тихо над ними зірки мерехтять.
З неба гостинці на ліжечка край
Тихо складає святий Миколай...');
INSERT OR REPLACE INTO songs (id,title,subtitle,lang,country,period,year,source,notes,lyrics,tags_json,lang_locked,status,created_at,updated_at) VALUES ('pisniua_3449663','А вже сонце западає',NULL,'uk','ukraine_before_1917',NULL,NULL,'аудіозапис',NULL,'А вже сонце западає,
Пан нам роботу закладає,
Бодай пана громи били,
Як ми рученьки потомили.
Ручки й ніжки потомили,
Тобі, пане, не  вгодили.

Бодай пан їв — не наївся,
Бодай пан пив — не напився,
В ложці води утопився,
А якщо ні, то вдавився.','["pisni.org.ua", "cat:obzhynkovi", "Обжинкові пісні"]',1,'published',COALESCE((SELECT created_at FROM songs WHERE id='pisniua_3449663'), datetime('now')),datetime('now'));
INSERT OR REPLACE INTO songs_fts(song_id,title,lyrics) VALUES ('pisniua_3449663','А вже сонце западає','А вже сонце западає,
Пан нам роботу закладає,
Бодай пана громи били,
Як ми рученьки потомили.
Ручки й ніжки потомили,
Тобі, пане, не  вгодили.

Бодай пан їв — не наївся,
Бодай пан пив — не напився,
В ложці води утопився,
А якщо ні, то вдавився.');
INSERT OR REPLACE INTO songs (id,title,subtitle,lang,country,period,year,source,notes,lyrics,tags_json,lang_locked,status,created_at,updated_at) VALUES ('pisniua_3438869','Нумо, друзі, з усіма!','Українська народна пісня','uk','ukraine_before_1917',NULL,NULL,'аудіозапис',NULL,'Нумо, друзі, з усіма
Заспіваймо пісню!
Завітало в наш садок
Свято Новорічне!

Приспів:
Хай звучить, хай звучить
Наша пісня дзвінко!
Скільки вогників горить,
Гляньте на ялинку!

Вся ялинка в іграшках,
Кульки, намистинки.
Сніг біліє на гілках,
І блищать сніжинки!

Приспів.

У танок веселий свій
Станемо, малята, -
Ми стрічаєм рік Новий -
Наше любе свято!

Приспів.','["pisni.org.ua", "cat:new-year", "Пісні про Новий Рік"]',1,'published',COALESCE((SELECT created_at FROM songs WHERE id='pisniua_3438869'), datetime('now')),datetime('now'));
INSERT OR REPLACE INTO songs_fts(song_id,title,lyrics) VALUES ('pisniua_3438869','Нумо, друзі, з усіма!','Нумо, друзі, з усіма
Заспіваймо пісню!
Завітало в наш садок
Свято Новорічне!

Приспів:
Хай звучить, хай звучить
Наша пісня дзвінко!
Скільки вогників горить,
Гляньте на ялинку!

Вся ялинка в іграшках,
Кульки, намистинки.
Сніг біліє на гілках,
І блищать сніжинки!

Приспів.

У танок веселий свій
Станемо, малята, -
Ми стрічаєм рік Новий -
Наше любе свято!

Приспів.');
INSERT OR REPLACE INTO song_links (id,song_id,title,url,kind,version_id,sort_order) VALUES ('pisniua_3438869_l1','pisniua_3438869','YouTube','https://www.youtube.com/watch?v=pfz-Er-JDPQ','video',NULL,1);
INSERT OR REPLACE INTO song_links (id,song_id,title,url,kind,version_id,sort_order) VALUES ('pisniua_3438869_l2','pisniua_3438869','YouTube','https://www.youtube.com/watch?v=3axr6rzPWlk','video',NULL,2);
INSERT OR REPLACE INTO songs (id,title,subtitle,lang,country,period,year,source,notes,lyrics,tags_json,lang_locked,status,created_at,updated_at) VALUES ('pisniua_3452364','Все буде Україна!','Музика: Олександр Шевченко (7TEEN’S) Слова: Мар''яна Ромась','uk','ukraine_1991',NULL,NULL,'аудіозапис',NULL,'Нас розділили кілометри країн,
В очах відлуння сотень чорних руїн,
Розбите серце, чути плач людей,
Агов, почуйте ви дітей!

Приспів:
Все буде Україна! Це моя земля!        |
Відправим вас слідом руськава карабля! |
Відновимо і виростимо нове зерно,      |
Бо кожному із нас далеко не всеодно!   | (2)

Єдності віра і кроки вперед,
Нам не страшні жахливі букви "Z",
Свобода слова та сильні солдати,
Будуть на варті стояти!
Все буде Україна!

Речитатив:
Це не урок історії,
І не розповідь діда,
Моя Україна тепер мов руїна!
Я бачу ракети, вмирають малі діти!
Чому наш дім повинен горіти?!!
Ми хочемо жити і мріємо
В вільній країні творити,
Де замість сирен лунають пісні,
А вибухи чути лиме у страшному сні!

Приспів.

Все буде Україна!','["pisni.org.ua", "cat:viyskovi", "Пісні на військову тематику"]',1,'published',COALESCE((SELECT created_at FROM songs WHERE id='pisniua_3452364'), datetime('now')),datetime('now'));
INSERT OR REPLACE INTO songs_fts(song_id,title,lyrics) VALUES ('pisniua_3452364','Все буде Україна!','Нас розділили кілометри країн,
В очах відлуння сотень чорних руїн,
Розбите серце, чути плач людей,
Агов, почуйте ви дітей!

Приспів:
Все буде Україна! Це моя земля!        |
Відправим вас слідом руськава карабля! |
Відновимо і виростимо нове зерно,      |
Бо кожному із нас далеко не всеодно!   | (2)

Єдності віра і кроки вперед,
Нам не страшні жахливі букви "Z",
Свобода слова та сильні солдати,
Будуть на варті стояти!
Все буде Україна!

Речитатив:
Це не урок історії,
І не розповідь діда,
Моя Україна тепер мов руїна!
Я бачу ракети, вмирають малі діти!
Чому наш дім повинен горіти?!!
Ми хочемо жити і мріємо
В вільній країні творити,
Де замість сирен лунають пісні,
А вибухи чути лиме у страшному сні!

Приспів.

Все буде Україна!');
INSERT OR REPLACE INTO song_links (id,song_id,title,url,kind,version_id,sort_order) VALUES ('pisniua_3452364_l1','pisniua_3452364','YouTube','https://www.youtube.com/watch?v=LOhcoyNGCkA','video',NULL,1);
INSERT OR REPLACE INTO songs (id,title,subtitle,lang,country,period,year,source,notes,lyrics,tags_json,lang_locked,status,created_at,updated_at) VALUES ('pisniua_3445323','Я кажу "НІ!" жахливій цій війні!','Музика: Наталя Могилевська Слова: Наталя Могилевська. Виконує: Наталя Могилевська','uk','ukraine_1991',NULL,NULL,'аудіозапис',NULL,'Вранці, коли всі спали,
Сни свої малювали,
Мріяли незабаром
Прийде весна,
В нашу країну зранку
З бомбами й на танках,
На літаках зухвало
Люта прийшла війна...

Приспів:
Я кажу "Ні!"
Жахливій цій війні
І бачу уві сні
Мирне небо!..
Я кажу "Ні!"
Країна у вогні
Та переможні дні
Йдуть до тебе!

Поглядом дні й ночі
Ми літаки збиваємо,
Ненавистю стріляймо
У ворогів!
Сльози даруєм Богу,
Віримо в перемогу!
Молимось, Україно,
За мужніх твоїх синів!

Приспів.','["pisni.org.ua", "cat:viyskovi", "Пісні на військову тематику"]',1,'published',COALESCE((SELECT created_at FROM songs WHERE id='pisniua_3445323'), datetime('now')),datetime('now'));
INSERT OR REPLACE INTO songs_fts(song_id,title,lyrics) VALUES ('pisniua_3445323','Я кажу "НІ!" жахливій цій війні!','Вранці, коли всі спали,
Сни свої малювали,
Мріяли незабаром
Прийде весна,
В нашу країну зранку
З бомбами й на танках,
На літаках зухвало
Люта прийшла війна...

Приспів:
Я кажу "Ні!"
Жахливій цій війні
І бачу уві сні
Мирне небо!..
Я кажу "Ні!"
Країна у вогні
Та переможні дні
Йдуть до тебе!

Поглядом дні й ночі
Ми літаки збиваємо,
Ненавистю стріляймо
У ворогів!
Сльози даруєм Богу,
Віримо в перемогу!
Молимось, Україно,
За мужніх твоїх синів!

Приспів.');
INSERT OR REPLACE INTO song_links (id,song_id,title,url,kind,version_id,sort_order) VALUES ('pisniua_3445323_l1','pisniua_3445323','YouTube','https://www.youtube.com/watch?v=UF02wDTfeZA','video',NULL,1);
INSERT OR REPLACE INTO songs (id,title,subtitle,lang,country,period,year,source,notes,lyrics,tags_json,lang_locked,status,created_at,updated_at) VALUES ('pisniua_3450261','А ти чекай!','Музика: Денис Супруненко, Віталій Лобач Слова: Тетяна Шершова','uk','ukraine_1991',NULL,NULL,'аудіозапис','Пісню виконують Денис Супруненко та Віталій Лобач.','Прийшла війна, страшна вона...
Земля здригнулась під ногами...
Сирени гул, німа весна,
Збираюсь в бій із ворогами!..
Дружині кілька слів:
Не плач! Молись,
З війни мене чекай!

А ти чекай і вір, моя кохана,
Я повернусь із клятої війни!
Бо наша воля сильна та незламна
Ми - України доньки і сини!
А наша зброя - мова солов''їна
І неповторний український край!
Розквітне знову рідна Батьківщина,
Я повернусь!.. А ти мене чекай!..

Скінчився бій, вперед до мрій!
Чекає дома вся родина!
Ми всі - сім''я, і кожен свій,
Бо Україна в нас єдина!
Я недарма сказав:
Не плач! Молись,
З війни мене чекай!

Ти вже не плач! З тобою я, кохана!
Бо повернувся з клятої війни!
І Україна сильна та незламна,
Її боронять доньки і сини!
Лунає всюди мова солов''їна
І став відомим український край!
Розквітла наша рідна Батьківщина,
Я повернувся! Мила, зустрічай!

А наша зброя - мова солов''їна
І неповторний український край!
Розквітла наша рідна Батьківщина,
Я повернувся! Мила, зустрічай!','["pisni.org.ua", "cat:viyskovi", "Пісні на військову тематику"]',1,'published',COALESCE((SELECT created_at FROM songs WHERE id='pisniua_3450261'), datetime('now')),datetime('now'));
INSERT OR REPLACE INTO songs_fts(song_id,title,lyrics) VALUES ('pisniua_3450261','А ти чекай!','Прийшла війна, страшна вона...
Земля здригнулась під ногами...
Сирени гул, німа весна,
Збираюсь в бій із ворогами!..
Дружині кілька слів:
Не плач! Молись,
З війни мене чекай!

А ти чекай і вір, моя кохана,
Я повернусь із клятої війни!
Бо наша воля сильна та незламна
Ми - України доньки і сини!
А наша зброя - мова солов''їна
І неповторний український край!
Розквітне знову рідна Батьківщина,
Я повернусь!.. А ти мене чекай!..

Скінчився бій, вперед до мрій!
Чекає дома вся родина!
Ми всі - сім''я, і кожен свій,
Бо Україна в нас єдина!
Я недарма сказав:
Не плач! Молись,
З війни мене чекай!

Ти вже не плач! З тобою я, кохана!
Бо повернувся з клятої війни!
І Україна сильна та незламна,
Її боронять доньки і сини!
Лунає всюди мова солов''їна
І став відомим український край!
Розквітла наша рідна Батьківщина,
Я повернувся! Мила, зустрічай!

А наша зброя - мова солов''їна
І неповторний український край!
Розквітла наша рідна Батьківщина,
Я повернувся! Мила, зустрічай!');
INSERT OR REPLACE INTO song_links (id,song_id,title,url,kind,version_id,sort_order) VALUES ('pisniua_3450261_l1','pisniua_3450261','YouTube','https://www.youtube.com/watch?v=mYABzDQt8EI','video',NULL,1);
INSERT OR REPLACE INTO songs (id,title,subtitle,lang,country,period,year,source,notes,lyrics,tags_json,lang_locked,status,created_at,updated_at) VALUES ('pisniua_3446962','Україна переможе!','Музика: Олександр Пономарьов Слова: Олександр Пономарьов. Виконує: Олександр Пономарьов, DZIDZIO, АнтитілА, Петро Чорний','uk','ukraine_1991',NULL,NULL,'аудіозапис','Участь у записі композиції також узяли українські артисти Тарас Тополя, Михайло Хома, Петро Чорний, актори студії "Квартал 95" Євген Кошовий і Юрій Ткач, а також оркестр та хор заслуженого академічного ансамблю пісні та танцю Збройних сил України під керівництвом диригента Дмитра Антонюка.','Приспів:
Горить, палає техніка ворожа,
Рідна Україна переможе!
Горить, палає і ще спалахуй,
Руській корабель, іди...
Гей! Гей!

Їхав танк окупант
На долю неминучу,
Башту відірвало йому
Стугною за Бучу!
Полетів окупант Мігом 35-тим,
Для Київського Привида він,
Здається, став двадцятим!

Приспів.

Ось пливе окупант,
В Бердянську десь гальмує,
Тепер ворожий десант
Рапанів там годує.
Ще про тракторні війська
Маю розказати,
Бо все, що десь недобре стоїть,
Хай буде біля хати.

Приспів.

Чорнобаївка є ворогу
Портал на той світ,
Регулярно все, що летить,
Завершає там свій політ.
Ще лякають ворогів
Наші біовоїни,
Від гусей, курей, голубів
Тікають в різні сторони.

Приспів','["pisni.org.ua", "cat:viyskovi", "Пісні на військову тематику"]',1,'published',COALESCE((SELECT created_at FROM songs WHERE id='pisniua_3446962'), datetime('now')),datetime('now'));
INSERT OR REPLACE INTO songs_fts(song_id,title,lyrics) VALUES ('pisniua_3446962','Україна переможе!','Приспів:
Горить, палає техніка ворожа,
Рідна Україна переможе!
Горить, палає і ще спалахуй,
Руській корабель, іди...
Гей! Гей!

Їхав танк окупант
На долю неминучу,
Башту відірвало йому
Стугною за Бучу!
Полетів окупант Мігом 35-тим,
Для Київського Привида він,
Здається, став двадцятим!

Приспів.

Ось пливе окупант,
В Бердянську десь гальмує,
Тепер ворожий десант
Рапанів там годує.
Ще про тракторні війська
Маю розказати,
Бо все, що десь недобре стоїть,
Хай буде біля хати.

Приспів.

Чорнобаївка є ворогу
Портал на той світ,
Регулярно все, що летить,
Завершає там свій політ.
Ще лякають ворогів
Наші біовоїни,
Від гусей, курей, голубів
Тікають в різні сторони.

Приспів');
INSERT OR REPLACE INTO song_links (id,song_id,title,url,kind,version_id,sort_order) VALUES ('pisniua_3446962_l1','pisniua_3446962','YouTube','https://www.youtube.com/watch?v=sJ8WYjhHLgw','video',NULL,1);
INSERT OR REPLACE INTO song_links (id,song_id,title,url,kind,version_id,sort_order) VALUES ('pisniua_3446962_l2','pisniua_3446962','YouTube','https://www.youtube.com/watch?v=gU5_i-9yOwg','video',NULL,2);
INSERT OR REPLACE INTO songs (id,title,subtitle,lang,country,period,year,source,notes,lyrics,tags_json,lang_locked,status,created_at,updated_at) VALUES ('pisniua_3444424','Я – Україна!','Музика: Настя Каменських Слова: Олексій Потапенко','uk','ukraine_1991',NULL,NULL,'аудіозапис',NULL,'Загояться всі рани,
Розчиниться вся кров,
Колись мене побачиш ти
Квітучою ізнов,
Я подарую чисте небо -
І прийде весна колись,
Коли закінчиться війна!

Приспів:
Тому що я - Україна!
Я витримаю біль!
Я захищу тебе від куль,
Що в мене цілять звідусіль!
Тому що я сильна! Я подолаю все,
Бо ти мене у своїх руках несеш!

Голови поклавши, відправились у сні,
Колись назвуть героями вас,
Ви, мої сини!.. І зацвіте калина,
Мов кров червоний мак,
Згадає Батьківщина, яким ти був, козак!..
Вірю з тобою я в наші сили,
Свобода в серці, як крила,
І мир повернеться знов!
Знаю, з тобою я все подолаю,
Завжди добро перемагає
І переможе любов!

Приспів.

Речитатив:
Наші ангели нас захищають
Від навали і тьми ворогів,
Мої крила тебе обіймають,
Мої руки в крові чужаків.
Вони ніж нам встромили у спину,
Увірвавшись нахабно вночі,
Але стали ми за Україну єдині,
Схрестивши у битві мечі!
Відбудуємо все, повернуться
Із далеких країв всі птахи,
Очі твої мені посміхнуться,
Засміються ще знов дітлахи!
Сильна нація, вільна, єдина,
Мирне небо, щасливе житя.
Ми є всі твої, ми - родина,
І нехай буде так! Буде так!','["pisni.org.ua", "cat:patriotic", "cat:viyskovi", "Патріотичні пісні", "Пісні на військову тематику"]',1,'published',COALESCE((SELECT created_at FROM songs WHERE id='pisniua_3444424'), datetime('now')),datetime('now'));
INSERT OR REPLACE INTO songs_fts(song_id,title,lyrics) VALUES ('pisniua_3444424','Я – Україна!','Загояться всі рани,
Розчиниться вся кров,
Колись мене побачиш ти
Квітучою ізнов,
Я подарую чисте небо -
І прийде весна колись,
Коли закінчиться війна!

Приспів:
Тому що я - Україна!
Я витримаю біль!
Я захищу тебе від куль,
Що в мене цілять звідусіль!
Тому що я сильна! Я подолаю все,
Бо ти мене у своїх руках несеш!

Голови поклавши, відправились у сні,
Колись назвуть героями вас,
Ви, мої сини!.. І зацвіте калина,
Мов кров червоний мак,
Згадає Батьківщина, яким ти був, козак!..
Вірю з тобою я в наші сили,
Свобода в серці, як крила,
І мир повернеться знов!
Знаю, з тобою я все подолаю,
Завжди добро перемагає
І переможе любов!

Приспів.

Речитатив:
Наші ангели нас захищають
Від навали і тьми ворогів,
Мої крила тебе обіймають,
Мої руки в крові чужаків.
Вони ніж нам встромили у спину,
Увірвавшись нахабно вночі,
Але стали ми за Україну єдині,
Схрестивши у битві мечі!
Відбудуємо все, повернуться
Із далеких країв всі птахи,
Очі твої мені посміхнуться,
Засміються ще знов дітлахи!
Сильна нація, вільна, єдина,
Мирне небо, щасливе житя.
Ми є всі твої, ми - родина,
І нехай буде так! Буде так!');
INSERT OR REPLACE INTO song_links (id,song_id,title,url,kind,version_id,sort_order) VALUES ('pisniua_3444424_l1','pisniua_3444424','YouTube','https://www.youtube.com/watch?v=UW6JrrTFZkk','video',NULL,1);
INSERT OR REPLACE INTO song_links (id,song_id,title,url,kind,version_id,sort_order) VALUES ('pisniua_3444424_l2','pisniua_3444424','YouTube','https://www.youtube.com/watch?v=2NNm2uDJAOU','video',NULL,2);
INSERT OR REPLACE INTO songs (id,title,subtitle,lang,country,period,year,source,notes,lyrics,tags_json,lang_locked,status,created_at,updated_at) VALUES ('pisniua_3443962','Українська лють','Слова: Христина Соловій','uk','ukraine_1991',NULL,NULL,'аудіозапис',NULL,'Одного ранку, ще й на світанку
Земля здригнулась
І враз закипіла наша кров,
Ракети з неба, колони танків     |
І заревів старий Дніпро!..       | (2)

Ніхто не думав, ніхто не бачив
Яка насправді бува українська лють.
Катів проклятих безжально мочим  |
Тих, хто на на нашу землю пруть! | (2)

В ТерОбороні найкращі хлопці,
Самі герої воюють у наших ЗСУ!
І джавеліни, і байрактари        |
За Україну б''ють русню!          | (2)

А наші люди, а українці
Проти русні
Об''єднали вже цілий світ!
І скоро зовсім русні не буде,    |
А буде мир на всій Землі!        | (2)','["pisni.org.ua", "cat:patriotic", "cat:viyskovi", "Патріотичні пісні", "Пісні на військову тематику"]',1,'published',COALESCE((SELECT created_at FROM songs WHERE id='pisniua_3443962'), datetime('now')),datetime('now'));
INSERT OR REPLACE INTO songs_fts(song_id,title,lyrics) VALUES ('pisniua_3443962','Українська лють','Одного ранку, ще й на світанку
Земля здригнулась
І враз закипіла наша кров,
Ракети з неба, колони танків     |
І заревів старий Дніпро!..       | (2)

Ніхто не думав, ніхто не бачив
Яка насправді бува українська лють.
Катів проклятих безжально мочим  |
Тих, хто на на нашу землю пруть! | (2)

В ТерОбороні найкращі хлопці,
Самі герої воюють у наших ЗСУ!
І джавеліни, і байрактари        |
За Україну б''ють русню!          | (2)

А наші люди, а українці
Проти русні
Об''єднали вже цілий світ!
І скоро зовсім русні не буде,    |
А буде мир на всій Землі!        | (2)');
INSERT OR REPLACE INTO song_links (id,song_id,title,url,kind,version_id,sort_order) VALUES ('pisniua_3443962_l1','pisniua_3443962','YouTube','https://www.youtube.com/watch?v=PqVCQEthhOU','video',NULL,1);
INSERT OR REPLACE INTO song_links (id,song_id,title,url,kind,version_id,sort_order) VALUES ('pisniua_3443962_l2','pisniua_3443962','YouTube','https://www.youtube.com/watch?v=0liIaWi9Qt0','video',NULL,2);
INSERT OR REPLACE INTO songs (id,title,subtitle,lang,country,period,year,source,notes,lyrics,tags_json,lang_locked,status,created_at,updated_at) VALUES ('pisniua_3447424','Пасху радо зустрічаєм',NULL,'uk','ukraine_1991',NULL,NULL,'аудіозапис',NULL,'Пасху радо зустрічає
Піснею: Христос Воскрес!
Щиро всім відповідаєм:
Він Воістину Воскрес!

Приспів:
Він Воскрес! Він Воскрес!
Він Воістину Воскрес!
Він Воскрес! Він Воскрес!
Він Воістину Воскрес!

Рік за роком проминає,
Але під шатром небес:
Дивна звістка не зникає:
Наш Ісус Христос Воскрес!

Приспів.

Радісні обійми всюди,
Смерть здолав Христос,
Воскрес!
Хай радіють усі люди,
Він Воістину Воскрес!

Приспів.','["pisni.org.ua", "cat:voskresni", "Воскресні пісні"]',1,'published',COALESCE((SELECT created_at FROM songs WHERE id='pisniua_3447424'), datetime('now')),datetime('now'));
INSERT OR REPLACE INTO songs_fts(song_id,title,lyrics) VALUES ('pisniua_3447424','Пасху радо зустрічаєм','Пасху радо зустрічає
Піснею: Христос Воскрес!
Щиро всім відповідаєм:
Він Воістину Воскрес!

Приспів:
Він Воскрес! Він Воскрес!
Він Воістину Воскрес!
Він Воскрес! Він Воскрес!
Він Воістину Воскрес!

Рік за роком проминає,
Але під шатром небес:
Дивна звістка не зникає:
Наш Ісус Христос Воскрес!

Приспів.

Радісні обійми всюди,
Смерть здолав Христос,
Воскрес!
Хай радіють усі люди,
Він Воістину Воскрес!

Приспів.');
INSERT OR REPLACE INTO song_links (id,song_id,title,url,kind,version_id,sort_order) VALUES ('pisniua_3447424_l1','pisniua_3447424','YouTube','https://www.youtube.com/watch?v=s8uWwXNA0rU','video',NULL,1);
INSERT OR REPLACE INTO songs (id,title,subtitle,lang,country,period,year,source,notes,lyrics,tags_json,lang_locked,status,created_at,updated_at) VALUES ('pisniua_3445020','Гаєм зелененьким вода тече','Українська народна пісня','uk','ukraine_before_1917',NULL,NULL,'аудіозапис',NULL,'Гаєм зелененьким вода тече,
На яворі соловій щебече.
Там дівчина мила віночок увила,
Гей, з барвіночку.

Сльози проливала, як го вила,
А ввивши го, на воду спустила:
Плавай, мій віночку красний з барвіночку,
Гей, за миленьким.

Голос чути в гаю, всередині,
Ой, страшно ся стало ба й дівчині.
Уставайте, неньки, бо йдуть козаченьки,
Гей, у дорогу!

А мої панове козаченьки,
Скажіть мені правду, де миленький:
Ци го порубано, ци го живим взято,
Гей, у неволю?','["pisni.org.ua", "cat:kozacki", "Козацькі пісні"]',1,'published',COALESCE((SELECT created_at FROM songs WHERE id='pisniua_3445020'), datetime('now')),datetime('now'));
INSERT OR REPLACE INTO songs_fts(song_id,title,lyrics) VALUES ('pisniua_3445020','Гаєм зелененьким вода тече','Гаєм зелененьким вода тече,
На яворі соловій щебече.
Там дівчина мила віночок увила,
Гей, з барвіночку.

Сльози проливала, як го вила,
А ввивши го, на воду спустила:
Плавай, мій віночку красний з барвіночку,
Гей, за миленьким.

Голос чути в гаю, всередині,
Ой, страшно ся стало ба й дівчині.
Уставайте, неньки, бо йдуть козаченьки,
Гей, у дорогу!

А мої панове козаченьки,
Скажіть мені правду, де миленький:
Ци го порубано, ци го живим взято,
Гей, у неволю?');
INSERT OR REPLACE INTO songs (id,title,subtitle,lang,country,period,year,source,notes,lyrics,tags_json,lang_locked,status,created_at,updated_at) VALUES ('pisniua_3449525','Котився віночок по полю',NULL,'uk','ukraine_before_1917',NULL,NULL,'аудіозапис',NULL,'Котився віночок по полю,
Просився хазяїна в стодолу:

Пускай, хазяїн, в стодолу,
Вже я набувся на полю.

Вже я на полю набувся,
Буйного вітру начувся,
Ранньої роси напився.

Я недовго полежу,
Зараз в поле побіжу!','["pisni.org.ua", "cat:obzhynkovi", "Обжинкові пісні"]',1,'published',COALESCE((SELECT created_at FROM songs WHERE id='pisniua_3449525'), datetime('now')),datetime('now'));
INSERT OR REPLACE INTO songs_fts(song_id,title,lyrics) VALUES ('pisniua_3449525','Котився віночок по полю','Котився віночок по полю,
Просився хазяїна в стодолу:

Пускай, хазяїн, в стодолу,
Вже я набувся на полю.

Вже я на полю набувся,
Буйного вітру начувся,
Ранньої роси напився.

Я недовго полежу,
Зараз в поле побіжу!');
INSERT OR REPLACE INTO songs (id,title,subtitle,lang,country,period,year,source,notes,lyrics,tags_json,lang_locked,status,created_at,updated_at) VALUES ('pisniua_3452065','Побратими','Музика: Chemia Слова: Микола Нємцов','uk','ukraine_1991',NULL,NULL,'аудіозапис',NULL,'Зіркою з небес
Раптом упаду,
Друже, не сумуй!
В іншому житті
Я тебе знайду,
Чарку приготуй!
Тільки важкі часи
Тягнуться, як роки,
Але щаслива мить
Кулею пролетить!..

Приспів:
Без побратимів
Ніби з одним крилом!
З фотоальбомів
Гріють своїм теплом!
Та не спинити,
Не вернути час!

Вітром із дощем
Раптом повернусь,
Друже, ти впізнай!
В іншому житті
Я тебе знайшов,
Чарку наливай!
У будь-яких світах
Ми знаходим шлях,
Бо поки пам''ятає
Наша душа жиє!

Приспів.

Нам не спинити,
Не вернути час!
Будь поряд з другом,
Поки вогонь не згас!
Нам не спинити,
Не вернути час!','["pisni.org.ua", "cat:druzhba", "Пісні про дружбу"]',1,'published',COALESCE((SELECT created_at FROM songs WHERE id='pisniua_3452065'), datetime('now')),datetime('now'));
INSERT OR REPLACE INTO songs_fts(song_id,title,lyrics) VALUES ('pisniua_3452065','Побратими','Зіркою з небес
Раптом упаду,
Друже, не сумуй!
В іншому житті
Я тебе знайду,
Чарку приготуй!
Тільки важкі часи
Тягнуться, як роки,
Але щаслива мить
Кулею пролетить!..

Приспів:
Без побратимів
Ніби з одним крилом!
З фотоальбомів
Гріють своїм теплом!
Та не спинити,
Не вернути час!

Вітром із дощем
Раптом повернусь,
Друже, ти впізнай!
В іншому житті
Я тебе знайшов,
Чарку наливай!
У будь-яких світах
Ми знаходим шлях,
Бо поки пам''ятає
Наша душа жиє!

Приспів.

Нам не спинити,
Не вернути час!
Будь поряд з другом,
Поки вогонь не згас!
Нам не спинити,
Не вернути час!');
INSERT OR REPLACE INTO song_links (id,song_id,title,url,kind,version_id,sort_order) VALUES ('pisniua_3452065_l1','pisniua_3452065','YouTube','https://www.youtube.com/watch?v=zZ1EAeOz5E8','video',NULL,1);
INSERT OR REPLACE INTO songs (id,title,subtitle,lang,country,period,year,source,notes,lyrics,tags_json,lang_locked,status,created_at,updated_at) VALUES ('pisniua_345424','Ой, Марічко','Українська народна пісня','uk','ukraine_before_1917',NULL,NULL,'Веселі співаночки, К.: Мистецтво, 1969. 240с.',NULL,'Ой Марічко, чичері-чичері,
Чичері-чичері,
Розчеши ми кучері,
Кучері, кучері.

Я би тобі чесала,
Чесала, чесала,
Коби мати не знала,
Не знала, не знала.

Мати буде дивитись,
Дивитись, дивитись,
Як ся буду ганьбитись,
Ганьбитись, ганьбитись.

На ти ружу червлену,
Червлену, червлену,
Розмаринку зелену,
Зелену, зелену.    Фонограма-мінус (mp3, 128 kbps). весільна полька','["pisni.org.ua", "cat:dances", "cat:huculski", "cat:polky", "Пісні до танцю", "Гуцульські пісні", "Польки"]',1,'published',COALESCE((SELECT created_at FROM songs WHERE id='pisniua_345424'), datetime('now')),datetime('now'));
INSERT OR REPLACE INTO songs_fts(song_id,title,lyrics) VALUES ('pisniua_345424','Ой, Марічко','Ой Марічко, чичері-чичері,
Чичері-чичері,
Розчеши ми кучері,
Кучері, кучері.

Я би тобі чесала,
Чесала, чесала,
Коби мати не знала,
Не знала, не знала.

Мати буде дивитись,
Дивитись, дивитись,
Як ся буду ганьбитись,
Ганьбитись, ганьбитись.

На ти ружу червлену,
Червлену, червлену,
Розмаринку зелену,
Зелену, зелену.    Фонограма-мінус (mp3, 128 kbps). весільна полька');
INSERT OR REPLACE INTO song_links (id,song_id,title,url,kind,version_id,sort_order) VALUES ('pisniua_345424_l1','pisniua_345424','YouTube','https://www.youtube.com/watch?v=Ueap5-cIDKc','video',NULL,1);
INSERT OR REPLACE INTO song_links (id,song_id,title,url,kind,version_id,sort_order) VALUES ('pisniua_345424_l2','pisniua_345424','YouTube','https://www.youtube.com/watch?v=nIUDwYHdsk8','video',NULL,2);
INSERT OR REPLACE INTO song_links (id,song_id,title,url,kind,version_id,sort_order) VALUES ('pisniua_345424_l3','pisniua_345424','Переглянути варіанти >>','https://www.pisni.org.ua/#variants','external',NULL,3);
INSERT OR REPLACE INTO songs (id,title,subtitle,lang,country,period,year,source,notes,lyrics,tags_json,lang_locked,status,created_at,updated_at) VALUES ('pisniua_345261','Гей, була в мене коняка','Українська народна пісня. Виконує: Гуртоправці, Лірник Сашко, Дударик','uk','ukraine_before_1917',NULL,NULL,'Олександр Власюк. Казки лірника Сашка. Дорослим і дітям. http://www.umka.com.ua/ukr/catalogue/2413/','Слова: Яків Щоголів. Гуртоправці: http://hurtopravci.domivka.net/music.php?language=ua Олександр Власюк, він же лірник Сашко: http://www.umka.com.ua/ukr/catalogue/2413/ Підбір акордів: [user id=168331]maximaximum[/user]','Гей була в мене коняка
Та й коняка розбишака
Gm            |
Була шабля ще й рушниця  |
Ще й дівчина чарівниця   |
Ту коняку турки вбили
Ляхи шаблю пощербили
І рушниця поламалась      |
І дівчина відцуралась     | (2)
За буджацькими степами
Їдуть наші з бунчуками
А я з плугом і з косою    |
Понад нивою сухою         | (2)
Гей гей-гей мій чорний воле
Степ широкий стерня коле
Вітер віє повіває         |
Казаночок закипає         | (2)
Гей хто в полі озовися
Гей хто в лісі одкликнися
Йдіть до мене вечеряти    |
Серце моє звеселяти       | (2)
Зук луна, за лугом гине
Казаночок стигне стигне
Вітер віє повіває         |
Казаночок застигає        | (2)','["pisni.org.ua", "cat:manrivni", "cat:narodni", "cat:nostalgia", "Пісні на мандрівну тематику", "Народні пісні", "Пісні з ностальгічними мотивами"]',1,'published',COALESCE((SELECT created_at FROM songs WHERE id='pisniua_345261'), datetime('now')),datetime('now'));
INSERT OR REPLACE INTO songs_fts(song_id,title,lyrics) VALUES ('pisniua_345261','Гей, була в мене коняка','Гей була в мене коняка
Та й коняка розбишака
Gm            |
Була шабля ще й рушниця  |
Ще й дівчина чарівниця   |
Ту коняку турки вбили
Ляхи шаблю пощербили
І рушниця поламалась      |
І дівчина відцуралась     | (2)
За буджацькими степами
Їдуть наші з бунчуками
А я з плугом і з косою    |
Понад нивою сухою         | (2)
Гей гей-гей мій чорний воле
Степ широкий стерня коле
Вітер віє повіває         |
Казаночок закипає         | (2)
Гей хто в полі озовися
Гей хто в лісі одкликнися
Йдіть до мене вечеряти    |
Серце моє звеселяти       | (2)
Зук луна, за лугом гине
Казаночок стигне стигне
Вітер віє повіває         |
Казаночок застигає        | (2)');
INSERT OR REPLACE INTO song_links (id,song_id,title,url,kind,version_id,sort_order) VALUES ('pisniua_345261_l1','pisniua_345261','YouTube','https://www.youtube.com/watch?v=laZptnRY_HA','video',NULL,1);
INSERT OR REPLACE INTO song_links (id,song_id,title,url,kind,version_id,sort_order) VALUES ('pisniua_345261_l2','pisniua_345261','YouTube','https://www.youtube.com/watch?v=RD4GM6H-xrs','video',NULL,2);
INSERT OR REPLACE INTO song_links (id,song_id,title,url,kind,version_id,sort_order) VALUES ('pisniua_345261_l3','pisniua_345261','YouTube','https://www.youtube.com/watch?v=6g47MGccsXw','video',NULL,3);
INSERT OR REPLACE INTO song_links (id,song_id,title,url,kind,version_id,sort_order) VALUES ('pisniua_345261_l4','pisniua_345261','YouTube','https://www.youtube.com/watch?v=I3vXkd2ogPY','video',NULL,4);
INSERT OR REPLACE INTO song_links (id,song_id,title,url,kind,version_id,sort_order) VALUES ('pisniua_345261_l5','pisniua_345261','YouTube','https://www.youtube.com/watch?v=Rws29tgmyBA','video',NULL,5);
INSERT OR REPLACE INTO song_links (id,song_id,title,url,kind,version_id,sort_order) VALUES ('pisniua_345261_l6','pisniua_345261','YouTube','https://www.youtube.com/watch?v=dza5UIaBv_M','video',NULL,6);
INSERT OR REPLACE INTO song_links (id,song_id,title,url,kind,version_id,sort_order) VALUES ('pisniua_345261_l7','pisniua_345261','YouTube','https://www.youtube.com/watch?v=ogLapzG0i3s','video',NULL,7);
INSERT OR REPLACE INTO song_links (id,song_id,title,url,kind,version_id,sort_order) VALUES ('pisniua_345261_l8','pisniua_345261','YouTube','https://www.youtube.com/watch?v=fmVmFdTmaw0','video',NULL,8);
INSERT OR REPLACE INTO song_links (id,song_id,title,url,kind,version_id,sort_order) VALUES ('pisniua_345261_l9','pisniua_345261','YouTube','https://www.youtube.com/watch?v=1LXoD2FDbFw','video',NULL,9);
INSERT OR REPLACE INTO songs (id,title,subtitle,lang,country,period,year,source,notes,lyrics,tags_json,lang_locked,status,created_at,updated_at) VALUES ('pisniua_346020','Гей гук, мати, гук (на три голоси)','Українська народна пісня. Виконує: Хор "Чумаки"','uk','ukraine_before_1917',NULL,NULL,'1. Українські народні пісні, К., "Мистецтво", 1955, кн. 1, с. 79. 2. В. Триліс','Специфіка тексту вказує на давнє походженя - козацькі часи. Коли отаману не заглядали в рот (що скаже) та в руки (що дасть), а кликали під рясні дуби, де ставили йому серйозні запитання... Ще гостріше відчуття давнини - від музичного ладу. Майже тужлива, майже лірницька мелодія незапам''ятного походження, виявляється, приховує в собі грізну силу чоловічої маси, непросту й несолодку гармонію гніву, рішучості, впевненості. Повний варіант тексту (Джерело 1) дає складнішу, більш епічну картину козацьких проблем і стосунків. Але ту картину мав би передати справжній кобзар чи лірник. Для сучасного чоловічого хору ("Чумаки") я виділив тему товариства, але мусив опустити геніально виписану тему отамана - лідера, якому не під силу тягар відповідальності... Спасительна: світ не по Правді. Українські релігійні роздуми про Воскресіння, Неволю і Спасіння. Но ми докажем своїм Клинком. І Веселая та Доріженька куди Вони йдуть. Отамане наш не дбаєш за нас. Стежки до листків про Українські пісні.','Гей гук, мати, гук,
Де козаки п''ють,
І веселая та доріженька,
Куди вони йдуть.

Та куди вони йдуть -
Там бори гудуть!
Поперед себе та вражих панів
Облавою пруть.

Збирались вони
Під рясні дуби,
Та чекаючи отамана
На раду собі.

- Отамане наш,
Не дбаєш за нас,
Ось і бач: наше та товариство,
Як розгардіяш.

Глянь, отамане,
Вже світ настає,
Ой уже ж наше та товариство
Коней сідлає!','["pisni.org.ua", "cat:istorychni", "cat:kozacki", "Історичні пісні", "Козацькі пісні"]',1,'published',COALESCE((SELECT created_at FROM songs WHERE id='pisniua_346020'), datetime('now')),datetime('now'));
INSERT OR REPLACE INTO songs_fts(song_id,title,lyrics) VALUES ('pisniua_346020','Гей гук, мати, гук (на три голоси)','Гей гук, мати, гук,
Де козаки п''ють,
І веселая та доріженька,
Куди вони йдуть.

Та куди вони йдуть -
Там бори гудуть!
Поперед себе та вражих панів
Облавою пруть.

Збирались вони
Під рясні дуби,
Та чекаючи отамана
На раду собі.

- Отамане наш,
Не дбаєш за нас,
Ось і бач: наше та товариство,
Як розгардіяш.

Глянь, отамане,
Вже світ настає,
Ой уже ж наше та товариство
Коней сідлає!');
INSERT OR REPLACE INTO song_links (id,song_id,title,url,kind,version_id,sort_order) VALUES ('pisniua_346020_l1','pisniua_346020','YouTube','https://www.youtube.com/watch?v=icaAyNq8Tgk','video',NULL,1);
INSERT OR REPLACE INTO song_links (id,song_id,title,url,kind,version_id,sort_order) VALUES ('pisniua_346020_l2','pisniua_346020','Переглянути варіанти >>','https://www.pisni.org.ua/#variants','external',NULL,2);
INSERT OR REPLACE INTO songs (id,title,subtitle,lang,country,period,year,source,notes,lyrics,tags_json,lang_locked,status,created_at,updated_at) VALUES ('pisniua_3455222','Нічні Птахи','Музика: Вперше Чую Слова: Григорій Вагапов. Виконує: Вперше Чую','uk','ukraine_1991',NULL,NULL,'аудіозапис',NULL,'Як прожить мені без тебе,
Мотоцикле, друже?
Як асфальту не бентежу -
Напиватись мушу!
За життя усе багатство -
Чорні знамена,
Погляньте, віру в братство
Ми повертаєм вам!

Приспів:
Воду руками
Під лежачий камінь!
Плечі нам треба,
Щоб тримати небо!
Живий, допоки - лечу,
Не руки-в-боки,
Споко, братику! |
Братику, споко! | (2)

Як прожить мені без тебе,
Кулемете, брате?
Сила слова не бентежить
Тих, хто ділить владу.
Заправляймо, хлопці, коней,
Батько впереза!
В нас тут одна колона, -
Це не колонний зал.

Приспів.

Як прожить мені без тебе
Брате, Нічний птах?
Одному самотньо в небі,
Порожньо в листах...
Та коли уздовж дороги
Рідні імена,
Погляньте, віру в Бога
Ми повертаєм вам!

Приспів.

Споко! Споко!','["pisni.org.ua", "cat:himny-marshi", "Гимни та марші"]',1,'published',COALESCE((SELECT created_at FROM songs WHERE id='pisniua_3455222'), datetime('now')),datetime('now'));
INSERT OR REPLACE INTO songs_fts(song_id,title,lyrics) VALUES ('pisniua_3455222','Нічні Птахи','Як прожить мені без тебе,
Мотоцикле, друже?
Як асфальту не бентежу -
Напиватись мушу!
За життя усе багатство -
Чорні знамена,
Погляньте, віру в братство
Ми повертаєм вам!

Приспів:
Воду руками
Під лежачий камінь!
Плечі нам треба,
Щоб тримати небо!
Живий, допоки - лечу,
Не руки-в-боки,
Споко, братику! |
Братику, споко! | (2)

Як прожить мені без тебе,
Кулемете, брате?
Сила слова не бентежить
Тих, хто ділить владу.
Заправляймо, хлопці, коней,
Батько впереза!
В нас тут одна колона, -
Це не колонний зал.

Приспів.

Як прожить мені без тебе
Брате, Нічний птах?
Одному самотньо в небі,
Порожньо в листах...
Та коли уздовж дороги
Рідні імена,
Погляньте, віру в Бога
Ми повертаєм вам!

Приспів.

Споко! Споко!');
INSERT OR REPLACE INTO songs (id,title,subtitle,lang,country,period,year,source,notes,lyrics,tags_json,lang_locked,status,created_at,updated_at) VALUES ('pisniua_3459424','Булька в Космосі!','Музика: Назар Савко Слова: Назар Савко. Виконує: Назар Савко','uk','ukraine_1991',NULL,NULL,'аудіозапис',NULL,'Булька! Булька!    |
Я - весела булька! |
У ракету сіла,     |
В космос полетіла! | (2)

В космосі є бульки,
Бульки - планетульки,
Поміж них літають
Бульки енелульки!
Всі вони, як буль, буль,
Буль-буль-буль-буль!..

Приспів.

А на Марсі бульки,
Звати їх Марсульки!
От такі червоні,
Їздять у вагоні!
Всі вони, як буль, буль,
Буль-буль-буль-буль!..

Приспів.

Дядечко Сатурн
Кільця одягнув,
Крутить хула-хуп -
Схуднути збагнув.
А старий Уран
Скинув кілограм,
Бо зарядку зранку
Робить до сніданку!
Всі вони, як буль, буль,
Буль-буль-буль-буль!..

Приспів.','["pisni.org.ua", "cat:dytyachi", "Дитячі пісні"]',1,'published',COALESCE((SELECT created_at FROM songs WHERE id='pisniua_3459424'), datetime('now')),datetime('now'));
INSERT OR REPLACE INTO songs_fts(song_id,title,lyrics) VALUES ('pisniua_3459424','Булька в Космосі!','Булька! Булька!    |
Я - весела булька! |
У ракету сіла,     |
В космос полетіла! | (2)

В космосі є бульки,
Бульки - планетульки,
Поміж них літають
Бульки енелульки!
Всі вони, як буль, буль,
Буль-буль-буль-буль!..

Приспів.

А на Марсі бульки,
Звати їх Марсульки!
От такі червоні,
Їздять у вагоні!
Всі вони, як буль, буль,
Буль-буль-буль-буль!..

Приспів.

Дядечко Сатурн
Кільця одягнув,
Крутить хула-хуп -
Схуднути збагнув.
А старий Уран
Скинув кілограм,
Бо зарядку зранку
Робить до сніданку!
Всі вони, як буль, буль,
Буль-буль-буль-буль!..

Приспів.');
INSERT OR REPLACE INTO song_links (id,song_id,title,url,kind,version_id,sort_order) VALUES ('pisniua_3459424_l1','pisniua_3459424','YouTube','https://www.youtube.com/watch?v=tGRcx1xyXX0','video',NULL,1);
INSERT OR REPLACE INTO songs (id,title,subtitle,lang,country,period,year,source,notes,lyrics,tags_json,lang_locked,status,created_at,updated_at) VALUES ('pisniua_3457168','Небо палає','Музика: Олександр Круглий (LESAN), Заколодяжний Володимир (VARASH) Слова: Олександр Круглий (LESAN), Заколодяжний Володимир (VARASH). Виконує: LESAN, VARASH','uk','ukraine_1991',NULL,NULL,'аудіозапис',NULL,'Прокидаючись без тебе, знову я не я,
І в думках моїх тобою сказані слова...
Твої маленькі щічки, по ним біжить сльоза,
Долоньками тримаєшся, як воля вікова...
Що кохаєш і не уявляє, як без мене,
Не розлюбиш, за вікном - палає небо
Не відпустиш, але мусиш, де б не будеш
Я повернуся обіцяю
Головне мене не забувай, зай

Горить небо, палає, як у серці болить!.. |
Горить небо, палає, небо палає,          |
Поки весь світ спить!..                  | (2)

Горить небо палає, не такої весни,
Не такої весни хотів!..
Горить небо палає, не такої весни,
Не такої весни!..

Ось кінець зими, і настав лютий,
Лютий все змінив - інші стали люди...
Всі відкрили карти, показав хто люди,
Хто не люди, показали зуби, як акули...
Мені пощастило, я зустрів людей,
І зі мною поряд завжди моя люба!..
Її сльози бігли, по щокам летіли...
Тільки, люба моя, ти доволі хоробра,
Давай витри сльози!
Тобі треба їхать, буду спокійніше...
Побачимось скоро, ти знай, що я поряд
В нашій Україні, вільній Україні!

Я тобою палаю, небо згорає,
А ми все ще сяємо!..
Я тобою палаю, тобою палаю,
Хоч між нами кордон!..
Горить небо палає, не такої весни,
Не такої весни хотів!..
Горить небо палає, не такої весни,
Не такої весни хотів!..
Горить небо, палає!..
Горить небо, палає!..
Горить небо, палає, небо палає!..
Горить небо палає, не такої весни,
Не такої весни!..','["pisni.org.ua", "cat:ato", "Пісні російсько-української війни та АТО"]',1,'published',COALESCE((SELECT created_at FROM songs WHERE id='pisniua_3457168'), datetime('now')),datetime('now'));
INSERT OR REPLACE INTO songs_fts(song_id,title,lyrics) VALUES ('pisniua_3457168','Небо палає','Прокидаючись без тебе, знову я не я,
І в думках моїх тобою сказані слова...
Твої маленькі щічки, по ним біжить сльоза,
Долоньками тримаєшся, як воля вікова...
Що кохаєш і не уявляє, як без мене,
Не розлюбиш, за вікном - палає небо
Не відпустиш, але мусиш, де б не будеш
Я повернуся обіцяю
Головне мене не забувай, зай

Горить небо, палає, як у серці болить!.. |
Горить небо, палає, небо палає,          |
Поки весь світ спить!..                  | (2)

Горить небо палає, не такої весни,
Не такої весни хотів!..
Горить небо палає, не такої весни,
Не такої весни!..

Ось кінець зими, і настав лютий,
Лютий все змінив - інші стали люди...
Всі відкрили карти, показав хто люди,
Хто не люди, показали зуби, як акули...
Мені пощастило, я зустрів людей,
І зі мною поряд завжди моя люба!..
Її сльози бігли, по щокам летіли...
Тільки, люба моя, ти доволі хоробра,
Давай витри сльози!
Тобі треба їхать, буду спокійніше...
Побачимось скоро, ти знай, що я поряд
В нашій Україні, вільній Україні!

Я тобою палаю, небо згорає,
А ми все ще сяємо!..
Я тобою палаю, тобою палаю,
Хоч між нами кордон!..
Горить небо палає, не такої весни,
Не такої весни хотів!..
Горить небо палає, не такої весни,
Не такої весни хотів!..
Горить небо, палає!..
Горить небо, палає!..
Горить небо, палає, небо палає!..
Горить небо палає, не такої весни,
Не такої весни!..');
INSERT OR REPLACE INTO song_links (id,song_id,title,url,kind,version_id,sort_order) VALUES ('pisniua_3457168_l1','pisniua_3457168','YouTube','https://www.youtube.com/watch?v=3nLjQ6bdWkA','video',NULL,1);
INSERT OR REPLACE INTO songs (id,title,subtitle,lang,country,period,year,source,notes,lyrics,tags_json,lang_locked,status,created_at,updated_at) VALUES ('pisniua_3458065','Матері','Музика: І. Василенко Слова: І. Василенко','uk','ukraine_1991',NULL,NULL,'аудіозапис',NULL,'Прилітала ластівочка
В час вечірній до віконця,
Розказала про синочка
В тім краю, де сходить сонце.
Мріє він, щоб руки мами
Обігріти у долонях,
І щоб сивого волосся
В батька не було на скронях...

Приспів:
Полечу я до тебе за край неба!..
Принесу все, що тільки тобі треба!..
Напою з джерела живой водою!..
Заберу я на крилах із собою!..
Прилечу я до тебе спозаранку,
Щоб відкрить твої очі на світанку!..
Сину мій, повертайся вже додому!..
Не бажаю я такого зла нікому...

Чуєш, сину, повертайся
Ти до батьківської хати!..
Як втомилося серденько
Довго так тебе чекати...
Боже, як же тільки важко
Вирвати тебе з полону!..
Та для маминого серця
Не придумано кордону!

Приспів.

Полечу!.. Принесу!..
Напою!.. Заберу!..
Прилечу я до тебе спозаранку,
Щоб відкрить твої очі на світанку!..
Сину мій, повертайся вже додому!..
Не бажаю я такого зла нікому...','["pisni.org.ua", "cat:pro-ditey", "Пісні про любов до дітей"]',1,'published',COALESCE((SELECT created_at FROM songs WHERE id='pisniua_3458065'), datetime('now')),datetime('now'));
INSERT OR REPLACE INTO songs_fts(song_id,title,lyrics) VALUES ('pisniua_3458065','Матері','Прилітала ластівочка
В час вечірній до віконця,
Розказала про синочка
В тім краю, де сходить сонце.
Мріє він, щоб руки мами
Обігріти у долонях,
І щоб сивого волосся
В батька не було на скронях...

Приспів:
Полечу я до тебе за край неба!..
Принесу все, що тільки тобі треба!..
Напою з джерела живой водою!..
Заберу я на крилах із собою!..
Прилечу я до тебе спозаранку,
Щоб відкрить твої очі на світанку!..
Сину мій, повертайся вже додому!..
Не бажаю я такого зла нікому...

Чуєш, сину, повертайся
Ти до батьківської хати!..
Як втомилося серденько
Довго так тебе чекати...
Боже, як же тільки важко
Вирвати тебе з полону!..
Та для маминого серця
Не придумано кордону!

Приспів.

Полечу!.. Принесу!..
Напою!.. Заберу!..
Прилечу я до тебе спозаранку,
Щоб відкрить твої очі на світанку!..
Сину мій, повертайся вже додому!..
Не бажаю я такого зла нікому...');
INSERT OR REPLACE INTO song_links (id,song_id,title,url,kind,version_id,sort_order) VALUES ('pisniua_3458065_l1','pisniua_3458065','YouTube','https://www.youtube.com/watch?v=8p31hbv68V4','video',NULL,1);
INSERT OR REPLACE INTO songs (id,title,subtitle,lang,country,period,year,source,notes,lyrics,tags_json,lang_locked,status,created_at,updated_at) VALUES ('pisniua_3460766','Вільні','Музика: Ігор Лузанов, Костянтин Гарбузюк, Артур Прокопчук Слова: Ігор Лузанов, Костянтин Гарбузюк, Артур Прокопчук. Виконує: Віталій Козловський','uk','ukraine_1991',NULL,NULL,'аудіозапис',NULL,'Мріяли летіти,
Собі крила малювали, наче діти!
Так тягнулися до неба і до світла,
Але так боялись впасти з тої висоти...
Розправ крила, моя голубко,
І лети! Лети! Лети! Лети за мною!
Розправ крила, моя голубко,
Мої сльози то не є журба, лише любов!

Приспів:
Ми вільні!
Як вітер у безкрайнім полі вільні!
Як ті птахи у небі,
Божевільно кохаємо так,
Ніби вже не буде більше завтра!..
А ми вільні!
Як хвилі у Чорному морі вільні!
Як по весні лани широкі сильні!
Наша віра відтепер навік незламна!

Тримай мене за руку,
Я слабким не був ніколи і не буду!
Твоє серце дає віру у майбутнє,
Ти мене навчила жити і літати знов!
Розправ крила, моя голубко,
І лети! Лети! Лети! Лети за мною!
Розправ крила, моя голубко,
Мої сльози то не є журба, лише любов!

Приспів.

Вір,
Ми подолаємо цю темряву разом!
Я зігріватиму тебе своїм теплом
У вільнім небі над полями!
Знай, моя голубко!
Хай ця смута за вікном,
Від ворогів вкриватиму своїм крилом!
Тримай за руку! Віра з нами!

Приспів.','["pisni.org.ua", "cat:ato", "Пісні російсько-української війни та АТО"]',1,'published',COALESCE((SELECT created_at FROM songs WHERE id='pisniua_3460766'), datetime('now')),datetime('now'));
INSERT OR REPLACE INTO songs_fts(song_id,title,lyrics) VALUES ('pisniua_3460766','Вільні','Мріяли летіти,
Собі крила малювали, наче діти!
Так тягнулися до неба і до світла,
Але так боялись впасти з тої висоти...
Розправ крила, моя голубко,
І лети! Лети! Лети! Лети за мною!
Розправ крила, моя голубко,
Мої сльози то не є журба, лише любов!

Приспів:
Ми вільні!
Як вітер у безкрайнім полі вільні!
Як ті птахи у небі,
Божевільно кохаємо так,
Ніби вже не буде більше завтра!..
А ми вільні!
Як хвилі у Чорному морі вільні!
Як по весні лани широкі сильні!
Наша віра відтепер навік незламна!

Тримай мене за руку,
Я слабким не був ніколи і не буду!
Твоє серце дає віру у майбутнє,
Ти мене навчила жити і літати знов!
Розправ крила, моя голубко,
І лети! Лети! Лети! Лети за мною!
Розправ крила, моя голубко,
Мої сльози то не є журба, лише любов!

Приспів.

Вір,
Ми подолаємо цю темряву разом!
Я зігріватиму тебе своїм теплом
У вільнім небі над полями!
Знай, моя голубко!
Хай ця смута за вікном,
Від ворогів вкриватиму своїм крилом!
Тримай за руку! Віра з нами!

Приспів.');
INSERT OR REPLACE INTO song_links (id,song_id,title,url,kind,version_id,sort_order) VALUES ('pisniua_3460766_l1','pisniua_3460766','YouTube','https://www.youtube.com/watch?v=OX6Rpoz0dhY','video',NULL,1);
INSERT OR REPLACE INTO songs (id,title,subtitle,lang,country,period,year,source,notes,lyrics,tags_json,lang_locked,status,created_at,updated_at) VALUES ('pisniua_3460323','Кацап - не брат','Музика: Dani Слова: Данило Штойко','uk','ukraine_1991',NULL,NULL,'аудіозапис',NULL,'Ти живеш в Україні і говориш по-кацапськи,
Скільки б не гнобили, били нелюди москальські.
Вже час зрозуміти, що кацап - нам не брат!
Так нехай йде туди, куди московський фрегат!
Солдат, автомат, тисячі гармат, гранат
Ще не вибили із тебе окупантський сурогат.
Для перемоги мова є важливий інструмент,
Шановний українець, чи війна не аргумент?

Приспів:
Не цурайся мови! Не цурайся роду!
Не буде рідного слова - не буде народу!
Не смій сказати, що з руснею ми - сім''я!
В Україні рідна мова є лише одна!
Кацап - не брат! Кацап - не брат!

Дай мені сили переконати тебе, брате,
Сотні років вони хотіли панувати,
Віджати, катувати, мордувати та саджати,
Щоб нічого з цього всього не змогли успадкувати.
Мова це єдність, це страх для окупанта!
Лиш тоді сказати можна, що ми - одна команда!
Пізнай, вшануй, це ж є наші предки,
Щоб любили й шанували волю наші нащадки!

Приспів.

Почуй мораль: це реально все, на жаль...
ЗСУ за нас стоять! Ти їм честь віддай!
За Україну неньку скажи собі:
Русня, прощай! Орда, ридай!
Кацап - не брат! Кацап - не брат!
Кацап - не брат! Кацап - не брат!','["pisni.org.ua", "cat:ato", "Пісні російсько-української війни та АТО"]',1,'published',COALESCE((SELECT created_at FROM songs WHERE id='pisniua_3460323'), datetime('now')),datetime('now'));
INSERT OR REPLACE INTO songs_fts(song_id,title,lyrics) VALUES ('pisniua_3460323','Кацап - не брат','Ти живеш в Україні і говориш по-кацапськи,
Скільки б не гнобили, били нелюди москальські.
Вже час зрозуміти, що кацап - нам не брат!
Так нехай йде туди, куди московський фрегат!
Солдат, автомат, тисячі гармат, гранат
Ще не вибили із тебе окупантський сурогат.
Для перемоги мова є важливий інструмент,
Шановний українець, чи війна не аргумент?

Приспів:
Не цурайся мови! Не цурайся роду!
Не буде рідного слова - не буде народу!
Не смій сказати, що з руснею ми - сім''я!
В Україні рідна мова є лише одна!
Кацап - не брат! Кацап - не брат!

Дай мені сили переконати тебе, брате,
Сотні років вони хотіли панувати,
Віджати, катувати, мордувати та саджати,
Щоб нічого з цього всього не змогли успадкувати.
Мова це єдність, це страх для окупанта!
Лиш тоді сказати можна, що ми - одна команда!
Пізнай, вшануй, це ж є наші предки,
Щоб любили й шанували волю наші нащадки!

Приспів.

Почуй мораль: це реально все, на жаль...
ЗСУ за нас стоять! Ти їм честь віддай!
За Україну неньку скажи собі:
Русня, прощай! Орда, ридай!
Кацап - не брат! Кацап - не брат!
Кацап - не брат! Кацап - не брат!');
INSERT OR REPLACE INTO song_links (id,song_id,title,url,kind,version_id,sort_order) VALUES ('pisniua_3460323_l1','pisniua_3460323','YouTube','https://www.youtube.com/watch?v=Q4mYb_rC3OQ','video',NULL,1);
INSERT OR REPLACE INTO songs (id,title,subtitle,lang,country,period,year,source,notes,lyrics,tags_json,lang_locked,status,created_at,updated_at) VALUES ('pisniua_3465424','Біженка','Музика: Віталій Васильєв Слова: Віталій Васильєв. Виконує: Puerto Friko','uk','ukraine_1991',NULL,NULL,'аудіозапис',NULL,'Місяць нагорі та заснули малята,
Є що поїсти та прибрана хата,
І поруч на подвір''ї розквітає квітонька,
Але для неї все це тимчасова клітонька...
Хоч міста європейського сяють вогні,
Але для неї неприємно жити на чужині...

Приспів:
В новинах називають тебе словом "біженка",
Ніхто не знає скільки ти зустріла лишенька...
І твоя гордість не дає сказати нікому,
Як хочеться скоріше повернуться додому!..

Вона на віконці запалить свіченьку
І буде шепотіти на святу водиченьку,
Щоб вижив той, хто проводжав її у дорогу,
А зараз здобуває для усіх перемогу.
І не знайти в окопі йому кращої броні,
Чим ті слова, що скажуть її губи сумні.

Приспів.

Скільки б не склалося їй жити з цим,
Назавжди буде біль - залишати свій дім...
Плаче тихо в подушку, щоби вдень усміхатись,
І додому скоріше вона мріє вертатись,
Щоб над дахом своїм розігнати хмаринки,
Бо нема сильніше в світі української жінки!

Приспів.','["pisni.org.ua", "cat:emigration", "Пісні про еміґрацію"]',1,'published',COALESCE((SELECT created_at FROM songs WHERE id='pisniua_3465424'), datetime('now')),datetime('now'));
INSERT OR REPLACE INTO songs_fts(song_id,title,lyrics) VALUES ('pisniua_3465424','Біженка','Місяць нагорі та заснули малята,
Є що поїсти та прибрана хата,
І поруч на подвір''ї розквітає квітонька,
Але для неї все це тимчасова клітонька...
Хоч міста європейського сяють вогні,
Але для неї неприємно жити на чужині...

Приспів:
В новинах називають тебе словом "біженка",
Ніхто не знає скільки ти зустріла лишенька...
І твоя гордість не дає сказати нікому,
Як хочеться скоріше повернуться додому!..

Вона на віконці запалить свіченьку
І буде шепотіти на святу водиченьку,
Щоб вижив той, хто проводжав її у дорогу,
А зараз здобуває для усіх перемогу.
І не знайти в окопі йому кращої броні,
Чим ті слова, що скажуть її губи сумні.

Приспів.

Скільки б не склалося їй жити з цим,
Назавжди буде біль - залишати свій дім...
Плаче тихо в подушку, щоби вдень усміхатись,
І додому скоріше вона мріє вертатись,
Щоб над дахом своїм розігнати хмаринки,
Бо нема сильніше в світі української жінки!

Приспів.');
INSERT OR REPLACE INTO song_links (id,song_id,title,url,kind,version_id,sort_order) VALUES ('pisniua_3465424_l1','pisniua_3465424','YouTube','https://www.youtube.com/watch?v=qSeJ8jlYBO4','video',NULL,1);
INSERT OR REPLACE INTO songs (id,title,subtitle,lang,country,period,year,source,notes,lyrics,tags_json,lang_locked,status,created_at,updated_at) VALUES ('pisniua_3455364','Сидить ведмідь на копі','Українська народна пісня','uk','ukraine_before_1917',NULL,NULL,'аудіозапис','Жартівлива пісня під час завивання "бороди" ("борода" — пучечок збіжжя, що не жали, а, витрусивши з нього зерно, залишали на ниві) після закінчення жнив.','Сидить ведмідь на копі,
Дивується бороді:
Ой, диво мені
Об тій бороді!

Ой, чия ж то борода
Чорним шовком увита?
Чорним шовком увита,
Сріблом-злотом улита?

Іванова борода
Чорним шовком увита,
Сріблом-злотом улита!

Василева борода
Мачулами увита,
А смолою улита!','["pisni.org.ua", "cat:obzhynkovi", "Обжинкові пісні"]',1,'published',COALESCE((SELECT created_at FROM songs WHERE id='pisniua_3455364'), datetime('now')),datetime('now'));
INSERT OR REPLACE INTO songs_fts(song_id,title,lyrics) VALUES ('pisniua_3455364','Сидить ведмідь на копі','Сидить ведмідь на копі,
Дивується бороді:
Ой, диво мені
Об тій бороді!

Ой, чия ж то борода
Чорним шовком увита?
Чорним шовком увита,
Сріблом-злотом улита?

Іванова борода
Чорним шовком увита,
Сріблом-злотом улита!

Василева борода
Мачулами увита,
А смолою улита!');
INSERT OR REPLACE INTO songs (id,title,subtitle,lang,country,period,year,source,notes,lyrics,tags_json,lang_locked,status,created_at,updated_at) VALUES ('pisniua_346168','Ой, не пугай, пугаченьку','Українська народна пісня. Виконує: Євген Адамцевич, Василь Жданкін','uk','ukraine_before_1917',NULL,NULL,'Збірка кобзарських пісень',NULL,'Ой, не пугай, пугаченьку
В зеленому байраченьку!

Як же ж мені не пугати?
Кругом гори та й байраки,

Кругом гори та й байраки -
Ніде ж мені гнізда звити,

Ніде ж мені гнізда звити,
Щей діточок наплодити.

Ішла вдова долиною
З дитинкою ще й з малою,

Сіла вдова спочівати
З своїм сином розмовляти -

Ой, сину мій малесенький,
Де ж твій батько ріднесенький?

Сидить орел над водою,
Розмовляє з удовою -

Не плач, не плач, молода удово,
Бо я твого мужа знаю,

Бо я твого мужа знаю
Трийчі на день обідаю.

І снідаю, обідаю,
Ще й третій раз  - вечеряю,

На кучері наступаю,
Очі з лоба видираю','["pisni.org.ua", "cat:dumy", "Думи"]',1,'published',COALESCE((SELECT created_at FROM songs WHERE id='pisniua_346168'), datetime('now')),datetime('now'));
INSERT OR REPLACE INTO songs_fts(song_id,title,lyrics) VALUES ('pisniua_346168','Ой, не пугай, пугаченьку','Ой, не пугай, пугаченьку
В зеленому байраченьку!

Як же ж мені не пугати?
Кругом гори та й байраки,

Кругом гори та й байраки -
Ніде ж мені гнізда звити,

Ніде ж мені гнізда звити,
Щей діточок наплодити.

Ішла вдова долиною
З дитинкою ще й з малою,

Сіла вдова спочівати
З своїм сином розмовляти -

Ой, сину мій малесенький,
Де ж твій батько ріднесенький?

Сидить орел над водою,
Розмовляє з удовою -

Не плач, не плач, молода удово,
Бо я твого мужа знаю,

Бо я твого мужа знаю
Трийчі на день обідаю.

І снідаю, обідаю,
Ще й третій раз  - вечеряю,

На кучері наступаю,
Очі з лоба видираю');
INSERT OR REPLACE INTO song_links (id,song_id,title,url,kind,version_id,sort_order) VALUES ('pisniua_346168_l1','pisniua_346168','YouTube','https://www.youtube.com/watch?v=WaK1Ct2WR6s','video',NULL,1);
INSERT OR REPLACE INTO songs (id,title,subtitle,lang,country,period,year,source,notes,lyrics,tags_json,lang_locked,status,created_at,updated_at) VALUES ('pisniua_346467','Янчик-Янчик не буд блазен','Українська народна пісня','uk','ukraine_before_1917',NULL,NULL,'1. Лемківські співанки. Зібрав і упорядкував М. Соболевський. — К.: Музична Україна, 1967. — 320 с.','Пісня з добірки М.Соболевського: Лемківські співанки Діалектизми: блазен, бвазен - легковажний, несерйозний; вшытко - все; го - його; ґрейцар - крейцер (австрійська монета); дачиї - чиїсь; же - що; жебрац - жебракувати, старцювати; лем - тільки; маме - маємо; мац - мати; нич - нічого; поженены - одружені; позераме - поглядаємо; позоры - погляди; тачат ся - котиться; тілько - стільки; ци - чи; штири - чотири; што - що.','Янчик-Янчик не буд блазен
Не пропивай вшытко разом
Бо як проп''єш не будеш мац |
Прийде Зима будеш жебрац   |(2)

Боже-Боже што мам робиц
Ци ся жениц ци так ходиц
Инши хлопци поженены       |
А я ходжу як шалений       |(2)

Боже-Боже який то жаль
Мене любив а иншу взяв
Мене любив зо два рочкы    |
Иншой буде стискав ручкы   |(2)

Боже-Боже што ся водит
Же Мій Милий не приходит
Ци Го Вода затопила        |
Ци Го инша полюбила        |(2)

Боже-Боже нич не маме
Лем на себе позераме
Ліпшы наши два позоры      |
Як дачиї штири Волы        |(2)

Штири Волы тілько значат
Што тот Ґрейцар што ся тачат
Ґрейцар впаде не найде ся  |
Наша Любов не мине ся      |(2)

Боже-Боже што ся водит
До Комори Вода входит
А што то за Водичка        |
Чорны Очка Біле Личко      |(2)','["pisni.org.ua", "cat:lemkivski", "Лемківські пісні"]',1,'published',COALESCE((SELECT created_at FROM songs WHERE id='pisniua_346467'), datetime('now')),datetime('now'));
INSERT OR REPLACE INTO songs_fts(song_id,title,lyrics) VALUES ('pisniua_346467','Янчик-Янчик не буд блазен','Янчик-Янчик не буд блазен
Не пропивай вшытко разом
Бо як проп''єш не будеш мац |
Прийде Зима будеш жебрац   |(2)

Боже-Боже што мам робиц
Ци ся жениц ци так ходиц
Инши хлопци поженены       |
А я ходжу як шалений       |(2)

Боже-Боже який то жаль
Мене любив а иншу взяв
Мене любив зо два рочкы    |
Иншой буде стискав ручкы   |(2)

Боже-Боже што ся водит
Же Мій Милий не приходит
Ци Го Вода затопила        |
Ци Го инша полюбила        |(2)

Боже-Боже нич не маме
Лем на себе позераме
Ліпшы наши два позоры      |
Як дачиї штири Волы        |(2)

Штири Волы тілько значат
Што тот Ґрейцар што ся тачат
Ґрейцар впаде не найде ся  |
Наша Любов не мине ся      |(2)

Боже-Боже што ся водит
До Комори Вода входит
А што то за Водичка        |
Чорны Очка Біле Личко      |(2)');
INSERT OR REPLACE INTO songs (id,title,subtitle,lang,country,period,year,source,notes,lyrics,tags_json,lang_locked,status,created_at,updated_at) VALUES ('pisniua_3467525','Різдвяна','Музика: Тетяна Пошелок Слова: Марія Звірід','uk','ukraine_1991',NULL,NULL,'аудіозапис',NULL,'Несуть подарунки Христу на Різдво:
Золото святості, ладан молитви,
Смирну впокорення, доблесть у битвах,
Душ поклоніння, хвалу й торжество!

Приспів:
Я до ясел своє серце несу,
Більших коштовностей в мене немає...
Перед Ісусом коліна схиляю
І споглядаю різдвяну красу!..

Непоказним є даруночок мій -
Поряд є золото, ладан і смирна.
Я ж подарую Ісусові вірність,
Що проростає у серці моїм!..

Приспів.

Хай вона лишиться в Нього назавжди -
Повна безпека в долонях Його.
Тільки таким є для мене Різдво:
Тут на соломі мій Цар — Він є справжній!
Хоч пролетіли дві тисячі літ,
Ангели в небі нічнім відспівали,
Свіжість Різдва втратив нинішній світ,
Я ж у присутності Божій лишаюсь!.. | (3)','["pisni.org.ua", "cat:suchasni-pisni-rizdvo", "Сучасні пісні про Різдвяні свята"]',1,'published',COALESCE((SELECT created_at FROM songs WHERE id='pisniua_3467525'), datetime('now')),datetime('now'));
INSERT OR REPLACE INTO songs_fts(song_id,title,lyrics) VALUES ('pisniua_3467525','Різдвяна','Несуть подарунки Христу на Різдво:
Золото святості, ладан молитви,
Смирну впокорення, доблесть у битвах,
Душ поклоніння, хвалу й торжество!

Приспів:
Я до ясел своє серце несу,
Більших коштовностей в мене немає...
Перед Ісусом коліна схиляю
І споглядаю різдвяну красу!..

Непоказним є даруночок мій -
Поряд є золото, ладан і смирна.
Я ж подарую Ісусові вірність,
Що проростає у серці моїм!..

Приспів.

Хай вона лишиться в Нього назавжди -
Повна безпека в долонях Його.
Тільки таким є для мене Різдво:
Тут на соломі мій Цар — Він є справжній!
Хоч пролетіли дві тисячі літ,
Ангели в небі нічнім відспівали,
Свіжість Різдва втратив нинішній світ,
Я ж у присутності Божій лишаюсь!.. | (3)');
INSERT OR REPLACE INTO song_links (id,song_id,title,url,kind,version_id,sort_order) VALUES ('pisniua_3467525_l1','pisniua_3467525','YouTube','https://www.youtube.com/watch?v=fBHWRrBR1hU','video',NULL,1);
INSERT OR REPLACE INTO songs (id,title,subtitle,lang,country,period,year,source,notes,lyrics,tags_json,lang_locked,status,created_at,updated_at) VALUES ('pisniua_3480424','Журавлі','Слова: Василь Чопей','uk','ukraine_1991',NULL,NULL,'авторське подання',NULL,'Пахне осінню надворі,
Мов вогні палають зорі,
В небесах курличуть журавлі.
Незважаючи на втому,
Журавлі летять додому,
До своєї рідної землі.

Приспів:
Ну, а я, я на чужині,
Гіркота мов від полині,
І мені все важче з кожним днем.
Що робити вже не знаю,
Та до рідного я краю
Полечу колись хоч журавлем.

Вже й туман вкриває поле,
Мені важко, як ніколи,
Пахне димом спалена стерня.
В небі крики журавлині,
А десь там Карпати сині,
І на мене жде моя рідня...

Приспів.

Там Карпати полонина,
Моя рідна Україна
І бурхлива Тиса з гір біжить.
І сумую я, страждаю,
Тихо плачу, як згадаю,
І душа, душа мене болить...

Приспів.

Я хоч вільний та в неволі,
Нема щастя, нема долі,
Певно Бог не дав цього мені.
І в лиху таки годину
Я свій рідний край покинув,
І шукаю щастя в чужині.

Приспів.','["pisni.org.ua", "cat:emigration", "Пісні про еміґрацію"]',1,'published',COALESCE((SELECT created_at FROM songs WHERE id='pisniua_3480424'), datetime('now')),datetime('now'));
INSERT OR REPLACE INTO songs_fts(song_id,title,lyrics) VALUES ('pisniua_3480424','Журавлі','Пахне осінню надворі,
Мов вогні палають зорі,
В небесах курличуть журавлі.
Незважаючи на втому,
Журавлі летять додому,
До своєї рідної землі.

Приспів:
Ну, а я, я на чужині,
Гіркота мов від полині,
І мені все важче з кожним днем.
Що робити вже не знаю,
Та до рідного я краю
Полечу колись хоч журавлем.

Вже й туман вкриває поле,
Мені важко, як ніколи,
Пахне димом спалена стерня.
В небі крики журавлині,
А десь там Карпати сині,
І на мене жде моя рідня...

Приспів.

Там Карпати полонина,
Моя рідна Україна
І бурхлива Тиса з гір біжить.
І сумую я, страждаю,
Тихо плачу, як згадаю,
І душа, душа мене болить...

Приспів.

Я хоч вільний та в неволі,
Нема щастя, нема долі,
Певно Бог не дав цього мені.
І в лиху таки годину
Я свій рідний край покинув,
І шукаю щастя в чужині.

Приспів.');
INSERT OR REPLACE INTO songs (id,title,subtitle,lang,country,period,year,source,notes,lyrics,tags_json,lang_locked,status,created_at,updated_at) VALUES ('pisniua_3467222','РЕКВІЄМ','Музика: Тетяна VLASNA Слова: Тетяна VLASNA, Ала Іващенко','uk','ukraine_1991',NULL,NULL,'аудіозапис',NULL,'Нема таких осінніх партитур,
Які б зіграли ноту завершальну,
Оцих жорстких, диявольських тортур,
Оцього горя ноту прощавальну!..
Нема таких смичків, немає струн,
Немає рук умілих музикантів,
Які б розклад змінили віщих трун
І дії оправдали окупантів...

Приспів:
Коли твій син не повертається з війни,
Коли село встріча Героя на колінах,
Спинися, музико, і тишу обійми,
Хай син побуде хоть на мить у рідних стінах...
Двохсотий - цифра, та непрощена вона,
Бо це обірване чиєсь життя і доля...
Мужчин найкращих забирає ця війна,
Безжально косить, сипле смертю серед поля...

Допоки виполіскують дощі,
Допоки наші діти в пазурищах,
Життя давно не ціниться ніким,
І сльози горя, лють на кладовищах...
Хіба їх ладен злікувати звук?..
Хіба під силу відчай музикантах?..
Серед жаливих, здичавілих мук
Лиш образ Богоматері Оранти...

Приспів.

Коли твій син не повертається з війни,
Коли село встріча Героя на колінах,
Спинися, музико, і тишу обійми,
Хай син побуде хоть на мить у рідних стінах...','["pisni.org.ua", "cat:ato", "Пісні російсько-української війни та АТО"]',1,'published',COALESCE((SELECT created_at FROM songs WHERE id='pisniua_3467222'), datetime('now')),datetime('now'));
INSERT OR REPLACE INTO songs_fts(song_id,title,lyrics) VALUES ('pisniua_3467222','РЕКВІЄМ','Нема таких осінніх партитур,
Які б зіграли ноту завершальну,
Оцих жорстких, диявольських тортур,
Оцього горя ноту прощавальну!..
Нема таких смичків, немає струн,
Немає рук умілих музикантів,
Які б розклад змінили віщих трун
І дії оправдали окупантів...

Приспів:
Коли твій син не повертається з війни,
Коли село встріча Героя на колінах,
Спинися, музико, і тишу обійми,
Хай син побуде хоть на мить у рідних стінах...
Двохсотий - цифра, та непрощена вона,
Бо це обірване чиєсь життя і доля...
Мужчин найкращих забирає ця війна,
Безжально косить, сипле смертю серед поля...

Допоки виполіскують дощі,
Допоки наші діти в пазурищах,
Життя давно не ціниться ніким,
І сльози горя, лють на кладовищах...
Хіба їх ладен злікувати звук?..
Хіба під силу відчай музикантах?..
Серед жаливих, здичавілих мук
Лиш образ Богоматері Оранти...

Приспів.

Коли твій син не повертається з війни,
Коли село встріча Героя на колінах,
Спинися, музико, і тишу обійми,
Хай син побуде хоть на мить у рідних стінах...');
INSERT OR REPLACE INTO song_links (id,song_id,title,url,kind,version_id,sort_order) VALUES ('pisniua_3467222_l1','pisniua_3467222','YouTube','https://www.youtube.com/watch?v=pz2smNm3ZBA','video',NULL,1);
INSERT OR REPLACE INTO songs (id,title,subtitle,lang,country,period,year,source,notes,lyrics,tags_json,lang_locked,status,created_at,updated_at) VALUES ('pisniua_3475323','ТННП','(Ти ніколи не помреш). Музика: Руслан Горовий Слова: Руслан Горовий','uk','ukraine_1991',NULL,NULL,'аудіозапис',NULL,'На маленькій землі так багато любові.
На маленькій землі стільки місця для всіх.
Вбити нашу любов, потопити у крові -
На таке може бути здатен виключно псих.
Я прикрию тебе. Я прикрию собою.
Так було і так буде, допоки ми тут.
На маленькій землі все лікують любов''ю,
Гоять рани своїм і своїх бережуть.

Приспів:
Якщо янголом станеш за моїми плечима,
Я дивитимусь далі твоїми очима!
Для любові немає кордонів і меж.
Доки житиму я, ти ніколи не помреш!..

На маленькій землі так багато любові,
Навіть там, де здається, її і нема.
Вона в кожній клітині і в кожному слові,
Навіть там, де гримить і лютує війна.
Я дивлюся на світ крізь твої окуляри.
Ти в футболках моїх засинаєш давно.
І тепло моїх рук крізь твої капіляри
Йде по тілу і гріє, як гарне вино.

Приспів.

На маленькій землі суміш жаху і болю
Розриває і нищить усе навкруги.
На маленькій землі час від часу до бою
Мають стати всі ті, хто цей світ полюбив.
Мої руки у шрамах і наче стигмати,
Час від часу на шкірі проявляє те зло,
Що не хоче любити, хоче тільки вбивати,
Те, що перетворило війни на ремесло.

Приспів.','["pisni.org.ua", "cat:ato", "Пісні російсько-української війни та АТО"]',1,'published',COALESCE((SELECT created_at FROM songs WHERE id='pisniua_3475323'), datetime('now')),datetime('now'));
INSERT OR REPLACE INTO songs_fts(song_id,title,lyrics) VALUES ('pisniua_3475323','ТННП','На маленькій землі так багато любові.
На маленькій землі стільки місця для всіх.
Вбити нашу любов, потопити у крові -
На таке може бути здатен виключно псих.
Я прикрию тебе. Я прикрию собою.
Так було і так буде, допоки ми тут.
На маленькій землі все лікують любов''ю,
Гоять рани своїм і своїх бережуть.

Приспів:
Якщо янголом станеш за моїми плечима,
Я дивитимусь далі твоїми очима!
Для любові немає кордонів і меж.
Доки житиму я, ти ніколи не помреш!..

На маленькій землі так багато любові,
Навіть там, де здається, її і нема.
Вона в кожній клітині і в кожному слові,
Навіть там, де гримить і лютує війна.
Я дивлюся на світ крізь твої окуляри.
Ти в футболках моїх засинаєш давно.
І тепло моїх рук крізь твої капіляри
Йде по тілу і гріє, як гарне вино.

Приспів.

На маленькій землі суміш жаху і болю
Розриває і нищить усе навкруги.
На маленькій землі час від часу до бою
Мають стати всі ті, хто цей світ полюбив.
Мої руки у шрамах і наче стигмати,
Час від часу на шкірі проявляє те зло,
Що не хоче любити, хоче тільки вбивати,
Те, що перетворило війни на ремесло.

Приспів.');
INSERT OR REPLACE INTO song_links (id,song_id,title,url,kind,version_id,sort_order) VALUES ('pisniua_3475323_l1','pisniua_3475323','YouTube','https://www.youtube.com/watch?v=cyxNiEWMW7w','video',NULL,1);
INSERT OR REPLACE INTO songs (id,title,subtitle,lang,country,period,year,source,notes,lyrics,tags_json,lang_locked,status,created_at,updated_at) VALUES ('pisniua_3456121','Повітряна тривога в Криму','Музика: Дмитро Осичнюк Слова: Дмитро Осичнюк. Виконує: SPIV BRATIV','uk','ukraine_1991',NULL,NULL,'аудіозапис',NULL,'Приспів:
Вперше за цю війну
Повітряна тривога в Криму,
А все це тому,
Що за скоїне біль не минув...

Невже в Криму бавовна?
Дим піднявся чорний,
А місяць майже повний,
Ніч буде безсонна!..
Отже долетіло,
Значить все можливо!
А це ще не відплата,
Це лише початок!

Приспів. (2)

Крим - це Україна!
Україна сильна!
Може і повільно
Та своє ми звільним!
Це розкол режиму -
Раша загориться!
Все почалось з Криму,
Кримом закінчиться!

Приспів. (2)

Все почалось з Криму,
Кримом закінчиться!
Їх тепер ми знаємо:
Більш не повториться!
Все почалось з Криму, |
Кримом закінчиться!   | (2)','["pisni.org.ua", "cat:ato", "Пісні російсько-української війни та АТО"]',1,'published',COALESCE((SELECT created_at FROM songs WHERE id='pisniua_3456121'), datetime('now')),datetime('now'));
INSERT OR REPLACE INTO songs_fts(song_id,title,lyrics) VALUES ('pisniua_3456121','Повітряна тривога в Криму','Приспів:
Вперше за цю війну
Повітряна тривога в Криму,
А все це тому,
Що за скоїне біль не минув...

Невже в Криму бавовна?
Дим піднявся чорний,
А місяць майже повний,
Ніч буде безсонна!..
Отже долетіло,
Значить все можливо!
А це ще не відплата,
Це лише початок!

Приспів. (2)

Крим - це Україна!
Україна сильна!
Може і повільно
Та своє ми звільним!
Це розкол режиму -
Раша загориться!
Все почалось з Криму,
Кримом закінчиться!

Приспів. (2)

Все почалось з Криму,
Кримом закінчиться!
Їх тепер ми знаємо:
Більш не повториться!
Все почалось з Криму, |
Кримом закінчиться!   | (2)');
INSERT OR REPLACE INTO song_links (id,song_id,title,url,kind,version_id,sort_order) VALUES ('pisniua_3456121_l1','pisniua_3456121','YouTube','https://www.youtube.com/watch?v=o6LudeVAP5w','video',NULL,1);
INSERT OR REPLACE INTO songs (id,title,subtitle,lang,country,period,year,source,notes,lyrics,tags_json,lang_locked,status,created_at,updated_at) VALUES ('pisniua_34626','Ой на святий вечір',NULL,'uk','ukraine_before_1917',NULL,NULL,NULL,NULL,'Ой на святий вечір,
Рівно опівночі.
Прилетіли Ангелики
Христу до помочи.

Святі Ангелики
Прилетіли з неба,
Дали знати Йосипові,
Що тікати треба.

Утікали вони
Горов та долинов,
Хоронили життя своє
З маленьков дитинов.

А на розказ Божий
Свята Божа Мати
Веліла нам, християнам,
Заколядувати.','["pisni.org.ua", "cat:christian", "cat:kolyadky", "Пісні на християнську тематику", "Колядки"]',1,'published',COALESCE((SELECT created_at FROM songs WHERE id='pisniua_34626'), datetime('now')),datetime('now'));
INSERT OR REPLACE INTO songs_fts(song_id,title,lyrics) VALUES ('pisniua_34626','Ой на святий вечір','Ой на святий вечір,
Рівно опівночі.
Прилетіли Ангелики
Христу до помочи.

Святі Ангелики
Прилетіли з неба,
Дали знати Йосипові,
Що тікати треба.

Утікали вони
Горов та долинов,
Хоронили життя своє
З маленьков дитинов.

А на розказ Божий
Свята Божа Мати
Веліла нам, християнам,
Заколядувати.');
INSERT OR REPLACE INTO songs (id,title,subtitle,lang,country,period,year,source,notes,lyrics,tags_json,lang_locked,status,created_at,updated_at) VALUES ('pisniua_3463168','Пісня Бориса','Музика: Вадим Гомоляка Слова: Дмитро Луценко','uk','ukraine_1991',NULL,NULL,'В. Гомоляка. Дві пісні із кінофільму "Радість моя", Советский композитор, Київ — 1962 р.','Послухати мелодію та переглянути/завантажити ноти можна тут: https://musescore.com/user/56304587/scores/22415134','Край села шелестить верба.
Впала ніч на землю голуба.
Загляда місяць в тихий став. |
Нащо я щиро так покохав?     | (2)

В самоті серце защемить...
Як тебе, кохана, розлюбить.
Я ходжу до верби дарма,      |
Бо тебе розлюбити сил нема.  | (2)

З білих зір я вінок сплету,
Дам тобі веселку золоту,
Полотном стежку застелю,
Бо тебе лиш одну я люблю.
Запашні віти нахилю,
Бо тебе лиш одну я люблю!','["pisni.org.ua", "cat:romansy", "Романси"]',1,'published',COALESCE((SELECT created_at FROM songs WHERE id='pisniua_3463168'), datetime('now')),datetime('now'));
INSERT OR REPLACE INTO songs_fts(song_id,title,lyrics) VALUES ('pisniua_3463168','Пісня Бориса','Край села шелестить верба.
Впала ніч на землю голуба.
Загляда місяць в тихий став. |
Нащо я щиро так покохав?     | (2)

В самоті серце защемить...
Як тебе, кохана, розлюбить.
Я ходжу до верби дарма,      |
Бо тебе розлюбити сил нема.  | (2)

З білих зір я вінок сплету,
Дам тобі веселку золоту,
Полотном стежку застелю,
Бо тебе лиш одну я люблю.
Запашні віти нахилю,
Бо тебе лиш одну я люблю!');
INSERT OR REPLACE INTO song_links (id,song_id,title,url,kind,version_id,sort_order) VALUES ('pisniua_3463168_l1','pisniua_3463168','YouTube','https://www.youtube.com/watch?v=v3Se9SE-NX0','video',NULL,1);
INSERT OR REPLACE INTO songs (id,title,subtitle,lang,country,period,year,source,notes,lyrics,tags_json,lang_locked,status,created_at,updated_at) VALUES ('pisniua_3463020','Не мовчи','Музика: YAKTAK Слова: Ярослав Карпук, Катерина Мєдвєдєва. Виконує: YAKTAK','uk','ukraine_before_1917',NULL,NULL,'аудіозапис',NULL,'Приспів:
Лиш прошу, не мовчи,
Бо мовчання вбивало нас,
Так бувало із нами не раз,
Час рух спинив,
Засинали спина до спини...
Не мовчи!
Говори мені свої "але",
Говори про пусте й головне,
Щоб більше ми
Не спали спина до спини...

Спали спина до спини
Міняти ще не пізно,
Як мене заносить - спини,
Поцілуй ніжно!
Вранці щось розкажи
В холодній постелі,
Нехай завжди сміх твій
Бігає по стелі!
Коли тебе немає вдома
На стіні сирість,
Колюча ковдра не зігріє
Так, як твоя щирість.
На мені самотності пальто,
Я з нього так виріс...
Де любов купить?..
Де взять на виріст?

Приспів.

Не спали спина до спини...

І знаєш, я заплутався, ніби
В сітку, все життя вмістилось
В маленьку квартирку...
Новий день, і знову все по списку,
Тільки б твоє серце мені за прописку.
Вчора говорив із вічним небом,
В нього очі, як у тебе, сині теж!..
Мені більше нічого не треба,
Як біля мене заснеш!..

Приспів.','["pisni.org.ua", "cat:lirychni", "Пісні про кохання, ліричні"]',1,'published',COALESCE((SELECT created_at FROM songs WHERE id='pisniua_3463020'), datetime('now')),datetime('now'));
INSERT OR REPLACE INTO songs_fts(song_id,title,lyrics) VALUES ('pisniua_3463020','Не мовчи','Приспів:
Лиш прошу, не мовчи,
Бо мовчання вбивало нас,
Так бувало із нами не раз,
Час рух спинив,
Засинали спина до спини...
Не мовчи!
Говори мені свої "але",
Говори про пусте й головне,
Щоб більше ми
Не спали спина до спини...

Спали спина до спини
Міняти ще не пізно,
Як мене заносить - спини,
Поцілуй ніжно!
Вранці щось розкажи
В холодній постелі,
Нехай завжди сміх твій
Бігає по стелі!
Коли тебе немає вдома
На стіні сирість,
Колюча ковдра не зігріє
Так, як твоя щирість.
На мені самотності пальто,
Я з нього так виріс...
Де любов купить?..
Де взять на виріст?

Приспів.

Не спали спина до спини...

І знаєш, я заплутався, ніби
В сітку, все життя вмістилось
В маленьку квартирку...
Новий день, і знову все по списку,
Тільки б твоє серце мені за прописку.
Вчора говорив із вічним небом,
В нього очі, як у тебе, сині теж!..
Мені більше нічого не треба,
Як біля мене заснеш!..

Приспів.');
INSERT OR REPLACE INTO song_links (id,song_id,title,url,kind,version_id,sort_order) VALUES ('pisniua_3463020_l1','pisniua_3463020','YouTube','https://www.youtube.com/watch?v=JulDOMKkE70','video',NULL,1);
INSERT OR REPLACE INTO songs (id,title,subtitle,lang,country,period,year,source,notes,lyrics,tags_json,lang_locked,status,created_at,updated_at) VALUES ('pisniua_348261','Студентка','Слова: народні','uk','ukraine_before_1917',NULL,NULL,NULL,NULL,'Якось то було раз у маю,
Пішла студентка аж до гаю.
За нею студент з тиха манжав,       (2)
І він студентку за руку взяв.

І пішли вони в далекий ліс,
Вона стомилась, він її ніс.
Втомилась вона, втомився сам,       (2)
І посідали під дубом там.

На купу листя він назгортав,
І він студентку на руки взяв.
Що було дальше не скажу вам,        (2)
Бо особисто не був я там.

Літо минуло осінь прийшла,
Студентка в школу більш не пішла.
Зима минула, марець наспів,         (2)
В студентки чути вже такий спів.

Ой люляй, люляй синочку мій,
Студент чорнявий, то батько твій.
Ой люляй, люляй ще й засинай,       (2)
Під час кохання був місяць май.','["pisni.org.ua", "cat:halycki", "Пісні з Галичини"]',1,'published',COALESCE((SELECT created_at FROM songs WHERE id='pisniua_348261'), datetime('now')),datetime('now'));
INSERT OR REPLACE INTO songs_fts(song_id,title,lyrics) VALUES ('pisniua_348261','Студентка','Якось то було раз у маю,
Пішла студентка аж до гаю.
За нею студент з тиха манжав,       (2)
І він студентку за руку взяв.

І пішли вони в далекий ліс,
Вона стомилась, він її ніс.
Втомилась вона, втомився сам,       (2)
І посідали під дубом там.

На купу листя він назгортав,
І він студентку на руки взяв.
Що було дальше не скажу вам,        (2)
Бо особисто не був я там.

Літо минуло осінь прийшла,
Студентка в школу більш не пішла.
Зима минула, марець наспів,         (2)
В студентки чути вже такий спів.

Ой люляй, люляй синочку мій,
Студент чорнявий, то батько твій.
Ой люляй, люляй ще й засинай,       (2)
Під час кохання був місяць май.');
INSERT OR REPLACE INTO songs (id,title,subtitle,lang,country,period,year,source,notes,lyrics,tags_json,lang_locked,status,created_at,updated_at) VALUES ('pisniua_3486424','Собаченя Димок','Слова: Леонід Луговий','uk','ukraine_1991',NULL,NULL,'авторське подання',NULL,'Стрибає від щастя
Сріблястий собачка -
Він Петрика щойно зустрів.
Бо кращого друга
Немає в окрузі,
Від будки до самих морів.

Приспів:
Смішний Димок, що скачеш ти?..
В тобі хлопчина друга бачить.
Тримають песики завжди
Закон і слово "гав" собаче.

Димок босоніжки
Попробував трішки
І в будку сховався мерщій.
У Петрика мама -
Така собі дама,
А Петрик у цуцика свій!

Приспів.

Він біг по калюжі,
Захекався дуже,
Від лапок до носа промок.
Отримуй, будь ласка,
Поп-корн і ковбаску,
Веселий собачка Димок.

Приспів.','["pisni.org.ua", "cat:druzhba", "Пісні про дружбу"]',1,'published',COALESCE((SELECT created_at FROM songs WHERE id='pisniua_3486424'), datetime('now')),datetime('now'));
INSERT OR REPLACE INTO songs_fts(song_id,title,lyrics) VALUES ('pisniua_3486424','Собаченя Димок','Стрибає від щастя
Сріблястий собачка -
Він Петрика щойно зустрів.
Бо кращого друга
Немає в окрузі,
Від будки до самих морів.

Приспів:
Смішний Димок, що скачеш ти?..
В тобі хлопчина друга бачить.
Тримають песики завжди
Закон і слово "гав" собаче.

Димок босоніжки
Попробував трішки
І в будку сховався мерщій.
У Петрика мама -
Така собі дама,
А Петрик у цуцика свій!

Приспів.

Він біг по калюжі,
Захекався дуже,
Від лапок до носа промок.
Отримуй, будь ласка,
Поп-корн і ковбаску,
Веселий собачка Димок.

Приспів.');
INSERT OR REPLACE INTO songs (id,title,subtitle,lang,country,period,year,source,notes,lyrics,tags_json,lang_locked,status,created_at,updated_at) VALUES ('pisniua_347364','Ой, чиє ж то жито','Українська народна пісня','uk','ukraine_before_1917',NULL,NULL,'чула в родині, бабуня співали','не впевнена, що це повний текст пісні','Ой, чиє ж то жито, чиї ж то покоси (2р.)
Чия ж то дівчина розпустила коси?

Коси розпустила, заміж не ходила, (2р.)
Козак має жінку, його й полюбила.

Козак має жінку, щей діточок троє, (2р.)
А моє серденько крається на двоє.

Крається на двоє, на дві половини, (2р.)
Одна - для козака, друга - для дівчини','["pisni.org.ua", "cat:slobozhanski", "Пісні з слобожанщини"]',1,'published',COALESCE((SELECT created_at FROM songs WHERE id='pisniua_347364'), datetime('now')),datetime('now'));
INSERT OR REPLACE INTO songs_fts(song_id,title,lyrics) VALUES ('pisniua_347364','Ой, чиє ж то жито','Ой, чиє ж то жито, чиї ж то покоси (2р.)
Чия ж то дівчина розпустила коси?

Коси розпустила, заміж не ходила, (2р.)
Козак має жінку, його й полюбила.

Козак має жінку, щей діточок троє, (2р.)
А моє серденько крається на двоє.

Крається на двоє, на дві половини, (2р.)
Одна - для козака, друга - для дівчини');
INSERT OR REPLACE INTO song_links (id,song_id,title,url,kind,version_id,sort_order) VALUES ('pisniua_347364_l1','pisniua_347364','Переглянути варіанти >>','https://www.pisni.org.ua/#variants','external',NULL,1);
INSERT OR REPLACE INTO songs (id,title,subtitle,lang,country,period,year,source,notes,lyrics,tags_json,lang_locked,status,created_at,updated_at) VALUES ('pisniua_348869','Ой, роду наш красний','(У полі калина). Українська народна пісня. Виконує: Ніна Матвієнко','uk','ukraine_before_1917',NULL,NULL,'Кружало: Ніна Матвієнко. Найкраще. — Київ, 2004.','*У записі Ніна Матвієнко співає: "Небагато нас є".','У полі калина,
У полі червона.
Хорошенько цвіте.

Приспів:
Ой роду наш красний,
Роду наш прекрасний,
Не цураймося, признаваймося,
Бо багацько нас є.*

Що перший цвіточок -
То рідний батенько.
Хорошенько цвіте.

Приспів.

Що другий цвіточок -
То рідная ненька.
Хорошенько цвіте.

Приспів.

Що третій цвіточок -
Рідна сторононька.
Хорошенько цвіте.

Приспів.','["pisni.org.ua", "cat:narodni", "cat:patriotic", "cat:pro-batkiv", "Народні пісні", "Патріотичні пісні", "Пісні про любов до батьків"]',1,'published',COALESCE((SELECT created_at FROM songs WHERE id='pisniua_348869'), datetime('now')),datetime('now'));
INSERT OR REPLACE INTO songs_fts(song_id,title,lyrics) VALUES ('pisniua_348869','Ой, роду наш красний','У полі калина,
У полі червона.
Хорошенько цвіте.

Приспів:
Ой роду наш красний,
Роду наш прекрасний,
Не цураймося, признаваймося,
Бо багацько нас є.*

Що перший цвіточок -
То рідний батенько.
Хорошенько цвіте.

Приспів.

Що другий цвіточок -
То рідная ненька.
Хорошенько цвіте.

Приспів.

Що третій цвіточок -
Рідна сторононька.
Хорошенько цвіте.

Приспів.');
INSERT OR REPLACE INTO song_links (id,song_id,title,url,kind,version_id,sort_order) VALUES ('pisniua_348869_l1','pisniua_348869','YouTube','https://www.youtube.com/watch?v=TvurONrpUWw','video',NULL,1);
INSERT OR REPLACE INTO song_links (id,song_id,title,url,kind,version_id,sort_order) VALUES ('pisniua_348869_l2','pisniua_348869','YouTube','https://www.youtube.com/watch?v=eRmyIOQQevU','video',NULL,2);
INSERT OR REPLACE INTO songs (id,title,subtitle,lang,country,period,year,source,notes,lyrics,tags_json,lang_locked,status,created_at,updated_at) VALUES ('pisniua_3479065','Поверніться живими, герої!','Музика: Ілля Резніков Слова: Ілля Резніков','uk','ukraine_1991',NULL,NULL,'аудіозапис',NULL,'Ця пісня лунає з самої землі,
В ній заклик поколінь
Та прагнення до волі!
Нікуди не зникала, вона була завжди,
Її слова зберіг вільний вітер в полі!
Гори додали своє життя,
Б''ють в барабан хвилі у морі,
Бачили різне: відвагу, любов,
Пам''ять крізь час та надію крізь горе!..

Приспів:
Поверніться живими, герої!
Ви мусите жити під сонцем новим
Для тих, що чекали вдома,
Для тих, що не повернулись живими!
Поверніться живими, будь ласка!
Розкажете дітям ще на ніч казку!
Під сонцем новим розвіється дим,
Брудні ворогів розтануть сліди!

Якби ж одної чистої віри
Достатньо було, щоб перемогти,
І правди одної достатньо аби
Смерті до ворога шлях знайти.
Доволі якби було слова поета,
Щоби назад полетіли ракети,
Якби ж, почувши дитини плач,
Із сорому скоїв самогубство кат.
Але ні... Якщо б не герої,
Якби не їх воля залізна,
Коли б не взяли до рук зброї,
Складати вірші було б пізно...
Вчорашні звичайні люди
Сьогодні тримають землю і небо,
Ніхто не знає, що завтра буде,
Але вони роблять все, що треба!

Приспів.','["pisni.org.ua", "cat:ato", "Пісні російсько-української війни та АТО"]',1,'published',COALESCE((SELECT created_at FROM songs WHERE id='pisniua_3479065'), datetime('now')),datetime('now'));
INSERT OR REPLACE INTO songs_fts(song_id,title,lyrics) VALUES ('pisniua_3479065','Поверніться живими, герої!','Ця пісня лунає з самої землі,
В ній заклик поколінь
Та прагнення до волі!
Нікуди не зникала, вона була завжди,
Її слова зберіг вільний вітер в полі!
Гори додали своє життя,
Б''ють в барабан хвилі у морі,
Бачили різне: відвагу, любов,
Пам''ять крізь час та надію крізь горе!..

Приспів:
Поверніться живими, герої!
Ви мусите жити під сонцем новим
Для тих, що чекали вдома,
Для тих, що не повернулись живими!
Поверніться живими, будь ласка!
Розкажете дітям ще на ніч казку!
Під сонцем новим розвіється дим,
Брудні ворогів розтануть сліди!

Якби ж одної чистої віри
Достатньо було, щоб перемогти,
І правди одної достатньо аби
Смерті до ворога шлях знайти.
Доволі якби було слова поета,
Щоби назад полетіли ракети,
Якби ж, почувши дитини плач,
Із сорому скоїв самогубство кат.
Але ні... Якщо б не герої,
Якби не їх воля залізна,
Коли б не взяли до рук зброї,
Складати вірші було б пізно...
Вчорашні звичайні люди
Сьогодні тримають землю і небо,
Ніхто не знає, що завтра буде,
Але вони роблять все, що треба!

Приспів.');
INSERT OR REPLACE INTO song_links (id,song_id,title,url,kind,version_id,sort_order) VALUES ('pisniua_3479065_l1','pisniua_3479065','YouTube','https://www.youtube.com/watch?v=RKz2E2egfKE','video',NULL,1);
INSERT OR REPLACE INTO songs (id,title,subtitle,lang,country,period,year,source,notes,lyrics,tags_json,lang_locked,status,created_at,updated_at) VALUES ('pisniua_3485065','Колись було','Українська народна пісня','uk','ukraine_before_1917',NULL,NULL,'аудіозапис',NULL,'Колись були кури,
Тепер канарейки,
Колись були гроші,
А тепер наклейки!

Приспів:
Гойра, Маруська, гойра!   |
Маруська, гойра,          |
Марунька, ай, цвай, драй! | (2)

Колись було файно,
А тепер ше ліпше,
Колись був товариш,
Тепер - комуніста!

Приспів.

Колись були хлопці,
Хлопці золотії,
А тепер всі лисі,
І усі крутії!

Приспів.

Колись були дівки
Моцні, як сапери,
Тепер сі лишили
Худі, як ровери!

Приспів.

Колись були газди,
Файно газдували,
А тепер ті газди
В Чехи сі подали!

Приспів.

Колись були жінки -
Добресенькі тьотки,
А тепер мігери,
Лишень робить пльотки!

Приспів.

Колись були діти,
Добрі та слухняні,
Тепер дискотека,
Танцювають п''яні.

Приспів.

Колись були діти,
До школи ходили,
А тепер ті діти
Школу завалили!

Приспів.

Колись була добра
Та самая влада,
Тепер троха ліпша
Верховная Рада.

Приспів.

Колись були яйці,
Ковбаса дешева,
А тепер задурно
Лишень дощ із неба!

Приспів.','["pisni.org.ua", "cat:kolomyyky", "Коломийки"]',1,'published',COALESCE((SELECT created_at FROM songs WHERE id='pisniua_3485065'), datetime('now')),datetime('now'));
INSERT OR REPLACE INTO songs_fts(song_id,title,lyrics) VALUES ('pisniua_3485065','Колись було','Колись були кури,
Тепер канарейки,
Колись були гроші,
А тепер наклейки!

Приспів:
Гойра, Маруська, гойра!   |
Маруська, гойра,          |
Марунька, ай, цвай, драй! | (2)

Колись було файно,
А тепер ше ліпше,
Колись був товариш,
Тепер - комуніста!

Приспів.

Колись були хлопці,
Хлопці золотії,
А тепер всі лисі,
І усі крутії!

Приспів.

Колись були дівки
Моцні, як сапери,
Тепер сі лишили
Худі, як ровери!

Приспів.

Колись були газди,
Файно газдували,
А тепер ті газди
В Чехи сі подали!

Приспів.

Колись були жінки -
Добресенькі тьотки,
А тепер мігери,
Лишень робить пльотки!

Приспів.

Колись були діти,
Добрі та слухняні,
Тепер дискотека,
Танцювають п''яні.

Приспів.

Колись були діти,
До школи ходили,
А тепер ті діти
Школу завалили!

Приспів.

Колись була добра
Та самая влада,
Тепер троха ліпша
Верховная Рада.

Приспів.

Колись були яйці,
Ковбаса дешева,
А тепер задурно
Лишень дощ із неба!

Приспів.');
INSERT OR REPLACE INTO song_links (id,song_id,title,url,kind,version_id,sort_order) VALUES ('pisniua_3485065_l1','pisniua_3485065','YouTube','https://www.youtube.com/watch?v=22_2BogMJvM','video',NULL,1);
INSERT OR REPLACE INTO songs (id,title,subtitle,lang,country,period,year,source,notes,lyrics,tags_json,lang_locked,status,created_at,updated_at) VALUES ('pisniua_3492560','За хмарами','Музика: Володимир Будейчук Слова: Лариса Архипенко. Виконує: Наталія Бучинська','uk','ukraine_before_1917',NULL,NULL,'аудіозапис',NULL,'Приходить вечір, невипитим вином
Вплітає мрії у моє волосся...
А я тебе не бачила давно,
А я тебе й кохаю досі!..

Приспів:
За хмарами, за хмарами     |
Над річкою глибокою        |
Птахи кружляють парами,    |
А я не знаю спокою...      |
За хмарами, за хмарами     |
Голуби голубляться,        |
Як станемо ми парою,       |
То стерпиться і злюбиться! | (2)

Як станемо ми парою,
То стерпиться і злюбиться!

Без попереджень у сни приходив знов,
До тебе бігла, коханий, боса!..
А ти в мені свою любов знайшов,
Чи то мені все так здалося?..

Приспів.

Як станемо ми парою,
То стерпиться і злюбиться!','["pisni.org.ua", "cat:lirychni", "Пісні про кохання, ліричні"]',1,'published',COALESCE((SELECT created_at FROM songs WHERE id='pisniua_3492560'), datetime('now')),datetime('now'));
INSERT OR REPLACE INTO songs_fts(song_id,title,lyrics) VALUES ('pisniua_3492560','За хмарами','Приходить вечір, невипитим вином
Вплітає мрії у моє волосся...
А я тебе не бачила давно,
А я тебе й кохаю досі!..

Приспів:
За хмарами, за хмарами     |
Над річкою глибокою        |
Птахи кружляють парами,    |
А я не знаю спокою...      |
За хмарами, за хмарами     |
Голуби голубляться,        |
Як станемо ми парою,       |
То стерпиться і злюбиться! | (2)

Як станемо ми парою,
То стерпиться і злюбиться!

Без попереджень у сни приходив знов,
До тебе бігла, коханий, боса!..
А ти в мені свою любов знайшов,
Чи то мені все так здалося?..

Приспів.

Як станемо ми парою,
То стерпиться і злюбиться!');
INSERT OR REPLACE INTO song_links (id,song_id,title,url,kind,version_id,sort_order) VALUES ('pisniua_3492560_l1','pisniua_3492560','YouTube','https://www.youtube.com/watch?v=6MlYBNP-u_I','video',NULL,1);
INSERT OR REPLACE INTO song_links (id,song_id,title,url,kind,version_id,sort_order) VALUES ('pisniua_3492560_l2','pisniua_3492560','YouTube','https://www.youtube.com/watch?v=h8X-xzpYzH0','video',NULL,2);
INSERT OR REPLACE INTO songs (id,title,subtitle,lang,country,period,year,source,notes,lyrics,tags_json,lang_locked,status,created_at,updated_at) VALUES ('pisniua_3489727','Ходить Миколай','Музика: Микола Ведмедеря Слова: Юлія Хандожинська','uk','ukraine_1991',NULL,NULL,'авторське подання',NULL,'А по світу ходить,
Ходить Миколай,
Ти лише бажання
Вчасно загадай!
Будь сміливим, чемним,
Чесним, добрим будь -
І тоді гостинці
З радістю прийдуть!

Приспів:
Миколаю, Миколаю,
Цілий рік тебе чекаю!
Миколаю, Миколай,
Всіх зі святом привітай!

Зимова пороша
Заміта сліди,
І куди не глянеш -
Білі килими.
А по білім-білім,
Білім килимку
Миколай дарунки
Нам несе в мішку!

Приспів.','["pisni.org.ua", "cat:svyatyy-mykolay", "Пісні про Святого Миколая"]',1,'published',COALESCE((SELECT created_at FROM songs WHERE id='pisniua_3489727'), datetime('now')),datetime('now'));
INSERT OR REPLACE INTO songs_fts(song_id,title,lyrics) VALUES ('pisniua_3489727','Ходить Миколай','А по світу ходить,
Ходить Миколай,
Ти лише бажання
Вчасно загадай!
Будь сміливим, чемним,
Чесним, добрим будь -
І тоді гостинці
З радістю прийдуть!

Приспів:
Миколаю, Миколаю,
Цілий рік тебе чекаю!
Миколаю, Миколай,
Всіх зі святом привітай!

Зимова пороша
Заміта сліди,
І куди не глянеш -
Білі килими.
А по білім-білім,
Білім килимку
Миколай дарунки
Нам несе в мішку!

Приспів.');
INSERT OR REPLACE INTO song_links (id,song_id,title,url,kind,version_id,sort_order) VALUES ('pisniua_3489727_l1','pisniua_3489727','YouTube','https://www.youtube.com/watch?v=J4mC-OwN8t0','video',NULL,1);
INSERT OR REPLACE INTO songs (id,title,subtitle,lang,country,period,year,source,notes,lyrics,tags_json,lang_locked,status,created_at,updated_at) VALUES ('pisniua_349020','Ой зацвіла червона калина','Українська народна пісня. Виконує: Рідна пісня','uk','ukraine_1991',NULL,'1996','1. "Українські народні пісні", К., "Мистецтво", 1955. Кн. 1, с. 461. 2. Поголосся та деякі відмінності в тексті: так співали цю пісню в с. Катеринополі (Черкащина) принаймні в 50-х роках: В. Триліс','В репертуарі жіночого гурту "Рідна пісня" (м. Київ) з 1996 року.','Ой зацвіла червона калина
Над криницею.
Горе жити, моя рідна ненько,
Жити за п''яницею.

Бо п''яниця - то не робітниця,
Що день, що ніч п''є,
А як прийде із корчми додому -
Мене молодую б''є.

Потихесеньку, помалесеньку,
Моя мати, йди:
Спить п''яниця в рубленій коморі -
Гляди його не збуди.

Ой нехай же він спить, та нехай вже він спить,
Та бодай він не встав,
Що він твою бідну голівоньку
Та й навік заклопотав.

Ой не лай, мати, не клени, мати,
П''яницю мого,
Бо як умре - зостануться діти,
Горе буде без нього','["pisni.org.ua", "cat:socialno-pobutovi", "Соціально-побутові пісні"]',1,'published',COALESCE((SELECT created_at FROM songs WHERE id='pisniua_349020'), datetime('now')),datetime('now'));
INSERT OR REPLACE INTO songs_fts(song_id,title,lyrics) VALUES ('pisniua_349020','Ой зацвіла червона калина','Ой зацвіла червона калина
Над криницею.
Горе жити, моя рідна ненько,
Жити за п''яницею.

Бо п''яниця - то не робітниця,
Що день, що ніч п''є,
А як прийде із корчми додому -
Мене молодую б''є.

Потихесеньку, помалесеньку,
Моя мати, йди:
Спить п''яниця в рубленій коморі -
Гляди його не збуди.

Ой нехай же він спить, та нехай вже він спить,
Та бодай він не встав,
Що він твою бідну голівоньку
Та й навік заклопотав.

Ой не лай, мати, не клени, мати,
П''яницю мого,
Бо як умре - зостануться діти,
Горе буде без нього');
INSERT OR REPLACE INTO song_links (id,song_id,title,url,kind,version_id,sort_order) VALUES ('pisniua_349020_l1','pisniua_349020','YouTube','https://www.youtube.com/watch?v=BfC137U_h9o','video',NULL,1);
INSERT OR REPLACE INTO song_links (id,song_id,title,url,kind,version_id,sort_order) VALUES ('pisniua_349020_l2','pisniua_349020','YouTube','https://www.youtube.com/watch?v=JdDGbWkwAYU','video',NULL,2);
INSERT OR REPLACE INTO songs (id,title,subtitle,lang,country,period,year,source,notes,lyrics,tags_json,lang_locked,status,created_at,updated_at) VALUES ('pisniua_3490020','Осiнь, осiнь вже пришла','Музика: Євгеній Скрипкiн Слова: Євгеній Скрипкiн','uk','ukraine_1991',NULL,NULL,'аудіозапис',NULL,'Осінь, осінь вже пришла,
Жовте листя принесла!
Дощик, дощик всюди ллє,
Нам гуляти не дає!..
Дощик, дощик всюди ллє,
Нам гуляти не дає!..

Парасольки ми візьмем,
I на вулицю підем!
Крапай, дощик, на малят,
Поливай усе підряд!..
Крапай, дощик, на малят,
Поливай усе підряд!..','["pisni.org.ua", "cat:krasa-pryrody", "Пісні про красу природи"]',1,'published',COALESCE((SELECT created_at FROM songs WHERE id='pisniua_3490020'), datetime('now')),datetime('now'));
INSERT OR REPLACE INTO songs_fts(song_id,title,lyrics) VALUES ('pisniua_3490020','Осiнь, осiнь вже пришла','Осінь, осінь вже пришла,
Жовте листя принесла!
Дощик, дощик всюди ллє,
Нам гуляти не дає!..
Дощик, дощик всюди ллє,
Нам гуляти не дає!..

Парасольки ми візьмем,
I на вулицю підем!
Крапай, дощик, на малят,
Поливай усе підряд!..
Крапай, дощик, на малят,
Поливай усе підряд!..');
INSERT OR REPLACE INTO song_links (id,song_id,title,url,kind,version_id,sort_order) VALUES ('pisniua_3490020_l1','pisniua_3490020','YouTube','https://www.youtube.com/watch?v=E_sFsiBbiZk','video',NULL,1);
INSERT OR REPLACE INTO song_links (id,song_id,title,url,kind,version_id,sort_order) VALUES ('pisniua_3490020_l2','pisniua_3490020','YouTube','https://www.youtube.com/watch?v=F32a5bZP-Uc','video',NULL,2);
INSERT OR REPLACE INTO songs (id,title,subtitle,lang,country,period,year,source,notes,lyrics,tags_json,lang_locked,status,created_at,updated_at) VALUES ('pisniua_349168','Пісня про Україну','Музика: Тетянa Лободa Слова: Любов Забашта','uk','ukraine_1991',NULL,NULL,NULL,NULL,'Над Дніпровою сагою линуть думи за тобою.
Твої очі волошкові, твої далі барвінкові.
Хліб без тебе зачерствіє, слово батьківське завяне.
Україно, Україно, сторона моя кохана.

Пшениченька в полі грає, світять води, як Дунаї.
Хлюпотять озера й ріки. Дорога моя навіки.
Як зірниця запалаєш крізь моря і океани,
Україно, Україно, сторона моя кохана.

Виростай, моя висока, червоній, немов калина.
Мов кохана кароока, рідна нене Україно!
Журавлі у небі линуть, тай вертають додомоньку,
Україна, Україна - Дніпровая сторононька.','["pisni.org.ua", "cat:patriotic", "Патріотичні пісні"]',1,'published',COALESCE((SELECT created_at FROM songs WHERE id='pisniua_349168'), datetime('now')),datetime('now'));
INSERT OR REPLACE INTO songs_fts(song_id,title,lyrics) VALUES ('pisniua_349168','Пісня про Україну','Над Дніпровою сагою линуть думи за тобою.
Твої очі волошкові, твої далі барвінкові.
Хліб без тебе зачерствіє, слово батьківське завяне.
Україно, Україно, сторона моя кохана.

Пшениченька в полі грає, світять води, як Дунаї.
Хлюпотять озера й ріки. Дорога моя навіки.
Як зірниця запалаєш крізь моря і океани,
Україно, Україно, сторона моя кохана.

Виростай, моя висока, червоній, немов калина.
Мов кохана кароока, рідна нене Україно!
Журавлі у небі линуть, тай вертають додомоньку,
Україна, Україна - Дніпровая сторононька.');
INSERT OR REPLACE INTO songs (id,title,subtitle,lang,country,period,year,source,notes,lyrics,tags_json,lang_locked,status,created_at,updated_at) VALUES ('pisniua_3499323','Що у світі стало?','Музика: Оксана Пічугіна Слова: Оксана Пічугіна','uk','ukraine_1991',NULL,NULL,'аудіозапис',NULL,'Що у світі стало?
Та й пора настала,
Бо син Божий народився,   |
Щоби світ змінився!       | (2)

Приспів:
Щедрий вечір!
Добрий вечір!
Із Різдвом Христовим!

Що у світі стало?
Зірка засіяла!
Сповістила всім новину    |
Про Марію й Сина!         | (2)

Приспів.

Що у світі стало?
В яслах сповивала,
Серця крихітну частинку,  |
Божую дитинку.            | (2)

Приспів.

Що у світі стало?
Свічка запалала,
Хай із вогником Різдвяним |
Щастя людям стане!        | (2)

Приспів.','["pisni.org.ua", "cat:suchasni-pisni-rizdvo", "Сучасні пісні про Різдвяні свята"]',1,'published',COALESCE((SELECT created_at FROM songs WHERE id='pisniua_3499323'), datetime('now')),datetime('now'));
INSERT OR REPLACE INTO songs_fts(song_id,title,lyrics) VALUES ('pisniua_3499323','Що у світі стало?','Що у світі стало?
Та й пора настала,
Бо син Божий народився,   |
Щоби світ змінився!       | (2)

Приспів:
Щедрий вечір!
Добрий вечір!
Із Різдвом Христовим!

Що у світі стало?
Зірка засіяла!
Сповістила всім новину    |
Про Марію й Сина!         | (2)

Приспів.

Що у світі стало?
В яслах сповивала,
Серця крихітну частинку,  |
Божую дитинку.            | (2)

Приспів.

Що у світі стало?
Свічка запалала,
Хай із вогником Різдвяним |
Щастя людям стане!        | (2)

Приспів.');
INSERT OR REPLACE INTO song_links (id,song_id,title,url,kind,version_id,sort_order) VALUES ('pisniua_3499323_l1','pisniua_3499323','YouTube','https://www.youtube.com/watch?v=pgKhNLB0Zd8','video',NULL,1);
INSERT OR REPLACE INTO song_links (id,song_id,title,url,kind,version_id,sort_order) VALUES ('pisniua_3499323_l2','pisniua_3499323','YouTube','https://www.youtube.com/watch?v=Ci_mTy8l5Vc','video',NULL,2);
INSERT OR REPLACE INTO songs (id,title,subtitle,lang,country,period,year,source,notes,lyrics,tags_json,lang_locked,status,created_at,updated_at) VALUES ('pisniua_3489121','На крилах любові','Музика: Ніна Кордонська Слова: Ніна Кордонська','uk','ukraine_1991',NULL,NULL,'аудіозапис',NULL,'Як же серце моє
В ту хвилину відчуло,
Що це ти, саме ти,
Назустріч ідеш!
Що стежина моя
І твоя перетнулись -
І ми так покохали
Усім серцем без меж!

Приспів:
І на крилах любові
Ми полетіли!
Теплий сонячний вітер
Закружляв наші дні!
І з небес зорепади
Нам так ясно світили,
І весни всміхались
Тобі і мені!

І в цю радісну мить
Все немовби розквітло,
Навіть сонце сіяло
Яскравіш з висоти!
Скільки в серці тепла,
Скільки ніжності й світла,
Що у світі од нас
Щасливіш не знайти!

Приспів.

Вірю, зможемо вдвох
Крізь літа і завіхи
Нашу вірну любов
Назавжди зберегти!
Бо ж на нашій землі
Кожен любить і мріє
Свою долю щасливу,
Єдину знайти!

Приспів. (2)','["pisni.org.ua", "cat:romansy", "Романси"]',1,'published',COALESCE((SELECT created_at FROM songs WHERE id='pisniua_3489121'), datetime('now')),datetime('now'));
INSERT OR REPLACE INTO songs_fts(song_id,title,lyrics) VALUES ('pisniua_3489121','На крилах любові','Як же серце моє
В ту хвилину відчуло,
Що це ти, саме ти,
Назустріч ідеш!
Що стежина моя
І твоя перетнулись -
І ми так покохали
Усім серцем без меж!

Приспів:
І на крилах любові
Ми полетіли!
Теплий сонячний вітер
Закружляв наші дні!
І з небес зорепади
Нам так ясно світили,
І весни всміхались
Тобі і мені!

І в цю радісну мить
Все немовби розквітло,
Навіть сонце сіяло
Яскравіш з висоти!
Скільки в серці тепла,
Скільки ніжності й світла,
Що у світі од нас
Щасливіш не знайти!

Приспів.

Вірю, зможемо вдвох
Крізь літа і завіхи
Нашу вірну любов
Назавжди зберегти!
Бо ж на нашій землі
Кожен любить і мріє
Свою долю щасливу,
Єдину знайти!

Приспів. (2)');
INSERT OR REPLACE INTO song_links (id,song_id,title,url,kind,version_id,sort_order) VALUES ('pisniua_3489121_l1','pisniua_3489121','YouTube','https://www.youtube.com/watch?v=FkyJHyj4E1Q','video',NULL,1);
INSERT OR REPLACE INTO songs (id,title,subtitle,lang,country,period,year,source,notes,lyrics,tags_json,lang_locked,status,created_at,updated_at) VALUES ('pisniua_349467','Чорна Кура','(Як iйшов я). Українська народна пісня. Виконує: Бурдон','uk','ukraine_before_1917',NULL,NULL,'1. http://burdon.lviv.ua/songs.html','Подкарпатська народна. За основу взято русинську версію, а останнiй куплет (вiд дiвчини) спiвають на Лемкiвщинi. Виконує гурт "Бурдон".','Як iйшов я з Дебрецина додому
Зайшла менi чорна кура дорогу
Іди, іди, чорна кура, додому
Не заваджай, не заваджай на дорозi никому

Як iйшов я з Дебрецина до Хусту
Тай знайшов си вишиваную хустку
Ой ци мила, ци не мила ю шила
Лем би она, лем би она вишиваною была

Як-ем iйшла вчера гвечер з Панського
Здибала-м там на дорозi милого
Так ня стискав i притискав до себе
Ци ты пiдеш, ци ты пiдеш, драга душо, за мене','["pisni.org.ua", "cat:lemkivski", "cat:vesnyanky-hayivky", "Лемківські пісні", "Веснянки та гаївки"]',1,'published',COALESCE((SELECT created_at FROM songs WHERE id='pisniua_349467'), datetime('now')),datetime('now'));
INSERT OR REPLACE INTO songs_fts(song_id,title,lyrics) VALUES ('pisniua_349467','Чорна Кура','Як iйшов я з Дебрецина додому
Зайшла менi чорна кура дорогу
Іди, іди, чорна кура, додому
Не заваджай, не заваджай на дорозi никому

Як iйшов я з Дебрецина до Хусту
Тай знайшов си вишиваную хустку
Ой ци мила, ци не мила ю шила
Лем би она, лем би она вишиваною была

Як-ем iйшла вчера гвечер з Панського
Здибала-м там на дорозi милого
Так ня стискав i притискав до себе
Ци ты пiдеш, ци ты пiдеш, драга душо, за мене');
INSERT OR REPLACE INTO song_links (id,song_id,title,url,kind,version_id,sort_order) VALUES ('pisniua_349467_l1','pisniua_349467','YouTube','https://www.youtube.com/watch?v=WeLCEk-H0gI','video',NULL,1);
INSERT OR REPLACE INTO song_links (id,song_id,title,url,kind,version_id,sort_order) VALUES ('pisniua_349467_l2','pisniua_349467','YouTube','https://www.youtube.com/watch?v=7E4j2WP3kGk','video',NULL,2);
INSERT OR REPLACE INTO song_links (id,song_id,title,url,kind,version_id,sort_order) VALUES ('pisniua_349467_l3','pisniua_349467','Переглянути варіанти >>','https://www.pisni.org.ua/#variants','external',NULL,3);
INSERT OR REPLACE INTO songs (id,title,subtitle,lang,country,period,year,source,notes,lyrics,tags_json,lang_locked,status,created_at,updated_at) VALUES ('pisniua_3497663','Прийми, о, Всепітая Божая Мати',NULL,'uk','ukraine_1991',NULL,NULL,'аудіозапис',NULL,'Прийми, о, Всепітая Божая Мати,
Подячні від нас молитви.
Тобі їх заносим від щирого серця,
Прийми їх, Маріє, прийми!

Приспів:
Маріє, Ти є наша надія!
Маріє, Ти для нас є покров!
Будь з нами, наша Мати єдина,
Даруєм Тобі щиру любов!

Ти нам є правдива дорога до Бога,
І нам Тебе Бог дарував,
Тож зглянься, Пречистая Діво, над нами,
До стіп Твоїх кожен припав.

Приспів.

Благаєм, Богородице Діво Маріє,
Провадь нас крізь хвилі життя,
Хай Твої святі материнські обійми
Хоронять від всякого зла!

Приспів.

Ми просим, Святая Небесна Царице,
Моли свого Сина за нас,
Щоб душі очистив і сповнив любов''ю,
Простив всіх, помилував нас.

Приспів.','["pisni.org.ua", "cat:do-bohorodyci", "Пісні до Богородиці"]',1,'published',COALESCE((SELECT created_at FROM songs WHERE id='pisniua_3497663'), datetime('now')),datetime('now'));
INSERT OR REPLACE INTO songs_fts(song_id,title,lyrics) VALUES ('pisniua_3497663','Прийми, о, Всепітая Божая Мати','Прийми, о, Всепітая Божая Мати,
Подячні від нас молитви.
Тобі їх заносим від щирого серця,
Прийми їх, Маріє, прийми!

Приспів:
Маріє, Ти є наша надія!
Маріє, Ти для нас є покров!
Будь з нами, наша Мати єдина,
Даруєм Тобі щиру любов!

Ти нам є правдива дорога до Бога,
І нам Тебе Бог дарував,
Тож зглянься, Пречистая Діво, над нами,
До стіп Твоїх кожен припав.

Приспів.

Благаєм, Богородице Діво Маріє,
Провадь нас крізь хвилі життя,
Хай Твої святі материнські обійми
Хоронять від всякого зла!

Приспів.

Ми просим, Святая Небесна Царице,
Моли свого Сина за нас,
Щоб душі очистив і сповнив любов''ю,
Простив всіх, помилував нас.

Приспів.');
INSERT OR REPLACE INTO songs (id,title,subtitle,lang,country,period,year,source,notes,lyrics,tags_json,lang_locked,status,created_at,updated_at) VALUES ('pisniua_3497525','Миколай Святий іде','Музика: С. Грушко Слова: С. Грушко','uk','ukraine_1991',NULL,NULL,'аудіозапис',NULL,'Миколай Святий іде
І даруночки несе,
У торбинку поскладав
Для дітей усе, що мав:
І цукерки і горішки,
Гарні іграшки та книжки.
У торбинку поскладав
Для дітей усе, що мав!

Миколай вночі ходив
Та нікого не збудив,
З нами він пожартував,
Подаруночки сховав:
Під подушку чи під щічки,
В чобітки чи рукавички.
З нами він пожартував,
Подаруночки сховав.

Ті, хто чемними були,
Подаруночки знайшли!
Миколай усе, що мав,
Із торбиночки роздав:
І цукерки, і горішки,
Гарні іграшки та книжки!
Миколай усе, що мав,
Із торбиночки роздав!','["pisni.org.ua", "cat:svyatyy-mykolay", "Пісні про Святого Миколая"]',1,'published',COALESCE((SELECT created_at FROM songs WHERE id='pisniua_3497525'), datetime('now')),datetime('now'));
INSERT OR REPLACE INTO songs_fts(song_id,title,lyrics) VALUES ('pisniua_3497525','Миколай Святий іде','Миколай Святий іде
І даруночки несе,
У торбинку поскладав
Для дітей усе, що мав:
І цукерки і горішки,
Гарні іграшки та книжки.
У торбинку поскладав
Для дітей усе, що мав!

Миколай вночі ходив
Та нікого не збудив,
З нами він пожартував,
Подаруночки сховав:
Під подушку чи під щічки,
В чобітки чи рукавички.
З нами він пожартував,
Подаруночки сховав.

Ті, хто чемними були,
Подаруночки знайшли!
Миколай усе, що мав,
Із торбиночки роздав:
І цукерки, і горішки,
Гарні іграшки та книжки!
Миколай усе, що мав,
Із торбиночки роздав!');
INSERT OR REPLACE INTO song_links (id,song_id,title,url,kind,version_id,sort_order) VALUES ('pisniua_3497525_l1','pisniua_3497525','YouTube','https://www.youtube.com/watch?v=frz0QQVq6W0','video',NULL,1);
INSERT OR REPLACE INTO songs (id,title,subtitle,lang,country,period,year,source,notes,lyrics,tags_json,lang_locked,status,created_at,updated_at) VALUES ('pisniua_34929','Балада про мальви','(Мальви). Музика: Володимир Івасюк Слова: Богдан Гура. Виконує: Софія Ротару, Василь Зінкевич, Віктор Грибик, Любов Камінська, Володимир Івасюк, Рената Бабак, Оксана Муха, Ольга Умінська, Інеса Братущик, Орест Хома','uk','ukraine_1991',NULL,NULL,'http://ivasyuk.domivka.net/','mp3: http://ivasyuk.domivka.net/pages.php?l=uks=mp3p=balada_pro_malvy Підбір акордів: Lubko','1 Строфа:
Заснули мальви біля хати,
Їх місяць вийшов колихати.
І тільки мати не засне,    |
Мати не засне, —           |
Жде вона мене.             |
Приспів 1:
О, мамо рідна, ти мене не жди,
Em              Edіm Hm
Мені в наш дім ніколи не прийти.
З мойого серця мальва проросла
І кров''ю зацвіла.
Не плач же, мамо, ти ж бо не одна,
Em            Edіm Hm
Багато мальв насіяла війна.
Вони шепочуть для тебе восени:
— Засни, засни.
2 Строфа:
У матерів є любі діти,
А у моєї — тільки квіти.
Самотні квіти під вікном,  |
Квіти під вікном           | (2)
Заснули вже давно.         |
Приспів 2:
Як сонце зійде — вийди на поріг,
І люди вклоняться тобі до ніг.
Пройдися полем — мальви буйних лук
Торкнуться твоїх рук.
Життя — як пісня, що не віддзвенить.
Em               Edіm   Hm
Я в мальві знов для тебе буду жить.
Якщо ж я ласку не встигла принести —
Dm      E   | модуляція на 3 тони вгору
Прости, прости.
Життя — як пісня, що не віддзвенить.
Am               Adіm   Em
Я в мальві знов для тебе буду жить.
Якщо ж я ласку не встигла принести —
Dm      E   | або можна ще раз
Прости, прости.  | модуляцію повторити на Gm, A','["pisni.org.ua", "cat:krasa-pryrody", "cat:nostalgia", "cat:patriotic", "cat:pro-batkiv", "Пісні про красу природи", "Пісні з ностальгічними мотивами", "Патріотичні пісні", "Пісні про любов до батьків"]',1,'published',COALESCE((SELECT created_at FROM songs WHERE id='pisniua_34929'), datetime('now')),datetime('now'));
INSERT OR REPLACE INTO songs_fts(song_id,title,lyrics) VALUES ('pisniua_34929','Балада про мальви','1 Строфа:
Заснули мальви біля хати,
Їх місяць вийшов колихати.
І тільки мати не засне,    |
Мати не засне, —           |
Жде вона мене.             |
Приспів 1:
О, мамо рідна, ти мене не жди,
Em              Edіm Hm
Мені в наш дім ніколи не прийти.
З мойого серця мальва проросла
І кров''ю зацвіла.
Не плач же, мамо, ти ж бо не одна,
Em            Edіm Hm
Багато мальв насіяла війна.
Вони шепочуть для тебе восени:
— Засни, засни.
2 Строфа:
У матерів є любі діти,
А у моєї — тільки квіти.
Самотні квіти під вікном,  |
Квіти під вікном           | (2)
Заснули вже давно.         |
Приспів 2:
Як сонце зійде — вийди на поріг,
І люди вклоняться тобі до ніг.
Пройдися полем — мальви буйних лук
Торкнуться твоїх рук.
Життя — як пісня, що не віддзвенить.
Em               Edіm   Hm
Я в мальві знов для тебе буду жить.
Якщо ж я ласку не встигла принести —
Dm      E   | модуляція на 3 тони вгору
Прости, прости.
Життя — як пісня, що не віддзвенить.
Am               Adіm   Em
Я в мальві знов для тебе буду жить.
Якщо ж я ласку не встигла принести —
Dm      E   | або можна ще раз
Прости, прости.  | модуляцію повторити на Gm, A');
INSERT OR REPLACE INTO song_links (id,song_id,title,url,kind,version_id,sort_order) VALUES ('pisniua_34929_l1','pisniua_34929','YouTube','https://www.youtube.com/watch?v=YpSZ2U9bCvc','video',NULL,1);
INSERT OR REPLACE INTO song_links (id,song_id,title,url,kind,version_id,sort_order) VALUES ('pisniua_34929_l2','pisniua_34929','YouTube','https://www.youtube.com/watch?v=YdF0dOD05t4','video',NULL,2);
INSERT OR REPLACE INTO song_links (id,song_id,title,url,kind,version_id,sort_order) VALUES ('pisniua_34929_l3','pisniua_34929','YouTube','https://www.youtube.com/watch?v=C90mWRI7bAY','video',NULL,3);
INSERT OR REPLACE INTO song_links (id,song_id,title,url,kind,version_id,sort_order) VALUES ('pisniua_34929_l4','pisniua_34929','YouTube','https://www.youtube.com/watch?v=2ANBfx2NBwc','video',NULL,4);
INSERT OR REPLACE INTO song_links (id,song_id,title,url,kind,version_id,sort_order) VALUES ('pisniua_34929_l5','pisniua_34929','YouTube','https://www.youtube.com/watch?v=FZulJCQLAgU','video',NULL,5);
INSERT OR REPLACE INTO song_links (id,song_id,title,url,kind,version_id,sort_order) VALUES ('pisniua_34929_l6','pisniua_34929','YouTube','https://www.youtube.com/watch?v=siFlR1ZyMC4','video',NULL,6);
INSERT OR REPLACE INTO song_links (id,song_id,title,url,kind,version_id,sort_order) VALUES ('pisniua_34929_l7','pisniua_34929','YouTube','https://www.youtube.com/watch?v=hPI5l-hFXAE','video',NULL,7);
INSERT OR REPLACE INTO song_links (id,song_id,title,url,kind,version_id,sort_order) VALUES ('pisniua_34929_l8','pisniua_34929','YouTube','https://www.youtube.com/watch?v=4Xugh6FH-SM','video',NULL,8);
INSERT OR REPLACE INTO song_links (id,song_id,title,url,kind,version_id,sort_order) VALUES ('pisniua_34929_l9','pisniua_34929','YouTube','https://www.youtube.com/watch?v=cQ272MSMqrI','video',NULL,9);
INSERT OR REPLACE INTO song_links (id,song_id,title,url,kind,version_id,sort_order) VALUES ('pisniua_34929_l10','pisniua_34929','Переглянути варіанти >>','https://www.pisni.org.ua/#variants','external',NULL,10);
INSERT OR REPLACE INTO song_links (id,song_id,title,url,kind,version_id,sort_order) VALUES ('pisniua_34929_l11','pisniua_34929','www.orpheusandlyra.com','https://www.orpheusandlyra.com','external',NULL,11);
INSERT OR REPLACE INTO songs (id,title,subtitle,lang,country,period,year,source,notes,lyrics,tags_json,lang_locked,status,created_at,updated_at) VALUES ('pisniua_3497962','Мій друг','Музика: Наталія Дзеньків Слова: Наталія Дзеньків','uk','ukraine_1991',NULL,NULL,'аудіозапис',NULL,'Прийшов той час, коли
За мить змінились наші долі,
З твоїх очей сяє блакить,
Нема в ній страху й болю...
Повернись у мої сни!..
Повернись і живи!.. Живи!..

Приспів:
Мій друг,
Яким би не було життя,
Якою б не була війна,
З тобою сміється душа,
В ній наша сила!
Мій друг,
Яким би не було життя,
А істина є одна:
То наша з тобою земля!
Вона є вільна!

Настане день, який завжди
Ми будем пам''ятати,
Але тебе, як в перший раз,
Я хочу обіймати!
Повернись у мої сни!..
Повернись і живи!.. Живи!..

Приспів.

То наша з тобою земля!
Вона є вільна!
Вона є вільна!
Вільна! Вільна! Вільна!','["pisni.org.ua", "cat:druzhba", "Пісні про дружбу"]',1,'published',COALESCE((SELECT created_at FROM songs WHERE id='pisniua_3497962'), datetime('now')),datetime('now'));
INSERT OR REPLACE INTO songs_fts(song_id,title,lyrics) VALUES ('pisniua_3497962','Мій друг','Прийшов той час, коли
За мить змінились наші долі,
З твоїх очей сяє блакить,
Нема в ній страху й болю...
Повернись у мої сни!..
Повернись і живи!.. Живи!..

Приспів:
Мій друг,
Яким би не було життя,
Якою б не була війна,
З тобою сміється душа,
В ній наша сила!
Мій друг,
Яким би не було життя,
А істина є одна:
То наша з тобою земля!
Вона є вільна!

Настане день, який завжди
Ми будем пам''ятати,
Але тебе, як в перший раз,
Я хочу обіймати!
Повернись у мої сни!..
Повернись і живи!.. Живи!..

Приспів.

То наша з тобою земля!
Вона є вільна!
Вона є вільна!
Вільна! Вільна! Вільна!');
INSERT OR REPLACE INTO song_links (id,song_id,title,url,kind,version_id,sort_order) VALUES ('pisniua_3497962_l1','pisniua_3497962','YouTube','https://www.youtube.com/watch?v=8TBDQkcrpg8','video',NULL,1);
INSERT OR REPLACE INTO songs (id,title,subtitle,lang,country,period,year,source,notes,lyrics,tags_json,lang_locked,status,created_at,updated_at) VALUES ('pisniua_3501424','Не таке Різдво','Музика: Ірина Федишин Слова: Віталій Човник, Петро Половко. Виконує: Ірина Федишин','uk','ukraine_1991',NULL,NULL,'аудіозапис',NULL,'В декого вікна вкриті морозом,
В декого вікон просто нема...
В декого хата заметена снігом,
В декого хати просто нема...

Приспів:
Не таке Різдво, якби хотілося...
Не таке Різдво в дитинстві снилося...
Не таке Різдво, щоб всі зустрілися...
Та Ісус прийшов, щоб ми зігрілися!..
Щоб ми зігрілися!..

Ялинка сама є не такою,
І страви різдвяні зовсім не ті...
Не так йде вертеп з колядою,
Сніжинки падуть не такі...
Не такі...

Приспів.

А на Різдво так хочеться дива,
Щоби закінчилась війна!..
Боже, даруй нашим воїнам крила,
Щоб Україна знов розцвіла!

Приспів.

В Маріуполь та Бахмут повернуться люди,
Повернеться світло в українські міста!
Закінчиться смуток, біль і тиивоги,
І у Криму зазвучить коляда!

Не таке Різдво, якби хотілося...
Не таке Різдво в дитинстві снилося...
Не таке Різдво, щоб всі зустрілися...
Та Ісус прийшов, щоб ми зігрілися!
Не таке Різдво, якби хотілося...
Не таке Різдво в дитинстві снилося...
Не таке Різдво, щоб всі зустрілися...
Та Ісус прийшов, щоб ми зігрілися
Його теплом! Його теплом!

Речитатив:
Я знаю, надіюсь і вірю,
Що миром засяє зоря!
Розженуть увесь смуток, зневіру
Маленькі долоні Христа!
Ми любимо, хлопці, Вас, знайте,
І ділимось серця теплом!
Чекаємо Вас, повертайтесь!
Вітаємо Всіх із Різдвом!','["pisni.org.ua", "cat:ato", "cat:shchedrivky", "cat:suchasni-pisni-rizdvo", "cat:zahalni-cinnosti", "Пісні російсько-української війни та АТО", "Щедрівки", "Сучасні пісні про Різдвяні свята", "Пісні про загальнолюдські цінності"]',1,'published',COALESCE((SELECT created_at FROM songs WHERE id='pisniua_3501424'), datetime('now')),datetime('now'));
INSERT OR REPLACE INTO songs_fts(song_id,title,lyrics) VALUES ('pisniua_3501424','Не таке Різдво','В декого вікна вкриті морозом,
В декого вікон просто нема...
В декого хата заметена снігом,
В декого хати просто нема...

Приспів:
Не таке Різдво, якби хотілося...
Не таке Різдво в дитинстві снилося...
Не таке Різдво, щоб всі зустрілися...
Та Ісус прийшов, щоб ми зігрілися!..
Щоб ми зігрілися!..

Ялинка сама є не такою,
І страви різдвяні зовсім не ті...
Не так йде вертеп з колядою,
Сніжинки падуть не такі...
Не такі...

Приспів.

А на Різдво так хочеться дива,
Щоби закінчилась війна!..
Боже, даруй нашим воїнам крила,
Щоб Україна знов розцвіла!

Приспів.

В Маріуполь та Бахмут повернуться люди,
Повернеться світло в українські міста!
Закінчиться смуток, біль і тиивоги,
І у Криму зазвучить коляда!

Не таке Різдво, якби хотілося...
Не таке Різдво в дитинстві снилося...
Не таке Різдво, щоб всі зустрілися...
Та Ісус прийшов, щоб ми зігрілися!
Не таке Різдво, якби хотілося...
Не таке Різдво в дитинстві снилося...
Не таке Різдво, щоб всі зустрілися...
Та Ісус прийшов, щоб ми зігрілися
Його теплом! Його теплом!

Речитатив:
Я знаю, надіюсь і вірю,
Що миром засяє зоря!
Розженуть увесь смуток, зневіру
Маленькі долоні Христа!
Ми любимо, хлопці, Вас, знайте,
І ділимось серця теплом!
Чекаємо Вас, повертайтесь!
Вітаємо Всіх із Різдвом!');
INSERT OR REPLACE INTO song_links (id,song_id,title,url,kind,version_id,sort_order) VALUES ('pisniua_3501424_l1','pisniua_3501424','YouTube','https://www.youtube.com/watch?v=7NMeLOF9Fe0','video',NULL,1);
INSERT OR REPLACE INTO songs (id,title,subtitle,lang,country,period,year,source,notes,lyrics,tags_json,lang_locked,status,created_at,updated_at) VALUES ('pisniua_3515065','Місто добра','Музика: Світлана Тарабарова Слова: Світлана Тарабарова','uk','ukraine_before_1917',NULL,NULL,'аудіозапис','Побачивши та почувши цей потужний меседж чистої любові - ви вже ніколи не залишитесь байдужими і сподіваюсь, приєднаєтесь до чарівників - янголів для маленьких дітей та всіх, хто потребує допомоги тут. Місто Добра — це місце сили та любові для дітей, жінок, бабусь та собачок. Це найбільший шелтер в Україні з медичною ліцензією, командою юристів, освітніми можливості та втіленими мріями для підопічних Міста Добра. Засновниця Міста Добра Марта Левченко разом з командою щодня шукає нові шляхи допомоги українським дітям — і в цьому дуже потрібна ваша допомога! Команда працює над розширенням Медичного центру "Дім метеликів", де важкохворі діти отримають паліативне медичне піклування, а також реабілітацію, тепло та всю можливу підтримку.','Це місто - місто добра,
Місто добра!
Це місто - місто добра!

Це місто - місто добра! |
Наш дім любові та віри! |
Це місто - місто добра! |
Місце моєї, твоєї сили! | (2)

Добра!
Серце своє не ховай, чуєш!
Добра!
Янголом стань для маленьких дітей!
Місто добра!
Серце своє не ховай, чуєш!
Місто добра!
Янголом стань для маленьких дітей!

В Місті Добра для кожного є місце!
В Місті Добра відроджуються мрії!
Тут я зустрів своїх вірних друзів!
Повірив у себе! У диво! У людяність!
І нехай-хай лунає дитячий сміх!
В місті добра
Серце б''ється одне на всі!

Це місто - місто добра! |
Наш дім любові та віри! |
Це місто - місто добра! |
Місце моєї, твоєї сили! | (2)

Добра!
Серце своє не ховай, чуєш!
Добра!
Янголом стань для маленьких дітей!
Місто добра!
Серце своє не ховай, чуєш!
Місто добра!
Янголом стань для маленьких дітей!

Я люблю наших песиків-хвостиків,
Вони такі милі-милі!
Я люблю наші прогулянки просто неба,
І смачні-смачні сніданки!
Я дякую всім, кожного дня,
Хто піклується про нас!
Дякую всім серцем!
Я вірю, я і мої друзі стануть щасливими!
І все це завдяки Місту добра!
Усміхнись, у нас є дім! Є майбутнє!
І є Україна!

Місто добра!
Серце своє не ховай, чуєш!
Добра!
Янголом стань для маленьких дітей!
Місто добра!
Серце своє не ховай, чуєш!
Місто добра!
Янголом стань для маленьких дітей!

Це місто - місто добра! |
Наш дім любові та віри! |
Це місто - місто добра! |
Місце моєї, твоєї сили! | (2)','["pisni.org.ua", "cat:druzhba", "cat:socialno-pobutovi", "Пісні про дружбу", "Соціально-побутові пісні"]',1,'published',COALESCE((SELECT created_at FROM songs WHERE id='pisniua_3515065'), datetime('now')),datetime('now'));
INSERT OR REPLACE INTO songs_fts(song_id,title,lyrics) VALUES ('pisniua_3515065','Місто добра','Це місто - місто добра,
Місто добра!
Це місто - місто добра!

Це місто - місто добра! |
Наш дім любові та віри! |
Це місто - місто добра! |
Місце моєї, твоєї сили! | (2)

Добра!
Серце своє не ховай, чуєш!
Добра!
Янголом стань для маленьких дітей!
Місто добра!
Серце своє не ховай, чуєш!
Місто добра!
Янголом стань для маленьких дітей!

В Місті Добра для кожного є місце!
В Місті Добра відроджуються мрії!
Тут я зустрів своїх вірних друзів!
Повірив у себе! У диво! У людяність!
І нехай-хай лунає дитячий сміх!
В місті добра
Серце б''ється одне на всі!

Це місто - місто добра! |
Наш дім любові та віри! |
Це місто - місто добра! |
Місце моєї, твоєї сили! | (2)

Добра!
Серце своє не ховай, чуєш!
Добра!
Янголом стань для маленьких дітей!
Місто добра!
Серце своє не ховай, чуєш!
Місто добра!
Янголом стань для маленьких дітей!

Я люблю наших песиків-хвостиків,
Вони такі милі-милі!
Я люблю наші прогулянки просто неба,
І смачні-смачні сніданки!
Я дякую всім, кожного дня,
Хто піклується про нас!
Дякую всім серцем!
Я вірю, я і мої друзі стануть щасливими!
І все це завдяки Місту добра!
Усміхнись, у нас є дім! Є майбутнє!
І є Україна!

Місто добра!
Серце своє не ховай, чуєш!
Добра!
Янголом стань для маленьких дітей!
Місто добра!
Серце своє не ховай, чуєш!
Місто добра!
Янголом стань для маленьких дітей!

Це місто - місто добра! |
Наш дім любові та віри! |
Це місто - місто добра! |
Місце моєї, твоєї сили! | (2)');
INSERT OR REPLACE INTO song_links (id,song_id,title,url,kind,version_id,sort_order) VALUES ('pisniua_3515065_l1','pisniua_3515065','YouTube','https://www.youtube.com/watch?v=KHwUXP--0vs','video',NULL,1);
INSERT OR REPLACE INTO songs (id,title,subtitle,lang,country,period,year,source,notes,lyrics,tags_json,lang_locked,status,created_at,updated_at) VALUES ('pisniua_3498727','За столом зібралася родина','Слова: Оксана Пічугіна','uk','ukraine_1991',NULL,NULL,'аудіозапис',NULL,'Дозвольте колядувати,
Христа Бога прславляти!

За столом зібралася родина,
За віконцем пада білий сніг.
Колядує рідна Україна,
Ряджені вже стали на поріг!

Весело від хати і до хати
Витоптали стежками сніжок,
Дітвора прийшла колядувати,
На порозі вже стоїть мішок!

Ми заколядуємо вам, люди,
Побажаєм щастя і добра!
Із Різдвом Христовим хай прибуде
Радощів вам, миру і тепла!

Хай на серці стане веселіше,
І Господь здоров''я вам дає!
Ви нас почастуйте, чимскоріше,
У мішок складайте все що є!','["pisni.org.ua", "cat:suchasni-pisni-rizdvo", "Сучасні пісні про Різдвяні свята"]',1,'published',COALESCE((SELECT created_at FROM songs WHERE id='pisniua_3498727'), datetime('now')),datetime('now'));
INSERT OR REPLACE INTO songs_fts(song_id,title,lyrics) VALUES ('pisniua_3498727','За столом зібралася родина','Дозвольте колядувати,
Христа Бога прславляти!

За столом зібралася родина,
За віконцем пада білий сніг.
Колядує рідна Україна,
Ряджені вже стали на поріг!

Весело від хати і до хати
Витоптали стежками сніжок,
Дітвора прийшла колядувати,
На порозі вже стоїть мішок!

Ми заколядуємо вам, люди,
Побажаєм щастя і добра!
Із Різдвом Христовим хай прибуде
Радощів вам, миру і тепла!

Хай на серці стане веселіше,
І Господь здоров''я вам дає!
Ви нас почастуйте, чимскоріше,
У мішок складайте все що є!');
INSERT OR REPLACE INTO song_links (id,song_id,title,url,kind,version_id,sort_order) VALUES ('pisniua_3498727_l1','pisniua_3498727','YouTube','https://www.youtube.com/watch?v=X3vM5Etc4zw','video',NULL,1);
INSERT OR REPLACE INTO songs (id,title,subtitle,lang,country,period,year,source,notes,lyrics,tags_json,lang_locked,status,created_at,updated_at) VALUES ('pisniua_3514626','Зустріч друзів','Музика: Євген Мартинов Слова: Роберт Рождественський','uk','ukraine_1991',NULL,NULL,'переклад Віктора Леві',NULL,'Пісня хай зачинається,
Хай до неба здіймається,
Хай у пісні займається
Ясен світ.
Посидімо притишені,
Хай вже скроні засніжені,
Все робили в житті ж то ми
Так, як слід.

Зійде сонце над річкою,
Є вже справою звичною,
Щоб засів цьогорічний
У землю ліг.
Тільки б дощик змочив його,
Буревій не згубив його,
І щоб згодом укрив його
Вчасно сніг.

Стиглий хліб загойдається,
І життя не кінчається,
Знов життя починається
Раз у раз.
В небі гратимуть райдуги,
Буде мир, буде радісно,
І онуки та правнуки
Змінять нас.','["pisni.org.ua", "cat:druzhba", "Пісні про дружбу"]',1,'published',COALESCE((SELECT created_at FROM songs WHERE id='pisniua_3514626'), datetime('now')),datetime('now'));
INSERT OR REPLACE INTO songs_fts(song_id,title,lyrics) VALUES ('pisniua_3514626','Зустріч друзів','Пісня хай зачинається,
Хай до неба здіймається,
Хай у пісні займається
Ясен світ.
Посидімо притишені,
Хай вже скроні засніжені,
Все робили в житті ж то ми
Так, як слід.

Зійде сонце над річкою,
Є вже справою звичною,
Щоб засів цьогорічний
У землю ліг.
Тільки б дощик змочив його,
Буревій не згубив його,
І щоб згодом укрив його
Вчасно сніг.

Стиглий хліб загойдається,
І життя не кінчається,
Знов життя починається
Раз у раз.
В небі гратимуть райдуги,
Буде мир, буде радісно,
І онуки та правнуки
Змінять нас.');
INSERT OR REPLACE INTO songs (id,title,subtitle,lang,country,period,year,source,notes,lyrics,tags_json,lang_locked,status,created_at,updated_at) VALUES ('pisniua_3506525','А жити треба','Музика: Ольга Монастирська Слова: Ольга Монастирська. Виконує: Ольга Монастирська','uk','ukraine_1991',NULL,NULL,'аудіозапис',NULL,'Так на душі чомусь тривожно...
Так на душі чомусь печаль...
Якби була спроможна,
Якби була спроможна,
Щоб усе змінити в мить,
Але на жаль...
Там, десь в горі, майнуло світло...
Знаю, що сонце завжди горить!..
Хмари розійдуться з вітром,
Хмари розійдуться з вітром,
І настане щастя мить! Щастя мить!

Приспів:
А жити треба все одно!
Треба все одно!
Треба все і посміхатись!
Якби не було, важко не було,
Але рук не опускати!
Творити треба все добро!
Треба все добро!
І нехай вам все вдасться!
В гавані з оков, де живе любов, |
Там живе і справжнє щастя!      | (2)

Так на душі чомусь неясно...
Так на душі чомусь печаль...
Бачити все прекрасне,
Бачити все прекрасне,
Ніби хтось заборонив,
І це на жаль...
Хмарою є недобрі люди,
Стелять немов тумани перед лицем...
Але все так не буде!
Але все так не буде!
Буде краще! Лиш повірити у це!

Приспів.

А жити треба все одно!

Приспів.

Тут живе і справжнє щастя!','["pisni.org.ua", "cat:philosophic", "Філософські пісні"]',1,'published',COALESCE((SELECT created_at FROM songs WHERE id='pisniua_3506525'), datetime('now')),datetime('now'));
INSERT OR REPLACE INTO songs_fts(song_id,title,lyrics) VALUES ('pisniua_3506525','А жити треба','Так на душі чомусь тривожно...
Так на душі чомусь печаль...
Якби була спроможна,
Якби була спроможна,
Щоб усе змінити в мить,
Але на жаль...
Там, десь в горі, майнуло світло...
Знаю, що сонце завжди горить!..
Хмари розійдуться з вітром,
Хмари розійдуться з вітром,
І настане щастя мить! Щастя мить!

Приспів:
А жити треба все одно!
Треба все одно!
Треба все і посміхатись!
Якби не було, важко не було,
Але рук не опускати!
Творити треба все добро!
Треба все добро!
І нехай вам все вдасться!
В гавані з оков, де живе любов, |
Там живе і справжнє щастя!      | (2)

Так на душі чомусь неясно...
Так на душі чомусь печаль...
Бачити все прекрасне,
Бачити все прекрасне,
Ніби хтось заборонив,
І це на жаль...
Хмарою є недобрі люди,
Стелять немов тумани перед лицем...
Але все так не буде!
Але все так не буде!
Буде краще! Лиш повірити у це!

Приспів.

А жити треба все одно!

Приспів.

Тут живе і справжнє щастя!');
INSERT OR REPLACE INTO song_links (id,song_id,title,url,kind,version_id,sort_order) VALUES ('pisniua_3506525_l1','pisniua_3506525','YouTube','https://www.youtube.com/watch?v=3TqQqDVjrQk','video',NULL,1);
INSERT OR REPLACE INTO song_links (id,song_id,title,url,kind,version_id,sort_order) VALUES ('pisniua_3506525_l2','pisniua_3506525','YouTube','https://www.youtube.com/watch?v=aXgxAMz2GdU','video',NULL,2);
INSERT OR REPLACE INTO songs (id,title,subtitle,lang,country,period,year,source,notes,lyrics,tags_json,lang_locked,status,created_at,updated_at) VALUES ('pisniua_3523168','Побратим','Музика: LEVCHENKO Слова: LEVCHENKO','uk','ukraine_1991',NULL,NULL,'аудіозапис',NULL,'Приспів:
Чути грім, видно дим,
Та ти, брате, не один!
Із тобою побратим,
Буде завжди поруч він!
Це плече, це твій брат!
Чує десь летить снаряд,
У долонях автомат,
Вивезем без втрат, брат!

Ти - простий пацан з народу,
Але зараз у кордона,
Борониш нашу свободу,
Не даєш ворогу проходу!
Десь сумують за тобою
Твої рідні і кохана,
Повернешся - обіцяв,
Як розвіються тумани.
Нехай віра не згасає!
Пам''ятай, тебе чекають!
Пам''ятай, тебе кохають
І ніколи не забувають!
Нехай ти зараз далеко,
Та з тобою усі ми!
Ти пройдеш, братан, це пекло
І, як раніше, посидим!

Приспів.

Десь земля дрижить від куль,
Й дим у небі не згасає,
Сонце якось вже не гріє,
Але знаю, що тримаєшся!
Будь сильним, і живи!
Ти - наш символ від народу!
Діти пам''ятатимуть завжди,
Яка ціна свободи!
Нехай віра не згасає!
Пам''ятай, тебе чекають!
Пам''ятай, тебе кохають
І ніколи не забувають!
Нехай ти зараз далеко,
Та з тобою усі ми!
Ти пройдеш, братан, це пекло
І, як раніше, посидим!

Приспів. (2)','["pisni.org.ua", "cat:ato", "cat:zahalni-cinnosti", "Пісні російсько-української війни та АТО", "Пісні про загальнолюдські цінності"]',1,'published',COALESCE((SELECT created_at FROM songs WHERE id='pisniua_3523168'), datetime('now')),datetime('now'));
INSERT OR REPLACE INTO songs_fts(song_id,title,lyrics) VALUES ('pisniua_3523168','Побратим','Приспів:
Чути грім, видно дим,
Та ти, брате, не один!
Із тобою побратим,
Буде завжди поруч він!
Це плече, це твій брат!
Чує десь летить снаряд,
У долонях автомат,
Вивезем без втрат, брат!

Ти - простий пацан з народу,
Але зараз у кордона,
Борониш нашу свободу,
Не даєш ворогу проходу!
Десь сумують за тобою
Твої рідні і кохана,
Повернешся - обіцяв,
Як розвіються тумани.
Нехай віра не згасає!
Пам''ятай, тебе чекають!
Пам''ятай, тебе кохають
І ніколи не забувають!
Нехай ти зараз далеко,
Та з тобою усі ми!
Ти пройдеш, братан, це пекло
І, як раніше, посидим!

Приспів.

Десь земля дрижить від куль,
Й дим у небі не згасає,
Сонце якось вже не гріє,
Але знаю, що тримаєшся!
Будь сильним, і живи!
Ти - наш символ від народу!
Діти пам''ятатимуть завжди,
Яка ціна свободи!
Нехай віра не згасає!
Пам''ятай, тебе чекають!
Пам''ятай, тебе кохають
І ніколи не забувають!
Нехай ти зараз далеко,
Та з тобою усі ми!
Ти пройдеш, братан, це пекло
І, як раніше, посидим!

Приспів. (2)');
INSERT OR REPLACE INTO song_links (id,song_id,title,url,kind,version_id,sort_order) VALUES ('pisniua_3523168_l1','pisniua_3523168','YouTube','https://www.youtube.com/watch?v=FWJpYdSMXUE','video',NULL,1);
INSERT OR REPLACE INTO song_links (id,song_id,title,url,kind,version_id,sort_order) VALUES ('pisniua_3523168_l2','pisniua_3523168','YouTube','https://www.youtube.com/watch?v=MOqrVjBoZUo','video',NULL,2);
INSERT OR REPLACE INTO songs (id,title,subtitle,lang,country,period,year,source,notes,lyrics,tags_json,lang_locked,status,created_at,updated_at) VALUES ('pisniua_3528121','Не пройде','Музика: Марія Довгаюк (Domiy), Андрій Дрововоз, Олег Шумей (SHUMEI) Слова: Марія Довгаюк (Domiy), Андрій Дрововоз, Олег Шумей (SHUMEI)','uk','ukraine_1991',NULL,NULL,'аудіозапис',NULL,'Приспів:
Якщо це не пройде,
Ти поцілуй мене.
Ми падали в той вечір,
І любов на наші плечі!..
І любов на наші плечі...

Криком, криком, криком з душі
До мене тихо-тихо говори.
Як же тепер бути мені,
Бо я не знаю вже без тебе днів...
Криком, криком, криком з душі
Скажи, кому написані пісні.
Звикаєм ми до самоти,
Я так боюсь без тебе висоти!..

Приспів.

Зараз я не хочу слів,
Тоді, коли не будем молоді,
Розкажу, як тебе любив
Поміж тривог і холодів...
Бракувало світлих днів,
Танцю серед вулиць і вогнів...
Розкажу, як тебе любив,
І як тобі я наболів...

Приспів. (2)

Якщо це не пройде...','["pisni.org.ua", "cat:devoted", "cat:nostalgia", "Пісні присвячені окремим особам", "Пісні з ностальгічними мотивами"]',1,'published',COALESCE((SELECT created_at FROM songs WHERE id='pisniua_3528121'), datetime('now')),datetime('now'));
INSERT OR REPLACE INTO songs_fts(song_id,title,lyrics) VALUES ('pisniua_3528121','Не пройде','Приспів:
Якщо це не пройде,
Ти поцілуй мене.
Ми падали в той вечір,
І любов на наші плечі!..
І любов на наші плечі...

Криком, криком, криком з душі
До мене тихо-тихо говори.
Як же тепер бути мені,
Бо я не знаю вже без тебе днів...
Криком, криком, криком з душі
Скажи, кому написані пісні.
Звикаєм ми до самоти,
Я так боюсь без тебе висоти!..

Приспів.

Зараз я не хочу слів,
Тоді, коли не будем молоді,
Розкажу, як тебе любив
Поміж тривог і холодів...
Бракувало світлих днів,
Танцю серед вулиць і вогнів...
Розкажу, як тебе любив,
І як тобі я наболів...

Приспів. (2)

Якщо це не пройде...');
INSERT OR REPLACE INTO song_links (id,song_id,title,url,kind,version_id,sort_order) VALUES ('pisniua_3528121_l1','pisniua_3528121','YouTube','https://www.youtube.com/watch?v=0JQFO0M3wOs','video',NULL,1);
INSERT OR REPLACE INTO song_links (id,song_id,title,url,kind,version_id,sort_order) VALUES ('pisniua_3528121_l2','pisniua_3528121','YouTube','https://www.youtube.com/watch?v=Ow6UYC8eXoI','video',NULL,2);
INSERT OR REPLACE INTO songs (id,title,subtitle,lang,country,period,year,source,notes,lyrics,tags_json,lang_locked,status,created_at,updated_at) VALUES ('pisniua_3516121','Пташка','Музика: Morphom, Zlata Ognevich Слова: Morphom','uk','ukraine_1991',NULL,NULL,'аудіозапис',NULL,'Рашисти швидкими темпами
Просуваються з півночі,
Ворог зайшов на територію
Чорнобильської АЕС
В Сумській області
Танкові колони окупантів
Наблизились до міста
Охтирка та Конотоп...

Збудувала пташка дім у тихім полі,
Час її покликав у нове життя!
Та не знала пташка скільки буде болі
В місці, де народиться її дитя...

Приспів:
Бийся, пташко, бийся!   |
Маєш два крила.         |
Нічого не бійся!        |
Станеш, як стріла, йой! | (2)

Ви прийшли вбивати нас,
Натомість повиздихаєте тут самі!
Бо не треба злити
Конотопську відьму!
Смерть ходитиме за вами по колу...

Небо стало чорним, запалали трави,
Сніг розтав, і ворог прийшов того дня.
Ворог, наче ворон, хоче крові й слави,
Та не кине пташка рідне пташеня!
Вони всі заплатять!..

Приспів. (2)','["pisni.org.ua", "cat:devoted", "cat:viyskovi", "cat:zahalni-cinnosti", "Пісні присвячені окремим особам", "Пісні на військову тематику", "Пісні про загальнолюдські цінності"]',1,'published',COALESCE((SELECT created_at FROM songs WHERE id='pisniua_3516121'), datetime('now')),datetime('now'));
INSERT OR REPLACE INTO songs_fts(song_id,title,lyrics) VALUES ('pisniua_3516121','Пташка','Рашисти швидкими темпами
Просуваються з півночі,
Ворог зайшов на територію
Чорнобильської АЕС
В Сумській області
Танкові колони окупантів
Наблизились до міста
Охтирка та Конотоп...

Збудувала пташка дім у тихім полі,
Час її покликав у нове життя!
Та не знала пташка скільки буде болі
В місці, де народиться її дитя...

Приспів:
Бийся, пташко, бийся!   |
Маєш два крила.         |
Нічого не бійся!        |
Станеш, як стріла, йой! | (2)

Ви прийшли вбивати нас,
Натомість повиздихаєте тут самі!
Бо не треба злити
Конотопську відьму!
Смерть ходитиме за вами по колу...

Небо стало чорним, запалали трави,
Сніг розтав, і ворог прийшов того дня.
Ворог, наче ворон, хоче крові й слави,
Та не кине пташка рідне пташеня!
Вони всі заплатять!..

Приспів. (2)');
INSERT OR REPLACE INTO song_links (id,song_id,title,url,kind,version_id,sort_order) VALUES ('pisniua_3516121_l1','pisniua_3516121','YouTube','https://www.youtube.com/watch?v=3mPmEA0sZiY','video',NULL,1);
INSERT OR REPLACE INTO song_links (id,song_id,title,url,kind,version_id,sort_order) VALUES ('pisniua_3516121_l2','pisniua_3516121','YouTube','https://www.youtube.com/watch?v=jzca-QQHM4M','video',NULL,2);
INSERT OR REPLACE INTO songs (id,title,subtitle,lang,country,period,year,source,notes,lyrics,tags_json,lang_locked,status,created_at,updated_at) VALUES ('pisniua_3523929','Я повернуся в Україну!','Слова: Василь Чопей','uk','ukraine_1991',NULL,NULL,'авторське подання',NULL,'Живу, працюю я в чужині,
Моя країна у вогні...
А там моря і гори сині,
Тому так важко тут мені...

Приспів:
Я повернуся в Україну,
В степи, лани, рясні сади!
Не назавжди ж її покинув!..
Не назавжди!.. Не назавжди!..

Бо я люблю її, чудову,
До неї лину уві сні!..
І солов''їну рідну мову,
І чарівні, дзвінкі пісні!

Приспів.

Там ворог топче рідну землю,
Міста в руїнах, все горить...
А я в чужині біль цей терплю,
Туди душа моя летить...

Приспів.

Хоча тут гарно так, спок1йно,
І для народу все чомусь...
Та в Україну свою рідну
Я неодмінно повернусь!..

Приспів.','["pisni.org.ua", "cat:emigration", "Пісні про еміґрацію"]',1,'published',COALESCE((SELECT created_at FROM songs WHERE id='pisniua_3523929'), datetime('now')),datetime('now'));
INSERT OR REPLACE INTO songs_fts(song_id,title,lyrics) VALUES ('pisniua_3523929','Я повернуся в Україну!','Живу, працюю я в чужині,
Моя країна у вогні...
А там моря і гори сині,
Тому так важко тут мені...

Приспів:
Я повернуся в Україну,
В степи, лани, рясні сади!
Не назавжди ж її покинув!..
Не назавжди!.. Не назавжди!..

Бо я люблю її, чудову,
До неї лину уві сні!..
І солов''їну рідну мову,
І чарівні, дзвінкі пісні!

Приспів.

Там ворог топче рідну землю,
Міста в руїнах, все горить...
А я в чужині біль цей терплю,
Туди душа моя летить...

Приспів.

Хоча тут гарно так, спок1йно,
І для народу все чомусь...
Та в Україну свою рідну
Я неодмінно повернусь!..

Приспів.');
INSERT OR REPLACE INTO songs (id,title,subtitle,lang,country,period,year,source,notes,lyrics,tags_json,lang_locked,status,created_at,updated_at) VALUES ('pisniua_3516261','Чіловічє Божественной','Українська народна пісня. Виконує: Божичі','uk','ukraine_before_1917',NULL,NULL,'аудіозапис','с. Трембачеве Старобільского р-ну Луганської обл. Пісню виконує Фольклорний ансамбль "Божичі" (альбом: Божичі – Псальми. Помишляйте, чєловєци).','Чіловічє Божественной
Жив у світі милосердной.    | (2)

Не уповай, чіловічє,
Ні на срібло, ні на злато,
Ні на велике багатство.

Бо великоє багатство
Ні заробе душі царство.     | (2)

На тім світі огонь горить,
Ой там Господь судом суде.  | (2)

А він суде ще розсуде
За час, за час, за минуту.  | (2)

Праведні душі - в правую руку,
А грєшниє - у лєвую.        | (2)

Праведні душі псальми співають,
А грєшні плачуть і ридають. | (2)

Ой, Боже ж наш милосердной,
Чим ми тобі прогрішили?     | (2)

А тим же ви прогрішили,
Що в Божий храм не ходили.  | (2)

А хоч же ви і ходили,
Богу свічі не становили.    | (2)

А хоч же ви (й) становили,
То й милости не подавали.   | (2)

А хоч же ви подавали,
Так в той же час споминали. | (2)

Нащо було подавати,
Як в той же час споминати?  | (2)','["pisni.org.ua", "cat:arkhiv-bozhychi", "Фольклорний архів анс. \"Божичі\""]',1,'published',COALESCE((SELECT created_at FROM songs WHERE id='pisniua_3516261'), datetime('now')),datetime('now'));
INSERT OR REPLACE INTO songs_fts(song_id,title,lyrics) VALUES ('pisniua_3516261','Чіловічє Божественной','Чіловічє Божественной
Жив у світі милосердной.    | (2)

Не уповай, чіловічє,
Ні на срібло, ні на злато,
Ні на велике багатство.

Бо великоє багатство
Ні заробе душі царство.     | (2)

На тім світі огонь горить,
Ой там Господь судом суде.  | (2)

А він суде ще розсуде
За час, за час, за минуту.  | (2)

Праведні душі - в правую руку,
А грєшниє - у лєвую.        | (2)

Праведні душі псальми співають,
А грєшні плачуть і ридають. | (2)

Ой, Боже ж наш милосердной,
Чим ми тобі прогрішили?     | (2)

А тим же ви прогрішили,
Що в Божий храм не ходили.  | (2)

А хоч же ви і ходили,
Богу свічі не становили.    | (2)

А хоч же ви (й) становили,
То й милости не подавали.   | (2)

А хоч же ви подавали,
Так в той же час споминали. | (2)

Нащо було подавати,
Як в той же час споминати?  | (2)');
INSERT OR REPLACE INTO song_links (id,song_id,title,url,kind,version_id,sort_order) VALUES ('pisniua_3516261_l1','pisniua_3516261','YouTube','https://www.youtube.com/watch?v=6be1zsyc8E4','video',NULL,1);
INSERT OR REPLACE INTO songs (id,title,subtitle,lang,country,period,year,source,notes,lyrics,tags_json,lang_locked,status,created_at,updated_at) VALUES ('pisniua_3526929','Миколай','Музика: Олена Риковська Слова: Леонід Талалай','uk','ukraine_1991',NULL,NULL,'аудіозапис',NULL,'Червоніють снігурі
На снігу під липою.
Йде в кожусі Миколай, |
Аж сніжок порипує...  | (2)

Зупинився у дворі,
Розв''язав торбиночку.
Нашій бабі сніговій   |
Пов''язав хустиночку.  | (2)

Ми також усі тебе,
Миколай, чекаємо!
Подаруночки твої      |
З радістю приймаємо!  | (2)','["pisni.org.ua", "cat:svyatyy-mykolay", "Пісні про Святого Миколая"]',1,'published',COALESCE((SELECT created_at FROM songs WHERE id='pisniua_3526929'), datetime('now')),datetime('now'));
INSERT OR REPLACE INTO songs_fts(song_id,title,lyrics) VALUES ('pisniua_3526929','Миколай','Червоніють снігурі
На снігу під липою.
Йде в кожусі Миколай, |
Аж сніжок порипує...  | (2)

Зупинився у дворі,
Розв''язав торбиночку.
Нашій бабі сніговій   |
Пов''язав хустиночку.  | (2)

Ми також усі тебе,
Миколай, чекаємо!
Подаруночки твої      |
З радістю приймаємо!  | (2)');
INSERT OR REPLACE INTO song_links (id,song_id,title,url,kind,version_id,sort_order) VALUES ('pisniua_3526929_l1','pisniua_3526929','YouTube','https://www.youtube.com/watch?v=z4dmPHmM5Mk','video',NULL,1);
INSERT OR REPLACE INTO song_links (id,song_id,title,url,kind,version_id,sort_order) VALUES ('pisniua_3526929_l2','pisniua_3526929','YouTube','https://www.youtube.com/watch?v=VPkIevXsI_w','video',NULL,2);
INSERT OR REPLACE INTO songs (id,title,subtitle,lang,country,period,year,source,notes,lyrics,tags_json,lang_locked,status,created_at,updated_at) VALUES ('pisniua_3518525','Я буду з тобою','Музика: Світлана Тарабарова Слова: Світлана Тарабарова','uk','ukraine_1991',NULL,NULL,'аудіозапис',NULL,'Я шукаю друзів, не шукаю ворогів,
Я на межі, я на межі фантастичних світів,
Я так хвилююсь, але не здаюсь!
Шукаю себе, шукаю свій шлях і вже не боюсь!
Очі закрий, лети! Ризики варті твоїх мрій
І не ховай серце своє від почуттів!
Очі закрий, лети у намальовані світи!
Настане день, настане час -
І щасливим стане кожен з нас!

Приспів:
Я буду з тобою на твоїй стороні!
Всі зорі на небі, немов вартові!
Я буду з тобою на твоїй стороні,
А ти не зупиняйся і мрій!
Мрій! Мрій! Мрій! Мрій! Мрій! Мрій!
Мрій! Мрій! Мрій! Мрій! Мрій! Мрій!
Мрій! Мрій! Мрій! Мрій! Мрій! Мрій!
Мрій! Мрій! Мрій! Мрій! Мрій! Мрій!
Я буду з тобою на твоїй стороні!
Мрій! Мрій! Мрій! Мрій! Мрій! Мрій!
Мрій! Мрій! Мрій! Мрій! Мрій! Мрій!
Мрій! Мрій! Мрій! Мрій! Мрій! Мрій!
Мрій! Мрій! Мрій! Мрій! Мрій! Мрій!
Зорі всі на небі це твої вартові!

Очі закрий, лети! Ризики варті твоїх мрій
І не ховай серце своє від почуттів!
Очі закрий, лети у намальовані світи!
Настане день, настане час -
І щасливим стане кожен з нас!

Приспів.','["pisni.org.ua", "cat:zahalni-cinnosti", "Пісні про загальнолюдські цінності"]',1,'published',COALESCE((SELECT created_at FROM songs WHERE id='pisniua_3518525'), datetime('now')),datetime('now'));
INSERT OR REPLACE INTO songs_fts(song_id,title,lyrics) VALUES ('pisniua_3518525','Я буду з тобою','Я шукаю друзів, не шукаю ворогів,
Я на межі, я на межі фантастичних світів,
Я так хвилююсь, але не здаюсь!
Шукаю себе, шукаю свій шлях і вже не боюсь!
Очі закрий, лети! Ризики варті твоїх мрій
І не ховай серце своє від почуттів!
Очі закрий, лети у намальовані світи!
Настане день, настане час -
І щасливим стане кожен з нас!

Приспів:
Я буду з тобою на твоїй стороні!
Всі зорі на небі, немов вартові!
Я буду з тобою на твоїй стороні,
А ти не зупиняйся і мрій!
Мрій! Мрій! Мрій! Мрій! Мрій! Мрій!
Мрій! Мрій! Мрій! Мрій! Мрій! Мрій!
Мрій! Мрій! Мрій! Мрій! Мрій! Мрій!
Мрій! Мрій! Мрій! Мрій! Мрій! Мрій!
Я буду з тобою на твоїй стороні!
Мрій! Мрій! Мрій! Мрій! Мрій! Мрій!
Мрій! Мрій! Мрій! Мрій! Мрій! Мрій!
Мрій! Мрій! Мрій! Мрій! Мрій! Мрій!
Мрій! Мрій! Мрій! Мрій! Мрій! Мрій!
Зорі всі на небі це твої вартові!

Очі закрий, лети! Ризики варті твоїх мрій
І не ховай серце своє від почуттів!
Очі закрий, лети у намальовані світи!
Настане день, настане час -
І щасливим стане кожен з нас!

Приспів.');
INSERT OR REPLACE INTO song_links (id,song_id,title,url,kind,version_id,sort_order) VALUES ('pisniua_3518525_l1','pisniua_3518525','YouTube','https://www.youtube.com/watch?v=m_-Dr3KsSdQ','video',NULL,1);
INSERT OR REPLACE INTO songs (id,title,subtitle,lang,country,period,year,source,notes,lyrics,tags_json,lang_locked,status,created_at,updated_at) VALUES ('pisniua_351424','Про любов','Музика: Андрій Кузьменко Слова: Андрій Кузьменко. Виконує: Скрябін','uk','ukraine_1991',NULL,NULL,NULL,NULL,'Лиши собі на вечір пару папіросів,
Щоб правильно закінчився день.
Пів-скляночки вина
Вот так - за все хороше,
За тих, кому не пишуть пісень!..
Приспів:
Про любов
Їм не будуть співати!..
Про любов,
Як завжди, вляжуться спати...
Про любов
Вино не можна мішати!...
По любов
Знов і знов!..
Бере акорди вітер
На дротах електричних,
Сумніше пісні в світі нема.
Всі хто її не чули,
Всі, хто її не знає,
Долийте в склянку трохи вина!..
Приспів.','["pisni.org.ua", "cat:philosophic", "Філософські пісні"]',1,'published',COALESCE((SELECT created_at FROM songs WHERE id='pisniua_351424'), datetime('now')),datetime('now'));
INSERT OR REPLACE INTO songs_fts(song_id,title,lyrics) VALUES ('pisniua_351424','Про любов','Лиши собі на вечір пару папіросів,
Щоб правильно закінчився день.
Пів-скляночки вина
Вот так - за все хороше,
За тих, кому не пишуть пісень!..
Приспів:
Про любов
Їм не будуть співати!..
Про любов,
Як завжди, вляжуться спати...
Про любов
Вино не можна мішати!...
По любов
Знов і знов!..
Бере акорди вітер
На дротах електричних,
Сумніше пісні в світі нема.
Всі хто її не чули,
Всі, хто її не знає,
Долийте в склянку трохи вина!..
Приспів.');
INSERT OR REPLACE INTO song_links (id,song_id,title,url,kind,version_id,sort_order) VALUES ('pisniua_351424_l1','pisniua_351424','YouTube','https://www.youtube.com/watch?v=SPk-XyICmcU','video',NULL,1);
INSERT OR REPLACE INTO song_links (id,song_id,title,url,kind,version_id,sort_order) VALUES ('pisniua_351424_l2','pisniua_351424','Переглянути варіанти >>','https://www.pisni.org.ua/#variants','external',NULL,2);
INSERT OR REPLACE INTO songs (id,title,subtitle,lang,country,period,year,source,notes,lyrics,tags_json,lang_locked,status,created_at,updated_at) VALUES ('pisniua_3528261','Ми святого Миколая радо зустрічаємо','Музика: Олена Кирияк Слова: Олена Кирияк','uk','ukraine_1991',NULL,NULL,'аудіозапис',NULL,'Приспів:
Ми святого Миколая
Радо зустрічаємо!
Разом пісню, разом пісню
Весело співаємо!

Руки вгору, руки вгору,
В колі затанцюємо!
Руки вгору, руки вгору,
Ніжками працюємо!

Приспів.

Руки вгору, руки вгору,
Ти і я кружляємо!
Руки вгору, руки вгору,
І відпочиваємо!

Приспів.

Руки вгору, руки вгору,
Порахуєм до п''яти!
Руки вгору, руки вгору,
"Миколай!" - гукаєм ми!

Приспів.

Руки вгору, руки вгору,
Ось як ми стрибаємо.
Руки вгору, руки вгору,
Ми тебе вітаємо!

Приспів.

Руки вгору, руки вгору,
Всі сьогодні - молодці!
Руки вгору, руки вгору,
Подаруночки неси!','["pisni.org.ua", "cat:svyatyy-mykolay", "Пісні про Святого Миколая"]',1,'published',COALESCE((SELECT created_at FROM songs WHERE id='pisniua_3528261'), datetime('now')),datetime('now'));
INSERT OR REPLACE INTO songs_fts(song_id,title,lyrics) VALUES ('pisniua_3528261','Ми святого Миколая радо зустрічаємо','Приспів:
Ми святого Миколая
Радо зустрічаємо!
Разом пісню, разом пісню
Весело співаємо!

Руки вгору, руки вгору,
В колі затанцюємо!
Руки вгору, руки вгору,
Ніжками працюємо!

Приспів.

Руки вгору, руки вгору,
Ти і я кружляємо!
Руки вгору, руки вгору,
І відпочиваємо!

Приспів.

Руки вгору, руки вгору,
Порахуєм до п''яти!
Руки вгору, руки вгору,
"Миколай!" - гукаєм ми!

Приспів.

Руки вгору, руки вгору,
Ось як ми стрибаємо.
Руки вгору, руки вгору,
Ми тебе вітаємо!

Приспів.

Руки вгору, руки вгору,
Всі сьогодні - молодці!
Руки вгору, руки вгору,
Подаруночки неси!');
INSERT OR REPLACE INTO song_links (id,song_id,title,url,kind,version_id,sort_order) VALUES ('pisniua_3528261_l1','pisniua_3528261','YouTube','https://www.youtube.com/watch?v=ZQ23Wm6p3jo','video',NULL,1);
INSERT OR REPLACE INTO song_links (id,song_id,title,url,kind,version_id,sort_order) VALUES ('pisniua_3528261_l2','pisniua_3528261','YouTube','https://www.youtube.com/watch?v=SMFxPkM56Go','video',NULL,2);
INSERT OR REPLACE INTO songs (id,title,subtitle,lang,country,period,year,source,notes,lyrics,tags_json,lang_locked,status,created_at,updated_at) VALUES ('pisniua_3517626','Друзі - я і ти','Музика: Оксана Пічугіна Слова: Оксана Пічугіна','uk','ukraine_1991',NULL,NULL,'аудіозапис',NULL,'Друзі зустрічаються -
Раз, два, три!
(Плещуть в долоні)
Ручками вітаються -
Раз, два, три!
(Махають "Привіт")

Приспів:
Всім дружити треба!
Друзі - я і ти!
(Пальчиком: "ну-ну!")
Кращого за тебе
(Подають руки один одному)
Друга не знайти!
(Розкривають в сторони
На човник, кружляють)

Друзі посміхаються -
Раз, два, три!
(Вказівні пальчики до щічок)
Щиро обіймаються -
Раз, два, три!
(Обіймаються)

Приспів.

Друзі-пострибайчики,
Раз, два, три!
Як веселі зайчики -
Раз, два, три!
( Стрибають)

Приспів.

Друзі заховаються -
(Закривають обличчя руками)
Раз, два, три!
Потім знов з''являються -
Раз, два, три!
(Відкривають, руки в сторони,
Посміхаються)

Приспів.','["pisni.org.ua", "cat:druzhba", "Пісні про дружбу"]',1,'published',COALESCE((SELECT created_at FROM songs WHERE id='pisniua_3517626'), datetime('now')),datetime('now'));
INSERT OR REPLACE INTO songs_fts(song_id,title,lyrics) VALUES ('pisniua_3517626','Друзі - я і ти','Друзі зустрічаються -
Раз, два, три!
(Плещуть в долоні)
Ручками вітаються -
Раз, два, три!
(Махають "Привіт")

Приспів:
Всім дружити треба!
Друзі - я і ти!
(Пальчиком: "ну-ну!")
Кращого за тебе
(Подають руки один одному)
Друга не знайти!
(Розкривають в сторони
На човник, кружляють)

Друзі посміхаються -
Раз, два, три!
(Вказівні пальчики до щічок)
Щиро обіймаються -
Раз, два, три!
(Обіймаються)

Приспів.

Друзі-пострибайчики,
Раз, два, три!
Як веселі зайчики -
Раз, два, три!
( Стрибають)

Приспів.

Друзі заховаються -
(Закривають обличчя руками)
Раз, два, три!
Потім знов з''являються -
Раз, два, три!
(Відкривають, руки в сторони,
Посміхаються)

Приспів.');
INSERT OR REPLACE INTO song_links (id,song_id,title,url,kind,version_id,sort_order) VALUES ('pisniua_3517626_l1','pisniua_3517626','YouTube','https://www.youtube.com/watch?v=MVs_p6gYfZ8','video',NULL,1);
INSERT OR REPLACE INTO song_links (id,song_id,title,url,kind,version_id,sort_order) VALUES ('pisniua_3517626_l2','pisniua_3517626','YouTube','https://www.youtube.com/watch?v=pjovlmO38tY','video',NULL,2);
INSERT OR REPLACE INTO songs (id,title,subtitle,lang,country,period,year,source,notes,lyrics,tags_json,lang_locked,status,created_at,updated_at) VALUES ('pisniua_3507424','За Свободу і за Честь!','Музика: Сергій Василюк Слова: Сергій Василюк','uk','ukraine_1991',NULL,NULL,'аудіозапис','Найщиріші вітання 110-й окремій механізованій бригаді імені генерал-хорунжого Марка Безручка! До річниці створення героїчного підрозділу, який по суті постав два роки тому на буремному Донецькому напрямі та за весь цей час був основною потугою ЗСУ в Авдіївці та її околицях, презентуємо кліп та славень цієї вже без перебільшення легендарної Бригади!','Йде Волинь, Карпати йдуть!
Над Дніпром скипає лють.
Степ козацький знає путь!
України горда суть:

Приспів:
За Свободу і за Честь,
За життя, що нищить смерть!
110-та йде у бій,
Міць душі тримає стрій!

В час тривожної імли
Ми постали! Ми змогли!
Стяг звитяги пронесли,
Йтимем далі, як і йшли!

Приспів.

Ми поєднані в однім:
Нам Авдіївка за дім,
Був Донецьк і є своїм,
Зачекався рідний Крим!..

Приспів.','["pisni.org.ua", "cat:himny-marshi", "Гимни та марші"]',1,'published',COALESCE((SELECT created_at FROM songs WHERE id='pisniua_3507424'), datetime('now')),datetime('now'));
INSERT OR REPLACE INTO songs_fts(song_id,title,lyrics) VALUES ('pisniua_3507424','За Свободу і за Честь!','Йде Волинь, Карпати йдуть!
Над Дніпром скипає лють.
Степ козацький знає путь!
України горда суть:

Приспів:
За Свободу і за Честь,
За життя, що нищить смерть!
110-та йде у бій,
Міць душі тримає стрій!

В час тривожної імли
Ми постали! Ми змогли!
Стяг звитяги пронесли,
Йтимем далі, як і йшли!

Приспів.

Ми поєднані в однім:
Нам Авдіївка за дім,
Був Донецьк і є своїм,
Зачекався рідний Крим!..

Приспів.');
INSERT OR REPLACE INTO song_links (id,song_id,title,url,kind,version_id,sort_order) VALUES ('pisniua_3507424_l1','pisniua_3507424','YouTube','https://www.youtube.com/watch?v=Yeo97ypDeQA','video',NULL,1);
INSERT OR REPLACE INTO songs (id,title,subtitle,lang,country,period,year,source,notes,lyrics,tags_json,lang_locked,status,created_at,updated_at) VALUES ('pisniua_3534424','Це прийшло Різдво','Музика: Єлизавета Ткаченко Слова: Єлизавета Ткаченко','uk','ukraine_1991',NULL,NULL,'аудіозапис',NULL,'Чому всі веселі?
Чому всі щасливі
І посмішки на вустах?
Міцнішає віра,
Збуваються мрії,
Надія у серцях!
І хочеться серцем
У небо злетіти
До янголів у хор!
Прославити Бога
За Його любов!

Приспів:
Це прийшло Різдво!
Це прийшло Різдво!
Радість знову нам принесло!
Нагадало всім про любов Христа
Та відкритий шлях в небеса!
Це прийшло Різдво!
Це прийшло Різдво!
Радість знову нам принесло!
Нагадало всім про любов Христа
Та шлях в небеса!

Якщо ти веселий,
Якщо ти щасливий,
Бо в серці Бог живе,
Згадай, що навколо
Є люди, у кого
Життя таке сумне...
Піди до них, друже,
Відкрий своє серце,
В біді допоможи!
І шлях до спасіння
Ти людям покажи!

Приспів.','["pisni.org.ua", "cat:suchasni-pisni-rizdvo", "Сучасні пісні про Різдвяні свята"]',1,'published',COALESCE((SELECT created_at FROM songs WHERE id='pisniua_3534424'), datetime('now')),datetime('now'));
INSERT OR REPLACE INTO songs_fts(song_id,title,lyrics) VALUES ('pisniua_3534424','Це прийшло Різдво','Чому всі веселі?
Чому всі щасливі
І посмішки на вустах?
Міцнішає віра,
Збуваються мрії,
Надія у серцях!
І хочеться серцем
У небо злетіти
До янголів у хор!
Прославити Бога
За Його любов!

Приспів:
Це прийшло Різдво!
Це прийшло Різдво!
Радість знову нам принесло!
Нагадало всім про любов Христа
Та відкритий шлях в небеса!
Це прийшло Різдво!
Це прийшло Різдво!
Радість знову нам принесло!
Нагадало всім про любов Христа
Та шлях в небеса!

Якщо ти веселий,
Якщо ти щасливий,
Бо в серці Бог живе,
Згадай, що навколо
Є люди, у кого
Життя таке сумне...
Піди до них, друже,
Відкрий своє серце,
В біді допоможи!
І шлях до спасіння
Ти людям покажи!

Приспів.');
INSERT OR REPLACE INTO song_links (id,song_id,title,url,kind,version_id,sort_order) VALUES ('pisniua_3534424_l1','pisniua_3534424','YouTube','https://www.youtube.com/watch?v=vjdF45Ida0w','video',NULL,1);
INSERT OR REPLACE INTO songs (id,title,subtitle,lang,country,period,year,source,notes,lyrics,tags_json,lang_locked,status,created_at,updated_at) VALUES ('pisniua_3526168','Найкращі в світі - Українки!','Музика: Олеся Май Слова: Наталія Май','uk','ukraine_1991',NULL,NULL,'аудіозапис','Пісню виконує гурт Фанта.','Ми йдемо по світу в білих вишиванках,
Нас стрічають всюди усмішки рясні,
На розшитих квітах росяні серпанки
Й тихі колискові мамині пісні!

Приспів:
Найкращі в світі - Українки!
Немов дзвіночки, голоси,
Як намальовані картинки,
Мов калиновий світ усі!
Найкращі в світі - Українки!
Немов дзвіночки, голоси,
Як намальовані картинки,
Мов калиновий світ усі! Усі!

Світ розбудять рано солов''ї піснями,
І ранкові роси упадуть до ніг,
Зацвітуть любов''ю очі, що від мами,
Карі й волошкові зіроньки ясні!

Приспів.','["pisni.org.ua", "cat:zahalni-cinnosti", "Пісні про загальнолюдські цінності"]',1,'published',COALESCE((SELECT created_at FROM songs WHERE id='pisniua_3526168'), datetime('now')),datetime('now'));
INSERT OR REPLACE INTO songs_fts(song_id,title,lyrics) VALUES ('pisniua_3526168','Найкращі в світі - Українки!','Ми йдемо по світу в білих вишиванках,
Нас стрічають всюди усмішки рясні,
На розшитих квітах росяні серпанки
Й тихі колискові мамині пісні!

Приспів:
Найкращі в світі - Українки!
Немов дзвіночки, голоси,
Як намальовані картинки,
Мов калиновий світ усі!
Найкращі в світі - Українки!
Немов дзвіночки, голоси,
Як намальовані картинки,
Мов калиновий світ усі! Усі!

Світ розбудять рано солов''ї піснями,
І ранкові роси упадуть до ніг,
Зацвітуть любов''ю очі, що від мами,
Карі й волошкові зіроньки ясні!

Приспів.');
INSERT OR REPLACE INTO song_links (id,song_id,title,url,kind,version_id,sort_order) VALUES ('pisniua_3526168_l1','pisniua_3526168','YouTube','https://www.youtube.com/watch?v=rHZmt5Qu1RE','video',NULL,1);
INSERT OR REPLACE INTO songs (id,title,subtitle,lang,country,period,year,source,notes,lyrics,tags_json,lang_locked,status,created_at,updated_at) VALUES ('pisniua_3538168','Щастя на Різдво','Музика: Slava Dym Слова: Slava Dym','uk','ukraine_1991',NULL,NULL,'аудіозапис',NULL,'Як настане різдво
І зійде ясна зоря,
Хай миром править добро,
Ангел світла творить дива
В кожнім серці!

Приспів:
Хай летять сніжинки,
Щастя дарять!
Радість в кожен дім
Хай завітає!
Кожна мить чудес краплинка
Здійснення бажань
Приносять під ялинку!
Сяють зорі,
Мов вогонь казковий,
І зима пішла
В танок святковий!
І зійдеться вся родина,
Знову буде мирна Україна!

Та яскрава зоря
Хай веде до щастя усіх
І в кожній з наших осель
Залунає радісний сміх
Всім на диво!..

Приспів.

Мирна, сильна, вільна Україна!','["pisni.org.ua", "cat:suchasni-pisni-rizdvo", "Сучасні пісні про Різдвяні свята"]',1,'published',COALESCE((SELECT created_at FROM songs WHERE id='pisniua_3538168'), datetime('now')),datetime('now'));
INSERT OR REPLACE INTO songs_fts(song_id,title,lyrics) VALUES ('pisniua_3538168','Щастя на Різдво','Як настане різдво
І зійде ясна зоря,
Хай миром править добро,
Ангел світла творить дива
В кожнім серці!

Приспів:
Хай летять сніжинки,
Щастя дарять!
Радість в кожен дім
Хай завітає!
Кожна мить чудес краплинка
Здійснення бажань
Приносять під ялинку!
Сяють зорі,
Мов вогонь казковий,
І зима пішла
В танок святковий!
І зійдеться вся родина,
Знову буде мирна Україна!

Та яскрава зоря
Хай веде до щастя усіх
І в кожній з наших осель
Залунає радісний сміх
Всім на диво!..

Приспів.

Мирна, сильна, вільна Україна!');
INSERT OR REPLACE INTO song_links (id,song_id,title,url,kind,version_id,sort_order) VALUES ('pisniua_3538168_l1','pisniua_3538168','YouTube','https://www.youtube.com/watch?v=ZDnXxrysu2s','video',NULL,1);
INSERT OR REPLACE INTO songs (id,title,subtitle,lang,country,period,year,source,notes,lyrics,tags_json,lang_locked,status,created_at,updated_at) VALUES ('pisniua_3536525','Вороги в нас не віднімуть Бога Благодати','Музика: Галина Капріян Слова: Галина Капріян','uk','ukraine_1991',NULL,NULL,'аудіозапис',NULL,'Ой, летіла зозуленька
Тай стала кувати:
Піднімайся, Божий люде,
Йди Христа вітати!
Хай ніхто у тебе радість
Й віру не відніме,
Хай на кожне щире серце
Божа милість зійде!

Вороги нас убивають,
Безжально катують,
Всі могутні світу
Цього думають-мудрують,
Якби то їм люд побожний
З цеї землі зжити,
Та не зможуть вони
Віру Христа умертвити.

Ой, не вдасться, ой, не буде,
Не на тих напали,
Не діждетесь, не впадемо,
Скільки б не вбивали,
З нами правда, Божа сила,
Все військо Небесне!
Кожен, хто Христові служить,
Разом з Ним воскресне!

Тож радій, побожний люде,
Христос народився!
У містечку Вифлеємі
З Діви воплотився,
Народився в кожнім серці
І хто Його знає,
Не приймає благ від світу,
А за Ним ступає!

Хай же радість наповняє
Старого й малого,
Світ Спасати посилає
Господь Сина Свого,
Залишаймо свою тугу       |
І йдемо вітати,           |
Вороги в нас не віднімуть |
Бога Благодати!           | (2)

Речитатив:
І всі приклонили свої коліна
Перед народженим від Діви,
Кожне серце, що тужило,
Возрадувалося.
Кожна душа, що шукала
Джерела святої води,
Втамувала спрагу.
Так з року в рік
Народжується той,
Хто світ спас.
Благодать сходить з неба
І покриває всю землю,
Бо Христос вже народився
І Різдва Його в нас ніхто не відніме!
Тож радій, побожний люде,
Вже сходить зоря вифлеємська,
настає Різдво непереможне!
Христос ся рождає!
Славімо Його!','["pisni.org.ua", "cat:suchasni-pisni-rizdvo", "Сучасні пісні про Різдвяні свята"]',1,'published',COALESCE((SELECT created_at FROM songs WHERE id='pisniua_3536525'), datetime('now')),datetime('now'));
INSERT OR REPLACE INTO songs_fts(song_id,title,lyrics) VALUES ('pisniua_3536525','Вороги в нас не віднімуть Бога Благодати','Ой, летіла зозуленька
Тай стала кувати:
Піднімайся, Божий люде,
Йди Христа вітати!
Хай ніхто у тебе радість
Й віру не відніме,
Хай на кожне щире серце
Божа милість зійде!

Вороги нас убивають,
Безжально катують,
Всі могутні світу
Цього думають-мудрують,
Якби то їм люд побожний
З цеї землі зжити,
Та не зможуть вони
Віру Христа умертвити.

Ой, не вдасться, ой, не буде,
Не на тих напали,
Не діждетесь, не впадемо,
Скільки б не вбивали,
З нами правда, Божа сила,
Все військо Небесне!
Кожен, хто Христові служить,
Разом з Ним воскресне!

Тож радій, побожний люде,
Христос народився!
У містечку Вифлеємі
З Діви воплотився,
Народився в кожнім серці
І хто Його знає,
Не приймає благ від світу,
А за Ним ступає!

Хай же радість наповняє
Старого й малого,
Світ Спасати посилає
Господь Сина Свого,
Залишаймо свою тугу       |
І йдемо вітати,           |
Вороги в нас не віднімуть |
Бога Благодати!           | (2)

Речитатив:
І всі приклонили свої коліна
Перед народженим від Діви,
Кожне серце, що тужило,
Возрадувалося.
Кожна душа, що шукала
Джерела святої води,
Втамувала спрагу.
Так з року в рік
Народжується той,
Хто світ спас.
Благодать сходить з неба
І покриває всю землю,
Бо Христос вже народився
І Різдва Його в нас ніхто не відніме!
Тож радій, побожний люде,
Вже сходить зоря вифлеємська,
настає Різдво непереможне!
Христос ся рождає!
Славімо Його!');
INSERT OR REPLACE INTO song_links (id,song_id,title,url,kind,version_id,sort_order) VALUES ('pisniua_3536525_l1','pisniua_3536525','YouTube','https://www.youtube.com/watch?v=02FjhW1OX3A','video',NULL,1);
INSERT OR REPLACE INTO songs (id,title,subtitle,lang,country,period,year,source,notes,lyrics,tags_json,lang_locked,status,created_at,updated_at) VALUES ('pisniua_3529467','Доця','Музика: Leonid Teterin, Andrii Groza, Dima PROKOPOV, Artem Velidchuk Слова: Leonid Teterin, Andrii Groza, Dima PROKOPOV, Artem Velidchuk','uk','ukraine_1991',NULL,NULL,'аудіозапис',NULL,'Речитатив:
- Тату, а ти мене любиш?
Я тебе дуже-дуже люблю!
Ти будеш завжди поруч?

Народилась ти,
Біля серця тебе тримаю, -
В мить змінився світ,
Як було до, я не пам''ятаю.
Часу постійно не вистачає,
Та поруч з тобою він завмирає,
Кожна хвилина, мов серцебиття,
Діти йдуть у доросле життя, а я

Приспів:
За тебе, доця, мамині очі,
Все зроблю!
І я не сплю ночі,
Скажи, що хочеш, бо люблю!
За тебе, доця, мамині очі,
Все зроблю,
Бо вас тримаю біля серця,
Ніколи не відпущу!

Коли колискову заспівала мати,
Твої очі сяють, моє серце тане...
Я один за тебе весь світ пере-переверну,
Ти зрозумій, хвилююсь безперервно!..
Посмішка матері, характер батька,
Ми - океани, і таку силу не зламати!
Вся правда у сім''ї - мене так вчила мати.
Навіть уві сні я тебе буду охороняти!

Приспів.','["pisni.org.ua", "cat:pro-ditey", "Пісні про любов до дітей"]',1,'published',COALESCE((SELECT created_at FROM songs WHERE id='pisniua_3529467'), datetime('now')),datetime('now'));
INSERT OR REPLACE INTO songs_fts(song_id,title,lyrics) VALUES ('pisniua_3529467','Доця','Речитатив:
- Тату, а ти мене любиш?
Я тебе дуже-дуже люблю!
Ти будеш завжди поруч?

Народилась ти,
Біля серця тебе тримаю, -
В мить змінився світ,
Як було до, я не пам''ятаю.
Часу постійно не вистачає,
Та поруч з тобою він завмирає,
Кожна хвилина, мов серцебиття,
Діти йдуть у доросле життя, а я

Приспів:
За тебе, доця, мамині очі,
Все зроблю!
І я не сплю ночі,
Скажи, що хочеш, бо люблю!
За тебе, доця, мамині очі,
Все зроблю,
Бо вас тримаю біля серця,
Ніколи не відпущу!

Коли колискову заспівала мати,
Твої очі сяють, моє серце тане...
Я один за тебе весь світ пере-переверну,
Ти зрозумій, хвилююсь безперервно!..
Посмішка матері, характер батька,
Ми - океани, і таку силу не зламати!
Вся правда у сім''ї - мене так вчила мати.
Навіть уві сні я тебе буду охороняти!

Приспів.');
INSERT OR REPLACE INTO song_links (id,song_id,title,url,kind,version_id,sort_order) VALUES ('pisniua_3529467_l1','pisniua_3529467','YouTube','https://www.youtube.com/watch?v=LegU3Bg0Mx8','video',NULL,1);
INSERT OR REPLACE INTO songs (id,title,subtitle,lang,country,period,year,source,notes,lyrics,tags_json,lang_locked,status,created_at,updated_at) VALUES ('pisniua_3537424','Як я хотів','Музика: Сергій Заболотний Слова: Сергій Заболотний','uk','ukraine_1991',NULL,NULL,'аудіозапис',NULL,'Бувають дні, коли не сплю,
В думках лиш ти,
Я залишаюсь в тихім домі
Самоти...
І, поки падає, і тане сніг за склом
Чекаю тут, біля багаття...
Я розумію, що не так у цій зимі,
І це Різдво іде не вперше у житті,
Сьогодні сам я зустрічаю за столом,
І сподіваюсь - не кінець кохання...

Приспів:
Як я хотів, як я хотів, моя любов,
Як я хотів би, щоб кохала мене знов,
Щоб однакових вечорів, сумних без тебе,
Більше не було!.. Не було!..
Як я хотів, як я хотів, моя любов,
Як я хотів би, щоб кохала мене знов,
Щоб однакових вечорів, сумних без тебе,
Більше не було!..

Тебе побачу й розумію, що все вийде,
Я не впадаю в ревнощі і мить провини,
Цілував би й обіймав би тебе знову,
Ти з голови не йдеш моєї...

Приспів. (2)

Як я хотів, щоб це кохання не пішло,
Щоб не розтануло без слів, як сніг на сонці,
Розчарування й болю в серці не було,
Та я один у цьому році...','["pisni.org.ua", "cat:devoted", "Пісні присвячені окремим особам"]',1,'published',COALESCE((SELECT created_at FROM songs WHERE id='pisniua_3537424'), datetime('now')),datetime('now'));
INSERT OR REPLACE INTO songs_fts(song_id,title,lyrics) VALUES ('pisniua_3537424','Як я хотів','Бувають дні, коли не сплю,
В думках лиш ти,
Я залишаюсь в тихім домі
Самоти...
І, поки падає, і тане сніг за склом
Чекаю тут, біля багаття...
Я розумію, що не так у цій зимі,
І це Різдво іде не вперше у житті,
Сьогодні сам я зустрічаю за столом,
І сподіваюсь - не кінець кохання...

Приспів:
Як я хотів, як я хотів, моя любов,
Як я хотів би, щоб кохала мене знов,
Щоб однакових вечорів, сумних без тебе,
Більше не було!.. Не було!..
Як я хотів, як я хотів, моя любов,
Як я хотів би, щоб кохала мене знов,
Щоб однакових вечорів, сумних без тебе,
Більше не було!..

Тебе побачу й розумію, що все вийде,
Я не впадаю в ревнощі і мить провини,
Цілував би й обіймав би тебе знову,
Ти з голови не йдеш моєї...

Приспів. (2)

Як я хотів, щоб це кохання не пішло,
Щоб не розтануло без слів, як сніг на сонці,
Розчарування й болю в серці не було,
Та я один у цьому році...');
INSERT OR REPLACE INTO song_links (id,song_id,title,url,kind,version_id,sort_order) VALUES ('pisniua_3537424_l1','pisniua_3537424','YouTube','https://www.youtube.com/watch?v=ihh8LbpoYeM','video',NULL,1);
INSERT OR REPLACE INTO songs (id,title,subtitle,lang,country,period,year,source,notes,lyrics,tags_json,lang_locked,status,created_at,updated_at) VALUES ('pisniua_3533364','Не питай','Слова: Іван Огієнко','uk','ukraine_1991',NULL,NULL,'аудіозапис',NULL,'Не питай, чого в мене заплакані очі,
Чого часто тікаю я в гай
І блукаю я там до півночі...
Не питай!.. Не питай!.. Не питай!..

Не питай, чого в''яну, як квітка, я в гаю
У затінку без сонця й води...
Краще б, мила, мене ти те знала
І не знала тієї біди...

Із грудей твоє серце виймаю без жалю,
Я навіки покинув тебе...
Проклинатимеш ти свою долю
І той час, що кохала мене...

Ти приходиш до мене щоночі пізненько
У годину, як міцно я сплю,
Заглядаєш в заплакані очі      |
І шепочеш: Не плач, я люблю!.. | (2)','["pisni.org.ua", "cat:romansy", "Романси"]',1,'published',COALESCE((SELECT created_at FROM songs WHERE id='pisniua_3533364'), datetime('now')),datetime('now'));
INSERT OR REPLACE INTO songs_fts(song_id,title,lyrics) VALUES ('pisniua_3533364','Не питай','Не питай, чого в мене заплакані очі,
Чого часто тікаю я в гай
І блукаю я там до півночі...
Не питай!.. Не питай!.. Не питай!..

Не питай, чого в''яну, як квітка, я в гаю
У затінку без сонця й води...
Краще б, мила, мене ти те знала
І не знала тієї біди...

Із грудей твоє серце виймаю без жалю,
Я навіки покинув тебе...
Проклинатимеш ти свою долю
І той час, що кохала мене...

Ти приходиш до мене щоночі пізненько
У годину, як міцно я сплю,
Заглядаєш в заплакані очі      |
І шепочеш: Не плач, я люблю!.. | (2)');
INSERT OR REPLACE INTO song_links (id,song_id,title,url,kind,version_id,sort_order) VALUES ('pisniua_3533364_l1','pisniua_3533364','YouTube','https://www.youtube.com/watch?v=jOIrpXxggYU','video',NULL,1);
INSERT OR REPLACE INTO song_links (id,song_id,title,url,kind,version_id,sort_order) VALUES ('pisniua_3533364_l2','pisniua_3533364','YouTube','https://www.youtube.com/watch?v=gIXhXVy2gns','video',NULL,2);
INSERT OR REPLACE INTO songs (id,title,subtitle,lang,country,period,year,source,notes,lyrics,tags_json,lang_locked,status,created_at,updated_at) VALUES ('pisniua_3538467','Вірні друзі','Музика: Павло Зібров Слова: Петро Мага','uk','ukraine_1991',NULL,NULL,'аудіозапис',NULL,'Гортаю карди чорно-білого кіно,
Там ходять друзі, я не бачив їх давно...
Коли горять вогні вечірньої пори,
Я набираю вірних друзів номери.

Приспів:
За нашу дружбу я п''ю до дна,
Вона на світі така одна!
Щоб не програти самоті,           |
Заходьте, друзі золоті,           |
У наші спогади, найкращі у житті! | (2)

Заходьте, друзі, я з обіймами стою,
Щоб на гітарі грати молодість свою.
Так ми забудемо про справи і про час,
І навіть ніч підніме чарочку за нас!..

Приспів.

Гортаю карди чорно-білого кіно,
Там ходять друзі, я не бачив їх давно...
І хоч життя тепер у кожного своє,
Та я щасливий, що ви всі у мене є!

Приспів.

Заходьте, грішні і святі,         |
Заходьте, друзі золоті,           |
У наші спогади, найкращі у житті! | (2)','["pisni.org.ua", "cat:druzhba", "Пісні про дружбу"]',1,'published',COALESCE((SELECT created_at FROM songs WHERE id='pisniua_3538467'), datetime('now')),datetime('now'));
INSERT OR REPLACE INTO songs_fts(song_id,title,lyrics) VALUES ('pisniua_3538467','Вірні друзі','Гортаю карди чорно-білого кіно,
Там ходять друзі, я не бачив їх давно...
Коли горять вогні вечірньої пори,
Я набираю вірних друзів номери.

Приспів:
За нашу дружбу я п''ю до дна,
Вона на світі така одна!
Щоб не програти самоті,           |
Заходьте, друзі золоті,           |
У наші спогади, найкращі у житті! | (2)

Заходьте, друзі, я з обіймами стою,
Щоб на гітарі грати молодість свою.
Так ми забудемо про справи і про час,
І навіть ніч підніме чарочку за нас!..

Приспів.

Гортаю карди чорно-білого кіно,
Там ходять друзі, я не бачив їх давно...
І хоч життя тепер у кожного своє,
Та я щасливий, що ви всі у мене є!

Приспів.

Заходьте, грішні і святі,         |
Заходьте, друзі золоті,           |
У наші спогади, найкращі у житті! | (2)');
INSERT OR REPLACE INTO song_links (id,song_id,title,url,kind,version_id,sort_order) VALUES ('pisniua_3538467_l1','pisniua_3538467','YouTube','https://www.youtube.com/watch?v=n66hMQzqRc8','video',NULL,1);
INSERT OR REPLACE INTO songs (id,title,subtitle,lang,country,period,year,source,notes,lyrics,tags_json,lang_locked,status,created_at,updated_at) VALUES ('pisniua_35525','У Києві, під Крутами','Українська народна пісня','uk','ukrainian_peoples_republic_1917_1921',NULL,NULL,NULL,'Присвячено героям Крут Роман (гість): "Цю пісню я знайшов у підручнику з історії за 5 клас (автор В. Мисан)..."','У Києві, під Крутами,
Був тяжкий біль з москалями.
Триста катів на одного,
На студента молодого.
Червоніє сніг на полі,
Це пролили кров герої.
Поле  вкрилося трупами,
Немов у жнива снопами.
А по трупах тих героїв
Зайшов ворог до Кийова.
Ой, не смійся, лютий враже,
Голова твоя ще ляже.','["pisni.org.ua", "cat:kruty", "Пісні пам''яті Героїв бою під Крутами"]',1,'published',COALESCE((SELECT created_at FROM songs WHERE id='pisniua_35525'), datetime('now')),datetime('now'));
INSERT OR REPLACE INTO songs_fts(song_id,title,lyrics) VALUES ('pisniua_35525','У Києві, під Крутами','У Києві, під Крутами,
Був тяжкий біль з москалями.
Триста катів на одного,
На студента молодого.
Червоніє сніг на полі,
Це пролили кров герої.
Поле  вкрилося трупами,
Немов у жнива снопами.
А по трупах тих героїв
Зайшов ворог до Кийова.
Ой, не смійся, лютий враже,
Голова твоя ще ляже.');
INSERT OR REPLACE INTO song_links (id,song_id,title,url,kind,version_id,sort_order) VALUES ('pisniua_35525_l1','pisniua_35525','YouTube','https://www.youtube.com/watch?v=ewogAAanGS8','video',NULL,1);
INSERT OR REPLACE INTO songs (id,title,subtitle,lang,country,period,year,source,notes,lyrics,tags_json,lang_locked,status,created_at,updated_at) VALUES ('pisniua_3537560','З Різдвом!','Музика: Оксана Заремська','uk','ukraine_1991',NULL,NULL,'аудіозапис',NULL,'Зірка, що на небі йшла,
До Ісуса привела!
Довго на це місце йшли
В стаєнці Його знайшли.
Ангели співали там,
Що для нас Христос прийшов!
А Ісус на сіні спав
І любов Свою являв!
Він приніс Свою любов!        |
Прощення усіх гріхів дав нам! |
Мир приходить в кожен дім!    |
Вас вітаємо з Різдвом!        | (2)

Там, де була темрява,
Засіяло світло знов!
Сумніву й тривог нема,
В серці живе Христос!
Він народжений, щоб ти        |
Міг про це розповісти людям!  |
Він народжений, щоб жить,     |
І йому завжди служить!        | (2)

Прославляй Його, Земля,       |
Господа Спасителя!            | (2)

Він приніс Свою любов!        |
Прощення усіх гріхів дав нам! |
Мир приходить в кожен дім!    |
Вас вітаємо з Різдвом!        | (2)

Вас вітаємо з Різдвом!        | (2)','["pisni.org.ua", "cat:suchasni-pisni-rizdvo", "Сучасні пісні про Різдвяні свята"]',1,'published',COALESCE((SELECT created_at FROM songs WHERE id='pisniua_3537560'), datetime('now')),datetime('now'));
INSERT OR REPLACE INTO songs_fts(song_id,title,lyrics) VALUES ('pisniua_3537560','З Різдвом!','Зірка, що на небі йшла,
До Ісуса привела!
Довго на це місце йшли
В стаєнці Його знайшли.
Ангели співали там,
Що для нас Христос прийшов!
А Ісус на сіні спав
І любов Свою являв!
Він приніс Свою любов!        |
Прощення усіх гріхів дав нам! |
Мир приходить в кожен дім!    |
Вас вітаємо з Різдвом!        | (2)

Там, де була темрява,
Засіяло світло знов!
Сумніву й тривог нема,
В серці живе Христос!
Він народжений, щоб ти        |
Міг про це розповісти людям!  |
Він народжений, щоб жить,     |
І йому завжди служить!        | (2)

Прославляй Його, Земля,       |
Господа Спасителя!            | (2)

Він приніс Свою любов!        |
Прощення усіх гріхів дав нам! |
Мир приходить в кожен дім!    |
Вас вітаємо з Різдвом!        | (2)

Вас вітаємо з Різдвом!        | (2)');
INSERT OR REPLACE INTO song_links (id,song_id,title,url,kind,version_id,sort_order) VALUES ('pisniua_3537560_l1','pisniua_3537560','YouTube','https://www.youtube.com/watch?v=2IdGX1LXltc','video',NULL,1);
INSERT OR REPLACE INTO songs (id,title,subtitle,lang,country,period,year,source,notes,lyrics,tags_json,lang_locked,status,created_at,updated_at) VALUES ('pisniua_3557364','Не вір, не бійся, не проси!','Музика: ШІ Слова: Олена Рассуждай','uk','ukraine_1991',NULL,NULL,'аудіозапис',NULL,'Не вір, не бійся, не проси!
Цей світ не винен тобі ласки!
Не гнись під тиском голосів
І не шукай підтримки в масках!
Не плач!.. Сльоза не змиє ран,
Що їх життя вогнем таврує...
Людське мовчання це обман,
Що правду зраджує й марнує...

Приспів:
Не вір! Не бійся! Не проси!
Хай твій вогонь веде між скель!
Хоч правда ріже, ти живи
Без фальші, страху і петель!

Не жди, що хтось подасть тобі
Оту живу, жадану волю.
Її куєш у самоті!..
У боротьбі, в стражданні, в болю!..
Твій шлях веде крізь власні втрати.
Не зупинись, коли болить!..
Ти зможеш втому подолати,
Якщо навчишся серцем жить!..

Приспів.

Ти сам - свій меч,
Свій щит, свій стяг!
Ти сам - опора в дні суворі!
І все, чого давно ти праг,
Знайдеш у власній непокорі!..
Не вір, не бійся, не проси!
Цей світ не винен тобі ласки!
Не гнись під тиском голосів
І не шукай підтримки в масках!

Приспів.','["pisni.org.ua", "cat:zahalni-cinnosti", "Пісні про загальнолюдські цінності"]',1,'published',COALESCE((SELECT created_at FROM songs WHERE id='pisniua_3557364'), datetime('now')),datetime('now'));
INSERT OR REPLACE INTO songs_fts(song_id,title,lyrics) VALUES ('pisniua_3557364','Не вір, не бійся, не проси!','Не вір, не бійся, не проси!
Цей світ не винен тобі ласки!
Не гнись під тиском голосів
І не шукай підтримки в масках!
Не плач!.. Сльоза не змиє ран,
Що їх життя вогнем таврує...
Людське мовчання це обман,
Що правду зраджує й марнує...

Приспів:
Не вір! Не бійся! Не проси!
Хай твій вогонь веде між скель!
Хоч правда ріже, ти живи
Без фальші, страху і петель!

Не жди, що хтось подасть тобі
Оту живу, жадану волю.
Її куєш у самоті!..
У боротьбі, в стражданні, в болю!..
Твій шлях веде крізь власні втрати.
Не зупинись, коли болить!..
Ти зможеш втому подолати,
Якщо навчишся серцем жить!..

Приспів.

Ти сам - свій меч,
Свій щит, свій стяг!
Ти сам - опора в дні суворі!
І все, чого давно ти праг,
Знайдеш у власній непокорі!..
Не вір, не бійся, не проси!
Цей світ не винен тобі ласки!
Не гнись під тиском голосів
І не шукай підтримки в масках!

Приспів.');
INSERT OR REPLACE INTO song_links (id,song_id,title,url,kind,version_id,sort_order) VALUES ('pisniua_3557364_l1','pisniua_3557364','YouTube','https://www.youtube.com/watch?v=xwcwmVLzF88','video',NULL,1);
INSERT OR REPLACE INTO songs (id,title,subtitle,lang,country,period,year,source,notes,lyrics,tags_json,lang_locked,status,created_at,updated_at) VALUES ('pisniua_3538323','Їде в гості Миколай','Музика: ШІ Слова: Зоряна Лісевич','uk','ukraine_1991',NULL,NULL,'авторське подання',NULL,'Спи, засни, ось-ось
Настане нічка чарівна,
Миколай примчить на санях
До твого вікна!
Скрипу-рипу закружляють
З неба саночки,
А у санях Миколая
Подаруночки!

Приспів:
В цю святу ніч чудес
Відчиняє браму Рай,
І до тебе з небес
Їде в гості Миколай!
Скрипу-рип, скрипу-рип,
Сани-саночки, летіть,
І усім діточкам
Подаруночки везіть!

Поки будеш міцно спати
В теплім ліжку ти,
Тишком-нишком зайде в хату
Миколай Святий!
Обтрусивши кожушину
Від сніжиночок,
Покладе під подущину
Подаруночок!

Приспів. (2)','["pisni.org.ua", "cat:svyatyy-mykolay", "Пісні про Святого Миколая"]',1,'published',COALESCE((SELECT created_at FROM songs WHERE id='pisniua_3538323'), datetime('now')),datetime('now'));
INSERT OR REPLACE INTO songs_fts(song_id,title,lyrics) VALUES ('pisniua_3538323','Їде в гості Миколай','Спи, засни, ось-ось
Настане нічка чарівна,
Миколай примчить на санях
До твого вікна!
Скрипу-рипу закружляють
З неба саночки,
А у санях Миколая
Подаруночки!

Приспів:
В цю святу ніч чудес
Відчиняє браму Рай,
І до тебе з небес
Їде в гості Миколай!
Скрипу-рип, скрипу-рип,
Сани-саночки, летіть,
І усім діточкам
Подаруночки везіть!

Поки будеш міцно спати
В теплім ліжку ти,
Тишком-нишком зайде в хату
Миколай Святий!
Обтрусивши кожушину
Від сніжиночок,
Покладе під подущину
Подаруночок!

Приспів. (2)');
INSERT OR REPLACE INTO song_links (id,song_id,title,url,kind,version_id,sort_order) VALUES ('pisniua_3538323_l1','pisniua_3538323','YouTube','https://www.youtube.com/watch?v=A7i8SYb0wkY','video',NULL,1);
INSERT OR REPLACE INTO songs (id,title,subtitle,lang,country,period,year,source,notes,lyrics,tags_json,lang_locked,status,created_at,updated_at) VALUES ('pisniua_3557828','Не вистачає дому','Музика: Ruslan Music Слова: Ruslan Music','uk','ukraine_1991',NULL,NULL,'аудіозапис',NULL,'Нас розкидало по краях —
По різних селах та містах,
По морях, горах, рівнинах,
По різних країнах...
Та не забудем ми ніяк,
Де починали свій шлях,
Де народились і росли,
Україна в серці завжди!

Приспів:
Не вистачає дому,  |
Рідного балкону,   |
Співу солов''я —    |
Там, де виріс я!.. | (2)

Нас змусила війна
Покинути свої міста,
А хтось просто шукав
Кращого життя!
Та не забудем ми ніяк,
Де починали свій шлях,
Де народились і росли,
Україна в серці завжди!

Приспів.','["pisni.org.ua", "cat:emigration", "cat:manrivni", "Пісні про еміґрацію", "Пісні на мандрівну тематику"]',1,'published',COALESCE((SELECT created_at FROM songs WHERE id='pisniua_3557828'), datetime('now')),datetime('now'));
INSERT OR REPLACE INTO songs_fts(song_id,title,lyrics) VALUES ('pisniua_3557828','Не вистачає дому','Нас розкидало по краях —
По різних селах та містах,
По морях, горах, рівнинах,
По різних країнах...
Та не забудем ми ніяк,
Де починали свій шлях,
Де народились і росли,
Україна в серці завжди!

Приспів:
Не вистачає дому,  |
Рідного балкону,   |
Співу солов''я —    |
Там, де виріс я!.. | (2)

Нас змусила війна
Покинути свої міста,
А хтось просто шукав
Кращого життя!
Та не забудем ми ніяк,
Де починали свій шлях,
Де народились і росли,
Україна в серці завжди!

Приспів.');
INSERT OR REPLACE INTO song_links (id,song_id,title,url,kind,version_id,sort_order) VALUES ('pisniua_3557828_l1','pisniua_3557828','YouTube','https://www.youtube.com/watch?v=0_XUnFF_8_8','video',NULL,1);
INSERT OR REPLACE INTO songs (id,title,subtitle,lang,country,period,year,source,notes,lyrics,tags_json,lang_locked,status,created_at,updated_at) VALUES ('pisniua_3557525','Сама не своя','Музика: Alena Omargalieva Слова: Alena Omargalieva, Світлана Крись','uk','ukraine_1991',NULL,NULL,'аудіозапис',NULL,'Сама не своя!
Сама не своя!
З тобою з під ніг
Зникає земля!..

Приспів:
Сама не своя!
Сама не своя!
З тобою з під ніг
Зникає земля!..
Злітає з Орбіт
Без тебе життя!
Від твоїх обійм
Сама не своя!.. | (2)

Життя її очима -
Відчуття свободи,
Та невідома сила
Перехопила подих.
Знаю сама,
Вже не втекти,
Більше не можу
Бути на самоті...
Серце - мішень,
Ти - як стріла.
Як мені бути?.. | (3)

Приспів.

Сама, сама,     |
Сама не своя!.. | (4)

Любов тримає в курсі,
Куди вона несеться?..
У ритмі твого пульсу
Моє серце б''ється!..
Знаю сама,
Вже не втекти,
Більше не можу
Бути на самоті...
Серце - мішень,
Ти - як стріла.
Як мені бути?.. | (3)
Сама не своя!
Сама не своя!
З тобою з під ніг
Зникає земля!..

Приспів.

Сама, сама,     |
Сама не своя!.. | (4)','["pisni.org.ua", "cat:zahalni-cinnosti", "Пісні про загальнолюдські цінності"]',1,'published',COALESCE((SELECT created_at FROM songs WHERE id='pisniua_3557525'), datetime('now')),datetime('now'));
INSERT OR REPLACE INTO songs_fts(song_id,title,lyrics) VALUES ('pisniua_3557525','Сама не своя','Сама не своя!
Сама не своя!
З тобою з під ніг
Зникає земля!..

Приспів:
Сама не своя!
Сама не своя!
З тобою з під ніг
Зникає земля!..
Злітає з Орбіт
Без тебе життя!
Від твоїх обійм
Сама не своя!.. | (2)

Життя її очима -
Відчуття свободи,
Та невідома сила
Перехопила подих.
Знаю сама,
Вже не втекти,
Більше не можу
Бути на самоті...
Серце - мішень,
Ти - як стріла.
Як мені бути?.. | (3)

Приспів.

Сама, сама,     |
Сама не своя!.. | (4)

Любов тримає в курсі,
Куди вона несеться?..
У ритмі твого пульсу
Моє серце б''ється!..
Знаю сама,
Вже не втекти,
Більше не можу
Бути на самоті...
Серце - мішень,
Ти - як стріла.
Як мені бути?.. | (3)
Сама не своя!
Сама не своя!
З тобою з під ніг
Зникає земля!..

Приспів.

Сама, сама,     |
Сама не своя!.. | (4)');
INSERT OR REPLACE INTO song_links (id,song_id,title,url,kind,version_id,sort_order) VALUES ('pisniua_3557525_l1','pisniua_3557525','YouTube','https://www.youtube.com/watch?v=fpfAtGRLt2s','video',NULL,1);
INSERT OR REPLACE INTO song_links (id,song_id,title,url,kind,version_id,sort_order) VALUES ('pisniua_3557525_l2','pisniua_3557525','YouTube','https://www.youtube.com/watch?v=GbvoYvAwMA8','video',NULL,2);
INSERT OR REPLACE INTO songs (id,title,subtitle,lang,country,period,year,source,notes,lyrics,tags_json,lang_locked,status,created_at,updated_at) VALUES ('pisniua_3570727','Над мирним краєм зірка зійшла','Музика: ШІ Слова: Ivanna Tarantiuk','uk','ukraine_1991',NULL,NULL,'аудіозапис',NULL,'Над мирним краєм зірка зійшла
Вістку й святу долю та й принесла!
Тихо над світом свято добра
Бог народився! - Славімо Христа!

Коляд-колядниця з неба летить,
Зіркою ясною путь освітить!
В тиші наж світом дзвенить висота,
Бог народився! - Славімо Христа!

Снігом сріблястим засіяло все,
Свято Різдва в нашім серці живе!
Колядка велично над світом луна!
Бог народився! - Славімо Христа!

Хай у оселі панує добро!
Щоб не торкався ні смуток, ні зло!
Всім коляда вість принесла!
Бог народився! - Славімо Христа!

Ой, радуйся, земле, клич: Хвала!
Божая правда на крилах зійшла!
Світлом небесним сповняється дім!
Слава Христові на віки віків!','["pisni.org.ua", "cat:suchasni-pisni-rizdvo", "Сучасні пісні про Різдвяні свята"]',1,'published',COALESCE((SELECT created_at FROM songs WHERE id='pisniua_3570727'), datetime('now')),datetime('now'));
INSERT OR REPLACE INTO songs_fts(song_id,title,lyrics) VALUES ('pisniua_3570727','Над мирним краєм зірка зійшла','Над мирним краєм зірка зійшла
Вістку й святу долю та й принесла!
Тихо над світом свято добра
Бог народився! - Славімо Христа!

Коляд-колядниця з неба летить,
Зіркою ясною путь освітить!
В тиші наж світом дзвенить висота,
Бог народився! - Славімо Христа!

Снігом сріблястим засіяло все,
Свято Різдва в нашім серці живе!
Колядка велично над світом луна!
Бог народився! - Славімо Христа!

Хай у оселі панує добро!
Щоб не торкався ні смуток, ні зло!
Всім коляда вість принесла!
Бог народився! - Славімо Христа!

Ой, радуйся, земле, клич: Хвала!
Божая правда на крилах зійшла!
Світлом небесним сповняється дім!
Слава Христові на віки віків!');
INSERT OR REPLACE INTO song_links (id,song_id,title,url,kind,version_id,sort_order) VALUES ('pisniua_3570727_l1','pisniua_3570727','YouTube','https://www.youtube.com/watch?v=03ZBY6vmZ60','video',NULL,1);
INSERT OR REPLACE INTO songs (id,title,subtitle,lang,country,period,year,source,notes,lyrics,tags_json,lang_locked,status,created_at,updated_at) VALUES ('pisniua_3544168','Подруги','Музика: Анна Волошина Слова: Квітка Гаєвська','uk','ukraine_1991',NULL,NULL,'аудіозапис',NULL,'Речитатив:
Я так давно з тобою не розмовляла,
Я часто пишу тобі листи, але стираю їх,
Не знаю, як краще пояснити свої почуття,
Тому просто заспіваю:

Зізнаюсь чесно, у нас було все:
Пісні до ранку, кілометри розмов,
Ти добре знаєш серце моє,
Мої секрети всі, як ніхто.
Тримались разом ми на плаву,
Пройшли крізь сльози і радість, і біль
І я себе на думці ловлю,
Що довіряю тільки тобі!

Приспів:
Найкраща подруга моя,   |
Ти не сумуй, коли сама! |
Як на душі буде зима,   |
Дзвони мені, з тобою я! | (2)

Невпинний час, дні і ночі летять,
Змінилось русло невгамовних думок,
Та спогади незмінно тремтять,
Болить відхилений твій дзвінок.
Я хочу знову той щирий сміх
Простих, сміливих і світлих дівчат,
Ти пам''ятаєш, якими були?..
Скажу, як є, я скучила так!

Приспів. (2)

Найкраща подруга моя!..','["pisni.org.ua", "cat:druzhba", "Пісні про дружбу"]',1,'published',COALESCE((SELECT created_at FROM songs WHERE id='pisniua_3544168'), datetime('now')),datetime('now'));
INSERT OR REPLACE INTO songs_fts(song_id,title,lyrics) VALUES ('pisniua_3544168','Подруги','Речитатив:
Я так давно з тобою не розмовляла,
Я часто пишу тобі листи, але стираю їх,
Не знаю, як краще пояснити свої почуття,
Тому просто заспіваю:

Зізнаюсь чесно, у нас було все:
Пісні до ранку, кілометри розмов,
Ти добре знаєш серце моє,
Мої секрети всі, як ніхто.
Тримались разом ми на плаву,
Пройшли крізь сльози і радість, і біль
І я себе на думці ловлю,
Що довіряю тільки тобі!

Приспів:
Найкраща подруга моя,   |
Ти не сумуй, коли сама! |
Як на душі буде зима,   |
Дзвони мені, з тобою я! | (2)

Невпинний час, дні і ночі летять,
Змінилось русло невгамовних думок,
Та спогади незмінно тремтять,
Болить відхилений твій дзвінок.
Я хочу знову той щирий сміх
Простих, сміливих і світлих дівчат,
Ти пам''ятаєш, якими були?..
Скажу, як є, я скучила так!

Приспів. (2)

Найкраща подруга моя!..');
INSERT OR REPLACE INTO song_links (id,song_id,title,url,kind,version_id,sort_order) VALUES ('pisniua_3544168_l1','pisniua_3544168','YouTube','https://www.youtube.com/watch?v=U0-QKzXkGZ8','video',NULL,1);
INSERT OR REPLACE INTO songs (id,title,subtitle,lang,country,period,year,source,notes,lyrics,tags_json,lang_locked,status,created_at,updated_at) VALUES ('pisniua_3560525','Бобровая струя','Музика: Орест Лютий Слова: Орест Лютий','uk','ukr_ssr_1919_1991',NULL,NULL,'аудіозапис',NULL,'Я народився у союзі,
Країні красних прапорів,
Мєчтав у космос полетіти
І мати ключ від Жигулів!
Але союз накрився тазом,
Болить промежина моя,
Знахарка каже, допоможе
Мені бобровая струя!

Приспів:
Не помагає ні*уя        |
Мені бобровая струя!    |
Хвилюваться нєт прічін, |
Совкодроч нєізлєчім!    | (2)

Мєчтав я стать міліонєром
І записався в МММ,
Але мій план накрився хєром
І цілим ворохом проблем!
Утратив дім, утратив гроші,
Болить очко і голова.
Гадалка каже, допоможе
Мені бобровая струя!

Приспів.

Хотів життя зробити кращим
І веселішим за квартал,
Голосував за прєза Вову,
Як поц топив за той кагал.
Але ракета прилетіла,
Мєчтав у рай потрапить я.
А Бозя каже, допоможе
Мені бобровая струя!

Приспів.','["pisni.org.ua", "cat:ussr", "Радянська ідеологія"]',1,'published',COALESCE((SELECT created_at FROM songs WHERE id='pisniua_3560525'), datetime('now')),datetime('now'));
INSERT OR REPLACE INTO songs_fts(song_id,title,lyrics) VALUES ('pisniua_3560525','Бобровая струя','Я народився у союзі,
Країні красних прапорів,
Мєчтав у космос полетіти
І мати ключ від Жигулів!
Але союз накрився тазом,
Болить промежина моя,
Знахарка каже, допоможе
Мені бобровая струя!

Приспів:
Не помагає ні*уя        |
Мені бобровая струя!    |
Хвилюваться нєт прічін, |
Совкодроч нєізлєчім!    | (2)

Мєчтав я стать міліонєром
І записався в МММ,
Але мій план накрився хєром
І цілим ворохом проблем!
Утратив дім, утратив гроші,
Болить очко і голова.
Гадалка каже, допоможе
Мені бобровая струя!

Приспів.

Хотів життя зробити кращим
І веселішим за квартал,
Голосував за прєза Вову,
Як поц топив за той кагал.
Але ракета прилетіла,
Мєчтав у рай потрапить я.
А Бозя каже, допоможе
Мені бобровая струя!

Приспів.');
INSERT OR REPLACE INTO song_links (id,song_id,title,url,kind,version_id,sort_order) VALUES ('pisniua_3560525_l1','pisniua_3560525','YouTube','https://www.youtube.com/watch?v=qU5kxpkBQh8','video',NULL,1);
INSERT OR REPLACE INTO songs (id,title,subtitle,lang,country,period,year,source,notes,lyrics,tags_json,lang_locked,status,created_at,updated_at) VALUES ('pisniua_3571467','Почаївській іконі Божої Матері',NULL,'uk','ukraine_1991',NULL,NULL,'аудіозапис',NULL,'Коли в святім храмі іде служба Божа,
Щоб Господу славу віддати,
Вся світлом палає, вся сонечком сяє    |
Ікона Почаївська Божая Мати!           | (2)

Ти - храму украса і серцю украса,
Хто хоче Тебе в серці мати,
Всім Ти помагаєш, в біді всіх спасаєш, |
Ікона Почаївська Божая Мати!           | (2)

До Тебе приходять у радості й скорбі,
Щоб радість і скорб розділити!
Ти радість приймаєш і скорб розділяєш, |
Ікона Почаївська Божая Мати!           | (2)

До Тебе приходять і хворі в недугах,
Від Тебе щоб зцілення мати.
Ти всіх ізціляєш, і всіх утішаєш,      |
Ікона Почаївська Божая Мати!           | (2)

І ми припадаєм до Образу Твого,
Пречиста Ісусова Мати,
В біді укріпляй нас, благословляй нас, |
Ікона Почаївська Божая Мати!           | (2)

Твій Образ Пречистий, Царице Небесна,
Щоб міг всіх людей зігрівати
Палай невгасимо, світи в кожне серце,  |
Ікона Почаївська Божая Мати!           | (2)','["pisni.org.ua", "cat:do-bohorodyci", "Пісні до Богородиці"]',1,'published',COALESCE((SELECT created_at FROM songs WHERE id='pisniua_3571467'), datetime('now')),datetime('now'));
INSERT OR REPLACE INTO songs_fts(song_id,title,lyrics) VALUES ('pisniua_3571467','Почаївській іконі Божої Матері','Коли в святім храмі іде служба Божа,
Щоб Господу славу віддати,
Вся світлом палає, вся сонечком сяє    |
Ікона Почаївська Божая Мати!           | (2)

Ти - храму украса і серцю украса,
Хто хоче Тебе в серці мати,
Всім Ти помагаєш, в біді всіх спасаєш, |
Ікона Почаївська Божая Мати!           | (2)

До Тебе приходять у радості й скорбі,
Щоб радість і скорб розділити!
Ти радість приймаєш і скорб розділяєш, |
Ікона Почаївська Божая Мати!           | (2)

До Тебе приходять і хворі в недугах,
Від Тебе щоб зцілення мати.
Ти всіх ізціляєш, і всіх утішаєш,      |
Ікона Почаївська Божая Мати!           | (2)

І ми припадаєм до Образу Твого,
Пречиста Ісусова Мати,
В біді укріпляй нас, благословляй нас, |
Ікона Почаївська Божая Мати!           | (2)

Твій Образ Пречистий, Царице Небесна,
Щоб міг всіх людей зігрівати
Палай невгасимо, світи в кожне серце,  |
Ікона Почаївська Божая Мати!           | (2)');
INSERT OR REPLACE INTO song_links (id,song_id,title,url,kind,version_id,sort_order) VALUES ('pisniua_3571467_l1','pisniua_3571467','YouTube','https://www.youtube.com/watch?v=EZrdbOgVWAc','video',NULL,1);
INSERT OR REPLACE INTO songs (id,title,subtitle,lang,country,period,year,source,notes,lyrics,tags_json,lang_locked,status,created_at,updated_at) VALUES ('pisniua_360869','Скрипнули ворітечка – свати йдуть','Українська народна пісня. Виконує: Раїса Цапун','uk','ukraine_before_1917',NULL,NULL,'Надала Раїса Цапун','Записано Раїсою Цапун в селі Сварицевичі Дубровицького району Рівненської області','Скрипнули ворітечка - свати йдуть,
Вийди, вийди, мамонько, попитай.
Вийди, вийди, мамонько, попитай,
Якщо люди добрії - запрошай','["pisni.org.ua", "cat:poliski", "cat:rayisa-capun", "cat:socialno-pobutovi", "cat:vesilni", "Пісні з Полісся", "Цапун Раїса: матеріали", "Соціально-побутові пісні", "Весільні пісні"]',1,'published',COALESCE((SELECT created_at FROM songs WHERE id='pisniua_360869'), datetime('now')),datetime('now'));
INSERT OR REPLACE INTO songs_fts(song_id,title,lyrics) VALUES ('pisniua_360869','Скрипнули ворітечка – свати йдуть','Скрипнули ворітечка - свати йдуть,
Вийди, вийди, мамонько, попитай.
Вийди, вийди, мамонько, попитай,
Якщо люди добрії - запрошай');
INSERT OR REPLACE INTO songs (id,title,subtitle,lang,country,period,year,source,notes,lyrics,tags_json,lang_locked,status,created_at,updated_at) VALUES ('pisniua_3543869','Я - егоїстка?','Музика: ШІ Слова: Ліна Костенко','uk','ukraine_1991',NULL,NULL,'аудіозапис',NULL,'Я - егоїстка? Мабуть, ви праві.
І я, бувало, думала про себе.
Тримає час гріхи мої нові,
Коли старі ще відмолити треба.

Я - лицемірка? Що ж, можливо, й так.
Життя навчило маски одягати.
Щоб викупити спокій на п''ятак
Доводилося інколи брехати.

Я надто горда? Вперта, як віслюк?
Якщо і, так, не вам мене судити.
Я від повчань втомилась і наук,
А ідеально не навчилась жити.

Бездушна я? Жорстока і черства?
Ну що іще там? Це усі провини?
Я визнаю, були й мої слова
Бездушними, жорстокими, черствими.

Були й дороги інколи криві.
Бувало, й зло лишалося за мною.
Я - егоїстка? Мабуть, ви праві...
Та я й не прикидалася святою.

Як бачиш, я — не подарунок долі.
Терпи таку, або втікай щодуху,
Поки ще ми не з''їли пуда солі
І світ не встиг замкнутися наглухо.

Свавільна, гостра, не терплю розлуки.
Я, мабуть, від природи трохи з перцем.
Дивися сам, до кого тягнеш руки,
Щоб потім не хапатися за серце.

У нас з тобою дуже різні мови.
Чи можна їх в єдину об''єднати?
Повір мені, повір мені на слово:
Тобі не вдасться бурю покохати!','["pisni.org.ua", "cat:zahalni-cinnosti", "Пісні про загальнолюдські цінності"]',1,'published',COALESCE((SELECT created_at FROM songs WHERE id='pisniua_3543869'), datetime('now')),datetime('now'));
INSERT OR REPLACE INTO songs_fts(song_id,title,lyrics) VALUES ('pisniua_3543869','Я - егоїстка?','Я - егоїстка? Мабуть, ви праві.
І я, бувало, думала про себе.
Тримає час гріхи мої нові,
Коли старі ще відмолити треба.

Я - лицемірка? Що ж, можливо, й так.
Життя навчило маски одягати.
Щоб викупити спокій на п''ятак
Доводилося інколи брехати.

Я надто горда? Вперта, як віслюк?
Якщо і, так, не вам мене судити.
Я від повчань втомилась і наук,
А ідеально не навчилась жити.

Бездушна я? Жорстока і черства?
Ну що іще там? Це усі провини?
Я визнаю, були й мої слова
Бездушними, жорстокими, черствими.

Були й дороги інколи криві.
Бувало, й зло лишалося за мною.
Я - егоїстка? Мабуть, ви праві...
Та я й не прикидалася святою.

Як бачиш, я — не подарунок долі.
Терпи таку, або втікай щодуху,
Поки ще ми не з''їли пуда солі
І світ не встиг замкнутися наглухо.

Свавільна, гостра, не терплю розлуки.
Я, мабуть, від природи трохи з перцем.
Дивися сам, до кого тягнеш руки,
Щоб потім не хапатися за серце.

У нас з тобою дуже різні мови.
Чи можна їх в єдину об''єднати?
Повір мені, повір мені на слово:
Тобі не вдасться бурю покохати!');
INSERT OR REPLACE INTO song_links (id,song_id,title,url,kind,version_id,sort_order) VALUES ('pisniua_3543869_l1','pisniua_3543869','YouTube','https://www.youtube.com/watch?v=WGKTs_-2WU4','video',NULL,1);
INSERT OR REPLACE INTO songs (id,title,subtitle,lang,country,period,year,source,notes,lyrics,tags_json,lang_locked,status,created_at,updated_at) VALUES ('pisniua_36121','Смерічки','Музика: Василь Михайлюк Слова: Микола Юрійчук. Виконує: Андрій Князь','uk','ukr_ssr_1919_1991',NULL,'1967','1. Заспіваймо собі. Пісенник. - Ужгород: Закарпаття, 2001. 2. Пісні про кохання. Випуск 1. - К.: Музична Україна, 1972. 3. Струни серця. Українські народні пісні. Збірник. - Київ, "Дніпро", 1985, с. 235.','Композитор Василь Михайлюк у співавторстві з поетом Миколою Юрійчуком написав пісню "Смерічки" у 1967 році.','У вербах плакучих
Краса незрівнянна,
Та сохне на кручах
Їх врода весняна.
Приспів:
Гей, гей, коло річки,
Що вдаль десь струмоче,
Є в наших смерічках
Щось ніжне й дівоче.
Гей-я, гой-я, гой-я, гей-я, гой-я.
Є в наших смерічках
Щось ніжне й дівоче.
Краса смерекова
Не сохне, не в''яне,
Як осінь в діброви
Карпатські нагляне.
Приспів.
Полощуть їх грози
Із бурями злими,
Ще й люті морози
Цілуються з ними.
Приспів.
Їм юність дарують
Літа не з журбою,
Смерічки хвилюють...
І пахнуть смолою.
Приспів.
Акорди:
У вербах плакучих
Краса незрівнянна,
Та сохне на кручах
Їх врода весняна.
Приспів:
Гей, гей, коло річки,
Що вдаль десь струмоче,
Є в на__ших смерічках
Щось ніж__не й дівоче.
Гей-я, гой-я, гой-я, гей-я, гой-я.
Є в на__ших смерічках
Щось ніж__не й дівоче.','["pisni.org.ua", "cat:krasa-pryrody", "Пісні про красу природи"]',1,'published',COALESCE((SELECT created_at FROM songs WHERE id='pisniua_36121'), datetime('now')),datetime('now'));
INSERT OR REPLACE INTO songs_fts(song_id,title,lyrics) VALUES ('pisniua_36121','Смерічки','У вербах плакучих
Краса незрівнянна,
Та сохне на кручах
Їх врода весняна.
Приспів:
Гей, гей, коло річки,
Що вдаль десь струмоче,
Є в наших смерічках
Щось ніжне й дівоче.
Гей-я, гой-я, гой-я, гей-я, гой-я.
Є в наших смерічках
Щось ніжне й дівоче.
Краса смерекова
Не сохне, не в''яне,
Як осінь в діброви
Карпатські нагляне.
Приспів.
Полощуть їх грози
Із бурями злими,
Ще й люті морози
Цілуються з ними.
Приспів.
Їм юність дарують
Літа не з журбою,
Смерічки хвилюють...
І пахнуть смолою.
Приспів.
Акорди:
У вербах плакучих
Краса незрівнянна,
Та сохне на кручах
Їх врода весняна.
Приспів:
Гей, гей, коло річки,
Що вдаль десь струмоче,
Є в на__ших смерічках
Щось ніж__не й дівоче.
Гей-я, гой-я, гой-я, гей-я, гой-я.
Є в на__ших смерічках
Щось ніж__не й дівоче.');
INSERT OR REPLACE INTO song_links (id,song_id,title,url,kind,version_id,sort_order) VALUES ('pisniua_36121_l1','pisniua_36121','YouTube','https://www.youtube.com/watch?v=HQ91pehPESw','video',NULL,1);
INSERT OR REPLACE INTO song_links (id,song_id,title,url,kind,version_id,sort_order) VALUES ('pisniua_36121_l2','pisniua_36121','YouTube','https://www.youtube.com/watch?v=GSxGoKevp10','video',NULL,2);
INSERT OR REPLACE INTO song_links (id,song_id,title,url,kind,version_id,sort_order) VALUES ('pisniua_36121_l3','pisniua_36121','YouTube','https://www.youtube.com/watch?v=FxE6F53Q3po','video',NULL,3);
INSERT OR REPLACE INTO songs (id,title,subtitle,lang,country,period,year,source,notes,lyrics,tags_json,lang_locked,status,created_at,updated_at) VALUES ('pisniua_3573560','У твоє серце стукає Різдво','Музика: Наталка Карпа Слова: Софія Міджак, Наталка Карпа','uk','ukraine_1991',NULL,NULL,'аудіозапис',NULL,'Приспів:
У твоє серце стукає Різдво!
У ніч магічну все стихає зло!
І світло завжди пітьму перемагає!
Славімо Його! Христос ся Рождає!

Відлунюються мольби в небеса,
Зорить у небі зіронька ясна,
В повітрі вже панує дух Різдва,
І в кожний дім так хочеться тепла!

Приспів.

Нехай любов огорне увесь біль,
По серці затихає заметіль,
І звістка про народження Христа
Запалить в людях віру у дива!

Приспів.','["pisni.org.ua", "cat:suchasni-pisni-rizdvo", "Сучасні пісні про Різдвяні свята"]',1,'published',COALESCE((SELECT created_at FROM songs WHERE id='pisniua_3573560'), datetime('now')),datetime('now'));
INSERT OR REPLACE INTO songs_fts(song_id,title,lyrics) VALUES ('pisniua_3573560','У твоє серце стукає Різдво','Приспів:
У твоє серце стукає Різдво!
У ніч магічну все стихає зло!
І світло завжди пітьму перемагає!
Славімо Його! Христос ся Рождає!

Відлунюються мольби в небеса,
Зорить у небі зіронька ясна,
В повітрі вже панує дух Різдва,
І в кожний дім так хочеться тепла!

Приспів.

Нехай любов огорне увесь біль,
По серці затихає заметіль,
І звістка про народження Христа
Запалить в людях віру у дива!

Приспів.');
INSERT OR REPLACE INTO song_links (id,song_id,title,url,kind,version_id,sort_order) VALUES ('pisniua_3573560_l1','pisniua_3573560','YouTube','https://www.youtube.com/watch?v=sb38_9clk1A','video',NULL,1);
INSERT OR REPLACE INTO songs (id,title,subtitle,lang,country,period,year,source,notes,lyrics,tags_json,lang_locked,status,created_at,updated_at) VALUES ('pisniua_3570424','Миколай завітав','Музика: Ігор Танчак Слова: Ігор Танчак','uk','ukraine_1991',NULL,NULL,'аудіозапис',NULL,'Вже зима, вже зима
Стежки замела,
Тихо спить, тихо спить
Віхола-хуга.

Приспів:
В мирні сни,       |
В мирні сни        |
В наш чудовий край |
Завітав, завітав   |
Святий Миколай!    | (2)

У торбинці своїй
Він приніс дари,
І гостинці смачні -
Все для дітвори!

Приспів.

Миколаю святий,
Просимо тебе,
Нехай мир, нехай мир
На землі буде!

Приспів.','["pisni.org.ua", "cat:svyatyy-mykolay", "Пісні про Святого Миколая"]',1,'published',COALESCE((SELECT created_at FROM songs WHERE id='pisniua_3570424'), datetime('now')),datetime('now'));
INSERT OR REPLACE INTO songs_fts(song_id,title,lyrics) VALUES ('pisniua_3570424','Миколай завітав','Вже зима, вже зима
Стежки замела,
Тихо спить, тихо спить
Віхола-хуга.

Приспів:
В мирні сни,       |
В мирні сни        |
В наш чудовий край |
Завітав, завітав   |
Святий Миколай!    | (2)

У торбинці своїй
Він приніс дари,
І гостинці смачні -
Все для дітвори!

Приспів.

Миколаю святий,
Просимо тебе,
Нехай мир, нехай мир
На землі буде!

Приспів.');
INSERT OR REPLACE INTO song_links (id,song_id,title,url,kind,version_id,sort_order) VALUES ('pisniua_3570424_l1','pisniua_3570424','YouTube','https://www.youtube.com/watch?v=HLVrQe-iZoo','video',NULL,1);
INSERT OR REPLACE INTO song_links (id,song_id,title,url,kind,version_id,sort_order) VALUES ('pisniua_3570424_l2','pisniua_3570424','YouTube','https://www.youtube.com/watch?v=sxQ_fiKpVe0','video',NULL,2);
INSERT OR REPLACE INTO songs (id,title,subtitle,lang,country,period,year,source,notes,lyrics,tags_json,lang_locked,status,created_at,updated_at) VALUES ('pisniua_3581663','Молитва','Музика: Олександр Гончар Слова: Аліна Галіцька','uk','ukraine_1991',NULL,NULL,'авторське подання',NULL,'О, Господи, ти можеш все на світі,
Ти - наймудріший, твориш чудеса!
Чом від земних гріхів щомиті
Так тяжко стогнуть небеса?..

За що нас, грішних-нерозумних, любиш?
Даєш всім кволим сили для життя,
Сліпим - прозріння, незпомічних - голубиш,
Квітучий шлях готуєш в небуття?..

О, Господи, молю пошли прощення,
Я - грішниця велика, я люблю.
Страждання, муками для мене є щодення...
О, Боже, розуму пошли, молю!..','["pisni.org.ua", "cat:romansy", "Романси"]',1,'published',COALESCE((SELECT created_at FROM songs WHERE id='pisniua_3581663'), datetime('now')),datetime('now'));
INSERT OR REPLACE INTO songs_fts(song_id,title,lyrics) VALUES ('pisniua_3581663','Молитва','О, Господи, ти можеш все на світі,
Ти - наймудріший, твориш чудеса!
Чом від земних гріхів щомиті
Так тяжко стогнуть небеса?..

За що нас, грішних-нерозумних, любиш?
Даєш всім кволим сили для життя,
Сліпим - прозріння, незпомічних - голубиш,
Квітучий шлях готуєш в небуття?..

О, Господи, молю пошли прощення,
Я - грішниця велика, я люблю.
Страждання, муками для мене є щодення...
О, Боже, розуму пошли, молю!..');
INSERT OR REPLACE INTO songs (id,title,subtitle,lang,country,period,year,source,notes,lyrics,tags_json,lang_locked,status,created_at,updated_at) VALUES ('pisniua_3572828','А тебе чекає Новий Рік','Музика: Світлана Кравчук, Валерія Кудрявець, Богдан Травінський Слова: А. Безкровний, В. Кудрявець, Р. Катрук, С. Кравчук','uk','ukraine_1991',NULL,NULL,'аудіозапис','Lyrics: Андрій Безкровний, Валерія Кудрявець, Роман Катрук, Світлана Кравчук, Богдан Травінський. Music: Світлана Кравчук, Валерія Кудрявець, Богдан Травінський.','Свято вже поруч,
Рік промайнув так швидко,
Наче ще вчора було надворі літо,
А вже сьогодні
Оговтатись не встигли,
Вся Україна в очікуванні дива!
Радісно малеча скаче,
Кульки в руках, новорічна казка,
Наче іскри в очах!
Всі старі проблеми швидше ти забувай!
Може щось не встиг здійснити —
Ну і нехай!

Приспів:
А тебе чекає Новий рік!
Друзів зустрічає на поріг!
І сьогодні хай ллється через край.
Щастя загадай, не зволікай!
А тебе чекає Новий рік,
І без снігу навіть зносить з ніг!
Крелики вгорі, зночі до зорі!
Ми йдемо в Новий,
В Новий, Новий, Новий, Новий рік!

Давай сьогодні подякуємо року!
В ці дні холодні зігріємося трохи!
Теплі обійми і найрідніші люди,
Бо всі разом ми!
Хай в нас все добре буде!
Відкоркуємо шампанське, все на столі,
Президенти, майже вже чотири нулі.
Вже лунає дзвін і сьогодні він
Нагадає всім: За кілька хвилин

Приспів.','["pisni.org.ua", "cat:new-year", "Пісні про Новий Рік"]',1,'published',COALESCE((SELECT created_at FROM songs WHERE id='pisniua_3572828'), datetime('now')),datetime('now'));
INSERT OR REPLACE INTO songs_fts(song_id,title,lyrics) VALUES ('pisniua_3572828','А тебе чекає Новий Рік','Свято вже поруч,
Рік промайнув так швидко,
Наче ще вчора було надворі літо,
А вже сьогодні
Оговтатись не встигли,
Вся Україна в очікуванні дива!
Радісно малеча скаче,
Кульки в руках, новорічна казка,
Наче іскри в очах!
Всі старі проблеми швидше ти забувай!
Може щось не встиг здійснити —
Ну і нехай!

Приспів:
А тебе чекає Новий рік!
Друзів зустрічає на поріг!
І сьогодні хай ллється через край.
Щастя загадай, не зволікай!
А тебе чекає Новий рік,
І без снігу навіть зносить з ніг!
Крелики вгорі, зночі до зорі!
Ми йдемо в Новий,
В Новий, Новий, Новий, Новий рік!

Давай сьогодні подякуємо року!
В ці дні холодні зігріємося трохи!
Теплі обійми і найрідніші люди,
Бо всі разом ми!
Хай в нас все добре буде!
Відкоркуємо шампанське, все на столі,
Президенти, майже вже чотири нулі.
Вже лунає дзвін і сьогодні він
Нагадає всім: За кілька хвилин

Приспів.');
INSERT OR REPLACE INTO song_links (id,song_id,title,url,kind,version_id,sort_order) VALUES ('pisniua_3572828_l1','pisniua_3572828','YouTube','https://www.youtube.com/watch?v=JRFbrHzhBWg','video',NULL,1);
INSERT OR REPLACE INTO songs (id,title,subtitle,lang,country,period,year,source,notes,lyrics,tags_json,lang_locked,status,created_at,updated_at) VALUES ('pisniua_36261','Сніг на зеленому листі','Музика: Олександр Білаш Слова: Михайло Ткач. Виконує: Дмитро Гнатюк, Віктор Женченко, Микола Кондратюк, Анатолій Мокренко, Гурт Барви','uk','ukraine_1991',NULL,NULL,'1. О.Білаш. Любисток. - Київ: Музична Україна, 1970 2. Пісні про кохання. Випуск 1. - К.: Музична Україна, 1972',NULL,'Вигладаю тебе ще з весняних доріг,
Обминаю у мріях стежини тернисті.
Замість тебе в саду раптом сніг, раптом сніг,     |
Ранній сніг на зеленому листі.                    | (2)

Чи дорогу тобі може хтось перебіг,
Чи тебе забарили вітри норовисті,
Що так рано в саду раптом сніг, раптом сніг,      |
Сніг, як сміх, на зеленому листі.                 | (2)

Коли десь, моє щастя, ти збилося з ніг,
То поклич - і до серця мого нахилися, -
І розтане той сніг - ранній сніг, ранній сніг,    |
Сніг, як сум, на зеленому листі.                  | (2)

Я виходити буду щодня на поріг,
Сподіватися буду, що прийдеш колись ти,
Бо для мене той сніг - ранній сніг, ранній сніг,- |
Пізній цвіт на зеленому листі.                    | (2)','["pisni.org.ua", "cat:krasa-pryrody", "Пісні про красу природи"]',1,'published',COALESCE((SELECT created_at FROM songs WHERE id='pisniua_36261'), datetime('now')),datetime('now'));
INSERT OR REPLACE INTO songs_fts(song_id,title,lyrics) VALUES ('pisniua_36261','Сніг на зеленому листі','Вигладаю тебе ще з весняних доріг,
Обминаю у мріях стежини тернисті.
Замість тебе в саду раптом сніг, раптом сніг,     |
Ранній сніг на зеленому листі.                    | (2)

Чи дорогу тобі може хтось перебіг,
Чи тебе забарили вітри норовисті,
Що так рано в саду раптом сніг, раптом сніг,      |
Сніг, як сміх, на зеленому листі.                 | (2)

Коли десь, моє щастя, ти збилося з ніг,
То поклич - і до серця мого нахилися, -
І розтане той сніг - ранній сніг, ранній сніг,    |
Сніг, як сум, на зеленому листі.                  | (2)

Я виходити буду щодня на поріг,
Сподіватися буду, що прийдеш колись ти,
Бо для мене той сніг - ранній сніг, ранній сніг,- |
Пізній цвіт на зеленому листі.                    | (2)');
INSERT OR REPLACE INTO song_links (id,song_id,title,url,kind,version_id,sort_order) VALUES ('pisniua_36261_l1','pisniua_36261','YouTube','https://www.youtube.com/watch?v=WnRKAuuuZlU','video',NULL,1);
INSERT OR REPLACE INTO song_links (id,song_id,title,url,kind,version_id,sort_order) VALUES ('pisniua_36261_l2','pisniua_36261','YouTube','https://www.youtube.com/watch?v=_L4Wzr6AjGs','video',NULL,2);
INSERT OR REPLACE INTO song_links (id,song_id,title,url,kind,version_id,sort_order) VALUES ('pisniua_36261_l3','pisniua_36261','YouTube','https://www.youtube.com/watch?v=AI8jx2gejA4','video',NULL,3);
INSERT OR REPLACE INTO song_links (id,song_id,title,url,kind,version_id,sort_order) VALUES ('pisniua_36261_l4','pisniua_36261','YouTube','https://www.youtube.com/watch?v=Wug1RBfBHQw','video',NULL,4);
INSERT OR REPLACE INTO songs (id,title,subtitle,lang,country,period,year,source,notes,lyrics,tags_json,lang_locked,status,created_at,updated_at) VALUES ('pisniua_3565467','Частівки','Музика: народна Слова: Сергій Воскрекасенко, Валентин Лагода','uk','ukraine_before_1917',NULL,NULL,'аудіозапис',NULL,'Слава котиться землею,
Україна золота,
Під яскравою зорею
Буйним цвітом розцвіта!

Приспів:
Грай, любий баяністе,
Грай, друже, вигравай
Грай, любий баяністе,
Життя наше прославляй!

Хай я зовсім молода
Та вже знаменита,
Люблять мене усі хлопці,
Бо я працьовита!

Приспів.

Руки вправні золоті
Мають наші люди,
Як сказали - так в житті
Неодмінно буде!

Приспів.

Хай же наша пісня лине
Поза лісом, гаєм,
Щастя, сили й перемоги
Ми усім бажаєм!

Приспів.','["pisni.org.ua", "cat:kolomyyky", "Коломийки"]',1,'published',COALESCE((SELECT created_at FROM songs WHERE id='pisniua_3565467'), datetime('now')),datetime('now'));
INSERT OR REPLACE INTO songs_fts(song_id,title,lyrics) VALUES ('pisniua_3565467','Частівки','Слава котиться землею,
Україна золота,
Під яскравою зорею
Буйним цвітом розцвіта!

Приспів:
Грай, любий баяністе,
Грай, друже, вигравай
Грай, любий баяністе,
Життя наше прославляй!

Хай я зовсім молода
Та вже знаменита,
Люблять мене усі хлопці,
Бо я працьовита!

Приспів.

Руки вправні золоті
Мають наші люди,
Як сказали - так в житті
Неодмінно буде!

Приспів.

Хай же наша пісня лине
Поза лісом, гаєм,
Щастя, сили й перемоги
Ми усім бажаєм!

Приспів.');
INSERT OR REPLACE INTO songs (id,title,subtitle,lang,country,period,year,source,notes,lyrics,tags_json,lang_locked,status,created_at,updated_at) VALUES ('pisniua_364168','Вишневий садок','Музика: Сергій Василюк Слова: Сергій Василюк','uk','ukraine_1991',NULL,NULL,'Запис концерту 12 квітня 2008 р. в Вінниці',NULL,'Вишневий садок поріс бур''яном,
Як серце козацьке в степу полином,
Розбиті дороги пробите село,
Ще й нас запрягають в чергове ярмо.

Чорт забирай, чорт забирай!
E7
Чорт забирай, бережи нас Боже!

Ганебная правда - як гори сміття,
Від Сяну до Дону - красиве життя.
Мій Київ втрачає шляхетність віків!
Що далі - Одеса? На черзі є Львів...

Чорт забирай, чорт забирай!
Чорт забирай, бережи нас Боже!

Приспів:
Рушник вишиваний, на покутті ікона.
Я в бабиній хаті, я знову вдома.
І байдуже те, що тобі скажуть чужі,
Бо є найважливішим те, що скажеш ти.
Рушник вишиваний, теплий хліб на столі.
Немає в світі рідніше землі.
Поки мої сади не стомились цвісти -
Мені є що сказать, є що відповісти.

А чорнії діри нас ваблять і ждуть.
Проллють нашу кров, потім нам продадуть.
Годують примарами тисячі літ,
Стравили зсередини славний мій рід!

Ми голі і босі, тому недарма
Відкритеє небо є наша душа.
Та душу роздерли на Захід, на Схід,
Чужинці вже пишуть за нас "Заповіт".

Чорт забирай, чорт забирай!
Чорт забирай, бережи нас Боже!

Приспів.

І поки у друга ще спалах в очах,
Відчуй його руку, і хай згине страх!
На прю чи на кіл - вибирати тобі,
Загинути в бою чи гнити в тюрмі.

А хто ж ти - кріпак чи козак?
Хто ж ти - кріпак чи козак?
Хто ж ти - кріпак чи козак?
Наволоч чи герой?

Приспів.','["pisni.org.ua", "cat:suspilno-politychni", "Суспільно-політичні пісні"]',1,'published',COALESCE((SELECT created_at FROM songs WHERE id='pisniua_364168'), datetime('now')),datetime('now'));
INSERT OR REPLACE INTO songs_fts(song_id,title,lyrics) VALUES ('pisniua_364168','Вишневий садок','Вишневий садок поріс бур''яном,
Як серце козацьке в степу полином,
Розбиті дороги пробите село,
Ще й нас запрягають в чергове ярмо.

Чорт забирай, чорт забирай!
E7
Чорт забирай, бережи нас Боже!

Ганебная правда - як гори сміття,
Від Сяну до Дону - красиве життя.
Мій Київ втрачає шляхетність віків!
Що далі - Одеса? На черзі є Львів...

Чорт забирай, чорт забирай!
Чорт забирай, бережи нас Боже!

Приспів:
Рушник вишиваний, на покутті ікона.
Я в бабиній хаті, я знову вдома.
І байдуже те, що тобі скажуть чужі,
Бо є найважливішим те, що скажеш ти.
Рушник вишиваний, теплий хліб на столі.
Немає в світі рідніше землі.
Поки мої сади не стомились цвісти -
Мені є що сказать, є що відповісти.

А чорнії діри нас ваблять і ждуть.
Проллють нашу кров, потім нам продадуть.
Годують примарами тисячі літ,
Стравили зсередини славний мій рід!

Ми голі і босі, тому недарма
Відкритеє небо є наша душа.
Та душу роздерли на Захід, на Схід,
Чужинці вже пишуть за нас "Заповіт".

Чорт забирай, чорт забирай!
Чорт забирай, бережи нас Боже!

Приспів.

І поки у друга ще спалах в очах,
Відчуй його руку, і хай згине страх!
На прю чи на кіл - вибирати тобі,
Загинути в бою чи гнити в тюрмі.

А хто ж ти - кріпак чи козак?
Хто ж ти - кріпак чи козак?
Хто ж ти - кріпак чи козак?
Наволоч чи герой?

Приспів.');
INSERT OR REPLACE INTO song_links (id,song_id,title,url,kind,version_id,sort_order) VALUES ('pisniua_364168_l1','pisniua_364168','YouTube','https://www.youtube.com/watch?v=Ary5NCQHqHA','video',NULL,1);
INSERT OR REPLACE INTO songs (id,title,subtitle,lang,country,period,year,source,notes,lyrics,tags_json,lang_locked,status,created_at,updated_at) VALUES ('pisniua_364626','Ой, Андрійку','Музика: Ольга Богомолець Слова: Ольга Богомолець. Виконує: Ольга Богомолець','uk','ukraine_1991',NULL,NULL,'аудіозапис',NULL,'Ми з тобов стояли тай на полонині,
Де тепер мандруєш, що сама я нині?
З ким рахуєш зорі з вечора до ранку?
Лиш твої мя очі сняться до світанку.

Ой, Андрійку, куди ж то я дивилась,
Що твоє кохання до мене забарилось?

Квіти я збирала та й плела віночок,
Скільки не гукала, не прийшов в садочок,
Тоді свій віночок в річці окропила,
На стрункій березі я його почепила.

Ой, Андрійку, де ж були мої очі,
Що твоє серденько не чекає ночі?

Як ти будеш їхать конем по дорозі,
Серденько, побачиш ти мене у тривозі.
Повертай ти коня, коня вороного,
Бо на всьому світі люблю тя одного.

Ой, Андрійку, де ж були мої очі,
Що твоє серденько до другої хоче?
Ой, Андрійку, куди ж то я дивилась,
Що твоє кохання до мене забарилось?
Ой, Андрійку, ой...','["pisni.org.ua", "cat:romansy", "Романси"]',1,'published',COALESCE((SELECT created_at FROM songs WHERE id='pisniua_364626'), datetime('now')),datetime('now'));
INSERT OR REPLACE INTO songs_fts(song_id,title,lyrics) VALUES ('pisniua_364626','Ой, Андрійку','Ми з тобов стояли тай на полонині,
Де тепер мандруєш, що сама я нині?
З ким рахуєш зорі з вечора до ранку?
Лиш твої мя очі сняться до світанку.

Ой, Андрійку, куди ж то я дивилась,
Що твоє кохання до мене забарилось?

Квіти я збирала та й плела віночок,
Скільки не гукала, не прийшов в садочок,
Тоді свій віночок в річці окропила,
На стрункій березі я його почепила.

Ой, Андрійку, де ж були мої очі,
Що твоє серденько не чекає ночі?

Як ти будеш їхать конем по дорозі,
Серденько, побачиш ти мене у тривозі.
Повертай ти коня, коня вороного,
Бо на всьому світі люблю тя одного.

Ой, Андрійку, де ж були мої очі,
Що твоє серденько до другої хоче?
Ой, Андрійку, куди ж то я дивилась,
Що твоє кохання до мене забарилось?
Ой, Андрійку, ой...');
INSERT OR REPLACE INTO songs (id,title,subtitle,lang,country,period,year,source,notes,lyrics,tags_json,lang_locked,status,created_at,updated_at) VALUES ('pisniua_367766','А в Сїночку на Ґаночку','Українська народна пісня','uk','ukraine_before_1917',NULL,NULL,'Староукраїнські релігійні роздуми про Бога © Видавництво "Павутинонька", Нью Йорк – Львів – Київ – Харків – Москва, 2004','Щедрівка. Староукраїнські Колядки і Щедрівки: Святе Різдво (Свято Різдва Світа: Свят-Вечір – Коляда) і Щедрий Вечір (Свято Місяця й Прадіда: Новий Рік ― Святі Водорщі) Листойко пише Гадки гадає. Пише Листи до Дївчини. Стежки до листків про Українські традиції.','А в Сїночку на Ґаночку
Там стоїть Кінь бай Вороний
На Тїм Конї Сїдло Ясне
На Тїм Сідлї Панич Красний
Пише Листи до Дївчини
Вона йому одписує

Через Море Рибонькою
Через Лїсок Пташинькою
Я до Тебе не бий Коня
Не бий Коня не трать Гроший
Я до Тебе сама буду
Добри Вечір','["pisni.org.ua", "cat:shchedrivky", "cat:vesilni", "Щедрівки", "Весільні пісні"]',1,'published',COALESCE((SELECT created_at FROM songs WHERE id='pisniua_367766'), datetime('now')),datetime('now'));
INSERT OR REPLACE INTO songs_fts(song_id,title,lyrics) VALUES ('pisniua_367766','А в Сїночку на Ґаночку','А в Сїночку на Ґаночку
Там стоїть Кінь бай Вороний
На Тїм Конї Сїдло Ясне
На Тїм Сідлї Панич Красний
Пише Листи до Дївчини
Вона йому одписує

Через Море Рибонькою
Через Лїсок Пташинькою
Я до Тебе не бий Коня
Не бий Коня не трать Гроший
Я до Тебе сама буду
Добри Вечір');
INSERT OR REPLACE INTO songs (id,title,subtitle,lang,country,period,year,source,notes,lyrics,tags_json,lang_locked,status,created_at,updated_at) VALUES ('pisniua_365525','Йшли ми до бою','Українська народна пісня. Виконує: Журборіз','uk','ukr_ssr_1919_1991',NULL,NULL,'аудіозапис',NULL,'Йшли ми до бою темними лісами,
Ішли визволяти рідний край.
Вкраїнське військо Степана Бандери
За наш український звичай. Гей, гей.
Вкраїнське військо Степана Бандери
За наш український звичай.

Нас різали, стріляли, били, катували
Чeрвоні кати, мoскалі.
Ми стерегли державу від клятої навали,
І гнали з української землі. Гей, гей.
Ми стерегли державу від клятої навали,
І гнали з української землі.

Була Україна в сльозах і руїнах,
Тужила за синами вона.
Але ще не вмерла, не впала на коліна,
Прекрасна наша рідна сторона.  Гей, гей.
Але ще не вмерла, не впала на коліна,
Прекрасна наша рідна сторона.

В далекім Сибіру вмирали герої,
Віддати життя їм довелось.
На нашому стязі священні два кольори,
То колір неба й золото колоссь. Гей, гей.
На нашому стязі священні два кольори,
То колір неба й золото колось.
То колір неба й золото колось','["pisni.org.ua", "cat:povstanski", "Повстанські пісні"]',1,'published',COALESCE((SELECT created_at FROM songs WHERE id='pisniua_365525'), datetime('now')),datetime('now'));
INSERT OR REPLACE INTO songs_fts(song_id,title,lyrics) VALUES ('pisniua_365525','Йшли ми до бою','Йшли ми до бою темними лісами,
Ішли визволяти рідний край.
Вкраїнське військо Степана Бандери
За наш український звичай. Гей, гей.
Вкраїнське військо Степана Бандери
За наш український звичай.

Нас різали, стріляли, били, катували
Чeрвоні кати, мoскалі.
Ми стерегли державу від клятої навали,
І гнали з української землі. Гей, гей.
Ми стерегли державу від клятої навали,
І гнали з української землі.

Була Україна в сльозах і руїнах,
Тужила за синами вона.
Але ще не вмерла, не впала на коліна,
Прекрасна наша рідна сторона.  Гей, гей.
Але ще не вмерла, не впала на коліна,
Прекрасна наша рідна сторона.

В далекім Сибіру вмирали герої,
Віддати життя їм довелось.
На нашому стязі священні два кольори,
То колір неба й золото колоссь. Гей, гей.
На нашому стязі священні два кольори,
То колір неба й золото колось.
То колір неба й золото колось');
INSERT OR REPLACE INTO song_links (id,song_id,title,url,kind,version_id,sort_order) VALUES ('pisniua_365525_l1','pisniua_365525','YouTube','https://www.youtube.com/watch?v=iuNVo9kugLc','video',NULL,1);
INSERT OR REPLACE INTO song_links (id,song_id,title,url,kind,version_id,sort_order) VALUES ('pisniua_365525_l2','pisniua_365525','YouTube','https://www.youtube.com/watch?v=acVYF38wCGo','video',NULL,2);
INSERT OR REPLACE INTO song_links (id,song_id,title,url,kind,version_id,sort_order) VALUES ('pisniua_365525_l3','pisniua_365525','YouTube','https://www.youtube.com/watch?v=yACjumk7vFs','video',NULL,3);
INSERT OR REPLACE INTO songs (id,title,subtitle,lang,country,period,year,source,notes,lyrics,tags_json,lang_locked,status,created_at,updated_at) VALUES ('pisniua_370929','Ну і що ж, що прийдеться нам вмерти','Українська народна пісня. Виконує: Рутенія','uk','ukr_ssr_1919_1991',NULL,NULL,'аудіозапис',NULL,'Ну і що ж, що прийдеться нам вмерти?
З автоматом в руках у житах
Ми у вічі сміємося смерті,
А вмирати прийдеться лиш раз...
А вмирати прийдеться лиш раз...

Така вже доля в нас:                 |
Серед громів війни                   |
Зродила нас УПА                      |
І ми - її сини.                      | (2)

Будуть нас на воротах прощати,
Недаремно дівчата, ждучи,
Будуть нам маршової співати,
До атаки гранати рвучись...
До атаки гранати рвучись...

І наша воля в нас -                 |
Серед громів війни                   |
Зродила нас Вкраїна                  |
І ми - її сини.                      | (2)

Наша сотня - залізна, ударна,
Наша сотня в бою - богатир.
Нас тризуба веде знам''я грізне
І завзятий наш друг командир...
І завзятий наш друг командир...

Така вже доля в нас
І наша воля в нас -
Серед громів війни
Зродила нас Вкраїна
І ми - її сини.
Така вже воля в нас -
Серед громів війни
Зродила нас Вкраїна
І ми - її сини.

За потоптану честь України,
За поранену землю святу
Ми йдемо, щоб підняти з руїни
Українську державу нову...
Українську державу нову...

І наша воля в нас -             |
Серед громів війни              |
Зродила нас Вкраїна             |
І ми - її сини.                 | (2)','["pisni.org.ua", "cat:povstanski", "Повстанські пісні"]',1,'published',COALESCE((SELECT created_at FROM songs WHERE id='pisniua_370929'), datetime('now')),datetime('now'));
INSERT OR REPLACE INTO songs_fts(song_id,title,lyrics) VALUES ('pisniua_370929','Ну і що ж, що прийдеться нам вмерти','Ну і що ж, що прийдеться нам вмерти?
З автоматом в руках у житах
Ми у вічі сміємося смерті,
А вмирати прийдеться лиш раз...
А вмирати прийдеться лиш раз...

Така вже доля в нас:                 |
Серед громів війни                   |
Зродила нас УПА                      |
І ми - її сини.                      | (2)

Будуть нас на воротах прощати,
Недаремно дівчата, ждучи,
Будуть нам маршової співати,
До атаки гранати рвучись...
До атаки гранати рвучись...

І наша воля в нас -                 |
Серед громів війни                   |
Зродила нас Вкраїна                  |
І ми - її сини.                      | (2)

Наша сотня - залізна, ударна,
Наша сотня в бою - богатир.
Нас тризуба веде знам''я грізне
І завзятий наш друг командир...
І завзятий наш друг командир...

Така вже доля в нас
І наша воля в нас -
Серед громів війни
Зродила нас Вкраїна
І ми - її сини.
Така вже воля в нас -
Серед громів війни
Зродила нас Вкраїна
І ми - її сини.

За потоптану честь України,
За поранену землю святу
Ми йдемо, щоб підняти з руїни
Українську державу нову...
Українську державу нову...

І наша воля в нас -             |
Серед громів війни              |
Зродила нас Вкраїна             |
І ми - її сини.                 | (2)');
INSERT OR REPLACE INTO song_links (id,song_id,title,url,kind,version_id,sort_order) VALUES ('pisniua_370929_l1','pisniua_370929','YouTube','https://www.youtube.com/watch?v=DV0kCiMQNoc','video',NULL,1);
INSERT OR REPLACE INTO songs (id,title,subtitle,lang,country,period,year,source,notes,lyrics,tags_json,lang_locked,status,created_at,updated_at) VALUES ('pisniua_372121','Із-за гаю сонце сходить','Українська народна пісня','uk','ukraine_before_1917',NULL,NULL,'аудіозапис',NULL,'Із-за гаю сонце сходить,
За гай і заходить.

По долині увечері       |
Козак смутний ходить.   | (2)

Ходить він годину,
Ходить він і другу.

Не виходить чорнобрива  |
Із темного лугу,        | (2)

Не виходить зрадливая...
А з яру та з лісу

З собаками та псарями   |
Їде пан гульвіса.       | (2)

Цькують його собаками,
Крутять назад руки

І завдають козакові     |
Смертельної муки;       | (2)

У льох його, молодого,
Той пан замикає...

А дівчину покриткою     |
По світу пускає.        | (2)','["pisni.org.ua", "cat:socialno-pobutovi", "Соціально-побутові пісні"]',1,'published',COALESCE((SELECT created_at FROM songs WHERE id='pisniua_372121'), datetime('now')),datetime('now'));
INSERT OR REPLACE INTO songs_fts(song_id,title,lyrics) VALUES ('pisniua_372121','Із-за гаю сонце сходить','Із-за гаю сонце сходить,
За гай і заходить.

По долині увечері       |
Козак смутний ходить.   | (2)

Ходить він годину,
Ходить він і другу.

Не виходить чорнобрива  |
Із темного лугу,        | (2)

Не виходить зрадливая...
А з яру та з лісу

З собаками та псарями   |
Їде пан гульвіса.       | (2)

Цькують його собаками,
Крутять назад руки

І завдають козакові     |
Смертельної муки;       | (2)

У льох його, молодого,
Той пан замикає...

А дівчину покриткою     |
По світу пускає.        | (2)');
INSERT OR REPLACE INTO songs (id,title,subtitle,lang,country,period,year,source,notes,lyrics,tags_json,lang_locked,status,created_at,updated_at) VALUES ('pisniua_36869','Як заграли мені цимбали...','Слова: Марія Влад','uk','ukraine_before_1917',NULL,NULL,NULL,NULL,'Як заграли мені цимбали
перший раз

На першій забаві,
На першім танці у неділю,-
Очі легінів
Засиніли росою
На білих
Леліях.

Я ж на тій забавоньці
Довго не забавилась,
Перші черевики — в руки -
Скоком через луки.
Ненька не веліла.

А цимбали — вслід,
А цимбали
Вслід-бо
В ноги зіллям,
В серце сріблом
Понадзвонювали.

Як заграли мені цимбали
другий раз

На весіллі —
Гадки-думи обсіли.
Дитинство забрали
Цимбали
Тонкострунаві.

Заграйте мені, цимбали,
на цей раз:

Я заглянути мушу
Моєму народові в душу,

Заграйте мені, цимбали,
ще раз!','["pisni.org.ua", "cat:huculski", "cat:vesilni", "Гуцульські пісні", "Весільні пісні"]',1,'published',COALESCE((SELECT created_at FROM songs WHERE id='pisniua_36869'), datetime('now')),datetime('now'));
INSERT OR REPLACE INTO songs_fts(song_id,title,lyrics) VALUES ('pisniua_36869','Як заграли мені цимбали...','Як заграли мені цимбали
перший раз

На першій забаві,
На першім танці у неділю,-
Очі легінів
Засиніли росою
На білих
Леліях.

Я ж на тій забавоньці
Довго не забавилась,
Перші черевики — в руки -
Скоком через луки.
Ненька не веліла.

А цимбали — вслід,
А цимбали
Вслід-бо
В ноги зіллям,
В серце сріблом
Понадзвонювали.

Як заграли мені цимбали
другий раз

На весіллі —
Гадки-думи обсіли.
Дитинство забрали
Цимбали
Тонкострунаві.

Заграйте мені, цимбали,
на цей раз:

Я заглянути мушу
Моєму народові в душу,

Заграйте мені, цимбали,
ще раз!');
INSERT OR REPLACE INTO songs (id,title,subtitle,lang,country,period,year,source,notes,lyrics,tags_json,lang_locked,status,created_at,updated_at) VALUES ('pisniua_37020','Військо','(Звучить як міт). Музика: Едуард Драч Слова: Іван Малкович. Виконує: Едуард Драч, Журборіз','uk','ukraine_1991',NULL,NULL,'текст - http://poetry.uazone.net, Валерій Корнєєв',NULL,'Вступ:

Звучить як міт: відважне військо
жило в лісах цих під землею
і напувало з фляг австрійських  |
Dm             E      Am     |(x2)
дубів коріння — власну стелю.   |

Програш (на мелодію Вступу)  (x2)

Плекало волею ці звори,
а звіра — кров''ю — щоб напився,
щоб гордими лишались гори              |
й хоч хтось в цім світі не скорився... | (x2)

Звучить як міт: відважне військо
жило в лісах цих під землею
і напувало з фляг австрійських  |
дубів коріння — власну стелю.   | (x2)','["pisni.org.ua", "cat:bardivski", "Бардівські пісні"]',1,'published',COALESCE((SELECT created_at FROM songs WHERE id='pisniua_37020'), datetime('now')),datetime('now'));
INSERT OR REPLACE INTO songs_fts(song_id,title,lyrics) VALUES ('pisniua_37020','Військо','Вступ:

Звучить як міт: відважне військо
жило в лісах цих під землею
і напувало з фляг австрійських  |
Dm             E      Am     |(x2)
дубів коріння — власну стелю.   |

Програш (на мелодію Вступу)  (x2)

Плекало волею ці звори,
а звіра — кров''ю — щоб напився,
щоб гордими лишались гори              |
й хоч хтось в цім світі не скорився... | (x2)

Звучить як міт: відважне військо
жило в лісах цих під землею
і напувало з фляг австрійських  |
дубів коріння — власну стелю.   | (x2)');
INSERT OR REPLACE INTO song_links (id,song_id,title,url,kind,version_id,sort_order) VALUES ('pisniua_37020_l1','pisniua_37020','YouTube','https://www.youtube.com/watch?v=mM8NfAZ0Df0','video',NULL,1);
INSERT OR REPLACE INTO song_links (id,song_id,title,url,kind,version_id,sort_order) VALUES ('pisniua_37020_l2','pisniua_37020','YouTube','https://www.youtube.com/watch?v=clZiLytnSCY','video',NULL,2);
INSERT OR REPLACE INTO song_links (id,song_id,title,url,kind,version_id,sort_order) VALUES ('pisniua_37020_l3','pisniua_37020','YouTube','https://www.youtube.com/watch?v=zZck9f_0wBk','video',NULL,3);
INSERT OR REPLACE INTO songs (id,title,subtitle,lang,country,period,year,source,notes,lyrics,tags_json,lang_locked,status,created_at,updated_at) VALUES ('pisniua_369261','Роман','Музика: Лідія Королевич Слова: Лідія Королевич. Виконує: Лілія Коструба','uk','ukraine_1991',NULL,NULL,'Авторський рукопис',NULL,'1.Минулися ті дні любови.
Заникло щастя вже моє,
І не повернеться ніколи,
Хоч недалеко воно є.

Я щастя в славі не шукаю,
Ані в грошах, ані в майні,
Лишень одне собі бажаю,
Щоб зрозумів слова мої:

Роман, що ти зробив,
Роман, нащо мене покинув
Роман, ти ж мене любив,
Без тебе я загину

Хоча біля мене тепер ти не є,
Хоча не говориш, о ні!
Я бачу се чорне волосся твоє
І синії очі твої.
Я чую твій голос, солодкі слова:
"О, Лідусь, одна ти у мене"...
Втім, шепче хтось стиха: " це тільки мана...
Твій Роман ніколи не верне".

2.Йордан, це був той день розпуки.
Ох, не забуду я про це!
Я прочитала лист розлуки.
Між нами скінчене усе.
Ах, пощо Романа пізнала?
Пощо його кохала?
Щоб я тепер сама осталась.
І плакала й ридала.

Роман, що ти зробив,
Роман, нащо мене покинув
Роман, ти ж мене любив,
Без тебе я загину','["pisni.org.ua", "cat:dances", "cat:tango", "Пісні до танцю", "Танґо"]',1,'published',COALESCE((SELECT created_at FROM songs WHERE id='pisniua_369261'), datetime('now')),datetime('now'));
INSERT OR REPLACE INTO songs_fts(song_id,title,lyrics) VALUES ('pisniua_369261','Роман','1.Минулися ті дні любови.
Заникло щастя вже моє,
І не повернеться ніколи,
Хоч недалеко воно є.

Я щастя в славі не шукаю,
Ані в грошах, ані в майні,
Лишень одне собі бажаю,
Щоб зрозумів слова мої:

Роман, що ти зробив,
Роман, нащо мене покинув
Роман, ти ж мене любив,
Без тебе я загину

Хоча біля мене тепер ти не є,
Хоча не говориш, о ні!
Я бачу се чорне волосся твоє
І синії очі твої.
Я чую твій голос, солодкі слова:
"О, Лідусь, одна ти у мене"...
Втім, шепче хтось стиха: " це тільки мана...
Твій Роман ніколи не верне".

2.Йордан, це був той день розпуки.
Ох, не забуду я про це!
Я прочитала лист розлуки.
Між нами скінчене усе.
Ах, пощо Романа пізнала?
Пощо його кохала?
Щоб я тепер сама осталась.
І плакала й ридала.

Роман, що ти зробив,
Роман, нащо мене покинув
Роман, ти ж мене любив,
Без тебе я загину');
INSERT OR REPLACE INTO song_links (id,song_id,title,url,kind,version_id,sort_order) VALUES ('pisniua_369261_l1','pisniua_369261','YouTube','https://www.youtube.com/watch?v=PN3UtnBod3c','video',NULL,1);
INSERT OR REPLACE INTO songs (id,title,subtitle,lang,country,period,year,source,notes,lyrics,tags_json,lang_locked,status,created_at,updated_at) VALUES ('pisniua_372424','Про військо Червоне, про Леніна-батька і синів','Виконує: Павло Гащенко, Степан Пасюга, Г. Цибка, Петро Древченко (Древкін)','uk','ukr_ssr_1919_1991',NULL,'1982','"Думи. Історико-героїчний цикл". Київ, Дніпро, 1982.','Комуністичні конструкції історико-героїчного циклу українських народних дум. Конструкція М. Стельмаха, 1982: "Думи. Історико-героїчний цикл." Київ, Дніпро, 1982. ВСТУПНЕ СЛОВО. (МИХАЙЛО СТЕЛЬМАХ) Відомо, що в пісні вилилася вся минула доля, весь справжній характер України; пісня і дума становлять там народу святиню, краще добро українського життя, в них горить любов до батьківщини, виблискує слава минулих подвигів. М.О. Добролюбов. Терпкими соками суворої і величної історії, волелюбністю народного серця і незміренною любов''ю до рідної, навпіл засіяної зерном і кров''ю землі вирощена українська дума. Не в затишку біля домашнього вогнища, а на сплюндрованих вогнем і мечем поселеннях, не під дзвін золотої бджоли, а під гадючий посвист петлі татарського ординця і зловісний блиск турецького ятагана народжувався наш героїчний епос. Народжувався він там, де жив, страждав і боровся український народ: на велелюдних, розколиханих тяжкими звістками майданах і в орлиних гніздах Запорозької Січі, в турецькій неволі і в кривавих січах проти чужоземних людоловів і поневолювачів. Тому ми й крізь віки вчуваємо в українській думі кипучу пристрасть наших предків, разючий свист козацьких шабель, брязкіт невільницьких кайданів і ясу перемог. Історія нашого народу-трудівника склалася так, що він на протязі довгих століть мусив тримати в одній руці серпа, а в другій – зброю. Ніколи наш народ – народ великої душі і доброго серця – не косував і не зазіхав на чужі краї. А на його землю в гонитві за зиском і чорноземом сунули і татарські ординці, і турецькі яничари, і німецькі ландскнехти, і шведські владолюбці, і польські магнати. Тут, на обездолених займищах і кресах, вони шукали ситого життя і слави, тут вони мріяли навіки залишити своє коріння й насіння, а залишили свою зганьблену зброю і могили. Звитяжна боротьба українського народу проти чужоземних завойовників – це основа нашого героїчного епосу. Народившись ще в XV віці, він крізь буремні віки дожив до сьогоднішнього дня і житиме для нових поколінь, бо генієм народу йому дано те безсмертя, перед яким безсилі тумани хронології і перед яким віки стоять у почесній варті; більше того, завдяки своїй волелюбності, героїці, глибині почуттів, поетичній довершеності, наша дума перейшла географічні кордони і стала цінним культурним надбанням інших народів. Отже, життєвий шлях її з віками не обривається, а продовжує зеленіти в новому розвої. І ми можемо гордитися, що наш український епос по праву достойно входить у величну скарбницю світової культури. Історія життя українського народу – душа нашого епосу, а вікопомна поезія "Слова о полку Ігоревім" і поетика народної пісні – крила наших дум. Хто ж є їхнім героєм? Ой полем, полем Килиїмським, То шляхом битим гординським, Ой там гуляв козак Голота, Не боїться ні огня, ні меча, ні третього болота. Правда, на козакові шати дорогії – Три семирязі лихії: Одна недобра, друга негожа, А третя й на хлів незгожа. А ще, правда, на козакові постоли в''язові, А онучі китайчані – Щирі жіноцькі рядняні; Волоки шовкові – Удвоє жіноцькі щирі валові. Правда, на козакові шапка-бирка, Зверху дирка, Травою пошита, Вітром підбита, Куди віє, туди й провіває, Козака молодого прохолоджає. То гуляє козак Голота, погуляє, Ні города, ні села не займає... З блискучою художньою довершеністю розкривається тут образ захисника рідного краю, образ простого воїна, який "не боїться ні огня, ні меча, ні третього болота". З яким прекрасним доброзичливим гумором описано одяг бідного козака, представника народу. І дарма, що на козакові всі "три семирязі лихії", а шапка-бирка "зверху дирка, травою пошита, вітром підбита", він не зазіхає на чужі багатства, він ні города, ні села, ні людей не займає. Небагато рядків думи ми прочитали, а перед нами постав колоритний, по-людяному привабливий образ охоронця Київського поля ― оборонця рідної землі. І навіть його вбогі шати приваблюють нас більше, аніж пишне королівське вбрання. І зовсім інакше, з епічним спокоєм, за яким вчувається приховане презирство, вимальовується образ татарського людолова:... дороге плаття надіває, Чоботи обуває, Шлик бархатний на свою голову надіває, На коня сідає, Безпечно за козаком Голотою ганяє. То козак Голота добре козацький звичай знає, – Ой на татарина скрива, як вовк, поглядає. Каже: "Татарине, татарине! На віщо ж ти важиш: Чи на мою ясненькую зброю, Чи на мого коня вороного, Чи на мене, козака молодого?" "Я, – каже, – важу на твою ясненькую зброю, А ще лучче на твого коня вороного, А ще лучче на тебе, козака молодого. Я тебе хочу живцем у руки взяти, В город Килию запродати, Перед великими панами-башами вихваляти І много червоних не лічачи набрати, Дорогії сукна не мірячи пощитати". Неситому ворогові не судилося здійснити своє вихваляння: в герці козак перемагає нападника. Ці два образи думи є наче символом історичної боротьби українського народу із татарськими і турецькими загарбниками. Символічно звучить наприкінці думи і хвала Килиїмському полю ― рідній землі: Ой поле Килиїмське! Бодай же ти літо й зиму зеленіло, Як ти мене при нещасливій годині сподобило! Рідна земля! Нема в світі нічого дорожчого за неї для нашого серця. Вона ще над колискою немовляти погойдує сонячний промінь і лагідну колисанку матері, вона підводить своїм гірким і солодким хлібом дитину на ноги і входить в її очі та душу своєю безмірною красою, вона дарує своїм дітям велич людини і, скільки може, захищає тебе в лиху годину і сама потребує твого самовідданого захисту. Рідна земля! Вона уся оповита нашою любов''ю, звіку напоєна кров''ю своїх синів і возвеличена духом людини в найкращих її творах. Згадаймо, як бринить вона у безсмертному "Слові о полку Ігоревім", – і ми відчуємо, як вона озивається в думах. Нічого нема гіршого для людини, як неволя. А турецька неволя-каторга своєю сумною славою стала відома на весь світ. Досить заглянути в літописи і свідоцтва минулих віків, щоб збагнути увесь жах і муки невольників на турецьких галерах, щоб почути брязкіт скупаних в людській крові кайданів, щоб побачити, як горде людське чоло, на якому окреслюється мужність і розум, навік пропалює розпечене залізо. Але й на кривавих невольничих торговицях, на які з''їжджалися покупці рабів із трьох материків, і на турецькій каторзі невольники не забувають своєї рідної землі. І ця любов особливо зворушливо озивається в невольницьких плачах-думах, де майже кожен, характерний лише для думи, рядок підкреслює різницю між своїм добрим і чужим лихим краєм, що виплодив людоловів: До костей козацькеє тіло молодецькеє оббивали, Кров християнську неповинно проливали. То як стали бідні невольники на собі кров забачати, Стали турка клясти-проклинати: "Ой ти, турок проклятий, віро бусурмлянська, Розлуко християнська! Ти не одного сина із отцем й з матір''ю розлучила, І брата з сестрою, І мужа з жоною, Товариша із товаришем; Бідному невольнику ніколи й спокою немає. Визволь нас, господи, із тяжкої неволі Та на тихії води, І на яснії зорі, Та у край веселий, Между мир хрещений... Образ рідної землі, любовно виплеканий невольниками, яким залізо-кайдани постирали до кості тіло, хвилює нас і через сотні років. Ми можемо лише здогадуватися, як "тихі води і ясні зорі" рідного краю кликали до себе невольників з проклятого рабства, як у свій час, коли неволя чатувала на нашу землю, кобзарські думи зворушували серця матерів і батьків, братів і сестер. Поетичний образ рідного краю, вимріяний і вистражданий невольниками на чужій каторзі, ми вважаємо одним з найкращих образів у світовій духовній скарбниці. Думи про неволю та про боротьбу з турками і татарами займають чільне місце в українському епосі, до них належать, окрім згаданих, такі неперевершені твори, як "Самійло Кішка", "Івась Удовиченко, Коновченко", "Маруся Богуславка", "Втеча трьох братів із города Азова, з турецької неволі", "Отаман Матяш старий" та інші. Героями цих дум є, як правило, волелюбні сини народу, яких не згинає неволя, які мужньо борються з ворогом, перемагають його або достойно і чесно зустрічають смерть у нерівному бою. В них оспівується вірність товариству, підноситься ідея єдності з російськими братами по зброї. За своїм характером – це глибоко реалістичні твори, в яких не знайдемо слідів ні міфології, ні казковості, ні фантастики. В деяких із цих дум епос глибоко переплітається з лірикою, а в реалістичну основу іноді закономірно входять елементи перебільшення – гіперболізм – з метою різкіше підкреслити хоробрість народних героїв ("Отаман Матяш старий", "Івась Удовиченко, Коновченко"). Друге місце за кількістю у нашому героїчному епосі займають думи про боротьбу українського народу з польською шляхтою, яка, насаджуючи дике кріпосницьке свавілля, захопила більшу частину нашої землі. Ці думи є художнім свідченням самовідданої любові до дідизни і ненависті до її ворогів, зокрема свідченням великого патріотичного піднесення всього українського народу у визвольну війну 1648 – 1654 років. Основними героями цих творів є широкі маси повсталого селянства і козаків, а керівником їх яскраво показано Богдана Хмельницького, якого народ любовно величає "наш батю Зинов". Безсмертною славою увінчує народ в думах своїх вірних синів Богдана Хмельницького, Івана Богуна, Максима Кривоноса, Семена Палія, ― історичних діячів, які, правильно зрозумівши національні інтереси українського народу, в боротьбі проти іноземних загарбників шукали союзу і підтримки у великого народу російського, і, навпаки, довічною ганьбою таврує народ ренегатів і зрадників, таких, як Барабаш, Виговський, Мазепа. Історичних діячів, які боролися за соціальну справедливість, за незалежність своєї країни, народ наділяє найкращими людськими рисами. В народній уяві вони не вмирають після смерті, а живуть і житимуть у пам''яті нових поколінь. Цей мотив є основним мотивом в українському епосі: Полягла козацька молодецька голова, Як од вітру на степу трава: Слава не вмре, не поляже, Лицарство козацьке всякому розкаже!.. Окремо від дум, в яких оспівується козацька звитяга в боротьбі проти татаро-турецького і польсько-шляхетського поневолення, стоїть дорогоцінна перлина нашого епосу – дума "Козак нетяга Фесько Ганжа Андибер". Цей чудовий твір ніби продовжує думу про козака Голоту. Фесько Ганжа Андибер захищає козацьку сірому і бореться проти дуків-срібляників, що захопили у свої руки всю землю. Відомо, що українські думи створювалися десь від кінця XV століття. А через те, що записування їх почалося тільки в XIX віці, важко й уявити, скільки безслідно загинуло чудових творів нашого героїчного епосу. Ті ж думи, що відомі тепер, дійшли до нас з уст великих народних співців-кобзарів, таких, як Іван Стрічка, Остап Вересай, Андрій Шут, Іван Крюковський, Михайло Кравченко та ін. До речі, сліпий кобзар Михайло Кравченко є автором однієї з дум про відоме Сорочинське повстання. В дожовтневий період хронологічно найпізніше виникли дві думи про Сорочинське повстання 1905 року, вони історично правдиво відтворюють повстання селян у селі Великі Сорочинці. Автор думи "Про Сорочинські події 1905 року" Михайло Кравченко сам був учасником повстання і зазнав пересслідувань від царської влади. На його кобзарській судьбі відгомоном далеких віків обізвалася доля славетних кобзарів, які кликали народ до боротьби, ходили в походи і гинули в боях, востаннє тримаючи руку чи на зброї, чи на струнах кобзи. Вони кликали народ до боротьби, ходили в походи і гинули в боях, востаннє тримаючи руку чи на зброї, чи на струнах кобзи. Лише в одній страшній Кодні чорною волею головного реґіментаря королівського і Речі Посполитої війська Стемпковського було страчено разом з повстанцями Ґонти й Залізняка трьох кобзарів, учасників Коліївщини, – Варченка, Скрягу і Сокового. Після Великої Жовтневої революції в українській народній творчості народились думи про соціалістичну дійсність, широковідомими стали імена кобзарів ― авторів нових дум ― Федора Кушнерика, Єгора Мовчана, Володимира Перепелюка та інших. Багатою історією України, дійовою любов''ю до рідного краю ткалася безсмертна тканина нашого героїчного епосу, який увібрав у себе не тільк','А нумо, співці-кобзарі,
На голос давайте затягнем
Та вдаримо в кобзи журливі,
Хай струни орлами клекочуть,
Хай думи весною плюскочуть,
Як в небі пісні журавлині!

А нумо, співці-кобзарі,
Давайте свій строй перестроїм
З сумного на кличний
Та вдаримо в кобзи про волю прийдену
І люд наш відважний, величний!

Нехай ще лиш трохи спочинуть
Пісні старини України:
Неволя турецька,
Орди татарські,
Могили високі
І Січ низова молодецька;
Нехай старина почекає,
Бо час нас усіх обганяє
На крилах своїх переможних
І нас за собою гукає!

А нумо, співці-кобзарі,
Співаймо своїй Батьківщині,
Хто ж кращої пісні од нас заспіває,
У кого є кобза гучніша!
Кому ж, як не людям трудящим і нам,
Воля у світі миліша!
Хто ж перший з співців,
Як не ми, кобзарі,
Думи про волю складали,
Чи ж не ми про відвагу народу
В виру на майданах співали!                         ''\.

А нумо, співці-кобзарі,
Оспіваєм Червону заграву,
Про військо Червоне могутнє,
Про щастя народів майбутнє,
Про Леніна любого славу!

Ой надворі метелиця, грає хуртовина,
А на Київ з Скоропадським суне німців сила.
А за німцем пани й князі, ще й шляхетські графи
Сунуть хмарой в Україну, як та орда з Кафи.

Зажурилась Україна, села запалали,—
То так бідну Україну пани привітали.
Заплакали малі діти, жінки затужили,
Зачорніли по Вкраїні братськії могили.

Пішли сироти по світу з голоду вмирати —
Батька вбили, мати вмерла, ще й спалили хату...
Склали "спілку хліборобську" куркулі поганські,
Та й пішла на них робити голота бідняцька.

А в городі в Половенці, де заводи Брянські,
Б''ють та вішають робочих жандарі гетьманські.
Ще й не вспіли бідні люди покосити сіна,
Пани кажуть, що Вкраїна стала "самостійна".

Яка ж вона "самостійна", як кругом чужинці
І на пана одробляють бідняки вкраїнці?!
Бодай така "самостійна" повік не верталась,
Панам-дукам дала жнива — з бідних насміялась!

Напились пани пузаті з України крові,
Хазяюють, наче дома, у чужій коморі.
Забирають в селян бідних житечко, пшеницю
Та все даром відправляють панам за границю.

Не стерпіли бідні люди гетьманської "ласки"
Та й почали бить чужинців, ще й псів гайдамацьких.

Пани бачать: діло кепське,
Не виходить ладу —
Та й придумали, прокляті,
Якусь Центральну раду.

А в Києві лиха буря —
Появивсь якийсь Петлюра...
Та збирає все ту раду —
Куркульню й панву пузату —

Та все радиться з панвою:
"Як нам бути з голитьбою
Та ще з тими шахтарями,
Що ще здавна бунтарями,

Не вважають добре панство,
Поглядають на багатство,
Щоб у панів одібрати
Та голоті роздавати;

Нам, бач, треба таку владу,
Щоб остались бідні ззаду...
І маєтки, як були,
І пани щоб в них жили,

Бо й сам бог про це ж велів,
Що не можна без панів".

У неділю, в день покрови,
Попи дзвонять в усі дзвони:
"Поможи нам, святий Юрій,
Зібрать золота Петлюрі..."

Пожурились бідні люди:
"Що ж то дальше воно буде?"

А нумо, співці-кобзарі,
На голос давайте затягнем
Та вдаримо в кобзи журливі,
Хай струни орлами клекочуть,
Хай думи весною плюскочуть,
Як в небі пісні журавлині!

Зима хижим звіром виє,
Пургою заносить Вкраїну,
Пани криваві банкети справляють,
Нема людоїдам упину.

Та ось в хуртовині
Чийсь голос почувся:
"До зброї, голото! До зброї!
За мною, голото,
Я шлях покажу
До щастя-життя і до волі!"

Ой, хто ж той орел, що відваживсь літати
У хмарах і в бурі шаленій?
Та бідна голота по слову пізнала,
Що був то учитель наш — Ленін!

Вже буряне небо од хмар прояснилось,
А в ясній блакиті на крилах орлиних
Бунтарськеє серце носилось.
І з того великого серця бучного
Посипались іскри-стожари —
Кругом охопили Вкраїну повстання,
Криваві і гнівні пожари.

То не села тепер горять,
Не бідняцькі хати,
То горять кубла куркульські,
Ще й панські палати.

Наварив Петлюра каші
В автономнім казанку
Та й забув, що тая каша
Не до смаку бідняку...

Ой Петлюро-розбійнику,
Шельма превелика,
Подивися, чи не в тебе
Мазепина пика!..

Сидять пани в Німеччині
Та й чогось похмурились,
Їм досадно, що в Петлюри
Діла розпетлюрились...

В небі гайворони крячуть
На бурю велику —
Б''є Петлюру військо Красне
І в спину, і в пику!

А нумо, співці-кобзарі,
На голос давайте затягнем
Та вдаримо в кобзи журливі,
Хай струни орлами клекочуть,
Хай думи весною плюскочуть,
Як в небі пісні журавлині!

Не всі ще пропали пани генерали,
Купці і князі чужоземні...
Їм сниться Вкраїна, "сердешна небога",—
Не так Україна, як землі.

Пароходи ідуть морем,
Прорізають хвилі,
Їдуть пани лихо діять
Вільній Україні.

Наїхало чуже військо із країв далеких...
Англічани, італійці та іще і греки.

А з-за Дону пре Денюка,
Генерал, стара падлюка,
І кадети, і есери,
Ще й кубанські офіцери.

А з-під Польщі знову буря —
Появився пес Петлюра.
А за ним пани магнати
Йдуть йому допомагати;

Всі на Київ поспішають,
Та богунці не пускають...
Як узявсь Щорс за Петлюру —
Чуть не здер із нього шкуру!

А Боженко тих магнатів
Добре теж одколошматив!
Всилу встиг втекти Петлюра —
Аж облізла з його шкура!

А магнатам дід Боженко
Пом''яв ребра хорошенько!

Заграймо-но жалібно в кобзи,
Боженка і Щорса згадаєм,
Що вмерли за справжню Вкраїну,—
Цю пісню про них ми співаєм.

Ніч вороном чорним упала на землю,
Славута-Дніпро посинів...
Послухай, Вкраїно, про двох з багатьох
Твоїх найлюбимих синів.

Що перший — Боженко, старий твій заступник,—
Він бився за долю Вкраїни
І чесною смертю народного сина
За тебе, Вкраїно, загинув.

А другий — це Щорс, що під прапор покликав
Єднатись робочу голоту,
Бо Ленін йому наказав і навчив.
Як битись за діло народу!

Не вмре ваша слава, богунці відважні.
Бо слава од смерті не гине.
Вас слава сама між народом прославить
Синами справжньої Вкраїни!

Пруться греки, як лелеки,
З моря на Вкраїну,
Кричать: "Жар нам кури, яйця,
Ще й смачну свинину!"
А французи гладять пузо,
З Азовського лізуть.
"А нам,— кричать,— хліб, пшеницю,
Ще й руду залізну!"

А Денікін-товстопикін
Преться із-за Дону
Та на Москву поспішає,
Начебто додому.
Наступає чорна хмара,
Всю Росію криє...
Япон лізе з-за Уралу,
Страшним звіром виє.

Ой піднявся орел над Кремлем,
А за ним орлята —
Бистрі соколи крилаті, ленінці завзяті!
Полетіли ті соколи на чотири боки,
Наробили буржуякам крилами толоки.

Перший сокіл прилітає рятувать Вкраїну,
Кликнув хлопців-партизанів бить панів у спину,
Ще й повів Червоне військо лавами до бою:
"Бийтесь, діти пролетарські, за щасливу долю!"

А два соколи крилаті кликнули в Донбасі,
Загриміло слово "воля" на червонім стязі.
А товариш Фрунзе-сокіл за Урал-горами
Проріза червоним стягом чорні вражі хмари.

Одхлинають чорні сили, труп не підбирають,
А над полем, вкритим трупом, ворони літають...

А нумо, співці-кобзарі,
Затягнемо пісню кобзарську,
Як било панів наше військо Червоне,
Б''ючися за владу Радянську!

Послухайте, громадяни, як діло складалось:
Спершу кайзеру й гетьманцям
По ребрах дісталось!
Надавав їм Щорс з Боженком
І в пику, і в спину —
Кайзер ледь живий вернувся
До свого Берліну.

І Петлюри не минули —
Добре його стусонули,
За кордон, як пес, подався
Та вже більше й не вертався...

Узялись дубасить грека...
Чуть живий через Одесу
Утік в свою греконесу...

Італійцям і французам
Пронизав багнетом пузо
Ворошилов з шахтарями
Та з бідними злидарями.

А Денікін з козаками
Тіка з м''ятими боками...

Іде Клим з Семеном Доном,
Блискають шаблями,
Пада військо генеральське,
Як сміття до ями!

Військо наше йде Червоне,
На кашкетах зорі,
Потопили всіх кадетів
У Чорному морі!

З Прикарпаття на Вкраїну пани покотились,
А із Криму англічани з Врангелем явились...

Та вже більше не стерпіла Радянська Росія...
І хвилею лави,
Як море, заграли
І смерть на панів
Злидарі понесли!
І широкі поля —
Українська земля —
Окропились буржуйською кров''ю,
А з бою народи —
Заступники волі —
Вернулись до праці з любов''ю!

Ой ви ж, пани прудивуси,
Які ж бо ви боягузи,
Нахвалялись за годину
Всю загарбать Україну,
Будьоннівці появились —
Ви, як зайці, покотились
І лісами, й комишами
Аж до самої Варшави.

Згадаєте ще полізти —
Вам не буде більше місця
Ні в Варшаві, ні в Волині,
Ні в Карпатській Україні!

Не річки то бурхливі всієї Росії
До Чорного моря звернули,
То партія військо Червоне послала
Відстоювать діло Комуни.

Удовою затужила осінь над степами,
Дощі дрібні полилися на ковиль сльозами,
В морі Чорнім і Азовськім хвилі розходились,
Над Сивашем, над Чонгаром тумани спустились.
Не акули в синім морі пливуть-пропливають,—
То англійські бронеходи на хвилях гойдають.

Перекоп — ворожий табір — укрився туманом
І гармат велика сила за Турецьким валом.
То не грім ударив з моря в північну годину,—
То англійськії гармати б''ють на Україну.

То не вітер віє з Криму, не дощі то хлищуть —
Клекчуть люттю кулемети, кулі вихрем свищуть.
Вся Росія тут зібралась в цю тяжку годину,
Щоб вступитись за Комуну, за Радянську Україну!

Як гукнув до війська Фрунзе: "Уперед! За волю!
За життя майбутнє наше, за щасливу долю!"

Небо померкло, і зорі погасли,
І хмари спинились біжучі,
Як кинулось військо Червоне
На лави ворожі смердючі!

Багнетами військо відважне Червоне
Врангеля й англійців ударило в лоб,
Од моря до моря луна покотилась:
"Дайош Перекоп!"

І мозком не ввернеш,
І струни не зможуть
Цю ніч перемог оспівати,
Як поклик побідний
На крилах пронісся:
"Нікому вже нас у віках не здолати!"

Трупи ворожі заорють у ниву
Плугами нової Вкраїни,
А слава Червоного війська
Повіки не вмре, не загине!

Повернувся Фрунзе з Криму —
На Вкраїні нове диво:
Поки з паном в Криму бились,
Куркульські банди появились...

А попи до бога тоже:
"Поможи Махнові, боже..."

Трава в степу ляже, копитом зім''ята,
Співатимуть довго тавричанськії дівчата;
Заспівають пісню "Клима-земляка",                        *>
Чия була нещадная до Махна рука!

І вітер заспіває в степу з ковилями
Про те, як за землю билися селяни;
І в степу широкім могили високі
Заспівають думи про життя Комуни!..

Трупи ворожі заорють у ниву
Плугами нової Вкраїни,
А слава Червоного війська
Повіки не вмре,
Не загине!','["pisni.org.ua", "cat:dumy", "Думи"]',1,'published',COALESCE((SELECT created_at FROM songs WHERE id='pisniua_372424'), datetime('now')),datetime('now'));
INSERT OR REPLACE INTO songs_fts(song_id,title,lyrics) VALUES ('pisniua_372424','Про військо Червоне, про Леніна-батька і синів','А нумо, співці-кобзарі,
На голос давайте затягнем
Та вдаримо в кобзи журливі,
Хай струни орлами клекочуть,
Хай думи весною плюскочуть,
Як в небі пісні журавлині!

А нумо, співці-кобзарі,
Давайте свій строй перестроїм
З сумного на кличний
Та вдаримо в кобзи про волю прийдену
І люд наш відважний, величний!

Нехай ще лиш трохи спочинуть
Пісні старини України:
Неволя турецька,
Орди татарські,
Могили високі
І Січ низова молодецька;
Нехай старина почекає,
Бо час нас усіх обганяє
На крилах своїх переможних
І нас за собою гукає!

А нумо, співці-кобзарі,
Співаймо своїй Батьківщині,
Хто ж кращої пісні од нас заспіває,
У кого є кобза гучніша!
Кому ж, як не людям трудящим і нам,
Воля у світі миліша!
Хто ж перший з співців,
Як не ми, кобзарі,
Думи про волю складали,
Чи ж не ми про відвагу народу
В виру на майданах співали!                         ''\.

А нумо, співці-кобзарі,
Оспіваєм Червону заграву,
Про військо Червоне могутнє,
Про щастя народів майбутнє,
Про Леніна любого славу!

Ой надворі метелиця, грає хуртовина,
А на Київ з Скоропадським суне німців сила.
А за німцем пани й князі, ще й шляхетські графи
Сунуть хмарой в Україну, як та орда з Кафи.

Зажурилась Україна, села запалали,—
То так бідну Україну пани привітали.
Заплакали малі діти, жінки затужили,
Зачорніли по Вкраїні братськії могили.

Пішли сироти по світу з голоду вмирати —
Батька вбили, мати вмерла, ще й спалили хату...
Склали "спілку хліборобську" куркулі поганські,
Та й пішла на них робити голота бідняцька.

А в городі в Половенці, де заводи Брянські,
Б''ють та вішають робочих жандарі гетьманські.
Ще й не вспіли бідні люди покосити сіна,
Пани кажуть, що Вкраїна стала "самостійна".

Яка ж вона "самостійна", як кругом чужинці
І на пана одробляють бідняки вкраїнці?!
Бодай така "самостійна" повік не верталась,
Панам-дукам дала жнива — з бідних насміялась!

Напились пани пузаті з України крові,
Хазяюють, наче дома, у чужій коморі.
Забирають в селян бідних житечко, пшеницю
Та все даром відправляють панам за границю.

Не стерпіли бідні люди гетьманської "ласки"
Та й почали бить чужинців, ще й псів гайдамацьких.

Пани бачать: діло кепське,
Не виходить ладу —
Та й придумали, прокляті,
Якусь Центральну раду.

А в Києві лиха буря —
Появивсь якийсь Петлюра...
Та збирає все ту раду —
Куркульню й панву пузату —

Та все радиться з панвою:
"Як нам бути з голитьбою
Та ще з тими шахтарями,
Що ще здавна бунтарями,

Не вважають добре панство,
Поглядають на багатство,
Щоб у панів одібрати
Та голоті роздавати;

Нам, бач, треба таку владу,
Щоб остались бідні ззаду...
І маєтки, як були,
І пани щоб в них жили,

Бо й сам бог про це ж велів,
Що не можна без панів".

У неділю, в день покрови,
Попи дзвонять в усі дзвони:
"Поможи нам, святий Юрій,
Зібрать золота Петлюрі..."

Пожурились бідні люди:
"Що ж то дальше воно буде?"

А нумо, співці-кобзарі,
На голос давайте затягнем
Та вдаримо в кобзи журливі,
Хай струни орлами клекочуть,
Хай думи весною плюскочуть,
Як в небі пісні журавлині!

Зима хижим звіром виє,
Пургою заносить Вкраїну,
Пани криваві банкети справляють,
Нема людоїдам упину.

Та ось в хуртовині
Чийсь голос почувся:
"До зброї, голото! До зброї!
За мною, голото,
Я шлях покажу
До щастя-життя і до волі!"

Ой, хто ж той орел, що відваживсь літати
У хмарах і в бурі шаленій?
Та бідна голота по слову пізнала,
Що був то учитель наш — Ленін!

Вже буряне небо од хмар прояснилось,
А в ясній блакиті на крилах орлиних
Бунтарськеє серце носилось.
І з того великого серця бучного
Посипались іскри-стожари —
Кругом охопили Вкраїну повстання,
Криваві і гнівні пожари.

То не села тепер горять,
Не бідняцькі хати,
То горять кубла куркульські,
Ще й панські палати.

Наварив Петлюра каші
В автономнім казанку
Та й забув, що тая каша
Не до смаку бідняку...

Ой Петлюро-розбійнику,
Шельма превелика,
Подивися, чи не в тебе
Мазепина пика!..

Сидять пани в Німеччині
Та й чогось похмурились,
Їм досадно, що в Петлюри
Діла розпетлюрились...

В небі гайворони крячуть
На бурю велику —
Б''є Петлюру військо Красне
І в спину, і в пику!

А нумо, співці-кобзарі,
На голос давайте затягнем
Та вдаримо в кобзи журливі,
Хай струни орлами клекочуть,
Хай думи весною плюскочуть,
Як в небі пісні журавлині!

Не всі ще пропали пани генерали,
Купці і князі чужоземні...
Їм сниться Вкраїна, "сердешна небога",—
Не так Україна, як землі.

Пароходи ідуть морем,
Прорізають хвилі,
Їдуть пани лихо діять
Вільній Україні.

Наїхало чуже військо із країв далеких...
Англічани, італійці та іще і греки.

А з-за Дону пре Денюка,
Генерал, стара падлюка,
І кадети, і есери,
Ще й кубанські офіцери.

А з-під Польщі знову буря —
Появився пес Петлюра.
А за ним пани магнати
Йдуть йому допомагати;

Всі на Київ поспішають,
Та богунці не пускають...
Як узявсь Щорс за Петлюру —
Чуть не здер із нього шкуру!

А Боженко тих магнатів
Добре теж одколошматив!
Всилу встиг втекти Петлюра —
Аж облізла з його шкура!

А магнатам дід Боженко
Пом''яв ребра хорошенько!

Заграймо-но жалібно в кобзи,
Боженка і Щорса згадаєм,
Що вмерли за справжню Вкраїну,—
Цю пісню про них ми співаєм.

Ніч вороном чорним упала на землю,
Славута-Дніпро посинів...
Послухай, Вкраїно, про двох з багатьох
Твоїх найлюбимих синів.

Що перший — Боженко, старий твій заступник,—
Він бився за долю Вкраїни
І чесною смертю народного сина
За тебе, Вкраїно, загинув.

А другий — це Щорс, що під прапор покликав
Єднатись робочу голоту,
Бо Ленін йому наказав і навчив.
Як битись за діло народу!

Не вмре ваша слава, богунці відважні.
Бо слава од смерті не гине.
Вас слава сама між народом прославить
Синами справжньої Вкраїни!

Пруться греки, як лелеки,
З моря на Вкраїну,
Кричать: "Жар нам кури, яйця,
Ще й смачну свинину!"
А французи гладять пузо,
З Азовського лізуть.
"А нам,— кричать,— хліб, пшеницю,
Ще й руду залізну!"

А Денікін-товстопикін
Преться із-за Дону
Та на Москву поспішає,
Начебто додому.
Наступає чорна хмара,
Всю Росію криє...
Япон лізе з-за Уралу,
Страшним звіром виє.

Ой піднявся орел над Кремлем,
А за ним орлята —
Бистрі соколи крилаті, ленінці завзяті!
Полетіли ті соколи на чотири боки,
Наробили буржуякам крилами толоки.

Перший сокіл прилітає рятувать Вкраїну,
Кликнув хлопців-партизанів бить панів у спину,
Ще й повів Червоне військо лавами до бою:
"Бийтесь, діти пролетарські, за щасливу долю!"

А два соколи крилаті кликнули в Донбасі,
Загриміло слово "воля" на червонім стязі.
А товариш Фрунзе-сокіл за Урал-горами
Проріза червоним стягом чорні вражі хмари.

Одхлинають чорні сили, труп не підбирають,
А над полем, вкритим трупом, ворони літають...

А нумо, співці-кобзарі,
Затягнемо пісню кобзарську,
Як било панів наше військо Червоне,
Б''ючися за владу Радянську!

Послухайте, громадяни, як діло складалось:
Спершу кайзеру й гетьманцям
По ребрах дісталось!
Надавав їм Щорс з Боженком
І в пику, і в спину —
Кайзер ледь живий вернувся
До свого Берліну.

І Петлюри не минули —
Добре його стусонули,
За кордон, як пес, подався
Та вже більше й не вертався...

Узялись дубасить грека...
Чуть живий через Одесу
Утік в свою греконесу...

Італійцям і французам
Пронизав багнетом пузо
Ворошилов з шахтарями
Та з бідними злидарями.

А Денікін з козаками
Тіка з м''ятими боками...

Іде Клим з Семеном Доном,
Блискають шаблями,
Пада військо генеральське,
Як сміття до ями!

Військо наше йде Червоне,
На кашкетах зорі,
Потопили всіх кадетів
У Чорному морі!

З Прикарпаття на Вкраїну пани покотились,
А із Криму англічани з Врангелем явились...

Та вже більше не стерпіла Радянська Росія...
І хвилею лави,
Як море, заграли
І смерть на панів
Злидарі понесли!
І широкі поля —
Українська земля —
Окропились буржуйською кров''ю,
А з бою народи —
Заступники волі —
Вернулись до праці з любов''ю!

Ой ви ж, пани прудивуси,
Які ж бо ви боягузи,
Нахвалялись за годину
Всю загарбать Україну,
Будьоннівці появились —
Ви, як зайці, покотились
І лісами, й комишами
Аж до самої Варшави.

Згадаєте ще полізти —
Вам не буде більше місця
Ні в Варшаві, ні в Волині,
Ні в Карпатській Україні!

Не річки то бурхливі всієї Росії
До Чорного моря звернули,
То партія військо Червоне послала
Відстоювать діло Комуни.

Удовою затужила осінь над степами,
Дощі дрібні полилися на ковиль сльозами,
В морі Чорнім і Азовськім хвилі розходились,
Над Сивашем, над Чонгаром тумани спустились.
Не акули в синім морі пливуть-пропливають,—
То англійські бронеходи на хвилях гойдають.

Перекоп — ворожий табір — укрився туманом
І гармат велика сила за Турецьким валом.
То не грім ударив з моря в північну годину,—
То англійськії гармати б''ють на Україну.

То не вітер віє з Криму, не дощі то хлищуть —
Клекчуть люттю кулемети, кулі вихрем свищуть.
Вся Росія тут зібралась в цю тяжку годину,
Щоб вступитись за Комуну, за Радянську Україну!

Як гукнув до війська Фрунзе: "Уперед! За волю!
За життя майбутнє наше, за щасливу долю!"

Небо померкло, і зорі погасли,
І хмари спинились біжучі,
Як кинулось військо Червоне
На лави ворожі смердючі!

Багнетами військо відважне Червоне
Врангеля й англійців ударило в лоб,
Од моря до моря луна покотилась:
"Дайош Перекоп!"

І мозком не ввернеш,
І струни не зможуть
Цю ніч перемог оспівати,
Як поклик побідний
На крилах пронісся:
"Нікому вже нас у віках не здолати!"

Трупи ворожі заорють у ниву
Плугами нової Вкраїни,
А слава Червоного війська
Повіки не вмре, не загине!

Повернувся Фрунзе з Криму —
На Вкраїні нове диво:
Поки з паном в Криму бились,
Куркульські банди появились...

А попи до бога тоже:
"Поможи Махнові, боже..."

Трава в степу ляже, копитом зім''ята,
Співатимуть довго тавричанськії дівчата;
Заспівають пісню "Клима-земляка",                        *>
Чия була нещадная до Махна рука!

І вітер заспіває в степу з ковилями
Про те, як за землю билися селяни;
І в степу широкім могили високі
Заспівають думи про життя Комуни!..

Трупи ворожі заорють у ниву
Плугами нової Вкраїни,
А слава Червоного війська
Повіки не вмре,
Не загине!');
INSERT OR REPLACE INTO songs (id,title,subtitle,lang,country,period,year,source,notes,lyrics,tags_json,lang_locked,status,created_at,updated_at) VALUES ('pisniua_372560','Перемога Корсунська',NULL,'uk','ukraine_before_1917',NULL,NULL,'"Думи. Історико-героїчний цикл". Київ, Дніпро, 1982.',NULL,'Ой обозветься пан Хмельницький,
Отаман-батько чигиринський:
" Гей, друзі-молодці,
Браття, козаки-запорожці!
Добре дбайте, барзо гадайте,
Із ляхами пиво варити зачинайте:
Лядський солод - козацька вода,
Лядські дрова - козацькі труда".
Ой з того пива
Зробили козаки з ляхами превеликеє диво.
Під городом Корсунем вони станом стали,
Під Стеблевом вони солод замочили,
Ще й пива не зварили,
А вже козаки Хмельницького з ляхами барзо посварили.
За ту бражку
Зчинили козаки з ляхами велику драчку;
За той молот
Зробили ляхи з козаками превеликий колот;
А за той не знать-який квас
Не одного ляха козак, як би скурвого сипа, за чуба стряс.
Ляхи чогось догадались,
Від козаків чогось утікали,
А козаки на ляхів нарікали:
"Ой ви, ляхове,
Пеські синове!
Чом ви не дожидаєте,
Нашого пива не допиваєте?"
Тогді козаки ляхів доганяли
Пана Потоцького піймали,
Як барана, зв''язали
Та перед Хмельницького-гетьмана примчали.
"Гей, пане Потоцький!
Чом у тебе й досі розум жіноцький?
Не вмів ти еси в Кам''янськім Подільці пробувати,
Печеного поросяти, куриці з перцем та з шафраном уживати,
А тепер не зумієш ти з нами, козаками, воювати
І житньої соломахи з тузлуком [уплітати].
Хіба велю тебе до рук кримському хану дати,
Щоб навчили тебе кримські нагаї сирої кобилини жувати!"
Тогді ляхи чогось догадались,
На [орендарів] нарікали:
"Гей, ви [орендарове],
Поганські синове!
Нащо то ви великий бунт-тривоги зривали.
На милю по три корчми становили,
Великії мита брали:
Від возового -
По півзолотого,
Від пішого - по два гроші,
А ще не минали й сердешного старця -
Відбирали пшоно та яйця.
А тепер ви тії скарби збирайте
Та Хмельницького єднайте,
А то як не будете Хмельницького єднати,
То не зарікайтесь за річку Віслу до Полонного прудко тікати".
[Орендарі] чогось догадались,
На річку Случу тікали.
Которі тікали до річки Случі,
То погубили чоботи й онучі;
А которі до Прута,
То була від козаків Хмельницького доріженька барзо крута.
На річці Случі
Обломили міст ідучи, Затопили усі клейноди
І всі лядські бубни.
Которі бігли до річки Росі,
То зосталися голі й босі...
.  .  .  .  .  .  .  .  .  .  .
Отеє, панове-молодці, над Полонним не чорна хмара вставала;
Не одна пані-ляшка удовою зосталась.
Озоветься одна пані-ляшка:
"Нема мого пана Яна!
Десь його зв''язали козаки, як би барана,
Та повели до свого гетьмана".
Озоветься друга пані-ляшка:
"Нема мого пана Кардаша!
Десь його Хмельницького козаки поведи до свого коша".
Озоветься третя пані-ляшка:
"Нема мого пана Якуба!
Десь Хмельницького козаки та, либонь,
повісили його десь на дубі".','["pisni.org.ua", "cat:dumy", "Думи"]',1,'published',COALESCE((SELECT created_at FROM songs WHERE id='pisniua_372560'), datetime('now')),datetime('now'));
INSERT OR REPLACE INTO songs_fts(song_id,title,lyrics) VALUES ('pisniua_372560','Перемога Корсунська','Ой обозветься пан Хмельницький,
Отаман-батько чигиринський:
" Гей, друзі-молодці,
Браття, козаки-запорожці!
Добре дбайте, барзо гадайте,
Із ляхами пиво варити зачинайте:
Лядський солод - козацька вода,
Лядські дрова - козацькі труда".
Ой з того пива
Зробили козаки з ляхами превеликеє диво.
Під городом Корсунем вони станом стали,
Під Стеблевом вони солод замочили,
Ще й пива не зварили,
А вже козаки Хмельницького з ляхами барзо посварили.
За ту бражку
Зчинили козаки з ляхами велику драчку;
За той молот
Зробили ляхи з козаками превеликий колот;
А за той не знать-який квас
Не одного ляха козак, як би скурвого сипа, за чуба стряс.
Ляхи чогось догадались,
Від козаків чогось утікали,
А козаки на ляхів нарікали:
"Ой ви, ляхове,
Пеські синове!
Чом ви не дожидаєте,
Нашого пива не допиваєте?"
Тогді козаки ляхів доганяли
Пана Потоцького піймали,
Як барана, зв''язали
Та перед Хмельницького-гетьмана примчали.
"Гей, пане Потоцький!
Чом у тебе й досі розум жіноцький?
Не вмів ти еси в Кам''янськім Подільці пробувати,
Печеного поросяти, куриці з перцем та з шафраном уживати,
А тепер не зумієш ти з нами, козаками, воювати
І житньої соломахи з тузлуком [уплітати].
Хіба велю тебе до рук кримському хану дати,
Щоб навчили тебе кримські нагаї сирої кобилини жувати!"
Тогді ляхи чогось догадались,
На [орендарів] нарікали:
"Гей, ви [орендарове],
Поганські синове!
Нащо то ви великий бунт-тривоги зривали.
На милю по три корчми становили,
Великії мита брали:
Від возового -
По півзолотого,
Від пішого - по два гроші,
А ще не минали й сердешного старця -
Відбирали пшоно та яйця.
А тепер ви тії скарби збирайте
Та Хмельницького єднайте,
А то як не будете Хмельницького єднати,
То не зарікайтесь за річку Віслу до Полонного прудко тікати".
[Орендарі] чогось догадались,
На річку Случу тікали.
Которі тікали до річки Случі,
То погубили чоботи й онучі;
А которі до Прута,
То була від козаків Хмельницького доріженька барзо крута.
На річці Случі
Обломили міст ідучи, Затопили усі клейноди
І всі лядські бубни.
Которі бігли до річки Росі,
То зосталися голі й босі...
.  .  .  .  .  .  .  .  .  .  .
Отеє, панове-молодці, над Полонним не чорна хмара вставала;
Не одна пані-ляшка удовою зосталась.
Озоветься одна пані-ляшка:
"Нема мого пана Яна!
Десь його зв''язали козаки, як би барана,
Та повели до свого гетьмана".
Озоветься друга пані-ляшка:
"Нема мого пана Кардаша!
Десь його Хмельницького козаки поведи до свого коша".
Озоветься третя пані-ляшка:
"Нема мого пана Якуба!
Десь Хмельницького козаки та, либонь,
повісили його десь на дубі".');
INSERT OR REPLACE INTO songs (id,title,subtitle,lang,country,period,year,source,notes,lyrics,tags_json,lang_locked,status,created_at,updated_at) VALUES ('pisniua_375727','Кеш. Money. Бабулєс','Музика: Андрій Хливнюк Слова: Андрій Хливнюк. Виконує: Бумбокс','uk','ukraine_1991',NULL,NULL,'аудіозапис',NULL,'Є у всіх у нас одна вада -
Ми заручники наших "хочу",
Як і сотні років назад
Бабло, бабло наш камінь точить.
Перше і останнє завдання:
Якомога більше паперів.
Нескінченні наші бажання
Вже не проходять ні в вікна, ні в двері.

Приспів:
Кажуть править кеш, бабулєс.
Хто встиг, той вліз, інші - в ліс.
Вам потрібен кеш? Так, авжеж.
Я вже бачу ліс рук, рук ліс.
Кажуть править кеш, бабулєс.
Ніби то він надає імунітет від всіх криз.
Те, що з ним загубиш вже не знайдеш.
Він підносить до небес, потім кидає вниз.

З іпотечним своїм кредитом
Відчуваєш себе, як Чак Норріс.
Хто ж тепер може з ніг тебе збити? -
Є ж поліс, страховий поліс.
Перше і останнє завдання:
Якомога більше привату.
Ай, страшне ж яке побажання:
Щоб ти жив на одну зарплату.

Приспів. (2)','["pisni.org.ua", "cat:suspilno-politychni", "Суспільно-політичні пісні"]',1,'published',COALESCE((SELECT created_at FROM songs WHERE id='pisniua_375727'), datetime('now')),datetime('now'));
INSERT OR REPLACE INTO songs_fts(song_id,title,lyrics) VALUES ('pisniua_375727','Кеш. Money. Бабулєс','Є у всіх у нас одна вада -
Ми заручники наших "хочу",
Як і сотні років назад
Бабло, бабло наш камінь точить.
Перше і останнє завдання:
Якомога більше паперів.
Нескінченні наші бажання
Вже не проходять ні в вікна, ні в двері.

Приспів:
Кажуть править кеш, бабулєс.
Хто встиг, той вліз, інші - в ліс.
Вам потрібен кеш? Так, авжеж.
Я вже бачу ліс рук, рук ліс.
Кажуть править кеш, бабулєс.
Ніби то він надає імунітет від всіх криз.
Те, що з ним загубиш вже не знайдеш.
Він підносить до небес, потім кидає вниз.

З іпотечним своїм кредитом
Відчуваєш себе, як Чак Норріс.
Хто ж тепер може з ніг тебе збити? -
Є ж поліс, страховий поліс.
Перше і останнє завдання:
Якомога більше привату.
Ай, страшне ж яке побажання:
Щоб ти жив на одну зарплату.

Приспів. (2)');
INSERT OR REPLACE INTO songs (id,title,subtitle,lang,country,period,year,source,notes,lyrics,tags_json,lang_locked,status,created_at,updated_at) VALUES ('pisniua_37467','Гей, колись була розкіш-воля','Українська народна пісня','uk','ukraine_before_1917',NULL,NULL,'Бібліотека поета. Народна лірика.',NULL,'Гей, колись була розкіш-воля,
А теперенька -недоленька.
А теперенька - недоленька;
Та болить серце й головонька.
А чорна хмара наступає,
А дрібен дощик накрапає.
А дрібен дощик накрапає,
А мати сина научає:
"Та слухай, сину, мого слова,
Та не йди нігде, сиди дома!"
Син матері не послухав,
Осідлав коня та й поїхав.
Менша сестра коня веде,
Середульша - сідло несе.
"А коли, брате, в гості прийдеш?"
А старша сестра брата пита.
"Візьми, сестро, піску в жменю
Та посій, сестро, на каменю.
А коли, сестро, пісок зійде,
А тоді братік в гості прийде".
Нема з піску нема сходу,
Та нема брата із походу!','["pisni.org.ua", "cat:kozacki", "Козацькі пісні"]',1,'published',COALESCE((SELECT created_at FROM songs WHERE id='pisniua_37467'), datetime('now')),datetime('now'));
INSERT OR REPLACE INTO songs_fts(song_id,title,lyrics) VALUES ('pisniua_37467','Гей, колись була розкіш-воля','Гей, колись була розкіш-воля,
А теперенька -недоленька.
А теперенька - недоленька;
Та болить серце й головонька.
А чорна хмара наступає,
А дрібен дощик накрапає.
А дрібен дощик накрапає,
А мати сина научає:
"Та слухай, сину, мого слова,
Та не йди нігде, сиди дома!"
Син матері не послухав,
Осідлав коня та й поїхав.
Менша сестра коня веде,
Середульша - сідло несе.
"А коли, брате, в гості прийдеш?"
А старша сестра брата пита.
"Візьми, сестро, піску в жменю
Та посій, сестро, на каменю.
А коли, сестро, пісок зійде,
А тоді братік в гості прийде".
Нема з піску нема сходу,
Та нема брата із походу!');
INSERT OR REPLACE INTO songs (id,title,subtitle,lang,country,period,year,source,notes,lyrics,tags_json,lang_locked,status,created_at,updated_at) VALUES ('pisniua_372869','Буря на Чорному морі','Українська народна пісня','uk','ukraine_before_1917',NULL,NULL,'"Думи. Історико-героїчний цикл". Київ, Дніпро, 1982.',NULL,'Ой на Чорному морі,
На білому камені,
Ой то там сидить ясен сокіл-білозорець:
Низенько голову склонив,
Та жалібно квилить-проквиляє;
Та на святеє небо,
На Чорноє море
Іспильно поглядає,
Що на святому небі,
На Чорнім морі негаразд починає:
На святому небі усі звізди потьмарило,
Половина місяця у тьму уступило;
На Чорному морі негаразд починає:
Ізо дна моря сильно хвиля вставає,
Судна козацькі молодецькі на три часті розбиває.
Першу часть одбивало -
У тихий Дунай заношало;
Другую часть одбивало -
У землю Грабськую
На каторгу турецьку заношало;
Третю часть одбивало -
Да на Чорному морі затопляло.
То-то же при тій часті два братики рідненькі,
Як голубоньки сивенькі,
То вони потопали,
Порятунку собі нівідкіля не мали.
Да вони один до одного припливали,
Словами промовляли.
Гірко ридали -
Прощенія домагали,
Перед господом милосердним гріхи свої сповідали.
Ой между ними третій, чужий-чужениця,
Бездольний, безродний і безпомощний, потопає,
Порятунку собі нівідкіль не має.
То він до їх припливає,
Словами промовляє,
Гірко сльозами ридає, -
Прощенія домагає,
Перед господом милосердним
Гріхи свої сповідає.
То ті брати промовлять словами,
Обіллються гірко сльозами:
"Се ж то нас, браття, не сильна морська хвиля затопляє;
Се то отцева молитва і материна
Нас видимо карає:
Що як ми у охотне войсько виряджалися,
То од отця, од матки прощенія не приймали,
Да старую матусю ми од себе а й стременами одпихали;
То тоже ми собі превелику гордость мали:
Старшого брата у себе за брата не мали,
Сестру середульшу марно зневажали,
Близькому сусіді хліба і солі ізбавляли;
То же ми собі превелику гордость мали:
Проти божих церков їжджали,
Шличків із голов не здіймали,
На своє лице хреста не клали,
Милосердного творця на поміч не призивали,
Да по улицях кіньми вигравали,
Да проти себе нікого не стрічали,
Діток малих кіньми розбивали,
Кров християнську на сиру землю проливали!
Ей, коли б то нас, браття, могла отцева і матчина молитва відсіля визволяти,
То нехай же б ми могли вже знати,
Як отцеву і матчину молитву штити-поважати,
І старшого брата за рідного батька мати,
Сестру середульшую штити-поважати,
Близького сусіду у себе за рідного брата мати!"
То як стали словами промовляти,
Отцеву і матчину молитву споминати, -
Став господь милосердний їм помагати,
Стало Чорне море утихати;
Та так-то утихало,
Ніби не гуляло.
То стали ті два брати к берегу припливати,
Стали за білий камінь рученьками брати
Да на край виходжати,
На край веселий,
Между мир хрещений,
У города християнськії,
Та до отця, до матки в гості прибувати.
То тоже отець-мати навпроти синів виходжали,
Синів питали:
"Ой сини, пани-молодці!
Чи добре вам у дорозі починало?"
"Добре, отець і мати, нам було на Чорному морі гуляти;
Тільки недобре було, отець і мати,
Чужому-чужениці на Чорному морі потопати:
Йому прощенія ні од кого прийняти
І на чужині порятунку дати!"
Да услиши, господи, у просьбах, у молитвах
Люду царському,
Народу християнському
І усім головам слухающим
На многая літа,
До конця віка!','["pisni.org.ua", "cat:dumy", "Думи"]',1,'published',COALESCE((SELECT created_at FROM songs WHERE id='pisniua_372869'), datetime('now')),datetime('now'));
INSERT OR REPLACE INTO songs_fts(song_id,title,lyrics) VALUES ('pisniua_372869','Буря на Чорному морі','Ой на Чорному морі,
На білому камені,
Ой то там сидить ясен сокіл-білозорець:
Низенько голову склонив,
Та жалібно квилить-проквиляє;
Та на святеє небо,
На Чорноє море
Іспильно поглядає,
Що на святому небі,
На Чорнім морі негаразд починає:
На святому небі усі звізди потьмарило,
Половина місяця у тьму уступило;
На Чорному морі негаразд починає:
Ізо дна моря сильно хвиля вставає,
Судна козацькі молодецькі на три часті розбиває.
Першу часть одбивало -
У тихий Дунай заношало;
Другую часть одбивало -
У землю Грабськую
На каторгу турецьку заношало;
Третю часть одбивало -
Да на Чорному морі затопляло.
То-то же при тій часті два братики рідненькі,
Як голубоньки сивенькі,
То вони потопали,
Порятунку собі нівідкіля не мали.
Да вони один до одного припливали,
Словами промовляли.
Гірко ридали -
Прощенія домагали,
Перед господом милосердним гріхи свої сповідали.
Ой между ними третій, чужий-чужениця,
Бездольний, безродний і безпомощний, потопає,
Порятунку собі нівідкіль не має.
То він до їх припливає,
Словами промовляє,
Гірко сльозами ридає, -
Прощенія домагає,
Перед господом милосердним
Гріхи свої сповідає.
То ті брати промовлять словами,
Обіллються гірко сльозами:
"Се ж то нас, браття, не сильна морська хвиля затопляє;
Се то отцева молитва і материна
Нас видимо карає:
Що як ми у охотне войсько виряджалися,
То од отця, од матки прощенія не приймали,
Да старую матусю ми од себе а й стременами одпихали;
То тоже ми собі превелику гордость мали:
Старшого брата у себе за брата не мали,
Сестру середульшу марно зневажали,
Близькому сусіді хліба і солі ізбавляли;
То же ми собі превелику гордость мали:
Проти божих церков їжджали,
Шличків із голов не здіймали,
На своє лице хреста не клали,
Милосердного творця на поміч не призивали,
Да по улицях кіньми вигравали,
Да проти себе нікого не стрічали,
Діток малих кіньми розбивали,
Кров християнську на сиру землю проливали!
Ей, коли б то нас, браття, могла отцева і матчина молитва відсіля визволяти,
То нехай же б ми могли вже знати,
Як отцеву і матчину молитву штити-поважати,
І старшого брата за рідного батька мати,
Сестру середульшую штити-поважати,
Близького сусіду у себе за рідного брата мати!"
То як стали словами промовляти,
Отцеву і матчину молитву споминати, -
Став господь милосердний їм помагати,
Стало Чорне море утихати;
Та так-то утихало,
Ніби не гуляло.
То стали ті два брати к берегу припливати,
Стали за білий камінь рученьками брати
Да на край виходжати,
На край веселий,
Между мир хрещений,
У города християнськії,
Та до отця, до матки в гості прибувати.
То тоже отець-мати навпроти синів виходжали,
Синів питали:
"Ой сини, пани-молодці!
Чи добре вам у дорозі починало?"
"Добре, отець і мати, нам було на Чорному морі гуляти;
Тільки недобре було, отець і мати,
Чужому-чужениці на Чорному морі потопати:
Йому прощенія ні од кого прийняти
І на чужині порятунку дати!"
Да услиши, господи, у просьбах, у молитвах
Люду царському,
Народу християнському
І усім головам слухающим
На многая літа,
До конця віка!');
INSERT OR REPLACE INTO song_links (id,song_id,title,url,kind,version_id,sort_order) VALUES ('pisniua_372869_l1','pisniua_372869','YouTube','https://www.youtube.com/watch?v=bP6plDOXZHk','video',NULL,1);
INSERT OR REPLACE INTO songs (id,title,subtitle,lang,country,period,year,source,notes,lyrics,tags_json,lang_locked,status,created_at,updated_at) VALUES ('pisniua_374364','Новорічна','Музика: Віталій Боднар Слова: Віталій Боднар. Виконує: Дивні','uk','ukraine_1991',NULL,NULL,'аудіозапис',NULL,'Тепла, срібна ніч зупинить час,
Рік старий благословляє нас,
Із даля
Чути немовля
В перший раз

Приспів:
Нам,
Нам вже йти
В новий час, в нові світи.
Загадати щось і далі йти.

Хтось в цю ніч собі попросить щось.
Хай так буде, щоби все збулось.
Молодий
Рік прийшов сюди,
Тут він гость

Приспів. (2)','["pisni.org.ua", "cat:new-year", "Пісні про Новий Рік"]',1,'published',COALESCE((SELECT created_at FROM songs WHERE id='pisniua_374364'), datetime('now')),datetime('now'));
INSERT OR REPLACE INTO songs_fts(song_id,title,lyrics) VALUES ('pisniua_374364','Новорічна','Тепла, срібна ніч зупинить час,
Рік старий благословляє нас,
Із даля
Чути немовля
В перший раз

Приспів:
Нам,
Нам вже йти
В новий час, в нові світи.
Загадати щось і далі йти.

Хтось в цю ніч собі попросить щось.
Хай так буде, щоби все збулось.
Молодий
Рік прийшов сюди,
Тут він гость

Приспів. (2)');
INSERT OR REPLACE INTO songs (id,title,subtitle,lang,country,period,year,source,notes,lyrics,tags_json,lang_locked,status,created_at,updated_at) VALUES ('pisniua_380065','Сокіл, мамцю, сокіл','Українська народна пісня','uk','ukraine_before_1917',NULL,NULL,'записано від Павла Івановича Ткачука - фольклориста, етнографа з Вінниччини','Сокіл - символ бога життя, золотокрилий птах, що приніс на землю іскри небесного вогню.','- Сокіл, мамцю, сокіл,
Сокіл молоденький.
Та й по полю літає,     |(2)
А на наше подвір''ячко
Та й крильми махає.
Яку ж йому, моя мати,
Та принадоньку дати?    |(2)
- Насип пшінця по самі колінця,
А водиці по крильця,    |(2)
Нехай він зникає,
То він пшінця наклюється
І води нап''ється,
То й полине в чисте поле
Та й там нагудеться.
- Козак, мамцю, козак,
Козак молоденький
Сивим конем грає,
А на наше подвір''ячко
Конем наїджає.
Яку ж йому, моя мати,
Та принадоньку дати?    |(2)
- Вари кашу, моя доню,
Та клич вечеряти.
Стели постіль білесеньку,
Хай лягає спати:
Голівоньки докупоньки -
Всю ніч розмовляти.      |(2)','["pisni.org.ua", "cat:poliski", "Пісні з Полісся"]',1,'published',COALESCE((SELECT created_at FROM songs WHERE id='pisniua_380065'), datetime('now')),datetime('now'));
INSERT OR REPLACE INTO songs_fts(song_id,title,lyrics) VALUES ('pisniua_380065','Сокіл, мамцю, сокіл','- Сокіл, мамцю, сокіл,
Сокіл молоденький.
Та й по полю літає,     |(2)
А на наше подвір''ячко
Та й крильми махає.
Яку ж йому, моя мати,
Та принадоньку дати?    |(2)
- Насип пшінця по самі колінця,
А водиці по крильця,    |(2)
Нехай він зникає,
То він пшінця наклюється
І води нап''ється,
То й полине в чисте поле
Та й там нагудеться.
- Козак, мамцю, козак,
Козак молоденький
Сивим конем грає,
А на наше подвір''ячко
Конем наїджає.
Яку ж йому, моя мати,
Та принадоньку дати?    |(2)
- Вари кашу, моя доню,
Та клич вечеряти.
Стели постіль білесеньку,
Хай лягає спати:
Голівоньки докупоньки -
Всю ніч розмовляти.      |(2)');
INSERT OR REPLACE INTO songs (id,title,subtitle,lang,country,period,year,source,notes,lyrics,tags_json,lang_locked,status,created_at,updated_at) VALUES ('pisniua_370766','Я професійний раб','Музика: Тарас Петриненко Слова: Тарас Петриненко. Виконує: Тарас Петриненко','uk','ukraine_1991',NULL,NULL,'аудіозапис',NULL,'Я - професійний раб по духу і по крові,
За соцпоходженням, також, я - із рабів,
Я - раб в своїх кістках, я - раб в своїй основі,
Я - раб в своїх думках і у вживанні слів
Раб - професіонал.
В дванадцятім коліні потомственний кріпак,
Закутий в ниць свою, що дід заповідав мені
І сталось нині - плебейський козачок у рідному краю.

За вироком в житті присуджений нарузі,
Ще за декілька віків до рождества свого
Я увійшов у світ з тавром чужих ілюзій:
Кому поклони бити? І славити кого?
Ровесники мої, невільничеє братство:
Покора - наша плоть, смиренність - наша кров.
Восславимо ж своє благословенне рабство
За щастя відчувать послаблення оков.

О, непорочність віри, знесиленого роду
Я небуття свого тобі ввіряю скарб,
Бо рабська смерть моя запліднить дух свободи,
Я знаю, що кажу: Я - професійний раб!','["pisni.org.ua", "cat:suspilno-politychni", "Суспільно-політичні пісні"]',1,'published',COALESCE((SELECT created_at FROM songs WHERE id='pisniua_370766'), datetime('now')),datetime('now'));
INSERT OR REPLACE INTO songs_fts(song_id,title,lyrics) VALUES ('pisniua_370766','Я професійний раб','Я - професійний раб по духу і по крові,
За соцпоходженням, також, я - із рабів,
Я - раб в своїх кістках, я - раб в своїй основі,
Я - раб в своїх думках і у вживанні слів
Раб - професіонал.
В дванадцятім коліні потомственний кріпак,
Закутий в ниць свою, що дід заповідав мені
І сталось нині - плебейський козачок у рідному краю.

За вироком в житті присуджений нарузі,
Ще за декілька віків до рождества свого
Я увійшов у світ з тавром чужих ілюзій:
Кому поклони бити? І славити кого?
Ровесники мої, невільничеє братство:
Покора - наша плоть, смиренність - наша кров.
Восславимо ж своє благословенне рабство
За щастя відчувать послаблення оков.

О, непорочність віри, знесиленого роду
Я небуття свого тобі ввіряю скарб,
Бо рабська смерть моя запліднить дух свободи,
Я знаю, що кажу: Я - професійний раб!');
INSERT OR REPLACE INTO songs (id,title,subtitle,lang,country,period,year,source,notes,lyrics,tags_json,lang_locked,status,created_at,updated_at) VALUES ('pisniua_380828','Гоп-стоп','Виконує: Антон Крук','uk','ukraine_1991',NULL,NULL,NULL,'Виконує: Антон Крук Підбір акордів: Юрцьо','Гоп-стоп, ми заховались між гілля,
Гоп-стоп, і дочекались москаля:
Dm
Тепер розплачуватись пізно,
Бо в Карпатах грізно
Am
Пролунало наше "Слава!"
E
Подивись направо, а ми тебе граблями зліва,
Am
І все, кінець екскурсії в горах.

Гоп-стоп, ти був неґречний щодо нас,
Гоп-стоп, мабуть тому, що ти москаль
А в горах влітку троха парко,
Ти скинув маринарку,
Ліпше б ти її не скинув,
Куме, глянь на спину,
Ну хто відправив ту скотину в Карпати
У футболці СССР.

А в горах влітку троха парко,
Ти скинув маринарку,
Ліпше б ти її не скинув,
Куме, глянь на спину,
Ну хто відправив ту скотину в Карпати
У футболці СССР.

Гоп-стоп, Степане, пхай му під ребро
Гоп-стоп, важєй, щоб не попсув добро,
На наших писках сонця бронза,
Хлопці, кличте ксьондза,
Аби труд наш був немарним,
Най відправить гарний,
Надзвичайно популярний,
У сільському храмі парастас.

Dm
Покличте ксьондза, поки можна,
Ну шо, товаріщ, сложно?
Am
Подивися недалеко, звив гніздо лелека
На трубі, що зветься "Дружба нафтогон".

Гоп-стоп, ми заховались між гілля,
Гоп-стоп, і дочекались москаля:
Тепер розплачуватись пізно,
Бо в Карпатах грізно
Пролунало наше "Слава!"
Подивись направо, а ми тебе граблями зліва,
І все, кінець екскурсії в горах.','["pisni.org.ua", "cat:bardivski", "Бардівські пісні"]',1,'published',COALESCE((SELECT created_at FROM songs WHERE id='pisniua_380828'), datetime('now')),datetime('now'));
INSERT OR REPLACE INTO songs_fts(song_id,title,lyrics) VALUES ('pisniua_380828','Гоп-стоп','Гоп-стоп, ми заховались між гілля,
Гоп-стоп, і дочекались москаля:
Dm
Тепер розплачуватись пізно,
Бо в Карпатах грізно
Am
Пролунало наше "Слава!"
E
Подивись направо, а ми тебе граблями зліва,
Am
І все, кінець екскурсії в горах.

Гоп-стоп, ти був неґречний щодо нас,
Гоп-стоп, мабуть тому, що ти москаль
А в горах влітку троха парко,
Ти скинув маринарку,
Ліпше б ти її не скинув,
Куме, глянь на спину,
Ну хто відправив ту скотину в Карпати
У футболці СССР.

А в горах влітку троха парко,
Ти скинув маринарку,
Ліпше б ти її не скинув,
Куме, глянь на спину,
Ну хто відправив ту скотину в Карпати
У футболці СССР.

Гоп-стоп, Степане, пхай му під ребро
Гоп-стоп, важєй, щоб не попсув добро,
На наших писках сонця бронза,
Хлопці, кличте ксьондза,
Аби труд наш був немарним,
Най відправить гарний,
Надзвичайно популярний,
У сільському храмі парастас.

Dm
Покличте ксьондза, поки можна,
Ну шо, товаріщ, сложно?
Am
Подивися недалеко, звив гніздо лелека
На трубі, що зветься "Дружба нафтогон".

Гоп-стоп, ми заховались між гілля,
Гоп-стоп, і дочекались москаля:
Тепер розплачуватись пізно,
Бо в Карпатах грізно
Пролунало наше "Слава!"
Подивись направо, а ми тебе граблями зліва,
І все, кінець екскурсії в горах.');
INSERT OR REPLACE INTO songs (id,title,subtitle,lang,country,period,year,source,notes,lyrics,tags_json,lang_locked,status,created_at,updated_at) VALUES ('pisniua_381121','Вставай, Україно','Музика: Б. Юрків, Анатолій Сердюк Слова: Дмитро Павличко. Виконує: Нескорені, Анатолій Сердюк','uk','ukraine_1991',NULL,NULL,'1. Надала Б. Сімович',NULL,'Вставай, Україно, вставай,
Виходь на дорогу свободи,
Де грає широкий Дунай,
Де ждуть європейські народи.

Вставай та кайдани порви,
Дай познак, ясніший від грому,
Що ти не рабиня Москви,
Й рабою не будеш нікому.

Вставай, Україно, вставай,
Єднай Чорне море й Карпати,
І свій переболений край
Не дай ворогам розламати.

Вставай та здіймай знамено
Вселюдської згоди й любові,
Щоб волі святої вино
Спожити без помсти і крові.','["pisni.org.ua", "cat:suspilno-politychni", "Суспільно-політичні пісні"]',1,'published',COALESCE((SELECT created_at FROM songs WHERE id='pisniua_381121'), datetime('now')),datetime('now'));
INSERT OR REPLACE INTO songs_fts(song_id,title,lyrics) VALUES ('pisniua_381121','Вставай, Україно','Вставай, Україно, вставай,
Виходь на дорогу свободи,
Де грає широкий Дунай,
Де ждуть європейські народи.

Вставай та кайдани порви,
Дай познак, ясніший від грому,
Що ти не рабиня Москви,
Й рабою не будеш нікому.

Вставай, Україно, вставай,
Єднай Чорне море й Карпати,
І свій переболений край
Не дай ворогам розламати.

Вставай та здіймай знамено
Вселюдської згоди й любові,
Щоб волі святої вино
Спожити без помсти і крові.');
INSERT OR REPLACE INTO song_links (id,song_id,title,url,kind,version_id,sort_order) VALUES ('pisniua_381121_l1','pisniua_381121','YouTube','https://www.youtube.com/watch?v=C6hazsq1QpA','video',NULL,1);
INSERT OR REPLACE INTO songs (id,title,subtitle,lang,country,period,year,source,notes,lyrics,tags_json,lang_locked,status,created_at,updated_at) VALUES ('pisniua_38065','Шукав свій дім','Музика: Скрябін Слова: Скрябін. Виконує: Скрябін','uk','ukraine_1991',NULL,NULL,'текст(основа)- http://skryabin.ru; Аудіо-CD- Скрябін. Озимі люди. 2002','Підбір акордів: bohdanko (pisni.org.ua)','Вступ:  Em G Em G C D G H7
Em    G   Em    G   C     D    G   H7 *
Вінками   із неба   на нас вниз падав сніг
Так тихо   як старість  накрив примітивний світ
Так тихо   як старість  прийшла зима зима зима
Підступно   як старість   прийшла зима зима зима
Так сумно   зима зима
Програш:  Em G Em G C D G H7  (2)
Колись давно пішов я шукати дім
Заліз високо в гори - там ніхто не знав де він
Холодний вітер тільки на дорозі став
I так мені сказав так він сказав
Приспів:
Не треба було йти далеко
Не треба було йти так довго
Земля де бігав ти маленьким
Є твоїм домом
Програш.
Я не послухав вітру і спустився з гір
Пішов спитати в моря - може знає про мій дім
Та тільки засміялись хвилі з моїх слів
I десь далеко було чути їх нехитрий спів
Приспів.
Ходив я довго - всіх кругом за дім питав
А з неба сніг а з неба вже моя зима
Старий місяць головою закивав
I так мені сказав так сказав
Вінками   із неба   на нас вниз падав сніг
Так тихо   як старість  накрив примітивний світ
Програш:  Em D C H7 (безліч разів)','["pisni.org.ua", "cat:manrivni", "cat:nostalgia", "Пісні на мандрівну тематику", "Пісні з ностальгічними мотивами"]',1,'published',COALESCE((SELECT created_at FROM songs WHERE id='pisniua_38065'), datetime('now')),datetime('now'));
INSERT OR REPLACE INTO songs_fts(song_id,title,lyrics) VALUES ('pisniua_38065','Шукав свій дім','Вступ:  Em G Em G C D G H7
Em    G   Em    G   C     D    G   H7 *
Вінками   із неба   на нас вниз падав сніг
Так тихо   як старість  накрив примітивний світ
Так тихо   як старість  прийшла зима зима зима
Підступно   як старість   прийшла зима зима зима
Так сумно   зима зима
Програш:  Em G Em G C D G H7  (2)
Колись давно пішов я шукати дім
Заліз високо в гори - там ніхто не знав де він
Холодний вітер тільки на дорозі став
I так мені сказав так він сказав
Приспів:
Не треба було йти далеко
Не треба було йти так довго
Земля де бігав ти маленьким
Є твоїм домом
Програш.
Я не послухав вітру і спустився з гір
Пішов спитати в моря - може знає про мій дім
Та тільки засміялись хвилі з моїх слів
I десь далеко було чути їх нехитрий спів
Приспів.
Ходив я довго - всіх кругом за дім питав
А з неба сніг а з неба вже моя зима
Старий місяць головою закивав
I так мені сказав так сказав
Вінками   із неба   на нас вниз падав сніг
Так тихо   як старість  накрив примітивний світ
Програш:  Em D C H7 (безліч разів)');
INSERT OR REPLACE INTO song_links (id,song_id,title,url,kind,version_id,sort_order) VALUES ('pisniua_38065_l1','pisniua_38065','YouTube','https://www.youtube.com/watch?v=HuRfGsPyc2Y','video',NULL,1);
INSERT OR REPLACE INTO songs (id,title,subtitle,lang,country,period,year,source,notes,lyrics,tags_json,lang_locked,status,created_at,updated_at) VALUES ('pisniua_376467','Новий рік','Виконує: Віктор Павлік','uk','ukraine_1991',NULL,NULL,'аудіозапис',NULL,'Новий мотив старих надій
В цю ніч з''єднає нас.
І ми підем у рік Новий
На довгий, добрий час.
Забуть про біль в цю дивну ніч,
Вгамуй свою печаль,
Пізнай красу нових обличь
І про старі згадай.

Приспів:
З Новим роком Вас!
Щасти Вам всім у добрий час!
Новорічна мить, як прикраса долі.
Назавжди для всіх і радість, і дитячий сміх!
Зичить нам добра снігова пора в Новий рік.
Новий рік...

Салют зірок дарує шанс,
Помрій і загадай
Добра, тепла, грошей, прикрас
І з нами заспівай!

Приспів.

Новий рік...
Новий рік...','["pisni.org.ua", "cat:new-year", "Пісні про Новий Рік"]',1,'published',COALESCE((SELECT created_at FROM songs WHERE id='pisniua_376467'), datetime('now')),datetime('now'));
INSERT OR REPLACE INTO songs_fts(song_id,title,lyrics) VALUES ('pisniua_376467','Новий рік','Новий мотив старих надій
В цю ніч з''єднає нас.
І ми підем у рік Новий
На довгий, добрий час.
Забуть про біль в цю дивну ніч,
Вгамуй свою печаль,
Пізнай красу нових обличь
І про старі згадай.

Приспів:
З Новим роком Вас!
Щасти Вам всім у добрий час!
Новорічна мить, як прикраса долі.
Назавжди для всіх і радість, і дитячий сміх!
Зичить нам добра снігова пора в Новий рік.
Новий рік...

Салют зірок дарує шанс,
Помрій і загадай
Добра, тепла, грошей, прикрас
І з нами заспівай!

Приспів.

Новий рік...
Новий рік...');
INSERT OR REPLACE INTO songs (id,title,subtitle,lang,country,period,year,source,notes,lyrics,tags_json,lang_locked,status,created_at,updated_at) VALUES ('pisniua_366121','Горлиця','Музика: Ольга Богомолець Слова: Ліна Костенко. Виконує: Ольга Богомолець','uk','ukraine_1991',NULL,NULL,'аудіозапис',NULL,'Я вранці голос горлиці люблю,
Скрипучі гальма першого трамваю.
Я забуваю, зовсім забуваю.    |
Я вранці голос горлиці люблю. | (2)

Чи може це ввижається мені?
Той несказаний камертон природи -
Де зорі ясні і де чисті води. |
Я вранці голос горлиці люблю. | (2)

Я скучила за дивним зойком слова
Мого народу гілочка тернова.
Гарячий лоб до шибки притулю. |
Я вранці голос горлиці люблю. | (2)','["pisni.org.ua", "cat:krasa-pryrody", "Пісні про красу природи"]',1,'published',COALESCE((SELECT created_at FROM songs WHERE id='pisniua_366121'), datetime('now')),datetime('now'));
INSERT OR REPLACE INTO songs_fts(song_id,title,lyrics) VALUES ('pisniua_366121','Горлиця','Я вранці голос горлиці люблю,
Скрипучі гальма першого трамваю.
Я забуваю, зовсім забуваю.    |
Я вранці голос горлиці люблю. | (2)

Чи може це ввижається мені?
Той несказаний камертон природи -
Де зорі ясні і де чисті води. |
Я вранці голос горлиці люблю. | (2)

Я скучила за дивним зойком слова
Мого народу гілочка тернова.
Гарячий лоб до шибки притулю. |
Я вранці голос горлиці люблю. | (2)');
INSERT OR REPLACE INTO songs (id,title,subtitle,lang,country,period,year,source,notes,lyrics,tags_json,lang_locked,status,created_at,updated_at) VALUES ('pisniua_374065','В Райськім Садочку росла Лелія',NULL,'uk','ukraine_before_1917',NULL,NULL,'Староукраїнські релігійні роздуми про Бога © Видавництво "Павутинонька", Нью Йорк – Львів – Київ – Харків – Москва, 2004','Староукраїнські Колядки і Щедрівки: Святе Різдво (Свято Різдва Світа: Свят-Вечір – Коляда)... Щедрий Вечір (Свято Місяця й Прадіда: Новий Рік ― Святі Водорщі) ― Весілля: Дівич-Вечір... Великдень... Зелені Свята (Трійця) ― Царинні Містерії... Івана Купала... Астральні Жнива... Рокове Коло. Десь узялася Молода Дівчина. Прийшов до Неї Миленький Єї Дай ми Маріє Листок Лелії','В Райськім Садочку росла Лелія
Хто ж Її садив Панна Марія
Як садила так садила
Лелійочка ся розвила
Красна Лелія Красна Лелія

Прийшла до Неї Матінка Єї
Дай ми Маріє Листок Лелії
Не дам не дам ні Листочка
Бо ми всохне Лелійочка
Красна Лелія Красна Лелія

Прийшов до Неї Батенько Єї
Дай ми Маріє Листок Лелії
Не дам не дам ні Листочка
Бо ми всохне Лелійочка
Красна Лелія Красна Лелія

Прийшов до Неї Братенько Єї
Дай ми Маріє листок Лелії
Не дам не дам ні Листочка
Бо ми всохне Лелійочка
Красна Лелія Красна Лелія

Прийшла до Неї Сестричка Єї
Дай ми Маріє Листок Лелії
Не дам не дам ні Листочка
Бо ми всохне Лелійочка
Красна Лелія Красна Лелія

Прийшов до Неї Миленький Єї
Дай ми Маріє Листок Лелії
Ой дам ой дам хоч Листочок
Бо Мій бо Мій Коханочок
Красна Лелія Красна Лелія','["pisni.org.ua", "cat:shchedrivky", "Щедрівки"]',1,'published',COALESCE((SELECT created_at FROM songs WHERE id='pisniua_374065'), datetime('now')),datetime('now'));
INSERT OR REPLACE INTO songs_fts(song_id,title,lyrics) VALUES ('pisniua_374065','В Райськім Садочку росла Лелія','В Райськім Садочку росла Лелія
Хто ж Її садив Панна Марія
Як садила так садила
Лелійочка ся розвила
Красна Лелія Красна Лелія

Прийшла до Неї Матінка Єї
Дай ми Маріє Листок Лелії
Не дам не дам ні Листочка
Бо ми всохне Лелійочка
Красна Лелія Красна Лелія

Прийшов до Неї Батенько Єї
Дай ми Маріє Листок Лелії
Не дам не дам ні Листочка
Бо ми всохне Лелійочка
Красна Лелія Красна Лелія

Прийшов до Неї Братенько Єї
Дай ми Маріє листок Лелії
Не дам не дам ні Листочка
Бо ми всохне Лелійочка
Красна Лелія Красна Лелія

Прийшла до Неї Сестричка Єї
Дай ми Маріє Листок Лелії
Не дам не дам ні Листочка
Бо ми всохне Лелійочка
Красна Лелія Красна Лелія

Прийшов до Неї Миленький Єї
Дай ми Маріє Листок Лелії
Ой дам ой дам хоч Листочок
Бо Мій бо Мій Коханочок
Красна Лелія Красна Лелія');
INSERT OR REPLACE INTO songs (id,title,subtitle,lang,country,period,year,source,notes,lyrics,tags_json,lang_locked,status,created_at,updated_at) VALUES ('pisniua_382168','Вальс','Музика: Анатолій Горчинський Слова: Борис Олійник. Виконує: Анатолій Горчинський','uk','ukraine_1991',NULL,NULL,'Українське радiо, 3 канал ("Культура"), 17.10.2008, 15:45, програма "Кращi пiснi минулого столiття"',NULL,'Цвіт на каштанах помірно, покірно погас,
Він не зів''яв, а погас, наче люстра у залі,
Все проминуло у нас - старовинний романс,
Тільки гвоздика тремтить на крижині рояля.

Вальс, вальс, вальс, вальс,
Вальс, вальс, вальс, вальс,
Все проминуло, немов старовинний романс,
Вальс, вальс, вальс,
Вальс, вальс, вальс,
Все проминуло, немов старовинний романс.

Тільки мелодія тихше, - облиште, не час,
Я запізнилась навік на заручини наші,
Все проминуло, і вже не поверне до нас
Юний Болконський і ніжна Ростова Наташа.

Вальс, вальс, вальс, вальс,
Вальс, вальс, вальс, вальс,
Все проминуло, і вже не поверне до нас
Вальс, вальс, вальс,
Вальс, вальс, вальс,
Все проминуло, і вже не поверне до нас

Квіт на каштанах так чист і юн зайнявсь,
Вітер волого припав до пелюсток губами,
Все повернулось у цей старовинний романс,
Другі танцюють, а я відпливаю у пам''ять.

Вальс, вальс, вальс, вальс,
Вальс, вальс, вальс, вальс,
Все повернулось у цей старовинний романс,
Вальс, вальс, вальс,
Вальс, вальс, вальс,
Двоє спинились, а я відпливаю у пам''ять.','["pisni.org.ua", "cat:dances", "cat:romansy", "cat:waltzes", "Пісні до танцю", "Романси", "Вальси"]',1,'published',COALESCE((SELECT created_at FROM songs WHERE id='pisniua_382168'), datetime('now')),datetime('now'));
INSERT OR REPLACE INTO songs_fts(song_id,title,lyrics) VALUES ('pisniua_382168','Вальс','Цвіт на каштанах помірно, покірно погас,
Він не зів''яв, а погас, наче люстра у залі,
Все проминуло у нас - старовинний романс,
Тільки гвоздика тремтить на крижині рояля.

Вальс, вальс, вальс, вальс,
Вальс, вальс, вальс, вальс,
Все проминуло, немов старовинний романс,
Вальс, вальс, вальс,
Вальс, вальс, вальс,
Все проминуло, немов старовинний романс.

Тільки мелодія тихше, - облиште, не час,
Я запізнилась навік на заручини наші,
Все проминуло, і вже не поверне до нас
Юний Болконський і ніжна Ростова Наташа.

Вальс, вальс, вальс, вальс,
Вальс, вальс, вальс, вальс,
Все проминуло, і вже не поверне до нас
Вальс, вальс, вальс,
Вальс, вальс, вальс,
Все проминуло, і вже не поверне до нас

Квіт на каштанах так чист і юн зайнявсь,
Вітер волого припав до пелюсток губами,
Все повернулось у цей старовинний романс,
Другі танцюють, а я відпливаю у пам''ять.

Вальс, вальс, вальс, вальс,
Вальс, вальс, вальс, вальс,
Все повернулось у цей старовинний романс,
Вальс, вальс, вальс,
Вальс, вальс, вальс,
Двоє спинились, а я відпливаю у пам''ять.');
INSERT OR REPLACE INTO songs (id,title,subtitle,lang,country,period,year,source,notes,lyrics,tags_json,lang_locked,status,created_at,updated_at) VALUES ('pisniua_37626','Звеселіло подвір''я','Українська народна пісня','uk','ukr_ssr_1919_1991',NULL,'1980','Фольклорні матеріали з отчого краю. Зібрали В.Сокіл та Г.Сокіл.- Львів, 1998','"Так робили на Іря. Вівці лущали перший раз і мішали та й приучовали разом пасти. Тогди отак ладкали..." Зап. 25 травня 1980 року В.Сокіл у с.Ялинкуватому від Коруд Агафії, 1921 року народж.','Звеселіло подвір''я: (2)
Прийшло зелене Іря.

Вівчарі, й уставайте (2)
Та хліб у торби крайте.

Та хліб у торби крайте, (2)
Трумбети забирайте.

Звеселіли вершечки: (2)
Будут пасти овечки.

Веселі й ораниці, (2)
Бо бдут повні дійниці.

Женіт вівці на млаки, (2)
Забирайте й собаки.

Бо може бити зрада,
Може бити і зрада:
Із ліса напада.

Вівчарі вівці доят — (2)
До вечері ся строят.

Собаки собов збили — (2)
Опришків додивили.

Бо прийшли опришки,
Ой бо прийшли опришки
Та й заяли всі стрижки.

Та й два вівчарі взяли, (2)
Денного зв''язали.

Він ся зсунув від хати, (2)
Хотів затрумбетати.

Хотів затрумбетати, (2)
Вби вийшов отиць, мати.

Вби вийшов отиць, мати (2)
Сночка розв''язати.','["pisni.org.ua", "cat:boykivski", "cat:zeleni-svyata", "Пісні з Бойківщини", "Пісні до Зелених свят"]',1,'published',COALESCE((SELECT created_at FROM songs WHERE id='pisniua_37626'), datetime('now')),datetime('now'));
INSERT OR REPLACE INTO songs_fts(song_id,title,lyrics) VALUES ('pisniua_37626','Звеселіло подвір''я','Звеселіло подвір''я: (2)
Прийшло зелене Іря.

Вівчарі, й уставайте (2)
Та хліб у торби крайте.

Та хліб у торби крайте, (2)
Трумбети забирайте.

Звеселіли вершечки: (2)
Будут пасти овечки.

Веселі й ораниці, (2)
Бо бдут повні дійниці.

Женіт вівці на млаки, (2)
Забирайте й собаки.

Бо може бити зрада,
Може бити і зрада:
Із ліса напада.

Вівчарі вівці доят — (2)
До вечері ся строят.

Собаки собов збили — (2)
Опришків додивили.

Бо прийшли опришки,
Ой бо прийшли опришки
Та й заяли всі стрижки.

Та й два вівчарі взяли, (2)
Денного зв''язали.

Він ся зсунув від хати, (2)
Хотів затрумбетати.

Хотів затрумбетати, (2)
Вби вийшов отиць, мати.

Вби вийшов отиць, мати (2)
Сночка розв''язати.');
INSERT OR REPLACE INTO songs (id,title,subtitle,lang,country,period,year,source,notes,lyrics,tags_json,lang_locked,status,created_at,updated_at) VALUES ('pisniua_382929','Пусти ж мене, мати, до табору','Музика: Роман Купчинський Слова: Марійка Підгірянка','uk','ukraine_1991',NULL,NULL,'Співаник "Пісні для новацтва", Торонто, 2002.',NULL,'Пусти ж мене, мати, до табору
До сонця, до волі, до простору.
Пусти ж мене, мати, з Пластом мандрувати,
Пусти ж мене, мати, з Пластом мандрувати,
З Пластом мандрувати, до табору.

Вставала б я, мамо, рано-вранці,
Бігла б я росою по полянці,
Ішла б я по воду до чистого броду,
Ішла б я по воду до чистого броду,
До чистого броду, рано-вранці.

Сиділа б при ватрі кожен вечір,
При мові-розмові молодечій,
Гляділа б досхочу, як зірки мигочуть,
Гляділа б досхочу, як зірки мигочуть,
Як зірки мигочуть кожен вечір.

Стояла б на варті по наказу,
Всю ніч не здрімала б ані разу,
Хоч скучно, хоч темно, стояла би вірно,
Хоч скучно, хоч темно, стояла би вірно,
Стояла би вірно по наказу.

Вернула б я, мати, із табору,
Привезла б я силу із собою,-
Привезла б я силу до нового чину,
Привезла б я силу до нового чину,
До нового чину і до бою.','["pisni.org.ua", "cat:plastovi", "Пластові пісні"]',1,'published',COALESCE((SELECT created_at FROM songs WHERE id='pisniua_382929'), datetime('now')),datetime('now'));
INSERT OR REPLACE INTO songs_fts(song_id,title,lyrics) VALUES ('pisniua_382929','Пусти ж мене, мати, до табору','Пусти ж мене, мати, до табору
До сонця, до волі, до простору.
Пусти ж мене, мати, з Пластом мандрувати,
Пусти ж мене, мати, з Пластом мандрувати,
З Пластом мандрувати, до табору.

Вставала б я, мамо, рано-вранці,
Бігла б я росою по полянці,
Ішла б я по воду до чистого броду,
Ішла б я по воду до чистого броду,
До чистого броду, рано-вранці.

Сиділа б при ватрі кожен вечір,
При мові-розмові молодечій,
Гляділа б досхочу, як зірки мигочуть,
Гляділа б досхочу, як зірки мигочуть,
Як зірки мигочуть кожен вечір.

Стояла б на варті по наказу,
Всю ніч не здрімала б ані разу,
Хоч скучно, хоч темно, стояла би вірно,
Хоч скучно, хоч темно, стояла би вірно,
Стояла би вірно по наказу.

Вернула б я, мати, із табору,
Привезла б я силу із собою,-
Привезла б я силу до нового чину,
Привезла б я силу до нового чину,
До нового чину і до бою.');
INSERT OR REPLACE INTO song_links (id,song_id,title,url,kind,version_id,sort_order) VALUES ('pisniua_382929_l1','pisniua_382929','YouTube','https://www.youtube.com/watch?v=DKQShHEl2UY','video',NULL,1);
INSERT OR REPLACE INTO songs (id,title,subtitle,lang,country,period,year,source,notes,lyrics,tags_json,lang_locked,status,created_at,updated_at) VALUES ('pisniua_383828','Стрільцем бим бути рад','Слова: Роман Купчинський','uk','ukrainian_peoples_republic_1917_1921',NULL,NULL,'аудіозапис',NULL,'Стрільцем бим бути рад.
Стрільцем бим бути рад.

Як побачу порошницю,
Пистолята і рушницю,
Гарну з борсука торбину
Та стрілецьку одежину.

Стрільцем бим бути рад,
Стрільцем бим бути рад.','["pisni.org.ua", "cat:strilecki", "Стрілецькі пісні"]',1,'published',COALESCE((SELECT created_at FROM songs WHERE id='pisniua_383828'), datetime('now')),datetime('now'));
INSERT OR REPLACE INTO songs_fts(song_id,title,lyrics) VALUES ('pisniua_383828','Стрільцем бим бути рад','Стрільцем бим бути рад.
Стрільцем бим бути рад.

Як побачу порошницю,
Пистолята і рушницю,
Гарну з борсука торбину
Та стрілецьку одежину.

Стрільцем бим бути рад,
Стрільцем бим бути рад.');
INSERT OR REPLACE INTO songs (id,title,subtitle,lang,country,period,year,source,notes,lyrics,tags_json,lang_locked,status,created_at,updated_at) VALUES ('pisniua_38222','Вогні Львова','Музика: Володимир Івасюк Слова: Ростислав Братунь. Виконує: Анастасія Плахтій, Орест Цимбала','uk','ukraine_1991',NULL,NULL,'http://ivasyuk.domivka.net/',NULL,'Сьогодні в нас побачення зі Львовом;
Вдягнем святковий одяг і підем.
Хай вулиці своє нам скажуть слово,
Нехай нас вечір містом поведе.

Послухаєм, про що шепочуть клени,
Про що шумить в задумі Стрийський парк.
Можливо, що про тебе і про мене
Свою він пісню нам приносить в дар.

Приспів:
Чи знаєте ви тихі львівські вечори?
Чи з милою їх зустрічали,
У сяєві зорі вечірньої пори
Знайоме місто знову відкривали?

До нас історія підійде поруч,
Довірливо прихилить стрімкість веж.
І, як в легенду, ти на Княжу гору
Своє кохання гордо пронесеш.

Нам усміхнуться, наче очі, вікна
Нових кварталів молодих будов,
І блиск вогнів, і далина блакитна
Вестимуть нас у щастя, у любов.

Приспів.','["pisni.org.ua", "cat:lviv", "Пісні про Львів"]',1,'published',COALESCE((SELECT created_at FROM songs WHERE id='pisniua_38222'), datetime('now')),datetime('now'));
INSERT OR REPLACE INTO songs_fts(song_id,title,lyrics) VALUES ('pisniua_38222','Вогні Львова','Сьогодні в нас побачення зі Львовом;
Вдягнем святковий одяг і підем.
Хай вулиці своє нам скажуть слово,
Нехай нас вечір містом поведе.

Послухаєм, про що шепочуть клени,
Про що шумить в задумі Стрийський парк.
Можливо, що про тебе і про мене
Свою він пісню нам приносить в дар.

Приспів:
Чи знаєте ви тихі львівські вечори?
Чи з милою їх зустрічали,
У сяєві зорі вечірньої пори
Знайоме місто знову відкривали?

До нас історія підійде поруч,
Довірливо прихилить стрімкість веж.
І, як в легенду, ти на Княжу гору
Своє кохання гордо пронесеш.

Нам усміхнуться, наче очі, вікна
Нових кварталів молодих будов,
І блиск вогнів, і далина блакитна
Вестимуть нас у щастя, у любов.

Приспів.');
INSERT OR REPLACE INTO song_links (id,song_id,title,url,kind,version_id,sort_order) VALUES ('pisniua_38222_l1','pisniua_38222','YouTube','https://www.youtube.com/watch?v=vLLJivXjiX4','video',NULL,1);
INSERT OR REPLACE INTO songs (id,title,subtitle,lang,country,period,year,source,notes,lyrics,tags_json,lang_locked,status,created_at,updated_at) VALUES ('pisniua_381869','Ледача невістка, ледача','Українська народна пісня','uk','ukraine_before_1917',NULL,NULL,'http://posydenky.lvivport.com',NULL,'Ледача невістка, ледача
Та й до роботи невдача!
Як приїхав миленький з поля,
Стоїть миленька в порога:

"Ой, що ж ти, миленька, такая,
Як водиченька мутная?"
"Підожди, миленький, розкажу:
Я твоїй матусі не вгоджу:

Помию ніженьки у лузі,
Вона помаже в калюжі.
Помию ніженьки у милі,
Вона помаже у глині.

Помажу чобітки — не вбує,
Вона до мене гордує.
Постелю постільку — не ляже,
Ще мойому серденьку докаже:

"Ледача невістка, ледача
Та й до роботи невдача,
Не вміє ділечка робити,
Мені старенькій годити!"','["pisni.org.ua", "cat:socialno-pobutovi", "Соціально-побутові пісні"]',1,'published',COALESCE((SELECT created_at FROM songs WHERE id='pisniua_381869'), datetime('now')),datetime('now'));
INSERT OR REPLACE INTO songs_fts(song_id,title,lyrics) VALUES ('pisniua_381869','Ледача невістка, ледача','Ледача невістка, ледача
Та й до роботи невдача!
Як приїхав миленький з поля,
Стоїть миленька в порога:

"Ой, що ж ти, миленька, такая,
Як водиченька мутная?"
"Підожди, миленький, розкажу:
Я твоїй матусі не вгоджу:

Помию ніженьки у лузі,
Вона помаже в калюжі.
Помию ніженьки у милі,
Вона помаже у глині.

Помажу чобітки — не вбує,
Вона до мене гордує.
Постелю постільку — не ляже,
Ще мойому серденьку докаже:

"Ледача невістка, ледача
Та й до роботи невдача,
Не вміє ділечка робити,
Мені старенькій годити!"');
INSERT OR REPLACE INTO songs (id,title,subtitle,lang,country,period,year,source,notes,lyrics,tags_json,lang_locked,status,created_at,updated_at) VALUES ('pisniua_38525','Провожала мати','(Не рубай тополю). Українська народна пісня','uk','ukraine_before_1917',NULL,NULL,NULL,NULL,'Проводжала мати сина у солдати        | (2)
А свою невістку в поле жито жати

Вона жала, жала, жала вижинала        | (2)
Тай посеред поля тополею стала

Прийшов син до хати, здраствуй рідна мати | (2)
Де моя дружина, чом не йде стрічати

Не питайся сыну де твоя дружина       | (2)
Візьми сокирину, зрубай тополину

В перший раз ударив, вона похилилась  | (2)
Другий раз ударив, тай заговорила

Не рубай тополю, бо я твоя доля       | (2)
Розгорни листочок, там є твій синочок.','["pisni.org.ua", "cat:podilski", "Пісні з Поділля"]',1,'published',COALESCE((SELECT created_at FROM songs WHERE id='pisniua_38525'), datetime('now')),datetime('now'));
INSERT OR REPLACE INTO songs_fts(song_id,title,lyrics) VALUES ('pisniua_38525','Провожала мати','Проводжала мати сина у солдати        | (2)
А свою невістку в поле жито жати

Вона жала, жала, жала вижинала        | (2)
Тай посеред поля тополею стала

Прийшов син до хати, здраствуй рідна мати | (2)
Де моя дружина, чом не йде стрічати

Не питайся сыну де твоя дружина       | (2)
Візьми сокирину, зрубай тополину

В перший раз ударив, вона похилилась  | (2)
Другий раз ударив, тай заговорила

Не рубай тополю, бо я твоя доля       | (2)
Розгорни листочок, там є твій синочок.');
INSERT OR REPLACE INTO song_links (id,song_id,title,url,kind,version_id,sort_order) VALUES ('pisniua_38525_l1','pisniua_38525','YouTube','https://www.youtube.com/watch?v=Q18i8Rd5J0k','video',NULL,1);
INSERT OR REPLACE INTO song_links (id,song_id,title,url,kind,version_id,sort_order) VALUES ('pisniua_38525_l2','pisniua_38525','Переглянути варіанти >>','https://www.pisni.org.ua/#variants','external',NULL,2);
INSERT OR REPLACE INTO songs (id,title,subtitle,lang,country,period,year,source,notes,lyrics,tags_json,lang_locked,status,created_at,updated_at) VALUES ('pisniua_383525','Чи диво, чи не диво?','Українська народна пісня','uk','ukraine_before_1917',NULL,NULL,'Пісня записана в с. Соболівка, Теплицького району, Вінницької області від місцевої фольклористки Євгенії Тондій, 1918 р.н.',NULL,'Чи диво, чи не диво? Ідуть дівки на війну.
Чи диво, чи не диво? Молодиці за ними.
Чи диво, чи не диво? А парубки навздогін.
Чи диво, чи не диво? Звоювали дівки три города.
Чи диво, чи не диво? Молодиці три села.
Чи диво, чи не диво? А парубки три двора.
Чи диво, чи не диво? Сидять дівки за столом.
Чи диво, чи не диво? Молодиці перед столом.
Чи диво, чи не диво? А парубки під столом.
Чи диво, чи не диво? П''ють дівки мед - вино.
Чи диво, чи не диво? Молодиці горілку.
Чи диво, чи не диво? А парубки шевський квас.
Чи диво, чи не диво? Їдять дівки гусятину.
Чи диво, чи не диво? Молодиці - курятину.
Чи диво, чи не диво? А парубки кісточки','["pisni.org.ua", "cat:podilski", "cat:zeleni-svyata", "Пісні з Поділля", "Пісні до Зелених свят"]',1,'published',COALESCE((SELECT created_at FROM songs WHERE id='pisniua_383525'), datetime('now')),datetime('now'));
INSERT OR REPLACE INTO songs_fts(song_id,title,lyrics) VALUES ('pisniua_383525','Чи диво, чи не диво?','Чи диво, чи не диво? Ідуть дівки на війну.
Чи диво, чи не диво? Молодиці за ними.
Чи диво, чи не диво? А парубки навздогін.
Чи диво, чи не диво? Звоювали дівки три города.
Чи диво, чи не диво? Молодиці три села.
Чи диво, чи не диво? А парубки три двора.
Чи диво, чи не диво? Сидять дівки за столом.
Чи диво, чи не диво? Молодиці перед столом.
Чи диво, чи не диво? А парубки під столом.
Чи диво, чи не диво? П''ють дівки мед - вино.
Чи диво, чи не диво? Молодиці горілку.
Чи диво, чи не диво? А парубки шевський квас.
Чи диво, чи не диво? Їдять дівки гусятину.
Чи диво, чи не диво? Молодиці - курятину.
Чи диво, чи не диво? А парубки кісточки');
INSERT OR REPLACE INTO songs (id,title,subtitle,lang,country,period,year,source,notes,lyrics,tags_json,lang_locked,status,created_at,updated_at) VALUES ('pisniua_383065','Ми їдем в край, далекий край','Українська народна пісня. Виконує: Не журись!','uk','ukr_ssr_1919_1991',NULL,NULL,'1. http://poetry.uazone.net',NULL,'Ми їдем в край,
Далекий край.
На Сибір чи в Алтай,
А місто Львів,
Коханий Львів,
Прощай, прощай,
Прощай...

Прощайте ви мої друзі,
Не поминайте зле,
Згадайте ви, як ми в тюрмі
Ділились сухарем.

Сьогодні ти, а завтра я,
Нам доля всім одна.
Цю гірку чашу мук-терпінь
Ми вип''ємо до дна.

Прийде ще час, мине для нас
Ненависна тюрма
І усміхнеться ще й до нас
Україна вільна!..','["pisni.org.ua", "cat:povstanski", "Повстанські пісні"]',1,'published',COALESCE((SELECT created_at FROM songs WHERE id='pisniua_383065'), datetime('now')),datetime('now'));
INSERT OR REPLACE INTO songs_fts(song_id,title,lyrics) VALUES ('pisniua_383065','Ми їдем в край, далекий край','Ми їдем в край,
Далекий край.
На Сибір чи в Алтай,
А місто Львів,
Коханий Львів,
Прощай, прощай,
Прощай...

Прощайте ви мої друзі,
Не поминайте зле,
Згадайте ви, як ми в тюрмі
Ділились сухарем.

Сьогодні ти, а завтра я,
Нам доля всім одна.
Цю гірку чашу мук-терпінь
Ми вип''ємо до дна.

Прийде ще час, мине для нас
Ненависна тюрма
І усміхнеться ще й до нас
Україна вільна!..');
INSERT OR REPLACE INTO song_links (id,song_id,title,url,kind,version_id,sort_order) VALUES ('pisniua_383065_l1','pisniua_383065','Переглянути варіанти >>','https://www.pisni.org.ua/#variants','external',NULL,1);
INSERT OR REPLACE INTO songs (id,title,subtitle,lang,country,period,year,source,notes,lyrics,tags_json,lang_locked,status,created_at,updated_at) VALUES ('pisniua_382467','Купайлиці','(А наші хлопці недбайлиці). Українська народна пісня','uk','ukraine_before_1917',NULL,NULL,'Записано в с. Кирдани Таращанського р-ну Київської обл.',NULL,'А наші хлопці недбайлиці -
Не поставили купайлиці.
Ой, якби вони про нас дбали,
Нам купайлицю вирубали.
Нам купайлицю вирубали,
Нас на вулицю викликали.
А наші хлопці недбайлиці -
Не поставили купайлиці,
Не вирубали до схід сонця,
Не поставили край віконця,
А вирубали до місяця,
Нехай на ній повісяться.
А наші хлопці недбайлиці -
Не вирубали купайлиці.
Ой, ти молода молодице,
Ой, вийди, вийди на вулицю,
Ой, вийди, вийди на вулицю
Поспав дівонькам купайлицю.
- Нехай дитину заколишу,
Ще й чоловіка перепрошу.
Поставлю я вербу, вербу,
А сама сяду зверху,зверху.
На вербі сиджу гукаю,
Дівчат на свято скликаю.
Котра не прийде на купала,
Щоб вона сіла, та й не встала,
Щоб вона сіла леміжкою,
Щоб її везли теліжкою.
Щоб вона сіла колом,колом,
Щоб її везли волом, волом.','["pisni.org.ua", "cat:kupalski", "Купальські пісні"]',1,'published',COALESCE((SELECT created_at FROM songs WHERE id='pisniua_382467'), datetime('now')),datetime('now'));
INSERT OR REPLACE INTO songs_fts(song_id,title,lyrics) VALUES ('pisniua_382467','Купайлиці','А наші хлопці недбайлиці -
Не поставили купайлиці.
Ой, якби вони про нас дбали,
Нам купайлицю вирубали.
Нам купайлицю вирубали,
Нас на вулицю викликали.
А наші хлопці недбайлиці -
Не поставили купайлиці,
Не вирубали до схід сонця,
Не поставили край віконця,
А вирубали до місяця,
Нехай на ній повісяться.
А наші хлопці недбайлиці -
Не вирубали купайлиці.
Ой, ти молода молодице,
Ой, вийди, вийди на вулицю,
Ой, вийди, вийди на вулицю
Поспав дівонькам купайлицю.
- Нехай дитину заколишу,
Ще й чоловіка перепрошу.
Поставлю я вербу, вербу,
А сама сяду зверху,зверху.
На вербі сиджу гукаю,
Дівчат на свято скликаю.
Котра не прийде на купала,
Щоб вона сіла, та й не встала,
Щоб вона сіла леміжкою,
Щоб її везли теліжкою.
Щоб вона сіла колом,колом,
Щоб її везли волом, волом.');
INSERT OR REPLACE INTO songs (id,title,subtitle,lang,country,period,year,source,notes,lyrics,tags_json,lang_locked,status,created_at,updated_at) VALUES ('pisniua_387261','Воля','Музика: Зоряна Радь Слова: Зоряна Радь','uk','ukraine_1991',NULL,NULL,'аудіозапис',NULL,'Я бачила пташку,
Що впала з гніздочка,
Бідненька лежала
І плакала в сні.
І хлопчик поміг їй   |
Й полічена пташка    |
Забула його,         |
Полетіла в весні.    | (2)

Не міг той хлопчина
Простити цій пташці,
Він не зрозумів,
Що співали вітри:
Що воля - це народна |
Пісня всіх пташок,   |
І так, мій коханий,  |
Я теж мушу жить.     | (2)

Чекав той хлопчина
На поворот пташки
І не дочекався,
Залишився самотній.
Та пташка дала       |
Собі раду на волі,   |
Тепер її місце       |
Не є у гнізді.       | (2)','["pisni.org.ua", "cat:plastovi", "Пластові пісні"]',1,'published',COALESCE((SELECT created_at FROM songs WHERE id='pisniua_387261'), datetime('now')),datetime('now'));
INSERT OR REPLACE INTO songs_fts(song_id,title,lyrics) VALUES ('pisniua_387261','Воля','Я бачила пташку,
Що впала з гніздочка,
Бідненька лежала
І плакала в сні.
І хлопчик поміг їй   |
Й полічена пташка    |
Забула його,         |
Полетіла в весні.    | (2)

Не міг той хлопчина
Простити цій пташці,
Він не зрозумів,
Що співали вітри:
Що воля - це народна |
Пісня всіх пташок,   |
І так, мій коханий,  |
Я теж мушу жить.     | (2)

Чекав той хлопчина
На поворот пташки
І не дочекався,
Залишився самотній.
Та пташка дала       |
Собі раду на волі,   |
Тепер її місце       |
Не є у гнізді.       | (2)');
INSERT OR REPLACE INTO songs (id,title,subtitle,lang,country,period,year,source,notes,lyrics,tags_json,lang_locked,status,created_at,updated_at) VALUES ('pisniua_386364','Богородице Діво','Виконує: Ансамбль Львівського Університету "Черемош"','uk','ukraine_1991',NULL,NULL,'аудіозапис',NULL,'Богородице Діво,
Радуйся,
Богородице Діво,
Радуйся.

Благодатна Маріє,
Господь з Тобою,
Маріє.

Благословенна
Ти між жонами,
Благословенна
Ти між жонами
І благословенний
Плід утроби Твоєї,
Бо Ти породила
Христа Спаса,
Ізбавителя
Душ наших.','["pisni.org.ua", "cat:cerkovni", "cat:do-bohorodyci", "Церковні пісні", "Пісні до Богородиці"]',1,'published',COALESCE((SELECT created_at FROM songs WHERE id='pisniua_386364'), datetime('now')),datetime('now'));
INSERT OR REPLACE INTO songs_fts(song_id,title,lyrics) VALUES ('pisniua_386364','Богородице Діво','Богородице Діво,
Радуйся,
Богородице Діво,
Радуйся.

Благодатна Маріє,
Господь з Тобою,
Маріє.

Благословенна
Ти між жонами,
Благословенна
Ти між жонами
І благословенний
Плід утроби Твоєї,
Бо Ти породила
Христа Спаса,
Ізбавителя
Душ наших.');
INSERT OR REPLACE INTO song_links (id,song_id,title,url,kind,version_id,sort_order) VALUES ('pisniua_386364_l1','pisniua_386364','YouTube','https://www.youtube.com/watch?v=Co81-Cr_rGs','video',NULL,1);
INSERT OR REPLACE INTO song_links (id,song_id,title,url,kind,version_id,sort_order) VALUES ('pisniua_386364_l2','pisniua_386364','YouTube','https://www.youtube.com/watch?v=Cw8EqNHYumQ','video',NULL,2);
INSERT OR REPLACE INTO songs (id,title,subtitle,lang,country,period,year,source,notes,lyrics,tags_json,lang_locked,status,created_at,updated_at) VALUES ('pisniua_382626','На Україні лад і спокій','Слова: Сергій Кузьминський. Виконує: Брати Гадюкіни','uk','ukraine_1991',NULL,NULL,'аудіозапис',NULL,'Була хорошая погода,
За обрій сонечко сідало,
Усюди буйно квітла вся природа,
Баби в ставку білизну прали.
По радіо співав Ян Френкель,
Шо, як твой тонкий колосок,
А участковий Розумєйко
Робив собі новий свисток.

Приспів:
А на Україні лад і спокій,
А на Україні лад і спокій,
Щебече соловейко:
Цвінь-цвінь-цвінь,
Тьох-тьох-тьох,
Ай-ай-ай, ох-ох-ох,
З нами партія і Бог,
З нами партія і Бог!

Не треба, хлопці, хвилюватись:
Поїв вареників та й спати лягай,
А завтра знов "Здравствуйте, товарищи"
То був початок, а за морем край.
Заснули гнані і голодні,
Хто був ніким, той став нічим.
Це буде завтра, а сьогодні -
Не хочеш спати, то лежи й мовчи.

Приспів.

З нами партія і Бог,
З нами партія і Бог!','["pisni.org.ua", "cat:suspilno-politychni", "Суспільно-політичні пісні"]',1,'published',COALESCE((SELECT created_at FROM songs WHERE id='pisniua_382626'), datetime('now')),datetime('now'));
INSERT OR REPLACE INTO songs_fts(song_id,title,lyrics) VALUES ('pisniua_382626','На Україні лад і спокій','Була хорошая погода,
За обрій сонечко сідало,
Усюди буйно квітла вся природа,
Баби в ставку білизну прали.
По радіо співав Ян Френкель,
Шо, як твой тонкий колосок,
А участковий Розумєйко
Робив собі новий свисток.

Приспів:
А на Україні лад і спокій,
А на Україні лад і спокій,
Щебече соловейко:
Цвінь-цвінь-цвінь,
Тьох-тьох-тьох,
Ай-ай-ай, ох-ох-ох,
З нами партія і Бог,
З нами партія і Бог!

Не треба, хлопці, хвилюватись:
Поїв вареників та й спати лягай,
А завтра знов "Здравствуйте, товарищи"
То був початок, а за морем край.
Заснули гнані і голодні,
Хто був ніким, той став нічим.
Це буде завтра, а сьогодні -
Не хочеш спати, то лежи й мовчи.

Приспів.

З нами партія і Бог,
З нами партія і Бог!');
INSERT OR REPLACE INTO songs (id,title,subtitle,lang,country,period,year,source,notes,lyrics,tags_json,lang_locked,status,created_at,updated_at) VALUES ('pisniua_383962','Ой, чумаче, чумаче','Музика: народ Слова: народ','uk','ukraine_before_1917',NULL,NULL,'Український народний співаник, Мюнхен, 1946 р.',NULL,'Ой, чумаче, чумаче,
Ой, чумаче, чумаче,
Гей, чом не сієш, не ореш?

Чом не сієш, не ореш?
Чом не сієш, не ореш?
Гей, чом не рано з Криму йдеш?

Чом не рано з Криму йдеш?
Чом не рано з Криму йдеш?
Гей, не всіх чумаків ведеш?

"Ой, я сію і орю,
Ой, я сію і орю,
Гей, і раненько з Криму йду.

І раненько з Криму йду,
І раненько з Криму йду,
Гей, і всіх чумаків веду.

Тільки нема одного,
Тільки нема одного,
Гей, брата мого рідного.

Десь зостався у Криму,
Десь зостався у Криму,
Гей, брати солі на вагу.

Сталась йому причина,
Сталась йому причина,
Гей, сіль голову розбила.

Там між трьома шляхами,
Там між трьома шляхами,
Гей, там яму копали.

Ой, там яму копали,
Ой, там яму копали,
Гей, там чумака сховали!"','["pisni.org.ua", "cat:chumacki", "Чумацькі пісні"]',1,'published',COALESCE((SELECT created_at FROM songs WHERE id='pisniua_383962'), datetime('now')),datetime('now'));
INSERT OR REPLACE INTO songs_fts(song_id,title,lyrics) VALUES ('pisniua_383962','Ой, чумаче, чумаче','Ой, чумаче, чумаче,
Ой, чумаче, чумаче,
Гей, чом не сієш, не ореш?

Чом не сієш, не ореш?
Чом не сієш, не ореш?
Гей, чом не рано з Криму йдеш?

Чом не рано з Криму йдеш?
Чом не рано з Криму йдеш?
Гей, не всіх чумаків ведеш?

"Ой, я сію і орю,
Ой, я сію і орю,
Гей, і раненько з Криму йду.

І раненько з Криму йду,
І раненько з Криму йду,
Гей, і всіх чумаків веду.

Тільки нема одного,
Тільки нема одного,
Гей, брата мого рідного.

Десь зостався у Криму,
Десь зостався у Криму,
Гей, брати солі на вагу.

Сталась йому причина,
Сталась йому причина,
Гей, сіль голову розбила.

Там між трьома шляхами,
Там між трьома шляхами,
Гей, там яму копали.

Ой, там яму копали,
Ой, там яму копали,
Гей, там чумака сховали!"');
INSERT OR REPLACE INTO songs (id,title,subtitle,lang,country,period,year,source,notes,lyrics,tags_json,lang_locked,status,created_at,updated_at) VALUES ('pisniua_388020','В Пана Господаря Тернові Двори','Музика: народ Слова: народ','uk','ukraine_1991',NULL,NULL,'http://zabor.zp.ua','Можливе літературне втручання в кінці: До царя-султана Кайдани ламати. Кайдани ламати, Братів визволяти. Рокове Коло. Стежки до листків про Українські традиції. Староукраїнські Колядки і Щедрівки: Святе Різдво (Свято Різдва Світа: Свят-Вечір – Коляда)... Щедрий Вечір (Свято Місяця й Прадіда: Новий Рік ― Святі Водорщі) ― Весілля: Дівич-Вечір... Великдень... Зелені Свята (Трійця) ― Царинні Містерії... Івана Купала... Астральні Жнива... Рокове Коло.','В пана господаря
Тернові двори!
Тернові двори,
Тисові столи.

А поза столове
Сидять панове.
Ой, сидять, сидять,
Радоньку радять.

Та й складімось, браття,
Та й по золотому.
Та й по золотому,
Та й по червоному.

Та й купім, браття,
Золоті човни.
Золоті човни,
Срібні весельця.

Срібні весельця,
Шовкові шнури.
Та й спустімося, браття,
По тихому Дунаю.

По тихому Дунаю
Аж у Чорне море.
Та й підемо, браття,
До царя-султана.

До царя-султана
Кайдани ламати.
Кайдани ламати,
Братів визволяти.','["pisni.org.ua", "cat:suspilno-politychni", "Суспільно-політичні пісні"]',1,'published',COALESCE((SELECT created_at FROM songs WHERE id='pisniua_388020'), datetime('now')),datetime('now'));
INSERT OR REPLACE INTO songs_fts(song_id,title,lyrics) VALUES ('pisniua_388020','В Пана Господаря Тернові Двори','В пана господаря
Тернові двори!
Тернові двори,
Тисові столи.

А поза столове
Сидять панове.
Ой, сидять, сидять,
Радоньку радять.

Та й складімось, браття,
Та й по золотому.
Та й по золотому,
Та й по червоному.

Та й купім, браття,
Золоті човни.
Золоті човни,
Срібні весельця.

Срібні весельця,
Шовкові шнури.
Та й спустімося, браття,
По тихому Дунаю.

По тихому Дунаю
Аж у Чорне море.
Та й підемо, браття,
До царя-султана.

До царя-султана
Кайдани ламати.
Кайдани ламати,
Братів визволяти.');
INSERT OR REPLACE INTO songs (id,title,subtitle,lang,country,period,year,source,notes,lyrics,tags_json,lang_locked,status,created_at,updated_at) VALUES ('pisniua_387560','Жала Лесюня Шовкову Траву',NULL,'uk','ukraine_before_1917',NULL,NULL,'Староукраїнські релігійні роздуми про Бога © Видавництво "Павутинонька", Нью Йорк – Львів – Київ – Харків – Москва, 2004','Рокове Коло. Стежки до листків про Українські традиції. Староукраїнські Колядки і Щедрівки: Святе Різдво (Свято Різдва Світа: Свят-Вечір – Коляда)... Щедрий Вечір (Свято Місяця й Прадіда: Новий Рік ― Святі Водорщі) ― Весілля: Дівич-Вечір... Великдень... Зелені Свята (Трійця) ― Царинні Містерії... Івана Купала... Астральні Жнива... Рокове Коло.','Жала Лесюня Шовкову Траву
Приспів: По Зорі іже по Зорі
По Місяченьку видненько

Зустріли її Три Косарики
Косарики-мої-братики
Викосьте мені Шовкову Траву
Я вам буду всім Трьом платна
Їдному буде Шовкова Трава
Другому буде Золотий [Перстень]
Третьому буде сама Молода
Сама Молода-як-ягода','["pisni.org.ua", "cat:obzhynkovi", "Обжинкові пісні"]',1,'published',COALESCE((SELECT created_at FROM songs WHERE id='pisniua_387560'), datetime('now')),datetime('now'));
INSERT OR REPLACE INTO songs_fts(song_id,title,lyrics) VALUES ('pisniua_387560','Жала Лесюня Шовкову Траву','Жала Лесюня Шовкову Траву
Приспів: По Зорі іже по Зорі
По Місяченьку видненько

Зустріли її Три Косарики
Косарики-мої-братики
Викосьте мені Шовкову Траву
Я вам буду всім Трьом платна
Їдному буде Шовкова Трава
Другому буде Золотий [Перстень]
Третьому буде сама Молода
Сама Молода-як-ягода');
INSERT OR REPLACE INTO songs (id,title,subtitle,lang,country,period,year,source,notes,lyrics,tags_json,lang_locked,status,created_at,updated_at) VALUES ('pisniua_387424','Пісня жовтодзюбів',NULL,'uk','ukraine_1991',NULL,NULL,'аудіозапис',NULL,'Ми діти українські,
Ми юні, мов квітки,
Маленькі жовтодзюби,
Пластові новаки.

Як виростем великі
Хоробрі вояки,
Відстоєм Україну
Від вражої руки.

Ми любим рідні хати,
Широкий степ і гай.
Від Сяну до Кубані
Лежить наш рідний край.','["pisni.org.ua", "cat:plastovi", "Пластові пісні"]',1,'published',COALESCE((SELECT created_at FROM songs WHERE id='pisniua_387424'), datetime('now')),datetime('now'));
INSERT OR REPLACE INTO songs_fts(song_id,title,lyrics) VALUES ('pisniua_387424','Пісня жовтодзюбів','Ми діти українські,
Ми юні, мов квітки,
Маленькі жовтодзюби,
Пластові новаки.

Як виростем великі
Хоробрі вояки,
Відстоєм Україну
Від вражої руки.

Ми любим рідні хати,
Широкий степ і гай.
Від Сяну до Кубані
Лежить наш рідний край.');
INSERT OR REPLACE INTO song_links (id,song_id,title,url,kind,version_id,sort_order) VALUES ('pisniua_387424_l1','pisniua_387424','YouTube','https://www.youtube.com/watch?v=XRLrx2lSjDg','video',NULL,1);
INSERT OR REPLACE INTO songs (id,title,subtitle,lang,country,period,year,source,notes,lyrics,tags_json,lang_locked,status,created_at,updated_at) VALUES ('pisniua_38962','Іване, Іваноньку!','Українська народна пісня','uk','ukraine_before_1917',NULL,NULL,'Ой на Івана та й на Купайла...- Львів: Студентське братство ЛНУ ім.І.Франка, 2002',NULL,'Іване, Іваноньку!
Не переходь доріжоньку:
Як перейдеш - винен будеш,
свого коника загубиш.

Як піймаєм - порубаєм,
на  купочку поскладаєм,
посічем на капусточку,
на дрібний мак в городочку.

Посієм тя на грядочках,
на грядочках, в трьох рядочках:
Перше зілля - барвіночок,
друге зілля - блаваточок,

третє зілля - любисточок,
щоби любив коханочок.
Барвіночок, блаваточок
будуть дівкам на віночок.    Основна мелодія','["pisni.org.ua", "cat:kupalski", "Купальські пісні"]',1,'published',COALESCE((SELECT created_at FROM songs WHERE id='pisniua_38962'), datetime('now')),datetime('now'));
INSERT OR REPLACE INTO songs_fts(song_id,title,lyrics) VALUES ('pisniua_38962','Іване, Іваноньку!','Іване, Іваноньку!
Не переходь доріжоньку:
Як перейдеш - винен будеш,
свого коника загубиш.

Як піймаєм - порубаєм,
на  купочку поскладаєм,
посічем на капусточку,
на дрібний мак в городочку.

Посієм тя на грядочках,
на грядочках, в трьох рядочках:
Перше зілля - барвіночок,
друге зілля - блаваточок,

третє зілля - любисточок,
щоби любив коханочок.
Барвіночок, блаваточок
будуть дівкам на віночок.    Основна мелодія');
INSERT OR REPLACE INTO songs (id,title,subtitle,lang,country,period,year,source,notes,lyrics,tags_json,lang_locked,status,created_at,updated_at) VALUES ('pisniua_392065','Пасла Дівчина Чотири Воли',NULL,'uk','ukraine_before_1917',NULL,NULL,'Староукраїнські релігійні роздуми про Бога © Видавництво "Павутинонька", Нью Йорк – Львів – Київ – Харків – Москва, 2004','Рокове Коло. Стежки до листків про Українські традиції. Староукраїнські Колядки і Щедрівки: Святе Різдво (Свято Різдва Світа: Свят-Вечір – Коляда) ― Святий Збір (Трійця) ― Щедрий Вечір (Свято Місяця й Прадіда: Новий Рік ― Святі Водорщі) ― Весілля: Дівич-Вечір... Великдень... Зелені Свята (Трійця) ― Царинні Містерії... Івана Купала... Астральні Жнива... Рокове Коло.','Пасла Дівчина Чотири Воли

Приспів:
Під Бором
Під Бором-бором
Під Зелененьким Явором

Гей пасла-пасла всі погубила
Піди Батеньку Волики знайди
Батенько пішов Волів не знайшов

Пасла Дівчина Чотири Воли
Гей пасла-пасла всі погубила
Піди Матінко Волики знайди
Матінка пішла Волів не знайшла

Пасла Дівчина Чотири Воли
Гей пасла-пасла всі погубила
Піди Браччику Волики знайди
Йа Браччик пішов Волів не знайшов

Пасла Дівчина Чотири Воли
Гей пасла-пасла всі погубила
Піди Сестричко Волики знайди
Сестричка пішла Волів не знайшла

Пасла Дівчина Чотири Воли
Гей пасла-пасла всі погубила
Піди Миленький Волики знайди
Миленький пішов Волики знайшов','["pisni.org.ua", "cat:vesilni", "Весільні пісні"]',1,'published',COALESCE((SELECT created_at FROM songs WHERE id='pisniua_392065'), datetime('now')),datetime('now'));
INSERT OR REPLACE INTO songs_fts(song_id,title,lyrics) VALUES ('pisniua_392065','Пасла Дівчина Чотири Воли','Пасла Дівчина Чотири Воли

Приспів:
Під Бором
Під Бором-бором
Під Зелененьким Явором

Гей пасла-пасла всі погубила
Піди Батеньку Волики знайди
Батенько пішов Волів не знайшов

Пасла Дівчина Чотири Воли
Гей пасла-пасла всі погубила
Піди Матінко Волики знайди
Матінка пішла Волів не знайшла

Пасла Дівчина Чотири Воли
Гей пасла-пасла всі погубила
Піди Браччику Волики знайди
Йа Браччик пішов Волів не знайшов

Пасла Дівчина Чотири Воли
Гей пасла-пасла всі погубила
Піди Сестричко Волики знайди
Сестричка пішла Волів не знайшла

Пасла Дівчина Чотири Воли
Гей пасла-пасла всі погубила
Піди Миленький Волики знайди
Миленький пішов Волики знайшов');
INSERT OR REPLACE INTO songs (id,title,subtitle,lang,country,period,year,source,notes,lyrics,tags_json,lang_locked,status,created_at,updated_at) VALUES ('pisniua_3869','Похід козаків','Музика: Андрій Гавур Слова: Василь Симоненко. Виконує: Тарас Гривул','uk','ukraine_1991',NULL,NULL,'Пісневир. Молодіжний співаник. Львів 2001.','Підбір акордів: Гуру','Що ярами глибокими,   степом та лісами,
Йшли козаки проти хана - блискали списами.
Гей, іржали дикі коні - вороні, булані.
D
Майоріли короговки...
Майоріли короговки у густім тумані.

Попереду на баскому, на коні гарячім
Їхав славний Конашевич - кошовий козачий.
Йшли бити татарина, табуни займати,
І гриміло над степами,
і ревіло над степами грізне:

Приспів:
Ой гай, мати, ой гай, мати, гай, широкі ниви.
Підем в гості к бусурману -  натворимо дива.
Ой гай, мати, ой гай, мати, гай, та не загайся.
Am
Не весілля, а поминки...
Не весілля, а поминки відправлять збирайся.

Та не плач ти над труною, не зітхай тяженько.
Краще в пісню свою тугу вилий, стара ненько.
Щоби слава наша в пісні линула світами.
Щоб гордилась Україна...
Щоб гордилась Україна нами, козаками.

Приспів.','["pisni.org.ua", "cat:bardivski", "Бардівські пісні"]',1,'published',COALESCE((SELECT created_at FROM songs WHERE id='pisniua_3869'), datetime('now')),datetime('now'));
INSERT OR REPLACE INTO songs_fts(song_id,title,lyrics) VALUES ('pisniua_3869','Похід козаків','Що ярами глибокими,   степом та лісами,
Йшли козаки проти хана - блискали списами.
Гей, іржали дикі коні - вороні, булані.
D
Майоріли короговки...
Майоріли короговки у густім тумані.

Попереду на баскому, на коні гарячім
Їхав славний Конашевич - кошовий козачий.
Йшли бити татарина, табуни займати,
І гриміло над степами,
і ревіло над степами грізне:

Приспів:
Ой гай, мати, ой гай, мати, гай, широкі ниви.
Підем в гості к бусурману -  натворимо дива.
Ой гай, мати, ой гай, мати, гай, та не загайся.
Am
Не весілля, а поминки...
Не весілля, а поминки відправлять збирайся.

Та не плач ти над труною, не зітхай тяженько.
Краще в пісню свою тугу вилий, стара ненько.
Щоби слава наша в пісні линула світами.
Щоб гордилась Україна...
Щоб гордилась Україна нами, козаками.

Приспів.');
INSERT OR REPLACE INTO song_links (id,song_id,title,url,kind,version_id,sort_order) VALUES ('pisniua_3869_l1','pisniua_3869','http://plast-scouting.org/music/','http://plast-scouting.org/music/','external',NULL,1);
INSERT OR REPLACE INTO songs (id,title,subtitle,lang,country,period,year,source,notes,lyrics,tags_json,lang_locked,status,created_at,updated_at) VALUES ('pisniua_387121','Чотири мідяки','Українська народна пісня','uk','ukraine_before_1917',NULL,NULL,'аудіозапис',NULL,'Чотири мідяки, згорілі сірники,
Щербатий гребінець, квиток в один кінець.
Нічого більше в кишенях не було,
Нічого більше не було.
Нічого більше в кишенях не було,
Нічого не було.

Він, мабуть, мав якесь ім''я,
І десь лишилася сім''я,
І десь чекає отчий дім,
Ну, що залишилось по нім? -
Чотири мідяки...

Колись настане нудний день,
Тобі не вистарчить пісень,
Запхаєш руку до кишень,
Ну, що знайдеш ти там?','["pisni.org.ua", "cat:plastovi", "Пластові пісні"]',1,'published',COALESCE((SELECT created_at FROM songs WHERE id='pisniua_387121'), datetime('now')),datetime('now'));
INSERT OR REPLACE INTO songs_fts(song_id,title,lyrics) VALUES ('pisniua_387121','Чотири мідяки','Чотири мідяки, згорілі сірники,
Щербатий гребінець, квиток в один кінець.
Нічого більше в кишенях не було,
Нічого більше не було.
Нічого більше в кишенях не було,
Нічого не було.

Він, мабуть, мав якесь ім''я,
І десь лишилася сім''я,
І десь чекає отчий дім,
Ну, що залишилось по нім? -
Чотири мідяки...

Колись настане нудний день,
Тобі не вистарчить пісень,
Запхаєш руку до кишень,
Ну, що знайдеш ти там?');
INSERT OR REPLACE INTO songs (id,title,subtitle,lang,country,period,year,source,notes,lyrics,tags_json,lang_locked,status,created_at,updated_at) VALUES ('pisniua_391929','З Новим роком',NULL,'uk','ukraine_1991',NULL,NULL,NULL,NULL,'1. Нехай залишаться в Старому році
Сльози, хвороби і біди.
Хай подобріють всі люди недобрі,
Нехай їм стане легше на світі.
Нехай малесеньке Боже дитятко
Зігріє наші змучені душі,
Нехай збуваються всі наші мрії
І бідувати ніхто не мусить.

Приспів:
З Новим роком і Рождеством,
Я знову повертаюсь додому.
З Новим роком і Рождеством,
Ялинки, вогники кольорові.
З Новим роком і Рождеством,
Побачимося з вами на свята.
З Новим роком і Рождеством,
У сніжки бавляться ангелята.

2. Нехай забудуться зло і образи,
Недобре слово тяжче за камінь.
Нехай повернеться наша надія,
Яку ми безнадійно шукаєм.
Нехай всіх діток, що без мами і тата,
Прийме велика, тепла родина,
Нехай добро не землю випаде снігом
І краща стане кожна людина.','["pisni.org.ua", "cat:new-year", "Пісні про Новий Рік"]',1,'published',COALESCE((SELECT created_at FROM songs WHERE id='pisniua_391929'), datetime('now')),datetime('now'));
INSERT OR REPLACE INTO songs_fts(song_id,title,lyrics) VALUES ('pisniua_391929','З Новим роком','1. Нехай залишаться в Старому році
Сльози, хвороби і біди.
Хай подобріють всі люди недобрі,
Нехай їм стане легше на світі.
Нехай малесеньке Боже дитятко
Зігріє наші змучені душі,
Нехай збуваються всі наші мрії
І бідувати ніхто не мусить.

Приспів:
З Новим роком і Рождеством,
Я знову повертаюсь додому.
З Новим роком і Рождеством,
Ялинки, вогники кольорові.
З Новим роком і Рождеством,
Побачимося з вами на свята.
З Новим роком і Рождеством,
У сніжки бавляться ангелята.

2. Нехай забудуться зло і образи,
Недобре слово тяжче за камінь.
Нехай повернеться наша надія,
Яку ми безнадійно шукаєм.
Нехай всіх діток, що без мами і тата,
Прийме велика, тепла родина,
Нехай добро не землю випаде снігом
І краща стане кожна людина.');
INSERT OR REPLACE INTO songs (id,title,subtitle,lang,country,period,year,source,notes,lyrics,tags_json,lang_locked,status,created_at,updated_at) VALUES ('pisniua_391626','Хлопці зажурились','Українська народна пісня','uk','ukraine_before_1917',NULL,NULL,NULL,'Незнаю автора і виконавця. Може це народна, а може і авторська.','А на нашій вулиці
Хлопці зажурилися.
Всі дівчита заміж йдуть,
Лиш вони лишилися.

Приспів: (2)
І приходить вже кінець,
Йдуть дівчата під вінець.
Треба нам дивитися
На котрій женитися.

Наша юність золота
Пропита горілкою.
Вчора була молода,
Нині стала жінкою.

Приспів. (2)

А ми тьощу проженем
І щасливо заживем.
Буде тьоща добре знати,
Як такого зятя мати.

Приспів. (2)

А як була молода-
До серця тулилася.
А як стала жінкою-
Відьмою зробилася.

Приспів. (2)','["pisni.org.ua", "cat:socialno-pobutovi", "Соціально-побутові пісні"]',1,'published',COALESCE((SELECT created_at FROM songs WHERE id='pisniua_391626'), datetime('now')),datetime('now'));
INSERT OR REPLACE INTO songs_fts(song_id,title,lyrics) VALUES ('pisniua_391626','Хлопці зажурились','А на нашій вулиці
Хлопці зажурилися.
Всі дівчита заміж йдуть,
Лиш вони лишилися.

Приспів: (2)
І приходить вже кінець,
Йдуть дівчата під вінець.
Треба нам дивитися
На котрій женитися.

Наша юність золота
Пропита горілкою.
Вчора була молода,
Нині стала жінкою.

Приспів. (2)

А ми тьощу проженем
І щасливо заживем.
Буде тьоща добре знати,
Як такого зятя мати.

Приспів. (2)

А як була молода-
До серця тулилася.
А як стала жінкою-
Відьмою зробилася.

Приспів. (2)');
INSERT OR REPLACE INTO song_links (id,song_id,title,url,kind,version_id,sort_order) VALUES ('pisniua_391626_l1','pisniua_391626','YouTube','https://www.youtube.com/watch?v=cGpHbRuN4hM','video',NULL,1);
INSERT OR REPLACE INTO song_links (id,song_id,title,url,kind,version_id,sort_order) VALUES ('pisniua_391626_l2','pisniua_391626','YouTube','https://www.youtube.com/watch?v=BlGVrrLpmiM','video',NULL,2);
INSERT OR REPLACE INTO songs (id,title,subtitle,lang,country,period,year,source,notes,lyrics,tags_json,lang_locked,status,created_at,updated_at) VALUES ('pisniua_392364','Я єстем музика','Українська народна пісня. Виконує: Коралі','uk','ukraine_before_1917',NULL,NULL,'аудіозапис',NULL,'Я єстем музика,
Походжу із лемків землі
І ми всі музики, походимо теж.
Я вмію грати, і ми вмієм грати,
А я вмію на дудочку,
І ми вмієм на дудочку.
Ду-ду-ду-ду-ду-ду-ду-ду,     |
Ду-ду-ду-ду-ду-ду.           | (2)

Я єстем музика,
Походжу із лемків землі
І ми всі музики, походимо теж.
Я вмію грати, і ми вмієм грати,
А я вмію на скрипочку,
І ми вмієм на скрипочку.
Скрипу-скрипу-скрипу-скрипу, |
Скрипу-скрипу-скрипу-скрипу. | (4)

Я єстем музика,
Походжу із лемків землі
І ми всі музики, походимо теж.
Я вмію грати, і ми вмієм грати,
А я вмію на ділінді,
І ми вмієм на ділінді.
Ділінь-ділінь-ділінь-ділінь, |
Ділінь-ділінь-ділінь-ділінь. | (4)

Я єстем музика,
Походжу із лемків землі
І ми всі музики, походимо теж.
Я вмію грати, і ми вмієм грати,
А я вмію на белембі,
І ми вмієм на белембі.
Белем-белем-белем-белем,     |
Белем-белем-белем-белем.     | (2)

Ділінь-ділінь-ділінь-ділінь, |
Ділінь-ділінь-ділінь-ділінь. | (2)

Скрипу-скрипу-скрипу-скрипу, |
Скрипу-скрипу-скрипу-скрипу. | (2)

Ду-ду-ду-ду-ду-ду-ду-ду,     |
Ду-ду-ду-ду-ду-ду.           | (2)','["pisni.org.ua", "cat:lemkivski", "Лемківські пісні"]',1,'published',COALESCE((SELECT created_at FROM songs WHERE id='pisniua_392364'), datetime('now')),datetime('now'));
INSERT OR REPLACE INTO songs_fts(song_id,title,lyrics) VALUES ('pisniua_392364','Я єстем музика','Я єстем музика,
Походжу із лемків землі
І ми всі музики, походимо теж.
Я вмію грати, і ми вмієм грати,
А я вмію на дудочку,
І ми вмієм на дудочку.
Ду-ду-ду-ду-ду-ду-ду-ду,     |
Ду-ду-ду-ду-ду-ду.           | (2)

Я єстем музика,
Походжу із лемків землі
І ми всі музики, походимо теж.
Я вмію грати, і ми вмієм грати,
А я вмію на скрипочку,
І ми вмієм на скрипочку.
Скрипу-скрипу-скрипу-скрипу, |
Скрипу-скрипу-скрипу-скрипу. | (4)

Я єстем музика,
Походжу із лемків землі
І ми всі музики, походимо теж.
Я вмію грати, і ми вмієм грати,
А я вмію на ділінді,
І ми вмієм на ділінді.
Ділінь-ділінь-ділінь-ділінь, |
Ділінь-ділінь-ділінь-ділінь. | (4)

Я єстем музика,
Походжу із лемків землі
І ми всі музики, походимо теж.
Я вмію грати, і ми вмієм грати,
А я вмію на белембі,
І ми вмієм на белембі.
Белем-белем-белем-белем,     |
Белем-белем-белем-белем.     | (2)

Ділінь-ділінь-ділінь-ділінь, |
Ділінь-ділінь-ділінь-ділінь. | (2)

Скрипу-скрипу-скрипу-скрипу, |
Скрипу-скрипу-скрипу-скрипу. | (2)

Ду-ду-ду-ду-ду-ду-ду-ду,     |
Ду-ду-ду-ду-ду-ду.           | (2)');
INSERT OR REPLACE INTO song_links (id,song_id,title,url,kind,version_id,sort_order) VALUES ('pisniua_392364_l1','pisniua_392364','YouTube','https://www.youtube.com/watch?v=1k32xsiPoVI','video',NULL,1);
INSERT OR REPLACE INTO songs (id,title,subtitle,lang,country,period,year,source,notes,lyrics,tags_json,lang_locked,status,created_at,updated_at) VALUES ('pisniua_388168','Ой в Ліску в Ліску на Жовтім Піску','Музика: народ Слова: народ','uk','ukraine_before_1917',NULL,NULL,'Колядки і щедрівки. - К.: Музична Україна. - 1991. - 240 с.','Колядка Дівчині. Рокове Коло. Стежки до листків про Українські традиції. Староукраїнські Колядки і Щедрівки: Святе Різдво (Свято Різдва Світа: Свят-Вечір – Коляда)... Щедрий Вечір (Свято Місяця й Прадіда: Новий Рік ― Святі Водорщі) ― Весілля: Дівич-Вечір... Великдень... Зелені Свята (Трійця) ― Царинні Містерії... Івана Купала... Астральні Жнива... Рокове Коло.','Ой в ліску, в ліску, на жовтім піску.
Приспівка: Святий вечір!

Росте деревце тонке, високе,
Тонке, високе, листом широке,
Листом широке, верхом кудряве,
Верхом кудряве, ще й кучеряве.
На тім деревці сив сокіл сидить,
Сив сокіл сидить, далеко видить.
Ой видить, видить на чисте поле,
На чисте поле, на синє море.
На синім морі корабель пливе,
Корабель пливе, аж море гуде.
А в тім кораблі світлонька горить,
А в тій світлоньці гречна панна сидить.
Гречная панна, панна Ганнуся.
Ой сидить, сидить, три хустки рубить.
Першую рубить свому свекрові,
Другую рубить своїй свекрусі,
Третюю рубить свому милому.
- Ой дати б, дати, ким передати?
Ні сором, ні два, понесу сама.
Як у двір ввійшла, як зоря зійшла.
В сіни влетіла ластівочкою,
До хати увійшла невісточкою.','["pisni.org.ua", "cat:vesilni", "Весільні пісні"]',1,'published',COALESCE((SELECT created_at FROM songs WHERE id='pisniua_388168'), datetime('now')),datetime('now'));
INSERT OR REPLACE INTO songs_fts(song_id,title,lyrics) VALUES ('pisniua_388168','Ой в Ліску в Ліску на Жовтім Піску','Ой в ліску, в ліску, на жовтім піску.
Приспівка: Святий вечір!

Росте деревце тонке, високе,
Тонке, високе, листом широке,
Листом широке, верхом кудряве,
Верхом кудряве, ще й кучеряве.
На тім деревці сив сокіл сидить,
Сив сокіл сидить, далеко видить.
Ой видить, видить на чисте поле,
На чисте поле, на синє море.
На синім морі корабель пливе,
Корабель пливе, аж море гуде.
А в тім кораблі світлонька горить,
А в тій світлоньці гречна панна сидить.
Гречная панна, панна Ганнуся.
Ой сидить, сидить, три хустки рубить.
Першую рубить свому свекрові,
Другую рубить своїй свекрусі,
Третюю рубить свому милому.
- Ой дати б, дати, ким передати?
Ні сором, ні два, понесу сама.
Як у двір ввійшла, як зоря зійшла.
В сіни влетіла ластівочкою,
До хати увійшла невісточкою.');
INSERT OR REPLACE INTO songs (id,title,subtitle,lang,country,period,year,source,notes,lyrics,tags_json,lang_locked,status,created_at,updated_at) VALUES ('pisniua_398364','Колискова','(Коли, коли, коли Сонко...). Музика: Марія Бурмака Слова: Олесь Гончар. Виконує: Марія Бурмака','uk','ukraine_before_1917',NULL,NULL,'аудіозапис',NULL,'Коли, коли, коли Сонко
Ще був маленький,
Колисала колисоньку
Дрімота-ненька.

Тепер, тепер вже сам Сонко
Тебе колише,
Тепер, тепер в твоє личко
Сон-зіллям дише.

Коли, коли будеш синку,
Мов козак хоробрий
І правді брат, тобі синку,
Будько буде добрий.

Колись, колись, коли Сонко
Ще був маленький,
Колисала колисоньку
Дрімота-ненька.','["pisni.org.ua", "cat:kolyskovi", "Колискові"]',1,'published',COALESCE((SELECT created_at FROM songs WHERE id='pisniua_398364'), datetime('now')),datetime('now'));
INSERT OR REPLACE INTO songs_fts(song_id,title,lyrics) VALUES ('pisniua_398364','Колискова','Коли, коли, коли Сонко
Ще був маленький,
Колисала колисоньку
Дрімота-ненька.

Тепер, тепер вже сам Сонко
Тебе колише,
Тепер, тепер в твоє личко
Сон-зіллям дише.

Коли, коли будеш синку,
Мов козак хоробрий
І правді брат, тобі синку,
Будько буде добрий.

Колись, колись, коли Сонко
Ще був маленький,
Колисала колисоньку
Дрімота-ненька.');
INSERT OR REPLACE INTO songs (id,title,subtitle,lang,country,period,year,source,notes,lyrics,tags_json,lang_locked,status,created_at,updated_at) VALUES ('pisniua_394323','Пречистая Діва','Українська народна пісня. Виконує: Диво','uk','ukraine_before_1917',NULL,NULL,NULL,NULL,'Пречистая Діва Сина породила.
Ой, рано!
Ой, рано-раненько радуйся,
Земленько!
Христос народився!

А за блиском зорі
Ідуть в покорі
Три славні царі!
Три царі славні царі
І приносять дари
Христу в офіру!

І ми також нині,
Ісусу Дитині
Поклін всі віддаймо!
Поклін всі віддаймо,
Його прославляймо
Щирим серцем та чистим.

Поклін всі віддаймо!
Поклін всі віддаймо,
Його прославляймо
Щирим серцем та чистим.

Пречистая Діва Сина породила.
Ой, рано!
Ой, рано-раненько радуйся,
Земленько.
Христос народився!
Пречистая Діва Сина породила.
Ой, рано!
Ой, рано-раненько радуйся,
Земленько.
Христос народився!','["pisni.org.ua", "cat:christian", "Пісні на християнську тематику"]',1,'published',COALESCE((SELECT created_at FROM songs WHERE id='pisniua_394323'), datetime('now')),datetime('now'));
INSERT OR REPLACE INTO songs_fts(song_id,title,lyrics) VALUES ('pisniua_394323','Пречистая Діва','Пречистая Діва Сина породила.
Ой, рано!
Ой, рано-раненько радуйся,
Земленько!
Христос народився!

А за блиском зорі
Ідуть в покорі
Три славні царі!
Три царі славні царі
І приносять дари
Христу в офіру!

І ми також нині,
Ісусу Дитині
Поклін всі віддаймо!
Поклін всі віддаймо,
Його прославляймо
Щирим серцем та чистим.

Поклін всі віддаймо!
Поклін всі віддаймо,
Його прославляймо
Щирим серцем та чистим.

Пречистая Діва Сина породила.
Ой, рано!
Ой, рано-раненько радуйся,
Земленько.
Христос народився!
Пречистая Діва Сина породила.
Ой, рано!
Ой, рано-раненько радуйся,
Земленько.
Христос народився!');
INSERT OR REPLACE INTO song_links (id,song_id,title,url,kind,version_id,sort_order) VALUES ('pisniua_394323_l1','pisniua_394323','YouTube','https://www.youtube.com/watch?v=saOJWnEEuBI','video',NULL,1);
INSERT OR REPLACE INTO song_links (id,song_id,title,url,kind,version_id,sort_order) VALUES ('pisniua_394323_l2','pisniua_394323','YouTube','https://www.youtube.com/watch?v=WFNn1kJpkkw','video',NULL,2);
INSERT OR REPLACE INTO song_links (id,song_id,title,url,kind,version_id,sort_order) VALUES ('pisniua_394323_l3','pisniua_394323','Переглянути варіанти >>','https://www.pisni.org.ua/#variants','external',NULL,3);
INSERT OR REPLACE INTO songs (id,title,subtitle,lang,country,period,year,source,notes,lyrics,tags_json,lang_locked,status,created_at,updated_at) VALUES ('pisniua_393121','В Різдвяну ніч','Музика: Мирослава Сидор Слова: Мирослава Сидор. Виконує: Дударик','uk','ukraine_before_1917',NULL,NULL,'аудіозапис',NULL,'В Різдвяну ніч зорі горять,
В Різдвяну ніч люди не сплять.
Бо ніч надходить, зірка сходить, |
А Діва родить для нас Христа.    | (2)

В Різдвяну ніч залишмо сум,
Позбудьмося лукавих дум.
Бо ніч надходить, зірка сходить, |
А Діва родить для нас Христа.    | (2)

В Різдвяну ніч все всім простім, -
Хай благодать прийде в ваш дім.
Бо ніч надходить, зірка сходить, |
А Діва родить для нас Христа.    | (2)

В Різдвяну ніч зорі горять,
В Різдвяну ніч люди не сплять.
Бо ніч надходить, зірка сходить, |
А Діва родить для нас Христа.    | (2)','["pisni.org.ua", "cat:kolyadky", "Колядки"]',1,'published',COALESCE((SELECT created_at FROM songs WHERE id='pisniua_393121'), datetime('now')),datetime('now'));
INSERT OR REPLACE INTO songs_fts(song_id,title,lyrics) VALUES ('pisniua_393121','В Різдвяну ніч','В Різдвяну ніч зорі горять,
В Різдвяну ніч люди не сплять.
Бо ніч надходить, зірка сходить, |
А Діва родить для нас Христа.    | (2)

В Різдвяну ніч залишмо сум,
Позбудьмося лукавих дум.
Бо ніч надходить, зірка сходить, |
А Діва родить для нас Христа.    | (2)

В Різдвяну ніч все всім простім, -
Хай благодать прийде в ваш дім.
Бо ніч надходить, зірка сходить, |
А Діва родить для нас Христа.    | (2)

В Різдвяну ніч зорі горять,
В Різдвяну ніч люди не сплять.
Бо ніч надходить, зірка сходить, |
А Діва родить для нас Христа.    | (2)');
INSERT OR REPLACE INTO song_links (id,song_id,title,url,kind,version_id,sort_order) VALUES ('pisniua_393121_l1','pisniua_393121','YouTube','https://www.youtube.com/watch?v=YNVkPLt57BI','video',NULL,1);
INSERT OR REPLACE INTO songs (id,title,subtitle,lang,country,period,year,source,notes,lyrics,tags_json,lang_locked,status,created_at,updated_at) VALUES ('pisniua_393261','Мамо, але я дурна','Музика: Віка Врадій Слова: Віка Врадій. Виконує: Віка Врадій','uk','ukraine_before_1917',NULL,NULL,'аудіозапис',NULL,'Ви мя послали мамо вчитися до Львова,
Я поступила в трете ПТУ.
На ту стипендію розїлась, як корова,
Бо пиріжки дешеві, як гівно.

Приспів:
Мамо, що маю робити?
Мамо, але я дурна!
Мамо, ну що маю робити?
Мамо, але я дурна!

Ви наказали, мамо, щоб я не гуляла,
Бо львівські хлопці хочуть тілько секс,
Свого наставника я врешті покохала,
Він має дачу, але старий, як пес.

Приспів.

Перегідрольм вибілила коси,
Побрила ноги, маю манікьюр,
Тепер по ночах я вивчаю секси,
А в день на парі я роблю перекур.

Приспів.

Мамо!','["pisni.org.ua", "cat:zhartivlyvi", "Жартівливі пісні"]',1,'published',COALESCE((SELECT created_at FROM songs WHERE id='pisniua_393261'), datetime('now')),datetime('now'));
INSERT OR REPLACE INTO songs_fts(song_id,title,lyrics) VALUES ('pisniua_393261','Мамо, але я дурна','Ви мя послали мамо вчитися до Львова,
Я поступила в трете ПТУ.
На ту стипендію розїлась, як корова,
Бо пиріжки дешеві, як гівно.

Приспів:
Мамо, що маю робити?
Мамо, але я дурна!
Мамо, ну що маю робити?
Мамо, але я дурна!

Ви наказали, мамо, щоб я не гуляла,
Бо львівські хлопці хочуть тілько секс,
Свого наставника я врешті покохала,
Він має дачу, але старий, як пес.

Приспів.

Перегідрольм вибілила коси,
Побрила ноги, маю манікьюр,
Тепер по ночах я вивчаю секси,
А в день на парі я роблю перекур.

Приспів.

Мамо!');
INSERT OR REPLACE INTO songs (id,title,subtitle,lang,country,period,year,source,notes,lyrics,tags_json,lang_locked,status,created_at,updated_at) VALUES ('pisniua_39424','Ні обіцянок, ні пробачень','Музика: Сергій Лазо Слова: Сергій Лазо. Виконує: Віктор Павлік','uk','ukraine_before_1917',NULL,NULL,NULL,'Вступ не мав вже сил підбирати, кому то важливо - вперед. Підбір акордів: kolivan','Вступ: Em

Іще два тижні, і запалає
Пожежа сонця у жовтім клені,
Я погляд твій кожен день шукаю.
Твій літній погляд очей зелених.

Приспів:
Ні обіцянок, ні пробачень
Все сталося само собою,
Слова набули нових значень,
Ми ж не змінилися з тобою.

Я в перший раз не чекаю осінь,
Бо з нею в літо не повернутись.
І вітер грає твоїм волоссям,
А я не можу і доторкнутись.

Приспів. (2)

Хоча б на мить, хоча б на хвилину
Спинити час і тебе серпневу.
Моя біда і твоя провина,
що наше щастя розтало в небі.

Приспів. (2) (останній рядок повторюється чотири рази)','["pisni.org.ua", "cat:lirychni", "Пісні про кохання, ліричні"]',1,'published',COALESCE((SELECT created_at FROM songs WHERE id='pisniua_39424'), datetime('now')),datetime('now'));
INSERT OR REPLACE INTO songs_fts(song_id,title,lyrics) VALUES ('pisniua_39424','Ні обіцянок, ні пробачень','Вступ: Em

Іще два тижні, і запалає
Пожежа сонця у жовтім клені,
Я погляд твій кожен день шукаю.
Твій літній погляд очей зелених.

Приспів:
Ні обіцянок, ні пробачень
Все сталося само собою,
Слова набули нових значень,
Ми ж не змінилися з тобою.

Я в перший раз не чекаю осінь,
Бо з нею в літо не повернутись.
І вітер грає твоїм волоссям,
А я не можу і доторкнутись.

Приспів. (2)

Хоча б на мить, хоча б на хвилину
Спинити час і тебе серпневу.
Моя біда і твоя провина,
що наше щастя розтало в небі.

Приспів. (2) (останній рядок повторюється чотири рази)');
INSERT OR REPLACE INTO song_links (id,song_id,title,url,kind,version_id,sort_order) VALUES ('pisniua_39424_l1','pisniua_39424','YouTube','https://www.youtube.com/watch?v=9ivsllc8lm4','video',NULL,1);
INSERT OR REPLACE INTO song_links (id,song_id,title,url,kind,version_id,sort_order) VALUES ('pisniua_39424_l2','pisniua_39424','YouTube','https://www.youtube.com/watch?v=9MH3Rixcq-M','video',NULL,2);
INSERT OR REPLACE INTO song_links (id,song_id,title,url,kind,version_id,sort_order) VALUES ('pisniua_39424_l3','pisniua_39424','YouTube','https://www.youtube.com/watch?v=nMBm1f9tH_U','video',NULL,3);
INSERT OR REPLACE INTO songs (id,title,subtitle,lang,country,period,year,source,notes,lyrics,tags_json,lang_locked,status,created_at,updated_at) VALUES ('pisniua_397766','Гей, Іване','Музика: народна Слова: народ. Виконує: Гопак, Рената Бабак','uk','ukraine_before_1917',NULL,NULL,'аудіозапис',NULL,'Гей, Іване, Іване миленький,
Чому ж мені через тебе
Світ не веселенький?

Гей, Іване, Іване, Іване,
Прийди, прийди, мій миленький,
Бо серденько в''яне.

Гей, Іване, прийди погуляти,
А я тебе поцілую,
Щоб не знала мати.

Ой співаю співаночки
Весело, весело -
Чути мої співаночки
На другоє село.

Сидить Василь коло ясел
Корівок годує, -
Дай ня Боже здоров''ячка,
Як файно цілує.

Сидить Юра коло мура,
А я коло нього,
Який Юра файний хлопець -
Пішла би за нього.

Ой співала я, співала,
Зозуля кувала,
Коли ше мя попросили,
Щеб вам заспівала.

Коли ше мя попросили,
Щеб вам заспівала!','["pisni.org.ua", "cat:kolomyyky", "Коломийки"]',1,'published',COALESCE((SELECT created_at FROM songs WHERE id='pisniua_397766'), datetime('now')),datetime('now'));
INSERT OR REPLACE INTO songs_fts(song_id,title,lyrics) VALUES ('pisniua_397766','Гей, Іване','Гей, Іване, Іване миленький,
Чому ж мені через тебе
Світ не веселенький?

Гей, Іване, Іване, Іване,
Прийди, прийди, мій миленький,
Бо серденько в''яне.

Гей, Іване, прийди погуляти,
А я тебе поцілую,
Щоб не знала мати.

Ой співаю співаночки
Весело, весело -
Чути мої співаночки
На другоє село.

Сидить Василь коло ясел
Корівок годує, -
Дай ня Боже здоров''ячка,
Як файно цілує.

Сидить Юра коло мура,
А я коло нього,
Який Юра файний хлопець -
Пішла би за нього.

Ой співала я, співала,
Зозуля кувала,
Коли ше мя попросили,
Щеб вам заспівала.

Коли ше мя попросили,
Щеб вам заспівала!');
INSERT OR REPLACE INTO song_links (id,song_id,title,url,kind,version_id,sort_order) VALUES ('pisniua_397766_l1','pisniua_397766','YouTube','https://www.youtube.com/watch?v=Xvc3zNoK3w0','video',NULL,1);
INSERT OR REPLACE INTO songs (id,title,subtitle,lang,country,period,year,source,notes,lyrics,tags_json,lang_locked,status,created_at,updated_at) VALUES ('pisniua_393560','Чотири пори року','Музика: Оксана Сеньків Слова: Оксана Сеньків. Виконує: Оксана Сеньків','uk','ukraine_1991',NULL,NULL,'1. Авторське подання.',NULL,'Навесні просинається природа,
Повертаються пташки, зеленіє все довкола.
Навесні, навесні проліски чудові,
І конвалії цвітуть, і тюльпани кольорові!

Приспів:
Чотири пори року, чотири пори року
Літо, осінь, зима і весна!
Чотири пори року, чотири пори року
В кожної своя краса!

Влітку, сонечко гаряче,
Ми купаємось скільки хто захоче.
Влітку, влітку ми відпочиваєм
Різні ягоди смачні залюбки збираєм!

Приспів.

Восени, все таке барвисте,
І багряно-золоте на усіх деревах листя.
Восени, восени так грибів багато,
Ми разом йдемо у ліс, мама я і тато.

Приспів.

Взимку холоди великі,
А озера і річки льодом всі покриті.
Взимку, взимку, снігу так багато,
А накраще - Новий Рік і Різдвяні Свята!

Приспів. (2)','["pisni.org.ua", "cat:krasa-pryrody", "Пісні про красу природи"]',1,'published',COALESCE((SELECT created_at FROM songs WHERE id='pisniua_393560'), datetime('now')),datetime('now'));
INSERT OR REPLACE INTO songs_fts(song_id,title,lyrics) VALUES ('pisniua_393560','Чотири пори року','Навесні просинається природа,
Повертаються пташки, зеленіє все довкола.
Навесні, навесні проліски чудові,
І конвалії цвітуть, і тюльпани кольорові!

Приспів:
Чотири пори року, чотири пори року
Літо, осінь, зима і весна!
Чотири пори року, чотири пори року
В кожної своя краса!

Влітку, сонечко гаряче,
Ми купаємось скільки хто захоче.
Влітку, влітку ми відпочиваєм
Різні ягоди смачні залюбки збираєм!

Приспів.

Восени, все таке барвисте,
І багряно-золоте на усіх деревах листя.
Восени, восени так грибів багато,
Ми разом йдемо у ліс, мама я і тато.

Приспів.

Взимку холоди великі,
А озера і річки льодом всі покриті.
Взимку, взимку, снігу так багато,
А накраще - Новий Рік і Різдвяні Свята!

Приспів. (2)');
INSERT OR REPLACE INTO songs (id,title,subtitle,lang,country,period,year,source,notes,lyrics,tags_json,lang_locked,status,created_at,updated_at) VALUES ('pisniua_410137','Тільку ві Львові','Музика: Генрик Варс Слова: Емануел Шлехтер. Виконує: Віктор Морозов','uk','ukraine_before_1917',NULL,NULL,'Аудіо-CD- Віктор Морозов. Тільку ві Львові. 2002','Пісня зі Львова, популярна з 30-х років XX ст. Виконують: Віктор Морозов і батяр-бенд "Галичина" * Текст та акорди перевірив і виправив Віктор Морозов (www.mo-productions.com) Підбір акордів: bohdanko:)','Вступ: Em Em/G F#7 F#7/C#
Мелодія 1:
Най єнші шукають на вербах грушок
В Мюнхені, Парижі, Торонті,
Мене ж Бог боронить від хибних думок,
Зі Львова я ані на крок.
Мелодія 2:
Бо де ще є людєм так файно, як ту,
Тільку ві Львові.
Бо де ще зубачиш таку красоту,
Тільку ві Львові.
Мелодія 3:
Ховаймо на спід тягар наших бід,
І в Штати нема чо тікати.
A            E         С#
Таж пиво у нас холодне, як лід,
Дівчата солодкі, як мід.
Мелодія 2:
Якби ще десь раз я вродитисі вмів, то
Тільку ві Львові.
Так люблю той Львів, що бракує ми слів.
Львів то є Львів.
Програш (на тему Вступу).
Мелодія 1:
На світі є Відень, Гонконг і Нью-Йорк,
Я ж нігди туди не поїду,
Бо зроду не схильний до хибних думок,
Зі Львова я ані на крок.
Мелодія 2:
Бо де ще так файно є людям, як ту,
Тільку ві Львові.
Бо де ще зубачиш таку красоту,
Тільку ві Львові.
Мелодія 3:
Ховаймо на спід тягар наших бід,
І в Штати нема чо тікати.
Таж пиво у нас холодне, як лід,
Дівчата солодкі, як мід.
Мелодія 2:
Бо де ще зубачиш таку красоту,
Тільку ві Львові.
Роздінут, роззуют, ще й писок наб''ют
Тільку ві Львові.
Мелодія 2: (перехід на півтона вище)
Якби ще десь раз я вродитисі вмів, то
Тільку ві Львові.
Так люблю той Львів, що бракує ми слів.
Львів то є Львів.','["pisni.org.ua", "cat:lviv", "cat:patriotic", "cat:zhartivlyvi", "Пісні про Львів", "Патріотичні пісні", "Жартівливі пісні"]',1,'published',COALESCE((SELECT created_at FROM songs WHERE id='pisniua_410137'), datetime('now')),datetime('now'));
INSERT OR REPLACE INTO songs_fts(song_id,title,lyrics) VALUES ('pisniua_410137','Тільку ві Львові','Вступ: Em Em/G F#7 F#7/C#
Мелодія 1:
Най єнші шукають на вербах грушок
В Мюнхені, Парижі, Торонті,
Мене ж Бог боронить від хибних думок,
Зі Львова я ані на крок.
Мелодія 2:
Бо де ще є людєм так файно, як ту,
Тільку ві Львові.
Бо де ще зубачиш таку красоту,
Тільку ві Львові.
Мелодія 3:
Ховаймо на спід тягар наших бід,
І в Штати нема чо тікати.
A            E         С#
Таж пиво у нас холодне, як лід,
Дівчата солодкі, як мід.
Мелодія 2:
Якби ще десь раз я вродитисі вмів, то
Тільку ві Львові.
Так люблю той Львів, що бракує ми слів.
Львів то є Львів.
Програш (на тему Вступу).
Мелодія 1:
На світі є Відень, Гонконг і Нью-Йорк,
Я ж нігди туди не поїду,
Бо зроду не схильний до хибних думок,
Зі Львова я ані на крок.
Мелодія 2:
Бо де ще так файно є людям, як ту,
Тільку ві Львові.
Бо де ще зубачиш таку красоту,
Тільку ві Львові.
Мелодія 3:
Ховаймо на спід тягар наших бід,
І в Штати нема чо тікати.
Таж пиво у нас холодне, як лід,
Дівчата солодкі, як мід.
Мелодія 2:
Бо де ще зубачиш таку красоту,
Тільку ві Львові.
Роздінут, роззуют, ще й писок наб''ют
Тільку ві Львові.
Мелодія 2: (перехід на півтона вище)
Якби ще десь раз я вродитисі вмів, то
Тільку ві Львові.
Так люблю той Львів, що бракує ми слів.
Львів то є Львів.');
INSERT OR REPLACE INTO song_links (id,song_id,title,url,kind,version_id,sort_order) VALUES ('pisniua_410137_l1','pisniua_410137','YouTube','https://www.youtube.com/watch?v=x11T2XN8PPo','video',NULL,1);
INSERT OR REPLACE INTO song_links (id,song_id,title,url,kind,version_id,sort_order) VALUES ('pisniua_410137_l2','pisniua_410137','YouTube','https://www.youtube.com/watch?v=lHBiAhiddJ8','video',NULL,2);
INSERT OR REPLACE INTO song_links (id,song_id,title,url,kind,version_id,sort_order) VALUES ('pisniua_410137_l3','pisniua_410137','YouTube','https://www.youtube.com/watch?v=psEh_Vlrmhg','video',NULL,3);
INSERT OR REPLACE INTO song_links (id,song_id,title,url,kind,version_id,sort_order) VALUES ('pisniua_410137_l4','pisniua_410137','YouTube','https://www.youtube.com/watch?v=0o9SD4DNaSE','video',NULL,4);
INSERT OR REPLACE INTO song_links (id,song_id,title,url,kind,version_id,sort_order) VALUES ('pisniua_410137_l5','pisniua_410137','YouTube','https://www.youtube.com/watch?v=BYYphzOq1U8','video',NULL,5);
INSERT OR REPLACE INTO song_links (id,song_id,title,url,kind,version_id,sort_order) VALUES ('pisniua_410137_l6','pisniua_410137','Переглянути варіанти >>','https://www.pisni.org.ua/#variants','external',NULL,6);
INSERT OR REPLACE INTO songs (id,title,subtitle,lang,country,period,year,source,notes,lyrics,tags_json,lang_locked,status,created_at,updated_at) VALUES ('pisniua_396261','Веремія','(Божевілля). Слова: Роман Кизим','uk','ukraine_before_1917',NULL,NULL,NULL,'Можливий інший варіант назви пісні "Україна", оскільки в приспіві можна замінити слово "веремія" на слово "Україна". Дякую!','Тихо, стояти. Читаєм на бігбордах:
Сьогодні в місті відбудеться концерт,
До вашої уваги, як завжди профі-маги.
Та ні, ні, ні! Це я так, щоб був заряд!
Тож продовжуємо далі читати зразок,
До вашої уваги пару десятків зірок,
Серед яких: ТНМКонго разом з Тартаком,
Друга Ріка, Руслана з красивим каблуком,
Діля, Катя Чілі, Ділема, Ді Шифер -
Кращі наші гурти та діджеї-майстри.
Напрями в музиці переплились,
Стук, гамір - потім розійшлись.
Який там Рок, якщо танцюєм Гоп!
Різні стилі були вони в силі зробити вдох.
Один, два, три - починай рахувать,
Незважай на те, що треба чекать.
Тож зараз взмозі почати співать,
Прошу в динаміки звуку додать!

Приспів:
Це справжня веремія, тут живе надія,
В якій палає мрія, так!
Це дика веремія, хай живе надія,
Вогнем палає мрія, так!
Це справжня веремія, тут живе надія,
В якій палає мрія, так!
Це дика веремія, хай живе надія,
Вогнем, вогнем палає мрія-я-я...

Так, люди, світло на сцену!
Бурхливі оплески дають всім шанс.
А де ж платня, якщо є аванс,
Ні, стоп - знову музика в dance.
Заграла гітара, вдарив барабан,
Парубки на сцену запрошуйте дам!
Тож виходять музики і грають музу,
Як справжній тамада розказати мушу.
Що на постоли вийшов Тартак,
Як завжди усих підвісив на гак!
Просто кажучи всих розірвав,
Далі на сцені Танок на Майдан.
Заграв своє бінго-бонго,
Народ не витримує шуму того.
Що казати, коли Руслана наша заспівала,
А ногі ваші, як наші, стрибали й стрибають,
Далі йде Борщ,
Після виступу цього почався дощ!

Приспів.

На кінець мушу додати я,
Що на концерті була Росія,
Тобто з Росії, тобто не наші,
Які начебто приїхали сюди!
Як виступали наші гурти,
Ті пороззявляли роти.
О це так-так! Дивно, але файно,
Треба своє - оце і маймо!
На цьому закінчити мушу,
Прошу востаннє розкрити душу...

Це справжня веремія... Тут живе надія...
Це дика веремія... Хай живе надія...

Приспів (два рази).','["pisni.org.ua", "cat:socialno-pobutovi", "Соціально-побутові пісні"]',1,'published',COALESCE((SELECT created_at FROM songs WHERE id='pisniua_396261'), datetime('now')),datetime('now'));
INSERT OR REPLACE INTO songs_fts(song_id,title,lyrics) VALUES ('pisniua_396261','Веремія','Тихо, стояти. Читаєм на бігбордах:
Сьогодні в місті відбудеться концерт,
До вашої уваги, як завжди профі-маги.
Та ні, ні, ні! Це я так, щоб був заряд!
Тож продовжуємо далі читати зразок,
До вашої уваги пару десятків зірок,
Серед яких: ТНМКонго разом з Тартаком,
Друга Ріка, Руслана з красивим каблуком,
Діля, Катя Чілі, Ділема, Ді Шифер -
Кращі наші гурти та діджеї-майстри.
Напрями в музиці переплились,
Стук, гамір - потім розійшлись.
Який там Рок, якщо танцюєм Гоп!
Різні стилі були вони в силі зробити вдох.
Один, два, три - починай рахувать,
Незважай на те, що треба чекать.
Тож зараз взмозі почати співать,
Прошу в динаміки звуку додать!

Приспів:
Це справжня веремія, тут живе надія,
В якій палає мрія, так!
Це дика веремія, хай живе надія,
Вогнем палає мрія, так!
Це справжня веремія, тут живе надія,
В якій палає мрія, так!
Це дика веремія, хай живе надія,
Вогнем, вогнем палає мрія-я-я...

Так, люди, світло на сцену!
Бурхливі оплески дають всім шанс.
А де ж платня, якщо є аванс,
Ні, стоп - знову музика в dance.
Заграла гітара, вдарив барабан,
Парубки на сцену запрошуйте дам!
Тож виходять музики і грають музу,
Як справжній тамада розказати мушу.
Що на постоли вийшов Тартак,
Як завжди усих підвісив на гак!
Просто кажучи всих розірвав,
Далі на сцені Танок на Майдан.
Заграв своє бінго-бонго,
Народ не витримує шуму того.
Що казати, коли Руслана наша заспівала,
А ногі ваші, як наші, стрибали й стрибають,
Далі йде Борщ,
Після виступу цього почався дощ!

Приспів.

На кінець мушу додати я,
Що на концерті була Росія,
Тобто з Росії, тобто не наші,
Які начебто приїхали сюди!
Як виступали наші гурти,
Ті пороззявляли роти.
О це так-так! Дивно, але файно,
Треба своє - оце і маймо!
На цьому закінчити мушу,
Прошу востаннє розкрити душу...

Це справжня веремія... Тут живе надія...
Це дика веремія... Хай живе надія...

Приспів (два рази).');
INSERT OR REPLACE INTO songs (id,title,subtitle,lang,country,period,year,source,notes,lyrics,tags_json,lang_locked,status,created_at,updated_at) VALUES ('pisniua_410032','Думи мої','Музика: народна Слова: Тарас Шевченко. Виконує: Василь Жданкін, Анатолій Солов''яненко, Борис Гмиря, САД, Кобза, Павло Кармалюк, Капела бандуристів імені Тараса Шевченка','uk','ukraine_before_1917',NULL,NULL,'"Жемчужины Украины", М.,2002;Изд."Современная музыка"',NULL,'Думи мої, думи мої,
Лихо мені з вами!
Нащо стали на папері
Сумними рядами?..
Чом вас вітер не розвіяв
В степу, як пилину?
Чом вас лихо не приспало,
Як свою     дитину?..
Думи мої, думи мої,
Квіти мої, діти!
Виростав вас, доглядав вас -
Де ж мені вас діти!..
В Україну ідіть, діти,
В нашу Україну,
Попідтинню, сиротами,
А я - тут загину.
Там знайдете щире серце
І слово ласкаве.
Там знайдете щиру правду,
А ще, може, й славу...
Привітай же, моя ненько,
Моя Україно,
Моїх діток нерозумних,
Як свою дитину.
Одну сльозу з очей карих —
І... пан над панами!..
Думи мої, думи мої!
Лихо мені з вами!..','["pisni.org.ua", "cat:emigration", "cat:patriotic", "cat:philosophic", "cat:rekrutski", "Пісні про еміґрацію", "Патріотичні пісні", "Філософські пісні", "Рекрутські пісні"]',1,'published',COALESCE((SELECT created_at FROM songs WHERE id='pisniua_410032'), datetime('now')),datetime('now'));
INSERT OR REPLACE INTO songs_fts(song_id,title,lyrics) VALUES ('pisniua_410032','Думи мої','Думи мої, думи мої,
Лихо мені з вами!
Нащо стали на папері
Сумними рядами?..
Чом вас вітер не розвіяв
В степу, як пилину?
Чом вас лихо не приспало,
Як свою     дитину?..
Думи мої, думи мої,
Квіти мої, діти!
Виростав вас, доглядав вас -
Де ж мені вас діти!..
В Україну ідіть, діти,
В нашу Україну,
Попідтинню, сиротами,
А я - тут загину.
Там знайдете щире серце
І слово ласкаве.
Там знайдете щиру правду,
А ще, може, й славу...
Привітай же, моя ненько,
Моя Україно,
Моїх діток нерозумних,
Як свою дитину.
Одну сльозу з очей карих —
І... пан над панами!..
Думи мої, думи мої!
Лихо мені з вами!..');
INSERT OR REPLACE INTO song_links (id,song_id,title,url,kind,version_id,sort_order) VALUES ('pisniua_410032_l1','pisniua_410032','YouTube','https://www.youtube.com/watch?v=K3B3al2t2r4','video',NULL,1);
INSERT OR REPLACE INTO song_links (id,song_id,title,url,kind,version_id,sort_order) VALUES ('pisniua_410032_l2','pisniua_410032','YouTube','https://www.youtube.com/watch?v=m0p8XXf55Lw','video',NULL,2);
INSERT OR REPLACE INTO song_links (id,song_id,title,url,kind,version_id,sort_order) VALUES ('pisniua_410032_l3','pisniua_410032','YouTube','https://www.youtube.com/watch?v=0F6yyCgaJDs','video',NULL,3);
INSERT OR REPLACE INTO song_links (id,song_id,title,url,kind,version_id,sort_order) VALUES ('pisniua_410032_l4','pisniua_410032','YouTube','https://www.youtube.com/watch?v=3dZLe6IkYvY','video',NULL,4);
INSERT OR REPLACE INTO song_links (id,song_id,title,url,kind,version_id,sort_order) VALUES ('pisniua_410032_l5','pisniua_410032','YouTube','https://www.youtube.com/watch?v=658L0Wc7Xl0','video',NULL,5);
INSERT OR REPLACE INTO songs (id,title,subtitle,lang,country,period,year,source,notes,lyrics,tags_json,lang_locked,status,created_at,updated_at) VALUES ('pisniua_4101083','Марічка','Українська народна пісня. Виконує: Гурт мандрівних дяків Вертеп','uk','ukraine_before_1917',NULL,NULL,'аудіозапис',NULL,'G
Ой, Марічко
Е
Чичері-чичері
Аm         Е
Розчеши ми кучері,    |
Кучері-кучері         |
Я би тобі чесала,
Чесала, чесала,
Якби мамка не знала,  |
Не знала, не знала.   | (2)
Мамка буде дивити,
Дивити, дивити,
Як ся буду ганьбити,  |
Ганьбити, ганьбити.   | (2)
Ой, Марічко,
Люблю тя, люблю тя,
Люблю тя,
Заріж мені когутя,
Когутя.
Як когутя завиє,
Завиє, завиє,
Вставай гой,          |
Маріє!                | (2)
Ой, Іванку,
Пробавить, пробавить,
Пробавить,
Чи на цукор не давить |
Не давить, не давить? | (2)
Бо люблю я пропити,
Пропити, пропити,
Чим ті цукор купити,  |
Купити, купити.       | (2)
Ой, Марічко,
Чічері-чічері,
Чічері-чічері,
Розчеши ми кучері,   |
Кучері, кучері.      | (2)','["pisni.org.ua", "cat:vesilni", "Весільні пісні"]',1,'published',COALESCE((SELECT created_at FROM songs WHERE id='pisniua_4101083'), datetime('now')),datetime('now'));
INSERT OR REPLACE INTO songs_fts(song_id,title,lyrics) VALUES ('pisniua_4101083','Марічка','G
Ой, Марічко
Е
Чичері-чичері
Аm         Е
Розчеши ми кучері,    |
Кучері-кучері         |
Я би тобі чесала,
Чесала, чесала,
Якби мамка не знала,  |
Не знала, не знала.   | (2)
Мамка буде дивити,
Дивити, дивити,
Як ся буду ганьбити,  |
Ганьбити, ганьбити.   | (2)
Ой, Марічко,
Люблю тя, люблю тя,
Люблю тя,
Заріж мені когутя,
Когутя.
Як когутя завиє,
Завиє, завиє,
Вставай гой,          |
Маріє!                | (2)
Ой, Іванку,
Пробавить, пробавить,
Пробавить,
Чи на цукор не давить |
Не давить, не давить? | (2)
Бо люблю я пропити,
Пропити, пропити,
Чим ті цукор купити,  |
Купити, купити.       | (2)
Ой, Марічко,
Чічері-чічері,
Чічері-чічері,
Розчеши ми кучері,   |
Кучері, кучері.      | (2)');
INSERT OR REPLACE INTO song_links (id,song_id,title,url,kind,version_id,sort_order) VALUES ('pisniua_4101083_l1','pisniua_4101083','YouTube','https://www.youtube.com/watch?v=nIUDwYHdsk8','video',NULL,1);
INSERT OR REPLACE INTO song_links (id,song_id,title,url,kind,version_id,sort_order) VALUES ('pisniua_4101083_l2','pisniua_4101083','Переглянути варіанти >>','https://www.pisni.org.ua/#variants','external',NULL,2);
INSERT OR REPLACE INTO songs (id,title,subtitle,lang,country,period,year,source,notes,lyrics,tags_json,lang_locked,status,created_at,updated_at) VALUES ('pisniua_399560','Ой благослови, Божи','Українська народна пісня. Виконує: Софія Практика','uk','ukraine_before_1917',NULL,NULL,'Практика Софія Михайлівна; село Деревні, Жовківський район, Львівська область.','Транскрипція тексту: Катерина Практика Весілля у селі Деревні Жовківського району Львівської області Пісня виконується тоді, як весільники (гості) сідають за стіл.','Ой благослови, Божи,
Ой благослови, Божи,
І Пречистая Мати.

І Пречистая Мати,
І Пречистая Мати
В тім домі заспівати.

В тім домі заспівати,
В тім домі заспівати,
Вісіля зачинат(и).

Вісіля-вісілечко,
Вісіля-вісілечко,
Щоб було веселечко','["pisni.org.ua", "cat:halycki", "cat:vesilni", "Пісні з Галичини", "Весільні пісні"]',1,'published',COALESCE((SELECT created_at FROM songs WHERE id='pisniua_399560'), datetime('now')),datetime('now'));
INSERT OR REPLACE INTO songs_fts(song_id,title,lyrics) VALUES ('pisniua_399560','Ой благослови, Божи','Ой благослови, Божи,
Ой благослови, Божи,
І Пречистая Мати.

І Пречистая Мати,
І Пречистая Мати
В тім домі заспівати.

В тім домі заспівати,
В тім домі заспівати,
Вісіля зачинат(и).

Вісіля-вісілечко,
Вісіля-вісілечко,
Щоб було веселечко');
INSERT OR REPLACE INTO songs (id,title,subtitle,lang,country,period,year,source,notes,lyrics,tags_json,lang_locked,status,created_at,updated_at) VALUES ('pisniua_394626','Побажання (Бажання в слові..)','Музика: Павло Мрежук Слова: Вадим Крищенко. Виконує: Павло Мрежук','uk','ukraine_1991',NULL,NULL,NULL,NULL,'Людське життя просте й незвичне,
Оздоблене десятками питань.
У цьому світі різного звучання
Нам сумно жить без добрих побажань.
У побажанні є любов і шана,
Зі словом цим ти веселіше йдеш.
Я вам сьогодні щастя побажаю
І ви мені щось побажайте теж.

Приспів:
Не маю права це сказати тихо,
Нехай воно до кожного дійде -
Вам радості на кожний день утіхи,
Терпіння теж на хмурий день.
Я заплету свої бажання в слові,
Щоб їх почули мати і дитя -
Вам щедрості на кожний день любові,
Вам щедрості на кожний день життя.

Бажаю вам, я повторяю знову,
Ловімо побажання справжню суть.
Здається сказано тихеньке слово,
Але його так хочеться почуть.
У побажанні є любов і шана,
Зі словом цим ти веселіше йдеш.
Я вам сьогодні щастя побажаю
І ви мені щось побажайте теж.

Приспів.','["pisni.org.ua", "cat:zahalni-cinnosti", "Пісні про загальнолюдські цінності"]',1,'published',COALESCE((SELECT created_at FROM songs WHERE id='pisniua_394626'), datetime('now')),datetime('now'));
INSERT OR REPLACE INTO songs_fts(song_id,title,lyrics) VALUES ('pisniua_394626','Побажання (Бажання в слові..)','Людське життя просте й незвичне,
Оздоблене десятками питань.
У цьому світі різного звучання
Нам сумно жить без добрих побажань.
У побажанні є любов і шана,
Зі словом цим ти веселіше йдеш.
Я вам сьогодні щастя побажаю
І ви мені щось побажайте теж.

Приспів:
Не маю права це сказати тихо,
Нехай воно до кожного дійде -
Вам радості на кожний день утіхи,
Терпіння теж на хмурий день.
Я заплету свої бажання в слові,
Щоб їх почули мати і дитя -
Вам щедрості на кожний день любові,
Вам щедрості на кожний день життя.

Бажаю вам, я повторяю знову,
Ловімо побажання справжню суть.
Здається сказано тихеньке слово,
Але його так хочеться почуть.
У побажанні є любов і шана,
Зі словом цим ти веселіше йдеш.
Я вам сьогодні щастя побажаю
І ви мені щось побажайте теж.

Приспів.');
INSERT OR REPLACE INTO songs (id,title,subtitle,lang,country,period,year,source,notes,lyrics,tags_json,lang_locked,status,created_at,updated_at) VALUES ('pisniua_399727','Пісні дарую Вам','Музика: Ігор Богдан. Виконує: Ігор Богдан','uk','ukraine_1991',NULL,NULL,'аудіозапис',NULL,'Привіт! Щасливий знову я
Піснями Вас сьогодні привітати,
До Вас рвалась душа моя,
Для Вас, кохані, я завжди
Люблю співати.

Приспів.
Пісні дарую нині Вам,                |
Вони з глибин душі з любов''ю линуть. |
Вам всім, мов цвіт пісні роздам,     |
Хай в звуках музики                  |
Хвилини мрійно промайнуть!           | (2)

Речитатив:
Я справді щасливий, що знову вдома,
Що співаю для Вас, як у старі часи.
Я щасливий, що купаюсь в глибині Ваших очей
І милуюсь красою рідних облич -
Оце і є справжнє щастя артиста,
Таке непросте і таке прекрасне, і жадане.

Для Вас моя душа співа,
Спасибі Вам, що є ви в моїй долі.
Прості та щирі ці слова,
Я радий, що зустрілись ми
В дружнім колі!

Приспів. (2)','["pisni.org.ua", "cat:43", "Еміґрантські пісні"]',1,'published',COALESCE((SELECT created_at FROM songs WHERE id='pisniua_399727'), datetime('now')),datetime('now'));
INSERT OR REPLACE INTO songs_fts(song_id,title,lyrics) VALUES ('pisniua_399727','Пісні дарую Вам','Привіт! Щасливий знову я
Піснями Вас сьогодні привітати,
До Вас рвалась душа моя,
Для Вас, кохані, я завжди
Люблю співати.

Приспів.
Пісні дарую нині Вам,                |
Вони з глибин душі з любов''ю линуть. |
Вам всім, мов цвіт пісні роздам,     |
Хай в звуках музики                  |
Хвилини мрійно промайнуть!           | (2)

Речитатив:
Я справді щасливий, що знову вдома,
Що співаю для Вас, як у старі часи.
Я щасливий, що купаюсь в глибині Ваших очей
І милуюсь красою рідних облич -
Оце і є справжнє щастя артиста,
Таке непросте і таке прекрасне, і жадане.

Для Вас моя душа співа,
Спасибі Вам, що є ви в моїй долі.
Прості та щирі ці слова,
Я радий, що зустрілись ми
В дружнім колі!

Приспів. (2)');
INSERT OR REPLACE INTO songs (id,title,subtitle,lang,country,period,year,source,notes,lyrics,tags_json,lang_locked,status,created_at,updated_at) VALUES ('pisniua_4102030','Наречена','Українська народна пісня. Виконує: Гурт мандрівних дяків Вертеп','uk','ukraine_before_1917',NULL,NULL,'аудіозапис',NULL,'Речитатив:
Полетіло, полетіло, полетіло,
Полетіло...
Липою липло до липня липко,
Піднялося тіло вгору і полетіло...
Полетіло, полетіло,
Полетіло, полетіло, полетіло...

Калину червону він все
На волосся клав,
За смерічки до річки
У воді грати звав,
Мов пір''їну пухнасту
На руки брав, цілував,
У вуста духмяні
Нареченой називав.
Бранкою до лісу
В густі трави взяв,
Закортіло ласувати -
Путами її пов''язав,
Одежину всю з дерев
Для неї, для неї зняв,
Мов царівну-панну
До полуниці поклав
І сказав:

Приспів:
Гей-бо, гей-бо, наречена...
Гей-бо, гей-бо, наречена...
Гей-бо, гей-бо, наречена...
Гей-бо, гей-бо, наречена...

По синім горам трембіта
Небу нагадала,
Як файна дівчина з легенем
Своїм танцювала,
Гомоніли свати весільні,
Дружка співала,
Звістку нам
Тишком-лишком притримала.
Ліжко з бука м''яке, пухке
Таємницю тримало:
Як нетерпляче шлюбна ніч
На молодих чекала,
Як скрипка-чарівниця
Музику в скрипаля благала,
Щоб зоряне небо
Світати зачекало,
Щоб бажало:

Приспів.

Казка гіллям поросла,
В колисці задрімала:
Як наречену п''янке сяйво
За собою гукало,
Мавкою безпутньою
На село прийшла, озером стала,
Понад миртом глибоким
Квіта-приворотня зазивала,
До ранку в баржі воду
Людям виплескала,
Вітами тополя шльондра
Дуба бавила, стогнала,
Квіт у молоці
Молода коханому рвала
Піснею-струною
Глибина її вітала
Й співала:

Приспів.

Гей-бо, гей-бо...
Гей-бо, гей-бо...
Гей-бо, гей-бо...
Гей-бо, гей-бо...
Наречена...','["pisni.org.ua", "cat:vesilni", "Весільні пісні"]',1,'published',COALESCE((SELECT created_at FROM songs WHERE id='pisniua_4102030'), datetime('now')),datetime('now'));
INSERT OR REPLACE INTO songs_fts(song_id,title,lyrics) VALUES ('pisniua_4102030','Наречена','Речитатив:
Полетіло, полетіло, полетіло,
Полетіло...
Липою липло до липня липко,
Піднялося тіло вгору і полетіло...
Полетіло, полетіло,
Полетіло, полетіло, полетіло...

Калину червону він все
На волосся клав,
За смерічки до річки
У воді грати звав,
Мов пір''їну пухнасту
На руки брав, цілував,
У вуста духмяні
Нареченой називав.
Бранкою до лісу
В густі трави взяв,
Закортіло ласувати -
Путами її пов''язав,
Одежину всю з дерев
Для неї, для неї зняв,
Мов царівну-панну
До полуниці поклав
І сказав:

Приспів:
Гей-бо, гей-бо, наречена...
Гей-бо, гей-бо, наречена...
Гей-бо, гей-бо, наречена...
Гей-бо, гей-бо, наречена...

По синім горам трембіта
Небу нагадала,
Як файна дівчина з легенем
Своїм танцювала,
Гомоніли свати весільні,
Дружка співала,
Звістку нам
Тишком-лишком притримала.
Ліжко з бука м''яке, пухке
Таємницю тримало:
Як нетерпляче шлюбна ніч
На молодих чекала,
Як скрипка-чарівниця
Музику в скрипаля благала,
Щоб зоряне небо
Світати зачекало,
Щоб бажало:

Приспів.

Казка гіллям поросла,
В колисці задрімала:
Як наречену п''янке сяйво
За собою гукало,
Мавкою безпутньою
На село прийшла, озером стала,
Понад миртом глибоким
Квіта-приворотня зазивала,
До ранку в баржі воду
Людям виплескала,
Вітами тополя шльондра
Дуба бавила, стогнала,
Квіт у молоці
Молода коханому рвала
Піснею-струною
Глибина її вітала
Й співала:

Приспів.

Гей-бо, гей-бо...
Гей-бо, гей-бо...
Гей-бо, гей-бо...
Гей-бо, гей-бо...
Наречена...');
INSERT OR REPLACE INTO songs (id,title,subtitle,lang,country,period,year,source,notes,lyrics,tags_json,lang_locked,status,created_at,updated_at) VALUES ('pisniua_4101685','Що то в селі за вдова','Українська народна пісня. Виконує: Володар','uk','ukraine_before_1917',NULL,NULL,'аудіозапис',NULL,'Що то в селі за вдова,
Сім літ без мужа жила.
Зліва, справа -
Хорошая слава,
Сім літ без мужа жила.

Сім літ без мужа жила,
Породила два сина.
Зліва, справа -
Хорошая слава,
Породила два сина.

Породила два сина:
І Ванюшу й Василя.
Зліва, справа -
Хорошая слава,
І Ванюшу й Василя.

І Ванюшу й Василя,
В чорний китай сповила,
Зліва, справа -
Хорошая слава,
В чорний китай сповила.

В чорний китай сповила,
Та й на Дунай однесла,
Зліва, справа -
Хорошая слава,
Та й на Дунай однесла.

Ой, ти дикий же Дунай,
Як колишиш - колихай,
Зліва, справа -
Хорошая слава,
Як колишиш - колихай.

А ти, гостра осока,
Давай дітям молокам,
Зліва, справа -
Хорошая слава,
Давай дітям молокам.

А ти, гострий очерет,
Давай дітям вечерять,
Зліва, справа -
Хорошая слава,
Давай дітям вечерять.','["pisni.org.ua", "cat:socialno-pobutovi", "Соціально-побутові пісні"]',1,'published',COALESCE((SELECT created_at FROM songs WHERE id='pisniua_4101685'), datetime('now')),datetime('now'));
INSERT OR REPLACE INTO songs_fts(song_id,title,lyrics) VALUES ('pisniua_4101685','Що то в селі за вдова','Що то в селі за вдова,
Сім літ без мужа жила.
Зліва, справа -
Хорошая слава,
Сім літ без мужа жила.

Сім літ без мужа жила,
Породила два сина.
Зліва, справа -
Хорошая слава,
Породила два сина.

Породила два сина:
І Ванюшу й Василя.
Зліва, справа -
Хорошая слава,
І Ванюшу й Василя.

І Ванюшу й Василя,
В чорний китай сповила,
Зліва, справа -
Хорошая слава,
В чорний китай сповила.

В чорний китай сповила,
Та й на Дунай однесла,
Зліва, справа -
Хорошая слава,
Та й на Дунай однесла.

Ой, ти дикий же Дунай,
Як колишиш - колихай,
Зліва, справа -
Хорошая слава,
Як колишиш - колихай.

А ти, гостра осока,
Давай дітям молокам,
Зліва, справа -
Хорошая слава,
Давай дітям молокам.

А ти, гострий очерет,
Давай дітям вечерять,
Зліва, справа -
Хорошая слава,
Давай дітям вечерять.');
INSERT OR REPLACE INTO songs (id,title,subtitle,lang,country,period,year,source,notes,lyrics,tags_json,lang_locked,status,created_at,updated_at) VALUES ('pisniua_4102539','Ой на ставу, ставу','Українська народна пісня. Виконує: Софія Практика','uk','ukraine_before_1917',NULL,NULL,'1. Практика Софія Михайлівна; село Деревні, Жовківський район, Львівська область.','Транскрипція тексту: Катерина Практика Транскрипція нотна: Андрій Вовчак Весілля у селі Деревні Жовківського району Львівської області','Ой на ставу, ставу, плавают качата.
Гарний той віночок, що сплели дівча(та).

Він нині дзелений, а завтра зів''яне,
Молода дівчина до шлюбоньку ста(не).

Як буди ставати, то буди плакати,
Будут з єї вінця листя обпада(ти).

Нехай обпадают, я не позбираю,
Сама си молода долі ни вгада(ю)','["pisni.org.ua", "cat:halycki", "Пісні з Галичини"]',1,'published',COALESCE((SELECT created_at FROM songs WHERE id='pisniua_4102539'), datetime('now')),datetime('now'));
INSERT OR REPLACE INTO songs_fts(song_id,title,lyrics) VALUES ('pisniua_4102539','Ой на ставу, ставу','Ой на ставу, ставу, плавают качата.
Гарний той віночок, що сплели дівча(та).

Він нині дзелений, а завтра зів''яне,
Молода дівчина до шлюбоньку ста(не).

Як буди ставати, то буди плакати,
Будут з єї вінця листя обпада(ти).

Нехай обпадают, я не позбираю,
Сама си молода долі ни вгада(ю)');
INSERT OR REPLACE INTO songs (id,title,subtitle,lang,country,period,year,source,notes,lyrics,tags_json,lang_locked,status,created_at,updated_at) VALUES ('pisniua_4101434','Не карай','Музика: Ігор Поклад Слова: Михайло Ткач. Виконує: Ірина Шинкарук, Лілія Сандулеса','uk','ukraine_1991',NULL,NULL,'аудіозапис',NULL,'Не питай кому, не питай чому
Я шукаю світло поміж хмарами.
Серденько не край, болем не карай,
Голуби летять у небо парами.

Приспів:
Не питай мене, чи любов пройде,
Не карай себе такою карою.
Не питай мене, що любов мине,
Покарай мене очима карими.

Білий світ мені в білому вікні
Засвітився білою ромашкою.
Чи люблю, чи ні? - Ті думки сумні,
В білім світі віра стане пташкою.
Не питай мене, чи любов пройде,
Засвітись з ночей любов''ю нашою.
Не питай мене, що любов мине,
Засвітись з ночей любов''ю нашою.

Приспів.

У твоїх очах, у моїх ночах
Я шукаю світло поміж хмарами...
В небі голубім, двоє голубів,
Не питай чи птах лукавить чарами...

Покарай мене очима карими...
Покарай мене очима карими...','["pisni.org.ua", "cat:nostalgia", "Пісні з ностальгічними мотивами"]',1,'published',COALESCE((SELECT created_at FROM songs WHERE id='pisniua_4101434'), datetime('now')),datetime('now'));
INSERT OR REPLACE INTO songs_fts(song_id,title,lyrics) VALUES ('pisniua_4101434','Не карай','Не питай кому, не питай чому
Я шукаю світло поміж хмарами.
Серденько не край, болем не карай,
Голуби летять у небо парами.

Приспів:
Не питай мене, чи любов пройде,
Не карай себе такою карою.
Не питай мене, що любов мине,
Покарай мене очима карими.

Білий світ мені в білому вікні
Засвітився білою ромашкою.
Чи люблю, чи ні? - Ті думки сумні,
В білім світі віра стане пташкою.
Не питай мене, чи любов пройде,
Засвітись з ночей любов''ю нашою.
Не питай мене, що любов мине,
Засвітись з ночей любов''ю нашою.

Приспів.

У твоїх очах, у моїх ночах
Я шукаю світло поміж хмарами...
В небі голубім, двоє голубів,
Не питай чи птах лукавить чарами...

Покарай мене очима карими...
Покарай мене очима карими...');
INSERT OR REPLACE INTO song_links (id,song_id,title,url,kind,version_id,sort_order) VALUES ('pisniua_4101434_l1','pisniua_4101434','YouTube','https://www.youtube.com/watch?v=czN6K6D30gw','video',NULL,1);
INSERT OR REPLACE INTO songs (id,title,subtitle,lang,country,period,year,source,notes,lyrics,tags_json,lang_locked,status,created_at,updated_at) VALUES ('pisniua_4102889','Присвята батькам','Музика: Анатолій Матвійчук Слова: Анатолій Матвійчук. Виконує: Анатолій Матвійчук','uk','ukraine_1991',NULL,NULL,'http://www.matviychuk.muzanya.com',NULL,'Так несподівано, так романтично
Музика знову мені награє
Про незабутнє казково-магічне,
Про веселкове дитинство моє.
Білий туман яблуневого саду,
Радісний світ весняної краси,
В тихім саду солов''їні рулади
І найдорожчі батьків голоси.

Більшого щастя не варто й шукати,
Сонячний промінь застиг на щоці,
Ліва долоня в долоні у тата,
Права долоня у мами в руці.

Юності час божевільно-шалений,
Час почуттів і найперших невдач.
Тато казав: "Ти ще, синку, зелений!"
Мама просила: "Синочку, не плач."
Я ображався, тікаючи з дому,
Їхні поради я чути не міг,
Та проминало усе, і потому
Я повертався на рідний поріг.

Всі ми з роками стаємо мудріші,
Згадуєм часто минуле своє
І у нічній зачарованій тиші
Пам''ять забути про них не дає.
Все проминає, і осінь, і літо,
Тільки одне нам дано на віки -
Всі ми на білому світі ще діти,
Доки живі наші сиві батьки!..','["pisni.org.ua", "cat:pro-batkiv", "Пісні про любов до батьків"]',1,'published',COALESCE((SELECT created_at FROM songs WHERE id='pisniua_4102889'), datetime('now')),datetime('now'));
INSERT OR REPLACE INTO songs_fts(song_id,title,lyrics) VALUES ('pisniua_4102889','Присвята батькам','Так несподівано, так романтично
Музика знову мені награє
Про незабутнє казково-магічне,
Про веселкове дитинство моє.
Білий туман яблуневого саду,
Радісний світ весняної краси,
В тихім саду солов''їні рулади
І найдорожчі батьків голоси.

Більшого щастя не варто й шукати,
Сонячний промінь застиг на щоці,
Ліва долоня в долоні у тата,
Права долоня у мами в руці.

Юності час божевільно-шалений,
Час почуттів і найперших невдач.
Тато казав: "Ти ще, синку, зелений!"
Мама просила: "Синочку, не плач."
Я ображався, тікаючи з дому,
Їхні поради я чути не міг,
Та проминало усе, і потому
Я повертався на рідний поріг.

Всі ми з роками стаємо мудріші,
Згадуєм часто минуле своє
І у нічній зачарованій тиші
Пам''ять забути про них не дає.
Все проминає, і осінь, і літо,
Тільки одне нам дано на віки -
Всі ми на білому світі ще діти,
Доки живі наші сиві батьки!..');
INSERT OR REPLACE INTO songs (id,title,subtitle,lang,country,period,year,source,notes,lyrics,tags_json,lang_locked,status,created_at,updated_at) VALUES ('pisniua_4102636','Якби була знала, знала','Українська народна пісня. Виконує: Софія Практика','uk','ukraine_before_1917',NULL,NULL,'Практика Софія Михайлівна; село Деревні, Жовківський район, Львівська область.','Транскрипція тексту: Катерина Практика Весілля у селі Деревні Жовківського району Львівської області','Якби була знала, знала, шо піду від мами,
Ни була б я насадила рожі під вікнами.

А я рожу посадила, рожа сі розцвила,
А я свої мамунейці жалю наробила.

— Ой мамуню-мамуненько, не впадайте (в) тугу,
Мене замуж видаєте, ви маєте другу.

— Ой дитино-дитинонько, шо ж мені з другої?
Вона мені ни заступит роботоньки твої.

— Ой станете, мамуненько, в неділю раненько,
Заглянете (в) кожний кутик: "Де ти, дитинонько?"','["pisni.org.ua", "cat:halycki", "cat:pro-batkiv", "cat:pro-ditey", "cat:vesilni", "Пісні з Галичини", "Пісні про любов до батьків", "Пісні про любов до дітей", "Весільні пісні"]',1,'published',COALESCE((SELECT created_at FROM songs WHERE id='pisniua_4102636'), datetime('now')),datetime('now'));
INSERT OR REPLACE INTO songs_fts(song_id,title,lyrics) VALUES ('pisniua_4102636','Якби була знала, знала','Якби була знала, знала, шо піду від мами,
Ни була б я насадила рожі під вікнами.

А я рожу посадила, рожа сі розцвила,
А я свої мамунейці жалю наробила.

— Ой мамуню-мамуненько, не впадайте (в) тугу,
Мене замуж видаєте, ви маєте другу.

— Ой дитино-дитинонько, шо ж мені з другої?
Вона мені ни заступит роботоньки твої.

— Ой станете, мамуненько, в неділю раненько,
Заглянете (в) кожний кутик: "Де ти, дитинонько?"');
INSERT OR REPLACE INTO songs (id,title,subtitle,lang,country,period,year,source,notes,lyrics,tags_json,lang_locked,status,created_at,updated_at) VALUES ('pisniua_4102583','Я ще нині не співала','Українська народна пісня. Виконує: Софія Практика','uk','ukraine_before_1917',NULL,NULL,'Практика Софія Михайлівна; село Деревні, Жовківський район, Львівська область.','Транскрипція тексту: Катерина Практика Весілля у селі Деревні Жовківського району Львівської області','Я ще нині не співала, шоно зачинаю,
Допоможи, Святий Боже, Отче Миколаю,

І Ти, Йсусе Христе,
З молодою дівчиною Дунай переплисти.

Я годину плину, плину, годину спочину,
Таки я си, молоденька, в світі не загину.

Хоч я гину, то я гину, то не за такими,
За такими, як я сама - за молоденькими','["pisni.org.ua", "cat:halycki", "cat:vesilni", "Пісні з Галичини", "Весільні пісні"]',1,'published',COALESCE((SELECT created_at FROM songs WHERE id='pisniua_4102583'), datetime('now')),datetime('now'));
INSERT OR REPLACE INTO songs_fts(song_id,title,lyrics) VALUES ('pisniua_4102583','Я ще нині не співала','Я ще нині не співала, шоно зачинаю,
Допоможи, Святий Боже, Отче Миколаю,

І Ти, Йсусе Христе,
З молодою дівчиною Дунай переплисти.

Я годину плину, плину, годину спочину,
Таки я си, молоденька, в світі не загину.

Хоч я гину, то я гину, то не за такими,
За такими, як я сама - за молоденькими');
INSERT OR REPLACE INTO songs (id,title,subtitle,lang,country,period,year,source,notes,lyrics,tags_json,lang_locked,status,created_at,updated_at) VALUES ('pisniua_4102736','Ой червоний борачок','Українська народна пісня. Виконує: Софія Практика','uk','ukraine_before_1917',NULL,NULL,'Практика Софія Михайлівна; село Деревні, Жовківський район, Львівська область.','Транскрипція тексту: Катерина Практика Весілля у селі Деревні Жовківського району Львівської області','Ой червоний борачок, а дзелена гичка,
Вчера була дівчинонька, нині молодичка,

Вчера була дівчинонька - всі хлопці любили,
А вже нині стара баба, ніхто сі не диви(т).

Ни моргне вочима,
Спідлоба сі споглядає, то вже не дівчина','["pisni.org.ua", "cat:halycki", "cat:vesilni", "Пісні з Галичини", "Весільні пісні"]',1,'published',COALESCE((SELECT created_at FROM songs WHERE id='pisniua_4102736'), datetime('now')),datetime('now'));
INSERT OR REPLACE INTO songs_fts(song_id,title,lyrics) VALUES ('pisniua_4102736','Ой червоний борачок','Ой червоний борачок, а дзелена гичка,
Вчера була дівчинонька, нині молодичка,

Вчера була дівчинонька - всі хлопці любили,
А вже нині стара баба, ніхто сі не диви(т).

Ни моргне вочима,
Спідлоба сі споглядає, то вже не дівчина');
INSERT OR REPLACE INTO songs (id,title,subtitle,lang,country,period,year,source,notes,lyrics,tags_json,lang_locked,status,created_at,updated_at) VALUES ('pisniua_4103032','Пісня про вчительку','Музика: Платон Майборода Слова: Андрій Малишко','uk','ukraine_1991',NULL,NULL,NULL,NULL,'Сонечко встає, і в росі трава
Біля школи в нас зацвітають віти,
Вчителько моя, зоре світова
Де тебе питать, де тебе зустріти?

На столі лежать зошитки малі
І роботи час проганяє втому,
І летять - летять в небі журавлі,
І дзвенить дзвінок хлопчику малому

Скільки ж підросло й полетіло нас?
В молодій весні - в колосистім полі,
А у тебе знов, та ж доріжка в клас,
Той же явір наш під вікном у школі

Двох синів твоїх, узяли фронти,
Бо на рідний край впала чорна злива,
В партизанську ніч посивіла ти,
Як в тяжкий мороз не пожата нива

Знов щебече юнь і цвіте трава
Пізнаю тебе в постаті несхитній ,
Вчителько моя - зоре світова,
Раднице моя на Вкраїні милій.','["pisni.org.ua", "cat:nostalgia", "Пісні з ностальгічними мотивами"]',1,'published',COALESCE((SELECT created_at FROM songs WHERE id='pisniua_4103032'), datetime('now')),datetime('now'));
INSERT OR REPLACE INTO songs_fts(song_id,title,lyrics) VALUES ('pisniua_4103032','Пісня про вчительку','Сонечко встає, і в росі трава
Біля школи в нас зацвітають віти,
Вчителько моя, зоре світова
Де тебе питать, де тебе зустріти?

На столі лежать зошитки малі
І роботи час проганяє втому,
І летять - летять в небі журавлі,
І дзвенить дзвінок хлопчику малому

Скільки ж підросло й полетіло нас?
В молодій весні - в колосистім полі,
А у тебе знов, та ж доріжка в клас,
Той же явір наш під вікном у школі

Двох синів твоїх, узяли фронти,
Бо на рідний край впала чорна злива,
В партизанську ніч посивіла ти,
Як в тяжкий мороз не пожата нива

Знов щебече юнь і цвіте трава
Пізнаю тебе в постаті несхитній ,
Вчителько моя - зоре світова,
Раднице моя на Вкраїні милій.');
INSERT OR REPLACE INTO song_links (id,song_id,title,url,kind,version_id,sort_order) VALUES ('pisniua_4103032_l1','pisniua_4103032','YouTube','https://www.youtube.com/watch?v=cfhLX6yFYy4','video',NULL,1);
INSERT OR REPLACE INTO song_links (id,song_id,title,url,kind,version_id,sort_order) VALUES ('pisniua_4103032_l2','pisniua_4103032','Переглянути варіанти >>','https://www.pisni.org.ua/#variants','external',NULL,2);
INSERT OR REPLACE INTO songs (id,title,subtitle,lang,country,period,year,source,notes,lyrics,tags_json,lang_locked,status,created_at,updated_at) VALUES ('pisniua_410338','Файдулі, фай','Українська народна пісня. Виконує: Віктор Морозов','uk','ukraine_before_1917',NULL,NULL,'http://mo-productions.com; Аудіо-CD- Віктор Морозов. Тільку ві Львові. 2002','Давня львівська батярська пісня. Виконують: Віктор Морозов і батяр-бенд "Галичина" * Текст, який у дужках, не співається. Це - переклади окремих слів на сучасну українську мову. ** Два останні рядки кожного куплету - двічі. Підбір акордів: bohdanko:)','Вступ:  D A A7 D  (2)
D
На вулиці Коперніка,
файдулі, файдулі, фай,
Сидить баба без буціка (черевика), *
файдулі, файдулі, фай.
Сидить баба без буціка, **
файдулі, файдулі, фай.
Я питаю, де той буцік,
файдулі, файдулі, фай,
Вона каже, же він уцік,
файдулі, файдулі, фай.
На вулиці Колонтая,
файдулі, файдулі, фай,
Лупить баба поліцая,
файдулі, файдулі, фай.
Раз го в глове, раз го в яя,
файдулі, файдулі, фай,
Так сі лупить поліцая,
файдулі, файдулі, фай.
На цвинтарі галас, крики,
файдулі, файдулі, фай,
Там ся бавлять небожчики,
файдулі, файдулі, фай.
Там мій дзядзьо грає в кості,
файдулі, файдулі, фай,
І чекає всіх нас в гості,
файдулі, файдулі, фай.
Кожна гебра (компанія) є мурова (класна),
файдулі, файдулі, фай,
Лиш найліпша з Личакова,
файдулі, файдулі, фай.
А хто Львова не шанує,
файдулі, файдулі, фай,
Най нас в дупу поцілює,
файдулі, файдулі, фай!','["pisni.org.ua", "cat:halycki", "cat:lviv", "cat:zhartivlyvi", "Пісні з Галичини", "Пісні про Львів", "Жартівливі пісні"]',1,'published',COALESCE((SELECT created_at FROM songs WHERE id='pisniua_410338'), datetime('now')),datetime('now'));
INSERT OR REPLACE INTO songs_fts(song_id,title,lyrics) VALUES ('pisniua_410338','Файдулі, фай','Вступ:  D A A7 D  (2)
D
На вулиці Коперніка,
файдулі, файдулі, фай,
Сидить баба без буціка (черевика), *
файдулі, файдулі, фай.
Сидить баба без буціка, **
файдулі, файдулі, фай.
Я питаю, де той буцік,
файдулі, файдулі, фай,
Вона каже, же він уцік,
файдулі, файдулі, фай.
На вулиці Колонтая,
файдулі, файдулі, фай,
Лупить баба поліцая,
файдулі, файдулі, фай.
Раз го в глове, раз го в яя,
файдулі, файдулі, фай,
Так сі лупить поліцая,
файдулі, файдулі, фай.
На цвинтарі галас, крики,
файдулі, файдулі, фай,
Там ся бавлять небожчики,
файдулі, файдулі, фай.
Там мій дзядзьо грає в кості,
файдулі, файдулі, фай,
І чекає всіх нас в гості,
файдулі, файдулі, фай.
Кожна гебра (компанія) є мурова (класна),
файдулі, файдулі, фай,
Лиш найліпша з Личакова,
файдулі, файдулі, фай.
А хто Львова не шанує,
файдулі, файдулі, фай,
Най нас в дупу поцілює,
файдулі, файдулі, фай!');
INSERT OR REPLACE INTO songs (id,title,subtitle,lang,country,period,year,source,notes,lyrics,tags_json,lang_locked,status,created_at,updated_at) VALUES ('pisniua_4103185','Вірую','Музика: Микола Леонтович Слова: народні. Виконує: Хор імені Григорія Верьовки','uk','ukraine_before_1917',NULL,NULL,'аудіозапис',NULL,'Вірую!
Вірую во єдиного Бога Отця,
Вседержителя,
Творця неба і землі,
І всього видимого, і невидимого.

Вірую!
І во єдиного Господа Ісуса Христа,
Сина Божого,
Єдинородного, від Отця родженого
Перше всіх віків.

Вірую!
Світло від Світла, Бога істинного
Від Бога істинного;
Родженного, несотворенного,
Одноістотного з Отцем,
Через которого все сталося.

Вірую!
Що для нас людей
І для нашого спасіння
З неба зійшов.

Вірую!
І тіло прийняв від Духа Святого,
І Діви Марії,
І став чоловіком.

Вірую!
Розп´ятий був за нас
При Понтійському Пілаті,
Страждав і був похований;
І воскрес на третій день,
Як було у писанії.

Вірую!
І вознісся на небо,
І сидить праворуч Отця.

Вірую!
І знову прийде у славі
Судити живих і мертвих,
Царству ж Його не буде кінця.

Вірую!
І в Духа Святого, Господа животворного,
Що від Отця походить,
Що Йому з Отцем і Сином
Однаковий поклін і однакова слава,
Що говорив через пророків.

Вірую!
Во єдину, Святу, Соборную
І Апостольськую Церкву.
Визнаю одне хрещення
На відпущення гріхів,
На відпущення гріхів!

Чекаю воскресіння мертвих
І життя будучого віку!
Амінь.','["pisni.org.ua", "cat:cerkovni", "Церковні пісні"]',1,'published',COALESCE((SELECT created_at FROM songs WHERE id='pisniua_4103185'), datetime('now')),datetime('now'));
INSERT OR REPLACE INTO songs_fts(song_id,title,lyrics) VALUES ('pisniua_4103185','Вірую','Вірую!
Вірую во єдиного Бога Отця,
Вседержителя,
Творця неба і землі,
І всього видимого, і невидимого.

Вірую!
І во єдиного Господа Ісуса Христа,
Сина Божого,
Єдинородного, від Отця родженого
Перше всіх віків.

Вірую!
Світло від Світла, Бога істинного
Від Бога істинного;
Родженного, несотворенного,
Одноістотного з Отцем,
Через которого все сталося.

Вірую!
Що для нас людей
І для нашого спасіння
З неба зійшов.

Вірую!
І тіло прийняв від Духа Святого,
І Діви Марії,
І став чоловіком.

Вірую!
Розп´ятий був за нас
При Понтійському Пілаті,
Страждав і був похований;
І воскрес на третій день,
Як було у писанії.

Вірую!
І вознісся на небо,
І сидить праворуч Отця.

Вірую!
І знову прийде у славі
Судити живих і мертвих,
Царству ж Його не буде кінця.

Вірую!
І в Духа Святого, Господа животворного,
Що від Отця походить,
Що Йому з Отцем і Сином
Однаковий поклін і однакова слава,
Що говорив через пророків.

Вірую!
Во єдину, Святу, Соборную
І Апостольськую Церкву.
Визнаю одне хрещення
На відпущення гріхів,
На відпущення гріхів!

Чекаю воскресіння мертвих
І життя будучого віку!
Амінь.');
INSERT OR REPLACE INTO songs (id,title,subtitle,lang,country,period,year,source,notes,lyrics,tags_json,lang_locked,status,created_at,updated_at) VALUES ('pisniua_4103930','Ой, мамочко моя','Українська народна пісня. Виконує: Берви','uk','ukraine_before_1917',NULL,NULL,'аудіозапис',NULL,'Ой, мамочко моя,
Ой, мамочко моя,
Да тепер я не твоя,
Да тепер того пана,
Що на шлюбі стояла.

Що на шлюбі стояла,
Що на шлюбі стояла
Да перстні міняла
З лівої на правую,
Щоби била щаслива.','["pisni.org.ua", "cat:poliski", "cat:vesilni", "Пісні з Полісся", "Весільні пісні"]',1,'published',COALESCE((SELECT created_at FROM songs WHERE id='pisniua_4103930'), datetime('now')),datetime('now'));
INSERT OR REPLACE INTO songs_fts(song_id,title,lyrics) VALUES ('pisniua_4103930','Ой, мамочко моя','Ой, мамочко моя,
Ой, мамочко моя,
Да тепер я не твоя,
Да тепер того пана,
Що на шлюбі стояла.

Що на шлюбі стояла,
Що на шлюбі стояла
Да перстні міняла
З лівої на правую,
Щоби била щаслива.');
INSERT OR REPLACE INTO songs (id,title,subtitle,lang,country,period,year,source,notes,lyrics,tags_json,lang_locked,status,created_at,updated_at) VALUES ('pisniua_4104434','Гей дай, Боже!','Українська народна пісня','uk','ukraine_before_1917',NULL,NULL,'аудіозапис',NULL,'Золоту корону...
Гей дай, Боже, гей дай, Боже!

Гей-гей-гей, сонце...
Ой, дай, Боже, лад дай, Боже! (2)

Усі до хати, будете свати,
На дворі мороз, мерзнути не мож,
А в хаті - тепло, щастя та й добро.
Вивели дівчину, ходить, як панна.

Вивела-вела та й усіх звала,
Винесла шабельку, припасувала,
Винесла ключі та й в правій руці,
Винесла хусточку, як невісточку.

Золоту корону...
Гей дай, Боже, гей дай, Боже!

Гей-гей-гей, сонце...
Ой, дай, Боже, лад дай, Боже! (2)','["pisni.org.ua", "cat:shchedrivky", "Щедрівки"]',1,'published',COALESCE((SELECT created_at FROM songs WHERE id='pisniua_4104434'), datetime('now')),datetime('now'));
INSERT OR REPLACE INTO songs_fts(song_id,title,lyrics) VALUES ('pisniua_4104434','Гей дай, Боже!','Золоту корону...
Гей дай, Боже, гей дай, Боже!

Гей-гей-гей, сонце...
Ой, дай, Боже, лад дай, Боже! (2)

Усі до хати, будете свати,
На дворі мороз, мерзнути не мож,
А в хаті - тепло, щастя та й добро.
Вивели дівчину, ходить, як панна.

Вивела-вела та й усіх звала,
Винесла шабельку, припасувала,
Винесла ключі та й в правій руці,
Винесла хусточку, як невісточку.

Золоту корону...
Гей дай, Боже, гей дай, Боже!

Гей-гей-гей, сонце...
Ой, дай, Боже, лад дай, Боже! (2)');
INSERT OR REPLACE INTO songs (id,title,subtitle,lang,country,period,year,source,notes,lyrics,tags_json,lang_locked,status,created_at,updated_at) VALUES ('pisniua_4103634','Відчиняйте двері','Українська народна пісня. Виконує: Вогневир','uk','ukraine_before_1917',NULL,NULL,'аудіозапис',NULL,'Відчиняйте двері,
Пускайте до хати,
Ми вам будем українську     |
Коляду співати!             | (2)

Українська пісня
Та наша порвана:
Біла свитка, чорна шапка,   |
Синьо жовта фана.           | (2)

А Ісус маленький
Ручки простягає,
Всім нам, браття, в Україні |
Христос ся Рождає!          | (2)','["pisni.org.ua", "cat:kolyadky", "Колядки"]',1,'published',COALESCE((SELECT created_at FROM songs WHERE id='pisniua_4103634'), datetime('now')),datetime('now'));
INSERT OR REPLACE INTO songs_fts(song_id,title,lyrics) VALUES ('pisniua_4103634','Відчиняйте двері','Відчиняйте двері,
Пускайте до хати,
Ми вам будем українську     |
Коляду співати!             | (2)

Українська пісня
Та наша порвана:
Біла свитка, чорна шапка,   |
Синьо жовта фана.           | (2)

А Ісус маленький
Ручки простягає,
Всім нам, браття, в Україні |
Христос ся Рождає!          | (2)');
INSERT OR REPLACE INTO songs (id,title,subtitle,lang,country,period,year,source,notes,lyrics,tags_json,lang_locked,status,created_at,updated_at) VALUES ('pisniua_4104034','А ті ваші парубочки','Українська народна пісня. Виконує: Софія Практика','uk','ukraine_before_1917',NULL,NULL,'1. Практика Софія Михайлівна; село Деревні, Жовківський район, Львівська область.','Транскрипція тексту: Катерина Практика Транскрипція нотна: Андрій Вовчак Весілля у селі Деревні Жовківського району Львівської області Це переспівки, жартівливі пісні, що виконуються під час рогатки (викупу молодої молодим)','А ті ваші парубочки не мают відваги,
Бо вони сі так торгуют за півлітри браги','["pisni.org.ua", "cat:halycki", "cat:vesilni", "Пісні з Галичини", "Весільні пісні"]',1,'published',COALESCE((SELECT created_at FROM songs WHERE id='pisniua_4104034'), datetime('now')),datetime('now'));
INSERT OR REPLACE INTO songs_fts(song_id,title,lyrics) VALUES ('pisniua_4104034','А ті ваші парубочки','А ті ваші парубочки не мают відваги,
Бо вони сі так торгуют за півлітри браги');
INSERT OR REPLACE INTO songs (id,title,subtitle,lang,country,period,year,source,notes,lyrics,tags_json,lang_locked,status,created_at,updated_at) VALUES ('pisniua_4104131','Ой ніхто так не літає, як орел сивенький','Українська народна пісня. Виконує: Софія Практика','uk','ukraine_before_1917',NULL,NULL,'Практика Софія Михайлівна; село Деревні, Жовківський район, Львівська область.','Транскрипція тексту: Катерина Практика Весілля у селі Деревні Жовківського району Львівської області','Ой ніхто так не літає, як орел сивенький,
Ой ніхто так не витає, як братік рідненький.

Пий же, брате, жий же, брате, многая літ,
Розвивайся, розцвітайся, як рожевий цвіт','["pisni.org.ua", "cat:halycki", "Пісні з Галичини"]',1,'published',COALESCE((SELECT created_at FROM songs WHERE id='pisniua_4104131'), datetime('now')),datetime('now'));
INSERT OR REPLACE INTO songs_fts(song_id,title,lyrics) VALUES ('pisniua_4104131','Ой ніхто так не літає, як орел сивенький','Ой ніхто так не літає, як орел сивенький,
Ой ніхто так не витає, як братік рідненький.

Пий же, брате, жий же, брате, многая літ,
Розвивайся, розцвітайся, як рожевий цвіт');
INSERT OR REPLACE INTO songs (id,title,subtitle,lang,country,period,year,source,notes,lyrics,tags_json,lang_locked,status,created_at,updated_at) VALUES ('pisniua_410436','Шальвія-лелія','Українська народна пісня. Виконує: Дует "Червоне та чорне"','uk','ukraine_before_1917',NULL,NULL,NULL,'Дует "ЧЕРВОНЕ ТА ЧОРНЕ", аудіоальбом "ЛЕМКІВСЬКЕ ВЕСІЛЛЯ-1" www.lemky.iatp.org.ua','Летіли лебеді, летіли лебеді,
Через став.
Просили водиці, просили водиці,
Я не дав.
І крильцями били, і крильцями били
По леду,
Солодша дівчина, солодша дівчина
Від меду.

Приспів:
Шальвія - лелія, дрібна розмария,шальвія.
Шальвія - лелія, дрібна розмария,кохам тя.

На високій горі, на високій горі
Шальвія,
Тоту дівчиноньку, тоту дівчиноньку
Взяв би я.
Упало мі дівча, упало мі дівча
До дяки,
Не любив го іще, не любив го іще
Ніякий.

Приспів','["pisni.org.ua", "cat:lemkivski", "Лемківські пісні"]',1,'published',COALESCE((SELECT created_at FROM songs WHERE id='pisniua_410436'), datetime('now')),datetime('now'));
INSERT OR REPLACE INTO songs_fts(song_id,title,lyrics) VALUES ('pisniua_410436','Шальвія-лелія','Летіли лебеді, летіли лебеді,
Через став.
Просили водиці, просили водиці,
Я не дав.
І крильцями били, і крильцями били
По леду,
Солодша дівчина, солодша дівчина
Від меду.

Приспів:
Шальвія - лелія, дрібна розмария,шальвія.
Шальвія - лелія, дрібна розмария,кохам тя.

На високій горі, на високій горі
Шальвія,
Тоту дівчиноньку, тоту дівчиноньку
Взяв би я.
Упало мі дівча, упало мі дівча
До дяки,
Не любив го іще, не любив го іще
Ніякий.

Приспів');
INSERT OR REPLACE INTO songs (id,title,subtitle,lang,country,period,year,source,notes,lyrics,tags_json,lang_locked,status,created_at,updated_at) VALUES ('pisniua_4104389','Прийшли щедрувати','Українська народна пісня','uk','ukraine_before_1917',NULL,NULL,'аудіозапис',NULL,'Прийшли щедрувати
До вашої хати.
Щедрий вечір,
Добрий вечір.

Тут живе господар -
Багатства володар.
Щедрий вечір,
Добрий вечір.

А його багатство -
Золотії руки.
Щедрий вечір,
Добрий вечір.

А його потіха -
Хорошії діти.
Щедрий вечір,
Добрий вечір.','["pisni.org.ua", "cat:narodni", "cat:shchedrivky", "Народні пісні", "Щедрівки"]',1,'published',COALESCE((SELECT created_at FROM songs WHERE id='pisniua_4104389'), datetime('now')),datetime('now'));
INSERT OR REPLACE INTO songs_fts(song_id,title,lyrics) VALUES ('pisniua_4104389','Прийшли щедрувати','Прийшли щедрувати
До вашої хати.
Щедрий вечір,
Добрий вечір.

Тут живе господар -
Багатства володар.
Щедрий вечір,
Добрий вечір.

А його багатство -
Золотії руки.
Щедрий вечір,
Добрий вечір.

А його потіха -
Хорошії діти.
Щедрий вечір,
Добрий вечір.');
INSERT OR REPLACE INTO songs (id,title,subtitle,lang,country,period,year,source,notes,lyrics,tags_json,lang_locked,status,created_at,updated_at) VALUES ('pisniua_4105333','Осінь за океаном','Музика: Леся Малько Слова: Неоніла Стефурак. Виконує: Богдан Сташків','uk','ukraine_1991',NULL,NULL,NULL,NULL,'Сяють вогні, манять в далеку путь,
Ночі і дні на чужині промайнуть,
Тільки у снах бачу себе малим -
В царстві джерел та ялин.

Приспів:
Стрінемось друже єдиний, не затамуєм сльози,
Маємо скроні в сивинах і в рушниках образи,
Маємо стежку до хати поміж джерел та ожин,
Що нам з тобою шукати за океаном чужим?

Вільний як птах, тільки себе виню,
Маки в житах бачу на авеню.
Неба блакить — золото стиглих нив -
Як я цим снам завинив.

Приспів.

Скільки звикав, край той не став святим,
Мука гірка - жити на два світи.
Доле моя, ти не кленовий лист -
До чужини не тулись.

Приспів.','["pisni.org.ua", "cat:emigration", "Пісні про еміґрацію"]',1,'published',COALESCE((SELECT created_at FROM songs WHERE id='pisniua_4105333'), datetime('now')),datetime('now'));
INSERT OR REPLACE INTO songs_fts(song_id,title,lyrics) VALUES ('pisniua_4105333','Осінь за океаном','Сяють вогні, манять в далеку путь,
Ночі і дні на чужині промайнуть,
Тільки у снах бачу себе малим -
В царстві джерел та ялин.

Приспів:
Стрінемось друже єдиний, не затамуєм сльози,
Маємо скроні в сивинах і в рушниках образи,
Маємо стежку до хати поміж джерел та ожин,
Що нам з тобою шукати за океаном чужим?

Вільний як птах, тільки себе виню,
Маки в житах бачу на авеню.
Неба блакить — золото стиглих нив -
Як я цим снам завинив.

Приспів.

Скільки звикав, край той не став святим,
Мука гірка - жити на два світи.
Доле моя, ти не кленовий лист -
До чужини не тулись.

Приспів.');
INSERT OR REPLACE INTO songs (id,title,subtitle,lang,country,period,year,source,notes,lyrics,tags_json,lang_locked,status,created_at,updated_at) VALUES ('pisniua_4105134','Святий вечір','Музика: Олексій Чухрай Слова: Анатолій Лихошвай, Володимир Назаренко. Виконує: Раїса Кириченко','uk','ukraine_before_1917',NULL,NULL,'аудіозапис',NULL,'Прокинусь ранком січня лебединого
У радіснім чеканні дива дивного,
Немов водиці пригублю свяченої,
Святковому віддамся почуттю.

Приспів:
Сьогодні я до батька до хрещеного,
Сьогодні я до матері хрещеної
Вечерю понесу.
До батька до хрещеного,           |
До матері хрещеної вечерю понесу. | (2)

Сніжинки білим пухом тихо падають,
Стежину устеляють попід хатою,
По небесах високо натхненно
У синій вечір птахом полечу.

Приспів.

Вкриває вечір вікна візерунками
І осипає зорями й дарунками,
Струною озивається пісенною,
В душі бринить на радість і на сум.

Приспів.

До батька до хрещеного,
До матері хрещеної вечерю понесу,
Вечерю понесу!','["pisni.org.ua", "cat:kolyadky", "cat:pro-batkiv", "cat:shchedrivky", "cat:suchasni-pisni-rizdvo", "Колядки", "Пісні про любов до батьків", "Щедрівки", "Сучасні пісні про Різдвяні свята"]',1,'published',COALESCE((SELECT created_at FROM songs WHERE id='pisniua_4105134'), datetime('now')),datetime('now'));
INSERT OR REPLACE INTO songs_fts(song_id,title,lyrics) VALUES ('pisniua_4105134','Святий вечір','Прокинусь ранком січня лебединого
У радіснім чеканні дива дивного,
Немов водиці пригублю свяченої,
Святковому віддамся почуттю.

Приспів:
Сьогодні я до батька до хрещеного,
Сьогодні я до матері хрещеної
Вечерю понесу.
До батька до хрещеного,           |
До матері хрещеної вечерю понесу. | (2)

Сніжинки білим пухом тихо падають,
Стежину устеляють попід хатою,
По небесах високо натхненно
У синій вечір птахом полечу.

Приспів.

Вкриває вечір вікна візерунками
І осипає зорями й дарунками,
Струною озивається пісенною,
В душі бринить на радість і на сум.

Приспів.

До батька до хрещеного,
До матері хрещеної вечерю понесу,
Вечерю понесу!');
INSERT OR REPLACE INTO songs (id,title,subtitle,lang,country,period,year,source,notes,lyrics,tags_json,lang_locked,status,created_at,updated_at) VALUES ('pisniua_410634','Дивная новина днесь ся являє','Виконує: Ван Гог','uk','ukraine_1991',NULL,NULL,'Отці Василіани',NULL,'Дивная новина десь ся являє,
Во яслах сповила маленьке Дитя,
Радується небо, радується земля.
Пречиста Діва Сина рождає.

Небеса голосять Ангельські слова,
Пастирі звіщають Рождество Христа:
В місті Вифлеємі зійшов із небес
Цар неба і землі, спасти нарід весь.

Три царі вітають маленьке Дитя,
Бо в нім уже чують полекшу життя,
Вже туга й смуток - усе ся скінчило,
Настало сонце, що весь світ опромінило.

І Йосиф старенький  в радості ся чує,
Взяв Дитя на руки, поважно цілує,
В Нім Бога і Творця, Спасителя видить,
В любові, покорі, як може, так служить.

Марія Пречиста Його сповиває,
Миленько, тихенько щось Му промовляє:
"Спи, Сину маленький, для нас дорогенький,
Для світа цілого, для своєї Неньки"

Всі сили небесні на то ся дивили,
В нім Бога свого гарно прославляли,
Хай світ ся пишає, кого він має,
З неволі, з недолі всіх нас увільняє.

І ми днесь весело і радо поспішім,
Малому Дитятку честь-поклін зложім,
І щиро з любов''ю привітаймо враз,
Бо Він наше щастя, Господь наш і Спас.','["pisni.org.ua", "cat:cerkovni", "Церковні пісні"]',1,'published',COALESCE((SELECT created_at FROM songs WHERE id='pisniua_410634'), datetime('now')),datetime('now'));
INSERT OR REPLACE INTO songs_fts(song_id,title,lyrics) VALUES ('pisniua_410634','Дивная новина днесь ся являє','Дивная новина десь ся являє,
Во яслах сповила маленьке Дитя,
Радується небо, радується земля.
Пречиста Діва Сина рождає.

Небеса голосять Ангельські слова,
Пастирі звіщають Рождество Христа:
В місті Вифлеємі зійшов із небес
Цар неба і землі, спасти нарід весь.

Три царі вітають маленьке Дитя,
Бо в нім уже чують полекшу життя,
Вже туга й смуток - усе ся скінчило,
Настало сонце, що весь світ опромінило.

І Йосиф старенький  в радості ся чує,
Взяв Дитя на руки, поважно цілує,
В Нім Бога і Творця, Спасителя видить,
В любові, покорі, як може, так служить.

Марія Пречиста Його сповиває,
Миленько, тихенько щось Му промовляє:
"Спи, Сину маленький, для нас дорогенький,
Для світа цілого, для своєї Неньки"

Всі сили небесні на то ся дивили,
В нім Бога свого гарно прославляли,
Хай світ ся пишає, кого він має,
З неволі, з недолі всіх нас увільняє.

І ми днесь весело і радо поспішім,
Малому Дитятку честь-поклін зложім,
І щиро з любов''ю привітаймо враз,
Бо Він наше щастя, Господь наш і Спас.');
